number,total_hits,remaining_to_max,dates,avg_gap_days,weekday_counts,month_counts
2820,7,0,22/03/2021|25/04/2022|27/07/2022|21/01/2024|03/12/2024|19/04/2025|23/04/2025,248.83333333333334,"{'Monday': 2, 'Wednesday': 2, 'Sunday': 1, 'Tuesday': 1, 'Saturday': 1}","{'April': 3, 'March': 1, 'July': 1, 'January': 1, 'December': 1}"
1094,7,0,27/07/2021|27/04/2022|27/09/2022|12/06/2024|02/11/2024|28/06/2025|05/07/2025,239.83333333333334,"{'Saturday': 3, 'Tuesday': 2, 'Wednesday': 2}","{'July': 2, 'June': 2, 'April': 1, 'September': 1, 'November': 1}"
4224,6,1,17/03/2021|21/04/2021|24/01/2022|25/07/2023|18/12/2023|12/10/2024,261.0,"{'Wednesday': 2, 'Monday': 2, 'Tuesday': 1, 'Saturday': 1}","{'March': 1, 'April': 1, 'January': 1, 'July': 1, 'December': 1, 'October': 1}"
1212,6,1,25/08/2021|02/05/2022|07/06/2022|01/04/2023|25/08/2024|26/10/2024,231.6,"{'Saturday': 2, 'Wednesday': 1, 'Monday': 1, 'Tuesday': 1, 'Sunday': 1}","{'August': 2, 'May': 1, 'June': 1, 'April': 1, 'October': 1}"
3400,6,1,06/03/2021|23/01/2023|13/08/2023|01/01/2025|30/07/2025|14/08/2025,324.4,"{'Wednesday': 2, 'Saturday': 1, 'Monday': 1, 'Sunday': 1, 'Thursday': 1}","{'January': 2, 'August': 2, 'March': 1, 'July': 1}"
7500,6,1,01/10/2023|25/10/2023|17/03/2024|16/10/2024|28/01/2025|24/03/2025,108.0,"{'Sunday': 2, 'Wednesday': 2, 'Tuesday': 1, 'Monday': 1}","{'October': 3, 'March': 2, 'January': 1}"
8541,6,1,04/01/2022|17/12/2022|27/02/2023|10/04/2023|10/12/2023|22/07/2025,259.0,"{'Tuesday': 2, 'Monday': 2, 'Saturday': 1, 'Sunday': 1}","{'December': 2, 'January': 1, 'February': 1, 'April': 1, 'July': 1}"
2362,6,1,16/05/2022|06/02/2023|03/10/2023|04/03/2024|13/04/2025|31/08/2025,240.6,"{'Monday': 3, 'Sunday': 2, 'Tuesday': 1}","{'May': 1, 'February': 1, 'October': 1, 'March': 1, 'April': 1, 'August': 1}"
5017,5,2,03/04/2021|07/12/2021|05/04/2022|03/02/2024|18/01/2025,346.5,"{'Saturday': 3, 'Tuesday': 2}","{'April': 2, 'December': 1, 'February': 1, 'January': 1}"
2395,5,2,30/08/2021|09/07/2022|30/07/2022|06/01/2024|14/08/2024,270.0,"{'Saturday': 3, 'Monday': 1, 'Wednesday': 1}","{'August': 2, 'July': 2, 'January': 1}"
9867,5,2,13/10/2021|22/08/2023|12/06/2024|26/06/2024|13/06/2025,334.75,"{'Wednesday': 3, 'Tuesday': 1, 'Friday': 1}","{'June': 3, 'October': 1, 'August': 1}"
0013,5,2,16/02/2021|07/05/2022|17/09/2023|04/09/2024|27/11/2024,345.0,"{'Wednesday': 2, 'Tuesday': 1, 'Saturday': 1, 'Sunday': 1}","{'September': 2, 'February': 1, 'May': 1, 'November': 1}"
7637,5,2,08/11/2021|15/03/2023|26/09/2023|28/11/2023|18/12/2024,284.0,"{'Wednesday': 2, 'Tuesday': 2, 'Monday': 1}","{'November': 2, 'March': 1, 'September': 1, 'December': 1}"
0772,5,2,18/01/2022|21/08/2022|10/04/2023|09/07/2023|07/04/2025,293.75,"{'Sunday': 2, 'Monday': 2, 'Tuesday': 1}","{'April': 2, 'January': 1, 'August': 1, 'July': 1}"
8783,5,2,08/02/2021|27/12/2021|21/10/2023|13/01/2025|05/04/2025,379.25,"{'Monday': 3, 'Saturday': 2}","{'February': 1, 'December': 1, 'October': 1, 'January': 1, 'April': 1}"
8069,5,2,20/12/2021|22/08/2022|13/03/2023|11/11/2023|27/06/2025,321.25,"{'Monday': 3, 'Saturday': 1, 'Friday': 1}","{'December': 1, 'August': 1, 'March': 1, 'November': 1, 'June': 1}"
3222,5,2,08/09/2020|10/05/2021|14/05/2022|01/08/2022|01/10/2024,371.0,"{'Tuesday': 2, 'Monday': 2, 'Saturday': 1}","{'May': 2, 'September': 1, 'August': 1, 'October': 1}"
4673,5,2,09/10/2023|03/07/2024|09/11/2024|29/01/2025|26/02/2025,126.5,"{'Wednesday': 3, 'Monday': 1, 'Saturday': 1}","{'October': 1, 'July': 1, 'November': 1, 'January': 1, 'February': 1}"
7127,5,2,15/03/2021|14/05/2022|24/12/2022|08/06/2024|15/10/2024,327.5,"{'Saturday': 3, 'Monday': 1, 'Tuesday': 1}","{'March': 1, 'May': 1, 'December': 1, 'June': 1, 'October': 1}"
5004,5,2,31/03/2021|05/05/2021|04/02/2023|03/06/2024|09/03/2025,359.75,"{'Wednesday': 2, 'Saturday': 1, 'Monday': 1, 'Sunday': 1}","{'March': 2, 'May': 1, 'February': 1, 'June': 1}"
4424,5,2,06/11/2021|20/11/2021|27/06/2022|11/10/2022|15/02/2023,116.5,"{'Saturday': 2, 'Monday': 1, 'Tuesday': 1, 'Wednesday': 1}","{'November': 2, 'June': 1, 'October': 1, 'February': 1}"
0811,5,2,09/10/2021|18/01/2022|03/10/2022|05/10/2022|04/09/2024,265.25,"{'Wednesday': 2, 'Saturday': 1, 'Tuesday': 1, 'Monday': 1}","{'October': 3, 'January': 1, 'September': 1}"
0006,5,2,08/09/2021|03/07/2024|10/07/2024|04/11/2024|11/08/2025,358.25,"{'Wednesday': 3, 'Monday': 2}","{'July': 2, 'September': 1, 'November': 1, 'August': 1}"
0712,5,2,01/08/2020|07/03/2023|14/08/2023|10/12/2023|14/09/2024,376.25,"{'Saturday': 2, 'Tuesday': 1, 'Monday': 1, 'Sunday': 1}","{'August': 2, 'March': 1, 'December': 1, 'September': 1}"
1945,5,2,21/10/2020|02/12/2020|19/06/2022|27/02/2023|25/08/2025,442.25,"{'Wednesday': 2, 'Monday': 2, 'Sunday': 1}","{'October': 1, 'December': 1, 'June': 1, 'February': 1, 'August': 1}"
0856,5,2,21/12/2020|05/05/2021|11/11/2024|13/04/2025|01/09/2025,428.75,"{'Monday': 3, 'Wednesday': 1, 'Sunday': 1}","{'December': 1, 'May': 1, 'November': 1, 'April': 1, 'September': 1}"
5099,5,2,15/12/2020|09/07/2022|05/05/2024|17/09/2024|11/02/2025,379.75,"{'Tuesday': 3, 'Saturday': 1, 'Sunday': 1}","{'December': 1, 'July': 1, 'May': 1, 'September': 1, 'February': 1}"
9722,5,2,12/09/2022|09/10/2022|13/04/2024|17/08/2024|15/10/2024,191.0,"{'Saturday': 2, 'Monday': 1, 'Sunday': 1, 'Tuesday': 1}","{'October': 2, 'September': 1, 'April': 1, 'August': 1}"
9090,5,2,05/12/2020|12/02/2022|05/03/2022|02/09/2023|06/03/2024,296.75,"{'Saturday': 4, 'Wednesday': 1}","{'March': 2, 'December': 1, 'February': 1, 'September': 1}"
3980,5,2,05/12/2020|26/07/2022|28/12/2022|06/12/2023|18/06/2024,322.75,"{'Tuesday': 2, 'Wednesday': 2, 'Saturday': 1}","{'December': 3, 'July': 1, 'June': 1}"
6949,5,2,30/11/2020|10/05/2021|11/02/2023|09/05/2023|11/03/2025,390.5,"{'Monday': 2, 'Tuesday': 2, 'Saturday': 1}","{'May': 2, 'November': 1, 'February': 1, 'March': 1}"
1520,5,2,23/11/2020|26/10/2021|06/09/2023|04/03/2024|30/04/2025,404.75,"{'Monday': 2, 'Wednesday': 2, 'Tuesday': 1}","{'November': 1, 'October': 1, 'September': 1, 'March': 1, 'April': 1}"
8965,5,2,21/12/2022|15/07/2023|05/12/2023|17/08/2024|01/09/2024,155.0,"{'Saturday': 2, 'Wednesday': 1, 'Tuesday': 1, 'Sunday': 1}","{'December': 2, 'July': 1, 'August': 1, 'September': 1}"
1526,5,2,17/01/2023|12/06/2023|21/07/2024|10/08/2024|10/02/2025,188.75,"{'Monday': 2, 'Tuesday': 1, 'Sunday': 1, 'Saturday': 1}","{'January': 1, 'June': 1, 'July': 1, 'August': 1, 'February': 1}"
6216,5,2,28/09/2020|21/12/2020|20/01/2021|02/05/2022|09/11/2024,375.75,"{'Monday': 3, 'Wednesday': 1, 'Saturday': 1}","{'September': 1, 'December': 1, 'January': 1, 'May': 1, 'November': 1}"
5942,5,2,05/06/2022|13/05/2024|18/05/2024|19/06/2024|07/07/2024,190.75,"{'Sunday': 2, 'Monday': 1, 'Saturday': 1, 'Wednesday': 1}","{'June': 2, 'May': 2, 'July': 1}"
0264,5,2,04/01/2021|20/11/2021|20/06/2022|20/09/2022|11/09/2024,336.5,"{'Monday': 2, 'Saturday': 1, 'Tuesday': 1, 'Wednesday': 1}","{'September': 2, 'January': 1, 'November': 1, 'June': 1}"
5940,5,2,15/05/2023|06/12/2023|08/06/2024|18/11/2024|15/06/2025,190.5,"{'Monday': 2, 'Wednesday': 1, 'Saturday': 1, 'Sunday': 1}","{'June': 2, 'May': 1, 'December': 1, 'November': 1}"
5973,5,2,05/10/2020|08/11/2021|07/03/2022|28/02/2024|22/07/2024,346.5,"{'Monday': 4, 'Wednesday': 1}","{'October': 1, 'November': 1, 'March': 1, 'February': 1, 'July': 1}"
1418,5,2,26/02/2022|09/05/2022|07/09/2024|19/02/2025|01/03/2025,274.75,"{'Saturday': 3, 'Monday': 1, 'Wednesday': 1}","{'February': 2, 'May': 1, 'September': 1, 'March': 1}"
3869,5,2,05/05/2021|05/02/2023|12/05/2024|12/10/2024|16/12/2024,330.25,"{'Sunday': 2, 'Wednesday': 1, 'Saturday': 1, 'Monday': 1}","{'May': 2, 'February': 1, 'October': 1, 'December': 1}"
8093,5,2,04/01/2023|23/01/2024|28/07/2024|24/08/2024|05/04/2025,205.5,"{'Saturday': 2, 'Wednesday': 1, 'Tuesday': 1, 'Sunday': 1}","{'January': 2, 'July': 1, 'August': 1, 'April': 1}"
3000,5,2,04/01/2023|08/05/2023|20/04/2024|03/09/2024|18/03/2025,201.0,"{'Tuesday': 2, 'Wednesday': 1, 'Monday': 1, 'Saturday': 1}","{'January': 1, 'May': 1, 'April': 1, 'September': 1, 'March': 1}"
4019,5,2,12/04/2021|20/06/2022|19/02/2023|20/01/2024|11/02/2025,350.25,"{'Monday': 2, 'Sunday': 1, 'Saturday': 1, 'Tuesday': 1}","{'February': 2, 'April': 1, 'June': 1, 'January': 1}"
5045,4,3,17/08/2020|09/05/2022|12/07/2022|22/07/2024,478.3333333333333,"{'Monday': 3, 'Tuesday': 1}","{'July': 2, 'August': 1, 'May': 1}"
6529,4,3,08/09/2021|20/06/2023|01/11/2023|28/06/2025,463.0,"{'Wednesday': 2, 'Tuesday': 1, 'Saturday': 1}","{'June': 2, 'September': 1, 'November': 1}"
2696,4,3,17/08/2020|11/09/2023|20/05/2024|28/12/2024,531.3333333333334,"{'Monday': 3, 'Saturday': 1}","{'August': 1, 'September': 1, 'May': 1, 'December': 1}"
9315,4,3,10/03/2021|05/09/2023|13/07/2025|20/08/2025,541.3333333333334,"{'Wednesday': 2, 'Tuesday': 1, 'Sunday': 1}","{'March': 1, 'September': 1, 'July': 1, 'August': 1}"
3544,4,3,04/09/2021|27/07/2022|29/11/2022|02/01/2024,283.3333333333333,"{'Tuesday': 2, 'Saturday': 1, 'Wednesday': 1}","{'September': 1, 'July': 1, 'November': 1, 'January': 1}"
0429,4,3,11/08/2020|23/08/2023|07/09/2024|13/07/2025,599.0,"{'Tuesday': 1, 'Wednesday': 1, 'Saturday': 1, 'Sunday': 1}","{'August': 2, 'September': 1, 'July': 1}"
4462,4,3,05/08/2020|27/12/2021|13/05/2023|12/02/2025,550.6666666666666,"{'Wednesday': 2, 'Monday': 1, 'Saturday': 1}","{'August': 1, 'December': 1, 'May': 1, 'February': 1}"
5731,4,3,04/08/2021|21/12/2021|23/04/2024|21/12/2024,411.6666666666667,"{'Tuesday': 2, 'Wednesday': 1, 'Saturday': 1}","{'December': 2, 'August': 1, 'April': 1}"
7672,4,3,08/09/2021|28/06/2022|15/10/2023|18/11/2024,389.0,"{'Wednesday': 1, 'Tuesday': 1, 'Sunday': 1, 'Monday': 1}","{'September': 1, 'June': 1, 'October': 1, 'November': 1}"
5860,4,3,10/03/2021|06/11/2023|09/02/2025|07/04/2025,496.3333333333333,"{'Monday': 2, 'Wednesday': 1, 'Sunday': 1}","{'March': 1, 'November': 1, 'February': 1, 'April': 1}"
6447,4,3,11/09/2021|03/11/2021|12/12/2022|08/07/2024,343.6666666666667,"{'Monday': 2, 'Saturday': 1, 'Wednesday': 1}","{'September': 1, 'November': 1, 'December': 1, 'July': 1}"
3023,4,3,22/09/2021|01/04/2023|28/01/2024|22/09/2025,487.0,"{'Wednesday': 1, 'Saturday': 1, 'Sunday': 1, 'Monday': 1}","{'September': 2, 'April': 1, 'January': 1}"
5283,4,3,29/09/2021|22/12/2021|11/10/2022|23/11/2024,383.6666666666667,"{'Wednesday': 2, 'Tuesday': 1, 'Saturday': 1}","{'September': 1, 'December': 1, 'October': 1, 'November': 1}"
7863,4,3,27/02/2021|20/06/2022|22/12/2024|22/04/2025,505.0,"{'Saturday': 1, 'Monday': 1, 'Sunday': 1, 'Tuesday': 1}","{'February': 1, 'June': 1, 'December': 1, 'April': 1}"
1654,4,3,19/10/2021|18/06/2022|06/06/2023|12/06/2024,322.3333333333333,"{'Tuesday': 2, 'Saturday': 1, 'Wednesday': 1}","{'June': 3, 'October': 1}"
4935,4,3,20/10/2021|16/04/2022|30/10/2023|31/12/2024,389.3333333333333,"{'Wednesday': 1, 'Saturday': 1, 'Monday': 1, 'Tuesday': 1}","{'October': 2, 'April': 1, 'December': 1}"
3886,4,3,24/02/2021|13/11/2021|02/07/2022|09/05/2023,268.0,"{'Saturday': 2, 'Wednesday': 1, 'Tuesday': 1}","{'February': 1, 'November': 1, 'July': 1, 'May': 1}"
3278,4,3,25/12/2023|06/01/2024|17/02/2024|28/09/2024,92.66666666666667,"{'Saturday': 3, 'Monday': 1}","{'December': 1, 'January': 1, 'February': 1, 'September': 1}"
3396,4,3,25/08/2020|19/03/2022|29/11/2022|11/07/2023,350.0,"{'Tuesday': 3, 'Saturday': 1}","{'August': 1, 'March': 1, 'November': 1, 'July': 1}"
1916,4,3,18/10/2021|07/01/2023|06/05/2023|25/10/2023,245.66666666666666,"{'Saturday': 2, 'Monday': 1, 'Wednesday': 1}","{'October': 2, 'January': 1, 'May': 1}"
6386,4,3,18/10/2023|28/10/2023|16/01/2024|10/06/2024,78.66666666666667,"{'Wednesday': 1, 'Saturday': 1, 'Tuesday': 1, 'Monday': 1}","{'October': 2, 'January': 1, 'June': 1}"
4328,4,3,12/10/2021|25/04/2023|28/02/2024|22/09/2025,480.3333333333333,"{'Tuesday': 2, 'Wednesday': 1, 'Monday': 1}","{'October': 1, 'April': 1, 'February': 1, 'September': 1}"
4096,4,3,11/10/2021|24/10/2022|06/11/2024|25/03/2025,420.3333333333333,"{'Monday': 2, 'Wednesday': 1, 'Tuesday': 1}","{'October': 2, 'November': 1, 'March': 1}"
5353,4,3,01/03/2021|19/10/2022|30/12/2023|06/04/2024,377.3333333333333,"{'Saturday': 2, 'Monday': 1, 'Wednesday': 1}","{'March': 1, 'October': 1, 'December': 1, 'April': 1}"
3494,4,3,01/03/2021|21/12/2021|20/03/2024|07/09/2025,550.3333333333334,"{'Monday': 1, 'Tuesday': 1, 'Wednesday': 1, 'Sunday': 1}","{'March': 2, 'December': 1, 'September': 1}"
2892,4,3,01/03/2021|22/07/2023|25/07/2023|13/02/2024,359.6666666666667,"{'Tuesday': 2, 'Monday': 1, 'Saturday': 1}","{'July': 2, 'March': 1, 'February': 1}"
9131,4,3,09/10/2021|10/07/2024|14/09/2024|20/10/2024,369.0,"{'Saturday': 2, 'Wednesday': 1, 'Sunday': 1}","{'October': 2, 'July': 1, 'September': 1}"
2859,4,3,25/09/2021|07/05/2022|12/02/2023|08/11/2023,258.0,"{'Saturday': 2, 'Sunday': 1, 'Wednesday': 1}","{'September': 1, 'May': 1, 'February': 1, 'November': 1}"
8520,4,3,06/03/2021|27/04/2021|31/01/2024|11/12/2024,458.6666666666667,"{'Wednesday': 2, 'Saturday': 1, 'Tuesday': 1}","{'March': 1, 'April': 1, 'January': 1, 'December': 1}"
1217,4,3,10/11/2021|08/12/2021|28/06/2022|21/10/2024,358.6666666666667,"{'Wednesday': 2, 'Tuesday': 1, 'Monday': 1}","{'November': 1, 'December': 1, 'June': 1, 'October': 1}"
3001,4,3,13/11/2021|29/03/2022|23/08/2022|28/12/2022,136.66666666666666,"{'Tuesday': 2, 'Saturday': 1, 'Wednesday': 1}","{'November': 1, 'March': 1, 'August': 1, 'December': 1}"
7189,4,3,13/11/2021|13/04/2024|11/11/2024|21/12/2024,378.0,"{'Saturday': 3, 'Monday': 1}","{'November': 2, 'April': 1, 'December': 1}"
5894,4,3,19/10/2021|03/10/2023|28/10/2023|17/12/2024,385.0,"{'Tuesday': 3, 'Saturday': 1}","{'October': 3, 'December': 1}"
3519,4,3,27/10/2021|10/10/2022|30/03/2025|24/06/2025,445.3333333333333,"{'Wednesday': 1, 'Monday': 1, 'Sunday': 1, 'Tuesday': 1}","{'October': 2, 'March': 1, 'June': 1}"
2126,4,3,30/10/2021|23/04/2023|24/12/2023|07/04/2024,296.6666666666667,"{'Sunday': 3, 'Saturday': 1}","{'April': 2, 'October': 1, 'December': 1}"
0522,4,3,03/11/2021|25/01/2022|03/07/2023|10/02/2024,276.3333333333333,"{'Wednesday': 1, 'Tuesday': 1, 'Monday': 1, 'Saturday': 1}","{'November': 1, 'January': 1, 'July': 1, 'February': 1}"
9119,4,3,16/10/2021|25/01/2023|05/11/2024|10/12/2024,383.6666666666667,"{'Tuesday': 2, 'Saturday': 1, 'Wednesday': 1}","{'October': 1, 'January': 1, 'November': 1, 'December': 1}"
0845,4,3,16/02/2021|11/06/2022|21/02/2024|25/08/2024,428.6666666666667,"{'Tuesday': 1, 'Saturday': 1, 'Wednesday': 1, 'Sunday': 1}","{'February': 2, 'June': 1, 'August': 1}"
4521,4,3,20/11/2021|23/11/2021|05/07/2022|03/05/2023,176.33333333333334,"{'Tuesday': 2, 'Saturday': 1, 'Wednesday': 1}","{'November': 2, 'July': 1, 'May': 1}"
4982,4,3,20/11/2021|12/06/2023|04/03/2024|05/01/2025,380.6666666666667,"{'Monday': 2, 'Saturday': 1, 'Sunday': 1}","{'November': 1, 'June': 1, 'March': 1, 'January': 1}"
6556,4,3,04/09/2021|21/08/2022|26/03/2023|29/04/2025,444.3333333333333,"{'Sunday': 2, 'Saturday': 1, 'Tuesday': 1}","{'September': 1, 'August': 1, 'March': 1, 'April': 1}"
2192,4,3,05/05/2021|14/08/2022|20/08/2023|12/09/2025,530.3333333333334,"{'Sunday': 2, 'Wednesday': 1, 'Friday': 1}","{'August': 2, 'May': 1, 'September': 1}"
7945,4,3,22/09/2021|24/04/2023|27/09/2023|30/10/2023,256.0,"{'Wednesday': 2, 'Monday': 2}","{'September': 2, 'April': 1, 'October': 1}"
7855,4,3,24/03/2021|13/03/2024|10/02/2025|24/07/2025,527.6666666666666,"{'Wednesday': 2, 'Monday': 1, 'Thursday': 1}","{'March': 2, 'February': 1, 'July': 1}"
9671,4,3,03/04/2021|08/08/2022|04/02/2023|15/07/2025,521.3333333333334,"{'Saturday': 2, 'Monday': 1, 'Tuesday': 1}","{'April': 1, 'August': 1, 'February': 1, 'July': 1}"
1199,4,3,03/01/2024|01/06/2024|23/10/2024|27/10/2024,99.33333333333333,"{'Wednesday': 2, 'Saturday': 1, 'Sunday': 1}","{'October': 2, 'January': 1, 'June': 1}"
7818,4,3,09/01/2024|25/12/2024|25/01/2025|05/07/2025,181.0,"{'Saturday': 2, 'Tuesday': 1, 'Wednesday': 1}","{'January': 2, 'December': 1, 'July': 1}"
3063,4,3,16/03/2021|02/05/2022|11/10/2023|25/02/2025,480.6666666666667,"{'Tuesday': 2, 'Monday': 1, 'Wednesday': 1}","{'March': 1, 'May': 1, 'October': 1, 'February': 1}"
1109,4,3,24/04/2021|21/06/2022|19/11/2024|12/06/2025,503.3333333333333,"{'Tuesday': 2, 'Saturday': 1, 'Thursday': 1}","{'June': 2, 'April': 1, 'November': 1}"
9981,4,3,04/05/2021|21/02/2022|03/05/2023|18/11/2023,309.3333333333333,"{'Tuesday': 1, 'Monday': 1, 'Wednesday': 1, 'Saturday': 1}","{'May': 2, 'February': 1, 'November': 1}"
2975,4,3,10/04/2021|22/12/2021|14/02/2024|23/04/2025,491.3333333333333,"{'Wednesday': 3, 'Saturday': 1}","{'April': 2, 'December': 1, 'February': 1}"
6526,4,3,13/04/2021|19/08/2024|28/09/2024|11/12/2024,446.0,"{'Tuesday': 1, 'Monday': 1, 'Saturday': 1, 'Wednesday': 1}","{'April': 1, 'August': 1, 'September': 1, 'December': 1}"
3778,4,3,17/04/2021|27/11/2021|06/03/2023|03/10/2023,299.6666666666667,"{'Saturday': 2, 'Monday': 1, 'Tuesday': 1}","{'April': 1, 'November': 1, 'March': 1, 'October': 1}"
3599,4,3,27/03/2021|02/03/2022|25/06/2024|07/01/2025,460.6666666666667,"{'Tuesday': 2, 'Saturday': 1, 'Wednesday': 1}","{'March': 2, 'June': 1, 'January': 1}"
8555,4,3,11/03/2024|03/04/2024|10/07/2024|30/10/2024,77.66666666666667,"{'Wednesday': 3, 'Monday': 1}","{'March': 1, 'April': 1, 'July': 1, 'October': 1}"
6200,4,3,10/05/2021|19/09/2022|29/01/2024|24/02/2025,462.0,{'Monday': 4},"{'May': 1, 'September': 1, 'January': 1, 'February': 1}"
1599,4,3,20/03/2021|23/11/2022|25/11/2024|20/08/2025,538.0,"{'Wednesday': 2, 'Saturday': 1, 'Monday': 1}","{'November': 2, 'March': 1, 'August': 1}"
7213,4,3,22/03/2021|19/09/2023|25/06/2024|11/02/2025,474.0,"{'Tuesday': 3, 'Monday': 1}","{'March': 1, 'September': 1, 'June': 1, 'February': 1}"
5900,4,3,11/05/2021|24/11/2021|02/08/2022|20/11/2024,429.6666666666667,"{'Tuesday': 2, 'Wednesday': 2}","{'November': 2, 'May': 1, 'August': 1}"
2253,4,3,30/03/2021|28/05/2022|17/09/2022|15/12/2024,452.0,"{'Saturday': 2, 'Tuesday': 1, 'Sunday': 1}","{'March': 1, 'May': 1, 'September': 1, 'December': 1}"
8826,4,3,31/03/2021|23/10/2021|08/01/2025|01/03/2025,477.0,"{'Wednesday': 2, 'Saturday': 2}","{'March': 2, 'October': 1, 'January': 1}"
1807,4,3,01/07/2023|03/09/2024|08/12/2024|16/07/2025,248.66666666666666,"{'Saturday': 1, 'Tuesday': 1, 'Sunday': 1, 'Wednesday': 1}","{'July': 2, 'September': 1, 'December': 1}"
7059,4,3,03/07/2023|17/01/2024|17/04/2024|28/12/2024,181.33333333333334,"{'Wednesday': 2, 'Monday': 1, 'Saturday': 1}","{'July': 1, 'January': 1, 'April': 1, 'December': 1}"
0626,4,3,06/02/2021|08/06/2024|25/11/2024|06/04/2025,506.6666666666667,"{'Saturday': 2, 'Monday': 1, 'Sunday': 1}","{'February': 1, 'June': 1, 'November': 1, 'April': 1}"
7399,4,3,25/12/2021|29/03/2022|24/06/2023|12/07/2025,431.6666666666667,"{'Saturday': 3, 'Tuesday': 1}","{'December': 1, 'March': 1, 'June': 1, 'July': 1}"
2619,4,3,27/12/2021|20/06/2023|23/06/2025|12/07/2025,431.0,"{'Monday': 2, 'Tuesday': 1, 'Saturday': 1}","{'June': 2, 'December': 1, 'July': 1}"
6051,4,3,22/11/2021|29/04/2023|27/02/2024|28/07/2024,326.3333333333333,"{'Monday': 1, 'Saturday': 1, 'Tuesday': 1, 'Sunday': 1}","{'November': 1, 'April': 1, 'February': 1, 'July': 1}"
4971,4,3,22/12/2021|11/07/2022|11/10/2023|23/10/2023,223.33333333333334,"{'Wednesday': 2, 'Monday': 2}","{'October': 2, 'December': 1, 'July': 1}"
6323,4,3,10/02/2021|28/01/2023|15/11/2023|17/12/2023,346.6666666666667,"{'Wednesday': 2, 'Saturday': 1, 'Sunday': 1}","{'February': 1, 'January': 1, 'November': 1, 'December': 1}"
9747,4,3,15/11/2021|15/12/2021|25/02/2024|01/10/2024,350.3333333333333,"{'Monday': 1, 'Wednesday': 1, 'Sunday': 1, 'Tuesday': 1}","{'November': 1, 'December': 1, 'February': 1, 'October': 1}"
3123,4,3,30/11/2021|29/07/2023|13/11/2023|20/02/2024,270.6666666666667,"{'Tuesday': 2, 'Saturday': 1, 'Monday': 1}","{'November': 2, 'July': 1, 'February': 1}"
4514,4,3,16/11/2021|25/01/2022|16/02/2022|08/05/2023,179.33333333333334,"{'Tuesday': 2, 'Wednesday': 1, 'Monday': 1}","{'November': 1, 'January': 1, 'February': 1, 'May': 1}"
6939,4,3,13/02/2021|18/05/2022|09/10/2023|05/06/2024,402.6666666666667,"{'Wednesday': 2, 'Saturday': 1, 'Monday': 1}","{'February': 1, 'May': 1, 'October': 1, 'June': 1}"
9761,4,3,15/02/2021|04/02/2023|13/09/2023|02/07/2024,411.0,"{'Monday': 1, 'Saturday': 1, 'Wednesday': 1, 'Tuesday': 1}","{'February': 2, 'September': 1, 'July': 1}"
9926,4,3,15/02/2021|07/11/2023|27/11/2024|26/08/2025,551.0,"{'Tuesday': 2, 'Monday': 1, 'Wednesday': 1}","{'November': 2, 'February': 1, 'August': 1}"
6709,4,3,08/09/2020|11/03/2023|02/09/2023|15/02/2025,540.3333333333334,"{'Saturday': 3, 'Tuesday': 1}","{'September': 2, 'March': 1, 'February': 1}"
4345,4,3,08/09/2020|18/01/2022|23/05/2023|20/11/2024,511.3333333333333,"{'Tuesday': 3, 'Wednesday': 1}","{'September': 1, 'January': 1, 'May': 1, 'November': 1}"
3129,4,3,08/11/2021|23/04/2022|20/07/2025|20/09/2025,470.6666666666667,"{'Saturday': 2, 'Monday': 1, 'Sunday': 1}","{'November': 1, 'April': 1, 'July': 1, 'September': 1}"
6833,4,3,09/09/2023|08/05/2024|22/05/2024|21/01/2025,166.66666666666666,"{'Wednesday': 2, 'Saturday': 1, 'Tuesday': 1}","{'May': 2, 'September': 1, 'January': 1}"
3179,4,3,16/09/2023|30/12/2023|01/01/2024|03/04/2024,66.66666666666667,"{'Saturday': 2, 'Monday': 1, 'Wednesday': 1}","{'September': 1, 'December': 1, 'January': 1, 'April': 1}"
4641,4,3,06/11/2021|29/04/2024|13/05/2024|15/09/2025,469.6666666666667,"{'Monday': 3, 'Saturday': 1}","{'November': 1, 'April': 1, 'May': 1, 'September': 1}"
0250,4,3,16/02/2021|23/03/2021|17/07/2025|20/09/2025,559.0,"{'Tuesday': 2, 'Thursday': 1, 'Saturday': 1}","{'February': 1, 'March': 1, 'July': 1, 'September': 1}"
9665,4,3,02/03/2022|17/12/2022|19/07/2023|19/06/2025,401.6666666666667,"{'Wednesday': 2, 'Saturday': 1, 'Thursday': 1}","{'March': 1, 'December': 1, 'July': 1, 'June': 1}"
3695,4,3,05/03/2022|02/08/2022|02/09/2023|31/10/2023,201.66666666666666,"{'Saturday': 2, 'Tuesday': 2}","{'March': 1, 'August': 1, 'September': 1, 'October': 1}"
1009,4,3,06/09/2023|06/04/2024|25/08/2024|08/07/2025,223.66666666666666,"{'Wednesday': 1, 'Saturday': 1, 'Sunday': 1, 'Tuesday': 1}","{'September': 1, 'April': 1, 'August': 1, 'July': 1}"
7421,4,3,22/02/2022|12/07/2022|16/08/2022|22/10/2024,324.3333333333333,{'Tuesday': 4},"{'February': 1, 'July': 1, 'August': 1, 'October': 1}"
6024,4,3,19/02/2022|01/07/2023|09/12/2023|18/03/2024,252.66666666666666,"{'Saturday': 3, 'Monday': 1}","{'February': 1, 'July': 1, 'December': 1, 'March': 1}"
0883,4,3,17/01/2022|06/03/2023|29/03/2023|18/06/2023,172.33333333333334,"{'Monday': 2, 'Wednesday': 1, 'Sunday': 1}","{'March': 2, 'January': 1, 'June': 1}"
1596,4,3,14/09/2020|23/10/2021|16/02/2025|21/06/2025,580.3333333333334,"{'Saturday': 2, 'Monday': 1, 'Sunday': 1}","{'September': 1, 'October': 1, 'February': 1, 'June': 1}"
9924,4,3,12/02/2022|09/08/2022|20/03/2023|09/09/2023,191.33333333333334,"{'Saturday': 2, 'Tuesday': 1, 'Monday': 1}","{'February': 1, 'August': 1, 'March': 1, 'September': 1}"
1679,4,3,09/02/2022|07/12/2022|26/09/2023|16/04/2025,387.3333333333333,"{'Wednesday': 3, 'Tuesday': 1}","{'February': 1, 'December': 1, 'September': 1, 'April': 1}"
2498,4,3,05/02/2022|28/02/2022|05/08/2024|29/09/2024,322.3333333333333,"{'Monday': 2, 'Saturday': 1, 'Sunday': 1}","{'February': 2, 'August': 1, 'September': 1}"
6934,4,3,31/01/2022|26/07/2022|15/10/2024|24/02/2025,373.3333333333333,"{'Monday': 2, 'Tuesday': 2}","{'January': 1, 'July': 1, 'October': 1, 'February': 1}"
9401,4,3,26/06/2023|04/11/2023|08/04/2024|09/07/2024,126.33333333333333,"{'Monday': 2, 'Saturday': 1, 'Tuesday': 1}","{'June': 1, 'November': 1, 'April': 1, 'July': 1}"
8320,4,3,23/05/2023|27/06/2023|24/04/2024|16/03/2025,221.0,"{'Tuesday': 2, 'Wednesday': 1, 'Sunday': 1}","{'May': 1, 'June': 1, 'April': 1, 'March': 1}"
2202,4,3,27/05/2023|27/06/2023|24/07/2023|08/07/2024,136.0,"{'Monday': 2, 'Saturday': 1, 'Tuesday': 1}","{'July': 2, 'May': 1, 'June': 1}"
9279,4,3,19/04/2022|08/04/2023|20/12/2023|15/07/2024,272.6666666666667,"{'Tuesday': 1, 'Saturday': 1, 'Wednesday': 1, 'Monday': 1}","{'April': 2, 'December': 1, 'July': 1}"
0975,4,3,20/04/2022|03/09/2023|13/01/2025|04/09/2025,411.0,"{'Wednesday': 1, 'Sunday': 1, 'Monday': 1, 'Thursday': 1}","{'September': 2, 'April': 1, 'January': 1}"
3223,4,3,12/01/2021|18/09/2024|10/12/2024|22/01/2025,490.3333333333333,"{'Tuesday': 2, 'Wednesday': 2}","{'January': 2, 'September': 1, 'December': 1}"
2988,4,3,18/04/2022|13/08/2023|02/06/2024|26/08/2025,408.6666666666667,"{'Sunday': 2, 'Monday': 1, 'Tuesday': 1}","{'August': 2, 'April': 1, 'June': 1}"
7419,4,3,10/05/2022|15/10/2022|05/08/2023|21/04/2025,359.0,"{'Saturday': 2, 'Tuesday': 1, 'Monday': 1}","{'May': 1, 'October': 1, 'August': 1, 'April': 1}"
0905,4,3,31/05/2022|08/03/2023|04/11/2023|07/10/2024,286.6666666666667,"{'Tuesday': 1, 'Wednesday': 1, 'Saturday': 1, 'Monday': 1}","{'May': 1, 'March': 1, 'November': 1, 'October': 1}"
3726,4,3,09/05/2022|02/08/2023|13/02/2024|23/12/2024,319.6666666666667,"{'Monday': 2, 'Wednesday': 1, 'Tuesday': 1}","{'May': 1, 'August': 1, 'February': 1, 'December': 1}"
7113,4,3,10/05/2022|09/09/2023|22/10/2023|12/02/2025,336.3333333333333,"{'Tuesday': 1, 'Saturday': 1, 'Sunday': 1, 'Wednesday': 1}","{'May': 1, 'September': 1, 'October': 1, 'February': 1}"
7233,4,3,17/05/2022|10/10/2022|19/08/2024|09/04/2025,352.6666666666667,"{'Monday': 2, 'Tuesday': 1, 'Wednesday': 1}","{'May': 1, 'October': 1, 'August': 1, 'April': 1}"
0276,4,3,12/06/2022|31/08/2024|03/09/2024|19/01/2025,317.3333333333333,"{'Sunday': 2, 'Saturday': 1, 'Tuesday': 1}","{'June': 1, 'August': 1, 'September': 1, 'January': 1}"
4974,4,3,13/06/2022|25/10/2023|08/05/2024|02/11/2024,291.0,"{'Wednesday': 2, 'Monday': 1, 'Saturday': 1}","{'June': 1, 'October': 1, 'May': 1, 'November': 1}"
6812,4,3,10/05/2023|14/06/2023|03/10/2023|09/04/2024,111.66666666666667,"{'Wednesday': 2, 'Tuesday': 2}","{'May': 1, 'June': 1, 'October': 1, 'April': 1}"
5814,4,3,11/01/2021|18/10/2021|16/08/2023|09/04/2025,516.3333333333334,"{'Monday': 2, 'Wednesday': 2}","{'January': 1, 'October': 1, 'August': 1, 'April': 1}"
2306,4,3,26/06/2022|11/03/2023|04/06/2023|13/03/2024,208.66666666666666,"{'Sunday': 2, 'Saturday': 1, 'Wednesday': 1}","{'June': 2, 'March': 2}"
4475,4,3,15/06/2022|14/12/2022|14/11/2023|12/03/2025,333.6666666666667,"{'Wednesday': 3, 'Tuesday': 1}","{'June': 1, 'December': 1, 'November': 1, 'March': 1}"
7362,4,3,26/02/2022|12/10/2022|25/03/2024|05/08/2025,418.6666666666667,"{'Saturday': 1, 'Wednesday': 1, 'Monday': 1, 'Tuesday': 1}","{'February': 1, 'October': 1, 'March': 1, 'August': 1}"
3079,4,3,19/01/2021|02/04/2024|23/08/2025|13/09/2025,566.0,"{'Tuesday': 2, 'Saturday': 2}","{'January': 1, 'April': 1, 'August': 1, 'September': 1}"
7760,4,3,26/03/2022|12/03/2023|27/09/2023|20/07/2025,404.0,"{'Sunday': 2, 'Saturday': 1, 'Wednesday': 1}","{'March': 2, 'September': 1, 'July': 1}"
9348,4,3,22/03/2022|04/03/2024|08/05/2024|18/09/2024,303.6666666666667,"{'Wednesday': 2, 'Tuesday': 1, 'Monday': 1}","{'March': 2, 'May': 1, 'September': 1}"
9411,4,3,09/04/2022|06/07/2024|03/02/2025|04/02/2025,344.0,"{'Saturday': 2, 'Monday': 1, 'Tuesday': 1}","{'February': 2, 'April': 1, 'July': 1}"
4797,4,3,09/04/2022|10/12/2022|18/01/2023|11/06/2025,386.3333333333333,"{'Saturday': 2, 'Wednesday': 2}","{'April': 1, 'December': 1, 'January': 1, 'June': 1}"
0289,4,3,23/04/2022|25/09/2022|31/01/2023|08/03/2025,350.0,"{'Saturday': 2, 'Sunday': 1, 'Tuesday': 1}","{'April': 1, 'September': 1, 'January': 1, 'March': 1}"
2964,4,3,13/01/2021|23/01/2024|13/11/2024|15/09/2025,568.6666666666666,"{'Wednesday': 2, 'Tuesday': 1, 'Monday': 1}","{'January': 2, 'November': 1, 'September': 1}"
5661,4,3,09/03/2022|26/11/2022|20/02/2023|20/01/2025,349.3333333333333,"{'Monday': 2, 'Wednesday': 1, 'Saturday': 1}","{'March': 1, 'November': 1, 'February': 1, 'January': 1}"
3068,4,3,09/03/2022|13/06/2023|29/01/2025|07/04/2025,375.0,"{'Wednesday': 2, 'Tuesday': 1, 'Monday': 1}","{'March': 1, 'June': 1, 'January': 1, 'April': 1}"
5526,4,3,23/01/2021|01/07/2024|19/11/2024|06/09/2025,562.3333333333334,"{'Saturday': 2, 'Monday': 1, 'Tuesday': 1}","{'January': 1, 'July': 1, 'November': 1, 'September': 1}"
5324,4,3,23/01/2021|19/07/2022|07/11/2022|17/06/2023,291.6666666666667,"{'Saturday': 2, 'Tuesday': 1, 'Monday': 1}","{'January': 1, 'July': 1, 'November': 1, 'June': 1}"
5351,4,3,07/03/2022|26/06/2022|31/12/2022|14/08/2025,418.6666666666667,"{'Monday': 1, 'Sunday': 1, 'Saturday': 1, 'Thursday': 1}","{'March': 1, 'June': 1, 'December': 1, 'August': 1}"
4477,4,3,05/03/2022|20/06/2022|02/07/2025|08/07/2025,407.0,"{'Saturday': 1, 'Monday': 1, 'Wednesday': 1, 'Tuesday': 1}","{'July': 2, 'March': 1, 'June': 1}"
0152,4,3,31/07/2022|25/09/2022|11/04/2023|10/11/2024,277.6666666666667,"{'Sunday': 3, 'Tuesday': 1}","{'July': 1, 'September': 1, 'April': 1, 'November': 1}"
5050,4,3,09/08/2022|23/10/2022|07/06/2023|02/12/2023,160.0,"{'Tuesday': 1, 'Sunday': 1, 'Wednesday': 1, 'Saturday': 1}","{'August': 1, 'October': 1, 'June': 1, 'December': 1}"
5819,4,3,12/07/2022|27/08/2022|22/03/2023|06/08/2024,252.0,"{'Tuesday': 2, 'Saturday': 1, 'Wednesday': 1}","{'August': 2, 'July': 1, 'March': 1}"
2668,4,3,13/07/2022|13/09/2022|11/12/2022|09/12/2023,171.33333333333334,"{'Wednesday': 1, 'Tuesday': 1, 'Sunday': 1, 'Saturday': 1}","{'December': 2, 'July': 1, 'September': 1}"
0027,4,3,26/12/2020|22/03/2023|10/01/2024|12/06/2024,421.3333333333333,"{'Wednesday': 3, 'Saturday': 1}","{'December': 1, 'March': 1, 'January': 1, 'June': 1}"
3410,4,3,19/07/2022|29/10/2023|29/12/2024|25/08/2025,377.6666666666667,"{'Sunday': 2, 'Tuesday': 1, 'Monday': 1}","{'July': 1, 'October': 1, 'December': 1, 'August': 1}"
5181,4,3,26/12/2020|22/02/2023|29/07/2023|16/12/2024,483.6666666666667,"{'Saturday': 2, 'Wednesday': 1, 'Monday': 1}","{'December': 2, 'February': 1, 'July': 1}"
6269,4,3,28/12/2020|31/12/2022|16/07/2024|29/10/2024,467.0,"{'Tuesday': 2, 'Monday': 1, 'Saturday': 1}","{'December': 2, 'July': 1, 'October': 1}"
6908,4,3,29/12/2020|05/11/2023|25/08/2024|02/03/2025,508.0,"{'Sunday': 3, 'Tuesday': 1}","{'December': 1, 'November': 1, 'August': 1, 'March': 1}"
6590,4,3,28/12/2020|09/07/2022|29/06/2024|05/03/2025,509.3333333333333,"{'Saturday': 2, 'Monday': 1, 'Wednesday': 1}","{'December': 1, 'July': 1, 'June': 1, 'March': 1}"
2854,4,3,29/12/2020|15/02/2022|30/04/2022|16/03/2024,391.0,"{'Tuesday': 2, 'Saturday': 2}","{'December': 1, 'February': 1, 'April': 1, 'March': 1}"
4878,4,3,29/12/2020|18/01/2022|29/06/2024|06/08/2024,438.6666666666667,"{'Tuesday': 3, 'Saturday': 1}","{'December': 1, 'January': 1, 'June': 1, 'August': 1}"
6090,4,3,14/06/2022|27/04/2024|29/06/2024|17/07/2025,376.3333333333333,"{'Saturday': 2, 'Tuesday': 1, 'Thursday': 1}","{'June': 2, 'April': 1, 'July': 1}"
9250,4,3,04/07/2022|10/08/2022|07/05/2024|08/02/2025,316.6666666666667,"{'Monday': 1, 'Wednesday': 1, 'Tuesday': 1, 'Saturday': 1}","{'July': 1, 'August': 1, 'May': 1, 'February': 1}"
7850,4,3,17/08/2022|09/07/2024|26/03/2025|01/09/2025,370.3333333333333,"{'Wednesday': 2, 'Tuesday': 1, 'Monday': 1}","{'August': 1, 'July': 1, 'March': 1, 'September': 1}"
1101,4,3,27/07/2022|19/06/2024|22/09/2024|01/04/2025,326.3333333333333,"{'Wednesday': 2, 'Sunday': 1, 'Tuesday': 1}","{'July': 1, 'June': 1, 'September': 1, 'April': 1}"
1216,4,3,01/10/2022|15/11/2022|17/09/2023|07/11/2023,134.0,"{'Tuesday': 2, 'Saturday': 1, 'Sunday': 1}","{'November': 2, 'October': 1, 'September': 1}"
7550,4,3,10/10/2020|16/01/2023|30/04/2023|26/03/2025,542.6666666666666,"{'Saturday': 1, 'Monday': 1, 'Sunday': 1, 'Wednesday': 1}","{'October': 1, 'January': 1, 'April': 1, 'March': 1}"
5519,4,3,26/03/2023|20/05/2023|14/01/2024|21/04/2024,130.66666666666666,"{'Sunday': 3, 'Saturday': 1}","{'March': 1, 'May': 1, 'January': 1, 'April': 1}"
5235,4,3,28/09/2022|23/10/2022|27/05/2024|19/08/2025,352.0,"{'Wednesday': 1, 'Sunday': 1, 'Monday': 1, 'Tuesday': 1}","{'September': 1, 'October': 1, 'May': 1, 'August': 1}"
4656,4,3,23/10/2022|16/10/2023|30/11/2024|03/12/2024,257.3333333333333,"{'Sunday': 1, 'Monday': 1, 'Saturday': 1, 'Tuesday': 1}","{'October': 2, 'November': 1, 'December': 1}"
0866,4,3,23/10/2022|31/12/2022|30/08/2023|23/12/2023,142.0,"{'Saturday': 2, 'Sunday': 1, 'Wednesday': 1}","{'December': 2, 'October': 1, 'August': 1}"
3617,4,3,24/10/2022|24/03/2024|24/08/2024|02/11/2024,246.66666666666666,"{'Saturday': 2, 'Monday': 1, 'Sunday': 1}","{'October': 1, 'March': 1, 'August': 1, 'November': 1}"
8162,4,3,25/10/2022|23/04/2023|05/11/2023|21/02/2024,161.33333333333334,"{'Sunday': 2, 'Tuesday': 1, 'Wednesday': 1}","{'October': 1, 'April': 1, 'November': 1, 'February': 1}"
1083,4,3,03/09/2022|25/02/2024|29/07/2024|08/04/2025,316.0,"{'Saturday': 1, 'Sunday': 1, 'Monday': 1, 'Tuesday': 1}","{'September': 1, 'February': 1, 'July': 1, 'April': 1}"
3710,4,3,31/08/2022|22/10/2022|31/10/2023|16/12/2024,279.3333333333333,"{'Wednesday': 1, 'Saturday': 1, 'Tuesday': 1, 'Monday': 1}","{'October': 2, 'August': 1, 'December': 1}"
8698,4,3,14/12/2020|15/03/2022|28/06/2022|04/01/2023,250.33333333333334,"{'Tuesday': 2, 'Monday': 1, 'Wednesday': 1}","{'December': 1, 'March': 1, 'June': 1, 'January': 1}"
8467,4,3,12/12/2020|12/09/2022|09/10/2022|11/09/2023,334.3333333333333,"{'Monday': 2, 'Saturday': 1, 'Sunday': 1}","{'September': 2, 'December': 1, 'October': 1}"
7490,4,3,27/03/2023|17/04/2023|01/12/2024|09/09/2025,299.0,"{'Monday': 2, 'Sunday': 1, 'Tuesday': 1}","{'March': 1, 'April': 1, 'December': 1, 'September': 1}"
0266,4,3,20/08/2022|20/02/2023|15/03/2023|31/12/2023,166.0,"{'Saturday': 1, 'Monday': 1, 'Wednesday': 1, 'Sunday': 1}","{'August': 1, 'February': 1, 'March': 1, 'December': 1}"
3042,4,3,17/09/2022|13/05/2023|07/08/2024|20/07/2025,345.6666666666667,"{'Saturday': 2, 'Wednesday': 1, 'Sunday': 1}","{'September': 1, 'May': 1, 'August': 1, 'July': 1}"
8260,4,3,13/09/2022|13/08/2023|30/10/2023|26/06/2025,339.0,"{'Tuesday': 1, 'Sunday': 1, 'Monday': 1, 'Thursday': 1}","{'September': 1, 'August': 1, 'October': 1, 'June': 1}"
4459,4,3,04/03/2023|09/05/2023|11/11/2023|15/12/2024,217.33333333333334,"{'Saturday': 2, 'Tuesday': 1, 'Sunday': 1}","{'March': 1, 'May': 1, 'November': 1, 'December': 1}"
7449,4,3,05/12/2022|06/06/2023|28/06/2023|13/09/2023,94.0,"{'Wednesday': 2, 'Monday': 1, 'Tuesday': 1}","{'June': 2, 'December': 1, 'September': 1}"
5629,4,3,30/11/2020|09/08/2022|24/10/2023|11/08/2024,450.0,"{'Tuesday': 2, 'Monday': 1, 'Sunday': 1}","{'August': 2, 'November': 1, 'October': 1}"
8485,4,3,12/11/2022|10/06/2023|13/06/2023|20/03/2024,164.66666666666666,"{'Saturday': 2, 'Tuesday': 1, 'Wednesday': 1}","{'June': 2, 'November': 1, 'March': 1}"
7845,4,3,21/11/2022|01/03/2023|18/03/2023|21/09/2024,223.33333333333334,"{'Saturday': 2, 'Monday': 1, 'Wednesday': 1}","{'March': 2, 'November': 1, 'September': 1}"
0578,4,3,19/11/2022|15/02/2023|31/03/2024|20/09/2025,345.3333333333333,"{'Saturday': 2, 'Wednesday': 1, 'Sunday': 1}","{'November': 1, 'February': 1, 'March': 1, 'September': 1}"
9412,4,3,31/10/2022|16/07/2023|23/03/2024|26/03/2024,170.66666666666666,"{'Monday': 1, 'Sunday': 1, 'Saturday': 1, 'Tuesday': 1}","{'March': 2, 'October': 1, 'July': 1}"
9918,4,3,23/11/2022|06/05/2023|28/05/2024|05/08/2025,328.6666666666667,"{'Tuesday': 2, 'Wednesday': 1, 'Saturday': 1}","{'May': 2, 'November': 1, 'August': 1}"
7516,4,3,19/12/2022|09/08/2023|17/12/2024|10/09/2025,332.0,"{'Wednesday': 2, 'Monday': 1, 'Tuesday': 1}","{'December': 2, 'August': 1, 'September': 1}"
1465,4,3,23/11/2020|13/08/2022|30/10/2023|01/09/2024,459.3333333333333,"{'Monday': 2, 'Saturday': 1, 'Sunday': 1}","{'November': 1, 'August': 1, 'October': 1, 'September': 1}"
3044,4,3,29/11/2022|17/08/2024|04/08/2025|31/08/2025,335.3333333333333,"{'Tuesday': 1, 'Saturday': 1, 'Monday': 1, 'Sunday': 1}","{'August': 3, 'November': 1}"
1262,4,3,13/12/2022|12/03/2023|15/04/2023|14/04/2025,284.3333333333333,"{'Tuesday': 1, 'Sunday': 1, 'Saturday': 1, 'Monday': 1}","{'April': 2, 'December': 1, 'March': 1}"
6875,4,3,04/01/2023|19/02/2023|03/08/2024|03/03/2025,263.0,"{'Wednesday': 1, 'Sunday': 1, 'Saturday': 1, 'Monday': 1}","{'January': 1, 'February': 1, 'August': 1, 'March': 1}"
9335,4,3,28/11/2022|19/07/2023|04/06/2024|09/07/2025,318.0,"{'Wednesday': 2, 'Monday': 1, 'Tuesday': 1}","{'July': 2, 'November': 1, 'June': 1}"
3638,4,3,05/04/2023|14/02/2024|25/01/2025|10/09/2025,296.3333333333333,"{'Wednesday': 3, 'Saturday': 1}","{'April': 1, 'February': 1, 'January': 1, 'September': 1}"
0798,4,3,29/03/2023|26/05/2024|07/01/2025|07/07/2025,277.0,"{'Wednesday': 1, 'Sunday': 1, 'Tuesday': 1, 'Monday': 1}","{'March': 1, 'May': 1, 'January': 1, 'July': 1}"
2762,4,3,31/12/2022|15/05/2024|16/02/2025|05/03/2025,265.0,"{'Wednesday': 2, 'Saturday': 1, 'Sunday': 1}","{'December': 1, 'May': 1, 'February': 1, 'March': 1}"
5551,4,3,21/10/2020|18/10/2023|05/02/2024|15/01/2025,515.6666666666666,"{'Wednesday': 3, 'Monday': 1}","{'October': 2, 'February': 1, 'January': 1}"
7900,4,3,09/01/2023|26/04/2023|20/03/2024|14/08/2024,194.33333333333334,"{'Wednesday': 3, 'Monday': 1}","{'January': 1, 'April': 1, 'March': 1, 'August': 1}"
0054,4,3,27/12/2022|12/02/2025|12/04/2025|27/07/2025,314.3333333333333,"{'Tuesday': 1, 'Wednesday': 1, 'Saturday': 1, 'Sunday': 1}","{'December': 1, 'February': 1, 'April': 1, 'July': 1}"
2462,4,3,15/01/2023|03/03/2024|15/10/2024|01/02/2025,249.33333333333334,"{'Sunday': 2, 'Tuesday': 1, 'Saturday': 1}","{'January': 1, 'March': 1, 'October': 1, 'February': 1}"
2083,4,3,14/01/2023|08/02/2023|10/09/2023|03/08/2024,189.0,"{'Saturday': 2, 'Wednesday': 1, 'Sunday': 1}","{'January': 1, 'February': 1, 'September': 1, 'August': 1}"
1276,4,3,25/01/2023|03/09/2023|19/03/2025|10/09/2025,319.6666666666667,"{'Wednesday': 3, 'Sunday': 1}","{'September': 2, 'January': 1, 'March': 1}"
3993,4,3,09/11/2020|23/11/2021|17/12/2022|15/10/2023,356.6666666666667,"{'Monday': 1, 'Tuesday': 1, 'Saturday': 1, 'Sunday': 1}","{'November': 2, 'December': 1, 'October': 1}"
2743,4,3,02/11/2020|06/11/2022|23/04/2025|04/08/2025,578.6666666666666,"{'Monday': 2, 'Sunday': 1, 'Wednesday': 1}","{'November': 2, 'April': 1, 'August': 1}"
1711,4,3,04/11/2020|10/01/2022|27/11/2023|12/08/2024,459.0,"{'Monday': 3, 'Wednesday': 1}","{'November': 2, 'January': 1, 'August': 1}"
6145,4,3,28/01/2023|04/11/2023|11/03/2024|13/10/2024,208.0,"{'Saturday': 2, 'Monday': 1, 'Sunday': 1}","{'January': 1, 'November': 1, 'March': 1, 'October': 1}"
9083,4,3,01/02/2023|11/12/2023|08/03/2025|04/09/2025,315.3333333333333,"{'Wednesday': 1, 'Monday': 1, 'Saturday': 1, 'Thursday': 1}","{'February': 1, 'December': 1, 'March': 1, 'September': 1}"
9468,4,3,28/02/2023|24/12/2023|30/12/2024|12/04/2025,258.0,"{'Tuesday': 1, 'Sunday': 1, 'Monday': 1, 'Saturday': 1}","{'December': 2, 'February': 1, 'April': 1}"
5631,4,3,12/05/2024|11/08/2024|08/09/2024|01/12/2024,67.66666666666667,{'Sunday': 4},"{'May': 1, 'August': 1, 'September': 1, 'December': 1}"
9360,4,3,11/07/2020|09/09/2024|02/03/2025|09/03/2025,567.3333333333334,"{'Sunday': 2, 'Saturday': 1, 'Monday': 1}","{'March': 2, 'July': 1, 'September': 1}"
7677,4,3,11/07/2020|25/07/2022|04/07/2023|15/01/2025,549.6666666666666,"{'Saturday': 1, 'Monday': 1, 'Tuesday': 1, 'Wednesday': 1}","{'July': 3, 'January': 1}"
8097,3,4,20/04/2021|09/04/2023|11/03/2025,710.5,"{'Tuesday': 2, 'Sunday': 1}","{'April': 2, 'March': 1}"
0813,3,4,11/07/2020|25/06/2024|13/07/2024,731.5,"{'Saturday': 2, 'Tuesday': 1}","{'July': 2, 'June': 1}"
4573,3,4,12/03/2025|28/06/2025|06/07/2025,58.0,"{'Wednesday': 1, 'Saturday': 1, 'Sunday': 1}","{'March': 1, 'June': 1, 'July': 1}"
2798,3,4,25/07/2020|08/03/2021|22/06/2022,348.5,"{'Saturday': 1, 'Monday': 1, 'Wednesday': 1}","{'July': 1, 'March': 1, 'June': 1}"
0208,3,4,25/07/2020|27/02/2021|27/06/2023,533.5,"{'Saturday': 2, 'Tuesday': 1}","{'July': 1, 'February': 1, 'June': 1}"
3208,3,4,23/02/2025|14/07/2025|27/08/2025,92.5,"{'Sunday': 1, 'Monday': 1, 'Wednesday': 1}","{'February': 1, 'July': 1, 'August': 1}"
2043,3,4,05/05/2021|05/04/2023|22/01/2024,496.0,"{'Wednesday': 2, 'Monday': 1}","{'May': 1, 'April': 1, 'January': 1}"
9448,3,4,04/05/2021|02/08/2023|17/07/2024,585.0,"{'Wednesday': 2, 'Tuesday': 1}","{'May': 1, 'August': 1, 'July': 1}"
3165,3,4,04/05/2021|18/02/2023|12/07/2025,765.0,"{'Saturday': 2, 'Tuesday': 1}","{'May': 1, 'February': 1, 'July': 1}"
7701,3,4,24/04/2021|18/12/2021|18/05/2022,194.5,"{'Saturday': 2, 'Wednesday': 1}","{'April': 1, 'December': 1, 'May': 1}"
8119,3,4,23/03/2021|04/03/2023|12/11/2024,665.0,"{'Tuesday': 2, 'Saturday': 1}","{'March': 2, 'November': 1}"
8016,3,4,23/03/2021|08/04/2023|28/02/2024,536.0,"{'Tuesday': 1, 'Saturday': 1, 'Wednesday': 1}","{'March': 1, 'April': 1, 'February': 1}"
4156,3,4,23/03/2021|06/07/2022|09/11/2024,663.5,"{'Tuesday': 1, 'Wednesday': 1, 'Saturday': 1}","{'March': 1, 'July': 1, 'November': 1}"
8190,3,4,22/03/2021|01/11/2022|03/02/2025,707.0,"{'Monday': 2, 'Tuesday': 1}","{'March': 1, 'November': 1, 'February': 1}"
9046,3,4,06/03/2024|22/04/2024|20/04/2025,205.0,"{'Wednesday': 1, 'Monday': 1, 'Sunday': 1}","{'April': 2, 'March': 1}"
3765,3,4,28/02/2024|06/10/2024|22/02/2025,180.0,"{'Wednesday': 1, 'Sunday': 1, 'Saturday': 1}","{'February': 2, 'October': 1}"
9483,3,4,27/02/2024|03/03/2024|16/04/2024,24.5,"{'Tuesday': 2, 'Sunday': 1}","{'February': 1, 'March': 1, 'April': 1}"
4297,3,4,27/02/2024|09/07/2024|19/02/2025,179.0,"{'Tuesday': 2, 'Wednesday': 1}","{'February': 2, 'July': 1}"
5679,3,4,29/06/2024|09/09/2025|12/09/2025,220.0,"{'Saturday': 1, 'Tuesday': 1, 'Friday': 1}","{'September': 2, 'June': 1}"
6977,3,4,05/04/2021|17/01/2023|21/08/2024,617.0,"{'Monday': 1, 'Tuesday': 1, 'Wednesday': 1}","{'April': 1, 'January': 1, 'August': 1}"
9777,3,4,31/03/2021|19/06/2022|22/11/2022,300.5,"{'Wednesday': 1, 'Sunday': 1, 'Tuesday': 1}","{'March': 1, 'June': 1, 'November': 1}"
8961,3,4,30/03/2021|19/11/2022|03/08/2024,611.0,"{'Saturday': 2, 'Tuesday': 1}","{'March': 1, 'November': 1, 'August': 1}"
4492,3,4,25/01/2023|12/10/2024|05/11/2024,325.0,"{'Wednesday': 1, 'Saturday': 1, 'Tuesday': 1}","{'January': 1, 'October': 1, 'November': 1}"
7766,3,4,28/02/2023|07/08/2023|27/08/2023,90.0,"{'Tuesday': 1, 'Monday': 1, 'Sunday': 1}","{'August': 2, 'February': 1}"
7219,3,4,28/02/2023|11/03/2023|17/07/2025,435.0,"{'Tuesday': 1, 'Saturday': 1, 'Thursday': 1}","{'February': 1, 'March': 1, 'July': 1}"
5394,3,4,28/02/2023|08/04/2023|04/07/2023,63.0,"{'Tuesday': 2, 'Saturday': 1}","{'February': 1, 'April': 1, 'July': 1}"
9041,3,4,26/02/2023|21/08/2023|17/08/2025,451.5,"{'Sunday': 2, 'Monday': 1}","{'August': 2, 'February': 1}"
0523,3,4,02/11/2020|18/09/2021|29/08/2025,880.5,"{'Monday': 1, 'Saturday': 1, 'Friday': 1}","{'November': 1, 'September': 1, 'August': 1}"
9612,3,4,28/10/2020|18/07/2022|15/05/2024,647.5,"{'Wednesday': 2, 'Monday': 1}","{'October': 1, 'July': 1, 'May': 1}"
9070,3,4,28/10/2020|10/01/2023|25/02/2025,790.5,"{'Tuesday': 2, 'Wednesday': 1}","{'October': 1, 'January': 1, 'February': 1}"
9011,3,4,26/10/2020|08/08/2022|16/11/2022,375.5,"{'Monday': 2, 'Wednesday': 1}","{'October': 1, 'August': 1, 'November': 1}"
2229,3,4,22/02/2023|20/05/2023|16/01/2024,164.0,"{'Wednesday': 1, 'Saturday': 1, 'Tuesday': 1}","{'February': 1, 'May': 1, 'January': 1}"
5320,3,4,20/02/2023|29/11/2023|17/01/2024,165.5,"{'Wednesday': 2, 'Monday': 1}","{'February': 1, 'November': 1, 'January': 1}"
3424,3,4,16/06/2024|30/12/2024|01/03/2025,129.0,"{'Sunday': 1, 'Monday': 1, 'Saturday': 1}","{'June': 1, 'December': 1, 'March': 1}"
0088,3,4,13/04/2021|08/09/2021|04/01/2025,681.0,"{'Tuesday': 1, 'Wednesday': 1, 'Saturday': 1}","{'April': 1, 'September': 1, 'January': 1}"
7653,3,4,12/04/2021|13/09/2021|16/05/2022,199.5,{'Monday': 3},"{'April': 1, 'September': 1, 'May': 1}"
4601,3,4,26/06/2024|29/09/2024|01/02/2025,110.0,"{'Wednesday': 1, 'Sunday': 1, 'Saturday': 1}","{'June': 1, 'September': 1, 'February': 1}"
0945,3,4,22/06/2024|29/09/2024|14/12/2024,87.5,"{'Saturday': 2, 'Sunday': 1}","{'June': 1, 'September': 1, 'December': 1}"
5054,3,4,17/01/2023|03/10/2023|16/04/2024,227.5,{'Tuesday': 3},"{'January': 1, 'October': 1, 'April': 1}"
6863,3,4,16/01/2023|05/09/2023|27/11/2023,157.5,"{'Monday': 2, 'Tuesday': 1}","{'January': 1, 'September': 1, 'November': 1}"
7724,3,4,11/01/2023|02/08/2023|25/11/2024,342.0,"{'Wednesday': 2, 'Monday': 1}","{'January': 1, 'August': 1, 'November': 1}"
4572,3,4,11/01/2023|01/07/2023|01/04/2024,223.0,"{'Wednesday': 1, 'Saturday': 1, 'Monday': 1}","{'January': 1, 'July': 1, 'April': 1}"
7939,3,4,10/01/2023|14/04/2025|06/08/2025,469.5,"{'Tuesday': 1, 'Monday': 1, 'Wednesday': 1}","{'January': 1, 'April': 1, 'August': 1}"
3036,3,4,13/02/2023|06/09/2023|12/06/2024,242.5,"{'Wednesday': 2, 'Monday': 1}","{'February': 1, 'September': 1, 'June': 1}"
2727,3,4,13/02/2023|11/07/2023|10/10/2023,119.5,"{'Tuesday': 2, 'Monday': 1}","{'February': 1, 'July': 1, 'October': 1}"
0178,3,4,12/02/2023|26/03/2024|17/07/2024,260.5,"{'Sunday': 1, 'Tuesday': 1, 'Wednesday': 1}","{'February': 1, 'March': 1, 'July': 1}"
8817,3,4,11/02/2023|08/05/2023|12/11/2023,137.0,"{'Saturday': 1, 'Monday': 1, 'Sunday': 1}","{'February': 1, 'May': 1, 'November': 1}"
6633,3,4,04/11/2020|11/12/2024|06/01/2025,762.0,"{'Wednesday': 2, 'Monday': 1}","{'November': 1, 'December': 1, 'January': 1}"
7950,3,4,02/11/2020|04/04/2023|21/09/2024,709.5,"{'Monday': 1, 'Tuesday': 1, 'Saturday': 1}","{'November': 1, 'April': 1, 'September': 1}"
2165,3,4,08/02/2023|20/05/2023|18/05/2024,232.5,"{'Saturday': 2, 'Wednesday': 1}","{'May': 2, 'February': 1}"
0139,3,4,07/02/2023|11/07/2023|25/01/2025,359.0,"{'Tuesday': 2, 'Saturday': 1}","{'February': 1, 'July': 1, 'January': 1}"
3362,3,4,06/02/2023|21/10/2023|06/08/2024,273.5,"{'Monday': 1, 'Saturday': 1, 'Tuesday': 1}","{'February': 1, 'October': 1, 'August': 1}"
3290,3,4,05/02/2023|28/07/2025|26/08/2025,466.5,"{'Sunday': 1, 'Monday': 1, 'Tuesday': 1}","{'February': 1, 'July': 1, 'August': 1}"
5325,3,4,01/02/2023|20/02/2024|14/09/2025,478.0,"{'Wednesday': 1, 'Tuesday': 1, 'Sunday': 1}","{'February': 2, 'September': 1}"
3256,3,4,22/03/2023|05/06/2023|01/01/2025,325.5,"{'Wednesday': 2, 'Monday': 1}","{'March': 1, 'June': 1, 'January': 1}"
9595,3,4,19/10/2020|07/04/2021|15/06/2025,850.0,"{'Monday': 1, 'Wednesday': 1, 'Sunday': 1}","{'October': 1, 'April': 1, 'June': 1}"
8088,3,4,19/10/2020|01/03/2023|16/04/2025,820.0,"{'Wednesday': 2, 'Monday': 1}","{'October': 1, 'March': 1, 'April': 1}"
6622,3,4,19/10/2020|14/09/2021|11/11/2024,742.0,"{'Monday': 2, 'Tuesday': 1}","{'October': 1, 'September': 1, 'November': 1}"
9842,3,4,15/03/2023|30/09/2023|26/02/2024,174.0,"{'Wednesday': 1, 'Saturday': 1, 'Monday': 1}","{'March': 1, 'September': 1, 'February': 1}"
8059,3,4,15/03/2023|07/08/2023|11/01/2025,334.0,"{'Wednesday': 1, 'Monday': 1, 'Saturday': 1}","{'March': 1, 'August': 1, 'January': 1}"
3252,3,4,14/03/2023|21/05/2024|27/04/2025,387.5,"{'Tuesday': 2, 'Sunday': 1}","{'March': 1, 'May': 1, 'April': 1}"
7807,3,4,02/01/2023|07/03/2023|29/11/2023,165.5,"{'Monday': 1, 'Tuesday': 1, 'Wednesday': 1}","{'January': 1, 'March': 1, 'November': 1}"
0057,3,4,28/12/2022|29/09/2024|27/11/2024,350.0,"{'Wednesday': 2, 'Sunday': 1}","{'December': 1, 'September': 1, 'November': 1}"
6184,3,4,27/12/2022|26/11/2023|10/03/2024,219.5,"{'Sunday': 2, 'Tuesday': 1}","{'December': 1, 'November': 1, 'March': 1}"
9695,3,4,22/01/2023|06/08/2024|15/02/2025,377.5,"{'Sunday': 1, 'Tuesday': 1, 'Saturday': 1}","{'January': 1, 'August': 1, 'February': 1}"
9909,3,4,09/11/2020|18/11/2020|30/04/2024,634.0,"{'Monday': 1, 'Wednesday': 1, 'Tuesday': 1}","{'November': 2, 'April': 1}"
8261,3,4,18/01/2023|08/04/2024|11/02/2025,377.5,"{'Wednesday': 1, 'Monday': 1, 'Tuesday': 1}","{'January': 1, 'April': 1, 'February': 1}"
3197,3,4,18/01/2023|30/01/2023|02/01/2024,174.5,"{'Wednesday': 1, 'Monday': 1, 'Tuesday': 1}",{'January': 3}
1950,3,4,18/01/2023|20/01/2025|25/07/2025,459.5,"{'Wednesday': 1, 'Monday': 1, 'Friday': 1}","{'January': 2, 'July': 1}"
5338,3,4,17/01/2023|14/07/2025|30/08/2025,478.0,"{'Tuesday': 1, 'Monday': 1, 'Saturday': 1}","{'January': 1, 'July': 1, 'August': 1}"
0220,3,4,14/12/2022|24/01/2023|21/08/2024,308.0,"{'Wednesday': 2, 'Tuesday': 1}","{'December': 1, 'January': 1, 'August': 1}"
3183,3,4,11/12/2022|23/04/2024|19/05/2024,262.5,"{'Sunday': 2, 'Tuesday': 1}","{'December': 1, 'April': 1, 'May': 1}"
2401,3,4,09/01/2023|25/12/2023|05/04/2025,408.5,"{'Monday': 2, 'Saturday': 1}","{'January': 1, 'December': 1, 'April': 1}"
1253,3,4,09/01/2023|01/02/2023|05/03/2023,27.5,"{'Monday': 1, 'Wednesday': 1, 'Sunday': 1}","{'January': 1, 'February': 1, 'March': 1}"
4535,3,4,16/11/2020|05/06/2022|08/12/2024,741.5,"{'Sunday': 2, 'Monday': 1}","{'November': 1, 'June': 1, 'December': 1}"
3081,3,4,16/11/2020|13/04/2021|10/06/2023,468.0,"{'Monday': 1, 'Tuesday': 1, 'Saturday': 1}","{'November': 1, 'April': 1, 'June': 1}"
3584,3,4,08/01/2023|19/03/2024|17/07/2024,278.0,"{'Sunday': 1, 'Tuesday': 1, 'Wednesday': 1}","{'January': 1, 'March': 1, 'July': 1}"
0301,3,4,04/01/2023|07/03/2023|19/06/2025,448.5,"{'Wednesday': 1, 'Tuesday': 1, 'Thursday': 1}","{'January': 1, 'March': 1, 'June': 1}"
1110,3,4,03/01/2023|14/02/2023|27/04/2025,422.5,"{'Tuesday': 2, 'Sunday': 1}","{'January': 1, 'February': 1, 'April': 1}"
2596,3,4,19/02/2023|29/07/2023|04/09/2023,98.5,"{'Sunday': 1, 'Saturday': 1, 'Monday': 1}","{'February': 1, 'July': 1, 'September': 1}"
5768,3,4,15/02/2023|04/06/2023|02/01/2024,160.5,"{'Wednesday': 1, 'Sunday': 1, 'Tuesday': 1}","{'February': 1, 'June': 1, 'January': 1}"
5098,3,4,15/02/2023|25/09/2024|19/07/2025,442.5,"{'Wednesday': 2, 'Saturday': 1}","{'February': 1, 'September': 1, 'July': 1}"
3199,3,4,15/02/2023|26/12/2023|07/09/2024,285.0,"{'Wednesday': 1, 'Tuesday': 1, 'Saturday': 1}","{'February': 1, 'December': 1, 'September': 1}"
7291,3,4,14/02/2023|06/04/2024|11/05/2024,226.0,"{'Saturday': 2, 'Tuesday': 1}","{'February': 1, 'April': 1, 'May': 1}"
2818,3,4,25/03/2023|25/04/2023|29/04/2024,200.5,"{'Saturday': 1, 'Tuesday': 1, 'Monday': 1}","{'April': 2, 'March': 1}"
0991,3,4,25/03/2023|19/11/2023|24/07/2025,426.0,"{'Saturday': 1, 'Sunday': 1, 'Thursday': 1}","{'March': 1, 'November': 1, 'July': 1}"
4265,3,4,05/04/2023|05/10/2024|07/10/2024,275.5,"{'Wednesday': 1, 'Saturday': 1, 'Monday': 1}","{'October': 2, 'April': 1}"
3169,3,4,05/04/2023|28/10/2023|30/11/2024,302.5,"{'Saturday': 2, 'Wednesday': 1}","{'April': 1, 'October': 1, 'November': 1}"
1549,3,4,05/04/2023|26/06/2023|16/10/2024,280.0,"{'Wednesday': 2, 'Monday': 1}","{'April': 1, 'June': 1, 'October': 1}"
8486,3,4,01/04/2023|12/08/2024|12/11/2024,295.5,"{'Saturday': 1, 'Monday': 1, 'Tuesday': 1}","{'April': 1, 'August': 1, 'November': 1}"
9548,3,4,03/12/2022|30/05/2023|05/04/2025,427.0,"{'Saturday': 2, 'Tuesday': 1}","{'December': 1, 'May': 1, 'April': 1}"
1362,3,4,03/12/2022|27/06/2023|22/02/2025,406.0,"{'Saturday': 2, 'Tuesday': 1}","{'December': 1, 'June': 1, 'February': 1}"
9375,3,4,30/11/2022|24/03/2025|11/08/2025,492.5,"{'Monday': 2, 'Wednesday': 1}","{'November': 1, 'March': 1, 'August': 1}"
2830,3,4,26/12/2022|21/08/2023|18/09/2025,498.5,"{'Monday': 2, 'Thursday': 1}","{'December': 1, 'August': 1, 'September': 1}"
2370,3,4,26/12/2022|06/11/2023|06/05/2024,248.5,{'Monday': 3},"{'December': 1, 'November': 1, 'May': 1}"
2787,3,4,23/11/2020|19/01/2021|04/12/2021,188.0,"{'Monday': 1, 'Tuesday': 1, 'Saturday': 1}","{'November': 1, 'January': 1, 'December': 1}"
5336,3,4,25/12/2022|02/05/2023|31/03/2025,413.5,"{'Sunday': 1, 'Tuesday': 1, 'Monday': 1}","{'December': 1, 'May': 1, 'March': 1}"
3279,3,4,24/12/2022|17/07/2023|12/02/2025,390.5,"{'Saturday': 1, 'Monday': 1, 'Wednesday': 1}","{'December': 1, 'July': 1, 'February': 1}"
0355,3,4,24/12/2022|26/02/2024|13/11/2024,345.0,"{'Saturday': 1, 'Monday': 1, 'Wednesday': 1}","{'December': 1, 'February': 1, 'November': 1}"
1552,3,4,21/12/2022|28/02/2024|12/04/2025,421.5,"{'Wednesday': 2, 'Saturday': 1}","{'December': 1, 'February': 1, 'April': 1}"
3257,3,4,20/12/2022|10/10/2023|26/04/2025,429.0,"{'Tuesday': 2, 'Saturday': 1}","{'December': 1, 'October': 1, 'April': 1}"
2604,3,4,14/12/2022|26/12/2023|23/03/2025,415.0,"{'Wednesday': 1, 'Tuesday': 1, 'Sunday': 1}","{'December': 2, 'March': 1}"
9402,3,4,07/12/2022|27/08/2024|16/09/2024,324.5,"{'Wednesday': 1, 'Tuesday': 1, 'Monday': 1}","{'December': 1, 'August': 1, 'September': 1}"
6954,3,4,07/12/2022|22/02/2023|12/12/2023,185.0,"{'Wednesday': 2, 'Tuesday': 1}","{'December': 2, 'February': 1}"
4659,3,4,01/12/2020|18/07/2023|03/04/2024,609.5,"{'Tuesday': 2, 'Wednesday': 1}","{'December': 1, 'July': 1, 'April': 1}"
7218,3,4,30/11/2020|03/02/2025|25/07/2025,849.0,"{'Monday': 2, 'Friday': 1}","{'November': 1, 'February': 1, 'July': 1}"
2615,3,4,07/12/2022|02/08/2023|16/04/2024,248.0,"{'Wednesday': 2, 'Tuesday': 1}","{'December': 1, 'August': 1, 'April': 1}"
3092,3,4,06/12/2022|17/12/2022|04/03/2023,44.0,"{'Saturday': 2, 'Tuesday': 1}","{'December': 2, 'March': 1}"
9959,3,4,04/12/2022|21/03/2023|10/09/2024,323.0,"{'Tuesday': 2, 'Sunday': 1}","{'December': 1, 'March': 1, 'September': 1}"
2851,3,4,13/03/2023|20/11/2024|11/02/2025,350.5,"{'Monday': 1, 'Wednesday': 1, 'Tuesday': 1}","{'March': 1, 'November': 1, 'February': 1}"
6687,3,4,07/03/2023|24/12/2023|06/02/2024,168.0,"{'Tuesday': 2, 'Sunday': 1}","{'March': 1, 'December': 1, 'February': 1}"
4860,3,4,01/03/2023|17/05/2023|14/02/2024,175.0,{'Wednesday': 3},"{'March': 1, 'May': 1, 'February': 1}"
1995,3,4,01/03/2023|10/07/2025|19/09/2025,466.5,"{'Wednesday': 1, 'Thursday': 1, 'Friday': 1}","{'March': 1, 'July': 1, 'September': 1}"
7106,3,4,15/04/2023|17/12/2023|05/02/2024,148.0,"{'Saturday': 1, 'Sunday': 1, 'Monday': 1}","{'April': 1, 'December': 1, 'February': 1}"
6430,3,4,08/04/2023|05/08/2023|09/09/2024,260.0,"{'Saturday': 2, 'Monday': 1}","{'April': 1, 'August': 1, 'September': 1}"
6562,3,4,14/10/2020|11/01/2021|22/10/2024,734.5,"{'Wednesday': 1, 'Monday': 1, 'Tuesday': 1}","{'October': 2, 'January': 1}"
6206,3,4,14/10/2020|15/11/2023|18/08/2024,702.0,"{'Wednesday': 2, 'Sunday': 1}","{'October': 1, 'November': 1, 'August': 1}"
7904,3,4,12/10/2020|14/10/2023|21/12/2024,765.5,"{'Saturday': 2, 'Monday': 1}","{'October': 2, 'December': 1}"
8351,3,4,01/11/2022|16/08/2023|31/03/2024,258.0,"{'Tuesday': 1, 'Wednesday': 1, 'Sunday': 1}","{'November': 1, 'August': 1, 'March': 1}"
2524,3,4,01/11/2022|22/04/2023|05/01/2025,398.0,"{'Tuesday': 1, 'Saturday': 1, 'Sunday': 1}","{'November': 1, 'April': 1, 'January': 1}"
6167,3,4,31/10/2022|21/12/2022|18/03/2023,69.0,"{'Monday': 1, 'Wednesday': 1, 'Saturday': 1}","{'October': 1, 'December': 1, 'March': 1}"
9779,3,4,29/10/2022|10/08/2024|12/10/2024,357.0,{'Saturday': 3},"{'October': 2, 'August': 1}"
0620,3,4,28/11/2022|27/05/2024|27/07/2025,486.0,"{'Monday': 2, 'Sunday': 1}","{'November': 1, 'May': 1, 'July': 1}"
3151,3,4,05/12/2020|05/03/2023|04/10/2023,516.5,"{'Saturday': 1, 'Sunday': 1, 'Wednesday': 1}","{'December': 1, 'March': 1, 'October': 1}"
5135,3,4,23/11/2022|21/02/2023|27/05/2024,275.5,"{'Wednesday': 1, 'Tuesday': 1, 'Monday': 1}","{'November': 1, 'February': 1, 'May': 1}"
1540,3,4,23/11/2022|04/07/2023|11/12/2023,191.5,"{'Wednesday': 1, 'Tuesday': 1, 'Monday': 1}","{'November': 1, 'July': 1, 'December': 1}"
0643,3,4,23/11/2022|16/04/2023|23/02/2025,411.5,"{'Sunday': 2, 'Wednesday': 1}","{'November': 1, 'April': 1, 'February': 1}"
1890,3,4,21/11/2022|28/11/2023|09/09/2025,511.5,"{'Tuesday': 2, 'Monday': 1}","{'November': 2, 'September': 1}"
8477,3,4,19/11/2022|28/06/2023|18/12/2023,197.0,"{'Saturday': 1, 'Wednesday': 1, 'Monday': 1}","{'November': 1, 'June': 1, 'December': 1}"
0761,3,4,19/11/2022|21/04/2024|02/07/2024,295.5,"{'Saturday': 1, 'Sunday': 1, 'Tuesday': 1}","{'November': 1, 'April': 1, 'July': 1}"
9435,3,4,15/11/2022|27/02/2024|19/08/2025,504.0,{'Tuesday': 3},"{'November': 1, 'February': 1, 'August': 1}"
0852,3,4,15/11/2022|09/03/2024|20/06/2025,474.0,"{'Tuesday': 1, 'Saturday': 1, 'Friday': 1}","{'November': 1, 'March': 1, 'June': 1}"
6858,3,4,14/11/2022|24/07/2023|03/09/2023,146.5,"{'Monday': 2, 'Sunday': 1}","{'November': 1, 'July': 1, 'September': 1}"
9871,3,4,10/12/2022|24/04/2023|06/10/2024,333.0,"{'Saturday': 1, 'Monday': 1, 'Sunday': 1}","{'December': 1, 'April': 1, 'October': 1}"
3045,3,4,23/10/2022|28/02/2023|16/09/2023,164.0,"{'Sunday': 1, 'Tuesday': 1, 'Saturday': 1}","{'October': 1, 'February': 1, 'September': 1}"
9100,3,4,19/10/2022|26/11/2023|03/12/2024,388.0,"{'Wednesday': 1, 'Sunday': 1, 'Tuesday': 1}","{'October': 1, 'November': 1, 'December': 1}"
7192,3,4,19/10/2022|26/03/2023|17/06/2024,303.5,"{'Wednesday': 1, 'Sunday': 1, 'Monday': 1}","{'October': 1, 'March': 1, 'June': 1}"
3094,3,4,18/10/2022|25/01/2023|19/07/2025,502.5,"{'Tuesday': 1, 'Wednesday': 1, 'Saturday': 1}","{'October': 1, 'January': 1, 'July': 1}"
9862,3,4,16/10/2022|22/10/2022|22/08/2023,155.0,"{'Sunday': 1, 'Saturday': 1, 'Tuesday': 1}","{'October': 2, 'August': 1}"
8874,3,4,12/10/2022|06/01/2024|20/07/2024,323.5,"{'Saturday': 2, 'Wednesday': 1}","{'October': 1, 'January': 1, 'July': 1}"
7047,3,4,07/11/2022|06/01/2024|29/10/2024,361.0,"{'Monday': 1, 'Saturday': 1, 'Tuesday': 1}","{'November': 1, 'January': 1, 'October': 1}"
8253,3,4,06/11/2022|11/02/2023|24/03/2025,434.5,"{'Sunday': 1, 'Saturday': 1, 'Monday': 1}","{'November': 1, 'February': 1, 'March': 1}"
3579,3,4,06/11/2022|20/05/2024|27/04/2025,451.5,"{'Sunday': 2, 'Monday': 1}","{'November': 1, 'May': 1, 'April': 1}"
7485,3,4,05/11/2022|18/09/2023|08/09/2025,519.0,"{'Monday': 2, 'Saturday': 1}","{'September': 2, 'November': 1}"
3413,3,4,07/12/2020|11/04/2023|07/10/2024,700.0,"{'Monday': 2, 'Tuesday': 1}","{'December': 1, 'April': 1, 'October': 1}"
3011,3,4,07/12/2020|30/04/2022|20/06/2025,828.0,"{'Monday': 1, 'Saturday': 1, 'Friday': 1}","{'December': 1, 'April': 1, 'June': 1}"
2478,3,4,07/12/2020|24/04/2021|14/02/2023,399.5,"{'Monday': 1, 'Saturday': 1, 'Tuesday': 1}","{'December': 1, 'April': 1, 'February': 1}"
7713,3,4,05/12/2020|06/10/2021|14/03/2023,414.5,"{'Saturday': 1, 'Wednesday': 1, 'Tuesday': 1}","{'December': 1, 'October': 1, 'March': 1}"
2643,3,4,02/11/2022|18/10/2023|10/03/2024,247.0,"{'Wednesday': 2, 'Sunday': 1}","{'November': 1, 'October': 1, 'March': 1}"
8915,3,4,01/11/2022|06/07/2024|09/07/2024,308.0,"{'Tuesday': 2, 'Saturday': 1}","{'July': 2, 'November': 1}"
7187,3,4,10/10/2020|10/12/2022|14/02/2023,428.5,"{'Saturday': 2, 'Tuesday': 1}","{'October': 1, 'December': 1, 'February': 1}"
6731,3,4,07/10/2020|21/02/2023|20/12/2023,584.5,"{'Wednesday': 2, 'Tuesday': 1}","{'October': 1, 'February': 1, 'December': 1}"
4541,3,4,02/05/2023|28/08/2023|12/05/2024,188.0,"{'Tuesday': 1, 'Monday': 1, 'Sunday': 1}","{'May': 2, 'August': 1}"
2962,3,4,30/04/2023|17/05/2023|16/04/2025,358.5,"{'Wednesday': 2, 'Sunday': 1}","{'April': 2, 'May': 1}"
2193,3,4,29/04/2023|20/03/2024|22/10/2024,271.0,"{'Saturday': 1, 'Wednesday': 1, 'Tuesday': 1}","{'April': 1, 'March': 1, 'October': 1}"
3543,3,4,24/04/2023|24/06/2023|30/06/2024,216.5,"{'Monday': 1, 'Saturday': 1, 'Sunday': 1}","{'June': 2, 'April': 1}"
9957,3,4,23/04/2023|21/06/2023|11/08/2024,238.0,"{'Sunday': 2, 'Wednesday': 1}","{'April': 1, 'June': 1, 'August': 1}"
0623,3,4,04/10/2022|14/12/2022|16/08/2023,158.0,"{'Wednesday': 2, 'Tuesday': 1}","{'October': 1, 'December': 1, 'August': 1}"
6785,3,4,01/10/2022|26/02/2024|03/12/2024,397.0,"{'Saturday': 1, 'Monday': 1, 'Tuesday': 1}","{'October': 1, 'February': 1, 'December': 1}"
0646,3,4,24/09/2022|06/09/2023|18/09/2024,362.5,"{'Wednesday': 2, 'Saturday': 1}",{'September': 3}
3971,3,4,26/10/2022|07/06/2023|09/07/2023,128.0,"{'Wednesday': 2, 'Sunday': 1}","{'October': 1, 'June': 1, 'July': 1}"
9658,3,4,25/10/2022|18/07/2023|18/06/2024,301.0,{'Tuesday': 3},"{'October': 1, 'July': 1, 'June': 1}"
9809,3,4,08/12/2020|19/04/2021|11/09/2023,503.5,"{'Monday': 2, 'Tuesday': 1}","{'December': 1, 'April': 1, 'September': 1}"
3219,3,4,08/12/2020|23/12/2024|03/03/2025,773.0,"{'Monday': 2, 'Tuesday': 1}","{'December': 2, 'March': 1}"
5990,3,4,09/12/2020|10/01/2022|12/06/2023,457.5,"{'Monday': 2, 'Wednesday': 1}","{'December': 1, 'January': 1, 'June': 1}"
5086,3,4,24/10/2022|17/04/2023|11/09/2025,526.5,"{'Monday': 2, 'Thursday': 1}","{'October': 1, 'April': 1, 'September': 1}"
5584,3,4,29/08/2022|12/08/2023|03/08/2024,352.5,"{'Saturday': 2, 'Monday': 1}",{'August': 3}
3029,3,4,10/10/2022|21/01/2023|31/03/2025,451.5,"{'Monday': 2, 'Saturday': 1}","{'October': 1, 'January': 1, 'March': 1}"
1393,3,4,10/10/2022|02/05/2023|31/08/2024,345.5,"{'Monday': 1, 'Tuesday': 1, 'Saturday': 1}","{'October': 1, 'May': 1, 'August': 1}"
5033,3,4,09/10/2022|07/08/2024|10/09/2024,351.0,"{'Sunday': 1, 'Wednesday': 1, 'Tuesday': 1}","{'October': 1, 'August': 1, 'September': 1}"
4800,3,4,14/12/2020|13/09/2021|14/06/2023,456.0,"{'Monday': 2, 'Wednesday': 1}","{'December': 1, 'September': 1, 'June': 1}"
8414,3,4,12/12/2020|30/07/2023|20/12/2023,551.5,"{'Saturday': 1, 'Sunday': 1, 'Wednesday': 1}","{'December': 2, 'July': 1}"
2322,3,4,08/10/2022|31/12/2022|20/11/2024,387.0,"{'Saturday': 2, 'Wednesday': 1}","{'October': 1, 'December': 1, 'November': 1}"
0828,3,4,08/10/2022|26/11/2022|02/04/2023,88.0,"{'Saturday': 2, 'Sunday': 1}","{'October': 1, 'November': 1, 'April': 1}"
7869,3,4,04/10/2022|23/01/2023|10/07/2024,322.5,"{'Tuesday': 1, 'Monday': 1, 'Wednesday': 1}","{'October': 1, 'January': 1, 'July': 1}"
5541,3,4,04/10/2022|21/05/2023|19/10/2024,373.0,"{'Tuesday': 1, 'Sunday': 1, 'Saturday': 1}","{'October': 2, 'May': 1}"
8568,3,4,28/03/2023|22/08/2023|10/08/2024,250.5,"{'Tuesday': 2, 'Saturday': 1}","{'August': 2, 'March': 1}"
7882,3,4,27/03/2023|09/08/2023|13/01/2025,329.0,"{'Monday': 2, 'Wednesday': 1}","{'March': 1, 'August': 1, 'January': 1}"
4018,3,4,27/03/2023|30/03/2025|02/08/2025,429.5,"{'Monday': 1, 'Sunday': 1, 'Saturday': 1}","{'March': 2, 'August': 1}"
2342,3,4,08/05/2023|30/04/2025|15/06/2025,384.5,"{'Monday': 1, 'Wednesday': 1, 'Sunday': 1}","{'May': 1, 'April': 1, 'June': 1}"
0393,3,4,08/05/2023|21/08/2023|30/10/2024,270.5,"{'Monday': 2, 'Wednesday': 1}","{'May': 1, 'August': 1, 'October': 1}"
4815,3,4,07/05/2023|12/08/2024|28/04/2025,361.0,"{'Monday': 2, 'Sunday': 1}","{'May': 1, 'August': 1, 'April': 1}"
0830,3,4,19/12/2020|30/01/2021|02/11/2021,159.0,"{'Saturday': 2, 'Tuesday': 1}","{'December': 1, 'January': 1, 'November': 1}"
9605,3,4,16/12/2020|08/11/2022|11/07/2025,834.0,"{'Wednesday': 1, 'Tuesday': 1, 'Friday': 1}","{'December': 1, 'November': 1, 'July': 1}"
3872,3,4,21/08/2022|04/07/2023|27/04/2025,490.0,"{'Sunday': 2, 'Tuesday': 1}","{'August': 1, 'July': 1, 'April': 1}"
5141,3,4,20/08/2022|13/02/2023|24/03/2024,291.0,"{'Saturday': 1, 'Monday': 1, 'Sunday': 1}","{'August': 1, 'February': 1, 'March': 1}"
3799,3,4,17/08/2022|05/08/2023|28/10/2024,401.5,"{'Wednesday': 1, 'Saturday': 1, 'Monday': 1}","{'August': 2, 'October': 1}"
6139,3,4,14/08/2022|01/10/2023|26/11/2024,417.5,"{'Sunday': 2, 'Tuesday': 1}","{'August': 1, 'October': 1, 'November': 1}"
8947,3,4,10/08/2022|04/02/2024|26/04/2025,495.0,"{'Wednesday': 1, 'Sunday': 1, 'Saturday': 1}","{'August': 1, 'February': 1, 'April': 1}"
5856,3,4,27/09/2022|25/04/2023|14/02/2024,252.5,"{'Tuesday': 2, 'Wednesday': 1}","{'September': 1, 'April': 1, 'February': 1}"
8600,3,4,25/09/2022|05/12/2023|03/07/2025,506.0,"{'Sunday': 1, 'Tuesday': 1, 'Thursday': 1}","{'September': 1, 'December': 1, 'July': 1}"
7953,3,4,15/12/2020|20/12/2021|20/11/2024,718.0,"{'Tuesday': 1, 'Monday': 1, 'Wednesday': 1}","{'December': 2, 'November': 1}"
7186,3,4,20/09/2022|03/07/2023|20/01/2025,426.5,"{'Monday': 2, 'Tuesday': 1}","{'September': 1, 'July': 1, 'January': 1}"
0394,3,4,14/09/2022|24/12/2024|22/02/2025,446.0,"{'Wednesday': 1, 'Tuesday': 1, 'Saturday': 1}","{'September': 1, 'December': 1, 'February': 1}"
7893,3,4,06/09/2022|19/09/2022|01/10/2024,378.0,"{'Tuesday': 2, 'Monday': 1}","{'September': 2, 'October': 1}"
4564,3,4,04/09/2022|30/11/2022|12/06/2025,506.0,"{'Sunday': 1, 'Wednesday': 1, 'Thursday': 1}","{'September': 1, 'November': 1, 'June': 1}"
4324,3,4,04/09/2022|17/03/2024|30/03/2025,469.0,{'Sunday': 3},"{'March': 2, 'September': 1}"
9937,3,4,30/08/2022|14/03/2023|16/06/2025,510.5,"{'Tuesday': 2, 'Monday': 1}","{'August': 1, 'March': 1, 'June': 1}"
5717,3,4,22/12/2020|14/03/2023|16/03/2024,590.0,"{'Tuesday': 2, 'Saturday': 1}","{'March': 2, 'December': 1}"
7621,3,4,21/12/2020|06/08/2022|07/02/2024,571.5,"{'Monday': 1, 'Saturday': 1, 'Wednesday': 1}","{'December': 1, 'August': 1, 'February': 1}"
3711,3,4,07/08/2022|05/07/2023|07/08/2023,182.5,"{'Sunday': 1, 'Wednesday': 1, 'Monday': 1}","{'August': 2, 'July': 1}"
9539,3,4,06/08/2022|20/03/2023|11/12/2024,429.0,"{'Saturday': 1, 'Monday': 1, 'Wednesday': 1}","{'August': 1, 'March': 1, 'December': 1}"
2935,3,4,06/08/2022|26/03/2024|07/10/2024,396.5,"{'Saturday': 1, 'Tuesday': 1, 'Monday': 1}","{'August': 1, 'March': 1, 'October': 1}"
7271,3,4,02/08/2022|01/10/2022|03/07/2025,533.0,"{'Tuesday': 1, 'Saturday': 1, 'Thursday': 1}","{'August': 1, 'October': 1, 'July': 1}"
6854,3,4,01/08/2022|08/02/2023|08/07/2023,170.5,"{'Monday': 1, 'Wednesday': 1, 'Saturday': 1}","{'August': 1, 'February': 1, 'July': 1}"
4894,3,4,31/07/2022|23/08/2022|07/06/2023,155.5,"{'Sunday': 1, 'Tuesday': 1, 'Wednesday': 1}","{'July': 1, 'August': 1, 'June': 1}"
3894,3,4,30/07/2022|19/04/2023|23/06/2024,347.0,"{'Saturday': 1, 'Wednesday': 1, 'Sunday': 1}","{'July': 1, 'April': 1, 'June': 1}"
1196,3,4,25/07/2022|17/09/2023|20/11/2024,424.5,"{'Monday': 1, 'Sunday': 1, 'Wednesday': 1}","{'July': 1, 'September': 1, 'November': 1}"
2115,3,4,29/08/2022|12/12/2023|25/09/2024,379.0,"{'Monday': 1, 'Tuesday': 1, 'Wednesday': 1}","{'August': 1, 'December': 1, 'September': 1}"
7039,3,4,24/08/2022|08/01/2025|08/08/2025,540.0,"{'Wednesday': 2, 'Friday': 1}","{'August': 2, 'January': 1}"
0964,3,4,21/12/2020|05/04/2021|08/01/2024,556.5,{'Monday': 3},"{'December': 1, 'April': 1, 'January': 1}"
7813,3,4,19/12/2020|06/11/2021|30/04/2024,614.0,"{'Saturday': 2, 'Tuesday': 1}","{'December': 1, 'November': 1, 'April': 1}"
6315,3,4,19/12/2020|28/06/2022|28/10/2023,521.5,"{'Saturday': 2, 'Tuesday': 1}","{'December': 1, 'June': 1, 'October': 1}"
2618,3,4,19/12/2020|30/01/2021|26/09/2023,505.5,"{'Saturday': 2, 'Tuesday': 1}","{'December': 1, 'January': 1, 'September': 1}"
6135,3,4,21/05/2023|03/03/2025|10/08/2025,406.0,"{'Sunday': 2, 'Monday': 1}","{'May': 1, 'March': 1, 'August': 1}"
0785,3,4,20/05/2023|29/12/2024|31/12/2024,295.5,"{'Saturday': 1, 'Sunday': 1, 'Tuesday': 1}","{'December': 2, 'May': 1}"
5193,3,4,07/10/2020|30/12/2024|28/07/2025,877.5,"{'Monday': 2, 'Wednesday': 1}","{'October': 1, 'December': 1, 'July': 1}"
2458,3,4,07/10/2020|13/01/2021|12/02/2023,429.0,"{'Wednesday': 2, 'Sunday': 1}","{'October': 1, 'January': 1, 'February': 1}"
1139,3,4,07/10/2020|07/08/2023|19/11/2023,569.0,"{'Wednesday': 1, 'Monday': 1, 'Sunday': 1}","{'October': 1, 'August': 1, 'November': 1}"
8304,3,4,05/10/2020|30/06/2024|21/04/2025,829.5,"{'Monday': 2, 'Sunday': 1}","{'October': 1, 'June': 1, 'April': 1}"
4621,3,4,17/05/2023|30/05/2023|21/11/2023,94.0,"{'Tuesday': 2, 'Wednesday': 1}","{'May': 2, 'November': 1}"
4498,3,4,17/05/2023|19/08/2024|04/11/2024,268.5,"{'Monday': 2, 'Wednesday': 1}","{'May': 1, 'August': 1, 'November': 1}"
6966,3,4,15/05/2023|12/06/2023|01/12/2024,283.0,"{'Monday': 2, 'Sunday': 1}","{'May': 1, 'June': 1, 'December': 1}"
1325,3,4,11/07/2022|02/12/2023|16/09/2025,581.5,"{'Monday': 1, 'Saturday': 1, 'Tuesday': 1}","{'July': 1, 'December': 1, 'September': 1}"
1105,3,4,11/07/2022|22/08/2022|30/10/2024,421.0,"{'Monday': 2, 'Wednesday': 1}","{'July': 1, 'August': 1, 'October': 1}"
3846,3,4,10/07/2022|08/05/2024|30/12/2024,452.0,"{'Sunday': 1, 'Wednesday': 1, 'Monday': 1}","{'July': 1, 'May': 1, 'December': 1}"
2789,3,4,10/07/2022|03/03/2025|12/03/2025,488.0,"{'Sunday': 1, 'Monday': 1, 'Wednesday': 1}","{'March': 2, 'July': 1}"
7567,3,4,09/08/2022|04/04/2023|04/12/2023,241.0,"{'Tuesday': 2, 'Monday': 1}","{'August': 1, 'April': 1, 'December': 1}"
1389,3,4,23/12/2020|31/12/2024|13/06/2025,816.5,"{'Wednesday': 1, 'Tuesday': 1, 'Friday': 1}","{'December': 2, 'June': 1}"
7049,3,4,22/12/2020|30/04/2023|24/09/2025,868.5,"{'Tuesday': 1, 'Sunday': 1, 'Wednesday': 1}","{'December': 1, 'April': 1, 'September': 1}"
7371,3,4,28/12/2020|15/05/2023|15/06/2024,632.5,"{'Monday': 2, 'Saturday': 1}","{'December': 1, 'May': 1, 'June': 1}"
2148,3,4,04/07/2022|16/08/2023|22/01/2025,466.5,"{'Wednesday': 2, 'Monday': 1}","{'July': 1, 'August': 1, 'January': 1}"
8202,3,4,03/07/2022|14/07/2024|12/10/2024,416.0,"{'Sunday': 2, 'Saturday': 1}","{'July': 2, 'October': 1}"
3593,3,4,24/07/2022|17/04/2024|15/01/2025,453.0,"{'Wednesday': 2, 'Sunday': 1}","{'July': 1, 'April': 1, 'January': 1}"
0290,3,4,23/07/2022|04/07/2023|08/01/2024,267.0,"{'Saturday': 1, 'Tuesday': 1, 'Monday': 1}","{'July': 2, 'January': 1}"
0060,3,4,23/07/2022|26/05/2024|11/08/2024,375.0,"{'Sunday': 2, 'Saturday': 1}","{'July': 1, 'May': 1, 'August': 1}"
7134,3,4,26/12/2020|26/10/2022|30/10/2024,702.0,"{'Wednesday': 2, 'Saturday': 1}","{'October': 2, 'December': 1}"
3621,3,4,26/12/2020|25/10/2023|16/10/2024,695.0,"{'Wednesday': 2, 'Saturday': 1}","{'October': 2, 'December': 1}"
9648,3,4,23/12/2020|22/10/2022|05/11/2022,341.0,"{'Saturday': 2, 'Wednesday': 1}","{'December': 1, 'October': 1, 'November': 1}"
7276,3,4,12/07/2022|15/10/2022|24/04/2023,143.0,"{'Tuesday': 1, 'Saturday': 1, 'Monday': 1}","{'July': 1, 'October': 1, 'April': 1}"
9712,3,4,22/04/2023|19/07/2023|31/01/2024,142.0,"{'Wednesday': 2, 'Saturday': 1}","{'April': 1, 'July': 1, 'January': 1}"
7046,3,4,22/04/2023|17/09/2024|21/07/2025,410.5,"{'Saturday': 1, 'Tuesday': 1, 'Monday': 1}","{'April': 1, 'September': 1, 'July': 1}"
6824,3,4,19/04/2023|29/07/2023|27/01/2024,141.5,"{'Saturday': 2, 'Wednesday': 1}","{'April': 1, 'July': 1, 'January': 1}"
4314,3,4,18/04/2023|15/01/2024|09/06/2024,209.0,"{'Tuesday': 1, 'Monday': 1, 'Sunday': 1}","{'April': 1, 'January': 1, 'June': 1}"
1531,3,4,17/04/2023|12/07/2023|09/07/2025,407.0,"{'Wednesday': 2, 'Monday': 1}","{'July': 2, 'April': 1}"
4092,3,4,22/05/2023|11/09/2023|12/02/2025,316.0,"{'Monday': 2, 'Wednesday': 1}","{'May': 1, 'September': 1, 'February': 1}"
9173,3,4,29/12/2020|18/04/2022|30/06/2024,639.5,"{'Tuesday': 1, 'Monday': 1, 'Sunday': 1}","{'December': 1, 'April': 1, 'June': 1}"
1855,3,4,27/06/2022|03/12/2023|22/07/2024,378.0,"{'Monday': 2, 'Sunday': 1}","{'June': 1, 'December': 1, 'July': 1}"
2438,3,4,26/06/2022|13/01/2024|24/02/2024,304.0,"{'Saturday': 2, 'Sunday': 1}","{'June': 1, 'January': 1, 'February': 1}"
4905,3,4,25/06/2022|14/03/2023|26/10/2024,427.0,"{'Saturday': 2, 'Tuesday': 1}","{'June': 1, 'March': 1, 'October': 1}"
5686,3,4,22/06/2022|09/01/2023|07/08/2023,205.5,"{'Monday': 2, 'Wednesday': 1}","{'June': 1, 'January': 1, 'August': 1}"
6607,3,4,21/06/2022|20/01/2024|08/02/2025,481.5,"{'Saturday': 2, 'Tuesday': 1}","{'June': 1, 'January': 1, 'February': 1}"
2864,3,4,20/06/2022|16/10/2023|06/01/2025,465.5,{'Monday': 3},"{'June': 1, 'October': 1, 'January': 1}"
2694,3,4,18/06/2022|27/02/2023|17/03/2025,501.5,"{'Monday': 2, 'Saturday': 1}","{'June': 1, 'February': 1, 'March': 1}"
4065,3,4,14/06/2022|11/04/2023|17/06/2023,184.0,"{'Tuesday': 2, 'Saturday': 1}","{'June': 2, 'April': 1}"
5988,3,4,09/07/2022|27/09/2023|28/08/2024,390.5,"{'Wednesday': 2, 'Saturday': 1}","{'July': 1, 'September': 1, 'August': 1}"
9519,3,4,06/07/2022|30/11/2022|07/02/2023,108.0,"{'Wednesday': 2, 'Tuesday': 1}","{'July': 1, 'November': 1, 'February': 1}"
8465,3,4,06/07/2022|08/07/2023|06/11/2024,427.0,"{'Wednesday': 2, 'Saturday': 1}","{'July': 2, 'November': 1}"
8121,3,4,06/07/2022|14/11/2023|27/12/2023,269.5,"{'Wednesday': 2, 'Tuesday': 1}","{'July': 1, 'November': 1, 'December': 1}"
5974,3,4,04/07/2022|04/04/2023|14/12/2024,447.0,"{'Monday': 1, 'Tuesday': 1, 'Saturday': 1}","{'July': 1, 'April': 1, 'December': 1}"
0942,3,4,29/12/2020|16/11/2021|29/04/2025,791.0,{'Tuesday': 3},"{'December': 1, 'November': 1, 'April': 1}"
0237,3,4,29/12/2020|26/10/2022|15/03/2025,768.5,"{'Tuesday': 1, 'Wednesday': 1, 'Saturday': 1}","{'December': 1, 'October': 1, 'March': 1}"
1826,3,4,03/10/2020|13/03/2021|02/04/2022,273.0,{'Saturday': 3},"{'October': 1, 'March': 1, 'April': 1}"
7290,3,4,30/09/2020|13/02/2023|12/02/2025,798.0,"{'Wednesday': 2, 'Monday': 1}","{'February': 2, 'September': 1}"
7105,3,4,30/09/2020|09/05/2023|18/06/2024,678.5,"{'Tuesday': 2, 'Wednesday': 1}","{'September': 1, 'May': 1, 'June': 1}"
8131,3,4,11/06/2023|31/08/2024|28/04/2025,343.5,"{'Sunday': 1, 'Saturday': 1, 'Monday': 1}","{'June': 1, 'August': 1, 'April': 1}"
4973,3,4,11/06/2023|30/03/2025|14/07/2025,382.0,"{'Sunday': 2, 'Monday': 1}","{'June': 1, 'March': 1, 'July': 1}"
2369,3,4,10/06/2023|27/06/2023|01/06/2024,178.5,"{'Saturday': 2, 'Tuesday': 1}",{'June': 3}
7595,3,4,29/05/2023|24/06/2023|08/04/2024,157.5,"{'Monday': 2, 'Saturday': 1}","{'May': 1, 'June': 1, 'April': 1}"
7366,3,4,29/05/2023|24/09/2023|10/02/2024,128.5,"{'Monday': 1, 'Sunday': 1, 'Saturday': 1}","{'May': 1, 'September': 1, 'February': 1}"
8346,3,4,06/06/2022|11/02/2023|09/10/2023,245.0,"{'Monday': 2, 'Saturday': 1}","{'June': 1, 'February': 1, 'October': 1}"
0336,3,4,06/06/2022|24/01/2023|20/04/2024,342.0,"{'Monday': 1, 'Tuesday': 1, 'Saturday': 1}","{'June': 1, 'January': 1, 'April': 1}"
7625,3,4,05/06/2022|26/06/2023|14/04/2024,339.5,"{'Sunday': 2, 'Monday': 1}","{'June': 2, 'April': 1}"
7283,3,4,04/06/2022|11/03/2023|31/08/2025,592.0,"{'Saturday': 2, 'Sunday': 1}","{'June': 1, 'March': 1, 'August': 1}"
7801,3,4,03/07/2022|25/12/2022|02/07/2025,547.5,"{'Sunday': 2, 'Wednesday': 1}","{'July': 2, 'December': 1}"
2096,3,4,02/07/2022|20/08/2022|26/04/2023,149.0,"{'Saturday': 2, 'Wednesday': 1}","{'July': 1, 'August': 1, 'April': 1}"
0196,3,4,02/07/2022|17/04/2023|24/11/2024,438.0,"{'Saturday': 1, 'Monday': 1, 'Sunday': 1}","{'July': 1, 'April': 1, 'November': 1}"
3374,3,4,28/06/2022|14/09/2024|15/12/2024,450.5,"{'Tuesday': 1, 'Saturday': 1, 'Sunday': 1}","{'June': 1, 'September': 1, 'December': 1}"
1352,3,4,17/05/2022|29/05/2022|29/07/2024,402.0,"{'Tuesday': 1, 'Sunday': 1, 'Monday': 1}","{'May': 2, 'July': 1}"
3235,3,4,16/05/2022|14/09/2022|22/09/2025,612.5,"{'Monday': 2, 'Wednesday': 1}","{'September': 2, 'May': 1}"
5537,3,4,13/06/2022|03/10/2022|30/07/2025,571.5,"{'Monday': 2, 'Wednesday': 1}","{'June': 1, 'October': 1, 'July': 1}"
2223,3,4,05/01/2021|18/07/2022|02/11/2022,333.0,"{'Tuesday': 1, 'Monday': 1, 'Wednesday': 1}","{'January': 1, 'July': 1, 'November': 1}"
9626,3,4,02/01/2021|22/03/2025|31/07/2025,835.5,"{'Saturday': 2, 'Thursday': 1}","{'January': 1, 'March': 1, 'July': 1}"
8897,3,4,02/01/2021|10/07/2023|18/02/2025,754.0,"{'Saturday': 1, 'Monday': 1, 'Tuesday': 1}","{'January': 1, 'July': 1, 'February': 1}"
7119,3,4,08/06/2022|29/10/2023|05/05/2024,348.5,"{'Sunday': 2, 'Wednesday': 1}","{'June': 1, 'October': 1, 'May': 1}"
3244,3,4,07/06/2022|08/04/2023|03/09/2024,409.5,"{'Tuesday': 2, 'Saturday': 1}","{'June': 1, 'April': 1, 'September': 1}"
2178,3,4,07/06/2022|28/05/2023|09/11/2024,443.0,"{'Tuesday': 1, 'Sunday': 1, 'Saturday': 1}","{'June': 1, 'May': 1, 'November': 1}"
9575,3,4,06/06/2022|25/03/2023|14/05/2023,171.0,"{'Monday': 1, 'Saturday': 1, 'Sunday': 1}","{'June': 1, 'March': 1, 'May': 1}"
4146,3,4,15/05/2023|17/09/2024|10/11/2024,272.5,"{'Monday': 1, 'Tuesday': 1, 'Sunday': 1}","{'May': 1, 'September': 1, 'November': 1}"
8437,3,4,14/05/2023|14/11/2023|07/02/2024,134.5,"{'Sunday': 1, 'Tuesday': 1, 'Wednesday': 1}","{'May': 1, 'November': 1, 'February': 1}"
6320,3,4,10/05/2023|09/08/2023|22/09/2025,433.0,"{'Wednesday': 2, 'Monday': 1}","{'May': 1, 'August': 1, 'September': 1}"
4509,3,4,17/06/2023|21/06/2023|27/08/2025,401.0,"{'Wednesday': 2, 'Saturday': 1}","{'June': 2, 'August': 1}"
8977,3,4,13/06/2023|17/01/2024|15/04/2024,153.5,"{'Tuesday': 1, 'Wednesday': 1, 'Monday': 1}","{'June': 1, 'January': 1, 'April': 1}"
3390,3,4,13/06/2023|19/09/2023|05/10/2024,240.0,"{'Tuesday': 2, 'Saturday': 1}","{'June': 1, 'September': 1, 'October': 1}"
6043,3,4,30/04/2022|30/10/2022|21/10/2023,269.5,"{'Saturday': 2, 'Sunday': 1}","{'October': 2, 'April': 1}"
5047,3,4,30/04/2022|29/10/2023|02/09/2024,428.0,"{'Saturday': 1, 'Sunday': 1, 'Monday': 1}","{'April': 1, 'October': 1, 'September': 1}"
3590,3,4,30/04/2022|08/06/2024|12/02/2025,509.5,"{'Saturday': 2, 'Wednesday': 1}","{'April': 1, 'June': 1, 'February': 1}"
0750,3,4,27/04/2022|17/07/2022|30/08/2022,62.5,"{'Wednesday': 1, 'Sunday': 1, 'Tuesday': 1}","{'April': 1, 'July': 1, 'August': 1}"
2882,3,4,04/06/2022|15/01/2024|08/04/2025,519.5,"{'Saturday': 1, 'Monday': 1, 'Tuesday': 1}","{'June': 1, 'January': 1, 'April': 1}"
8797,3,4,29/05/2022|24/07/2022|26/11/2024,456.0,"{'Sunday': 2, 'Tuesday': 1}","{'May': 1, 'July': 1, 'November': 1}"
2093,3,4,09/01/2021|10/04/2023|08/01/2024,547.0,"{'Monday': 2, 'Saturday': 1}","{'January': 2, 'April': 1}"
0121,3,4,09/01/2021|24/08/2022|09/03/2024,577.5,"{'Saturday': 2, 'Wednesday': 1}","{'January': 1, 'August': 1, 'March': 1}"
5273,3,4,05/01/2021|27/07/2021|20/01/2025,738.0,"{'Tuesday': 2, 'Monday': 1}","{'January': 2, 'July': 1}"
3731,3,4,05/01/2021|02/09/2023|04/06/2024,623.0,"{'Tuesday': 2, 'Saturday': 1}","{'January': 1, 'September': 1, 'June': 1}"
1992,3,4,29/05/2022|08/07/2023|31/07/2025,579.5,"{'Sunday': 1, 'Saturday': 1, 'Thursday': 1}","{'July': 2, 'May': 1}"
7504,3,4,28/05/2022|25/09/2022|18/01/2023,117.5,"{'Saturday': 1, 'Sunday': 1, 'Wednesday': 1}","{'May': 1, 'September': 1, 'January': 1}"
5355,3,4,25/05/2022|11/11/2023|12/05/2024,359.0,"{'Wednesday': 1, 'Saturday': 1, 'Sunday': 1}","{'May': 2, 'November': 1}"
3203,3,4,25/05/2022|30/08/2023|08/05/2024,357.0,{'Wednesday': 3},"{'May': 2, 'August': 1}"
6565,3,4,23/05/2022|07/11/2022|16/08/2023,225.0,"{'Monday': 2, 'Wednesday': 1}","{'May': 1, 'November': 1, 'August': 1}"
2177,3,4,23/05/2022|23/08/2023|03/11/2024,447.5,"{'Monday': 1, 'Wednesday': 1, 'Sunday': 1}","{'May': 1, 'August': 1, 'November': 1}"
6316,3,4,28/09/2020|11/03/2024|07/10/2024,735.0,{'Monday': 3},"{'September': 1, 'March': 1, 'October': 1}"
3096,3,4,28/09/2020|25/05/2022|25/11/2023,576.5,"{'Monday': 1, 'Wednesday': 1, 'Saturday': 1}","{'September': 1, 'May': 1, 'November': 1}"
2655,3,4,28/09/2020|21/10/2023|06/03/2024,627.5,"{'Monday': 1, 'Saturday': 1, 'Wednesday': 1}","{'September': 1, 'October': 1, 'March': 1}"
9717,3,4,26/09/2020|08/08/2023|08/07/2024,690.5,"{'Saturday': 1, 'Tuesday': 1, 'Monday': 1}","{'September': 1, 'August': 1, 'July': 1}"
6747,3,4,26/09/2020|03/12/2024|23/09/2025,911.5,"{'Tuesday': 2, 'Saturday': 1}","{'September': 2, 'December': 1}"
8999,3,4,19/04/2022|11/11/2023|28/04/2024,370.0,"{'Tuesday': 1, 'Saturday': 1, 'Sunday': 1}","{'April': 2, 'November': 1}"
8197,3,4,19/04/2022|03/06/2023|31/01/2024,326.0,"{'Tuesday': 1, 'Saturday': 1, 'Wednesday': 1}","{'April': 1, 'June': 1, 'January': 1}"
5981,3,4,19/04/2022|06/08/2022|18/01/2025,502.5,"{'Saturday': 2, 'Tuesday': 1}","{'April': 1, 'August': 1, 'January': 1}"
5455,3,4,18/04/2022|10/05/2022|13/03/2023,164.5,"{'Monday': 2, 'Tuesday': 1}","{'April': 1, 'May': 1, 'March': 1}"
6558,3,4,11/05/2022|02/01/2024|20/07/2024,400.5,"{'Wednesday': 1, 'Tuesday': 1, 'Saturday': 1}","{'May': 1, 'January': 1, 'July': 1}"
7998,3,4,09/01/2021|04/09/2022|05/01/2025,728.5,"{'Sunday': 2, 'Saturday': 1}","{'January': 2, 'September': 1}"
0424,3,4,09/05/2022|20/02/2023|22/01/2025,494.5,"{'Monday': 2, 'Wednesday': 1}","{'May': 1, 'February': 1, 'January': 1}"
5469,3,4,07/05/2022|11/07/2022|04/09/2024,425.5,"{'Saturday': 1, 'Monday': 1, 'Wednesday': 1}","{'May': 1, 'July': 1, 'September': 1}"
3649,3,4,07/05/2022|06/06/2022|16/07/2025,583.0,"{'Saturday': 1, 'Monday': 1, 'Wednesday': 1}","{'May': 1, 'June': 1, 'July': 1}"
6654,3,4,03/05/2022|05/07/2022|31/10/2023,273.0,{'Tuesday': 3},"{'May': 1, 'July': 1, 'October': 1}"
3205,3,4,02/05/2022|04/09/2023|08/10/2024,445.0,"{'Monday': 2, 'Tuesday': 1}","{'May': 1, 'September': 1, 'October': 1}"
4597,3,4,04/04/2022|30/08/2023|10/03/2025,535.5,"{'Monday': 2, 'Wednesday': 1}","{'April': 1, 'August': 1, 'March': 1}"
6129,3,4,28/03/2022|07/01/2023|15/04/2023,191.5,"{'Saturday': 2, 'Monday': 1}","{'March': 1, 'January': 1, 'April': 1}"
0184,3,4,02/04/2022|22/11/2022|29/05/2023,211.0,"{'Saturday': 1, 'Tuesday': 1, 'Monday': 1}","{'April': 1, 'November': 1, 'May': 1}"
0342,3,4,27/04/2022|04/06/2023|28/10/2024,457.5,"{'Wednesday': 1, 'Sunday': 1, 'Monday': 1}","{'April': 1, 'June': 1, 'October': 1}"
3033,3,4,20/04/2022|29/04/2023|10/09/2025,619.5,"{'Wednesday': 2, 'Saturday': 1}","{'April': 2, 'September': 1}"
6929,3,4,13/01/2021|28/09/2021|18/08/2025,839.0,"{'Wednesday': 1, 'Tuesday': 1, 'Monday': 1}","{'January': 1, 'September': 1, 'August': 1}"
6797,3,4,12/01/2021|12/12/2022|28/05/2023,433.0,"{'Tuesday': 1, 'Monday': 1, 'Sunday': 1}","{'January': 1, 'December': 1, 'May': 1}"
4319,3,4,12/01/2021|24/09/2022|03/06/2023,436.0,"{'Saturday': 2, 'Tuesday': 1}","{'January': 1, 'September': 1, 'June': 1}"
2208,3,4,20/04/2022|12/06/2022|07/02/2024,329.0,"{'Wednesday': 2, 'Sunday': 1}","{'April': 1, 'June': 1, 'February': 1}"
6297,3,4,29/05/2023|05/12/2023|26/04/2025,349.0,"{'Monday': 1, 'Tuesday': 1, 'Saturday': 1}","{'May': 1, 'December': 1, 'April': 1}"
3320,3,4,27/05/2023|03/01/2024|18/02/2024,133.5,"{'Saturday': 1, 'Wednesday': 1, 'Sunday': 1}","{'May': 1, 'January': 1, 'February': 1}"
5080,3,4,22/05/2023|04/11/2024|30/06/2025,385.0,{'Monday': 3},"{'May': 1, 'November': 1, 'June': 1}"
7096,3,4,28/06/2023|22/07/2025|28/08/2025,396.0,"{'Wednesday': 1, 'Tuesday': 1, 'Thursday': 1}","{'June': 1, 'July': 1, 'August': 1}"
5773,3,4,27/06/2023|18/06/2024|13/10/2024,237.0,"{'Tuesday': 2, 'Sunday': 1}","{'June': 2, 'October': 1}"
4387,3,4,26/06/2023|02/04/2024|25/06/2025,365.0,"{'Monday': 1, 'Tuesday': 1, 'Wednesday': 1}","{'June': 2, 'April': 1}"
7741,3,4,28/09/2020|15/03/2023|07/01/2024,598.0,"{'Monday': 1, 'Wednesday': 1, 'Sunday': 1}","{'September': 1, 'March': 1, 'January': 1}"
1416,3,4,21/03/2022|28/05/2022|07/02/2024,344.0,"{'Monday': 1, 'Saturday': 1, 'Wednesday': 1}","{'March': 1, 'May': 1, 'February': 1}"
9014,3,4,16/03/2022|02/07/2022|07/12/2024,498.5,"{'Saturday': 2, 'Wednesday': 1}","{'March': 1, 'July': 1, 'December': 1}"
6463,3,4,16/03/2022|24/05/2022|11/07/2022,58.5,"{'Wednesday': 1, 'Tuesday': 1, 'Monday': 1}","{'March': 1, 'May': 1, 'July': 1}"
6662,3,4,15/03/2022|19/06/2024|10/12/2024,500.5,"{'Tuesday': 2, 'Wednesday': 1}","{'March': 1, 'June': 1, 'December': 1}"
6775,3,4,14/03/2022|15/10/2022|13/01/2025,518.0,"{'Monday': 2, 'Saturday': 1}","{'March': 1, 'October': 1, 'January': 1}"
7638,3,4,16/04/2022|23/06/2024|28/06/2025,584.5,"{'Saturday': 2, 'Sunday': 1}","{'June': 2, 'April': 1}"
2027,3,4,16/04/2022|22/04/2023|20/04/2024,367.5,{'Saturday': 3},{'April': 3}
2005,3,4,13/04/2022|18/06/2023|17/02/2024,337.5,"{'Wednesday': 1, 'Sunday': 1, 'Saturday': 1}","{'April': 1, 'June': 1, 'February': 1}"
6948,3,4,18/01/2021|08/11/2022|16/09/2024,668.5,"{'Monday': 2, 'Tuesday': 1}","{'January': 1, 'November': 1, 'September': 1}"
6104,3,4,16/01/2021|14/04/2024|21/10/2024,687.0,"{'Saturday': 1, 'Sunday': 1, 'Monday': 1}","{'January': 1, 'April': 1, 'October': 1}"
3704,3,4,16/01/2021|07/02/2023|11/02/2025,743.5,"{'Tuesday': 2, 'Saturday': 1}","{'February': 2, 'January': 1}"
6181,3,4,29/03/2022|19/06/2023|05/07/2025,597.0,"{'Tuesday': 1, 'Monday': 1, 'Saturday': 1}","{'March': 1, 'June': 1, 'July': 1}"
2355,3,4,29/03/2022|05/04/2023|25/03/2024,363.5,"{'Tuesday': 1, 'Wednesday': 1, 'Monday': 1}","{'March': 2, 'April': 1}"
2121,3,4,09/04/2022|17/09/2024|27/07/2025,602.5,"{'Saturday': 1, 'Tuesday': 1, 'Sunday': 1}","{'April': 1, 'September': 1, 'July': 1}"
7333,3,4,06/04/2022|03/09/2022|30/01/2024,332.0,"{'Wednesday': 1, 'Saturday': 1, 'Tuesday': 1}","{'April': 1, 'September': 1, 'January': 1}"
0511,3,4,06/04/2022|27/12/2022|23/10/2023,282.5,"{'Wednesday': 1, 'Tuesday': 1, 'Monday': 1}","{'April': 1, 'December': 1, 'October': 1}"
0376,3,4,22/07/2023|12/11/2024|22/08/2025,381.0,"{'Saturday': 1, 'Tuesday': 1, 'Friday': 1}","{'July': 1, 'November': 1, 'August': 1}"
0110,3,4,19/07/2023|10/02/2025|22/08/2025,382.5,"{'Wednesday': 1, 'Monday': 1, 'Friday': 1}","{'July': 1, 'February': 1, 'August': 1}"
2950,3,4,12/07/2023|21/08/2023|06/07/2024,180.0,"{'Wednesday': 1, 'Monday': 1, 'Saturday': 1}","{'July': 2, 'August': 1}"
2991,3,4,10/07/2023|30/08/2023|20/01/2025,280.0,"{'Monday': 2, 'Wednesday': 1}","{'July': 1, 'August': 1, 'January': 1}"
6067,3,4,09/07/2023|16/03/2024|20/06/2025,356.0,"{'Sunday': 1, 'Saturday': 1, 'Friday': 1}","{'July': 1, 'March': 1, 'June': 1}"
8289,3,4,01/03/2022|12/03/2022|01/06/2024,411.5,"{'Saturday': 2, 'Tuesday': 1}","{'March': 2, 'June': 1}"
0972,3,4,01/03/2022|25/07/2023|10/07/2025,613.5,"{'Tuesday': 2, 'Thursday': 1}","{'July': 2, 'March': 1}"
3110,3,4,26/02/2022|08/10/2022|03/12/2023,322.5,"{'Saturday': 2, 'Sunday': 1}","{'February': 1, 'October': 1, 'December': 1}"
4187,3,4,30/03/2022|28/08/2022|12/12/2023,311.0,"{'Wednesday': 1, 'Sunday': 1, 'Tuesday': 1}","{'March': 1, 'August': 1, 'December': 1}"
2028,3,4,30/03/2022|12/09/2022|20/11/2023,300.0,"{'Monday': 2, 'Wednesday': 1}","{'March': 1, 'September': 1, 'November': 1}"
8424,3,4,20/01/2021|13/07/2022|24/02/2025,748.0,"{'Wednesday': 2, 'Monday': 1}","{'January': 1, 'July': 1, 'February': 1}"
1168,3,4,20/01/2021|11/12/2023|18/06/2025,805.0,"{'Wednesday': 2, 'Monday': 1}","{'January': 1, 'December': 1, 'June': 1}"
9948,3,4,19/01/2021|27/02/2021|30/07/2022,278.5,"{'Saturday': 2, 'Tuesday': 1}","{'January': 1, 'February': 1, 'July': 1}"
6073,3,4,23/03/2022|31/03/2024|21/09/2024,456.5,"{'Wednesday': 1, 'Sunday': 1, 'Saturday': 1}","{'March': 2, 'September': 1}"
0295,3,4,22/03/2022|01/02/2023|06/03/2023,174.5,"{'Tuesday': 1, 'Wednesday': 1, 'Monday': 1}","{'March': 2, 'February': 1}"
7853,3,4,21/03/2022|21/05/2022|23/01/2024,336.5,"{'Monday': 1, 'Saturday': 1, 'Tuesday': 1}","{'March': 1, 'May': 1, 'January': 1}"
0671,3,4,14/02/2022|18/10/2022|21/04/2025,581.0,"{'Monday': 2, 'Tuesday': 1}","{'February': 1, 'October': 1, 'April': 1}"
0071,3,4,14/03/2022|22/03/2025|19/08/2025,627.0,"{'Monday': 1, 'Saturday': 1, 'Tuesday': 1}","{'March': 2, 'August': 1}"
1022,3,4,12/03/2022|14/05/2023|23/03/2025,553.5,"{'Sunday': 2, 'Saturday': 1}","{'March': 2, 'May': 1}"
3510,3,4,25/01/2021|13/05/2023|23/01/2024,546.5,"{'Monday': 1, 'Saturday': 1, 'Tuesday': 1}","{'January': 2, 'May': 1}"
5692,3,4,23/01/2021|20/03/2021|22/09/2024,669.0,"{'Saturday': 2, 'Sunday': 1}","{'January': 1, 'March': 1, 'September': 1}"
3745,3,4,26/09/2020|09/11/2020|16/11/2021,208.0,"{'Saturday': 1, 'Monday': 1, 'Tuesday': 1}","{'November': 2, 'September': 1}"
3727,3,4,26/09/2020|28/12/2021|29/04/2025,838.0,"{'Tuesday': 2, 'Saturday': 1}","{'September': 1, 'December': 1, 'April': 1}"
8553,3,4,21/06/2023|25/09/2023|10/01/2024,101.5,"{'Wednesday': 2, 'Monday': 1}","{'June': 1, 'September': 1, 'January': 1}"
7418,3,4,19/06/2023|20/11/2023|14/08/2025,393.5,"{'Monday': 2, 'Thursday': 1}","{'June': 1, 'November': 1, 'August': 1}"
6945,3,4,18/06/2023|16/09/2023|13/01/2024,104.5,"{'Saturday': 2, 'Sunday': 1}","{'June': 1, 'September': 1, 'January': 1}"
7564,3,4,25/07/2023|19/10/2024|17/07/2025,361.5,"{'Tuesday': 1, 'Saturday': 1, 'Thursday': 1}","{'July': 2, 'October': 1}"
6940,3,4,23/07/2023|03/01/2024|25/05/2024,153.5,"{'Sunday': 1, 'Wednesday': 1, 'Saturday': 1}","{'July': 1, 'January': 1, 'May': 1}"
4422,3,4,23/07/2023|26/09/2023|01/06/2024,157.0,"{'Sunday': 1, 'Tuesday': 1, 'Saturday': 1}","{'July': 1, 'September': 1, 'June': 1}"
8708,3,4,22/09/2020|07/02/2023|03/07/2023,507.0,"{'Tuesday': 2, 'Monday': 1}","{'September': 1, 'February': 1, 'July': 1}"
3656,3,4,22/09/2020|16/02/2022|13/08/2024,710.5,"{'Tuesday': 2, 'Wednesday': 1}","{'September': 1, 'February': 1, 'August': 1}"
7719,3,4,16/09/2020|07/06/2023|14/08/2023,531.0,"{'Wednesday': 2, 'Monday': 1}","{'September': 1, 'June': 1, 'August': 1}"
2779,3,4,01/02/2022|25/02/2023|25/12/2024,529.0,"{'Tuesday': 1, 'Saturday': 1, 'Wednesday': 1}","{'February': 2, 'December': 1}"
3937,3,4,31/01/2022|14/08/2022|16/01/2023,175.0,"{'Monday': 2, 'Sunday': 1}","{'January': 2, 'August': 1}"
3645,3,4,29/01/2022|18/03/2023|12/04/2023,219.0,"{'Saturday': 2, 'Wednesday': 1}","{'January': 1, 'March': 1, 'April': 1}"
3538,3,4,29/01/2022|31/01/2023|06/01/2024,353.5,"{'Saturday': 2, 'Tuesday': 1}",{'January': 3}
6453,3,4,23/02/2022|18/03/2024|14/01/2025,528.0,"{'Wednesday': 1, 'Monday': 1, 'Tuesday': 1}","{'February': 1, 'March': 1, 'January': 1}"
1070,3,4,23/02/2022|29/11/2022|01/04/2024,384.0,"{'Wednesday': 1, 'Tuesday': 1, 'Monday': 1}","{'February': 1, 'November': 1, 'April': 1}"
9853,3,4,22/02/2022|18/03/2024|16/10/2024,483.5,"{'Tuesday': 1, 'Monday': 1, 'Wednesday': 1}","{'February': 1, 'March': 1, 'October': 1}"
9773,3,4,27/01/2021|16/09/2023|11/09/2024,661.5,"{'Wednesday': 2, 'Saturday': 1}","{'September': 2, 'January': 1}"
4670,3,4,27/01/2021|09/02/2022|13/09/2023,479.5,{'Wednesday': 3},"{'January': 1, 'February': 1, 'September': 1}"
9114,3,4,25/01/2021|02/02/2021|15/01/2023,360.0,"{'Monday': 1, 'Tuesday': 1, 'Sunday': 1}","{'January': 2, 'February': 1}"
7948,3,4,25/01/2021|19/06/2022|25/07/2022,273.0,"{'Monday': 2, 'Sunday': 1}","{'January': 1, 'June': 1, 'July': 1}"
5558,3,4,25/01/2021|17/11/2021|06/02/2024,553.5,"{'Monday': 1, 'Wednesday': 1, 'Tuesday': 1}","{'January': 1, 'November': 1, 'February': 1}"
8728,3,4,21/02/2022|21/09/2022|17/02/2024,363.0,"{'Monday': 1, 'Wednesday': 1, 'Saturday': 1}","{'February': 2, 'September': 1}"
7983,3,4,19/02/2022|07/12/2022|30/08/2025,644.0,"{'Saturday': 2, 'Wednesday': 1}","{'February': 1, 'December': 1, 'August': 1}"
3398,3,4,15/02/2022|30/04/2025|20/06/2025,610.5,"{'Tuesday': 1, 'Wednesday': 1, 'Friday': 1}","{'February': 1, 'April': 1, 'June': 1}"
7507,3,4,14/02/2022|20/08/2022|12/12/2023,333.0,"{'Monday': 1, 'Saturday': 1, 'Tuesday': 1}","{'February': 1, 'August': 1, 'December': 1}"
2711,3,4,27/08/2023|13/04/2024|30/09/2024,200.0,"{'Sunday': 1, 'Saturday': 1, 'Monday': 1}","{'August': 1, 'April': 1, 'September': 1}"
0004,3,4,26/08/2023|25/11/2024|19/07/2025,346.5,"{'Saturday': 2, 'Monday': 1}","{'August': 1, 'November': 1, 'July': 1}"
0649,3,4,19/08/2023|09/01/2024|18/12/2024,243.5,"{'Saturday': 1, 'Tuesday': 1, 'Wednesday': 1}","{'August': 1, 'January': 1, 'December': 1}"
0179,3,4,16/08/2023|03/12/2024|13/01/2025,258.0,"{'Wednesday': 1, 'Tuesday': 1, 'Monday': 1}","{'August': 1, 'December': 1, 'January': 1}"
7844,3,4,10/01/2022|12/07/2022|06/09/2022,119.5,"{'Tuesday': 2, 'Monday': 1}","{'January': 1, 'July': 1, 'September': 1}"
3246,3,4,08/01/2022|02/08/2022|14/08/2024,474.5,"{'Saturday': 1, 'Tuesday': 1, 'Wednesday': 1}","{'August': 2, 'January': 1}"
2048,3,4,08/01/2022|18/12/2022|08/02/2023,198.0,"{'Saturday': 1, 'Sunday': 1, 'Wednesday': 1}","{'January': 1, 'December': 1, 'February': 1}"
9199,3,4,05/01/2022|08/11/2022|21/02/2023,206.0,"{'Tuesday': 2, 'Wednesday': 1}","{'January': 1, 'November': 1, 'February': 1}"
2065,3,4,02/02/2021|04/09/2022|18/12/2024,707.5,"{'Tuesday': 1, 'Sunday': 1, 'Wednesday': 1}","{'February': 1, 'September': 1, 'December': 1}"
7453,3,4,01/02/2021|24/01/2023|27/08/2024,651.5,"{'Tuesday': 2, 'Monday': 1}","{'February': 1, 'January': 1, 'August': 1}"
6890,3,4,30/01/2021|30/03/2021|12/11/2022,325.5,"{'Saturday': 2, 'Tuesday': 1}","{'January': 1, 'March': 1, 'November': 1}"
1975,3,4,08/02/2022|14/05/2024|13/07/2025,625.5,"{'Tuesday': 2, 'Sunday': 1}","{'February': 1, 'May': 1, 'July': 1}"
2641,3,4,07/02/2022|17/05/2022|03/11/2024,500.0,"{'Monday': 1, 'Tuesday': 1, 'Sunday': 1}","{'February': 1, 'May': 1, 'November': 1}"
0073,3,4,07/02/2022|05/03/2022|06/03/2024,379.0,"{'Monday': 1, 'Saturday': 1, 'Wednesday': 1}","{'March': 2, 'February': 1}"
8060,3,4,05/02/2022|26/12/2022|27/05/2023,238.0,"{'Saturday': 2, 'Monday': 1}","{'February': 1, 'December': 1, 'May': 1}"
5474,3,4,01/02/2022|16/05/2023|27/12/2023,347.0,"{'Tuesday': 2, 'Wednesday': 1}","{'February': 1, 'May': 1, 'December': 1}"
2424,3,4,24/01/2022|12/02/2025|16/02/2025,559.5,"{'Monday': 1, 'Wednesday': 1, 'Sunday': 1}","{'February': 2, 'January': 1}"
7870,3,4,22/01/2022|10/09/2023|30/07/2025,642.5,"{'Saturday': 1, 'Sunday': 1, 'Wednesday': 1}","{'January': 1, 'September': 1, 'July': 1}"
7687,3,4,22/01/2022|07/11/2022|24/07/2023,274.0,"{'Monday': 2, 'Saturday': 1}","{'January': 1, 'November': 1, 'July': 1}"
5969,3,4,22/01/2022|21/02/2022|22/01/2023,182.5,"{'Saturday': 1, 'Monday': 1, 'Sunday': 1}","{'January': 2, 'February': 1}"
2808,3,4,03/02/2021|12/06/2022|12/07/2023,444.5,"{'Wednesday': 2, 'Sunday': 1}","{'February': 1, 'June': 1, 'July': 1}"
1280,3,4,03/02/2021|23/08/2022|24/07/2024,633.5,"{'Wednesday': 2, 'Tuesday': 1}","{'February': 1, 'August': 1, 'July': 1}"
7024,3,4,02/02/2021|16/02/2022|12/06/2024,613.0,"{'Wednesday': 2, 'Tuesday': 1}","{'February': 2, 'June': 1}"
6867,3,4,18/01/2022|16/11/2022|07/10/2023,313.5,"{'Tuesday': 1, 'Wednesday': 1, 'Saturday': 1}","{'January': 1, 'November': 1, 'October': 1}"
3383,3,4,04/07/2023|20/04/2024|01/09/2024,212.5,"{'Tuesday': 1, 'Saturday': 1, 'Sunday': 1}","{'July': 1, 'April': 1, 'September': 1}"
6479,3,4,02/07/2023|02/09/2023|27/04/2024,150.0,"{'Saturday': 2, 'Sunday': 1}","{'July': 1, 'September': 1, 'April': 1}"
3698,3,4,02/07/2023|23/11/2024|23/04/2025,330.5,"{'Sunday': 1, 'Saturday': 1, 'Wednesday': 1}","{'July': 1, 'November': 1, 'April': 1}"
3676,3,4,06/09/2023|11/01/2025|24/09/2025,374.5,"{'Wednesday': 2, 'Saturday': 1}","{'September': 2, 'January': 1}"
2274,3,4,16/09/2020|09/08/2022|03/03/2025,814.5,"{'Wednesday': 1, 'Tuesday': 1, 'Monday': 1}","{'September': 1, 'August': 1, 'March': 1}"
0288,3,4,16/09/2020|07/12/2021|12/11/2024,759.0,"{'Tuesday': 2, 'Wednesday': 1}","{'September': 1, 'December': 1, 'November': 1}"
8447,3,4,14/09/2020|03/05/2022|23/12/2024,780.5,"{'Monday': 2, 'Tuesday': 1}","{'September': 1, 'May': 1, 'December': 1}"
4700,3,4,12/09/2020|10/04/2021|27/11/2022,403.0,"{'Saturday': 2, 'Sunday': 1}","{'September': 1, 'April': 1, 'November': 1}"
5893,3,4,08/12/2021|14/03/2022|09/04/2025,609.0,"{'Wednesday': 2, 'Monday': 1}","{'December': 1, 'March': 1, 'April': 1}"
5507,3,4,07/12/2021|14/12/2021|12/03/2023,230.0,"{'Tuesday': 2, 'Sunday': 1}","{'December': 2, 'March': 1}"
8629,3,4,06/12/2021|01/10/2022|09/01/2024,382.0,"{'Monday': 1, 'Saturday': 1, 'Tuesday': 1}","{'December': 1, 'October': 1, 'January': 1}"
6612,3,4,05/01/2022|25/07/2022|30/10/2022,149.0,"{'Wednesday': 1, 'Monday': 1, 'Sunday': 1}","{'January': 1, 'July': 1, 'October': 1}"
9986,3,4,04/01/2022|27/05/2023|31/07/2023,286.5,"{'Tuesday': 1, 'Saturday': 1, 'Monday': 1}","{'January': 1, 'May': 1, 'July': 1}"
8802,3,4,08/02/2021|15/03/2023|05/01/2025,713.5,"{'Monday': 1, 'Wednesday': 1, 'Sunday': 1}","{'February': 1, 'March': 1, 'January': 1}"
0946,3,4,08/02/2021|03/11/2021|12/10/2024,671.0,"{'Monday': 1, 'Wednesday': 1, 'Saturday': 1}","{'February': 1, 'November': 1, 'October': 1}"
3564,3,4,06/02/2021|29/05/2022|14/01/2024,536.0,"{'Sunday': 2, 'Saturday': 1}","{'February': 1, 'May': 1, 'January': 1}"
4956,3,4,29/12/2021|12/11/2022|06/03/2024,399.0,"{'Wednesday': 2, 'Saturday': 1}","{'December': 1, 'November': 1, 'March': 1}"
3917,3,4,29/12/2021|09/04/2023|20/01/2024,376.0,"{'Wednesday': 1, 'Sunday': 1, 'Saturday': 1}","{'December': 1, 'April': 1, 'January': 1}"
3309,3,4,29/12/2021|08/04/2023|20/04/2024,421.5,"{'Saturday': 2, 'Wednesday': 1}","{'April': 2, 'December': 1}"
3632,3,4,28/12/2021|01/02/2022|13/08/2025,662.0,"{'Tuesday': 2, 'Wednesday': 1}","{'December': 1, 'February': 1, 'August': 1}"
8370,3,4,27/12/2021|01/02/2023|23/06/2025,637.0,"{'Monday': 2, 'Wednesday': 1}","{'December': 1, 'February': 1, 'June': 1}"
8971,3,4,25/12/2021|26/04/2023|28/10/2023,336.0,"{'Saturday': 2, 'Wednesday': 1}","{'December': 1, 'April': 1, 'October': 1}"
2302,3,4,25/12/2021|11/01/2023|18/04/2023,239.5,"{'Saturday': 1, 'Wednesday': 1, 'Tuesday': 1}","{'December': 1, 'January': 1, 'April': 1}"
1322,3,4,29/01/2022|05/03/2025|19/04/2025,588.0,"{'Saturday': 2, 'Wednesday': 1}","{'January': 1, 'March': 1, 'April': 1}"
8416,3,4,27/11/2021|03/08/2024|23/06/2025,652.0,"{'Saturday': 2, 'Monday': 1}","{'November': 1, 'August': 1, 'June': 1}"
8348,3,4,27/11/2021|30/08/2022|29/06/2024,472.5,"{'Saturday': 2, 'Tuesday': 1}","{'November': 1, 'August': 1, 'June': 1}"
2002,3,4,27/11/2021|07/05/2023|18/07/2025,664.5,"{'Saturday': 1, 'Sunday': 1, 'Friday': 1}","{'November': 1, 'May': 1, 'July': 1}"
8729,3,4,23/11/2021|07/09/2024|26/02/2025,595.5,"{'Tuesday': 1, 'Saturday': 1, 'Wednesday': 1}","{'November': 1, 'September': 1, 'February': 1}"
3923,3,4,23/11/2021|11/12/2023|14/10/2024,528.0,"{'Monday': 2, 'Tuesday': 1}","{'November': 1, 'December': 1, 'October': 1}"
9181,3,4,22/11/2021|15/07/2024|30/12/2024,567.0,{'Monday': 3},"{'November': 1, 'July': 1, 'December': 1}"
7422,3,4,21/12/2021|11/03/2023|03/10/2023,325.5,"{'Tuesday': 2, 'Saturday': 1}","{'December': 1, 'March': 1, 'October': 1}"
9703,3,4,09/02/2021|29/03/2021|07/01/2023,348.5,"{'Tuesday': 1, 'Monday': 1, 'Saturday': 1}","{'February': 1, 'March': 1, 'January': 1}"
7849,3,4,09/02/2021|17/02/2024|13/07/2025,807.5,"{'Tuesday': 1, 'Saturday': 1, 'Sunday': 1}","{'February': 2, 'July': 1}"
3483,3,4,21/12/2021|21/11/2023|27/02/2024,399.0,{'Tuesday': 3},"{'December': 1, 'November': 1, 'February': 1}"
6724,3,4,20/12/2021|29/01/2023|23/08/2025,671.0,"{'Monday': 1, 'Sunday': 1, 'Saturday': 1}","{'December': 1, 'January': 1, 'August': 1}"
5715,3,4,18/12/2021|27/03/2023|21/02/2024,397.5,"{'Saturday': 1, 'Monday': 1, 'Wednesday': 1}","{'December': 1, 'March': 1, 'February': 1}"
2414,3,4,18/12/2021|17/07/2023|30/01/2024,386.5,"{'Saturday': 1, 'Monday': 1, 'Tuesday': 1}","{'December': 1, 'July': 1, 'January': 1}"
9491,3,4,14/12/2021|10/05/2023|13/02/2024,395.5,"{'Tuesday': 2, 'Wednesday': 1}","{'December': 1, 'May': 1, 'February': 1}"
2029,3,4,11/12/2021|02/04/2024|15/01/2025,565.5,"{'Saturday': 1, 'Tuesday': 1, 'Wednesday': 1}","{'December': 1, 'April': 1, 'January': 1}"
1137,3,4,11/12/2021|28/01/2023|30/03/2024,420.0,{'Saturday': 3},"{'December': 1, 'January': 1, 'March': 1}"
2946,3,4,12/09/2020|24/09/2024|08/08/2025,895.5,"{'Saturday': 1, 'Tuesday': 1, 'Friday': 1}","{'September': 2, 'August': 1}"
2130,3,4,12/09/2020|04/01/2022|29/03/2023,464.0,"{'Saturday': 1, 'Tuesday': 1, 'Wednesday': 1}","{'September': 1, 'January': 1, 'March': 1}"
0229,3,4,12/09/2020|17/02/2021|24/09/2023,553.5,"{'Saturday': 1, 'Wednesday': 1, 'Sunday': 1}","{'September': 2, 'February': 1}"
5821,3,4,08/09/2020|31/05/2023|08/10/2023,562.5,"{'Tuesday': 1, 'Wednesday': 1, 'Sunday': 1}","{'September': 1, 'May': 1, 'October': 1}"
6460,3,4,30/09/2023|10/07/2024|01/01/2025,229.5,"{'Wednesday': 2, 'Saturday': 1}","{'September': 1, 'July': 1, 'January': 1}"
2872,3,4,25/09/2023|30/03/2024|08/02/2025,251.0,"{'Saturday': 2, 'Monday': 1}","{'September': 1, 'March': 1, 'February': 1}"
1554,3,4,16/11/2021|01/02/2022|25/11/2023,369.5,"{'Tuesday': 2, 'Saturday': 1}","{'November': 2, 'February': 1}"
8453,3,4,15/11/2021|31/01/2023|01/01/2024,388.5,"{'Monday': 2, 'Tuesday': 1}","{'January': 2, 'November': 1}"
5085,3,4,15/11/2021|13/09/2022|14/08/2024,501.5,"{'Monday': 1, 'Tuesday': 1, 'Wednesday': 1}","{'November': 1, 'September': 1, 'August': 1}"
7996,3,4,04/12/2021|04/07/2025|10/07/2025,657.0,"{'Saturday': 1, 'Friday': 1, 'Thursday': 1}","{'July': 2, 'December': 1}"
4842,3,4,01/12/2021|04/10/2023|18/11/2023,358.5,"{'Wednesday': 2, 'Saturday': 1}","{'December': 1, 'October': 1, 'November': 1}"
2825,3,4,30/11/2021|03/01/2023|20/02/2024,406.0,{'Tuesday': 3},"{'November': 1, 'January': 1, 'February': 1}"
5967,3,4,15/02/2021|24/01/2022|14/05/2022,226.5,"{'Monday': 2, 'Saturday': 1}","{'February': 1, 'January': 1, 'May': 1}"
1976,3,4,15/02/2021|26/06/2022|11/11/2024,682.5,"{'Monday': 2, 'Sunday': 1}","{'February': 1, 'June': 1, 'November': 1}"
8974,3,4,13/02/2021|28/04/2024|15/03/2025,745.5,"{'Saturday': 2, 'Sunday': 1}","{'February': 1, 'April': 1, 'March': 1}"
2887,3,4,13/02/2021|09/08/2021|13/11/2024,684.5,"{'Saturday': 1, 'Monday': 1, 'Wednesday': 1}","{'February': 1, 'August': 1, 'November': 1}"
0577,3,4,13/11/2023|02/12/2024|10/08/2025,318.0,"{'Monday': 2, 'Sunday': 1}","{'November': 1, 'December': 1, 'August': 1}"
3128,3,4,06/11/2023|22/07/2024|23/07/2024,130.0,"{'Monday': 2, 'Tuesday': 1}","{'July': 2, 'November': 1}"
7919,3,4,05/11/2023|13/07/2024|09/02/2025,231.0,"{'Sunday': 2, 'Saturday': 1}","{'November': 1, 'July': 1, 'February': 1}"
0199,3,4,31/10/2023|09/01/2024|10/04/2024,81.0,"{'Tuesday': 2, 'Wednesday': 1}","{'October': 1, 'January': 1, 'April': 1}"
5129,3,4,09/11/2021|16/07/2023|01/10/2024,528.5,"{'Tuesday': 2, 'Sunday': 1}","{'November': 1, 'July': 1, 'October': 1}"
6515,3,4,08/11/2021|24/03/2024|27/10/2024,542.0,"{'Sunday': 2, 'Monday': 1}","{'November': 1, 'March': 1, 'October': 1}"
1650,3,4,22/11/2021|15/01/2022|26/07/2025,671.0,"{'Saturday': 2, 'Monday': 1}","{'November': 1, 'January': 1, 'July': 1}"
5627,3,4,20/11/2021|05/10/2024|08/07/2025,663.0,"{'Saturday': 2, 'Tuesday': 1}","{'November': 1, 'October': 1, 'July': 1}"
5342,3,4,17/11/2021|18/04/2023|04/11/2024,541.5,"{'Wednesday': 1, 'Tuesday': 1, 'Monday': 1}","{'November': 2, 'April': 1}"
5272,3,4,16/11/2021|26/07/2022|23/01/2023,216.5,"{'Tuesday': 2, 'Monday': 1}","{'November': 1, 'July': 1, 'January': 1}"
0908,3,4,12/08/2023|17/10/2023|22/05/2024,142.0,"{'Saturday': 1, 'Tuesday': 1, 'Wednesday': 1}","{'August': 1, 'October': 1, 'May': 1}"
4234,3,4,08/08/2023|04/10/2023|23/12/2023,68.5,"{'Tuesday': 1, 'Wednesday': 1, 'Saturday': 1}","{'August': 1, 'October': 1, 'December': 1}"
1882,3,4,02/08/2023|19/02/2024|08/07/2024,170.5,"{'Monday': 2, 'Wednesday': 1}","{'August': 1, 'February': 1, 'July': 1}"
3686,3,4,31/07/2023|21/02/2024|01/07/2025,350.5,"{'Monday': 1, 'Wednesday': 1, 'Tuesday': 1}","{'July': 2, 'February': 1}"
5373,3,4,29/07/2023|07/05/2024|18/01/2025,269.5,"{'Saturday': 2, 'Tuesday': 1}","{'July': 1, 'May': 1, 'January': 1}"
9570,3,4,03/10/2023|06/11/2023|13/02/2024,66.5,"{'Tuesday': 2, 'Monday': 1}","{'October': 1, 'November': 1, 'February': 1}"
4898,3,4,20/02/2021|31/10/2022|17/04/2023,393.0,"{'Monday': 2, 'Saturday': 1}","{'February': 1, 'October': 1, 'April': 1}"
4913,3,4,17/02/2021|07/12/2021|20/12/2023,518.0,"{'Wednesday': 2, 'Tuesday': 1}","{'December': 2, 'February': 1}"
2874,3,4,17/02/2021|12/04/2022|18/02/2023,365.5,"{'Wednesday': 1, 'Tuesday': 1, 'Saturday': 1}","{'February': 2, 'April': 1}"
6699,3,4,09/11/2021|15/10/2023|12/08/2025,686.0,"{'Tuesday': 2, 'Sunday': 1}","{'November': 1, 'October': 1, 'August': 1}"
6439,3,4,09/11/2021|15/02/2023|08/03/2023,242.0,"{'Wednesday': 2, 'Tuesday': 1}","{'November': 1, 'February': 1, 'March': 1}"
5927,3,4,09/11/2021|18/09/2024|09/12/2024,563.0,"{'Tuesday': 1, 'Wednesday': 1, 'Monday': 1}","{'November': 1, 'September': 1, 'December': 1}"
9557,3,4,19/09/2023|08/07/2025|14/09/2025,363.0,"{'Tuesday': 2, 'Sunday': 1}","{'September': 2, 'July': 1}"
3614,3,4,12/09/2023|11/10/2023|28/06/2025,327.5,"{'Tuesday': 1, 'Wednesday': 1, 'Saturday': 1}","{'September': 1, 'October': 1, 'June': 1}"
9515,3,4,11/09/2023|17/04/2024|16/10/2024,200.5,"{'Wednesday': 2, 'Monday': 1}","{'September': 1, 'April': 1, 'October': 1}"
6663,3,4,25/11/2023|06/12/2023|12/02/2024,39.5,"{'Saturday': 1, 'Wednesday': 1, 'Monday': 1}","{'November': 1, 'December': 1, 'February': 1}"
8920,3,4,21/11/2023|30/11/2024|26/06/2025,291.5,"{'Tuesday': 1, 'Saturday': 1, 'Thursday': 1}","{'November': 2, 'June': 1}"
7043,3,4,20/11/2023|30/09/2024|11/12/2024,193.5,"{'Monday': 2, 'Wednesday': 1}","{'November': 1, 'September': 1, 'December': 1}"
2775,3,4,02/09/2020|04/07/2022|18/01/2023,434.0,"{'Wednesday': 2, 'Monday': 1}","{'September': 1, 'July': 1, 'January': 1}"
5510,3,4,29/08/2020|13/06/2022|16/07/2022,343.0,"{'Saturday': 2, 'Monday': 1}","{'August': 1, 'June': 1, 'July': 1}"
3361,3,4,29/08/2020|27/02/2021|09/09/2023,553.0,{'Saturday': 3},"{'August': 1, 'February': 1, 'September': 1}"
1625,3,4,19/11/2023|16/12/2024|29/07/2025,309.0,"{'Sunday': 1, 'Monday': 1, 'Tuesday': 1}","{'November': 1, 'December': 1, 'July': 1}"
6298,3,4,18/10/2021|27/08/2022|27/07/2024,506.5,"{'Saturday': 2, 'Monday': 1}","{'October': 1, 'August': 1, 'July': 1}"
2305,3,4,18/10/2021|30/10/2021|02/09/2024,525.0,"{'Monday': 2, 'Saturday': 1}","{'October': 2, 'September': 1}"
1684,3,4,18/10/2021|18/10/2023|03/08/2024,510.0,"{'Monday': 1, 'Wednesday': 1, 'Saturday': 1}","{'October': 2, 'August': 1}"
3863,3,4,22/02/2021|04/09/2022|27/04/2024,580.0,"{'Monday': 1, 'Sunday': 1, 'Saturday': 1}","{'February': 1, 'September': 1, 'April': 1}"
2897,3,4,02/11/2021|07/06/2022|08/04/2023,261.0,"{'Tuesday': 2, 'Saturday': 1}","{'November': 1, 'June': 1, 'April': 1}"
1228,3,4,02/11/2021|22/11/2022|22/12/2024,573.0,"{'Tuesday': 2, 'Sunday': 1}","{'November': 2, 'December': 1}"
6845,3,4,01/11/2021|07/12/2022|12/02/2025,599.5,"{'Wednesday': 2, 'Monday': 1}","{'November': 1, 'December': 1, 'February': 1}"
3263,3,4,01/11/2021|20/02/2023|22/06/2025,664.5,"{'Monday': 2, 'Sunday': 1}","{'November': 1, 'February': 1, 'June': 1}"
8642,3,4,30/10/2021|10/12/2024|01/07/2025,670.0,"{'Tuesday': 2, 'Saturday': 1}","{'October': 1, 'December': 1, 'July': 1}"
6465,3,4,30/10/2021|05/02/2024|24/06/2025,666.5,"{'Saturday': 1, 'Monday': 1, 'Tuesday': 1}","{'October': 1, 'February': 1, 'June': 1}"
6147,3,4,27/10/2021|20/05/2024|11/06/2024,479.0,"{'Wednesday': 1, 'Monday': 1, 'Tuesday': 1}","{'October': 1, 'May': 1, 'June': 1}"
3343,3,4,27/10/2021|01/06/2022|12/09/2023,342.5,"{'Wednesday': 2, 'Tuesday': 1}","{'October': 1, 'June': 1, 'September': 1}"
9547,3,4,26/10/2021|02/02/2022|09/10/2023,356.5,"{'Tuesday': 1, 'Wednesday': 1, 'Monday': 1}","{'October': 2, 'February': 1}"
9307,3,4,25/10/2021|03/09/2022|01/08/2023,322.5,"{'Monday': 1, 'Saturday': 1, 'Tuesday': 1}","{'October': 1, 'September': 1, 'August': 1}"
2245,3,4,10/11/2021|27/11/2023|26/11/2024,556.0,"{'Wednesday': 1, 'Monday': 1, 'Tuesday': 1}",{'November': 3}
2636,3,4,22/02/2021|30/10/2021|28/11/2023,504.5,"{'Monday': 1, 'Saturday': 1, 'Tuesday': 1}","{'February': 1, 'October': 1, 'November': 1}"
3862,3,4,27/02/2021|06/06/2023|14/06/2023,418.5,"{'Saturday': 1, 'Tuesday': 1, 'Wednesday': 1}","{'June': 2, 'February': 1}"
3437,3,4,24/02/2021|17/04/2021|05/03/2024,552.5,"{'Wednesday': 1, 'Saturday': 1, 'Tuesday': 1}","{'February': 1, 'April': 1, 'March': 1}"
2120,3,4,24/02/2021|29/03/2021|20/08/2024,636.5,"{'Wednesday': 1, 'Monday': 1, 'Tuesday': 1}","{'February': 1, 'March': 1, 'August': 1}"
0767,3,4,24/02/2021|27/07/2021|20/07/2022,255.5,"{'Wednesday': 2, 'Tuesday': 1}","{'July': 2, 'February': 1}"
0262,3,4,24/10/2023|23/11/2024|24/08/2025,335.0,"{'Tuesday': 1, 'Saturday': 1, 'Sunday': 1}","{'October': 1, 'November': 1, 'August': 1}"
9954,3,4,22/10/2023|16/04/2024|10/12/2024,207.5,"{'Tuesday': 2, 'Sunday': 1}","{'October': 1, 'April': 1, 'December': 1}"
2007,3,4,08/10/2023|15/11/2023|04/05/2024,104.5,"{'Sunday': 1, 'Wednesday': 1, 'Saturday': 1}","{'October': 1, 'November': 1, 'May': 1}"
7222,3,4,26/12/2023|27/08/2024|10/09/2024,129.5,{'Tuesday': 3},"{'December': 1, 'August': 1, 'September': 1}"
7879,3,4,25/12/2023|13/02/2024|02/03/2024,34.0,"{'Monday': 1, 'Tuesday': 1, 'Saturday': 1}","{'December': 1, 'February': 1, 'March': 1}"
6030,3,4,23/12/2023|17/11/2024|02/09/2025,309.5,"{'Saturday': 1, 'Sunday': 1, 'Tuesday': 1}","{'December': 1, 'November': 1, 'September': 1}"
0903,3,4,29/08/2020|26/12/2020|30/04/2024,670.0,"{'Saturday': 2, 'Tuesday': 1}","{'August': 1, 'December': 1, 'April': 1}"
5993,3,4,25/08/2020|12/08/2024|20/01/2025,804.5,"{'Monday': 2, 'Tuesday': 1}","{'August': 2, 'January': 1}"
2627,3,4,25/08/2020|12/03/2022|19/09/2022,377.5,"{'Tuesday': 1, 'Saturday': 1, 'Monday': 1}","{'August': 1, 'March': 1, 'September': 1}"
8238,3,4,20/12/2023|22/01/2024|18/07/2025,288.0,"{'Wednesday': 1, 'Monday': 1, 'Friday': 1}","{'December': 1, 'January': 1, 'July': 1}"
5521,3,4,13/12/2023|01/07/2024|26/07/2025,295.5,"{'Wednesday': 1, 'Monday': 1, 'Saturday': 1}","{'July': 2, 'December': 1}"
8500,3,4,12/12/2023|18/03/2025|23/04/2025,249.0,"{'Tuesday': 2, 'Wednesday': 1}","{'December': 1, 'March': 1, 'April': 1}"
0545,3,4,04/10/2021|02/01/2024|22/01/2024,420.0,"{'Monday': 2, 'Tuesday': 1}","{'January': 2, 'October': 1}"
6313,3,4,27/09/2021|13/11/2022|14/05/2023,297.0,"{'Sunday': 2, 'Monday': 1}","{'September': 1, 'November': 1, 'May': 1}"
5361,3,4,27/09/2021|12/06/2022|14/10/2024,556.5,"{'Monday': 2, 'Sunday': 1}","{'September': 1, 'June': 1, 'October': 1}"
6973,3,4,29/09/2021|18/01/2022|21/08/2023,345.5,"{'Wednesday': 1, 'Tuesday': 1, 'Monday': 1}","{'September': 1, 'January': 1, 'August': 1}"
6767,3,4,12/10/2021|07/08/2023|09/09/2024,531.5,"{'Monday': 2, 'Tuesday': 1}","{'October': 1, 'August': 1, 'September': 1}"
4796,3,4,12/10/2021|19/08/2023|22/05/2024,476.5,"{'Tuesday': 1, 'Saturday': 1, 'Wednesday': 1}","{'October': 1, 'August': 1, 'May': 1}"
3982,3,4,12/10/2021|24/04/2023|15/06/2024,488.5,"{'Tuesday': 1, 'Monday': 1, 'Saturday': 1}","{'October': 1, 'April': 1, 'June': 1}"
0371,3,4,12/10/2021|16/08/2023|05/06/2024,483.5,"{'Wednesday': 2, 'Tuesday': 1}","{'October': 1, 'August': 1, 'June': 1}"
7152,3,4,11/10/2021|29/01/2022|05/04/2023,270.5,"{'Monday': 1, 'Saturday': 1, 'Wednesday': 1}","{'October': 1, 'January': 1, 'April': 1}"
4035,3,4,11/10/2021|11/04/2022|17/06/2023,307.0,"{'Monday': 2, 'Saturday': 1}","{'October': 1, 'April': 1, 'June': 1}"
8364,3,4,02/03/2021|26/09/2022|31/05/2023,410.0,"{'Tuesday': 1, 'Monday': 1, 'Wednesday': 1}","{'March': 1, 'September': 1, 'May': 1}"
5023,3,4,02/03/2021|30/08/2022|11/06/2025,781.0,"{'Tuesday': 2, 'Wednesday': 1}","{'March': 1, 'August': 1, 'June': 1}"
3547,3,4,01/03/2021|10/08/2024|19/11/2024,679.5,"{'Monday': 1, 'Saturday': 1, 'Tuesday': 1}","{'March': 1, 'August': 1, 'November': 1}"
0083,3,4,19/10/2021|23/07/2022|27/12/2022,217.0,"{'Tuesday': 2, 'Saturday': 1}","{'October': 1, 'July': 1, 'December': 1}"
1084,3,4,01/03/2021|12/07/2023|13/03/2024,554.0,"{'Wednesday': 2, 'Monday': 1}","{'March': 2, 'July': 1}"
4208,3,4,27/02/2021|21/03/2023|21/05/2024,589.5,"{'Tuesday': 2, 'Saturday': 1}","{'February': 1, 'March': 1, 'May': 1}"
5069,3,4,08/03/2021|05/04/2023|04/02/2024,531.5,"{'Monday': 1, 'Wednesday': 1, 'Sunday': 1}","{'March': 1, 'April': 1, 'February': 1}"
9562,3,4,22/09/2021|25/11/2023|24/07/2024,518.0,"{'Wednesday': 2, 'Saturday': 1}","{'September': 1, 'November': 1, 'July': 1}"
4716,3,4,21/09/2021|28/12/2022|18/11/2024,577.0,"{'Tuesday': 1, 'Wednesday': 1, 'Monday': 1}","{'September': 1, 'December': 1, 'November': 1}"
9295,3,4,20/09/2021|19/12/2022|12/02/2023,255.0,"{'Monday': 2, 'Sunday': 1}","{'September': 1, 'December': 1, 'February': 1}"
7597,3,4,20/09/2021|10/12/2022|16/12/2023,408.5,"{'Saturday': 2, 'Monday': 1}","{'December': 2, 'September': 1}"
7121,3,4,18/09/2021|29/09/2021|25/06/2025,688.0,"{'Wednesday': 2, 'Saturday': 1}","{'September': 2, 'June': 1}"
9719,3,4,15/09/2021|28/09/2021|09/09/2025,727.5,"{'Tuesday': 2, 'Wednesday': 1}",{'September': 3}
2547,3,4,06/10/2021|10/04/2023|12/03/2024,444.0,"{'Wednesday': 1, 'Monday': 1, 'Tuesday': 1}","{'October': 1, 'April': 1, 'March': 1}"
1179,3,4,06/03/2021|28/01/2023|03/04/2024,562.0,"{'Saturday': 2, 'Wednesday': 1}","{'March': 1, 'January': 1, 'April': 1}"
8905,3,4,03/03/2021|17/03/2021|03/11/2024,670.5,"{'Wednesday': 2, 'Sunday': 1}","{'March': 2, 'November': 1}"
8102,3,4,03/03/2021|06/09/2022|29/04/2023,393.5,"{'Wednesday': 1, 'Tuesday': 1, 'Saturday': 1}","{'March': 1, 'September': 1, 'April': 1}"
4865,3,4,03/03/2021|10/08/2022|29/11/2023,500.5,{'Wednesday': 3},"{'March': 1, 'August': 1, 'November': 1}"
1234,3,4,03/03/2021|30/08/2021|28/01/2024,530.5,"{'Wednesday': 1, 'Monday': 1, 'Sunday': 1}","{'March': 1, 'August': 1, 'January': 1}"
3341,3,4,05/10/2021|19/02/2024|06/08/2025,700.5,"{'Tuesday': 1, 'Monday': 1, 'Wednesday': 1}","{'October': 1, 'February': 1, 'August': 1}"
9160,3,4,04/10/2021|05/03/2023|05/03/2024,441.5,"{'Monday': 1, 'Sunday': 1, 'Tuesday': 1}","{'March': 2, 'October': 1}"
1570,3,4,04/10/2021|13/08/2022|15/01/2025,599.5,"{'Monday': 1, 'Saturday': 1, 'Wednesday': 1}","{'October': 1, 'August': 1, 'January': 1}"
7562,3,4,18/02/2024|25/11/2024|31/07/2025,264.5,"{'Sunday': 1, 'Monday': 1, 'Thursday': 1}","{'February': 1, 'November': 1, 'July': 1}"
3456,3,4,19/08/2020|27/07/2024|11/11/2024,772.5,"{'Wednesday': 1, 'Saturday': 1, 'Monday': 1}","{'August': 1, 'July': 1, 'November': 1}"
2783,3,4,19/08/2020|11/09/2021|18/09/2024,745.5,"{'Wednesday': 2, 'Saturday': 1}","{'September': 2, 'August': 1}"
4827,3,4,17/08/2020|09/10/2021|03/07/2023,525.0,"{'Monday': 2, 'Saturday': 1}","{'August': 1, 'October': 1, 'July': 1}"
4465,3,4,17/08/2020|06/03/2021|23/04/2022,307.0,"{'Saturday': 2, 'Monday': 1}","{'August': 1, 'March': 1, 'April': 1}"
9767,3,4,11/08/2020|20/01/2024|13/10/2024,762.0,"{'Tuesday': 1, 'Saturday': 1, 'Sunday': 1}","{'August': 1, 'January': 1, 'October': 1}"
9036,3,4,11/08/2020|09/03/2022|20/11/2023,598.0,"{'Tuesday': 1, 'Wednesday': 1, 'Monday': 1}","{'August': 1, 'March': 1, 'November': 1}"
6620,3,4,10/02/2024|05/05/2024|11/03/2025,197.5,"{'Saturday': 1, 'Sunday': 1, 'Tuesday': 1}","{'February': 1, 'May': 1, 'March': 1}"
7306,3,4,08/09/2021|19/09/2022|05/05/2024,485.0,"{'Wednesday': 1, 'Monday': 1, 'Sunday': 1}","{'September': 2, 'May': 1}"
3054,3,4,07/09/2021|25/01/2022|31/01/2023,255.5,{'Tuesday': 3},"{'January': 2, 'September': 1}"
7425,3,4,06/09/2021|22/04/2024|12/06/2024,505.0,"{'Monday': 2, 'Wednesday': 1}","{'September': 1, 'April': 1, 'June': 1}"
3051,3,4,29/09/2021|20/12/2021|05/03/2024,444.0,"{'Wednesday': 1, 'Monday': 1, 'Tuesday': 1}","{'September': 1, 'December': 1, 'March': 1}"
6095,3,4,25/09/2021|04/08/2024|19/04/2025,651.0,"{'Saturday': 2, 'Sunday': 1}","{'September': 1, 'August': 1, 'April': 1}"
6141,3,4,09/03/2021|21/12/2022|07/11/2023,486.5,"{'Tuesday': 2, 'Wednesday': 1}","{'March': 1, 'December': 1, 'November': 1}"
0251,3,4,09/03/2021|19/06/2022|23/07/2022,250.5,"{'Tuesday': 1, 'Sunday': 1, 'Saturday': 1}","{'March': 1, 'June': 1, 'July': 1}"
9033,3,4,08/03/2021|22/05/2023|12/02/2025,718.5,"{'Monday': 2, 'Wednesday': 1}","{'March': 1, 'May': 1, 'February': 1}"
7514,3,4,18/08/2021|03/01/2022|29/04/2023,309.5,"{'Wednesday': 1, 'Monday': 1, 'Saturday': 1}","{'August': 1, 'January': 1, 'April': 1}"
6466,3,4,18/08/2021|24/05/2022|26/03/2023,292.5,"{'Wednesday': 1, 'Tuesday': 1, 'Sunday': 1}","{'August': 1, 'May': 1, 'March': 1}"
4126,3,4,18/08/2021|27/06/2023|18/12/2023,426.0,"{'Wednesday': 1, 'Tuesday': 1, 'Monday': 1}","{'August': 1, 'June': 1, 'December': 1}"
9069,3,4,15/09/2021|24/09/2022|10/03/2024,453.5,"{'Wednesday': 1, 'Saturday': 1, 'Sunday': 1}","{'September': 2, 'March': 1}"
0418,3,4,14/09/2021|07/01/2023|09/04/2024,469.0,"{'Tuesday': 2, 'Saturday': 1}","{'September': 1, 'January': 1, 'April': 1}"
7747,3,4,11/09/2021|29/04/2024|25/11/2024,585.5,"{'Monday': 2, 'Saturday': 1}","{'September': 1, 'April': 1, 'November': 1}"
7234,3,4,11/09/2021|06/02/2023|20/11/2024,583.0,"{'Saturday': 1, 'Monday': 1, 'Wednesday': 1}","{'September': 1, 'February': 1, 'November': 1}"
5512,3,4,13/03/2021|19/10/2024|26/02/2025,723.0,"{'Saturday': 2, 'Wednesday': 1}","{'March': 1, 'October': 1, 'February': 1}"
6755,3,4,09/03/2021|23/09/2024|19/01/2025,706.0,"{'Tuesday': 1, 'Monday': 1, 'Sunday': 1}","{'March': 1, 'September': 1, 'January': 1}"
6308,3,4,09/03/2021|22/11/2022|26/05/2024,587.0,"{'Tuesday': 2, 'Sunday': 1}","{'March': 1, 'November': 1, 'May': 1}"
9032,3,4,05/12/2023|19/12/2023|08/01/2025,200.0,"{'Tuesday': 2, 'Wednesday': 1}","{'December': 2, 'January': 1}"
7457,3,4,05/12/2023|28/01/2024|15/04/2025,248.5,"{'Tuesday': 2, 'Sunday': 1}","{'December': 1, 'January': 1, 'April': 1}"
6191,3,4,05/12/2023|17/04/2024|15/06/2024,96.5,"{'Tuesday': 1, 'Wednesday': 1, 'Saturday': 1}","{'December': 1, 'April': 1, 'June': 1}"
9955,3,4,03/12/2023|09/04/2024|25/09/2024,148.5,"{'Sunday': 1, 'Tuesday': 1, 'Wednesday': 1}","{'December': 1, 'April': 1, 'September': 1}"
2472,3,4,26/11/2023|12/06/2024|29/04/2025,260.0,"{'Sunday': 1, 'Wednesday': 1, 'Tuesday': 1}","{'November': 1, 'June': 1, 'April': 1}"
2869,3,4,20/02/2024|06/03/2024|29/12/2024,156.5,"{'Tuesday': 1, 'Wednesday': 1, 'Sunday': 1}","{'February': 1, 'March': 1, 'December': 1}"
5114,3,4,31/03/2024|01/03/2025|25/06/2025,225.5,"{'Sunday': 1, 'Saturday': 1, 'Wednesday': 1}","{'March': 2, 'June': 1}"
3090,3,4,17/03/2024|25/06/2024|14/12/2024,136.0,"{'Sunday': 1, 'Tuesday': 1, 'Saturday': 1}","{'March': 1, 'June': 1, 'December': 1}"
1135,3,4,13/03/2024|16/03/2024|01/10/2024,101.0,"{'Wednesday': 1, 'Saturday': 1, 'Tuesday': 1}","{'March': 2, 'October': 1}"
0438,3,4,12/03/2024|04/03/2025|25/03/2025,189.0,{'Tuesday': 3},{'March': 3}
3893,3,4,09/08/2021|12/07/2023|19/08/2024,553.0,"{'Monday': 2, 'Wednesday': 1}","{'August': 2, 'July': 1}"
3339,3,4,04/08/2021|23/09/2023|23/06/2025,709.5,"{'Wednesday': 1, 'Saturday': 1, 'Monday': 1}","{'August': 1, 'September': 1, 'June': 1}"
1695,3,4,02/08/2021|13/09/2023|24/03/2025,665.0,"{'Monday': 2, 'Wednesday': 1}","{'August': 1, 'September': 1, 'March': 1}"
1425,3,4,02/08/2021|18/11/2023|01/03/2025,653.5,"{'Saturday': 2, 'Monday': 1}","{'August': 1, 'November': 1, 'March': 1}"
6870,3,4,06/09/2021|27/02/2024|20/01/2025,616.0,"{'Monday': 2, 'Tuesday': 1}","{'September': 1, 'February': 1, 'January': 1}"
1219,3,4,16/03/2021|20/12/2022|02/09/2025,815.5,{'Tuesday': 3},"{'March': 1, 'December': 1, 'September': 1}"
0682,3,4,15/03/2021|18/02/2023|12/02/2024,532.0,"{'Monday': 2, 'Saturday': 1}","{'February': 2, 'March': 1}"
9540,3,4,13/03/2021|17/05/2022|10/01/2023,334.0,"{'Tuesday': 2, 'Saturday': 1}","{'March': 1, 'May': 1, 'January': 1}"
6425,3,4,04/09/2021|21/08/2022|09/09/2024,550.5,"{'Saturday': 1, 'Sunday': 1, 'Monday': 1}","{'September': 2, 'August': 1}"
9920,3,4,01/09/2021|07/11/2022|24/07/2023,345.5,"{'Monday': 2, 'Wednesday': 1}","{'September': 1, 'November': 1, 'July': 1}"
6723,3,4,01/09/2021|07/10/2023|09/04/2025,658.0,"{'Wednesday': 2, 'Saturday': 1}","{'September': 1, 'October': 1, 'April': 1}"
1514,3,4,30/08/2021|07/09/2021|30/10/2024,578.5,"{'Monday': 1, 'Tuesday': 1, 'Wednesday': 1}","{'August': 1, 'September': 1, 'October': 1}"
6828,3,4,16/08/2021|13/12/2023|08/12/2024,605.0,"{'Monday': 1, 'Wednesday': 1, 'Sunday': 1}","{'December': 2, 'August': 1}"
4545,3,4,11/08/2021|28/09/2024|12/11/2024,594.5,"{'Wednesday': 1, 'Saturday': 1, 'Tuesday': 1}","{'August': 1, 'September': 1, 'November': 1}"
6879,3,4,17/03/2021|13/10/2021|25/01/2025,705.0,"{'Wednesday': 2, 'Saturday': 1}","{'March': 1, 'October': 1, 'January': 1}"
4804,3,4,16/03/2021|28/06/2023|27/11/2024,676.0,"{'Wednesday': 2, 'Tuesday': 1}","{'March': 1, 'June': 1, 'November': 1}"
4688,3,4,16/03/2021|10/09/2023|22/04/2025,749.0,"{'Tuesday': 2, 'Sunday': 1}","{'March': 1, 'September': 1, 'April': 1}"
0343,3,4,11/08/2021|09/04/2022|22/06/2024,523.0,"{'Saturday': 2, 'Wednesday': 1}","{'August': 1, 'April': 1, 'June': 1}"
7682,3,4,09/08/2021|10/07/2022|31/01/2024,452.5,"{'Monday': 1, 'Sunday': 1, 'Wednesday': 1}","{'August': 1, 'July': 1, 'January': 1}"
7587,3,4,09/08/2021|04/07/2022|19/05/2024,507.0,"{'Monday': 2, 'Sunday': 1}","{'August': 1, 'July': 1, 'May': 1}"
6036,3,4,30/01/2024|20/02/2024|24/09/2024,119.0,{'Tuesday': 3},"{'January': 1, 'February': 1, 'September': 1}"
6991,3,4,14/01/2024|30/01/2024|04/05/2024,55.5,"{'Sunday': 1, 'Tuesday': 1, 'Saturday': 1}","{'January': 2, 'May': 1}"
7997,3,4,27/12/2023|06/01/2024|25/05/2024,75.0,"{'Saturday': 2, 'Wednesday': 1}","{'December': 1, 'January': 1, 'May': 1}"
6614,3,4,13/04/2024|02/12/2024|29/03/2025,175.0,"{'Saturday': 2, 'Monday': 1}","{'April': 1, 'December': 1, 'March': 1}"
1421,3,4,10/04/2024|23/10/2024|21/04/2025,188.0,"{'Wednesday': 2, 'Monday': 1}","{'April': 2, 'October': 1}"
4392,3,4,05/08/2020|09/11/2024|20/04/2025,859.5,"{'Wednesday': 1, 'Saturday': 1, 'Sunday': 1}","{'August': 1, 'November': 1, 'April': 1}"
1289,3,4,07/04/2024|14/01/2025|15/07/2025,232.0,"{'Tuesday': 2, 'Sunday': 1}","{'April': 1, 'January': 1, 'July': 1}"
2527,3,4,02/04/2024|05/05/2024|14/09/2025,265.0,"{'Sunday': 2, 'Tuesday': 1}","{'April': 1, 'May': 1, 'September': 1}"
7221,3,4,29/03/2021|31/08/2024|02/12/2024,672.0,"{'Monday': 2, 'Saturday': 1}","{'March': 1, 'August': 1, 'December': 1}"
3647,3,4,18/07/2020|13/11/2024|25/01/2025,826.0,"{'Saturday': 2, 'Wednesday': 1}","{'July': 1, 'November': 1, 'January': 1}"
8650,3,4,28/04/2021|16/01/2023|01/08/2025,778.0,"{'Wednesday': 1, 'Monday': 1, 'Friday': 1}","{'April': 1, 'January': 1, 'August': 1}"
9571,3,4,27/04/2021|06/09/2023|11/09/2024,616.5,"{'Wednesday': 2, 'Tuesday': 1}","{'September': 2, 'April': 1}"
1756,3,4,27/04/2021|18/10/2023|11/05/2024,555.0,"{'Tuesday': 1, 'Wednesday': 1, 'Saturday': 1}","{'April': 1, 'October': 1, 'May': 1}"
3316,3,4,26/04/2021|30/10/2022|07/05/2024,553.5,"{'Monday': 1, 'Sunday': 1, 'Tuesday': 1}","{'April': 1, 'October': 1, 'May': 1}"
0326,3,4,26/04/2021|15/12/2021|01/06/2022,200.5,"{'Wednesday': 2, 'Monday': 1}","{'April': 1, 'December': 1, 'June': 1}"
4600,3,4,27/07/2021|23/07/2023|31/08/2025,748.0,"{'Sunday': 2, 'Tuesday': 1}","{'July': 2, 'August': 1}"
8913,3,4,12/05/2021|26/04/2023|06/12/2023,469.0,{'Wednesday': 3},"{'May': 1, 'April': 1, 'December': 1}"
7676,3,4,12/05/2021|20/04/2022|08/03/2023,332.5,{'Wednesday': 3},"{'May': 1, 'April': 1, 'March': 1}"
7545,3,4,12/05/2021|09/08/2021|26/08/2023,418.0,"{'Wednesday': 1, 'Monday': 1, 'Saturday': 1}","{'August': 2, 'May': 1}"
2868,3,4,11/05/2021|08/01/2022|12/08/2023,411.5,"{'Saturday': 2, 'Tuesday': 1}","{'May': 1, 'January': 1, 'August': 1}"
7225,3,4,22/03/2021|15/11/2021|14/10/2023,468.0,"{'Monday': 2, 'Saturday': 1}","{'March': 1, 'November': 1, 'October': 1}"
5595,3,4,22/03/2021|10/11/2021|08/08/2022,252.0,"{'Monday': 2, 'Wednesday': 1}","{'March': 1, 'November': 1, 'August': 1}"
1537,3,4,11/05/2021|10/05/2023|09/12/2024,654.0,"{'Tuesday': 1, 'Wednesday': 1, 'Monday': 1}","{'May': 2, 'December': 1}"
7528,3,4,16/08/2021|18/01/2023|26/06/2024,522.5,"{'Wednesday': 2, 'Monday': 1}","{'August': 1, 'January': 1, 'June': 1}"
8415,3,4,26/11/2024|21/07/2025|22/09/2025,150.0,"{'Monday': 2, 'Tuesday': 1}","{'November': 1, 'July': 1, 'September': 1}"
5314,3,4,20/04/2021|21/03/2022|17/12/2024,668.5,"{'Tuesday': 2, 'Monday': 1}","{'April': 1, 'March': 1, 'December': 1}"
7167,3,4,14/04/2024|28/08/2024|13/06/2025,212.5,"{'Sunday': 1, 'Wednesday': 1, 'Friday': 1}","{'April': 1, 'August': 1, 'June': 1}"
3443,3,4,27/03/2021|18/04/2023|08/04/2025,736.5,"{'Tuesday': 2, 'Saturday': 1}","{'April': 2, 'March': 1}"
7274,3,4,19/04/2021|07/05/2024|17/07/2024,592.5,"{'Monday': 1, 'Tuesday': 1, 'Wednesday': 1}","{'April': 1, 'May': 1, 'July': 1}"
9829,3,4,17/04/2021|23/08/2022|04/11/2023,465.5,"{'Saturday': 2, 'Tuesday': 1}","{'April': 1, 'August': 1, 'November': 1}"
9214,3,4,17/04/2021|28/12/2021|06/08/2025,786.0,"{'Saturday': 1, 'Tuesday': 1, 'Wednesday': 1}","{'April': 1, 'December': 1, 'August': 1}"
7923,3,4,17/04/2021|13/05/2023|18/12/2023,487.5,"{'Saturday': 2, 'Monday': 1}","{'April': 1, 'May': 1, 'December': 1}"
5955,3,4,17/04/2021|14/10/2023|15/01/2025,684.5,"{'Saturday': 2, 'Wednesday': 1}","{'April': 1, 'October': 1, 'January': 1}"
9836,3,4,05/04/2021|26/08/2023|22/04/2025,739.0,"{'Monday': 1, 'Saturday': 1, 'Tuesday': 1}","{'April': 2, 'August': 1}"
9643,3,4,13/04/2021|21/08/2022|14/01/2023,320.5,"{'Tuesday': 1, 'Sunday': 1, 'Saturday': 1}","{'April': 1, 'August': 1, 'January': 1}"
7502,3,4,28/04/2024|26/08/2024|20/10/2024,87.5,"{'Sunday': 2, 'Monday': 1}","{'April': 1, 'August': 1, 'October': 1}"
5143,3,4,21/04/2024|26/10/2024|16/06/2025,210.5,"{'Sunday': 1, 'Saturday': 1, 'Monday': 1}","{'April': 1, 'October': 1, 'June': 1}"
9035,3,4,17/04/2024|20/05/2024|20/07/2025,229.5,"{'Wednesday': 1, 'Monday': 1, 'Sunday': 1}","{'April': 1, 'May': 1, 'July': 1}"
7910,3,4,16/04/2024|24/06/2024|09/07/2025,224.5,"{'Tuesday': 1, 'Monday': 1, 'Wednesday': 1}","{'April': 1, 'June': 1, 'July': 1}"
8576,3,4,02/07/2024|10/03/2025|25/03/2025,133.0,"{'Tuesday': 2, 'Monday': 1}","{'March': 2, 'July': 1}"
1027,3,4,01/06/2024|28/10/2024|25/01/2025,119.0,"{'Saturday': 2, 'Monday': 1}","{'June': 1, 'October': 1, 'January': 1}"
2529,3,4,28/05/2024|10/08/2024|17/02/2025,132.5,"{'Tuesday': 1, 'Saturday': 1, 'Monday': 1}","{'May': 1, 'August': 1, 'February': 1}"
8127,3,4,03/08/2020|22/09/2020|13/12/2022,431.0,"{'Tuesday': 2, 'Monday': 1}","{'August': 1, 'September': 1, 'December': 1}"
5625,3,4,03/08/2020|09/10/2022|24/12/2022,436.5,"{'Monday': 1, 'Sunday': 1, 'Saturday': 1}","{'August': 1, 'October': 1, 'December': 1}"
2617,3,4,03/08/2020|30/08/2022|25/02/2023,468.0,"{'Monday': 1, 'Tuesday': 1, 'Saturday': 1}","{'August': 2, 'February': 1}"
8032,3,4,01/08/2020|21/05/2024|19/02/2025,831.5,"{'Saturday': 1, 'Tuesday': 1, 'Wednesday': 1}","{'August': 1, 'May': 1, 'February': 1}"
2071,3,4,01/08/2020|22/01/2022|30/01/2024,638.5,"{'Saturday': 2, 'Tuesday': 1}","{'January': 2, 'August': 1}"
5375,3,4,19/05/2024|22/12/2024|12/01/2025,119.0,{'Sunday': 3},"{'May': 1, 'December': 1, 'January': 1}"
3813,3,4,11/07/2020|16/04/2022|29/10/2024,785.5,"{'Saturday': 2, 'Tuesday': 1}","{'July': 1, 'April': 1, 'October': 1}"
3298,3,4,11/07/2020|24/09/2023|01/01/2025,817.5,"{'Saturday': 1, 'Sunday': 1, 'Wednesday': 1}","{'July': 1, 'September': 1, 'January': 1}"
9938,3,4,19/06/2024|19/02/2025|15/09/2025,226.5,"{'Wednesday': 2, 'Monday': 1}","{'June': 1, 'February': 1, 'September': 1}"
8402,3,4,15/07/2024|28/12/2024|22/04/2025,140.5,"{'Monday': 1, 'Saturday': 1, 'Tuesday': 1}","{'July': 1, 'December': 1, 'April': 1}"
1486,3,4,17/07/2024|29/10/2024|18/11/2024,62.0,"{'Wednesday': 1, 'Tuesday': 1, 'Monday': 1}","{'July': 1, 'October': 1, 'November': 1}"
2035,3,4,30/07/2024|06/08/2024|09/07/2025,172.0,"{'Tuesday': 2, 'Wednesday': 1}","{'July': 2, 'August': 1}"
5391,3,4,13/08/2024|24/11/2024|16/08/2025,184.0,"{'Tuesday': 1, 'Sunday': 1, 'Saturday': 1}","{'August': 2, 'November': 1}"
6516,3,4,22/09/2024|26/10/2024|23/04/2025,106.5,"{'Sunday': 1, 'Saturday': 1, 'Wednesday': 1}","{'September': 1, 'October': 1, 'April': 1}"
9935,2,5,21/08/2025|22/08/2025,1.0,"{'Thursday': 1, 'Friday': 1}",{'August': 2}
9801,2,5,29/03/2021|13/06/2022,441.0,{'Monday': 2},"{'March': 1, 'June': 1}"
7659,2,5,29/03/2021|20/03/2024,1087.0,"{'Monday': 1, 'Wednesday': 1}",{'March': 2}
9641,2,5,16/08/2025|20/08/2025,4.0,"{'Saturday': 1, 'Wednesday': 1}",{'August': 2}
9417,2,5,26/07/2025|14/09/2025,50.0,"{'Saturday': 1, 'Sunday': 1}","{'July': 1, 'September': 1}"
2063,2,5,06/07/2025|13/07/2025,7.0,{'Sunday': 2},{'July': 2}
7315,2,5,30/06/2025|19/09/2025,81.0,"{'Monday': 1, 'Friday': 1}","{'June': 1, 'September': 1}"
9552,2,5,18/06/2025|06/07/2025,18.0,"{'Wednesday': 1, 'Sunday': 1}","{'June': 1, 'July': 1}"
3815,2,5,29/04/2025|07/09/2025,131.0,"{'Tuesday': 1, 'Sunday': 1}","{'April': 1, 'September': 1}"
2675,2,5,26/04/2025|12/09/2025,139.0,"{'Saturday': 1, 'Friday': 1}","{'April': 1, 'September': 1}"
9901,2,5,23/04/2025|13/08/2025,112.0,{'Wednesday': 2},"{'April': 1, 'August': 1}"
2135,2,5,22/04/2025|24/06/2025,63.0,{'Tuesday': 2},"{'April': 1, 'June': 1}"
9739,2,5,21/04/2025|11/07/2025,81.0,"{'Monday': 1, 'Friday': 1}","{'April': 1, 'July': 1}"
5027,2,5,13/04/2025|21/07/2025,99.0,"{'Sunday': 1, 'Monday': 1}","{'April': 1, 'July': 1}"
9066,2,5,05/04/2025|19/08/2025,136.0,"{'Saturday': 1, 'Tuesday': 1}","{'April': 1, 'August': 1}"
1875,2,5,25/03/2025|22/06/2025,89.0,"{'Tuesday': 1, 'Sunday': 1}","{'March': 1, 'June': 1}"
2341,2,5,19/03/2025|08/04/2025,20.0,"{'Wednesday': 1, 'Tuesday': 1}","{'March': 1, 'April': 1}"
0724,2,5,18/03/2025|25/07/2025,129.0,"{'Tuesday': 1, 'Friday': 1}","{'March': 1, 'July': 1}"
2464,2,5,05/04/2021|04/05/2021,29.0,"{'Monday': 1, 'Tuesday': 1}","{'April': 1, 'May': 1}"
9353,2,5,03/04/2021|13/07/2024,1197.0,{'Saturday': 2},"{'April': 1, 'July': 1}"
3936,2,5,03/04/2021|22/06/2022,445.0,"{'Saturday': 1, 'Wednesday': 1}","{'April': 1, 'June': 1}"
1732,2,5,03/04/2021|06/09/2023,886.0,"{'Saturday': 1, 'Wednesday': 1}","{'April': 1, 'September': 1}"
9568,2,5,31/03/2021|20/03/2023,719.0,"{'Wednesday': 1, 'Monday': 1}",{'March': 2}
2844,2,5,31/03/2021|06/01/2025,1377.0,"{'Wednesday': 1, 'Monday': 1}","{'March': 1, 'January': 1}"
7894,2,5,30/03/2021|27/04/2021,28.0,{'Tuesday': 2},"{'March': 1, 'April': 1}"
6956,2,5,30/03/2021|03/04/2021,4.0,"{'Tuesday': 1, 'Saturday': 1}","{'March': 1, 'April': 1}"
0464,2,5,12/03/2025|17/06/2025,97.0,"{'Wednesday': 1, 'Tuesday': 1}","{'March': 1, 'June': 1}"
2684,2,5,11/03/2025|04/07/2025,115.0,"{'Tuesday': 1, 'Friday': 1}","{'March': 1, 'July': 1}"
0189,2,5,01/08/2020|08/01/2025,1621.0,"{'Saturday': 1, 'Wednesday': 1}","{'August': 1, 'January': 1}"
6844,2,5,25/07/2020|06/02/2023,926.0,"{'Saturday': 1, 'Monday': 1}","{'July': 1, 'February': 1}"
4912,2,5,25/07/2020|06/11/2021,469.0,{'Saturday': 2},"{'July': 1, 'November': 1}"
4316,2,5,25/07/2020|15/03/2023,963.0,"{'Saturday': 1, 'Wednesday': 1}","{'July': 1, 'March': 1}"
3684,2,5,25/07/2020|22/07/2023,1092.0,{'Saturday': 2},{'July': 2}
9309,2,5,18/07/2020|28/06/2023,1075.0,"{'Saturday': 1, 'Wednesday': 1}","{'July': 1, 'June': 1}"
7881,2,5,18/07/2020|21/06/2023,1068.0,"{'Saturday': 1, 'Wednesday': 1}","{'July': 1, 'June': 1}"
5929,2,5,18/07/2020|04/09/2022,778.0,"{'Saturday': 1, 'Sunday': 1}","{'July': 1, 'September': 1}"
0031,2,5,07/04/2021|06/11/2023,943.0,"{'Wednesday': 1, 'Monday': 1}","{'April': 1, 'November': 1}"
6745,2,5,10/04/2021|29/11/2021,233.0,"{'Saturday': 1, 'Monday': 1}","{'April': 1, 'November': 1}"
6420,2,5,10/04/2021|23/08/2025,1596.0,{'Saturday': 2},"{'April': 1, 'August': 1}"
5088,2,5,10/04/2021|11/09/2023,884.0,"{'Saturday': 1, 'Monday': 1}","{'April': 1, 'September': 1}"
4055,2,5,10/04/2021|05/10/2022,543.0,"{'Saturday': 1, 'Wednesday': 1}","{'April': 1, 'October': 1}"
1555,2,5,10/04/2021|03/07/2022,449.0,"{'Saturday': 1, 'Sunday': 1}","{'April': 1, 'July': 1}"
0752,2,5,10/04/2021|21/12/2021,255.0,"{'Saturday': 1, 'Tuesday': 1}","{'April': 1, 'December': 1}"
8812,2,5,05/04/2021|21/08/2022,503.0,"{'Monday': 1, 'Sunday': 1}","{'April': 1, 'August': 1}"
8798,2,5,05/04/2021|13/06/2023,799.0,"{'Monday': 1, 'Tuesday': 1}","{'April': 1, 'June': 1}"
6173,2,5,05/04/2021|18/01/2022,288.0,"{'Monday': 1, 'Tuesday': 1}","{'April': 1, 'January': 1}"
8114,2,5,08/03/2025|22/08/2025,167.0,"{'Saturday': 1, 'Friday': 1}","{'March': 1, 'August': 1}"
3064,2,5,23/02/2025|17/09/2025,206.0,"{'Sunday': 1, 'Wednesday': 1}","{'February': 1, 'September': 1}"
3966,2,5,22/02/2025|09/03/2025,15.0,"{'Saturday': 1, 'Sunday': 1}","{'February': 1, 'March': 1}"
1729,2,5,22/02/2025|04/03/2025,10.0,"{'Saturday': 1, 'Tuesday': 1}","{'February': 1, 'March': 1}"
8404,2,5,18/02/2025|19/04/2025,60.0,"{'Tuesday': 1, 'Saturday': 1}","{'February': 1, 'April': 1}"
4813,2,5,14/04/2021|26/04/2025,1473.0,"{'Wednesday': 1, 'Saturday': 1}",{'April': 2}
4791,2,5,14/04/2021|21/06/2025,1529.0,"{'Wednesday': 1, 'Saturday': 1}","{'April': 1, 'June': 1}"
6905,2,5,13/04/2021|14/01/2023,641.0,"{'Tuesday': 1, 'Saturday': 1}","{'April': 1, 'January': 1}"
4639,2,5,13/04/2021|23/02/2022,316.0,"{'Tuesday': 1, 'Wednesday': 1}","{'April': 1, 'February': 1}"
1632,2,5,13/04/2021|03/05/2022,385.0,{'Tuesday': 2},"{'April': 1, 'May': 1}"
0998,2,5,13/04/2021|18/12/2021,249.0,"{'Tuesday': 1, 'Saturday': 1}","{'April': 1, 'December': 1}"
5573,2,5,12/04/2021|07/08/2024,1213.0,"{'Monday': 1, 'Wednesday': 1}","{'April': 1, 'August': 1}"
5082,2,5,12/04/2021|04/02/2023,663.0,"{'Monday': 1, 'Saturday': 1}","{'April': 1, 'February': 1}"
2733,2,5,12/04/2021|31/05/2023,779.0,"{'Monday': 1, 'Wednesday': 1}","{'April': 1, 'May': 1}"
1141,2,5,12/04/2021|18/08/2024,1224.0,"{'Monday': 1, 'Sunday': 1}","{'April': 1, 'August': 1}"
0749,2,5,18/02/2025|30/04/2025,71.0,"{'Tuesday': 1, 'Wednesday': 1}","{'February': 1, 'April': 1}"
8168,2,5,10/02/2025|05/03/2025,23.0,"{'Monday': 1, 'Wednesday': 1}","{'February': 1, 'March': 1}"
5124,2,5,09/02/2025|07/09/2025,210.0,{'Sunday': 2},"{'February': 1, 'September': 1}"
8795,2,5,04/02/2025|03/09/2025,211.0,"{'Tuesday': 1, 'Wednesday': 1}","{'February': 1, 'September': 1}"
0859,2,5,04/02/2025|22/07/2025,168.0,{'Tuesday': 2},"{'February': 1, 'July': 1}"
6041,2,5,19/04/2021|16/04/2025,1458.0,"{'Monday': 1, 'Wednesday': 1}",{'April': 2}
3130,2,5,19/04/2021|24/12/2024,1345.0,"{'Monday': 1, 'Tuesday': 1}","{'April': 1, 'December': 1}"
1011,2,5,19/04/2021|13/05/2024,1120.0,{'Monday': 2},"{'April': 1, 'May': 1}"
7967,2,5,17/04/2021|17/01/2024,1005.0,"{'Saturday': 1, 'Wednesday': 1}","{'April': 1, 'January': 1}"
5499,2,5,29/01/2025|01/07/2025,153.0,"{'Wednesday': 1, 'Tuesday': 1}","{'January': 1, 'July': 1}"
0300,2,5,28/01/2025|23/09/2025,238.0,{'Tuesday': 2},"{'January': 1, 'September': 1}"
9395,2,5,27/01/2025|20/09/2025,236.0,"{'Monday': 1, 'Saturday': 1}","{'January': 1, 'September': 1}"
9213,2,5,27/01/2025|05/04/2025,68.0,"{'Monday': 1, 'Saturday': 1}","{'January': 1, 'April': 1}"
9827,2,5,13/01/2025|02/03/2025,48.0,"{'Monday': 1, 'Sunday': 1}","{'January': 1, 'March': 1}"
0175,2,5,07/01/2025|15/01/2025,8.0,"{'Tuesday': 1, 'Wednesday': 1}",{'January': 2}
8686,2,5,06/01/2025|25/02/2025,50.0,"{'Monday': 1, 'Tuesday': 1}","{'January': 1, 'February': 1}"
3313,2,5,29/12/2024|29/03/2025,90.0,"{'Sunday': 1, 'Saturday': 1}","{'December': 1, 'March': 1}"
9999,2,5,24/12/2024|22/04/2025,119.0,{'Tuesday': 2},"{'December': 1, 'April': 1}"
6025,2,5,24/12/2024|01/07/2025,189.0,{'Tuesday': 2},"{'December': 1, 'July': 1}"
5891,2,5,22/12/2024|05/08/2025,226.0,"{'Sunday': 1, 'Tuesday': 1}","{'December': 1, 'August': 1}"
4203,2,5,29/03/2021|19/01/2022,296.0,"{'Monday': 1, 'Wednesday': 1}","{'March': 1, 'January': 1}"
9558,2,5,27/03/2021|14/04/2025,1479.0,"{'Saturday': 1, 'Monday': 1}","{'March': 1, 'April': 1}"
6107,2,5,27/03/2021|26/02/2025,1432.0,"{'Saturday': 1, 'Wednesday': 1}","{'March': 1, 'February': 1}"
5730,2,5,27/03/2021|06/03/2023,709.0,"{'Saturday': 1, 'Monday': 1}",{'March': 2}
5183,2,5,27/03/2021|30/04/2022,399.0,{'Saturday': 2},"{'March': 1, 'April': 1}"
3135,2,5,27/03/2021|08/11/2022,591.0,"{'Saturday': 1, 'Tuesday': 1}","{'March': 1, 'November': 1}"
2486,2,5,20/04/2021|16/08/2021,118.0,"{'Tuesday': 1, 'Monday': 1}","{'April': 1, 'August': 1}"
1505,2,5,20/04/2021|06/10/2024,1265.0,"{'Tuesday': 1, 'Sunday': 1}","{'April': 1, 'October': 1}"
0804,2,5,20/04/2021|30/05/2023,770.0,{'Tuesday': 2},"{'April': 1, 'May': 1}"
2700,2,5,21/12/2024|17/08/2025,239.0,"{'Saturday': 1, 'Sunday': 1}","{'December': 1, 'August': 1}"
2502,2,5,10/12/2024|10/03/2025,90.0,"{'Tuesday': 1, 'Monday': 1}","{'December': 1, 'March': 1}"
1286,2,5,07/12/2024|16/04/2025,130.0,"{'Saturday': 1, 'Wednesday': 1}","{'December': 1, 'April': 1}"
4220,2,5,30/11/2024|20/09/2025,294.0,{'Saturday': 2},"{'November': 1, 'September': 1}"
5580,2,5,27/11/2024|09/12/2024,12.0,"{'Wednesday': 1, 'Monday': 1}","{'November': 1, 'December': 1}"
8299,2,5,24/11/2024|24/08/2025,273.0,{'Sunday': 2},"{'November': 1, 'August': 1}"
0921,2,5,20/11/2024|13/01/2025,54.0,"{'Wednesday': 1, 'Monday': 1}","{'November': 1, 'January': 1}"
0059,2,5,27/04/2021|06/09/2025,1593.0,"{'Tuesday': 1, 'Saturday': 1}","{'April': 1, 'September': 1}"
8980,2,5,26/04/2021|02/09/2023,859.0,"{'Monday': 1, 'Saturday': 1}","{'April': 1, 'September': 1}"
6589,2,5,26/04/2021|15/04/2023,719.0,"{'Monday': 1, 'Saturday': 1}",{'April': 2}
2674,2,5,26/04/2021|02/07/2024,1163.0,"{'Monday': 1, 'Tuesday': 1}","{'April': 1, 'July': 1}"
0303,2,5,26/04/2021|26/08/2024,1218.0,{'Monday': 2},"{'April': 1, 'August': 1}"
4997,2,5,21/04/2021|18/02/2023,668.0,"{'Wednesday': 1, 'Saturday': 1}","{'April': 1, 'February': 1}"
5945,2,5,29/03/2021|18/11/2024,1330.0,{'Monday': 2},"{'March': 1, 'November': 1}"
2376,2,5,18/11/2024|29/03/2025,131.0,"{'Monday': 1, 'Saturday': 1}","{'November': 1, 'March': 1}"
4451,2,5,16/11/2024|15/04/2025,150.0,"{'Saturday': 1, 'Tuesday': 1}","{'November': 1, 'April': 1}"
9870,2,5,05/11/2024|11/02/2025,98.0,{'Tuesday': 2},"{'November': 1, 'February': 1}"
9342,2,5,02/11/2024|25/08/2025,296.0,"{'Saturday': 1, 'Monday': 1}","{'November': 1, 'August': 1}"
4111,2,5,02/11/2024|09/04/2025,158.0,"{'Saturday': 1, 'Wednesday': 1}","{'November': 1, 'April': 1}"
4544,2,5,30/10/2024|19/11/2024,20.0,"{'Wednesday': 1, 'Tuesday': 1}","{'October': 1, 'November': 1}"
0558,2,5,28/10/2024|15/06/2025,230.0,"{'Monday': 1, 'Sunday': 1}","{'October': 1, 'June': 1}"
0525,2,5,28/10/2024|18/01/2025,82.0,"{'Monday': 1, 'Saturday': 1}","{'October': 1, 'January': 1}"
0763,2,5,21/10/2024|13/11/2024,23.0,"{'Monday': 1, 'Wednesday': 1}","{'October': 1, 'November': 1}"
6362,2,5,20/10/2024|24/09/2025,339.0,"{'Sunday': 1, 'Wednesday': 1}","{'October': 1, 'September': 1}"
8100,2,5,19/10/2024|19/03/2025,151.0,"{'Saturday': 1, 'Wednesday': 1}","{'October': 1, 'March': 1}"
6481,2,5,23/03/2021|31/01/2024,1044.0,"{'Tuesday': 1, 'Wednesday': 1}","{'March': 1, 'January': 1}"
8174,2,5,28/04/2021|07/08/2025,1562.0,"{'Wednesday': 1, 'Thursday': 1}","{'April': 1, 'August': 1}"
7495,2,5,28/04/2021|24/02/2024,1032.0,"{'Wednesday': 1, 'Saturday': 1}","{'April': 1, 'February': 1}"
6501,2,5,27/04/2021|21/02/2024,1030.0,"{'Tuesday': 1, 'Wednesday': 1}","{'April': 1, 'February': 1}"
3947,2,5,19/10/2024|19/07/2025,273.0,{'Saturday': 2},"{'October': 1, 'July': 1}"
3524,2,5,19/10/2024|17/03/2025,149.0,"{'Saturday': 1, 'Monday': 1}","{'October': 1, 'March': 1}"
8319,2,5,16/10/2024|01/03/2025,136.0,"{'Wednesday': 1, 'Saturday': 1}","{'October': 1, 'March': 1}"
2394,2,5,16/10/2024|30/06/2025,257.0,"{'Wednesday': 1, 'Monday': 1}","{'October': 1, 'June': 1}"
9729,2,5,14/10/2024|08/04/2025,176.0,"{'Monday': 1, 'Tuesday': 1}","{'October': 1, 'April': 1}"
2469,2,5,14/10/2024|31/08/2025,321.0,"{'Monday': 1, 'Sunday': 1}","{'October': 1, 'August': 1}"
9052,2,5,07/10/2024|08/04/2025,183.0,"{'Monday': 1, 'Tuesday': 1}","{'October': 1, 'April': 1}"
7227,2,5,06/10/2024|16/04/2025,192.0,"{'Sunday': 1, 'Wednesday': 1}","{'October': 1, 'April': 1}"
3097,2,5,05/10/2024|31/12/2024,87.0,"{'Saturday': 1, 'Tuesday': 1}","{'October': 1, 'December': 1}"
8497,2,5,28/09/2024|31/03/2025,184.0,"{'Saturday': 1, 'Monday': 1}","{'September': 1, 'March': 1}"
5529,2,5,28/09/2024|07/10/2024,9.0,"{'Saturday': 1, 'Monday': 1}","{'September': 1, 'October': 1}"
0183,2,5,28/09/2024|30/04/2025,214.0,"{'Saturday': 1, 'Wednesday': 1}","{'September': 1, 'April': 1}"
9120,2,5,25/09/2024|18/01/2025,115.0,"{'Wednesday': 1, 'Saturday': 1}","{'September': 1, 'January': 1}"
8618,2,5,25/09/2024|12/02/2025,140.0,{'Wednesday': 2},"{'September': 1, 'February': 1}"
6410,2,5,04/05/2021|17/12/2024,1323.0,{'Tuesday': 2},"{'May': 1, 'December': 1}"
4497,2,5,04/05/2021|20/07/2025,1538.0,"{'Tuesday': 1, 'Sunday': 1}","{'May': 1, 'July': 1}"
3724,2,5,24/04/2021|28/10/2023,917.0,{'Saturday': 2},"{'April': 1, 'October': 1}"
2767,2,5,24/04/2021|15/04/2024,1087.0,"{'Saturday': 1, 'Monday': 1}",{'April': 2}
2246,2,5,24/04/2021|23/10/2021,182.0,{'Saturday': 2},"{'April': 1, 'October': 1}"
6514,2,5,24/03/2021|03/06/2024,1167.0,"{'Wednesday': 1, 'Monday': 1}","{'March': 1, 'June': 1}"
2103,2,5,24/03/2021|04/12/2023,985.0,"{'Wednesday': 1, 'Monday': 1}","{'March': 1, 'December': 1}"
9949,2,5,23/03/2021|05/09/2023,896.0,{'Tuesday': 2},"{'March': 1, 'September': 1}"
4491,2,5,25/09/2024|08/09/2025,348.0,"{'Wednesday': 1, 'Monday': 1}",{'September': 2}
2644,2,5,25/09/2024|14/06/2025,262.0,"{'Wednesday': 1, 'Saturday': 1}","{'September': 1, 'June': 1}"
2774,2,5,24/09/2024|12/06/2025,261.0,"{'Tuesday': 1, 'Thursday': 1}","{'September': 1, 'June': 1}"
5651,2,5,23/09/2024|29/03/2025,187.0,"{'Monday': 1, 'Saturday': 1}","{'September': 1, 'March': 1}"
8407,2,5,20/03/2021|30/08/2021,163.0,"{'Saturday': 1, 'Monday': 1}","{'March': 1, 'August': 1}"
7463,2,5,20/03/2021|02/01/2023,653.0,"{'Saturday': 1, 'Monday': 1}","{'March': 1, 'January': 1}"
9566,2,5,10/05/2021|03/07/2023,784.0,{'Monday': 2},"{'May': 1, 'July': 1}"
9134,2,5,10/05/2021|12/10/2024,1251.0,"{'Monday': 1, 'Saturday': 1}","{'May': 1, 'October': 1}"
7071,2,5,10/05/2021|02/08/2022,449.0,"{'Monday': 1, 'Tuesday': 1}","{'May': 1, 'August': 1}"
6557,2,5,10/05/2021|11/07/2022,427.0,{'Monday': 2},"{'May': 1, 'July': 1}"
9572,2,5,05/05/2021|10/10/2023,888.0,"{'Wednesday': 1, 'Tuesday': 1}","{'May': 1, 'October': 1}"
9511,2,5,04/05/2021|08/08/2023,826.0,{'Tuesday': 2},"{'May': 1, 'August': 1}"
6417,2,5,22/09/2024|09/07/2025,290.0,"{'Sunday': 1, 'Wednesday': 1}","{'September': 1, 'July': 1}"
7481,2,5,21/09/2024|07/01/2025,108.0,"{'Saturday': 1, 'Tuesday': 1}","{'September': 1, 'January': 1}"
3848,2,5,18/09/2024|12/01/2025,116.0,"{'Wednesday': 1, 'Sunday': 1}","{'September': 1, 'January': 1}"
4239,2,5,16/09/2024|19/10/2024,33.0,"{'Monday': 1, 'Saturday': 1}","{'September': 1, 'October': 1}"
5848,2,5,11/09/2024|11/06/2025,273.0,{'Wednesday': 2},"{'September': 1, 'June': 1}"
5090,2,5,10/09/2024|19/11/2024,70.0,{'Tuesday': 2},"{'September': 1, 'November': 1}"
7426,2,5,09/09/2024|24/02/2025,168.0,{'Monday': 2},"{'September': 1, 'February': 1}"
2769,2,5,09/09/2024|13/09/2025,369.0,"{'Monday': 1, 'Saturday': 1}",{'September': 2}
8230,2,5,04/09/2024|06/01/2025,124.0,"{'Wednesday': 1, 'Monday': 1}","{'September': 1, 'January': 1}"
7842,2,5,04/09/2024|19/02/2025,168.0,{'Wednesday': 2},"{'September': 1, 'February': 1}"
3354,2,5,04/09/2024|26/11/2024,83.0,"{'Wednesday': 1, 'Tuesday': 1}","{'September': 1, 'November': 1}"
8867,2,5,12/05/2021|17/05/2023,735.0,{'Wednesday': 2},{'May': 2}
4663,2,5,11/05/2021|13/09/2021,125.0,"{'Tuesday': 1, 'Monday': 1}","{'May': 1, 'September': 1}"
5671,2,5,22/03/2021|28/08/2022,524.0,"{'Monday': 1, 'Sunday': 1}","{'March': 1, 'August': 1}"
0805,2,5,22/03/2021|18/03/2025,1457.0,"{'Monday': 1, 'Tuesday': 1}",{'March': 2}
9222,2,5,20/03/2021|11/09/2024,1271.0,"{'Saturday': 1, 'Wednesday': 1}","{'March': 1, 'September': 1}"
5859,2,5,02/09/2024|02/12/2024,91.0,{'Monday': 2},"{'September': 1, 'December': 1}"
6971,2,5,28/08/2024|04/07/2025,310.0,"{'Wednesday': 1, 'Friday': 1}","{'August': 1, 'July': 1}"
4709,2,5,28/08/2024|22/01/2025,147.0,{'Wednesday': 2},"{'August': 1, 'January': 1}"
0399,2,5,27/08/2024|19/11/2024,84.0,{'Tuesday': 2},"{'August': 1, 'November': 1}"
2396,2,5,26/08/2024|22/07/2025,330.0,"{'Monday': 1, 'Tuesday': 1}","{'August': 1, 'July': 1}"
0927,2,5,26/08/2024|29/01/2025,156.0,"{'Monday': 1, 'Wednesday': 1}","{'August': 1, 'January': 1}"
6350,2,5,24/08/2024|19/01/2025,148.0,"{'Saturday': 1, 'Sunday': 1}","{'August': 1, 'January': 1}"
2539,2,5,24/08/2024|22/02/2025,182.0,{'Saturday': 2},"{'August': 1, 'February': 1}"
4983,2,5,21/08/2024|18/06/2025,301.0,{'Wednesday': 2},"{'August': 1, 'June': 1}"
2255,2,5,21/08/2024|01/03/2025,192.0,"{'Wednesday': 1, 'Saturday': 1}","{'August': 1, 'March': 1}"
9502,2,5,02/08/2021|24/08/2025,1483.0,"{'Monday': 1, 'Sunday': 1}",{'August': 2}
8001,2,5,02/08/2021|11/05/2024,1013.0,"{'Monday': 1, 'Saturday': 1}","{'August': 1, 'May': 1}"
1391,2,5,02/08/2021|18/09/2023,777.0,{'Monday': 2},"{'August': 1, 'September': 1}"
0403,2,5,02/08/2021|26/03/2022,236.0,"{'Monday': 1, 'Saturday': 1}","{'August': 1, 'March': 1}"
8054,2,5,27/07/2021|01/04/2025,1344.0,{'Tuesday': 2},"{'July': 1, 'April': 1}"
7572,2,5,20/08/2024|24/09/2024,35.0,{'Tuesday': 2},"{'August': 1, 'September': 1}"
7140,2,5,20/08/2024|21/04/2025,244.0,"{'Tuesday': 1, 'Monday': 1}","{'August': 1, 'April': 1}"
6487,2,5,20/08/2024|28/08/2024,8.0,"{'Tuesday': 1, 'Wednesday': 1}",{'August': 2}
1647,2,5,18/08/2024|17/06/2025,303.0,"{'Sunday': 1, 'Tuesday': 1}","{'August': 1, 'June': 1}"
5406,2,5,14/08/2024|06/11/2024,84.0,{'Wednesday': 2},"{'August': 1, 'November': 1}"
9765,2,5,13/08/2024|03/09/2024,21.0,{'Tuesday': 2},"{'August': 1, 'September': 1}"
4910,2,5,13/08/2024|24/11/2024,103.0,"{'Tuesday': 1, 'Sunday': 1}","{'August': 1, 'November': 1}"
3265,2,5,12/08/2024|05/07/2025,327.0,"{'Monday': 1, 'Saturday': 1}","{'August': 1, 'July': 1}"
0473,2,5,12/08/2024|09/03/2025,209.0,"{'Monday': 1, 'Sunday': 1}","{'August': 1, 'March': 1}"
3108,2,5,17/03/2021|04/10/2023,931.0,{'Wednesday': 2},"{'March': 1, 'October': 1}"
0192,2,5,17/03/2021|11/12/2024,1365.0,{'Wednesday': 2},"{'March': 1, 'December': 1}"
8037,2,5,16/03/2021|23/04/2025,1499.0,"{'Tuesday': 1, 'Wednesday': 1}","{'March': 1, 'April': 1}"
7790,2,5,16/03/2021|08/04/2023,753.0,"{'Tuesday': 1, 'Saturday': 1}","{'March': 1, 'April': 1}"
4370,2,5,16/03/2021|07/07/2025,1574.0,"{'Tuesday': 1, 'Monday': 1}","{'March': 1, 'July': 1}"
7642,2,5,09/08/2021|28/05/2024,1023.0,"{'Monday': 1, 'Tuesday': 1}","{'August': 1, 'May': 1}"
6358,2,5,09/08/2021|28/04/2025,1358.0,{'Monday': 2},"{'August': 1, 'April': 1}"
5877,2,5,09/08/2021|10/02/2024,915.0,"{'Monday': 1, 'Saturday': 1}","{'August': 1, 'February': 1}"
4768,2,5,09/08/2021|23/01/2023,532.0,{'Monday': 2},"{'August': 1, 'January': 1}"
9655,2,5,10/08/2024|22/07/2025,346.0,"{'Saturday': 1, 'Tuesday': 1}","{'August': 1, 'July': 1}"
9970,2,5,07/08/2024|06/08/2025,364.0,{'Wednesday': 2},{'August': 2}
7297,2,5,06/08/2024|01/08/2025,360.0,"{'Tuesday': 1, 'Friday': 1}",{'August': 2}
4423,2,5,05/08/2024|27/08/2024,22.0,"{'Monday': 1, 'Tuesday': 1}",{'August': 2}
8578,2,5,04/08/2024|21/08/2025,382.0,"{'Sunday': 1, 'Thursday': 1}",{'August': 2}
8835,2,5,29/07/2024|21/01/2025,176.0,"{'Monday': 1, 'Tuesday': 1}","{'July': 1, 'January': 1}"
7244,2,5,29/07/2024|02/02/2025,188.0,"{'Monday': 1, 'Sunday': 1}","{'July': 1, 'February': 1}"
4512,2,5,28/07/2024|28/08/2024,31.0,"{'Sunday': 1, 'Wednesday': 1}","{'July': 1, 'August': 1}"
9759,2,5,27/07/2024|04/01/2025,161.0,{'Saturday': 2},"{'July': 1, 'January': 1}"
1828,2,5,27/07/2024|18/09/2025,418.0,"{'Saturday': 1, 'Thursday': 1}","{'July': 1, 'September': 1}"
6063,2,5,18/08/2021|22/10/2023,795.0,"{'Wednesday': 1, 'Sunday': 1}","{'August': 1, 'October': 1}"
2095,2,5,18/08/2021|24/03/2025,1314.0,"{'Wednesday': 1, 'Monday': 1}","{'August': 1, 'March': 1}"
7739,2,5,16/08/2021|25/06/2023,678.0,"{'Monday': 1, 'Sunday': 1}","{'August': 1, 'June': 1}"
1377,2,5,16/08/2021|29/12/2021,135.0,"{'Monday': 1, 'Wednesday': 1}","{'August': 1, 'December': 1}"
0891,2,5,16/08/2021|12/01/2025,1245.0,"{'Monday': 1, 'Sunday': 1}","{'August': 1, 'January': 1}"
7728,2,5,11/08/2021|18/12/2024,1225.0,{'Wednesday': 2},"{'August': 1, 'December': 1}"
6649,2,5,24/07/2024|17/08/2025,389.0,"{'Wednesday': 1, 'Sunday': 1}","{'July': 1, 'August': 1}"
1535,2,5,24/07/2024|11/03/2025,230.0,"{'Wednesday': 1, 'Tuesday': 1}","{'July': 1, 'March': 1}"
6233,2,5,23/07/2024|30/07/2024,7.0,{'Tuesday': 2},{'July': 2}
5137,2,5,23/07/2024|23/04/2025,274.0,"{'Tuesday': 1, 'Wednesday': 1}","{'July': 1, 'April': 1}"
7124,2,5,21/07/2024|18/09/2024,59.0,"{'Sunday': 1, 'Wednesday': 1}","{'July': 1, 'September': 1}"
1618,2,5,21/07/2024|17/09/2025,423.0,"{'Sunday': 1, 'Wednesday': 1}","{'July': 1, 'September': 1}"
7327,2,5,20/07/2024|18/01/2025,182.0,{'Saturday': 2},"{'July': 1, 'January': 1}"
6253,2,5,17/07/2024|28/09/2024,73.0,"{'Wednesday': 1, 'Saturday': 1}","{'July': 1, 'September': 1}"
5797,2,5,01/09/2021|01/07/2024,1034.0,"{'Wednesday': 1, 'Monday': 1}","{'September': 1, 'July': 1}"
8327,2,5,30/08/2021|06/09/2022,372.0,"{'Monday': 1, 'Tuesday': 1}","{'August': 1, 'September': 1}"
7702,2,5,30/08/2021|02/01/2024,855.0,"{'Monday': 1, 'Tuesday': 1}","{'August': 1, 'January': 1}"
4223,2,5,30/08/2021|08/02/2025,1258.0,"{'Monday': 1, 'Saturday': 1}","{'August': 1, 'February': 1}"
0277,2,5,30/08/2021|15/06/2022,289.0,"{'Monday': 1, 'Wednesday': 1}","{'August': 1, 'June': 1}"
8652,2,5,25/08/2021|06/05/2024,985.0,"{'Wednesday': 1, 'Monday': 1}","{'August': 1, 'May': 1}"
7188,2,5,25/08/2021|07/01/2025,1231.0,"{'Wednesday': 1, 'Tuesday': 1}","{'August': 1, 'January': 1}"
6714,2,5,25/08/2021|08/01/2022,136.0,"{'Wednesday': 1, 'Saturday': 1}","{'August': 1, 'January': 1}"
4353,2,5,25/08/2021|17/08/2022,357.0,{'Wednesday': 2},{'August': 2}
7859,2,5,18/08/2021|17/07/2025,1429.0,"{'Wednesday': 1, 'Thursday': 1}","{'August': 1, 'July': 1}"
8269,2,5,09/07/2024|11/12/2024,155.0,"{'Tuesday': 1, 'Wednesday': 1}","{'July': 1, 'December': 1}"
5828,2,5,08/07/2024|16/07/2024,8.0,"{'Monday': 1, 'Tuesday': 1}",{'July': 2}
7721,2,5,07/07/2024|17/06/2025,345.0,"{'Sunday': 1, 'Tuesday': 1}","{'July': 1, 'June': 1}"
5218,2,5,06/07/2024|29/07/2024,23.0,"{'Saturday': 1, 'Monday': 1}",{'July': 2}
4266,2,5,03/07/2024|09/04/2025,280.0,{'Wednesday': 2},"{'July': 1, 'April': 1}"
5777,2,5,01/07/2024|09/09/2025,435.0,"{'Monday': 1, 'Tuesday': 1}","{'July': 1, 'September': 1}"
3125,2,5,01/07/2024|11/09/2025,437.0,"{'Monday': 1, 'Thursday': 1}","{'July': 1, 'September': 1}"
5965,2,5,15/03/2021|05/06/2024,1178.0,"{'Monday': 1, 'Wednesday': 1}","{'March': 1, 'June': 1}"
3795,2,5,15/03/2021|30/03/2021,15.0,"{'Monday': 1, 'Tuesday': 1}",{'March': 2}
1293,2,5,15/03/2021|16/07/2025,1584.0,"{'Monday': 1, 'Wednesday': 1}","{'March': 1, 'July': 1}"
0564,2,5,15/03/2021|04/05/2024,1146.0,"{'Monday': 1, 'Saturday': 1}","{'March': 1, 'May': 1}"
6239,2,5,04/09/2021|22/07/2023,686.0,{'Saturday': 2},"{'September': 1, 'July': 1}"
9636,2,5,01/09/2021|23/10/2023,782.0,"{'Wednesday': 1, 'Monday': 1}","{'September': 1, 'October': 1}"
5236,2,5,26/06/2024|17/07/2024,21.0,{'Wednesday': 2},"{'June': 1, 'July': 1}"
5196,2,5,26/06/2024|07/04/2025,285.0,"{'Wednesday': 1, 'Monday': 1}","{'June': 1, 'April': 1}"
1631,2,5,26/06/2024|04/01/2025,192.0,"{'Wednesday': 1, 'Saturday': 1}","{'June': 1, 'January': 1}"
6324,2,5,25/06/2024|29/03/2025,277.0,"{'Tuesday': 1, 'Saturday': 1}","{'June': 1, 'March': 1}"
6652,2,5,24/06/2024|16/11/2024,145.0,"{'Monday': 1, 'Saturday': 1}","{'June': 1, 'November': 1}"
5808,2,5,24/06/2024|30/09/2024,98.0,{'Monday': 2},"{'June': 1, 'September': 1}"
0840,2,5,22/06/2024|29/12/2024,190.0,"{'Saturday': 1, 'Sunday': 1}","{'June': 1, 'December': 1}"
0378,2,5,22/06/2024|09/04/2025,291.0,"{'Saturday': 1, 'Wednesday': 1}","{'June': 1, 'April': 1}"
2651,2,5,18/06/2024|13/11/2024,148.0,"{'Tuesday': 1, 'Wednesday': 1}","{'June': 1, 'November': 1}"
4965,2,5,07/09/2021|19/06/2023,650.0,"{'Tuesday': 1, 'Monday': 1}","{'September': 1, 'June': 1}"
1759,2,5,07/09/2021|19/02/2025,1261.0,"{'Tuesday': 1, 'Wednesday': 1}","{'September': 1, 'February': 1}"
6615,2,5,06/09/2021|26/04/2025,1328.0,"{'Monday': 1, 'Saturday': 1}","{'September': 1, 'April': 1}"
6314,2,5,06/09/2021|27/06/2025,1390.0,"{'Monday': 1, 'Friday': 1}","{'September': 1, 'June': 1}"
5401,2,5,06/09/2021|03/01/2023,484.0,"{'Monday': 1, 'Tuesday': 1}","{'September': 1, 'January': 1}"
1776,2,5,06/09/2021|25/03/2023,565.0,"{'Monday': 1, 'Saturday': 1}","{'September': 1, 'March': 1}"
7937,2,5,04/09/2021|15/11/2023,802.0,"{'Saturday': 1, 'Wednesday': 1}","{'September': 1, 'November': 1}"
6427,2,5,15/03/2021|06/01/2025,1393.0,{'Monday': 2},"{'March': 1, 'January': 1}"
9849,2,5,17/06/2024|07/09/2024,82.0,"{'Monday': 1, 'Saturday': 1}","{'June': 1, 'September': 1}"
2796,2,5,10/06/2024|22/04/2025,316.0,"{'Monday': 1, 'Tuesday': 1}","{'June': 1, 'April': 1}"
9162,2,5,05/06/2024|07/10/2024,124.0,"{'Wednesday': 1, 'Monday': 1}","{'June': 1, 'October': 1}"
5732,2,5,05/06/2024|14/08/2024,70.0,{'Wednesday': 2},"{'June': 1, 'August': 1}"
8050,2,5,03/06/2024|27/01/2025,238.0,{'Monday': 2},"{'June': 1, 'January': 1}"
2807,2,5,02/06/2024|21/10/2024,141.0,"{'Sunday': 1, 'Monday': 1}","{'June': 1, 'October': 1}"
2158,2,5,02/06/2024|08/08/2025,432.0,"{'Sunday': 1, 'Friday': 1}","{'June': 1, 'August': 1}"
9095,2,5,01/06/2024|02/07/2024,31.0,"{'Saturday': 1, 'Tuesday': 1}","{'June': 1, 'July': 1}"
5770,2,5,28/05/2024|17/09/2024,112.0,{'Tuesday': 2},"{'May': 1, 'September': 1}"
9039,2,5,03/08/2020|02/05/2023,1002.0,"{'Monday': 1, 'Tuesday': 1}","{'August': 1, 'May': 1}"
8664,2,5,03/08/2020|25/12/2022,874.0,"{'Monday': 1, 'Sunday': 1}","{'August': 1, 'December': 1}"
9193,2,5,10/03/2021|02/07/2024,1210.0,"{'Wednesday': 1, 'Tuesday': 1}","{'March': 1, 'July': 1}"
7126,2,5,10/03/2021|22/01/2025,1414.0,{'Wednesday': 2},"{'March': 1, 'January': 1}"
4677,2,5,10/03/2021|17/07/2023,859.0,"{'Wednesday': 1, 'Monday': 1}","{'March': 1, 'July': 1}"
6537,2,5,08/09/2021|09/10/2022,396.0,"{'Wednesday': 1, 'Sunday': 1}","{'September': 1, 'October': 1}"
0109,2,5,08/09/2021|13/09/2021,5.0,"{'Wednesday': 1, 'Monday': 1}",{'September': 2}
9880,2,5,07/09/2021|18/07/2025,1410.0,"{'Tuesday': 1, 'Friday': 1}","{'September': 1, 'July': 1}"
8813,2,5,07/09/2021|27/09/2023,750.0,"{'Tuesday': 1, 'Wednesday': 1}",{'September': 2}
6015,2,5,07/09/2021|11/12/2022,460.0,"{'Tuesday': 1, 'Sunday': 1}","{'September': 1, 'December': 1}"
5620,2,5,03/08/2020|13/01/2021,163.0,"{'Monday': 1, 'Wednesday': 1}","{'August': 1, 'January': 1}"
9467,2,5,01/08/2020|24/06/2023,1057.0,{'Saturday': 2},"{'August': 1, 'June': 1}"
3324,2,5,01/08/2020|03/09/2025,1859.0,"{'Saturday': 1, 'Wednesday': 1}","{'August': 1, 'September': 1}"
3942,2,5,27/05/2024|06/11/2024,163.0,"{'Monday': 1, 'Wednesday': 1}","{'May': 1, 'November': 1}"
4628,2,5,26/05/2024|06/04/2025,315.0,{'Sunday': 2},"{'May': 1, 'April': 1}"
6485,2,5,14/09/2021|08/01/2025,1212.0,"{'Tuesday': 1, 'Wednesday': 1}","{'September': 1, 'January': 1}"
3688,2,5,13/09/2021|29/09/2024,1112.0,"{'Monday': 1, 'Sunday': 1}",{'September': 2}
1344,2,5,13/09/2021|01/12/2021,79.0,"{'Monday': 1, 'Wednesday': 1}","{'September': 1, 'December': 1}"
0539,2,5,13/09/2021|23/04/2023,587.0,"{'Monday': 1, 'Sunday': 1}","{'September': 1, 'April': 1}"
9962,2,5,11/09/2021|18/02/2023,525.0,{'Saturday': 2},"{'September': 1, 'February': 1}"
3323,2,5,13/03/2021|16/08/2022,521.0,"{'Saturday': 1, 'Tuesday': 1}","{'March': 1, 'August': 1}"
1857,2,5,13/03/2021|03/11/2021,235.0,"{'Saturday': 1, 'Wednesday': 1}","{'March': 1, 'November': 1}"
1230,2,5,25/05/2024|15/07/2025,416.0,"{'Saturday': 1, 'Tuesday': 1}","{'May': 1, 'July': 1}"
0665,2,5,25/05/2024|26/05/2024,1.0,"{'Saturday': 1, 'Sunday': 1}",{'May': 2}
4685,2,5,22/05/2024|17/11/2024,179.0,"{'Wednesday': 1, 'Sunday': 1}","{'May': 1, 'November': 1}"
5673,2,5,21/05/2024|17/07/2025,422.0,"{'Tuesday': 1, 'Thursday': 1}","{'May': 1, 'July': 1}"
2199,2,5,20/05/2024|31/08/2024,103.0,"{'Monday': 1, 'Saturday': 1}","{'May': 1, 'August': 1}"
9615,2,5,19/05/2024|04/06/2024,16.0,"{'Sunday': 1, 'Tuesday': 1}","{'May': 1, 'June': 1}"
9425,2,5,18/05/2024|15/09/2025,485.0,"{'Saturday': 1, 'Monday': 1}","{'May': 1, 'September': 1}"
0127,2,5,15/05/2024|18/07/2025,429.0,"{'Wednesday': 1, 'Friday': 1}","{'May': 1, 'July': 1}"
7064,2,5,18/09/2021|13/10/2024,1121.0,"{'Saturday': 1, 'Sunday': 1}","{'September': 1, 'October': 1}"
3623,2,5,18/09/2021|24/08/2025,1436.0,"{'Saturday': 1, 'Sunday': 1}","{'September': 1, 'August': 1}"
2164,2,5,18/09/2021|21/03/2023,549.0,"{'Saturday': 1, 'Tuesday': 1}","{'September': 1, 'March': 1}"
0656,2,5,18/09/2021|18/01/2025,1218.0,{'Saturday': 2},"{'September': 1, 'January': 1}"
6266,2,5,15/09/2021|08/09/2024,1089.0,"{'Wednesday': 1, 'Sunday': 1}",{'September': 2}
5803,2,5,15/09/2021|22/05/2023,614.0,"{'Wednesday': 1, 'Monday': 1}","{'September': 1, 'May': 1}"
5475,2,5,15/09/2021|11/07/2025,1395.0,"{'Wednesday': 1, 'Friday': 1}","{'September': 1, 'July': 1}"
2269,2,5,15/09/2021|13/02/2024,881.0,"{'Wednesday': 1, 'Tuesday': 1}","{'September': 1, 'February': 1}"
8428,2,5,13/05/2024|26/06/2024,44.0,"{'Monday': 1, 'Wednesday': 1}","{'May': 1, 'June': 1}"
6306,2,5,11/05/2024|23/04/2025,347.0,"{'Saturday': 1, 'Wednesday': 1}","{'May': 1, 'April': 1}"
1456,2,5,11/05/2024|15/02/2025,280.0,{'Saturday': 2},"{'May': 1, 'February': 1}"
4074,2,5,08/05/2024|08/09/2024,123.0,"{'Wednesday': 1, 'Sunday': 1}","{'May': 1, 'September': 1}"
2870,2,5,07/05/2024|22/05/2024,15.0,"{'Tuesday': 1, 'Wednesday': 1}",{'May': 2}
0836,2,5,07/05/2024|13/09/2025,494.0,"{'Tuesday': 1, 'Saturday': 1}","{'May': 1, 'September': 1}"
8700,2,5,06/05/2024|24/08/2024,110.0,"{'Monday': 1, 'Saturday': 1}","{'May': 1, 'August': 1}"
0000,2,5,06/05/2024|05/08/2024,91.0,{'Monday': 2},"{'May': 1, 'August': 1}"
3018,2,5,04/05/2024|19/04/2025,350.0,{'Saturday': 2},"{'May': 1, 'April': 1}"
0383,2,5,30/04/2024|07/09/2024,130.0,"{'Tuesday': 1, 'Saturday': 1}","{'April': 1, 'September': 1}"
5266,2,5,21/09/2021|03/07/2024,1016.0,"{'Tuesday': 1, 'Wednesday': 1}","{'September': 1, 'July': 1}"
8756,2,5,20/09/2021|28/12/2024,1195.0,"{'Monday': 1, 'Saturday': 1}","{'September': 1, 'December': 1}"
3387,2,5,20/09/2021|03/02/2024,866.0,"{'Monday': 1, 'Saturday': 1}","{'September': 1, 'February': 1}"
5439,2,5,27/04/2024|19/06/2025,418.0,"{'Saturday': 1, 'Thursday': 1}","{'April': 1, 'June': 1}"
2795,2,5,24/04/2024|25/05/2024,31.0,"{'Wednesday': 1, 'Saturday': 1}","{'April': 1, 'May': 1}"
9517,2,5,23/04/2024|03/12/2024,224.0,{'Tuesday': 2},"{'April': 1, 'December': 1}"
4857,2,5,23/04/2024|22/03/2025,333.0,"{'Tuesday': 1, 'Saturday': 1}","{'April': 1, 'March': 1}"
9492,2,5,22/04/2024|03/02/2025,287.0,{'Monday': 2},"{'April': 1, 'February': 1}"
8287,2,5,20/04/2024|19/09/2025,517.0,"{'Saturday': 1, 'Friday': 1}","{'April': 1, 'September': 1}"
8769,2,5,17/04/2024|02/07/2024,76.0,"{'Wednesday': 1, 'Tuesday': 1}","{'April': 1, 'July': 1}"
4769,2,5,17/04/2024|06/11/2024,203.0,{'Wednesday': 2},"{'April': 1, 'November': 1}"
6058,2,5,15/04/2024|08/03/2025,327.0,"{'Monday': 1, 'Saturday': 1}","{'April': 1, 'March': 1}"
4378,2,5,15/04/2024|14/08/2025,486.0,"{'Monday': 1, 'Thursday': 1}","{'April': 1, 'August': 1}"
2499,2,5,13/04/2024|25/01/2025,287.0,{'Saturday': 2},"{'April': 1, 'January': 1}"
9694,2,5,10/04/2024|24/12/2024,258.0,"{'Wednesday': 1, 'Tuesday': 1}","{'April': 1, 'December': 1}"
9458,2,5,10/04/2024|14/06/2025,430.0,"{'Wednesday': 1, 'Saturday': 1}","{'April': 1, 'June': 1}"
5976,2,5,10/04/2024|14/07/2024,95.0,"{'Wednesday': 1, 'Sunday': 1}","{'April': 1, 'July': 1}"
8767,2,5,09/04/2024|17/04/2024,8.0,"{'Tuesday': 1, 'Wednesday': 1}",{'April': 2}
4105,2,5,09/04/2024|17/02/2025,314.0,"{'Tuesday': 1, 'Monday': 1}","{'April': 1, 'February': 1}"
8042,2,5,11/08/2020|18/10/2023,1163.0,"{'Tuesday': 1, 'Wednesday': 1}","{'August': 1, 'October': 1}"
9776,2,5,08/03/2021|29/11/2021,266.0,{'Monday': 2},"{'March': 1, 'November': 1}"
9625,2,5,08/03/2021|07/10/2023,943.0,"{'Monday': 1, 'Saturday': 1}","{'March': 1, 'October': 1}"
2605,2,5,08/03/2021|09/12/2024,1372.0,{'Monday': 2},"{'March': 1, 'December': 1}"
8931,2,5,06/03/2021|08/11/2023,977.0,"{'Saturday': 1, 'Wednesday': 1}","{'March': 1, 'November': 1}"
4359,2,5,25/09/2021|30/11/2024,1162.0,{'Saturday': 2},"{'September': 1, 'November': 1}"
1841,2,5,25/09/2021|01/10/2024,1102.0,"{'Saturday': 1, 'Tuesday': 1}","{'September': 1, 'October': 1}"
3789,2,5,11/08/2020|31/10/2023,1176.0,{'Tuesday': 2},"{'August': 1, 'October': 1}"
7452,2,5,05/08/2020|15/03/2025,1683.0,"{'Wednesday': 1, 'Saturday': 1}","{'August': 1, 'March': 1}"
9740,2,5,03/08/2020|17/03/2025,1687.0,{'Monday': 2},"{'August': 1, 'March': 1}"
1218,2,5,03/04/2024|22/06/2024,80.0,"{'Wednesday': 1, 'Saturday': 1}","{'April': 1, 'June': 1}"
9347,2,5,01/04/2024|01/02/2025,306.0,"{'Monday': 1, 'Saturday': 1}","{'April': 1, 'February': 1}"
6861,2,5,01/04/2024|24/06/2024,84.0,{'Monday': 2},"{'April': 1, 'June': 1}"
6192,2,5,28/09/2021|18/11/2023,781.0,"{'Tuesday': 1, 'Saturday': 1}","{'September': 1, 'November': 1}"
6034,2,5,28/09/2021|24/03/2025,1273.0,"{'Tuesday': 1, 'Monday': 1}","{'September': 1, 'March': 1}"
5711,2,5,28/09/2021|01/07/2024,1007.0,"{'Tuesday': 1, 'Monday': 1}","{'September': 1, 'July': 1}"
5057,2,5,28/09/2021|21/11/2022,419.0,"{'Tuesday': 1, 'Monday': 1}","{'September': 1, 'November': 1}"
3633,2,5,28/09/2021|10/08/2025,1412.0,"{'Tuesday': 1, 'Sunday': 1}","{'September': 1, 'August': 1}"
3113,2,5,28/09/2021|27/07/2022,302.0,"{'Tuesday': 1, 'Wednesday': 1}","{'September': 1, 'July': 1}"
7785,2,5,25/09/2021|17/03/2025,1269.0,"{'Saturday': 1, 'Monday': 1}","{'September': 1, 'March': 1}"
5018,2,5,25/09/2021|20/04/2024,938.0,{'Saturday': 2},"{'September': 1, 'April': 1}"
4726,2,5,25/09/2021|23/04/2025,1306.0,"{'Saturday': 1, 'Wednesday': 1}","{'September': 1, 'April': 1}"
6223,2,5,09/03/2021|26/04/2025,1509.0,"{'Tuesday': 1, 'Saturday': 1}","{'March': 1, 'April': 1}"
6009,2,5,09/03/2021|19/02/2025,1443.0,"{'Tuesday': 1, 'Wednesday': 1}","{'March': 1, 'February': 1}"
3551,2,5,09/03/2021|09/04/2022,396.0,"{'Tuesday': 1, 'Saturday': 1}","{'March': 1, 'April': 1}"
6371,2,5,26/03/2024|18/05/2024,53.0,"{'Tuesday': 1, 'Saturday': 1}","{'March': 1, 'May': 1}"
4151,2,5,26/03/2024|05/03/2025,344.0,"{'Tuesday': 1, 'Wednesday': 1}",{'March': 2}
3823,2,5,20/03/2024|10/07/2025,477.0,"{'Wednesday': 1, 'Thursday': 1}","{'March': 1, 'July': 1}"
8030,2,5,04/10/2021|25/07/2022,294.0,{'Monday': 2},"{'October': 1, 'July': 1}"
7696,2,5,04/10/2021|12/10/2024,1104.0,"{'Monday': 1, 'Saturday': 1}",{'October': 2}
7372,2,5,04/10/2021|24/09/2024,1086.0,"{'Monday': 1, 'Tuesday': 1}","{'October': 1, 'September': 1}"
2955,2,5,04/10/2021|21/01/2025,1205.0,"{'Monday': 1, 'Tuesday': 1}","{'October': 1, 'January': 1}"
9843,2,5,27/09/2021|25/05/2024,971.0,"{'Monday': 1, 'Saturday': 1}","{'September': 1, 'May': 1}"
9064,2,5,27/09/2021|05/07/2025,1377.0,"{'Monday': 1, 'Saturday': 1}","{'September': 1, 'July': 1}"
6057,2,5,27/09/2021|03/05/2022,218.0,"{'Monday': 1, 'Tuesday': 1}","{'September': 1, 'May': 1}"
0518,2,5,27/09/2021|13/09/2023,716.0,"{'Monday': 1, 'Wednesday': 1}",{'September': 2}
0650,2,5,18/03/2024|14/01/2025,302.0,"{'Monday': 1, 'Tuesday': 1}","{'March': 1, 'January': 1}"
9905,2,5,16/03/2024|15/07/2025,486.0,"{'Saturday': 1, 'Tuesday': 1}","{'March': 1, 'July': 1}"
8365,2,5,16/03/2024|04/09/2024,172.0,"{'Saturday': 1, 'Wednesday': 1}","{'March': 1, 'September': 1}"
3820,2,5,16/03/2024|09/02/2025,330.0,"{'Saturday': 1, 'Sunday': 1}","{'March': 1, 'February': 1}"
8008,2,5,13/03/2024|14/05/2024,62.0,"{'Wednesday': 1, 'Tuesday': 1}","{'March': 1, 'May': 1}"
7341,2,5,13/03/2024|29/10/2024,230.0,"{'Wednesday': 1, 'Tuesday': 1}","{'March': 1, 'October': 1}"
2277,2,5,13/03/2024|22/04/2024,40.0,"{'Wednesday': 1, 'Monday': 1}","{'March': 1, 'April': 1}"
7846,2,5,12/03/2024|04/05/2024,53.0,"{'Tuesday': 1, 'Saturday': 1}","{'March': 1, 'May': 1}"
6388,2,5,12/03/2024|03/09/2025,540.0,"{'Tuesday': 1, 'Wednesday': 1}","{'March': 1, 'September': 1}"
7914,2,5,03/03/2021|27/01/2024,1060.0,"{'Wednesday': 1, 'Saturday': 1}","{'March': 1, 'January': 1}"
2283,2,5,05/10/2021|25/10/2022,385.0,{'Tuesday': 2},{'October': 2}
1227,2,5,11/03/2024|09/09/2024,182.0,{'Monday': 2},"{'March': 1, 'September': 1}"
9850,2,5,09/03/2024|08/07/2024,121.0,"{'Saturday': 1, 'Monday': 1}","{'March': 1, 'July': 1}"
8247,2,5,09/03/2024|23/10/2024,228.0,"{'Saturday': 1, 'Wednesday': 1}","{'March': 1, 'October': 1}"
0917,2,5,09/03/2024|15/10/2024,220.0,"{'Saturday': 1, 'Tuesday': 1}","{'March': 1, 'October': 1}"
5520,2,5,06/03/2024|21/08/2025,533.0,"{'Wednesday': 1, 'Thursday': 1}","{'March': 1, 'August': 1}"
3371,2,5,05/03/2024|20/04/2025,411.0,"{'Tuesday': 1, 'Sunday': 1}","{'March': 1, 'April': 1}"
0268,2,5,05/03/2024|08/07/2024,125.0,"{'Tuesday': 1, 'Monday': 1}","{'March': 1, 'July': 1}"
7649,2,5,02/03/2024|29/08/2025,545.0,"{'Saturday': 1, 'Friday': 1}","{'March': 1, 'August': 1}"
3549,2,5,02/03/2024|01/08/2025,517.0,"{'Saturday': 1, 'Friday': 1}","{'March': 1, 'August': 1}"
9889,2,5,28/02/2024|16/03/2025,382.0,"{'Wednesday': 1, 'Sunday': 1}","{'February': 1, 'March': 1}"
1478,2,5,28/02/2024|04/01/2025,311.0,"{'Wednesday': 1, 'Saturday': 1}","{'February': 1, 'January': 1}"
4862,2,5,27/02/2024|06/11/2024,253.0,"{'Tuesday': 1, 'Wednesday': 1}","{'February': 1, 'November': 1}"
0855,2,5,27/02/2024|04/05/2024,67.0,"{'Tuesday': 1, 'Saturday': 1}","{'February': 1, 'May': 1}"
8150,2,5,26/02/2024|24/09/2024,211.0,"{'Monday': 1, 'Tuesday': 1}","{'February': 1, 'September': 1}"
8074,2,5,09/10/2021|21/04/2024,925.0,"{'Saturday': 1, 'Sunday': 1}","{'October': 1, 'April': 1}"
7636,2,5,09/10/2021|03/11/2021,25.0,"{'Saturday': 1, 'Wednesday': 1}","{'October': 1, 'November': 1}"
5150,2,5,09/10/2021|09/07/2023,638.0,"{'Saturday': 1, 'Sunday': 1}","{'October': 1, 'July': 1}"
2033,2,5,09/10/2021|17/09/2022,343.0,{'Saturday': 2},"{'October': 1, 'September': 1}"
1920,2,5,09/10/2021|03/06/2024,968.0,"{'Saturday': 1, 'Monday': 1}","{'October': 1, 'June': 1}"
0722,2,5,09/10/2021|16/01/2023,464.0,"{'Saturday': 1, 'Monday': 1}","{'October': 1, 'January': 1}"
7522,2,5,06/10/2021|03/04/2024,910.0,{'Wednesday': 2},"{'October': 1, 'April': 1}"
6254,2,5,06/10/2021|21/12/2024,1172.0,"{'Wednesday': 1, 'Saturday': 1}","{'October': 1, 'December': 1}"
4064,2,5,06/10/2021|13/07/2022,280.0,{'Wednesday': 2},"{'October': 1, 'July': 1}"
6783,2,5,25/02/2024|27/04/2024,62.0,"{'Sunday': 1, 'Saturday': 1}","{'February': 1, 'April': 1}"
1887,2,5,24/02/2024|15/06/2024,112.0,{'Saturday': 2},"{'February': 1, 'June': 1}"
3255,2,5,21/02/2024|07/12/2024,290.0,"{'Wednesday': 1, 'Saturday': 1}","{'February': 1, 'December': 1}"
9994,2,5,20/02/2024|01/02/2025,347.0,"{'Tuesday': 1, 'Saturday': 1}",{'February': 2}
6511,2,5,19/02/2024|06/07/2025,503.0,"{'Monday': 1, 'Sunday': 1}","{'February': 1, 'July': 1}"
7335,2,5,18/02/2024|19/05/2024,91.0,{'Sunday': 2},"{'February': 1, 'May': 1}"
2311,2,5,19/08/2020|31/05/2023,1015.0,{'Wednesday': 2},"{'August': 1, 'May': 1}"
7699,2,5,17/08/2020|08/11/2023,1178.0,"{'Monday': 1, 'Wednesday': 1}","{'August': 1, 'November': 1}"
1412,2,5,12/10/2021|30/11/2024,1145.0,"{'Tuesday': 1, 'Saturday': 1}","{'October': 1, 'November': 1}"
9476,2,5,11/10/2021|17/09/2024,1072.0,"{'Monday': 1, 'Tuesday': 1}","{'October': 1, 'September': 1}"
6533,2,5,11/10/2021|10/09/2022,334.0,"{'Monday': 1, 'Saturday': 1}","{'October': 1, 'September': 1}"
5874,2,5,11/10/2021|08/07/2025,1366.0,"{'Monday': 1, 'Tuesday': 1}","{'October': 1, 'July': 1}"
4689,2,5,11/10/2021|03/02/2025,1211.0,{'Monday': 2},"{'October': 1, 'February': 1}"
1605,2,5,11/10/2021|20/03/2023,525.0,{'Monday': 2},"{'October': 1, 'March': 1}"
7571,2,5,02/03/2021|05/06/2023,825.0,"{'Tuesday': 1, 'Monday': 1}","{'March': 1, 'June': 1}"
5826,2,5,02/03/2021|23/10/2022,600.0,"{'Tuesday': 1, 'Sunday': 1}","{'March': 1, 'October': 1}"
5413,2,5,02/03/2021|20/05/2024,1175.0,"{'Tuesday': 1, 'Monday': 1}","{'March': 1, 'May': 1}"
8721,2,5,01/03/2021|07/11/2023,981.0,"{'Monday': 1, 'Tuesday': 1}","{'March': 1, 'November': 1}"
7394,2,5,17/08/2020|09/01/2024,1240.0,"{'Monday': 1, 'Tuesday': 1}","{'August': 1, 'January': 1}"
6286,2,5,17/08/2020|08/07/2024,1421.0,{'Monday': 2},"{'August': 1, 'July': 1}"
3480,2,5,17/08/2020|21/08/2023,1099.0,{'Monday': 2},{'August': 2}
9947,2,5,14/02/2024|15/04/2025,426.0,"{'Wednesday': 1, 'Tuesday': 1}","{'February': 1, 'April': 1}"
8144,2,5,16/10/2021|05/09/2023,689.0,"{'Saturday': 1, 'Tuesday': 1}","{'October': 1, 'September': 1}"
7014,2,5,16/10/2021|02/02/2025,1205.0,"{'Saturday': 1, 'Sunday': 1}","{'October': 1, 'February': 1}"
4000,2,5,16/10/2021|17/08/2022,305.0,"{'Saturday': 1, 'Wednesday': 1}","{'October': 1, 'August': 1}"
8195,2,5,13/10/2021|06/02/2024,846.0,"{'Wednesday': 1, 'Tuesday': 1}","{'October': 1, 'February': 1}"
3834,2,5,13/10/2021|04/01/2022,83.0,"{'Wednesday': 1, 'Tuesday': 1}","{'October': 1, 'January': 1}"
9933,2,5,12/10/2021|14/06/2023,610.0,"{'Tuesday': 1, 'Wednesday': 1}","{'October': 1, 'June': 1}"
7343,2,5,13/02/2024|13/08/2025,547.0,"{'Tuesday': 1, 'Wednesday': 1}","{'February': 1, 'August': 1}"
7317,2,5,13/02/2024|16/11/2024,277.0,"{'Tuesday': 1, 'Saturday': 1}","{'February': 1, 'November': 1}"
3951,2,5,13/02/2024|09/06/2024,117.0,"{'Tuesday': 1, 'Sunday': 1}","{'February': 1, 'June': 1}"
0900,2,5,11/02/2024|12/06/2024,122.0,"{'Sunday': 1, 'Wednesday': 1}","{'February': 1, 'June': 1}"
9311,2,5,10/02/2024|15/09/2025,583.0,"{'Saturday': 1, 'Monday': 1}","{'February': 1, 'September': 1}"
6517,2,5,10/02/2024|16/10/2024,249.0,"{'Saturday': 1, 'Wednesday': 1}","{'February': 1, 'October': 1}"
4508,2,5,07/02/2024|22/12/2024,319.0,"{'Wednesday': 1, 'Sunday': 1}","{'February': 1, 'December': 1}"
4211,2,5,07/02/2024|23/07/2024,167.0,"{'Wednesday': 1, 'Tuesday': 1}","{'February': 1, 'July': 1}"
0974,2,5,03/02/2024|26/03/2025,417.0,"{'Saturday': 1, 'Wednesday': 1}","{'February': 1, 'March': 1}"
9264,2,5,31/01/2024|25/06/2024,146.0,"{'Wednesday': 1, 'Tuesday': 1}","{'January': 1, 'June': 1}"
8819,2,5,31/01/2024|19/05/2024,109.0,"{'Wednesday': 1, 'Sunday': 1}","{'January': 1, 'May': 1}"
0779,2,5,31/01/2024|23/04/2024,83.0,"{'Wednesday': 1, 'Tuesday': 1}","{'January': 1, 'April': 1}"
7456,2,5,30/01/2024|30/12/2024,335.0,"{'Tuesday': 1, 'Monday': 1}","{'January': 1, 'December': 1}"
5158,2,5,24/02/2021|20/04/2025,1516.0,"{'Wednesday': 1, 'Sunday': 1}","{'February': 1, 'April': 1}"
3675,2,5,24/02/2021|15/01/2023,690.0,"{'Wednesday': 1, 'Sunday': 1}","{'February': 1, 'January': 1}"
2542,2,5,24/02/2021|02/03/2021,6.0,"{'Wednesday': 1, 'Tuesday': 1}","{'February': 1, 'March': 1}"
3022,2,5,20/10/2021|31/07/2023,649.0,"{'Wednesday': 1, 'Monday': 1}","{'October': 1, 'July': 1}"
2108,2,5,20/10/2021|18/06/2024,972.0,"{'Wednesday': 1, 'Tuesday': 1}","{'October': 1, 'June': 1}"
1612,2,5,20/10/2021|03/11/2024,1110.0,"{'Wednesday': 1, 'Sunday': 1}","{'October': 1, 'November': 1}"
6133,2,5,18/10/2021|25/05/2022,219.0,"{'Monday': 1, 'Wednesday': 1}","{'October': 1, 'May': 1}"
4414,2,5,18/10/2021|28/02/2023,498.0,"{'Monday': 1, 'Tuesday': 1}","{'October': 1, 'February': 1}"
5588,2,5,29/01/2024|03/03/2025,399.0,{'Monday': 2},"{'January': 1, 'March': 1}"
8338,2,5,27/01/2024|10/02/2025,380.0,"{'Saturday': 1, 'Monday': 1}","{'January': 1, 'February': 1}"
7108,2,5,23/01/2024|25/02/2025,399.0,{'Tuesday': 2},"{'January': 1, 'February': 1}"
6805,2,5,23/01/2024|19/02/2024,27.0,"{'Tuesday': 1, 'Monday': 1}","{'January': 1, 'February': 1}"
4766,2,5,23/01/2024|18/09/2024,239.0,"{'Tuesday': 1, 'Wednesday': 1}","{'January': 1, 'September': 1}"
9244,2,5,22/01/2024|12/04/2025,446.0,"{'Monday': 1, 'Saturday': 1}","{'January': 1, 'April': 1}"
6972,2,5,22/01/2024|12/06/2024,142.0,"{'Monday': 1, 'Wednesday': 1}","{'January': 1, 'June': 1}"
4742,2,5,22/01/2024|20/11/2024,303.0,"{'Monday': 1, 'Wednesday': 1}","{'January': 1, 'November': 1}"
3716,2,5,22/01/2024|13/07/2024,173.0,"{'Monday': 1, 'Saturday': 1}","{'January': 1, 'July': 1}"
4293,2,5,21/01/2024|12/03/2024,51.0,"{'Sunday': 1, 'Tuesday': 1}","{'January': 1, 'March': 1}"
1038,2,5,25/10/2021|19/03/2024,876.0,"{'Monday': 1, 'Tuesday': 1}","{'October': 1, 'March': 1}"
0075,2,5,25/10/2021|02/05/2023,554.0,"{'Monday': 1, 'Tuesday': 1}","{'October': 1, 'May': 1}"
7159,2,5,19/10/2021|06/01/2025,1175.0,"{'Tuesday': 1, 'Monday': 1}","{'October': 1, 'January': 1}"
0832,2,5,19/10/2021|19/03/2024,882.0,{'Tuesday': 2},"{'October': 1, 'March': 1}"
0283,2,5,19/10/2021|08/08/2023,658.0,{'Tuesday': 2},"{'October': 1, 'August': 1}"
5903,2,5,23/10/2021|11/05/2022,200.0,"{'Saturday': 1, 'Wednesday': 1}","{'October': 1, 'May': 1}"
5511,2,5,23/10/2021|11/01/2025,1176.0,{'Saturday': 2},"{'October': 1, 'January': 1}"
3024,2,5,23/10/2021|24/06/2024,975.0,"{'Saturday': 1, 'Monday': 1}","{'October': 1, 'June': 1}"
6831,2,5,20/01/2024|14/04/2024,85.0,"{'Saturday': 1, 'Sunday': 1}","{'January': 1, 'April': 1}"
4587,2,5,20/01/2024|08/01/2025,354.0,"{'Saturday': 1, 'Wednesday': 1}",{'January': 2}
6445,2,5,17/01/2024|07/04/2025,446.0,"{'Wednesday': 1, 'Monday': 1}","{'January': 1, 'April': 1}"
3885,2,5,16/01/2024|02/04/2024,77.0,{'Tuesday': 2},"{'January': 1, 'April': 1}"
2637,2,5,16/01/2024|20/11/2024,309.0,"{'Tuesday': 1, 'Wednesday': 1}","{'January': 1, 'November': 1}"
3687,2,5,26/10/2021|23/03/2022,148.0,"{'Tuesday': 1, 'Wednesday': 1}","{'October': 1, 'March': 1}"
0231,2,5,26/10/2021|24/02/2025,1217.0,"{'Tuesday': 1, 'Monday': 1}","{'October': 1, 'February': 1}"
9860,2,5,25/10/2021|31/07/2022,279.0,"{'Monday': 1, 'Sunday': 1}","{'October': 1, 'July': 1}"
5198,2,5,25/10/2021|24/04/2024,912.0,"{'Monday': 1, 'Wednesday': 1}","{'October': 1, 'April': 1}"
4138,2,5,25/10/2021|21/05/2024,939.0,"{'Monday': 1, 'Tuesday': 1}","{'October': 1, 'May': 1}"
1091,2,5,25/10/2021|06/07/2022,254.0,"{'Monday': 1, 'Wednesday': 1}","{'October': 1, 'July': 1}"
7365,2,5,15/01/2024|14/09/2024,243.0,"{'Monday': 1, 'Saturday': 1}","{'January': 1, 'September': 1}"
4987,2,5,15/01/2024|29/04/2024,105.0,{'Monday': 2},"{'January': 1, 'April': 1}"
4524,2,5,15/01/2024|23/12/2024,343.0,{'Monday': 2},"{'January': 1, 'December': 1}"
4384,2,5,13/01/2024|12/05/2024,120.0,"{'Saturday': 1, 'Sunday': 1}","{'January': 1, 'May': 1}"
1797,2,5,13/01/2024|06/03/2024,53.0,"{'Saturday': 1, 'Wednesday': 1}","{'January': 1, 'March': 1}"
6111,2,5,08/01/2024|18/11/2024,315.0,{'Monday': 2},"{'January': 1, 'November': 1}"
4863,2,5,07/01/2024|16/02/2025,406.0,{'Sunday': 2},"{'January': 1, 'February': 1}"
4654,2,5,07/01/2024|07/07/2024,182.0,{'Sunday': 2},"{'January': 1, 'July': 1}"
1994,2,5,07/01/2024|26/11/2024,324.0,"{'Sunday': 1, 'Tuesday': 1}","{'January': 1, 'November': 1}"
2085,2,5,02/11/2021|06/07/2022,246.0,"{'Tuesday': 1, 'Wednesday': 1}","{'November': 1, 'July': 1}"
6602,2,5,01/11/2021|30/07/2022,271.0,"{'Monday': 1, 'Saturday': 1}","{'November': 1, 'July': 1}"
4390,2,5,01/11/2021|01/03/2022,120.0,"{'Monday': 1, 'Tuesday': 1}","{'November': 1, 'March': 1}"
6782,2,5,30/10/2021|11/02/2024,834.0,"{'Saturday': 1, 'Sunday': 1}","{'October': 1, 'February': 1}"
1954,2,5,27/10/2021|21/12/2024,1151.0,"{'Wednesday': 1, 'Saturday': 1}","{'October': 1, 'December': 1}"
0899,2,5,27/10/2021|15/04/2023,535.0,"{'Wednesday': 1, 'Saturday': 1}","{'October': 1, 'April': 1}"
7674,2,5,03/01/2024|05/08/2024,215.0,"{'Wednesday': 1, 'Monday': 1}","{'January': 1, 'August': 1}"
0596,2,5,03/01/2024|15/07/2024,194.0,"{'Wednesday': 1, 'Monday': 1}","{'January': 1, 'July': 1}"
6368,2,5,02/01/2024|30/07/2025,575.0,"{'Tuesday': 1, 'Wednesday': 1}","{'January': 1, 'July': 1}"
6042,2,5,02/01/2024|11/03/2024,69.0,"{'Tuesday': 1, 'Monday': 1}","{'January': 1, 'March': 1}"
9893,2,5,01/01/2024|17/09/2024,260.0,"{'Monday': 1, 'Tuesday': 1}","{'January': 1, 'September': 1}"
8688,2,5,01/01/2024|03/02/2025,399.0,{'Monday': 2},"{'January': 1, 'February': 1}"
6803,2,5,01/01/2024|29/10/2024,302.0,"{'Monday': 1, 'Tuesday': 1}","{'January': 1, 'October': 1}"
0011,2,5,01/01/2024|25/03/2024,84.0,{'Monday': 2},"{'January': 1, 'March': 1}"
2599,2,5,23/02/2021|30/12/2023,1040.0,"{'Tuesday': 1, 'Saturday': 1}","{'February': 1, 'December': 1}"
1130,2,5,23/02/2021|30/11/2024,1376.0,"{'Tuesday': 1, 'Saturday': 1}","{'February': 1, 'November': 1}"
9450,2,5,22/02/2021|23/10/2021,243.0,"{'Monday': 1, 'Saturday': 1}","{'February': 1, 'October': 1}"
8959,2,5,22/02/2021|18/01/2025,1426.0,"{'Monday': 1, 'Saturday': 1}","{'February': 1, 'January': 1}"
7525,2,5,02/11/2021|13/11/2021,11.0,"{'Tuesday': 1, 'Saturday': 1}",{'November': 2}
6794,2,5,02/11/2021|28/11/2022,391.0,"{'Tuesday': 1, 'Monday': 1}",{'November': 2}
0214,2,5,31/12/2023|07/09/2024,251.0,"{'Sunday': 1, 'Saturday': 1}","{'December': 1, 'September': 1}"
4435,2,5,27/12/2023|07/09/2025,620.0,"{'Wednesday': 1, 'Sunday': 1}","{'December': 1, 'September': 1}"
8307,2,5,25/12/2023|25/12/2024,366.0,"{'Monday': 1, 'Wednesday': 1}",{'December': 2}
7224,2,5,24/12/2023|29/04/2024,127.0,"{'Sunday': 1, 'Monday': 1}","{'December': 1, 'April': 1}"
6535,2,5,23/12/2023|26/03/2025,459.0,"{'Saturday': 1, 'Wednesday': 1}","{'December': 1, 'March': 1}"
4671,2,5,23/12/2023|24/02/2024,63.0,{'Saturday': 2},"{'December': 1, 'February': 1}"
2413,2,5,29/08/2020|03/08/2022,704.0,"{'Saturday': 1, 'Wednesday': 1}",{'August': 2}
9859,2,5,25/08/2020|22/11/2021,454.0,"{'Tuesday': 1, 'Monday': 1}","{'August': 1, 'November': 1}"
3879,2,5,25/08/2020|14/04/2021,232.0,"{'Tuesday': 1, 'Wednesday': 1}","{'August': 1, 'April': 1}"
2386,2,5,25/08/2020|19/10/2020,55.0,"{'Tuesday': 1, 'Monday': 1}","{'August': 1, 'October': 1}"
1985,2,5,25/08/2020|02/03/2024,1285.0,"{'Tuesday': 1, 'Saturday': 1}","{'August': 1, 'March': 1}"
9738,2,5,19/08/2020|24/04/2024,1344.0,{'Wednesday': 2},"{'August': 1, 'April': 1}"
6471,2,5,19/08/2020|25/02/2025,1651.0,"{'Wednesday': 1, 'Tuesday': 1}","{'August': 1, 'February': 1}"
5156,2,5,19/08/2020|04/04/2022,593.0,"{'Wednesday': 1, 'Monday': 1}","{'August': 1, 'April': 1}"
6277,2,5,20/12/2023|13/04/2025,480.0,"{'Wednesday': 1, 'Sunday': 1}","{'December': 1, 'April': 1}"
9349,2,5,06/11/2021|10/07/2023,611.0,"{'Saturday': 1, 'Monday': 1}","{'November': 1, 'July': 1}"
5861,2,5,06/11/2021|03/12/2022,392.0,{'Saturday': 2},"{'November': 1, 'December': 1}"
5252,2,5,06/11/2021|07/06/2023,578.0,"{'Saturday': 1, 'Wednesday': 1}","{'November': 1, 'June': 1}"
3025,2,5,03/11/2021|10/09/2023,676.0,"{'Wednesday': 1, 'Sunday': 1}","{'November': 1, 'September': 1}"
0949,2,5,03/11/2021|06/05/2023,549.0,"{'Wednesday': 1, 'Saturday': 1}","{'November': 1, 'May': 1}"
8531,2,5,02/11/2021|12/06/2023,587.0,"{'Tuesday': 1, 'Monday': 1}","{'November': 1, 'June': 1}"
5319,2,5,19/12/2023|04/03/2025,441.0,{'Tuesday': 2},"{'December': 1, 'March': 1}"
2099,2,5,19/12/2023|24/06/2025,553.0,{'Tuesday': 2},"{'December': 1, 'June': 1}"
7664,2,5,18/12/2023|24/03/2024,97.0,"{'Monday': 1, 'Sunday': 1}","{'December': 1, 'March': 1}"
5667,2,5,18/12/2023|03/07/2024,198.0,"{'Monday': 1, 'Wednesday': 1}","{'December': 1, 'July': 1}"
7055,2,5,17/12/2023|13/08/2024,240.0,"{'Sunday': 1, 'Tuesday': 1}","{'December': 1, 'August': 1}"
9774,2,5,16/12/2023|03/02/2025,415.0,"{'Saturday': 1, 'Monday': 1}","{'December': 1, 'February': 1}"
8479,2,5,16/12/2023|26/11/2024,346.0,"{'Saturday': 1, 'Tuesday': 1}","{'December': 1, 'November': 1}"
9510,2,5,20/02/2021|13/11/2022,631.0,"{'Saturday': 1, 'Sunday': 1}","{'February': 1, 'November': 1}"
6008,2,5,20/02/2021|05/03/2025,1474.0,"{'Saturday': 1, 'Wednesday': 1}","{'February': 1, 'March': 1}"
2928,2,5,20/02/2021|09/01/2023,688.0,"{'Saturday': 1, 'Monday': 1}","{'February': 1, 'January': 1}"
1595,2,5,20/02/2021|27/12/2023,1040.0,"{'Saturday': 1, 'Wednesday': 1}","{'February': 1, 'December': 1}"
3939,2,5,17/02/2021|04/04/2022,411.0,"{'Wednesday': 1, 'Monday': 1}","{'February': 1, 'April': 1}"
0566,2,5,10/11/2021|14/09/2022,308.0,{'Wednesday': 2},"{'November': 1, 'September': 1}"
9550,2,5,09/11/2021|28/08/2024,1023.0,"{'Tuesday': 1, 'Wednesday': 1}","{'November': 1, 'August': 1}"
9386,2,5,09/11/2021|22/04/2023,529.0,"{'Tuesday': 1, 'Saturday': 1}","{'November': 1, 'April': 1}"
9991,2,5,08/11/2021|09/08/2022,274.0,"{'Monday': 1, 'Tuesday': 1}","{'November': 1, 'August': 1}"
9513,2,5,08/11/2021|11/09/2022,307.0,"{'Monday': 1, 'Sunday': 1}","{'November': 1, 'September': 1}"
8167,2,5,13/12/2023|17/02/2025,432.0,"{'Wednesday': 1, 'Monday': 1}","{'December': 1, 'February': 1}"
6351,2,5,13/12/2023|18/06/2024,188.0,"{'Wednesday': 1, 'Tuesday': 1}","{'December': 1, 'June': 1}"
3522,2,5,13/12/2023|31/12/2024,384.0,"{'Wednesday': 1, 'Tuesday': 1}",{'December': 2}
3325,2,5,13/12/2023|23/03/2024,101.0,"{'Wednesday': 1, 'Saturday': 1}","{'December': 1, 'March': 1}"
9560,2,5,12/12/2023|22/10/2024,315.0,{'Tuesday': 2},"{'December': 1, 'October': 1}"
8336,2,5,13/11/2021|13/03/2023,485.0,"{'Saturday': 1, 'Monday': 1}","{'November': 1, 'March': 1}"
4767,2,5,13/11/2021|28/09/2022,319.0,"{'Saturday': 1, 'Wednesday': 1}","{'November': 1, 'September': 1}"
3107,2,5,13/11/2021|14/10/2023,700.0,{'Saturday': 2},"{'November': 1, 'October': 1}"
1329,2,5,13/11/2021|18/10/2023,704.0,"{'Saturday': 1, 'Wednesday': 1}","{'November': 1, 'October': 1}"
0806,2,5,13/11/2021|14/11/2022,366.0,"{'Saturday': 1, 'Monday': 1}",{'November': 2}
0850,2,5,10/11/2021|28/02/2022,110.0,"{'Wednesday': 1, 'Monday': 1}","{'November': 1, 'February': 1}"
2976,2,5,22/02/2021|04/10/2023,954.0,"{'Monday': 1, 'Wednesday': 1}","{'February': 1, 'October': 1}"
1233,2,5,22/02/2021|01/04/2025,1499.0,"{'Monday': 1, 'Tuesday': 1}","{'February': 1, 'April': 1}"
5127,2,5,11/12/2023|07/02/2024,58.0,"{'Monday': 1, 'Wednesday': 1}","{'December': 1, 'February': 1}"
4413,2,5,11/12/2023|19/05/2024,160.0,"{'Monday': 1, 'Sunday': 1}","{'December': 1, 'May': 1}"
5258,2,5,09/12/2023|25/09/2024,291.0,"{'Saturday': 1, 'Wednesday': 1}","{'December': 1, 'September': 1}"
6300,2,5,06/12/2023|17/01/2024,42.0,{'Wednesday': 2},"{'December': 1, 'January': 1}"
3588,2,5,06/12/2023|28/08/2025,631.0,"{'Wednesday': 1, 'Thursday': 1}","{'December': 1, 'August': 1}"
5952,2,5,02/12/2023|09/12/2023,7.0,{'Saturday': 2},{'December': 2}
4076,2,5,28/11/2023|12/10/2024,319.0,"{'Tuesday': 1, 'Saturday': 1}","{'November': 1, 'October': 1}"
9210,2,5,16/02/2021|17/02/2024,1096.0,"{'Tuesday': 1, 'Saturday': 1}",{'February': 2}
7886,2,5,16/02/2021|18/07/2022,517.0,"{'Tuesday': 1, 'Monday': 1}","{'February': 1, 'July': 1}"
4354,2,5,16/02/2021|29/08/2022,559.0,"{'Tuesday': 1, 'Monday': 1}","{'February': 1, 'August': 1}"
2289,2,5,16/02/2021|08/01/2025,1422.0,"{'Tuesday': 1, 'Wednesday': 1}","{'February': 1, 'January': 1}"
0885,2,5,16/02/2021|20/04/2021,63.0,{'Tuesday': 2},"{'February': 1, 'April': 1}"
7926,2,5,17/11/2021|22/04/2025,1252.0,"{'Wednesday': 1, 'Tuesday': 1}","{'November': 1, 'April': 1}"
6411,2,5,17/11/2021|21/02/2022,96.0,"{'Wednesday': 1, 'Monday': 1}","{'November': 1, 'February': 1}"
3363,2,5,17/11/2021|09/09/2023,661.0,"{'Wednesday': 1, 'Saturday': 1}","{'November': 1, 'September': 1}"
4437,2,5,16/11/2021|28/02/2022,104.0,"{'Tuesday': 1, 'Monday': 1}","{'November': 1, 'February': 1}"
0049,2,5,16/11/2021|06/09/2025,1390.0,"{'Tuesday': 1, 'Saturday': 1}","{'November': 1, 'September': 1}"
7199,2,5,25/11/2023|02/03/2025,463.0,"{'Saturday': 1, 'Sunday': 1}","{'November': 1, 'March': 1}"
7013,2,5,25/11/2023|19/03/2024,115.0,"{'Saturday': 1, 'Tuesday': 1}","{'November': 1, 'March': 1}"
5133,2,5,21/11/2023|07/12/2024,382.0,"{'Tuesday': 1, 'Saturday': 1}","{'November': 1, 'December': 1}"
0286,2,5,08/09/2020|15/06/2024,1376.0,"{'Tuesday': 1, 'Saturday': 1}","{'September': 1, 'June': 1}"
6195,2,5,02/09/2020|05/07/2023,1036.0,{'Wednesday': 2},"{'September': 1, 'July': 1}"
5739,2,5,02/09/2020|29/05/2022,634.0,"{'Wednesday': 1, 'Sunday': 1}","{'September': 1, 'May': 1}"
3535,2,5,02/09/2020|28/03/2022,572.0,"{'Wednesday': 1, 'Monday': 1}","{'September': 1, 'March': 1}"
5999,2,5,29/08/2020|10/08/2022,711.0,"{'Saturday': 1, 'Wednesday': 1}",{'August': 2}
5321,2,5,29/08/2020|21/02/2023,906.0,"{'Saturday': 1, 'Tuesday': 1}","{'August': 1, 'February': 1}"
3067,2,5,29/08/2020|22/04/2024,1332.0,"{'Saturday': 1, 'Monday': 1}","{'August': 1, 'April': 1}"
5496,2,5,20/11/2023|14/09/2024,299.0,"{'Monday': 1, 'Saturday': 1}","{'November': 1, 'September': 1}"
4574,2,5,20/11/2023|14/12/2024,390.0,"{'Monday': 1, 'Saturday': 1}","{'November': 1, 'December': 1}"
9884,2,5,19/11/2023|12/03/2025,479.0,"{'Sunday': 1, 'Wednesday': 1}","{'November': 1, 'March': 1}"
6317,2,5,22/11/2021|23/09/2025,1401.0,"{'Monday': 1, 'Tuesday': 1}","{'November': 1, 'September': 1}"
6155,2,5,22/11/2021|16/10/2023,693.0,{'Monday': 2},"{'November': 1, 'October': 1}"
4479,2,5,22/11/2021|29/11/2023,737.0,"{'Monday': 1, 'Wednesday': 1}",{'November': 2}
1993,2,5,22/11/2021|01/07/2025,1317.0,"{'Monday': 1, 'Tuesday': 1}","{'November': 1, 'July': 1}"
3771,2,5,20/11/2021|01/09/2024,1016.0,"{'Saturday': 1, 'Sunday': 1}","{'November': 1, 'September': 1}"
8420,2,5,17/11/2021|24/01/2023,433.0,"{'Wednesday': 1, 'Tuesday': 1}","{'November': 1, 'January': 1}"
1785,2,5,17/02/2021|19/02/2024,1097.0,"{'Wednesday': 1, 'Monday': 1}",{'February': 2}
9650,2,5,16/02/2021|28/12/2022,680.0,"{'Tuesday': 1, 'Wednesday': 1}","{'February': 1, 'December': 1}"
8244,2,5,15/11/2023|12/08/2024,271.0,"{'Wednesday': 1, 'Monday': 1}","{'November': 1, 'August': 1}"
8071,2,5,14/11/2023|07/05/2024,175.0,{'Tuesday': 2},"{'November': 1, 'May': 1}"
6536,2,5,14/11/2023|16/06/2024,215.0,"{'Tuesday': 1, 'Sunday': 1}","{'November': 1, 'June': 1}"
8302,2,5,27/11/2021|26/04/2025,1246.0,{'Saturday': 2},"{'November': 1, 'April': 1}"
7743,2,5,27/11/2021|03/10/2022,310.0,"{'Saturday': 1, 'Monday': 1}","{'November': 1, 'October': 1}"
1164,2,5,27/11/2021|15/02/2023,445.0,"{'Saturday': 1, 'Wednesday': 1}","{'November': 1, 'February': 1}"
8604,2,5,24/11/2021|04/02/2024,802.0,"{'Wednesday': 1, 'Sunday': 1}","{'November': 1, 'February': 1}"
4765,2,5,24/11/2021|07/08/2023,621.0,"{'Wednesday': 1, 'Monday': 1}","{'November': 1, 'August': 1}"
9963,2,5,23/11/2021|11/08/2024,992.0,"{'Tuesday': 1, 'Sunday': 1}","{'November': 1, 'August': 1}"
8390,2,5,23/11/2021|04/08/2024,985.0,"{'Tuesday': 1, 'Sunday': 1}","{'November': 1, 'August': 1}"
8009,2,5,23/11/2021|02/05/2022,160.0,"{'Tuesday': 1, 'Monday': 1}","{'November': 1, 'May': 1}"
4039,2,5,23/11/2021|20/05/2023,543.0,"{'Tuesday': 1, 'Saturday': 1}","{'November': 1, 'May': 1}"
6566,2,5,22/11/2021|11/12/2023,749.0,{'Monday': 2},"{'November': 1, 'December': 1}"
0844,2,5,14/11/2023|27/01/2024,74.0,"{'Tuesday': 1, 'Saturday': 1}","{'November': 1, 'January': 1}"
9355,2,5,13/11/2023|08/01/2025,422.0,"{'Monday': 1, 'Wednesday': 1}","{'November': 1, 'January': 1}"
2540,2,5,13/11/2023|23/02/2025,468.0,"{'Monday': 1, 'Sunday': 1}","{'November': 1, 'February': 1}"
7577,2,5,08/11/2023|12/03/2025,490.0,{'Wednesday': 2},"{'November': 1, 'March': 1}"
5978,2,5,08/11/2023|20/09/2025,682.0,"{'Wednesday': 1, 'Saturday': 1}","{'November': 1, 'September': 1}"
7255,2,5,07/11/2023|25/12/2023,48.0,"{'Tuesday': 1, 'Monday': 1}","{'November': 1, 'December': 1}"
9058,2,5,06/11/2023|15/03/2025,495.0,"{'Monday': 1, 'Saturday': 1}","{'November': 1, 'March': 1}"
0739,2,5,06/11/2023|06/02/2024,92.0,"{'Monday': 1, 'Tuesday': 1}","{'November': 1, 'February': 1}"
8827,2,5,13/02/2021|14/09/2024,1309.0,{'Saturday': 2},"{'February': 1, 'September': 1}"
7378,2,5,13/02/2021|27/04/2021,73.0,"{'Saturday': 1, 'Tuesday': 1}","{'February': 1, 'April': 1}"
6760,2,5,13/02/2021|01/01/2022,322.0,{'Saturday': 2},"{'February': 1, 'January': 1}"
2954,2,5,13/02/2021|23/10/2024,1348.0,"{'Saturday': 1, 'Wednesday': 1}","{'February': 1, 'October': 1}"
0642,2,5,13/02/2021|19/06/2023,856.0,"{'Saturday': 1, 'Monday': 1}","{'February': 1, 'June': 1}"
8517,2,5,29/11/2021|16/04/2025,1234.0,"{'Monday': 1, 'Wednesday': 1}","{'November': 1, 'April': 1}"
1052,2,5,29/11/2021|14/07/2024,958.0,"{'Monday': 1, 'Sunday': 1}","{'November': 1, 'July': 1}"
0540,2,5,29/11/2021|26/04/2022,148.0,"{'Monday': 1, 'Tuesday': 1}","{'November': 1, 'April': 1}"
9600,2,5,27/11/2021|26/07/2022,241.0,"{'Saturday': 1, 'Tuesday': 1}","{'November': 1, 'July': 1}"
9117,2,5,05/11/2023|03/08/2024,272.0,"{'Sunday': 1, 'Saturday': 1}","{'November': 1, 'August': 1}"
7318,2,5,05/11/2023|11/03/2024,127.0,"{'Sunday': 1, 'Monday': 1}","{'November': 1, 'March': 1}"
2174,2,5,04/11/2023|23/04/2024,171.0,"{'Saturday': 1, 'Tuesday': 1}","{'November': 1, 'April': 1}"
2690,2,5,01/11/2023|28/01/2024,88.0,"{'Wednesday': 1, 'Sunday': 1}","{'November': 1, 'January': 1}"
4551,2,5,01/12/2021|01/01/2024,761.0,"{'Wednesday': 1, 'Monday': 1}","{'December': 1, 'January': 1}"
3650,2,5,01/12/2021|27/11/2022,361.0,"{'Wednesday': 1, 'Sunday': 1}","{'December': 1, 'November': 1}"
5244,2,5,30/11/2021|16/06/2024,929.0,"{'Tuesday': 1, 'Sunday': 1}","{'November': 1, 'June': 1}"
1357,2,5,30/11/2021|01/01/2023,397.0,"{'Tuesday': 1, 'Sunday': 1}","{'November': 1, 'January': 1}"
0837,2,5,30/11/2021|10/07/2022,222.0,"{'Tuesday': 1, 'Sunday': 1}","{'November': 1, 'July': 1}"
2562,2,5,15/02/2021|23/01/2023,707.0,{'Monday': 2},"{'February': 1, 'January': 1}"
2067,2,5,15/02/2021|04/09/2021,201.0,"{'Monday': 1, 'Saturday': 1}","{'February': 1, 'September': 1}"
1716,2,5,15/02/2021|11/06/2023,846.0,"{'Monday': 1, 'Sunday': 1}","{'February': 1, 'June': 1}"
4125,2,5,31/10/2023|06/07/2024,249.0,"{'Tuesday': 1, 'Saturday': 1}","{'October': 1, 'July': 1}"
2799,2,5,31/10/2023|20/02/2024,112.0,{'Tuesday': 2},"{'October': 1, 'February': 1}"
7370,2,5,30/10/2023|07/09/2024,313.0,"{'Monday': 1, 'Saturday': 1}","{'October': 1, 'September': 1}"
9992,2,5,29/10/2023|24/08/2025,665.0,{'Sunday': 2},"{'October': 1, 'August': 1}"
3312,2,5,25/10/2023|01/01/2024,68.0,"{'Wednesday': 1, 'Monday': 1}","{'October': 1, 'January': 1}"
3007,2,5,25/10/2023|01/12/2024,403.0,"{'Wednesday': 1, 'Sunday': 1}","{'October': 1, 'December': 1}"
6627,2,5,24/10/2023|28/05/2024,217.0,{'Tuesday': 2},"{'October': 1, 'May': 1}"
5665,2,5,24/10/2023|18/11/2023,25.0,"{'Tuesday': 1, 'Saturday': 1}","{'October': 1, 'November': 1}"
1850,2,5,24/10/2023|16/02/2025,481.0,"{'Tuesday': 1, 'Sunday': 1}","{'October': 1, 'February': 1}"
0307,2,5,24/10/2023|08/03/2025,501.0,"{'Tuesday': 1, 'Saturday': 1}","{'October': 1, 'March': 1}"
8363,2,5,23/10/2023|01/01/2025,436.0,"{'Monday': 1, 'Wednesday': 1}","{'October': 1, 'January': 1}"
4871,2,5,22/10/2023|10/03/2025,505.0,"{'Sunday': 1, 'Monday': 1}","{'October': 1, 'March': 1}"
3511,2,5,06/12/2021|02/01/2024,757.0,"{'Monday': 1, 'Tuesday': 1}","{'December': 1, 'January': 1}"
3351,2,5,06/12/2021|25/05/2022,170.0,"{'Monday': 1, 'Wednesday': 1}","{'December': 1, 'May': 1}"
2440,2,5,06/12/2021|13/05/2024,889.0,{'Monday': 2},"{'December': 1, 'May': 1}"
9252,2,5,04/12/2021|18/03/2025,1200.0,"{'Saturday': 1, 'Tuesday': 1}","{'December': 1, 'March': 1}"
5589,2,5,04/12/2021|05/12/2023,731.0,"{'Saturday': 1, 'Tuesday': 1}",{'December': 2}
9666,2,5,18/10/2023|18/09/2025,701.0,"{'Wednesday': 1, 'Thursday': 1}","{'October': 1, 'September': 1}"
7779,2,5,18/10/2023|22/07/2024,278.0,"{'Wednesday': 1, 'Monday': 1}","{'October': 1, 'July': 1}"
6739,2,5,18/10/2023|11/06/2024,237.0,"{'Wednesday': 1, 'Tuesday': 1}","{'October': 1, 'June': 1}"
7122,2,5,17/10/2023|28/01/2025,469.0,{'Tuesday': 2},"{'October': 1, 'January': 1}"
5879,2,5,17/10/2023|19/11/2024,399.0,{'Tuesday': 2},"{'October': 1, 'November': 1}"
5841,2,5,17/10/2023|22/06/2024,249.0,"{'Tuesday': 1, 'Saturday': 1}","{'October': 1, 'June': 1}"
4895,2,5,11/12/2021|12/01/2025,1128.0,"{'Saturday': 1, 'Sunday': 1}","{'December': 1, 'January': 1}"
2834,2,5,11/12/2021|17/10/2022,310.0,"{'Saturday': 1, 'Monday': 1}","{'December': 1, 'October': 1}"
0960,2,5,11/12/2021|15/02/2022,66.0,"{'Saturday': 1, 'Tuesday': 1}","{'December': 1, 'February': 1}"
6871,2,5,07/12/2021|30/05/2023,539.0,{'Tuesday': 2},"{'December': 1, 'May': 1}"
1724,2,5,07/12/2021|28/08/2025,1360.0,"{'Tuesday': 1, 'Thursday': 1}","{'December': 1, 'August': 1}"
9771,2,5,06/12/2021|18/01/2022,43.0,"{'Monday': 1, 'Tuesday': 1}","{'December': 1, 'January': 1}"
7873,2,5,06/12/2021|28/12/2024,1118.0,"{'Monday': 1, 'Saturday': 1}",{'December': 2}
3284,2,5,15/10/2023|24/08/2024,314.0,"{'Sunday': 1, 'Saturday': 1}","{'October': 1, 'August': 1}"
1507,2,5,14/10/2023|04/05/2024,203.0,{'Saturday': 2},"{'October': 1, 'May': 1}"
9923,2,5,11/10/2023|23/10/2024,378.0,{'Wednesday': 2},{'October': 2}
3613,2,5,11/10/2023|03/01/2024,84.0,{'Wednesday': 2},"{'October': 1, 'January': 1}"
8385,2,5,10/10/2023|02/04/2024,175.0,{'Tuesday': 2},"{'October': 1, 'April': 1}"
7248,2,5,08/10/2023|07/11/2023,30.0,"{'Sunday': 1, 'Tuesday': 1}","{'October': 1, 'November': 1}"
1347,2,5,07/10/2023|15/02/2025,497.0,{'Saturday': 2},"{'October': 1, 'February': 1}"
9075,2,5,04/10/2023|15/01/2025,469.0,{'Wednesday': 2},"{'October': 1, 'January': 1}"
6576,2,5,04/10/2023|27/11/2023,54.0,"{'Wednesday': 1, 'Monday': 1}","{'October': 1, 'November': 1}"
5962,2,5,01/10/2023|30/10/2023,29.0,"{'Sunday': 1, 'Monday': 1}",{'October': 2}
3826,2,5,12/09/2020|19/03/2022,553.0,{'Saturday': 2},"{'September': 1, 'March': 1}"
3050,2,5,14/12/2021|17/03/2025,1189.0,"{'Tuesday': 1, 'Monday': 1}","{'December': 1, 'March': 1}"
1642,2,5,14/12/2021|10/01/2024,757.0,"{'Tuesday': 1, 'Wednesday': 1}","{'December': 1, 'January': 1}"
2431,2,5,13/12/2021|16/04/2022,124.0,"{'Monday': 1, 'Saturday': 1}","{'December': 1, 'April': 1}"
2195,2,5,13/12/2021|22/02/2025,1167.0,"{'Monday': 1, 'Saturday': 1}","{'December': 1, 'February': 1}"
1839,2,5,13/12/2021|28/07/2025,1323.0,{'Monday': 2},"{'December': 1, 'July': 1}"
1090,2,5,13/12/2021|03/04/2023,476.0,{'Monday': 2},"{'December': 1, 'April': 1}"
0653,2,5,13/12/2021|07/03/2022,84.0,{'Monday': 2},"{'December': 1, 'March': 1}"
9005,2,5,11/12/2021|05/02/2024,786.0,"{'Saturday': 1, 'Monday': 1}","{'December': 1, 'February': 1}"
5802,2,5,11/12/2021|10/02/2025,1157.0,"{'Saturday': 1, 'Monday': 1}","{'December': 1, 'February': 1}"
5303,2,5,11/12/2021|18/09/2023,646.0,"{'Saturday': 1, 'Monday': 1}","{'December': 1, 'September': 1}"
2227,2,5,12/09/2020|17/01/2022,492.0,"{'Saturday': 1, 'Monday': 1}","{'September': 1, 'January': 1}"
0120,2,5,12/09/2020|24/12/2022,833.0,{'Saturday': 2},"{'September': 1, 'December': 1}"
7938,2,5,08/09/2020|03/01/2024,1212.0,"{'Tuesday': 1, 'Wednesday': 1}","{'September': 1, 'January': 1}"
6149,2,5,08/09/2020|08/04/2025,1673.0,{'Tuesday': 2},"{'September': 1, 'April': 1}"
2188,2,5,08/09/2020|19/06/2022,649.0,"{'Tuesday': 1, 'Sunday': 1}","{'September': 1, 'June': 1}"
9474,2,5,30/09/2023|08/11/2023,39.0,"{'Saturday': 1, 'Wednesday': 1}","{'September': 1, 'November': 1}"
8737,2,5,30/09/2023|20/11/2023,51.0,"{'Saturday': 1, 'Monday': 1}","{'September': 1, 'November': 1}"
7684,2,5,30/09/2023|02/11/2024,399.0,{'Saturday': 2},"{'September': 1, 'November': 1}"
7042,2,5,30/09/2023|03/02/2024,126.0,{'Saturday': 2},"{'September': 1, 'February': 1}"
4033,2,5,30/09/2023|02/07/2024,276.0,"{'Saturday': 1, 'Tuesday': 1}","{'September': 1, 'July': 1}"
1597,2,5,30/09/2023|16/10/2023,16.0,"{'Saturday': 1, 'Monday': 1}","{'September': 1, 'October': 1}"
3969,2,5,20/12/2021|03/08/2025,1322.0,"{'Monday': 1, 'Sunday': 1}","{'December': 1, 'August': 1}"
9062,2,5,18/12/2021|14/12/2022,361.0,"{'Saturday': 1, 'Wednesday': 1}",{'December': 2}
5446,2,5,18/12/2021|16/10/2023,667.0,"{'Saturday': 1, 'Monday': 1}","{'December': 1, 'October': 1}"
0529,2,5,18/12/2021|02/05/2022,135.0,"{'Saturday': 1, 'Monday': 1}","{'December': 1, 'May': 1}"
7330,2,5,15/12/2021|08/02/2023,420.0,{'Wednesday': 2},"{'December': 1, 'February': 1}"
3540,2,5,15/12/2021|04/09/2023,628.0,"{'Wednesday': 1, 'Monday': 1}","{'December': 1, 'September': 1}"
7424,2,5,14/12/2021|27/11/2023,713.0,"{'Tuesday': 1, 'Monday': 1}","{'December': 1, 'November': 1}"
5036,2,5,14/12/2021|15/11/2023,701.0,"{'Tuesday': 1, 'Wednesday': 1}","{'December': 1, 'November': 1}"
2344,2,5,27/09/2023|03/01/2024,98.0,{'Wednesday': 2},"{'September': 1, 'January': 1}"
7157,2,5,26/09/2023|05/02/2024,132.0,"{'Tuesday': 1, 'Monday': 1}","{'September': 1, 'February': 1}"
9150,2,5,25/09/2023|18/06/2025,632.0,"{'Monday': 1, 'Wednesday': 1}","{'September': 1, 'June': 1}"
3822,2,5,25/09/2023|14/12/2024,446.0,"{'Monday': 1, 'Saturday': 1}","{'September': 1, 'December': 1}"
3681,2,5,25/09/2023|02/12/2024,434.0,{'Monday': 2},"{'September': 1, 'December': 1}"
0621,2,5,10/02/2021|03/01/2023,692.0,"{'Wednesday': 1, 'Tuesday': 1}","{'February': 1, 'January': 1}"
9697,2,5,09/02/2021|13/05/2024,1189.0,"{'Tuesday': 1, 'Monday': 1}","{'February': 1, 'May': 1}"
5145,2,5,09/02/2021|26/11/2024,1386.0,{'Tuesday': 2},"{'February': 1, 'November': 1}"
4914,2,5,09/02/2021|06/09/2025,1670.0,"{'Tuesday': 1, 'Saturday': 1}","{'February': 1, 'September': 1}"
2625,2,5,09/02/2021|21/05/2023,831.0,"{'Tuesday': 1, 'Sunday': 1}","{'February': 1, 'May': 1}"
4335,2,5,21/12/2021|23/10/2024,1037.0,"{'Tuesday': 1, 'Wednesday': 1}","{'December': 1, 'October': 1}"
8426,2,5,20/12/2021|14/12/2022,359.0,"{'Monday': 1, 'Wednesday': 1}",{'December': 2}
9896,2,5,23/09/2023|14/12/2024,448.0,{'Saturday': 2},"{'September': 1, 'December': 1}"
5142,2,5,23/09/2023|26/03/2024,185.0,"{'Saturday': 1, 'Tuesday': 1}","{'September': 1, 'March': 1}"
3220,2,5,23/09/2023|30/10/2023,37.0,"{'Saturday': 1, 'Monday': 1}","{'September': 1, 'October': 1}"
6895,2,5,19/09/2023|16/10/2023,27.0,"{'Tuesday': 1, 'Monday': 1}","{'September': 1, 'October': 1}"
6595,2,5,19/09/2023|11/10/2023,22.0,"{'Tuesday': 1, 'Wednesday': 1}","{'September': 1, 'October': 1}"
6406,2,5,19/09/2023|16/06/2024,271.0,"{'Tuesday': 1, 'Sunday': 1}","{'September': 1, 'June': 1}"
8702,2,5,25/12/2021|21/05/2024,878.0,"{'Saturday': 1, 'Tuesday': 1}","{'December': 1, 'May': 1}"
4651,2,5,25/12/2021|16/08/2025,1330.0,{'Saturday': 2},"{'December': 1, 'August': 1}"
2175,2,5,25/12/2021|28/08/2022,246.0,"{'Saturday': 1, 'Sunday': 1}","{'December': 1, 'August': 1}"
0514,2,5,25/12/2021|07/09/2022,256.0,"{'Saturday': 1, 'Wednesday': 1}","{'December': 1, 'September': 1}"
2490,2,5,22/12/2021|10/12/2022,353.0,"{'Wednesday': 1, 'Saturday': 1}",{'December': 2}
9377,2,5,21/12/2021|02/03/2022,71.0,"{'Tuesday': 1, 'Wednesday': 1}","{'December': 1, 'March': 1}"
6218,2,5,21/12/2021|09/02/2022,50.0,"{'Tuesday': 1, 'Wednesday': 1}","{'December': 1, 'February': 1}"
4027,2,5,18/09/2023|25/03/2024,189.0,{'Monday': 2},"{'September': 1, 'March': 1}"
5065,2,5,17/09/2023|27/05/2024,253.0,"{'Sunday': 1, 'Monday': 1}","{'September': 1, 'May': 1}"
3139,2,5,17/09/2023|22/05/2024,248.0,"{'Sunday': 1, 'Wednesday': 1}","{'September': 1, 'May': 1}"
9280,2,5,16/09/2023|18/08/2024,337.0,"{'Saturday': 1, 'Sunday': 1}","{'September': 1, 'August': 1}"
0279,2,5,16/09/2023|09/08/2025,693.0,{'Saturday': 2},"{'September': 1, 'August': 1}"
4159,2,5,12/09/2023|11/01/2025,487.0,"{'Tuesday': 1, 'Saturday': 1}","{'September': 1, 'January': 1}"
2068,2,5,12/09/2023|29/06/2024,291.0,"{'Tuesday': 1, 'Saturday': 1}","{'September': 1, 'June': 1}"
4590,2,5,11/09/2023|01/06/2024,264.0,"{'Monday': 1, 'Saturday': 1}","{'September': 1, 'June': 1}"
4529,2,5,11/09/2023|03/02/2024,145.0,"{'Monday': 1, 'Saturday': 1}","{'September': 1, 'February': 1}"
8393,2,5,09/09/2023|27/08/2024,353.0,"{'Saturday': 1, 'Tuesday': 1}","{'September': 1, 'August': 1}"
8777,2,5,28/12/2021|07/12/2022,344.0,"{'Tuesday': 1, 'Wednesday': 1}",{'December': 2}
7898,2,5,28/12/2021|08/01/2022,11.0,"{'Tuesday': 1, 'Saturday': 1}","{'December': 1, 'January': 1}"
2843,2,5,28/12/2021|14/11/2022,321.0,"{'Tuesday': 1, 'Monday': 1}","{'December': 1, 'November': 1}"
2587,2,5,28/12/2021|13/06/2022,167.0,"{'Tuesday': 1, 'Monday': 1}","{'December': 1, 'June': 1}"
1889,2,5,28/12/2021|15/10/2022,291.0,"{'Tuesday': 1, 'Saturday': 1}","{'December': 1, 'October': 1}"
1437,2,5,28/12/2021|17/06/2025,1267.0,{'Tuesday': 2},"{'December': 1, 'June': 1}"
9683,2,5,27/12/2021|16/05/2022,140.0,{'Monday': 2},"{'December': 1, 'May': 1}"
5578,2,5,27/12/2021|04/01/2023,373.0,"{'Monday': 1, 'Wednesday': 1}","{'December': 1, 'January': 1}"
2747,2,5,09/09/2023|06/01/2024,119.0,{'Saturday': 2},"{'September': 1, 'January': 1}"
2842,2,5,06/09/2023|04/01/2025,486.0,"{'Wednesday': 1, 'Saturday': 1}","{'September': 1, 'January': 1}"
8229,2,5,14/09/2020|23/10/2023,1134.0,{'Monday': 2},"{'September': 1, 'October': 1}"
8178,2,5,14/09/2020|14/08/2024,1430.0,"{'Monday': 1, 'Wednesday': 1}","{'September': 1, 'August': 1}"
9916,2,5,12/09/2020|28/09/2022,746.0,"{'Saturday': 1, 'Wednesday': 1}",{'September': 2}
7169,2,5,12/09/2020|10/07/2022,666.0,"{'Saturday': 1, 'Sunday': 1}","{'September': 1, 'July': 1}"
1479,2,5,04/09/2023|27/12/2023,114.0,"{'Monday': 1, 'Wednesday': 1}","{'September': 1, 'December': 1}"
6257,2,5,03/09/2023|12/03/2024,191.0,"{'Sunday': 1, 'Tuesday': 1}","{'September': 1, 'March': 1}"
8770,2,5,02/09/2023|30/09/2024,394.0,"{'Saturday': 1, 'Monday': 1}",{'September': 2}
9944,2,5,03/01/2022|24/07/2022,202.0,"{'Monday': 1, 'Sunday': 1}","{'January': 1, 'July': 1}"
6349,2,5,03/01/2022|15/07/2024,924.0,{'Monday': 2},"{'January': 1, 'July': 1}"
1701,2,5,03/01/2022|17/01/2022,14.0,{'Monday': 2},{'January': 2}
0849,2,5,03/01/2022|15/01/2025,1108.0,"{'Monday': 1, 'Wednesday': 1}",{'January': 2}
9536,2,5,01/01/2022|26/08/2023,602.0,{'Saturday': 2},"{'January': 1, 'August': 1}"
5664,2,5,01/01/2022|29/06/2022,179.0,"{'Saturday': 1, 'Wednesday': 1}","{'January': 1, 'June': 1}"
2746,2,5,01/01/2022|27/06/2022,177.0,"{'Saturday': 1, 'Monday': 1}","{'January': 1, 'June': 1}"
1106,2,5,01/01/2022|07/12/2024,1071.0,{'Saturday': 2},"{'January': 1, 'December': 1}"
0774,2,5,02/09/2023|28/07/2024,330.0,"{'Saturday': 1, 'Sunday': 1}","{'September': 1, 'July': 1}"
5347,2,5,30/08/2023|15/12/2024,473.0,"{'Wednesday': 1, 'Sunday': 1}","{'August': 1, 'December': 1}"
5527,2,5,28/08/2023|09/07/2024,316.0,"{'Monday': 1, 'Tuesday': 1}","{'August': 1, 'July': 1}"
6946,2,5,27/08/2023|14/04/2024,231.0,{'Sunday': 2},"{'August': 1, 'April': 1}"
9403,2,5,23/08/2023|16/09/2025,755.0,"{'Wednesday': 1, 'Tuesday': 1}","{'August': 1, 'September': 1}"
6899,2,5,23/08/2023|09/07/2024,321.0,"{'Wednesday': 1, 'Tuesday': 1}","{'August': 1, 'July': 1}"
2290,2,5,23/08/2023|13/07/2024,325.0,"{'Wednesday': 1, 'Saturday': 1}","{'August': 1, 'July': 1}"
8110,2,5,22/08/2023|13/11/2023,83.0,"{'Tuesday': 1, 'Monday': 1}","{'August': 1, 'November': 1}"
1277,2,5,08/02/2021|14/06/2025,1587.0,"{'Monday': 1, 'Saturday': 1}","{'February': 1, 'June': 1}"
9293,2,5,06/02/2021|26/06/2022,505.0,"{'Saturday': 1, 'Sunday': 1}","{'February': 1, 'June': 1}"
9257,2,5,06/02/2021|07/11/2022,639.0,"{'Saturday': 1, 'Monday': 1}","{'February': 1, 'November': 1}"
9077,2,5,06/02/2021|02/04/2024,1151.0,"{'Saturday': 1, 'Tuesday': 1}","{'February': 1, 'April': 1}"
5008,2,5,06/02/2021|13/12/2021,310.0,"{'Saturday': 1, 'Monday': 1}","{'February': 1, 'December': 1}"
6993,2,5,04/01/2022|14/08/2025,1318.0,"{'Tuesday': 1, 'Thursday': 1}","{'January': 1, 'August': 1}"
4496,2,5,04/01/2022|25/12/2024,1086.0,"{'Tuesday': 1, 'Wednesday': 1}","{'January': 1, 'December': 1}"
2659,2,5,04/01/2022|24/08/2022,232.0,"{'Tuesday': 1, 'Wednesday': 1}","{'January': 1, 'August': 1}"
8932,2,5,19/08/2023|07/01/2024,141.0,"{'Saturday': 1, 'Sunday': 1}","{'August': 1, 'January': 1}"
3173,2,5,16/08/2023|30/12/2023,136.0,"{'Wednesday': 1, 'Saturday': 1}","{'August': 1, 'December': 1}"
2909,2,5,16/08/2023|11/02/2025,545.0,"{'Wednesday': 1, 'Tuesday': 1}","{'August': 1, 'February': 1}"
3908,2,5,14/08/2023|17/07/2024,338.0,"{'Monday': 1, 'Wednesday': 1}","{'August': 1, 'July': 1}"
3692,2,5,14/08/2023|11/01/2025,516.0,"{'Monday': 1, 'Saturday': 1}","{'August': 1, 'January': 1}"
2047,2,5,14/08/2023|25/11/2024,469.0,{'Monday': 2},"{'August': 1, 'November': 1}"
0265,2,5,14/08/2023|02/12/2024,476.0,{'Monday': 2},"{'August': 1, 'December': 1}"
5288,2,5,13/08/2023|08/04/2025,604.0,"{'Sunday': 1, 'Tuesday': 1}","{'August': 1, 'April': 1}"
3193,2,5,13/08/2023|09/08/2025,727.0,"{'Sunday': 1, 'Saturday': 1}",{'August': 2}
2516,2,5,12/08/2023|24/08/2024,378.0,{'Saturday': 2},{'August': 2}
2563,2,5,10/01/2022|04/03/2024,784.0,{'Monday': 2},"{'January': 1, 'March': 1}"
2452,2,5,10/01/2022|25/02/2023,411.0,"{'Monday': 1, 'Saturday': 1}","{'January': 1, 'February': 1}"
0967,2,5,08/01/2022|30/05/2022,142.0,"{'Saturday': 1, 'Monday': 1}","{'January': 1, 'May': 1}"
5228,2,5,05/01/2022|19/07/2023,560.0,{'Wednesday': 2},"{'January': 1, 'July': 1}"
4271,2,5,05/01/2022|26/03/2025,1176.0,{'Wednesday': 2},"{'January': 1, 'March': 1}"
0556,2,5,09/02/2021|30/04/2024,1176.0,{'Tuesday': 2},"{'February': 1, 'April': 1}"
7574,2,5,08/02/2021|23/02/2025,1476.0,"{'Monday': 1, 'Sunday': 1}",{'February': 2}
0695,2,5,12/08/2023|28/11/2023,108.0,"{'Saturday': 1, 'Tuesday': 1}","{'August': 1, 'November': 1}"
5596,2,5,09/08/2023|08/09/2024,396.0,"{'Wednesday': 1, 'Sunday': 1}","{'August': 1, 'September': 1}"
0582,2,5,09/08/2023|12/07/2025,703.0,"{'Wednesday': 1, 'Saturday': 1}","{'August': 1, 'July': 1}"
4783,2,5,08/08/2023|15/07/2024,342.0,"{'Tuesday': 1, 'Monday': 1}","{'August': 1, 'July': 1}"
4741,2,5,08/08/2023|25/03/2024,230.0,"{'Tuesday': 1, 'Monday': 1}","{'August': 1, 'March': 1}"
4630,2,5,08/08/2023|28/04/2024,264.0,"{'Tuesday': 1, 'Sunday': 1}","{'August': 1, 'April': 1}"
1766,2,5,12/01/2022|22/05/2023,495.0,"{'Wednesday': 1, 'Monday': 1}","{'January': 1, 'May': 1}"
9013,2,5,11/01/2022|27/06/2022,167.0,"{'Tuesday': 1, 'Monday': 1}","{'January': 1, 'June': 1}"
8098,2,5,11/01/2022|08/02/2023,393.0,"{'Tuesday': 1, 'Wednesday': 1}","{'January': 1, 'February': 1}"
3669,2,5,11/01/2022|01/09/2024,964.0,"{'Tuesday': 1, 'Sunday': 1}","{'January': 1, 'September': 1}"
3225,2,5,11/01/2022|15/07/2024,916.0,"{'Tuesday': 1, 'Monday': 1}","{'January': 1, 'July': 1}"
0877,2,5,11/01/2022|26/03/2025,1170.0,"{'Tuesday': 1, 'Wednesday': 1}","{'January': 1, 'March': 1}"
9318,2,5,10/01/2022|14/06/2022,155.0,"{'Monday': 1, 'Tuesday': 1}","{'January': 1, 'June': 1}"
5239,2,5,06/08/2023|21/01/2025,534.0,"{'Sunday': 1, 'Tuesday': 1}","{'August': 1, 'January': 1}"
3076,2,5,06/08/2023|21/02/2024,199.0,"{'Sunday': 1, 'Wednesday': 1}","{'August': 1, 'February': 1}"
0044,2,5,05/08/2023|13/01/2024,161.0,{'Saturday': 2},"{'August': 1, 'January': 1}"
2939,2,5,02/08/2023|14/08/2023,12.0,"{'Wednesday': 1, 'Monday': 1}",{'August': 2}
0118,2,5,02/08/2023|06/02/2024,188.0,"{'Wednesday': 1, 'Tuesday': 1}","{'August': 1, 'February': 1}"
5806,2,5,01/08/2023|08/05/2024,281.0,"{'Tuesday': 1, 'Wednesday': 1}","{'August': 1, 'May': 1}"
0636,2,5,01/08/2023|08/04/2024,251.0,"{'Tuesday': 1, 'Monday': 1}","{'August': 1, 'April': 1}"
5753,2,5,30/07/2023|09/11/2024,468.0,"{'Sunday': 1, 'Saturday': 1}","{'July': 1, 'November': 1}"
4420,2,5,30/07/2023|05/08/2024,372.0,"{'Sunday': 1, 'Monday': 1}","{'July': 1, 'August': 1}"
9387,2,5,29/07/2023|29/03/2025,609.0,{'Saturday': 2},"{'July': 1, 'March': 1}"
3762,2,5,17/01/2022|20/02/2024,764.0,"{'Monday': 1, 'Tuesday': 1}","{'January': 1, 'February': 1}"
2735,2,5,17/01/2022|31/10/2022,287.0,{'Monday': 2},"{'January': 1, 'October': 1}"
8791,2,5,15/01/2022|18/01/2023,368.0,"{'Saturday': 1, 'Wednesday': 1}",{'January': 2}
5766,2,5,15/01/2022|24/07/2024,921.0,"{'Saturday': 1, 'Wednesday': 1}","{'January': 1, 'July': 1}"
4320,2,5,15/01/2022|27/07/2024,924.0,{'Saturday': 2},"{'January': 1, 'July': 1}"
3280,2,5,15/01/2022|20/04/2022,95.0,"{'Saturday': 1, 'Wednesday': 1}","{'January': 1, 'April': 1}"
1297,2,5,15/01/2022|06/06/2022,142.0,"{'Saturday': 1, 'Monday': 1}","{'January': 1, 'June': 1}"
8963,2,5,12/01/2022|23/02/2025,1138.0,"{'Wednesday': 1, 'Sunday': 1}","{'January': 1, 'February': 1}"
5984,2,5,12/01/2022|25/04/2023,468.0,"{'Wednesday': 1, 'Tuesday': 1}","{'January': 1, 'April': 1}"
5104,2,5,12/01/2022|18/12/2022,340.0,"{'Wednesday': 1, 'Sunday': 1}","{'January': 1, 'December': 1}"
6098,2,5,29/07/2023|16/07/2025,718.0,"{'Saturday': 1, 'Wednesday': 1}",{'July': 2}
8193,2,5,25/07/2023|22/05/2024,302.0,"{'Tuesday': 1, 'Wednesday': 1}","{'July': 1, 'May': 1}"
6327,2,5,25/07/2023|14/04/2025,629.0,"{'Tuesday': 1, 'Monday': 1}","{'July': 1, 'April': 1}"
7552,2,5,24/07/2023|24/04/2024,275.0,"{'Monday': 1, 'Wednesday': 1}","{'July': 1, 'April': 1}"
3738,2,5,24/07/2023|26/08/2025,764.0,"{'Monday': 1, 'Tuesday': 1}","{'July': 1, 'August': 1}"
1936,2,5,24/07/2023|22/10/2023,90.0,"{'Monday': 1, 'Sunday': 1}","{'July': 1, 'October': 1}"
2866,2,5,26/09/2020|04/04/2022,555.0,"{'Saturday': 1, 'Monday': 1}","{'September': 1, 'April': 1}"
1767,2,5,26/09/2020|17/12/2024,1543.0,"{'Saturday': 1, 'Tuesday': 1}","{'September': 1, 'December': 1}"
1187,2,5,03/02/2021|21/01/2025,1448.0,"{'Wednesday': 1, 'Tuesday': 1}","{'February': 1, 'January': 1}"
7734,2,5,02/02/2021|19/09/2022,594.0,"{'Tuesday': 1, 'Monday': 1}","{'February': 1, 'September': 1}"
5834,2,5,02/02/2021|18/10/2021,258.0,"{'Tuesday': 1, 'Monday': 1}","{'February': 1, 'October': 1}"
4990,2,5,02/02/2021|06/07/2024,1250.0,"{'Tuesday': 1, 'Saturday': 1}","{'February': 1, 'July': 1}"
3391,2,5,19/01/2022|09/04/2023,445.0,"{'Wednesday': 1, 'Sunday': 1}","{'January': 1, 'April': 1}"
7417,2,5,18/01/2022|21/11/2022,307.0,"{'Tuesday': 1, 'Monday': 1}","{'January': 1, 'November': 1}"
9763,2,5,17/01/2022|17/03/2025,1155.0,{'Monday': 2},"{'January': 1, 'March': 1}"
4318,2,5,22/09/2020|15/11/2022,784.0,{'Tuesday': 2},"{'September': 1, 'November': 1}"
1060,2,5,22/09/2020|04/12/2023,1168.0,"{'Tuesday': 1, 'Monday': 1}","{'September': 1, 'December': 1}"
0654,2,5,22/09/2020|19/08/2023,1061.0,"{'Tuesday': 1, 'Saturday': 1}","{'September': 1, 'August': 1}"
8139,2,5,16/09/2020|18/07/2025,1766.0,"{'Wednesday': 1, 'Friday': 1}","{'September': 1, 'July': 1}"
7041,2,5,16/09/2020|25/11/2020,70.0,{'Wednesday': 2},"{'September': 1, 'November': 1}"
0595,2,5,22/07/2023|11/09/2025,782.0,"{'Saturday': 1, 'Thursday': 1}","{'July': 1, 'September': 1}"
8279,2,5,19/07/2023|16/10/2024,455.0,{'Wednesday': 2},"{'July': 1, 'October': 1}"
4309,2,5,24/01/2022|21/08/2023,574.0,{'Monday': 2},"{'January': 1, 'August': 1}"
8674,2,5,22/01/2022|15/07/2025,1270.0,"{'Saturday': 1, 'Tuesday': 1}","{'January': 1, 'July': 1}"
7395,2,5,22/01/2022|29/03/2023,431.0,"{'Saturday': 1, 'Wednesday': 1}","{'January': 1, 'March': 1}"
0938,2,5,22/01/2022|24/09/2024,976.0,"{'Saturday': 1, 'Tuesday': 1}","{'January': 1, 'September': 1}"
7989,2,5,19/01/2022|23/04/2024,825.0,"{'Wednesday': 1, 'Tuesday': 1}","{'January': 1, 'April': 1}"
3293,2,5,06/02/2021|30/10/2022,631.0,"{'Saturday': 1, 'Sunday': 1}","{'February': 1, 'October': 1}"
2150,2,5,06/02/2021|28/02/2023,752.0,"{'Saturday': 1, 'Tuesday': 1}",{'February': 2}
9715,2,5,03/02/2021|26/11/2023,1026.0,"{'Wednesday': 1, 'Sunday': 1}","{'February': 1, 'November': 1}"
5327,2,5,19/07/2023|13/05/2024,299.0,"{'Wednesday': 1, 'Monday': 1}","{'July': 1, 'May': 1}"
4024,2,5,19/07/2023|04/10/2023,77.0,{'Wednesday': 2},"{'July': 1, 'October': 1}"
8083,2,5,18/07/2023|19/08/2023,32.0,"{'Tuesday': 1, 'Saturday': 1}","{'July': 1, 'August': 1}"
0579,2,5,18/07/2023|19/07/2023,1.0,"{'Tuesday': 1, 'Wednesday': 1}",{'July': 2}
7806,2,5,17/07/2023|08/02/2025,572.0,"{'Monday': 1, 'Saturday': 1}","{'July': 1, 'February': 1}"
3978,2,5,17/07/2023|12/09/2023,57.0,"{'Monday': 1, 'Tuesday': 1}","{'July': 1, 'September': 1}"
4443,2,5,29/01/2022|18/02/2025,1116.0,"{'Saturday': 1, 'Tuesday': 1}","{'January': 1, 'February': 1}"
2244,2,5,29/01/2022|28/05/2022,119.0,{'Saturday': 2},"{'January': 1, 'May': 1}"
4268,2,5,25/01/2022|25/03/2024,790.0,"{'Tuesday': 1, 'Monday': 1}","{'January': 1, 'March': 1}"
3596,2,5,25/01/2022|15/03/2023,414.0,"{'Tuesday': 1, 'Wednesday': 1}","{'January': 1, 'March': 1}"
1069,2,5,25/01/2022|21/09/2025,1335.0,"{'Tuesday': 1, 'Sunday': 1}","{'January': 1, 'September': 1}"
9212,2,5,24/01/2022|28/08/2023,581.0,{'Monday': 2},"{'January': 1, 'August': 1}"
7061,2,5,24/01/2022|27/11/2022,307.0,"{'Monday': 1, 'Sunday': 1}","{'January': 1, 'November': 1}"
0227,2,5,16/07/2023|28/07/2025,743.0,"{'Sunday': 1, 'Monday': 1}",{'July': 2}
8136,2,5,15/07/2023|10/06/2024,331.0,"{'Saturday': 1, 'Monday': 1}","{'July': 1, 'June': 1}"
2504,2,5,15/07/2023|02/08/2023,18.0,"{'Saturday': 1, 'Wednesday': 1}","{'July': 1, 'August': 1}"
6756,2,5,12/07/2023|13/01/2024,185.0,"{'Wednesday': 1, 'Saturday': 1}","{'July': 1, 'January': 1}"
6635,2,5,12/07/2023|12/03/2024,244.0,"{'Wednesday': 1, 'Tuesday': 1}","{'July': 1, 'March': 1}"
4463,2,5,11/07/2023|11/11/2023,123.0,"{'Tuesday': 1, 'Saturday': 1}","{'July': 1, 'November': 1}"
1427,2,5,11/07/2023|27/02/2024,231.0,{'Tuesday': 2},"{'July': 1, 'February': 1}"
8529,2,5,10/07/2023|10/04/2024,275.0,"{'Monday': 1, 'Wednesday': 1}","{'July': 1, 'April': 1}"
0416,2,5,09/07/2023|18/06/2025,710.0,"{'Sunday': 1, 'Wednesday': 1}","{'July': 1, 'June': 1}"
9105,2,5,08/07/2023|06/04/2024,273.0,{'Saturday': 2},"{'July': 1, 'April': 1}"
5374,2,5,08/07/2023|26/02/2025,599.0,"{'Saturday': 1, 'Wednesday': 1}","{'July': 1, 'February': 1}"
8998,2,5,01/02/2022|24/09/2025,1331.0,"{'Tuesday': 1, 'Wednesday': 1}","{'February': 1, 'September': 1}"
7112,2,5,01/02/2022|16/01/2023,349.0,"{'Tuesday': 1, 'Monday': 1}","{'February': 1, 'January': 1}"
6665,2,5,01/02/2022|31/08/2022,211.0,"{'Tuesday': 1, 'Wednesday': 1}","{'February': 1, 'August': 1}"
4525,2,5,01/02/2022|24/07/2024,904.0,"{'Tuesday': 1, 'Wednesday': 1}","{'February': 1, 'July': 1}"
9049,2,5,31/01/2022|01/01/2023,335.0,"{'Monday': 1, 'Sunday': 1}",{'January': 2}
2030,2,5,31/01/2022|06/06/2023,491.0,"{'Monday': 1, 'Tuesday': 1}","{'January': 1, 'June': 1}"
1265,2,5,31/01/2022|16/03/2025,1140.0,"{'Monday': 1, 'Sunday': 1}","{'January': 1, 'March': 1}"
0369,2,5,31/01/2022|24/12/2023,692.0,"{'Monday': 1, 'Sunday': 1}","{'January': 1, 'December': 1}"
1348,2,5,08/07/2023|17/01/2024,193.0,"{'Saturday': 1, 'Wednesday': 1}","{'July': 1, 'January': 1}"
5906,2,5,05/07/2023|12/06/2024,343.0,{'Wednesday': 2},"{'July': 1, 'June': 1}"
5670,2,5,05/07/2023|15/10/2023,102.0,"{'Wednesday': 1, 'Sunday': 1}","{'July': 1, 'October': 1}"
3120,2,5,05/07/2023|01/11/2023,119.0,{'Wednesday': 2},"{'July': 1, 'November': 1}"
0792,2,5,05/07/2023|10/09/2023,67.0,"{'Wednesday': 1, 'Sunday': 1}","{'July': 1, 'September': 1}"
8807,2,5,07/02/2022|07/08/2024,912.0,"{'Monday': 1, 'Wednesday': 1}","{'February': 1, 'August': 1}"
8425,2,5,07/02/2022|28/12/2022,324.0,"{'Monday': 1, 'Wednesday': 1}","{'February': 1, 'December': 1}"
2346,2,5,07/02/2022|15/03/2022,36.0,"{'Monday': 1, 'Tuesday': 1}","{'February': 1, 'March': 1}"
8631,2,5,05/02/2022|16/09/2024,954.0,"{'Saturday': 1, 'Monday': 1}","{'February': 1, 'September': 1}"
6974,2,5,05/02/2022|21/10/2023,623.0,{'Saturday': 2},"{'February': 1, 'October': 1}"
6035,2,5,05/02/2022|11/06/2024,857.0,"{'Saturday': 1, 'Tuesday': 1}","{'February': 1, 'June': 1}"
9983,2,5,02/02/2022|23/08/2025,1298.0,"{'Wednesday': 1, 'Saturday': 1}","{'February': 1, 'August': 1}"
6359,2,5,02/02/2022|10/06/2024,859.0,"{'Wednesday': 1, 'Monday': 1}","{'February': 1, 'June': 1}"
7978,2,5,02/07/2023|19/04/2025,657.0,"{'Sunday': 1, 'Saturday': 1}","{'July': 1, 'April': 1}"
6497,2,5,02/07/2023|23/03/2024,265.0,"{'Sunday': 1, 'Saturday': 1}","{'July': 1, 'March': 1}"
7103,2,5,01/07/2023|16/07/2024,381.0,"{'Saturday': 1, 'Tuesday': 1}",{'July': 2}
5438,2,5,01/07/2023|01/07/2024,366.0,"{'Saturday': 1, 'Monday': 1}",{'July': 2}
2782,2,5,01/07/2023|04/10/2023,95.0,"{'Saturday': 1, 'Wednesday': 1}","{'July': 1, 'October': 1}"
4981,2,5,28/06/2023|22/04/2024,299.0,"{'Wednesday': 1, 'Monday': 1}","{'June': 1, 'April': 1}"
2267,2,5,27/06/2023|22/09/2025,818.0,"{'Tuesday': 1, 'Monday': 1}","{'June': 1, 'September': 1}"
5593,2,5,26/06/2023|22/07/2024,392.0,{'Monday': 2},"{'June': 1, 'July': 1}"
1143,2,5,26/06/2023|27/04/2024,306.0,"{'Monday': 1, 'Saturday': 1}","{'June': 1, 'April': 1}"
4550,2,5,25/06/2023|13/12/2023,171.0,"{'Sunday': 1, 'Wednesday': 1}","{'June': 1, 'December': 1}"
2026,2,5,28/09/2020|29/01/2024,1218.0,{'Monday': 2},"{'September': 1, 'January': 1}"
1317,2,5,28/09/2020|25/11/2023,1153.0,"{'Monday': 1, 'Saturday': 1}","{'September': 1, 'November': 1}"
9054,2,5,01/02/2021|03/01/2022,336.0,{'Monday': 2},"{'February': 1, 'January': 1}"
5910,2,5,01/02/2021|21/12/2022,688.0,"{'Monday': 1, 'Wednesday': 1}","{'February': 1, 'December': 1}"
5599,2,5,01/02/2021|07/02/2022,371.0,{'Monday': 2},{'February': 2}
4950,2,5,01/02/2021|25/12/2021,327.0,"{'Monday': 1, 'Saturday': 1}","{'February': 1, 'December': 1}"
0693,2,5,01/02/2021|23/10/2024,1360.0,"{'Monday': 1, 'Wednesday': 1}","{'February': 1, 'October': 1}"
2259,2,5,08/02/2022|07/07/2024,880.0,"{'Tuesday': 1, 'Sunday': 1}","{'February': 1, 'July': 1}"
3213,2,5,24/06/2023|21/09/2025,820.0,"{'Saturday': 1, 'Sunday': 1}","{'June': 1, 'September': 1}"
8412,2,5,21/06/2023|23/11/2024,521.0,"{'Wednesday': 1, 'Saturday': 1}","{'June': 1, 'November': 1}"
7561,2,5,21/06/2023|29/08/2025,800.0,"{'Wednesday': 1, 'Friday': 1}","{'June': 1, 'August': 1}"
6912,2,5,21/06/2023|08/04/2025,657.0,"{'Wednesday': 1, 'Tuesday': 1}","{'June': 1, 'April': 1}"
1162,2,5,21/06/2023|21/04/2025,670.0,"{'Wednesday': 1, 'Monday': 1}","{'June': 1, 'April': 1}"
0662,2,5,21/06/2023|08/12/2024,536.0,"{'Wednesday': 1, 'Sunday': 1}","{'June': 1, 'December': 1}"
0304,2,5,12/02/2022|08/11/2023,634.0,"{'Saturday': 1, 'Wednesday': 1}","{'February': 1, 'November': 1}"
7029,2,5,09/02/2022|04/08/2024,907.0,"{'Wednesday': 1, 'Sunday': 1}","{'February': 1, 'August': 1}"
6765,2,5,09/02/2022|26/02/2023,382.0,"{'Wednesday': 1, 'Sunday': 1}",{'February': 2}
3059,2,5,09/02/2022|27/08/2025,1295.0,{'Wednesday': 2},"{'February': 1, 'August': 1}"
6131,2,5,08/02/2022|26/11/2022,291.0,"{'Tuesday': 1, 'Saturday': 1}","{'February': 1, 'November': 1}"
5865,2,5,08/02/2022|18/08/2024,922.0,"{'Tuesday': 1, 'Sunday': 1}","{'February': 1, 'August': 1}"
1112,2,5,02/02/2021|20/07/2024,1264.0,"{'Tuesday': 1, 'Saturday': 1}","{'February': 1, 'July': 1}"
7252,2,5,20/06/2023|16/01/2024,210.0,{'Tuesday': 2},"{'June': 1, 'January': 1}"
4772,2,5,20/06/2023|11/06/2024,357.0,{'Tuesday': 2},{'June': 2}
0930,2,5,20/06/2023|14/10/2023,116.0,"{'Tuesday': 1, 'Saturday': 1}","{'June': 1, 'October': 1}"
0904,2,5,20/06/2023|09/08/2023,50.0,"{'Tuesday': 1, 'Wednesday': 1}","{'June': 1, 'August': 1}"
7903,2,5,18/06/2023|08/09/2025,813.0,"{'Sunday': 1, 'Monday': 1}","{'June': 1, 'September': 1}"
5037,2,5,18/06/2023|13/10/2024,483.0,{'Sunday': 2},"{'June': 1, 'October': 1}"
3421,2,5,18/06/2023|25/08/2025,799.0,"{'Sunday': 1, 'Monday': 1}","{'June': 1, 'August': 1}"
0091,2,5,17/06/2023|22/06/2024,371.0,{'Saturday': 2},{'June': 2}
9995,2,5,14/06/2023|13/08/2025,791.0,{'Wednesday': 2},"{'June': 1, 'August': 1}"
9855,2,5,14/06/2023|15/04/2025,671.0,"{'Wednesday': 1, 'Tuesday': 1}","{'June': 1, 'April': 1}"
9576,2,5,12/06/2023|23/07/2023,41.0,"{'Monday': 1, 'Sunday': 1}","{'June': 1, 'July': 1}"
5154,2,5,03/10/2020|20/12/2023,1173.0,"{'Saturday': 1, 'Wednesday': 1}","{'October': 1, 'December': 1}"
3973,2,5,15/02/2022|29/06/2025,1230.0,"{'Tuesday': 1, 'Sunday': 1}","{'February': 1, 'June': 1}"
5436,2,5,14/02/2022|16/11/2024,1006.0,"{'Monday': 1, 'Saturday': 1}","{'February': 1, 'November': 1}"
4906,2,5,14/02/2022|04/12/2023,658.0,{'Monday': 2},"{'February': 1, 'December': 1}"
8329,2,5,12/02/2022|07/08/2022,176.0,"{'Saturday': 1, 'Sunday': 1}","{'February': 1, 'August': 1}"
6076,2,5,12/02/2022|20/09/2022,220.0,"{'Saturday': 1, 'Tuesday': 1}","{'February': 1, 'September': 1}"
4346,2,5,03/10/2020|19/06/2025,1720.0,"{'Saturday': 1, 'Thursday': 1}","{'October': 1, 'June': 1}"
3504,2,5,03/10/2020|30/07/2024,1396.0,"{'Saturday': 1, 'Tuesday': 1}","{'October': 1, 'July': 1}"
0536,2,5,03/10/2020|21/01/2024,1205.0,"{'Saturday': 1, 'Sunday': 1}","{'October': 1, 'January': 1}"
4771,2,5,30/09/2020|08/03/2022,524.0,"{'Wednesday': 1, 'Tuesday': 1}","{'September': 1, 'March': 1}"
4371,2,5,30/09/2020|22/08/2025,1787.0,"{'Wednesday': 1, 'Friday': 1}","{'September': 1, 'August': 1}"
1919,2,5,12/06/2023|10/12/2023,181.0,"{'Monday': 1, 'Sunday': 1}","{'June': 1, 'December': 1}"
0977,2,5,12/06/2023|27/11/2023,168.0,{'Monday': 2},"{'June': 1, 'November': 1}"
6056,2,5,11/06/2023|09/12/2023,181.0,"{'Sunday': 1, 'Saturday': 1}","{'June': 1, 'December': 1}"
1394,2,5,21/02/2022|28/06/2023,492.0,"{'Monday': 1, 'Wednesday': 1}","{'February': 1, 'June': 1}"
8981,2,5,19/02/2022|11/03/2025,1116.0,"{'Saturday': 1, 'Tuesday': 1}","{'February': 1, 'March': 1}"
8828,2,5,19/02/2022|05/12/2022,289.0,"{'Saturday': 1, 'Monday': 1}","{'February': 1, 'December': 1}"
6829,2,5,19/02/2022|08/10/2022,231.0,{'Saturday': 2},"{'February': 1, 'October': 1}"
4624,2,5,16/02/2022|27/07/2025,1257.0,"{'Wednesday': 1, 'Sunday': 1}","{'February': 1, 'July': 1}"
3783,2,5,16/02/2022|28/05/2023,466.0,"{'Wednesday': 1, 'Sunday': 1}","{'February': 1, 'May': 1}"
4081,2,5,10/06/2023|17/09/2025,830.0,"{'Saturday': 1, 'Wednesday': 1}","{'June': 1, 'September': 1}"
0546,2,5,10/06/2023|24/07/2023,44.0,"{'Saturday': 1, 'Monday': 1}","{'June': 1, 'July': 1}"
3875,2,5,07/06/2023|28/11/2023,174.0,"{'Wednesday': 1, 'Tuesday': 1}","{'June': 1, 'November': 1}"
3181,2,5,07/06/2023|31/12/2024,573.0,"{'Wednesday': 1, 'Tuesday': 1}","{'June': 1, 'December': 1}"
9653,2,5,06/06/2023|08/04/2024,307.0,"{'Tuesday': 1, 'Monday': 1}","{'June': 1, 'April': 1}"
6084,2,5,06/06/2023|19/02/2025,624.0,"{'Tuesday': 1, 'Wednesday': 1}","{'June': 1, 'February': 1}"
0504,2,5,06/06/2023|06/08/2023,61.0,"{'Tuesday': 1, 'Sunday': 1}","{'June': 1, 'August': 1}"
4004,2,5,05/06/2023|27/10/2024,510.0,"{'Monday': 1, 'Sunday': 1}","{'June': 1, 'October': 1}"
8118,2,5,04/06/2023|05/02/2024,246.0,"{'Sunday': 1, 'Monday': 1}","{'June': 1, 'February': 1}"
0888,2,5,03/06/2023|08/12/2024,554.0,"{'Saturday': 1, 'Sunday': 1}","{'June': 1, 'December': 1}"
8780,2,5,30/05/2023|25/09/2023,118.0,"{'Tuesday': 1, 'Monday': 1}","{'May': 1, 'September': 1}"
6825,2,5,30/05/2023|03/12/2024,553.0,{'Tuesday': 2},"{'May': 1, 'December': 1}"
6636,2,5,30/05/2023|02/09/2024,461.0,"{'Tuesday': 1, 'Monday': 1}","{'May': 1, 'September': 1}"
3305,2,5,30/05/2023|14/04/2025,685.0,"{'Tuesday': 1, 'Monday': 1}","{'May': 1, 'April': 1}"
8025,2,5,29/05/2023|16/08/2025,810.0,"{'Monday': 1, 'Saturday': 1}","{'May': 1, 'August': 1}"
6923,2,5,29/05/2023|21/10/2024,511.0,{'Monday': 2},"{'May': 1, 'October': 1}"
6694,2,5,27/01/2021|08/02/2021,12.0,"{'Wednesday': 1, 'Monday': 1}","{'January': 1, 'February': 1}"
6244,2,5,27/01/2021|18/10/2022,629.0,"{'Wednesday': 1, 'Tuesday': 1}","{'January': 1, 'October': 1}"
5079,2,5,27/01/2021|13/03/2024,1141.0,{'Wednesday': 2},"{'January': 1, 'March': 1}"
5039,2,5,22/02/2022|18/01/2025,1061.0,"{'Tuesday': 1, 'Saturday': 1}","{'February': 1, 'January': 1}"
4593,2,5,22/02/2022|26/08/2024,916.0,"{'Tuesday': 1, 'Monday': 1}","{'February': 1, 'August': 1}"
7593,2,5,21/02/2022|01/04/2024,770.0,{'Monday': 2},"{'February': 1, 'April': 1}"
4278,2,5,21/02/2022|12/10/2022,233.0,"{'Monday': 1, 'Wednesday': 1}","{'February': 1, 'October': 1}"
7601,2,5,28/05/2023|17/08/2024,447.0,"{'Sunday': 1, 'Saturday': 1}","{'May': 1, 'August': 1}"
8317,2,5,23/05/2023|12/07/2023,50.0,"{'Tuesday': 1, 'Wednesday': 1}","{'May': 1, 'July': 1}"
3953,2,5,23/05/2023|26/05/2024,369.0,"{'Tuesday': 1, 'Sunday': 1}",{'May': 2}
2044,2,5,23/05/2023|01/03/2025,648.0,"{'Tuesday': 1, 'Saturday': 1}","{'May': 1, 'March': 1}"
3809,2,5,26/02/2022|29/11/2023,641.0,"{'Saturday': 1, 'Wednesday': 1}","{'February': 1, 'November': 1}"
3009,2,5,26/02/2022|09/11/2024,987.0,{'Saturday': 2},"{'February': 1, 'November': 1}"
9945,2,5,23/02/2022|31/01/2023,342.0,"{'Wednesday': 1, 'Tuesday': 1}","{'February': 1, 'January': 1}"
1987,2,5,23/02/2022|25/06/2023,487.0,"{'Wednesday': 1, 'Sunday': 1}","{'February': 1, 'June': 1}"
1804,2,5,23/02/2022|22/09/2024,942.0,"{'Wednesday': 1, 'Sunday': 1}","{'February': 1, 'September': 1}"
0092,2,5,23/02/2022|14/08/2022,172.0,"{'Wednesday': 1, 'Sunday': 1}","{'February': 1, 'August': 1}"
8909,2,5,22/02/2022|07/10/2024,958.0,"{'Tuesday': 1, 'Monday': 1}","{'February': 1, 'October': 1}"
5783,2,5,30/01/2021|19/08/2023,931.0,{'Saturday': 2},"{'January': 1, 'August': 1}"
2360,2,5,30/01/2021|03/01/2022,338.0,"{'Saturday': 1, 'Monday': 1}",{'January': 2}
0890,2,5,30/01/2021|14/02/2022,380.0,"{'Saturday': 1, 'Monday': 1}","{'January': 1, 'February': 1}"
1502,2,5,21/05/2023|18/03/2024,302.0,"{'Sunday': 1, 'Monday': 1}","{'May': 1, 'March': 1}"
0331,2,5,20/05/2023|06/04/2024,322.0,{'Saturday': 2},"{'May': 1, 'April': 1}"
8026,2,5,17/05/2023|07/06/2023,21.0,{'Wednesday': 2},"{'May': 1, 'June': 1}"
4128,2,5,07/10/2020|09/06/2024,1341.0,"{'Wednesday': 1, 'Sunday': 1}","{'October': 1, 'June': 1}"
5606,2,5,05/10/2020|26/11/2022,782.0,"{'Monday': 1, 'Saturday': 1}","{'October': 1, 'November': 1}"
2483,2,5,05/10/2020|15/01/2022,467.0,"{'Monday': 1, 'Saturday': 1}","{'October': 1, 'January': 1}"
1892,2,5,05/10/2020|26/03/2024,1268.0,"{'Monday': 1, 'Tuesday': 1}","{'October': 1, 'March': 1}"
0965,2,5,05/10/2020|10/06/2023,978.0,"{'Monday': 1, 'Saturday': 1}","{'October': 1, 'June': 1}"
0803,2,5,05/10/2020|29/06/2025,1728.0,"{'Monday': 1, 'Sunday': 1}","{'October': 1, 'June': 1}"
4853,2,5,17/05/2023|16/03/2025,669.0,"{'Wednesday': 1, 'Sunday': 1}","{'May': 1, 'March': 1}"
4728,2,5,16/05/2023|05/08/2023,81.0,"{'Tuesday': 1, 'Saturday': 1}","{'May': 1, 'August': 1}"
4021,2,5,16/05/2023|10/12/2024,574.0,{'Tuesday': 2},"{'May': 1, 'December': 1}"
3444,2,5,16/05/2023|30/01/2024,259.0,{'Tuesday': 2},"{'May': 1, 'January': 1}"
3393,2,5,02/03/2022|26/09/2022,208.0,"{'Wednesday': 1, 'Monday': 1}","{'March': 1, 'September': 1}"
7496,2,5,01/03/2022|21/03/2022,20.0,"{'Tuesday': 1, 'Monday': 1}",{'March': 2}
8731,2,5,28/02/2022|09/03/2024,740.0,"{'Monday': 1, 'Saturday': 1}","{'February': 1, 'March': 1}"
7320,2,5,28/02/2022|23/12/2023,663.0,"{'Monday': 1, 'Saturday': 1}","{'February': 1, 'December': 1}"
6678,2,5,28/02/2022|03/08/2025,1252.0,"{'Monday': 1, 'Sunday': 1}","{'February': 1, 'August': 1}"
5329,2,5,15/05/2023|14/04/2025,700.0,{'Monday': 2},"{'May': 1, 'April': 1}"
0862,2,5,13/05/2023|12/11/2024,549.0,"{'Saturday': 1, 'Tuesday': 1}","{'May': 1, 'November': 1}"
1048,2,5,10/05/2023|08/09/2025,852.0,"{'Wednesday': 1, 'Monday': 1}","{'May': 1, 'September': 1}"
8841,2,5,09/05/2023|09/04/2025,701.0,"{'Tuesday': 1, 'Wednesday': 1}","{'May': 1, 'April': 1}"
7019,2,5,09/05/2023|06/11/2023,181.0,"{'Tuesday': 1, 'Monday': 1}","{'May': 1, 'November': 1}"
8632,2,5,08/05/2023|21/10/2024,532.0,{'Monday': 2},"{'May': 1, 'October': 1}"
5729,2,5,08/05/2023|16/12/2024,588.0,{'Monday': 2},"{'May': 1, 'December': 1}"
5498,2,5,07/03/2022|12/08/2025,1254.0,"{'Monday': 1, 'Tuesday': 1}","{'March': 1, 'August': 1}"
5365,2,5,07/03/2022|27/01/2025,1057.0,{'Monday': 2},"{'March': 1, 'January': 1}"
3922,2,5,07/03/2022|26/10/2022,233.0,"{'Monday': 1, 'Wednesday': 1}","{'March': 1, 'October': 1}"
4826,2,5,05/03/2022|03/10/2022,212.0,"{'Saturday': 1, 'Monday': 1}","{'March': 1, 'October': 1}"
3576,2,5,05/03/2022|24/12/2023,659.0,"{'Saturday': 1, 'Sunday': 1}","{'March': 1, 'December': 1}"
2623,2,5,05/03/2022|27/12/2022,297.0,"{'Saturday': 1, 'Tuesday': 1}","{'March': 1, 'December': 1}"
1564,2,5,05/03/2022|24/04/2024,781.0,"{'Saturday': 1, 'Wednesday': 1}","{'March': 1, 'April': 1}"
6123,2,5,02/03/2022|20/06/2025,1206.0,"{'Wednesday': 1, 'Friday': 1}","{'March': 1, 'June': 1}"
5722,2,5,02/03/2022|07/01/2024,676.0,"{'Wednesday': 1, 'Sunday': 1}","{'March': 1, 'January': 1}"
3941,2,5,07/05/2023|22/01/2024,260.0,"{'Sunday': 1, 'Monday': 1}","{'May': 1, 'January': 1}"
4588,2,5,06/05/2023|22/05/2024,382.0,"{'Saturday': 1, 'Wednesday': 1}",{'May': 2}
6914,2,5,03/05/2023|17/11/2024,564.0,"{'Wednesday': 1, 'Sunday': 1}","{'May': 1, 'November': 1}"
1302,2,5,12/10/2020|01/10/2022,719.0,"{'Monday': 1, 'Saturday': 1}",{'October': 2}
1578,2,5,25/01/2021|12/11/2024,1387.0,"{'Monday': 1, 'Tuesday': 1}","{'January': 1, 'November': 1}"
8527,2,5,23/01/2021|18/03/2025,1515.0,"{'Saturday': 1, 'Tuesday': 1}","{'January': 1, 'March': 1}"
6146,2,5,23/01/2021|13/09/2023,963.0,"{'Saturday': 1, 'Wednesday': 1}","{'January': 1, 'September': 1}"
3602,2,5,23/01/2021|30/01/2023,737.0,"{'Saturday': 1, 'Monday': 1}",{'January': 2}
0714,2,5,23/01/2021|05/12/2022,681.0,"{'Saturday': 1, 'Monday': 1}","{'January': 1, 'December': 1}"
7557,2,5,08/03/2022|12/09/2025,1284.0,"{'Tuesday': 1, 'Friday': 1}","{'March': 1, 'September': 1}"
2011,2,5,08/03/2022|16/05/2023,434.0,{'Tuesday': 2},"{'March': 1, 'May': 1}"
1247,2,5,08/03/2022|26/08/2025,1267.0,{'Tuesday': 2},"{'March': 1, 'August': 1}"
8408,2,5,10/10/2020|09/03/2024,1246.0,{'Saturday': 2},"{'October': 1, 'March': 1}"
4533,2,5,10/10/2020|20/08/2022,679.0,{'Saturday': 2},"{'October': 1, 'August': 1}"
2018,2,5,10/10/2020|20/08/2022,679.0,{'Saturday': 2},"{'October': 1, 'August': 1}"
1649,2,5,10/10/2020|02/09/2025,1788.0,"{'Saturday': 1, 'Tuesday': 1}","{'October': 1, 'September': 1}"
1571,2,5,10/10/2020|05/12/2020,56.0,{'Saturday': 2},"{'October': 1, 'December': 1}"
0272,2,5,10/10/2020|06/01/2025,1549.0,"{'Saturday': 1, 'Monday': 1}","{'October': 1, 'January': 1}"
9863,2,5,02/05/2023|31/07/2023,90.0,"{'Tuesday': 1, 'Monday': 1}","{'May': 1, 'July': 1}"
5290,2,5,02/05/2023|23/07/2023,82.0,"{'Tuesday': 1, 'Sunday': 1}","{'May': 1, 'July': 1}"
0294,2,5,02/05/2023|05/06/2024,400.0,"{'Tuesday': 1, 'Wednesday': 1}","{'May': 1, 'June': 1}"
8046,2,5,12/03/2022|26/07/2022,136.0,"{'Saturday': 1, 'Tuesday': 1}","{'March': 1, 'July': 1}"
7016,2,5,12/03/2022|03/04/2024,753.0,"{'Saturday': 1, 'Wednesday': 1}","{'March': 1, 'April': 1}"
6078,2,5,12/03/2022|24/07/2022,134.0,"{'Saturday': 1, 'Sunday': 1}","{'March': 1, 'July': 1}"
1680,2,5,12/03/2022|29/11/2023,627.0,"{'Saturday': 1, 'Wednesday': 1}","{'March': 1, 'November': 1}"
6689,2,5,09/03/2022|01/02/2025,1060.0,"{'Wednesday': 1, 'Saturday': 1}","{'March': 1, 'February': 1}"
5385,2,5,25/01/2021|21/04/2021,86.0,"{'Monday': 1, 'Wednesday': 1}","{'January': 1, 'April': 1}"
2934,2,5,25/01/2021|25/10/2022,638.0,"{'Monday': 1, 'Tuesday': 1}","{'January': 1, 'October': 1}"
1962,2,5,25/01/2021|28/06/2022,519.0,"{'Monday': 1, 'Tuesday': 1}","{'January': 1, 'June': 1}"
4609,2,5,30/04/2023|23/10/2023,176.0,"{'Sunday': 1, 'Monday': 1}","{'April': 1, 'October': 1}"
0790,2,5,30/04/2023|15/04/2025,716.0,"{'Sunday': 1, 'Tuesday': 1}",{'April': 2}
8021,2,5,29/04/2023|13/01/2024,259.0,{'Saturday': 2},"{'April': 1, 'January': 1}"
5035,2,5,26/04/2023|27/08/2024,489.0,"{'Wednesday': 1, 'Tuesday': 1}","{'April': 1, 'August': 1}"
0252,2,5,26/04/2023|03/06/2023,38.0,"{'Wednesday': 1, 'Saturday': 1}","{'April': 1, 'June': 1}"
6083,2,5,25/04/2023|02/02/2025,649.0,"{'Tuesday': 1, 'Sunday': 1}","{'April': 1, 'February': 1}"
3021,2,5,25/04/2023|06/08/2024,469.0,{'Tuesday': 2},"{'April': 1, 'August': 1}"
7588,2,5,15/03/2022|10/07/2024,848.0,"{'Tuesday': 1, 'Wednesday': 1}","{'March': 1, 'July': 1}"
5638,2,5,15/03/2022|16/04/2022,32.0,"{'Tuesday': 1, 'Saturday': 1}","{'March': 1, 'April': 1}"
0155,2,5,15/03/2022|28/08/2022,166.0,"{'Tuesday': 1, 'Sunday': 1}","{'March': 1, 'August': 1}"
9537,2,5,14/03/2022|27/04/2024,775.0,"{'Monday': 1, 'Saturday': 1}","{'March': 1, 'April': 1}"
9259,2,5,14/03/2022|23/11/2024,985.0,"{'Monday': 1, 'Saturday': 1}","{'March': 1, 'November': 1}"
8330,2,5,14/03/2022|24/10/2023,589.0,"{'Monday': 1, 'Tuesday': 1}","{'March': 1, 'October': 1}"
0241,2,5,14/03/2022|27/01/2025,1050.0,{'Monday': 2},"{'March': 1, 'January': 1}"
1624,2,5,25/04/2023|16/09/2024,510.0,"{'Tuesday': 1, 'Monday': 1}","{'April': 1, 'September': 1}"
7673,2,5,24/04/2023|12/08/2025,841.0,"{'Monday': 1, 'Tuesday': 1}","{'April': 1, 'August': 1}"
4758,2,5,24/04/2023|16/03/2025,692.0,"{'Monday': 1, 'Sunday': 1}","{'April': 1, 'March': 1}"
1888,2,5,23/04/2023|23/05/2023,30.0,"{'Sunday': 1, 'Tuesday': 1}","{'April': 1, 'May': 1}"
8065,2,5,22/04/2023|29/06/2024,434.0,{'Saturday': 2},"{'April': 1, 'June': 1}"
2161,2,5,22/04/2023|17/04/2024,361.0,"{'Saturday': 1, 'Wednesday': 1}",{'April': 2}
8392,2,5,19/04/2023|30/06/2024,438.0,"{'Wednesday': 1, 'Sunday': 1}","{'April': 1, 'June': 1}"
6182,2,5,19/04/2023|01/10/2023,165.0,"{'Wednesday': 1, 'Sunday': 1}","{'April': 1, 'October': 1}"
2034,2,5,19/04/2023|24/04/2024,371.0,{'Wednesday': 2},{'April': 2}
2017,2,5,19/04/2023|02/08/2025,836.0,"{'Wednesday': 1, 'Saturday': 1}","{'April': 1, 'August': 1}"
7799,2,5,18/04/2023|05/11/2023,201.0,"{'Tuesday': 1, 'Sunday': 1}","{'April': 1, 'November': 1}"
7733,2,5,18/04/2023|25/07/2023,98.0,{'Tuesday': 2},"{'April': 1, 'July': 1}"
0012,2,5,18/04/2023|10/07/2025,814.0,"{'Tuesday': 1, 'Thursday': 1}","{'April': 1, 'July': 1}"
3337,2,5,17/04/2023|14/02/2024,303.0,"{'Monday': 1, 'Wednesday': 1}","{'April': 1, 'February': 1}"
1688,2,5,17/04/2023|03/02/2024,292.0,"{'Monday': 1, 'Saturday': 1}","{'April': 1, 'February': 1}"
0168,2,5,17/04/2023|10/06/2024,420.0,{'Monday': 2},"{'April': 1, 'June': 1}"
6059,2,5,21/03/2022|25/12/2024,1010.0,"{'Monday': 1, 'Wednesday': 1}","{'March': 1, 'December': 1}"
3088,2,5,21/03/2022|03/05/2023,408.0,"{'Monday': 1, 'Wednesday': 1}","{'March': 1, 'May': 1}"
2453,2,5,21/03/2022|14/07/2025,1211.0,{'Monday': 2},"{'March': 1, 'July': 1}"
1641,2,5,21/03/2022|31/12/2024,1016.0,"{'Monday': 1, 'Tuesday': 1}","{'March': 1, 'December': 1}"
0035,2,5,21/03/2022|14/09/2024,908.0,"{'Monday': 1, 'Saturday': 1}","{'March': 1, 'September': 1}"
9289,2,5,19/03/2022|25/10/2023,585.0,"{'Saturday': 1, 'Wednesday': 1}","{'March': 1, 'October': 1}"
6207,2,5,19/03/2022|15/07/2023,483.0,{'Saturday': 2},"{'March': 1, 'July': 1}"
2987,2,5,19/03/2022|30/10/2023,590.0,"{'Saturday': 1, 'Monday': 1}","{'March': 1, 'October': 1}"
4190,2,5,26/03/2022|18/07/2023,479.0,"{'Saturday': 1, 'Tuesday': 1}","{'March': 1, 'July': 1}"
3501,2,5,26/03/2022|02/07/2022,98.0,{'Saturday': 2},"{'March': 1, 'July': 1}"
6853,2,5,23/03/2022|11/06/2022,80.0,"{'Wednesday': 1, 'Saturday': 1}","{'March': 1, 'June': 1}"
7888,2,5,22/03/2022|10/08/2025,1237.0,"{'Tuesday': 1, 'Sunday': 1}","{'March': 1, 'August': 1}"
6523,2,5,22/03/2022|12/04/2025,1117.0,"{'Tuesday': 1, 'Saturday': 1}","{'March': 1, 'April': 1}"
5168,2,5,22/03/2022|18/02/2025,1064.0,{'Tuesday': 2},"{'March': 1, 'February': 1}"
4185,2,5,16/04/2023|07/08/2023,113.0,"{'Sunday': 1, 'Monday': 1}","{'April': 1, 'August': 1}"
6700,2,5,12/04/2023|15/03/2025,703.0,"{'Wednesday': 1, 'Saturday': 1}","{'April': 1, 'March': 1}"
0173,2,5,12/04/2023|01/04/2025,720.0,"{'Wednesday': 1, 'Tuesday': 1}",{'April': 2}
6494,2,5,11/04/2023|03/09/2025,876.0,"{'Tuesday': 1, 'Wednesday': 1}","{'April': 1, 'September': 1}"
5833,2,5,11/04/2023|25/06/2024,441.0,{'Tuesday': 2},"{'April': 1, 'June': 1}"
7769,2,5,10/04/2023|15/01/2024,280.0,{'Monday': 2},"{'April': 1, 'January': 1}"
6334,2,5,10/04/2023|21/10/2024,560.0,{'Monday': 2},"{'April': 1, 'October': 1}"
2861,2,5,10/04/2023|22/04/2023,12.0,"{'Monday': 1, 'Saturday': 1}",{'April': 2}
0170,2,5,19/10/2020|27/04/2021,190.0,"{'Monday': 1, 'Tuesday': 1}","{'October': 1, 'April': 1}"
9165,2,5,12/10/2020|14/09/2021,337.0,"{'Monday': 1, 'Tuesday': 1}","{'October': 1, 'September': 1}"
8854,2,5,12/10/2020|08/08/2023,1030.0,"{'Monday': 1, 'Tuesday': 1}","{'October': 1, 'August': 1}"
4702,2,5,12/10/2020|20/12/2023,1164.0,"{'Monday': 1, 'Wednesday': 1}","{'October': 1, 'December': 1}"
4454,2,5,12/10/2020|05/07/2022,631.0,"{'Monday': 1, 'Tuesday': 1}","{'October': 1, 'July': 1}"
5477,2,5,05/04/2023|30/04/2023,25.0,"{'Wednesday': 1, 'Sunday': 1}",{'April': 2}
7838,2,5,19/01/2021|25/02/2023,767.0,"{'Tuesday': 1, 'Saturday': 1}","{'January': 1, 'February': 1}"
9111,2,5,18/01/2021|23/11/2024,1405.0,"{'Monday': 1, 'Saturday': 1}","{'January': 1, 'November': 1}"
9009,2,5,18/01/2021|16/12/2024,1428.0,{'Monday': 2},"{'January': 1, 'December': 1}"
0064,2,5,30/03/2022|28/06/2022,90.0,"{'Wednesday': 1, 'Tuesday': 1}","{'March': 1, 'June': 1}"
7050,2,5,04/04/2023|03/07/2024,456.0,"{'Tuesday': 1, 'Wednesday': 1}","{'April': 1, 'July': 1}"
3491,2,5,04/04/2023|17/12/2024,623.0,{'Tuesday': 2},"{'April': 1, 'December': 1}"
8671,2,5,03/04/2023|14/05/2023,41.0,"{'Monday': 1, 'Sunday': 1}","{'April': 1, 'May': 1}"
8523,2,5,03/04/2023|05/03/2025,702.0,"{'Monday': 1, 'Wednesday': 1}","{'April': 1, 'March': 1}"
7194,2,5,03/04/2023|08/01/2024,280.0,{'Monday': 2},"{'April': 1, 'January': 1}"
3411,2,5,03/04/2023|10/07/2024,464.0,"{'Monday': 1, 'Wednesday': 1}","{'April': 1, 'July': 1}"
0742,2,5,03/04/2023|03/05/2023,30.0,"{'Monday': 1, 'Wednesday': 1}","{'April': 1, 'May': 1}"
3301,2,5,02/04/2023|16/04/2024,380.0,"{'Sunday': 1, 'Tuesday': 1}",{'April': 2}
2673,2,5,02/04/2023|11/03/2025,709.0,"{'Sunday': 1, 'Tuesday': 1}","{'April': 1, 'March': 1}"
3874,2,5,02/04/2022|13/07/2024,833.0,{'Saturday': 2},"{'April': 1, 'July': 1}"
8673,2,5,30/03/2022|04/10/2022,188.0,"{'Wednesday': 1, 'Tuesday': 1}","{'March': 1, 'October': 1}"
3405,2,5,30/03/2022|31/05/2023,427.0,{'Wednesday': 2},"{'March': 1, 'May': 1}"
8788,2,5,20/01/2021|07/09/2021,230.0,"{'Wednesday': 1, 'Tuesday': 1}","{'January': 1, 'September': 1}"
1896,2,5,01/04/2023|09/03/2025,708.0,"{'Saturday': 1, 'Sunday': 1}","{'April': 1, 'March': 1}"
6080,2,5,29/03/2023|27/08/2023,151.0,"{'Wednesday': 1, 'Sunday': 1}","{'March': 1, 'August': 1}"
3357,2,5,29/03/2023|19/08/2024,509.0,"{'Wednesday': 1, 'Monday': 1}","{'March': 1, 'August': 1}"
7085,2,5,28/03/2023|04/01/2025,648.0,"{'Tuesday': 1, 'Saturday': 1}","{'March': 1, 'January': 1}"
3209,2,5,28/03/2023|15/01/2025,659.0,"{'Tuesday': 1, 'Wednesday': 1}","{'March': 1, 'January': 1}"
4927,2,5,27/03/2023|05/06/2024,436.0,"{'Monday': 1, 'Wednesday': 1}","{'March': 1, 'June': 1}"
4889,2,5,27/03/2023|26/04/2023,30.0,"{'Monday': 1, 'Wednesday': 1}","{'March': 1, 'April': 1}"
4790,2,5,27/03/2023|12/02/2024,322.0,{'Monday': 2},"{'March': 1, 'February': 1}"
4405,2,5,26/03/2023|02/06/2024,434.0,{'Sunday': 2},"{'March': 1, 'June': 1}"
8265,2,5,25/03/2023|14/06/2025,812.0,{'Saturday': 2},"{'March': 1, 'June': 1}"
8172,2,5,22/03/2023|03/03/2025,712.0,"{'Wednesday': 1, 'Monday': 1}",{'March': 2}
2961,2,5,22/03/2023|02/12/2023,255.0,"{'Wednesday': 1, 'Saturday': 1}","{'March': 1, 'December': 1}"
2846,2,5,22/03/2023|12/07/2023,112.0,{'Wednesday': 2},"{'March': 1, 'July': 1}"
2293,2,5,22/03/2023|11/02/2025,692.0,"{'Wednesday': 1, 'Tuesday': 1}","{'March': 1, 'February': 1}"
0684,2,5,22/03/2023|03/02/2024,318.0,"{'Wednesday': 1, 'Saturday': 1}","{'March': 1, 'February': 1}"
1984,2,5,26/10/2020|24/11/2021,394.0,"{'Monday': 1, 'Wednesday': 1}","{'October': 1, 'November': 1}"
6039,2,5,05/04/2022|13/11/2023,587.0,"{'Tuesday': 1, 'Monday': 1}","{'April': 1, 'November': 1}"
2994,2,5,05/04/2022|30/08/2022,147.0,{'Tuesday': 2},"{'April': 1, 'August': 1}"
2123,2,5,05/04/2022|07/09/2025,1251.0,"{'Tuesday': 1, 'Sunday': 1}","{'April': 1, 'September': 1}"
2082,2,5,05/04/2022|09/05/2022,34.0,"{'Tuesday': 1, 'Monday': 1}","{'April': 1, 'May': 1}"
9237,2,5,04/04/2022|04/11/2023,579.0,"{'Monday': 1, 'Saturday': 1}","{'April': 1, 'November': 1}"
5460,2,5,04/04/2022|30/09/2023,544.0,"{'Monday': 1, 'Saturday': 1}","{'April': 1, 'September': 1}"
9236,2,5,28/03/2022|07/05/2022,40.0,"{'Monday': 1, 'Saturday': 1}","{'March': 1, 'May': 1}"
8373,2,5,28/03/2022|13/12/2022,260.0,"{'Monday': 1, 'Tuesday': 1}","{'March': 1, 'December': 1}"
7240,2,5,28/03/2022|06/12/2023,618.0,"{'Monday': 1, 'Wednesday': 1}","{'March': 1, 'December': 1}"
5959,2,5,28/03/2022|24/06/2023,453.0,"{'Monday': 1, 'Saturday': 1}","{'March': 1, 'June': 1}"
7010,2,5,21/10/2020|23/12/2020,63.0,{'Wednesday': 2},"{'October': 1, 'December': 1}"
4733,2,5,21/10/2020|19/12/2023,1154.0,"{'Wednesday': 1, 'Tuesday': 1}","{'October': 1, 'December': 1}"
1932,2,5,21/10/2020|02/07/2022,619.0,"{'Wednesday': 1, 'Saturday': 1}","{'October': 1, 'July': 1}"
1598,2,5,21/10/2020|11/07/2025,1724.0,"{'Wednesday': 1, 'Friday': 1}","{'October': 1, 'July': 1}"
9048,2,5,19/10/2020|17/10/2022,728.0,{'Monday': 2},{'October': 2}
7243,2,5,19/10/2020|21/09/2022,702.0,"{'Monday': 1, 'Wednesday': 1}","{'October': 1, 'September': 1}"
6203,2,5,20/03/2023|26/08/2023,159.0,"{'Monday': 1, 'Saturday': 1}","{'March': 1, 'August': 1}"
2977,2,5,29/03/2022|01/02/2025,1040.0,"{'Tuesday': 1, 'Saturday': 1}","{'March': 1, 'February': 1}"
1539,2,5,29/03/2022|17/09/2024,903.0,{'Tuesday': 2},"{'March': 1, 'September': 1}"
0896,2,5,29/03/2022|12/07/2023,470.0,"{'Tuesday': 1, 'Wednesday': 1}","{'March': 1, 'July': 1}"
8227,2,5,09/04/2022|25/09/2024,900.0,"{'Saturday': 1, 'Wednesday': 1}","{'April': 1, 'September': 1}"
7114,2,5,09/04/2022|28/05/2024,780.0,"{'Saturday': 1, 'Tuesday': 1}","{'April': 1, 'May': 1}"
3375,2,5,09/04/2022|04/04/2023,360.0,"{'Saturday': 1, 'Tuesday': 1}",{'April': 2}
3198,2,5,09/04/2022|04/03/2023,329.0,{'Saturday': 2},"{'April': 1, 'March': 1}"
6124,2,5,06/04/2022|31/01/2024,665.0,{'Wednesday': 2},"{'April': 1, 'January': 1}"
3752,2,5,06/04/2022|27/04/2025,1117.0,"{'Wednesday': 1, 'Sunday': 1}",{'April': 2}
9685,2,5,05/04/2022|12/02/2024,678.0,"{'Tuesday': 1, 'Monday': 1}","{'April': 1, 'February': 1}"
7992,2,5,05/04/2022|29/03/2025,1089.0,"{'Tuesday': 1, 'Saturday': 1}","{'April': 1, 'March': 1}"
5736,2,5,12/04/2022|25/02/2025,1050.0,{'Tuesday': 2},"{'April': 1, 'February': 1}"
4078,2,5,12/04/2022|06/08/2022,116.0,"{'Tuesday': 1, 'Saturday': 1}","{'April': 1, 'August': 1}"
2062,2,5,12/04/2022|22/08/2022,132.0,"{'Tuesday': 1, 'Monday': 1}","{'April': 1, 'August': 1}"
7401,2,5,11/04/2022|20/04/2022,9.0,"{'Monday': 1, 'Wednesday': 1}",{'April': 2}
6850,2,5,11/04/2022|11/06/2022,61.0,"{'Monday': 1, 'Saturday': 1}","{'April': 1, 'June': 1}"
6810,2,5,11/04/2022|13/06/2023,428.0,"{'Monday': 1, 'Tuesday': 1}","{'April': 1, 'June': 1}"
3352,2,5,11/04/2022|26/06/2023,441.0,{'Monday': 2},"{'April': 1, 'June': 1}"
7017,2,5,29/03/2022|26/03/2025,1093.0,"{'Tuesday': 1, 'Wednesday': 1}",{'March': 2}
2207,2,5,20/03/2023|24/03/2024,370.0,"{'Monday': 1, 'Sunday': 1}",{'March': 2}
6813,2,5,18/03/2023|14/04/2025,758.0,"{'Saturday': 1, 'Monday': 1}","{'March': 1, 'April': 1}"
1928,2,5,18/03/2023|24/03/2025,737.0,"{'Saturday': 1, 'Monday': 1}",{'March': 2}
8124,2,5,15/03/2023|25/06/2025,833.0,{'Wednesday': 2},"{'March': 1, 'June': 1}"
3572,2,5,15/03/2023|18/03/2025,734.0,"{'Wednesday': 1, 'Tuesday': 1}",{'March': 2}
0894,2,5,15/03/2023|14/01/2024,305.0,"{'Wednesday': 1, 'Sunday': 1}","{'March': 1, 'January': 1}"
5972,2,5,14/03/2023|17/02/2024,340.0,"{'Tuesday': 1, 'Saturday': 1}","{'March': 1, 'February': 1}"
2503,2,5,18/01/2021|06/03/2023,777.0,{'Monday': 2},"{'January': 1, 'March': 1}"
7752,2,5,16/01/2021|06/11/2022,659.0,"{'Saturday': 1, 'Sunday': 1}","{'January': 1, 'November': 1}"
4687,2,5,16/01/2021|12/03/2025,1516.0,"{'Saturday': 1, 'Wednesday': 1}","{'January': 1, 'March': 1}"
9263,2,5,12/04/2022|16/04/2023,369.0,"{'Tuesday': 1, 'Sunday': 1}",{'April': 2}
7643,2,5,12/04/2022|06/02/2024,665.0,{'Tuesday': 2},"{'April': 1, 'February': 1}"
7489,2,5,12/04/2022|30/08/2023,505.0,"{'Tuesday': 1, 'Wednesday': 1}","{'April': 1, 'August': 1}"
3397,2,5,14/03/2023|29/11/2023,260.0,"{'Tuesday': 1, 'Wednesday': 1}","{'March': 1, 'November': 1}"
3611,2,5,13/03/2023|18/03/2025,736.0,"{'Monday': 1, 'Tuesday': 1}",{'March': 2}
2100,2,5,12/03/2023|26/04/2023,45.0,"{'Sunday': 1, 'Wednesday': 1}","{'March': 1, 'April': 1}"
3144,2,5,08/03/2023|02/03/2024,360.0,"{'Wednesday': 1, 'Saturday': 1}",{'March': 2}
7623,2,5,07/03/2023|04/05/2024,424.0,"{'Tuesday': 1, 'Saturday': 1}","{'March': 1, 'May': 1}"
4998,2,5,07/03/2023|11/07/2023,126.0,{'Tuesday': 2},"{'March': 1, 'July': 1}"
4227,2,5,06/03/2023|23/09/2023,201.0,"{'Monday': 1, 'Saturday': 1}","{'March': 1, 'September': 1}"
1260,2,5,06/03/2023|03/05/2023,58.0,"{'Monday': 1, 'Wednesday': 1}","{'March': 1, 'May': 1}"
9811,2,5,05/03/2023|12/09/2023,191.0,"{'Sunday': 1, 'Tuesday': 1}","{'March': 1, 'September': 1}"
7913,2,5,04/03/2023|17/07/2023,135.0,"{'Saturday': 1, 'Monday': 1}","{'March': 1, 'July': 1}"
2766,2,5,04/03/2023|07/10/2023,217.0,{'Saturday': 2},"{'March': 1, 'October': 1}"
0733,2,5,04/03/2023|02/04/2023,29.0,"{'Saturday': 1, 'Sunday': 1}","{'March': 1, 'April': 1}"
9847,2,5,01/03/2023|30/05/2023,90.0,"{'Wednesday': 1, 'Tuesday': 1}","{'March': 1, 'May': 1}"
6498,2,5,18/04/2022|08/02/2025,1027.0,"{'Monday': 1, 'Saturday': 1}","{'April': 1, 'February': 1}"
5626,2,5,18/04/2022|08/01/2024,630.0,{'Monday': 2},"{'April': 1, 'January': 1}"
1923,2,5,16/04/2022|14/01/2025,1004.0,"{'Saturday': 1, 'Tuesday': 1}","{'April': 1, 'January': 1}"
4060,2,5,13/04/2022|07/06/2022,55.0,"{'Wednesday': 1, 'Tuesday': 1}","{'April': 1, 'June': 1}"
5685,2,5,18/01/2021|08/06/2024,1237.0,"{'Monday': 1, 'Saturday': 1}","{'January': 1, 'June': 1}"
4928,2,5,18/01/2021|20/04/2021,92.0,"{'Monday': 1, 'Tuesday': 1}","{'January': 1, 'April': 1}"
3847,2,5,28/02/2023|02/09/2024,552.0,"{'Tuesday': 1, 'Monday': 1}","{'February': 1, 'September': 1}"
7006,2,5,27/02/2023|17/01/2024,324.0,"{'Monday': 1, 'Wednesday': 1}","{'February': 1, 'January': 1}"
2124,2,5,27/02/2023|01/06/2024,460.0,"{'Monday': 1, 'Saturday': 1}","{'February': 1, 'June': 1}"
1865,2,5,27/02/2023|13/06/2023,106.0,"{'Monday': 1, 'Tuesday': 1}","{'February': 1, 'June': 1}"
5473,2,5,26/02/2023|21/09/2025,938.0,{'Sunday': 2},"{'February': 1, 'September': 1}"
2495,2,5,28/10/2020|05/08/2023,1011.0,"{'Wednesday': 1, 'Saturday': 1}","{'October': 1, 'August': 1}"
1906,2,5,28/10/2020|02/04/2024,1252.0,"{'Wednesday': 1, 'Tuesday': 1}","{'October': 1, 'April': 1}"
8034,2,5,12/01/2021|11/05/2021,119.0,{'Tuesday': 2},"{'January': 1, 'May': 1}"
7600,2,5,12/01/2021|29/01/2023,747.0,"{'Tuesday': 1, 'Sunday': 1}",{'January': 2}
1611,2,5,12/01/2021|04/08/2021,204.0,"{'Tuesday': 1, 'Wednesday': 1}","{'January': 1, 'August': 1}"
0162,2,5,12/01/2021|14/04/2021,92.0,"{'Tuesday': 1, 'Wednesday': 1}","{'January': 1, 'April': 1}"
2334,2,5,19/04/2022|27/11/2023,587.0,"{'Tuesday': 1, 'Monday': 1}","{'April': 1, 'November': 1}"
1025,2,5,19/04/2022|18/07/2023,455.0,{'Tuesday': 2},"{'April': 1, 'July': 1}"
7053,2,5,26/10/2020|07/11/2022,742.0,{'Monday': 2},"{'October': 1, 'November': 1}"
6013,2,5,26/10/2020|23/01/2024,1184.0,"{'Monday': 1, 'Tuesday': 1}","{'October': 1, 'January': 1}"
5920,2,5,26/10/2020|30/01/2023,826.0,{'Monday': 2},"{'October': 1, 'January': 1}"
4644,2,5,26/10/2020|10/11/2024,1476.0,"{'Monday': 1, 'Sunday': 1}","{'October': 1, 'November': 1}"
2932,2,5,26/10/2020|16/04/2024,1268.0,"{'Monday': 1, 'Tuesday': 1}","{'October': 1, 'April': 1}"
2677,2,5,26/10/2020|31/07/2023,1008.0,{'Monday': 2},"{'October': 1, 'July': 1}"
8454,2,5,25/02/2023|22/05/2023,86.0,"{'Saturday': 1, 'Monday': 1}","{'February': 1, 'May': 1}"
4269,2,5,25/02/2023|16/01/2024,325.0,"{'Saturday': 1, 'Tuesday': 1}","{'February': 1, 'January': 1}"
2522,2,5,25/02/2023|30/10/2023,247.0,"{'Saturday': 1, 'Monday': 1}","{'February': 1, 'October': 1}"
8395,2,5,22/02/2023|24/02/2024,367.0,"{'Wednesday': 1, 'Saturday': 1}",{'February': 2}
7393,2,5,22/02/2023|10/04/2024,413.0,{'Wednesday': 2},"{'February': 1, 'April': 1}"
5572,2,5,22/02/2023|16/07/2024,510.0,"{'Wednesday': 1, 'Tuesday': 1}","{'February': 1, 'July': 1}"
0690,2,5,20/02/2023|19/08/2024,546.0,{'Monday': 2},"{'February': 1, 'August': 1}"
2506,2,5,25/04/2022|19/09/2025,1243.0,"{'Monday': 1, 'Friday': 1}","{'April': 1, 'September': 1}"
0587,2,5,25/04/2022|19/07/2022,85.0,"{'Monday': 1, 'Tuesday': 1}","{'April': 1, 'July': 1}"
5056,2,5,23/04/2022|13/02/2023,296.0,"{'Saturday': 1, 'Monday': 1}","{'April': 1, 'February': 1}"
4579,2,5,23/04/2022|22/10/2024,913.0,"{'Saturday': 1, 'Tuesday': 1}","{'April': 1, 'October': 1}"
2969,2,5,23/04/2022|05/08/2024,835.0,"{'Saturday': 1, 'Monday': 1}","{'April': 1, 'August': 1}"
0571,2,5,23/04/2022|29/06/2022,67.0,"{'Saturday': 1, 'Wednesday': 1}","{'April': 1, 'June': 1}"
9553,2,5,20/04/2022|19/06/2023,425.0,"{'Wednesday': 1, 'Monday': 1}","{'April': 1, 'June': 1}"
7517,2,5,13/01/2021|08/01/2024,1090.0,"{'Wednesday': 1, 'Monday': 1}",{'January': 2}
6742,2,5,19/02/2023|25/08/2024,553.0,{'Sunday': 2},"{'February': 1, 'August': 1}"
2052,2,5,19/02/2023|25/06/2025,857.0,"{'Sunday': 1, 'Wednesday': 1}","{'February': 1, 'June': 1}"
7985,2,5,18/02/2023|08/11/2023,263.0,"{'Saturday': 1, 'Wednesday': 1}","{'February': 1, 'November': 1}"
2544,2,5,18/02/2023|20/06/2023,122.0,"{'Saturday': 1, 'Tuesday': 1}","{'February': 1, 'June': 1}"
6696,2,5,15/02/2023|23/04/2023,67.0,"{'Wednesday': 1, 'Sunday': 1}","{'February': 1, 'April': 1}"
9016,2,5,14/02/2023|06/12/2023,295.0,"{'Tuesday': 1, 'Wednesday': 1}","{'February': 1, 'December': 1}"
7668,2,5,14/02/2023|29/04/2024,440.0,"{'Tuesday': 1, 'Monday': 1}","{'February': 1, 'April': 1}"
7174,2,5,14/02/2023|18/02/2023,4.0,"{'Tuesday': 1, 'Saturday': 1}",{'February': 2}
6006,2,5,14/02/2023|10/02/2024,361.0,"{'Tuesday': 1, 'Saturday': 1}",{'February': 2}
2817,2,5,14/02/2023|10/10/2023,238.0,{'Tuesday': 2},"{'February': 1, 'October': 1}"
8210,2,5,26/04/2022|27/06/2023,427.0,{'Tuesday': 2},"{'April': 1, 'June': 1}"
7941,2,5,26/04/2022|30/07/2024,826.0,{'Tuesday': 2},"{'April': 1, 'July': 1}"
7409,2,5,26/04/2022|21/08/2024,848.0,"{'Tuesday': 1, 'Wednesday': 1}","{'April': 1, 'August': 1}"
6519,2,5,26/04/2022|01/06/2022,36.0,"{'Tuesday': 1, 'Wednesday': 1}","{'April': 1, 'June': 1}"
4924,2,5,26/04/2022|25/06/2023,425.0,"{'Tuesday': 1, 'Sunday': 1}","{'April': 1, 'June': 1}"
9294,2,5,25/04/2022|23/03/2024,698.0,"{'Monday': 1, 'Saturday': 1}","{'April': 1, 'March': 1}"
6721,2,5,25/04/2022|24/07/2024,821.0,"{'Monday': 1, 'Wednesday': 1}","{'April': 1, 'July': 1}"
7206,2,5,13/02/2023|23/06/2024,496.0,"{'Monday': 1, 'Sunday': 1}","{'February': 1, 'June': 1}"
6012,2,5,13/02/2023|23/04/2025,800.0,"{'Monday': 1, 'Wednesday': 1}","{'February': 1, 'April': 1}"
2634,2,5,13/02/2023|01/04/2025,778.0,"{'Monday': 1, 'Tuesday': 1}","{'February': 1, 'April': 1}"
5938,2,5,12/02/2023|01/03/2025,748.0,"{'Sunday': 1, 'Saturday': 1}","{'February': 1, 'March': 1}"
0726,2,5,12/02/2023|12/06/2023,120.0,"{'Sunday': 1, 'Monday': 1}","{'February': 1, 'June': 1}"
7709,2,5,11/02/2023|17/02/2025,737.0,"{'Saturday': 1, 'Monday': 1}",{'February': 2}
7436,2,5,11/02/2023|04/11/2023,266.0,{'Saturday': 2},"{'February': 1, 'November': 1}"
4421,2,5,11/02/2023|14/07/2025,884.0,"{'Saturday': 1, 'Monday': 1}","{'February': 1, 'July': 1}"
7973,2,5,04/11/2020|15/11/2021,376.0,"{'Wednesday': 1, 'Monday': 1}",{'November': 2}
6809,2,5,04/11/2020|24/09/2022,689.0,"{'Wednesday': 1, 'Saturday': 1}","{'November': 1, 'September': 1}"
1659,2,5,04/05/2022|20/08/2024,839.0,"{'Wednesday': 1, 'Tuesday': 1}","{'May': 1, 'August': 1}"
0538,2,5,04/05/2022|25/01/2023,266.0,{'Wednesday': 2},"{'May': 1, 'January': 1}"
8250,2,5,03/05/2022|01/03/2023,302.0,"{'Tuesday': 1, 'Wednesday': 1}","{'May': 1, 'March': 1}"
7519,2,5,03/05/2022|12/03/2024,679.0,{'Tuesday': 2},"{'May': 1, 'March': 1}"
5423,2,5,03/05/2022|05/08/2024,825.0,"{'Tuesday': 1, 'Monday': 1}","{'May': 1, 'August': 1}"
3346,2,5,03/05/2022|28/10/2023,543.0,"{'Tuesday': 1, 'Saturday': 1}","{'May': 1, 'October': 1}"
6480,2,5,02/05/2022|30/09/2024,882.0,{'Monday': 2},"{'May': 1, 'September': 1}"
6214,2,5,02/05/2022|10/03/2024,678.0,"{'Monday': 1, 'Sunday': 1}","{'May': 1, 'March': 1}"
7155,2,5,30/04/2022|19/02/2023,295.0,"{'Saturday': 1, 'Sunday': 1}","{'April': 1, 'February': 1}"
1606,2,5,30/04/2022|24/03/2025,1059.0,"{'Saturday': 1, 'Monday': 1}","{'April': 1, 'March': 1}"
9143,2,5,09/05/2022|09/04/2024,701.0,"{'Monday': 1, 'Tuesday': 1}","{'May': 1, 'April': 1}"
8273,2,5,09/05/2022|22/11/2022,197.0,"{'Monday': 1, 'Tuesday': 1}","{'May': 1, 'November': 1}"
7300,2,5,07/05/2022|14/02/2023,283.0,"{'Saturday': 1, 'Tuesday': 1}","{'May': 1, 'February': 1}"
2871,2,5,07/05/2022|18/02/2025,1018.0,"{'Saturday': 1, 'Tuesday': 1}","{'May': 1, 'February': 1}"
6712,2,5,04/05/2022|25/11/2023,570.0,"{'Wednesday': 1, 'Saturday': 1}","{'May': 1, 'November': 1}"
2993,2,5,04/05/2022|20/01/2024,626.0,"{'Wednesday': 1, 'Saturday': 1}","{'May': 1, 'January': 1}"
1955,2,5,04/05/2022|06/09/2022,125.0,"{'Wednesday': 1, 'Tuesday': 1}","{'May': 1, 'September': 1}"
9724,2,5,02/11/2020|05/08/2023,1006.0,"{'Monday': 1, 'Saturday': 1}","{'November': 1, 'August': 1}"
8872,2,5,02/11/2020|05/08/2023,1006.0,"{'Monday': 1, 'Saturday': 1}","{'November': 1, 'August': 1}"
5032,2,5,02/11/2020|16/11/2022,744.0,"{'Monday': 1, 'Wednesday': 1}",{'November': 2}
4054,2,5,02/11/2020|15/02/2023,835.0,"{'Monday': 1, 'Wednesday': 1}","{'November': 1, 'February': 1}"
3774,2,5,02/11/2020|09/12/2024,1498.0,{'Monday': 2},"{'November': 1, 'December': 1}"
9262,2,5,08/02/2023|02/02/2025,725.0,"{'Wednesday': 1, 'Sunday': 1}",{'February': 2}
6648,2,5,07/02/2023|28/02/2024,386.0,"{'Tuesday': 1, 'Wednesday': 1}",{'February': 2}
9409,2,5,06/02/2023|03/04/2023,56.0,{'Monday': 2},"{'February': 1, 'April': 1}"
6570,2,5,06/02/2023|06/08/2024,547.0,"{'Monday': 1, 'Tuesday': 1}","{'February': 1, 'August': 1}"
6046,2,5,06/02/2023|10/09/2024,582.0,"{'Monday': 1, 'Tuesday': 1}","{'February': 1, 'September': 1}"
4140,2,5,06/02/2023|09/02/2025,734.0,"{'Monday': 1, 'Sunday': 1}",{'February': 2}
1977,2,5,06/02/2023|09/02/2025,734.0,"{'Monday': 1, 'Sunday': 1}",{'February': 2}
8323,2,5,05/02/2023|15/06/2025,861.0,{'Sunday': 2},"{'February': 1, 'June': 1}"
7358,2,5,05/02/2023|28/04/2025,813.0,"{'Sunday': 1, 'Monday': 1}","{'February': 1, 'April': 1}"
8101,2,5,04/02/2023|03/07/2025,880.0,"{'Saturday': 1, 'Thursday': 1}","{'February': 1, 'July': 1}"
7066,2,5,04/02/2023|26/08/2023,203.0,{'Saturday': 2},"{'February': 1, 'August': 1}"
6326,2,5,11/01/2021|07/08/2025,1669.0,"{'Monday': 1, 'Thursday': 1}","{'January': 1, 'August': 1}"
3512,2,5,11/01/2021|27/09/2023,989.0,"{'Monday': 1, 'Wednesday': 1}","{'January': 1, 'September': 1}"
2612,2,5,11/01/2021|07/04/2021,86.0,"{'Monday': 1, 'Wednesday': 1}","{'January': 1, 'April': 1}"
9922,2,5,09/01/2021|08/10/2022,637.0,{'Saturday': 2},"{'January': 1, 'October': 1}"
9357,2,5,09/01/2021|29/03/2023,809.0,"{'Saturday': 1, 'Wednesday': 1}","{'January': 1, 'March': 1}"
7598,2,5,09/01/2021|05/03/2025,1516.0,"{'Saturday': 1, 'Wednesday': 1}","{'January': 1, 'March': 1}"
6577,2,5,09/01/2021|10/07/2023,912.0,"{'Saturday': 1, 'Monday': 1}","{'January': 1, 'July': 1}"
4226,2,5,10/05/2022|13/08/2024,826.0,{'Tuesday': 2},"{'May': 1, 'August': 1}"
2841,2,5,10/05/2022|21/02/2023,287.0,{'Tuesday': 2},"{'May': 1, 'February': 1}"
5851,2,5,14/05/2022|29/01/2024,625.0,"{'Saturday': 1, 'Monday': 1}","{'May': 1, 'January': 1}"
4869,2,5,14/05/2022|28/01/2023,259.0,{'Saturday': 2},"{'May': 1, 'January': 1}"
4088,2,5,14/05/2022|04/02/2023,266.0,{'Saturday': 2},"{'May': 1, 'February': 1}"
6443,2,5,11/05/2022|14/02/2024,644.0,{'Wednesday': 2},"{'May': 1, 'February': 1}"
7373,2,5,11/01/2021|11/08/2024,1308.0,"{'Monday': 1, 'Sunday': 1}","{'January': 1, 'August': 1}"
3580,2,5,04/02/2023|18/09/2023,226.0,"{'Saturday': 1, 'Monday': 1}","{'February': 1, 'September': 1}"
0216,2,5,04/02/2023|23/03/2025,778.0,"{'Saturday': 1, 'Sunday': 1}","{'February': 1, 'March': 1}"
8992,2,5,01/02/2023|13/02/2024,377.0,"{'Wednesday': 1, 'Tuesday': 1}",{'February': 2}
2482,2,5,01/02/2023|28/05/2024,482.0,"{'Wednesday': 1, 'Tuesday': 1}","{'February': 1, 'May': 1}"
9038,2,5,31/01/2023|10/09/2023,222.0,"{'Tuesday': 1, 'Sunday': 1}","{'January': 1, 'September': 1}"
5657,2,5,31/01/2023|26/08/2024,573.0,"{'Tuesday': 1, 'Monday': 1}","{'January': 1, 'August': 1}"
9942,2,5,30/01/2023|28/06/2023,149.0,"{'Monday': 1, 'Wednesday': 1}","{'January': 1, 'June': 1}"
3378,2,5,30/01/2023|23/10/2023,266.0,{'Monday': 2},"{'January': 1, 'October': 1}"
5089,2,5,29/01/2023|24/06/2024,512.0,"{'Sunday': 1, 'Monday': 1}","{'January': 1, 'June': 1}"
1673,2,5,29/01/2023|08/03/2023,38.0,"{'Sunday': 1, 'Wednesday': 1}","{'January': 1, 'March': 1}"
9831,2,5,25/01/2023|18/03/2025,783.0,"{'Wednesday': 1, 'Tuesday': 1}","{'January': 1, 'March': 1}"
4450,2,5,25/01/2023|11/07/2023,167.0,"{'Wednesday': 1, 'Tuesday': 1}","{'January': 1, 'July': 1}"
0335,2,5,25/01/2023|29/04/2024,460.0,"{'Wednesday': 1, 'Monday': 1}","{'January': 1, 'April': 1}"
7864,2,5,24/01/2023|22/05/2023,118.0,"{'Tuesday': 1, 'Monday': 1}","{'January': 1, 'May': 1}"
6117,2,5,18/05/2022|05/10/2022,140.0,{'Wednesday': 2},"{'May': 1, 'October': 1}"
2105,2,5,18/05/2022|10/02/2025,999.0,"{'Wednesday': 1, 'Monday': 1}","{'May': 1, 'February': 1}"
0062,2,5,18/05/2022|27/09/2023,497.0,{'Wednesday': 2},"{'May': 1, 'September': 1}"
7182,2,5,17/05/2022|29/08/2025,1200.0,"{'Tuesday': 1, 'Friday': 1}","{'May': 1, 'August': 1}"
4917,2,5,17/05/2022|31/03/2025,1049.0,"{'Tuesday': 1, 'Monday': 1}","{'May': 1, 'March': 1}"
1399,2,5,17/05/2022|26/06/2022,40.0,"{'Tuesday': 1, 'Sunday': 1}","{'May': 1, 'June': 1}"
0971,2,5,17/05/2022|03/09/2024,840.0,{'Tuesday': 2},"{'May': 1, 'September': 1}"
7089,2,5,16/05/2022|31/07/2023,441.0,{'Monday': 2},"{'May': 1, 'July': 1}"
7000,2,5,16/05/2022|12/11/2022,180.0,"{'Monday': 1, 'Saturday': 1}","{'May': 1, 'November': 1}"
5419,2,5,16/05/2022|26/02/2025,1017.0,"{'Monday': 1, 'Wednesday': 1}","{'May': 1, 'February': 1}"
7843,2,5,24/01/2023|13/02/2023,20.0,"{'Tuesday': 1, 'Monday': 1}","{'January': 1, 'February': 1}"
7644,2,5,24/01/2023|22/07/2023,179.0,"{'Tuesday': 1, 'Saturday': 1}","{'January': 1, 'July': 1}"
5062,2,5,23/01/2023|05/12/2023,316.0,"{'Monday': 1, 'Tuesday': 1}","{'January': 1, 'December': 1}"
2411,2,5,23/05/2022|13/06/2023,386.0,"{'Monday': 1, 'Tuesday': 1}","{'May': 1, 'June': 1}"
0718,2,5,23/05/2022|17/12/2022,208.0,"{'Monday': 1, 'Saturday': 1}","{'May': 1, 'December': 1}"
8858,2,5,21/05/2022|30/09/2024,863.0,"{'Saturday': 1, 'Monday': 1}","{'May': 1, 'September': 1}"
8184,2,5,21/05/2022|13/10/2024,876.0,"{'Saturday': 1, 'Sunday': 1}","{'May': 1, 'October': 1}"
7887,2,5,21/05/2022|21/09/2022,123.0,"{'Saturday': 1, 'Wednesday': 1}","{'May': 1, 'September': 1}"
7137,2,5,21/05/2022|30/01/2023,254.0,"{'Saturday': 1, 'Monday': 1}","{'May': 1, 'January': 1}"
1035,2,5,21/05/2022|29/03/2025,1043.0,{'Saturday': 2},"{'May': 1, 'March': 1}"
3505,2,5,11/11/2020|02/12/2024,1482.0,"{'Wednesday': 1, 'Monday': 1}","{'November': 1, 'December': 1}"
2110,2,5,11/11/2020|28/08/2025,1751.0,"{'Wednesday': 1, 'Thursday': 1}","{'November': 1, 'August': 1}"
9526,2,5,09/11/2020|09/11/2021,365.0,"{'Monday': 1, 'Tuesday': 1}",{'November': 2}
8300,2,5,09/11/2020|19/01/2021,71.0,"{'Monday': 1, 'Tuesday': 1}","{'November': 1, 'January': 1}"
5586,2,5,09/11/2020|01/03/2023,842.0,"{'Monday': 1, 'Wednesday': 1}","{'November': 1, 'March': 1}"
3002,2,5,09/11/2020|10/06/2023,943.0,"{'Monday': 1, 'Saturday': 1}","{'November': 1, 'June': 1}"
5621,2,5,21/01/2023|05/09/2023,227.0,"{'Saturday': 1, 'Tuesday': 1}","{'January': 1, 'September': 1}"
7101,2,5,18/01/2023|29/07/2025,923.0,"{'Wednesday': 1, 'Tuesday': 1}","{'January': 1, 'July': 1}"
8099,2,5,16/01/2023|13/06/2023,148.0,"{'Monday': 1, 'Tuesday': 1}","{'January': 1, 'June': 1}"
5309,2,5,16/01/2023|04/08/2025,931.0,{'Monday': 2},"{'January': 1, 'August': 1}"
0920,2,5,16/01/2023|27/05/2023,131.0,"{'Monday': 1, 'Saturday': 1}","{'January': 1, 'May': 1}"
2418,2,5,15/01/2023|08/09/2024,602.0,{'Sunday': 2},"{'January': 1, 'September': 1}"
8089,2,5,28/05/2022|23/10/2023,513.0,"{'Saturday': 1, 'Monday': 1}","{'May': 1, 'October': 1}"
7566,2,5,28/05/2022|02/09/2025,1193.0,"{'Saturday': 1, 'Tuesday': 1}","{'May': 1, 'September': 1}"
0513,2,5,28/05/2022|25/02/2024,638.0,"{'Saturday': 1, 'Sunday': 1}","{'May': 1, 'February': 1}"
7028,2,5,24/05/2022|09/11/2022,169.0,"{'Tuesday': 1, 'Wednesday': 1}","{'May': 1, 'November': 1}"
5556,2,5,24/05/2022|17/04/2024,694.0,"{'Tuesday': 1, 'Wednesday': 1}","{'May': 1, 'April': 1}"
4098,2,5,24/05/2022|12/08/2023,445.0,"{'Tuesday': 1, 'Saturday': 1}","{'May': 1, 'August': 1}"
9803,2,5,23/05/2022|05/04/2023,317.0,"{'Monday': 1, 'Wednesday': 1}","{'May': 1, 'April': 1}"
1407,2,5,15/01/2023|01/11/2023,290.0,"{'Sunday': 1, 'Wednesday': 1}","{'January': 1, 'November': 1}"
7662,2,5,14/01/2023|06/12/2023,326.0,"{'Saturday': 1, 'Wednesday': 1}","{'January': 1, 'December': 1}"
3267,2,5,14/01/2023|10/05/2023,116.0,"{'Saturday': 1, 'Wednesday': 1}","{'January': 1, 'May': 1}"
7582,2,5,11/01/2023|27/05/2024,502.0,"{'Wednesday': 1, 'Monday': 1}","{'January': 1, 'May': 1}"
6866,2,5,11/01/2023|13/04/2024,458.0,"{'Wednesday': 1, 'Saturday': 1}","{'January': 1, 'April': 1}"
0395,2,5,11/01/2023|17/02/2025,768.0,"{'Wednesday': 1, 'Monday': 1}","{'January': 1, 'February': 1}"
5428,2,5,06/01/2021|06/04/2022,455.0,{'Wednesday': 2},"{'January': 1, 'April': 1}"
2530,2,5,06/01/2021|19/06/2024,1260.0,{'Wednesday': 2},"{'January': 1, 'June': 1}"
0217,2,5,06/01/2021|28/08/2023,964.0,"{'Wednesday': 1, 'Monday': 1}","{'January': 1, 'August': 1}"
6951,2,5,05/01/2021|30/06/2024,1272.0,"{'Tuesday': 1, 'Sunday': 1}","{'January': 1, 'June': 1}"
6600,2,5,05/01/2021|15/10/2022,648.0,"{'Tuesday': 1, 'Saturday': 1}","{'January': 1, 'October': 1}"
5440,2,5,05/01/2021|03/02/2021,29.0,"{'Tuesday': 1, 'Wednesday': 1}","{'January': 1, 'February': 1}"
4570,2,5,05/01/2021|11/10/2021,279.0,"{'Tuesday': 1, 'Monday': 1}","{'January': 1, 'October': 1}"
7139,2,5,29/05/2022|11/08/2025,1170.0,"{'Sunday': 1, 'Monday': 1}","{'May': 1, 'August': 1}"
6337,2,5,29/05/2022|07/07/2024,770.0,{'Sunday': 2},"{'May': 1, 'July': 1}"
5762,2,5,29/05/2022|29/07/2025,1157.0,"{'Sunday': 1, 'Tuesday': 1}","{'May': 1, 'July': 1}"
5577,2,5,29/05/2022|08/08/2025,1167.0,"{'Sunday': 1, 'Friday': 1}","{'May': 1, 'August': 1}"
9369,2,5,28/05/2022|08/02/2025,987.0,{'Saturday': 2},"{'May': 1, 'February': 1}"
9527,2,5,09/01/2023|07/04/2024,454.0,"{'Monday': 1, 'Sunday': 1}","{'January': 1, 'April': 1}"
4825,2,5,09/01/2023|01/02/2023,23.0,"{'Monday': 1, 'Wednesday': 1}","{'January': 1, 'February': 1}"
2232,2,5,09/01/2023|25/03/2024,441.0,{'Monday': 2},"{'January': 1, 'March': 1}"
9690,2,5,08/01/2023|01/03/2025,783.0,"{'Sunday': 1, 'Saturday': 1}","{'January': 1, 'March': 1}"
7081,2,5,08/01/2023|03/09/2024,604.0,"{'Sunday': 1, 'Tuesday': 1}","{'January': 1, 'September': 1}"
4303,2,5,08/01/2023|26/10/2024,657.0,"{'Sunday': 1, 'Saturday': 1}","{'January': 1, 'October': 1}"
9337,2,5,30/05/2022|15/05/2024,716.0,"{'Monday': 1, 'Wednesday': 1}",{'May': 2}
4808,2,5,30/05/2022|11/01/2025,957.0,"{'Monday': 1, 'Saturday': 1}","{'May': 1, 'January': 1}"
4523,2,5,30/05/2022|07/03/2023,281.0,"{'Monday': 1, 'Tuesday': 1}","{'May': 1, 'March': 1}"
3035,2,5,30/05/2022|22/07/2023,418.0,"{'Monday': 1, 'Saturday': 1}","{'May': 1, 'July': 1}"
2361,2,5,30/05/2022|10/02/2025,987.0,{'Monday': 2},"{'May': 1, 'February': 1}"
0655,2,5,30/05/2022|25/03/2025,1030.0,"{'Monday': 1, 'Tuesday': 1}","{'May': 1, 'March': 1}"
0363,2,5,30/05/2022|12/04/2025,1048.0,"{'Monday': 1, 'Saturday': 1}","{'May': 1, 'April': 1}"
1402,2,5,09/01/2021|05/08/2025,1669.0,"{'Saturday': 1, 'Tuesday': 1}","{'January': 1, 'August': 1}"
6560,2,5,06/01/2021|02/05/2022,481.0,"{'Wednesday': 1, 'Monday': 1}","{'January': 1, 'May': 1}"
2179,2,5,18/11/2020|11/04/2023,874.0,"{'Wednesday': 1, 'Tuesday': 1}","{'November': 1, 'April': 1}"
7464,2,5,16/11/2020|25/09/2022,678.0,"{'Monday': 1, 'Sunday': 1}","{'November': 1, 'September': 1}"
6153,2,5,16/11/2020|09/09/2023,1027.0,"{'Monday': 1, 'Saturday': 1}","{'November': 1, 'September': 1}"
2064,2,5,16/11/2020|05/04/2022,505.0,"{'Monday': 1, 'Tuesday': 1}","{'November': 1, 'April': 1}"
2697,2,5,08/01/2023|28/04/2025,841.0,"{'Sunday': 1, 'Monday': 1}","{'January': 1, 'April': 1}"
1687,2,5,08/01/2023|25/04/2023,107.0,"{'Sunday': 1, 'Tuesday': 1}","{'January': 1, 'April': 1}"
1082,2,5,08/01/2023|09/03/2025,791.0,{'Sunday': 2},"{'January': 1, 'March': 1}"
5454,2,5,04/06/2022|20/06/2023,381.0,"{'Saturday': 1, 'Tuesday': 1}",{'June': 2}
0232,2,5,04/06/2022|18/12/2023,562.0,"{'Saturday': 1, 'Monday': 1}","{'June': 1, 'December': 1}"
7831,2,5,01/06/2022|13/04/2024,682.0,"{'Wednesday': 1, 'Saturday': 1}","{'June': 1, 'April': 1}"
0081,2,5,01/06/2022|04/06/2024,734.0,"{'Wednesday': 1, 'Tuesday': 1}",{'June': 2}
7177,2,5,31/05/2022|07/01/2025,952.0,{'Tuesday': 2},"{'May': 1, 'January': 1}"
4311,2,5,31/05/2022|23/09/2023,480.0,"{'Tuesday': 1, 'Saturday': 1}","{'May': 1, 'September': 1}"
2225,2,5,31/05/2022|30/01/2023,244.0,"{'Tuesday': 1, 'Monday': 1}","{'May': 1, 'January': 1}"
5005,2,5,04/01/2023|18/12/2024,714.0,{'Wednesday': 2},"{'January': 1, 'December': 1}"
1739,2,5,04/01/2023|08/02/2023,35.0,{'Wednesday': 2},"{'January': 1, 'February': 1}"
7620,2,5,03/01/2023|14/06/2025,893.0,"{'Tuesday': 1, 'Saturday': 1}","{'January': 1, 'June': 1}"
4926,2,5,03/01/2023|05/03/2024,427.0,{'Tuesday': 2},"{'January': 1, 'March': 1}"
5264,2,5,02/01/2023|11/06/2024,526.0,"{'Monday': 1, 'Tuesday': 1}","{'January': 1, 'June': 1}"
3057,2,5,02/01/2023|18/05/2024,502.0,"{'Monday': 1, 'Saturday': 1}","{'January': 1, 'May': 1}"
9322,2,5,31/12/2022|28/01/2023,28.0,{'Saturday': 2},"{'December': 1, 'January': 1}"
5858,2,5,31/12/2022|17/06/2023,168.0,{'Saturday': 2},"{'December': 1, 'June': 1}"
1604,2,5,31/12/2022|09/04/2024,465.0,"{'Saturday': 1, 'Tuesday': 1}","{'December': 1, 'April': 1}"
9749,2,5,06/06/2022|17/10/2023,498.0,"{'Monday': 1, 'Tuesday': 1}","{'June': 1, 'October': 1}"
7379,2,5,06/06/2022|27/12/2022,204.0,"{'Monday': 1, 'Tuesday': 1}","{'June': 1, 'December': 1}"
6491,2,5,06/06/2022|26/09/2023,477.0,"{'Monday': 1, 'Tuesday': 1}","{'June': 1, 'September': 1}"
7527,2,5,05/06/2022|01/07/2023,391.0,"{'Sunday': 1, 'Saturday': 1}","{'June': 1, 'July': 1}"
6851,2,5,05/06/2022|01/01/2024,575.0,"{'Sunday': 1, 'Monday': 1}","{'June': 1, 'January': 1}"
1645,2,5,05/06/2022|01/04/2024,666.0,"{'Sunday': 1, 'Monday': 1}","{'June': 1, 'April': 1}"
1419,2,5,05/06/2022|05/08/2025,1157.0,"{'Sunday': 1, 'Tuesday': 1}","{'June': 1, 'August': 1}"
9770,2,5,28/12/2022|02/07/2024,552.0,"{'Wednesday': 1, 'Tuesday': 1}","{'December': 1, 'July': 1}"
8597,2,5,27/12/2022|10/03/2025,804.0,"{'Tuesday': 1, 'Monday': 1}","{'December': 1, 'March': 1}"
3502,2,5,26/12/2022|01/12/2024,706.0,"{'Monday': 1, 'Sunday': 1}",{'December': 2}
3040,2,5,26/12/2022|11/06/2025,898.0,"{'Monday': 1, 'Wednesday': 1}","{'December': 1, 'June': 1}"
0122,2,5,26/12/2022|21/08/2024,604.0,"{'Monday': 1, 'Wednesday': 1}","{'December': 1, 'August': 1}"
6579,2,5,25/11/2020|01/08/2022,614.0,"{'Wednesday': 1, 'Monday': 1}","{'November': 1, 'August': 1}"
5119,2,5,25/11/2020|03/12/2022,738.0,"{'Wednesday': 1, 'Saturday': 1}","{'November': 1, 'December': 1}"
7740,2,5,11/06/2022|28/08/2022,78.0,"{'Saturday': 1, 'Sunday': 1}","{'June': 1, 'August': 1}"
1937,2,5,08/06/2022|21/08/2022,74.0,"{'Wednesday': 1, 'Sunday': 1}","{'June': 1, 'August': 1}"
0634,2,5,08/06/2022|10/10/2022,124.0,"{'Wednesday': 1, 'Monday': 1}","{'June': 1, 'October': 1}"
4067,2,5,07/06/2022|06/04/2025,1034.0,"{'Tuesday': 1, 'Sunday': 1}","{'June': 1, 'April': 1}"
0919,2,5,25/11/2020|15/02/2021,82.0,"{'Wednesday': 1, 'Monday': 1}","{'November': 1, 'February': 1}"
9928,2,5,23/11/2020|04/01/2021,42.0,{'Monday': 2},"{'November': 1, 'January': 1}"
7544,2,5,23/11/2020|08/12/2021,380.0,"{'Monday': 1, 'Wednesday': 1}","{'November': 1, 'December': 1}"
6000,2,5,23/11/2020|27/02/2023,826.0,{'Monday': 2},"{'November': 1, 'February': 1}"
3683,2,5,23/11/2020|19/02/2023,818.0,"{'Monday': 1, 'Sunday': 1}","{'November': 1, 'February': 1}"
9713,2,5,25/12/2022|03/01/2024,374.0,"{'Sunday': 1, 'Wednesday': 1}","{'December': 1, 'January': 1}"
9050,2,5,25/12/2022|08/01/2025,745.0,"{'Sunday': 1, 'Wednesday': 1}","{'December': 1, 'January': 1}"
8091,2,5,25/12/2022|02/01/2024,373.0,"{'Sunday': 1, 'Tuesday': 1}","{'December': 1, 'January': 1}"
1741,2,5,25/12/2022|19/10/2024,664.0,"{'Sunday': 1, 'Saturday': 1}","{'December': 1, 'October': 1}"
6020,2,5,24/12/2022|21/08/2025,971.0,"{'Saturday': 1, 'Thursday': 1}","{'December': 1, 'August': 1}"
3690,2,5,21/12/2022|10/10/2023,293.0,"{'Wednesday': 1, 'Tuesday': 1}","{'December': 1, 'October': 1}"
9583,2,5,20/12/2022|16/07/2024,574.0,{'Tuesday': 2},"{'December': 1, 'July': 1}"
8125,2,5,20/12/2022|10/04/2024,477.0,"{'Tuesday': 1, 'Wednesday': 1}","{'December': 1, 'April': 1}"
6860,2,5,20/12/2022|16/07/2023,208.0,"{'Tuesday': 1, 'Sunday': 1}","{'December': 1, 'July': 1}"
8180,2,5,04/01/2021|07/11/2023,1037.0,"{'Monday': 1, 'Tuesday': 1}","{'January': 1, 'November': 1}"
6799,2,5,04/01/2021|12/12/2022,707.0,{'Monday': 2},"{'January': 1, 'December': 1}"
5312,2,5,04/01/2021|14/01/2024,1105.0,"{'Monday': 1, 'Sunday': 1}",{'January': 2}
4664,2,5,04/01/2021|23/10/2021,292.0,"{'Monday': 1, 'Saturday': 1}","{'January': 1, 'October': 1}"
4519,2,5,04/01/2021|16/10/2022,650.0,"{'Monday': 1, 'Sunday': 1}","{'January': 1, 'October': 1}"
3321,2,5,04/01/2021|11/01/2023,737.0,"{'Monday': 1, 'Wednesday': 1}",{'January': 2}
8111,2,5,02/01/2021|16/03/2022,438.0,"{'Saturday': 1, 'Wednesday': 1}","{'January': 1, 'March': 1}"
2742,2,5,12/06/2022|22/10/2023,497.0,{'Sunday': 2},"{'June': 1, 'October': 1}"
1556,2,5,20/12/2022|20/04/2024,487.0,"{'Tuesday': 1, 'Saturday': 1}","{'December': 1, 'April': 1}"
8077,2,5,19/12/2022|19/06/2024,548.0,"{'Monday': 1, 'Wednesday': 1}","{'December': 1, 'June': 1}"
2999,2,5,19/12/2022|11/11/2024,693.0,{'Monday': 2},"{'December': 1, 'November': 1}"
2528,2,5,19/12/2022|12/04/2023,114.0,"{'Monday': 1, 'Wednesday': 1}","{'December': 1, 'April': 1}"
7088,2,5,18/12/2022|15/02/2025,790.0,"{'Sunday': 1, 'Saturday': 1}","{'December': 1, 'February': 1}"
2210,2,5,18/12/2022|19/12/2022,1.0,"{'Sunday': 1, 'Monday': 1}",{'December': 2}
1721,2,5,18/12/2022|23/08/2023,248.0,"{'Sunday': 1, 'Wednesday': 1}","{'December': 1, 'August': 1}"
6378,2,5,17/12/2022|14/01/2025,759.0,"{'Saturday': 1, 'Tuesday': 1}","{'December': 1, 'January': 1}"
4007,2,5,14/06/2022|27/06/2022,13.0,"{'Tuesday': 1, 'Monday': 1}",{'June': 2}
0809,2,5,14/06/2022|06/05/2024,692.0,"{'Tuesday': 1, 'Monday': 1}","{'June': 1, 'May': 1}"
4953,2,5,13/06/2022|16/07/2025,1129.0,"{'Monday': 1, 'Wednesday': 1}","{'June': 1, 'July': 1}"
9074,2,5,12/06/2022|09/10/2022,119.0,{'Sunday': 2},"{'June': 1, 'October': 1}"
8469,2,5,12/06/2022|31/07/2022,49.0,{'Sunday': 2},"{'June': 1, 'July': 1}"
6779,2,5,12/06/2022|19/04/2025,1042.0,"{'Sunday': 1, 'Saturday': 1}","{'June': 1, 'April': 1}"
1459,2,5,05/01/2021|05/01/2025,1461.0,"{'Tuesday': 1, 'Sunday': 1}",{'January': 2}
3723,2,5,17/12/2022|29/01/2025,774.0,"{'Saturday': 1, 'Wednesday': 1}","{'December': 1, 'January': 1}"
8946,2,5,14/12/2022|13/01/2025,761.0,"{'Wednesday': 1, 'Monday': 1}","{'December': 1, 'January': 1}"
7795,2,5,14/12/2022|03/07/2024,567.0,{'Wednesday': 2},"{'December': 1, 'July': 1}"
6917,2,5,13/12/2022|28/10/2024,685.0,"{'Tuesday': 1, 'Monday': 1}","{'December': 1, 'October': 1}"
4852,2,5,12/12/2022|06/11/2024,695.0,"{'Monday': 1, 'Wednesday': 1}","{'December': 1, 'November': 1}"
2313,2,5,11/12/2022|09/11/2024,699.0,"{'Sunday': 1, 'Saturday': 1}","{'December': 1, 'November': 1}"
2532,2,5,10/12/2022|22/07/2024,590.0,"{'Saturday': 1, 'Monday': 1}","{'December': 1, 'July': 1}"
1315,2,5,10/12/2022|13/09/2023,277.0,"{'Saturday': 1, 'Wednesday': 1}","{'December': 1, 'September': 1}"
6569,2,5,07/12/2022|15/04/2024,495.0,"{'Wednesday': 1, 'Monday': 1}","{'December': 1, 'April': 1}"
1395,2,5,19/06/2022|15/01/2025,941.0,"{'Sunday': 1, 'Wednesday': 1}","{'June': 1, 'January': 1}"
5980,2,5,18/06/2022|08/04/2024,660.0,"{'Saturday': 1, 'Monday': 1}","{'June': 1, 'April': 1}"
0599,2,5,18/06/2022|11/09/2024,816.0,"{'Saturday': 1, 'Wednesday': 1}","{'June': 1, 'September': 1}"
9674,2,5,14/06/2022|17/02/2025,979.0,"{'Tuesday': 1, 'Monday': 1}","{'June': 1, 'February': 1}"
5118,2,5,01/12/2020|14/08/2024,1352.0,"{'Tuesday': 1, 'Wednesday': 1}","{'December': 1, 'August': 1}"
2797,2,5,30/11/2020|03/03/2024,1189.0,"{'Monday': 1, 'Sunday': 1}","{'November': 1, 'March': 1}"
1390,2,5,30/11/2020|21/09/2024,1391.0,"{'Monday': 1, 'Saturday': 1}","{'November': 1, 'September': 1}"
0937,2,5,30/11/2020|05/04/2021,126.0,{'Monday': 2},"{'November': 1, 'April': 1}"
0720,2,5,30/11/2020|16/09/2023,1020.0,"{'Monday': 1, 'Saturday': 1}","{'November': 1, 'September': 1}"
5030,2,5,07/12/2022|11/06/2024,552.0,"{'Wednesday': 1, 'Tuesday': 1}","{'December': 1, 'June': 1}"
7328,2,5,06/12/2022|30/07/2025,967.0,"{'Tuesday': 1, 'Wednesday': 1}","{'December': 1, 'July': 1}"
8696,2,5,05/12/2022|03/06/2024,546.0,{'Monday': 2},"{'December': 1, 'June': 1}"
2883,2,5,05/12/2022|10/01/2023,36.0,"{'Monday': 1, 'Tuesday': 1}","{'December': 1, 'January': 1}"
1863,2,5,05/12/2022|23/11/2024,719.0,"{'Monday': 1, 'Saturday': 1}","{'December': 1, 'November': 1}"
3929,2,5,04/12/2022|10/07/2024,584.0,"{'Sunday': 1, 'Wednesday': 1}","{'December': 1, 'July': 1}"
3142,2,5,04/12/2022|25/02/2025,814.0,"{'Sunday': 1, 'Tuesday': 1}","{'December': 1, 'February': 1}"
6598,2,5,03/12/2022|08/04/2023,126.0,{'Saturday': 2},"{'December': 1, 'April': 1}"
6548,2,5,03/12/2022|23/09/2025,1025.0,"{'Saturday': 1, 'Tuesday': 1}","{'December': 1, 'September': 1}"
7596,2,5,21/06/2022|22/06/2024,732.0,"{'Tuesday': 1, 'Saturday': 1}",{'June': 2}
6571,2,5,21/06/2022|09/12/2024,902.0,"{'Tuesday': 1, 'Monday': 1}","{'June': 1, 'December': 1}"
2057,2,5,21/06/2022|18/12/2023,545.0,"{'Tuesday': 1, 'Monday': 1}","{'June': 1, 'December': 1}"
0028,2,5,21/06/2022|04/12/2022,166.0,"{'Tuesday': 1, 'Sunday': 1}","{'June': 1, 'December': 1}"
9407,2,5,20/06/2022|13/05/2023,327.0,"{'Monday': 1, 'Saturday': 1}","{'June': 1, 'May': 1}"
6295,2,5,20/06/2022|11/12/2024,905.0,"{'Monday': 1, 'Wednesday': 1}","{'June': 1, 'December': 1}"
0050,2,5,20/06/2022|01/11/2023,499.0,"{'Monday': 1, 'Wednesday': 1}","{'June': 1, 'November': 1}"
9535,2,5,19/06/2022|05/09/2023,443.0,"{'Sunday': 1, 'Tuesday': 1}","{'June': 1, 'September': 1}"
8274,2,5,19/06/2022|22/06/2022,3.0,"{'Sunday': 1, 'Wednesday': 1}",{'June': 2}
7069,2,5,19/06/2022|09/04/2025,1025.0,"{'Sunday': 1, 'Wednesday': 1}","{'June': 1, 'April': 1}"
6495,2,5,19/06/2022|05/04/2025,1021.0,"{'Sunday': 1, 'Saturday': 1}","{'June': 1, 'April': 1}"
5628,2,5,30/11/2022|12/06/2025,925.0,"{'Wednesday': 1, 'Thursday': 1}","{'November': 1, 'June': 1}"
2098,2,5,30/11/2022|03/12/2023,368.0,"{'Wednesday': 1, 'Sunday': 1}","{'November': 1, 'December': 1}"
2069,2,5,30/11/2022|10/02/2025,803.0,"{'Wednesday': 1, 'Monday': 1}","{'November': 1, 'February': 1}"
1267,2,5,29/11/2022|02/04/2024,490.0,{'Tuesday': 2},"{'November': 1, 'April': 1}"
1693,2,5,26/06/2022|10/07/2022,14.0,{'Sunday': 2},"{'June': 1, 'July': 1}"
0263,2,5,26/06/2022|24/09/2025,1186.0,"{'Sunday': 1, 'Wednesday': 1}","{'June': 1, 'September': 1}"
9015,2,5,25/06/2022|28/09/2022,95.0,"{'Saturday': 1, 'Wednesday': 1}","{'June': 1, 'September': 1}"
5505,2,5,25/06/2022|07/08/2024,774.0,"{'Saturday': 1, 'Wednesday': 1}","{'June': 1, 'August': 1}"
5260,2,5,25/06/2022|07/04/2025,1017.0,"{'Saturday': 1, 'Monday': 1}","{'June': 1, 'April': 1}"
4358,2,5,25/06/2022|19/09/2023,451.0,"{'Saturday': 1, 'Tuesday': 1}","{'June': 1, 'September': 1}"
2205,2,5,25/06/2022|25/01/2025,945.0,{'Saturday': 2},"{'June': 1, 'January': 1}"
9869,2,5,22/06/2022|28/08/2022,67.0,"{'Wednesday': 1, 'Sunday': 1}","{'June': 1, 'August': 1}"
7825,2,5,21/06/2022|17/01/2023,210.0,{'Tuesday': 2},"{'June': 1, 'January': 1}"
8268,2,5,28/11/2022|17/02/2025,812.0,{'Monday': 2},"{'November': 1, 'February': 1}"
8219,2,5,28/11/2022|21/09/2024,663.0,"{'Monday': 1, 'Saturday': 1}","{'November': 1, 'September': 1}"
2510,2,5,28/11/2022|20/02/2023,84.0,{'Monday': 2},"{'November': 1, 'February': 1}"
1561,2,5,28/11/2022|30/11/2022,2.0,"{'Monday': 1, 'Wednesday': 1}",{'November': 2}
8943,2,5,27/11/2022|11/12/2023,379.0,"{'Sunday': 1, 'Monday': 1}","{'November': 1, 'December': 1}"
0912,2,5,27/11/2022|07/02/2024,437.0,"{'Sunday': 1, 'Wednesday': 1}","{'November': 1, 'February': 1}"
5550,2,5,26/11/2022|08/05/2023,163.0,"{'Saturday': 1, 'Monday': 1}","{'November': 1, 'May': 1}"
4903,2,5,26/11/2022|10/01/2023,45.0,"{'Saturday': 1, 'Tuesday': 1}","{'November': 1, 'January': 1}"
2588,2,5,05/12/2020|26/03/2023,841.0,"{'Saturday': 1, 'Sunday': 1}","{'December': 1, 'March': 1}"
1064,2,5,05/12/2020|01/11/2021,331.0,"{'Saturday': 1, 'Monday': 1}","{'December': 1, 'November': 1}"
1157,2,5,02/01/2021|06/01/2021,4.0,"{'Saturday': 1, 'Wednesday': 1}",{'January': 2}
7680,2,5,30/12/2020|23/08/2023,966.0,{'Wednesday': 2},"{'December': 1, 'August': 1}"
5020,2,5,30/12/2020|08/06/2024,1256.0,"{'Wednesday': 1, 'Saturday': 1}","{'December': 1, 'June': 1}"
3041,2,5,30/12/2020|01/04/2024,1188.0,"{'Wednesday': 1, 'Monday': 1}","{'December': 1, 'April': 1}"
2197,2,5,30/12/2020|29/06/2025,1642.0,"{'Wednesday': 1, 'Sunday': 1}","{'December': 1, 'June': 1}"
1120,2,5,30/12/2020|28/09/2021,272.0,"{'Wednesday': 1, 'Tuesday': 1}","{'December': 1, 'September': 1}"
8904,2,5,29/12/2020|04/09/2025,1710.0,"{'Tuesday': 1, 'Thursday': 1}","{'December': 1, 'September': 1}"
6429,2,5,26/06/2022|07/12/2024,895.0,"{'Sunday': 1, 'Saturday': 1}","{'June': 1, 'December': 1}"
3319,2,5,02/12/2020|05/02/2022,430.0,"{'Wednesday': 1, 'Saturday': 1}","{'December': 1, 'February': 1}"
7856,2,5,01/12/2020|03/08/2022,610.0,"{'Tuesday': 1, 'Wednesday': 1}","{'December': 1, 'August': 1}"
6933,2,5,23/11/2022|28/01/2024,431.0,"{'Wednesday': 1, 'Sunday': 1}","{'November': 1, 'January': 1}"
7214,2,5,29/06/2022|19/02/2024,600.0,"{'Wednesday': 1, 'Monday': 1}","{'June': 1, 'February': 1}"
3449,2,5,29/06/2022|10/12/2024,895.0,"{'Wednesday': 1, 'Tuesday': 1}","{'June': 1, 'December': 1}"
1326,2,5,29/06/2022|22/02/2025,969.0,"{'Wednesday': 1, 'Saturday': 1}","{'June': 1, 'February': 1}"
9248,2,5,28/06/2022|07/08/2023,405.0,"{'Tuesday': 1, 'Monday': 1}","{'June': 1, 'August': 1}"
4408,2,5,28/06/2022|06/08/2025,1135.0,"{'Tuesday': 1, 'Wednesday': 1}","{'June': 1, 'August': 1}"
7931,2,5,02/01/2021|10/09/2025,1712.0,"{'Saturday': 1, 'Wednesday': 1}","{'January': 1, 'September': 1}"
5919,2,5,02/01/2021|31/01/2022,394.0,"{'Saturday': 1, 'Monday': 1}",{'January': 2}
4625,2,5,02/01/2021|20/08/2023,960.0,"{'Saturday': 1, 'Sunday': 1}","{'January': 1, 'August': 1}"
6397,2,5,23/11/2022|19/06/2025,939.0,"{'Wednesday': 1, 'Thursday': 1}","{'November': 1, 'June': 1}"
4830,2,5,23/11/2022|05/03/2024,468.0,"{'Wednesday': 1, 'Tuesday': 1}","{'November': 1, 'March': 1}"
8507,2,5,22/11/2022|09/12/2023,382.0,"{'Tuesday': 1, 'Saturday': 1}","{'November': 1, 'December': 1}"
2858,2,5,22/11/2022|27/01/2025,797.0,"{'Tuesday': 1, 'Monday': 1}","{'November': 1, 'January': 1}"
2647,2,5,22/11/2022|28/07/2024,614.0,"{'Tuesday': 1, 'Sunday': 1}","{'November': 1, 'July': 1}"
7057,2,5,21/11/2022|22/03/2023,121.0,"{'Monday': 1, 'Wednesday': 1}","{'November': 1, 'March': 1}"
2940,2,5,21/11/2022|27/01/2025,798.0,{'Monday': 2},"{'November': 1, 'January': 1}"
4398,2,5,19/11/2022|21/01/2023,63.0,{'Saturday': 2},"{'November': 1, 'January': 1}"
3706,2,5,28/12/2020|29/03/2022,456.0,"{'Monday': 1, 'Tuesday': 1}","{'December': 1, 'March': 1}"
1629,2,5,04/07/2022|27/11/2024,877.0,"{'Monday': 1, 'Wednesday': 1}","{'July': 1, 'November': 1}"
9756,2,5,03/07/2022|23/03/2025,994.0,{'Sunday': 2},"{'July': 1, 'March': 1}"
2912,2,5,03/07/2022|31/01/2024,577.0,"{'Sunday': 1, 'Wednesday': 1}","{'July': 1, 'January': 1}"
2698,2,5,03/07/2022|23/10/2024,843.0,"{'Sunday': 1, 'Wednesday': 1}","{'July': 1, 'October': 1}"
1428,2,5,03/07/2022|28/10/2024,848.0,"{'Sunday': 1, 'Monday': 1}","{'July': 1, 'October': 1}"
1290,2,5,03/07/2022|03/02/2025,946.0,"{'Sunday': 1, 'Monday': 1}","{'July': 1, 'February': 1}"
3477,2,5,02/07/2022|24/07/2024,753.0,"{'Saturday': 1, 'Wednesday': 1}",{'July': 2}
1518,2,5,02/07/2022|14/06/2025,1078.0,{'Saturday': 2},"{'July': 1, 'June': 1}"
1825,2,5,19/11/2022|26/12/2023,402.0,"{'Saturday': 1, 'Tuesday': 1}","{'November': 1, 'December': 1}"
8544,2,5,16/11/2022|20/08/2024,643.0,"{'Wednesday': 1, 'Tuesday': 1}","{'November': 1, 'August': 1}"
7168,2,5,16/11/2022|18/07/2023,244.0,"{'Wednesday': 1, 'Tuesday': 1}","{'November': 1, 'July': 1}"
3902,2,5,16/11/2022|09/04/2023,144.0,"{'Wednesday': 1, 'Sunday': 1}","{'November': 1, 'April': 1}"
9288,2,5,15/11/2022|29/01/2025,806.0,"{'Tuesday': 1, 'Wednesday': 1}","{'November': 1, 'January': 1}"
7915,2,5,15/11/2022|13/08/2024,637.0,{'Tuesday': 2},"{'November': 1, 'August': 1}"
1484,2,5,15/11/2022|12/01/2025,789.0,"{'Tuesday': 1, 'Sunday': 1}","{'November': 1, 'January': 1}"
8846,2,5,05/07/2022|02/11/2022,120.0,"{'Tuesday': 1, 'Wednesday': 1}","{'July': 1, 'November': 1}"
8473,2,5,05/07/2022|08/03/2023,246.0,"{'Tuesday': 1, 'Wednesday': 1}","{'July': 1, 'March': 1}"
2338,2,5,05/07/2022|16/09/2023,438.0,"{'Tuesday': 1, 'Saturday': 1}","{'July': 1, 'September': 1}"
6802,2,5,04/07/2022|01/01/2025,912.0,"{'Monday': 1, 'Wednesday': 1}","{'July': 1, 'January': 1}"
4104,2,5,04/07/2022|01/08/2023,393.0,"{'Monday': 1, 'Tuesday': 1}","{'July': 1, 'August': 1}"
3237,2,5,29/12/2020|09/07/2022,557.0,"{'Tuesday': 1, 'Saturday': 1}","{'December': 1, 'July': 1}"
2022,2,5,29/12/2020|14/05/2022,501.0,"{'Tuesday': 1, 'Saturday': 1}","{'December': 1, 'May': 1}"
4259,2,5,28/12/2020|11/12/2021,348.0,"{'Monday': 1, 'Saturday': 1}",{'December': 2}
3891,2,5,28/12/2020|07/07/2025,1652.0,{'Monday': 2},"{'December': 1, 'July': 1}"
9139,2,5,13/11/2022|02/12/2023,384.0,"{'Sunday': 1, 'Saturday': 1}","{'November': 1, 'December': 1}"
5087,2,5,13/11/2022|30/08/2023,290.0,"{'Sunday': 1, 'Wednesday': 1}","{'November': 1, 'August': 1}"
3753,2,5,13/11/2022|06/05/2024,540.0,"{'Sunday': 1, 'Monday': 1}","{'November': 1, 'May': 1}"
3560,2,5,13/11/2022|31/05/2023,199.0,"{'Sunday': 1, 'Wednesday': 1}","{'November': 1, 'May': 1}"
3545,2,5,13/11/2022|19/06/2024,584.0,"{'Sunday': 1, 'Wednesday': 1}","{'November': 1, 'June': 1}"
2299,2,5,13/11/2022|26/11/2022,13.0,"{'Sunday': 1, 'Saturday': 1}",{'November': 2}
9147,2,5,12/11/2022|13/07/2024,609.0,{'Saturday': 2},"{'November': 1, 'July': 1}"
4958,2,5,12/11/2022|20/12/2022,38.0,"{'Saturday': 1, 'Tuesday': 1}","{'November': 1, 'December': 1}"
3655,2,5,12/11/2022|28/04/2025,898.0,"{'Saturday': 1, 'Monday': 1}","{'November': 1, 'April': 1}"
2822,2,5,11/07/2022|06/12/2022,148.0,"{'Monday': 1, 'Tuesday': 1}","{'July': 1, 'December': 1}"
8884,2,5,10/07/2022|12/09/2022,64.0,"{'Sunday': 1, 'Monday': 1}","{'July': 1, 'September': 1}"
6488,2,5,10/07/2022|19/03/2025,983.0,"{'Sunday': 1, 'Wednesday': 1}","{'July': 1, 'March': 1}"
2626,2,5,10/07/2022|23/10/2024,836.0,"{'Sunday': 1, 'Wednesday': 1}","{'July': 1, 'October': 1}"
8670,2,5,09/07/2022|07/10/2023,455.0,{'Saturday': 2},"{'July': 1, 'October': 1}"
7616,2,5,09/07/2022|21/09/2025,1170.0,"{'Saturday': 1, 'Sunday': 1}","{'July': 1, 'September': 1}"
0663,2,5,09/07/2022|15/10/2024,829.0,"{'Saturday': 1, 'Tuesday': 1}","{'July': 1, 'October': 1}"
3513,2,5,06/07/2022|18/03/2023,255.0,"{'Wednesday': 1, 'Saturday': 1}","{'July': 1, 'March': 1}"
9019,2,5,09/11/2022|11/03/2025,853.0,"{'Wednesday': 1, 'Tuesday': 1}","{'November': 1, 'March': 1}"
8724,2,5,09/11/2022|29/10/2024,720.0,"{'Wednesday': 1, 'Tuesday': 1}","{'November': 1, 'October': 1}"
6683,2,5,09/11/2022|03/04/2024,511.0,{'Wednesday': 2},"{'November': 1, 'April': 1}"
2356,2,5,08/11/2022|15/01/2023,68.0,"{'Tuesday': 1, 'Sunday': 1}","{'November': 1, 'January': 1}"
4184,2,5,07/11/2022|04/03/2023,117.0,"{'Monday': 1, 'Saturday': 1}","{'November': 1, 'March': 1}"
1884,2,5,07/11/2022|29/10/2023,356.0,"{'Monday': 1, 'Sunday': 1}","{'November': 1, 'October': 1}"
5922,2,5,16/07/2022|12/09/2022,58.0,"{'Saturday': 1, 'Monday': 1}","{'July': 1, 'September': 1}"
2776,2,5,16/07/2022|22/06/2025,1072.0,"{'Saturday': 1, 'Sunday': 1}","{'July': 1, 'June': 1}"
2770,2,5,16/07/2022|11/02/2024,575.0,"{'Saturday': 1, 'Sunday': 1}","{'July': 1, 'February': 1}"
8228,2,5,12/07/2022|30/08/2023,414.0,"{'Tuesday': 1, 'Wednesday': 1}","{'July': 1, 'August': 1}"
7143,2,5,12/07/2022|01/10/2022,81.0,"{'Tuesday': 1, 'Saturday': 1}","{'July': 1, 'October': 1}"
1034,2,5,12/07/2022|08/01/2024,545.0,"{'Tuesday': 1, 'Monday': 1}","{'July': 1, 'January': 1}"
9580,2,5,06/11/2022|01/09/2025,1030.0,"{'Sunday': 1, 'Monday': 1}","{'November': 1, 'September': 1}"
2672,2,5,06/11/2022|22/07/2023,258.0,"{'Sunday': 1, 'Saturday': 1}","{'November': 1, 'July': 1}"
1774,2,5,06/11/2022|08/04/2024,519.0,"{'Sunday': 1, 'Monday': 1}","{'November': 1, 'April': 1}"
8344,2,5,05/11/2022|27/12/2023,417.0,"{'Saturday': 1, 'Wednesday': 1}","{'November': 1, 'December': 1}"
6418,2,5,05/11/2022|26/06/2024,599.0,"{'Saturday': 1, 'Wednesday': 1}","{'November': 1, 'June': 1}"
5214,2,5,09/12/2020|21/04/2021,133.0,{'Wednesday': 2},"{'December': 1, 'April': 1}"
6296,2,5,07/12/2020|08/12/2021,366.0,"{'Monday': 1, 'Wednesday': 1}",{'December': 2}
5718,2,5,07/12/2020|17/07/2022,587.0,"{'Monday': 1, 'Sunday': 1}","{'December': 1, 'July': 1}"
4071,2,5,07/12/2020|12/01/2025,1497.0,"{'Monday': 1, 'Sunday': 1}","{'December': 1, 'January': 1}"
5429,2,5,05/11/2022|18/04/2023,164.0,"{'Saturday': 1, 'Tuesday': 1}","{'November': 1, 'April': 1}"
9882,2,5,02/11/2022|27/11/2024,756.0,{'Wednesday': 2},{'November': 2}
7478,2,5,02/11/2022|23/07/2024,629.0,"{'Wednesday': 1, 'Tuesday': 1}","{'November': 1, 'July': 1}"
7302,2,5,17/07/2022|06/05/2023,293.0,"{'Sunday': 1, 'Saturday': 1}","{'July': 1, 'May': 1}"
1833,2,5,17/07/2022|30/04/2025,1018.0,"{'Sunday': 1, 'Wednesday': 1}","{'July': 1, 'April': 1}"
1266,2,5,17/07/2022|15/05/2024,668.0,"{'Sunday': 1, 'Wednesday': 1}","{'July': 1, 'May': 1}"
1089,2,5,17/07/2022|24/01/2023,191.0,"{'Sunday': 1, 'Tuesday': 1}","{'July': 1, 'January': 1}"
8978,2,5,30/10/2022|13/10/2024,714.0,{'Sunday': 2},{'October': 2}
8832,2,5,30/10/2022|03/01/2024,430.0,"{'Sunday': 1, 'Wednesday': 1}","{'October': 1, 'January': 1}"
8400,2,5,30/10/2022|29/07/2024,638.0,"{'Sunday': 1, 'Monday': 1}","{'October': 1, 'July': 1}"
5518,2,5,30/10/2022|21/04/2025,904.0,"{'Sunday': 1, 'Monday': 1}","{'October': 1, 'April': 1}"
5092,2,5,30/10/2022|01/09/2025,1037.0,"{'Sunday': 1, 'Monday': 1}","{'October': 1, 'September': 1}"
0734,2,5,30/10/2022|08/03/2025,860.0,"{'Sunday': 1, 'Saturday': 1}","{'October': 1, 'March': 1}"
0686,2,5,30/10/2022|26/02/2024,484.0,"{'Sunday': 1, 'Monday': 1}","{'October': 1, 'February': 1}"
9741,2,5,29/10/2022|21/06/2025,966.0,{'Saturday': 2},"{'October': 1, 'June': 1}"
0146,2,5,29/10/2022|22/07/2024,632.0,"{'Saturday': 1, 'Monday': 1}","{'October': 1, 'July': 1}"
7056,2,5,26/10/2022|10/07/2023,257.0,"{'Wednesday': 1, 'Monday': 1}","{'October': 1, 'July': 1}"
4784,2,5,26/10/2022|06/11/2023,376.0,"{'Wednesday': 1, 'Monday': 1}","{'October': 1, 'November': 1}"
0941,2,5,26/10/2022|19/12/2022,54.0,"{'Wednesday': 1, 'Monday': 1}","{'October': 1, 'December': 1}"
9040,2,5,25/10/2022|23/01/2023,90.0,"{'Tuesday': 1, 'Monday': 1}","{'October': 1, 'January': 1}"
0505,2,5,12/12/2020|29/04/2025,1599.0,"{'Saturday': 1, 'Tuesday': 1}","{'December': 1, 'April': 1}"
0346,2,5,12/12/2020|22/10/2024,1410.0,"{'Saturday': 1, 'Tuesday': 1}","{'December': 1, 'October': 1}"
2049,2,5,26/12/2020|06/05/2023,861.0,{'Saturday': 2},"{'December': 1, 'May': 1}"
1669,2,5,26/12/2020|29/01/2023,764.0,"{'Saturday': 1, 'Sunday': 1}","{'December': 1, 'January': 1}"
1281,2,5,26/12/2020|13/12/2022,717.0,"{'Saturday': 1, 'Tuesday': 1}",{'December': 2}
0689,2,5,26/12/2020|24/10/2022,667.0,"{'Saturday': 1, 'Monday': 1}","{'December': 1, 'October': 1}"
6265,2,5,23/12/2020|27/10/2024,1404.0,"{'Wednesday': 1, 'Sunday': 1}","{'December': 1, 'October': 1}"
3841,2,5,23/12/2020|26/12/2023,1098.0,"{'Wednesday': 1, 'Tuesday': 1}",{'December': 2}
6804,2,5,19/07/2022|28/12/2022,162.0,"{'Tuesday': 1, 'Wednesday': 1}","{'July': 1, 'December': 1}"
5867,2,5,19/07/2022|29/11/2023,498.0,"{'Tuesday': 1, 'Wednesday': 1}","{'July': 1, 'November': 1}"
0667,2,5,19/07/2022|21/12/2022,155.0,"{'Tuesday': 1, 'Wednesday': 1}","{'July': 1, 'December': 1}"
0226,2,5,19/07/2022|01/06/2024,683.0,"{'Tuesday': 1, 'Saturday': 1}","{'July': 1, 'June': 1}"
9856,2,5,18/07/2022|23/08/2023,401.0,"{'Monday': 1, 'Wednesday': 1}","{'July': 1, 'August': 1}"
9593,2,5,18/07/2022|01/11/2022,106.0,"{'Monday': 1, 'Tuesday': 1}","{'July': 1, 'November': 1}"
8108,2,5,18/07/2022|02/09/2023,411.0,"{'Monday': 1, 'Saturday': 1}","{'July': 1, 'September': 1}"
4682,2,5,23/07/2022|15/03/2025,966.0,{'Saturday': 2},"{'July': 1, 'March': 1}"
2992,2,5,23/07/2022|31/01/2023,192.0,"{'Saturday': 1, 'Tuesday': 1}","{'July': 1, 'January': 1}"
1989,2,5,20/07/2022|10/07/2023,355.0,"{'Wednesday': 1, 'Monday': 1}",{'July': 2}
0874,2,5,28/12/2020|24/01/2022,392.0,{'Monday': 2},"{'December': 1, 'January': 1}"
6843,2,5,08/12/2020|15/11/2022,707.0,{'Tuesday': 2},"{'December': 1, 'November': 1}"
9892,2,5,09/12/2020|01/11/2021,327.0,"{'Wednesday': 1, 'Monday': 1}","{'December': 1, 'November': 1}"
6464,2,5,09/12/2020|05/06/2023,908.0,"{'Wednesday': 1, 'Monday': 1}","{'December': 1, 'June': 1}"
6690,2,5,25/10/2022|24/03/2025,881.0,"{'Tuesday': 1, 'Monday': 1}","{'October': 1, 'March': 1}"
1480,2,5,25/10/2022|10/06/2023,228.0,"{'Tuesday': 1, 'Saturday': 1}","{'October': 1, 'June': 1}"
5991,2,5,24/10/2022|12/02/2024,476.0,{'Monday': 2},"{'October': 1, 'February': 1}"
3956,2,5,24/10/2022|26/12/2023,428.0,"{'Monday': 1, 'Tuesday': 1}","{'October': 1, 'December': 1}"
9004,2,5,23/10/2022|03/06/2024,589.0,"{'Sunday': 1, 'Monday': 1}","{'October': 1, 'June': 1}"
7999,2,5,23/10/2022|10/09/2024,688.0,"{'Sunday': 1, 'Tuesday': 1}","{'October': 1, 'September': 1}"
7976,2,5,23/10/2022|07/02/2024,472.0,"{'Sunday': 1, 'Wednesday': 1}","{'October': 1, 'February': 1}"
6553,2,5,23/10/2022|07/12/2022,45.0,"{'Sunday': 1, 'Wednesday': 1}","{'October': 1, 'December': 1}"
7281,2,5,22/10/2022|15/05/2024,571.0,"{'Saturday': 1, 'Wednesday': 1}","{'October': 1, 'May': 1}"
6379,2,5,22/10/2022|03/11/2024,743.0,"{'Saturday': 1, 'Sunday': 1}","{'October': 1, 'November': 1}"
2829,2,5,25/07/2022|22/01/2025,912.0,"{'Monday': 1, 'Wednesday': 1}","{'July': 1, 'January': 1}"
8292,2,5,24/07/2022|04/04/2023,254.0,"{'Sunday': 1, 'Tuesday': 1}","{'July': 1, 'April': 1}"
7794,2,5,24/07/2022|13/11/2024,843.0,"{'Sunday': 1, 'Wednesday': 1}","{'July': 1, 'November': 1}"
4366,2,5,24/07/2022|03/09/2023,406.0,{'Sunday': 2},"{'July': 1, 'September': 1}"
0955,2,5,24/07/2022|09/08/2023,381.0,"{'Sunday': 1, 'Wednesday': 1}","{'July': 1, 'August': 1}"
1313,2,5,22/10/2022|30/03/2024,525.0,{'Saturday': 2},"{'October': 1, 'March': 1}"
1075,2,5,19/10/2022|29/07/2025,1014.0,"{'Wednesday': 1, 'Tuesday': 1}","{'October': 1, 'July': 1}"
6978,2,5,18/10/2022|01/07/2024,622.0,"{'Tuesday': 1, 'Monday': 1}","{'October': 1, 'July': 1}"
3919,2,5,18/10/2022|23/06/2024,614.0,"{'Tuesday': 1, 'Sunday': 1}","{'October': 1, 'June': 1}"
9352,2,5,17/10/2022|14/04/2025,910.0,{'Monday': 2},"{'October': 1, 'April': 1}"
9215,2,5,17/10/2022|27/11/2023,406.0,{'Monday': 2},"{'October': 1, 'November': 1}"
5570,2,5,17/10/2022|28/11/2023,407.0,"{'Monday': 1, 'Tuesday': 1}","{'October': 1, 'November': 1}"
5532,2,5,17/10/2022|23/11/2022,37.0,"{'Monday': 1, 'Wednesday': 1}","{'October': 1, 'November': 1}"
3856,2,5,17/10/2022|27/05/2023,222.0,"{'Monday': 1, 'Saturday': 1}","{'October': 1, 'May': 1}"
6175,2,5,16/10/2022|25/07/2023,282.0,"{'Sunday': 1, 'Tuesday': 1}","{'October': 1, 'July': 1}"
5857,2,5,16/10/2022|29/11/2023,409.0,"{'Sunday': 1, 'Wednesday': 1}","{'October': 1, 'November': 1}"
4308,2,5,16/10/2022|28/01/2023,104.0,"{'Sunday': 1, 'Saturday': 1}","{'October': 1, 'January': 1}"
2923,2,5,16/10/2022|28/01/2025,835.0,"{'Sunday': 1, 'Tuesday': 1}","{'October': 1, 'January': 1}"
1999,2,5,31/07/2022|05/02/2023,189.0,{'Sunday': 2},"{'July': 1, 'February': 1}"
9416,2,5,30/07/2022|04/01/2023,158.0,"{'Saturday': 1, 'Wednesday': 1}","{'July': 1, 'January': 1}"
8714,2,5,30/07/2022|31/07/2025,1097.0,"{'Saturday': 1, 'Thursday': 1}",{'July': 2}
3729,2,5,30/07/2022|17/12/2023,505.0,"{'Saturday': 1, 'Sunday': 1}","{'July': 1, 'December': 1}"
0260,2,5,30/07/2022|19/01/2025,904.0,"{'Saturday': 1, 'Sunday': 1}","{'July': 1, 'January': 1}"
4205,2,5,27/07/2022|13/08/2023,382.0,"{'Wednesday': 1, 'Sunday': 1}","{'July': 1, 'August': 1}"
6110,2,5,26/07/2022|17/02/2025,937.0,"{'Tuesday': 1, 'Monday': 1}","{'July': 1, 'February': 1}"
3594,2,5,26/07/2022|18/09/2025,1150.0,"{'Tuesday': 1, 'Thursday': 1}","{'July': 1, 'September': 1}"
4258,2,5,15/10/2022|24/07/2023,282.0,"{'Saturday': 1, 'Monday': 1}","{'October': 1, 'July': 1}"
3087,2,5,15/10/2022|23/03/2024,525.0,{'Saturday': 2},"{'October': 1, 'March': 1}"
3053,2,5,15/10/2022|30/10/2024,746.0,"{'Saturday': 1, 'Wednesday': 1}",{'October': 2}
0542,2,5,15/10/2022|12/03/2025,879.0,"{'Saturday': 1, 'Wednesday': 1}","{'October': 1, 'March': 1}"
3399,2,5,12/10/2022|19/03/2025,889.0,{'Wednesday': 2},"{'October': 1, 'March': 1}"
2281,2,5,12/10/2022|01/04/2025,902.0,"{'Wednesday': 1, 'Tuesday': 1}","{'October': 1, 'April': 1}"
8510,2,5,11/10/2022|22/01/2025,834.0,"{'Tuesday': 1, 'Wednesday': 1}","{'October': 1, 'January': 1}"
8630,2,5,02/08/2022|16/09/2025,1141.0,{'Tuesday': 2},"{'August': 1, 'September': 1}"
1960,2,5,02/08/2022|11/10/2023,435.0,"{'Tuesday': 1, 'Wednesday': 1}","{'August': 1, 'October': 1}"
1814,2,5,02/08/2022|09/10/2023,433.0,"{'Tuesday': 1, 'Monday': 1}","{'August': 1, 'October': 1}"
0172,2,5,02/08/2022|08/07/2025,1071.0,{'Tuesday': 2},"{'August': 1, 'July': 1}"
9753,2,5,01/08/2022|28/02/2024,576.0,"{'Monday': 1, 'Wednesday': 1}","{'August': 1, 'February': 1}"
7397,2,5,01/08/2022|17/09/2022,47.0,"{'Monday': 1, 'Saturday': 1}","{'August': 1, 'September': 1}"
2471,2,5,01/08/2022|23/10/2024,814.0,"{'Monday': 1, 'Wednesday': 1}","{'August': 1, 'October': 1}"
6632,2,5,31/07/2022|03/05/2023,276.0,"{'Sunday': 1, 'Wednesday': 1}","{'July': 1, 'May': 1}"
4391,2,5,31/07/2022|26/09/2023,422.0,"{'Sunday': 1, 'Tuesday': 1}","{'July': 1, 'September': 1}"
7824,2,5,09/10/2022|30/08/2023,325.0,"{'Sunday': 1, 'Wednesday': 1}","{'October': 1, 'August': 1}"
7800,2,5,09/10/2022|13/11/2023,400.0,"{'Sunday': 1, 'Monday': 1}","{'October': 1, 'November': 1}"
3666,2,5,08/10/2022|10/04/2023,184.0,"{'Saturday': 1, 'Monday': 1}","{'October': 1, 'April': 1}"
7383,2,5,14/12/2020|13/04/2025,1581.0,"{'Monday': 1, 'Sunday': 1}","{'December': 1, 'April': 1}"
5101,2,5,07/08/2022|04/02/2025,912.0,"{'Sunday': 1, 'Tuesday': 1}","{'August': 1, 'February': 1}"
1211,2,5,06/08/2022|14/09/2025,1135.0,"{'Saturday': 1, 'Sunday': 1}","{'August': 1, 'September': 1}"
0421,2,5,03/08/2022|09/10/2022,67.0,"{'Wednesday': 1, 'Sunday': 1}","{'August': 1, 'October': 1}"
0126,2,5,03/08/2022|21/08/2023,383.0,"{'Wednesday': 1, 'Monday': 1}",{'August': 2}
3957,2,5,14/12/2020|21/11/2022,707.0,{'Monday': 2},"{'December': 1, 'November': 1}"
9030,2,5,12/12/2020|20/08/2025,1712.0,"{'Saturday': 1, 'Wednesday': 1}","{'December': 1, 'August': 1}"
9027,2,5,12/12/2020|14/05/2024,1249.0,"{'Saturday': 1, 'Tuesday': 1}","{'December': 1, 'May': 1}"
6354,2,5,12/12/2020|15/12/2020,3.0,"{'Saturday': 1, 'Tuesday': 1}",{'December': 2}
0881,2,5,12/12/2020|03/08/2024,1330.0,{'Saturday': 2},"{'December': 1, 'August': 1}"
1441,2,5,08/10/2022|02/01/2023,86.0,"{'Saturday': 1, 'Monday': 1}","{'October': 1, 'January': 1}"
7508,2,5,05/10/2022|07/10/2023,367.0,"{'Wednesday': 1, 'Saturday': 1}",{'October': 2}
2702,2,5,05/10/2022|17/04/2023,194.0,"{'Wednesday': 1, 'Monday': 1}","{'October': 1, 'April': 1}"
9943,2,5,04/10/2022|16/01/2024,469.0,{'Tuesday': 2},"{'October': 1, 'January': 1}"
8013,2,5,04/10/2022|11/03/2024,524.0,"{'Tuesday': 1, 'Monday': 1}","{'October': 1, 'March': 1}"
7962,2,5,22/12/2020|05/10/2021,287.0,{'Tuesday': 2},"{'December': 1, 'October': 1}"
2533,2,5,22/12/2020|09/01/2024,1113.0,{'Tuesday': 2},"{'December': 1, 'January': 1}"
1239,2,5,22/12/2020|15/11/2023,1058.0,"{'Tuesday': 1, 'Wednesday': 1}","{'December': 1, 'November': 1}"
0547,2,5,22/12/2020|07/04/2025,1567.0,"{'Tuesday': 1, 'Monday': 1}","{'December': 1, 'April': 1}"
6342,2,5,21/12/2020|27/08/2025,1710.0,"{'Monday': 1, 'Wednesday': 1}","{'December': 1, 'August': 1}"
6004,2,5,21/12/2020|27/08/2024,1345.0,"{'Monday': 1, 'Tuesday': 1}","{'December': 1, 'August': 1}"
0608,2,5,08/08/2022|25/12/2024,870.0,"{'Monday': 1, 'Wednesday': 1}","{'August': 1, 'December': 1}"
7156,2,5,04/10/2022|31/12/2023,453.0,"{'Tuesday': 1, 'Sunday': 1}","{'October': 1, 'December': 1}"
6052,2,5,04/10/2022|11/03/2024,524.0,"{'Tuesday': 1, 'Monday': 1}","{'October': 1, 'March': 1}"
1311,2,5,04/10/2022|01/10/2023,362.0,"{'Tuesday': 1, 'Sunday': 1}",{'October': 2}
1029,2,5,04/10/2022|10/05/2023,218.0,"{'Tuesday': 1, 'Wednesday': 1}","{'October': 1, 'May': 1}"
8774,2,5,03/10/2022|26/06/2024,632.0,"{'Monday': 1, 'Wednesday': 1}","{'October': 1, 'June': 1}"
7591,2,5,03/10/2022|09/02/2025,860.0,"{'Monday': 1, 'Sunday': 1}","{'October': 1, 'February': 1}"
6547,2,5,03/10/2022|14/10/2023,376.0,"{'Monday': 1, 'Saturday': 1}",{'October': 2}
2171,2,5,03/10/2022|30/06/2025,1001.0,{'Monday': 2},"{'October': 1, 'June': 1}"
1071,2,5,01/10/2022|16/07/2023,288.0,"{'Saturday': 1, 'Sunday': 1}","{'October': 1, 'July': 1}"
8862,2,5,24/09/2022|30/04/2023,218.0,"{'Saturday': 1, 'Sunday': 1}","{'September': 1, 'April': 1}"
8694,2,5,24/09/2022|14/09/2025,1086.0,"{'Saturday': 1, 'Sunday': 1}",{'September': 2}
8796,2,5,10/08/2022|17/06/2025,1042.0,"{'Wednesday': 1, 'Tuesday': 1}","{'August': 1, 'June': 1}"
0242,2,5,10/08/2022|11/10/2022,62.0,"{'Wednesday': 1, 'Tuesday': 1}","{'August': 1, 'October': 1}"
4655,2,5,09/08/2022|16/06/2024,677.0,"{'Tuesday': 1, 'Sunday': 1}","{'August': 1, 'June': 1}"
3015,2,5,08/08/2022|01/08/2023,358.0,"{'Monday': 1, 'Tuesday': 1}",{'August': 2}
8023,2,5,22/12/2020|23/06/2024,1279.0,"{'Tuesday': 1, 'Sunday': 1}","{'December': 1, 'June': 1}"
2332,2,5,24/09/2022|10/10/2023,381.0,"{'Saturday': 1, 'Tuesday': 1}","{'September': 1, 'October': 1}"
5615,2,5,28/09/2022|21/04/2024,571.0,"{'Wednesday': 1, 'Sunday': 1}","{'September': 1, 'April': 1}"
4486,2,5,27/09/2022|31/05/2023,246.0,"{'Tuesday': 1, 'Wednesday': 1}","{'September': 1, 'May': 1}"
3372,2,5,27/09/2022|01/01/2025,827.0,"{'Tuesday': 1, 'Wednesday': 1}","{'September': 1, 'January': 1}"
2014,2,5,27/09/2022|15/01/2024,475.0,"{'Tuesday': 1, 'Monday': 1}","{'September': 1, 'January': 1}"
1095,2,5,27/09/2022|17/02/2024,508.0,"{'Tuesday': 1, 'Saturday': 1}","{'September': 1, 'February': 1}"
9291,2,5,26/09/2022|21/06/2023,268.0,"{'Monday': 1, 'Wednesday': 1}","{'September': 1, 'June': 1}"
7442,2,5,26/09/2022|18/03/2024,539.0,{'Monday': 2},"{'September': 1, 'March': 1}"
5407,2,5,26/09/2022|16/07/2024,659.0,"{'Monday': 1, 'Tuesday': 1}","{'September': 1, 'July': 1}"
2091,2,5,26/09/2022|17/09/2025,1087.0,"{'Monday': 1, 'Wednesday': 1}",{'September': 2}
9669,2,5,25/09/2022|02/08/2025,1042.0,"{'Sunday': 1, 'Saturday': 1}","{'September': 1, 'August': 1}"
4332,2,5,25/09/2022|25/06/2023,273.0,{'Sunday': 2},"{'September': 1, 'June': 1}"
2352,2,5,25/09/2022|06/12/2022,72.0,"{'Sunday': 1, 'Tuesday': 1}","{'September': 1, 'December': 1}"
0483,2,5,25/09/2022|05/07/2023,283.0,"{'Sunday': 1, 'Wednesday': 1}","{'September': 1, 'July': 1}"
7646,2,5,16/12/2020|05/12/2022,719.0,"{'Wednesday': 1, 'Monday': 1}",{'December': 2}
1533,2,5,16/08/2022|23/08/2023,372.0,"{'Tuesday': 1, 'Wednesday': 1}",{'August': 2}
5597,2,5,14/08/2022|21/01/2023,160.0,"{'Sunday': 1, 'Saturday': 1}","{'August': 1, 'January': 1}"
4249,2,5,14/08/2022|06/05/2023,265.0,"{'Sunday': 1, 'Saturday': 1}","{'August': 1, 'May': 1}"
2835,2,5,14/08/2022|13/12/2023,486.0,"{'Sunday': 1, 'Wednesday': 1}","{'August': 1, 'December': 1}"
7431,2,5,13/08/2022|18/08/2025,1101.0,"{'Saturday': 1, 'Monday': 1}",{'August': 2}
5205,2,5,13/08/2022|19/02/2025,921.0,"{'Saturday': 1, 'Wednesday': 1}","{'August': 1, 'February': 1}"
2558,2,5,13/08/2022|14/06/2023,305.0,"{'Saturday': 1, 'Wednesday': 1}","{'August': 1, 'June': 1}"
1403,2,5,16/12/2020|20/08/2024,1343.0,"{'Wednesday': 1, 'Tuesday': 1}","{'December': 1, 'August': 1}"
8113,2,5,15/12/2020|12/03/2025,1548.0,"{'Tuesday': 1, 'Wednesday': 1}","{'December': 1, 'March': 1}"
6415,2,5,15/12/2020|19/12/2023,1099.0,{'Tuesday': 2},{'December': 2}
8772,2,5,14/12/2020|15/11/2021,336.0,{'Monday': 2},"{'December': 1, 'November': 1}"
2827,2,5,21/09/2022|28/11/2022,68.0,"{'Wednesday': 1, 'Monday': 1}","{'September': 1, 'November': 1}"
8031,2,5,20/09/2022|31/01/2023,133.0,{'Tuesday': 2},"{'September': 1, 'January': 1}"
4083,2,5,21/08/2022|22/05/2024,640.0,"{'Sunday': 1, 'Wednesday': 1}","{'August': 1, 'May': 1}"
3816,2,5,21/08/2022|07/12/2022,108.0,"{'Sunday': 1, 'Wednesday': 1}","{'August': 1, 'December': 1}"
3105,2,5,21/08/2022|29/05/2023,281.0,"{'Sunday': 1, 'Monday': 1}","{'August': 1, 'May': 1}"
8690,2,5,20/08/2022|17/11/2024,820.0,"{'Saturday': 1, 'Sunday': 1}","{'August': 1, 'November': 1}"
7541,2,5,20/08/2022|16/06/2025,1031.0,"{'Saturday': 1, 'Monday': 1}","{'August': 1, 'June': 1}"
0347,2,5,20/08/2022|09/10/2023,415.0,"{'Saturday': 1, 'Monday': 1}","{'August': 1, 'October': 1}"
2708,2,5,17/08/2022|21/09/2022,35.0,{'Wednesday': 2},"{'August': 1, 'September': 1}"
0078,2,5,17/08/2022|17/08/2024,731.0,"{'Wednesday': 1, 'Saturday': 1}",{'August': 2}
9772,2,5,16/08/2022|07/09/2024,753.0,"{'Tuesday': 1, 'Saturday': 1}","{'August': 1, 'September': 1}"
6889,2,5,20/09/2022|15/04/2023,207.0,"{'Tuesday': 1, 'Saturday': 1}","{'September': 1, 'April': 1}"
5635,2,5,20/09/2022|30/11/2022,71.0,"{'Tuesday': 1, 'Wednesday': 1}","{'September': 1, 'November': 1}"
2714,2,5,20/09/2022|29/11/2022,70.0,{'Tuesday': 2},"{'September': 1, 'November': 1}"
1042,2,5,20/09/2022|06/03/2023,167.0,"{'Tuesday': 1, 'Monday': 1}","{'September': 1, 'March': 1}"
0204,2,5,20/09/2022|21/05/2023,243.0,"{'Tuesday': 1, 'Sunday': 1}","{'September': 1, 'May': 1}"
9808,2,5,19/09/2022|12/04/2023,205.0,"{'Monday': 1, 'Wednesday': 1}","{'September': 1, 'April': 1}"
6202,2,5,19/09/2022|22/02/2023,156.0,"{'Monday': 1, 'Wednesday': 1}","{'September': 1, 'February': 1}"
7754,2,5,17/09/2022|03/10/2023,381.0,"{'Saturday': 1, 'Tuesday': 1}","{'September': 1, 'October': 1}"
5734,2,5,19/12/2020|13/12/2021,359.0,"{'Saturday': 1, 'Monday': 1}",{'December': 2}
2496,2,5,19/12/2020|08/06/2022,536.0,"{'Saturday': 1, 'Wednesday': 1}","{'December': 1, 'June': 1}"
0997,2,5,19/12/2020|11/09/2021,266.0,{'Saturday': 2},"{'December': 1, 'September': 1}"
0865,2,5,19/12/2020|12/11/2024,1424.0,"{'Saturday': 1, 'Tuesday': 1}","{'December': 1, 'November': 1}"
5816,2,5,22/08/2022|22/03/2023,212.0,"{'Monday': 1, 'Wednesday': 1}","{'August': 1, 'March': 1}"
4810,2,5,22/08/2022|29/10/2022,68.0,"{'Monday': 1, 'Saturday': 1}","{'August': 1, 'October': 1}"
2638,2,5,22/08/2022|21/07/2025,1064.0,{'Monday': 2},"{'August': 1, 'July': 1}"
0738,2,5,22/08/2022|13/06/2025,1026.0,"{'Monday': 1, 'Friday': 1}","{'August': 1, 'June': 1}"
7176,2,5,14/09/2022|26/08/2024,712.0,"{'Wednesday': 1, 'Monday': 1}","{'September': 1, 'August': 1}"
9878,2,5,13/09/2022|12/12/2023,455.0,{'Tuesday': 2},"{'September': 1, 'December': 1}"
6103,2,5,13/09/2022|13/05/2023,242.0,"{'Tuesday': 1, 'Saturday': 1}","{'September': 1, 'May': 1}"
5043,2,5,13/09/2022|07/05/2023,236.0,"{'Tuesday': 1, 'Sunday': 1}","{'September': 1, 'May': 1}"
9171,2,5,12/09/2022|04/02/2025,876.0,"{'Monday': 1, 'Tuesday': 1}","{'September': 1, 'February': 1}"
5393,2,5,12/09/2022|01/02/2025,873.0,"{'Monday': 1, 'Saturday': 1}","{'September': 1, 'February': 1}"
1926,2,5,27/08/2022|21/07/2024,694.0,"{'Saturday': 1, 'Sunday': 1}","{'August': 1, 'July': 1}"
8163,2,5,24/08/2022|26/12/2022,124.0,"{'Wednesday': 1, 'Monday': 1}","{'August': 1, 'December': 1}"
0589,2,5,24/08/2022|16/04/2023,235.0,"{'Wednesday': 1, 'Sunday': 1}","{'August': 1, 'April': 1}"
6246,2,5,23/08/2022|10/09/2022,18.0,"{'Tuesday': 1, 'Saturday': 1}","{'August': 1, 'September': 1}"
2152,2,5,23/08/2022|26/12/2023,490.0,{'Tuesday': 2},"{'August': 1, 'December': 1}"
3608,2,5,21/12/2020|20/02/2021,61.0,"{'Monday': 1, 'Saturday': 1}","{'December': 1, 'February': 1}"
0236,2,5,21/12/2020|02/01/2023,742.0,{'Monday': 2},"{'December': 1, 'January': 1}"
2260,2,5,12/09/2022|04/02/2024,510.0,"{'Monday': 1, 'Sunday': 1}","{'September': 1, 'February': 1}"
9973,2,5,11/09/2022|01/04/2025,933.0,"{'Sunday': 1, 'Tuesday': 1}","{'September': 1, 'April': 1}"
8962,2,5,11/09/2022|02/07/2025,1025.0,"{'Sunday': 1, 'Wednesday': 1}","{'September': 1, 'July': 1}"
8599,2,5,11/09/2022|16/04/2025,948.0,"{'Sunday': 1, 'Wednesday': 1}","{'September': 1, 'April': 1}"
4979,2,5,11/09/2022|29/10/2024,779.0,"{'Sunday': 1, 'Tuesday': 1}","{'September': 1, 'October': 1}"
4719,2,5,11/09/2022|28/02/2024,535.0,"{'Sunday': 1, 'Wednesday': 1}","{'September': 1, 'February': 1}"
4170,2,5,11/09/2022|27/08/2023,350.0,{'Sunday': 2},"{'September': 1, 'August': 1}"
2811,2,5,11/09/2022|04/03/2024,540.0,"{'Sunday': 1, 'Monday': 1}","{'September': 1, 'March': 1}"
2180,2,5,11/09/2022|01/11/2022,51.0,"{'Sunday': 1, 'Tuesday': 1}","{'September': 1, 'November': 1}"
1463,2,5,11/09/2022|09/06/2024,637.0,{'Sunday': 2},"{'September': 1, 'June': 1}"
7755,2,5,10/09/2022|25/12/2024,837.0,"{'Saturday': 1, 'Wednesday': 1}","{'September': 1, 'December': 1}"
5666,2,5,10/09/2022|28/12/2024,840.0,{'Saturday': 2},"{'September': 1, 'December': 1}"
9101,2,5,29/08/2022|16/12/2023,474.0,"{'Monday': 1, 'Saturday': 1}","{'August': 1, 'December': 1}"
8133,2,5,29/08/2022|03/07/2024,674.0,"{'Monday': 1, 'Wednesday': 1}","{'August': 1, 'July': 1}"
2383,2,5,29/08/2022|06/12/2023,464.0,"{'Monday': 1, 'Wednesday': 1}","{'August': 1, 'December': 1}"
8856,2,5,28/08/2022|11/04/2023,226.0,"{'Sunday': 1, 'Tuesday': 1}","{'August': 1, 'April': 1}"
7729,2,5,28/08/2022|07/03/2023,191.0,"{'Sunday': 1, 'Tuesday': 1}","{'August': 1, 'March': 1}"
0552,2,5,10/09/2022|11/07/2025,1035.0,"{'Saturday': 1, 'Friday': 1}","{'September': 1, 'July': 1}"
8022,2,5,05/09/2022|07/11/2022,63.0,{'Monday': 2},"{'September': 1, 'November': 1}"
2163,2,5,05/09/2022|26/08/2024,721.0,{'Monday': 2},"{'September': 1, 'August': 1}"
1457,2,5,05/09/2022|29/04/2024,602.0,{'Monday': 2},"{'September': 1, 'April': 1}"
1436,2,5,05/09/2022|27/06/2025,1026.0,"{'Monday': 1, 'Friday': 1}","{'September': 1, 'June': 1}"
8117,2,5,04/09/2022|03/08/2025,1064.0,{'Sunday': 2},"{'September': 1, 'August': 1}"
5754,2,5,04/09/2022|18/12/2023,470.0,"{'Sunday': 1, 'Monday': 1}","{'September': 1, 'December': 1}"
7590,2,5,03/09/2022|31/03/2025,940.0,"{'Saturday': 1, 'Monday': 1}","{'September': 1, 'March': 1}"
5131,2,5,31/08/2022|11/12/2022,102.0,"{'Wednesday': 1, 'Sunday': 1}","{'August': 1, 'December': 1}"
0807,2,5,31/08/2022|22/01/2023,144.0,"{'Wednesday': 1, 'Sunday': 1}","{'August': 1, 'January': 1}"
4542,2,5,30/08/2022|29/05/2023,272.0,"{'Tuesday': 1, 'Monday': 1}","{'August': 1, 'May': 1}"
3871,2,5,30/08/2022|20/03/2024,568.0,"{'Tuesday': 1, 'Wednesday': 1}","{'August': 1, 'March': 1}"
3868,2,5,30/08/2022|20/03/2024,568.0,"{'Tuesday': 1, 'Wednesday': 1}","{'August': 1, 'March': 1}"
9915,2,5,29/08/2022|23/12/2024,847.0,{'Monday': 2},"{'August': 1, 'December': 1}"
4080,2,5,18/07/2020|01/03/2023,956.0,"{'Saturday': 1, 'Wednesday': 1}","{'July': 1, 'March': 1}"
1809,2,5,18/07/2020|12/10/2021,451.0,"{'Saturday': 1, 'Tuesday': 1}","{'July': 1, 'October': 1}"
8379,2,5,11/07/2020|19/08/2024,1500.0,"{'Saturday': 1, 'Monday': 1}","{'July': 1, 'August': 1}"
3322,2,5,11/07/2020|06/09/2023,1152.0,"{'Saturday': 1, 'Wednesday': 1}","{'July': 1, 'September': 1}"
2594,2,5,11/07/2020|19/06/2022,708.0,"{'Saturday': 1, 'Sunday': 1}","{'July': 1, 'June': 1}"
1787,2,5,11/07/2020|02/06/2024,1422.0,"{'Saturday': 1, 'Sunday': 1}","{'July': 1, 'June': 1}"
4781,1,6,24/09/2025,,{'Wednesday': 1},{'September': 1}
5616,1,6,11/07/2020,,{'Saturday': 1},{'July': 1}
1623,1,6,18/07/2020,,{'Saturday': 1},{'July': 1}
1769,1,6,18/07/2020,,{'Saturday': 1},{'July': 1}
3131,1,6,18/07/2020,,{'Saturday': 1},{'July': 1}
2141,1,6,07/09/2025,,{'Sunday': 1},{'September': 1}
7025,1,6,08/09/2025,,{'Monday': 1},{'September': 1}
8993,1,6,08/09/2025,,{'Monday': 1},{'September': 1}
8563,1,6,09/09/2025,,{'Tuesday': 1},{'September': 1}
9950,1,6,10/09/2025,,{'Wednesday': 1},{'September': 1}
6922,1,6,11/09/2025,,{'Thursday': 1},{'September': 1}
9646,1,6,29/08/2025,,{'Friday': 1},{'August': 1}
3517,1,6,30/08/2025,,{'Saturday': 1},{'August': 1}
3787,1,6,30/08/2025,,{'Saturday': 1},{'August': 1}
9634,1,6,27/08/2025,,{'Wednesday': 1},{'August': 1}
0913,1,6,27/08/2025,,{'Wednesday': 1},{'August': 1}
6194,1,6,26/08/2025,,{'Tuesday': 1},{'August': 1}
4388,1,6,25/08/2025,,{'Monday': 1},{'August': 1}
0414,1,6,25/08/2025,,{'Monday': 1},{'August': 1}
4200,1,6,24/08/2025,,{'Sunday': 1},{'August': 1}
5494,1,6,23/08/2025,,{'Saturday': 1},{'August': 1}
0136,1,6,23/08/2025,,{'Saturday': 1},{'August': 1}
0764,1,6,22/08/2025,,{'Friday': 1},{'August': 1}
5076,1,6,21/08/2025,,{'Thursday': 1},{'August': 1}
0822,1,6,21/08/2025,,{'Thursday': 1},{'August': 1}
5153,1,6,20/08/2025,,{'Wednesday': 1},{'August': 1}
5535,1,6,30/03/2021,,{'Tuesday': 1},{'March': 1}
2407,1,6,30/03/2021,,{'Tuesday': 1},{'March': 1}
1847,1,6,30/03/2021,,{'Tuesday': 1},{'March': 1}
0953,1,6,30/03/2021,,{'Tuesday': 1},{'March': 1}
8548,1,6,05/09/2022,,{'Monday': 1},{'September': 1}
6347,1,6,05/09/2022,,{'Monday': 1},{'September': 1}
5681,1,6,05/09/2022,,{'Monday': 1},{'September': 1}
5169,1,6,05/09/2022,,{'Monday': 1},{'September': 1}
4583,1,6,05/09/2022,,{'Monday': 1},{'September': 1}
1334,1,6,05/09/2022,,{'Monday': 1},{'September': 1}
9534,1,6,04/09/2022,,{'Sunday': 1},{'September': 1}
7746,1,6,04/09/2022,,{'Sunday': 1},{'September': 1}
7675,1,6,04/09/2022,,{'Sunday': 1},{'September': 1}
3741,1,6,04/09/2022,,{'Sunday': 1},{'September': 1}
9184,1,6,03/09/2022,,{'Saturday': 1},{'September': 1}
7982,1,6,03/09/2022,,{'Saturday': 1},{'September': 1}
6947,1,6,03/09/2022,,{'Saturday': 1},{'September': 1}
5678,1,6,03/09/2022,,{'Saturday': 1},{'September': 1}
1796,1,6,03/09/2022,,{'Saturday': 1},{'September': 1}
0574,1,6,03/09/2022,,{'Saturday': 1},{'September': 1}
8445,1,6,27/08/2022,,{'Saturday': 1},{'August': 1}
6995,1,6,27/08/2022,,{'Saturday': 1},{'August': 1}
1683,1,6,10/09/2022,,{'Saturday': 1},{'September': 1}
1454,1,6,10/09/2022,,{'Saturday': 1},{'September': 1}
0901,1,6,10/09/2022,,{'Saturday': 1},{'September': 1}
7531,1,6,07/09/2022,,{'Wednesday': 1},{'September': 1}
7246,1,6,07/09/2022,,{'Wednesday': 1},{'September': 1}
7160,1,6,07/09/2022,,{'Wednesday': 1},{'September': 1}
6483,1,6,07/09/2022,,{'Wednesday': 1},{'September': 1}
3578,1,6,07/09/2022,,{'Wednesday': 1},{'September': 1}
1986,1,6,07/09/2022,,{'Wednesday': 1},{'September': 1}
8109,1,6,06/09/2022,,{'Tuesday': 1},{'September': 1}
5322,1,6,06/09/2022,,{'Tuesday': 1},{'September': 1}
4253,1,6,06/09/2022,,{'Tuesday': 1},{'September': 1}
3355,1,6,06/09/2022,,{'Tuesday': 1},{'September': 1}
2230,1,6,06/09/2022,,{'Tuesday': 1},{'September': 1}
6935,1,6,23/08/2022,,{'Tuesday': 1},{'August': 1}
4442,1,6,23/08/2022,,{'Tuesday': 1},{'August': 1}
1846,1,6,23/08/2022,,{'Tuesday': 1},{'August': 1}
4040,1,6,11/09/2022,,{'Sunday': 1},{'September': 1}
3439,1,6,11/09/2022,,{'Sunday': 1},{'September': 1}
9589,1,6,10/09/2022,,{'Saturday': 1},{'September': 1}
3473,1,6,10/09/2022,,{'Saturday': 1},{'September': 1}
3160,1,6,29/08/2022,,{'Monday': 1},{'August': 1}
2814,1,6,29/08/2022,,{'Monday': 1},{'August': 1}
1728,1,6,29/08/2022,,{'Monday': 1},{'August': 1}
8525,1,6,28/08/2022,,{'Sunday': 1},{'August': 1}
8107,1,6,28/08/2022,,{'Sunday': 1},{'August': 1}
7578,1,6,28/08/2022,,{'Sunday': 1},{'August': 1}
0163,1,6,28/08/2022,,{'Sunday': 1},{'August': 1}
9972,1,6,27/08/2022,,{'Saturday': 1},{'August': 1}
9688,1,6,27/08/2022,,{'Saturday': 1},{'August': 1}
2635,1,6,17/09/2022,,{'Saturday': 1},{'September': 1}
9538,1,6,14/09/2022,,{'Wednesday': 1},{'September': 1}
7614,1,6,14/09/2022,,{'Wednesday': 1},{'September': 1}
7296,1,6,14/09/2022,,{'Wednesday': 1},{'September': 1}
9509,1,6,13/09/2022,,{'Tuesday': 1},{'September': 1}
7804,1,6,13/09/2022,,{'Tuesday': 1},{'September': 1}
5029,1,6,13/09/2022,,{'Tuesday': 1},{'September': 1}
4110,1,6,13/09/2022,,{'Tuesday': 1},{'September': 1}
6064,1,6,12/09/2022,,{'Monday': 1},{'September': 1}
4873,1,6,12/09/2022,,{'Monday': 1},{'September': 1}
6759,1,6,27/08/2022,,{'Saturday': 1},{'August': 1}
5690,1,6,27/08/2022,,{'Saturday': 1},{'August': 1}
3903,1,6,27/08/2022,,{'Saturday': 1},{'August': 1}
2086,1,6,24/08/2022,,{'Wednesday': 1},{'August': 1}
1768,1,6,24/08/2022,,{'Wednesday': 1},{'August': 1}
7803,1,6,23/08/2022,,{'Tuesday': 1},{'August': 1}
6567,1,6,20/09/2022,,{'Tuesday': 1},{'September': 1}
3585,1,6,19/09/2022,,{'Monday': 1},{'September': 1}
2157,1,6,19/09/2022,,{'Monday': 1},{'September': 1}
1013,1,6,19/09/2022,,{'Monday': 1},{'September': 1}
8960,1,6,17/09/2022,,{'Saturday': 1},{'September': 1}
8779,1,6,17/09/2022,,{'Saturday': 1},{'September': 1}
5820,1,6,17/09/2022,,{'Saturday': 1},{'September': 1}
3631,1,6,17/09/2022,,{'Saturday': 1},{'September': 1}
6953,1,6,19/12/2020,,{'Saturday': 1},{'December': 1}
5481,1,6,19/12/2020,,{'Saturday': 1},{'December': 1}
8325,1,6,16/12/2020,,{'Wednesday': 1},{'December': 1}
5790,1,6,22/08/2022,,{'Monday': 1},{'August': 1}
3303,1,6,22/08/2022,,{'Monday': 1},{'August': 1}
1899,1,6,22/08/2022,,{'Monday': 1},{'August': 1}
7670,1,6,21/08/2022,,{'Sunday': 1},{'August': 1}
6280,1,6,21/08/2022,,{'Sunday': 1},{'August': 1}
3138,1,6,16/12/2020,,{'Wednesday': 1},{'December': 1}
5658,1,6,15/12/2020,,{'Tuesday': 1},{'December': 1}
2602,1,6,15/12/2020,,{'Tuesday': 1},{'December': 1}
0990,1,6,15/12/2020,,{'Tuesday': 1},{'December': 1}
0305,1,6,15/12/2020,,{'Tuesday': 1},{'December': 1}
0094,1,6,15/12/2020,,{'Tuesday': 1},{'December': 1}
9018,1,6,14/12/2020,,{'Monday': 1},{'December': 1}
6452,1,6,21/09/2022,,{'Wednesday': 1},{'September': 1}
3812,1,6,21/09/2022,,{'Wednesday': 1},{'September': 1}
0169,1,6,20/08/2022,,{'Saturday': 1},{'August': 1}
1941,1,6,17/08/2022,,{'Wednesday': 1},{'August': 1}
6859,1,6,16/08/2022,,{'Tuesday': 1},{'August': 1}
5870,1,6,16/08/2022,,{'Tuesday': 1},{'August': 1}
5370,1,6,16/08/2022,,{'Tuesday': 1},{'August': 1}
3811,1,6,16/08/2022,,{'Tuesday': 1},{'August': 1}
3630,1,6,16/08/2022,,{'Tuesday': 1},{'August': 1}
4870,1,6,26/09/2022,,{'Monday': 1},{'September': 1}
4001,1,6,26/09/2022,,{'Monday': 1},{'September': 1}
4693,1,6,25/09/2022,,{'Sunday': 1},{'September': 1}
3796,1,6,25/09/2022,,{'Sunday': 1},{'September': 1}
1385,1,6,25/09/2022,,{'Sunday': 1},{'September': 1}
4075,1,6,16/12/2020,,{'Wednesday': 1},{'December': 1}
0553,1,6,16/08/2022,,{'Tuesday': 1},{'August': 1}
9758,1,6,14/08/2022,,{'Sunday': 1},{'August': 1}
6672,1,6,14/08/2022,,{'Sunday': 1},{'August': 1}
4194,1,6,14/08/2022,,{'Sunday': 1},{'August': 1}
3701,1,6,14/08/2022,,{'Sunday': 1},{'August': 1}
1448,1,6,14/08/2022,,{'Sunday': 1},{'August': 1}
9299,1,6,13/08/2022,,{'Saturday': 1},{'August': 1}
8104,1,6,13/08/2022,,{'Saturday': 1},{'August': 1}
5682,1,6,13/08/2022,,{'Saturday': 1},{'August': 1}
3488,1,6,16/12/2020,,{'Wednesday': 1},{'December': 1}
6784,1,6,08/08/2022,,{'Monday': 1},{'August': 1}
5822,1,6,08/08/2022,,{'Monday': 1},{'August': 1}
4665,1,6,08/08/2022,,{'Monday': 1},{'August': 1}
3672,1,6,08/08/2022,,{'Monday': 1},{'August': 1}
9471,1,6,22/12/2020,,{'Tuesday': 1},{'December': 1}
7138,1,6,24/09/2022,,{'Saturday': 1},{'September': 1}
6228,1,6,24/09/2022,,{'Saturday': 1},{'September': 1}
4145,1,6,24/09/2022,,{'Saturday': 1},{'September': 1}
8941,1,6,28/09/2022,,{'Wednesday': 1},{'September': 1}
1736,1,6,28/09/2022,,{'Wednesday': 1},{'September': 1}
7339,1,6,27/09/2022,,{'Tuesday': 1},{'September': 1}
6671,1,6,27/09/2022,,{'Tuesday': 1},{'September': 1}
2613,1,6,27/09/2022,,{'Tuesday': 1},{'September': 1}
0528,1,6,27/09/2022,,{'Tuesday': 1},{'September': 1}
7109,1,6,26/09/2022,,{'Monday': 1},{'September': 1}
5476,1,6,26/09/2022,,{'Monday': 1},{'September': 1}
2831,1,6,08/08/2022,,{'Monday': 1},{'August': 1}
9493,1,6,07/08/2022,,{'Sunday': 1},{'August': 1}
9453,1,6,07/08/2022,,{'Sunday': 1},{'August': 1}
9261,1,6,07/08/2022,,{'Sunday': 1},{'August': 1}
7782,1,6,07/08/2022,,{'Sunday': 1},{'August': 1}
9897,1,6,03/10/2022,,{'Monday': 1},{'October': 1}
6467,1,6,03/10/2022,,{'Monday': 1},{'October': 1}
9661,1,6,01/10/2022,,{'Saturday': 1},{'October': 1}
9415,1,6,01/10/2022,,{'Saturday': 1},{'October': 1}
8592,1,6,01/10/2022,,{'Saturday': 1},{'October': 1}
2423,1,6,13/08/2022,,{'Saturday': 1},{'August': 1}
1802,1,6,13/08/2022,,{'Saturday': 1},{'August': 1}
1128,1,6,10/08/2022,,{'Wednesday': 1},{'August': 1}
8789,1,6,09/08/2022,,{'Tuesday': 1},{'August': 1}
6521,1,6,09/08/2022,,{'Tuesday': 1},{'August': 1}
3201,1,6,09/08/2022,,{'Tuesday': 1},{'August': 1}
7634,1,6,06/08/2022,,{'Saturday': 1},{'August': 1}
2272,1,6,06/08/2022,,{'Saturday': 1},{'August': 1}
2114,1,6,06/08/2022,,{'Saturday': 1},{'August': 1}
6456,1,6,03/08/2022,,{'Wednesday': 1},{'August': 1}
4142,1,6,03/08/2022,,{'Wednesday': 1},{'August': 1}
3499,1,6,03/08/2022,,{'Wednesday': 1},{'August': 1}
5486,1,6,14/12/2020,,{'Monday': 1},{'December': 1}
4762,1,6,14/12/2020,,{'Monday': 1},{'December': 1}
7872,1,6,12/12/2020,,{'Saturday': 1},{'December': 1}
0780,1,6,12/12/2020,,{'Saturday': 1},{'December': 1}
7198,1,6,05/10/2022,,{'Wednesday': 1},{'October': 1}
7040,1,6,05/10/2022,,{'Wednesday': 1},{'October': 1}
6484,1,6,22/12/2020,,{'Tuesday': 1},{'December': 1}
6022,1,6,22/12/2020,,{'Tuesday': 1},{'December': 1}
4770,1,6,21/12/2020,,{'Monday': 1},{'December': 1}
4176,1,6,21/12/2020,,{'Monday': 1},{'December': 1}
1015,1,6,10/10/2022,,{'Monday': 1},{'October': 1}
0800,1,6,10/10/2022,,{'Monday': 1},{'October': 1}
6897,1,6,09/10/2022,,{'Sunday': 1},{'October': 1}
6749,1,6,09/10/2022,,{'Sunday': 1},{'October': 1}
6038,1,6,09/10/2022,,{'Sunday': 1},{'October': 1}
8857,1,6,08/10/2022,,{'Saturday': 1},{'October': 1}
7369,1,6,08/10/2022,,{'Saturday': 1},{'October': 1}
5282,1,6,08/10/2022,,{'Saturday': 1},{'October': 1}
6486,1,6,14/12/2020,,{'Monday': 1},{'December': 1}
5884,1,6,14/12/2020,,{'Monday': 1},{'December': 1}
6621,1,6,07/08/2022,,{'Sunday': 1},{'August': 1}
2119,1,6,07/08/2022,,{'Sunday': 1},{'August': 1}
1858,1,6,07/08/2022,,{'Sunday': 1},{'August': 1}
1747,1,6,07/08/2022,,{'Sunday': 1},{'August': 1}
0322,1,6,07/08/2022,,{'Sunday': 1},{'August': 1}
9110,1,6,06/08/2022,,{'Saturday': 1},{'August': 1}
9659,1,6,11/10/2022,,{'Tuesday': 1},{'October': 1}
9374,1,6,11/10/2022,,{'Tuesday': 1},{'October': 1}
8189,1,6,11/10/2022,,{'Tuesday': 1},{'October': 1}
1751,1,6,11/10/2022,,{'Tuesday': 1},{'October': 1}
1255,1,6,11/10/2022,,{'Tuesday': 1},{'October': 1}
0748,1,6,11/10/2022,,{'Tuesday': 1},{'October': 1}
7547,1,6,10/10/2022,,{'Monday': 1},{'October': 1}
9205,1,6,02/08/2022,,{'Tuesday': 1},{'August': 1}
6941,1,6,01/08/2022,,{'Monday': 1},{'August': 1}
6781,1,6,01/08/2022,,{'Monday': 1},{'August': 1}
6496,1,6,01/08/2022,,{'Monday': 1},{'August': 1}
2151,1,6,01/08/2022,,{'Monday': 1},{'August': 1}
4919,1,6,31/07/2022,,{'Sunday': 1},{'July': 1}
4248,1,6,31/07/2022,,{'Sunday': 1},{'July': 1}
4458,1,6,10/10/2022,,{'Monday': 1},{'October': 1}
3627,1,6,10/10/2022,,{'Monday': 1},{'October': 1}
6392,1,6,16/10/2022,,{'Sunday': 1},{'October': 1}
6301,1,6,16/10/2022,,{'Sunday': 1},{'October': 1}
5714,1,6,16/10/2022,,{'Sunday': 1},{'October': 1}
3568,1,6,16/10/2022,,{'Sunday': 1},{'October': 1}
1345,1,6,16/10/2022,,{'Sunday': 1},{'October': 1}
7942,1,6,15/10/2022,,{'Saturday': 1},{'October': 1}
4241,1,6,31/07/2022,,{'Sunday': 1},{'July': 1}
3148,1,6,31/07/2022,,{'Sunday': 1},{'July': 1}
0843,1,6,31/07/2022,,{'Sunday': 1},{'July': 1}
9732,1,6,30/07/2022,,{'Saturday': 1},{'July': 1}
2307,1,6,30/07/2022,,{'Saturday': 1},{'July': 1}
6396,1,6,27/07/2022,,{'Wednesday': 1},{'July': 1}
4723,1,6,27/07/2022,,{'Wednesday': 1},{'July': 1}
6454,1,6,26/07/2022,,{'Tuesday': 1},{'July': 1}
7718,1,6,12/10/2022,,{'Wednesday': 1},{'October': 1}
6722,1,6,12/10/2022,,{'Wednesday': 1},{'October': 1}
3702,1,6,24/07/2022,,{'Sunday': 1},{'July': 1}
2569,1,6,24/07/2022,,{'Sunday': 1},{'July': 1}
5182,1,6,23/07/2022,,{'Saturday': 1},{'July': 1}
0573,1,6,22/10/2022,,{'Saturday': 1},{'October': 1}
3448,1,6,19/10/2022,,{'Wednesday': 1},{'October': 1}
2365,1,6,19/10/2022,,{'Wednesday': 1},{'October': 1}
0610,1,6,19/10/2022,,{'Wednesday': 1},{'October': 1}
7691,1,6,18/10/2022,,{'Tuesday': 1},{'October': 1}
4969,1,6,18/10/2022,,{'Tuesday': 1},{'October': 1}
4275,1,6,18/10/2022,,{'Tuesday': 1},{'October': 1}
3442,1,6,18/10/2022,,{'Tuesday': 1},{'October': 1}
2298,1,6,18/10/2022,,{'Tuesday': 1},{'October': 1}
9029,1,6,17/10/2022,,{'Monday': 1},{'October': 1}
5733,1,6,17/10/2022,,{'Monday': 1},{'October': 1}
0730,1,6,17/10/2022,,{'Monday': 1},{'October': 1}
6669,1,6,16/10/2022,,{'Sunday': 1},{'October': 1}
4152,1,6,24/10/2022,,{'Monday': 1},{'October': 1}
3484,1,6,24/10/2022,,{'Monday': 1},{'October': 1}
1730,1,6,24/10/2022,,{'Monday': 1},{'October': 1}
8047,1,6,23/10/2022,,{'Sunday': 1},{'October': 1}
5654,1,6,23/10/2022,,{'Sunday': 1},{'October': 1}
6302,1,6,22/10/2022,,{'Saturday': 1},{'October': 1}
5206,1,6,22/10/2022,,{'Saturday': 1},{'October': 1}
2780,1,6,22/10/2022,,{'Saturday': 1},{'October': 1}
3464,1,6,26/07/2022,,{'Tuesday': 1},{'July': 1}
1675,1,6,26/07/2022,,{'Tuesday': 1},{'July': 1}
8215,1,6,25/07/2022,,{'Monday': 1},{'July': 1}
8041,1,6,25/07/2022,,{'Monday': 1},{'July': 1}
7368,1,6,25/07/2022,,{'Monday': 1},{'July': 1}
3829,1,6,25/07/2022,,{'Monday': 1},{'July': 1}
9398,1,6,24/07/2022,,{'Sunday': 1},{'July': 1}
5371,1,6,24/07/2022,,{'Sunday': 1},{'July': 1}
2301,1,6,20/07/2022,,{'Wednesday': 1},{'July': 1}
8015,1,6,19/07/2022,,{'Tuesday': 1},{'July': 1}
6983,1,6,19/07/2022,,{'Tuesday': 1},{'July': 1}
0676,1,6,28/12/2020,,{'Monday': 1},{'December': 1}
8699,1,6,26/12/2020,,{'Saturday': 1},{'December': 1}
8930,1,6,08/12/2020,,{'Tuesday': 1},{'December': 1}
8761,1,6,08/12/2020,,{'Tuesday': 1},{'December': 1}
8614,1,6,08/12/2020,,{'Tuesday': 1},{'December': 1}
5425,1,6,08/12/2020,,{'Tuesday': 1},{'December': 1}
3127,1,6,08/12/2020,,{'Tuesday': 1},{'December': 1}
2380,1,6,08/12/2020,,{'Tuesday': 1},{'December': 1}
0367,1,6,08/12/2020,,{'Tuesday': 1},{'December': 1}
9340,1,6,09/12/2020,,{'Wednesday': 1},{'December': 1}
8621,1,6,25/10/2022,,{'Tuesday': 1},{'October': 1}
2695,1,6,25/10/2022,,{'Tuesday': 1},{'October': 1}
7360,1,6,24/10/2022,,{'Monday': 1},{'October': 1}
6002,1,6,29/10/2022,,{'Saturday': 1},{'October': 1}
5200,1,6,29/10/2022,,{'Saturday': 1},{'October': 1}
3854,1,6,29/10/2022,,{'Saturday': 1},{'October': 1}
3670,1,6,29/10/2022,,{'Saturday': 1},{'October': 1}
1619,1,6,29/10/2022,,{'Saturday': 1},{'October': 1}
9390,1,6,25/10/2022,,{'Tuesday': 1},{'October': 1}
1895,1,6,23/12/2020,,{'Wednesday': 1},{'December': 1}
1778,1,6,23/12/2020,,{'Wednesday': 1},{'December': 1}
2317,1,6,19/07/2022,,{'Tuesday': 1},{'July': 1}
4712,1,6,23/07/2022,,{'Saturday': 1},{'July': 1}
1270,1,6,23/07/2022,,{'Saturday': 1},{'July': 1}
0198,1,6,23/07/2022,,{'Saturday': 1},{'July': 1}
7102,1,6,20/07/2022,,{'Wednesday': 1},{'July': 1}
6542,1,6,20/07/2022,,{'Wednesday': 1},{'July': 1}
5937,1,6,20/07/2022,,{'Wednesday': 1},{'July': 1}
2513,1,6,20/07/2022,,{'Wednesday': 1},{'July': 1}
6338,1,6,17/07/2022,,{'Sunday': 1},{'July': 1}
5452,1,6,17/07/2022,,{'Sunday': 1},{'July': 1}
1085,1,6,17/07/2022,,{'Sunday': 1},{'July': 1}
9816,1,6,16/07/2022,,{'Saturday': 1},{'July': 1}
9132,1,6,16/07/2022,,{'Saturday': 1},{'July': 1}
5467,1,6,01/11/2022,,{'Tuesday': 1},{'November': 1}
4626,1,6,01/11/2022,,{'Tuesday': 1},{'November': 1}
4106,1,6,01/11/2022,,{'Tuesday': 1},{'November': 1}
9657,1,6,31/10/2022,,{'Monday': 1},{'October': 1}
7993,1,6,31/10/2022,,{'Monday': 1},{'October': 1}
7136,1,6,31/10/2022,,{'Monday': 1},{'October': 1}
6367,1,6,31/10/2022,,{'Monday': 1},{'October': 1}
2181,1,6,31/10/2022,,{'Monday': 1},{'October': 1}
0144,1,6,31/10/2022,,{'Monday': 1},{'October': 1}
0354,1,6,30/10/2022,,{'Sunday': 1},{'October': 1}
7532,1,6,29/10/2022,,{'Saturday': 1},{'October': 1}
0648,1,6,07/12/2020,,{'Monday': 1},{'December': 1}
0141,1,6,07/12/2020,,{'Monday': 1},{'December': 1}
5257,1,6,05/12/2020,,{'Saturday': 1},{'December': 1}
4155,1,6,05/11/2022,,{'Saturday': 1},{'November': 1}
3880,1,6,05/11/2022,,{'Saturday': 1},{'November': 1}
2754,1,6,05/11/2022,,{'Saturday': 1},{'November': 1}
6028,1,6,02/11/2022,,{'Wednesday': 1},{'November': 1}
5323,1,6,02/11/2022,,{'Wednesday': 1},{'November': 1}
8290,1,6,01/11/2022,,{'Tuesday': 1},{'November': 1}
7048,1,6,18/07/2022,,{'Monday': 1},{'July': 1}
6677,1,6,18/07/2022,,{'Monday': 1},{'July': 1}
4620,1,6,18/07/2022,,{'Monday': 1},{'July': 1}
3101,1,6,18/07/2022,,{'Monday': 1},{'July': 1}
9908,1,6,17/07/2022,,{'Sunday': 1},{'July': 1}
7239,1,6,17/07/2022,,{'Sunday': 1},{'July': 1}
6611,1,6,17/07/2022,,{'Sunday': 1},{'July': 1}
6506,1,6,13/07/2022,,{'Wednesday': 1},{'July': 1}
1271,1,6,13/07/2022,,{'Wednesday': 1},{'July': 1}
0727,1,6,13/07/2022,,{'Wednesday': 1},{'July': 1}
9620,1,6,12/07/2022,,{'Tuesday': 1},{'July': 1}
2451,1,6,12/07/2022,,{'Tuesday': 1},{'July': 1}
8792,1,6,06/11/2022,,{'Sunday': 1},{'November': 1}
3720,1,6,06/11/2022,,{'Sunday': 1},{'November': 1}
1144,1,6,06/11/2022,,{'Sunday': 1},{'November': 1}
0708,1,6,06/11/2022,,{'Sunday': 1},{'November': 1}
0396,1,6,06/11/2022,,{'Sunday': 1},{'November': 1}
9735,1,6,05/11/2022,,{'Saturday': 1},{'November': 1}
6679,1,6,05/11/2022,,{'Saturday': 1},{'November': 1}
1998,1,6,09/12/2020,,{'Wednesday': 1},{'December': 1}
1021,1,6,09/12/2020,,{'Wednesday': 1},{'December': 1}
9242,1,6,07/12/2020,,{'Monday': 1},{'December': 1}
4495,1,6,07/12/2020,,{'Monday': 1},{'December': 1}
4748,1,6,09/07/2022,,{'Saturday': 1},{'July': 1}
2330,1,6,12/11/2022,,{'Saturday': 1},{'November': 1}
2309,1,6,12/11/2022,,{'Saturday': 1},{'November': 1}
8140,1,6,09/11/2022,,{'Wednesday': 1},{'November': 1}
7129,1,6,09/11/2022,,{'Wednesday': 1},{'November': 1}
1947,1,6,09/11/2022,,{'Wednesday': 1},{'November': 1}
1553,1,6,08/11/2022,,{'Tuesday': 1},{'November': 1}
1440,1,6,08/11/2022,,{'Tuesday': 1},{'November': 1}
0935,1,6,08/11/2022,,{'Tuesday': 1},{'November': 1}
0741,1,6,08/11/2022,,{'Tuesday': 1},{'November': 1}
0721,1,6,08/11/2022,,{'Tuesday': 1},{'November': 1}
7092,1,6,16/07/2022,,{'Saturday': 1},{'July': 1}
6790,1,6,16/07/2022,,{'Saturday': 1},{'July': 1}
4189,1,6,16/07/2022,,{'Saturday': 1},{'July': 1}
3052,1,6,16/07/2022,,{'Saturday': 1},{'July': 1}
9076,1,6,13/07/2022,,{'Wednesday': 1},{'July': 1}
6037,1,6,29/12/2020,,{'Tuesday': 1},{'December': 1}
7486,1,6,28/12/2020,,{'Monday': 1},{'December': 1}
4778,1,6,14/11/2022,,{'Monday': 1},{'November': 1}
4291,1,6,14/11/2022,,{'Monday': 1},{'November': 1}
6631,1,6,13/11/2022,,{'Sunday': 1},{'November': 1}
4382,1,6,13/11/2022,,{'Sunday': 1},{'November': 1}
4102,1,6,13/11/2022,,{'Sunday': 1},{'November': 1}
2079,1,6,13/11/2022,,{'Sunday': 1},{'November': 1}
2878,1,6,12/11/2022,,{'Saturday': 1},{'November': 1}
8764,1,6,11/07/2022,,{'Monday': 1},{'July': 1}
2538,1,6,11/07/2022,,{'Monday': 1},{'July': 1}
0387,1,6,11/07/2022,,{'Monday': 1},{'July': 1}
7045,1,6,10/07/2022,,{'Sunday': 1},{'July': 1}
4440,1,6,10/07/2022,,{'Sunday': 1},{'July': 1}
4230,1,6,10/07/2022,,{'Sunday': 1},{'July': 1}
8865,1,6,09/07/2022,,{'Saturday': 1},{'July': 1}
1306,1,6,03/07/2022,,{'Sunday': 1},{'July': 1}
7704,1,6,02/07/2022,,{'Saturday': 1},{'July': 1}
2763,1,6,19/11/2022,,{'Saturday': 1},{'November': 1}
2608,1,6,16/11/2022,,{'Wednesday': 1},{'November': 1}
9682,1,6,15/11/2022,,{'Tuesday': 1},{'November': 1}
3495,1,6,15/11/2022,,{'Tuesday': 1},{'November': 1}
9579,1,6,14/11/2022,,{'Monday': 1},{'November': 1}
7583,1,6,14/11/2022,,{'Monday': 1},{'November': 1}
7530,1,6,14/11/2022,,{'Monday': 1},{'November': 1}
5617,1,6,14/11/2022,,{'Monday': 1},{'November': 1}
5605,1,6,14/11/2022,,{'Monday': 1},{'November': 1}
7726,1,6,05/07/2022,,{'Tuesday': 1},{'July': 1}
5232,1,6,05/07/2022,,{'Tuesday': 1},{'July': 1}
3126,1,6,05/07/2022,,{'Tuesday': 1},{'July': 1}
0287,1,6,05/07/2022,,{'Tuesday': 1},{'July': 1}
8224,1,6,04/07/2022,,{'Monday': 1},{'July': 1}
9093,1,6,27/06/2022,,{'Monday': 1},{'June': 1}
6504,1,6,27/06/2022,,{'Monday': 1},{'June': 1}
6670,1,6,02/01/2021,,{'Saturday': 1},{'January': 1}
4191,1,6,22/11/2022,,{'Tuesday': 1},{'November': 1}
1718,1,6,22/11/2022,,{'Tuesday': 1},{'November': 1}
9581,1,6,21/11/2022,,{'Monday': 1},{'November': 1}
8449,1,6,21/11/2022,,{'Monday': 1},{'November': 1}
3851,1,6,21/11/2022,,{'Monday': 1},{'November': 1}
9586,1,6,19/11/2022,,{'Saturday': 1},{'November': 1}
8530,1,6,19/11/2022,,{'Saturday': 1},{'November': 1}
7408,1,6,19/11/2022,,{'Saturday': 1},{'November': 1}
1974,1,6,28/12/2020,,{'Monday': 1},{'December': 1}
0819,1,6,04/07/2022,,{'Monday': 1},{'July': 1}
9068,1,6,03/07/2022,,{'Sunday': 1},{'July': 1}
4093,1,6,03/07/2022,,{'Sunday': 1},{'July': 1}
3566,1,6,03/07/2022,,{'Sunday': 1},{'July': 1}
9679,1,6,02/12/2020,,{'Wednesday': 1},{'December': 1}
8435,1,6,02/12/2020,,{'Wednesday': 1},{'December': 1}
6647,1,6,02/12/2020,,{'Wednesday': 1},{'December': 1}
3884,1,6,02/12/2020,,{'Wednesday': 1},{'December': 1}
1349,1,6,02/12/2020,,{'Wednesday': 1},{'December': 1}
9971,1,6,01/12/2020,,{'Tuesday': 1},{'December': 1}
9421,1,6,01/12/2020,,{'Tuesday': 1},{'December': 1}
8298,1,6,01/12/2020,,{'Tuesday': 1},{'December': 1}
8818,1,6,23/11/2022,,{'Wednesday': 1},{'November': 1}
7273,1,6,23/11/2022,,{'Wednesday': 1},{'November': 1}
7021,1,6,23/11/2022,,{'Wednesday': 1},{'November': 1}
1156,1,6,02/07/2022,,{'Saturday': 1},{'July': 1}
9260,1,6,29/06/2022,,{'Wednesday': 1},{'June': 1}
3431,1,6,29/06/2022,,{'Wednesday': 1},{'June': 1}
9489,1,6,28/06/2022,,{'Tuesday': 1},{'June': 1}
9189,1,6,27/06/2022,,{'Monday': 1},{'June': 1}
4231,1,6,28/11/2022,,{'Monday': 1},{'November': 1}
8634,1,6,27/11/2022,,{'Sunday': 1},{'November': 1}
3403,1,6,27/11/2022,,{'Sunday': 1},{'November': 1}
9420,1,6,26/11/2022,,{'Saturday': 1},{'November': 1}
8554,1,6,26/11/2022,,{'Saturday': 1},{'November': 1}
1001,1,6,26/11/2022,,{'Saturday': 1},{'November': 1}
2153,1,6,02/01/2021,,{'Saturday': 1},{'January': 1}
1753,1,6,02/01/2021,,{'Saturday': 1},{'January': 1}
5634,1,6,30/12/2020,,{'Wednesday': 1},{'December': 1}
3824,1,6,30/12/2020,,{'Wednesday': 1},{'December': 1}
2261,1,6,27/06/2022,,{'Monday': 1},{'June': 1}
1957,1,6,27/06/2022,,{'Monday': 1},{'June': 1}
4577,1,6,26/06/2022,,{'Sunday': 1},{'June': 1}
3122,1,6,26/06/2022,,{'Sunday': 1},{'June': 1}
0910,1,6,05/12/2020,,{'Saturday': 1},{'December': 1}
0853,1,6,05/12/2020,,{'Saturday': 1},{'December': 1}
5483,1,6,30/11/2022,,{'Wednesday': 1},{'November': 1}
4167,1,6,30/11/2022,,{'Wednesday': 1},{'November': 1}
2804,1,6,30/11/2022,,{'Wednesday': 1},{'November': 1}
2061,1,6,30/11/2022,,{'Wednesday': 1},{'November': 1}
9465,1,6,29/11/2022,,{'Tuesday': 1},{'November': 1}
7880,1,6,29/11/2022,,{'Tuesday': 1},{'November': 1}
5701,1,6,29/11/2022,,{'Tuesday': 1},{'November': 1}
4893,1,6,29/11/2022,,{'Tuesday': 1},{'November': 1}
9614,1,6,28/11/2022,,{'Monday': 1},{'November': 1}
2321,1,6,26/06/2022,,{'Sunday': 1},{'June': 1}
7337,1,6,25/06/2022,,{'Saturday': 1},{'June': 1}
7321,1,6,25/06/2022,,{'Saturday': 1},{'June': 1}
5366,1,6,25/06/2022,,{'Saturday': 1},{'June': 1}
1275,1,6,25/06/2022,,{'Saturday': 1},{'June': 1}
9781,1,6,22/06/2022,,{'Wednesday': 1},{'June': 1}
7460,1,6,22/06/2022,,{'Wednesday': 1},{'June': 1}
1464,1,6,06/12/2022,,{'Tuesday': 1},{'December': 1}
6116,1,6,05/12/2022,,{'Monday': 1},{'December': 1}
5853,1,6,05/12/2022,,{'Monday': 1},{'December': 1}
2237,1,6,05/12/2022,,{'Monday': 1},{'December': 1}
8120,1,6,04/12/2022,,{'Sunday': 1},{'December': 1}
6364,1,6,04/12/2022,,{'Sunday': 1},{'December': 1}
6174,1,6,04/12/2022,,{'Sunday': 1},{'December': 1}
7451,1,6,03/12/2022,,{'Saturday': 1},{'December': 1}
4448,1,6,21/06/2022,,{'Tuesday': 1},{'June': 1}
3447,1,6,21/06/2022,,{'Tuesday': 1},{'June': 1}
1723,1,6,21/06/2022,,{'Tuesday': 1},{'June': 1}
8919,1,6,20/06/2022,,{'Monday': 1},{'June': 1}
0657,1,6,20/06/2022,,{'Monday': 1},{'June': 1}
4188,1,6,03/12/2022,,{'Saturday': 1},{'December': 1}
0219,1,6,03/12/2022,,{'Saturday': 1},{'December': 1}
0153,1,6,03/12/2022,,{'Saturday': 1},{'December': 1}
0374,1,6,18/06/2022,,{'Saturday': 1},{'June': 1}
9830,1,6,15/06/2022,,{'Wednesday': 1},{'June': 1}
8928,1,6,15/06/2022,,{'Wednesday': 1},{'June': 1}
6545,1,6,15/06/2022,,{'Wednesday': 1},{'June': 1}
0970,1,6,15/06/2022,,{'Wednesday': 1},{'June': 1}
0297,1,6,15/06/2022,,{'Wednesday': 1},{'June': 1}
0405,1,6,01/12/2020,,{'Tuesday': 1},{'December': 1}
9835,1,6,30/11/2020,,{'Monday': 1},{'November': 1}
9677,1,6,30/11/2020,,{'Monday': 1},{'November': 1}
9638,1,6,30/11/2020,,{'Monday': 1},{'November': 1}
3949,1,6,07/12/2022,,{'Wednesday': 1},{'December': 1}
9628,1,6,06/12/2022,,{'Tuesday': 1},{'December': 1}
7603,1,6,06/12/2022,,{'Tuesday': 1},{'December': 1}
6840,1,6,06/12/2022,,{'Tuesday': 1},{'December': 1}
4996,1,6,06/12/2022,,{'Tuesday': 1},{'December': 1}
2474,1,6,06/12/2022,,{'Tuesday': 1},{'December': 1}
1620,1,6,12/12/2022,,{'Monday': 1},{'December': 1}
0364,1,6,12/12/2022,,{'Monday': 1},{'December': 1}
3768,1,6,11/12/2022,,{'Sunday': 1},{'December': 1}
3274,1,6,11/12/2022,,{'Sunday': 1},{'December': 1}
9980,1,6,10/12/2022,,{'Saturday': 1},{'December': 1}
5912,1,6,10/12/2022,,{'Saturday': 1},{'December': 1}
3960,1,6,10/12/2022,,{'Saturday': 1},{'December': 1}
7175,1,6,01/12/2020,,{'Tuesday': 1},{'December': 1}
6330,1,6,01/12/2020,,{'Tuesday': 1},{'December': 1}
6019,1,6,01/12/2020,,{'Tuesday': 1},{'December': 1}
3837,1,6,19/06/2022,,{'Sunday': 1},{'June': 1}
8964,1,6,18/06/2022,,{'Saturday': 1},{'June': 1}
8672,1,6,18/06/2022,,{'Saturday': 1},{'June': 1}
6102,1,6,18/06/2022,,{'Saturday': 1},{'June': 1}
5763,1,6,18/06/2022,,{'Saturday': 1},{'June': 1}
2900,1,6,18/06/2022,,{'Saturday': 1},{'June': 1}
3161,1,6,13/06/2022,,{'Monday': 1},{'June': 1}
2055,1,6,13/06/2022,,{'Monday': 1},{'June': 1}
3103,1,6,05/01/2021,,{'Tuesday': 1},{'January': 1}
9866,1,6,14/12/2022,,{'Wednesday': 1},{'December': 1}
5113,1,6,14/12/2022,,{'Wednesday': 1},{'December': 1}
1361,1,6,14/12/2022,,{'Wednesday': 1},{'December': 1}
0482,1,6,14/12/2022,,{'Wednesday': 1},{'December': 1}
8095,1,6,13/12/2022,,{'Tuesday': 1},{'December': 1}
6385,1,6,13/12/2022,,{'Tuesday': 1},{'December': 1}
4835,1,6,13/12/2022,,{'Tuesday': 1},{'December': 1}
3277,1,6,13/12/2022,,{'Tuesday': 1},{'December': 1}
2967,1,6,13/12/2022,,{'Tuesday': 1},{'December': 1}
8820,1,6,12/12/2022,,{'Monday': 1},{'December': 1}
7009,1,6,12/12/2022,,{'Monday': 1},{'December': 1}
6402,1,6,12/12/2022,,{'Monday': 1},{'December': 1}
5563,1,6,12/12/2022,,{'Monday': 1},{'December': 1}
0979,1,6,12/06/2022,,{'Sunday': 1},{'June': 1}
8350,1,6,11/06/2022,,{'Saturday': 1},{'June': 1}
8256,1,6,19/12/2022,,{'Monday': 1},{'December': 1}
3345,1,6,19/12/2022,,{'Monday': 1},{'December': 1}
1185,1,6,19/12/2022,,{'Monday': 1},{'December': 1}
8982,1,6,18/12/2022,,{'Sunday': 1},{'December': 1}
1931,1,6,18/12/2022,,{'Sunday': 1},{'December': 1}
9445,1,6,17/12/2022,,{'Saturday': 1},{'December': 1}
8217,1,6,17/12/2022,,{'Saturday': 1},{'December': 1}
7090,1,6,17/12/2022,,{'Saturday': 1},{'December': 1}
8852,1,6,14/06/2022,,{'Tuesday': 1},{'June': 1}
7237,1,6,14/06/2022,,{'Tuesday': 1},{'June': 1}
6750,1,6,14/06/2022,,{'Tuesday': 1},{'June': 1}
5109,1,6,14/06/2022,,{'Tuesday': 1},{'June': 1}
7745,1,6,13/06/2022,,{'Monday': 1},{'June': 1}
5708,1,6,13/06/2022,,{'Monday': 1},{'June': 1}
7435,1,6,24/12/2022,,{'Saturday': 1},{'December': 1}
4251,1,6,24/12/2022,,{'Saturday': 1},{'December': 1}
8778,1,6,21/12/2022,,{'Wednesday': 1},{'December': 1}
6981,1,6,21/12/2022,,{'Wednesday': 1},{'December': 1}
5549,1,6,21/12/2022,,{'Wednesday': 1},{'December': 1}
4931,1,6,21/12/2022,,{'Wednesday': 1},{'December': 1}
1902,1,6,21/12/2022,,{'Wednesday': 1},{'December': 1}
8213,1,6,20/12/2022,,{'Tuesday': 1},{'December': 1}
5202,1,6,20/12/2022,,{'Tuesday': 1},{'December': 1}
3478,1,6,20/12/2022,,{'Tuesday': 1},{'December': 1}
0123,1,6,05/01/2021,,{'Tuesday': 1},{'January': 1}
9814,1,6,04/01/2021,,{'Monday': 1},{'January': 1}
3962,1,6,04/01/2021,,{'Monday': 1},{'January': 1}
5389,1,6,12/06/2022,,{'Sunday': 1},{'June': 1}
4933,1,6,12/06/2022,,{'Sunday': 1},{'June': 1}
3194,1,6,12/06/2022,,{'Sunday': 1},{'June': 1}
1268,1,6,11/06/2022,,{'Saturday': 1},{'June': 1}
9500,1,6,08/06/2022,,{'Wednesday': 1},{'June': 1}
5855,1,6,08/06/2022,,{'Wednesday': 1},{'June': 1}
1078,1,6,08/06/2022,,{'Wednesday': 1},{'June': 1}
5094,1,6,07/06/2022,,{'Tuesday': 1},{'June': 1}
4144,1,6,07/06/2022,,{'Tuesday': 1},{'June': 1}
4107,1,6,07/06/2022,,{'Tuesday': 1},{'June': 1}
3548,1,6,07/06/2022,,{'Tuesday': 1},{'June': 1}
3994,1,6,25/11/2020,,{'Wednesday': 1},{'November': 1}
3304,1,6,25/11/2020,,{'Wednesday': 1},{'November': 1}
0401,1,6,25/11/2020,,{'Wednesday': 1},{'November': 1}
8559,1,6,23/11/2020,,{'Monday': 1},{'November': 1}
0944,1,6,23/11/2020,,{'Monday': 1},{'November': 1}
0404,1,6,23/11/2020,,{'Monday': 1},{'November': 1}
9730,1,6,24/12/2022,,{'Saturday': 1},{'December': 1}
9284,1,6,24/12/2022,,{'Saturday': 1},{'December': 1}
1644,1,6,05/06/2022,,{'Sunday': 1},{'June': 1}
7264,1,6,04/06/2022,,{'Saturday': 1},{'June': 1}
7026,1,6,04/06/2022,,{'Saturday': 1},{'June': 1}
8880,1,6,28/12/2022,,{'Wednesday': 1},{'December': 1}
8310,1,6,28/12/2022,,{'Wednesday': 1},{'December': 1}
4389,1,6,28/12/2022,,{'Wednesday': 1},{'December': 1}
9642,1,6,27/12/2022,,{'Tuesday': 1},{'December': 1}
8668,1,6,27/12/2022,,{'Tuesday': 1},{'December': 1}
7633,1,6,27/12/2022,,{'Tuesday': 1},{'December': 1}
8900,1,6,26/12/2022,,{'Monday': 1},{'December': 1}
7899,1,6,26/12/2022,,{'Monday': 1},{'December': 1}
2154,1,6,26/12/2022,,{'Monday': 1},{'December': 1}
7823,1,6,11/06/2022,,{'Saturday': 1},{'June': 1}
4837,1,6,11/06/2022,,{'Saturday': 1},{'June': 1}
3516,1,6,11/06/2022,,{'Saturday': 1},{'June': 1}
2206,1,6,11/06/2022,,{'Saturday': 1},{'June': 1}
3708,1,6,02/01/2023,,{'Monday': 1},{'January': 1}
0147,1,6,02/01/2023,,{'Monday': 1},{'January': 1}
9692,1,6,01/01/2023,,{'Sunday': 1},{'January': 1}
9080,1,6,01/01/2023,,{'Sunday': 1},{'January': 1}
4650,1,6,01/01/2023,,{'Sunday': 1},{'January': 1}
1735,1,6,01/01/2023,,{'Sunday': 1},{'January': 1}
0209,1,6,01/01/2023,,{'Sunday': 1},{'January': 1}
5291,1,6,31/12/2022,,{'Saturday': 1},{'December': 1}
2941,1,6,31/12/2022,,{'Saturday': 1},{'December': 1}
9925,1,6,28/12/2022,,{'Wednesday': 1},{'December': 1}
7284,1,6,06/06/2022,,{'Monday': 1},{'June': 1}
6996,1,6,06/06/2022,,{'Monday': 1},{'June': 1}
8257,1,6,05/06/2022,,{'Sunday': 1},{'June': 1}
7604,1,6,05/06/2022,,{'Sunday': 1},{'June': 1}
5947,1,6,05/06/2022,,{'Sunday': 1},{'June': 1}
4254,1,6,05/06/2022,,{'Sunday': 1},{'June': 1}
8391,1,6,31/05/2022,,{'Tuesday': 1},{'May': 1}
8011,1,6,31/05/2022,,{'Tuesday': 1},{'May': 1}
6380,1,6,31/05/2022,,{'Tuesday': 1},{'May': 1}
7203,1,6,07/01/2023,,{'Saturday': 1},{'January': 1}
4856,1,6,07/01/2023,,{'Saturday': 1},{'January': 1}
3800,1,6,07/01/2023,,{'Saturday': 1},{'January': 1}
1208,1,6,07/01/2023,,{'Saturday': 1},{'January': 1}
4795,1,6,04/01/2023,,{'Wednesday': 1},{'January': 1}
4517,1,6,04/01/2023,,{'Wednesday': 1},{'January': 1}
3288,1,6,04/01/2023,,{'Wednesday': 1},{'January': 1}
7242,1,6,03/01/2023,,{'Tuesday': 1},{'January': 1}
5300,1,6,03/01/2023,,{'Tuesday': 1},{'January': 1}
4989,1,6,03/01/2023,,{'Tuesday': 1},{'January': 1}
1963,1,6,03/01/2023,,{'Tuesday': 1},{'January': 1}
9912,1,6,02/01/2023,,{'Monday': 1},{'January': 1}
8220,1,6,02/01/2023,,{'Monday': 1},{'January': 1}
1167,1,6,09/01/2021,,{'Saturday': 1},{'January': 1}
2291,1,6,18/11/2020,,{'Wednesday': 1},{'November': 1}
0459,1,6,18/11/2020,,{'Wednesday': 1},{'November': 1}
7107,1,6,16/11/2020,,{'Monday': 1},{'November': 1}
7104,1,6,16/11/2020,,{'Monday': 1},{'November': 1}
6900,1,6,16/11/2020,,{'Monday': 1},{'November': 1}
2758,1,6,16/11/2020,,{'Monday': 1},{'November': 1}
1278,1,6,16/11/2020,,{'Monday': 1},{'November': 1}
9541,1,6,07/01/2023,,{'Saturday': 1},{'January': 1}
7626,1,6,07/01/2023,,{'Saturday': 1},{'January': 1}
5006,1,6,04/06/2022,,{'Saturday': 1},{'June': 1}
2929,1,6,04/06/2022,,{'Saturday': 1},{'June': 1}
1426,1,6,04/06/2022,,{'Saturday': 1},{'June': 1}
0521,1,6,04/06/2022,,{'Saturday': 1},{'June': 1}
6634,1,6,01/06/2022,,{'Wednesday': 1},{'June': 1}
3186,1,6,01/06/2022,,{'Wednesday': 1},{'June': 1}
8175,1,6,10/01/2023,,{'Tuesday': 1},{'January': 1}
6664,1,6,10/01/2023,,{'Tuesday': 1},{'January': 1}
5740,1,6,10/01/2023,,{'Tuesday': 1},{'January': 1}
3168,1,6,10/01/2023,,{'Tuesday': 1},{'January': 1}
2445,1,6,10/01/2023,,{'Tuesday': 1},{'January': 1}
9246,1,6,09/01/2023,,{'Monday': 1},{'January': 1}
5482,1,6,09/01/2023,,{'Monday': 1},{'January': 1}
9439,1,6,18/11/2020,,{'Wednesday': 1},{'November': 1}
8359,1,6,18/11/2020,,{'Wednesday': 1},{'November': 1}
8081,1,6,18/11/2020,,{'Wednesday': 1},{'November': 1}
1320,1,6,31/05/2022,,{'Tuesday': 1},{'May': 1}
0425,1,6,31/05/2022,,{'Tuesday': 1},{'May': 1}
0140,1,6,31/05/2022,,{'Tuesday': 1},{'May': 1}
9917,1,6,30/05/2022,,{'Monday': 1},{'May': 1}
6255,1,6,30/05/2022,,{'Monday': 1},{'May': 1}
8528,1,6,29/05/2022,,{'Sunday': 1},{'May': 1}
2419,1,6,24/05/2022,,{'Tuesday': 1},{'May': 1}
0435,1,6,24/05/2022,,{'Tuesday': 1},{'May': 1}
6144,1,6,14/01/2023,,{'Saturday': 1},{'January': 1}
2828,1,6,14/01/2023,,{'Saturday': 1},{'January': 1}
2367,1,6,14/01/2023,,{'Saturday': 1},{'January': 1}
2038,1,6,14/01/2023,,{'Saturday': 1},{'January': 1}
1087,1,6,14/01/2023,,{'Saturday': 1},{'January': 1}
5508,1,6,11/01/2023,,{'Wednesday': 1},{'January': 1}
4918,1,6,11/01/2023,,{'Wednesday': 1},{'January': 1}
3756,1,6,11/01/2023,,{'Wednesday': 1},{'January': 1}
2140,1,6,11/01/2023,,{'Wednesday': 1},{'January': 1}
1812,1,6,11/01/2023,,{'Wednesday': 1},{'January': 1}
4290,1,6,06/01/2021,,{'Wednesday': 1},{'January': 1}
0839,1,6,06/01/2021,,{'Wednesday': 1},{'January': 1}
7981,1,6,29/05/2022,,{'Sunday': 1},{'May': 1}
2905,1,6,29/05/2022,,{'Sunday': 1},{'May': 1}
3968,1,6,18/01/2023,,{'Wednesday': 1},{'January': 1}
1837,1,6,18/01/2023,,{'Wednesday': 1},{'January': 1}
9012,1,6,17/01/2023,,{'Tuesday': 1},{'January': 1}
9008,1,6,17/01/2023,,{'Tuesday': 1},{'January': 1}
7808,1,6,17/01/2023,,{'Tuesday': 1},{'January': 1}
3158,1,6,17/01/2023,,{'Tuesday': 1},{'January': 1}
3047,1,6,17/01/2023,,{'Tuesday': 1},{'January': 1}
4501,1,6,16/01/2023,,{'Monday': 1},{'January': 1}
6684,1,6,15/01/2023,,{'Sunday': 1},{'January': 1}
5674,1,6,28/05/2022,,{'Saturday': 1},{'May': 1}
2557,1,6,28/05/2022,,{'Saturday': 1},{'May': 1}
9221,1,6,25/05/2022,,{'Wednesday': 1},{'May': 1}
0080,1,6,25/05/2022,,{'Wednesday': 1},{'May': 1}
8226,1,6,24/05/2022,,{'Tuesday': 1},{'May': 1}
5712,1,6,24/05/2022,,{'Tuesday': 1},{'May': 1}
2852,1,6,24/05/2022,,{'Tuesday': 1},{'May': 1}
1543,1,6,23/05/2022,,{'Monday': 1},{'May': 1}
9459,1,6,21/05/2022,,{'Saturday': 1},{'May': 1}
5896,1,6,21/05/2022,,{'Saturday': 1},{'May': 1}
4381,1,6,21/05/2022,,{'Saturday': 1},{'May': 1}
0221,1,6,21/05/2022,,{'Saturday': 1},{'May': 1}
5102,1,6,11/11/2020,,{'Wednesday': 1},{'November': 1}
3430,1,6,11/11/2020,,{'Wednesday': 1},{'November': 1}
0659,1,6,11/11/2020,,{'Wednesday': 1},{'November': 1}
9024,1,6,09/11/2020,,{'Monday': 1},{'November': 1}
3755,1,6,09/11/2020,,{'Monday': 1},{'November': 1}
2228,1,6,09/11/2020,,{'Monday': 1},{'November': 1}
4902,1,6,21/01/2023,,{'Saturday': 1},{'January': 1}
4209,1,6,21/01/2023,,{'Saturday': 1},{'January': 1}
2020,1,6,21/01/2023,,{'Saturday': 1},{'January': 1}
1840,1,6,21/01/2023,,{'Saturday': 1},{'January': 1}
7907,1,6,18/01/2023,,{'Wednesday': 1},{'January': 1}
0310,1,6,24/01/2023,,{'Tuesday': 1},{'January': 1}
6091,1,6,23/01/2023,,{'Monday': 1},{'January': 1}
3230,1,6,23/01/2023,,{'Monday': 1},{'January': 1}
2514,1,6,23/01/2023,,{'Monday': 1},{'January': 1}
8949,1,6,22/01/2023,,{'Sunday': 1},{'January': 1}
4899,1,6,22/01/2023,,{'Sunday': 1},{'January': 1}
3935,1,6,22/01/2023,,{'Sunday': 1},{'January': 1}
3441,1,6,22/01/2023,,{'Sunday': 1},{'January': 1}
9267,1,6,21/01/2023,,{'Saturday': 1},{'January': 1}
7308,1,6,21/01/2023,,{'Saturday': 1},{'January': 1}
9317,1,6,11/11/2020,,{'Wednesday': 1},{'November': 1}
9196,1,6,11/11/2020,,{'Wednesday': 1},{'November': 1}
7569,1,6,23/05/2022,,{'Monday': 1},{'May': 1}
6010,1,6,23/05/2022,,{'Monday': 1},{'May': 1}
3332,1,6,23/05/2022,,{'Monday': 1},{'May': 1}
2353,1,6,23/05/2022,,{'Monday': 1},{'May': 1}
3773,1,6,29/01/2023,,{'Sunday': 1},{'January': 1}
0969,1,6,29/01/2023,,{'Sunday': 1},{'January': 1}
9507,1,6,28/01/2023,,{'Saturday': 1},{'January': 1}
4294,1,6,28/01/2023,,{'Saturday': 1},{'January': 1}
2372,1,6,28/01/2023,,{'Saturday': 1},{'January': 1}
9939,1,6,25/01/2023,,{'Wednesday': 1},{'January': 1}
4333,1,6,25/01/2023,,{'Wednesday': 1},{'January': 1}
3705,1,6,25/01/2023,,{'Wednesday': 1},{'January': 1}
0531,1,6,25/01/2023,,{'Wednesday': 1},{'January': 1}
5128,1,6,18/05/2022,,{'Wednesday': 1},{'May': 1}
0924,1,6,18/05/2022,,{'Wednesday': 1},{'May': 1}
8593,1,6,17/05/2022,,{'Tuesday': 1},{'May': 1}
3921,1,6,17/05/2022,,{'Tuesday': 1},{'May': 1}
8176,1,6,16/05/2022,,{'Monday': 1},{'May': 1}
3673,1,6,16/05/2022,,{'Monday': 1},{'May': 1}
3946,1,6,24/01/2023,,{'Tuesday': 1},{'January': 1}
9699,1,6,11/05/2022,,{'Wednesday': 1},{'May': 1}
7708,1,6,11/05/2022,,{'Wednesday': 1},{'May': 1}
5514,1,6,11/05/2022,,{'Wednesday': 1},{'May': 1}
0398,1,6,11/05/2022,,{'Wednesday': 1},{'May': 1}
9764,1,6,10/05/2022,,{'Tuesday': 1},{'May': 1}
8838,1,6,10/05/2022,,{'Tuesday': 1},{'May': 1}
0068,1,6,12/01/2021,,{'Tuesday': 1},{'January': 1}
5771,1,6,04/02/2023,,{'Saturday': 1},{'February': 1}
8506,1,6,01/02/2023,,{'Wednesday': 1},{'February': 1}
7891,1,6,01/02/2023,,{'Wednesday': 1},{'February': 1}
3763,1,6,01/02/2023,,{'Wednesday': 1},{'February': 1}
3680,1,6,01/02/2023,,{'Wednesday': 1},{'February': 1}
0617,1,6,31/01/2023,,{'Tuesday': 1},{'January': 1}
7761,1,6,30/01/2023,,{'Monday': 1},{'January': 1}
4858,1,6,30/01/2023,,{'Monday': 1},{'January': 1}
4633,1,6,30/01/2023,,{'Monday': 1},{'January': 1}
3507,1,6,07/02/2023,,{'Tuesday': 1},{'February': 1}
3119,1,6,07/02/2023,,{'Tuesday': 1},{'February': 1}
2687,1,6,06/02/2023,,{'Monday': 1},{'February': 1}
3155,1,6,05/02/2023,,{'Sunday': 1},{'February': 1}
2128,1,6,05/02/2023,,{'Sunday': 1},{'February': 1}
6610,1,6,11/01/2021,,{'Monday': 1},{'January': 1}
1584,1,6,11/01/2021,,{'Monday': 1},{'January': 1}
1443,1,6,11/01/2021,,{'Monday': 1},{'January': 1}
1043,1,6,11/01/2021,,{'Monday': 1},{'January': 1}
8090,1,6,09/01/2021,,{'Saturday': 1},{'January': 1}
1894,1,6,10/05/2022,,{'Tuesday': 1},{'May': 1}
1588,1,6,10/05/2022,,{'Tuesday': 1},{'May': 1}
1646,1,6,16/05/2022,,{'Monday': 1},{'May': 1}
7429,1,6,14/05/2022,,{'Saturday': 1},{'May': 1}
6979,1,6,14/05/2022,,{'Saturday': 1},{'May': 1}
6793,1,6,14/05/2022,,{'Saturday': 1},{'May': 1}
6472,1,6,07/05/2022,,{'Saturday': 1},{'May': 1}
3852,1,6,07/05/2022,,{'Saturday': 1},{'May': 1}
3349,1,6,07/05/2022,,{'Saturday': 1},{'May': 1}
4552,1,6,04/05/2022,,{'Wednesday': 1},{'May': 1}
1873,1,6,04/05/2022,,{'Wednesday': 1},{'May': 1}
0645,1,6,04/11/2020,,{'Wednesday': 1},{'November': 1}
3682,1,6,02/11/2020,,{'Monday': 1},{'November': 1}
1755,1,6,02/11/2020,,{'Monday': 1},{'November': 1}
2682,1,6,11/02/2023,,{'Saturday': 1},{'February': 1}
8878,1,6,08/02/2023,,{'Wednesday': 1},{'February': 1}
5951,1,6,08/02/2023,,{'Wednesday': 1},{'February': 1}
5285,1,6,08/02/2023,,{'Wednesday': 1},{'February': 1}
3056,1,6,08/02/2023,,{'Wednesday': 1},{'February': 1}
7178,1,6,07/02/2023,,{'Tuesday': 1},{'February': 1}
6587,1,6,07/02/2023,,{'Tuesday': 1},{'February': 1}
5709,1,6,07/02/2023,,{'Tuesday': 1},{'February': 1}
7758,1,6,13/02/2023,,{'Monday': 1},{'February': 1}
3026,1,6,12/02/2023,,{'Sunday': 1},{'February': 1}
9104,1,6,11/02/2023,,{'Saturday': 1},{'February': 1}
3240,1,6,11/02/2023,,{'Saturday': 1},{'February': 1}
6915,1,6,04/11/2020,,{'Wednesday': 1},{'November': 1}
3008,1,6,04/11/2020,,{'Wednesday': 1},{'November': 1}
8386,1,6,03/05/2022,,{'Tuesday': 1},{'May': 1}
2875,1,6,03/05/2022,,{'Tuesday': 1},{'May': 1}
0864,1,6,02/05/2022,,{'Monday': 1},{'May': 1}
7776,1,6,30/04/2022,,{'Saturday': 1},{'April': 1}
4559,1,6,30/04/2022,,{'Saturday': 1},{'April': 1}
8048,1,6,27/04/2022,,{'Wednesday': 1},{'April': 1}
1005,1,6,10/05/2022,,{'Tuesday': 1},{'May': 1}
9525,1,6,09/05/2022,,{'Monday': 1},{'May': 1}
6099,1,6,09/05/2022,,{'Monday': 1},{'May': 1}
5186,1,6,09/05/2022,,{'Monday': 1},{'May': 1}
3249,1,6,16/01/2021,,{'Saturday': 1},{'January': 1}
0544,1,6,20/02/2023,,{'Monday': 1},{'February': 1}
4481,1,6,18/02/2023,,{'Saturday': 1},{'February': 1}
3694,1,6,18/02/2023,,{'Saturday': 1},{'February': 1}
8956,1,6,15/02/2023,,{'Wednesday': 1},{'February': 1}
8038,1,6,15/02/2023,,{'Wednesday': 1},{'February': 1}
2054,1,6,15/02/2023,,{'Wednesday': 1},{'February': 1}
6961,1,6,27/04/2022,,{'Wednesday': 1},{'April': 1}
1336,1,6,27/04/2022,,{'Wednesday': 1},{'April': 1}
0740,1,6,27/04/2022,,{'Wednesday': 1},{'April': 1}
9833,1,6,26/04/2022,,{'Tuesday': 1},{'April': 1}
9584,1,6,26/04/2022,,{'Tuesday': 1},{'April': 1}
8123,1,6,26/04/2022,,{'Tuesday': 1},{'April': 1}
0207,1,6,26/04/2022,,{'Tuesday': 1},{'April': 1}
8676,1,6,25/04/2022,,{'Monday': 1},{'April': 1}
7773,1,6,25/04/2022,,{'Monday': 1},{'April': 1}
2564,1,6,22/02/2023,,{'Wednesday': 1},{'February': 1}
0847,1,6,22/02/2023,,{'Wednesday': 1},{'February': 1}
6660,1,6,21/02/2023,,{'Tuesday': 1},{'February': 1}
4341,1,6,21/02/2023,,{'Tuesday': 1},{'February': 1}
2966,1,6,21/02/2023,,{'Tuesday': 1},{'February': 1}
1698,1,6,21/02/2023,,{'Tuesday': 1},{'February': 1}
0922,1,6,21/02/2023,,{'Tuesday': 1},{'February': 1}
7727,1,6,20/02/2023,,{'Monday': 1},{'February': 1}
6176,1,6,20/02/2023,,{'Monday': 1},{'February': 1}
3607,1,6,25/04/2022,,{'Monday': 1},{'April': 1}
3570,1,6,25/04/2022,,{'Monday': 1},{'April': 1}
2800,1,6,25/04/2022,,{'Monday': 1},{'April': 1}
6975,1,6,23/04/2022,,{'Saturday': 1},{'April': 1}
6546,1,6,23/04/2022,,{'Saturday': 1},{'April': 1}
4281,1,6,23/04/2022,,{'Saturday': 1},{'April': 1}
3412,1,6,16/01/2021,,{'Saturday': 1},{'January': 1}
5255,1,6,19/04/2022,,{'Tuesday': 1},{'April': 1}
2896,1,6,19/04/2022,,{'Tuesday': 1},{'April': 1}
2706,1,6,19/04/2022,,{'Tuesday': 1},{'April': 1}
2553,1,6,19/04/2022,,{'Tuesday': 1},{'April': 1}
8916,1,6,18/04/2022,,{'Monday': 1},{'April': 1}
8662,1,6,18/04/2022,,{'Monday': 1},{'April': 1}
5554,1,6,26/10/2020,,{'Monday': 1},{'October': 1}
5331,1,6,26/02/2023,,{'Sunday': 1},{'February': 1}
5125,1,6,26/02/2023,,{'Sunday': 1},{'February': 1}
0069,1,6,26/02/2023,,{'Sunday': 1},{'February': 1}
9367,1,6,25/02/2023,,{'Saturday': 1},{'February': 1}
4740,1,6,25/02/2023,,{'Saturday': 1},{'February': 1}
1664,1,6,25/02/2023,,{'Saturday': 1},{'February': 1}
6815,1,6,22/02/2023,,{'Wednesday': 1},{'February': 1}
5622,1,6,22/02/2023,,{'Wednesday': 1},{'February': 1}
5108,1,6,22/02/2023,,{'Wednesday': 1},{'February': 1}
6305,1,6,13/04/2022,,{'Wednesday': 1},{'April': 1}
3270,1,6,13/04/2022,,{'Wednesday': 1},{'April': 1}
6161,1,6,18/01/2021,,{'Monday': 1},{'January': 1}
7513,1,6,28/02/2023,,{'Tuesday': 1},{'February': 1}
2979,1,6,28/02/2023,,{'Tuesday': 1},{'February': 1}
9223,1,6,27/02/2023,,{'Monday': 1},{'February': 1}
6180,1,6,27/02/2023,,{'Monday': 1},{'February': 1}
4558,1,6,27/02/2023,,{'Monday': 1},{'February': 1}
7700,1,6,26/02/2023,,{'Sunday': 1},{'February': 1}
5212,1,6,28/10/2020,,{'Wednesday': 1},{'October': 1}
5031,1,6,28/10/2020,,{'Wednesday': 1},{'October': 1}
1860,1,6,28/10/2020,,{'Wednesday': 1},{'October': 1}
4803,1,6,13/01/2021,,{'Wednesday': 1},{'January': 1}
3803,1,6,13/01/2021,,{'Wednesday': 1},{'January': 1}
1925,1,6,12/01/2021,,{'Tuesday': 1},{'January': 1}
1284,1,6,12/01/2021,,{'Tuesday': 1},{'January': 1}
6374,1,6,05/03/2023,,{'Sunday': 1},{'March': 1}
2437,1,6,05/03/2023,,{'Sunday': 1},{'March': 1}
0164,1,6,05/03/2023,,{'Sunday': 1},{'March': 1}
9817,1,6,04/03/2023,,{'Saturday': 1},{'March': 1}
4322,1,6,04/03/2023,,{'Saturday': 1},{'March': 1}
9346,1,6,01/03/2023,,{'Wednesday': 1},{'March': 1}
6510,1,6,01/03/2023,,{'Wednesday': 1},{'March': 1}
5630,1,6,01/03/2023,,{'Wednesday': 1},{'March': 1}
4041,1,6,01/03/2023,,{'Wednesday': 1},{'March': 1}
8515,1,6,18/04/2022,,{'Monday': 1},{'April': 1}
8044,1,6,18/04/2022,,{'Monday': 1},{'April': 1}
4412,1,6,18/04/2022,,{'Monday': 1},{'April': 1}
5197,1,6,16/04/2022,,{'Saturday': 1},{'April': 1}
5171,1,6,16/04/2022,,{'Saturday': 1},{'April': 1}
3450,1,6,16/04/2022,,{'Saturday': 1},{'April': 1}
9434,1,6,13/04/2022,,{'Wednesday': 1},{'April': 1}
0575,1,6,12/03/2023,,{'Sunday': 1},{'March': 1}
9792,1,6,11/03/2023,,{'Saturday': 1},{'March': 1}
7459,1,6,11/03/2023,,{'Saturday': 1},{'March': 1}
4888,1,6,11/03/2023,,{'Saturday': 1},{'March': 1}
2845,1,6,11/03/2023,,{'Saturday': 1},{'March': 1}
0537,1,6,11/03/2023,,{'Saturday': 1},{'March': 1}
9512,1,6,08/03/2023,,{'Wednesday': 1},{'March': 1}
8398,1,6,08/03/2023,,{'Wednesday': 1},{'March': 1}
7810,1,6,08/03/2023,,{'Wednesday': 1},{'March': 1}
5985,1,6,08/03/2023,,{'Wednesday': 1},{'March': 1}
5395,1,6,08/03/2023,,{'Wednesday': 1},{'March': 1}
4692,1,6,08/03/2023,,{'Wednesday': 1},{'March': 1}
8429,1,6,07/03/2023,,{'Tuesday': 1},{'March': 1}
3987,1,6,07/03/2023,,{'Tuesday': 1},{'March': 1}
4789,1,6,06/03/2023,,{'Monday': 1},{'March': 1}
1097,1,6,06/03/2023,,{'Monday': 1},{'March': 1}
4674,1,6,16/01/2021,,{'Saturday': 1},{'January': 1}
3625,1,6,16/01/2021,,{'Saturday': 1},{'January': 1}
3615,1,6,16/01/2021,,{'Saturday': 1},{'January': 1}
1119,1,6,13/04/2022,,{'Wednesday': 1},{'April': 1}
0615,1,6,13/04/2022,,{'Wednesday': 1},{'April': 1}
7091,1,6,12/04/2022,,{'Tuesday': 1},{'April': 1}
3821,1,6,14/03/2023,,{'Tuesday': 1},{'March': 1}
2632,1,6,14/03/2023,,{'Tuesday': 1},{'March': 1}
0549,1,6,14/03/2023,,{'Tuesday': 1},{'March': 1}
9670,1,6,13/03/2023,,{'Monday': 1},{'March': 1}
9182,1,6,13/03/2023,,{'Monday': 1},{'March': 1}
6883,1,6,13/03/2023,,{'Monday': 1},{'March': 1}
3998,1,6,13/03/2023,,{'Monday': 1},{'March': 1}
3247,1,6,13/03/2023,,{'Monday': 1},{'March': 1}
8049,1,6,12/03/2023,,{'Sunday': 1},{'March': 1}
3260,1,6,12/03/2023,,{'Sunday': 1},{'March': 1}
5368,1,6,11/04/2022,,{'Monday': 1},{'April': 1}
2581,1,6,11/04/2022,,{'Monday': 1},{'April': 1}
6715,1,6,29/03/2022,,{'Tuesday': 1},{'March': 1}
5357,1,6,20/03/2023,,{'Monday': 1},{'March': 1}
5238,1,6,20/03/2023,,{'Monday': 1},{'March': 1}
2397,1,6,20/03/2023,,{'Monday': 1},{'March': 1}
1098,1,6,20/03/2023,,{'Monday': 1},{'March': 1}
7943,1,6,18/03/2023,,{'Saturday': 1},{'March': 1}
7245,1,6,18/03/2023,,{'Saturday': 1},{'March': 1}
6814,1,6,18/03/2023,,{'Saturday': 1},{'March': 1}
6085,1,6,18/03/2023,,{'Saturday': 1},{'March': 1}
2077,1,6,15/03/2023,,{'Wednesday': 1},{'March': 1}
4006,1,6,18/01/2021,,{'Monday': 1},{'January': 1}
3843,1,6,18/01/2021,,{'Monday': 1},{'January': 1}
1417,1,6,18/01/2021,,{'Monday': 1},{'January': 1}
9887,1,6,16/01/2021,,{'Saturday': 1},{'January': 1}
8053,1,6,21/03/2023,,{'Tuesday': 1},{'March': 1}
7285,1,6,21/03/2023,,{'Tuesday': 1},{'March': 1}
6819,1,6,21/03/2023,,{'Tuesday': 1},{'March': 1}
4816,1,6,21/03/2023,,{'Tuesday': 1},{'March': 1}
4433,1,6,21/03/2023,,{'Tuesday': 1},{'March': 1}
4317,1,6,21/03/2023,,{'Tuesday': 1},{'March': 1}
5764,1,6,09/04/2022,,{'Saturday': 1},{'April': 1}
3369,1,6,06/04/2022,,{'Wednesday': 1},{'April': 1}
0333,1,6,06/04/2022,,{'Wednesday': 1},{'April': 1}
9192,1,6,05/04/2022,,{'Tuesday': 1},{'April': 1}
6740,1,6,05/04/2022,,{'Tuesday': 1},{'April': 1}
4299,1,6,12/04/2022,,{'Tuesday': 1},{'April': 1}
0001,1,6,12/04/2022,,{'Tuesday': 1},{'April': 1}
9172,1,6,11/04/2022,,{'Monday': 1},{'April': 1}
7141,1,6,11/04/2022,,{'Monday': 1},{'April': 1}
5557,1,6,11/04/2022,,{'Monday': 1},{'April': 1}
4215,1,6,25/03/2023,,{'Saturday': 1},{'March': 1}
0755,1,6,25/03/2023,,{'Saturday': 1},{'March': 1}
0509,1,6,25/03/2023,,{'Saturday': 1},{'March': 1}
5203,1,6,22/03/2023,,{'Wednesday': 1},{'March': 1}
2768,1,6,22/03/2023,,{'Wednesday': 1},{'March': 1}
0887,1,6,26/10/2020,,{'Monday': 1},{'October': 1}
8387,1,6,21/10/2020,,{'Wednesday': 1},{'October': 1}
8603,1,6,04/04/2022,,{'Monday': 1},{'April': 1}
5025,1,6,04/04/2022,,{'Monday': 1},{'April': 1}
3604,1,6,04/04/2022,,{'Monday': 1},{'April': 1}
0282,1,6,04/04/2022,,{'Monday': 1},{'April': 1}
5799,1,6,28/03/2022,,{'Monday': 1},{'March': 1}
5040,1,6,28/03/2022,,{'Monday': 1},{'March': 1}
9668,1,6,19/10/2020,,{'Monday': 1},{'October': 1}
5274,1,6,19/10/2020,,{'Monday': 1},{'October': 1}
8573,1,6,21/03/2023,,{'Tuesday': 1},{'March': 1}
6209,1,6,29/03/2023,,{'Wednesday': 1},{'March': 1}
5179,1,6,29/03/2023,,{'Wednesday': 1},{'March': 1}
0145,1,6,29/03/2023,,{'Wednesday': 1},{'March': 1}
6259,1,6,28/03/2023,,{'Tuesday': 1},{'March': 1}
4473,1,6,28/03/2023,,{'Tuesday': 1},{'March': 1}
4097,1,6,28/03/2023,,{'Tuesday': 1},{'March': 1}
2076,1,6,28/03/2023,,{'Tuesday': 1},{'March': 1}
0446,1,6,28/03/2023,,{'Tuesday': 1},{'March': 1}
0341,1,6,28/03/2023,,{'Tuesday': 1},{'March': 1}
0124,1,6,28/03/2023,,{'Tuesday': 1},{'March': 1}
9253,1,6,27/03/2023,,{'Monday': 1},{'March': 1}
1573,1,6,27/03/2023,,{'Monday': 1},{'March': 1}
0619,1,6,27/03/2023,,{'Monday': 1},{'March': 1}
9780,1,6,26/03/2023,,{'Sunday': 1},{'March': 1}
5341,1,6,25/03/2023,,{'Saturday': 1},{'March': 1}
5028,1,6,25/03/2023,,{'Saturday': 1},{'March': 1}
6928,1,6,02/04/2022,,{'Saturday': 1},{'April': 1}
5840,1,6,02/04/2022,,{'Saturday': 1},{'April': 1}
4439,1,6,02/04/2022,,{'Saturday': 1},{'April': 1}
0191,1,6,02/04/2022,,{'Saturday': 1},{'April': 1}
4327,1,6,30/03/2022,,{'Wednesday': 1},{'March': 1}
0568,1,6,30/03/2022,,{'Wednesday': 1},{'March': 1}
8208,1,6,20/01/2021,,{'Wednesday': 1},{'January': 1}
1077,1,6,02/04/2023,,{'Sunday': 1},{'April': 1}
9378,1,6,01/04/2023,,{'Saturday': 1},{'April': 1}
8871,1,6,01/04/2023,,{'Saturday': 1},{'April': 1}
6222,1,6,01/04/2023,,{'Saturday': 1},{'April': 1}
6081,1,6,01/04/2023,,{'Saturday': 1},{'April': 1}
4594,1,6,01/04/2023,,{'Saturday': 1},{'April': 1}
4262,1,6,01/04/2023,,{'Saturday': 1},{'April': 1}
7261,1,6,29/03/2023,,{'Wednesday': 1},{'March': 1}
7260,1,6,29/03/2023,,{'Wednesday': 1},{'March': 1}
8892,1,6,26/03/2022,,{'Saturday': 1},{'March': 1}
7970,1,6,26/03/2022,,{'Saturday': 1},{'March': 1}
7809,1,6,26/03/2022,,{'Saturday': 1},{'March': 1}
6029,1,6,26/03/2022,,{'Saturday': 1},{'March': 1}
7619,1,6,04/04/2023,,{'Tuesday': 1},{'April': 1}
7115,1,6,04/04/2023,,{'Tuesday': 1},{'April': 1}
7389,1,6,03/04/2023,,{'Monday': 1},{'April': 1}
3539,1,6,03/04/2023,,{'Monday': 1},{'April': 1}
2895,1,6,03/04/2023,,{'Monday': 1},{'April': 1}
9678,1,6,02/04/2023,,{'Sunday': 1},{'April': 1}
3664,1,6,02/04/2023,,{'Sunday': 1},{'April': 1}
4367,1,6,28/03/2022,,{'Monday': 1},{'March': 1}
1639,1,6,28/03/2022,,{'Monday': 1},{'March': 1}
8181,1,6,02/04/2022,,{'Saturday': 1},{'April': 1}
8112,1,6,02/04/2022,,{'Saturday': 1},{'April': 1}
7716,1,6,02/04/2022,,{'Saturday': 1},{'April': 1}
1076,1,6,14/10/2020,,{'Wednesday': 1},{'October': 1}
0230,1,6,14/10/2020,,{'Wednesday': 1},{'October': 1}
8284,1,6,12/10/2020,,{'Monday': 1},{'October': 1}
7304,1,6,12/10/2020,,{'Monday': 1},{'October': 1}
2185,1,6,08/04/2023,,{'Saturday': 1},{'April': 1}
6177,1,6,05/04/2023,,{'Wednesday': 1},{'April': 1}
2550,1,6,05/04/2023,,{'Wednesday': 1},{'April': 1}
8498,1,6,04/04/2023,,{'Tuesday': 1},{'April': 1}
1319,1,6,20/01/2021,,{'Wednesday': 1},{'January': 1}
1165,1,6,20/01/2021,,{'Wednesday': 1},{'January': 1}
6360,1,6,19/01/2021,,{'Tuesday': 1},{'January': 1}
1845,1,6,19/01/2021,,{'Tuesday': 1},{'January': 1}
1798,1,6,19/01/2021,,{'Tuesday': 1},{'January': 1}
1551,1,6,19/01/2021,,{'Tuesday': 1},{'January': 1}
0095,1,6,19/01/2021,,{'Tuesday': 1},{'January': 1}
9241,1,6,26/03/2022,,{'Saturday': 1},{'March': 1}
3555,1,6,12/04/2023,,{'Wednesday': 1},{'April': 1}
2661,1,6,12/04/2023,,{'Wednesday': 1},{'April': 1}
1237,1,6,12/04/2023,,{'Wednesday': 1},{'April': 1}
0340,1,6,12/04/2023,,{'Wednesday': 1},{'April': 1}
7346,1,6,11/04/2023,,{'Tuesday': 1},{'April': 1}
5650,1,6,11/04/2023,,{'Tuesday': 1},{'April': 1}
0274,1,6,11/04/2023,,{'Tuesday': 1},{'April': 1}
8147,1,6,10/04/2023,,{'Monday': 1},{'April': 1}
3392,1,6,10/04/2023,,{'Monday': 1},{'April': 1}
5839,1,6,09/04/2023,,{'Sunday': 1},{'April': 1}
4884,1,6,09/04/2023,,{'Sunday': 1},{'April': 1}
1176,1,6,09/04/2023,,{'Sunday': 1},{'April': 1}
2036,1,6,19/10/2020,,{'Monday': 1},{'October': 1}
9966,1,6,14/10/2020,,{'Wednesday': 1},{'October': 1}
9716,1,6,14/10/2020,,{'Wednesday': 1},{'October': 1}
6913,1,6,14/10/2020,,{'Wednesday': 1},{'October': 1}
0246,1,6,23/03/2022,,{'Wednesday': 1},{'March': 1}
9268,1,6,22/03/2022,,{'Tuesday': 1},{'March': 1}
8934,1,6,22/03/2022,,{'Tuesday': 1},{'March': 1}
7342,1,6,22/03/2022,,{'Tuesday': 1},{'March': 1}
4945,1,6,22/03/2022,,{'Tuesday': 1},{'March': 1}
4694,1,6,22/03/2022,,{'Tuesday': 1},{'March': 1}
5038,1,6,16/04/2023,,{'Sunday': 1},{'April': 1}
3467,1,6,16/04/2023,,{'Sunday': 1},{'April': 1}
0454,1,6,16/04/2023,,{'Sunday': 1},{'April': 1}
9800,1,6,15/04/2023,,{'Saturday': 1},{'April': 1}
8547,1,6,15/04/2023,,{'Saturday': 1},{'April': 1}
5871,1,6,15/04/2023,,{'Saturday': 1},{'April': 1}
1660,1,6,15/04/2023,,{'Saturday': 1},{'April': 1}
9545,1,6,12/04/2023,,{'Wednesday': 1},{'April': 1}
8272,1,6,12/04/2023,,{'Wednesday': 1},{'April': 1}
5100,1,6,12/04/2023,,{'Wednesday': 1},{'April': 1}
0736,1,6,19/04/2023,,{'Wednesday': 1},{'April': 1}
8839,1,6,18/04/2023,,{'Tuesday': 1},{'April': 1}
6924,1,6,18/04/2023,,{'Tuesday': 1},{'April': 1}
3333,1,6,17/04/2023,,{'Monday': 1},{'April': 1}
1580,1,6,21/03/2022,,{'Monday': 1},{'March': 1}
9327,1,6,19/03/2022,,{'Saturday': 1},{'March': 1}
7689,1,6,19/03/2022,,{'Saturday': 1},{'March': 1}
6069,1,6,19/03/2022,,{'Saturday': 1},{'March': 1}
1067,1,6,19/03/2022,,{'Saturday': 1},{'March': 1}
0009,1,6,19/03/2022,,{'Saturday': 1},{'March': 1}
8695,1,6,16/03/2022,,{'Wednesday': 1},{'March': 1}
5330,1,6,16/03/2022,,{'Wednesday': 1},{'March': 1}
0658,1,6,26/03/2022,,{'Saturday': 1},{'March': 1}
7787,1,6,23/03/2022,,{'Wednesday': 1},{'March': 1}
6661,1,6,23/03/2022,,{'Wednesday': 1},{'March': 1}
0666,1,6,23/03/2022,,{'Wednesday': 1},{'March': 1}
1773,1,6,15/03/2022,,{'Tuesday': 1},{'March': 1}
3106,1,6,14/03/2022,,{'Monday': 1},{'March': 1}
2075,1,6,14/03/2022,,{'Monday': 1},{'March': 1}
1365,1,6,14/03/2022,,{'Monday': 1},{'March': 1}
2836,1,6,25/04/2023,,{'Tuesday': 1},{'April': 1}
9400,1,6,24/04/2023,,{'Monday': 1},{'April': 1}
7388,1,6,24/04/2023,,{'Monday': 1},{'April': 1}
1451,1,6,24/04/2023,,{'Monday': 1},{'April': 1}
8267,1,6,23/04/2023,,{'Sunday': 1},{'April': 1}
8784,1,6,22/04/2023,,{'Saturday': 1},{'April': 1}
3233,1,6,22/04/2023,,{'Saturday': 1},{'April': 1}
9961,1,6,19/04/2023,,{'Wednesday': 1},{'April': 1}
8556,1,6,19/04/2023,,{'Wednesday': 1},{'April': 1}
4909,1,6,19/04/2023,,{'Wednesday': 1},{'April': 1}
3959,1,6,19/04/2023,,{'Wednesday': 1},{'April': 1}
1943,1,6,19/04/2023,,{'Wednesday': 1},{'April': 1}
9998,1,6,08/03/2022,,{'Tuesday': 1},{'March': 1}
5068,1,6,25/01/2021,,{'Monday': 1},{'January': 1}
4916,1,6,29/04/2023,,{'Saturday': 1},{'April': 1}
3226,1,6,29/04/2023,,{'Saturday': 1},{'April': 1}
1717,1,6,29/04/2023,,{'Saturday': 1},{'April': 1}
0455,1,6,29/04/2023,,{'Saturday': 1},{'April': 1}
9060,1,6,26/04/2023,,{'Wednesday': 1},{'April': 1}
8166,1,6,26/04/2023,,{'Wednesday': 1},{'April': 1}
7771,1,6,26/04/2023,,{'Wednesday': 1},{'April': 1}
6822,1,6,26/04/2023,,{'Wednesday': 1},{'April': 1}
3485,1,6,25/04/2023,,{'Tuesday': 1},{'April': 1}
3368,1,6,16/03/2022,,{'Wednesday': 1},{'March': 1}
0886,1,6,16/03/2022,,{'Wednesday': 1},{'March': 1}
7494,1,6,15/03/2022,,{'Tuesday': 1},{'March': 1}
5560,1,6,15/03/2022,,{'Tuesday': 1},{'March': 1}
3190,1,6,15/03/2022,,{'Tuesday': 1},{'March': 1}
2995,1,6,08/03/2022,,{'Tuesday': 1},{'March': 1}
1628,1,6,08/03/2022,,{'Tuesday': 1},{'March': 1}
0233,1,6,08/03/2022,,{'Tuesday': 1},{'March': 1}
7827,1,6,10/10/2020,,{'Saturday': 1},{'October': 1}
1836,1,6,10/10/2020,,{'Saturday': 1},{'October': 1}
8518,1,6,07/10/2020,,{'Wednesday': 1},{'October': 1}
6502,1,6,07/10/2020,,{'Wednesday': 1},{'October': 1}
2653,1,6,03/05/2023,,{'Wednesday': 1},{'May': 1}
7762,1,6,02/05/2023,,{'Tuesday': 1},{'May': 1}
1065,1,6,02/05/2023,,{'Tuesday': 1},{'May': 1}
8903,1,6,12/03/2022,,{'Saturday': 1},{'March': 1}
5700,1,6,12/03/2022,,{'Saturday': 1},{'March': 1}
0486,1,6,12/03/2022,,{'Saturday': 1},{'March': 1}
6018,1,6,09/03/2022,,{'Wednesday': 1},{'March': 1}
1968,1,6,09/03/2022,,{'Wednesday': 1},{'March': 1}
1494,1,6,09/03/2022,,{'Wednesday': 1},{'March': 1}
8203,1,6,07/05/2023,,{'Sunday': 1},{'May': 1}
2025,1,6,07/05/2023,,{'Sunday': 1},{'May': 1}
9967,1,6,06/05/2023,,{'Saturday': 1},{'May': 1}
7067,1,6,06/05/2023,,{'Saturday': 1},{'May': 1}
5796,1,6,06/05/2023,,{'Saturday': 1},{'May': 1}
9042,1,6,03/05/2023,,{'Wednesday': 1},{'May': 1}
8450,1,6,03/05/2023,,{'Wednesday': 1},{'May': 1}
6054,1,6,03/05/2023,,{'Wednesday': 1},{'May': 1}
2826,1,6,03/05/2023,,{'Wednesday': 1},{'May': 1}
4427,1,6,12/10/2020,,{'Monday': 1},{'October': 1}
3747,1,6,12/10/2020,,{'Monday': 1},{'October': 1}
7612,1,6,23/01/2021,,{'Saturday': 1},{'January': 1}
6045,1,6,23/01/2021,,{'Saturday': 1},{'January': 1}
5756,1,6,23/01/2021,,{'Saturday': 1},{'January': 1}
7212,1,6,08/03/2022,,{'Tuesday': 1},{'March': 1}
4672,1,6,08/03/2022,,{'Tuesday': 1},{'March': 1}
6880,1,6,10/05/2023,,{'Wednesday': 1},{'May': 1}
1369,1,6,10/05/2023,,{'Wednesday': 1},{'May': 1}
5561,1,6,09/05/2023,,{'Tuesday': 1},{'May': 1}
2434,1,6,09/05/2023,,{'Tuesday': 1},{'May': 1}
2350,1,6,09/05/2023,,{'Tuesday': 1},{'May': 1}
1613,1,6,09/05/2023,,{'Tuesday': 1},{'May': 1}
9256,1,6,08/05/2023,,{'Monday': 1},{'May': 1}
0674,1,6,08/05/2023,,{'Monday': 1},{'May': 1}
9273,1,6,07/03/2022,,{'Monday': 1},{'March': 1}
7920,1,6,07/03/2022,,{'Monday': 1},{'March': 1}
6701,1,6,07/03/2022,,{'Monday': 1},{'March': 1}
3770,1,6,07/03/2022,,{'Monday': 1},{'March': 1}
9122,1,6,05/03/2022,,{'Saturday': 1},{'March': 1}
2890,1,6,05/03/2022,,{'Saturday': 1},{'March': 1}
7509,1,6,02/03/2022,,{'Wednesday': 1},{'March': 1}
9079,1,6,07/05/2023,,{'Sunday': 1},{'May': 1}
2713,1,6,16/05/2023,,{'Tuesday': 1},{'May': 1}
2444,1,6,16/05/2023,,{'Tuesday': 1},{'May': 1}
1002,1,6,16/05/2023,,{'Tuesday': 1},{'May': 1}
7390,1,6,15/05/2023,,{'Monday': 1},{'May': 1}
6676,1,6,15/05/2023,,{'Monday': 1},{'May': 1}
6154,1,6,15/05/2023,,{'Monday': 1},{'May': 1}
4725,1,6,15/05/2023,,{'Monday': 1},{'May': 1}
2454,1,6,15/05/2023,,{'Monday': 1},{'May': 1}
1727,1,6,14/05/2023,,{'Sunday': 1},{'May': 1}
1296,1,6,14/05/2023,,{'Sunday': 1},{'May': 1}
8154,1,6,13/05/2023,,{'Saturday': 1},{'May': 1}
2951,1,6,13/05/2023,,{'Saturday': 1},{'May': 1}
2186,1,6,13/05/2023,,{'Saturday': 1},{'May': 1}
9380,1,6,10/05/2023,,{'Wednesday': 1},{'May': 1}
7952,1,6,10/05/2023,,{'Wednesday': 1},{'May': 1}
6964,1,6,10/05/2023,,{'Wednesday': 1},{'May': 1}
2456,1,6,17/05/2023,,{'Wednesday': 1},{'May': 1}
1250,1,6,17/05/2023,,{'Wednesday': 1},{'May': 1}
0427,1,6,17/05/2023,,{'Wednesday': 1},{'May': 1}
7594,1,6,16/05/2023,,{'Tuesday': 1},{'May': 1}
9845,1,6,01/03/2022,,{'Tuesday': 1},{'March': 1}
9394,1,6,01/03/2022,,{'Tuesday': 1},{'March': 1}
9151,1,6,01/03/2022,,{'Tuesday': 1},{'March': 1}
8754,1,6,01/03/2022,,{'Tuesday': 1},{'March': 1}
2867,1,6,01/03/2022,,{'Tuesday': 1},{'March': 1}
2741,1,6,01/03/2022,,{'Tuesday': 1},{'March': 1}
9873,1,6,28/02/2022,,{'Monday': 1},{'February': 1}
8476,1,6,28/02/2022,,{'Monday': 1},{'February': 1}
2812,1,6,28/02/2022,,{'Monday': 1},{'February': 1}
2576,1,6,28/02/2022,,{'Monday': 1},{'February': 1}
8635,1,6,26/02/2022,,{'Saturday': 1},{'February': 1}
3268,1,6,16/05/2023,,{'Tuesday': 1},{'May': 1}
2357,1,6,30/01/2021,,{'Saturday': 1},{'January': 1}
4729,1,6,22/05/2023,,{'Monday': 1},{'May': 1}
1151,1,6,22/05/2023,,{'Monday': 1},{'May': 1}
9907,1,6,21/05/2023,,{'Sunday': 1},{'May': 1}
1295,1,6,21/05/2023,,{'Sunday': 1},{'May': 1}
9591,1,6,20/05/2023,,{'Saturday': 1},{'May': 1}
9430,1,6,20/05/2023,,{'Saturday': 1},{'May': 1}
6763,1,6,20/05/2023,,{'Saturday': 1},{'May': 1}
4436,1,6,20/05/2023,,{'Saturday': 1},{'May': 1}
7499,1,6,17/05/2023,,{'Wednesday': 1},{'May': 1}
5935,1,6,17/05/2023,,{'Wednesday': 1},{'May': 1}
7185,1,6,05/10/2020,,{'Monday': 1},{'October': 1}
5916,1,6,05/10/2020,,{'Monday': 1},{'October': 1}
0180,1,6,05/10/2020,,{'Monday': 1},{'October': 1}
9179,1,6,03/10/2020,,{'Saturday': 1},{'October': 1}
7132,1,6,03/10/2020,,{'Saturday': 1},{'October': 1}
3414,1,6,28/05/2023,,{'Sunday': 1},{'May': 1}
1557,1,6,28/05/2023,,{'Sunday': 1},{'May': 1}
6720,1,6,27/05/2023,,{'Saturday': 1},{'May': 1}
3845,1,6,27/05/2023,,{'Saturday': 1},{'May': 1}
2748,1,6,27/05/2023,,{'Saturday': 1},{'May': 1}
1050,1,6,27/05/2023,,{'Saturday': 1},{'May': 1}
7602,1,6,23/05/2023,,{'Tuesday': 1},{'May': 1}
4470,1,6,23/05/2023,,{'Tuesday': 1},{'May': 1}
1388,1,6,23/05/2023,,{'Tuesday': 1},{'May': 1}
0631,1,6,23/05/2023,,{'Tuesday': 1},{'May': 1}
5462,1,6,22/05/2023,,{'Monday': 1},{'May': 1}
2884,1,6,26/02/2022,,{'Saturday': 1},{'February': 1}
1808,1,6,26/02/2022,,{'Saturday': 1},{'February': 1}
1594,1,6,26/02/2022,,{'Saturday': 1},{'February': 1}
0351,1,6,26/02/2022,,{'Saturday': 1},{'February': 1}
8894,1,6,22/02/2022,,{'Tuesday': 1},{'February': 1}
5484,1,6,31/05/2023,,{'Wednesday': 1},{'May': 1}
3881,1,6,31/05/2023,,{'Wednesday': 1},{'May': 1}
3634,1,6,31/05/2023,,{'Wednesday': 1},{'May': 1}
6261,1,6,30/05/2023,,{'Tuesday': 1},{'May': 1}
9424,1,6,29/05/2023,,{'Monday': 1},{'May': 1}
1481,1,6,29/05/2023,,{'Monday': 1},{'May': 1}
0710,1,6,30/01/2021,,{'Saturday': 1},{'January': 1}
6584,1,6,27/01/2021,,{'Wednesday': 1},{'January': 1}
6391,1,6,27/01/2021,,{'Wednesday': 1},{'January': 1}
8809,1,6,25/01/2021,,{'Monday': 1},{'January': 1}
5084,1,6,22/02/2022,,{'Tuesday': 1},{'February': 1}
2908,1,6,22/02/2022,,{'Tuesday': 1},{'February': 1}
2015,1,6,22/02/2022,,{'Tuesday': 1},{'February': 1}
0814,1,6,22/02/2022,,{'Tuesday': 1},{'February': 1}
6087,1,6,21/02/2022,,{'Monday': 1},{'February': 1}
7750,1,6,28/05/2023,,{'Sunday': 1},{'May': 1}
7924,1,6,05/06/2023,,{'Monday': 1},{'June': 1}
5348,1,6,05/06/2023,,{'Monday': 1},{'June': 1}
4978,1,6,05/06/2023,,{'Monday': 1},{'June': 1}
4117,1,6,05/06/2023,,{'Monday': 1},{'June': 1}
1057,1,6,05/06/2023,,{'Monday': 1},{'June': 1}
4704,1,6,04/06/2023,,{'Sunday': 1},{'June': 1}
2001,1,6,04/06/2023,,{'Sunday': 1},{'June': 1}
1433,1,6,04/06/2023,,{'Sunday': 1},{'June': 1}
9361,1,6,03/06/2023,,{'Saturday': 1},{'June': 1}
7730,1,6,03/06/2023,,{'Saturday': 1},{'June': 1}
6499,1,6,03/06/2023,,{'Saturday': 1},{'June': 1}
4119,1,6,03/06/2023,,{'Saturday': 1},{'June': 1}
1866,1,6,03/06/2023,,{'Saturday': 1},{'June': 1}
0096,1,6,03/06/2023,,{'Saturday': 1},{'June': 1}
8829,1,6,31/05/2023,,{'Wednesday': 1},{'May': 1}
7608,1,6,31/05/2023,,{'Wednesday': 1},{'May': 1}
3455,1,6,19/02/2022,,{'Saturday': 1},{'February': 1}
2497,1,6,19/02/2022,,{'Saturday': 1},{'February': 1}
0257,1,6,19/02/2022,,{'Saturday': 1},{'February': 1}
8209,1,6,16/02/2022,,{'Wednesday': 1},{'February': 1}
3227,1,6,16/02/2022,,{'Wednesday': 1},{'February': 1}
6716,1,6,15/02/2022,,{'Tuesday': 1},{'February': 1}
2109,1,6,10/06/2023,,{'Saturday': 1},{'June': 1}
0142,1,6,10/06/2023,,{'Saturday': 1},{'June': 1}
8446,1,6,07/06/2023,,{'Wednesday': 1},{'June': 1}
7420,1,6,07/06/2023,,{'Wednesday': 1},{'June': 1}
5760,1,6,07/06/2023,,{'Wednesday': 1},{'June': 1}
2791,1,6,07/06/2023,,{'Wednesday': 1},{'June': 1}
8580,1,6,06/06/2023,,{'Tuesday': 1},{'June': 1}
1201,1,6,06/06/2023,,{'Tuesday': 1},{'June': 1}
1195,1,6,06/06/2023,,{'Tuesday': 1},{'June': 1}
8738,1,6,05/06/2023,,{'Monday': 1},{'June': 1}
4718,1,6,14/02/2022,,{'Monday': 1},{'February': 1}
2019,1,6,14/02/2022,,{'Monday': 1},{'February': 1}
0224,1,6,14/02/2022,,{'Monday': 1},{'February': 1}
6989,1,6,12/02/2022,,{'Saturday': 1},{'February': 1}
0562,1,6,03/10/2020,,{'Saturday': 1},{'October': 1}
7523,1,6,30/09/2020,,{'Wednesday': 1},{'September': 1}
5058,1,6,30/09/2020,,{'Wednesday': 1},{'September': 1}
3121,1,6,30/09/2020,,{'Wednesday': 1},{'September': 1}
8997,1,6,28/09/2020,,{'Monday': 1},{'September': 1}
8212,1,6,11/06/2023,,{'Sunday': 1},{'June': 1}
5280,1,6,11/06/2023,,{'Sunday': 1},{'June': 1}
4934,1,6,11/06/2023,,{'Sunday': 1},{'June': 1}
2166,1,6,21/02/2022,,{'Monday': 1},{'February': 1}
0550,1,6,21/02/2022,,{'Monday': 1},{'February': 1}
8542,1,6,19/02/2022,,{'Saturday': 1},{'February': 1}
5607,1,6,19/02/2022,,{'Saturday': 1},{'February': 1}
4429,1,6,14/06/2023,,{'Wednesday': 1},{'June': 1}
3556,1,6,14/06/2023,,{'Wednesday': 1},{'June': 1}
1819,1,6,14/06/2023,,{'Wednesday': 1},{'June': 1}
0627,1,6,14/06/2023,,{'Wednesday': 1},{'June': 1}
0105,1,6,14/06/2023,,{'Wednesday': 1},{'June': 1}
7830,1,6,13/06/2023,,{'Tuesday': 1},{'June': 1}
8383,1,6,12/06/2023,,{'Monday': 1},{'June': 1}
7079,1,6,03/10/2020,,{'Saturday': 1},{'October': 1}
6256,1,6,03/10/2020,,{'Saturday': 1},{'October': 1}
6331,1,6,15/02/2022,,{'Tuesday': 1},{'February': 1}
6079,1,6,15/02/2022,,{'Tuesday': 1},{'February': 1}
6075,1,6,15/02/2022,,{'Tuesday': 1},{'February': 1}
1364,1,6,15/02/2022,,{'Tuesday': 1},{'February': 1}
0797,1,6,15/02/2022,,{'Tuesday': 1},{'February': 1}
7313,1,6,14/02/2022,,{'Monday': 1},{'February': 1}
4915,1,6,14/02/2022,,{'Monday': 1},{'February': 1}
0348,1,6,09/02/2022,,{'Wednesday': 1},{'February': 1}
9819,1,6,08/02/2022,,{'Tuesday': 1},{'February': 1}
6821,1,6,08/02/2022,,{'Tuesday': 1},{'February': 1}
4732,1,6,08/02/2022,,{'Tuesday': 1},{'February': 1}
2375,1,6,02/02/2021,,{'Tuesday': 1},{'February': 1}
2132,1,6,20/06/2023,,{'Tuesday': 1},{'June': 1}
8755,1,6,19/06/2023,,{'Monday': 1},{'June': 1}
4028,1,6,19/06/2023,,{'Monday': 1},{'June': 1}
3586,1,6,19/06/2023,,{'Monday': 1},{'June': 1}
2603,1,6,19/06/2023,,{'Monday': 1},{'June': 1}
0111,1,6,19/06/2023,,{'Monday': 1},{'June': 1}
0516,1,6,18/06/2023,,{'Sunday': 1},{'June': 1}
8957,1,6,17/06/2023,,{'Saturday': 1},{'June': 1}
8945,1,6,17/06/2023,,{'Saturday': 1},{'June': 1}
4260,1,6,17/06/2023,,{'Saturday': 1},{'June': 1}
0810,1,6,17/06/2023,,{'Saturday': 1},{'June': 1}
0402,1,6,08/02/2022,,{'Tuesday': 1},{'February': 1}
8958,1,6,07/02/2022,,{'Monday': 1},{'February': 1}
9211,1,6,26/09/2020,,{'Saturday': 1},{'September': 1}
6318,1,6,26/09/2020,,{'Saturday': 1},{'September': 1}
4122,1,6,26/09/2020,,{'Saturday': 1},{'September': 1}
4724,1,6,24/06/2023,,{'Saturday': 1},{'June': 1}
4360,1,6,24/06/2023,,{'Saturday': 1},{'June': 1}
2879,1,6,24/06/2023,,{'Saturday': 1},{'June': 1}
0488,1,6,24/06/2023,,{'Saturday': 1},{'June': 1}
4445,1,6,21/06/2023,,{'Wednesday': 1},{'June': 1}
0909,1,6,21/06/2023,,{'Wednesday': 1},{'June': 1}
8901,1,6,20/06/2023,,{'Tuesday': 1},{'June': 1}
4819,1,6,12/02/2022,,{'Saturday': 1},{'February': 1}
4264,1,6,12/02/2022,,{'Saturday': 1},{'February': 1}
4072,1,6,12/02/2022,,{'Saturday': 1},{'February': 1}
3358,1,6,12/02/2022,,{'Saturday': 1},{'February': 1}
7011,1,6,27/06/2023,,{'Tuesday': 1},{'June': 1}
8660,1,6,26/06/2023,,{'Monday': 1},{'June': 1}
4705,1,6,26/06/2023,,{'Monday': 1},{'June': 1}
1901,1,6,26/06/2023,,{'Monday': 1},{'June': 1}
6773,1,6,25/06/2023,,{'Sunday': 1},{'June': 1}
5744,1,6,25/06/2023,,{'Sunday': 1},{'June': 1}
5837,1,6,28/09/2020,,{'Monday': 1},{'September': 1}
5592,1,6,28/09/2020,,{'Monday': 1},{'September': 1}
9520,1,6,01/02/2021,,{'Monday': 1},{'February': 1}
9235,1,6,01/02/2021,,{'Monday': 1},{'February': 1}
9190,1,6,01/02/2021,,{'Monday': 1},{'February': 1}
4695,1,6,01/02/2021,,{'Monday': 1},{'February': 1}
9689,1,6,30/01/2021,,{'Saturday': 1},{'January': 1}
6366,1,6,30/01/2021,,{'Saturday': 1},{'January': 1}
3234,1,6,08/02/2022,,{'Tuesday': 1},{'February': 1}
0821,1,6,08/02/2022,,{'Tuesday': 1},{'February': 1}
4162,1,6,05/02/2022,,{'Saturday': 1},{'February': 1}
3595,1,6,05/02/2022,,{'Saturday': 1},{'February': 1}
1700,1,6,05/02/2022,,{'Saturday': 1},{'February': 1}
6743,1,6,02/02/2022,,{'Wednesday': 1},{'February': 1}
4198,1,6,03/07/2023,,{'Monday': 1},{'July': 1}
2480,1,6,03/07/2023,,{'Monday': 1},{'July': 1}
5759,1,6,02/07/2023,,{'Sunday': 1},{'July': 1}
4069,1,6,02/07/2023,,{'Sunday': 1},{'July': 1}
3078,1,6,02/07/2023,,{'Sunday': 1},{'July': 1}
5506,1,6,01/07/2023,,{'Saturday': 1},{'July': 1}
4063,1,6,01/07/2023,,{'Saturday': 1},{'July': 1}
1821,1,6,01/07/2023,,{'Saturday': 1},{'July': 1}
5524,1,6,28/06/2023,,{'Wednesday': 1},{'June': 1}
1670,1,6,28/06/2023,,{'Wednesday': 1},{'June': 1}
1224,1,6,28/06/2023,,{'Wednesday': 1},{'June': 1}
0338,1,6,28/06/2023,,{'Wednesday': 1},{'June': 1}
3860,1,6,31/01/2022,,{'Monday': 1},{'January': 1}
8595,1,6,05/07/2023,,{'Wednesday': 1},{'July': 1}
7414,1,6,05/07/2023,,{'Wednesday': 1},{'July': 1}
5917,1,6,05/07/2023,,{'Wednesday': 1},{'July': 1}
4485,1,6,05/07/2023,,{'Wednesday': 1},{'July': 1}
2680,1,6,05/07/2023,,{'Wednesday': 1},{'July': 1}
8442,1,6,04/07/2023,,{'Tuesday': 1},{'July': 1}
7078,1,6,04/07/2023,,{'Tuesday': 1},{'July': 1}
4753,1,6,04/07/2023,,{'Tuesday': 1},{'July': 1}
2838,1,6,04/07/2023,,{'Tuesday': 1},{'July': 1}
8612,1,6,03/07/2023,,{'Monday': 1},{'July': 1}
7821,1,6,03/07/2023,,{'Monday': 1},{'July': 1}
4985,1,6,07/02/2022,,{'Monday': 1},{'February': 1}
4522,1,6,07/02/2022,,{'Monday': 1},{'February': 1}
1528,1,6,07/02/2022,,{'Monday': 1},{'February': 1}
6390,1,6,05/02/2022,,{'Saturday': 1},{'February': 1}
9596,1,6,10/07/2023,,{'Monday': 1},{'July': 1}
9469,1,6,10/07/2023,,{'Monday': 1},{'July': 1}
3861,1,6,10/07/2023,,{'Monday': 1},{'July': 1}
9351,1,6,09/07/2023,,{'Sunday': 1},{'July': 1}
8615,1,6,09/07/2023,,{'Sunday': 1},{'July': 1}
9978,1,6,08/07/2023,,{'Saturday': 1},{'July': 1}
8145,1,6,08/07/2023,,{'Saturday': 1},{'July': 1}
8130,1,6,08/07/2023,,{'Saturday': 1},{'July': 1}
5162,1,6,08/07/2023,,{'Saturday': 1},{'July': 1}
4970,1,6,02/02/2022,,{'Wednesday': 1},{'February': 1}
2545,1,6,02/02/2022,,{'Wednesday': 1},{'February': 1}
1879,1,6,02/02/2022,,{'Wednesday': 1},{'February': 1}
8433,1,6,01/02/2022,,{'Tuesday': 1},{'February': 1}
0647,1,6,01/02/2022,,{'Tuesday': 1},{'February': 1}
5432,1,6,31/01/2022,,{'Monday': 1},{'January': 1}
4180,1,6,31/01/2022,,{'Monday': 1},{'January': 1}
5998,1,6,25/01/2022,,{'Tuesday': 1},{'January': 1}
4921,1,6,25/01/2022,,{'Tuesday': 1},{'January': 1}
2233,1,6,25/01/2022,,{'Tuesday': 1},{'January': 1}
7783,1,6,24/01/2022,,{'Monday': 1},{'January': 1}
4369,1,6,16/07/2023,,{'Sunday': 1},{'July': 1}
7344,1,6,15/07/2023,,{'Saturday': 1},{'July': 1}
5676,1,6,15/07/2023,,{'Saturday': 1},{'July': 1}
5383,1,6,15/07/2023,,{'Saturday': 1},{'July': 1}
3840,1,6,15/07/2023,,{'Saturday': 1},{'July': 1}
3058,1,6,15/07/2023,,{'Saturday': 1},{'July': 1}
1615,1,6,15/07/2023,,{'Saturday': 1},{'July': 1}
9578,1,6,12/07/2023,,{'Wednesday': 1},{'July': 1}
8552,1,6,12/07/2023,,{'Wednesday': 1},{'July': 1}
9953,1,6,11/07/2023,,{'Tuesday': 1},{'July': 1}
2459,1,6,11/07/2023,,{'Tuesday': 1},{'July': 1}
1966,1,6,11/07/2023,,{'Tuesday': 1},{'July': 1}
9783,1,6,03/02/2021,,{'Wednesday': 1},{'February': 1}
2877,1,6,19/07/2023,,{'Wednesday': 1},{'July': 1}
2821,1,6,19/07/2023,,{'Wednesday': 1},{'July': 1}
9383,1,6,18/07/2023,,{'Tuesday': 1},{'July': 1}
9277,1,6,18/07/2023,,{'Tuesday': 1},{'July': 1}
6869,1,6,18/07/2023,,{'Tuesday': 1},{'July': 1}
8746,1,6,17/07/2023,,{'Monday': 1},{'July': 1}
6999,1,6,17/07/2023,,{'Monday': 1},{'July': 1}
5994,1,6,17/07/2023,,{'Monday': 1},{'July': 1}
0253,1,6,17/07/2023,,{'Monday': 1},{'July': 1}
8134,1,6,16/07/2023,,{'Sunday': 1},{'July': 1}
8303,1,6,29/01/2022,,{'Saturday': 1},{'January': 1}
8196,1,6,29/01/2022,,{'Saturday': 1},{'January': 1}
6435,1,6,29/01/2022,,{'Saturday': 1},{'January': 1}
1886,1,6,29/01/2022,,{'Saturday': 1},{'January': 1}
6433,1,6,25/01/2022,,{'Tuesday': 1},{'January': 1}
4887,1,6,22/09/2020,,{'Tuesday': 1},{'September': 1}
4431,1,6,22/09/2020,,{'Tuesday': 1},{'September': 1}
3757,1,6,22/09/2020,,{'Tuesday': 1},{'September': 1}
3408,1,6,22/09/2020,,{'Tuesday': 1},{'September': 1}
3934,1,6,16/09/2020,,{'Wednesday': 1},{'September': 1}
1161,1,6,23/07/2023,,{'Sunday': 1},{'July': 1}
8566,1,6,22/07/2023,,{'Saturday': 1},{'July': 1}
7267,1,6,22/07/2023,,{'Saturday': 1},{'July': 1}
9324,1,6,19/07/2023,,{'Wednesday': 1},{'July': 1}
5646,1,6,24/01/2022,,{'Monday': 1},{'January': 1}
4812,1,6,24/01/2022,,{'Monday': 1},{'January': 1}
5241,1,6,22/01/2022,,{'Saturday': 1},{'January': 1}
4136,1,6,22/01/2022,,{'Saturday': 1},{'January': 1}
2664,1,6,22/01/2022,,{'Saturday': 1},{'January': 1}
8902,1,6,19/01/2022,,{'Wednesday': 1},{'January': 1}
0878,1,6,06/02/2021,,{'Saturday': 1},{'February': 1}
8536,1,6,29/07/2023,,{'Saturday': 1},{'July': 1}
0698,1,6,29/07/2023,,{'Saturday': 1},{'July': 1}
8157,1,6,25/07/2023,,{'Tuesday': 1},{'July': 1}
6837,1,6,25/07/2023,,{'Tuesday': 1},{'July': 1}
6609,1,6,24/07/2023,,{'Monday': 1},{'July': 1}
1671,1,6,23/07/2023,,{'Sunday': 1},{'July': 1}
1820,1,6,26/09/2020,,{'Saturday': 1},{'September': 1}
8471,1,6,03/02/2021,,{'Wednesday': 1},{'February': 1}
6291,1,6,02/02/2021,,{'Tuesday': 1},{'February': 1}
2583,1,6,02/02/2021,,{'Tuesday': 1},{'February': 1}
7161,1,6,19/01/2022,,{'Wednesday': 1},{'January': 1}
6027,1,6,19/01/2022,,{'Wednesday': 1},{'January': 1}
0823,1,6,19/01/2022,,{'Wednesday': 1},{'January': 1}
2853,1,6,18/01/2022,,{'Tuesday': 1},{'January': 1}
9797,1,6,17/01/2022,,{'Monday': 1},{'January': 1}
9617,1,6,17/01/2022,,{'Monday': 1},{'January': 1}
3577,1,6,01/08/2023,,{'Tuesday': 1},{'August': 1}
9228,1,6,31/07/2023,,{'Monday': 1},{'July': 1}
7928,1,6,31/07/2023,,{'Monday': 1},{'July': 1}
5363,1,6,31/07/2023,,{'Monday': 1},{'July': 1}
3520,1,6,31/07/2023,,{'Monday': 1},{'July': 1}
9563,1,6,30/07/2023,,{'Sunday': 1},{'July': 1}
6718,1,6,30/07/2023,,{'Sunday': 1},{'July': 1}
4691,1,6,30/07/2023,,{'Sunday': 1},{'July': 1}
1777,1,6,30/07/2023,,{'Sunday': 1},{'July': 1}
8458,1,6,17/01/2022,,{'Monday': 1},{'January': 1}
5414,1,6,17/01/2022,,{'Monday': 1},{'January': 1}
7720,1,6,15/01/2022,,{'Saturday': 1},{'January': 1}
6830,1,6,15/01/2022,,{'Saturday': 1},{'January': 1}
5209,1,6,15/01/2022,,{'Saturday': 1},{'January': 1}
9993,1,6,12/01/2022,,{'Wednesday': 1},{'January': 1}
9127,1,6,29/07/2023,,{'Saturday': 1},{'July': 1}
0017,1,6,11/01/2022,,{'Tuesday': 1},{'January': 1}
9663,1,6,10/01/2022,,{'Monday': 1},{'January': 1}
8824,1,6,10/01/2022,,{'Monday': 1},{'January': 1}
2886,1,6,06/08/2023,,{'Sunday': 1},{'August': 1}
1795,1,6,06/08/2023,,{'Sunday': 1},{'August': 1}
0070,1,6,06/08/2023,,{'Sunday': 1},{'August': 1}
6572,1,6,05/08/2023,,{'Saturday': 1},{'August': 1}
3470,1,6,05/08/2023,,{'Saturday': 1},{'August': 1}
7987,1,6,02/08/2023,,{'Wednesday': 1},{'August': 1}
5243,1,6,02/08/2023,,{'Wednesday': 1},{'August': 1}
4602,1,6,02/08/2023,,{'Wednesday': 1},{'August': 1}
1525,1,6,02/08/2023,,{'Wednesday': 1},{'August': 1}
9585,1,6,01/08/2023,,{'Tuesday': 1},{'August': 1}
8768,1,6,01/08/2023,,{'Tuesday': 1},{'August': 1}
6618,1,6,01/08/2023,,{'Tuesday': 1},{'August': 1}
5854,1,6,01/08/2023,,{'Tuesday': 1},{'August': 1}
0583,1,6,12/08/2023,,{'Saturday': 1},{'August': 1}
9582,1,6,09/08/2023,,{'Wednesday': 1},{'August': 1}
7087,1,6,09/08/2023,,{'Wednesday': 1},{'August': 1}
5064,1,6,09/08/2023,,{'Wednesday': 1},{'August': 1}
2792,1,6,09/08/2023,,{'Wednesday': 1},{'August': 1}
0036,1,6,09/08/2023,,{'Wednesday': 1},{'August': 1}
6658,1,6,08/08/2023,,{'Tuesday': 1},{'August': 1}
6333,1,6,08/08/2023,,{'Tuesday': 1},{'August': 1}
5788,1,6,07/08/2023,,{'Monday': 1},{'August': 1}
5284,1,6,06/08/2023,,{'Sunday': 1},{'August': 1}
3583,1,6,12/01/2022,,{'Wednesday': 1},{'January': 1}
0475,1,6,12/01/2022,,{'Wednesday': 1},{'January': 1}
8474,1,6,11/01/2022,,{'Tuesday': 1},{'January': 1}
7445,1,6,11/01/2022,,{'Tuesday': 1},{'January': 1}
5995,1,6,11/01/2022,,{'Tuesday': 1},{'January': 1}
4455,1,6,11/01/2022,,{'Tuesday': 1},{'January': 1}
9328,1,6,14/08/2023,,{'Monday': 1},{'August': 1}
6856,1,6,14/08/2023,,{'Monday': 1},{'August': 1}
6172,1,6,14/08/2023,,{'Monday': 1},{'August': 1}
8200,1,6,13/08/2023,,{'Sunday': 1},{'August': 1}
5447,1,6,12/08/2023,,{'Saturday': 1},{'August': 1}
3914,1,6,12/08/2023,,{'Saturday': 1},{'August': 1}
2931,1,6,12/08/2023,,{'Saturday': 1},{'August': 1}
1442,1,6,10/01/2022,,{'Monday': 1},{'January': 1}
0725,1,6,10/01/2022,,{'Monday': 1},{'January': 1}
9446,1,6,08/01/2022,,{'Saturday': 1},{'January': 1}
9163,1,6,08/01/2022,,{'Saturday': 1},{'January': 1}
6096,1,6,08/01/2022,,{'Saturday': 1},{'January': 1}
1831,1,6,08/01/2022,,{'Saturday': 1},{'January': 1}
8014,1,6,05/01/2022,,{'Wednesday': 1},{'January': 1}
4646,1,6,05/01/2022,,{'Wednesday': 1},{'January': 1}
0412,1,6,05/01/2022,,{'Wednesday': 1},{'January': 1}
3261,1,6,04/01/2022,,{'Tuesday': 1},{'January': 1}
0732,1,6,22/08/2023,,{'Tuesday': 1},{'August': 1}
7322,1,6,21/08/2023,,{'Monday': 1},{'August': 1}
0038,1,6,21/08/2023,,{'Monday': 1},{'August': 1}
4993,1,6,20/08/2023,,{'Sunday': 1},{'August': 1}
4720,1,6,20/08/2023,,{'Sunday': 1},{'August': 1}
4284,1,6,20/08/2023,,{'Sunday': 1},{'August': 1}
4175,1,6,20/08/2023,,{'Sunday': 1},{'August': 1}
2391,1,6,20/08/2023,,{'Sunday': 1},{'August': 1}
9899,1,6,19/08/2023,,{'Saturday': 1},{'August': 1}
6136,1,6,19/08/2023,,{'Saturday': 1},{'August': 1}
5403,1,6,19/08/2023,,{'Saturday': 1},{'August': 1}
4103,1,6,19/08/2023,,{'Saturday': 1},{'August': 1}
8680,1,6,16/08/2023,,{'Wednesday': 1},{'August': 1}
4312,1,6,16/08/2023,,{'Wednesday': 1},{'August': 1}
2345,1,6,16/08/2023,,{'Wednesday': 1},{'August': 1}
0487,1,6,26/08/2023,,{'Saturday': 1},{'August': 1}
9588,1,6,23/08/2023,,{'Wednesday': 1},{'August': 1}
4785,1,6,23/08/2023,,{'Wednesday': 1},{'August': 1}
0461,1,6,23/08/2023,,{'Wednesday': 1},{'August': 1}
9630,1,6,22/08/2023,,{'Tuesday': 1},{'August': 1}
7325,1,6,22/08/2023,,{'Tuesday': 1},{'August': 1}
4801,1,6,22/08/2023,,{'Tuesday': 1},{'August': 1}
2593,1,6,22/08/2023,,{'Tuesday': 1},{'August': 1}
1291,1,6,22/08/2023,,{'Tuesday': 1},{'August': 1}
5349,1,6,08/02/2021,,{'Monday': 1},{'February': 1}
2508,1,6,08/02/2021,,{'Monday': 1},{'February': 1}
1051,1,6,08/02/2021,,{'Monday': 1},{'February': 1}
0700,1,6,08/02/2021,,{'Monday': 1},{'February': 1}
4647,1,6,06/02/2021,,{'Saturday': 1},{'February': 1}
8532,1,6,04/01/2022,,{'Tuesday': 1},{'January': 1}
5396,1,6,04/01/2022,,{'Tuesday': 1},{'January': 1}
1314,1,6,01/01/2022,,{'Saturday': 1},{'January': 1}
7125,1,6,02/09/2023,,{'Saturday': 1},{'September': 1}
8182,1,6,30/08/2023,,{'Wednesday': 1},{'August': 1}
6119,1,6,30/08/2023,,{'Wednesday': 1},{'August': 1}
4179,1,6,30/08/2023,,{'Wednesday': 1},{'August': 1}
8726,1,6,28/08/2023,,{'Monday': 1},{'August': 1}
6936,1,6,28/08/2023,,{'Monday': 1},{'August': 1}
5831,1,6,28/08/2023,,{'Monday': 1},{'August': 1}
3006,1,6,28/08/2023,,{'Monday': 1},{'August': 1}
2183,1,6,28/08/2023,,{'Monday': 1},{'August': 1}
0532,1,6,28/08/2023,,{'Monday': 1},{'August': 1}
8952,1,6,27/08/2023,,{'Sunday': 1},{'August': 1}
2778,1,6,27/08/2023,,{'Sunday': 1},{'August': 1}
7098,1,6,26/08/2023,,{'Saturday': 1},{'August': 1}
5276,1,6,26/08/2023,,{'Saturday': 1},{'August': 1}
4506,1,6,26/08/2023,,{'Saturday': 1},{'August': 1}
8636,1,6,14/09/2020,,{'Monday': 1},{'September': 1}
7403,1,6,14/09/2020,,{'Monday': 1},{'September': 1}
3622,1,6,14/09/2020,,{'Monday': 1},{'September': 1}
2013,1,6,14/09/2020,,{'Monday': 1},{'September': 1}
0443,1,6,14/09/2020,,{'Monday': 1},{'September': 1}
0870,1,6,04/09/2023,,{'Monday': 1},{'September': 1}
0703,1,6,04/09/2023,,{'Monday': 1},{'September': 1}
8649,1,6,03/09/2023,,{'Sunday': 1},{'September': 1}
2117,1,6,03/09/2023,,{'Sunday': 1},{'September': 1}
6848,1,6,03/01/2022,,{'Monday': 1},{'January': 1}
4557,1,6,03/01/2022,,{'Monday': 1},{'January': 1}
0637,1,6,03/01/2022,,{'Monday': 1},{'January': 1}
9555,1,6,01/01/2022,,{'Saturday': 1},{'January': 1}
9051,1,6,01/01/2022,,{'Saturday': 1},{'January': 1}
6640,1,6,01/01/2022,,{'Saturday': 1},{'January': 1}
3157,1,6,01/01/2022,,{'Saturday': 1},{'January': 1}
2450,1,6,27/12/2021,,{'Monday': 1},{'December': 1}
1177,1,6,27/12/2021,,{'Monday': 1},{'December': 1}
7892,1,6,09/09/2023,,{'Saturday': 1},{'September': 1}
8939,1,6,06/09/2023,,{'Wednesday': 1},{'September': 1}
4235,1,6,06/09/2023,,{'Wednesday': 1},{'September': 1}
0989,1,6,06/09/2023,,{'Wednesday': 1},{'September': 1}
4229,1,6,05/09/2023,,{'Tuesday': 1},{'September': 1}
2793,1,6,05/09/2023,,{'Tuesday': 1},{'September': 1}
2705,1,6,05/09/2023,,{'Tuesday': 1},{'September': 1}
0954,1,6,05/09/2023,,{'Tuesday': 1},{'September': 1}
7885,1,6,04/09/2023,,{'Monday': 1},{'September': 1}
5002,1,6,04/09/2023,,{'Monday': 1},{'September': 1}
1686,1,6,04/09/2023,,{'Monday': 1},{'September': 1}
1536,1,6,04/09/2023,,{'Monday': 1},{'September': 1}
2500,1,6,16/09/2020,,{'Wednesday': 1},{'September': 1}
8877,1,6,14/09/2020,,{'Monday': 1},{'September': 1}
2384,1,6,13/09/2023,,{'Wednesday': 1},{'September': 1}
1318,1,6,13/09/2023,,{'Wednesday': 1},{'September': 1}
7986,1,6,12/09/2023,,{'Tuesday': 1},{'September': 1}
7711,1,6,12/09/2023,,{'Tuesday': 1},{'September': 1}
6262,1,6,12/09/2023,,{'Tuesday': 1},{'September': 1}
3283,1,6,12/09/2023,,{'Tuesday': 1},{'September': 1}
8331,1,6,11/09/2023,,{'Monday': 1},{'September': 1}
5525,1,6,11/09/2023,,{'Monday': 1},{'September': 1}
7553,1,6,10/09/2023,,{'Sunday': 1},{'September': 1}
9516,1,6,09/09/2023,,{'Saturday': 1},{'September': 1}
9269,1,6,29/12/2021,,{'Wednesday': 1},{'December': 1}
3241,1,6,29/12/2021,,{'Wednesday': 1},{'December': 1}
2865,1,6,29/12/2021,,{'Wednesday': 1},{'December': 1}
3945,1,6,28/12/2021,,{'Tuesday': 1},{'December': 1}
3587,1,6,27/12/2021,,{'Monday': 1},{'December': 1}
3347,1,6,27/12/2021,,{'Monday': 1},{'December': 1}
9142,1,6,21/12/2021,,{'Tuesday': 1},{'December': 1}
5726,1,6,21/12/2021,,{'Tuesday': 1},{'December': 1}
7925,1,6,10/02/2021,,{'Wednesday': 1},{'February': 1}
6361,1,6,10/02/2021,,{'Wednesday': 1},{'February': 1}
8922,1,6,18/09/2023,,{'Monday': 1},{'September': 1}
8422,1,6,18/09/2023,,{'Monday': 1},{'September': 1}
6092,1,6,18/09/2023,,{'Monday': 1},{'September': 1}
5873,1,6,18/09/2023,,{'Monday': 1},{'September': 1}
1668,1,6,18/09/2023,,{'Monday': 1},{'September': 1}
4675,1,6,17/09/2023,,{'Sunday': 1},{'September': 1}
0312,1,6,17/09/2023,,{'Sunday': 1},{'September': 1}
7209,1,6,16/09/2023,,{'Saturday': 1},{'September': 1}
1189,1,6,16/09/2023,,{'Saturday': 1},{'September': 1}
3254,1,6,13/09/2023,,{'Wednesday': 1},{'September': 1}
2519,1,6,13/09/2023,,{'Wednesday': 1},{'September': 1}
2476,1,6,13/09/2023,,{'Wednesday': 1},{'September': 1}
4447,1,6,20/12/2021,,{'Monday': 1},{'December': 1}
2059,1,6,24/09/2023,,{'Sunday': 1},{'September': 1}
1192,1,6,24/09/2023,,{'Sunday': 1},{'September': 1}
0115,1,6,24/09/2023,,{'Sunday': 1},{'September': 1}
9504,1,6,23/09/2023,,{'Saturday': 1},{'September': 1}
2679,1,6,23/09/2023,,{'Saturday': 1},{'September': 1}
1800,1,6,23/09/2023,,{'Saturday': 1},{'September': 1}
1665,1,6,23/09/2023,,{'Saturday': 1},{'September': 1}
9007,1,6,19/09/2023,,{'Tuesday': 1},{'September': 1}
6518,1,6,19/09/2023,,{'Tuesday': 1},{'September': 1}
6128,1,6,19/09/2023,,{'Tuesday': 1},{'September': 1}
8160,1,6,25/12/2021,,{'Saturday': 1},{'December': 1}
1241,1,6,25/12/2021,,{'Saturday': 1},{'December': 1}
7361,1,6,22/12/2021,,{'Wednesday': 1},{'December': 1}
6561,1,6,22/12/2021,,{'Wednesday': 1},{'December': 1}
4662,1,6,22/12/2021,,{'Wednesday': 1},{'December': 1}
9126,1,6,26/09/2023,,{'Tuesday': 1},{'September': 1}
1792,1,6,26/09/2023,,{'Tuesday': 1},{'September': 1}
0190,1,6,26/09/2023,,{'Tuesday': 1},{'September': 1}
7334,1,6,25/09/2023,,{'Monday': 1},{'September': 1}
5268,1,6,25/09/2023,,{'Monday': 1},{'September': 1}
4794,1,6,25/09/2023,,{'Monday': 1},{'September': 1}
1783,1,6,25/09/2023,,{'Monday': 1},{'September': 1}
3896,1,6,24/09/2023,,{'Sunday': 1},{'September': 1}
5287,1,6,10/02/2021,,{'Wednesday': 1},{'February': 1}
5051,1,6,10/02/2021,,{'Wednesday': 1},{'February': 1}
1117,1,6,10/02/2021,,{'Wednesday': 1},{'February': 1}
7629,1,6,09/02/2021,,{'Tuesday': 1},{'February': 1}
6898,1,6,09/02/2021,,{'Tuesday': 1},{'February': 1}
1559,1,6,09/02/2021,,{'Tuesday': 1},{'February': 1}
9113,1,6,20/12/2021,,{'Monday': 1},{'December': 1}
6444,1,6,20/12/2021,,{'Monday': 1},{'December': 1}
7458,1,6,08/09/2020,,{'Tuesday': 1},{'September': 1}
1026,1,6,08/09/2020,,{'Tuesday': 1},{'September': 1}
7054,1,6,30/09/2023,,{'Saturday': 1},{'September': 1}
9341,1,6,27/09/2023,,{'Wednesday': 1},{'September': 1}
4193,1,6,27/09/2023,,{'Wednesday': 1},{'September': 1}
0390,1,6,20/12/2021,,{'Monday': 1},{'December': 1}
8421,1,6,18/12/2021,,{'Saturday': 1},{'December': 1}
7865,1,6,18/12/2021,,{'Saturday': 1},{'December': 1}
0377,1,6,18/12/2021,,{'Saturday': 1},{'December': 1}
3422,1,6,15/12/2021,,{'Wednesday': 1},{'December': 1}
2937,1,6,15/12/2021,,{'Wednesday': 1},{'December': 1}
2441,1,6,15/12/2021,,{'Wednesday': 1},{'December': 1}
8221,1,6,14/12/2021,,{'Tuesday': 1},{'December': 1}
3802,1,6,27/09/2023,,{'Wednesday': 1},{'September': 1}
3176,1,6,27/09/2023,,{'Wednesday': 1},{'September': 1}
2984,1,6,27/09/2023,,{'Wednesday': 1},{'September': 1}
2088,1,6,07/10/2023,,{'Saturday': 1},{'October': 1}
1294,1,6,07/10/2023,,{'Saturday': 1},{'October': 1}
6992,1,6,04/10/2023,,{'Wednesday': 1},{'October': 1}
4661,1,6,04/10/2023,,{'Wednesday': 1},{'October': 1}
1316,1,6,04/10/2023,,{'Wednesday': 1},{'October': 1}
0933,1,6,03/10/2023,,{'Tuesday': 1},{'October': 1}
0328,1,6,03/10/2023,,{'Tuesday': 1},{'October': 1}
8885,1,6,01/10/2023,,{'Sunday': 1},{'October': 1}
4947,1,6,01/10/2023,,{'Sunday': 1},{'October': 1}
3721,1,6,12/09/2020,,{'Saturday': 1},{'September': 1}
3207,1,6,14/12/2021,,{'Tuesday': 1},{'December': 1}
2297,1,6,14/12/2021,,{'Tuesday': 1},{'December': 1}
1909,1,6,14/12/2021,,{'Tuesday': 1},{'December': 1}
9316,1,6,13/12/2021,,{'Monday': 1},{'December': 1}
4219,1,6,13/12/2021,,{'Monday': 1},{'December': 1}
1633,1,6,13/12/2021,,{'Monday': 1},{'December': 1}
6409,1,6,11/10/2023,,{'Wednesday': 1},{'October': 1}
5233,1,6,11/10/2023,,{'Wednesday': 1},{'October': 1}
4569,1,6,11/10/2023,,{'Wednesday': 1},{'October': 1}
2326,1,6,11/10/2023,,{'Wednesday': 1},{'October': 1}
9975,1,6,10/10/2023,,{'Tuesday': 1},{'October': 1}
8475,1,6,10/10/2023,,{'Tuesday': 1},{'October': 1}
3184,1,6,10/10/2023,,{'Tuesday': 1},{'October': 1}
7686,1,6,09/10/2023,,{'Monday': 1},{'October': 1}
2209,1,6,09/10/2023,,{'Monday': 1},{'October': 1}
1667,1,6,09/10/2023,,{'Monday': 1},{'October': 1}
0799,1,6,09/10/2023,,{'Monday': 1},{'October': 1}
9667,1,6,08/10/2023,,{'Sunday': 1},{'October': 1}
9592,1,6,08/10/2023,,{'Sunday': 1},{'October': 1}
9187,1,6,08/10/2023,,{'Sunday': 1},{'October': 1}
2899,1,6,08/10/2023,,{'Sunday': 1},{'October': 1}
9711,1,6,07/10/2023,,{'Saturday': 1},{'October': 1}
7254,1,6,07/12/2021,,{'Tuesday': 1},{'December': 1}
6341,1,6,07/12/2021,,{'Tuesday': 1},{'December': 1}
0548,1,6,07/12/2021,,{'Tuesday': 1},{'December': 1}
0500,1,6,07/12/2021,,{'Tuesday': 1},{'December': 1}
7229,1,6,06/12/2021,,{'Monday': 1},{'December': 1}
0510,1,6,17/10/2023,,{'Tuesday': 1},{'October': 1}
7767,1,6,16/10/2023,,{'Monday': 1},{'October': 1}
4619,1,6,16/10/2023,,{'Monday': 1},{'October': 1}
4399,1,6,16/10/2023,,{'Monday': 1},{'October': 1}
2996,1,6,16/10/2023,,{'Monday': 1},{'October': 1}
5948,1,6,15/10/2023,,{'Sunday': 1},{'October': 1}
2374,1,6,15/10/2023,,{'Sunday': 1},{'October': 1}
9640,1,6,14/10/2023,,{'Saturday': 1},{'October': 1}
8898,1,6,14/10/2023,,{'Saturday': 1},{'October': 1}
6121,1,6,14/10/2023,,{'Saturday': 1},{'October': 1}
9521,1,6,11/10/2023,,{'Wednesday': 1},{'October': 1}
9326,1,6,01/12/2021,,{'Wednesday': 1},{'December': 1}
5807,1,6,01/12/2021,,{'Wednesday': 1},{'December': 1}
7555,1,6,21/10/2023,,{'Saturday': 1},{'October': 1}
3133,1,6,21/10/2023,,{'Saturday': 1},{'October': 1}
1401,1,6,21/10/2023,,{'Saturday': 1},{'October': 1}
0831,1,6,21/10/2023,,{'Saturday': 1},{'October': 1}
9931,1,6,18/10/2023,,{'Wednesday': 1},{'October': 1}
6138,1,6,18/10/2023,,{'Wednesday': 1},{'October': 1}
9056,1,6,17/10/2023,,{'Tuesday': 1},{'October': 1}
8417,1,6,17/10/2023,,{'Tuesday': 1},{'October': 1}
7781,1,6,17/10/2023,,{'Tuesday': 1},{'October': 1}
6461,1,6,17/10/2023,,{'Tuesday': 1},{'October': 1}
5055,1,6,11/12/2021,,{'Saturday': 1},{'December': 1}
4192,1,6,08/12/2021,,{'Wednesday': 1},{'December': 1}
2898,1,6,08/12/2021,,{'Wednesday': 1},{'December': 1}
1028,1,6,08/12/2021,,{'Wednesday': 1},{'December': 1}
8937,1,6,24/10/2023,,{'Tuesday': 1},{'October': 1}
8586,1,6,24/10/2023,,{'Tuesday': 1},{'October': 1}
2324,1,6,24/10/2023,,{'Tuesday': 1},{'October': 1}
9085,1,6,23/10/2023,,{'Monday': 1},{'October': 1}
0788,1,6,23/10/2023,,{'Monday': 1},{'October': 1}
5422,1,6,22/10/2023,,{'Sunday': 1},{'October': 1}
9047,1,6,21/10/2023,,{'Saturday': 1},{'October': 1}
7148,1,6,06/12/2021,,{'Monday': 1},{'December': 1}
4846,1,6,06/12/2021,,{'Monday': 1},{'December': 1}
2942,1,6,06/12/2021,,{'Monday': 1},{'December': 1}
6185,1,6,04/12/2021,,{'Saturday': 1},{'December': 1}
5013,1,6,04/12/2021,,{'Saturday': 1},{'December': 1}
3196,1,6,04/12/2021,,{'Saturday': 1},{'December': 1}
1823,1,6,04/12/2021,,{'Saturday': 1},{'December': 1}
1152,1,6,04/12/2021,,{'Saturday': 1},{'December': 1}
0052,1,6,04/12/2021,,{'Saturday': 1},{'December': 1}
0324,1,6,30/11/2021,,{'Tuesday': 1},{'November': 1}
9714,1,6,29/11/2021,,{'Monday': 1},{'November': 1}
2449,1,6,15/02/2021,,{'Monday': 1},{'February': 1}
7142,1,6,31/10/2023,,{'Tuesday': 1},{'October': 1}
2455,1,6,31/10/2023,,{'Tuesday': 1},{'October': 1}
6626,1,6,30/10/2023,,{'Monday': 1},{'October': 1}
9245,1,6,29/10/2023,,{'Sunday': 1},{'October': 1}
0984,1,6,29/10/2023,,{'Sunday': 1},{'October': 1}
9602,1,6,28/10/2023,,{'Saturday': 1},{'October': 1}
6476,1,6,28/10/2023,,{'Saturday': 1},{'October': 1}
1368,1,6,28/10/2023,,{'Saturday': 1},{'October': 1}
5194,1,6,25/10/2023,,{'Wednesday': 1},{'October': 1}
5176,1,6,25/10/2023,,{'Wednesday': 1},{'October': 1}
4530,1,6,25/10/2023,,{'Wednesday': 1},{'October': 1}
2586,1,6,25/10/2023,,{'Wednesday': 1},{'October': 1}
0129,1,6,25/10/2023,,{'Wednesday': 1},{'October': 1}
8301,1,6,04/11/2023,,{'Saturday': 1},{'November': 1}
5408,1,6,04/11/2023,,{'Saturday': 1},{'November': 1}
1563,1,6,04/11/2023,,{'Saturday': 1},{'November': 1}
9837,1,6,01/11/2023,,{'Wednesday': 1},{'November': 1}
9265,1,6,01/11/2023,,{'Wednesday': 1},{'November': 1}
8715,1,6,01/11/2023,,{'Wednesday': 1},{'November': 1}
8682,1,6,01/11/2023,,{'Wednesday': 1},{'November': 1}
7153,1,6,01/11/2023,,{'Wednesday': 1},{'November': 1}
7117,1,6,01/11/2023,,{'Wednesday': 1},{'November': 1}
5427,1,6,01/11/2023,,{'Wednesday': 1},{'November': 1}
9613,1,6,31/10/2023,,{'Tuesday': 1},{'October': 1}
4236,1,6,01/12/2021,,{'Wednesday': 1},{'December': 1}
9805,1,6,30/11/2021,,{'Tuesday': 1},{'November': 1}
8705,1,6,30/11/2021,,{'Tuesday': 1},{'November': 1}
8349,1,6,30/11/2021,,{'Tuesday': 1},{'November': 1}
6459,1,6,30/11/2021,,{'Tuesday': 1},{'November': 1}
9026,1,6,08/11/2023,,{'Wednesday': 1},{'November': 1}
5583,1,6,08/11/2023,,{'Wednesday': 1},{'November': 1}
4961,1,6,08/11/2023,,{'Wednesday': 1},{'November': 1}
2515,1,6,08/11/2023,,{'Wednesday': 1},{'November': 1}
9624,1,6,07/11/2023,,{'Tuesday': 1},{'November': 1}
8165,1,6,07/11/2023,,{'Tuesday': 1},{'November': 1}
0423,1,6,07/11/2023,,{'Tuesday': 1},{'November': 1}
1786,1,6,06/11/2023,,{'Monday': 1},{'November': 1}
6651,1,6,13/02/2021,,{'Saturday': 1},{'February': 1}
1793,1,6,13/02/2021,,{'Saturday': 1},{'February': 1}
9531,1,6,29/11/2021,,{'Monday': 1},{'November': 1}
8516,1,6,29/11/2021,,{'Monday': 1},{'November': 1}
7966,1,6,29/11/2021,,{'Monday': 1},{'November': 1}
2329,1,6,29/11/2021,,{'Monday': 1},{'November': 1}
9934,1,6,27/11/2021,,{'Saturday': 1},{'November': 1}
7034,1,6,05/11/2023,,{'Sunday': 1},{'November': 1}
3479,1,6,14/11/2023,,{'Tuesday': 1},{'November': 1}
1338,1,6,14/11/2023,,{'Tuesday': 1},{'November': 1}
6910,1,6,13/11/2023,,{'Monday': 1},{'November': 1}
5034,1,6,13/11/2023,,{'Monday': 1},{'November': 1}
0876,1,6,13/11/2023,,{'Monday': 1},{'November': 1}
5530,1,6,12/11/2023,,{'Sunday': 1},{'November': 1}
4114,1,6,12/11/2023,,{'Sunday': 1},{'November': 1}
2339,1,6,12/11/2023,,{'Sunday': 1},{'November': 1}
2285,1,6,12/11/2023,,{'Sunday': 1},{'November': 1}
1790,1,6,12/11/2023,,{'Sunday': 1},{'November': 1}
1495,1,6,12/11/2023,,{'Sunday': 1},{'November': 1}
9951,1,6,11/11/2023,,{'Saturday': 1},{'November': 1}
8851,1,6,11/11/2023,,{'Saturday': 1},{'November': 1}
6559,1,6,11/11/2023,,{'Saturday': 1},{'November': 1}
6150,1,6,11/11/2023,,{'Saturday': 1},{'November': 1}
5362,1,6,11/11/2023,,{'Saturday': 1},{'November': 1}
4518,1,6,18/11/2023,,{'Saturday': 1},{'November': 1}
3425,1,6,18/11/2023,,{'Saturday': 1},{'November': 1}
0451,1,6,18/11/2023,,{'Saturday': 1},{'November': 1}
8309,1,6,15/11/2023,,{'Wednesday': 1},{'November': 1}
7262,1,6,15/11/2023,,{'Wednesday': 1},{'November': 1}
4731,1,6,15/11/2023,,{'Wednesday': 1},{'November': 1}
4568,1,6,15/11/2023,,{'Wednesday': 1},{'November': 1}
4240,1,6,15/11/2023,,{'Wednesday': 1},{'November': 1}
6682,1,6,14/11/2023,,{'Tuesday': 1},{'November': 1}
3734,1,6,14/11/2023,,{'Tuesday': 1},{'November': 1}
8078,1,6,27/11/2021,,{'Saturday': 1},{'November': 1}
3420,1,6,24/11/2021,,{'Wednesday': 1},{'November': 1}
2300,1,6,24/11/2021,,{'Wednesday': 1},{'November': 1}
0453,1,6,24/11/2021,,{'Wednesday': 1},{'November': 1}
7007,1,6,23/11/2021,,{'Tuesday': 1},{'November': 1}
6398,1,6,23/11/2021,,{'Tuesday': 1},{'November': 1}
5120,1,6,29/08/2020,,{'Saturday': 1},{'August': 1}
3308,1,6,29/08/2020,,{'Saturday': 1},{'August': 1}
0436,1,6,20/11/2023,,{'Monday': 1},{'November': 1}
7392,1,6,19/11/2023,,{'Sunday': 1},{'November': 1}
2492,1,6,19/11/2023,,{'Sunday': 1},{'November': 1}
0555,1,6,22/11/2021,,{'Monday': 1},{'November': 1}
8159,1,6,20/11/2021,,{'Saturday': 1},{'November': 1}
7712,1,6,20/11/2021,,{'Saturday': 1},{'November': 1}
6787,1,6,20/11/2021,,{'Saturday': 1},{'November': 1}
3326,1,6,20/11/2021,,{'Saturday': 1},{'November': 1}
9385,1,6,17/11/2021,,{'Wednesday': 1},{'November': 1}
2666,1,6,17/02/2021,,{'Wednesday': 1},{'February': 1}
0687,1,6,17/02/2021,,{'Wednesday': 1},{'February': 1}
1656,1,6,19/11/2023,,{'Sunday': 1},{'November': 1}
9484,1,6,18/11/2023,,{'Saturday': 1},{'November': 1}
6965,1,6,18/11/2023,,{'Saturday': 1},{'November': 1}
1672,1,6,16/11/2021,,{'Tuesday': 1},{'November': 1}
4986,1,6,15/11/2021,,{'Monday': 1},{'November': 1}
7796,1,6,25/11/2023,,{'Saturday': 1},{'November': 1}
4880,1,6,25/11/2023,,{'Saturday': 1},{'November': 1}
9495,1,6,21/11/2023,,{'Tuesday': 1},{'November': 1}
5046,1,6,21/11/2023,,{'Tuesday': 1},{'November': 1}
4301,1,6,21/11/2023,,{'Tuesday': 1},{'November': 1}
2182,1,6,21/11/2023,,{'Tuesday': 1},{'November': 1}
2060,1,6,21/11/2023,,{'Tuesday': 1},{'November': 1}
1331,1,6,21/11/2023,,{'Tuesday': 1},{'November': 1}
6637,1,6,20/11/2023,,{'Monday': 1},{'November': 1}
5642,1,6,20/11/2023,,{'Monday': 1},{'November': 1}
9121,1,6,02/09/2020,,{'Wednesday': 1},{'September': 1}
5378,1,6,02/09/2020,,{'Wednesday': 1},{'September': 1}
4757,1,6,02/09/2020,,{'Wednesday': 1},{'September': 1}
5720,1,6,29/08/2020,,{'Saturday': 1},{'August': 1}
1574,1,6,02/12/2023,,{'Saturday': 1},{'December': 1}
9952,1,6,29/11/2023,,{'Wednesday': 1},{'November': 1}
5003,1,6,29/11/2023,,{'Wednesday': 1},{'November': 1}
1912,1,6,29/11/2023,,{'Wednesday': 1},{'November': 1}
4510,1,6,28/11/2023,,{'Tuesday': 1},{'November': 1}
2050,1,6,28/11/2023,,{'Tuesday': 1},{'November': 1}
0206,1,6,28/11/2023,,{'Tuesday': 1},{'November': 1}
8628,1,6,27/11/2023,,{'Monday': 1},{'November': 1}
1524,1,6,27/11/2023,,{'Monday': 1},{'November': 1}
7250,1,6,26/11/2023,,{'Sunday': 1},{'November': 1}
6987,1,6,26/11/2023,,{'Sunday': 1},{'November': 1}
6885,1,6,26/11/2023,,{'Sunday': 1},{'November': 1}
4321,1,6,16/02/2021,,{'Tuesday': 1},{'February': 1}
9124,1,6,15/02/2021,,{'Monday': 1},{'February': 1}
8840,1,6,16/11/2021,,{'Tuesday': 1},{'November': 1}
6204,1,6,16/11/2021,,{'Tuesday': 1},{'November': 1}
5164,1,6,06/12/2023,,{'Wednesday': 1},{'December': 1}
8366,1,6,05/12/2023,,{'Tuesday': 1},{'December': 1}
4120,1,6,05/12/2023,,{'Tuesday': 1},{'December': 1}
7292,1,6,04/12/2023,,{'Monday': 1},{'December': 1}
6400,1,6,04/12/2023,,{'Monday': 1},{'December': 1}
5918,1,6,04/12/2023,,{'Monday': 1},{'December': 1}
5398,1,6,04/12/2023,,{'Monday': 1},{'December': 1}
4402,1,6,04/12/2023,,{'Monday': 1},{'December': 1}
4363,1,6,04/12/2023,,{'Monday': 1},{'December': 1}
6625,1,6,03/12/2023,,{'Sunday': 1},{'December': 1}
4940,1,6,03/12/2023,,{'Sunday': 1},{'December': 1}
3760,1,6,03/12/2023,,{'Sunday': 1},{'December': 1}
9045,1,6,02/12/2023,,{'Saturday': 1},{'December': 1}
7751,1,6,02/12/2023,,{'Saturday': 1},{'December': 1}
6473,1,6,02/12/2023,,{'Saturday': 1},{'December': 1}
6458,1,6,02/12/2023,,{'Saturday': 1},{'December': 1}
1099,1,6,10/11/2021,,{'Wednesday': 1},{'November': 1}
2873,1,6,22/02/2021,,{'Monday': 1},{'February': 1}
9599,1,6,20/02/2021,,{'Saturday': 1},{'February': 1}
6240,1,6,12/12/2023,,{'Tuesday': 1},{'December': 1}
1593,1,6,12/12/2023,,{'Tuesday': 1},{'December': 1}
9229,1,6,11/12/2023,,{'Monday': 1},{'December': 1}
4592,1,6,11/12/2023,,{'Monday': 1},{'December': 1}
9857,1,6,10/12/2023,,{'Sunday': 1},{'December': 1}
9356,1,6,10/12/2023,,{'Sunday': 1},{'December': 1}
8334,1,6,10/12/2023,,{'Sunday': 1},{'December': 1}
2901,1,6,10/12/2023,,{'Sunday': 1},{'December': 1}
8169,1,6,09/12/2023,,{'Saturday': 1},{'December': 1}
8106,1,6,09/12/2023,,{'Saturday': 1},{'December': 1}
5178,1,6,09/12/2023,,{'Saturday': 1},{'December': 1}
0593,1,6,09/12/2023,,{'Saturday': 1},{'December': 1}
9840,1,6,06/12/2023,,{'Wednesday': 1},{'December': 1}
5640,1,6,16/12/2023,,{'Saturday': 1},{'December': 1}
3039,1,6,16/12/2023,,{'Saturday': 1},{'December': 1}
2978,1,6,16/12/2023,,{'Saturday': 1},{'December': 1}
2359,1,6,16/12/2023,,{'Saturday': 1},{'December': 1}
2010,1,6,16/12/2023,,{'Saturday': 1},{'December': 1}
1964,1,6,16/12/2023,,{'Saturday': 1},{'December': 1}
7208,1,6,13/12/2023,,{'Wednesday': 1},{'December': 1}
4085,1,6,13/12/2023,,{'Wednesday': 1},{'December': 1}
2416,1,6,13/12/2023,,{'Wednesday': 1},{'December': 1}
0605,1,6,13/12/2023,,{'Wednesday': 1},{'December': 1}
8663,1,6,12/12/2023,,{'Tuesday': 1},{'December': 1}
3071,1,6,15/11/2021,,{'Monday': 1},{'November': 1}
2974,1,6,15/11/2021,,{'Monday': 1},{'November': 1}
1799,1,6,15/11/2021,,{'Monday': 1},{'November': 1}
5210,1,6,13/11/2021,,{'Saturday': 1},{'November': 1}
2943,1,6,10/11/2021,,{'Wednesday': 1},{'November': 1}
6686,1,6,23/02/2021,,{'Tuesday': 1},{'February': 1}
8505,1,6,19/12/2023,,{'Tuesday': 1},{'December': 1}
8491,1,6,19/12/2023,,{'Tuesday': 1},{'December': 1}
6563,1,6,19/12/2023,,{'Tuesday': 1},{'December': 1}
6130,1,6,19/12/2023,,{'Tuesday': 1},{'December': 1}
0411,1,6,19/12/2023,,{'Tuesday': 1},{'December': 1}
4263,1,6,18/12/2023,,{'Monday': 1},{'December': 1}
6441,1,6,17/12/2023,,{'Sunday': 1},{'December': 1}
3986,1,6,17/12/2023,,{'Sunday': 1},{'December': 1}
3714,1,6,17/12/2023,,{'Sunday': 1},{'December': 1}
2998,1,6,20/02/2021,,{'Saturday': 1},{'February': 1}
1933,1,6,20/02/2021,,{'Saturday': 1},{'February': 1}
0871,1,6,20/02/2021,,{'Saturday': 1},{'February': 1}
7874,1,6,09/11/2021,,{'Tuesday': 1},{'November': 1}
2963,1,6,09/11/2021,,{'Tuesday': 1},{'November': 1}
0889,1,6,09/11/2021,,{'Tuesday': 1},{'November': 1}
4295,1,6,23/12/2023,,{'Saturday': 1},{'December': 1}
2573,1,6,23/12/2023,,{'Saturday': 1},{'December': 1}
2420,1,6,23/12/2023,,{'Saturday': 1},{'December': 1}
9423,1,6,20/12/2023,,{'Wednesday': 1},{'December': 1}
8929,1,6,20/12/2023,,{'Wednesday': 1},{'December': 1}
6958,1,6,20/12/2023,,{'Wednesday': 1},{'December': 1}
1030,1,6,20/12/2023,,{'Wednesday': 1},{'December': 1}
8314,1,6,08/11/2021,,{'Monday': 1},{'November': 1}
6725,1,6,08/11/2021,,{'Monday': 1},{'November': 1}
4095,1,6,08/11/2021,,{'Monday': 1},{'November': 1}
4022,1,6,08/11/2021,,{'Monday': 1},{'November': 1}
5443,1,6,06/11/2021,,{'Saturday': 1},{'November': 1}
1509,1,6,06/11/2021,,{'Saturday': 1},{'November': 1}
1460,1,6,06/11/2021,,{'Saturday': 1},{'November': 1}
7722,1,6,02/11/2021,,{'Tuesday': 1},{'November': 1}
7756,1,6,23/02/2021,,{'Tuesday': 1},{'February': 1}
3798,1,6,27/12/2023,,{'Wednesday': 1},{'December': 1}
2881,1,6,27/12/2023,,{'Wednesday': 1},{'December': 1}
9629,1,6,26/12/2023,,{'Tuesday': 1},{'December': 1}
6017,1,6,26/12/2023,,{'Tuesday': 1},{'December': 1}
3514,1,6,26/12/2023,,{'Tuesday': 1},{'December': 1}
8036,1,6,25/12/2023,,{'Monday': 1},{'December': 1}
6994,1,6,25/12/2023,,{'Monday': 1},{'December': 1}
1862,1,6,25/12/2023,,{'Monday': 1},{'December': 1}
1655,1,6,25/12/2023,,{'Monday': 1},{'December': 1}
0415,1,6,25/12/2023,,{'Monday': 1},{'December': 1}
2388,1,6,24/12/2023,,{'Sunday': 1},{'December': 1}
8661,1,6,23/12/2023,,{'Saturday': 1},{'December': 1}
5897,1,6,25/08/2020,,{'Tuesday': 1},{'August': 1}
4606,1,6,25/08/2020,,{'Tuesday': 1},{'August': 1}
3722,1,6,25/08/2020,,{'Tuesday': 1},{'August': 1}
7037,1,6,19/08/2020,,{'Wednesday': 1},{'August': 1}
0996,1,6,23/02/2021,,{'Tuesday': 1},{'February': 1}
0107,1,6,23/02/2021,,{'Tuesday': 1},{'February': 1}
9700,1,6,22/02/2021,,{'Monday': 1},{'February': 1}
6311,1,6,22/02/2021,,{'Monday': 1},{'February': 1}
6165,1,6,22/02/2021,,{'Monday': 1},{'February': 1}
2737,1,6,02/11/2021,,{'Tuesday': 1},{'November': 1}
0041,1,6,31/12/2023,,{'Sunday': 1},{'December': 1}
9116,1,6,30/12/2023,,{'Saturday': 1},{'December': 1}
4711,1,6,30/12/2023,,{'Saturday': 1},{'December': 1}
2614,1,6,30/12/2023,,{'Saturday': 1},{'December': 1}
2543,1,6,30/12/2023,,{'Saturday': 1},{'December': 1}
2421,1,6,30/12/2023,,{'Saturday': 1},{'December': 1}
0382,1,6,30/12/2023,,{'Saturday': 1},{'December': 1}
8585,1,6,27/12/2023,,{'Wednesday': 1},{'December': 1}
6307,1,6,27/12/2023,,{'Wednesday': 1},{'December': 1}
4017,1,6,27/12/2023,,{'Wednesday': 1},{'December': 1}
7949,1,6,30/10/2021,,{'Saturday': 1},{'October': 1}
7518,1,6,30/10/2021,,{'Saturday': 1},{'October': 1}
6881,1,6,30/10/2021,,{'Saturday': 1},{'October': 1}
9710,1,6,27/10/2021,,{'Wednesday': 1},{'October': 1}
7697,1,6,06/01/2024,,{'Saturday': 1},{'January': 1}
6236,1,6,06/01/2024,,{'Saturday': 1},{'January': 1}
6414,1,6,03/01/2024,,{'Wednesday': 1},{'January': 1}
1471,1,6,03/01/2024,,{'Wednesday': 1},{'January': 1}
0194,1,6,01/01/2024,,{'Monday': 1},{'January': 1}
7146,1,6,31/12/2023,,{'Sunday': 1},{'December': 1}
4563,1,6,31/12/2023,,{'Sunday': 1},{'December': 1}
0825,1,6,31/12/2023,,{'Sunday': 1},{'December': 1}
5587,1,6,23/02/2021,,{'Tuesday': 1},{'February': 1}
5450,1,6,23/02/2021,,{'Tuesday': 1},{'February': 1}
5221,1,6,23/02/2021,,{'Tuesday': 1},{'February': 1}
1147,1,6,23/02/2021,,{'Tuesday': 1},{'February': 1}
0702,1,6,10/01/2024,,{'Wednesday': 1},{'January': 1}
0053,1,6,10/01/2024,,{'Wednesday': 1},{'January': 1}
9397,1,6,09/01/2024,,{'Tuesday': 1},{'January': 1}
8638,1,6,09/01/2024,,{'Tuesday': 1},{'January': 1}
7549,1,6,09/01/2024,,{'Tuesday': 1},{'January': 1}
7084,1,6,09/01/2024,,{'Tuesday': 1},{'January': 1}
9823,1,6,08/01/2024,,{'Monday': 1},{'January': 1}
8374,1,6,08/01/2024,,{'Monday': 1},{'January': 1}
3999,1,6,07/01/2024,,{'Sunday': 1},{'January': 1}
8085,1,6,06/01/2024,,{'Saturday': 1},{'January': 1}
1770,1,6,02/11/2021,,{'Tuesday': 1},{'November': 1}
9940,1,6,01/11/2021,,{'Monday': 1},{'November': 1}
9059,1,6,01/11/2021,,{'Monday': 1},{'November': 1}
5464,1,6,01/11/2021,,{'Monday': 1},{'November': 1}
3677,1,6,01/11/2021,,{'Monday': 1},{'November': 1}
9818,1,6,30/10/2021,,{'Saturday': 1},{'October': 1}
6906,1,6,25/10/2021,,{'Monday': 1},{'October': 1}
6183,1,6,25/10/2021,,{'Monday': 1},{'October': 1}
4774,1,6,25/10/2021,,{'Monday': 1},{'October': 1}
0161,1,6,15/01/2024,,{'Monday': 1},{'January': 1}
6927,1,6,14/01/2024,,{'Sunday': 1},{'January': 1}
4425,1,6,14/01/2024,,{'Sunday': 1},{'January': 1}
9146,1,6,13/01/2024,,{'Saturday': 1},{'January': 1}
8501,1,6,13/01/2024,,{'Saturday': 1},{'January': 1}
2556,1,6,13/01/2024,,{'Saturday': 1},{'January': 1}
9877,1,6,10/01/2024,,{'Wednesday': 1},{'January': 1}
6416,1,6,10/01/2024,,{'Wednesday': 1},{'January': 1}
5270,1,6,10/01/2024,,{'Wednesday': 1},{'January': 1}
5247,1,6,10/01/2024,,{'Wednesday': 1},{'January': 1}
3364,1,6,10/01/2024,,{'Wednesday': 1},{'January': 1}
2716,1,6,10/01/2024,,{'Wednesday': 1},{'January': 1}
1263,1,6,10/01/2024,,{'Wednesday': 1},{'January': 1}
6525,1,6,17/01/2024,,{'Wednesday': 1},{'January': 1}
5382,1,6,17/01/2024,,{'Wednesday': 1},{'January': 1}
4147,1,6,17/01/2024,,{'Wednesday': 1},{'January': 1}
4031,1,6,17/01/2024,,{'Wednesday': 1},{'January': 1}
1854,1,6,16/01/2024,,{'Tuesday': 1},{'January': 1}
1372,1,6,16/01/2024,,{'Tuesday': 1},{'January': 1}
0151,1,6,16/01/2024,,{'Tuesday': 1},{'January': 1}
9564,1,6,15/01/2024,,{'Monday': 1},{'January': 1}
7956,1,6,15/01/2024,,{'Monday': 1},{'January': 1}
0030,1,6,27/10/2021,,{'Wednesday': 1},{'October': 1}
9822,1,6,26/10/2021,,{'Tuesday': 1},{'October': 1}
9807,1,6,26/10/2021,,{'Tuesday': 1},{'October': 1}
8710,1,6,26/10/2021,,{'Tuesday': 1},{'October': 1}
5400,1,6,26/10/2021,,{'Tuesday': 1},{'October': 1}
4536,1,6,26/10/2021,,{'Tuesday': 1},{'October': 1}
2415,1,6,26/10/2021,,{'Tuesday': 1},{'October': 1}
4049,1,6,22/01/2024,,{'Monday': 1},{'January': 1}
9623,1,6,21/01/2024,,{'Sunday': 1},{'January': 1}
5022,1,6,21/01/2024,,{'Sunday': 1},{'January': 1}
4091,1,6,21/01/2024,,{'Sunday': 1},{'January': 1}
4032,1,6,21/01/2024,,{'Sunday': 1},{'January': 1}
9546,1,6,20/01/2024,,{'Saturday': 1},{'January': 1}
9532,1,6,19/10/2021,,{'Tuesday': 1},{'October': 1}
6345,1,6,19/10/2021,,{'Tuesday': 1},{'October': 1}
2481,1,6,19/10/2021,,{'Tuesday': 1},{'October': 1}
2294,1,6,19/10/2021,,{'Tuesday': 1},{'October': 1}
6702,1,6,23/10/2021,,{'Saturday': 1},{'October': 1}
4052,1,6,23/10/2021,,{'Saturday': 1},{'October': 1}
0683,1,6,01/03/2021,,{'Monday': 1},{'March': 1}
9231,1,6,27/02/2021,,{'Saturday': 1},{'February': 1}
0704,1,6,20/01/2024,,{'Saturday': 1},{'January': 1}
0441,1,6,20/01/2024,,{'Saturday': 1},{'January': 1}
2759,1,6,29/01/2024,,{'Monday': 1},{'January': 1}
2435,1,6,29/01/2024,,{'Monday': 1},{'January': 1}
2159,1,6,29/01/2024,,{'Monday': 1},{'January': 1}
1178,1,6,29/01/2024,,{'Monday': 1},{'January': 1}
0076,1,6,29/01/2024,,{'Monday': 1},{'January': 1}
4178,1,6,28/01/2024,,{'Sunday': 1},{'January': 1}
0315,1,6,28/01/2024,,{'Sunday': 1},{'January': 1}
9152,1,6,27/01/2024,,{'Saturday': 1},{'January': 1}
8312,1,6,27/01/2024,,{'Saturday': 1},{'January': 1}
8033,1,6,27/01/2024,,{'Saturday': 1},{'January': 1}
5263,1,6,27/01/2024,,{'Saturday': 1},{'January': 1}
0661,1,6,27/01/2024,,{'Saturday': 1},{'January': 1}
0576,1,6,27/01/2024,,{'Saturday': 1},{'January': 1}
3032,1,6,23/01/2024,,{'Tuesday': 1},{'January': 1}
0238,1,6,23/01/2024,,{'Tuesday': 1},{'January': 1}
7118,1,6,22/01/2024,,{'Monday': 1},{'January': 1}
3825,1,6,03/02/2024,,{'Saturday': 1},{'February': 1}
3038,1,6,03/02/2024,,{'Saturday': 1},{'February': 1}
5680,1,6,31/01/2024,,{'Wednesday': 1},{'January': 1}
2915,1,6,31/01/2024,,{'Wednesday': 1},{'January': 1}
8457,1,6,30/01/2024,,{'Tuesday': 1},{'January': 1}
4116,1,6,30/01/2024,,{'Tuesday': 1},{'January': 1}
3610,1,6,30/01/2024,,{'Tuesday': 1},{'January': 1}
8000,1,6,29/01/2024,,{'Monday': 1},{'January': 1}
8794,1,6,27/02/2021,,{'Saturday': 1},{'February': 1}
8730,1,6,27/02/2021,,{'Saturday': 1},{'February': 1}
3832,1,6,27/02/2021,,{'Saturday': 1},{'February': 1}
6268,1,6,20/10/2021,,{'Wednesday': 1},{'October': 1}
3859,1,6,20/10/2021,,{'Wednesday': 1},{'October': 1}
3159,1,6,20/10/2021,,{'Wednesday': 1},{'October': 1}
6738,1,6,18/10/2021,,{'Monday': 1},{'October': 1}
3751,1,6,18/10/2021,,{'Monday': 1},{'October': 1}
4181,1,6,10/02/2024,,{'Saturday': 1},{'February': 1}
9676,1,6,07/02/2024,,{'Wednesday': 1},{'February': 1}
4696,1,6,07/02/2024,,{'Wednesday': 1},{'February': 1}
0055,1,6,07/02/2024,,{'Wednesday': 1},{'February': 1}
6271,1,6,06/02/2024,,{'Tuesday': 1},{'February': 1}
5585,1,6,06/02/2024,,{'Tuesday': 1},{'February': 1}
5489,1,6,06/02/2024,,{'Tuesday': 1},{'February': 1}
2295,1,6,06/02/2024,,{'Tuesday': 1},{'February': 1}
9002,1,6,05/02/2024,,{'Monday': 1},{'February': 1}
4802,1,6,05/02/2024,,{'Monday': 1},{'February': 1}
4744,1,6,05/02/2024,,{'Monday': 1},{'February': 1}
0789,1,6,05/02/2024,,{'Monday': 1},{'February': 1}
8318,1,6,04/02/2024,,{'Sunday': 1},{'February': 1}
6329,1,6,04/02/2024,,{'Sunday': 1},{'February': 1}
3895,1,6,04/02/2024,,{'Sunday': 1},{'February': 1}
4287,1,6,03/02/2024,,{'Saturday': 1},{'February': 1}
1031,1,6,16/10/2021,,{'Saturday': 1},{'October': 1}
8232,1,6,13/10/2021,,{'Wednesday': 1},{'October': 1}
7023,1,6,13/10/2021,,{'Wednesday': 1},{'October': 1}
3639,1,6,13/10/2021,,{'Wednesday': 1},{'October': 1}
7472,1,6,12/10/2021,,{'Tuesday': 1},{'October': 1}
8550,1,6,12/02/2024,,{'Monday': 1},{'February': 1}
6106,1,6,12/02/2024,,{'Monday': 1},{'February': 1}
3503,1,6,12/02/2024,,{'Monday': 1},{'February': 1}
0999,1,6,12/02/2024,,{'Monday': 1},{'February': 1}
0308,1,6,12/02/2024,,{'Monday': 1},{'February': 1}
9436,1,6,11/02/2024,,{'Sunday': 1},{'February': 1}
7482,1,6,11/02/2024,,{'Sunday': 1},{'February': 1}
5707,1,6,11/02/2024,,{'Sunday': 1},{'February': 1}
2971,1,6,11/02/2024,,{'Sunday': 1},{'February': 1}
9611,1,6,10/02/2024,,{'Saturday': 1},{'February': 1}
4540,1,6,10/02/2024,,{'Saturday': 1},{'February': 1}
2849,1,6,17/08/2020,,{'Monday': 1},{'August': 1}
9372,1,6,11/08/2020,,{'Tuesday': 1},{'August': 1}
4581,1,6,18/02/2024,,{'Sunday': 1},{'February': 1}
5097,1,6,17/02/2024,,{'Saturday': 1},{'February': 1}
2607,1,6,17/02/2024,,{'Saturday': 1},{'February': 1}
2257,1,6,17/02/2024,,{'Saturday': 1},{'February': 1}
9505,1,6,14/02/2024,,{'Wednesday': 1},{'February': 1}
8893,1,6,14/02/2024,,{'Wednesday': 1},{'February': 1}
5687,1,6,14/02/2024,,{'Wednesday': 1},{'February': 1}
5061,1,6,14/02/2024,,{'Wednesday': 1},{'February': 1}
3658,1,6,14/02/2024,,{'Wednesday': 1},{'February': 1}
8340,1,6,16/10/2021,,{'Saturday': 1},{'October': 1}
7270,1,6,16/10/2021,,{'Saturday': 1},{'October': 1}
7170,1,6,16/10/2021,,{'Saturday': 1},{'October': 1}
4430,1,6,16/10/2021,,{'Saturday': 1},{'October': 1}
4084,1,6,16/10/2021,,{'Saturday': 1},{'October': 1}
8502,1,6,20/02/2024,,{'Tuesday': 1},{'February': 1}
6959,1,6,20/02/2024,,{'Tuesday': 1},{'February': 1}
4850,1,6,19/02/2024,,{'Monday': 1},{'February': 1}
2952,1,6,19/02/2024,,{'Monday': 1},{'February': 1}
2850,1,6,19/02/2024,,{'Monday': 1},{'February': 1}
1312,1,6,19/02/2024,,{'Monday': 1},{'February': 1}
7694,1,6,18/02/2024,,{'Sunday': 1},{'February': 1}
6726,1,6,18/02/2024,,{'Sunday': 1},{'February': 1}
5590,1,6,18/02/2024,,{'Sunday': 1},{'February': 1}
2810,1,6,12/10/2021,,{'Tuesday': 1},{'October': 1}
7265,1,6,02/03/2021,,{'Tuesday': 1},{'March': 1}
7216,1,6,02/03/2021,,{'Tuesday': 1},{'March': 1}
1086,1,6,02/03/2021,,{'Tuesday': 1},{'March': 1}
6168,1,6,01/03/2021,,{'Monday': 1},{'March': 1}
3693,1,6,01/03/2021,,{'Monday': 1},{'March': 1}
3409,1,6,17/08/2020,,{'Monday': 1},{'August': 1}
3336,1,6,06/03/2021,,{'Saturday': 1},{'March': 1}
3689,1,6,26/02/2024,,{'Monday': 1},{'February': 1}
2092,1,6,26/02/2024,,{'Monday': 1},{'February': 1}
5684,1,6,25/02/2024,,{'Sunday': 1},{'February': 1}
4222,1,6,25/02/2024,,{'Sunday': 1},{'February': 1}
3776,1,6,25/02/2024,,{'Sunday': 1},{'February': 1}
6675,1,6,24/02/2024,,{'Saturday': 1},{'February': 1}
4828,1,6,24/02/2024,,{'Saturday': 1},{'February': 1}
4699,1,6,24/02/2024,,{'Saturday': 1},{'February': 1}
3328,1,6,24/02/2024,,{'Saturday': 1},{'February': 1}
2948,1,6,24/02/2024,,{'Saturday': 1},{'February': 1}
7890,1,6,21/02/2024,,{'Wednesday': 1},{'February': 1}
6449,1,6,21/02/2024,,{'Wednesday': 1},{'February': 1}
5175,1,6,21/02/2024,,{'Wednesday': 1},{'February': 1}
3718,1,6,21/02/2024,,{'Wednesday': 1},{'February': 1}
2654,1,6,21/02/2024,,{'Wednesday': 1},{'February': 1}
8948,1,6,02/03/2024,,{'Saturday': 1},{'March': 1}
8609,1,6,02/03/2024,,{'Saturday': 1},{'March': 1}
8115,1,6,02/03/2024,,{'Saturday': 1},{'March': 1}
7764,1,6,02/03/2024,,{'Saturday': 1},{'March': 1}
7927,1,6,28/02/2024,,{'Wednesday': 1},{'February': 1}
0392,1,6,28/02/2024,,{'Wednesday': 1},{'February': 1}
7972,1,6,27/02/2024,,{'Tuesday': 1},{'February': 1}
8925,1,6,26/02/2024,,{'Monday': 1},{'February': 1}
8620,1,6,26/02/2024,,{'Monday': 1},{'February': 1}
3930,1,6,26/02/2024,,{'Monday': 1},{'February': 1}
2448,1,6,01/03/2021,,{'Monday': 1},{'March': 1}
1016,1,6,11/10/2021,,{'Monday': 1},{'October': 1}
5767,1,6,09/10/2021,,{'Saturday': 1},{'October': 1}
9496,1,6,06/10/2021,,{'Wednesday': 1},{'October': 1}
4334,1,6,06/10/2021,,{'Wednesday': 1},{'October': 1}
3685,1,6,06/03/2021,,{'Saturday': 1},{'March': 1}
5921,1,6,06/03/2024,,{'Wednesday': 1},{'March': 1}
5298,1,6,06/03/2024,,{'Wednesday': 1},{'March': 1}
2270,1,6,06/03/2024,,{'Wednesday': 1},{'March': 1}
1153,1,6,06/03/2024,,{'Wednesday': 1},{'March': 1}
9559,1,6,05/03/2024,,{'Tuesday': 1},{'March': 1}
6278,1,6,05/03/2024,,{'Tuesday': 1},{'March': 1}
6188,1,6,05/03/2024,,{'Tuesday': 1},{'March': 1}
8627,1,6,04/03/2024,,{'Monday': 1},{'March': 1}
5613,1,6,04/03/2024,,{'Monday': 1},{'March': 1}
5026,1,6,04/03/2024,,{'Monday': 1},{'March': 1}
3744,1,6,04/03/2024,,{'Monday': 1},{'March': 1}
8954,1,6,03/03/2024,,{'Sunday': 1},{'March': 1}
8540,1,6,03/03/2024,,{'Sunday': 1},{'March': 1}
3817,1,6,03/03/2024,,{'Sunday': 1},{'March': 1}
2755,1,6,03/03/2024,,{'Sunday': 1},{'March': 1}
9825,1,6,02/03/2024,,{'Saturday': 1},{'March': 1}
9455,1,6,05/10/2021,,{'Tuesday': 1},{'October': 1}
8651,1,6,05/10/2021,,{'Tuesday': 1},{'October': 1}
7266,1,6,05/10/2021,,{'Tuesday': 1},{'October': 1}
6887,1,6,05/10/2021,,{'Tuesday': 1},{'October': 1}
6816,1,6,05/10/2021,,{'Tuesday': 1},{'October': 1}
1722,1,6,05/10/2021,,{'Tuesday': 1},{'October': 1}
0480,1,6,05/10/2021,,{'Tuesday': 1},{'October': 1}
8989,1,6,04/10/2021,,{'Monday': 1},{'October': 1}
5060,1,6,11/03/2024,,{'Monday': 1},{'March': 1}
4306,1,6,11/03/2024,,{'Monday': 1},{'March': 1}
7628,1,6,10/03/2024,,{'Sunday': 1},{'March': 1}
5924,1,6,10/03/2024,,{'Sunday': 1},{'March': 1}
1583,1,6,10/03/2024,,{'Sunday': 1},{'March': 1}
4464,1,6,09/03/2024,,{'Saturday': 1},{'March': 1}
3835,1,6,09/03/2024,,{'Saturday': 1},{'March': 1}
1938,1,6,09/03/2024,,{'Saturday': 1},{'March': 1}
0495,1,6,17/03/2024,,{'Sunday': 1},{'March': 1}
7786,1,6,16/03/2024,,{'Saturday': 1},{'March': 1}
7543,1,6,16/03/2024,,{'Saturday': 1},{'March': 1}
1256,1,6,16/03/2024,,{'Saturday': 1},{'March': 1}
9098,1,6,13/03/2024,,{'Wednesday': 1},{'March': 1}
7969,1,6,13/03/2024,,{'Wednesday': 1},{'March': 1}
6217,1,6,13/03/2024,,{'Wednesday': 1},{'March': 1}
2276,1,6,13/03/2024,,{'Wednesday': 1},{'March': 1}
8057,1,6,12/03/2024,,{'Tuesday': 1},{'March': 1}
0501,1,6,12/03/2024,,{'Tuesday': 1},{'March': 1}
3273,1,6,06/03/2021,,{'Saturday': 1},{'March': 1}
2217,1,6,06/03/2021,,{'Saturday': 1},{'March': 1}
1245,1,6,06/03/2021,,{'Saturday': 1},{'March': 1}
2447,1,6,03/03/2021,,{'Wednesday': 1},{'March': 1}
1171,1,6,03/03/2021,,{'Wednesday': 1},{'March': 1}
9528,1,6,02/03/2021,,{'Tuesday': 1},{'March': 1}
2138,1,6,27/09/2021,,{'Monday': 1},{'September': 1}
3552,1,6,29/09/2021,,{'Wednesday': 1},{'September': 1}
1159,1,6,29/09/2021,,{'Wednesday': 1},{'September': 1}
9404,1,6,19/03/2024,,{'Tuesday': 1},{'March': 1}
8275,1,6,19/03/2024,,{'Tuesday': 1},{'March': 1}
7707,1,6,19/03/2024,,{'Tuesday': 1},{'March': 1}
5463,1,6,19/03/2024,,{'Tuesday': 1},{'March': 1}
3558,1,6,19/03/2024,,{'Tuesday': 1},{'March': 1}
0255,1,6,19/03/2024,,{'Tuesday': 1},{'March': 1}
6741,1,6,18/03/2024,,{'Monday': 1},{'March': 1}
6227,1,6,18/03/2024,,{'Monday': 1},{'March': 1}
5253,1,6,18/03/2024,,{'Monday': 1},{'March': 1}
2760,1,6,18/03/2024,,{'Monday': 1},{'March': 1}
9073,1,6,17/03/2024,,{'Sunday': 1},{'March': 1}
8703,1,6,17/03/2024,,{'Sunday': 1},{'March': 1}
1805,1,6,17/03/2024,,{'Sunday': 1},{'March': 1}
7269,1,6,24/03/2024,,{'Sunday': 1},{'March': 1}
5515,1,6,24/03/2024,,{'Sunday': 1},{'March': 1}
8799,1,6,23/03/2024,,{'Saturday': 1},{'March': 1}
7852,1,6,23/03/2024,,{'Saturday': 1},{'March': 1}
5277,1,6,23/03/2024,,{'Saturday': 1},{'March': 1}
4169,1,6,23/03/2024,,{'Saturday': 1},{'March': 1}
1010,1,6,23/03/2024,,{'Saturday': 1},{'March': 1}
8950,1,6,20/03/2024,,{'Wednesday': 1},{'March': 1}
8463,1,6,20/03/2024,,{'Wednesday': 1},{'March': 1}
2824,1,6,20/03/2024,,{'Wednesday': 1},{'March': 1}
2467,1,6,20/03/2024,,{'Wednesday': 1},{'March': 1}
0042,1,6,04/10/2021,,{'Monday': 1},{'October': 1}
0037,1,6,04/10/2021,,{'Monday': 1},{'October': 1}
7957,1,6,27/09/2021,,{'Monday': 1},{'September': 1}
7310,1,6,27/09/2021,,{'Monday': 1},{'September': 1}
4760,1,6,27/09/2021,,{'Monday': 1},{'September': 1}
8259,1,6,31/03/2024,,{'Sunday': 1},{'March': 1}
5434,1,6,31/03/2024,,{'Sunday': 1},{'March': 1}
1914,1,6,31/03/2024,,{'Sunday': 1},{'March': 1}
9824,1,6,30/03/2024,,{'Saturday': 1},{'March': 1}
9177,1,6,30/03/2024,,{'Saturday': 1},{'March': 1}
7647,1,6,30/03/2024,,{'Saturday': 1},{'March': 1}
7376,1,6,30/03/2024,,{'Saturday': 1},{'March': 1}
7355,1,6,30/03/2024,,{'Saturday': 1},{'March': 1}
6668,1,6,30/03/2024,,{'Saturday': 1},{'March': 1}
2734,1,6,30/03/2024,,{'Saturday': 1},{'March': 1}
7446,1,6,26/03/2024,,{'Tuesday': 1},{'March': 1}
5601,1,6,26/03/2024,,{'Tuesday': 1},{'March': 1}
5187,1,6,26/03/2024,,{'Tuesday': 1},{'March': 1}
5844,1,6,25/03/2024,,{'Monday': 1},{'March': 1}
0200,1,6,25/03/2024,,{'Monday': 1},{'March': 1}
0048,1,6,25/03/2024,,{'Monday': 1},{'March': 1}
6152,1,6,06/04/2024,,{'Saturday': 1},{'April': 1}
5713,1,6,06/04/2024,,{'Saturday': 1},{'April': 1}
3048,1,6,06/04/2024,,{'Saturday': 1},{'April': 1}
2972,1,6,06/04/2024,,{'Saturday': 1},{'April': 1}
9224,1,6,03/04/2024,,{'Wednesday': 1},{'April': 1}
5723,1,6,03/04/2024,,{'Wednesday': 1},{'April': 1}
4679,1,6,03/04/2024,,{'Wednesday': 1},{'April': 1}
2856,1,6,03/04/2024,,{'Wednesday': 1},{'April': 1}
7715,1,6,02/04/2024,,{'Tuesday': 1},{'April': 1}
9123,1,6,01/04/2024,,{'Monday': 1},{'April': 1}
0816,1,6,29/09/2021,,{'Wednesday': 1},{'September': 1}
1891,1,6,28/09/2021,,{'Tuesday': 1},{'September': 1}
8007,1,6,25/09/2021,,{'Saturday': 1},{'September': 1}
6205,1,6,25/09/2021,,{'Saturday': 1},{'September': 1}
2990,1,6,01/04/2024,,{'Monday': 1},{'April': 1}
2475,1,6,01/04/2024,,{'Monday': 1},{'April': 1}
7235,1,6,11/08/2020,,{'Tuesday': 1},{'August': 1}
5885,1,6,11/08/2020,,{'Tuesday': 1},{'August': 1}
2750,1,6,11/08/2020,,{'Tuesday': 1},{'August': 1}
7731,1,6,05/08/2020,,{'Wednesday': 1},{'August': 1}
6032,1,6,05/08/2020,,{'Wednesday': 1},{'August': 1}
3624,1,6,05/08/2020,,{'Wednesday': 1},{'August': 1}
2263,1,6,05/08/2020,,{'Wednesday': 1},{'August': 1}
9508,1,6,03/08/2020,,{'Monday': 1},{'August': 1}
7698,1,6,08/04/2024,,{'Monday': 1},{'April': 1}
6061,1,6,08/04/2024,,{'Monday': 1},{'April': 1}
4428,1,6,08/04/2024,,{'Monday': 1},{'April': 1}
7710,1,6,07/04/2024,,{'Sunday': 1},{'April': 1}
3380,1,6,07/04/2024,,{'Sunday': 1},{'April': 1}
2266,1,6,07/04/2024,,{'Sunday': 1},{'April': 1}
1856,1,6,07/04/2024,,{'Sunday': 1},{'April': 1}
8512,1,6,06/04/2024,,{'Saturday': 1},{'April': 1}
4605,1,6,10/04/2024,,{'Wednesday': 1},{'April': 1}
0128,1,6,10/04/2024,,{'Wednesday': 1},{'April': 1}
5409,1,6,09/04/2024,,{'Tuesday': 1},{'April': 1}
2512,1,6,09/04/2024,,{'Tuesday': 1},{'April': 1}
0678,1,6,09/04/2024,,{'Tuesday': 1},{'April': 1}
7471,1,6,11/08/2020,,{'Tuesday': 1},{'August': 1}
0940,1,6,09/03/2021,,{'Tuesday': 1},{'March': 1}
8342,1,6,08/03/2021,,{'Monday': 1},{'March': 1}
6340,1,6,08/03/2021,,{'Monday': 1},{'March': 1}
4350,1,6,08/03/2021,,{'Monday': 1},{'March': 1}
1676,1,6,08/03/2021,,{'Monday': 1},{'March': 1}
1445,1,6,25/09/2021,,{'Saturday': 1},{'September': 1}
6593,1,6,22/09/2021,,{'Wednesday': 1},{'September': 1}
3855,1,6,22/09/2021,,{'Wednesday': 1},{'September': 1}
2805,1,6,22/09/2021,,{'Wednesday': 1},{'September': 1}
1221,1,6,22/09/2021,,{'Wednesday': 1},{'September': 1}
6279,1,6,17/04/2024,,{'Wednesday': 1},{'April': 1}
3943,1,6,16/04/2024,,{'Tuesday': 1},{'April': 1}
2560,1,6,16/04/2024,,{'Tuesday': 1},{'April': 1}
0491,1,6,16/04/2024,,{'Tuesday': 1},{'April': 1}
8241,1,6,15/04/2024,,{'Monday': 1},{'April': 1}
6874,1,6,15/04/2024,,{'Monday': 1},{'April': 1}
5261,1,6,15/04/2024,,{'Monday': 1},{'April': 1}
4029,1,6,15/04/2024,,{'Monday': 1},{'April': 1}
0458,1,6,15/04/2024,,{'Monday': 1},{'April': 1}
2685,1,6,14/04/2024,,{'Sunday': 1},{'April': 1}
1200,1,6,14/04/2024,,{'Sunday': 1},{'April': 1}
6442,1,6,13/04/2024,,{'Saturday': 1},{'April': 1}
5071,1,6,13/04/2024,,{'Saturday': 1},{'April': 1}
1789,1,6,13/04/2024,,{'Saturday': 1},{'April': 1}
7381,1,6,10/04/2024,,{'Wednesday': 1},{'April': 1}
5163,1,6,10/04/2024,,{'Wednesday': 1},{'April': 1}
6777,1,6,24/04/2024,,{'Wednesday': 1},{'April': 1}
4218,1,6,24/04/2024,,{'Wednesday': 1},{'April': 1}
3440,1,6,24/04/2024,,{'Wednesday': 1},{'April': 1}
1506,1,6,24/04/2024,,{'Wednesday': 1},{'April': 1}
9067,1,6,23/04/2024,,{'Tuesday': 1},{'April': 1}
2216,1,6,23/04/2024,,{'Tuesday': 1},{'April': 1}
0959,1,6,23/04/2024,,{'Tuesday': 1},{'April': 1}
6140,1,6,22/04/2024,,{'Monday': 1},{'April': 1}
5545,1,6,22/04/2024,,{'Monday': 1},{'April': 1}
4441,1,6,22/04/2024,,{'Monday': 1},{'April': 1}
1715,1,6,22/04/2024,,{'Monday': 1},{'April': 1}
2046,1,6,21/04/2024,,{'Sunday': 1},{'April': 1}
0097,1,6,21/04/2024,,{'Sunday': 1},{'April': 1}
4746,1,6,20/04/2024,,{'Saturday': 1},{'April': 1}
3979,1,6,20/04/2024,,{'Saturday': 1},{'April': 1}
6942,1,6,17/04/2024,,{'Wednesday': 1},{'April': 1}
3178,1,6,21/09/2021,,{'Tuesday': 1},{'September': 1}
2457,1,6,21/09/2021,,{'Tuesday': 1},{'September': 1}
8782,1,6,20/09/2021,,{'Monday': 1},{'September': 1}
7955,1,6,20/09/2021,,{'Monday': 1},{'September': 1}
6878,1,6,20/09/2021,,{'Monday': 1},{'September': 1}
5195,1,6,20/09/2021,,{'Monday': 1},{'September': 1}
4942,1,6,20/09/2021,,{'Monday': 1},{'September': 1}
3348,1,6,29/04/2024,,{'Monday': 1},{'April': 1}
0835,1,6,29/04/2024,,{'Monday': 1},{'April': 1}
7223,1,6,28/04/2024,,{'Sunday': 1},{'April': 1}
2249,1,6,28/04/2024,,{'Sunday': 1},{'April': 1}
0056,1,6,28/04/2024,,{'Sunday': 1},{'April': 1}
8492,1,6,27/04/2024,,{'Saturday': 1},{'April': 1}
8056,1,6,27/04/2024,,{'Saturday': 1},{'April': 1}
6419,1,6,27/04/2024,,{'Saturday': 1},{'April': 1}
7683,1,6,24/04/2024,,{'Wednesday': 1},{'April': 1}
0884,1,6,06/05/2024,,{'Monday': 1},{'May': 1}
3905,1,6,05/05/2024,,{'Sunday': 1},{'May': 1}
2425,1,6,05/05/2024,,{'Sunday': 1},{'May': 1}
6985,1,6,04/05/2024,,{'Saturday': 1},{'May': 1}
2949,1,6,04/05/2024,,{'Saturday': 1},{'May': 1}
7840,1,6,30/04/2024,,{'Tuesday': 1},{'April': 1}
7828,1,6,30/04/2024,,{'Tuesday': 1},{'April': 1}
4513,1,6,30/04/2024,,{'Tuesday': 1},{'April': 1}
3938,1,6,30/04/2024,,{'Tuesday': 1},{'April': 1}
3746,1,6,30/04/2024,,{'Tuesday': 1},{'April': 1}
8192,1,6,21/09/2021,,{'Tuesday': 1},{'September': 1}
8043,1,6,21/09/2021,,{'Tuesday': 1},{'September': 1}
7971,1,6,21/09/2021,,{'Tuesday': 1},{'September': 1}
7512,1,6,21/09/2021,,{'Tuesday': 1},{'September': 1}
7149,1,6,21/09/2021,,{'Tuesday': 1},{'September': 1}
6733,1,6,21/09/2021,,{'Tuesday': 1},{'September': 1}
9841,1,6,11/05/2024,,{'Saturday': 1},{'May': 1}
7883,1,6,11/05/2024,,{'Saturday': 1},{'May': 1}
5495,1,6,11/05/2024,,{'Saturday': 1},{'May': 1}
3913,1,6,11/05/2024,,{'Saturday': 1},{'May': 1}
3445,1,6,11/05/2024,,{'Saturday': 1},{'May': 1}
8460,1,6,08/05/2024,,{'Wednesday': 1},{'May': 1}
7833,1,6,08/05/2024,,{'Wednesday': 1},{'May': 1}
6021,1,6,08/05/2024,,{'Wednesday': 1},{'May': 1}
5825,1,6,08/05/2024,,{'Wednesday': 1},{'May': 1}
2021,1,6,08/05/2024,,{'Wednesday': 1},{'May': 1}
9487,1,6,07/05/2024,,{'Tuesday': 1},{'May': 1}
7797,1,6,07/05/2024,,{'Tuesday': 1},{'May': 1}
5517,1,6,07/05/2024,,{'Tuesday': 1},{'May': 1}
9551,1,6,06/05/2024,,{'Monday': 1},{'May': 1}
8613,1,6,06/05/2024,,{'Monday': 1},{'May': 1}
3900,1,6,06/05/2024,,{'Monday': 1},{'May': 1}
1838,1,6,18/09/2021,,{'Saturday': 1},{'September': 1}
6820,1,6,15/09/2021,,{'Wednesday': 1},{'September': 1}
9112,1,6,14/09/2021,,{'Tuesday': 1},{'September': 1}
7822,1,6,14/09/2021,,{'Tuesday': 1},{'September': 1}
8848,1,6,14/05/2024,,{'Tuesday': 1},{'May': 1}
8441,1,6,14/05/2024,,{'Tuesday': 1},{'May': 1}
8332,1,6,14/05/2024,,{'Tuesday': 1},{'May': 1}
3606,1,6,14/05/2024,,{'Tuesday': 1},{'May': 1}
2149,1,6,14/05/2024,,{'Tuesday': 1},{'May': 1}
1527,1,6,14/05/2024,,{'Tuesday': 1},{'May': 1}
1492,1,6,14/05/2024,,{'Tuesday': 1},{'May': 1}
9382,1,6,13/05/2024,,{'Monday': 1},{'May': 1}
4108,1,6,13/05/2024,,{'Monday': 1},{'May': 1}
3027,1,6,13/05/2024,,{'Monday': 1},{'May': 1}
6437,1,6,12/05/2024,,{'Sunday': 1},{'May': 1}
5536,1,6,12/05/2024,,{'Sunday': 1},{'May': 1}
3137,1,6,20/05/2024,,{'Monday': 1},{'May': 1}
9828,1,6,18/05/2024,,{'Saturday': 1},{'May': 1}
8434,1,6,18/05/2024,,{'Saturday': 1},{'May': 1}
8003,1,6,18/05/2024,,{'Saturday': 1},{'May': 1}
5881,1,6,18/05/2024,,{'Saturday': 1},{'May': 1}
1341,1,6,18/05/2024,,{'Saturday': 1},{'May': 1}
7839,1,6,15/05/2024,,{'Wednesday': 1},{'May': 1}
2104,1,6,15/05/2024,,{'Wednesday': 1},{'May': 1}
1965,1,6,15/05/2024,,{'Wednesday': 1},{'May': 1}
1232,1,6,15/05/2024,,{'Wednesday': 1},{'May': 1}
0640,1,6,15/05/2024,,{'Wednesday': 1},{'May': 1}
0089,1,6,15/05/2024,,{'Wednesday': 1},{'May': 1}
1405,1,6,20/09/2021,,{'Monday': 1},{'September': 1}
3536,1,6,18/09/2021,,{'Saturday': 1},{'September': 1}
2191,1,6,18/09/2021,,{'Saturday': 1},{'September': 1}
1961,1,6,18/09/2021,,{'Saturday': 1},{'September': 1}
5689,1,6,13/09/2021,,{'Monday': 1},{'September': 1}
1039,1,6,13/09/2021,,{'Monday': 1},{'September': 1}
1461,1,6,13/03/2021,,{'Saturday': 1},{'March': 1}
0205,1,6,13/03/2021,,{'Saturday': 1},{'March': 1}
2000,1,6,25/05/2024,,{'Saturday': 1},{'May': 1}
0477,1,6,25/05/2024,,{'Saturday': 1},{'May': 1}
9990,1,6,22/05/2024,,{'Wednesday': 1},{'May': 1}
8339,1,6,22/05/2024,,{'Wednesday': 1},{'May': 1}
1582,1,6,22/05/2024,,{'Wednesday': 1},{'May': 1}
7669,1,6,21/05/2024,,{'Tuesday': 1},{'May': 1}
4531,1,6,21/05/2024,,{'Tuesday': 1},{'May': 1}
4404,1,6,21/05/2024,,{'Tuesday': 1},{'May': 1}
3779,1,6,21/05/2024,,{'Tuesday': 1},{'May': 1}
8918,1,6,20/05/2024,,{'Monday': 1},{'May': 1}
6585,1,6,20/05/2024,,{'Monday': 1},{'May': 1}
4304,1,6,20/05/2024,,{'Monday': 1},{'May': 1}
2136,1,6,03/08/2020,,{'Monday': 1},{'August': 1}
9354,1,6,01/08/2020,,{'Saturday': 1},{'August': 1}
5523,1,6,01/08/2020,,{'Saturday': 1},{'August': 1}
5229,1,6,01/08/2020,,{'Saturday': 1},{'August': 1}
7793,1,6,27/05/2024,,{'Monday': 1},{'May': 1}
6591,1,6,27/05/2024,,{'Monday': 1},{'May': 1}
4834,1,6,27/05/2024,,{'Monday': 1},{'May': 1}
0677,1,6,27/05/2024,,{'Monday': 1},{'May': 1}
8579,1,6,26/05/2024,,{'Sunday': 1},{'May': 1}
9118,1,6,25/05/2024,,{'Saturday': 1},{'May': 1}
8750,1,6,25/05/2024,,{'Saturday': 1},{'May': 1}
7166,1,6,14/09/2021,,{'Tuesday': 1},{'September': 1}
6832,1,6,14/09/2021,,{'Tuesday': 1},{'September': 1}
3713,1,6,14/09/2021,,{'Tuesday': 1},{'September': 1}
0613,1,6,14/09/2021,,{'Tuesday': 1},{'September': 1}
7433,1,6,13/09/2021,,{'Monday': 1},{'September': 1}
3384,1,6,03/06/2024,,{'Monday': 1},{'June': 1}
6197,1,6,02/06/2024,,{'Sunday': 1},{'June': 1}
5986,1,6,02/06/2024,,{'Sunday': 1},{'June': 1}
1674,1,6,01/06/2024,,{'Saturday': 1},{'June': 1}
8367,1,6,28/05/2024,,{'Tuesday': 1},{'May': 1}
5643,1,6,28/05/2024,,{'Tuesday': 1},{'May': 1}
3100,1,6,28/05/2024,,{'Tuesday': 1},{'May': 1}
7202,1,6,03/08/2020,,{'Monday': 1},{'August': 1}
4554,1,6,10/03/2021,,{'Wednesday': 1},{'March': 1}
3995,1,6,10/03/2021,,{'Wednesday': 1},{'March': 1}
9751,1,6,09/03/2021,,{'Tuesday': 1},{'March': 1}
8995,1,6,09/03/2021,,{'Tuesday': 1},{'March': 1}
4608,1,6,11/09/2021,,{'Saturday': 1},{'September': 1}
3248,1,6,11/09/2021,,{'Saturday': 1},{'September': 1}
2511,1,6,11/09/2021,,{'Saturday': 1},{'September': 1}
2214,1,6,11/09/2021,,{'Saturday': 1},{'September': 1}
3797,1,6,08/06/2024,,{'Saturday': 1},{'June': 1}
1927,1,6,08/06/2024,,{'Saturday': 1},{'June': 1}
8640,1,6,05/06/2024,,{'Wednesday': 1},{'June': 1}
7848,1,6,05/06/2024,,{'Wednesday': 1},{'June': 1}
7402,1,6,05/06/2024,,{'Wednesday': 1},{'June': 1}
0802,1,6,05/06/2024,,{'Wednesday': 1},{'June': 1}
0419,1,6,05/06/2024,,{'Wednesday': 1},{'June': 1}
6399,1,6,04/06/2024,,{'Tuesday': 1},{'June': 1}
5812,1,6,04/06/2024,,{'Tuesday': 1},{'June': 1}
3177,1,6,04/06/2024,,{'Tuesday': 1},{'June': 1}
1725,1,6,04/06/2024,,{'Tuesday': 1},{'June': 1}
1190,1,6,04/06/2024,,{'Tuesday': 1},{'June': 1}
0893,1,6,04/06/2024,,{'Tuesday': 1},{'June': 1}
8975,1,6,03/06/2024,,{'Monday': 1},{'June': 1}
8583,1,6,03/06/2024,,{'Monday': 1},{'June': 1}
7077,1,6,03/06/2024,,{'Monday': 1},{'June': 1}
0420,1,6,15/06/2024,,{'Saturday': 1},{'June': 1}
3012,1,6,12/06/2024,,{'Wednesday': 1},{'June': 1}
8194,1,6,11/06/2024,,{'Tuesday': 1},{'June': 1}
6592,1,6,11/06/2024,,{'Tuesday': 1},{'June': 1}
3561,1,6,11/06/2024,,{'Tuesday': 1},{'June': 1}
0737,1,6,11/06/2024,,{'Tuesday': 1},{'June': 1}
8570,1,6,10/06/2024,,{'Monday': 1},{'June': 1}
7051,1,6,10/06/2024,,{'Monday': 1},{'June': 1}
2906,1,6,10/06/2024,,{'Monday': 1},{'June': 1}
2097,1,6,10/06/2024,,{'Monday': 1},{'June': 1}
1903,1,6,10/06/2024,,{'Monday': 1},{'June': 1}
6237,1,6,09/06/2024,,{'Sunday': 1},{'June': 1}
4130,1,6,09/06/2024,,{'Sunday': 1},{'June': 1}
3944,1,6,09/06/2024,,{'Sunday': 1},{'June': 1}
6916,1,6,08/06/2024,,{'Saturday': 1},{'June': 1}
5623,1,6,08/06/2024,,{'Saturday': 1},{'June': 1}
0559,1,6,06/09/2021,,{'Monday': 1},{'September': 1}
8087,1,6,04/09/2021,,{'Saturday': 1},{'September': 1}
0258,1,6,16/03/2021,,{'Tuesday': 1},{'March': 1}
8487,1,6,17/06/2024,,{'Monday': 1},{'June': 1}
6213,1,6,17/06/2024,,{'Monday': 1},{'June': 1}
6077,1,6,17/06/2024,,{'Monday': 1},{'June': 1}
3492,1,6,17/06/2024,,{'Monday': 1},{'June': 1}
3185,1,6,17/06/2024,,{'Monday': 1},{'June': 1}
1988,1,6,17/06/2024,,{'Monday': 1},{'June': 1}
0694,1,6,17/06/2024,,{'Monday': 1},{'June': 1}
9195,1,6,16/06/2024,,{'Sunday': 1},{'June': 1}
8677,1,6,16/06/2024,,{'Sunday': 1},{'June': 1}
9656,1,6,15/06/2024,,{'Saturday': 1},{'June': 1}
6748,1,6,15/06/2024,,{'Saturday': 1},{'June': 1}
6356,1,6,15/06/2024,,{'Saturday': 1},{'June': 1}
2801,1,6,15/06/2024,,{'Saturday': 1},{'June': 1}
3146,1,6,22/06/2024,,{'Saturday': 1},{'June': 1}
3080,1,6,22/06/2024,,{'Saturday': 1},{'June': 1}
8906,1,6,19/06/2024,,{'Wednesday': 1},{'June': 1}
7630,1,6,19/06/2024,,{'Wednesday': 1},{'June': 1}
7444,1,6,19/06/2024,,{'Wednesday': 1},{'June': 1}
3541,1,6,19/06/2024,,{'Wednesday': 1},{'June': 1}
3065,1,6,19/06/2024,,{'Wednesday': 1},{'June': 1}
4822,1,6,18/06/2024,,{'Tuesday': 1},{'June': 1}
3162,1,6,18/06/2024,,{'Tuesday': 1},{'June': 1}
1772,1,6,18/06/2024,,{'Tuesday': 1},{'June': 1}
9919,1,6,17/06/2024,,{'Monday': 1},{'June': 1}
3703,1,6,07/09/2021,,{'Tuesday': 1},{'September': 1}
1371,1,6,07/09/2021,,{'Tuesday': 1},{'September': 1}
8610,1,6,06/09/2021,,{'Monday': 1},{'September': 1}
6210,1,6,06/09/2021,,{'Monday': 1},{'September': 1}
3792,1,6,06/09/2021,,{'Monday': 1},{'September': 1}
5397,1,6,04/09/2021,,{'Saturday': 1},{'September': 1}
3805,1,6,04/09/2021,,{'Saturday': 1},{'September': 1}
3377,1,6,04/09/2021,,{'Saturday': 1},{'September': 1}
9820,1,6,01/09/2021,,{'Wednesday': 1},{'September': 1}
9247,1,6,26/06/2024,,{'Wednesday': 1},{'June': 1}
3985,1,6,26/06/2024,,{'Wednesday': 1},{'June': 1}
2144,1,6,26/06/2024,,{'Wednesday': 1},{'June': 1}
4100,1,6,25/06/2024,,{'Tuesday': 1},{'June': 1}
3415,1,6,25/06/2024,,{'Tuesday': 1},{'June': 1}
2006,1,6,25/06/2024,,{'Tuesday': 1},{'June': 1}
6588,1,6,24/06/2024,,{'Monday': 1},{'June': 1}
4751,1,6,24/06/2024,,{'Monday': 1},{'June': 1}
2189,1,6,24/06/2024,,{'Monday': 1},{'June': 1}
0317,1,6,24/06/2024,,{'Monday': 1},{'June': 1}
4560,1,6,23/06/2024,,{'Sunday': 1},{'June': 1}
1408,1,6,23/06/2024,,{'Sunday': 1},{'June': 1}
4972,1,6,03/07/2024,,{'Wednesday': 1},{'July': 1}
2221,1,6,03/07/2024,,{'Wednesday': 1},{'July': 1}
8863,1,6,02/07/2024,,{'Tuesday': 1},{'July': 1}
9744,1,6,01/07/2024,,{'Monday': 1},{'July': 1}
3977,1,6,01/07/2024,,{'Monday': 1},{'July': 1}
9989,1,6,30/06/2024,,{'Sunday': 1},{'June': 1}
3286,1,6,30/06/2024,,{'Sunday': 1},{'June': 1}
6926,1,6,29/06/2024,,{'Saturday': 1},{'June': 1}
2190,1,6,29/06/2024,,{'Saturday': 1},{'June': 1}
0681,1,6,29/06/2024,,{'Saturday': 1},{'June': 1}
3996,1,6,15/03/2021,,{'Monday': 1},{'March': 1}
2354,1,6,15/03/2021,,{'Monday': 1},{'March': 1}
1754,1,6,15/03/2021,,{'Monday': 1},{'March': 1}
9895,1,6,13/03/2021,,{'Saturday': 1},{'March': 1}
6469,1,6,13/03/2021,,{'Saturday': 1},{'March': 1}
5915,1,6,13/03/2021,,{'Saturday': 1},{'March': 1}
9107,1,6,10/07/2024,,{'Wednesday': 1},{'July': 1}
6068,1,6,10/07/2024,,{'Wednesday': 1},{'July': 1}
4349,1,6,10/07/2024,,{'Wednesday': 1},{'July': 1}
7359,1,6,09/07/2024,,{'Tuesday': 1},{'July': 1}
3842,1,6,09/07/2024,,{'Tuesday': 1},{'July': 1}
2970,1,6,09/07/2024,,{'Tuesday': 1},{'July': 1}
6072,1,6,08/07/2024,,{'Monday': 1},{'July': 1}
3281,1,6,08/07/2024,,{'Monday': 1},{'July': 1}
5719,1,6,07/07/2024,,{'Sunday': 1},{'July': 1}
2382,1,6,07/07/2024,,{'Sunday': 1},{'July': 1}
9844,1,6,06/07/2024,,{'Saturday': 1},{'July': 1}
6727,1,6,06/07/2024,,{'Saturday': 1},{'July': 1}
2366,1,6,06/07/2024,,{'Saturday': 1},{'July': 1}
2364,1,6,06/07/2024,,{'Saturday': 1},{'July': 1}
6713,1,6,03/07/2024,,{'Wednesday': 1},{'July': 1}
6304,1,6,03/07/2024,,{'Wednesday': 1},{'July': 1}
1148,1,6,25/08/2021,,{'Wednesday': 1},{'August': 1}
4833,1,6,16/07/2024,,{'Tuesday': 1},{'July': 1}
4375,1,6,16/07/2024,,{'Tuesday': 1},{'July': 1}
3046,1,6,16/07/2024,,{'Tuesday': 1},{'July': 1}
2320,1,6,16/07/2024,,{'Tuesday': 1},{'July': 1}
3589,1,6,15/07/2024,,{'Monday': 1},{'July': 1}
2238,1,6,15/07/2024,,{'Monday': 1},{'July': 1}
0165,1,6,15/07/2024,,{'Monday': 1},{'July': 1}
9108,1,6,14/07/2024,,{'Sunday': 1},{'July': 1}
5552,1,6,14/07/2024,,{'Sunday': 1},{'July': 1}
3814,1,6,14/07/2024,,{'Sunday': 1},{'July': 1}
0898,1,6,14/07/2024,,{'Sunday': 1},{'July': 1}
9313,1,6,13/07/2024,,{'Saturday': 1},{'July': 1}
8149,1,6,13/07/2024,,{'Saturday': 1},{'July': 1}
1829,1,6,13/07/2024,,{'Saturday': 1},{'July': 1}
9297,1,6,10/07/2024,,{'Wednesday': 1},{'July': 1}
1982,1,6,21/07/2024,,{'Sunday': 1},{'July': 1}
9406,1,6,20/07/2024,,{'Saturday': 1},{'July': 1}
9129,1,6,20/07/2024,,{'Saturday': 1},{'July': 1}
5875,1,6,20/07/2024,,{'Saturday': 1},{'July': 1}
0918,1,6,20/07/2024,,{'Saturday': 1},{'July': 1}
0428,1,6,20/07/2024,,{'Saturday': 1},{'July': 1}
0131,1,6,20/07/2024,,{'Saturday': 1},{'July': 1}
4855,1,6,17/07/2024,,{'Wednesday': 1},{'July': 1}
4820,1,6,17/07/2024,,{'Wednesday': 1},{'July': 1}
4409,1,6,17/07/2024,,{'Wednesday': 1},{'July': 1}
1264,1,6,17/07/2024,,{'Wednesday': 1},{'July': 1}
8681,1,6,01/09/2021,,{'Wednesday': 1},{'September': 1}
3916,1,6,01/09/2021,,{'Wednesday': 1},{'September': 1}
4331,1,6,30/08/2021,,{'Monday': 1},{'August': 1}
2803,1,6,30/08/2021,,{'Monday': 1},{'August': 1}
2989,1,6,25/08/2021,,{'Wednesday': 1},{'August': 1}
1134,1,6,20/03/2021,,{'Saturday': 1},{'March': 1}
0719,1,6,20/03/2021,,{'Saturday': 1},{'March': 1}
4745,1,6,17/03/2021,,{'Wednesday': 1},{'March': 1}
7329,1,6,24/07/2024,,{'Wednesday': 1},{'July': 1}
0728,1,6,24/07/2024,,{'Wednesday': 1},{'July': 1}
0561,1,6,24/07/2024,,{'Wednesday': 1},{'July': 1}
0384,1,6,24/07/2024,,{'Wednesday': 1},{'July': 1}
8657,1,6,23/07/2024,,{'Tuesday': 1},{'July': 1}
8278,1,6,23/07/2024,,{'Tuesday': 1},{'July': 1}
7559,1,6,23/07/2024,,{'Tuesday': 1},{'July': 1}
7131,1,6,23/07/2024,,{'Tuesday': 1},{'July': 1}
5015,1,6,23/07/2024,,{'Tuesday': 1},{'July': 1}
8236,1,6,22/07/2024,,{'Monday': 1},{'July': 1}
0715,1,6,22/07/2024,,{'Monday': 1},{'July': 1}
8933,1,6,21/07/2024,,{'Sunday': 1},{'July': 1}
6011,1,6,21/07/2024,,{'Sunday': 1},{'July': 1}
6838,1,6,29/07/2024,,{'Monday': 1},{'July': 1}
0929,1,6,29/07/2024,,{'Monday': 1},{'July': 1}
8821,1,6,28/07/2024,,{'Sunday': 1},{'July': 1}
4787,1,6,28/07/2024,,{'Sunday': 1},{'July': 1}
7542,1,6,27/07/2024,,{'Saturday': 1},{'July': 1}
6982,1,6,27/07/2024,,{'Saturday': 1},{'July': 1}
3904,1,6,27/07/2024,,{'Saturday': 1},{'July': 1}
1771,1,6,27/07/2024,,{'Saturday': 1},{'July': 1}
1653,1,6,27/07/2024,,{'Saturday': 1},{'July': 1}
1355,1,6,18/08/2021,,{'Wednesday': 1},{'August': 1}
8191,1,6,16/08/2021,,{'Monday': 1},{'August': 1}
4504,1,6,16/08/2021,,{'Monday': 1},{'August': 1}
1900,1,6,16/08/2021,,{'Monday': 1},{'August': 1}
0994,1,6,16/08/2021,,{'Monday': 1},{'August': 1}
9598,1,6,11/08/2021,,{'Wednesday': 1},{'August': 1}
4976,1,6,11/08/2021,,{'Wednesday': 1},{'August': 1}
7737,1,6,05/08/2024,,{'Monday': 1},{'August': 1}
5216,1,6,05/08/2024,,{'Monday': 1},{'August': 1}
5159,1,6,05/08/2024,,{'Monday': 1},{'August': 1}
8994,1,6,04/08/2024,,{'Sunday': 1},{'August': 1}
6641,1,6,04/08/2024,,{'Sunday': 1},{'August': 1}
4305,1,6,04/08/2024,,{'Sunday': 1},{'August': 1}
4520,1,6,03/08/2024,,{'Saturday': 1},{'August': 1}
3490,1,6,03/08/2024,,{'Saturday': 1},{'August': 1}
9606,1,6,30/07/2024,,{'Tuesday': 1},{'July': 1}
8712,1,6,30/07/2024,,{'Tuesday': 1},{'July': 1}
7954,1,6,30/07/2024,,{'Tuesday': 1},{'July': 1}
7951,1,6,30/07/2024,,{'Tuesday': 1},{'July': 1}
4053,1,6,30/07/2024,,{'Tuesday': 1},{'July': 1}
1444,1,6,30/07/2024,,{'Tuesday': 1},{'July': 1}
9734,1,6,29/07/2024,,{'Monday': 1},{'July': 1}
8616,1,6,29/07/2024,,{'Monday': 1},{'July': 1}
1881,1,6,11/08/2021,,{'Wednesday': 1},{'August': 1}
7316,1,6,09/08/2021,,{'Monday': 1},{'August': 1}
7147,1,6,04/08/2021,,{'Wednesday': 1},{'August': 1}
7798,1,6,11/08/2024,,{'Sunday': 1},{'August': 1}
9834,1,6,10/08/2024,,{'Saturday': 1},{'August': 1}
9218,1,6,10/08/2024,,{'Saturday': 1},{'August': 1}
3154,1,6,10/08/2024,,{'Saturday': 1},{'August': 1}
1905,1,6,10/08/2024,,{'Saturday': 1},{'August': 1}
9490,1,6,07/08/2024,,{'Wednesday': 1},{'August': 1}
8870,1,6,07/08/2024,,{'Wednesday': 1},{'August': 1}
7538,1,6,07/08/2024,,{'Wednesday': 1},{'August': 1}
4612,1,6,07/08/2024,,{'Wednesday': 1},{'August': 1}
3489,1,6,07/08/2024,,{'Wednesday': 1},{'August': 1}
3469,1,6,07/08/2024,,{'Wednesday': 1},{'August': 1}
9345,1,6,06/08/2024,,{'Tuesday': 1},{'August': 1}
8396,1,6,06/08/2024,,{'Tuesday': 1},{'August': 1}
2040,1,6,17/08/2024,,{'Saturday': 1},{'August': 1}
1310,1,6,17/08/2024,,{'Saturday': 1},{'August': 1}
9475,1,6,14/08/2024,,{'Wednesday': 1},{'August': 1}
3150,1,6,14/08/2024,,{'Wednesday': 1},{'August': 1}
2426,1,6,14/08/2024,,{'Wednesday': 1},{'August': 1}
1186,1,6,14/08/2024,,{'Wednesday': 1},{'August': 1}
8936,1,6,13/08/2024,,{'Tuesday': 1},{'August': 1}
8155,1,6,13/08/2024,,{'Tuesday': 1},{'August': 1}
2172,1,6,13/08/2024,,{'Tuesday': 1},{'August': 1}
8953,1,6,12/08/2024,,{'Monday': 1},{'August': 1}
1546,1,6,12/08/2024,,{'Monday': 1},{'August': 1}
0956,1,6,12/08/2024,,{'Monday': 1},{'August': 1}
1934,1,6,17/03/2021,,{'Wednesday': 1},{'March': 1}
8569,1,6,16/03/2021,,{'Tuesday': 1},{'March': 1}
3849,1,6,16/03/2021,,{'Tuesday': 1},{'March': 1}
4279,1,6,11/08/2021,,{'Wednesday': 1},{'August': 1}
2239,1,6,02/08/2021,,{'Monday': 1},{'August': 1}
8315,1,6,27/07/2021,,{'Tuesday': 1},{'July': 1}
7656,1,6,27/07/2021,,{'Tuesday': 1},{'July': 1}
1550,1,6,27/07/2021,,{'Tuesday': 1},{'July': 1}
0950,1,6,27/07/2021,,{'Tuesday': 1},{'July': 1}
8058,1,6,20/08/2024,,{'Tuesday': 1},{'August': 1}
7663,1,6,20/08/2024,,{'Tuesday': 1},{'August': 1}
7506,1,6,20/08/2024,,{'Tuesday': 1},{'August': 1}
7018,1,6,19/08/2024,,{'Monday': 1},{'August': 1}
4534,1,6,19/08/2024,,{'Monday': 1},{'August': 1}
1978,1,6,19/08/2024,,{'Monday': 1},{'August': 1}
8564,1,6,18/08/2024,,{'Sunday': 1},{'August': 1}
3575,1,6,18/08/2024,,{'Sunday': 1},{'August': 1}
9480,1,6,17/08/2024,,{'Saturday': 1},{'August': 1}
4515,1,6,17/08/2024,,{'Saturday': 1},{'August': 1}
2410,1,6,17/08/2024,,{'Saturday': 1},{'August': 1}
5591,1,6,25/08/2024,,{'Sunday': 1},{'August': 1}
6373,1,6,24/08/2024,,{'Saturday': 1},{'August': 1}
6044,1,6,24/08/2024,,{'Saturday': 1},{'August': 1}
3906,1,6,24/08/2024,,{'Saturday': 1},{'August': 1}
8641,1,6,21/08/2024,,{'Wednesday': 1},{'August': 1}
5367,1,6,21/08/2024,,{'Wednesday': 1},{'August': 1}
4814,1,6,21/08/2024,,{'Wednesday': 1},{'August': 1}
4734,1,6,21/08/2024,,{'Wednesday': 1},{'August': 1}
4591,1,6,21/08/2024,,{'Wednesday': 1},{'August': 1}
4174,1,6,21/08/2024,,{'Wednesday': 1},{'August': 1}
6074,1,6,04/08/2021,,{'Wednesday': 1},{'August': 1}
2541,1,6,04/08/2021,,{'Wednesday': 1},{'August': 1}
0992,1,6,04/08/2021,,{'Wednesday': 1},{'August': 1}
6704,1,6,02/08/2021,,{'Monday': 1},{'August': 1}
5410,1,6,02/08/2021,,{'Monday': 1},{'August': 1}
2910,1,6,02/08/2021,,{'Monday': 1},{'August': 1}
4344,1,6,01/09/2024,,{'Sunday': 1},{'September': 1}
8785,1,6,31/08/2024,,{'Saturday': 1},{'August': 1}
8722,1,6,31/08/2024,,{'Saturday': 1},{'August': 1}
5872,1,6,31/08/2024,,{'Saturday': 1},{'August': 1}
5294,1,6,31/08/2024,,{'Saturday': 1},{'August': 1}
3748,1,6,31/08/2024,,{'Saturday': 1},{'August': 1}
9292,1,6,28/08/2024,,{'Wednesday': 1},{'August': 1}
9206,1,6,28/08/2024,,{'Wednesday': 1},{'August': 1}
6734,1,6,28/08/2024,,{'Wednesday': 1},{'August': 1}
2106,1,6,28/08/2024,,{'Wednesday': 1},{'August': 1}
1170,1,6,28/08/2024,,{'Wednesday': 1},{'August': 1}
9769,1,6,27/08/2024,,{'Tuesday': 1},{'August': 1}
3925,1,6,27/08/2024,,{'Tuesday': 1},{'August': 1}
5757,1,6,26/08/2024,,{'Monday': 1},{'August': 1}
1108,1,6,26/08/2024,,{'Monday': 1},{'August': 1}
6451,1,6,25/08/2024,,{'Sunday': 1},{'August': 1}
6603,1,6,22/03/2021,,{'Monday': 1},{'March': 1}
5863,1,6,22/03/2021,,{'Monday': 1},{'March': 1}
2712,1,6,22/03/2021,,{'Monday': 1},{'March': 1}
8719,1,6,20/03/2021,,{'Saturday': 1},{'March': 1}
3307,1,6,04/09/2024,,{'Wednesday': 1},{'September': 1}
0848,1,6,04/09/2024,,{'Wednesday': 1},{'September': 1}
0158,1,6,04/09/2024,,{'Wednesday': 1},{'September': 1}
3086,1,6,03/09/2024,,{'Tuesday': 1},{'September': 1}
0776,1,6,03/09/2024,,{'Tuesday': 1},{'September': 1}
0182,1,6,03/09/2024,,{'Tuesday': 1},{'September': 1}
8283,1,6,02/09/2024,,{'Monday': 1},{'September': 1}
5053,1,6,02/09/2024,,{'Monday': 1},{'September': 1}
3062,1,6,02/09/2024,,{'Monday': 1},{'September': 1}
2600,1,6,02/09/2024,,{'Monday': 1},{'September': 1}
1558,1,6,02/09/2024,,{'Monday': 1},{'September': 1}
8358,1,6,01/09/2024,,{'Sunday': 1},{'September': 1}
0560,1,6,10/09/2024,,{'Tuesday': 1},{'September': 1}
8271,1,6,09/09/2024,,{'Monday': 1},{'September': 1}
6088,1,6,09/09/2024,,{'Monday': 1},{'September': 1}
3395,1,6,09/09/2024,,{'Monday': 1},{'September': 1}
1434,1,6,08/09/2024,,{'Sunday': 1},{'September': 1}
0493,1,6,08/09/2024,,{'Sunday': 1},{'September': 1}
9996,1,6,07/09/2024,,{'Saturday': 1},{'September': 1}
4879,1,6,04/09/2024,,{'Wednesday': 1},{'September': 1}
4474,1,6,04/09/2024,,{'Wednesday': 1},{'September': 1}
0381,1,6,27/07/2021,,{'Tuesday': 1},{'July': 1}
8743,1,6,12/05/2021,,{'Wednesday': 1},{'May': 1}
5111,1,6,12/05/2021,,{'Wednesday': 1},{'May': 1}
1948,1,6,12/05/2021,,{'Wednesday': 1},{'May': 1}
7447,1,6,11/05/2021,,{'Tuesday': 1},{'May': 1}
7307,1,6,11/05/2021,,{'Tuesday': 1},{'May': 1}
1874,1,6,11/05/2021,,{'Tuesday': 1},{'May': 1}
7503,1,6,16/09/2024,,{'Monday': 1},{'September': 1}
4003,1,6,16/09/2024,,{'Monday': 1},{'September': 1}
2218,1,6,16/09/2024,,{'Monday': 1},{'September': 1}
0618,1,6,16/09/2024,,{'Monday': 1},{'September': 1}
9733,1,6,14/09/2024,,{'Saturday': 1},{'September': 1}
5849,1,6,14/09/2024,,{'Saturday': 1},{'September': 1}
1788,1,6,14/09/2024,,{'Saturday': 1},{'September': 1}
7618,1,6,11/09/2024,,{'Wednesday': 1},{'September': 1}
6796,1,6,11/09/2024,,{'Wednesday': 1},{'September': 1}
4613,1,6,11/09/2024,,{'Wednesday': 1},{'September': 1}
4586,1,6,11/09/2024,,{'Wednesday': 1},{'September': 1}
2667,1,6,11/09/2024,,{'Wednesday': 1},{'September': 1}
1113,1,6,11/09/2024,,{'Wednesday': 1},{'September': 1}
3691,1,6,10/09/2024,,{'Tuesday': 1},{'September': 1}
3156,1,6,10/09/2024,,{'Tuesday': 1},{'September': 1}
2518,1,6,10/09/2024,,{'Tuesday': 1},{'September': 1}
9188,1,6,10/05/2021,,{'Monday': 1},{'May': 1}
8924,1,6,10/05/2021,,{'Monday': 1},{'May': 1}
0978,1,6,10/05/2021,,{'Monday': 1},{'May': 1}
8864,1,6,05/05/2021,,{'Wednesday': 1},{'May': 1}
7858,1,6,22/09/2024,,{'Sunday': 1},{'September': 1}
8546,1,6,21/09/2024,,{'Saturday': 1},{'September': 1}
5746,1,6,21/09/2024,,{'Saturday': 1},{'September': 1}
3992,1,6,21/09/2024,,{'Saturday': 1},{'September': 1}
3077,1,6,21/09/2024,,{'Saturday': 1},{'September': 1}
8353,1,6,18/09/2024,,{'Wednesday': 1},{'September': 1}
3075,1,6,18/09/2024,,{'Wednesday': 1},{'September': 1}
1908,1,6,18/09/2024,,{'Wednesday': 1},{'September': 1}
1072,1,6,18/09/2024,,{'Wednesday': 1},{'September': 1}
7909,1,6,17/09/2024,,{'Tuesday': 1},{'September': 1}
3678,1,6,17/09/2024,,{'Tuesday': 1},{'September': 1}
9020,1,6,16/09/2024,,{'Monday': 1},{'September': 1}
7977,1,6,24/09/2024,,{'Tuesday': 1},{'September': 1}
4992,1,6,24/09/2024,,{'Tuesday': 1},{'September': 1}
3217,1,6,24/09/2024,,{'Tuesday': 1},{'September': 1}
5996,1,6,23/09/2024,,{'Monday': 1},{'September': 1}
5992,1,6,23/09/2024,,{'Monday': 1},{'September': 1}
5619,1,6,23/09/2024,,{'Monday': 1},{'September': 1}
5201,1,6,23/09/2024,,{'Monday': 1},{'September': 1}
4923,1,6,23/09/2024,,{'Monday': 1},{'September': 1}
4876,1,6,23/09/2024,,{'Monday': 1},{'September': 1}
4050,1,6,23/09/2024,,{'Monday': 1},{'September': 1}
1511,1,6,23/09/2024,,{'Monday': 1},{'September': 1}
9930,1,6,22/09/2024,,{'Sunday': 1},{'September': 1}
7374,1,6,20/03/2021,,{'Saturday': 1},{'March': 1}
7277,1,6,20/03/2021,,{'Saturday': 1},{'March': 1}
1791,1,6,11/05/2021,,{'Tuesday': 1},{'May': 1}
0551,1,6,11/05/2021,,{'Tuesday': 1},{'May': 1}
4336,1,6,29/09/2024,,{'Sunday': 1},{'September': 1}
1183,1,6,29/09/2024,,{'Sunday': 1},{'September': 1}
9170,1,6,28/09/2024,,{'Saturday': 1},{'September': 1}
8622,1,6,28/09/2024,,{'Saturday': 1},{'September': 1}
8347,1,6,28/09/2024,,{'Saturday': 1},{'September': 1}
9287,1,6,25/09/2024,,{'Wednesday': 1},{'September': 1}
7526,1,6,25/09/2024,,{'Wednesday': 1},{'September': 1}
5123,1,6,25/09/2024,,{'Wednesday': 1},{'September': 1}
8803,1,6,04/05/2021,,{'Tuesday': 1},{'May': 1}
5251,1,6,04/05/2021,,{'Tuesday': 1},{'May': 1}
0791,1,6,04/05/2021,,{'Tuesday': 1},{'May': 1}
9071,1,6,24/04/2021,,{'Saturday': 1},{'April': 1}
8539,1,6,24/04/2021,,{'Saturday': 1},{'April': 1}
8055,1,6,24/03/2021,,{'Wednesday': 1},{'March': 1}
6055,1,6,24/03/2021,,{'Wednesday': 1},{'March': 1}
2728,1,6,24/03/2021,,{'Wednesday': 1},{'March': 1}
2398,1,6,06/10/2024,,{'Sunday': 1},{'October': 1}
1726,1,6,06/10/2024,,{'Sunday': 1},{'October': 1}
6642,1,6,05/10/2024,,{'Saturday': 1},{'October': 1}
4042,1,6,05/10/2024,,{'Saturday': 1},{'October': 1}
3272,1,6,05/10/2024,,{'Saturday': 1},{'October': 1}
3104,1,6,05/10/2024,,{'Saturday': 1},{'October': 1}
2156,1,6,05/10/2024,,{'Saturday': 1},{'October': 1}
0897,1,6,05/10/2024,,{'Saturday': 1},{'October': 1}
9381,1,6,01/10/2024,,{'Tuesday': 1},{'October': 1}
4135,1,6,01/10/2024,,{'Tuesday': 1},{'October': 1}
0983,1,6,01/10/2024,,{'Tuesday': 1},{'October': 1}
0359,1,6,01/10/2024,,{'Tuesday': 1},{'October': 1}
9240,1,6,30/09/2024,,{'Monday': 1},{'September': 1}
4365,1,6,30/09/2024,,{'Monday': 1},{'September': 1}
3932,1,6,30/09/2024,,{'Monday': 1},{'September': 1}
0879,1,6,30/09/2024,,{'Monday': 1},{'September': 1}
7332,1,6,14/10/2024,,{'Monday': 1},{'October': 1}
3147,1,6,14/10/2024,,{'Monday': 1},{'October': 1}
3114,1,6,14/10/2024,,{'Monday': 1},{'October': 1}
0961,1,6,14/10/2024,,{'Monday': 1},{'October': 1}
7921,1,6,12/10/2024,,{'Saturday': 1},{'October': 1}
8263,1,6,08/10/2024,,{'Tuesday': 1},{'October': 1}
8251,1,6,08/10/2024,,{'Tuesday': 1},{'October': 1}
6737,1,6,08/10/2024,,{'Tuesday': 1},{'October': 1}
5610,1,6,08/10/2024,,{'Tuesday': 1},{'October': 1}
5445,1,6,08/10/2024,,{'Tuesday': 1},{'October': 1}
2080,1,6,08/10/2024,,{'Tuesday': 1},{'October': 1}
1637,1,6,08/10/2024,,{'Tuesday': 1},{'October': 1}
1513,1,6,08/10/2024,,{'Tuesday': 1},{'October': 1}
0857,1,6,08/10/2024,,{'Tuesday': 1},{'October': 1}
7190,1,6,07/10/2024,,{'Monday': 1},{'October': 1}
5637,1,6,06/10/2024,,{'Sunday': 1},{'October': 1}
6309,1,6,28/04/2021,,{'Wednesday': 1},{'April': 1}
2592,1,6,28/04/2021,,{'Wednesday': 1},{'April': 1}
1088,1,6,28/04/2021,,{'Wednesday': 1},{'April': 1}
0565,1,6,28/04/2021,,{'Wednesday': 1},{'April': 1}
4232,1,6,27/04/2021,,{'Tuesday': 1},{'April': 1}
4070,1,6,27/04/2021,,{'Tuesday': 1},{'April': 1}
4013,1,6,19/10/2024,,{'Saturday': 1},{'October': 1}
5907,1,6,16/10/2024,,{'Wednesday': 1},{'October': 1}
4944,1,6,16/10/2024,,{'Wednesday': 1},{'October': 1}
4653,1,6,16/10/2024,,{'Wednesday': 1},{'October': 1}
8908,1,6,15/10/2024,,{'Tuesday': 1},{'October': 1}
8006,1,6,15/10/2024,,{'Tuesday': 1},{'October': 1}
4556,1,6,15/10/2024,,{'Tuesday': 1},{'October': 1}
4467,1,6,15/10/2024,,{'Tuesday': 1},{'October': 1}
9063,1,6,14/10/2024,,{'Monday': 1},{'October': 1}
8942,1,6,14/10/2024,,{'Monday': 1},{'October': 1}
6070,1,6,22/10/2024,,{'Tuesday': 1},{'October': 1}
1103,1,6,22/10/2024,,{'Tuesday': 1},{'October': 1}
7467,1,6,21/10/2024,,{'Monday': 1},{'October': 1}
6016,1,6,21/10/2024,,{'Monday': 1},{'October': 1}
0541,1,6,21/10/2024,,{'Monday': 1},{'October': 1}
9821,1,6,20/10/2024,,{'Sunday': 1},{'October': 1}
7968,1,6,20/10/2024,,{'Sunday': 1},{'October': 1}
7130,1,6,20/10/2024,,{'Sunday': 1},{'October': 1}
3370,1,6,20/10/2024,,{'Sunday': 1},{'October': 1}
5487,1,6,19/10/2024,,{'Saturday': 1},{'October': 1}
6894,1,6,23/03/2021,,{'Tuesday': 1},{'March': 1}
4571,1,6,23/03/2021,,{'Tuesday': 1},{'March': 1}
4270,1,6,23/03/2021,,{'Tuesday': 1},{'March': 1}
3124,1,6,23/03/2021,,{'Tuesday': 1},{'March': 1}
0743,1,6,24/04/2021,,{'Saturday': 1},{'April': 1}
0584,1,6,24/04/2021,,{'Saturday': 1},{'April': 1}
4553,1,6,29/10/2024,,{'Tuesday': 1},{'October': 1}
5121,1,6,28/10/2024,,{'Monday': 1},{'October': 1}
4109,1,6,28/10/2024,,{'Monday': 1},{'October': 1}
3991,1,6,28/10/2024,,{'Monday': 1},{'October': 1}
7211,1,6,27/10/2024,,{'Sunday': 1},{'October': 1}
6543,1,6,27/10/2024,,{'Sunday': 1},{'October': 1}
0058,1,6,27/10/2024,,{'Sunday': 1},{'October': 1}
6970,1,6,26/10/2024,,{'Saturday': 1},{'October': 1}
4908,1,6,26/10/2024,,{'Saturday': 1},{'October': 1}
4325,1,6,26/10/2024,,{'Saturday': 1},{'October': 1}
2911,1,6,26/10/2024,,{'Saturday': 1},{'October': 1}
0137,1,6,26/10/2024,,{'Saturday': 1},{'October': 1}
7347,1,6,23/10/2024,,{'Wednesday': 1},{'October': 1}
1023,1,6,23/10/2024,,{'Wednesday': 1},{'October': 1}
6431,1,6,22/10/2024,,{'Tuesday': 1},{'October': 1}
6293,1,6,22/10/2024,,{'Tuesday': 1},{'October': 1}
7082,1,6,04/11/2024,,{'Monday': 1},{'November': 1}
6907,1,6,04/11/2024,,{'Monday': 1},{'November': 1}
1853,1,6,04/11/2024,,{'Monday': 1},{'November': 1}
0449,1,6,04/11/2024,,{'Monday': 1},{'November': 1}
3715,1,6,03/11/2024,,{'Sunday': 1},{'November': 1}
2204,1,6,03/11/2024,,{'Sunday': 1},{'November': 1}
7732,1,6,02/11/2024,,{'Saturday': 1},{'November': 1}
5267,1,6,02/11/2024,,{'Saturday': 1},{'November': 1}
4840,1,6,02/11/2024,,{'Saturday': 1},{'November': 1}
1970,1,6,02/11/2024,,{'Saturday': 1},{'November': 1}
9396,1,6,30/10/2024,,{'Wednesday': 1},{'October': 1}
9220,1,6,30/10/2024,,{'Wednesday': 1},{'October': 1}
8752,1,6,30/10/2024,,{'Wednesday': 1},{'October': 1}
3014,1,6,30/10/2024,,{'Wednesday': 1},{'October': 1}
1346,1,6,30/10/2024,,{'Wednesday': 1},{'October': 1}
8967,1,6,29/10/2024,,{'Tuesday': 1},{'October': 1}
8976,1,6,09/11/2024,,{'Saturday': 1},{'November': 1}
3061,1,6,09/11/2024,,{'Saturday': 1},{'November': 1}
8280,1,6,06/11/2024,,{'Wednesday': 1},{'November': 1}
6312,1,6,06/11/2024,,{'Wednesday': 1},{'November': 1}
4839,1,6,06/11/2024,,{'Wednesday': 1},{'November': 1}
4329,1,6,06/11/2024,,{'Wednesday': 1},{'November': 1}
3481,1,6,06/11/2024,,{'Wednesday': 1},{'November': 1}
9153,1,6,05/11/2024,,{'Tuesday': 1},{'November': 1}
8955,1,6,05/11/2024,,{'Tuesday': 1},{'November': 1}
2316,1,6,05/11/2024,,{'Tuesday': 1},{'November': 1}
1971,1,6,05/11/2024,,{'Tuesday': 1},{'November': 1}
1617,1,6,05/11/2024,,{'Tuesday': 1},{'November': 1}
0963,1,6,05/11/2024,,{'Tuesday': 1},{'November': 1}
0316,1,6,05/11/2024,,{'Tuesday': 1},{'November': 1}
8052,1,6,04/11/2024,,{'Monday': 1},{'November': 1}
7354,1,6,04/11/2024,,{'Monday': 1},{'November': 1}
2409,1,6,16/11/2024,,{'Saturday': 1},{'November': 1}
6432,1,6,13/11/2024,,{'Wednesday': 1},{'November': 1}
6363,1,6,13/11/2024,,{'Wednesday': 1},{'November': 1}
3302,1,6,13/11/2024,,{'Wednesday': 1},{'November': 1}
2160,1,6,13/11/2024,,{'Wednesday': 1},{'November': 1}
1482,1,6,13/11/2024,,{'Wednesday': 1},{'November': 1}
3844,1,6,12/11/2024,,{'Tuesday': 1},{'November': 1}
1235,1,6,12/11/2024,,{'Tuesday': 1},{'November': 1}
8389,1,6,11/11/2024,,{'Monday': 1},{'November': 1}
4213,1,6,11/11/2024,,{'Monday': 1},{'November': 1}
3528,1,6,11/11/2024,,{'Monday': 1},{'November': 1}
0846,1,6,11/11/2024,,{'Monday': 1},{'November': 1}
9775,1,6,10/11/2024,,{'Sunday': 1},{'November': 1}
9597,1,6,10/11/2024,,{'Sunday': 1},{'November': 1}
2032,1,6,10/11/2024,,{'Sunday': 1},{'November': 1}
0467,1,6,10/11/2024,,{'Sunday': 1},{'November': 1}
9976,1,6,21/04/2021,,{'Wednesday': 1},{'April': 1}
8727,1,6,21/04/2021,,{'Wednesday': 1},{'April': 1}
3616,1,6,21/04/2021,,{'Wednesday': 1},{'April': 1}
2693,1,6,20/04/2021,,{'Tuesday': 1},{'April': 1}
4925,1,6,29/03/2021,,{'Monday': 1},{'March': 1}
3668,1,6,18/11/2024,,{'Monday': 1},{'November': 1}
3426,1,6,18/11/2024,,{'Monday': 1},{'November': 1}
1585,1,6,18/11/2024,,{'Monday': 1},{'November': 1}
9304,1,6,17/11/2024,,{'Sunday': 1},{'November': 1}
3901,1,6,17/11/2024,,{'Sunday': 1},{'November': 1}
3592,1,6,17/11/2024,,{'Sunday': 1},{'November': 1}
9486,1,6,16/11/2024,,{'Saturday': 1},{'November': 1}
8306,1,6,16/11/2024,,{'Saturday': 1},{'November': 1}
7548,1,6,16/11/2024,,{'Saturday': 1},{'November': 1}
4954,1,6,16/11/2024,,{'Saturday': 1},{'November': 1}
4831,1,6,16/11/2024,,{'Saturday': 1},{'November': 1}
3458,1,6,25/11/2024,,{'Monday': 1},{'November': 1}
7965,1,6,24/11/2024,,{'Sunday': 1},{'November': 1}
6836,1,6,24/11/2024,,{'Sunday': 1},{'November': 1}
5237,1,6,24/11/2024,,{'Sunday': 1},{'November': 1}
3603,1,6,23/11/2024,,{'Saturday': 1},{'November': 1}
1483,1,6,23/11/2024,,{'Saturday': 1},{'November': 1}
0639,1,6,23/11/2024,,{'Saturday': 1},{'November': 1}
2959,1,6,20/11/2024,,{'Wednesday': 1},{'November': 1}
1292,1,6,20/11/2024,,{'Wednesday': 1},{'November': 1}
9216,1,6,19/11/2024,,{'Tuesday': 1},{'November': 1}
3182,1,6,19/11/2024,,{'Tuesday': 1},{'November': 1}
0356,1,6,19/11/2024,,{'Tuesday': 1},{'November': 1}
9498,1,6,26/04/2021,,{'Monday': 1},{'April': 1}
8605,1,6,26/04/2021,,{'Monday': 1},{'April': 1}
6644,1,6,26/04/2021,,{'Monday': 1},{'April': 1}
4154,1,6,26/04/2021,,{'Monday': 1},{'April': 1}
5892,1,6,02/12/2024,,{'Monday': 1},{'December': 1}
2501,1,6,02/12/2024,,{'Monday': 1},{'December': 1}
1737,1,6,01/12/2024,,{'Sunday': 1},{'December': 1}
0275,1,6,01/12/2024,,{'Sunday': 1},{'December': 1}
4849,1,6,30/11/2024,,{'Saturday': 1},{'November': 1}
1188,1,6,30/11/2024,,{'Saturday': 1},{'November': 1}
0143,1,6,30/11/2024,,{'Saturday': 1},{'November': 1}
9565,1,6,27/11/2024,,{'Wednesday': 1},{'November': 1}
4046,1,6,27/11/2024,,{'Wednesday': 1},{'November': 1}
2184,1,6,27/11/2024,,{'Wednesday': 1},{'November': 1}
1885,1,6,27/11/2024,,{'Wednesday': 1},{'November': 1}
1510,1,6,27/11/2024,,{'Wednesday': 1},{'November': 1}
6275,1,6,26/11/2024,,{'Tuesday': 1},{'November': 1}
1576,1,6,26/11/2024,,{'Tuesday': 1},{'November': 1}
9418,1,6,25/11/2024,,{'Monday': 1},{'November': 1}
6630,1,6,25/11/2024,,{'Monday': 1},{'November': 1}
0025,1,6,11/12/2024,,{'Wednesday': 1},{'December': 1}
3423,1,6,10/12/2024,,{'Tuesday': 1},{'December': 1}
0005,1,6,10/12/2024,,{'Tuesday': 1},{'December': 1}
7932,1,6,09/12/2024,,{'Monday': 1},{'December': 1}
5311,1,6,09/12/2024,,{'Monday': 1},{'December': 1}
5007,1,6,09/12/2024,,{'Monday': 1},{'December': 1}
2468,1,6,09/12/2024,,{'Monday': 1},{'December': 1}
9137,1,6,08/12/2024,,{'Sunday': 1},{'December': 1}
4649,1,6,08/12/2024,,{'Sunday': 1},{'December': 1}
7884,1,6,07/12/2024,,{'Saturday': 1},{'December': 1}
7356,1,6,07/12/2024,,{'Saturday': 1},{'December': 1}
7279,1,6,07/12/2024,,{'Saturday': 1},{'December': 1}
2982,1,6,07/12/2024,,{'Saturday': 1},{'December': 1}
5091,1,6,03/12/2024,,{'Tuesday': 1},{'December': 1}
2860,1,6,03/12/2024,,{'Tuesday': 1},{'December': 1}
8775,1,6,02/12/2024,,{'Monday': 1},{'December': 1}
2781,1,6,17/12/2024,,{'Tuesday': 1},{'December': 1}
1779,1,6,17/12/2024,,{'Tuesday': 1},{'December': 1}
5889,1,6,16/12/2024,,{'Monday': 1},{'December': 1}
4016,1,6,16/12/2024,,{'Monday': 1},{'December': 1}
2509,1,6,16/12/2024,,{'Monday': 1},{'December': 1}
2042,1,6,16/12/2024,,{'Monday': 1},{'December': 1}
6628,1,6,15/12/2024,,{'Sunday': 1},{'December': 1}
1163,1,6,15/12/2024,,{'Sunday': 1},{'December': 1}
0360,1,6,15/12/2024,,{'Sunday': 1},{'December': 1}
8240,1,6,14/12/2024,,{'Saturday': 1},{'December': 1}
7191,1,6,14/12/2024,,{'Saturday': 1},{'December': 1}
5706,1,6,14/12/2024,,{'Saturday': 1},{'December': 1}
3965,1,6,14/12/2024,,{'Saturday': 1},{'December': 1}
8376,1,6,11/12/2024,,{'Wednesday': 1},{'December': 1}
6440,1,6,11/12/2024,,{'Wednesday': 1},{'December': 1}
3970,1,6,11/12/2024,,{'Wednesday': 1},{'December': 1}
2956,1,6,27/03/2021,,{'Saturday': 1},{'March': 1}
8810,1,6,24/03/2021,,{'Wednesday': 1},{'March': 1}
1116,1,6,20/04/2021,,{'Tuesday': 1},{'April': 1}
4160,1,6,21/12/2024,,{'Saturday': 1},{'December': 1}
3389,1,6,21/12/2024,,{'Saturday': 1},{'December': 1}
1220,1,6,21/12/2024,,{'Saturday': 1},{'December': 1}
0590,1,6,21/12/2024,,{'Saturday': 1},{'December': 1}
8718,1,6,18/12/2024,,{'Wednesday': 1},{'December': 1}
8040,1,6,18/12/2024,,{'Wednesday': 1},{'December': 1}
7778,1,6,18/12/2024,,{'Wednesday': 1},{'December': 1}
7135,1,6,18/12/2024,,{'Wednesday': 1},{'December': 1}
3793,1,6,18/12/2024,,{'Wednesday': 1},{'December': 1}
2231,1,6,18/12/2024,,{'Wednesday': 1},{'December': 1}
0413,1,6,18/12/2024,,{'Wednesday': 1},{'December': 1}
8511,1,6,17/12/2024,,{'Tuesday': 1},{'December': 1}
8252,1,6,17/12/2024,,{'Tuesday': 1},{'December': 1}
7324,1,6,24/12/2024,,{'Tuesday': 1},{'December': 1}
5721,1,6,24/12/2024,,{'Tuesday': 1},{'December': 1}
4355,1,6,24/12/2024,,{'Tuesday': 1},{'December': 1}
2078,1,6,24/12/2024,,{'Tuesday': 1},{'December': 1}
1473,1,6,24/12/2024,,{'Tuesday': 1},{'December': 1}
9622,1,6,23/12/2024,,{'Monday': 1},{'December': 1}
6955,1,6,23/12/2024,,{'Monday': 1},{'December': 1}
3529,1,6,23/12/2024,,{'Monday': 1},{'December': 1}
2914,1,6,23/12/2024,,{'Monday': 1},{'December': 1}
0431,1,6,23/12/2024,,{'Monday': 1},{'December': 1}
6370,1,6,22/12/2024,,{'Sunday': 1},{'December': 1}
3850,1,6,22/12/2024,,{'Sunday': 1},{'December': 1}
2980,1,6,29/03/2021,,{'Monday': 1},{'March': 1}
0284,1,6,29/03/2021,,{'Monday': 1},{'March': 1}
8577,1,6,27/03/2021,,{'Saturday': 1},{'March': 1}
4478,1,6,27/03/2021,,{'Saturday': 1},{'March': 1}
5140,1,6,31/12/2024,,{'Tuesday': 1},{'December': 1}
7312,1,6,30/12/2024,,{'Monday': 1},{'December': 1}
7128,1,6,30/12/2024,,{'Monday': 1},{'December': 1}
4038,1,6,30/12/2024,,{'Monday': 1},{'December': 1}
0149,1,6,30/12/2024,,{'Monday': 1},{'December': 1}
8296,1,6,29/12/2024,,{'Sunday': 1},{'December': 1}
3432,1,6,29/12/2024,,{'Sunday': 1},{'December': 1}
4883,1,6,28/12/2024,,{'Saturday': 1},{'December': 1}
2925,1,6,28/12/2024,,{'Saturday': 1},{'December': 1}
0267,1,6,28/12/2024,,{'Saturday': 1},{'December': 1}
0008,1,6,28/12/2024,,{'Saturday': 1},{'December': 1}
9587,1,6,25/12/2024,,{'Wednesday': 1},{'December': 1}
8625,1,6,25/12/2024,,{'Wednesday': 1},{'December': 1}
4614,1,6,25/12/2024,,{'Wednesday': 1},{'December': 1}
4426,1,6,25/12/2024,,{'Wednesday': 1},{'December': 1}
0484,1,6,25/12/2024,,{'Wednesday': 1},{'December': 1}
0861,1,6,07/01/2025,,{'Tuesday': 1},{'January': 1}
9982,1,6,06/01/2025,,{'Monday': 1},{'January': 1}
6524,1,6,06/01/2025,,{'Monday': 1},{'January': 1}
6873,1,6,05/01/2025,,{'Sunday': 1},{'January': 1}
1409,1,6,05/01/2025,,{'Sunday': 1},{'January': 1}
6554,1,6,04/01/2025,,{'Saturday': 1},{'January': 1}
5504,1,6,04/01/2025,,{'Saturday': 1},{'January': 1}
4829,1,6,04/01/2025,,{'Saturday': 1},{'January': 1}
0705,1,6,04/01/2025,,{'Saturday': 1},{'January': 1}
8823,1,6,01/01/2025,,{'Wednesday': 1},{'January': 1}
8333,1,6,01/01/2025,,{'Wednesday': 1},{'January': 1}
7184,1,6,01/01/2025,,{'Wednesday': 1},{'January': 1}
5538,1,6,01/01/2025,,{'Wednesday': 1},{'January': 1}
0527,1,6,01/01/2025,,{'Wednesday': 1},{'January': 1}
5738,1,6,31/12/2024,,{'Tuesday': 1},{'December': 1}
5500,1,6,31/12/2024,,{'Tuesday': 1},{'December': 1}
2848,1,6,14/01/2025,,{'Tuesday': 1},{'January': 1}
2784,1,6,14/01/2025,,{'Tuesday': 1},{'January': 1}
0046,1,6,14/01/2025,,{'Tuesday': 1},{'January': 1}
2579,1,6,13/01/2025,,{'Monday': 1},{'January': 1}
2561,1,6,13/01/2025,,{'Monday': 1},{'January': 1}
1225,1,6,12/01/2025,,{'Sunday': 1},{'January': 1}
9987,1,6,11/01/2025,,{'Saturday': 1},{'January': 1}
8653,1,6,11/01/2025,,{'Saturday': 1},{'January': 1}
7717,1,6,11/01/2025,,{'Saturday': 1},{'January': 1}
0783,1,6,11/01/2025,,{'Saturday': 1},{'January': 1}
4134,1,6,08/01/2025,,{'Wednesday': 1},{'January': 1}
2981,1,6,08/01/2025,,{'Wednesday': 1},{'January': 1}
0530,1,6,08/01/2025,,{'Wednesday': 1},{'January': 1}
9815,1,6,07/01/2025,,{'Tuesday': 1},{'January': 1}
8311,1,6,07/01/2025,,{'Tuesday': 1},{'January': 1}
6273,1,6,07/01/2025,,{'Tuesday': 1},{'January': 1}
2436,1,6,22/01/2025,,{'Wednesday': 1},{'January': 1}
9984,1,6,21/01/2025,,{'Tuesday': 1},{'January': 1}
7757,1,6,21/01/2025,,{'Tuesday': 1},{'January': 1}
7475,1,6,21/01/2025,,{'Tuesday': 1},{'January': 1}
3635,1,6,21/01/2025,,{'Tuesday': 1},{'January': 1}
1342,1,6,21/01/2025,,{'Tuesday': 1},{'January': 1}
9451,1,6,20/01/2025,,{'Monday': 1},{'January': 1}
6692,1,6,20/01/2025,,{'Monday': 1},{'January': 1}
5804,1,6,20/01/2025,,{'Monday': 1},{'January': 1}
5997,1,6,19/01/2025,,{'Sunday': 1},{'January': 1}
5669,1,6,19/01/2025,,{'Sunday': 1},{'January': 1}
1719,1,6,19/01/2025,,{'Sunday': 1},{'January': 1}
5466,1,6,18/01/2025,,{'Saturday': 1},{'January': 1}
4607,1,6,15/01/2025,,{'Wednesday': 1},{'January': 1}
5106,1,6,14/01/2025,,{'Tuesday': 1},{'January': 1}
3353,1,6,14/01/2025,,{'Tuesday': 1},{'January': 1}
1308,1,6,29/01/2025,,{'Wednesday': 1},{'January': 1}
9185,1,6,28/01/2025,,{'Tuesday': 1},{'January': 1}
8983,1,6,28/01/2025,,{'Tuesday': 1},{'January': 1}
8035,1,6,28/01/2025,,{'Tuesday': 1},{'January': 1}
7386,1,6,28/01/2025,,{'Tuesday': 1},{'January': 1}
6387,1,6,28/01/2025,,{'Tuesday': 1},{'January': 1}
6339,1,6,28/01/2025,,{'Tuesday': 1},{'January': 1}
9365,1,6,27/01/2025,,{'Monday': 1},{'January': 1}
7871,1,6,27/01/2025,,{'Monday': 1},{'January': 1}
1279,1,6,27/01/2025,,{'Monday': 1},{'January': 1}
7133,1,6,25/01/2025,,{'Saturday': 1},{'January': 1}
0353,1,6,25/01/2025,,{'Saturday': 1},{'January': 1}
7031,1,6,22/01/2025,,{'Wednesday': 1},{'January': 1}
6232,1,6,22/01/2025,,{'Wednesday': 1},{'January': 1}
5042,1,6,22/01/2025,,{'Wednesday': 1},{'January': 1}
4202,1,6,22/01/2025,,{'Wednesday': 1},{'January': 1}
1567,1,6,19/04/2021,,{'Monday': 1},{'April': 1}
9282,1,6,17/04/2021,,{'Saturday': 1},{'April': 1}
9096,1,6,17/04/2021,,{'Saturday': 1},{'April': 1}
3099,1,6,17/04/2021,,{'Saturday': 1},{'April': 1}
8513,1,6,14/04/2021,,{'Wednesday': 1},{'April': 1}
6532,1,6,14/04/2021,,{'Wednesday': 1},{'April': 1}
6325,1,6,14/04/2021,,{'Wednesday': 1},{'April': 1}
1572,1,6,02/02/2025,,{'Sunday': 1},{'February': 1}
9300,1,6,01/02/2025,,{'Saturday': 1},{'February': 1}
6170,1,6,01/02/2025,,{'Saturday': 1},{'February': 1}
3259,1,6,01/02/2025,,{'Saturday': 1},{'February': 1}
9875,1,6,29/01/2025,,{'Wednesday': 1},{'January': 1}
6270,1,6,29/01/2025,,{'Wednesday': 1},{'January': 1}
5950,1,6,29/01/2025,,{'Wednesday': 1},{'January': 1}
5908,1,6,29/01/2025,,{'Wednesday': 1},{'January': 1}
3537,1,6,29/01/2025,,{'Wednesday': 1},{'January': 1}
4920,1,6,08/02/2025,,{'Saturday': 1},{'February': 1}
1470,1,6,08/02/2025,,{'Saturday': 1},{'February': 1}
9447,1,6,04/02/2025,,{'Tuesday': 1},{'February': 1}
3827,1,6,04/02/2025,,{'Tuesday': 1},{'February': 1}
3206,1,6,04/02/2025,,{'Tuesday': 1},{'February': 1}
1063,1,6,04/02/2025,,{'Tuesday': 1},{'February': 1}
0433,1,6,04/02/2025,,{'Tuesday': 1},{'February': 1}
7479,1,6,03/02/2025,,{'Monday': 1},{'February': 1}
0380,1,6,03/02/2025,,{'Monday': 1},{'February': 1}
9499,1,6,02/02/2025,,{'Sunday': 1},{'February': 1}
9249,1,6,02/02/2025,,{'Sunday': 1},{'February': 1}
0074,1,6,20/04/2021,,{'Tuesday': 1},{'April': 1}
9664,1,6,19/04/2021,,{'Monday': 1},{'April': 1}
6245,1,6,19/04/2021,,{'Monday': 1},{'April': 1}
4585,1,6,19/04/2021,,{'Monday': 1},{'April': 1}
3189,1,6,19/04/2021,,{'Monday': 1},{'April': 1}
6583,1,6,18/02/2025,,{'Tuesday': 1},{'February': 1}
5485,1,6,18/02/2025,,{'Tuesday': 1},{'February': 1}
3463,1,6,18/02/2025,,{'Tuesday': 1},{'February': 1}
7867,1,6,17/02/2025,,{'Monday': 1},{'February': 1}
0026,1,6,17/02/2025,,{'Monday': 1},{'February': 1}
7930,1,6,16/02/2025,,{'Sunday': 1},{'February': 1}
7236,1,6,16/02/2025,,{'Sunday': 1},{'February': 1}
9082,1,6,15/02/2025,,{'Saturday': 1},{'February': 1}
7554,1,6,15/02/2025,,{'Saturday': 1},{'February': 1}
6930,1,6,15/02/2025,,{'Saturday': 1},{'February': 1}
6284,1,6,15/02/2025,,{'Saturday': 1},{'February': 1}
0735,1,6,15/02/2025,,{'Saturday': 1},{'February': 1}
8484,1,6,12/02/2025,,{'Wednesday': 1},{'February': 1}
5044,1,6,11/02/2025,,{'Tuesday': 1},{'February': 1}
6629,1,6,10/02/2025,,{'Monday': 1},{'February': 1}
6849,1,6,08/02/2025,,{'Saturday': 1},{'February': 1}
3306,1,6,24/02/2025,,{'Monday': 1},{'February': 1}
2196,1,6,24/02/2025,,{'Monday': 1},{'February': 1}
1323,1,6,24/02/2025,,{'Monday': 1},{'February': 1}
8805,1,6,23/02/2025,,{'Sunday': 1},{'February': 1}
5208,1,6,22/02/2025,,{'Saturday': 1},{'February': 1}
3136,1,6,22/02/2025,,{'Saturday': 1},{'February': 1}
5645,1,6,19/02/2025,,{'Wednesday': 1},{'February': 1}
3187,1,6,19/02/2025,,{'Wednesday': 1},{'February': 1}
0765,1,6,19/02/2025,,{'Wednesday': 1},{'February': 1}
9826,1,6,18/02/2025,,{'Tuesday': 1},{'February': 1}
8076,1,6,13/04/2021,,{'Tuesday': 1},{'April': 1}
7070,1,6,13/04/2021,,{'Tuesday': 1},{'April': 1}
7004,1,6,12/04/2021,,{'Monday': 1},{'April': 1}
4005,1,6,12/04/2021,,{'Monday': 1},{'April': 1}
3291,1,6,12/04/2021,,{'Monday': 1},{'April': 1}
0160,1,6,12/04/2021,,{'Monday': 1},{'April': 1}
6264,1,6,03/03/2025,,{'Monday': 1},{'March': 1}
0660,1,6,03/03/2025,,{'Monday': 1},{'March': 1}
1333,1,6,02/03/2025,,{'Sunday': 1},{'March': 1}
1111,1,6,02/03/2025,,{'Sunday': 1},{'March': 1}
0174,1,6,02/03/2025,,{'Sunday': 1},{'March': 1}
9274,1,6,26/02/2025,,{'Wednesday': 1},{'February': 1}
8142,1,6,26/02/2025,,{'Wednesday': 1},{'February': 1}
8135,1,6,26/02/2025,,{'Wednesday': 1},{'February': 1}
5691,1,6,26/02/2025,,{'Wednesday': 1},{'February': 1}
5624,1,6,26/02/2025,,{'Wednesday': 1},{'February': 1}
0463,1,6,26/02/2025,,{'Wednesday': 1},{'February': 1}
8242,1,6,25/02/2025,,{'Tuesday': 1},{'February': 1}
7205,1,6,25/02/2025,,{'Tuesday': 1},{'February': 1}
1529,1,6,25/02/2025,,{'Tuesday': 1},{'February': 1}
8430,1,6,24/02/2025,,{'Monday': 1},{'February': 1}
6761,1,6,24/02/2025,,{'Monday': 1},{'February': 1}
9742,1,6,08/03/2025,,{'Saturday': 1},{'March': 1}
8480,1,6,08/03/2025,,{'Saturday': 1},{'March': 1}
5970,1,6,08/03/2025,,{'Saturday': 1},{'March': 1}
4298,1,6,08/03/2025,,{'Saturday': 1},{'March': 1}
6007,1,6,05/03/2025,,{'Wednesday': 1},{'March': 1}
2816,1,6,05/03/2025,,{'Wednesday': 1},{'March': 1}
2134,1,6,05/03/2025,,{'Wednesday': 1},{'March': 1}
0729,1,6,05/03/2025,,{'Wednesday': 1},{'March': 1}
6753,1,6,04/03/2025,,{'Tuesday': 1},{'March': 1}
4302,1,6,04/03/2025,,{'Tuesday': 1},{'March': 1}
2312,1,6,04/03/2025,,{'Tuesday': 1},{'March': 1}
1827,1,6,04/03/2025,,{'Tuesday': 1},{'March': 1}
1592,1,6,04/03/2025,,{'Tuesday': 1},{'March': 1}
1337,1,6,04/03/2025,,{'Tuesday': 1},{'March': 1}
0519,1,6,04/03/2025,,{'Tuesday': 1},{'March': 1}
7253,1,6,03/03/2025,,{'Monday': 1},{'March': 1}
9927,1,6,25/07/2020,,{'Saturday': 1},{'July': 1}
9305,1,6,25/07/2020,,{'Saturday': 1},{'July': 1}
5968,1,6,25/07/2020,,{'Saturday': 1},{'July': 1}
5694,1,6,25/07/2020,,{'Saturday': 1},{'July': 1}
4112,1,6,18/07/2020,,{'Saturday': 1},{'July': 1}
8574,1,6,10/03/2025,,{'Monday': 1},{'March': 1}
8153,1,6,10/03/2025,,{'Monday': 1},{'March': 1}
5192,1,6,10/03/2025,,{'Monday': 1},{'March': 1}
1324,1,6,10/03/2025,,{'Monday': 1},{'March': 1}
8793,1,6,07/04/2021,,{'Wednesday': 1},{'April': 1}
8790,1,6,07/04/2021,,{'Wednesday': 1},{'April': 1}
7622,1,6,07/04/2021,,{'Wednesday': 1},{'April': 1}
1204,1,6,07/04/2021,,{'Wednesday': 1},{'April': 1}
3356,1,6,10/04/2021,,{'Saturday': 1},{'April': 1}
3191,1,6,10/04/2021,,{'Saturday': 1},{'April': 1}
6960,1,6,09/03/2025,,{'Sunday': 1},{'March': 1}
3310,1,6,03/04/2021,,{'Saturday': 1},{'April': 1}
8522,1,6,31/03/2021,,{'Wednesday': 1},{'March': 1}
0973,1,6,31/03/2021,,{'Wednesday': 1},{'March': 1}
7640,1,6,16/03/2025,,{'Sunday': 1},{'March': 1}
1949,1,6,16/03/2025,,{'Sunday': 1},{'March': 1}
7916,1,6,15/03/2025,,{'Saturday': 1},{'March': 1}
3640,1,6,15/03/2025,,{'Saturday': 1},{'March': 1}
2491,1,6,15/03/2025,,{'Saturday': 1},{'March': 1}
1794,1,6,15/03/2025,,{'Saturday': 1},{'March': 1}
9518,1,6,12/03/2025,,{'Wednesday': 1},{'March': 1}
1207,1,6,12/03/2025,,{'Wednesday': 1},{'March': 1}
0400,1,6,12/03/2025,,{'Wednesday': 1},{'March': 1}
7287,1,6,11/03/2025,,{'Tuesday': 1},{'March': 1}
5564,1,6,11/03/2025,,{'Tuesday': 1},{'March': 1}
9709,1,6,10/03/2025,,{'Monday': 1},{'March': 1}
0045,1,6,01/08/2020,,{'Saturday': 1},{'August': 1}
8282,1,6,19/03/2025,,{'Wednesday': 1},{'March': 1}
7540,1,6,19/03/2025,,{'Wednesday': 1},{'March': 1}
5869,1,6,19/03/2025,,{'Wednesday': 1},{'March': 1}
5698,1,6,19/03/2025,,{'Wednesday': 1},{'March': 1}
3542,1,6,19/03/2025,,{'Wednesday': 1},{'March': 1}
2565,1,6,19/03/2025,,{'Wednesday': 1},{'March': 1}
0032,1,6,18/03/2025,,{'Tuesday': 1},{'March': 1}
8859,1,6,17/03/2025,,{'Monday': 1},{'March': 1}
2633,1,6,17/03/2025,,{'Monday': 1},{'March': 1}
1817,1,6,17/03/2025,,{'Monday': 1},{'March': 1}
0569,1,6,17/03/2025,,{'Monday': 1},{'March': 1}
4020,1,6,05/04/2021,,{'Monday': 1},{'April': 1}
3819,1,6,05/04/2021,,{'Monday': 1},{'April': 1}
8979,1,6,03/04/2021,,{'Saturday': 1},{'April': 1}
8814,1,6,03/04/2021,,{'Saturday': 1},{'April': 1}
6423,1,6,03/04/2021,,{'Saturday': 1},{'April': 1}
7759,1,6,25/03/2025,,{'Tuesday': 1},{'March': 1}
6986,1,6,25/03/2025,,{'Tuesday': 1},{'March': 1}
3567,1,6,25/03/2025,,{'Tuesday': 1},{'March': 1}
3427,1,6,25/03/2025,,{'Tuesday': 1},{'March': 1}
3406,1,6,24/03/2025,,{'Monday': 1},{'March': 1}
6346,1,6,23/03/2025,,{'Sunday': 1},{'March': 1}
3093,1,6,23/03/2025,,{'Sunday': 1},{'March': 1}
1150,1,6,23/03/2025,,{'Sunday': 1},{'March': 1}
9462,1,6,22/03/2025,,{'Saturday': 1},{'March': 1}
9456,1,6,22/03/2025,,{'Saturday': 1},{'March': 1}
8070,1,6,22/03/2025,,{'Saturday': 1},{'March': 1}
5926,1,6,22/03/2025,,{'Saturday': 1},{'March': 1}
5905,1,6,22/03/2025,,{'Saturday': 1},{'March': 1}
4395,1,6,22/03/2025,,{'Saturday': 1},{'March': 1}
1703,1,6,22/03/2025,,{'Saturday': 1},{'March': 1}
9902,1,6,19/03/2025,,{'Wednesday': 1},{'March': 1}
9762,1,6,31/03/2025,,{'Monday': 1},{'March': 1}
4183,1,6,31/03/2025,,{'Monday': 1},{'March': 1}
3636,1,6,31/03/2025,,{'Monday': 1},{'March': 1}
2819,1,6,31/03/2025,,{'Monday': 1},{'March': 1}
1763,1,6,31/03/2025,,{'Monday': 1},{'March': 1}
4701,1,6,30/03/2025,,{'Sunday': 1},{'March': 1}
2739,1,6,30/03/2025,,{'Sunday': 1},{'March': 1}
1861,1,6,30/03/2025,,{'Sunday': 1},{'March': 1}
3394,1,6,29/03/2025,,{'Saturday': 1},{'March': 1}
2248,1,6,29/03/2025,,{'Saturday': 1},{'March': 1}
9514,1,6,26/03/2025,,{'Wednesday': 1},{'March': 1}
8141,1,6,26/03/2025,,{'Wednesday': 1},{'March': 1}
3004,1,6,26/03/2025,,{'Wednesday': 1},{'March': 1}
2315,1,6,26/03/2025,,{'Wednesday': 1},{'March': 1}
1956,1,6,26/03/2025,,{'Wednesday': 1},{'March': 1}
9721,1,6,25/03/2025,,{'Tuesday': 1},{'March': 1}
4066,1,6,09/04/2025,,{'Wednesday': 1},{'April': 1}
2891,1,6,09/04/2025,,{'Wednesday': 1},{'April': 1}
5553,1,6,08/04/2025,,{'Tuesday': 1},{'April': 1}
9858,1,6,07/04/2025,,{'Monday': 1},{'April': 1}
6963,1,6,07/04/2025,,{'Monday': 1},{'April': 1}
3907,1,6,07/04/2025,,{'Monday': 1},{'April': 1}
9141,1,6,06/04/2025,,{'Sunday': 1},{'April': 1}
8222,1,6,06/04/2025,,{'Sunday': 1},{'April': 1}
4361,1,6,06/04/2025,,{'Sunday': 1},{'April': 1}
0261,1,6,06/04/2025,,{'Sunday': 1},{'April': 1}
6746,1,6,05/04/2025,,{'Saturday': 1},{'April': 1}
6050,1,6,05/04/2025,,{'Saturday': 1},{'April': 1}
5412,1,6,05/04/2025,,{'Saturday': 1},{'April': 1}
9481,1,6,01/04/2025,,{'Tuesday': 1},{'April': 1}
6623,1,6,01/04/2025,,{'Tuesday': 1},{'April': 1}
3215,1,6,01/04/2025,,{'Tuesday': 1},{'April': 1}
1870,1,6,16/04/2025,,{'Wednesday': 1},{'April': 1}
0193,1,6,16/04/2025,,{'Wednesday': 1},{'April': 1}
5957,1,6,15/04/2025,,{'Tuesday': 1},{'April': 1}
4374,1,6,15/04/2025,,{'Tuesday': 1},{'April': 1}
3019,1,6,15/04/2025,,{'Tuesday': 1},{'April': 1}
2555,1,6,15/04/2025,,{'Tuesday': 1},{'April': 1}
0015,1,6,15/04/2025,,{'Tuesday': 1},{'April': 1}
6857,1,6,14/04/2025,,{'Monday': 1},{'April': 1}
1706,1,6,14/04/2025,,{'Monday': 1},{'April': 1}
6220,1,6,13/04/2025,,{'Sunday': 1},{'April': 1}
4121,1,6,13/04/2025,,{'Sunday': 1},{'April': 1}
9086,1,6,12/04/2025,,{'Saturday': 1},{'April': 1}
7947,1,6,12/04/2025,,{'Saturday': 1},{'April': 1}
7181,1,6,12/04/2025,,{'Saturday': 1},{'April': 1}
1155,1,6,12/04/2025,,{'Saturday': 1},{'April': 1}
5185,1,6,09/04/2025,,{'Wednesday': 1},{'April': 1}
2738,1,6,27/04/2025,,{'Sunday': 1},{'April': 1}
2731,1,6,27/04/2025,,{'Sunday': 1},{'April': 1}
9960,1,6,26/04/2025,,{'Saturday': 1},{'April': 1}
1300,1,6,26/04/2025,,{'Saturday': 1},{'April': 1}
8201,1,6,22/04/2025,,{'Tuesday': 1},{'April': 1}
8188,1,6,22/04/2025,,{'Tuesday': 1},{'April': 1}
7817,1,6,21/04/2025,,{'Monday': 1},{'April': 1}
5987,1,6,21/04/2025,,{'Monday': 1},{'April': 1}
2378,1,6,20/04/2025,,{'Sunday': 1},{'April': 1}
0302,1,6,20/04/2025,,{'Sunday': 1},{'April': 1}
0243,1,6,20/04/2025,,{'Sunday': 1},{'April': 1}
2493,1,6,19/04/2025,,{'Saturday': 1},{'April': 1}
2280,1,6,19/04/2025,,{'Saturday': 1},{'April': 1}
1579,1,6,19/04/2025,,{'Saturday': 1},{'April': 1}
6530,1,6,16/04/2025,,{'Wednesday': 1},{'April': 1}
3418,1,6,16/04/2025,,{'Wednesday': 1},{'April': 1}
2920,1,6,11/06/2025,,{'Wednesday': 1},{'June': 1}
1868,1,6,11/06/2025,,{'Wednesday': 1},{'June': 1}
9791,1,6,30/04/2025,,{'Wednesday': 1},{'April': 1}
9081,1,6,30/04/2025,,{'Wednesday': 1},{'April': 1}
5800,1,6,30/04/2025,,{'Wednesday': 1},{'April': 1}
2611,1,6,30/04/2025,,{'Wednesday': 1},{'April': 1}
1538,1,6,30/04/2025,,{'Wednesday': 1},{'April': 1}
0786,1,6,30/04/2025,,{'Wednesday': 1},{'April': 1}
8478,1,6,29/04/2025,,{'Tuesday': 1},{'April': 1}
6891,1,6,29/04/2025,,{'Tuesday': 1},{'April': 1}
5417,1,6,29/04/2025,,{'Tuesday': 1},{'April': 1}
1080,1,6,29/04/2025,,{'Tuesday': 1},{'April': 1}
9393,1,6,28/04/2025,,{'Monday': 1},{'April': 1}
5932,1,6,28/04/2025,,{'Monday': 1},{'April': 1}
3735,1,6,28/04/2025,,{'Monday': 1},{'April': 1}
3518,1,6,28/04/2025,,{'Monday': 1},{'April': 1}
4225,1,6,22/06/2025,,{'Sunday': 1},{'June': 1}
4959,1,6,21/06/2025,,{'Saturday': 1},{'June': 1}
1439,1,6,21/06/2025,,{'Saturday': 1},{'June': 1}
0116,1,6,21/06/2025,,{'Saturday': 1},{'June': 1}
8972,1,6,20/06/2025,,{'Friday': 1},{'June': 1}
9441,1,6,19/06/2025,,{'Thursday': 1},{'June': 1}
5077,1,6,18/06/2025,,{'Wednesday': 1},{'June': 1}
6290,1,6,17/06/2025,,{'Tuesday': 1},{'June': 1}
5547,1,6,16/06/2025,,{'Monday': 1},{'June': 1}
5337,1,6,16/06/2025,,{'Monday': 1},{'June': 1}
4153,1,6,16/06/2025,,{'Monday': 1},{'June': 1}
5827,1,6,15/06/2025,,{'Sunday': 1},{'June': 1}
7210,1,6,13/06/2025,,{'Friday': 1},{'June': 1}
6066,1,6,13/06/2025,,{'Friday': 1},{'June': 1}
9109,1,6,12/06/2025,,{'Thursday': 1},{'June': 1}
8537,1,6,12/06/2025,,{'Thursday': 1},{'June': 1}
1589,1,6,29/06/2025,,{'Sunday': 1},{'June': 1}
1780,1,6,28/06/2025,,{'Saturday': 1},{'June': 1}
6503,1,6,27/06/2025,,{'Friday': 1},{'June': 1}
4172,1,6,27/06/2025,,{'Friday': 1},{'June': 1}
2194,1,6,27/06/2025,,{'Friday': 1},{'June': 1}
8692,1,6,26/06/2025,,{'Thursday': 1},{'June': 1}
7749,1,6,26/06/2025,,{'Thursday': 1},{'June': 1}
6507,1,6,26/06/2025,,{'Thursday': 1},{'June': 1}
5735,1,6,26/06/2025,,{'Thursday': 1},{'June': 1}
3559,1,6,25/06/2025,,{'Wednesday': 1},{'June': 1}
5415,1,6,24/06/2025,,{'Tuesday': 1},{'June': 1}
2622,1,6,24/06/2025,,{'Tuesday': 1},{'June': 1}
6639,1,6,23/06/2025,,{'Monday': 1},{'June': 1}
4901,1,6,23/06/2025,,{'Monday': 1},{'June': 1}
8067,1,6,22/06/2025,,{'Sunday': 1},{'June': 1}
5316,1,6,22/06/2025,,{'Sunday': 1},{'June': 1}
0391,1,6,06/07/2025,,{'Sunday': 1},{'July': 1}
4738,1,6,05/07/2025,,{'Saturday': 1},{'July': 1}
6365,1,6,04/07/2025,,{'Friday': 1},{'July': 1}
5576,1,6,04/07/2025,,{'Friday': 1},{'July': 1}
1714,1,6,04/07/2025,,{'Friday': 1},{'July': 1}
9554,1,6,03/07/2025,,{'Thursday': 1},{'July': 1}
6638,1,6,03/07/2025,,{'Thursday': 1},{'July': 1}
6156,1,6,03/07/2025,,{'Thursday': 1},{'July': 1}
5430,1,6,02/07/2025,,{'Wednesday': 1},{'July': 1}
5191,1,6,02/07/2025,,{'Wednesday': 1},{'July': 1}
1213,1,6,02/07/2025,,{'Wednesday': 1},{'July': 1}
1980,1,6,01/07/2025,,{'Tuesday': 1},{'July': 1}
3897,1,6,30/06/2025,,{'Monday': 1},{'June': 1}
0673,1,6,30/06/2025,,{'Monday': 1},{'June': 1}
5696,1,6,29/06/2025,,{'Sunday': 1},{'June': 1}
5581,1,6,29/06/2025,,{'Sunday': 1},{'June': 1}
5598,1,6,19/07/2025,,{'Saturday': 1},{'July': 1}
4338,1,6,19/07/2025,,{'Saturday': 1},{'July': 1}
6872,1,6,18/07/2025,,{'Friday': 1},{'July': 1}
5242,1,6,16/07/2025,,{'Wednesday': 1},{'July': 1}
3642,1,6,15/07/2025,,{'Tuesday': 1},{'July': 1}
4632,1,6,14/07/2025,,{'Monday': 1},{'July': 1}
1708,1,6,13/07/2025,,{'Sunday': 1},{'July': 1}
9200,1,6,12/07/2025,,{'Saturday': 1},{'July': 1}
3926,1,6,12/07/2025,,{'Saturday': 1},{'July': 1}
6730,1,6,11/07/2025,,{'Friday': 1},{'July': 1}
0604,1,6,10/07/2025,,{'Thursday': 1},{'July': 1}
8138,1,6,09/07/2025,,{'Wednesday': 1},{'July': 1}
9958,1,6,07/07/2025,,{'Monday': 1},{'July': 1}
8483,1,6,07/07/2025,,{'Monday': 1},{'July': 1}
2336,1,6,07/07/2025,,{'Monday': 1},{'July': 1}
1081,1,6,06/07/2025,,{'Sunday': 1},{'July': 1}
6426,1,6,27/07/2025,,{'Sunday': 1},{'July': 1}
5103,1,6,27/07/2025,,{'Sunday': 1},{'July': 1}
7301,1,6,26/07/2025,,{'Saturday': 1},{'July': 1}
3733,1,6,26/07/2025,,{'Saturday': 1},{'July': 1}
3010,1,6,26/07/2025,,{'Saturday': 1},{'July': 1}
7073,1,6,25/07/2025,,{'Friday': 1},{'July': 1}
5490,1,6,25/07/2025,,{'Friday': 1},{'July': 1}
5234,1,6,25/07/2025,,{'Friday': 1},{'July': 1}
9900,1,6,24/07/2025,,{'Thursday': 1},{'July': 1}
8853,1,6,24/07/2025,,{'Thursday': 1},{'July': 1}
7299,1,6,24/07/2025,,{'Thursday': 1},{'July': 1}
5866,1,6,24/07/2025,,{'Thursday': 1},{'July': 1}
4892,1,6,22/07/2025,,{'Tuesday': 1},{'July': 1}
9010,1,6,21/07/2025,,{'Monday': 1},{'July': 1}
1973,1,6,21/07/2025,,{'Monday': 1},{'July': 1}
9154,1,6,20/07/2025,,{'Sunday': 1},{'July': 1}
4461,1,6,03/08/2025,,{'Sunday': 1},{'August': 1}
3582,1,6,03/08/2025,,{'Sunday': 1},{'August': 1}
2142,1,6,03/08/2025,,{'Sunday': 1},{'August': 1}
9433,1,6,02/08/2025,,{'Saturday': 1},{'August': 1}
5254,1,6,02/08/2025,,{'Saturday': 1},{'August': 1}
5152,1,6,02/08/2025,,{'Saturday': 1},{'August': 1}
3761,1,6,01/08/2025,,{'Friday': 1},{'August': 1}
1697,1,6,01/08/2025,,{'Friday': 1},{'August': 1}
0271,1,6,01/08/2025,,{'Friday': 1},{'August': 1}
3452,1,6,31/07/2025,,{'Thursday': 1},{'July': 1}
1499,1,6,31/07/2025,,{'Thursday': 1},{'July': 1}
8204,1,6,30/07/2025,,{'Wednesday': 1},{'July': 1}
7110,1,6,29/07/2025,,{'Tuesday': 1},{'July': 1}
5444,1,6,29/07/2025,,{'Tuesday': 1},{'July': 1}
9198,1,6,28/07/2025,,{'Monday': 1},{'July': 1}
1997,1,6,28/07/2025,,{'Monday': 1},{'July': 1}
5386,1,6,10/08/2025,,{'Sunday': 1},{'August': 1}
8830,1,6,09/08/2025,,{'Saturday': 1},{'August': 1}
3866,1,6,09/08/2025,,{'Saturday': 1},{'August': 1}
3419,1,6,09/08/2025,,{'Saturday': 1},{'August': 1}
2173,1,6,09/08/2025,,{'Saturday': 1},{'August': 1}
9723,1,6,08/08/2025,,{'Friday': 1},{'August': 1}
8490,1,6,08/08/2025,,{'Friday': 1},{'August': 1}
6896,1,6,07/08/2025,,{'Thursday': 1},{'August': 1}
2056,1,6,07/08/2025,,{'Thursday': 1},{'August': 1}
1008,1,6,07/08/2025,,{'Thursday': 1},{'August': 1}
0119,1,6,07/08/2025,,{'Thursday': 1},{'August': 1}
9813,1,6,06/08/2025,,{'Wednesday': 1},{'August': 1}
6267,1,6,05/08/2025,,{'Tuesday': 1},{'August': 1}
9319,1,6,04/08/2025,,{'Monday': 1},{'August': 1}
7539,1,6,04/08/2025,,{'Monday': 1},{'August': 1}
5609,1,6,04/08/2025,,{'Monday': 1},{'August': 1}
3295,1,6,18/08/2025,,{'Monday': 1},{'August': 1}
6697,1,6,17/08/2025,,{'Sunday': 1},{'August': 1}
3990,1,6,17/08/2025,,{'Sunday': 1},{'August': 1}
0472,1,6,17/08/2025,,{'Sunday': 1},{'August': 1}
9044,1,6,16/08/2025,,{'Saturday': 1},{'August': 1}
0585,1,6,16/08/2025,,{'Saturday': 1},{'August': 1}
8464,1,6,14/08/2025,,{'Thursday': 1},{'August': 1}
9338,1,6,13/08/2025,,{'Wednesday': 1},{'August': 1}
2790,1,6,13/08/2025,,{'Wednesday': 1},{'August': 1}
7293,1,6,12/08/2025,,{'Tuesday': 1},{'August': 1}
6770,1,6,12/08/2025,,{'Tuesday': 1},{'August': 1}
4875,1,6,12/08/2025,,{'Tuesday': 1},{'August': 1}
8481,1,6,11/08/2025,,{'Monday': 1},{'August': 1}
8413,1,6,11/08/2025,,{'Monday': 1},{'August': 1}
6772,1,6,11/08/2025,,{'Monday': 1},{'August': 1}
6470,1,6,10/08/2025,,{'Sunday': 1},{'August': 1}
8018,1,6,16/09/2025,,{'Tuesday': 1},{'September': 1}
0770,1,6,16/09/2025,,{'Tuesday': 1},{'September': 1}
3212,1,6,15/09/2025,,{'Monday': 1},{'September': 1}
9757,1,6,13/09/2025,,{'Saturday': 1},{'September': 1}
4657,1,6,13/09/2025,,{'Saturday': 1},{'September': 1}
3031,1,6,13/09/2025,,{'Saturday': 1},{'September': 1}
8419,1,6,12/09/2025,,{'Friday': 1},{'September': 1}
1801,1,6,12/09/2025,,{'Friday': 1},{'September': 1}
9061,1,6,11/09/2025,,{'Thursday': 1},{'September': 1}
7918,1,6,11/09/2025,,{'Thursday': 1},{'September': 1}
1530,1,6,20/08/2025,,{'Wednesday': 1},{'August': 1}
6225,1,6,19/08/2025,,{'Tuesday': 1},{'August': 1}
4339,1,6,19/08/2025,,{'Tuesday': 1},{'August': 1}
8075,1,6,18/08/2025,,{'Monday': 1},{'August': 1}
8024,1,6,18/08/2025,,{'Monday': 1},{'August': 1}
4061,1,6,18/08/2025,,{'Monday': 1},{'August': 1}
6408,1,6,30/08/2025,,{'Saturday': 1},{'August': 1}
7035,1,6,23/09/2025,,{'Tuesday': 1},{'September': 1}
0503,1,6,23/09/2025,,{'Tuesday': 1},{'September': 1}
4357,1,6,21/09/2025,,{'Sunday': 1},{'September': 1}
1272,1,6,21/09/2025,,{'Sunday': 1},{'September': 1}
8179,1,6,19/09/2025,,{'Friday': 1},{'September': 1}
3028,1,6,19/09/2025,,{'Friday': 1},{'September': 1}
9442,1,6,18/09/2025,,{'Thursday': 1},{'September': 1}
9368,1,6,18/09/2025,,{'Thursday': 1},{'September': 1}
9405,1,6,17/09/2025,,{'Wednesday': 1},{'September': 1}
4396,1,6,17/09/2025,,{'Wednesday': 1},{'September': 1}
8890,1,6,16/09/2025,,{'Tuesday': 1},{'September': 1}
6219,1,6,06/09/2025,,{'Saturday': 1},{'September': 1}
7632,1,6,29/08/2025,,{'Friday': 1},{'August': 1}
9768,1,6,28/08/2025,,{'Thursday': 1},{'August': 1}
4932,1,6,28/08/2025,,{'Thursday': 1},{'August': 1}
7272,1,6,31/08/2022,,{'Wednesday': 1},{'August': 1}
5107,1,6,31/08/2022,,{'Wednesday': 1},{'August': 1}
4009,1,6,31/08/2022,,{'Wednesday': 1},{'August': 1}
5758,1,6,30/08/2022,,{'Tuesday': 1},{'August': 1}
1534,1,6,06/09/2025,,{'Saturday': 1},{'September': 1}
7295,1,6,04/09/2025,,{'Thursday': 1},{'September': 1}
5724,1,6,04/09/2025,,{'Thursday': 1},{'September': 1}
3912,1,6,04/09/2025,,{'Thursday': 1},{'September': 1}
8092,1,6,03/09/2025,,{'Wednesday': 1},{'September': 1}
3465,1,6,03/09/2025,,{'Wednesday': 1},{'September': 1}
4735,1,6,02/09/2025,,{'Tuesday': 1},{'September': 1}
4313,1,6,02/09/2025,,{'Tuesday': 1},{'September': 1}
8084,1,6,01/09/2025,,{'Monday': 1},{'September': 1}
3258,1,6,01/09/2025,,{'Monday': 1},{'September': 1}
0766,1,6,31/08/2025,,{'Sunday': 1},{'August': 1}
7230,1,6,30/08/2025,,{'Saturday': 1},{'August': 1}
