number,last_seen,gap_to_target,predicted_probability
8963,20/06/2025,86,1.0
8850,20/06/2025,86,1.0
1429,21/06/2025,85,1.0
576,02/06/2025,104,1.0
5504,16/05/2025,121,1.0
3398,21/06/2025,85,1.0
5486,19/06/2025,87,1.0
765,24/05/2025,113,1.0
6203,02/06/2025,104,1.0
8848,19/06/2025,87,1.0
5546,16/05/2025,121,1.0
617,11/06/2025,95,1.0
8097,20/06/2025,86,1.0
2490,19/06/2025,87,1.0
6537,03/01/2025,254,1.0
2626,11/06/2025,95,1.0
2232,02/06/2025,104,1.0
8342,26/04/2025,141,1.0
2124,11/06/2025,95,1.0
9759,16/05/2025,121,1.0
8068,02/06/2025,104,1.0
5503,24/05/2025,113,1.0
1628,20/06/2025,86,1.0
2225,20/06/2025,86,1.0
208,11/06/2025,95,1.0
5527,26/04/2025,141,1.0
4319,11/06/2025,95,1.0
6539,20/05/2025,117,1.0
2098,20/05/2025,117,1.0
5848,11/06/2025,95,1.0
2907,11/06/2025,95,1.0
9948,11/06/2025,95,1.0
7034,19/06/2025,87,1.0
4032,11/06/2025,95,1.0
6311,19/06/2025,87,1.0
3997,16/05/2025,121,1.0
8135,02/06/2025,104,1.0
2537,21/06/2025,85,1.0
528,02/06/2025,104,1.0
4722,19/06/2025,87,1.0
9829,20/05/2025,117,1.0
3056,20/06/2025,86,1.0
9837,21/06/2025,85,1.0
2073,21/06/2025,85,1.0
4844,21/06/2025,85,1.0
3915,21/06/2025,85,1.0
9181,20/06/2025,86,1.0
3184,23/01/2025,234,1.0
2221,24/04/2025,143,1.0
3326,20/05/2025,117,1.0
5538,21/06/2025,85,1.0
2632,26/04/2025,141,1.0
7971,24/01/2025,233,1.0
5795,19/06/2025,87,1.0
5695,19/06/2025,87,1.0
5970,11/06/2025,95,1.0
7798,21/01/2025,236,1.0
3643,20/06/2025,86,1.0
7349,20/06/2025,86,1.0
1288,24/05/2025,113,1.0
8208,24/05/2025,113,1.0
3378,19/06/2025,87,1.0
8776,24/04/2025,143,1.0
2188,21/06/2025,85,1.0
7805,02/06/2025,104,1.0
2189,20/06/2025,86,1.0
9835,20/06/2025,86,1.0
4137,16/05/2025,121,1.0
5307,19/06/2025,87,1.0
5485,02/06/2025,104,1.0
6982,19/06/2025,87,1.0
6960,21/06/2025,85,1.0
7871,20/06/2025,86,1.0
2046,20/06/2025,86,1.0
4693,20/06/2025,86,1.0
5225,20/06/2025,86,1.0
13,24/05/2025,113,1.0
8279,19/06/2025,87,1.0
7331,24/05/2025,113,1.0
9441,19/06/2025,87,1.0
745,16/05/2025,121,1.0
2986,20/06/2025,86,1.0
3242,21/06/2025,85,1.0
3793,19/06/2025,87,1.0
2326,02/06/2025,104,1.0
3466,11/06/2025,95,1.0
8968,20/06/2025,86,1.0
7604,11/06/2025,95,1.0
9305,21/06/2025,85,1.0
5507,19/06/2025,87,1.0
4396,19/06/2025,87,1.0
4265,20/05/2025,117,1.0
3716,31/05/2025,106,0.9990000000000001
5540,31/05/2025,106,0.9990000000000001
194,31/05/2025,106,0.9990000000000001
5266,31/05/2025,106,0.9990000000000001
7723,31/05/2025,106,0.9990000000000001
6372,31/05/2025,106,0.9990000000000001
7866,31/05/2025,106,0.9990000000000001
6675,31/05/2025,106,0.9990000000000001
4945,19/05/2025,118,0.9990000000000001
2991,19/05/2025,118,0.9990000000000001
200,31/05/2025,106,0.9990000000000001
5167,31/05/2025,106,0.9990000000000001
7793,19/05/2025,118,0.9990000000000001
1388,19/05/2025,118,0.9990000000000001
8992,31/05/2025,106,0.9990000000000001
7094,31/05/2025,106,0.9990000000000001
7405,31/05/2025,106,0.9990000000000001
7024,23/03/2025,175,0.9984999999999999
1862,25/04/2025,142,0.9983333333333333
7142,25/04/2025,142,0.9983333333333333
1867,15/05/2025,122,0.9983333333333333
7286,15/05/2025,122,0.9983333333333333
6841,23/05/2025,114,0.9978571428571428
1226,23/05/2025,114,0.9978571428571428
6580,23/05/2025,114,0.9978571428571428
682,23/05/2025,114,0.9978571428571428
5662,23/05/2025,114,0.9978571428571428
5974,23/05/2025,114,0.9978571428571428
6974,23/05/2025,114,0.9978571428571428
1500,23/05/2025,114,0.9978571428571428
2665,23/05/2025,114,0.9978571428571428
7234,23/05/2025,114,0.9978571428571428
5711,23/05/2025,114,0.9978571428571428
6785,21/05/2025,116,0.9969047619047621
4163,21/05/2025,116,0.9969047619047621
1462,21/05/2025,116,0.9969047619047621
2740,21/05/2025,116,0.9969047619047621
831,21/05/2025,116,0.9969047619047621
1351,21/05/2025,116,0.9969047619047621
313,21/05/2025,116,0.9969047619047621
7943,21/05/2025,116,0.9969047619047621
1358,21/05/2025,116,0.9969047619047621
8188,21/05/2025,116,0.9969047619047621
3394,21/05/2025,116,0.9969047619047621
402,11/05/2025,126,0.9968333333333333
6495,11/05/2025,126,0.9968333333333333
1758,11/05/2025,126,0.9968333333333333
2246,11/05/2025,126,0.9968333333333333
7233,04/06/2025,102,0.9964242424242422
9872,04/06/2025,102,0.9964242424242422
3501,04/06/2025,102,0.9964242424242422
3384,04/06/2025,102,0.9964242424242422
712,04/06/2025,102,0.9964242424242422
7542,04/06/2025,102,0.9964242424242422
3067,04/06/2025,102,0.9964242424242422
168,04/06/2025,102,0.9964242424242422
6582,04/06/2025,102,0.9964242424242422
8313,04/06/2025,102,0.9964242424242422
481,04/06/2025,102,0.9964242424242422
7163,08/01/2025,249,0.99625
2930,29/01/2025,228,0.995
567,06/03/2025,192,0.995
3492,01/02/2025,225,0.995
7281,23/11/2024,295,0.995
1346,12/12/2024,276,0.9933333333333333
9284,27/05/2025,110,0.9925
7176,27/05/2025,110,0.9925
9982,27/05/2025,110,0.9925
398,27/05/2025,110,0.9925
2824,27/05/2025,110,0.9925
7251,27/05/2025,110,0.9925
6169,27/05/2025,110,0.9925
8257,27/05/2025,110,0.9925
5776,05/03/2025,193,0.985
4077,22/03/2025,176,0.985
9262,17/05/2025,120,0.9835833333333334
5588,17/05/2025,120,0.9835833333333334
8567,17/05/2025,120,0.9835833333333334
4588,17/05/2025,120,0.9835833333333334
2341,17/05/2025,120,0.9835833333333334
1735,31/03/2025,167,0.98
7654,06/02/2025,220,0.98
4161,31/03/2025,167,0.98
7355,06/02/2025,220,0.98
4656,04/02/2025,222,0.97
4788,13/04/2025,154,0.965
545,19/04/2025,148,0.965
1489,19/04/2025,148,0.965
8292,13/04/2025,154,0.965
502,13/04/2025,154,0.965
6605,06/04/2025,161,0.9646666666666667
98,06/04/2025,161,0.9646666666666667
2932,06/05/2025,131,0.9632083333333334
3282,06/05/2025,131,0.9632083333333334
3741,06/05/2025,131,0.9632083333333332
9467,14/05/2025,123,0.9625714285714286
9411,14/05/2025,123,0.9625714285714286
4462,14/05/2025,123,0.9625714285714286
4231,14/05/2025,123,0.9625714285714286
3345,14/05/2025,123,0.9625714285714286
348,14/05/2025,123,0.9625714285714286
9640,17/04/2025,150,0.96
5996,11/02/2025,215,0.96
5749,17/04/2025,150,0.96
9930,18/12/2024,270,0.9587499999999999
6642,11/03/2025,187,0.9574761904761906
143,14/04/2025,153,0.955
7693,04/03/2025,194,0.955
355,27/04/2025,140,0.9520833333333333
2079,09/04/2025,158,0.9504166666666667
539,24/02/2025,202,0.95
7016,13/05/2025,124,0.9487135642135646
4087,13/05/2025,124,0.9487135642135646
6375,13/05/2025,124,0.9487135642135643
388,02/05/2025,135,0.9380683621933621
4783,02/05/2025,135,0.9380683621933621
7533,02/05/2025,135,0.9380683621933621
6784,02/05/2025,135,0.9380683621933621
9463,02/05/2025,135,0.9380683621933621
1155,02/05/2025,135,0.9380683621933621
9602,02/05/2025,135,0.9380683621933621
6041,02/05/2025,135,0.9380683621933621
6754,02/05/2025,135,0.9380683621933621
4991,24/06/2025,82,0.9266967745618672
998,24/06/2025,82,0.9266967745618672
5442,24/06/2025,82,0.9266967745618672
5139,24/06/2025,82,0.9266967745618672
2791,24/06/2025,82,0.9266967745618672
1668,24/06/2025,82,0.9266967745618672
6044,24/06/2025,82,0.926696774561867
6447,24/06/2025,82,0.926696774561867
5407,24/06/2025,82,0.926696774561867
8717,24/06/2025,82,0.926696774561867
1816,24/06/2025,82,0.926696774561867
5084,24/06/2025,82,0.926696774561867
6641,24/06/2025,82,0.926696774561867
97,24/06/2025,82,0.926696774561867
2273,24/06/2025,82,0.926696774561867
4640,24/06/2025,82,0.926696774561867
9094,24/06/2025,82,0.926696774561867
3618,24/06/2025,82,0.926696774561867
557,24/06/2025,82,0.926696774561867
8991,24/06/2025,82,0.926696774561867
5213,24/06/2025,82,0.926696774561867
3862,24/06/2025,82,0.926696774561867
2249,24/06/2025,82,0.9266967745618669
5448,24/06/2025,82,0.9266967745618669
288,29/06/2025,77,0.9023707036427625
1076,29/06/2025,77,0.9023707036427625
7476,29/06/2025,77,0.9023707036427625
1046,29/06/2025,77,0.9023707036427625
2324,29/06/2025,77,0.9023707036427625
4739,29/06/2025,77,0.9023707036427624
5426,29/06/2025,77,0.9023707036427624
9875,29/06/2025,77,0.9023707036427624
2254,29/06/2025,77,0.9023707036427624
83,29/06/2025,77,0.9023707036427624
315,29/06/2025,77,0.9023707036427624
4369,29/06/2025,77,0.9023707036427624
3011,29/06/2025,77,0.9023707036427624
2780,29/06/2025,77,0.9023707036427624
3923,29/06/2025,77,0.9023707036427624
257,29/06/2025,77,0.9023707036427624
9455,29/06/2025,77,0.9023707036427624
1117,29/06/2025,77,0.9023707036427624
6966,29/06/2025,77,0.9023707036427624
3973,29/06/2025,77,0.9023707036427622
4730,29/06/2025,77,0.9023707036427622
3488,29/06/2025,77,0.9023707036427622
2893,29/06/2025,77,0.9023707036427622
8667,29/06/2025,77,0.9023707036427622
1241,29/06/2025,77,0.9023707036427622
1558,29/06/2025,77,0.9023707036427622
4682,16/06/2025,90,0.8788453768453768
6958,16/06/2025,90,0.8788453768453768
179,16/06/2025,90,0.8788453768453768
132,16/06/2025,90,0.8788453768453768
6759,16/06/2025,90,0.8788453768453768
6060,16/06/2025,90,0.8788453768453767
7288,16/06/2025,90,0.8788453768453767
2343,16/06/2025,90,0.8788453768453767
8786,16/06/2025,90,0.8788453768453767
7687,16/06/2025,90,0.8788453768453767
1156,16/06/2025,90,0.8788453768453767
1454,16/06/2025,90,0.8788453768453764
953,16/06/2025,90,0.8788453768453764
9798,12/05/2025,125,0.8781703990453991
3235,12/05/2025,125,0.878170399045399
4107,12/05/2025,125,0.878170399045399
6120,12/05/2025,125,0.878170399045399
6259,12/05/2025,125,0.878170399045399
1825,12/05/2025,125,0.878170399045399
5328,08/06/2025,98,0.8766384587634587
6762,08/06/2025,98,0.8766384587634586
7318,08/06/2025,98,0.8766384587634586
4845,08/06/2025,98,0.8766384587634586
9268,08/06/2025,98,0.8766384587634586
9868,08/06/2025,98,0.8766384587634586
5394,08/06/2025,98,0.8766384587634586
1110,08/06/2025,98,0.8766384587634585
2708,08/06/2025,98,0.8766384587634585
3672,08/06/2025,98,0.8766384587634585
1121,08/06/2025,98,0.8766384587634585
8347,05/06/2025,101,0.8763397713397711
8722,05/06/2025,101,0.8763397713397711
8095,05/06/2025,101,0.8763397713397711
9325,05/06/2025,101,0.8763397713397711
8849,05/06/2025,101,0.8763397713397709
5930,05/06/2025,101,0.8763397713397709
645,05/06/2025,101,0.8763397713397709
3227,22/04/2025,145,0.8634999999999999
4636,22/04/2025,145,0.8634999999999999
4688,22/04/2025,145,0.8634999999999999
8285,15/06/2025,91,0.8582451021201025
760,15/06/2025,91,0.8582451021201025
1545,15/06/2025,91,0.8582451021201025
9366,15/06/2025,91,0.8582451021201024
215,15/06/2025,91,0.8582451021201024
2133,15/06/2025,91,0.8582451021201024
5732,15/06/2025,91,0.8582451021201024
8276,15/06/2025,91,0.8582451021201024
3955,15/06/2025,91,0.8582451021201024
5802,15/06/2025,91,0.8582451021201024
5243,15/06/2025,91,0.8582451021201024
148,15/06/2025,91,0.8582451021201024
6337,15/06/2025,91,0.8582451021201024
2717,15/06/2025,91,0.8582451021201024
543,15/06/2025,91,0.8582451021201024
375,22/06/2025,84,0.8465864575955518
4829,22/06/2025,84,0.8465864575955518
4885,22/06/2025,84,0.8465864575955518
230,22/06/2025,84,0.8465864575955518
7026,22/06/2025,84,0.8465864575955518
3979,22/06/2025,84,0.8465864575955517
5021,22/06/2025,84,0.8465864575955517
64,22/06/2025,84,0.8465864575955517
3631,22/06/2025,84,0.8465864575955517
531,22/06/2025,84,0.8465864575955517
5726,22/06/2025,84,0.8465864575955517
6062,22/06/2025,84,0.8465864575955517
7688,22/06/2025,84,0.8465864575955515
9058,15/03/2025,183,0.8441666666666666
4958,30/05/2025,107,0.8340571789321791
1024,30/05/2025,107,0.8340571789321791
4861,30/05/2025,107,0.8340571789321791
3289,30/05/2025,107,0.834057178932179
3963,30/05/2025,107,0.834057178932179
2749,30/05/2025,107,0.834057178932179
4965,30/05/2025,107,0.834057178932179
4860,30/05/2025,107,0.834057178932179
9357,01/06/2025,105,0.8235156371406375
8550,01/06/2025,105,0.8235156371406375
4795,01/06/2025,105,0.8235156371406375
9247,01/06/2025,105,0.8235156371406375
6355,01/06/2025,105,0.8235156371406375
2594,01/06/2025,105,0.8235156371406375
2078,01/06/2025,105,0.8235156371406372
9781,01/06/2025,105,0.8235156371406372
7984,01/06/2025,105,0.8235156371406372
783,01/06/2025,105,0.8235156371406372
8199,04/07/2025,72,0.8198736986053163
4001,04/07/2025,72,0.8198736986053163
3376,04/07/2025,72,0.8198736986053163
5399,04/07/2025,72,0.8198736986053163
6173,04/07/2025,72,0.8198736986053163
1817,04/07/2025,72,0.8198736986053163
2543,04/07/2025,72,0.8198736986053163
2714,04/07/2025,72,0.8198736986053163
2645,04/07/2025,72,0.8198736986053163
2753,04/07/2025,72,0.8198736986053163
7428,04/07/2025,72,0.8198736986053161
9032,04/07/2025,72,0.8198736986053161
79,04/07/2025,72,0.8198736986053161
210,04/07/2025,72,0.8198736986053161
3331,04/07/2025,72,0.8198736986053161
5091,04/07/2025,72,0.8198736986053161
9896,04/07/2025,72,0.8198736986053161
6025,04/07/2025,72,0.8198736986053161
7878,04/07/2025,72,0.8198736986053161
7134,04/07/2025,72,0.8198736986053161
9144,04/07/2025,72,0.8198736986053161
4960,04/07/2025,72,0.819873698605316
8612,04/07/2025,72,0.819873698605316
9381,03/07/2025,73,0.812015692640693
5035,03/07/2025,73,0.812015692640693
5952,03/07/2025,73,0.812015692640693
9551,03/07/2025,73,0.812015692640693
7077,03/07/2025,73,0.812015692640693
6391,03/07/2025,73,0.812015692640693
6440,03/07/2025,73,0.812015692640693
4400,03/07/2025,73,0.812015692640693
3895,03/07/2025,73,0.812015692640693
6114,03/07/2025,73,0.812015692640693
7271,03/07/2025,73,0.8120156926406927
2371,03/07/2025,73,0.8120156926406927
7786,03/07/2025,73,0.8120156926406927
483,03/07/2025,73,0.8120156926406927
4753,03/07/2025,73,0.8120156926406927
2112,03/07/2025,73,0.8120156926406927
718,03/07/2025,73,0.8120156926406927
6718,03/07/2025,73,0.8120156926406927
9134,03/07/2025,73,0.8120156926406927
3089,03/07/2025,73,0.8120156926406927
6385,03/07/2025,73,0.8120156926406927
3223,03/07/2025,73,0.8120156926406927
5824,03/07/2025,73,0.8120156926406926
2489,03/07/2025,73,0.8120156926406926
9509,03/07/2025,73,0.8120156926406926
9879,03/07/2025,73,0.8120156926406926
4465,16/03/2025,182,0.8091666666666666
9691,18/06/2025,88,0.8042351383781329
4230,18/06/2025,88,0.8042351383781329
8026,18/06/2025,88,0.8042351383781329
2860,18/06/2025,88,0.8042351383781329
987,18/06/2025,88,0.8042351383781329
6644,18/06/2025,88,0.8042351383781328
6318,18/06/2025,88,0.8042351383781328
9794,18/06/2025,88,0.8042351383781328
5173,18/06/2025,88,0.8042351383781328
9345,18/06/2025,88,0.8042351383781328
2107,18/06/2025,88,0.8042351383781328
1363,18/06/2025,88,0.8042351383781328
9446,18/06/2025,88,0.8042351383781327
9109,18/06/2025,88,0.8042351383781327
2434,07/07/2025,69,0.8016474520019021
2216,07/07/2025,69,0.801647452001902
6364,07/07/2025,69,0.801647452001902
2939,07/07/2025,69,0.801647452001902
3673,07/07/2025,69,0.801647452001902
246,07/07/2025,69,0.801647452001902
8642,07/07/2025,69,0.801647452001902
3154,07/07/2025,69,0.801647452001902
1575,07/07/2025,69,0.801647452001902
7949,07/07/2025,69,0.801647452001902
1989,07/07/2025,69,0.801647452001902
4628,07/07/2025,69,0.801647452001902
2948,07/07/2025,69,0.801647452001902
5085,07/07/2025,69,0.801647452001902
7659,07/07/2025,69,0.801647452001902
9341,07/07/2025,69,0.8016474520019018
6365,07/07/2025,69,0.8016474520019018
4226,07/07/2025,69,0.8016474520019018
8825,07/07/2025,69,0.8016474520019018
4443,07/07/2025,69,0.8016474520019018
3811,07/07/2025,69,0.8016474520019018
6714,07/07/2025,69,0.8016474520019018
5915,07/07/2025,69,0.8016474520019018
9255,07/07/2025,69,0.8016474520019018
5778,16/07/2025,60,0.7975832397986525
7245,16/07/2025,60,0.7975832397986525
7342,16/07/2025,60,0.7975832397986525
4572,16/07/2025,60,0.7975832397986525
5983,16/07/2025,60,0.7975832397986525
445,16/07/2025,60,0.7975832397986524
3763,16/07/2025,60,0.7975832397986524
6796,16/07/2025,60,0.7975832397986524
2019,16/07/2025,60,0.7975832397986524
2157,16/07/2025,60,0.7975832397986524
8917,16/07/2025,60,0.7975832397986524
9046,16/07/2025,60,0.7975832397986524
1293,16/07/2025,60,0.7975832397986524
8280,16/07/2025,60,0.7975832397986524
7154,16/07/2025,60,0.7975832397986524
3520,16/07/2025,60,0.7975832397986524
5166,16/07/2025,60,0.7975832397986524
3654,16/07/2025,60,0.7975832397986524
3649,16/07/2025,60,0.7975832397986524
6499,16/07/2025,60,0.7975832397986524
1759,16/07/2025,60,0.7975832397986524
7109,16/07/2025,60,0.7975832397986524
5380,16/07/2025,60,0.7975832397986524
649,16/07/2025,60,0.7975832397986522
8366,16/07/2025,60,0.7975832397986522
6255,16/07/2025,60,0.7975832397986522
6518,16/07/2025,60,0.7975832397986522
7794,16/07/2025,60,0.7975832397986522
1189,16/07/2025,60,0.7975832397986522
7782,16/07/2025,60,0.7975832397986522
363,16/07/2025,60,0.7975832397986522
9137,16/07/2025,60,0.7975832397986522
1855,16/07/2025,60,0.7975832397986522
3084,16/07/2025,60,0.7975832397986522
7902,16/07/2025,60,0.7975832397986522
8886,16/07/2025,60,0.7975832397986522
3058,16/07/2025,60,0.7975832397986522
7455,16/07/2025,60,0.7975832397986521
8721,16/07/2025,60,0.7975832397986521
8754,16/07/2025,60,0.7975832397986521
6532,16/07/2025,60,0.7975832397986521
7432,16/07/2025,60,0.7975832397986521
779,16/07/2025,60,0.7975832397986521
1444,16/07/2025,60,0.7975832397986521
2901,09/05/2025,128,0.7940811688311687
6648,09/05/2025,128,0.7940811688311687
5911,09/05/2025,128,0.7940811688311686
4342,09/05/2025,128,0.7940811688311686
6677,09/05/2025,128,0.7940811688311686
3858,21/03/2025,177,0.79
9164,21/03/2025,177,0.79
3202,04/05/2025,133,0.7893379120879122
1259,04/05/2025,133,0.7893379120879122
6017,04/05/2025,133,0.789337912087912
6647,04/05/2025,133,0.789337912087912
7089,04/05/2025,133,0.789337912087912
4273,18/05/2025,119,0.7829226190476191
587,18/05/2025,119,0.7829226190476191
2668,18/05/2025,119,0.7829226190476188
6244,18/05/2025,119,0.7829226190476188
1171,18/05/2025,119,0.7829226190476188
2484,18/05/2025,119,0.7829226190476187
2090,20/04/2025,147,0.7822261904761905
891,22/05/2025,115,0.7815867604617606
8613,22/05/2025,115,0.7815867604617605
6783,22/05/2025,115,0.7815867604617605
5948,22/05/2025,115,0.7815867604617605
1098,22/05/2025,115,0.7815867604617605
7100,22/05/2025,115,0.7815867604617605
1347,31/07/2025,45,0.7815502575659073
8766,31/07/2025,45,0.7815502575659071
2381,31/07/2025,45,0.7815502575659071
1819,31/07/2025,45,0.7815502575659071
2199,31/07/2025,45,0.7815502575659071
401,31/07/2025,45,0.7815502575659071
7562,31/07/2025,45,0.7815502575659071
9924,31/07/2025,45,0.7815502575659071
7609,31/07/2025,45,0.7815502575659071
4062,31/07/2025,45,0.7815502575659071
5899,31/07/2025,45,0.7815502575659071
2014,31/07/2025,45,0.7815502575659071
7322,31/07/2025,45,0.7815502575659071
4202,31/07/2025,45,0.7815502575659071
116,31/07/2025,45,0.7815502575659071
2912,31/07/2025,45,0.7815502575659071
8787,31/07/2025,45,0.7815502575659071
9957,31/07/2025,45,0.7815502575659071
7114,31/07/2025,45,0.7815502575659071
5573,31/07/2025,45,0.781550257565907
3791,31/07/2025,45,0.781550257565907
9170,31/07/2025,45,0.781550257565907
7307,31/07/2025,45,0.781550257565907
3762,31/07/2025,45,0.781550257565907
4097,31/07/2025,45,0.781550257565907
3577,31/07/2025,45,0.781550257565907
9370,31/07/2025,45,0.781550257565907
8803,31/07/2025,45,0.781550257565907
7027,31/07/2025,45,0.781550257565907
9933,31/07/2025,45,0.781550257565907
7060,31/07/2025,45,0.781550257565907
5043,31/07/2025,45,0.781550257565907
5466,31/07/2025,45,0.781550257565907
944,31/07/2025,45,0.781550257565907
5311,31/07/2025,45,0.781550257565907
9225,31/07/2025,45,0.781550257565907
6466,31/07/2025,45,0.781550257565907
2862,31/07/2025,45,0.781550257565907
3528,31/07/2025,45,0.781550257565907
4027,31/07/2025,45,0.781550257565907
8819,31/07/2025,45,0.781550257565907
6449,31/07/2025,45,0.781550257565907
6964,31/07/2025,45,0.781550257565907
8871,31/07/2025,45,0.781550257565907
3754,31/07/2025,45,0.781550257565907
8336,31/07/2025,45,0.781550257565907
1736,31/07/2025,45,0.781550257565907
4484,31/07/2025,45,0.781550257565907
7721,31/07/2025,45,0.781550257565907
1824,31/07/2025,45,0.781550257565907
4797,31/07/2025,45,0.781550257565907
8133,31/07/2025,45,0.781550257565907
2325,31/07/2025,45,0.781550257565907
4946,31/07/2025,45,0.781550257565907
7407,31/07/2025,45,0.781550257565907
281,31/07/2025,45,0.781550257565907
2761,31/07/2025,45,0.781550257565907
8899,31/07/2025,45,0.781550257565907
9554,31/07/2025,45,0.781550257565907
3171,31/07/2025,45,0.781550257565907
8437,31/07/2025,45,0.781550257565907
4303,31/07/2025,45,0.7815502575659069
3796,31/07/2025,45,0.7815502575659069
1045,31/07/2025,45,0.7815502575659069
768,18/02/2025,208,0.78
7268,02/07/2025,74,0.7732278279183004
1239,02/07/2025,74,0.7732278279183004
384,02/07/2025,74,0.7732278279183002
2125,02/07/2025,74,0.7732278279183002
7108,02/07/2025,74,0.7732278279183002
7731,02/07/2025,74,0.7732278279183002
1851,02/07/2025,74,0.7732278279183002
4948,02/07/2025,74,0.7732278279183002
6200,02/07/2025,74,0.7732278279183002
2705,02/07/2025,74,0.7732278279183002
2687,02/07/2025,74,0.7732278279183002
6251,02/07/2025,74,0.7732278279183002
6138,02/07/2025,74,0.7732278279183
8428,02/07/2025,74,0.7732278279183
5987,02/07/2025,74,0.7732278279183
4446,02/07/2025,74,0.7732278279183
3441,02/07/2025,74,0.7732278279183
6866,02/07/2025,74,0.7732278279183
8362,02/07/2025,74,0.7732278279183
2397,02/07/2025,74,0.7732278279183
7769,02/07/2025,74,0.7732278279183
2402,02/07/2025,74,0.7732278279183
8638,02/07/2025,74,0.7732278279183
1445,02/07/2025,74,0.7732278279182999
9644,08/07/2025,68,0.7696982487756481
6308,08/07/2025,68,0.7696982487756481
1761,08/07/2025,68,0.7696982487756481
1160,08/07/2025,68,0.7696982487756479
3461,08/07/2025,68,0.7696982487756479
6240,08/07/2025,68,0.7696982487756479
8663,08/07/2025,68,0.7696982487756479
1808,08/07/2025,68,0.7696982487756479
8506,08/07/2025,68,0.7696982487756479
7017,08/07/2025,68,0.7696982487756479
4793,08/07/2025,68,0.7696982487756479
5047,08/07/2025,68,0.7696982487756479
4691,08/07/2025,68,0.7696982487756479
6920,08/07/2025,68,0.7696982487756479
3691,08/07/2025,68,0.7696982487756479
3266,08/07/2025,68,0.7696982487756479
9543,08/07/2025,68,0.7696982487756479
6306,08/07/2025,68,0.7696982487756479
9524,08/07/2025,68,0.7696982487756479
3414,08/07/2025,68,0.7696982487756479
821,08/07/2025,68,0.7696982487756479
4332,08/07/2025,68,0.7696982487756479
8731,08/07/2025,68,0.7696982487756479
2673,08/07/2025,68,0.7696982487756479
6461,08/07/2025,68,0.7696982487756479
3617,08/07/2025,68,0.7696982487756479
7858,08/07/2025,68,0.7696982487756479
4731,08/07/2025,68,0.7696982487756479
4515,08/07/2025,68,0.7696982487756477
2238,08/07/2025,68,0.7696982487756477
8330,08/07/2025,68,0.7696982487756477
3871,08/07/2025,68,0.7696982487756477
9782,08/07/2025,68,0.7696982487756477
1912,08/07/2025,68,0.7696982487756477
6095,08/07/2025,68,0.7696982487756477
3322,08/07/2025,68,0.7696982487756477
5302,08/07/2025,68,0.7696982487756477
8116,08/07/2025,68,0.7696982487756477
2996,08/07/2025,68,0.7696982487756477
3996,08/07/2025,68,0.7696982487756477
1913,08/07/2025,68,0.7696982487756476
4113,08/07/2025,68,0.7696982487756476
7212,01/04/2025,166,0.76
9584,10/07/2025,66,0.7411882940209683
1194,10/07/2025,66,0.7411882940209682
4479,10/07/2025,66,0.7411882940209682
4913,10/07/2025,66,0.7411882940209682
8793,10/07/2025,66,0.7411882940209682
57,10/07/2025,66,0.7411882940209682
7353,10/07/2025,66,0.7411882940209682
5060,10/07/2025,66,0.7411882940209682
1760,10/07/2025,66,0.7411882940209682
4916,10/07/2025,66,0.7411882940209682
4153,10/07/2025,66,0.7411882940209682
867,10/07/2025,66,0.7411882940209682
5343,10/07/2025,66,0.7411882940209681
1922,10/07/2025,66,0.7411882940209681
6048,10/07/2025,66,0.7411882940209681
7032,10/07/2025,66,0.7411882940209681
5666,10/07/2025,66,0.7411882940209681
4701,10/07/2025,66,0.7411882940209681
1406,10/07/2025,66,0.7411882940209681
2808,10/07/2025,66,0.7411882940209681
5916,10/07/2025,66,0.7411882940209681
3592,10/07/2025,66,0.7411882940209681
1014,10/07/2025,66,0.7411882940209681
7061,10/07/2025,66,0.7411882940209681
3874,10/07/2025,66,0.7411882940209681
3668,10/07/2025,66,0.7411882940209681
746,10/07/2025,66,0.7411882940209681
9012,10/07/2025,66,0.7411882940209681
4961,10/07/2025,66,0.7411882940209681
2871,10/07/2025,66,0.7411882940209681
2335,10/07/2025,66,0.7411882940209681
8198,10/07/2025,66,0.741188294020968
12,10/07/2025,66,0.741188294020968
3924,10/07/2025,66,0.741188294020968
286,10/07/2025,66,0.741188294020968
8552,10/07/2025,66,0.741188294020968
8532,10/07/2025,66,0.741188294020968
2255,10/05/2025,127,0.7391924603174602
5897,10/05/2025,127,0.7391924603174602
9352,26/06/2025,80,0.7373594713679853
6381,26/06/2025,80,0.7373594713679853
5568,26/06/2025,80,0.7373594713679853
3689,26/06/2025,80,0.7373594713679852
4071,26/06/2025,80,0.7373594713679852
1250,26/06/2025,80,0.7373594713679852
3542,26/06/2025,80,0.7373594713679852
7885,26/06/2025,80,0.7373594713679852
3687,26/06/2025,80,0.7373594713679852
4039,26/06/2025,80,0.7373594713679852
2764,26/06/2025,80,0.7373594713679852
6183,26/06/2025,80,0.7373594713679852
4998,26/06/2025,80,0.7373594713679852
1043,26/06/2025,80,0.7373594713679852
5661,26/06/2025,80,0.737359471367985
4127,26/06/2025,80,0.737359471367985
3399,26/06/2025,80,0.737359471367985
879,26/06/2025,80,0.737359471367985
8260,26/06/2025,80,0.737359471367985
5251,26/06/2025,80,0.737359471367985
2936,26/06/2025,80,0.737359471367985
5272,26/06/2025,80,0.737359471367985
7555,26/06/2025,80,0.737359471367985
1,26/06/2025,80,0.737359471367985
1490,26/06/2025,80,0.737359471367985
6765,26/06/2025,80,0.737359471367985
5383,26/06/2025,80,0.7373594713679849
2401,27/06/2025,79,0.7322008963258964
7275,27/06/2025,79,0.7322008963258964
5433,27/06/2025,79,0.7322008963258964
9987,27/06/2025,79,0.7322008963258962
8983,27/06/2025,79,0.7322008963258962
3953,27/06/2025,79,0.7322008963258962
7755,27/06/2025,79,0.7322008963258962
7961,27/06/2025,79,0.7322008963258962
1107,27/06/2025,79,0.7322008963258962
7494,27/06/2025,79,0.7322008963258962
4184,27/06/2025,79,0.7322008963258962
8687,27/06/2025,79,0.7322008963258962
1426,27/06/2025,79,0.7322008963258962
6571,27/06/2025,79,0.7322008963258962
869,27/06/2025,79,0.7322008963258962
9425,27/06/2025,79,0.7322008963258962
9741,27/06/2025,79,0.7322008963258962
46,27/06/2025,79,0.7322008963258962
9042,27/06/2025,79,0.7322008963258962
2866,27/06/2025,79,0.732200896325896
737,27/06/2025,79,0.732200896325896
6236,27/06/2025,79,0.732200896325896
7733,09/07/2025,67,0.7321760612452198
4680,09/07/2025,67,0.7321760612452198
5793,09/07/2025,67,0.7321760612452198
4894,09/07/2025,67,0.7321760612452198
3986,09/07/2025,67,0.7321760612452198
4312,09/07/2025,67,0.7321760612452198
8447,09/07/2025,67,0.7321760612452198
5863,09/07/2025,67,0.7321760612452198
7617,09/07/2025,67,0.7321760612452198
6288,09/07/2025,67,0.7321760612452196
2215,09/07/2025,67,0.7321760612452196
1191,09/07/2025,67,0.7321760612452196
1175,09/07/2025,67,0.7321760612452196
7128,09/07/2025,67,0.7321760612452196
6506,09/07/2025,67,0.7321760612452196
5735,09/07/2025,67,0.7321760612452196
2348,09/07/2025,67,0.7321760612452196
2018,09/07/2025,67,0.7321760612452196
2363,09/07/2025,67,0.7321760612452196
4452,09/07/2025,67,0.7321760612452196
3032,09/07/2025,67,0.7321760612452196
6667,09/07/2025,67,0.7321760612452196
4553,09/07/2025,67,0.7321760612452196
6369,09/07/2025,67,0.7321760612452196
1015,09/07/2025,67,0.7321760612452196
5782,09/07/2025,67,0.7321760612452196
6417,09/07/2025,67,0.7321760612452196
723,09/07/2025,67,0.7321760612452196
1938,09/07/2025,67,0.7321760612452196
979,09/07/2025,67,0.7321760612452196
5207,09/07/2025,67,0.7321760612452195
6616,09/07/2025,67,0.7321760612452195
7081,09/07/2025,67,0.7321760612452195
7015,07/06/2025,99,0.7289062049062046
2805,07/06/2025,99,0.7289062049062046
2310,07/06/2025,99,0.7289062049062046
5478,07/06/2025,99,0.7289062049062046
8478,07/06/2025,99,0.7289062049062046
9908,07/06/2025,99,0.7289062049062046
2223,07/06/2025,99,0.7289062049062045
8127,25/05/2025,112,0.7170972222222218
2533,25/05/2025,112,0.7170972222222218
234,25/05/2025,112,0.7170972222222218
1820,25/05/2025,112,0.7170972222222218
9903,25/05/2025,112,0.7170972222222217
5943,25/05/2025,112,0.7170972222222217
6907,25/05/2025,112,0.7170972222222217
7623,09/06/2025,97,0.7168783308195072
1550,09/06/2025,97,0.7168783308195072
3721,09/06/2025,97,0.7168783308195072
2101,09/06/2025,97,0.7168783308195072
3474,09/06/2025,97,0.7168783308195071
1782,09/06/2025,97,0.7168783308195071
8179,09/06/2025,97,0.7168783308195071
4613,09/06/2025,97,0.7168783308195071
282,09/06/2025,97,0.7168783308195071
3772,09/06/2025,97,0.7168783308195071
3826,09/06/2025,97,0.7168783308195071
9465,07/04/2025,160,0.7127619047619045
9231,11/07/2025,65,0.7024162841556929
7237,11/07/2025,65,0.7024162841556929
117,11/07/2025,65,0.7024162841556929
5054,11/07/2025,65,0.7024162841556929
5127,11/07/2025,65,0.7024162841556928
7860,11/07/2025,65,0.7024162841556928
2083,11/07/2025,65,0.7024162841556928
2798,11/07/2025,65,0.7024162841556928
8040,11/07/2025,65,0.7024162841556928
4765,11/07/2025,65,0.7024162841556928
4803,11/07/2025,65,0.7024162841556928
5475,11/07/2025,65,0.7024162841556928
2479,11/07/2025,65,0.7024162841556928
1242,11/07/2025,65,0.7024162841556928
8384,11/07/2025,65,0.7024162841556928
4976,11/07/2025,65,0.7024162841556928
3532,11/07/2025,65,0.7024162841556928
6452,11/07/2025,65,0.7024162841556928
3077,11/07/2025,65,0.7024162841556928
5428,11/07/2025,65,0.7024162841556928
9454,11/07/2025,65,0.7024162841556928
1971,11/07/2025,65,0.7024162841556928
4877,11/07/2025,65,0.7024162841556928
4359,11/07/2025,65,0.7024162841556928
553,11/07/2025,65,0.7024162841556928
5936,11/07/2025,65,0.7024162841556928
2792,11/07/2025,65,0.7024162841556928
3270,11/07/2025,65,0.7024162841556927
1557,11/07/2025,65,0.7024162841556927
8565,11/07/2025,65,0.7024162841556927
1074,11/07/2025,65,0.7024162841556927
8974,06/07/2025,70,0.6814126603427907
2150,06/07/2025,70,0.6814126603427907
8388,06/07/2025,70,0.6814126603427907
9712,06/07/2025,70,0.6814126603427907
9275,06/07/2025,70,0.6814126603427907
8794,06/07/2025,70,0.6814126603427907
9505,06/07/2025,70,0.6814126603427907
2596,06/07/2025,70,0.6814126603427907
7146,06/07/2025,70,0.6814126603427907
8358,06/07/2025,70,0.6814126603427906
653,06/07/2025,70,0.6814126603427906
3471,06/07/2025,70,0.6814126603427906
664,06/07/2025,70,0.6814126603427906
6373,06/07/2025,70,0.6814126603427906
6778,06/07/2025,70,0.6814126603427906
517,06/07/2025,70,0.6814126603427906
2010,06/07/2025,70,0.6814126603427906
4212,06/07/2025,70,0.6814126603427906
5204,06/07/2025,70,0.6814126603427906
6753,06/07/2025,70,0.6814126603427906
5423,06/07/2025,70,0.6814126603427906
6542,06/07/2025,70,0.6814126603427906
6638,06/07/2025,70,0.6814126603427906
9149,06/07/2025,70,0.6814126603427906
6584,06/07/2025,70,0.6814126603427906
852,06/07/2025,70,0.6814126603427906
2952,06/07/2025,70,0.6814126603427906
5819,06/07/2025,70,0.6814126603427906
4132,06/07/2025,70,0.6814126603427906
7408,06/07/2025,70,0.6814126603427906
6757,06/07/2025,70,0.6814126603427905
4004,06/07/2025,70,0.6814126603427905
5058,06/07/2025,70,0.6814126603427905
6707,07/05/2025,130,0.6715986652236652
9260,07/05/2025,130,0.6715986652236652
3463,23/06/2025,83,0.6560842169687967
4218,23/06/2025,83,0.6560842169687966
691,23/06/2025,83,0.6560842169687966
7764,23/06/2025,83,0.6560842169687966
9224,23/06/2025,83,0.6560842169687965
3854,23/06/2025,83,0.6560842169687965
6572,23/06/2025,83,0.6560842169687965
3121,23/06/2025,83,0.6560842169687965
7386,23/06/2025,83,0.6560842169687965
2624,23/06/2025,83,0.6560842169687965
8356,23/06/2025,83,0.6560842169687965
6921,23/06/2025,83,0.6560842169687965
3434,23/06/2025,83,0.6560842169687965
8484,23/06/2025,83,0.6560842169687965
4776,23/06/2025,83,0.6560842169687965
9937,23/06/2025,83,0.6560842169687965
7717,23/06/2025,83,0.6560842169687965
8869,23/06/2025,83,0.6560842169687965
383,23/06/2025,83,0.6560842169687963
3017,27/03/2025,171,0.6556964285714285
1414,27/03/2025,171,0.6556964285714284
3072,27/03/2025,171,0.6556964285714284
4598,03/06/2025,103,0.6341488095238096
2744,03/06/2025,103,0.6341488095238096
6258,03/06/2025,103,0.6341488095238096
3386,03/06/2025,103,0.6341488095238096
5245,03/06/2025,103,0.6341488095238096
6555,03/06/2025,103,0.6341488095238096
5672,01/07/2025,75,0.625324951192598
658,01/07/2025,75,0.625324951192598
3809,01/07/2025,75,0.625324951192598
7388,01/07/2025,75,0.625324951192598
2116,01/07/2025,75,0.625324951192598
1700,01/07/2025,75,0.625324951192598
4110,01/07/2025,75,0.625324951192598
2095,01/07/2025,75,0.625324951192598
2288,01/07/2025,75,0.625324951192598
3391,01/07/2025,75,0.625324951192598
6283,01/07/2025,75,0.625324951192598
5416,01/07/2025,75,0.625324951192598
312,01/07/2025,75,0.625324951192598
7596,01/07/2025,75,0.625324951192598
2903,01/07/2025,75,0.625324951192598
8788,01/07/2025,75,0.625324951192598
2331,01/07/2025,75,0.625324951192598
9115,01/07/2025,75,0.625324951192598
9074,01/07/2025,75,0.625324951192598
4996,01/07/2025,75,0.625324951192598
4398,01/07/2025,75,0.625324951192598
3491,01/07/2025,75,0.625324951192598
5263,01/07/2025,75,0.625324951192598
1740,01/07/2025,75,0.625324951192598
3091,01/07/2025,75,0.625324951192598
9090,01/07/2025,75,0.625324951192598
202,01/07/2025,75,0.625324951192598
6341,01/07/2025,75,0.625324951192598
2831,01/07/2025,75,0.625324951192598
120,01/07/2025,75,0.625324951192598
5950,01/07/2025,75,0.625324951192598
8831,01/07/2025,75,0.6253249511925979
9219,15/07/2025,61,0.6137584334062411
5205,15/07/2025,61,0.6137584334062411
7326,15/07/2025,61,0.6137584334062411
4340,15/07/2025,61,0.6137584334062411
4021,15/07/2025,61,0.6137584334062411
7412,15/07/2025,61,0.613758433406241
7641,15/07/2025,61,0.613758433406241
2065,15/07/2025,61,0.613758433406241
1927,15/07/2025,61,0.613758433406241
7156,15/07/2025,61,0.613758433406241
1767,15/07/2025,61,0.613758433406241
4040,15/07/2025,61,0.613758433406241
4233,15/07/2025,61,0.613758433406241
8978,15/07/2025,61,0.613758433406241
1482,15/07/2025,61,0.613758433406241
9786,15/07/2025,61,0.613758433406241
9550,15/07/2025,61,0.613758433406241
7672,15/07/2025,61,0.613758433406241
1289,15/07/2025,61,0.613758433406241
5264,15/07/2025,61,0.613758433406241
6613,15/07/2025,61,0.613758433406241
6551,15/07/2025,61,0.613758433406241
8397,15/07/2025,61,0.613758433406241
8446,15/07/2025,61,0.613758433406241
8790,15/07/2025,61,0.613758433406241
7704,15/07/2025,61,0.613758433406241
2118,15/07/2025,61,0.613758433406241
3728,15/07/2025,61,0.613758433406241
1598,15/07/2025,61,0.613758433406241
7817,15/07/2025,61,0.613758433406241
3381,15/07/2025,61,0.613758433406241
1680,15/07/2025,61,0.613758433406241
5834,15/07/2025,61,0.613758433406241
3328,15/07/2025,61,0.613758433406241
4530,15/07/2025,61,0.613758433406241
7883,15/07/2025,61,0.613758433406241
6070,15/07/2025,61,0.613758433406241
2040,15/07/2025,61,0.613758433406241
6224,15/07/2025,61,0.613758433406241
370,15/07/2025,61,0.613758433406241
7861,15/07/2025,61,0.613758433406241
2867,15/07/2025,61,0.613758433406241
7366,15/07/2025,61,0.613758433406241
61,15/07/2025,61,0.613758433406241
6813,15/07/2025,61,0.613758433406241
1210,15/07/2025,61,0.613758433406241
1230,15/07/2025,61,0.6137584334062409
639,17/06/2025,89,0.6096496003996006
101,17/06/2025,89,0.6096496003996006
5094,17/06/2025,89,0.6096496003996006
9785,17/06/2025,89,0.6096496003996006
2701,17/06/2025,89,0.6096496003996006
5597,17/06/2025,89,0.6096496003996005
4155,17/06/2025,89,0.6096496003996005
8652,17/06/2025,89,0.6096496003996005
2919,17/06/2025,89,0.6096496003996005
4874,17/06/2025,89,0.6096496003996005
8475,17/06/2025,89,0.6096496003996005
2899,17/06/2025,89,0.6096496003996004
4028,17/06/2025,89,0.6096496003996004
9412,17/06/2025,89,0.6096496003996004
526,06/06/2025,100,0.6072207677942975
2406,06/06/2025,100,0.6072207677942975
2574,06/06/2025,100,0.6072207677942975
3745,06/06/2025,100,0.6072207677942975
8132,06/06/2025,100,0.6072207677942975
8337,06/06/2025,100,0.6072207677942973
7484,06/06/2025,100,0.6072207677942973
6935,06/06/2025,100,0.6072207677942973
369,06/06/2025,100,0.6072207677942973
5869,06/06/2025,100,0.6072207677942973
3102,06/06/2025,100,0.6072207677942972
3883,06/06/2025,100,0.6072207677942972
7819,03/08/2025,42,0.6016875317409444
5878,03/08/2025,42,0.6016875317409444
529,03/08/2025,42,0.6016875317409444
8928,03/08/2025,42,0.6016875317409444
9884,03/08/2025,42,0.6016875317409444
1665,03/08/2025,42,0.6016875317409444
801,03/08/2025,42,0.6016875317409444
4805,03/08/2025,42,0.6016875317409444
2693,03/08/2025,42,0.6016875317409444
3646,03/08/2025,42,0.6016875317409444
7916,03/08/2025,42,0.6016875317409444
807,03/08/2025,42,0.6016875317409444
8209,03/08/2025,42,0.6016875317409444
9500,03/08/2025,42,0.6016875317409444
7043,03/08/2025,42,0.6016875317409444
201,03/08/2025,42,0.6016875317409444
6517,03/08/2025,42,0.6016875317409444
5876,03/08/2025,42,0.6016875317409444
4090,03/08/2025,42,0.6016875317409444
6493,03/08/2025,42,0.6016875317409444
296,03/08/2025,42,0.6016875317409444
7536,03/08/2025,42,0.6016875317409444
7729,03/08/2025,42,0.6016875317409444
2598,03/08/2025,42,0.6016875317409444
8136,03/08/2025,42,0.6016875317409444
1914,03/08/2025,42,0.6016875317409444
2569,03/08/2025,42,0.6016875317409444
1268,03/08/2025,42,0.6016875317409444
541,03/08/2025,42,0.6016875317409444
1627,03/08/2025,42,0.6016875317409444
3934,03/08/2025,42,0.6016875317409444
7896,03/08/2025,42,0.6016875317409444
3186,03/08/2025,42,0.6016875317409444
2309,03/08/2025,42,0.6016875317409444
2198,03/08/2025,42,0.6016875317409444
6814,03/08/2025,42,0.6016875317409444
7951,03/08/2025,42,0.6016875317409444
3742,03/08/2025,42,0.6016875317409444
2278,03/08/2025,42,0.6016875317409444
2876,03/08/2025,42,0.6016875317409444
4366,03/08/2025,42,0.6016875317409444
1646,03/08/2025,42,0.6016875317409444
4785,03/08/2025,42,0.6016875317409444
447,03/08/2025,42,0.6016875317409444
6160,03/08/2025,42,0.6016875317409444
7404,03/08/2025,42,0.6016875317409444
5714,03/08/2025,42,0.6016875317409444
3064,03/08/2025,42,0.6016875317409444
7240,03/08/2025,42,0.6016875317409444
4286,03/08/2025,42,0.6016875317409444
8942,03/08/2025,42,0.6016875317409444
9598,03/08/2025,42,0.6016875317409444
6575,03/08/2025,42,0.6016875317409444
3627,03/08/2025,42,0.6016875317409444
9545,03/08/2025,42,0.6016875317409444
6781,03/08/2025,42,0.6016875317409444
9014,03/08/2025,42,0.6016875317409442
1440,03/08/2025,42,0.6016875317409442
7758,03/08/2025,42,0.6016875317409442
6726,03/08/2025,42,0.6016875317409442
6999,03/08/2025,42,0.6016875317409442
6678,03/08/2025,42,0.6016875317409442
8160,03/08/2025,42,0.6016875317409442
3183,03/08/2025,42,0.6016875317409442
5715,03/08/2025,42,0.6016875317409442
6296,03/08/2025,42,0.6016875317409442
4987,03/08/2025,42,0.6016875317409442
935,03/08/2025,42,0.6016875317409442
5095,03/08/2025,42,0.6016875317409442
6031,03/08/2025,42,0.6016875317409442
7321,03/08/2025,42,0.6016875317409442
2396,03/08/2025,42,0.6016875317409442
7150,03/08/2025,42,0.6016875317409442
2167,03/08/2025,42,0.6016875317409442
3526,03/08/2025,42,0.6016875317409442
634,03/08/2025,42,0.6016875317409442
6688,03/08/2025,42,0.6016875317409442
2100,03/08/2025,42,0.6016875317409442
9087,03/08/2025,42,0.6016875317409442
2422,03/08/2025,42,0.6016875317409442
3582,03/08/2025,42,0.6016875317409442
1634,29/05/2025,108,0.5957527056277057
9237,29/05/2025,108,0.5957527056277055
341,29/05/2025,108,0.5957527056277055
9895,29/05/2025,108,0.5957527056277055
2374,29/05/2025,108,0.5957527056277055
1408,29/05/2025,108,0.5957527056277054
2896,29/05/2025,108,0.5957527056277054
3499,29/05/2025,108,0.5957527056277054
8666,29/05/2025,108,0.5957527056277054
2477,29/05/2025,108,0.5957527056277054
6455,29/05/2025,108,0.5957527056277054
3236,29/05/2025,108,0.5957527056277054
4124,29/05/2025,108,0.5957527056277054
5191,22/07/2025,54,0.5955508075046021
2589,22/07/2025,54,0.5955508075046021
7615,22/07/2025,54,0.5955508075046021
7846,22/07/2025,54,0.5955508075046021
895,22/07/2025,54,0.5955508075046021
8876,22/07/2025,54,0.5955508075046021
5143,22/07/2025,54,0.5955508075046021
3593,22/07/2025,54,0.5955508075046021
3888,22/07/2025,54,0.5955508075046021
6362,22/07/2025,54,0.5955508075046021
5892,22/07/2025,54,0.5955508075046021
8341,22/07/2025,54,0.5955508075046021
7697,22/07/2025,54,0.5955508075046021
3830,22/07/2025,54,0.5955508075046021
1102,22/07/2025,54,0.5955508075046021
6973,22/07/2025,54,0.5955508075046021
3814,22/07/2025,54,0.5955508075046021
5842,22/07/2025,54,0.5955508075046021
488,22/07/2025,54,0.5955508075046021
7264,22/07/2025,54,0.5955508075046021
2702,22/07/2025,54,0.5955508075046021
7379,22/07/2025,54,0.5955508075046021
9481,22/07/2025,54,0.5955508075046021
1644,22/07/2025,54,0.5955508075046021
6043,22/07/2025,54,0.5955508075046021
8940,22/07/2025,54,0.5955508075046021
3681,22/07/2025,54,0.5955508075046021
2262,22/07/2025,54,0.5955508075046021
507,22/07/2025,54,0.5955508075046021
9469,22/07/2025,54,0.5955508075046021
1184,22/07/2025,54,0.5955508075046021
3495,22/07/2025,54,0.5955508075046021
3708,22/07/2025,54,0.5955508075046021
5601,22/07/2025,54,0.5955508075046021
6153,22/07/2025,54,0.5955508075046021
3572,22/07/2025,54,0.5955508075046021
6320,22/07/2025,54,0.595550807504602
5088,22/07/2025,54,0.595550807504602
44,22/07/2025,54,0.595550807504602
1861,22/07/2025,54,0.595550807504602
3252,22/07/2025,54,0.595550807504602
8735,22/07/2025,54,0.595550807504602
5415,22/07/2025,54,0.595550807504602
2222,22/07/2025,54,0.595550807504602
8865,22/07/2025,54,0.595550807504602
6748,22/07/2025,54,0.595550807504602
3393,22/07/2025,54,0.595550807504602
4100,30/04/2025,137,0.5955102813852813
7570,30/04/2025,137,0.5955102813852813
8439,30/04/2025,137,0.5955102813852813
1898,30/04/2025,137,0.5955102813852813
183,30/04/2025,137,0.5955102813852812
9293,14/07/2025,62,0.5940074703094896
7155,14/07/2025,62,0.5940074703094896
978,14/07/2025,62,0.5940074703094896
5524,14/07/2025,62,0.5940074703094896
4625,14/07/2025,62,0.5940074703094896
3275,14/07/2025,62,0.5940074703094896
4049,14/07/2025,62,0.5940074703094896
7919,14/07/2025,62,0.5940074703094896
4755,14/07/2025,62,0.5940074703094896
5981,14/07/2025,62,0.5940074703094896
6377,14/07/2025,62,0.5940074703094896
4154,14/07/2025,62,0.5940074703094896
4552,14/07/2025,62,0.5940074703094896
6332,14/07/2025,62,0.5940074703094896
8590,14/07/2025,62,0.5940074703094895
1611,14/07/2025,62,0.5940074703094895
3297,14/07/2025,62,0.5940074703094895
2138,14/07/2025,62,0.5940074703094895
5436,14/07/2025,62,0.5940074703094895
3544,14/07/2025,62,0.5940074703094895
2453,14/07/2025,62,0.5940074703094895
7597,14/07/2025,62,0.5940074703094895
5281,14/07/2025,62,0.5940074703094895
406,14/07/2025,62,0.5940074703094895
7807,14/07/2025,62,0.5940074703094895
9403,14/07/2025,62,0.5940074703094895
7705,14/07/2025,62,0.5940074703094895
4394,14/07/2025,62,0.5940074703094895
7152,14/07/2025,62,0.5940074703094895
1371,14/07/2025,62,0.5940074703094895
2147,14/07/2025,62,0.5940074703094895
3590,14/07/2025,62,0.5940074703094895
2588,14/07/2025,62,0.5940074703094895
6885,14/07/2025,62,0.5940074703094895
1743,14/07/2025,62,0.5940074703094895
5140,14/07/2025,62,0.5940074703094895
4711,14/07/2025,62,0.5940074703094895
1901,14/07/2025,62,0.5940074703094895
1057,14/07/2025,62,0.5940074703094895
3401,14/06/2025,92,0.5911806907617667
4377,14/06/2025,92,0.5911806907617667
9161,14/06/2025,92,0.5911806907617667
9922,14/06/2025,92,0.5911806907617667
2620,14/06/2025,92,0.5911806907617666
8265,14/06/2025,92,0.5911806907617666
487,14/06/2025,92,0.5911806907617666
1643,27/07/2025,49,0.5902485645597696
3760,27/07/2025,49,0.5902485645597696
4541,27/07/2025,49,0.5902485645597696
8150,27/07/2025,49,0.5902485645597696
1691,27/07/2025,49,0.5902485645597696
109,27/07/2025,49,0.5902485645597696
9705,27/07/2025,49,0.5902485645597696
5059,27/07/2025,49,0.5902485645597696
4215,27/07/2025,49,0.5902485645597696
9230,27/07/2025,49,0.5902485645597696
8877,27/07/2025,49,0.5902485645597696
4235,27/07/2025,49,0.5902485645597696
4764,27/07/2025,49,0.5902485645597696
1190,27/07/2025,49,0.5902485645597695
6756,27/07/2025,49,0.5902485645597695
2121,27/07/2025,49,0.5902485645597695
6116,27/07/2025,49,0.5902485645597695
7087,27/07/2025,49,0.5902485645597695
9566,27/07/2025,49,0.5902485645597695
6872,27/07/2025,49,0.5902485645597695
9081,27/07/2025,49,0.5902485645597695
2949,27/07/2025,49,0.5902485645597695
2772,27/07/2025,49,0.5902485645597695
8535,27/07/2025,49,0.5902485645597695
4979,27/07/2025,49,0.5902485645597695
5627,27/07/2025,49,0.5902485645597695
6732,27/07/2025,49,0.5902485645597695
1952,27/07/2025,49,0.5902485645597695
8162,27/07/2025,49,0.5902485645597695
2627,27/07/2025,49,0.5902485645597695
9246,27/07/2025,49,0.5902485645597695
6972,27/07/2025,49,0.5902485645597695
5709,27/07/2025,49,0.5902485645597695
2878,27/07/2025,49,0.5902485645597695
6314,27/07/2025,49,0.5902485645597695
4182,27/07/2025,49,0.5902485645597695
3503,27/07/2025,49,0.5902485645597695
4790,27/07/2025,49,0.5902485645597695
2016,27/07/2025,49,0.5902485645597695
6595,27/07/2025,49,0.5902485645597695
3974,27/07/2025,49,0.5902485645597695
9592,27/07/2025,49,0.5902485645597695
2429,27/07/2025,49,0.5902485645597695
5408,27/07/2025,49,0.5902485645597695
6560,27/07/2025,49,0.5902485645597695
9280,27/07/2025,49,0.5902485645597695
5341,27/07/2025,49,0.5902485645597695
2294,27/07/2025,49,0.5902485645597695
6234,27/07/2025,49,0.5902485645597695
5053,27/07/2025,49,0.5902485645597695
9479,27/07/2025,49,0.5902485645597695
4732,27/07/2025,49,0.5902485645597695
7165,27/07/2025,49,0.5902485645597695
8089,27/07/2025,49,0.5902485645597695
9233,27/07/2025,49,0.5902485645597695
7530,27/07/2025,49,0.5902485645597695
3213,27/07/2025,49,0.5902485645597695
2898,27/07/2025,49,0.5902485645597695
5305,27/07/2025,49,0.5902485645597695
7749,27/07/2025,49,0.5902485645597695
4410,27/07/2025,49,0.5902485645597695
5437,27/07/2025,49,0.5902485645597695
7364,27/07/2025,49,0.5902485645597695
5052,27/07/2025,49,0.5902485645597695
7663,27/07/2025,49,0.5902485645597695
6969,27/07/2025,49,0.5902485645597695
5384,27/07/2025,49,0.5902485645597695
3589,27/07/2025,49,0.5902485645597695
8961,27/07/2025,49,0.5902485645597695
3129,27/07/2025,49,0.5902485645597695
8518,25/06/2025,81,0.5613457167832171
9100,25/06/2025,81,0.561345716783217
2967,25/06/2025,81,0.561345716783217
3292,25/06/2025,81,0.561345716783217
6603,25/06/2025,81,0.561345716783217
4715,25/06/2025,81,0.561345716783217
1038,25/06/2025,81,0.561345716783217
4287,25/06/2025,81,0.561345716783217
9899,25/06/2025,81,0.561345716783217
6700,25/06/2025,81,0.561345716783217
9947,25/06/2025,81,0.5613457167832169
5743,25/06/2025,81,0.5613457167832169
7429,25/06/2025,81,0.5613457167832169
3086,25/06/2025,81,0.5613457167832169
6222,25/06/2025,81,0.5613457167832169
3243,25/06/2025,81,0.5613457167832169
5619,25/06/2025,81,0.5613457167832169
6081,25/06/2025,81,0.5613457167832169
6287,25/06/2025,81,0.5613457167832169
5252,30/07/2025,46,0.5605308219702668
1466,30/07/2025,46,0.5605308219702668
4800,30/07/2025,46,0.5605308219702668
4437,30/07/2025,46,0.5605308219702667
8685,30/07/2025,46,0.5605308219702667
8277,30/07/2025,46,0.5605308219702667
4002,30/07/2025,46,0.5605308219702667
2299,30/07/2025,46,0.5605308219702667
9627,30/07/2025,46,0.5605308219702667
1211,30/07/2025,46,0.5605308219702667
5979,30/07/2025,46,0.5605308219702667
7328,30/07/2025,46,0.5605308219702667
3836,30/07/2025,46,0.5605308219702667
800,30/07/2025,46,0.5605308219702667
1294,30/07/2025,46,0.5605308219702667
6604,30/07/2025,46,0.5605308219702667
8972,30/07/2025,46,0.5605308219702667
2670,30/07/2025,46,0.5605308219702667
7686,30/07/2025,46,0.5605308219702667
6507,30/07/2025,46,0.5605308219702667
5512,30/07/2025,46,0.5605308219702667
6631,30/07/2025,46,0.5605308219702667
8107,30/07/2025,46,0.5605308219702667
6368,30/07/2025,46,0.5605308219702667
2760,30/07/2025,46,0.5605308219702667
8691,30/07/2025,46,0.5605308219702667
1970,30/07/2025,46,0.5605308219702667
3209,30/07/2025,46,0.5605308219702667
3120,30/07/2025,46,0.5605308219702667
3425,30/07/2025,46,0.5605308219702667
3828,30/07/2025,46,0.5605308219702667
3705,30/07/2025,46,0.5605308219702667
1304,30/07/2025,46,0.5605308219702667
8821,30/07/2025,46,0.5605308219702667
613,30/07/2025,46,0.5605308219702667
667,30/07/2025,46,0.5605308219702667
2338,30/07/2025,46,0.5605308219702667
9154,30/07/2025,46,0.5605308219702667
3470,30/07/2025,46,0.5605308219702667
2033,30/07/2025,46,0.5605308219702667
6180,30/07/2025,46,0.5605308219702667
9308,30/07/2025,46,0.5605308219702667
3053,30/07/2025,46,0.5605308219702667
881,30/07/2025,46,0.5605308219702667
4664,30/07/2025,46,0.5605308219702667
343,30/07/2025,46,0.5605308219702667
3892,30/07/2025,46,0.5605308219702667
6492,30/07/2025,46,0.5605308219702667
8472,30/07/2025,46,0.5605308219702667
6797,30/07/2025,46,0.5605308219702667
3936,30/07/2025,46,0.5605308219702667
3958,30/07/2025,46,0.5605308219702667
5701,30/07/2025,46,0.5605308219702667
4172,30/07/2025,46,0.5605308219702667
7378,30/07/2025,46,0.5605308219702667
4728,30/07/2025,46,0.5605308219702667
7189,30/07/2025,46,0.5605308219702667
2666,30/07/2025,46,0.5605308219702667
9209,30/07/2025,46,0.5605308219702667
9678,30/07/2025,46,0.5605308219702667
1803,30/07/2025,46,0.5605308219702667
763,30/07/2025,46,0.5605308219702667
8073,30/07/2025,46,0.5605308219702667
3262,30/07/2025,46,0.5605308219702667
4792,30/07/2025,46,0.5605308219702666
4128,30/07/2025,46,0.5605308219702666
9934,30/07/2025,46,0.5605308219702666
9453,13/06/2025,93,0.5508195831945837
635,13/06/2025,93,0.5508195831945837
3585,13/06/2025,93,0.5508195831945837
3808,13/06/2025,93,0.5508195831945837
1961,13/06/2025,93,0.5508195831945837
4314,13/06/2025,93,0.5508195831945836
1161,13/06/2025,93,0.5508195831945836
2277,13/06/2025,93,0.5508195831945836
2527,13/06/2025,93,0.5508195831945836
9707,13/06/2025,93,0.5508195831945836
7573,13/06/2025,93,0.5508195831945836
410,13/06/2025,93,0.5508195831945835
6512,02/08/2025,43,0.5430799091703699
7620,02/08/2025,43,0.5430799091703697
4926,02/08/2025,43,0.5430799091703697
4074,02/08/2025,43,0.5430799091703697
8129,02/08/2025,43,0.5430799091703697
8459,02/08/2025,43,0.5430799091703697
5340,02/08/2025,43,0.5430799091703697
3677,02/08/2025,43,0.5430799091703697
4808,02/08/2025,43,0.5430799091703697
500,02/08/2025,43,0.5430799091703696
796,02/08/2025,43,0.5430799091703696
6168,02/08/2025,43,0.5430799091703696
9360,02/08/2025,43,0.5430799091703696
8682,02/08/2025,43,0.5430799091703696
4533,02/08/2025,43,0.5430799091703696
2974,02/08/2025,43,0.5430799091703696
131,02/08/2025,43,0.5430799091703696
4444,02/08/2025,43,0.5430799091703696
4580,02/08/2025,43,0.5430799091703696
9666,02/08/2025,43,0.5430799091703696
5080,02/08/2025,43,0.5430799091703696
3896,02/08/2025,43,0.5430799091703696
652,02/08/2025,43,0.5430799091703696
7898,02/08/2025,43,0.5430799091703696
4975,02/08/2025,43,0.5430799091703696
2314,02/08/2025,43,0.5430799091703696
9680,02/08/2025,43,0.5430799091703696
6713,02/08/2025,43,0.5430799091703696
2280,02/08/2025,43,0.5430799091703696
6488,02/08/2025,43,0.5430799091703696
2305,02/08/2025,43,0.5430799091703696
1785,02/08/2025,43,0.5430799091703696
7068,02/08/2025,43,0.5430799091703696
747,02/08/2025,43,0.5430799091703696
6047,02/08/2025,43,0.5430799091703696
7766,02/08/2025,43,0.5430799091703696
3158,02/08/2025,43,0.5430799091703696
3606,02/08/2025,43,0.5430799091703696
3940,02/08/2025,43,0.5430799091703696
5541,02/08/2025,43,0.5430799091703696
7399,02/08/2025,43,0.5430799091703696
1662,02/08/2025,43,0.5430799091703696
7762,02/08/2025,43,0.5430799091703696
7345,02/08/2025,43,0.5430799091703696
6514,02/08/2025,43,0.5430799091703696
9172,02/08/2025,43,0.5430799091703696
8,02/08/2025,43,0.5430799091703696
4569,02/08/2025,43,0.5430799091703696
8523,02/08/2025,43,0.5430799091703696
426,02/08/2025,43,0.5430799091703696
5722,02/08/2025,43,0.5430799091703696
7467,02/08/2025,43,0.5430799091703696
29,02/08/2025,43,0.5430799091703696
8310,02/08/2025,43,0.5430799091703696
7589,02/08/2025,43,0.5430799091703696
5168,02/08/2025,43,0.5430799091703696
794,02/08/2025,43,0.5430799091703696
2962,02/08/2025,43,0.5430799091703696
4568,02/08/2025,43,0.5430799091703696
7742,02/08/2025,43,0.5430799091703696
5463,02/08/2025,43,0.5430799091703696
1339,02/08/2025,43,0.5430799091703696
7914,02/08/2025,43,0.5430799091703696
8032,02/08/2025,43,0.5430799091703696
1821,02/08/2025,43,0.5430799091703696
3615,02/08/2025,43,0.5430799091703696
34,02/08/2025,43,0.5430799091703696
2258,02/08/2025,43,0.5430799091703696
1237,02/08/2025,43,0.5430799091703696
7995,02/08/2025,43,0.5430799091703696
2024,02/08/2025,43,0.5430799091703696
7219,02/08/2025,43,0.5430799091703696
2738,02/08/2025,43,0.5430799091703696
6997,02/08/2025,43,0.5430799091703696
1775,02/08/2025,43,0.5430799091703695
9019,02/08/2025,43,0.5430799091703695
4556,02/08/2025,43,0.5430799091703695
3478,02/08/2025,43,0.5430799091703695
9486,02/08/2025,43,0.5430799091703695
261,02/08/2025,43,0.5430799091703695
3453,02/08/2025,43,0.5430799091703695
6195,02/08/2025,43,0.5430799091703695
6652,02/08/2025,43,0.5430799091703695
8158,02/08/2025,43,0.5430799091703695
4075,02/08/2025,43,0.5430799091703695
3182,30/06/2025,76,0.542388197953945
3226,30/06/2025,76,0.542388197953945
9166,30/06/2025,76,0.5423881979539449
2394,30/06/2025,76,0.5423881979539449
7157,30/06/2025,76,0.5423881979539449
4745,30/06/2025,76,0.5423881979539449
7266,30/06/2025,76,0.5423881979539449
8584,30/06/2025,76,0.5423881979539449
8321,30/06/2025,76,0.5423881979539449
9667,30/06/2025,76,0.5423881979539449
586,30/06/2025,76,0.5423881979539449
145,30/06/2025,76,0.5423881979539449
197,30/06/2025,76,0.5423881979539449
5373,30/06/2025,76,0.5423881979539449
4734,30/06/2025,76,0.5423881979539449
7593,30/06/2025,76,0.5423881979539449
8256,30/06/2025,76,0.5423881979539449
8620,30/06/2025,76,0.5423881979539449
2032,18/07/2025,58,0.5418231630840382
5178,18/07/2025,58,0.5418231630840382
7849,18/07/2025,58,0.5418231630840381
7235,18/07/2025,58,0.5418231630840381
5298,18/07/2025,58,0.5418231630840381
9673,18/07/2025,58,0.5418231630840381
7714,18/07/2025,58,0.5418231630840381
1204,18/07/2025,58,0.5418231630840381
5853,18/07/2025,58,0.5418231630840381
625,18/07/2025,58,0.5418231630840381
2087,18/07/2025,58,0.5418231630840381
9180,18/07/2025,58,0.5418231630840381
9175,18/07/2025,58,0.5418231630840381
3181,18/07/2025,58,0.5418231630840381
1218,18/07/2025,58,0.5418231630840381
1007,18/07/2025,58,0.5418231630840381
3308,18/07/2025,58,0.5418231630840381
5725,18/07/2025,58,0.5418231630840381
703,18/07/2025,58,0.5418231630840381
3030,18/07/2025,58,0.5418231630840381
6823,18/07/2025,58,0.5418231630840381
8975,18/07/2025,58,0.5418231630840381
7145,18/07/2025,58,0.5418231630840381
6256,18/07/2025,58,0.5418231630840381
9880,18/07/2025,58,0.5418231630840381
47,18/07/2025,58,0.5418231630840381
9699,18/07/2025,58,0.5418231630840381
2789,18/07/2025,58,0.5418231630840381
7430,18/07/2025,58,0.5418231630840381
9864,18/07/2025,58,0.5418231630840381
7480,18/07/2025,58,0.5418231630840381
9613,18/07/2025,58,0.5418231630840381
6747,18/07/2025,58,0.5418231630840381
6940,18/07/2025,58,0.5418231630840381
4234,18/07/2025,58,0.5418231630840381
88,18/07/2025,58,0.5418231630840381
6270,18/07/2025,58,0.5418231630840381
2539,18/07/2025,58,0.5418231630840381
5678,18/07/2025,58,0.5418231630840381
4837,18/07/2025,58,0.5418231630840381
7857,18/07/2025,58,0.5418231630840381
5013,18/07/2025,58,0.5418231630840381
7224,18/07/2025,58,0.5418231630840381
3130,18/07/2025,58,0.5418231630840381
4852,18/07/2025,58,0.541823163084038
440,04/08/2025,41,0.5394109844320413
7041,04/08/2025,41,0.5394109844320413
1417,04/08/2025,41,0.5394109844320413
2706,04/08/2025,41,0.5394109844320413
2815,04/08/2025,41,0.5394109844320413
8953,04/08/2025,41,0.5394109844320413
6249,04/08/2025,41,0.5394109844320413
7095,04/08/2025,41,0.5394109844320413
8593,04/08/2025,41,0.5394109844320412
8600,04/08/2025,41,0.5394109844320412
121,04/08/2025,41,0.5394109844320412
2064,04/08/2025,41,0.5394109844320412
5402,04/08/2025,41,0.5394109844320412
4227,04/08/2025,41,0.5394109844320412
3373,04/08/2025,41,0.5394109844320412
1645,04/08/2025,41,0.5394109844320412
2437,04/08/2025,41,0.5394109844320412
993,04/08/2025,41,0.5394109844320412
7680,04/08/2025,41,0.5394109844320412
3374,04/08/2025,41,0.5394109844320412
8823,04/08/2025,41,0.5394109844320412
4431,04/08/2025,41,0.5394109844320412
6104,04/08/2025,41,0.5394109844320412
5623,04/08/2025,41,0.5394109844320412
6190,04/08/2025,41,0.5394109844320412
4630,04/08/2025,41,0.5394109844320412
9388,04/08/2025,41,0.5394109844320412
2767,04/08/2025,41,0.5394109844320412
3556,04/08/2025,41,0.5394109844320412
9991,04/08/2025,41,0.5394109844320412
7804,04/08/2025,41,0.5394109844320412
9764,04/08/2025,41,0.5394109844320412
7118,04/08/2025,41,0.5394109844320412
1136,04/08/2025,41,0.5394109844320412
6992,04/08/2025,41,0.5394109844320412
4483,04/08/2025,41,0.5394109844320412
6269,04/08/2025,41,0.5394109844320412
1784,04/08/2025,41,0.5394109844320412
8664,04/08/2025,41,0.5394109844320412
5161,04/08/2025,41,0.5394109844320412
547,04/08/2025,41,0.5394109844320412
9595,04/08/2025,41,0.5394109844320412
1158,04/08/2025,41,0.5394109844320412
7757,04/08/2025,41,0.5394109844320412
3302,04/08/2025,41,0.5394109844320412
5609,04/08/2025,41,0.5394109844320412
9108,04/08/2025,41,0.5394109844320412
9594,04/08/2025,41,0.5394109844320412
8171,04/08/2025,41,0.5394109844320412
4757,04/08/2025,41,0.5394109844320412
6834,04/08/2025,41,0.5394109844320412
6146,04/08/2025,41,0.5394109844320412
3894,04/08/2025,41,0.5394109844320412
679,04/08/2025,41,0.5394109844320412
4769,04/08/2025,41,0.5394109844320412
9199,04/08/2025,41,0.5394109844320412
7972,04/08/2025,41,0.5394109844320412
8964,04/08/2025,41,0.5394109844320412
4650,04/08/2025,41,0.5394109844320412
7802,04/08/2025,41,0.5394109844320412
5675,04/08/2025,41,0.5394109844320412
1755,04/08/2025,41,0.5394109844320412
4935,04/08/2025,41,0.5394109844320412
2895,04/08/2025,41,0.5394109844320412
1193,04/08/2025,41,0.5394109844320412
8015,04/08/2025,41,0.5394109844320412
9319,04/08/2025,41,0.5394109844320412
6340,04/08/2025,41,0.5394109844320412
3271,04/08/2025,41,0.5394109844320412
1469,04/08/2025,41,0.5394109844320412
9916,04/08/2025,41,0.5394109844320412
8875,04/08/2025,41,0.5394109844320412
8500,04/08/2025,41,0.5394109844320412
7587,04/08/2025,41,0.5394109844320412
9722,04/08/2025,41,0.5394109844320412
694,04/08/2025,41,0.5394109844320412
1706,04/08/2025,41,0.5394109844320412
6520,04/08/2025,41,0.5394109844320412
2436,04/08/2025,41,0.5394109844320412
7509,04/08/2025,41,0.5394109844320412
3485,04/08/2025,41,0.5394109844320412
377,04/08/2025,41,0.5394109844320412
608,04/08/2025,41,0.5394109844320412
4859,04/08/2025,41,0.5394109844320412
6881,04/08/2025,41,0.5394109844320412
1672,04/08/2025,41,0.5394109844320412
9887,04/08/2025,41,0.5394109844320412
9506,04/08/2025,41,0.5394109844320412
1495,04/08/2025,41,0.5394109844320412
8625,04/08/2025,41,0.5394109844320412
9556,04/08/2025,41,0.5394109844320412
3370,04/08/2025,41,0.5394109844320412
8273,04/08/2025,41,0.5394109844320412
958,04/08/2025,41,0.5394109844320412
8906,04/08/2025,41,0.539410984432041
6894,04/08/2025,41,0.539410984432041
668,04/08/2025,41,0.539410984432041
2084,08/05/2025,129,0.5384107142857143
6187,08/05/2025,129,0.5384107142857143
4073,08/05/2025,129,0.5384107142857143
5914,08/05/2025,129,0.5384107142857143
4029,08/05/2025,129,0.5384107142857143
3080,08/05/2025,129,0.5384107142857142
166,17/07/2025,59,0.5272357720127819
516,17/07/2025,59,0.5272357720127819
2979,17/07/2025,59,0.5272357720127819
6887,17/07/2025,59,0.5272357720127819
8671,17/07/2025,59,0.5272357720127819
439,17/07/2025,59,0.5272357720127819
337,17/07/2025,59,0.5272357720127819
7862,17/07/2025,59,0.5272357720127818
422,17/07/2025,59,0.5272357720127818
4833,17/07/2025,59,0.5272357720127818
1632,17/07/2025,59,0.5272357720127818
4150,17/07/2025,59,0.5272357720127818
5975,17/07/2025,59,0.5272357720127818
4017,17/07/2025,59,0.5272357720127818
4558,17/07/2025,59,0.5272357720127818
3842,17/07/2025,59,0.5272357720127818
622,17/07/2025,59,0.5272357720127818
5608,17/07/2025,59,0.5272357720127818
6427,17/07/2025,59,0.5272357720127818
9791,17/07/2025,59,0.5272357720127818
8103,17/07/2025,59,0.5272357720127818
9607,17/07/2025,59,0.5272357720127818
3318,17/07/2025,59,0.5272357720127818
7392,17/07/2025,59,0.5272357720127818
3655,17/07/2025,59,0.5272357720127818
293,17/07/2025,59,0.5272357720127818
2290,17/07/2025,59,0.5272357720127818
5308,17/07/2025,59,0.5272357720127818
3788,17/07/2025,59,0.5272357720127818
3307,17/07/2025,59,0.5272357720127818
6460,17/07/2025,59,0.5272357720127818
9925,17/07/2025,59,0.5272357720127818
1951,17/07/2025,59,0.5272357720127818
140,17/07/2025,59,0.5272357720127818
4051,17/07/2025,59,0.5272357720127818
7638,17/07/2025,59,0.5272357720127818
420,17/07/2025,59,0.5272357720127818
6439,17/07/2025,59,0.5272357720127818
3682,17/07/2025,59,0.5272357720127818
3730,17/07/2025,59,0.5272357720127818
3700,17/07/2025,59,0.5272357720127818
8833,17/07/2025,59,0.5272357720127818
196,17/07/2025,59,0.5272357720127818
9844,17/07/2025,59,0.5272357720127818
7129,17/07/2025,59,0.5272357720127817
7743,17/07/2025,59,0.5272357720127817
6435,17/07/2025,59,0.5272357720127817
1450,17/07/2025,59,0.5272357720127817
7563,17/07/2025,59,0.5272357720127817
3980,17/07/2025,59,0.5272357720127817
1900,17/07/2025,59,0.5272357720127817
9962,28/07/2025,48,0.5257778638989151
9033,28/07/2025,48,0.525777863898915
1078,28/07/2025,48,0.525777863898915
2234,28/07/2025,48,0.525777863898915
9921,28/07/2025,48,0.525777863898915
2592,28/07/2025,48,0.525777863898915
9452,28/07/2025,48,0.525777863898915
4160,28/07/2025,48,0.525777863898915
3846,28/07/2025,48,0.525777863898915
8248,28/07/2025,48,0.525777863898915
3943,28/07/2025,48,0.525777863898915
5203,28/07/2025,48,0.525777863898915
160,28/07/2025,48,0.525777863898915
7605,28/07/2025,48,0.525777863898915
6490,28/07/2025,48,0.525777863898915
612,28/07/2025,48,0.525777863898915
9852,28/07/2025,48,0.525777863898915
9639,28/07/2025,48,0.525777863898915
3989,28/07/2025,48,0.525777863898915
149,28/07/2025,48,0.525777863898915
9629,28/07/2025,48,0.525777863898915
5924,28/07/2025,48,0.525777863898915
3635,28/07/2025,48,0.5257778638989149
364,28/07/2025,48,0.5257778638989149
9842,28/07/2025,48,0.5257778638989149
4884,28/07/2025,48,0.5257778638989149
9447,28/07/2025,48,0.5257778638989149
2184,28/07/2025,48,0.5257778638989149
5898,28/07/2025,48,0.5257778638989149
689,28/07/2025,48,0.5257778638989149
1997,28/07/2025,48,0.5257778638989149
2881,28/07/2025,48,0.5257778638989149
1509,28/07/2025,48,0.5257778638989149
8227,28/07/2025,48,0.5257778638989149
2042,28/07/2025,48,0.5257778638989149
9291,28/07/2025,48,0.5257778638989149
2875,28/07/2025,48,0.5257778638989149
3739,28/07/2025,48,0.5257778638989149
3406,28/07/2025,48,0.5257778638989149
6704,28/07/2025,48,0.5257778638989149
1839,28/07/2025,48,0.5257778638989149
1822,28/07/2025,48,0.5257778638989149
9200,28/07/2025,48,0.5257778638989149
5866,28/07/2025,48,0.5257778638989149
8611,28/07/2025,48,0.5257778638989149
5631,28/07/2025,48,0.5257778638989149
3152,28/07/2025,48,0.5257778638989149
2695,28/07/2025,48,0.5257778638989149
9445,28/07/2025,48,0.5257778638989149
607,28/07/2025,48,0.5257778638989149
8233,28/07/2025,48,0.5257778638989149
3199,28/07/2025,48,0.5257778638989149
4298,28/07/2025,48,0.5257778638989149
7996,28/07/2025,48,0.5257778638989149
3088,28/07/2025,48,0.5257778638989149
5193,28/07/2025,48,0.5257778638989149
193,28/07/2025,48,0.5257778638989149
5704,28/07/2025,48,0.5257778638989149
4270,28/07/2025,48,0.5257778638989149
555,28/07/2025,48,0.5257778638989149
5364,28/07/2025,48,0.5257778638989149
4187,28/07/2025,48,0.5257778638989149
5728,28/07/2025,48,0.5257778638989149
2957,28/07/2025,48,0.5257778638989149
9898,28/07/2025,48,0.5257778638989149
8359,28/07/2025,48,0.5257778638989149
4385,28/07/2025,48,0.5257778638989149
2146,28/07/2025,48,0.5257778638989149
2070,28/07/2025,48,0.5257778638989149
9733,28/07/2025,48,0.5257778638989149
4472,28/07/2025,48,0.5257778638989149
457,28/04/2025,139,0.524702380952381
6824,10/06/2025,96,0.5167702713952713
6874,10/06/2025,96,0.5167702713952713
3586,10/06/2025,96,0.5167702713952713
9430,10/06/2025,96,0.5167702713952713
7934,10/06/2025,96,0.5167702713952713
303,10/06/2025,96,0.5167702713952713
4173,10/06/2025,96,0.5167702713952713
4922,10/06/2025,96,0.5167702713952712
5120,10/06/2025,96,0.5167702713952712
6524,10/06/2025,96,0.5167702713952711
6218,24/07/2025,52,0.5136914448560277
6946,24/07/2025,52,0.5136914448560277
9993,24/07/2025,52,0.5136914448560277
4382,24/07/2025,52,0.5136914448560277
563,24/07/2025,52,0.5136914448560277
2408,24/07/2025,52,0.5136914448560277
5605,24/07/2025,52,0.5136914448560277
8657,24/07/2025,52,0.5136914448560277
4707,24/07/2025,52,0.5136914448560277
9281,24/07/2025,52,0.5136914448560276
5731,24/07/2025,52,0.5136914448560276
4605,24/07/2025,52,0.5136914448560276
6817,24/07/2025,52,0.5136914448560276
1271,24/07/2025,52,0.5136914448560276
4780,24/07/2025,52,0.5136914448560276
4984,24/07/2025,52,0.5136914448560276
8282,24/07/2025,52,0.5136914448560276
7267,24/07/2025,52,0.5136914448560276
3931,24/07/2025,52,0.5136914448560276
1909,24/07/2025,52,0.5136914448560276
2148,24/07/2025,52,0.5136914448560276
1284,24/07/2025,52,0.5136914448560276
7890,24/07/2025,52,0.5136914448560276
7582,24/07/2025,52,0.5136914448560276
9849,24/07/2025,52,0.5136914448560276
3273,24/07/2025,52,0.5136914448560276
7466,24/07/2025,52,0.5136914448560276
982,24/07/2025,52,0.5136914448560276
4148,24/07/2025,52,0.5136914448560276
5447,24/07/2025,52,0.5136914448560276
9067,24/07/2025,52,0.5136914448560276
2894,24/07/2025,52,0.5136914448560276
4009,24/07/2025,52,0.5136914448560276
4602,24/07/2025,52,0.5136914448560276
2323,24/07/2025,52,0.5136914448560276
2686,24/07/2025,52,0.5136914448560276
4578,24/07/2025,52,0.5136914448560276
5108,24/07/2025,52,0.5136914448560276
1282,24/07/2025,52,0.5136914448560276
1322,24/07/2025,52,0.5136914448560276
2081,24/07/2025,52,0.5136914448560276
9815,24/07/2025,52,0.5136914448560276
4750,24/07/2025,52,0.5136914448560276
9243,24/07/2025,52,0.5136914448560276
9475,24/07/2025,52,0.5136914448560276
3034,24/07/2025,52,0.5136914448560276
5270,24/07/2025,52,0.5136914448560276
3456,24/07/2025,52,0.5136914448560276
4938,24/07/2025,52,0.5136914448560276
9279,24/07/2025,52,0.5136914448560276
6939,24/07/2025,52,0.5136914448560276
3211,24/07/2025,52,0.5136914448560276
2978,24/07/2025,52,0.5136914448560276
9915,24/07/2025,52,0.5136914448560276
425,24/07/2025,52,0.5136914448560276
2897,24/07/2025,52,0.5136914448560276
3284,24/07/2025,52,0.5136914448560276
1270,24/07/2025,52,0.5136914448560276
7489,24/07/2025,52,0.5136914448560276
4288,24/07/2025,52,0.5136914448560276
4108,24/07/2025,52,0.5136914448560276
5425,24/07/2025,52,0.5136914448560276
2119,24/07/2025,52,0.5136914448560276
3752,24/07/2025,52,0.5136914448560276
5571,24/07/2025,52,0.5136914448560276
1131,24/07/2025,52,0.5136914448560276
186,24/07/2025,52,0.5136914448560276
6175,24/07/2025,52,0.5136914448560276
7657,24/07/2025,52,0.5136914448560276
4331,24/07/2025,52,0.5136914448560276
8205,24/07/2025,52,0.5136914448560276
7855,24/07/2025,52,0.5136914448560276
9578,24/07/2025,52,0.5136914448560276
8881,24/07/2025,52,0.5136914448560276
4250,24/07/2025,52,0.5136914448560276
811,24/07/2025,52,0.5136914448560276
6519,24/07/2025,52,0.5136914448560276
9740,17/03/2025,181,0.5060000000000001
886,17/03/2025,181,0.5060000000000001
8425,12/08/2025,33,0.5054991747749582
8533,12/08/2025,33,0.5054991747749582
4740,12/08/2025,33,0.5054991747749582
8062,12/08/2025,33,0.5054991747749582
4513,12/08/2025,33,0.5054991747749582
6852,12/08/2025,33,0.5054991747749582
9122,12/08/2025,33,0.5054991747749582
2344,12/08/2025,33,0.5054991747749582
6989,12/08/2025,33,0.5054991747749582
3737,12/08/2025,33,0.5054991747749582
823,12/08/2025,33,0.5054991747749582
8733,12/08/2025,33,0.5054991747749582
5198,12/08/2025,33,0.5054991747749582
4489,12/08/2025,33,0.5054991747749582
9655,12/08/2025,33,0.5054991747749582
7243,12/08/2025,33,0.5054991747749582
6669,12/08/2025,33,0.5054991747749582
5988,12/08/2025,33,0.5054991747749582
4217,12/08/2025,33,0.5054991747749582
8709,12/08/2025,33,0.5054991747749582
6284,12/08/2025,33,0.5054991747749582
3260,12/08/2025,33,0.5054991747749582
2271,12/08/2025,33,0.5054991747749582
1588,12/08/2025,33,0.5054991747749582
1716,12/08/2025,33,0.5054991747749582
2247,12/08/2025,33,0.5054991747749582
325,12/08/2025,33,0.5054991747749582
9405,12/08/2025,33,0.5054991747749582
7469,12/08/2025,33,0.5054991747749582
5498,12/08/2025,33,0.5054991747749582
5335,12/08/2025,33,0.5054991747749582
9439,12/08/2025,33,0.5054991747749582
6152,12/08/2025,33,0.5054991747749582
8777,12/08/2025,33,0.5054991747749582
4830,12/08/2025,33,0.5054991747749582
9777,12/08/2025,33,0.5054991747749582
5055,12/08/2025,33,0.5054991747749582
8927,12/08/2025,33,0.5054991747749582
3697,12/08/2025,33,0.5054991747749582
4052,12/08/2025,33,0.5054991747749582
184,12/08/2025,33,0.5054991747749582
3298,12/08/2025,33,0.5054991747749582
976,12/08/2025,33,0.5054991747749582
2012,12/08/2025,33,0.5054991747749582
1485,12/08/2025,33,0.5054991747749582
5404,12/08/2025,33,0.5054991747749582
7833,12/08/2025,33,0.5054991747749582
2810,12/08/2025,33,0.5054991747749582
7067,12/08/2025,33,0.5054991747749582
842,12/08/2025,33,0.5054991747749582
1087,12/08/2025,33,0.5054991747749582
2380,12/08/2025,33,0.5054991747749582
941,12/08/2025,33,0.5054991747749582
9668,12/08/2025,33,0.5054991747749582
4887,12/08/2025,33,0.5054991747749582
2925,12/08/2025,33,0.5054991747749582
4355,12/08/2025,33,0.5054991747749582
7670,12/08/2025,33,0.5054991747749582
4875,12/08/2025,33,0.5054991747749582
1770,12/08/2025,33,0.5054991747749582
3960,12/08/2025,33,0.5054991747749582
5752,12/08/2025,33,0.5054991747749582
6215,12/08/2025,33,0.5054991747749582
4538,12/08/2025,33,0.5054991747749582
7158,12/08/2025,33,0.5054991747749582
5949,12/08/2025,33,0.5054991747749582
1582,12/08/2025,33,0.5054991747749582
9157,12/08/2025,33,0.5054991747749582
5434,12/08/2025,33,0.5054991747749582
9016,12/08/2025,33,0.5054991747749582
5809,12/08/2025,33,0.5054991747749582
8665,12/08/2025,33,0.5054991747749582
7293,12/08/2025,33,0.5054991747749582
2428,12/08/2025,33,0.5054991747749582
299,12/08/2025,33,0.5054991747749582
2691,12/08/2025,33,0.5054991747749582
9378,12/08/2025,33,0.5054991747749582
3702,12/08/2025,33,0.5054991747749582
3248,12/08/2025,33,0.5054991747749582
6770,12/08/2025,33,0.5054991747749582
1279,12/08/2025,33,0.5054991747749582
4024,12/08/2025,33,0.5054991747749582
8070,12/08/2025,33,0.5054991747749582
508,12/08/2025,33,0.5054991747749582
6067,12/08/2025,33,0.5054991747749582
1857,12/08/2025,33,0.5054991747749582
7099,12/08/2025,33,0.5054991747749582
6045,12/08/2025,33,0.5054991747749582
5603,12/08/2025,33,0.5054991747749582
3099,12/08/2025,33,0.5054991747749582
2230,12/08/2025,33,0.5054991747749582
2250,12/08/2025,33,0.5054991747749582
6623,12/08/2025,33,0.5054991747749582
5374,12/08/2025,33,0.5054991747749582
4840,12/08/2025,33,0.5054991747749582
8594,12/08/2025,33,0.5054991747749582
8842,12/08/2025,33,0.5054991747749582
4089,12/08/2025,33,0.5054991747749582
3927,12/08/2025,33,0.5054991747749582
3853,12/08/2025,33,0.5054991747749582
1365,12/08/2025,33,0.5054991747749582
6096,12/08/2025,33,0.5054991747749582
5720,12/08/2025,33,0.5054991747749582
2410,12/08/2025,33,0.5054991747749582
455,12/08/2025,33,0.5054991747749582
2654,12/08/2025,33,0.5054991747749582
1690,12/08/2025,33,0.5054991747749582
2863,12/08/2025,33,0.5054991747749582
4898,12/08/2025,33,0.5054991747749582
919,12/08/2025,33,0.5054991747749582
5768,12/08/2025,33,0.5054991747749582
8599,12/08/2025,33,0.5054991747749582
479,12/08/2025,33,0.5054991747749582
4038,12/08/2025,33,0.5054991747749582
3139,12/08/2025,33,0.5054991747749582
7977,12/08/2025,33,0.5054991747749582
6837,12/08/2025,33,0.5054991747749582
8660,12/08/2025,33,0.5054991747749582
4736,12/08/2025,33,0.5054991747749581
6936,12/08/2025,33,0.5054991747749581
1395,12/08/2025,33,0.5054991747749581
5353,12/08/2025,33,0.5054991747749581
9946,12/08/2025,33,0.5054991747749581
4194,12/08/2025,33,0.5054991747749581
7673,12/08/2025,33,0.5054991747749581
207,12/08/2025,33,0.5054991747749581
167,12/08/2025,33,0.5054991747749581
9298,12/08/2025,33,0.5054991747749581
7820,12/08/2025,33,0.5054991747749581
3310,12/08/2025,33,0.5054991747749581
2169,12/08/2025,33,0.5054991747749581
2044,12/08/2025,33,0.5054991747749581
8262,12/08/2025,33,0.5054991747749581
3833,18/03/2025,180,0.5034166666666667
943,18/03/2025,180,0.5034166666666667
2959,28/06/2025,78,0.5029975024975025
7864,28/06/2025,78,0.5029975024975024
4325,28/06/2025,78,0.5029975024975024
4754,28/06/2025,78,0.5029975024975024
6446,28/06/2025,78,0.5029975024975024
444,28/06/2025,78,0.5029975024975024
9869,28/06/2025,78,0.5029975024975024
3105,28/06/2025,78,0.5029975024975024
4727,28/06/2025,78,0.5029975024975024
3684,28/06/2025,78,0.5029975024975024
4698,28/06/2025,78,0.5029975024975024
1421,28/06/2025,78,0.5029975024975024
2720,28/06/2025,78,0.5029975024975024
1384,28/06/2025,78,0.5029975024975024
2164,17/08/2025,28,0.4989356831731931
4045,17/08/2025,28,0.4989356831731931
9034,17/08/2025,28,0.4989356831731931
6450,17/08/2025,28,0.4989356831731931
9818,17/08/2025,28,0.4989356831731931
781,17/08/2025,28,0.4989356831731931
8052,17/08/2025,28,0.4989356831731931
931,17/08/2025,28,0.4989356831731931
2955,17/08/2025,28,0.4989356831731931
8592,17/08/2025,28,0.4989356831731931
5445,17/08/2025,28,0.4989356831731931
6994,17/08/2025,28,0.4989356831731931
1548,17/08/2025,28,0.4989356831731931
344,17/08/2025,28,0.4989356831731931
2460,17/08/2025,28,0.4989356831731931
1362,17/08/2025,28,0.4989356831731931
3428,17/08/2025,28,0.4989356831731931
9222,17/08/2025,28,0.4989356831731931
50,17/08/2025,28,0.4989356831731931
8264,17/08/2025,28,0.4989356831731931
7941,17/08/2025,28,0.4989356831731931
4738,17/08/2025,28,0.4989356831731931
7611,17/08/2025,28,0.4989356831731931
3669,17/08/2025,28,0.498935683173193
8951,17/08/2025,28,0.498935683173193
3865,17/08/2025,28,0.498935683173193
9177,17/08/2025,28,0.498935683173193
8505,17/08/2025,28,0.498935683173193
7926,17/08/2025,28,0.498935683173193
1675,17/08/2025,28,0.498935683173193
8263,17/08/2025,28,0.498935683173193
237,17/08/2025,28,0.498935683173193
8365,17/08/2025,28,0.498935683173193
7362,17/08/2025,28,0.498935683173193
8161,17/08/2025,28,0.498935683173193
752,17/08/2025,28,0.498935683173193
4953,17/08/2025,28,0.498935683173193
1852,17/08/2025,28,0.498935683173193
4642,17/08/2025,28,0.498935683173193
4819,17/08/2025,28,0.498935683173193
1986,17/08/2025,28,0.498935683173193
3151,17/08/2025,28,0.498935683173193
3566,17/08/2025,28,0.498935683173193
4252,17/08/2025,28,0.498935683173193
7278,17/08/2025,28,0.498935683173193
1274,17/08/2025,28,0.498935683173193
9845,17/08/2025,28,0.498935683173193
3764,17/08/2025,28,0.498935683173193
2387,17/08/2025,28,0.498935683173193
4447,17/08/2025,28,0.498935683173193
9577,17/08/2025,28,0.498935683173193
5379,17/08/2025,28,0.498935683173193
9865,17/08/2025,28,0.498935683173193
1664,17/08/2025,28,0.498935683173193
3309,17/08/2025,28,0.498935683173193
9695,17/08/2025,28,0.498935683173193
6237,17/08/2025,28,0.498935683173193
5443,17/08/2025,28,0.498935683173193
2610,17/08/2025,28,0.498935683173193
3493,17/08/2025,28,0.498935683173193
9070,17/08/2025,28,0.498935683173193
3371,17/08/2025,28,0.498935683173193
5856,17/08/2025,28,0.498935683173193
6749,17/08/2025,28,0.498935683173193
2943,17/08/2025,28,0.498935683173193
2674,17/08/2025,28,0.498935683173193
3913,17/08/2025,28,0.498935683173193
8956,17/08/2025,28,0.498935683173193
385,17/08/2025,28,0.498935683173193
9150,17/08/2025,28,0.498935683173193
3632,17/08/2025,28,0.498935683173193
7371,17/08/2025,28,0.498935683173193
2108,17/08/2025,28,0.498935683173193
3294,17/08/2025,28,0.498935683173193
5953,17/08/2025,28,0.498935683173193
2782,17/08/2025,28,0.498935683173193
8030,17/08/2025,28,0.498935683173193
6312,17/08/2025,28,0.498935683173193
6008,17/08/2025,28,0.498935683173193
8471,17/08/2025,28,0.498935683173193
6725,17/08/2025,28,0.498935683173193
7414,17/08/2025,28,0.498935683173193
478,17/08/2025,28,0.498935683173193
3193,17/08/2025,28,0.498935683173193
9616,17/08/2025,28,0.498935683173193
3443,17/08/2025,28,0.498935683173193
4279,17/08/2025,28,0.498935683173193
8453,17/08/2025,28,0.498935683173193
2191,17/08/2025,28,0.498935683173193
2739,17/08/2025,28,0.498935683173193
7637,17/08/2025,28,0.498935683173193
2814,17/08/2025,28,0.498935683173193
6458,17/08/2025,28,0.498935683173193
5669,17/08/2025,28,0.498935683173193
3240,17/08/2025,28,0.498935683173193
2741,17/08/2025,28,0.498935683173193
3530,17/08/2025,28,0.498935683173193
6011,17/08/2025,28,0.498935683173193
5814,17/08/2025,28,0.498935683173193
5322,17/08/2025,28,0.498935683173193
2759,17/08/2025,28,0.498935683173193
1860,17/08/2025,28,0.4989356831731929
3131,17/08/2025,28,0.4989356831731929
6761,17/08/2025,28,0.4989356831731929
8880,17/08/2025,28,0.4989356831731929
7818,17/08/2025,28,0.4989356831731929
9904,17/08/2025,28,0.4989356831731929
7435,17/08/2025,28,0.4989356831731929
910,17/08/2025,28,0.4989356831731929
2160,17/08/2025,28,0.4989356831731929
977,17/08/2025,28,0.4989356831731929
7734,17/08/2025,28,0.4989356831731929
5274,17/08/2025,28,0.4989356831731929
3990,17/08/2025,28,0.4989356831731929
2528,17/08/2025,28,0.4989356831731929
1109,17/08/2025,28,0.4989356831731929
1688,17/08/2025,28,0.4989356831731929
3651,17/08/2025,28,0.4989356831731929
7556,17/08/2025,28,0.4989356831731929
4482,17/08/2025,28,0.4989356831731929
1088,17/08/2025,28,0.4989356831731929
8746,17/08/2025,28,0.4989356831731929
2756,17/08/2025,28,0.4989356831731929
1199,17/08/2025,28,0.4989356831731929
4535,17/08/2025,28,0.4989356831731929
2755,17/08/2025,28,0.4989356831731929
4924,17/08/2025,28,0.4989356831731929
146,17/08/2025,28,0.4989356831731929
5839,17/08/2025,28,0.4989356831731929
3365,17/08/2025,28,0.4989356831731929
7253,17/08/2025,28,0.4989356831731929
4367,17/08/2025,28,0.4989356831731929
8421,17/08/2025,28,0.4989356831731929
6511,17/08/2025,28,0.4989356831731929
4011,17/08/2025,28,0.4989356831731929
182,17/08/2025,28,0.4989356831731929
4418,17/08/2025,28,0.4989356831731929
5070,17/08/2025,28,0.4989356831731929
7537,17/08/2025,28,0.49893568317319287
5925,21/07/2025,55,0.4987837369423931
2969,21/07/2025,55,0.4987837369423931
5586,21/07/2025,55,0.4987837369423931
6684,21/07/2025,55,0.4987837369423931
7621,21/07/2025,55,0.4987837369423931
2621,21/07/2025,55,0.4987837369423931
8609,21/07/2025,55,0.4987837369423931
8583,21/07/2025,55,0.4987837369423931
6497,21/07/2025,55,0.4987837369423931
6702,21/07/2025,55,0.4987837369423931
4129,21/07/2025,55,0.4987837369423931
8948,21/07/2025,55,0.49878373694239303
1579,21/07/2025,55,0.49878373694239303
1669,21/07/2025,55,0.49878373694239303
2385,21/07/2025,55,0.49878373694239303
904,21/07/2025,55,0.49878373694239303
289,21/07/2025,55,0.49878373694239303
1286,21/07/2025,55,0.49878373694239303
1968,21/07/2025,55,0.49878373694239303
5276,21/07/2025,55,0.49878373694239303
5886,21/07/2025,55,0.49878373694239303
8392,21/07/2025,55,0.49878373694239303
5224,21/07/2025,55,0.49878373694239303
7449,21/07/2025,55,0.49878373694239303
8922,21/07/2025,55,0.49878373694239303
6588,21/07/2025,55,0.49878373694239303
8710,21/07/2025,55,0.49878373694239303
8350,21/07/2025,55,0.49878373694239303
6662,21/07/2025,55,0.49878373694239303
6618,21/07/2025,55,0.49878373694239303
9728,21/07/2025,55,0.49878373694239303
314,21/07/2025,55,0.49878373694239303
3387,21/07/2025,55,0.4987837369423929
1731,21/07/2025,55,0.4987837369423929
4595,21/07/2025,55,0.4987837369423929
4611,21/07/2025,55,0.4987837369423929
3855,21/07/2025,55,0.4987837369423929
8910,21/07/2025,55,0.4987837369423929
772,21/07/2025,55,0.4987837369423929
6672,21/07/2025,55,0.4987837369423929
8180,21/07/2025,55,0.4987837369423929
55,21/07/2025,55,0.4987837369423929
4455,21/07/2025,55,0.4987837369423929
1973,21/07/2025,55,0.49878373694239286
3416,18/08/2025,27,0.48567730231117695
3584,18/08/2025,27,0.48567730231117684
7770,18/08/2025,27,0.48567730231117684
7952,18/08/2025,27,0.48567730231117684
5036,18/08/2025,27,0.48567730231117684
137,18/08/2025,27,0.48567730231117684
8147,18/08/2025,27,0.48567730231117684
5509,18/08/2025,27,0.48567730231117684
7506,18/08/2025,27,0.48567730231117684
9245,18/08/2025,27,0.48567730231117684
871,18/08/2025,27,0.48567730231117684
9651,18/08/2025,27,0.48567730231117684
249,18/08/2025,27,0.48567730231117684
2703,18/08/2025,27,0.48567730231117684
4923,18/08/2025,27,0.48567730231117684
4548,18/08/2025,27,0.48567730231117684
21,18/08/2025,27,0.48567730231117684
4862,18/08/2025,27,0.48567730231117684
9258,18/08/2025,27,0.48567730231117684
5385,18/08/2025,27,0.48567730231117684
3657,18/08/2025,27,0.48567730231117684
5823,18/08/2025,27,0.48567730231117684
898,18/08/2025,27,0.48567730231117684
7502,18/08/2025,27,0.48567730231117684
6878,18/08/2025,27,0.48567730231117684
4276,18/08/2025,27,0.48567730231117684
2678,18/08/2025,27,0.48567730231117684
6908,18/08/2025,27,0.48567730231117684
3676,18/08/2025,27,0.48567730231117684
996,18/08/2025,27,0.48567730231117684
580,18/08/2025,27,0.48567730231117684
6534,18/08/2025,27,0.48567730231117684
6363,18/08/2025,27,0.48567730231117684
5913,18/08/2025,27,0.48567730231117684
4963,18/08/2025,27,0.48567730231117684
380,18/08/2025,27,0.48567730231117684
8654,18/08/2025,27,0.48567730231117684
8952,18/08/2025,27,0.48567730231117684
3126,18/08/2025,27,0.48567730231117684
6165,18/08/2025,27,0.48567730231117684
657,18/08/2025,27,0.48567730231117684
3694,18/08/2025,27,0.48567730231117684
3548,18/08/2025,27,0.48567730231117684
9981,18/08/2025,27,0.48567730231117684
2298,18/08/2025,27,0.48567730231117684
7030,18/08/2025,27,0.48567730231117684
5583,18/08/2025,27,0.48567730231117684
4324,18/08/2025,27,0.48567730231117684
9619,18/08/2025,27,0.48567730231117684
9213,18/08/2025,27,0.48567730231117684
6475,18/08/2025,27,0.48567730231117684
3802,18/08/2025,27,0.48567730231117684
9831,18/08/2025,27,0.48567730231117684
654,18/08/2025,27,0.48567730231117684
1870,18/08/2025,27,0.48567730231117684
6086,18/08/2025,27,0.48567730231117684
7715,18/08/2025,27,0.48567730231117684
6431,18/08/2025,27,0.48567730231117684
2531,18/08/2025,27,0.48567730231117684
5533,18/08/2025,27,0.48567730231117684
9672,18/08/2025,27,0.48567730231117684
5992,18/08/2025,27,0.48567730231117684
7273,18/08/2025,27,0.4856773023111768
5366,18/08/2025,27,0.4856773023111768
6987,18/08/2025,27,0.4856773023111768
1794,18/08/2025,27,0.4856773023111768
1404,18/08/2025,27,0.4856773023111768
3957,18/08/2025,27,0.4856773023111768
4399,18/08/2025,27,0.4856773023111768
6965,18/08/2025,27,0.4856773023111768
6602,18/08/2025,27,0.4856773023111768
6884,18/08/2025,27,0.4856773023111768
9995,18/08/2025,27,0.4856773023111768
7004,18/08/2025,27,0.4856773023111768
2908,18/08/2025,27,0.4856773023111768
2009,18/08/2025,27,0.4856773023111768
9240,18/08/2025,27,0.4856773023111768
9197,18/08/2025,27,0.4856773023111768
4748,18/08/2025,27,0.4856773023111768
5905,18/08/2025,27,0.4856773023111768
6828,18/08/2025,27,0.4856773023111768
8732,18/08/2025,27,0.4856773023111768
9747,18/08/2025,27,0.4856773023111768
5062,18/08/2025,27,0.4856773023111768
1955,18/08/2025,27,0.4856773023111768
7701,18/08/2025,27,0.4856773023111768
4037,18/08/2025,27,0.4856773023111768
1172,18/08/2025,27,0.4856773023111768
9749,18/08/2025,27,0.4856773023111768
4390,18/08/2025,27,0.4856773023111768
536,18/08/2025,27,0.4856773023111768
4280,18/08/2025,27,0.4856773023111768
1342,18/08/2025,27,0.4856773023111768
6521,18/08/2025,27,0.4856773023111768
3068,18/08/2025,27,0.4856773023111768
8632,18/08/2025,27,0.4856773023111768
6676,18/08/2025,27,0.4856773023111768
8489,18/08/2025,27,0.4856773023111768
3686,18/08/2025,27,0.4856773023111768
3619,18/08/2025,27,0.4856773023111768
3234,18/08/2025,27,0.4856773023111768
7514,18/08/2025,27,0.4856773023111768
1779,18/08/2025,27,0.4856773023111768
5554,18/08/2025,27,0.4856773023111768
5594,18/08/2025,27,0.4856773023111768
9565,18/08/2025,27,0.4856773023111768
5275,18/08/2025,27,0.4856773023111768
7503,18/08/2025,27,0.4856773023111768
8925,18/08/2025,27,0.4856773023111768
39,18/08/2025,27,0.4856773023111768
4372,18/08/2025,27,0.4856773023111768
4469,18/08/2025,27,0.4856773023111768
1746,18/08/2025,27,0.4856773023111768
4318,18/08/2025,27,0.4856773023111768
1206,18/08/2025,27,0.4856773023111768
4564,18/08/2025,27,0.4856773023111768
2444,18/08/2025,27,0.4856773023111768
6405,18/08/2025,27,0.4856773023111768
5005,18/08/2025,27,0.4856773023111768
5548,18/08/2025,27,0.4856773023111768
922,18/08/2025,27,0.4856773023111768
142,18/08/2025,27,0.4856773023111768
4746,18/08/2025,27,0.4856773023111768
2099,18/08/2025,27,0.4856773023111768
7735,18/08/2025,27,0.4856773023111768
2279,18/08/2025,27,0.4856773023111768
5002,18/08/2025,27,0.4856773023111768
8885,18/08/2025,27,0.4856773023111768
3565,18/08/2025,27,0.4856773023111768
1917,18/08/2025,27,0.4856773023111768
2045,18/08/2025,27,0.4856773023111768
3568,18/08/2025,27,0.4856773023111768
6336,18/08/2025,27,0.4856773023111768
9458,18/08/2025,27,0.4856773023111768
4637,18/08/2025,27,0.4856773023111768
9713,18/08/2025,27,0.4856773023111768
3051,18/08/2025,27,0.4856773023111768
8345,18/08/2025,27,0.4856773023111768
2304,18/08/2025,27,0.4856773023111768
9511,18/08/2025,27,0.4856773023111768
1256,18/08/2025,27,0.4856773023111768
6687,18/08/2025,27,0.48567730231117673
442,18/08/2025,27,0.48567730231117673
2653,18/08/2025,27,0.48567730231117673
6262,18/08/2025,27,0.48567730231117673
7768,18/08/2025,27,0.48567730231117673
1521,18/08/2025,27,0.48567730231117673
1713,18/08/2025,27,0.48567730231117673
3529,18/08/2025,27,0.48567730231117673
1798,18/08/2025,27,0.48567730231117673
8318,18/08/2025,27,0.48567730231117673
7124,18/08/2025,27,0.48567730231117673
6983,03/05/2025,134,0.48434217171717187
888,07/08/2025,38,0.4831937140410171
9808,07/08/2025,38,0.4831937140410171
2682,07/08/2025,38,0.4831937140410171
227,07/08/2025,38,0.4831937140410171
6172,07/08/2025,38,0.4831937140410171
3782,07/08/2025,38,0.483193714041017
9385,07/08/2025,38,0.483193714041017
6905,07/08/2025,38,0.483193714041017
3261,07/08/2025,38,0.483193714041017
5967,07/08/2025,38,0.483193714041017
1837,07/08/2025,38,0.483193714041017
7193,07/08/2025,38,0.483193714041017
5736,07/08/2025,38,0.483193714041017
7487,07/08/2025,38,0.483193714041017
5116,07/08/2025,38,0.483193714041017
2468,07/08/2025,38,0.483193714041017
8407,07/08/2025,38,0.483193714041017
2283,07/08/2025,38,0.483193714041017
2239,07/08/2025,38,0.483193714041017
2844,07/08/2025,38,0.483193714041017
9413,07/08/2025,38,0.483193714041017
5621,07/08/2025,38,0.483193714041017
6316,07/08/2025,38,0.483193714041017
7624,07/08/2025,38,0.483193714041017
7791,07/08/2025,38,0.483193714041017
7546,07/08/2025,38,0.483193714041017
8247,07/08/2025,38,0.483193714041017
6991,07/08/2025,38,0.483193714041017
7581,07/08/2025,38,0.483193714041017
5708,07/08/2025,38,0.483193714041017
4966,07/08/2025,38,0.483193714041017
5945,07/08/2025,38,0.483193714041017
3941,07/08/2025,38,0.483193714041017
3515,07/08/2025,38,0.483193714041017
2180,07/08/2025,38,0.483193714041017
2573,07/08/2025,38,0.483193714041017
9212,07/08/2025,38,0.483193714041017
1741,07/08/2025,38,0.483193714041017
6779,07/08/2025,38,0.483193714041017
9986,07/08/2025,38,0.483193714041017
4506,07/08/2025,38,0.483193714041017
6131,07/08/2025,38,0.483193714041017
7612,07/08/2025,38,0.483193714041017
3991,07/08/2025,38,0.483193714041017
4350,07/08/2025,38,0.483193714041017
51,07/08/2025,38,0.483193714041017
1055,07/08/2025,38,0.483193714041017
4078,07/08/2025,38,0.483193714041017
8615,07/08/2025,38,0.483193714041017
9135,07/08/2025,38,0.483193714041017
6351,07/08/2025,38,0.483193714041017
8117,07/08/2025,38,0.483193714041017
4327,07/08/2025,38,0.483193714041017
9567,07/08/2025,38,0.483193714041017
9750,07/08/2025,38,0.483193714041017
3214,07/08/2025,38,0.483193714041017
6868,07/08/2025,38,0.483193714041017
5326,07/08/2025,38,0.483193714041017
5133,07/08/2025,38,0.483193714041017
3885,07/08/2025,38,0.483193714041017
3972,07/08/2025,38,0.483193714041017
5912,07/08/2025,38,0.483193714041017
8138,07/08/2025,38,0.483193714041017
6254,07/08/2025,38,0.483193714041017
7483,07/08/2025,38,0.483193714041017
7398,07/08/2025,38,0.483193714041017
1420,07/08/2025,38,0.483193714041017
2454,07/08/2025,38,0.483193714041017
2094,07/08/2025,38,0.483193714041017
7226,07/08/2025,38,0.483193714041017
8719,07/08/2025,38,0.483193714041017
6716,07/08/2025,38,0.483193714041017
1494,07/08/2025,38,0.483193714041017
9588,07/08/2025,38,0.483193714041017
3142,07/08/2025,38,0.48319371404101696
9997,07/08/2025,38,0.48319371404101696
4424,07/08/2025,38,0.48319371404101696
9362,07/08/2025,38,0.48319371404101696
5215,07/08/2025,38,0.48319371404101696
7289,07/08/2025,38,0.48319371404101696
757,07/08/2025,38,0.48319371404101696
9371,07/08/2025,38,0.48319371404101696
6586,07/08/2025,38,0.48319371404101696
7765,07/08/2025,38,0.48319371404101696
9674,07/08/2025,38,0.48319371404101696
3111,07/08/2025,38,0.48319371404101696
2056,07/08/2025,38,0.48319371404101696
7130,07/08/2025,38,0.48319371404101696
1139,07/08/2025,38,0.48319371404101696
2311,07/08/2025,38,0.48319371404101696
8078,07/08/2025,38,0.48319371404101696
3359,07/08/2025,38,0.48319371404101696
6502,07/08/2025,38,0.48319371404101696
8174,07/08/2025,38,0.48319371404101696
491,07/08/2025,38,0.48319371404101696
2130,07/08/2025,38,0.48319371404101696
5200,07/08/2025,38,0.48319371404101696
9661,07/08/2025,38,0.48319371404101696
2993,07/08/2025,38,0.48319371404101696
9049,07/08/2025,38,0.48319371404101696
8433,07/08/2025,38,0.48319371404101696
6289,07/08/2025,38,0.48319371404101696
901,07/08/2025,38,0.48319371404101696
5018,07/08/2025,38,0.48319371404101696
3507,07/08/2025,38,0.48319371404101696
3766,24/08/2025,21,0.4727099746284606
5921,24/08/2025,21,0.4727099746284606
3119,24/08/2025,21,0.4727099746284606
1480,24/08/2025,21,0.4727099746284606
1329,24/08/2025,21,0.4727099746284606
9273,24/08/2025,21,0.4727099746284606
504,24/08/2025,21,0.4727099746284606
9322,24/08/2025,21,0.4727099746284606
5723,24/08/2025,21,0.4727099746284606
7217,24/08/2025,21,0.4727099746284606
3698,24/08/2025,21,0.4727099746284606
1722,24/08/2025,21,0.4727099746284606
5972,24/08/2025,21,0.4727099746284606
3383,24/08/2025,21,0.4727099746284606
1573,24/08/2025,21,0.4727099746284606
4053,24/08/2025,21,0.4727099746284606
4323,24/08/2025,21,0.4727099746284606
986,24/08/2025,21,0.4727099746284606
1527,24/08/2025,21,0.47270997462846054
3900,24/08/2025,21,0.47270997462846054
8812,24/08/2025,21,0.47270997462846054
9724,24/08/2025,21,0.47270997462846054
830,24/08/2025,21,0.47270997462846054
493,24/08/2025,21,0.47270997462846054
9502,24/08/2025,21,0.47270997462846054
1011,24/08/2025,21,0.47270997462846054
6207,24/08/2025,21,0.47270997462846054
5700,24/08/2025,21,0.47270997462846054
2088,24/08/2025,21,0.47270997462846054
4586,24/08/2025,21,0.47270997462846054
2601,24/08/2025,21,0.47270997462846054
222,24/08/2025,21,0.47270997462846054
415,24/08/2025,21,0.47270997462846054
6014,24/08/2025,21,0.47270997462846054
4850,24/08/2025,21,0.47270997462846054
808,24/08/2025,21,0.47270997462846054
7932,24/08/2025,21,0.47270997462846054
5796,24/08/2025,21,0.47270997462846054
5022,24/08/2025,21,0.47270997462846054
4171,24/08/2025,21,0.47270997462846054
8647,24/08/2025,21,0.47270997462846054
5227,24/08/2025,21,0.47270997462846054
2404,24/08/2025,21,0.47270997462846054
2423,24/08/2025,21,0.47270997462846054
2492,24/08/2025,21,0.47270997462846054
9861,24/08/2025,21,0.47270997462846054
3429,24/08/2025,21,0.47270997462846054
753,24/08/2025,21,0.47270997462846054
9039,24/08/2025,21,0.47270997462846054
1234,24/08/2025,21,0.47270997462846054
6470,24/08/2025,21,0.47270997462846054
9690,24/08/2025,21,0.47270997462846054
860,24/08/2025,21,0.47270997462846054
8417,24/08/2025,21,0.47270997462846054
6330,24/08/2025,21,0.47270997462846054
2976,24/08/2025,21,0.47270997462846054
1123,24/08/2025,21,0.47270997462846054
462,24/08/2025,21,0.47270997462846054
4144,24/08/2025,21,0.47270997462846054
3555,24/08/2025,21,0.47270997462846054
7747,24/08/2025,21,0.47270997462846054
6297,24/08/2025,21,0.47270997462846054
8656,24/08/2025,21,0.47270997462846054
3598,24/08/2025,21,0.47270997462846054
9076,24/08/2025,21,0.47270997462846054
8422,24/08/2025,21,0.47270997462846054
495,24/08/2025,21,0.47270997462846054
4971,24/08/2025,21,0.47270997462846054
7433,24/08/2025,21,0.47270997462846054
5747,24/08/2025,21,0.47270997462846054
4119,24/08/2025,21,0.47270997462846054
6917,24/08/2025,21,0.47270997462846054
1265,24/08/2025,21,0.47270997462846054
1591,24/08/2025,21,0.47270997462846054
9389,24/08/2025,21,0.47270997462846054
4942,24/08/2025,21,0.47270997462846054
6682,24/08/2025,21,0.4727099746284605
1212,24/08/2025,21,0.4727099746284605
74,24/08/2025,21,0.4727099746284605
2302,24/08/2025,21,0.4727099746284605
6147,24/08/2025,21,0.4727099746284605
3641,24/08/2025,21,0.4727099746284605
1777,24/08/2025,21,0.4727099746284605
4260,24/08/2025,21,0.4727099746284605
7508,24/08/2025,21,0.4727099746284605
1638,24/08/2025,21,0.4727099746284605
2732,24/08/2025,21,0.4727099746284605
8024,24/08/2025,21,0.4727099746284605
396,24/08/2025,21,0.4727099746284605
7,24/08/2025,21,0.4727099746284605
7258,24/08/2025,21,0.4727099746284605
6477,24/08/2025,21,0.4727099746284605
9028,24/08/2025,21,0.4727099746284605
9625,24/08/2025,21,0.4727099746284605
2367,24/08/2025,21,0.4727099746284605
8069,24/08/2025,21,0.4727099746284605
9493,24/08/2025,21,0.4727099746284605
1240,24/08/2025,21,0.4727099746284605
8216,24/08/2025,21,0.4727099746284605
4590,24/08/2025,21,0.4727099746284605
4121,24/08/2025,21,0.4727099746284605
1533,24/08/2025,21,0.4727099746284605
9763,24/08/2025,21,0.4727099746284605
2915,24/08/2025,21,0.4727099746284605
2916,24/08/2025,21,0.4727099746284605
2067,24/08/2025,21,0.4727099746284605
6655,24/08/2025,21,0.4727099746284605
1026,24/08/2025,21,0.4727099746284605
3595,24/08/2025,21,0.4727099746284605
8155,24/08/2025,21,0.4727099746284605
7359,24/08/2025,21,0.4727099746284605
2096,24/08/2025,21,0.4727099746284605
6624,24/08/2025,21,0.4727099746284605
2205,24/08/2025,21,0.4727099746284605
9615,24/08/2025,21,0.4727099746284605
3306,24/08/2025,21,0.4727099746284605
7677,24/08/2025,21,0.4727099746284605
1224,24/08/2025,21,0.4727099746284605
2486,24/08/2025,21,0.4727099746284605
4450,24/08/2025,21,0.4727099746284605
9992,24/08/2025,21,0.4727099746284605
2677,24/08/2025,21,0.4727099746284605
1891,24/08/2025,21,0.4727099746284605
8465,24/08/2025,21,0.4727099746284605
7387,24/08/2025,21,0.4727099746284605
1988,24/08/2025,21,0.4727099746284605
2366,24/08/2025,21,0.4727099746284605
3409,24/08/2025,21,0.4727099746284605
5718,24/08/2025,21,0.4727099746284605
5333,24/08/2025,21,0.4727099746284605
1348,24/08/2025,21,0.4727099746284605
1826,24/08/2025,21,0.4727099746284605
5358,24/08/2025,21,0.4727099746284605
2357,24/08/2025,21,0.4727099746284605
3919,24/08/2025,21,0.4727099746284605
8771,24/08/2025,21,0.4727099746284605
3022,24/08/2025,21,0.4727099746284605
3623,24/08/2025,21,0.4727099746284605
1894,24/08/2025,21,0.4727099746284605
5057,24/08/2025,21,0.4727099746284605
8646,24/08/2025,21,0.4727099746284605
7703,24/08/2025,21,0.4727099746284605
4357,24/08/2025,21,0.4727099746284605
8526,24/08/2025,21,0.4727099746284605
371,24/08/2025,21,0.4727099746284605
1245,24/08/2025,21,0.4727099746284605
5350,24/08/2025,21,0.4727099746284605
8554,24/08/2025,21,0.4727099746284604
7564,24/08/2025,21,0.4727099746284604
7928,24/08/2025,21,0.4727099746284604
8363,24/08/2025,21,0.4727099746284604
5315,24/08/2025,21,0.4727099746284604
6293,24/08/2025,21,0.4727099746284604
4956,24/08/2025,21,0.4727099746284604
9488,24/08/2025,21,0.4727099746284604
2159,24/08/2025,21,0.4727099746284604
6276,24/08/2025,21,0.4727099746284604
6576,24/08/2025,21,0.4727099746284604
4378,24/08/2025,21,0.4727099746284604
8498,24/08/2025,21,0.4727099746284604
8648,24/08/2025,21,0.4727099746284604
9304,24/08/2025,21,0.4727099746284604
2681,24/08/2025,21,0.4727099746284604
2709,24/08/2025,21,0.4727099746284604
5864,24/08/2025,21,0.4727099746284604
938,24/08/2025,21,0.4727099746284604
7186,24/08/2025,21,0.4727099746284604
4972,24/08/2025,21,0.4727099746284604
4391,24/08/2025,21,0.4727099746284604
9876,24/08/2025,21,0.4727099746284604
773,24/08/2025,21,0.4727099746284604
6317,24/08/2025,21,0.4727099746284604
262,24/08/2025,21,0.4727099746284604
959,24/08/2025,21,0.4727099746284604
6899,24/08/2025,21,0.4727099746284604
727,24/08/2025,21,0.4727099746284604
1943,24/08/2025,21,0.4727099746284604
459,24/08/2025,21,0.4727099746284604
6361,24/08/2025,21,0.4727099746284604
7242,24/08/2025,21,0.4727099746284604
4059,24/08/2025,21,0.4727099746284604
7538,24/08/2025,21,0.4727099746284604
4804,24/08/2025,21,0.4727099746284604
1696,09/08/2025,36,0.47138972650331434
8394,09/08/2025,36,0.47138972650331434
9165,09/08/2025,36,0.47138972650331434
1116,09/08/2025,36,0.47138972650331434
5659,09/08/2025,36,0.47138972650331434
8215,09/08/2025,36,0.47138972650331434
284,09/08/2025,36,0.47138972650331434
1059,09/08/2025,36,0.47138972650331434
9656,09/08/2025,36,0.47138972650331434
1377,09/08/2025,36,0.47138972650331434
4539,09/08/2025,36,0.47138972650331423
2954,09/08/2025,36,0.47138972650331423
1814,09/08/2025,36,0.47138972650331423
2400,09/08/2025,36,0.47138972650331423
7044,09/08/2025,36,0.47138972650331423
8420,09/08/2025,36,0.47138972650331423
742,09/08/2025,36,0.47138972650331423
7780,09/08/2025,36,0.47138972650331423
3917,09/08/2025,36,0.47138972650331423
7121,09/08/2025,36,0.47138972650331423
1483,09/08/2025,36,0.47138972650331423
1378,09/08/2025,36,0.47138972650331423
69,09/08/2025,36,0.47138972650331423
702,09/08/2025,36,0.47138972650331423
4268,09/08/2025,36,0.47138972650331423
9241,09/08/2025,36,0.47138972650331423
4570,09/08/2025,36,0.47138972650331423
8105,09/08/2025,36,0.47138972650331423
3338,09/08/2025,36,0.47138972650331423
9659,09/08/2025,36,0.47138972650331423
5287,09/08/2025,36,0.47138972650331423
3437,09/08/2025,36,0.47138972650331423
3008,09/08/2025,36,0.47138972650331423
5555,09/08/2025,36,0.47138972650331423
8259,09/08/2025,36,0.47138972650331423
4589,09/08/2025,36,0.47138972650331423
9141,09/08/2025,36,0.47138972650331423
1129,09/08/2025,36,0.47138972650331423
3933,09/08/2025,36,0.47138972650331423
4999,09/08/2025,36,0.47138972650331423
2412,09/08/2025,36,0.47138972650331423
7907,09/08/2025,36,0.47138972650331423
2556,09/08/2025,36,0.47138972650331423
6029,09/08/2025,36,0.47138972650331423
9192,09/08/2025,36,0.47138972650331423
8065,09/08/2025,36,0.47138972650331423
2882,09/08/2025,36,0.47138972650331423
9917,09/08/2025,36,0.47138972650331423
7191,09/08/2025,36,0.47138972650331423
7825,09/08/2025,36,0.47138972650331423
6734,09/08/2025,36,0.47138972650331423
2608,09/08/2025,36,0.47138972650331423
1692,09/08/2025,36,0.47138972650331423
4080,09/08/2025,36,0.47138972650331423
2530,09/08/2025,36,0.47138972650331423
5477,09/08/2025,36,0.47138972650331423
6179,09/08/2025,36,0.47138972650331423
5969,09/08/2025,36,0.47138972650331423
151,09/08/2025,36,0.47138972650331423
8867,09/08/2025,36,0.47138972650331423
3792,09/08/2025,36,0.47138972650331423
6396,09/08/2025,36,0.47138972650331423
8796,09/08/2025,36,0.47138972650331423
9587,09/08/2025,36,0.47138972650331423
4490,09/08/2025,36,0.47138972650331423
3194,09/08/2025,36,0.47138972650331423
9811,09/08/2025,36,0.47138972650331423
3837,09/08/2025,36,0.47138972650331423
1315,09/08/2025,36,0.47138972650331423
2173,09/08/2025,36,0.4713897265033142
5549,09/08/2025,36,0.4713897265033142
7836,09/08/2025,36,0.4713897265033142
4262,09/08/2025,36,0.4713897265033142
8933,09/08/2025,36,0.4713897265033142
2570,09/08/2025,36,0.4713897265033142
8156,09/08/2025,36,0.4713897265033142
7671,09/08/2025,36,0.4713897265033142
9126,09/08/2025,36,0.4713897265033142
9927,09/08/2025,36,0.4713897265033142
1432,09/08/2025,36,0.4713897265033142
789,09/08/2025,36,0.4713897265033142
4046,09/08/2025,36,0.4713897265033142
9663,09/08/2025,36,0.4713897265033142
4334,09/08/2025,36,0.4713897265033142
4275,09/08/2025,36,0.4713897265033142
6947,09/08/2025,36,0.4713897265033142
427,09/08/2025,36,0.4713897265033142
3094,09/08/2025,36,0.4713897265033142
9918,09/08/2025,36,0.4713897265033142
2553,09/08/2025,36,0.4713897265033142
258,09/08/2025,36,0.4713897265033142
4882,09/08/2025,36,0.4713897265033142
8684,09/08/2025,36,0.4713897265033142
4433,09/08/2025,36,0.4713897265033142
6004,09/08/2025,36,0.4713897265033142
3267,09/08/2025,36,0.4713897265033142
3045,09/08/2025,36,0.4713897265033142
6896,09/08/2025,36,0.4713897265033142
2973,09/08/2025,36,0.4713897265033142
838,09/08/2025,36,0.4713897265033142
1791,09/08/2025,36,0.4713897265033142
762,09/08/2025,36,0.4713897265033142
2143,09/08/2025,36,0.4713897265033142
9287,09/08/2025,36,0.4713897265033141
3975,29/07/2025,47,0.46695211471498543
5271,29/07/2025,47,0.46695211471498543
3563,29/07/2025,47,0.46695211471498543
1835,29/07/2025,47,0.46695211471498543
2961,29/07/2025,47,0.4669521147149854
3379,29/07/2025,47,0.4669521147149854
1119,29/07/2025,47,0.4669521147149854
3136,29/07/2025,47,0.4669521147149854
9793,29/07/2025,47,0.4669521147149854
3043,29/07/2025,47,0.4669521147149854
9146,29/07/2025,47,0.4669521147149854
7151,29/07/2025,47,0.4669521147149854
1844,29/07/2025,47,0.4669521147149854
2134,29/07/2025,47,0.4669521147149854
2092,29/07/2025,47,0.4669521147149854
7633,29/07/2025,47,0.4669521147149854
3168,29/07/2025,47,0.4669521147149854
2503,29/07/2025,47,0.4669521147149854
8939,29/07/2025,47,0.4669521147149854
6223,29/07/2025,47,0.4669521147149854
9232,29/07/2025,47,0.4669521147149854
1828,29/07/2025,47,0.4669521147149854
5138,29/07/2025,47,0.4669521147149854
1075,29/07/2025,47,0.4669521147149854
3877,29/07/2025,47,0.4669521147149854
7831,29/07/2025,47,0.4669521147149854
434,29/07/2025,47,0.4669521147149854
5762,29/07/2025,47,0.4669521147149854
7063,29/07/2025,47,0.4669521147149854
7970,29/07/2025,47,0.4669521147149854
3191,29/07/2025,47,0.4669521147149854
9683,29/07/2025,47,0.4669521147149854
570,29/07/2025,47,0.4669521147149854
53,29/07/2025,47,0.4669521147149854
971,29/07/2025,47,0.4669521147149854
1474,29/07/2025,47,0.4669521147149854
6242,29/07/2025,47,0.4669521147149854
5141,29/07/2025,47,0.4669521147149854
4343,29/07/2025,47,0.4669521147149854
1354,29/07/2025,47,0.4669521147149854
8633,29/07/2025,47,0.4669521147149854
3375,29/07/2025,47,0.4669521147149854
480,29/07/2025,47,0.4669521147149854
5616,29/07/2025,47,0.4669521147149854
6103,29/07/2025,47,0.4669521147149853
7482,29/07/2025,47,0.4669521147149853
1636,29/07/2025,47,0.4669521147149853
9689,29/07/2025,47,0.4669521147149853
4581,29/07/2025,47,0.4669521147149853
2186,29/07/2025,47,0.4669521147149853
2603,29/07/2025,47,0.4669521147149853
3274,29/07/2025,47,0.4669521147149853
1331,29/07/2025,47,0.4669521147149853
8576,29/07/2025,47,0.4669521147149853
6535,29/07/2025,47,0.4669521147149853
9521,29/07/2025,47,0.4669521147149853
2048,29/07/2025,47,0.4669521147149853
787,29/07/2025,47,0.4669521147149853
6791,29/07/2025,47,0.4669521147149853
8302,29/07/2025,47,0.4669521147149853
9653,29/07/2025,47,0.4669521147149853
5045,29/07/2025,47,0.4669521147149853
4549,29/07/2025,47,0.4669521147149853
2161,29/07/2025,47,0.4669521147149853
8987,29/07/2025,47,0.4669521147149853
5550,29/07/2025,47,0.4669521147149853
6448,29/07/2025,47,0.4669521147149853
5030,29/07/2025,47,0.4669521147149853
1823,29/07/2025,47,0.4669521147149853
1037,29/07/2025,47,0.4669521147149853
7912,29/07/2025,47,0.4669521147149853
8995,29/07/2025,47,0.4669521147149853
2639,29/07/2025,47,0.4669521147149853
4282,29/07/2025,47,0.4669521147149853
8331,29/07/2025,47,0.4669521147149853
3487,29/07/2025,47,0.4669521147149853
6141,29/07/2025,47,0.4669521147149853
1039,29/07/2025,47,0.4669521147149853
2836,29/07/2025,47,0.4669521147149853
6235,29/07/2025,47,0.46695211471498527
1009,06/08/2025,39,0.4604485292594526
2698,06/08/2025,39,0.4604485292594526
7257,06/08/2025,39,0.4604485292594526
3781,06/08/2025,39,0.4604485292594526
6170,06/08/2025,39,0.4604485292594526
8936,06/08/2025,39,0.46044852925945257
9601,06/08/2025,39,0.46044852925945257
6607,06/08/2025,39,0.46044852925945257
9386,06/08/2025,39,0.46044852925945257
8700,06/08/2025,39,0.46044852925945257
2751,06/08/2025,39,0.46044852925945257
9620,06/08/2025,39,0.46044852925945257
8469,06/08/2025,39,0.46044852925945257
4545,06/08/2025,39,0.46044852925945257
7879,06/08/2025,39,0.46044852925945257
8357,06/08/2025,39,0.46044852925945257
5309,06/08/2025,39,0.46044852925945257
8094,06/08/2025,39,0.46044852925945257
5216,06/08/2025,39,0.46044852925945257
7713,06/08/2025,39,0.46044852925945257
4621,06/08/2025,39,0.46044852925945257
9148,06/08/2025,39,0.46044852925945257
5465,06/08/2025,39,0.46044852925945257
5456,06/08/2025,39,0.46044852925945257
8284,06/08/2025,39,0.46044852925945257
8897,06/08/2025,39,0.46044852925945257
7427,06/08/2025,39,0.46044852925945257
1349,06/08/2025,39,0.46044852925945257
1499,06/08/2025,39,0.46044852925945257
6121,06/08/2025,39,0.46044852925945257
6727,06/08/2025,39,0.46044852925945257
4930,06/08/2025,39,0.46044852925945257
5581,06/08/2025,39,0.46044852925945257
1152,06/08/2025,39,0.46044852925945257
5195,06/08/2025,39,0.46044852925945257
1104,06/08/2025,39,0.46044852925945257
4864,06/08/2025,39,0.4604485292594525
7185,06/08/2025,39,0.4604485292594525
6443,06/08/2025,39,0.4604485292594525
4908,06/08/2025,39,0.4604485292594525
4635,06/08/2025,39,0.4604485292594525
6220,06/08/2025,39,0.4604485292594525
9883,06/08/2025,39,0.4604485292594525
2244,06/08/2025,39,0.4604485292594525
1464,06/08/2025,39,0.4604485292594525
2840,06/08/2025,39,0.4604485292594525
5674,06/08/2025,39,0.4604485292594525
3722,06/08/2025,39,0.4604485292594525
6012,06/08/2025,39,0.4604485292594525
1166,06/08/2025,39,0.4604485292594525
1486,06/08/2025,39,0.4604485292594525
152,06/08/2025,39,0.4604485292594525
5457,06/08/2025,39,0.4604485292594525
6274,06/08/2025,39,0.4604485292594525
4678,06/08/2025,39,0.4604485292594525
9324,06/08/2025,39,0.4604485292594525
4706,06/08/2025,39,0.4604485292594525
8340,06/08/2025,39,0.4604485292594525
6101,06/08/2025,39,0.4604485292594525
5067,06/08/2025,39,0.4604485292594525
2658,06/08/2025,39,0.4604485292594525
8602,06/08/2025,39,0.4604485292594525
3773,06/08/2025,39,0.4604485292594525
1682,06/08/2025,39,0.4604485292594525
273,06/08/2025,39,0.4604485292594525
6522,06/08/2025,39,0.4604485292594525
276,06/08/2025,39,0.4604485292594525
2142,06/08/2025,39,0.4604485292594525
9665,06/08/2025,39,0.4604485292594525
5061,06/08/2025,39,0.4604485292594525
4931,06/08/2025,39,0.4604485292594525
7913,06/08/2025,39,0.4604485292594525
8659,06/08/2025,39,0.4604485292594525
354,06/08/2025,39,0.4604485292594525
923,06/08/2025,39,0.4604485292594525
4821,06/08/2025,39,0.4604485292594525
3288,06/08/2025,39,0.4604485292594525
9970,06/08/2025,39,0.4604485292594525
5381,06/08/2025,39,0.4604485292594525
4196,06/08/2025,39,0.4604485292594525
6400,06/08/2025,39,0.4604485292594525
5033,06/08/2025,39,0.4604485292594525
7712,06/08/2025,39,0.4604485292594525
4408,06/08/2025,39,0.4604485292594525
5920,06/08/2025,39,0.4604485292594525
4993,06/08/2025,39,0.4604485292594525
9538,06/08/2025,39,0.4604485292594525
1556,06/08/2025,39,0.46044852925945245
3949,06/08/2025,39,0.46044852925945245
1670,06/08/2025,39,0.46044852925945245
4228,06/08/2025,39,0.46044852925945245
7183,06/08/2025,39,0.46044852925945245
4643,06/08/2025,39,0.46044852925945245
9788,06/08/2025,39,0.46044852925945245
2567,06/08/2025,39,0.46044852925945245
9630,06/08/2025,39,0.46044852925945245
4336,06/08/2025,39,0.46044852925945245
8902,26/07/2025,50,0.4581574444682424
9635,26/07/2025,50,0.4581574444682424
1063,26/07/2025,50,0.4581574444682424
6661,26/07/2025,50,0.4581574444682424
7138,26/07/2025,50,0.4581574444682424
7517,26/07/2025,50,0.4581574444682424
5260,26/07/2025,50,0.4581574444682424
947,26/07/2025,50,0.4581574444682424
9838,26/07/2025,50,0.45815744446824236
7497,26/07/2025,50,0.45815744446824236
8527,26/07/2025,50,0.45815744446824236
4537,26/07/2025,50,0.45815744446824236
5004,26/07/2025,50,0.45815744446824236
710,26/07/2025,50,0.45815744446824236
4481,26/07/2025,50,0.45815744446824236
6567,26/07/2025,50,0.45815744446824236
9384,26/07/2025,50,0.45815744446824236
6708,26/07/2025,50,0.45815744446824236
3070,26/07/2025,50,0.45815744446824236
89,26/07/2025,50,0.45815744446824236
9349,26/07/2025,50,0.45815744446824236
8468,26/07/2025,50,0.45815744446824236
4170,26/07/2025,50,0.45815744446824236
4458,26/07/2025,50,0.45815744446824236
5875,26/07/2025,50,0.45815744446824236
7851,26/07/2025,50,0.45815744446824236
3367,26/07/2025,50,0.45815744446824236
8872,26/07/2025,50,0.45815744446824236
6612,26/07/2025,50,0.45815744446824236
6110,26/07/2025,50,0.45815744446824236
4718,26/07/2025,50,0.45815744446824236
1892,26/07/2025,50,0.45815744446824236
7049,26/07/2025,50,0.45815744446824236
5474,26/07/2025,50,0.45815744446824236
7381,26/07/2025,50,0.45815744446824236
1915,26/07/2025,50,0.45815744446824236
5751,26/07/2025,50,0.45815744446824236
8755,26/07/2025,50,0.45815744446824236
250,26/07/2025,50,0.45815744446824236
4375,26/07/2025,50,0.45815744446824236
2546,26/07/2025,50,0.45815744446824236
9649,26/07/2025,50,0.45815744446824236
6970,26/07/2025,50,0.45815744446824236
2340,26/07/2025,50,0.45815744446824236
8799,26/07/2025,50,0.45815744446824236
2884,26/07/2025,50,0.45815744446824236
4777,26/07/2025,50,0.45815744446824236
2039,26/07/2025,50,0.45815744446824236
5020,26/07/2025,50,0.45815744446824236
5634,26/07/2025,50,0.45815744446824225
3650,26/07/2025,50,0.45815744446824225
3967,26/07/2025,50,0.45815744446824225
8008,26/07/2025,50,0.45815744446824225
2904,26/07/2025,50,0.45815744446824225
9473,26/07/2025,50,0.45815744446824225
8412,26/07/2025,50,0.45815744446824225
5339,26/07/2025,50,0.45815744446824225
1780,26/07/2025,50,0.45815744446824225
3644,26/07/2025,50,0.45815744446824225
4712,26/07/2025,50,0.45815744446824225
3170,26/07/2025,50,0.45815744446824225
6836,26/07/2025,50,0.45815744446824225
2729,10/08/2025,35,0.45806976346921674
5684,10/08/2025,35,0.45806976346921674
1176,10/08/2025,35,0.45806976346921674
3340,10/08/2025,35,0.45806976346921674
894,10/08/2025,35,0.45806976346921674
3175,10/08/2025,35,0.45806976346921663
9836,10/08/2025,35,0.45806976346921663
7544,10/08/2025,35,0.45806976346921663
4816,10/08/2025,35,0.45806976346921663
9318,10/08/2025,35,0.45806976346921663
616,10/08/2025,35,0.45806976346921663
626,10/08/2025,35,0.45806976346921663
7888,10/08/2025,35,0.45806976346921663
2987,10/08/2025,35,0.45806976346921663
1112,10/08/2025,35,0.45806976346921663
8314,10/08/2025,35,0.45806976346921663
4222,10/08/2025,35,0.45806976346921663
7978,10/08/2025,35,0.45806976346921663
5221,10/08/2025,35,0.45806976346921663
7760,10/08/2025,35,0.45806976346921663
3189,10/08/2025,35,0.45806976346921663
6217,10/08/2025,35,0.45806976346921663
784,10/08/2025,35,0.45806976346921663
8101,10/08/2025,35,0.45806976346921663
834,10/08/2025,35,0.45806976346921663
7360,10/08/2025,35,0.45806976346921663
5888,10/08/2025,35,0.45806976346921663
9054,10/08/2025,35,0.45806976346921663
8707,10/08/2025,35,0.45806976346921663
920,10/08/2025,35,0.45806976346921663
3633,10/08/2025,35,0.45806976346921663
3464,10/08/2025,35,0.45806976346921663
7905,10/08/2025,35,0.45806976346921663
731,10/08/2025,35,0.45806976346921663
6107,10/08/2025,35,0.45806976346921663
767,10/08/2025,35,0.45806976346921663
3640,10/08/2025,35,0.45806976346921663
199,10/08/2025,35,0.45806976346921663
1932,10/08/2025,35,0.45806976346921663
4411,10/08/2025,35,0.45806976346921663
4068,10/08/2025,35,0.45806976346921663
7209,10/08/2025,35,0.45806976346921663
1472,10/08/2025,35,0.45806976346921663
4033,10/08/2025,35,0.45806976346921663
6135,10/08/2025,35,0.45806976346921663
7447,10/08/2025,35,0.45806976346921663
1297,10/08/2025,35,0.45806976346921663
3327,10/08/2025,35,0.45806976346921663
9432,10/08/2025,35,0.45806976346921663
6569,10/08/2025,35,0.45806976346921663
6745,10/08/2025,35,0.45806976346921663
5850,10/08/2025,35,0.45806976346921663
7133,10/08/2025,35,0.45806976346921663
7221,10/08/2025,35,0.4580697634692166
8743,10/08/2025,35,0.4580697634692166
8483,10/08/2025,35,0.4580697634692166
4293,10/08/2025,35,0.4580697634692166
5453,10/08/2025,35,0.4580697634692166
671,10/08/2025,35,0.4580697634692166
7806,10/08/2025,35,0.4580697634692166
5779,10/08/2025,35,0.4580697634692166
373,10/08/2025,35,0.4580697634692166
7098,10/08/2025,35,0.4580697634692166
104,10/08/2025,35,0.4580697634692166
890,10/08/2025,35,0.4580697634692166
670,10/08/2025,35,0.4580697634692166
6273,10/08/2025,35,0.4580697634692166
3581,10/08/2025,35,0.4580697634692166
1998,10/08/2025,35,0.4580697634692166
1266,10/08/2025,35,0.4580697634692166
1364,10/08/2025,35,0.4580697634692166
2179,10/08/2025,35,0.4580697634692166
8566,10/08/2025,35,0.4580697634692166
2476,10/08/2025,35,0.4580697634692166
1750,10/08/2025,35,0.4580697634692166
1744,10/08/2025,35,0.4580697634692166
8258,10/08/2025,35,0.4580697634692166
619,10/08/2025,35,0.4580697634692166
2672,10/08/2025,35,0.4580697634692166
3355,10/08/2025,35,0.4580697634692166
815,10/08/2025,35,0.4580697634692166
3611,10/08/2025,35,0.4580697634692166
4123,10/08/2025,35,0.4580697634692166
3216,10/08/2025,35,0.4580697634692166
6591,10/08/2025,35,0.4580697634692166
226,10/08/2025,35,0.4580697634692166
2977,10/08/2025,35,0.4580697634692166
2905,10/08/2025,35,0.4580697634692166
6366,10/08/2025,35,0.4580697634692166
4219,10/08/2025,35,0.4580697634692166
26,10/08/2025,35,0.4580697634692166
4915,10/08/2025,35,0.4580697634692166
3122,10/08/2025,35,0.4580697634692166
792,10/08/2025,35,0.4580697634692166
5508,10/08/2025,35,0.4580697634692166
4713,10/08/2025,35,0.4580697634692166
176,10/08/2025,35,0.4580697634692166
4338,10/08/2025,35,0.4580697634692166
8191,10/08/2025,35,0.4580697634692166
6334,10/08/2025,35,0.4580697634692166
2185,10/08/2025,35,0.4580697634692166
2848,10/08/2025,35,0.4580697634692166
602,10/08/2025,35,0.4580697634692166
4255,10/08/2025,35,0.4580697634692166
6279,10/08/2025,35,0.4580697634692166
3314,10/08/2025,35,0.4580697634692166
3419,10/08/2025,35,0.4580697634692166
2685,10/08/2025,35,0.4580697634692166
4427,10/08/2025,35,0.4580697634692165
4058,10/08/2025,35,0.4580697634692165
8801,10/08/2025,35,0.4580697634692165
6111,20/07/2025,56,0.4552240334457543
8226,20/07/2025,56,0.45522403344575424
8856,20/07/2025,56,0.45522403344575424
1508,20/07/2025,56,0.45522403344575424
2210,20/07/2025,56,0.45522403344575424
4116,20/07/2025,56,0.45522403344575424
5001,20/07/2025,56,0.45522403344575424
7458,20/07/2025,56,0.45522403344575424
1403,20/07/2025,56,0.45522403344575424
9547,20/07/2025,56,0.45522403344575424
1525,20/07/2025,56,0.45522403344575424
5163,20/07/2025,56,0.45522403344575424
6901,20/07/2025,56,0.45522403344575424
5424,20/07/2025,56,0.45522403344575424
3519,20/07/2025,56,0.45522403344575424
6346,20/07/2025,56,0.45522403344575424
8564,20/07/2025,56,0.45522403344575424
5469,20/07/2025,56,0.45522403344575424
5544,20/07/2025,56,0.45522403344575424
6347,20/07/2025,56,0.45522403344575424
8835,20/07/2025,56,0.45522403344575424
3547,20/07/2025,56,0.45522403344575424
3541,20/07/2025,56,0.45522403344575424
1126,20/07/2025,56,0.45522403344575424
5638,20/07/2025,56,0.45522403344575424
8281,20/07/2025,56,0.45522403344575424
6523,20/07/2025,56,0.45522403344575424
9443,20/07/2025,56,0.45522403344575424
5042,20/07/2025,56,0.45522403344575424
1253,20/07/2025,56,0.45522403344575424
4962,20/07/2025,56,0.45522403344575424
3639,20/07/2025,56,0.45522403344575424
2565,20/07/2025,56,0.45522403344575424
2818,20/07/2025,56,0.45522403344575424
5696,20/07/2025,56,0.45522403344575424
1657,20/07/2025,56,0.45522403344575424
1310,20/07/2025,56,0.45522403344575424
3268,20/07/2025,56,0.45522403344575424
1108,20/07/2025,56,0.45522403344575424
9051,20/07/2025,56,0.45522403344575424
1359,20/07/2025,56,0.45522403344575424
451,20/07/2025,56,0.45522403344575424
4766,20/07/2025,56,0.4552240334457542
7986,20/07/2025,56,0.4552240334457542
9152,20/07/2025,56,0.4552240334457542
6924,20/07/2025,56,0.4552240334457542
648,20/07/2025,56,0.4552240334457542
4098,20/07/2025,56,0.4552240334457542
9093,20/07/2025,56,0.4552240334457542
3789,20/07/2025,56,0.4552240334457542
715,20/07/2025,56,0.4552240334457542
4176,20/07/2025,56,0.4552240334457542
661,20/07/2025,56,0.4552240334457542
8058,20/07/2025,56,0.4552240334457542
9333,20/07/2025,56,0.4552240334457541
5441,25/07/2025,51,0.4437026219058638
8941,25/07/2025,51,0.4437026219058638
5965,25/07/2025,51,0.4437026219058638
6975,25/07/2025,51,0.4437026219058638
6656,25/07/2025,51,0.4437026219058638
5612,25/07/2025,51,0.4437026219058638
8203,25/07/2025,51,0.4437026219058638
6338,25/07/2025,51,0.4437026219058638
1963,25/07/2025,51,0.4437026219058638
755,25/07/2025,51,0.4437026219058638
471,25/07/2025,51,0.4437026219058638
7591,25/07/2025,51,0.4437026219058638
7925,25/07/2025,51,0.4437026219058638
3054,25/07/2025,51,0.4437026219058638
4912,25/07/2025,51,0.4437026219058638
3313,25/07/2025,51,0.4437026219058638
569,25/07/2025,51,0.4437026219058638
3444,25/07/2025,51,0.4437026219058638
5495,25/07/2025,51,0.4437026219058638
133,25/07/2025,51,0.4437026219058638
6482,25/07/2025,51,0.4437026219058638
4213,25/07/2025,51,0.4437026219058638
3196,25/07/2025,51,0.4437026219058638
961,25/07/2025,51,0.4437026219058638
5014,25/07/2025,51,0.4437026219058638
1931,25/07/2025,51,0.4437026219058638
4980,25/07/2025,51,0.4437026219058638
8178,25/07/2025,51,0.44370262190586374
2965,25/07/2025,51,0.44370262190586374
3012,25/07/2025,51,0.44370262190586374
1275,25/07/2025,51,0.44370262190586374
1000,25/07/2025,51,0.44370262190586374
5438,25/07/2025,51,0.44370262190586374
4244,25/07/2025,51,0.44370262190586374
6503,25/07/2025,51,0.44370262190586374
349,25/07/2025,51,0.44370262190586374
6409,25/07/2025,51,0.44370262190586374
8085,25/07/2025,51,0.44370262190586374
8537,25/07/2025,51,0.44370262190586374
5234,25/07/2025,51,0.44370262190586374
7732,25/07/2025,51,0.44370262190586374
2933,25/07/2025,51,0.44370262190586374
4801,25/07/2025,51,0.44370262190586374
946,25/07/2025,51,0.44370262190586374
6735,25/07/2025,51,0.44370262190586374
862,25/07/2025,51,0.44370262190586374
9648,25/07/2025,51,0.44370262190586374
3605,25/07/2025,51,0.44370262190586374
3864,25/07/2025,51,0.44370262190586374
9878,25/07/2025,51,0.44370262190586374
5398,25/07/2025,51,0.44370262190586374
9526,25/07/2025,51,0.44370262190586374
4229,25/07/2025,51,0.44370262190586374
4647,25/07/2025,51,0.44370262190586374
9484,25/07/2025,51,0.44370262190586374
7218,25/07/2025,51,0.44370262190586374
9914,25/07/2025,51,0.44370262190586374
3768,25/07/2025,51,0.44370262190586374
3426,25/07/2025,51,0.44370262190586374
7141,25/07/2025,51,0.44370262190586374
4199,25/07/2025,51,0.44370262190586374
4744,25/07/2025,51,0.44370262190586374
191,25/07/2025,51,0.44370262190586374
7567,25/07/2025,51,0.44370262190586374
7974,25/07/2025,51,0.44370262190586374
2734,25/07/2025,51,0.4437026219058637
1995,12/07/2025,64,0.4411796271688382
4721,12/07/2025,64,0.4411796271688381
2062,12/07/2025,64,0.4411796271688381
4294,12/07/2025,64,0.4411796271688381
3320,12/07/2025,64,0.4411796271688381
6300,12/07/2025,64,0.4411796271688381
3680,12/07/2025,64,0.4411796271688381
8059,12/07/2025,64,0.4411796271688381
926,12/07/2025,64,0.4411796271688381
3195,12/07/2025,64,0.4411796271688381
6112,12/07/2025,64,0.4411796271688381
3165,12/07/2025,64,0.4411796271688381
4406,12/07/2025,64,0.4411796271688381
172,12/07/2025,64,0.4411796271688381
3364,12/07/2025,64,0.4411796271688381
1667,12/07/2025,64,0.4411796271688381
741,12/07/2025,64,0.4411796271688381
7406,12/07/2025,64,0.4411796271688381
1965,12/07/2025,64,0.4411796271688381
3769,12/07/2025,64,0.4411796271688381
268,12/07/2025,64,0.4411796271688381
7917,12/07/2025,64,0.441179627168838
4055,12/07/2025,64,0.441179627168838
8639,12/07/2025,64,0.441179627168838
7969,12/07/2025,64,0.441179627168838
7584,12/07/2025,64,0.441179627168838
4496,12/07/2025,64,0.441179627168838
7695,12/07/2025,64,0.441179627168838
2487,12/07/2025,64,0.441179627168838
5907,12/07/2025,64,0.441179627168838
8012,12/07/2025,64,0.441179627168838
1041,12/07/2025,64,0.441179627168838
9979,12/07/2025,64,0.441179627168838
1215,12/07/2025,64,0.441179627168838
2786,12/07/2025,64,0.441179627168838
3726,12/07/2025,64,0.441179627168838
7610,12/07/2025,64,0.441179627168838
9185,12/07/2025,64,0.441179627168838
6860,12/07/2025,64,0.441179627168838
2415,12/07/2025,64,0.441179627168838
8007,12/07/2025,64,0.441179627168838
4201,12/07/2025,64,0.441179627168838
2646,12/07/2025,64,0.441179627168838
7940,12/07/2025,64,0.441179627168838
9408,12/07/2025,64,0.441179627168838
5828,28/08/2025,17,0.43691484617976967
2443,28/08/2025,17,0.43691484617976967
4454,28/08/2025,17,0.43691484617976967
1442,28/08/2025,17,0.43691484617976967
7646,28/08/2025,17,0.43691484617976967
4562,28/08/2025,17,0.43691484617976967
9136,28/08/2025,17,0.43691484617976967
2227,28/08/2025,17,0.43691484617976967
2723,28/08/2025,17,0.43691484617976967
4296,28/08/2025,17,0.43691484617976967
9004,28/08/2025,17,0.4369148461797696
1312,28/08/2025,17,0.4369148461797696
8456,28/08/2025,17,0.4369148461797696
4225,28/08/2025,17,0.4369148461797696
1186,28/08/2025,17,0.4369148461797696
8046,28/08/2025,17,0.4369148461797696
171,28/08/2025,17,0.4369148461797696
8990,28/08/2025,17,0.4369148461797696
8200,28/08/2025,17,0.4369148461797696
8166,28/08/2025,17,0.4369148461797696
1737,28/08/2025,17,0.4369148461797696
2036,28/08/2025,17,0.4369148461797696
6241,28/08/2025,17,0.4369148461797696
4413,28/08/2025,17,0.4369148461797696
1361,28/08/2025,17,0.4369148461797696
1906,28/08/2025,17,0.4369148461797696
7778,28/08/2025,17,0.4369148461797696
2778,28/08/2025,17,0.4369148461797696
5614,28/08/2025,17,0.4369148461797696
464,28/08/2025,17,0.4369148461797696
1407,28/08/2025,17,0.4369148461797696
6154,28/08/2025,17,0.4369148461797696
5962,28/08/2025,17,0.4369148461797696
5365,28/08/2025,17,0.4369148461797696
5169,28/08/2025,17,0.4369148461797696
8202,28/08/2025,17,0.4369148461797696
8822,28/08/2025,17,0.4369148461797696
5933,28/08/2025,17,0.4369148461797696
3887,28/08/2025,17,0.4369148461797696
7410,28/08/2025,17,0.4369148461797696
7838,28/08/2025,17,0.4369148461797696
9725,28/08/2025,17,0.4369148461797696
7642,28/08/2025,17,0.4369148461797696
381,28/08/2025,17,0.4369148461797696
7093,28/08/2025,17,0.4369148461797696
6877,28/08/2025,17,0.4369148461797696
3537,28/08/2025,17,0.4369148461797696
8696,28/08/2025,17,0.4369148461797696
4439,28/08/2025,17,0.4369148461797696
1452,28/08/2025,17,0.4369148461797696
6581,28/08/2025,17,0.4369148461797696
2197,28/08/2025,17,0.4369148461797696
4985,28/08/2025,17,0.4369148461797696
4392,28/08/2025,17,0.4369148461797696
6546,28/08/2025,17,0.4369148461797696
8370,28/08/2025,17,0.4369148461797696
8000,28/08/2025,17,0.4369148461797696
9828,28/08/2025,17,0.4369148461797696
204,28/08/2025,17,0.4369148461797696
8300,28/08/2025,17,0.4369148461797696
212,28/08/2025,17,0.4369148461797696
5770,28/08/2025,17,0.4369148461797696
5598,28/08/2025,17,0.4369148461797696
9816,28/08/2025,17,0.4369148461797696
8463,28/08/2025,17,0.4369148461797696
2432,28/08/2025,17,0.4369148461797696
1944,28/08/2025,17,0.4369148461797696
219,28/08/2025,17,0.4369148461797696
7946,28/08/2025,17,0.4369148461797696
7149,28/08/2025,17,0.4369148461797696
1013,28/08/2025,17,0.4369148461797696
4195,28/08/2025,17,0.4369148461797696
9283,28/08/2025,17,0.4369148461797696
5417,28/08/2025,17,0.4369148461797696
3622,28/08/2025,17,0.4369148461797696
1836,28/08/2025,17,0.4369148461797696
4211,28/08/2025,17,0.4369148461797696
9536,28/08/2025,17,0.4369148461797696
1327,28/08/2025,17,0.4369148461797696
4523,28/08/2025,17,0.4369148461797696
5525,28/08/2025,17,0.4369148461797696
1763,28/08/2025,17,0.4369148461797696
4671,28/08/2025,17,0.4369148461797696
1397,28/08/2025,17,0.4369148461797696
1086,28/08/2025,17,0.4369148461797696
1324,28/08/2025,17,0.4369148461797696
2068,28/08/2025,17,0.4369148461797696
5917,28/08/2025,17,0.4369148461797696
8713,28/08/2025,17,0.4369148461797696
8376,28/08/2025,17,0.4369148461797696
4114,28/08/2025,17,0.4369148461797696
5406,28/08/2025,17,0.4369148461797696
8268,28/08/2025,17,0.4369148461797696
1724,28/08/2025,17,0.4369148461797696
3180,28/08/2025,17,0.4369148461797696
6937,28/08/2025,17,0.4369148461797696
4857,28/08/2025,17,0.4369148461797696
4807,28/08/2025,17,0.43691484617976956
4162,28/08/2025,17,0.43691484617976956
9704,28/08/2025,17,0.43691484617976956
1443,28/08/2025,17,0.43691484617976956
4555,28/08/2025,17,0.43691484617976956
6089,28/08/2025,17,0.43691484617976956
4126,28/08/2025,17,0.43691484617976956
6833,28/08/2025,17,0.43691484617976956
7319,28/08/2025,17,0.43691484617976956
7463,28/08/2025,17,0.43691484617976956
2972,28/08/2025,17,0.43691484617976956
8606,28/08/2025,17,0.43691484617976956
1475,28/08/2025,17,0.43691484617976956
1765,28/08/2025,17,0.43691484617976956
2413,28/08/2025,17,0.43691484617976956
5784,28/08/2025,17,0.43691484617976956
9084,28/08/2025,17,0.43691484617976956
6442,28/08/2025,17,0.43691484617976956
3603,28/08/2025,17,0.43691484617976956
9236,28/08/2025,17,0.43691484617976956
1899,28/08/2025,17,0.43691484617976956
624,28/08/2025,17,0.43691484617976956
1843,28/08/2025,17,0.43691484617976956
7202,28/08/2025,17,0.43691484617976956
9814,28/08/2025,17,0.43691484617976956
9682,28/08/2025,17,0.43691484617976956
8874,28/08/2025,17,0.43691484617976956
9776,28/08/2025,17,0.43691484617976956
8909,28/08/2025,17,0.43691484617976956
4309,28/08/2025,17,0.43691484617976956
8311,28/08/2025,17,0.43691484617976956
9415,28/08/2025,17,0.43691484617976956
4498,28/08/2025,17,0.43691484617976956
5896,28/08/2025,17,0.43691484617976956
1612,28/08/2025,17,0.43691484617976956
9474,28/08/2025,17,0.43691484617976956
2257,28/08/2025,17,0.43691484617976956
7244,28/08/2025,17,0.43691484617976956
2985,28/08/2025,17,0.43691484617976956
7200,28/08/2025,17,0.43691484617976956
418,28/08/2025,17,0.43691484617976956
2966,28/08/2025,17,0.43691484617976956
4445,28/08/2025,17,0.43691484617976956
1864,28/08/2025,17,0.43691484617976956
374,28/08/2025,17,0.43691484617976956
2260,28/08/2025,17,0.43691484617976956
4848,28/08/2025,17,0.43691484617976956
3109,28/08/2025,17,0.43691484617976956
8338,28/08/2025,17,0.43691484617976956
7131,28/08/2025,17,0.43691484617976956
4354,28/08/2025,17,0.43691484617976956
3361,28/08/2025,17,0.43691484617976956
1150,28/08/2025,17,0.43691484617976956
813,28/08/2025,17,0.43691484617976956
6743,28/08/2025,17,0.43691484617976956
4267,28/08/2025,17,0.43691484617976956
1137,28/08/2025,17,0.43691484617976956
1565,28/08/2025,17,0.43691484617976956
7785,28/08/2025,17,0.43691484617976956
3848,28/08/2025,17,0.43691484617976956
4381,28/08/2025,17,0.43691484617976956
9708,28/08/2025,17,0.43691484617976956
2458,28/08/2025,17,0.43691484617976956
1302,28/08/2025,17,0.43691484617976956
6084,28/08/2025,17,0.43691484617976956
4932,28/08/2025,17,0.43691484617976956
8053,28/08/2025,17,0.43691484617976956
1896,28/08/2025,17,0.43691484617976956
551,28/08/2025,17,0.43691484617976956
3210,28/08/2025,17,0.43691484617976956
3113,28/08/2025,17,0.43691484617976956
5947,28/08/2025,17,0.43691484617976956
9068,28/08/2025,17,0.43691484617976956
540,28/08/2025,17,0.43691484617976956
6083,28/08/2025,17,0.43691484617976956
6944,28/08/2025,17,0.43691484617976956
1903,28/08/2025,17,0.43691484617976956
558,28/08/2025,17,0.43691484617976956
4992,28/08/2025,17,0.43691484617976956
4981,28/08/2025,17,0.43691484617976956
5103,28/08/2025,17,0.43691484617976956
1311,28/08/2025,17,0.43691484617976956
8154,28/08/2025,17,0.43691484617976956
6229,28/08/2025,17,0.43691484617976956
2321,28/08/2025,17,0.43691484617976956
4892,28/08/2025,17,0.43691484617976956
4511,28/08/2025,17,0.43691484617976956
3395,28/08/2025,17,0.43691484617976956
6181,28/08/2025,17,0.43691484617976956
4010,28/08/2025,17,0.43691484617976956
8614,28/08/2025,17,0.43691484617976956
81,28/08/2025,17,0.43691484617976956
964,28/08/2025,17,0.43691484617976956
7344,28/08/2025,17,0.43691484617976956
1448,28/08/2025,17,0.43691484617976956
3645,28/08/2025,17,0.43691484617976956
6002,28/08/2025,17,0.43691484617976944
6599,28/08/2025,17,0.43691484617976944
2151,28/08/2025,17,0.43691484617976944
243,28/08/2025,17,0.43691484617976944
1942,28/08/2025,17,0.43691484617976944
8553,28/08/2025,17,0.43691484617976944
2296,28/08/2025,17,0.43691484617976944
3588,28/08/2025,17,0.43691484617976944
3937,28/08/2025,17,0.43691484617976944
2089,28/08/2025,17,0.43691484617976944
8165,28/08/2025,17,0.43691484617976944
390,28/08/2025,17,0.43691484617976944
8041,28/08/2025,17,0.43691484617976944
6127,28/08/2025,17,0.43691484617976944
7720,28/08/2025,17,0.43691484617976944
2240,28/08/2025,17,0.43691484617976944
6216,28/08/2025,17,0.43691484617976944
3560,28/08/2025,17,0.43691484617976944
828,28/08/2025,17,0.43691484617976944
4101,28/08/2025,17,0.43691484617976944
9002,28/08/2025,17,0.43691484617976944
8368,16/02/2025,210,0.43
1387,08/09/2025,6,0.4295927715080804
1950,08/09/2025,6,0.4295927715080804
6304,08/09/2025,6,0.4295927715080804
8670,08/09/2025,6,0.4295927715080804
9487,08/09/2025,6,0.4295927715080804
5472,08/09/2025,6,0.4295927715080804
6790,08/09/2025,6,0.4295927715080804
5368,08/09/2025,6,0.4295927715080804
1305,08/09/2025,6,0.4295927715080804
1972,08/09/2025,6,0.42959277150808034
3549,08/09/2025,6,0.42959277150808034
6609,08/09/2025,6,0.42959277150808034
3777,08/09/2025,6,0.42959277150808034
8937,08/09/2025,6,0.42959277150808034
43,08/09/2025,6,0.42959277150808034
5951,08/09/2025,6,0.42959277150808034
2811,08/09/2025,6,0.42959277150808034
8751,08/09/2025,6,0.42959277150808034
3006,08/09/2025,6,0.42959277150808034
2347,08/09/2025,6,0.42959277150808034
9910,08/09/2025,6,0.42959277150808034
4934,08/09/2025,6,0.42959277150808034
3155,08/09/2025,6,0.42959277150808034
7327,08/09/2025,6,0.42959277150808034
1962,08/09/2025,6,0.42959277150808034
1120,08/09/2025,6,0.42959277150808034
6093,08/09/2025,6,0.42959277150808034
4026,08/09/2025,6,0.42959277150808034
1701,08/09/2025,6,0.42959277150808034
2474,08/09/2025,6,0.42959277150808034
263,08/09/2025,6,0.42959277150808034
7736,08/09/2025,6,0.42959277150808034
8718,08/09/2025,6,0.42959277150808034
1400,08/09/2025,6,0.42959277150808034
5902,08/09/2025,6,0.42959277150808034
1061,08/09/2025,6,0.42959277150808034
4929,08/09/2025,6,0.42959277150808034
7111,08/09/2025,6,0.42959277150808034
3857,08/09/2025,6,0.42959277150808034
4485,08/09/2025,6,0.42959277150808034
2968,08/09/2025,6,0.42959277150808034
8884,08/09/2025,6,0.42959277150808034
6978,08/09/2025,6,0.42959277150808034
1904,08/09/2025,6,0.42959277150808034
7753,08/09/2025,6,0.42959277150808034
35,08/09/2025,6,0.42959277150808034
9710,08/09/2025,6,0.42959277150808034
7558,08/09/2025,6,0.42959277150808034
1051,08/09/2025,6,0.42959277150808034
8027,08/09/2025,6,0.42959277150808034
6738,08/09/2025,6,0.42959277150808034
7689,08/09/2025,6,0.42959277150808034
4742,08/09/2025,6,0.42959277150808034
2909,08/09/2025,6,0.42959277150808034
8451,08/09/2025,6,0.42959277150808034
3546,08/09/2025,6,0.42959277150808034
7334,08/09/2025,6,0.42959277150808034
5721,08/09/2025,6,0.42959277150808034
0,08/09/2025,6,0.42959277150808034
9614,08/09/2025,6,0.42959277150808034
2006,08/09/2025,6,0.42959277150808034
4775,08/09/2025,6,0.42959277150808034
1637,08/09/2025,6,0.42959277150808034
1457,08/09/2025,6,0.42959277150808034
2716,08/09/2025,6,0.42959277150808034
523,08/09/2025,6,0.42959277150808034
1360,08/09/2025,6,0.42959277150808034
1179,08/09/2025,6,0.42959277150808034
9732,08/09/2025,6,0.42959277150808034
1504,08/09/2025,6,0.42959277150808034
1064,08/09/2025,6,0.42959277150808034
8558,08/09/2025,6,0.42959277150808034
3993,08/09/2025,6,0.42959277150808034
905,08/09/2025,6,0.42959277150808034
7316,08/09/2025,6,0.42959277150808034
5029,08/09/2025,6,0.42959277150808034
3497,08/09/2025,6,0.42959277150808034
7950,08/09/2025,6,0.42959277150808034
1032,08/09/2025,6,0.42959277150808034
1281,08/09/2025,6,0.42959277150808034
8229,08/09/2025,6,0.42959277150808034
4669,08/09/2025,6,0.42959277150808034
306,08/09/2025,6,0.42959277150808034
1990,08/09/2025,6,0.42959277150808034
6420,08/09/2025,6,0.42959277150808034
305,08/09/2025,6,0.42959277150808034
18,08/09/2025,6,0.42959277150808034
5130,08/09/2025,6,0.42959277150808034
7184,08/09/2025,6,0.42959277150808034
9050,08/09/2025,6,0.42959277150808034
430,08/09/2025,6,0.42959277150808034
469,08/09/2025,6,0.42959277150808034
9142,08/09/2025,6,0.42959277150808034
3893,08/09/2025,6,0.42959277150808034
3798,08/09/2025,6,0.42959277150808034
4608,08/09/2025,6,0.42959277150808034
2354,08/09/2025,6,0.42959277150808034
4402,08/09/2025,6,0.42959277150808034
7903,08/09/2025,6,0.42959277150808034
5349,08/09/2025,6,0.42959277150808034
4111,08/09/2025,6,0.42959277150808034
9482,08/09/2025,6,0.42959277150808034
6109,08/09/2025,6,0.42959277150808034
7485,08/09/2025,6,0.42959277150808034
9021,08/09/2025,6,0.42959277150808034
7317,08/09/2025,6,0.42959277150808034
38,08/09/2025,6,0.42959277150808034
6402,08/09/2025,6,0.42959277150808034
2722,08/09/2025,6,0.42959277150808034
9006,08/09/2025,6,0.42959277150808034
1258,08/09/2025,6,0.42959277150808034
7082,08/09/2025,6,0.42959277150808034
3149,08/09/2025,6,0.42959277150808034
7975,08/09/2025,6,0.42959277150808034
9078,08/09/2025,6,0.42959277150808034
8744,08/09/2025,6,0.42959277150808034
161,08/09/2025,6,0.42959277150808034
4547,08/09/2025,6,0.42959277150808034
2058,08/09/2025,6,0.42959277150808034
8064,08/09/2025,6,0.42959277150808034
8329,08/09/2025,6,0.42959277150808034
2461,08/09/2025,6,0.42959277150808034
4542,08/09/2025,6,0.42959277150808034
1585,08/09/2025,6,0.42959277150808034
9923,08/09/2025,6,0.42959277150808034
6774,08/09/2025,6,0.42959277150808034
7575,08/09/2025,6,0.42959277150808034
1883,08/09/2025,6,0.42959277150808034
6925,08/09/2025,6,0.42959277150808034
2269,08/09/2025,6,0.42959277150808034
9335,08/09/2025,6,0.42959277150808034
4839,08/09/2025,6,0.42959277150808034
7203,08/09/2025,6,0.42959277150808034
3715,08/09/2025,6,0.42959277150808034
336,08/09/2025,6,0.42959277150808034
6233,08/09/2025,6,0.42959277150808034
9057,08/09/2025,6,0.42959277150808034
3786,08/09/2025,6,0.42959277150808034
111,08/09/2025,6,0.42959277150808034
2135,08/09/2025,6,0.42959277150808034
2929,08/09/2025,6,0.42959277150808034
4069,08/09/2025,6,0.42959277150808034
6171,08/09/2025,6,0.4295927715080803
5235,08/09/2025,6,0.4295927715080803
4665,08/09/2025,6,0.4295927715080803
3847,08/09/2025,6,0.4295927715080803
113,08/09/2025,6,0.4295927715080803
501,08/09/2025,6,0.4295927715080803
8540,08/09/2025,6,0.4295927715080803
5543,08/09/2025,6,0.4295927715080803
6854,08/09/2025,6,0.4295927715080803
573,08/09/2025,6,0.4295927715080803
1455,08/09/2025,6,0.4295927715080803
7560,08/09/2025,6,0.4295927715080803
659,08/09/2025,6,0.4295927715080803
4802,08/09/2025,6,0.4295927715080803
9780,08/09/2025,6,0.4295927715080803
6410,08/09/2025,6,0.4295927715080803
887,08/09/2025,6,0.4295927715080803
6811,08/09/2025,6,0.4295927715080803
9418,08/09/2025,6,0.4295927715080803
2008,08/09/2025,6,0.4295927715080803
5050,08/09/2025,6,0.4295927715080803
9320,08/09/2025,6,0.4295927715080803
7539,08/09/2025,6,0.4295927715080803
1197,08/09/2025,6,0.4295927715080803
1273,08/09/2025,6,0.4295927715080803
7816,08/09/2025,6,0.4295927715080803
983,08/09/2025,6,0.4295927715080803
8661,08/09/2025,6,0.4295927715080803
4177,08/09/2025,6,0.4295927715080803
5744,08/09/2025,6,0.4295927715080803
3018,08/09/2025,6,0.4295927715080803
6821,08/09/2025,6,0.4295927715080803
3351,08/09/2025,6,0.4295927715080803
7195,08/09/2025,6,0.4295927715080803
1177,08/09/2025,6,0.4295927715080803
8328,08/09/2025,6,0.4295927715080803
2061,08/09/2025,6,0.4295927715080803
8675,08/09/2025,6,0.4295927715080803
4030,08/09/2025,6,0.4295927715080803
8164,08/09/2025,6,0.4295927715080803
850,08/09/2025,6,0.4295927715080803
5323,08/09/2025,6,0.4295927715080803
6839,08/09/2025,6,0.4295927715080803
4918,08/09/2025,6,0.4295927715080803
2607,08/09/2025,6,0.4295927715080803
810,08/09/2025,6,0.4295927715080803
3146,08/09/2025,6,0.4295927715080803
9202,08/09/2025,6,0.4295927715080803
4838,08/09/2025,6,0.4295927715080803
9238,08/09/2025,6,0.4295927715080803
1048,08/09/2025,6,0.4295927715080803
2059,08/09/2025,6,0.4295927715080803
9303,08/09/2025,6,0.4295927715080803
322,08/09/2025,6,0.4295927715080803
2317,08/09/2025,6,0.4295927715080803
8121,08/09/2025,6,0.4295927715080803
5826,08/09/2025,6,0.4295927715080803
1264,08/09/2025,6,0.4295927715080803
8157,08/09/2025,6,0.4295927715080803
1318,08/09/2025,6,0.4295927715080803
7875,08/09/2025,6,0.4295927715080803
8387,08/09/2025,6,0.4295927715080803
5362,08/09/2025,6,0.4295927715080803
3944,08/09/2025,6,0.4295927715080803
542,08/09/2025,6,0.4295927715080803
1260,08/09/2025,6,0.4295927715080803
4274,08/09/2025,6,0.4295927715080803
6601,08/09/2025,6,0.4295927715080803
8674,08/09/2025,6,0.4295927715080803
6715,08/09/2025,6,0.4295927715080803
7298,08/09/2025,6,0.4295927715080803
8792,08/09/2025,6,0.4295927715080803
4236,08/09/2025,6,0.4295927715080803
5009,08/09/2025,6,0.4295927715080803
3160,08/09/2025,6,0.4295927715080803
6710,08/09/2025,6,0.4295927715080803
5185,08/09/2025,6,0.4295927715080803
1895,08/09/2025,6,0.4295927715080803
9296,08/09/2025,6,0.4295927715080803
4504,08/09/2025,6,0.4295927715080803
1393,08/09/2025,6,0.4295927715080803
9195,08/09/2025,6,0.4295927715080803
4756,08/09/2025,6,0.4295927715080803
5359,08/09/2025,6,0.4295927715080803
3559,08/09/2025,6,0.4295927715080803
9169,08/09/2025,6,0.4295927715080803
5268,08/09/2025,6,0.4295927715080803
8993,08/09/2025,6,0.4295927715080803
4208,08/09/2025,6,0.4295927715080803
4330,08/09/2025,6,0.4295927715080803
6775,08/09/2025,6,0.4295927715080803
4616,08/09/2025,6,0.4295927715080803
3616,08/09/2025,6,0.4295927715080803
185,08/09/2025,6,0.4295927715080803
2940,08/09/2025,6,0.4295927715080803
859,08/09/2025,6,0.4295927715080803
2918,08/09/2025,6,0.4295927715080803
8693,08/09/2025,6,0.4295927715080803
803,08/09/2025,6,0.4295927715080803
5411,08/09/2025,6,0.4295927715080803
3269,08/09/2025,6,0.4295927715080803
5637,08/09/2025,6,0.4295927715080803
8307,08/09/2025,6,0.4295927715080803
9774,08/09/2025,6,0.4295927715080803
9373,08/09/2025,6,0.4295927715080803
1659,08/09/2025,6,0.4295927715080803
3812,08/09/2025,6,0.4295927715080803
1071,08/09/2025,6,0.4295927715080803
10,08/09/2025,6,0.4295927715080803
6357,08/09/2025,6,0.4295927715080803
8293,08/09/2025,6,0.4295927715080803
675,08/09/2025,6,0.4295927715080803
2452,08/09/2025,6,0.4295927715080803
4356,08/09/2025,6,0.4295927715080803
8415,08/09/2025,6,0.4295927715080803
4978,08/09/2025,6,0.4295927715080803
1564,08/09/2025,6,0.4295927715080803
6068,08/09/2025,6,0.4295927715080803
9931,08/09/2025,6,0.4295927715080803
9990,08/09/2025,6,0.4295927715080803
1430,08/09/2025,6,0.4295927715080803
640,08/09/2025,6,0.4295927715080803
247,08/09/2025,6,0.4295927715080803
9559,08/09/2025,6,0.4295927715080803
6015,08/09/2025,6,0.4295927715080803
2449,08/09/2025,6,0.4295927715080803
6977,08/09/2025,6,0.4295927715080803
5904,08/09/2025,6,0.4295927715080803
4149,08/09/2025,6,0.4295927715080803
9340,08/09/2025,6,0.4295927715080803
7050,08/09/2025,6,0.4295927715080803
9727,08/09/2025,6,0.4295927715080803
2213,08/09/2025,6,0.4295927715080803
1114,08/09/2025,6,0.4295927715080803
4438,08/09/2025,6,0.4295927715080803
2804,08/09/2025,6,0.4295927715080803
2532,08/09/2025,6,0.4295927715080803
8424,08/09/2025,6,0.4295927715080803
1217,08/09/2025,6,0.4295927715080803
5342,08/09/2025,6,0.4295927715080803
6948,08/09/2025,6,0.4295927715080803
3265,08/09/2025,6,0.4295927715080803
7525,08/09/2025,6,0.4295927715080803
3551,08/09/2025,6,0.4295927715080803
2834,08/09/2025,6,0.4295927715080803
2770,08/09/2025,6,0.4295927715080803
7025,08/09/2025,6,0.42959277150808023
3073,08/09/2025,6,0.42959277150808023
5657,08/09/2025,6,0.42959277150808023
1687,08/09/2025,6,0.42959277150808023
706,08/09/2025,6,0.42959277150808023
2339,08/09/2025,6,0.42959277150808023
9158,08/09/2025,6,0.42959277150808023
9024,08/09/2025,6,0.42959277150808023
8949,08/09/2025,6,0.42959277150808023
7956,08/09/2025,6,0.42959277150808023
819,08/09/2025,6,0.42959277150808023
6480,08/09/2025,6,0.42959277150808023
2951,08/09/2025,6,0.42959277150808023
9891,08/09/2025,6,0.42959277150808023
1021,08/09/2025,6,0.42959277150808023
105,08/09/2025,6,0.42959277150808023
1034,08/09/2025,6,0.42959277150808023
1382,08/09/2025,6,0.42959277150808023
1528,08/09/2025,6,0.42959277150808023
7351,08/09/2025,6,0.42959277150808023
3244,08/09/2025,6,0.42959277150808023
7486,08/09/2025,6,0.42959277150808023
9983,08/09/2025,6,0.42959277150808023
5154,08/09/2025,6,0.42959277150808023
4662,08/09/2025,6,0.42959277150808023
5183,19/08/2025,26,0.4291082207150001
492,19/08/2025,26,0.4291082207150001
5909,19/08/2025,26,0.4291082207150001
2558,19/08/2025,26,0.4291082207150001
9737,19/08/2025,26,0.4291082207150001
7574,19/08/2025,26,0.429108220715
1165,19/08/2025,26,0.429108220715
9244,19/08/2025,26,0.429108220715
2715,19/08/2025,26,0.429108220715
5964,19/08/2025,26,0.429108220715
1921,19/08/2025,26,0.429108220715
780,19/08/2025,26,0.429108220715
3522,19/08/2025,26,0.429108220715
9267,19/08/2025,26,0.429108220715
8508,19/08/2025,26,0.429108220715
6906,19/08/2025,26,0.429108220715
870,19/08/2025,26,0.429108220715
8301,19/08/2025,26,0.429108220715
5087,19/08/2025,26,0.429108220715
6239,19/08/2025,26,0.429108220715
6167,19/08/2025,26,0.429108220715
5986,19/08/2025,26,0.429108220715
5501,19/08/2025,26,0.429108220715
8410,19/08/2025,26,0.429108220715
9440,19/08/2025,26,0.429108220715
4781,19/08/2025,26,0.429108220715
4982,19/08/2025,26,0.429108220715
9658,19/08/2025,26,0.429108220715
4164,19/08/2025,26,0.429108220715
324,19/08/2025,26,0.429108220715
4690,19/08/2025,26,0.429108220715
8913,19/08/2025,26,0.429108220715
9736,19/08/2025,26,0.429108220715
7174,19/08/2025,26,0.429108220715
8888,19/08/2025,26,0.429108220715
9456,19/08/2025,26,0.429108220715
5196,19/08/2025,26,0.429108220715
506,19/08/2025,26,0.429108220715
7576,19/08/2025,26,0.429108220715
9435,19/08/2025,26,0.429108220715
1244,19/08/2025,26,0.429108220715
8071,19/08/2025,26,0.429108220715
3747,19/08/2025,26,0.429108220715
6264,19/08/2025,26,0.429108220715
3806,19/08/2025,26,0.429108220715
6527,19/08/2025,26,0.429108220715
5592,19/08/2025,26,0.429108220715
5289,19/08/2025,26,0.429108220715
6451,19/08/2025,26,0.429108220715
82,19/08/2025,26,0.429108220715
7738,19/08/2025,26,0.429108220715
4488,19/08/2025,26,0.429108220715
6729,19/08/2025,26,0.429108220715
5545,19/08/2025,26,0.429108220715
9478,19/08/2025,26,0.429108220715
7383,19/08/2025,26,0.429108220715
3992,19/08/2025,26,0.429108220715
2752,19/08/2025,26,0.429108220715
6348,19/08/2025,26,0.429108220715
876,19/08/2025,26,0.429108220715
9348,19/08/2025,26,0.429108220715
9894,19/08/2025,26,0.429108220715
8562,19/08/2025,26,0.429108220715
4705,19/08/2025,26,0.429108220715
9638,19/08/2025,26,0.429108220715
2132,19/08/2025,26,0.429108220715
1029,19/08/2025,26,0.429108220715
2086,19/08/2025,26,0.429108220715
4809,19/08/2025,26,0.429108220715
7279,19/08/2025,26,0.429108220715
5152,19/08/2025,26,0.429108220715
4281,19/08/2025,26,0.429108220715
4365,19/08/2025,26,0.429108220715
663,19/08/2025,26,0.429108220715
4261,19/08/2025,26,0.429108220715
1481,19/08/2025,26,0.429108220715
7853,19/08/2025,26,0.429108220715
6159,19/08/2025,26,0.429108220715
6036,19/08/2025,26,0.429108220715
4967,19/08/2025,26,0.429108220715
1683,19/08/2025,26,0.429108220715
3123,19/08/2025,26,0.429108220715
3870,19/08/2025,26,0.429108220715
2743,19/08/2025,26,0.429108220715
6862,19/08/2025,26,0.429108220715
5589,19/08/2025,26,0.42910822071499993
7475,19/08/2025,26,0.42910822071499993
5957,19/08/2025,26,0.42910822071499993
1336,19/08/2025,26,0.42910822071499993
1908,19/08/2025,26,0.42910822071499993
6657,19/08/2025,26,0.42910822071499993
532,19/08/2025,26,0.42910822071499993
1676,19/08/2025,26,0.42910822071499993
777,19/08/2025,26,0.42910822071499993
7627,19/08/2025,26,0.42910822071499993
8377,19/08/2025,26,0.42910822071499993
2938,19/08/2025,26,0.42910822071499993
1651,19/08/2025,26,0.42910822071499993
864,19/08/2025,26,0.42910822071499993
8764,19/08/2025,26,0.42910822071499993
8461,19/08/2025,26,0.42910822071499993
6267,19/08/2025,26,0.42910822071499993
4463,19/08/2025,26,0.42910822071499993
7960,19/08/2025,26,0.42910822071499993
1677,19/08/2025,26,0.42910822071499993
2650,19/08/2025,26,0.42910822071499993
8539,19/08/2025,26,0.42910822071499993
7460,19/08/2025,26,0.42910822071499993
8740,19/08/2025,26,0.42910822071499993
8490,19/08/2025,26,0.42910822071499993
7166,19/08/2025,26,0.42910822071499993
2047,19/08/2025,26,0.42910822071499993
468,19/08/2025,26,0.42910822071499993
1111,19/08/2025,26,0.42910822071499993
3662,19/08/2025,26,0.42910822071499993
7448,19/08/2025,26,0.42910822071499993
7710,19/08/2025,26,0.42910822071499993
5395,19/08/2025,26,0.42910822071499993
8626,19/08/2025,26,0.42910822071499993
2874,19/08/2025,26,0.42910822071499993
5844,19/08/2025,26,0.42910822071499993
9274,19/08/2025,26,0.42910822071499993
2329,19/08/2025,26,0.42910822071499993
1238,19/08/2025,26,0.42910822071499993
1574,19/08/2025,26,0.42910822071499993
8185,19/08/2025,26,0.42910822071499993
8678,19/08/2025,26,0.42910822071499993
697,19/08/2025,26,0.42910822071499993
2235,19/08/2025,26,0.42910822071499993
1164,19/08/2025,26,0.42910822071499993
4142,19/08/2025,26,0.42910822071499993
7572,19/08/2025,26,0.42910822071499993
8926,19/08/2025,26,0.42910822071499993
2504,19/08/2025,26,0.42910822071499993
9833,19/08/2025,26,0.42910822071499993
588,19/08/2025,26,0.42910822071499993
8805,19/08/2025,26,0.42910822071499993
7796,19/08/2025,26,0.42910822071499993
9802,19/08/2025,26,0.42910822071499993
4767,19/08/2025,26,0.42910822071499993
1002,19/08/2025,26,0.42910822071499993
1295,19/08/2025,26,0.42910822071499993
6225,19/08/2025,26,0.42910822071499993
5881,19/08/2025,26,0.42910822071499993
4140,19/08/2025,26,0.42910822071499993
872,19/08/2025,26,0.42910822071499993
4897,23/08/2025,22,0.4184933170634951
2779,23/08/2025,22,0.4184933170634951
1752,23/08/2025,22,0.4184933170634951
9870,23/08/2025,22,0.4184933170634951
3145,23/08/2025,22,0.4184933170634951
6213,23/08/2025,22,0.4184933170634951
7473,23/08/2025,22,0.4184933170634951
2346,23/08/2025,22,0.4184933170634951
72,23/08/2025,22,0.4184933170634951
9351,23/08/2025,22,0.4184933170634951
1715,23/08/2025,22,0.4184933170634951
4072,23/08/2025,22,0.4184933170634951
1719,23/08/2025,22,0.4184933170634951
6967,23/08/2025,22,0.4184933170634951
4846,23/08/2025,22,0.4184933170634951
6685,23/08/2025,22,0.4184933170634951
5390,23/08/2025,22,0.4184933170634951
6383,23/08/2025,22,0.4184933170634951
6016,23/08/2025,22,0.4184933170634951
1600,23/08/2025,22,0.4184933170634951
6204,23/08/2025,22,0.418493317063495
1940,23/08/2025,22,0.418493317063495
9760,23/08/2025,22,0.418493317063495
73,23/08/2025,22,0.418493317063495
7446,23/08/2025,22,0.418493317063495
2525,23/08/2025,22,0.418493317063495
6411,23/08/2025,22,0.418493317063495
7884,23/08/2025,22,0.418493317063495
7651,23/08/2025,22,0.418493317063495
5071,23/08/2025,22,0.418493317063495
7899,23/08/2025,22,0.418493317063495
5882,23/08/2025,22,0.418493317063495
989,23/08/2025,22,0.418493317063495
1532,23/08/2025,22,0.418493317063495
4577,23/08/2025,22,0.418493317063495
2170,23/08/2025,22,0.418493317063495
7457,23/08/2025,22,0.418493317063495
6692,23/08/2025,22,0.418493317063495
782,23/08/2025,22,0.418493317063495
6394,23/08/2025,22,0.418493317063495
6370,23/08/2025,22,0.418493317063495
3179,23/08/2025,22,0.418493317063495
1834,23/08/2025,22,0.418493317063495
9380,23/08/2025,22,0.418493317063495
8013,23/08/2025,22,0.418493317063495
9912,23/08/2025,22,0.418493317063495
4277,23/08/2025,22,0.418493317063495
2473,23/08/2025,22,0.418493317063495
4743,23/08/2025,22,0.418493317063495
7336,23/08/2025,22,0.418493317063495
2551,23/08/2025,22,0.418493317063495
3009,23/08/2025,22,0.418493317063495
2295,23/08/2025,22,0.418493317063495
4104,23/08/2025,22,0.418493317063495
2807,23/08/2025,22,0.418493317063495
3910,23/08/2025,22,0.418493317063495
9697,23/08/2025,22,0.418493317063495
3701,23/08/2025,22,0.418493317063495
4499,23/08/2025,22,0.418493317063495
4708,23/08/2025,22,0.418493317063495
5464,23/08/2025,22,0.418493317063495
6040,23/08/2025,22,0.418493317063495
8774,23/08/2025,22,0.418493317063495
7577,23/08/2025,22,0.418493317063495
8830,23/08/2025,22,0.418493317063495
4122,23/08/2025,22,0.418493317063495
1439,23/08/2025,22,0.418493317063495
9103,23/08/2025,22,0.418493317063495
4008,23/08/2025,22,0.418493317063495
6788,23/08/2025,22,0.418493317063495
1456,23/08/2025,22,0.418493317063495
2737,23/08/2025,22,0.418493317063495
1772,23/08/2025,22,0.418493317063495
8432,23/08/2025,22,0.418493317063495
2891,23/08/2025,22,0.418493317063495
3173,23/08/2025,22,0.418493317063495
8486,23/08/2025,22,0.418493317063495
1062,23/08/2025,22,0.418493317063495
627,23/08/2025,22,0.418493317063495
1477,23/08/2025,22,0.418493317063495
5265,23/08/2025,22,0.418493317063495
1298,23/08/2025,22,0.418493317063495
897,23/08/2025,22,0.418493317063495
3506,23/08/2025,22,0.418493317063495
3907,23/08/2025,22,0.418493317063495
1964,23/08/2025,22,0.418493317063495
5037,23/08/2025,22,0.418493317063495
6313,23/08/2025,22,0.418493317063495
2880,23/08/2025,22,0.418493317063495
3396,23/08/2025,22,0.418493317063495
9756,23/08/2025,22,0.418493317063495
7965,23/08/2025,22,0.418493317063495
2742,23/08/2025,22,0.418493317063495
3164,23/08/2025,22,0.41849331706349496
8979,23/08/2025,22,0.41849331706349496
6119,23/08/2025,22,0.41849331706349496
7164,23/08/2025,22,0.41849331706349496
7135,23/08/2025,22,0.41849331706349496
9398,23/08/2025,22,0.41849331706349496
123,23/08/2025,22,0.41849331706349496
5228,23/08/2025,22,0.41849331706349496
2315,23/08/2025,22,0.41849331706349496
3071,23/08/2025,22,0.41849331706349496
9787,23/08/2025,22,0.41849331706349496
5206,23/08/2025,22,0.41849331706349496
2365,23/08/2025,22,0.41849331706349496
4831,23/08/2025,22,0.41849331706349496
126,23/08/2025,22,0.41849331706349496
2719,23/08/2025,22,0.41849331706349496
2051,23/08/2025,22,0.41849331706349496
3253,23/08/2025,22,0.41849331706349496
6208,23/08/2025,22,0.41849331706349496
5791,23/08/2025,22,0.41849331706349496
5098,23/08/2025,22,0.41849331706349496
4285,23/08/2025,22,0.41849331706349496
8895,23/08/2025,22,0.41849331706349496
8761,23/08/2025,22,0.41849331706349496
2420,23/08/2025,22,0.41849331706349496
9504,23/08/2025,22,0.41849331706349496
467,23/08/2025,22,0.41849331706349496
8413,23/08/2025,22,0.41849331706349496
4456,23/08/2025,22,0.41849331706349496
1875,23/08/2025,22,0.41849331706349496
8947,23/08/2025,22,0.41849331706349496
7010,23/08/2025,22,0.41849331706349496
3255,23/08/2025,22,0.41849331706349496
9410,23/08/2025,22,0.41849331706349496
7513,23/08/2025,22,0.41849331706349496
6558,23/08/2025,22,0.41849331706349496
2765,23/08/2025,22,0.41849331706349496
5758,23/08/2025,22,0.41849331706349496
8416,23/08/2025,22,0.41849331706349496
2586,23/08/2025,22,0.41849331706349496
1505,23/08/2025,22,0.41849331706349496
7254,23/08/2025,22,0.41849331706349496
7112,23/08/2025,22,0.41849331706349496
2534,23/08/2025,22,0.41849331706349496
9626,23/08/2025,22,0.41849331706349496
8627,23/08/2025,22,0.41849331706349496
8570,23/08/2025,22,0.41849331706349496
2152,23/08/2025,22,0.4184933170634949
5766,23/08/2025,22,0.4184933170634949
5639,23/08/2025,22,0.4184933170634949
159,23/08/2025,22,0.4184933170634949
7811,23/08/2025,22,0.4184933170634949
4954,23/08/2025,22,0.4184933170634949
4344,23/08/2025,22,0.4184933170634949
7696,23/08/2025,22,0.4184933170634949
9569,23/08/2025,22,0.4184933170634949
1762,23/08/2025,22,0.4184933170634949
6636,23/08/2025,22,0.4184933170634949
6674,23/08/2025,22,0.4184933170634949
8261,23/08/2025,22,0.4184933170634949
4575,23/08/2025,22,0.4184933170634949
334,23/08/2025,22,0.4184933170634949
2605,23/08/2025,22,0.4184933170634949
5023,23/08/2025,22,0.4184933170634949
4139,23/08/2025,22,0.4184933170634949
1154,23/08/2025,22,0.4184933170634949
8705,23/08/2025,22,0.4184933170634949
5494,23/08/2025,22,0.4184933170634949
5145,23/08/2025,22,0.4184933170634949
1471,23/08/2025,22,0.4184933170634949
8608,23/08/2025,22,0.4184933170634949
1410,23/08/2025,22,0.4184933170634949
6108,23/08/2025,22,0.4184933170634949
5959,23/08/2025,22,0.4184933170634949
2634,23/08/2025,22,0.4184933170634948
8294,05/07/2025,71,0.41735357616904095
8759,05/07/2025,71,0.4173535761690409
7330,05/07/2025,71,0.4173535761690409
5682,05/07/2025,71,0.4173535761690409
2799,05/07/2025,71,0.4173535761690409
9468,05/07/2025,71,0.4173535761690409
5317,05/07/2025,71,0.4173535761690409
264,05/07/2025,71,0.4173535761690409
1232,05/07/2025,71,0.4173535761690409
6846,05/07/2025,71,0.4173535761690409
6075,05/07/2025,71,0.41735357616904084
3107,05/07/2025,71,0.41735357616904084
4487,05/07/2025,71,0.41735357616904084
698,05/07/2025,71,0.41735357616904084
3679,05/07/2025,71,0.41735357616904084
7893,05/07/2025,71,0.41735357616904084
2680,05/07/2025,71,0.41735357616904084
7444,05/07/2025,71,0.41735357616904084
1227,05/07/2025,71,0.41735357616904084
4847,05/07/2025,71,0.41735357616904084
8251,05/07/2025,71,0.41735357616904084
2115,05/07/2025,71,0.41735357616904084
7789,05/07/2025,71,0.41735357616904084
3132,05/07/2025,71,0.41735357616904084
5579,05/07/2025,71,0.41735357616904084
6117,05/07/2025,71,0.41735357616904084
8916,05/07/2025,71,0.41735357616904084
7048,05/07/2025,71,0.41735357616904084
5552,05/07/2025,71,0.41735357616904073
1433,05/07/2025,71,0.41735357616904073
5413,26/08/2025,19,0.41559427776257435
7009,26/08/2025,19,0.41559427776257435
4239,26/08/2025,19,0.41559427776257435
1708,26/08/2025,19,0.41559427776257435
1478,26/08/2025,19,0.41559427776257435
2155,26/08/2025,19,0.41559427776257435
2204,26/08/2025,19,0.41559427776257435
7042,26/08/2025,19,0.41559427776257435
7643,26/08/2025,19,0.41559427776257435
269,26/08/2025,19,0.41559427776257435
6825,26/08/2025,19,0.41559427776257435
3093,26/08/2025,19,0.41559427776257435
9143,26/08/2025,19,0.41559427776257435
472,26/08/2025,19,0.41559427776257435
2726,26/08/2025,19,0.41559427776257435
7955,26/08/2025,19,0.41559427776257435
2207,26/08/2025,19,0.41559427776257435
3239,26/08/2025,19,0.41559427776257435
2593,26/08/2025,19,0.41559427776257435
5650,26/08/2025,19,0.41559427776257435
8853,26/08/2025,19,0.41559427776257435
2364,26/08/2025,19,0.41559427776257435
9190,26/08/2025,19,0.41559427776257435
3356,26/08/2025,19,0.41559427776257435
8629,26/08/2025,19,0.41559427776257435
1562,26/08/2025,19,0.41559427776257435
1590,26/08/2025,19,0.41559427776257435
5164,26/08/2025,19,0.41559427776257435
9420,26/08/2025,19,0.41559427776257435
2020,26/08/2025,19,0.41559427776257435
2035,26/08/2025,19,0.41559427776257435
9568,26/08/2025,19,0.41559427776257435
2783,26/08/2025,19,0.41559427776257435
8295,26/08/2025,19,0.41559427776257435
6211,26/08/2025,19,0.41559427776257435
1431,26/08/2025,19,0.41559427776257435
7706,26/08/2025,19,0.41559427776257435
3878,26/08/2025,19,0.41559427776257435
7443,26/08/2025,19,0.41559427776257435
9404,26/08/2025,19,0.41559427776257435
4561,26/08/2025,19,0.41559427776257435
1247,26/08/2025,19,0.41559427776257435
3153,26/08/2025,19,0.41559427776257435
2074,26/08/2025,19,0.41559427776257435
3290,26/08/2025,19,0.41559427776257435
7669,26/08/2025,19,0.41559427776257435
6078,26/08/2025,19,0.41559427776257435
9092,26/08/2025,19,0.41559427776257435
8945,26/08/2025,19,0.41559427776257435
1631,26/08/2025,19,0.41559427776257435
277,26/08/2025,19,0.41559427776257435
9586,26/08/2025,19,0.41559427776257435
1553,26/08/2025,19,0.4155942777625743
6426,26/08/2025,19,0.4155942777625743
7645,26/08/2025,19,0.4155942777625743
7310,26/08/2025,19,0.4155942777625743
5314,26/08/2025,19,0.4155942777625743
1416,26/08/2025,19,0.4155942777625743
4180,26/08/2025,19,0.4155942777625743
8813,26/08/2025,19,0.4155942777625743
7568,26/08/2025,19,0.4155942777625743
5482,26/08/2025,19,0.4155942777625743
3543,26/08/2025,19,0.4155942777625743
7247,26/08/2025,19,0.4155942777625743
5452,26/08/2025,19,0.4155942777625743
4415,26/08/2025,19,0.4155942777625743
7369,26/08/2025,19,0.4155942777625743
1881,26/08/2025,19,0.4155942777625743
8826,26/08/2025,19,0.4155942777625743
4997,26/08/2025,19,0.4155942777625743
6,26/08/2025,19,0.4155942777625743
5285,26/08/2025,19,0.4155942777625743
6910,26/08/2025,19,0.4155942777625743
8808,26/08/2025,19,0.4155942777625743
4112,26/08/2025,19,0.4155942777625743
8644,26/08/2025,19,0.4155942777625743
4683,26/08/2025,19,0.4155942777625743
7540,26/08/2025,19,0.4155942777625743
8708,26/08/2025,19,0.4155942777625743
1859,26/08/2025,19,0.4155942777625743
5832,26/08/2025,19,0.4155942777625743
3875,26/08/2025,19,0.4155942777625743
2106,26/08/2025,19,0.4155942777625743
8414,26/08/2025,19,0.4155942777625743
7474,26/08/2025,19,0.4155942777625743
7756,26/08/2025,19,0.4155942777625743
2226,26/08/2025,19,0.4155942777625743
9610,26/08/2025,19,0.4155942777625743
1726,26/08/2025,19,0.4155942777625743
2252,26/08/2025,19,0.4155942777625743
5960,26/08/2025,19,0.4155942777625743
8758,26/08/2025,19,0.4155942777625743
9419,26/08/2025,19,0.4155942777625743
3732,26/08/2025,19,0.4155942777625743
2431,26/08/2025,19,0.4155942777625743
5147,26/08/2025,19,0.4155942777625743
7144,26/08/2025,19,0.4155942777625743
561,26/08/2025,19,0.4155942777625743
6069,26/08/2025,19,0.4155942777625743
4567,26/08/2025,19,0.4155942777625743
6771,26/08/2025,19,0.4155942777625743
7674,26/08/2025,19,0.4155942777625743
1796,26/08/2025,19,0.4155942777625743
9451,26/08/2025,19,0.4155942777625743
9647,26/08/2025,19,0.4155942777625743
3305,26/08/2025,19,0.4155942777625743
8816,26/08/2025,19,0.4155942777625743
9075,26/08/2025,19,0.4155942777625743
695,26/08/2025,19,0.4155942777625743
3432,26/08/2025,19,0.4155942777625743
2879,26/08/2025,19,0.4155942777625743
3357,26/08/2025,19,0.4155942777625743
8423,26/08/2025,19,0.4155942777625743
4088,26/08/2025,19,0.4155942777625743
5101,26/08/2025,19,0.4155942777625743
7161,26/08/2025,19,0.4155942777625743
1103,26/08/2025,19,0.4155942777625743
720,26/08/2025,19,0.4155942777625743
9862,26/08/2025,19,0.4155942777625743
2373,26/08/2025,19,0.4155942777625743
3352,26/08/2025,19,0.4155942777625743
606,26/08/2025,19,0.4155942777625743
2021,26/08/2025,19,0.4155942777625743
8380,26/08/2025,19,0.4155942777625743
8549,26/08/2025,19,0.4155942777625743
3771,26/08/2025,19,0.4155942777625743
2637,26/08/2025,19,0.4155942777625743
8586,26/08/2025,19,0.4155942777625743
6072,26/08/2025,19,0.4155942777625743
5891,26/08/2025,19,0.4155942777625743
7136,26/08/2025,19,0.4155942777625743
804,26/08/2025,19,0.4155942777625743
8223,26/08/2025,19,0.4155942777625743
9596,26/08/2025,19,0.4155942777625743
1091,26/08/2025,19,0.4155942777625743
8402,26/08/2025,19,0.4155942777625743
5427,26/08/2025,19,0.4155942777625743
8855,26/08/2025,19,0.4155942777625743
4853,26/08/2025,19,0.4155942777625743
5470,26/08/2025,19,0.4155942777625743
8115,26/08/2025,19,0.4155942777625743
3177,26/08/2025,19,0.4155942777625743
4346,26/08/2025,19,0.4155942777625743
8010,26/08/2025,19,0.4155942777625743
598,26/08/2025,19,0.4155942777625743
7600,26/08/2025,19,0.4155942777625743
6671,26/08/2025,19,0.4155942777625743
4723,26/08/2025,19,0.4155942777625743
7402,26/08/2025,19,0.4155942777625743
676,26/08/2025,19,0.4155942777625743
5852,26/08/2025,19,0.4155942777625743
4307,26/08/2025,19,0.4155942777625743
6530,26/08/2025,19,0.4155942777625743
1937,26/08/2025,19,0.4155942777625743
4278,26/08/2025,19,0.4155942777625743
4168,26/08/2025,19,0.4155942777625743
2757,26/08/2025,19,0.4155942777625743
9628,26/08/2025,19,0.4155942777625743
4789,26/08/2025,19,0.4155942777625743
408,26/08/2025,19,0.4155942777625743
6194,26/08/2025,19,0.4155942777625743
3734,26/08/2025,19,0.4155942777625743
9770,26/08/2025,19,0.4155942777625743
6275,26/08/2025,19,0.4155942777625743
9073,26/08/2025,19,0.4155942777625743
3482,26/08/2025,19,0.4155942777625743
4623,26/08/2025,19,0.4155942777625743
5655,26/08/2025,19,0.4155942777625743
1447,26/08/2025,19,0.4155942777625743
4333,26/08/2025,19,0.4155942777625743
9515,26/08/2025,19,0.4155942777625743
3206,26/08/2025,19,0.4155942777625743
2784,26/08/2025,19,0.4155942777625743
3663,26/08/2025,19,0.4155942777625743
5557,26/08/2025,19,0.4155942777625743
8971,26/08/2025,19,0.4155942777625743
7812,26/08/2025,19,0.4155942777625743
7491,26/08/2025,19,0.4155942777625743
9327,26/08/2025,19,0.4155942777625743
54,26/08/2025,19,0.4155942777625743
233,26/08/2025,19,0.4155942777625743
1181,26/08/2025,19,0.4155942777625743
6787,26/08/2025,19,0.4155942777625743
2850,26/08/2025,19,0.4155942777625743
853,26/08/2025,19,0.4155942777625743
60,26/08/2025,19,0.41559427776257424
3981,26/08/2025,19,0.41559427776257424
6459,26/08/2025,19,0.41559427776257424
5024,26/08/2025,19,0.41559427776257424
5775,26/08/2025,19,0.41559427776257424
8297,26/08/2025,19,0.41559427776257424
8033,26/08/2025,19,0.41559427776257424
9184,26/08/2025,19,0.41559427776257424
4299,26/08/2025,19,0.41559427776257424
7002,26/08/2025,19,0.41559427776257424
2243,26/08/2025,19,0.41559427776257424
33,26/08/2025,19,0.41559427776257424
3550,05/08/2025,40,0.40339273993324937
8343,05/08/2025,40,0.40339273993324937
2942,05/08/2025,40,0.40339273993324937
6504,05/08/2025,40,0.40339273993324937
4210,05/08/2025,40,0.4033927399332493
7911,05/08/2025,40,0.4033927399332493
2609,05/08/2025,40,0.4033927399332493
4672,05/08/2025,40,0.4033927399332493
5511,05/08/2025,40,0.4033927399332493
1235,05/08/2025,40,0.4033927399332493
4436,05/08/2025,40,0.4033927399332493
4989,05/08/2025,40,0.4033927399332493
5572,05/08/2025,40,0.4033927399332493
8393,05/08/2025,40,0.4033927399332493
5790,05/08/2025,40,0.4033927399332493
7005,05/08/2025,40,0.4033927399332493
4677,05/08/2025,40,0.4033927399332493
7367,05/08/2025,40,0.4033927399332493
814,05/08/2025,40,0.4033927399332493
382,05/08/2025,40,0.4033927399332493
1419,05/08/2025,40,0.4033927399332493
1661,05/08/2025,40,0.4033927399332493
1714,05/08/2025,40,0.4033927399332493
1916,05/08/2025,40,0.4033927399332493
7625,05/08/2025,40,0.4033927399332493
2971,05/08/2025,40,0.4033927399332493
8555,05/08/2025,40,0.4033927399332493
3343,05/08/2025,40,0.4033927399332493
5667,05/08/2025,40,0.4033927399332493
5542,05/08/2025,40,0.4033927399332493
5344,05/08/2025,40,0.4033927399332493
7119,05/08/2025,40,0.4033927399332493
5978,05/08/2025,40,0.4033927399332493
4054,05/08/2025,40,0.4033927399332493
8965,05/08/2025,40,0.4033927399332493
3736,05/08/2025,40,0.40339273993324926
6968,05/08/2025,40,0.40339273993324926
7595,05/08/2025,40,0.40339273993324926
7304,05/08/2025,40,0.40339273993324926
4191,05/08/2025,40,0.40339273993324926
2011,05/08/2025,40,0.40339273993324926
5222,05/08/2025,40,0.40339273993324926
8828,05/08/2025,40,0.40339273993324926
93,05/08/2025,40,0.40339273993324926
1376,05/08/2025,40,0.40339273993324926
1167,05/08/2025,40,0.40339273993324926
395,05/08/2025,40,0.40339273993324926
5237,05/08/2025,40,0.40339273993324926
4246,05/08/2025,40,0.40339273993324926
8312,05/08/2025,40,0.40339273993324926
9040,05/08/2025,40,0.40339273993324926
1889,05/08/2025,40,0.40339273993324926
940,05/08/2025,40,0.40339273993324926
8246,05/08/2025,40,0.40339273993324926
7465,05/08/2025,40,0.40339273993324926
4601,05/08/2025,40,0.40339273993324926
8283,05/08/2025,40,0.40339273993324926
1198,05/08/2025,40,0.40339273993324926
8168,05/08/2025,40,0.40339273993324926
8207,05/08/2025,40,0.40339273993324926
4471,05/08/2025,40,0.40339273993324926
5578,05/08/2025,40,0.40339273993324926
6323,05/08/2025,40,0.40339273993324926
5593,05/08/2025,40,0.40339273993324926
1317,05/08/2025,40,0.40339273993324926
4670,05/08/2025,40,0.40339273993324926
5532,05/08/2025,40,0.40339273993324926
6333,05/08/2025,40,0.40339273993324926
2568,05/08/2025,40,0.40339273993324926
4130,05/08/2025,40,0.40339273993324926
3350,05/08/2025,40,0.40339273993324926
2983,05/08/2025,40,0.40339273993324926
2481,05/08/2025,40,0.40339273993324926
8289,05/08/2025,40,0.40339273993324926
198,05/08/2025,40,0.40339273993324926
1207,05/08/2025,40,0.40339273993324926
726,05/08/2025,40,0.40339273993324926
7296,05/08/2025,40,0.40339273993324926
8844,05/08/2025,40,0.40339273993324926
2307,05/08/2025,40,0.40339273993324926
4933,05/08/2025,40,0.40339273993324914
2330,05/08/2025,40,0.40339273993324914
915,05/08/2025,40,0.40339273993324914
1287,05/08/2025,40,0.40339273993324914
2820,05/08/2025,40,0.40339273993324914
948,05/08/2025,40,0.40339273993324914
6768,05/08/2025,40,0.40339273993324914
646,05/08/2025,40,0.40339273993324914
9800,05/08/2025,40,0.40339273993324914
2516,05/08/2025,40,0.40339273993324914
5940,05/08/2025,40,0.40339273993324914
8298,13/07/2025,63,0.4014411968294126
2630,13/07/2025,63,0.4014411968294126
3750,13/07/2025,63,0.4014411968294126
4349,13/07/2025,63,0.4014411968294126
8390,13/07/2025,63,0.4014411968294126
3876,13/07/2025,63,0.4014411968294126
3664,13/07/2025,63,0.4014411968294126
5990,13/07/2025,63,0.4014411968294126
9531,13/07/2025,63,0.4014411968294126
2796,13/07/2025,63,0.40144119682941254
3882,13/07/2025,63,0.40144119682941254
8814,13/07/2025,63,0.40144119682941254
9593,13/07/2025,63,0.40144119682941254
962,13/07/2025,63,0.40144119682941254
432,13/07/2025,63,0.40144119682941254
7966,13/07/2025,63,0.40144119682941254
798,13/07/2025,63,0.40144119682941254
8624,13/07/2025,63,0.40144119682941254
854,13/07/2025,63,0.40144119682941254
1325,13/07/2025,63,0.40144119682941254
2435,13/07/2025,63,0.40144119682941254
409,13/07/2025,63,0.40144119682941254
4347,13/07/2025,63,0.40144119682941254
3583,13/07/2025,63,0.40144119682941254
3348,13/07/2025,63,0.40144119682941254
5435,13/07/2025,63,0.40144119682941254
6780,13/07/2025,63,0.40144119682941254
4232,13/07/2025,63,0.40144119682941254
9977,13/07/2025,63,0.40144119682941254
2950,13/07/2025,63,0.40144119682941254
3380,13/07/2025,63,0.40144119682941254
3336,13/07/2025,63,0.40144119682941254
7391,13/07/2025,63,0.40144119682941254
7922,13/07/2025,63,0.40144119682941243
7927,13/07/2025,63,0.40144119682941243
4902,13/07/2025,63,0.40144119682941243
2787,13/07/2025,63,0.40144119682941243
3163,13/07/2025,63,0.40144119682941243
321,13/07/2025,63,0.40144119682941243
8843,13/07/2025,63,0.40144119682941243
6912,13/07/2025,63,0.40144119682941243
192,13/07/2025,63,0.40144119682941243
7666,13/07/2025,63,0.40144119682941243
509,13/07/2025,63,0.40144119682941243
5727,13/07/2025,63,0.40144119682941243
345,03/03/2025,195,0.4
3055,11/04/2025,156,0.395
3783,11/04/2025,156,0.395
2274,19/07/2025,57,0.3937214835701329
5375,19/07/2025,57,0.3937214835701329
7178,19/07/2025,57,0.3937214835701329
4895,19/07/2025,57,0.3937214835701329
6818,19/07/2025,57,0.3937214835701329
1561,19/07/2025,57,0.3937214835701329
7335,19/07/2025,57,0.3937214835701329
30,19/07/2025,57,0.3937214835701329
1050,19/07/2025,57,0.3937214835701329
9966,19/07/2025,57,0.3937214835701329
5716,19/07/2025,57,0.3937214835701329
7993,19/07/2025,57,0.3937214835701329
911,19/07/2025,57,0.3937214835701329
2427,19/07/2025,57,0.39372148357013287
7172,19/07/2025,57,0.39372148357013287
5239,19/07/2025,57,0.39372148357013287
433,19/07/2025,57,0.39372148357013287
642,19/07/2025,57,0.39372148357013287
8192,19/07/2025,57,0.39372148357013287
5489,19/07/2025,57,0.39372148357013287
2183,19/07/2025,57,0.39372148357013287
660,19/07/2025,57,0.39372148357013287
6769,19/07/2025,57,0.39372148357013287
6592,19/07/2025,57,0.39372148357013287
1200,19/07/2025,57,0.39372148357013287
7935,19/07/2025,57,0.39372148357013287
9379,19/07/2025,57,0.39372148357013287
9806,19/07/2025,57,0.39372148357013287
9337,19/07/2025,57,0.39372148357013287
1143,19/07/2025,57,0.39372148357013287
9745,19/07/2025,57,0.39372148357013287
6919,19/07/2025,57,0.39372148357013287
3678,19/07/2025,57,0.39372148357013287
4207,19/07/2025,57,0.39372148357013287
9162,19/07/2025,57,0.39372148357013287
3446,19/07/2025,57,0.39372148357013287
3049,19/07/2025,57,0.39372148357013287
5397,19/07/2025,57,0.39372148357013287
1427,19/07/2025,57,0.39372148357013287
656,19/07/2025,57,0.39372148357013287
403,19/07/2025,57,0.39372148357013287
6291,19/07/2025,57,0.3937214835701328
3977,19/07/2025,57,0.3937214835701328
8172,14/08/2025,31,0.3906740119940168
5976,14/08/2025,31,0.3906740119940168
3841,14/08/2025,31,0.39067401199401675
8680,14/08/2025,31,0.39067401199401675
4291,14/08/2025,31,0.39067401199401675
5006,14/08/2025,31,0.39067401199401675
3580,14/08/2025,31,0.39067401199401675
5786,14/08/2025,31,0.39067401199401675
519,14/08/2025,31,0.39067401199401675
7800,14/08/2025,31,0.39067401199401675
346,14/08/2025,31,0.39067401199401675
9459,14/08/2025,31,0.39067401199401675
7608,14/08/2025,31,0.39067401199401675
8957,14/08/2025,31,0.39067401199401675
5137,14/08/2025,31,0.39067401199401675
750,14/08/2025,31,0.39067401199401675
2162,14/08/2025,31,0.39067401199401675
2384,14/08/2025,31,0.39067401199401675
5822,14/08/2025,31,0.39067401199401675
2497,14/08/2025,31,0.39067401199401675
7270,14/08/2025,31,0.39067401199401675
6805,14/08/2025,31,0.39067401199401675
2788,14/08/2025,31,0.39067401199401675
5049,14/08/2025,31,0.39067401199401675
6945,14/08/2025,31,0.39067401199401675
6625,14/08/2025,31,0.39067401199401675
8969,14/08/2025,31,0.39067401199401675
251,14/08/2025,31,0.39067401199401675
6857,14/08/2025,31,0.39067401199401675
5255,14/08/2025,31,0.39067401199401675
3844,14/08/2025,31,0.39067401199401675
2509,14/08/2025,31,0.39067401199401675
2349,14/08/2025,31,0.39067401199401675
7199,14/08/2025,31,0.39067401199401675
522,14/08/2025,31,0.39067401199401675
705,14/08/2025,31,0.39067401199401675
7290,14/08/2025,31,0.39067401199401675
3675,14/08/2025,31,0.39067401199401675
1012,14/08/2025,31,0.39067401199401675
7227,14/08/2025,31,0.39067401199401675
3400,14/08/2025,31,0.39067401199401675
575,14/08/2025,31,0.39067401199401675
7220,14/08/2025,31,0.39067401199401675
7352,14/08/2025,31,0.39067401199401675
7980,14/08/2025,31,0.39067401199401675
7088,14/08/2025,31,0.39067401199401675
9332,14/08/2025,31,0.39067401199401675
2320,14/08/2025,31,0.39067401199401675
214,14/08/2025,31,0.39067401199401675
4626,14/08/2025,31,0.39067401199401675
7547,14/08/2025,31,0.39067401199401675
7754,14/08/2025,31,0.39067401199401675
4473,14/08/2025,31,0.39067401199401675
7653,14/08/2025,31,0.39067401199401675
6155,14/08/2025,31,0.39067401199401675
8093,14/08/2025,31,0.39067401199401675
7300,14/08/2025,31,0.39067401199401663
8411,14/08/2025,31,0.39067401199401663
839,14/08/2025,31,0.39067401199401663
2535,14/08/2025,31,0.39067401199401663
2072,14/08/2025,31,0.39067401199401663
2236,14/08/2025,31,0.39067401199401663
3557,14/08/2025,31,0.39067401199401663
5113,14/08/2025,31,0.39067401199401663
738,14/08/2025,31,0.39067401199401663
103,14/08/2025,31,0.39067401199401663
3222,14/08/2025,31,0.39067401199401663
181,14/08/2025,31,0.39067401199401663
4284,14/08/2025,31,0.39067401199401663
4283,14/08/2025,31,0.39067401199401663
3486,14/08/2025,31,0.39067401199401663
8170,14/08/2025,31,0.39067401199401663
5429,14/08/2025,31,0.39067401199401663
4292,14/08/2025,31,0.39067401199401663
6540,14/08/2025,31,0.39067401199401663
650,14/08/2025,31,0.39067401199401663
7215,14/08/2025,31,0.39067401199401663
6736,14/08/2025,31,0.39067401199401663
7863,14/08/2025,31,0.39067401199401663
3490,14/08/2025,31,0.39067401199401663
4619,14/08/2025,31,0.39067401199401663
1580,14/08/2025,31,0.39067401199401663
9590,14/08/2025,31,0.39067401199401663
2004,14/08/2025,31,0.39067401199401663
5688,14/08/2025,31,0.39067401199401663
6598,14/08/2025,31,0.39067401199401663
721,14/08/2025,31,0.39067401199401663
980,14/08/2025,31,0.39067401199401663
4599,14/08/2025,31,0.39067401199401663
8137,14/08/2025,31,0.39067401199401663
7363,14/08/2025,31,0.39067401199401663
1876,14/08/2025,31,0.39067401199401663
4425,14/08/2025,31,0.39067401199401663
8304,14/08/2025,31,0.39067401199401663
2333,14/08/2025,31,0.39067401199401663
5565,14/08/2025,31,0.39067401199401663
1436,14/08/2025,31,0.39067401199401663
486,14/08/2025,31,0.39067401199401663
4689,14/08/2025,31,0.39067401199401663
2758,14/08/2025,31,0.39067401199401663
7492,14/08/2025,31,0.39067401199401663
3634,14/08/2025,31,0.39067401199401663
2712,14/08/2025,31,0.39067401199401663
9038,14/08/2025,31,0.39067401199401663
4752,14/08/2025,31,0.39067401199401663
858,14/08/2025,31,0.39067401199401663
8640,14/08/2025,31,0.39067401199401663
6773,14/08/2025,31,0.39067401199401663
5734,14/08/2025,31,0.39067401199401663
450,14/08/2025,31,0.39067401199401663
6873,14/08/2025,31,0.39067401199401663
5528,14/08/2025,31,0.39067401199401663
8464,14/08/2025,31,0.39067401199401663
2628,14/08/2025,31,0.39067401199401663
8325,14/08/2025,31,0.39067401199401663
139,14/08/2025,31,0.39067401199401663
9537,14/08/2025,31,0.39067401199401663
8334,14/08/2025,31,0.39067401199401663
2944,14/08/2025,31,0.39067401199401663
6027,14/08/2025,31,0.39067401199401663
1080,14/08/2025,31,0.39067401199401663
266,14/08/2025,31,0.39067401199401663
8272,14/08/2025,31,0.39067401199401663
498,14/08/2025,31,0.39067401199401663
5325,14/08/2025,31,0.39067401199401663
3709,14/08/2025,31,0.39067401199401663
1733,14/08/2025,31,0.39067401199401663
9173,14/08/2025,31,0.39067401199401663
5288,14/08/2025,31,0.39067401199401663
5787,14/08/2025,31,0.3906740119940166
4133,14/08/2025,31,0.3906740119940166
1707,14/08/2025,31,0.3906740119940166
1213,14/08/2025,31,0.3906740119940166
9294,14/08/2025,31,0.3906740119940166
7058,14/08/2025,31,0.3906740119940166
3983,14/08/2025,31,0.3906740119940166
4384,14/08/2025,31,0.3906740119940166
2727,14/08/2025,31,0.3906740119940166
6139,14/08/2025,31,0.3906740119940166
9660,14/08/2025,31,0.3906740119940166
1648,16/08/2025,29,0.38153288624013115
7022,16/08/2025,29,0.38153288624013115
4310,16/08/2025,29,0.38153288624013115
1140,16/08/2025,29,0.38153288624013115
5096,16/08/2025,29,0.38153288624013115
3224,16/08/2025,29,0.38153288624013115
4651,16/08/2025,29,0.38153288624013115
4823,16/08/2025,29,0.38153288624013115
9424,16/08/2025,29,0.38153288624013115
585,16/08/2025,29,0.38153288624013115
6914,16/08/2025,29,0.38153288624013115
8673,16/08/2025,29,0.38153288624013115
2259,16/08/2025,29,0.38153288624013115
7601,16/08/2025,29,0.3815328862401311
9234,16/08/2025,29,0.3815328862401311
5212,16/08/2025,29,0.3815328862401311
7323,16/08/2025,29,0.3815328862401311
3807,16/08/2025,29,0.3815328862401311
5771,16/08/2025,29,0.3815328862401311
3092,16/08/2025,29,0.3815328862401311
9834,16/08/2025,29,0.3815328862401311
7795,16/08/2025,29,0.3815328862401311
6733,16/08/2025,29,0.3815328862401311
6310,16/08/2025,29,0.3815328862401311
4995,16/08/2025,29,0.3815328862401311
7103,16/08/2025,29,0.3815328862401311
4947,16/08/2025,29,0.3815328862401311
2,16/08/2025,29,0.3815328862401311
1018,16/08/2025,29,0.3815328862401311
756,16/08/2025,29,0.3815328862401311
6382,16/08/2025,29,0.3815328862401311
3755,16/08/2025,29,0.3815328862401311
9604,16/08/2025,29,0.3815328862401311
2334,16/08/2025,29,0.3815328862401311
7775,16/08/2025,29,0.3815328862401311
4655,16/08/2025,29,0.3815328862401311
5836,16/08/2025,29,0.3815328862401311
291,16/08/2025,29,0.3815328862401311
8893,16/08/2025,29,0.3815328862401311
3860,16/08/2025,29,0.3815328862401311
8597,16/08/2025,29,0.3815328862401311
6879,16/08/2025,29,0.3815328862401311
952,16/08/2025,29,0.3815328862401311
3285,16/08/2025,29,0.3815328862401311
1115,16/08/2025,29,0.3815328862401311
8560,16/08/2025,29,0.3815328862401311
5370,16/08/2025,29,0.3815328862401311
8846,16/08/2025,29,0.3815328862401311
9503,16/08/2025,29,0.3815328862401311
3337,16/08/2025,29,0.3815328862401311
1815,16/08/2025,29,0.3815328862401311
1434,16/08/2025,29,0.3815328862401311
9873,16/08/2025,29,0.3815328862401311
7468,16/08/2025,29,0.3815328862401311
3205,16/08/2025,29,0.3815328862401311
2129,16/08/2025,29,0.3815328862401311
3335,16/08/2025,29,0.3815328862401311
8448,16/08/2025,29,0.3815328862401311
8628,16/08/2025,29,0.3815328862401311
3066,16/08/2025,29,0.3815328862401311
9367,16/08/2025,29,0.3815328862401311
5420,16/08/2025,29,0.3815328862401311
9044,16/08/2025,29,0.3815328862401311
5529,16/08/2025,29,0.3815328862401311
8081,16/08/2025,29,0.3815328862401311
5647,16/08/2025,29,0.3815328862401311
7810,16/08/2025,29,0.3815328862401311
4658,16/08/2025,29,0.3815328862401311
8028,16/08/2025,29,0.3815328862401311
11,16/08/2025,29,0.3815328862401311
902,16/08/2025,29,0.3815328862401311
1394,16/08/2025,29,0.3815328862401311
4607,16/08/2025,29,0.3815328862401311
3489,16/08/2025,29,0.3815328862401311
5279,16/08/2025,29,0.3815328862401311
8025,16/08/2025,29,0.3815328862401311
5500,16/08/2025,29,0.3815328862401311
221,16/08/2025,29,0.3815328862401311
4758,16/08/2025,29,0.3815328862401311
6128,16/08/2025,29,0.3815328862401311
4364,16/08/2025,29,0.3815328862401311
4370,16/08/2025,29,0.3815328862401311
9762,16/08/2025,29,0.3815328862401311
7190,16/08/2025,29,0.3815328862401311
1094,16/08/2025,29,0.3815328862401311
6444,16/08/2025,29,0.3815328862401311
3965,16/08/2025,29,0.3815328862401311
6209,16/08/2025,29,0.3815328862401311
5487,16/08/2025,29,0.3815328862401311
7929,16/08/2025,29,0.3815328862401311
3906,16/08/2025,29,0.3815328862401311
4079,16/08/2025,29,0.3815328862401311
7724,16/08/2025,29,0.3815328862401311
2587,16/08/2025,29,0.3815328862401311
6433,16/08/2025,29,0.3815328862401311
8950,16/08/2025,29,0.381532886240131
9001,16/08/2025,29,0.381532886240131
6928,16/08/2025,29,0.381532886240131
844,16/08/2025,29,0.381532886240131
4014,16/08/2025,29,0.381532886240131
4448,16/08/2025,29,0.381532886240131
5683,16/08/2025,29,0.381532886240131
5367,16/08/2025,29,0.381532886240131
9905,16/08/2025,29,0.381532886240131
106,16/08/2025,29,0.381532886240131
6142,16/08/2025,29,0.381532886240131
7437,16/08/2025,29,0.381532886240131
1757,16/08/2025,29,0.381532886240131
2538,16/08/2025,29,0.381532886240131
1163,16/08/2025,29,0.381532886240131
9215,16/08/2025,29,0.381532886240131
7265,16/08/2025,29,0.381532886240131
5582,16/08/2025,29,0.381532886240131
7869,16/08/2025,29,0.381532886240131
5334,16/08/2025,29,0.381532886240131
1248,16/08/2025,29,0.381532886240131
8841,16/08/2025,29,0.381532886240131
9113,16/08/2025,29,0.381532886240131
6847,16/08/2025,29,0.381532886240131
9480,16/08/2025,29,0.381532886240131
2989,16/08/2025,29,0.381532886240131
8944,16/08/2025,29,0.381532886240131
6227,16/08/2025,29,0.381532886240131
1604,16/08/2025,29,0.381532886240131
666,16/08/2025,29,0.381532886240131
3822,16/08/2025,29,0.381532886240131
1170,16/08/2025,29,0.381532886240131
1540,16/08/2025,29,0.381532886240131
5664,16/08/2025,29,0.381532886240131
9187,07/09/2025,7,0.37686264716649687
5998,07/09/2025,7,0.37686264716649687
2353,07/09/2025,7,0.37686264716649687
5471,07/09/2025,7,0.37686264716649687
6705,07/09/2025,7,0.37686264716649687
4737,07/09/2025,7,0.37686264716649687
2981,07/09/2025,7,0.37686264716649687
405,07/09/2025,7,0.37686264716649687
1223,07/09/2025,7,0.37686264716649687
9253,07/09/2025,7,0.37686264716649687
8426,07/09/2025,7,0.37686264716649687
5393,07/09/2025,7,0.37686264716649687
1411,07/09/2025,7,0.37686264716649687
252,07/09/2025,7,0.37686264716649687
686,07/09/2025,7,0.37686264716649687
9423,07/09/2025,7,0.37686264716649687
5473,07/09/2025,7,0.37686264716649687
6156,07/09/2025,7,0.37686264716649687
6985,07/09/2025,7,0.37686264716649687
6565,07/09/2025,7,0.37686264716649687
3954,07/09/2025,7,0.37686264716649687
1016,07/09/2025,7,0.37686264716649687
4784,07/09/2025,7,0.37686264716649687
4430,07/09/2025,7,0.37686264716649687
9735,07/09/2025,7,0.37686264716649687
3238,07/09/2025,7,0.37686264716649687
8711,07/09/2025,7,0.37686264716649687
1141,07/09/2025,7,0.37686264716649687
1138,07/09/2025,7,0.37686264716649687
6573,07/09/2025,7,0.37686264716649687
3815,07/09/2025,7,0.37686264716649687
8372,07/09/2025,7,0.37686264716649687
1704,07/09/2025,7,0.37686264716649687
2861,07/09/2025,7,0.37686264716649687
9331,07/09/2025,7,0.37686264716649687
1162,07/09/2025,7,0.37686264716649687
8984,07/09/2025,7,0.37686264716649687
1845,07/09/2025,7,0.37686264716649687
2382,07/09/2025,7,0.37686264716649687
683,07/09/2025,7,0.37686264716649687
7385,07/09/2025,7,0.37686264716649687
6294,07/09/2025,7,0.37686264716649687
2745,07/09/2025,7,0.3768626471664968
7937,07/09/2025,7,0.3768626471664968
8271,07/09/2025,7,0.3768626471664968
1799,07/09/2025,7,0.3768626471664968
8900,07/09/2025,7,0.3768626471664968
2388,07/09/2025,7,0.3768626471664968
1966,07/09/2025,7,0.3768626471664968
8851,07/09/2025,7,0.3768626471664968
5124,07/09/2025,7,0.3768626471664968
7315,07/09/2025,7,0.3768626471664968
3770,07/09/2025,7,0.3768626471664968
8230,07/09/2025,7,0.3768626471664968
636,07/09/2025,7,0.3768626471664968
9775,07/09/2025,7,0.3768626471664968
5149,07/09/2025,7,0.3768626471664968
1888,07/09/2025,7,0.3768626471664968
3014,07/09/2025,7,0.3768626471664968
5392,07/09/2025,7,0.3768626471664968
4873,07/09/2025,7,0.3768626471664968
7488,07/09/2025,7,0.3768626471664968
2285,07/09/2025,7,0.3768626471664968
1583,07/09/2025,7,0.3768626471664968
7052,07/09/2025,7,0.3768626471664968
9553,07/09/2025,7,0.3768626471664968
4879,07/09/2025,7,0.3768626471664968
8547,07/09/2025,7,0.3768626471664968
7148,07/09/2025,7,0.3768626471664968
8847,07/09/2025,7,0.3768626471664968
4095,07/09/2025,7,0.3768626471664968
3911,07/09/2025,7,0.3768626471664968
2318,07/09/2025,7,0.3768626471664968
8896,07/09/2025,7,0.3768626471664968
1459,07/09/2025,7,0.3768626471664968
4799,07/09/2025,7,0.3768626471664968
7661,07/09/2025,7,0.3768626471664968
994,07/09/2025,7,0.3768626471664968
8353,07/09/2025,7,0.3768626471664968
8099,07/09/2025,7,0.3768626471664968
6819,07/09/2025,7,0.3768626471664968
2469,07/09/2025,7,0.3768626471664968
6491,07/09/2025,7,0.3768626471664968
3625,07/09/2025,7,0.3768626471664968
5660,07/09/2025,7,0.3768626471664968
6679,07/09/2025,7,0.3768626471664968
2748,07/09/2025,7,0.3768626471664968
446,07/09/2025,7,0.3768626471664968
5027,07/09/2025,7,0.3768626471664968
5403,07/09/2025,7,0.3768626471664968
5431,07/09/2025,7,0.3768626471664968
6792,07/09/2025,7,0.3768626471664968
9272,07/09/2025,7,0.3768626471664968
503,07/09/2025,7,0.3768626471664968
8955,07/09/2025,7,0.3768626471664968
3293,07/09/2025,7,0.3768626471664968
3867,07/09/2025,7,0.3768626471664968
9574,07/09/2025,7,0.3768626471664968
3889,07/09/2025,7,0.3768626471664968
6915,07/09/2025,7,0.3768626471664968
7062,07/09/2025,7,0.3768626471664968
8488,07/09/2025,7,0.3768626471664968
3970,07/09/2025,7,0.3768626471664968
1587,07/09/2025,7,0.3768626471664968
5306,07/09/2025,7,0.3768626471664968
6918,07/09/2025,7,0.3768626471664968
8217,07/09/2025,7,0.3768626471664968
2206,07/09/2025,7,0.3768626471664968
8352,07/09/2025,7,0.3768626471664968
7501,07/09/2025,7,0.3768626471664968
3744,07/09/2025,7,0.3768626471664968
4600,07/09/2025,7,0.3768626471664968
4435,07/09/2025,7,0.3768626471664968
1209,07/09/2025,7,0.3768626471664968
739,07/09/2025,7,0.3768626471664968
2892,07/09/2025,7,0.3768626471664968
6246,07/09/2025,7,0.3768626471664968
2557,07/09/2025,7,0.3768626471664968
929,07/09/2025,7,0.3768626471664968
865,07/09/2025,7,0.3768626471664968
5233,07/09/2025,7,0.3768626471664968
2171,07/09/2025,7,0.3768626471664968
7829,07/09/2025,7,0.3768626471664968
2228,07/09/2025,7,0.3768626471664968
4289,07/09/2025,7,0.3768626471664968
6802,07/09/2025,7,0.3768626471664968
461,07/09/2025,7,0.3768626471664968
9696,07/09/2025,7,0.3768626471664968
1885,07/09/2025,7,0.3768626471664968
5159,07/09/2025,7,0.3768626471664968
4584,07/09/2025,7,0.3768626471664968
2926,07/09/2025,7,0.3768626471664968
4362,07/09/2025,7,0.3768626471664968
9277,07/09/2025,7,0.3768626471664968
2515,07/09/2025,7,0.3768626471664968
3613,07/09/2025,7,0.3768626471664968
5160,07/09/2025,7,0.3768626471664968
5780,07/09/2025,7,0.3768626471664968
9227,07/09/2025,7,0.3768626471664968
5858,07/09/2025,7,0.3768626471664968
1133,07/09/2025,7,0.3768626471664968
4315,07/09/2025,7,0.3768626471664968
6230,07/09/2025,7,0.3768626471664968
2642,07/09/2025,7,0.3768626471664968
485,07/09/2025,7,0.3768626471664968
2644,07/09/2025,7,0.3768626471664968
404,07/09/2025,7,0.3768626471664968
9138,07/09/2025,7,0.3768626471664968
7246,07/09/2025,7,0.3768626471664968
3790,07/09/2025,7,0.3768626471664968
6932,07/09/2025,7,0.3768626471664968
2069,07/09/2025,7,0.3768626471664968
3016,07/09/2025,7,0.3768626471664968
9310,07/09/2025,7,0.3768626471664968
2990,07/09/2025,7,0.3768626471664968
5801,07/09/2025,7,0.3768626471664968
6949,07/09/2025,7,0.3768626471664968
6028,07/09/2025,7,0.3768626471664968
3316,07/09/2025,7,0.3768626471664968
2612,07/09/2025,7,0.3768626471664968
9358,07/09/2025,7,0.3768626471664968
9045,07/09/2025,7,0.3768626471664968
9634,07/09/2025,7,0.3768626471664968
1124,07/09/2025,7,0.3768626471664968
1517,07/09/2025,7,0.3768626471664968
2887,07/09/2025,7,0.3768626471664968
8232,07/09/2025,7,0.3768626471664968
5209,07/09/2025,7,0.3768626471664968
4919,07/09/2025,7,0.3768626471664968
8858,07/09/2025,7,0.3768626471664968
3147,07/09/2025,7,0.3768626471664968
7691,07/09/2025,7,0.3768626471664968
67,07/09/2025,7,0.3768626471664968
6290,07/09/2025,7,0.3768626471664968
165,07/09/2025,7,0.3768626471664968
2856,07/09/2025,7,0.3768626471664968
5717,07/09/2025,7,0.3768626471664968
9941,07/09/2025,7,0.3768626471664968
8782,07/09/2025,7,0.3768626471664968
3946,07/09/2025,7,0.3768626471664968
6046,07/09/2025,7,0.3768626471664968
1529,07/09/2025,7,0.3768626471664968
3250,07/09/2025,7,0.3768626471664968
19,07/09/2025,7,0.3768626471664968
2970,07/09/2025,7,0.3768626471664968
1262,07/09/2025,7,0.3768626471664968
5955,07/09/2025,7,0.3768626471664968
4646,07/09/2025,7,0.3768626471664968
3247,07/09/2025,7,0.3768626471664968
1180,07/09/2025,7,0.3768626471664968
2141,07/09/2025,7,0.3768626471664968
5347,07/09/2025,7,0.3768626471664968
6105,07/09/2025,7,0.3768626471664968
9642,07/09/2025,7,0.3768626471664968
3023,07/09/2025,7,0.3768626471664968
1846,07/09/2025,7,0.3768626471664968
4429,07/09/2025,7,0.3768626471664968
6794,07/09/2025,7,0.3768626471664968
8778,07/09/2025,7,0.3768626471664968
6253,07/09/2025,7,0.3768626471664968
1145,07/09/2025,7,0.3768626471664968
4006,07/09/2025,7,0.3768626471664968
1476,07/09/2025,7,0.3768626471664968
4360,07/09/2025,7,0.3768626471664968
2911,07/09/2025,7,0.3768626471664968
5539,07/09/2025,7,0.3768626471664968
7204,07/09/2025,7,0.3768626471664968
4305,07/09/2025,7,0.3768626471664968
1330,07/09/2025,7,0.3768626471664968
9151,07/09/2025,7,0.3768626471664968
5590,07/09/2025,7,0.3768626471664968
6578,07/09/2025,7,0.3768626471664968
3334,07/09/2025,7,0.3768626471664968
8118,07/09/2025,7,0.3768626471664968
6531,07/09/2025,7,0.3768626471664968
4269,07/09/2025,7,0.3768626471664968
1764,07/09/2025,7,0.3768626471664968
1246,07/09/2025,7,0.3768626471664968
7815,07/09/2025,7,0.3768626471664968
3561,07/09/2025,7,0.3768626471664968
7436,07/09/2025,7,0.3768626471664968
9516,07/09/2025,7,0.3768626471664968
748,07/09/2025,7,0.3768626471664968
3950,07/09/2025,7,0.3768626471664968
2123,07/09/2025,7,0.3768626471664968
3863,07/09/2025,7,0.3768626471664968
8239,07/09/2025,7,0.3768626471664968
6486,07/09/2025,7,0.3768626471664968
5048,07/09/2025,7,0.3768626471664968
2455,07/09/2025,7,0.3768626471664968
6055,07/09/2025,7,0.3768626471664968
3112,07/09/2025,7,0.3768626471664968
4019,07/09/2025,7,0.3768626471664968
2251,07/09/2025,7,0.3768626471664968
9893,07/09/2025,7,0.3768626471664968
3494,07/09/2025,7,0.3768626471664968
4692,07/09/2025,7,0.3768626471664968
9998,07/09/2025,7,0.3768626471664968
6806,07/09/2025,7,0.3768626471664968
5320,07/09/2025,7,0.37686264716649676
8672,07/09/2025,7,0.37686264716649676
5360,07/09/2025,7,0.37686264716649676
9858,07/09/2025,7,0.37686264716649676
1723,07/09/2025,7,0.37686264716649676
9909,07/09/2025,7,0.37686264716649676
692,07/09/2025,7,0.37686264716649676
9744,07/09/2025,7,0.37686264716649676
5652,07/09/2025,7,0.37686264716649676
6971,07/09/2025,7,0.37686264716649676
5879,07/09/2025,7,0.37686264716649676
220,07/09/2025,7,0.37686264716649676
5295,07/09/2025,7,0.37686264716649676
7453,07/09/2025,7,0.37686264716649676
5783,07/09/2025,7,0.37686264716649676
5518,07/09/2025,7,0.37686264716649676
8772,07/09/2025,7,0.37686264716649676
8605,07/09/2025,7,0.37686264716649676
9064,07/09/2025,7,0.37686264716649676
3431,07/09/2025,7,0.37686264716649676
9718,07/09/2025,7,0.37686264716649676
1919,07/09/2025,7,0.37686264716649676
474,07/09/2025,7,0.37686264716649676
5629,07/09/2025,7,0.37686264716649676
8346,07/09/2025,7,0.37686264716649676
2838,07/09/2025,7,0.37686264716649676
611,07/09/2025,7,0.37686264716649676
8747,07/09/2025,7,0.37686264716649676
8043,07/09/2025,7,0.37686264716649676
2270,07/09/2025,7,0.37686264716649676
9406,07/09/2025,7,0.37686264716649676
7329,07/09/2025,7,0.37686264716649676
5083,07/09/2025,7,0.37686264716649676
9153,07/09/2025,7,0.37686264716649676
4248,07/09/2025,7,0.37686264716649676
7746,07/09/2025,7,0.37686264716649676
8144,07/09/2025,7,0.37686264716649676
2835,07/09/2025,7,0.37686264716649676
513,07/09/2025,7,0.37686264716649676
3047,07/09/2025,7,0.37686264716649676
8254,07/09/2025,7,0.37686264716649676
256,07/09/2025,7,0.37686264716649676
4254,07/09/2025,7,0.37686264716649676
7959,07/09/2025,7,0.37686264716649676
2614,07/09/2025,7,0.37686264716649676
8379,07/09/2025,7,0.37686264716649676
9999,07/09/2025,7,0.37686264716649676
1006,07/09/2025,7,0.37686264716649676
5304,07/09/2025,7,0.37686264716649676
2917,07/09/2025,7,0.37686264716649676
8222,07/09/2025,7,0.37686264716649676
3733,07/09/2025,7,0.37686264716649676
2430,07/09/2025,7,0.37686264716649676
9211,07/09/2025,7,0.37686264716649676
2611,07/09/2025,7,0.37686264716649676
6090,07/09/2025,7,0.37686264716649664
8299,07/09/2025,7,0.37686264716649664
7799,02/09/2025,12,0.3694639888338893
3276,02/09/2025,12,0.3694639888338893
7559,02/09/2025,12,0.3694639888338893
9646,02/09/2025,12,0.36946398883388926
8580,02/09/2025,12,0.36946398883388926
6065,02/09/2025,12,0.36946398883388926
797,02/09/2025,12,0.36946398883388926
732,02/09/2025,12,0.36946398883388926
6260,02/09/2025,12,0.36946398883388926
9355,02/09/2025,12,0.36946398883388926
1809,02/09/2025,12,0.36946398883388926
8998,02/09/2025,12,0.36946398883388926
3187,02/09/2025,12,0.36946398883388926
1933,02/09/2025,12,0.36946398883388926
8237,02/09/2025,12,0.36946398883388926
9066,02/09/2025,12,0.36946398883388926
778,02/09/2025,12,0.36946398883388926
7656,02/09/2025,12,0.36946398883388926
8173,02/09/2025,12,0.36946398883388926
8238,02/09/2025,12,0.36946398883388926
7083,02/09/2025,12,0.36946398883388926
5599,02/09/2025,12,0.36946398883388926
3039,02/09/2025,12,0.36946398883388926
6099,02/09/2025,12,0.36946398883388926
9364,02/09/2025,12,0.36946398883388926
7228,02/09/2025,12,0.36946398883388926
5767,02/09/2025,12,0.36946398883388926
4633,02/09/2025,12,0.36946398883388926
3312,02/09/2025,12,0.36946398883388926
3636,02/09/2025,12,0.36946398883388926
4076,02/09/2025,12,0.36946398883388926
5419,02/09/2025,12,0.36946398883388926
2414,02/09/2025,12,0.36946398883388926
4890,02/09/2025,12,0.36946398883388926
2830,02/09/2025,12,0.36946398883388926
3827,02/09/2025,12,0.36946398883388926
3192,02/09/2025,12,0.36946398883388926
5240,02/09/2025,12,0.36946398883388926
9198,02/09/2025,12,0.36946398883388926
4169,02/09/2025,12,0.36946398883388926
7571,02/09/2025,12,0.36946398883388926
5170,02/09/2025,12,0.36946398883388926
5745,02/09/2025,12,0.36946398883388926
8607,02/09/2025,12,0.36946398883388926
9288,02/09/2025,12,0.36946398883388926
3435,02/09/2025,12,0.36946398883388926
2082,02/09/2025,12,0.36946398883388926
5363,02/09/2025,12,0.36946398883388926
2105,02/09/2025,12,0.36946398883388926
9214,02/09/2025,12,0.36946398883388926
3905,02/09/2025,12,0.36946398883388926
1379,02/09/2025,12,0.36946398883388926
1301,02/09/2025,12,0.36946398883388926
4676,02/09/2025,12,0.36946398883388926
9464,02/09/2025,12,0.36946398883388926
9527,02/09/2025,12,0.36946398883388926
913,02/09/2025,12,0.36946398883388926
1168,02/09/2025,12,0.36946398883388926
3065,02/09/2025,12,0.36946398883388926
22,02/09/2025,12,0.36946398883388915
6163,02/09/2025,12,0.36946398883388915
5689,02/09/2025,12,0.36946398883388915
8561,02/09/2025,12,0.36946398883388915
3851,02/09/2025,12,0.36946398883388915
7976,02/09/2025,12,0.36946398883388915
8142,02/09/2025,12,0.36946398883388915
2355,02/09/2025,12,0.36946398883388915
8585,02/09/2025,12,0.36946398883388915
2994,02/09/2025,12,0.36946398883388915
1613,02/09/2025,12,0.36946398883388915
7113,02/09/2025,12,0.36946398883388915
8779,02/09/2025,12,0.36946398883388915
7719,02/09/2025,12,0.36946398883388915
239,02/09/2025,12,0.36946398883388915
716,02/09/2025,12,0.36946398883388915
4165,02/09/2025,12,0.36946398883388915
1727,02/09/2025,12,0.36946398883388915
7500,02/09/2025,12,0.36946398883388915
9840,02/09/2025,12,0.36946398883388915
4316,02/09/2025,12,0.36946398883388915
6803,02/09/2025,12,0.36946398883388915
7054,02/09/2025,12,0.36946398883388915
9000,02/09/2025,12,0.36946398883388915
6566,02/09/2025,12,0.36946398883388915
818,02/09/2025,12,0.36946398883388915
6457,02/09/2025,12,0.36946398883388915
3909,02/09/2025,12,0.36946398883388915
3159,02/09/2025,12,0.36946398883388915
1219,02/09/2025,12,0.36946398883388915
7737,02/09/2025,12,0.36946398883388915
8662,02/09/2025,12,0.36946398883388915
4520,02/09/2025,12,0.36946398883388915
3339,02/09/2025,12,0.36946398883388915
8234,02/09/2025,12,0.36946398883388915
6835,02/09/2025,12,0.36946398883388915
3514,02/09/2025,12,0.36946398883388915
957,02/09/2025,12,0.36946398883388915
5604,02/09/2025,12,0.36946398883388915
9854,02/09/2025,12,0.36946398883388915
7208,02/09/2025,12,0.36946398883388915
3573,02/09/2025,12,0.36946398883388915
9421,02/09/2025,12,0.36946398883388915
5241,02/09/2025,12,0.36946398883388915
9104,02/09/2025,12,0.36946398883388915
5171,02/09/2025,12,0.36946398883388915
8542,02/09/2025,12,0.36946398883388915
1523,02/09/2025,12,0.36946398883388915
8189,02/09/2025,12,0.36946398883388915
3626,02/09/2025,12,0.36946398883388915
7529,02/09/2025,12,0.36946398883388915
8931,02/09/2025,12,0.36946398883388915
5179,02/09/2025,12,0.36946398883388915
4661,02/09/2025,12,0.36946398883388915
8818,02/09/2025,12,0.36946398883388915
1679,02/09/2025,12,0.36946398883388915
825,02/09/2025,12,0.36946398883388915
4735,02/09/2025,12,0.36946398883388915
4063,02/09/2025,12,0.36946398883388915
298,02/09/2025,12,0.36946398883388915
8739,02/09/2025,12,0.36946398883388915
9041,02/09/2025,12,0.36946398883388915
9716,02/09/2025,12,0.36946398883388915
5719,02/09/2025,12,0.36946398883388915
91,02/09/2025,12,0.36946398883388915
5566,02/09/2025,12,0.36946398883388915
335,02/09/2025,12,0.36946398883388915
9789,02/09/2025,12,0.36946398883388915
8176,02/09/2025,12,0.36946398883388915
4773,02/09/2025,12,0.36946398883388915
3690,02/09/2025,12,0.36946398883388915
5158,02/09/2025,12,0.36946398883388915
5496,02/09/2025,12,0.36946398883388915
1993,02/09/2025,12,0.36946398883388915
863,02/09/2025,12,0.36946398883388915
5651,02/09/2025,12,0.36946398883388915
2676,02/09/2025,12,0.36946398883388915
795,02/09/2025,12,0.36946398883388915
5010,02/09/2025,12,0.36946398883388915
6367,02/09/2025,12,0.36946398883388915
8042,02/09/2025,12,0.36946398883388915
4648,02/09/2025,12,0.36946398883388915
5843,02/09/2025,12,0.36946398883388915
499,02/09/2025,12,0.36946398883388915
1142,02/09/2025,12,0.36946398883388915
1893,02/09/2025,12,0.36946398883388915
473,02/09/2025,12,0.36946398883388915
260,02/09/2025,12,0.36946398883388915
9939,02/09/2025,12,0.36946398883388915
1934,02/09/2025,12,0.36946398883388915
6980,02/09/2025,12,0.36946398883388915
6498,02/09/2025,12,0.36946398883388915
851,02/09/2025,12,0.36946398883388915
7194,02/09/2025,12,0.36946398883388915
4559,02/09/2025,12,0.36946398883388915
8623,02/09/2025,12,0.36946398883388915
701,02/09/2025,12,0.36946398883388915
9125,02/09/2025,12,0.36946398883388915
9974,02/09/2025,12,0.36946398883388915
1526,02/09/2025,12,0.36946398883388915
1355,02/09/2025,12,0.36946398883388915
5194,02/09/2025,12,0.36946398883388915
23,02/09/2025,12,0.36946398883388915
1201,02/09/2025,12,0.36946398883388915
7127,02/09/2025,12,0.36946398883388915
7973,02/09/2025,12,0.36946398883388915
7566,02/09/2025,12,0.36946398883388915
4717,02/09/2025,12,0.36946398883388915
8360,02/09/2025,12,0.36946398883388915
4493,02/09/2025,12,0.36946398883388915
7072,02/09/2025,12,0.36946398883388915
5226,02/09/2025,12,0.36946398883388915
1684,02/09/2025,12,0.36946398883388915
3985,02/09/2025,12,0.36946398883388915
5348,02/09/2025,12,0.36946398883388915
1044,02/09/2025,12,0.36946398883388915
5184,02/09/2025,12,0.36946398883388915
8791,02/09/2025,12,0.36946398883388915
4050,02/09/2025,12,0.36946398883388915
475,02/09/2025,12,0.36946398883388915
673,02/09/2025,12,0.36946398883388915
9751,02/09/2025,12,0.36946398883388915
8785,02/09/2025,12,0.36946398883388915
8810,02/09/2025,12,0.36946398883388915
6891,02/09/2025,12,0.36946398883388915
3569,02/09/2025,12,0.36946398883388915
4158,02/09/2025,12,0.3694639888338891
6547,02/09/2025,12,0.3694639888338891
2631,02/09/2025,12,0.3694639888338891
8832,02/09/2025,12,0.3694639888338891
3533,02/09/2025,12,0.3694639888338891
4854,02/09/2025,12,0.3694639888338891
2442,02/09/2025,12,0.3694639888338891
2126,02/09/2025,12,0.3694639888338891
6649,02/09/2025,12,0.3694639888338891
2233,02/09/2025,12,0.3694639888338891
7630,02/09/2025,12,0.3694639888338891
6467,02/09/2025,12,0.3694639888338891
1522,02/09/2025,12,0.3694639888338891
1880,02/09/2025,12,0.3694639888338891
6830,02/09/2025,12,0.3694639888338891
3693,02/09/2025,12,0.3694639888338891
5267,02/09/2025,12,0.3694639888338891
1536,02/09/2025,12,0.3694639888338891
3220,02/09/2025,12,0.3694639888338891
3106,02/09/2025,12,0.3694639888338891
2475,02/09/2025,12,0.3694639888338891
7374,02/09/2025,12,0.3694639888338891
8458,02/09/2025,12,0.3694639888338891
680,02/09/2025,12,0.3694639888338891
274,02/09/2025,12,0.3694639888338891
7702,02/09/2025,12,0.3694639888338891
1878,02/09/2025,12,0.3694639888338891
7259,02/09/2025,12,0.3694639888338891
4313,02/09/2025,12,0.3694639888338891
7023,02/09/2025,12,0.3694639888338891
3148,02/09/2025,12,0.3694639888338891
4940,02/09/2025,12,0.3694639888338891
5119,02/09/2025,12,0.3694639888338891
6509,02/09/2025,12,0.3694639888338891
1897,02/09/2025,12,0.3694639888338891
9797,02/09/2025,12,0.3694639888338891
138,02/09/2025,12,0.3694639888338891
7223,02/09/2025,12,0.3694639888338891
8688,02/09/2025,12,0.3694639888338891
4301,02/09/2025,12,0.3694639888338891
8775,02/09/2025,12,0.3694639888338891
6419,02/09/2025,12,0.3694639888338891
643,02/09/2025,12,0.3694639888338891
8045,02/09/2025,12,0.3694639888338891
6129,02/09/2025,12,0.3694639888338891
6418,02/09/2025,12,0.3694639888338891
9823,02/09/2025,12,0.3694639888338891
1695,02/09/2025,12,0.3694639888338891
9220,02/09/2025,12,0.3694639888338891
5887,02/09/2025,12,0.3694639888338891
1946,02/09/2025,12,0.3694639888338891
5301,02/09/2025,12,0.3694639888338891
3959,02/09/2025,12,0.36946398883388903
3069,02/09/2025,12,0.36946398883388903
9694,02/09/2025,12,0.36946398883388903
5361,02/09/2025,12,0.36946398883388903
711,02/09/2025,12,0.36946398883388903
5712,21/08/2025,24,0.36920894198896476
7953,21/08/2025,24,0.36920894198896476
4782,21/08/2025,24,0.36920894198896476
9013,21/08/2025,24,0.36920894198896476
3800,21/08/2025,24,0.36920894198896476
8619,21/08/2025,24,0.36920894198896476
1343,21/08/2025,24,0.36920894198896476
1975,21/08/2025,24,0.36920894198896476
4204,21/08/2025,24,0.36920894198896476
3564,21/08/2025,24,0.3692089419889647
674,21/08/2025,24,0.3692089419889647
1277,21/08/2025,24,0.3692089419889647
8204,21/08/2025,24,0.3692089419889647
4419,21/08/2025,24,0.3692089419889647
5785,21/08/2025,24,0.3692089419889647
9490,21/08/2025,24,0.3692089419889647
6694,21/08/2025,24,0.3692089419889647
5523,21/08/2025,24,0.3692089419889647
9140,21/08/2025,24,0.3692089419889647
350,21/08/2025,24,0.3692089419889647
3229,21/08/2025,24,0.3692089419889647
2448,21/08/2025,24,0.3692089419889647
9857,21/08/2025,24,0.3692089419889647
7282,21/08/2025,24,0.3692089419889647
9804,21/08/2025,24,0.3692089419889647
5488,21/08/2025,24,0.3692089419889647
9755,21/08/2025,24,0.3692089419889647
2704,21/08/2025,24,0.3692089419889647
4849,21/08/2025,24,0.3692089419889647
5247,21/08/2025,24,0.3692089419889647
8501,21/08/2025,24,0.3692089419889647
267,21/08/2025,24,0.3692089419889647
6988,21/08/2025,24,0.3692089419889647
5476,21/08/2025,24,0.3692089419889647
4983,21/08/2025,24,0.3692089419889647
1047,21/08/2025,24,0.3692089419889647
1134,21/08/2025,24,0.3692089419889647
2166,21/08/2025,24,0.3692089419889647
6399,21/08/2025,24,0.3692089419889647
4695,21/08/2025,24,0.3692089419889647
5440,21/08/2025,24,0.3692089419889647
6496,21/08/2025,24,0.3692089419889647
2031,21/08/2025,24,0.3692089419889647
6516,21/08/2025,24,0.3692089419889647
9254,21/08/2025,24,0.3692089419889647
6690,21/08/2025,24,0.3692089419889647
5697,21/08/2025,24,0.3692089419889647
128,21/08/2025,24,0.3692089419889647
1624,21/08/2025,24,0.3692089419889647
9498,21/08/2025,24,0.3692089419889647
5076,21/08/2025,24,0.3692089419889647
2507,21/08/2025,24,0.3692089419889647
4403,21/08/2025,24,0.3692089419889647
4774,21/08/2025,24,0.3692089419889647
7808,21/08/2025,24,0.3692089419889647
6810,21/08/2025,24,0.3692089419889647
4034,21/08/2025,24,0.3692089419889647
1054,21/08/2025,24,0.3692089419889647
6182,21/08/2025,24,0.3692089419889647
436,21/08/2025,24,0.3692089419889647
9897,21/08/2025,24,0.3692089419889647
4574,21/08/2025,24,0.3692089419889647
3085,21/08/2025,24,0.3692089419889647
9265,21/08/2025,24,0.3692089419889647
5829,21/08/2025,24,0.3692089419889647
7690,21/08/2025,24,0.3692089419889647
8049,21/08/2025,24,0.3692089419889647
9512,21/08/2025,24,0.3692089419889647
4910,21/08/2025,24,0.3692089419889647
1303,21/08/2025,24,0.3692089419889647
1174,21/08/2025,24,0.3692089419889647
4167,21/08/2025,24,0.3692089419889647
8339,21/08/2025,24,0.3692089419889647
6149,21/08/2025,24,0.3692089419889647
4109,21/08/2025,24,0.3692089419889647
8840,21/08/2025,24,0.3692089419889647
4426,21/08/2025,24,0.3692089419889647
4842,21/08/2025,24,0.3692089419889647
5520,21/08/2025,24,0.3692089419889647
2368,21/08/2025,24,0.3692089419889647
8497,21/08/2025,24,0.3692089419889647
5803,21/08/2025,24,0.3692089419889647
3114,21/08/2025,24,0.3692089419889647
729,21/08/2025,24,0.3692089419889647
8578,21/08/2025,24,0.3692089419889647
1514,21/08/2025,24,0.3692089419889647
1911,21/08/2025,24,0.3692089419889647
7272,21/08/2025,24,0.3692089419889647
9822,21/08/2025,24,0.3692089419889647
1977,21/08/2025,24,0.3692089419889647
8504,21/08/2025,24,0.3692089419889647
3264,21/08/2025,24,0.3692089419889647
4554,21/08/2025,24,0.3692089419889647
5351,21/08/2025,24,0.3692089419889647
7478,21/08/2025,24,0.3692089419889647
2122,21/08/2025,24,0.3692089419889647
866,21/08/2025,24,0.3692089419889647
4083,21/08/2025,24,0.3692089419889647
9963,21/08/2025,24,0.3692089419889647
285,21/08/2025,24,0.3692089419889647
5937,21/08/2025,24,0.3692089419889647
5830,21/08/2025,24,0.3692089419889647
3459,21/08/2025,24,0.3692089419889647
5026,21/08/2025,24,0.3692089419889647
4624,21/08/2025,24,0.3692089419889647
2359,21/08/2025,24,0.3692089419889647
9450,21/08/2025,24,0.3692089419889647
9901,21/08/2025,24,0.3692089419889647
7308,21/08/2025,24,0.36920894198896465
8125,21/08/2025,24,0.36920894198896465
4639,21/08/2025,24,0.36920894198896465
5321,21/08/2025,24,0.36920894198896465
8057,21/08/2025,24,0.36920894198896465
7415,21/08/2025,24,0.36920894198896465
4994,21/08/2025,24,0.36920894198896465
6248,21/08/2025,24,0.36920894198896465
5231,21/08/2025,24,0.36920894198896465
9359,21/08/2025,24,0.36920894198896465
2360,21/08/2025,24,0.36920894198896465
5811,21/08/2025,24,0.36920894198896465
8460,21/08/2025,24,0.36920894198896465
9726,21/08/2025,24,0.36920894198896465
5774,21/08/2025,24,0.36920894198896465
6795,21/08/2025,24,0.36920894198896465
7056,21/08/2025,24,0.36920894198896465
6456,21/08/2025,24,0.36920894198896465
8001,21/08/2025,24,0.36920894198896465
8797,21/08/2025,24,0.36920894198896465
7397,21/08/2025,24,0.36920894198896465
1070,21/08/2025,24,0.36920894198896465
8970,21/08/2025,24,0.36920894198896465
790,21/08/2025,24,0.36920894198896465
7297,21/08/2025,24,0.36920894198896465
8163,21/08/2025,24,0.36920894198896465
5377,21/08/2025,24,0.36920894198896465
1595,21/08/2025,24,0.36920894198896465
2847,21/08/2025,24,0.36920894198896465
2510,21/08/2025,24,0.36920894198896465
6683,21/08/2025,24,0.36920894198896465
548,21/08/2025,24,0.36920894198896465
3392,21/08/2025,24,0.36920894198896465
8658,21/08/2025,24,0.36920894198896465
5313,21/08/2025,24,0.36920894198896465
2736,21/08/2025,24,0.36920894198896465
5636,21/08/2025,24,0.36920894198896465
8924,21/08/2025,24,0.36920894198896465
2336,21/08/2025,24,0.36920894198896465
6352,21/08/2025,24,0.36920894198896465
5668,21/08/2025,24,0.36920894198896465
878,21/08/2025,24,0.36920894198896465
8546,21/08/2025,24,0.36920894198896465
122,21/08/2025,24,0.36920894198896465
949,21/08/2025,24,0.36920894198896465
9436,21/08/2025,24,0.36920894198896453
231,21/08/2025,24,0.36920894198896453
6916,21/08/2025,24,0.36920894198896453
4263,21/08/2025,24,0.36920894198896453
4532,21/08/2025,24,0.36920894198896453
5873,21/08/2025,24,0.36920894198896453
907,26/05/2025,111,0.3645221861471861
1802,26/05/2025,111,0.3645221861471861
1698,26/05/2025,111,0.364522186147186
2635,26/05/2025,111,0.364522186147186
4867,26/05/2025,111,0.364522186147186
7214,26/05/2025,111,0.364522186147186
5932,26/05/2025,111,0.364522186147186
9206,26/05/2025,111,0.36452218614718596
1856,25/08/2025,20,0.36308261369638367
8634,25/08/2025,20,0.36308261369638367
5044,25/08/2025,20,0.36308261369638367
2015,25/08/2025,20,0.36308261369638367
3280,25/08/2025,20,0.36308261369638367
5069,25/08/2025,20,0.36308261369638367
4751,25/08/2025,20,0.36308261369638367
1629,25/08/2025,20,0.36308261369638367
6020,25/08/2025,20,0.3630826136963836
6268,25/08/2025,20,0.3630826136963836
134,25/08/2025,20,0.3630826136963836
1278,25/08/2025,20,0.3630826136963836
3527,25/08/2025,20,0.3630826136963836
511,25/08/2025,20,0.3630826136963836
7496,25/08/2025,20,0.3630826136963836
6476,25/08/2025,20,0.3630826136963836
9911,25/08/2025,20,0.3630826136963836
3914,25/08/2025,20,0.3630826136963836
8409,25/08/2025,20,0.3630826136963836
2550,25/08/2025,20,0.3630826136963836
589,25/08/2025,20,0.3630826136963836
4741,25/08/2025,20,0.3630826136963836
1905,25/08/2025,20,0.3630826136963836
4759,25/08/2025,20,0.3630826136963836
5258,25/08/2025,20,0.3630826136963836
9535,25/08/2025,20,0.3630826136963836
1871,25/08/2025,20,0.3630826136963836
7192,25/08/2025,20,0.3630826136963836
2571,25/08/2025,20,0.3630826136963836
1435,25/08/2025,20,0.3630826136963836
8750,25/08/2025,20,0.3630826136963836
6057,25/08/2025,20,0.3630826136963836
2392,25/08/2025,20,0.3630826136963836
8332,25/08/2025,20,0.3630826136963836
3048,25/08/2025,20,0.3630826136963836
9795,25/08/2025,20,0.3630826136963836
6829,25/08/2025,20,0.3630826136963836
6570,25/08/2025,20,0.3630826136963836
367,25/08/2025,20,0.3630826136963836
892,25/08/2025,20,0.3630826136963836
9438,25/08/2025,20,0.3630826136963836
9368,25/08/2025,20,0.3630826136963836
6331,25/08/2025,20,0.3630826136963836
3013,25/08/2025,20,0.3630826136963836
5072,25/08/2025,20,0.3630826136963836
7091,25/08/2025,20,0.3630826136963836
9416,25/08/2025,20,0.3630826136963836
2754,25/08/2025,20,0.3630826136963836
5706,25/08/2025,20,0.3630826136963836
6867,25/08/2025,20,0.3630826136963836
7305,25/08/2025,20,0.3630826136963836
8862,25/08/2025,20,0.3630826136963836
9645,25/08/2025,20,0.3630826136963836
1538,25/08/2025,20,0.3630826136963836
3061,25/08/2025,20,0.3630826136963836
9555,25/08/2025,20,0.3630826136963836
5643,25/08/2025,20,0.3630826136963836
9343,25/08/2025,20,0.3630826136963836
9968,25/08/2025,20,0.3630826136963836
4023,25/08/2025,20,0.3630826136963836
2111,25/08/2025,20,0.3630826136963836
758,25/08/2025,20,0.3630826136963836
2793,25/08/2025,20,0.3630826136963836
8305,25/08/2025,20,0.3630826136963836
7104,25/08/2025,20,0.3630826136963836
609,25/08/2025,20,0.3630826136963836
1169,25/08/2025,20,0.3630826136963836
5330,25/08/2025,20,0.3630826136963836
3237,25/08/2025,20,0.3630826136963836
3421,25/08/2025,20,0.3630826136963836
1192,25/08/2025,20,0.3630826136963836
1512,25/08/2025,20,0.3630826136963836
2819,25/08/2025,20,0.3630826136963836
9407,25/08/2025,20,0.3630826136963836
4576,25/08/2025,20,0.3630826136963836
360,25/08/2025,20,0.3630826136963836
100,25/08/2025,20,0.3630826136963836
1753,25/08/2025,20,0.3630826136963836
2636,25/08/2025,20,0.3630826136963836
5107,25/08/2025,20,0.3630826136963836
7162,25/08/2025,20,0.3630826136963835
717,25/08/2025,20,0.3630826136963835
6632,25/08/2025,20,0.3630826136963835
9182,25/08/2025,20,0.3630826136963835
3505,25/08/2025,20,0.3630826136963835
7177,25/08/2025,20,0.3630826136963835
5633,25/08/2025,20,0.3630826136963835
5676,25/08/2025,20,0.3630826136963835
7071,25/08/2025,20,0.3630826136963835
9393,25/08/2025,20,0.3630826136963835
9758,25/08/2025,20,0.3630826136963835
102,25/08/2025,20,0.3630826136963835
6468,25/08/2025,20,0.3630826136963835
3219,25/08/2025,20,0.3630826136963835
817,25/08/2025,20,0.3630826136963835
3886,25/08/2025,20,0.3630826136963835
376,25/08/2025,20,0.3630826136963835
3000,25/08/2025,20,0.3630826136963835
2457,25/08/2025,20,0.3630826136963835
8574,25/08/2025,20,0.3630826136963835
2578,25/08/2025,20,0.3630826136963835
8100,25/08/2025,20,0.3630826136963835
965,25/08/2025,20,0.3630826136963835
4317,25/08/2025,20,0.3630826136963835
9342,25/08/2025,20,0.3630826136963835
7409,25/08/2025,20,0.3630826136963835
2795,25/08/2025,20,0.3630826136963835
4351,25/08/2025,20,0.3630826136963835
3483,25/08/2025,20,0.3630826136963835
9996,25/08/2025,20,0.3630826136963835
4308,25/08/2025,20,0.3630826136963835
9792,25/08/2025,20,0.3630826136963835
1618,25/08/2025,20,0.3630826136963835
6843,25/08/2025,20,0.3630826136963835
8430,25/08/2025,20,0.3630826136963835
769,25/08/2025,20,0.3630826136963835
597,25/08/2025,20,0.3630826136963835
5180,25/08/2025,20,0.3630826136963835
2812,25/08/2025,20,0.3630826136963835
3004,25/08/2025,20,0.3630826136963835
9269,25/08/2025,20,0.3630826136963835
9278,25/08/2025,20,0.3630826136963835
8061,25/08/2025,20,0.3630826136963835
7231,25/08/2025,20,0.3630826136963835
6000,25/08/2025,20,0.3630826136963835
1841,25/08/2025,20,0.3630826136963835
1747,25/08/2025,20,0.3630826136963835
4685,25/08/2025,20,0.3630826136963835
6032,25/08/2025,20,0.3630826136963835
6113,25/08/2025,20,0.3630826136963835
7797,25/08/2025,20,0.3630826136963835
7452,25/08/2025,20,0.3630826136963835
4205,25/08/2025,20,0.3630826136963835
7173,25/08/2025,20,0.3630826136963835
7761,25/08/2025,20,0.3630826136963835
8973,25/08/2025,20,0.3630826136963835
3735,25/08/2025,20,0.3630826136963835
3539,25/08/2025,20,0.3630826136963835
985,25/08/2025,20,0.3630826136963835
7828,25/08/2025,20,0.3630826136963835
5641,25/08/2025,20,0.3630826136963835
7751,25/08/2025,20,0.3630826136963835
7171,25/08/2025,20,0.3630826136963835
5007,25/08/2025,20,0.3630826136963835
2303,25/08/2025,20,0.3630826136963835
3817,25/08/2025,20,0.3630826136963835
799,25/08/2025,20,0.3630826136963835
5248,25/08/2025,20,0.3630826136963835
2641,25/08/2025,20,0.3630826136963835
3630,25/08/2025,20,0.3630826136963835
3724,25/08/2025,20,0.3630826136963835
6202,25/08/2025,20,0.3630826136963835
5693,25/08/2025,20,0.3630826136963835
8591,25/08/2025,20,0.3630826136963835
9824,25/08/2025,20,0.3630826136963835
2777,25/08/2025,20,0.3630826136963835
524,25/08/2025,20,0.3630826136963835
8901,25/08/2025,20,0.3630826136963835
9336,25/08/2025,20,0.3630826136963835
1130,25/08/2025,20,0.3630826136963835
3256,25/08/2025,20,0.3630826136963835
2498,25/08/2025,20,0.3630826136963835
4811,25/08/2025,20,0.3630826136963835
7073,25/08/2025,20,0.3630826136963835
700,25/08/2025,20,0.3630826136963835
2870,25/08/2025,20,0.3630826136963835
9608,25/08/2025,20,0.3630826136963835
5851,25/08/2025,20,0.3630826136963835
1113,25/08/2025,20,0.3630826136963835
3718,25/08/2025,20,0.3630826136963835
2242,25/08/2025,20,0.3630826136963835
9306,25/08/2025,20,0.3630826136963835
8335,25/08/2025,20,0.36308261369638345
3480,25/08/2025,20,0.36308261369638345
3036,11/08/2025,34,0.35503297283992535
3304,11/08/2025,34,0.3550329728399253
2615,11/08/2025,34,0.3550329728399253
6066,11/08/2025,34,0.3550329728399253
9189,11/08/2025,34,0.3550329728399253
9201,11/08/2025,34,0.3550329728399253
2097,11/08/2025,34,0.3550329728399253
2688,11/08/2025,34,0.3550329728399253
5973,11/08/2025,34,0.3550329728399253
843,11/08/2025,34,0.3550329728399253
7942,11/08/2025,34,0.3550329728399253
2281,11/08/2025,34,0.3550329728399253
9266,11/08/2025,34,0.3550329728399253
2563,11/08/2025,34,0.3550329728399253
7832,11/08/2025,34,0.3550329728399253
2351,11/08/2025,34,0.3550329728399253
4631,11/08/2025,34,0.3550329728399253
7906,11/08/2025,34,0.3550329728399253
632,11/08/2025,34,0.3550329728399253
6125,11/08/2025,34,0.3550329728399253
1236,11/08/2025,34,0.3550329728399253
7792,11/08/2025,34,0.3550329728399253
2775,11/08/2025,34,0.3550329728399253
5299,11/08/2025,34,0.3550329728399253
3479,11/08/2025,34,0.3550329728399253
9687,11/08/2025,34,0.3550329728399253
3368,11/08/2025,34,0.3550329728399253
5792,11/08/2025,34,0.3550329728399253
3852,11/08/2025,34,0.3550329728399253
5396,11/08/2025,34,0.3550329728399253
6786,11/08/2025,34,0.3550329728399253
9885,11/08/2025,34,0.3550329728399253
2037,11/08/2025,34,0.3550329728399253
428,11/08/2025,34,0.3550329728399253
1702,11/08/2025,34,0.3550329728399253
8288,11/08/2025,34,0.3550329728399253
4668,11/08/2025,34,0.3550329728399253
5908,11/08/2025,34,0.3550329728399253
8603,11/08/2025,34,0.3550329728399253
9121,11/08/2025,34,0.3550329728399253
5211,11/08/2025,34,0.35503297283992524
253,11/08/2025,34,0.35503297283992524
4641,11/08/2025,34,0.35503297283992524
8004,11/08/2025,34,0.35503297283992524
7835,11/08/2025,34,0.35503297283992524
454,11/08/2025,34,0.35503297283992524
3382,11/08/2025,34,0.35503297283992524
1874,11/08/2025,34,0.35503297283992524
1936,11/08/2025,34,0.35503297283992524
4480,11/08/2025,34,0.35503297283992524
6952,11/08/2025,34,0.35503297283992524
1031,11/08/2025,34,0.35503297283992524
1633,11/08/2025,34,0.35503297283992524
1267,11/08/2025,34,0.35503297283992524
7260,11/08/2025,34,0.35503297283992524
6088,11/08/2025,34,0.35503297283992524
3502,11/08/2025,34,0.35503297283992524
5165,11/08/2025,34,0.35503297283992524
7003,11/08/2025,34,0.35503297283992524
5760,11/08/2025,34,0.35503297283992524
3813,11/08/2025,34,0.35503297283992524
730,11/08/2025,34,0.35503297283992524
6134,11/08/2025,34,0.35503297283992524
3706,11/08/2025,34,0.35503297283992524
8435,11/08/2025,34,0.35503297283992524
6950,11/08/2025,34,0.35503297283992524
4047,11/08/2025,34,0.35503297283992524
6205,11/08/2025,34,0.35503297283992524
1309,11/08/2025,34,0.35503297283992524
2293,11/08/2025,34,0.35503297283992524
4320,11/08/2025,34,0.35503297283992524
9208,11/08/2025,34,0.35503297283992524
7314,11/08/2025,34,0.35503297283992524
3024,11/08/2025,34,0.35503297283992524
8557,11/08/2025,34,0.35503297283992524
4725,11/08/2025,34,0.35503297283992524
5150,11/08/2025,34,0.35503297283992524
8051,11/08/2025,34,0.35503297283992524
4081,11/08/2025,34,0.35503297283992524
6515,11/08/2025,34,0.35503297283992524
546,11/08/2025,34,0.35503297283992524
5151,11/08/2025,34,0.35503297283992524
578,11/08/2025,34,0.35503297283992524
6197,11/08/2025,34,0.35503297283992524
9130,11/08/2025,34,0.35503297283992524
287,11/08/2025,34,0.35503297283992524
3498,11/08/2025,34,0.35503297283992524
3683,11/08/2025,34,0.35503297283992524
7139,11/08/2025,34,0.35503297283992524
7904,11/08/2025,34,0.35503297283992524
8677,11/08/2025,34,0.35503297283992524
6842,11/08/2025,34,0.35503297283992524
3200,11/08/2025,34,0.35503297283992524
8389,11/08/2025,34,0.35503297283992524
5484,11/08/2025,34,0.35503297283992524
990,11/08/2025,34,0.35503297283992524
2482,11/08/2025,34,0.3550329728399252
3674,11/08/2025,34,0.3550329728399252
8481,11/08/2025,34,0.3550329728399252
6658,11/08/2025,34,0.3550329728399252
9886,11/08/2025,34,0.3550329728399252
2386,11/08/2025,34,0.3550329728399252
590,11/08/2025,34,0.3550329728399252
6934,11/08/2025,34,0.3550329728399252
4988,11/08/2025,34,0.3550329728399252
3703,11/08/2025,34,0.3550329728399252
2883,11/08/2025,34,0.3550329728399252
9077,11/08/2025,34,0.3550329728399252
8845,11/08/2025,34,0.3550329728399252
1605,11/08/2025,34,0.3550329728399252
1337,11/08/2025,34,0.3550329728399252
9769,11/08/2025,34,0.3550329728399252
6990,09/09/2025,5,0.35283244346968473
4057,09/09/2025,5,0.35283244346968473
5885,09/09/2025,5,0.3528324434696847
5564,09/09/2025,5,0.3528324434696847
4615,09/09/2025,5,0.3528324434696847
7021,09/09/2025,5,0.3528324434696847
1413,09/09/2025,5,0.3528324434696847
8088,09/09/2025,5,0.3528324434696847
3942,09/09/2025,5,0.3528324434696847
6301,09/09/2025,5,0.3528324434696847
549,09/09/2025,5,0.3528324434696847
5290,09/09/2025,5,0.3528324434696847
9242,09/09/2025,5,0.3528324434696847
6525,09/09/2025,5,0.3528324434696847
3074,09/09/2025,5,0.3528324434696847
9529,09/09/2025,5,0.3528324434696847
9037,09/09/2025,5,0.3528324434696847
620,09/09/2025,5,0.3528324434696847
5144,09/09/2025,5,0.3528324434696847
9961,09/09/2025,5,0.3528324434696847
5562,09/09/2025,5,0.3528324434696847
6379,09/09/2025,5,0.3528324434696847
4060,09/09/2025,5,0.3528324434696847
9765,09/09/2025,5,0.3528324434696847
5900,09/09/2025,5,0.3528324434696847
8857,09/09/2025,5,0.3528324434696847
5855,09/09/2025,5,0.3528324434696847
9491,09/09/2025,5,0.3528324434696847
5989,09/09/2025,5,0.3528324434696847
7631,09/09/2025,5,0.3528324434696847
5277,09/09/2025,5,0.3528324434696847
463,09/09/2025,5,0.3528324434696847
7445,09/09/2025,5,0.3528324434696847
3430,09/09/2025,5,0.3528324434696847
655,09/09/2025,5,0.3528324434696847
2841,09/09/2025,5,0.3528324434696847
7709,09/09/2025,5,0.3528324434696847
4696,09/09/2025,5,0.35283244346968456
8699,09/09/2025,5,0.35283244346968456
7075,09/09/2025,5,0.35283244346968456
1488,09/09/2025,5,0.35283244346968456
8861,09/09/2025,5,0.35283244346968456
8124,09/09/2025,5,0.35283244346968456
3203,09/09/2025,5,0.35283244346968456
9971,09/09/2025,5,0.35283244346968456
4197,09/09/2025,5,0.35283244346968456
7376,09/09/2025,5,0.35283244346968456
8194,09/09/2025,5,0.35283244346968456
8190,09/09/2025,5,0.35283244346968456
9401,09/09/2025,5,0.35283244346968456
6243,09/09/2025,5,0.35283244346968456
2361,09/09/2025,5,0.35283244346968456
8669,09/09/2025,5,0.35283244346968456
521,09/09/2025,5,0.35283244346968456
331,09/09/2025,5,0.35283244346968456
4067,09/09/2025,5,0.35283244346968456
272,09/09/2025,5,0.35283244346968456
9944,09/09/2025,5,0.35283244346968456
7740,09/09/2025,5,0.35283244346968456
4921,09/09/2025,5,0.35283244346968456
3063,09/09/2025,5,0.35283244346968456
9542,09/09/2025,5,0.35283244346968456
5229,09/09/2025,5,0.35283244346968456
6422,09/09/2025,5,0.35283244346968456
5291,09/09/2025,5,0.35283244346968456
8716,09/09/2025,5,0.35283244346968456
9719,09/09/2025,5,0.35283244346968456
8911,09/09/2025,5,0.35283244346968456
9612,09/09/2025,5,0.35283244346968456
2827,09/09/2025,5,0.35283244346968456
896,09/09/2025,5,0.35283244346968456
8324,09/09/2025,5,0.35283244346968456
4702,09/09/2025,5,0.35283244346968456
5051,09/09/2025,5,0.35283244346968456
368,09/09/2025,5,0.35283244346968456
3104,09/09/2025,5,0.35283244346968456
76,09/09/2025,5,0.35283244346968456
8702,09/09/2025,5,0.35283244346968456
4093,09/09/2025,5,0.35283244346968456
1982,09/09/2025,5,0.35283244346968456
6157,09/09/2025,5,0.35283244346968456
8695,09/09/2025,5,0.35283244346968456
8113,09/09/2025,5,0.35283244346968456
6019,09/09/2025,5,0.35283244346968456
24,09/09/2025,5,0.35283244346968456
7481,09/09/2025,5,0.35283244346968456
7390,09/09/2025,5,0.35283244346968456
4486,09/09/2025,5,0.35283244346968456
2028,09/09/2025,5,0.35283244346968456
4597,09/09/2025,5,0.35283244346968456
9095,09/09/2025,5,0.35283244346968456
9462,09/09/2025,5,0.35283244346968456
9159,09/09/2025,5,0.35283244346968456
3212,09/09/2025,5,0.35283244346968456
9353,09/09/2025,5,0.35283244346968456
5386,09/09/2025,5,0.35283244346968456
775,09/09/2025,5,0.35283244346968456
6485,09/09/2025,5,0.35283244346968456
96,09/09/2025,5,0.35283244346968456
4806,09/09/2025,5,0.35283244346968456
6741,09/09/2025,5,0.35283244346968456
9585,09/09/2025,5,0.35283244346968456
1539,09/09/2025,5,0.35283244346968456
4134,09/09/2025,5,0.35283244346968456
2511,09/09/2025,5,0.35283244346968456
2560,09/09/2025,5,0.35283244346968456
5618,09/09/2025,5,0.35283244346968456
1506,09/09/2025,5,0.35283244346968456
3596,09/09/2025,5,0.35283244346968456
631,09/09/2025,5,0.35283244346968456
1967,09/09/2025,5,0.35283244346968456
3096,09/09/2025,5,0.35283244346968456
3330,09/09/2025,5,0.35283244346968456
206,09/09/2025,5,0.35283244346968456
9114,09/09/2025,5,0.35283244346968456
4258,09/09/2025,5,0.35283244346968456
1077,09/09/2025,5,0.35283244346968456
9022,09/09/2025,5,0.35283244346968456
6299,09/09/2025,5,0.35283244346968456
1929,09/09/2025,5,0.35283244346968456
7892,09/09/2025,5,0.35283244346968456
8575,09/09/2025,5,0.35283244346968456
7664,09/09/2025,5,0.35283244346968456
9839,09/09/2025,5,0.35283244346968456
3046,09/09/2025,5,0.35283244346968456
1053,09/09/2025,5,0.35283244346968456
2034,09/09/2025,5,0.35283244346968456
8516,09/09/2025,5,0.35283244346968456
5126,09/09/2025,5,0.35283244346968456
9650,09/09/2025,5,0.35283244346968456
669,09/09/2025,5,0.35283244346968456
5278,09/09/2025,5,0.35283244346968456
2480,09/09/2025,5,0.35283244346968456
7096,09/09/2025,5,0.35283244346968456
1090,09/09/2025,5,0.35283244346968456
2724,09/09/2025,5,0.35283244346968456
2768,09/09/2025,5,0.35283244346968456
3932,09/09/2025,5,0.35283244346968456
833,09/09/2025,5,0.35283244346968456
7274,09/09/2025,5,0.35283244346968456
3713,09/09/2025,5,0.35283244346968456
7147,09/09/2025,5,0.35283244346968456
1425,09/09/2025,5,0.35283244346968456
9339,09/09/2025,5,0.35283244346968456
7877,09/09/2025,5,0.35283244346968456
3476,09/09/2025,5,0.35283244346968456
2055,09/09/2025,5,0.35283244346968456
1101,09/09/2025,5,0.35283244346968456
5405,09/09/2025,5,0.35283244346968456
7997,09/09/2025,5,0.35283244346968456
2794,09/09/2025,5,0.35283244346968456
1196,09/09/2025,5,0.35283244346968456
2802,09/09/2025,5,0.35283244346968456
5658,09/09/2025,5,0.35283244346968456
2700,09/09/2025,5,0.35283244346968456
9985,09/09/2025,5,0.35283244346968456
7206,09/09/2025,5,0.35283244346968456
4609,09/09/2025,5,0.35283244346968456
2625,09/09/2025,5,0.35283244346968456
4220,09/09/2025,5,0.35283244346968456
3076,09/09/2025,5,0.35283244346968456
5451,09/09/2025,5,0.35283244346968456
7074,09/09/2025,5,0.35283244346968456
3291,09/09/2025,5,0.35283244346968456
2652,09/09/2025,5,0.35283244346968456
6423,09/09/2025,5,0.35283244346968456
3780,09/09/2025,5,0.35283244346968456
3060,09/09/2025,5,0.35283244346968456
3231,09/09/2025,5,0.35283244346968456
4099,09/09/2025,5,0.35283244346968456
1625,09/09/2025,5,0.35283244346968456
3621,09/09/2025,5,0.35283244346968456
604,09/09/2025,5,0.35283244346968456
8773,09/09/2025,5,0.35283244346968456
9497,09/09/2025,5,0.35283244346968456
7565,09/09/2025,5,0.35283244346968456
9106,09/09/2025,5,0.35283244346968456
1332,09/09/2025,5,0.35283244346968456
644,09/09/2025,5,0.35283244346968456
6474,09/09/2025,5,0.35283244346968456
1987,09/09/2025,5,0.35283244346968456
6890,09/09/2025,5,0.35283244346968456
4434,09/09/2025,5,0.35283244346968456
3948,09/09/2025,5,0.35283244346968456
1866,09/09/2025,5,0.35283244346968456
2696,09/09/2025,5,0.35283244346968456
7046,09/09/2025,5,0.35283244346968456
1800,09/09/2025,5,0.35283244346968456
4302,09/09/2025,5,0.35283244346968456
7180,09/09/2025,5,0.35283244346968456
2362,09/09/2025,5,0.35283244346968456
8962,09/09/2025,5,0.35283244346968456
7490,09/09/2025,5,0.35283244346968456
7498,09/09/2025,5,0.35283244346968456
5812,09/09/2025,5,0.35283244346968456
8551,09/09/2025,5,0.35283244346968456
4453,09/09/2025,5,0.35283244346968456
8182,09/09/2025,5,0.35283244346968456
4007,09/09/2025,5,0.35283244346968456
8569,09/09/2025,5,0.35283244346968456
5777,09/09/2025,5,0.35283244346968456
6371,09/09/2025,5,0.35283244346968456
9945,09/09/2025,5,0.35283244346968456
9738,09/09/2025,5,0.35283244346968456
316,09/09/2025,5,0.35283244346968456
2154,09/09/2025,5,0.35283244346968456
7585,09/09/2025,5,0.35283244346968456
2928,09/09/2025,5,0.35283244346968456
4192,09/09/2025,5,0.35283244346968456
4221,09/09/2025,5,0.35283244346968456
2595,09/09/2025,5,0.35283244346968456
1492,09/09/2025,5,0.35283244346968456
4183,09/09/2025,5,0.35283244346968456
6665,09/09/2025,5,0.35283244346968456
4563,09/09/2025,5,0.35283244346968456
8798,09/09/2025,5,0.35283244346968456
1873,09/09/2025,5,0.35283244346968456
1577,09/09/2025,5,0.35283244346968456
6415,09/09/2025,5,0.35283244346968456
3600,09/09/2025,5,0.35283244346968456
7830,09/09/2025,5,0.35283244346968456
3198,09/09/2025,5,0.35283244346968456
1458,09/09/2025,5,0.35283244346968456
5877,09/09/2025,5,0.35283244346968456
3956,09/09/2025,5,0.35283244346968456
2200,09/09/2025,5,0.35283244346968456
107,09/09/2025,5,0.35283244346968456
7229,09/09/2025,5,0.35283244346968456
2694,09/09/2025,5,0.35283244346968456
6826,09/09/2025,5,0.35283244346968456
832,09/09/2025,5,0.35283244346968456
8327,09/09/2025,5,0.35283244346968456
421,09/09/2025,5,0.3528324434696845
8694,09/09/2025,5,0.3528324434696845
8351,09/09/2025,5,0.3528324434696845
63,09/09/2025,5,0.3528324434696845
5310,09/09/2025,5,0.3528324434696845
2542,09/09/2025,5,0.3528324434696845
271,09/09/2025,5,0.3528324434696845
9518,09/09/2025,5,0.3528324434696845
6037,09/09/2025,5,0.3528324434696845
7006,09/09/2025,5,0.3528324434696845
9374,09/09/2025,5,0.3528324434696845
5624,09/09/2025,5,0.3528324434696845
8563,09/09/2025,5,0.3528324434696845
5449,09/09/2025,5,0.3528324434696845
5753,09/09/2025,5,0.3528324434696845
8781,09/09/2025,5,0.3528324434696845
9259,09/09/2025,5,0.3528324434696845
5846,09/09/2025,5,0.3528324434696845
7532,09/09/2025,5,0.3528324434696845
1352,09/09/2025,5,0.3528324434696845
1412,09/09/2025,5,0.3528324434696845
9396,09/09/2025,5,0.3528324434696845
2013,09/09/2025,5,0.3528324434696845
3075,09/09/2025,5,0.3528324434696845
494,09/09/2025,5,0.3528324434696845
6271,09/09/2025,5,0.3528324434696845
92,09/09/2025,5,0.3528324434696845
1751,09/09/2025,5,0.3528324434696845
8047,09/09/2025,5,0.3528324434696845
1810,09/09/2025,5,0.3528324434696845
9361,09/09/2025,5,0.3528324434696845
3947,09/09/2025,5,0.3528324434696845
9517,09/09/2025,5,0.3528324434696845
8228,09/09/2025,5,0.3528324434696845
3420,09/09/2025,5,0.3528324434696845
6629,09/09/2025,5,0.3528324434696845
8119,09/09/2025,5,0.3528324434696845
6257,09/09/2025,5,0.3528324434696845
8727,09/09/2025,5,0.3528324434696845
5261,09/09/2025,5,0.3528324434696845
5331,09/09/2025,5,0.3528324434696845
7065,09/09/2025,5,0.3528324434696845
5514,09/09/2025,5,0.3528324434696845
1023,09/09/2025,5,0.3528324434696845
3829,09/09/2025,5,0.3528324434696845
5901,09/09/2025,5,0.3528324434696845
352,09/09/2025,5,0.3528324434696845
5740,09/09/2025,5,0.3528324434696845
7470,09/09/2025,5,0.3528324434696845
514,09/09/2025,5,0.3528324434696845
6414,09/09/2025,5,0.3528324434696845
2038,09/09/2025,5,0.3528324434696845
4042,09/09/2025,5,0.3528324434696845
4082,09/09/2025,5,0.3528324434696845
9817,09/09/2025,5,0.3528324434696845
6263,09/09/2025,5,0.3528324434696845
1890,09/09/2025,5,0.3528324434696845
4516,09/09/2025,5,0.3528324434696845
8579,09/09/2025,5,0.3528324434696845
4322,09/09/2025,5,0.3528324434696845
6265,09/09/2025,5,0.3528324434696845
5942,09/09/2025,5,0.3528324434696845
6392,09/09/2025,5,0.3528324434696845
5663,09/09/2025,5,0.3528324434696845
5653,09/09/2025,5,0.3528324434696845
1366,09/09/2025,5,0.3528324434696845
6664,09/09/2025,5,0.3528324434696845
9026,09/09/2025,5,0.3528324434696845
6538,09/09/2025,5,0.3528324434696845
2002,09/09/2025,5,0.3528324434696845
7493,09/09/2025,5,0.3528324434696845
8994,09/09/2025,5,0.3528324434696845
333,09/09/2025,5,0.3528324434696845
2713,09/09/2025,5,0.3528324434696845
1208,09/09/2025,5,0.3528324434696845
311,09/09/2025,5,0.3528324434696845
5461,09/09/2025,5,0.3528324434696845
3230,09/09/2025,5,0.3528324434696845
1879,09/09/2025,5,0.3528324434696845
8714,09/09/2025,5,0.3528324434696845
1886,09/09/2025,5,0.3528324434696845
1391,09/09/2025,5,0.3528324434696845
7527,09/09/2025,5,0.3528324434696845
8141,09/09/2025,5,0.35283244346968445
8487,09/09/2025,5,0.35283244346968445
9539,09/09/2025,5,0.35283244346968445
2267,09/09/2025,5,0.35283244346968445
3711,23/04/2025,144,0.35
733,23/04/2025,144,0.35
9951,23/04/2025,144,0.35
308,23/04/2025,144,0.35
6752,15/04/2025,152,0.345
1705,15/04/2025,152,0.345
2026,08/08/2025,37,0.34006295972489303
6776,08/08/2025,37,0.340062959724893
2158,08/08/2025,37,0.340062959724893
6548,08/08/2025,37,0.340062959724893
7456,08/08/2025,37,0.340062959724893
5468,08/08/2025,37,0.340062959724893
5506,08/08/2025,37,0.340062959724893
4733,08/08/2025,37,0.340062959724893
5575,08/08/2025,37,0.340062959724893
5730,08/08/2025,37,0.340062959724893
8462,08/08/2025,37,0.340062959724893
4596,08/08/2025,37,0.340062959724893
5041,08/08/2025,37,0.340062959724893
4145,08/08/2025,37,0.340062959724893
1811,08/08/2025,37,0.340062959724893
1597,08/08/2025,37,0.340062959724893
9557,08/08/2025,37,0.340062959724893
2190,08/08/2025,37,0.340062959724893
7140,08/08/2025,37,0.340062959724893
3217,08/08/2025,37,0.340062959724893
6303,08/08/2025,37,0.340062959724893
1586,08/08/2025,37,0.340062959724893
5283,08/08/2025,37,0.340062959724893
4858,08/08/2025,37,0.340062959724893
3578,08/08/2025,37,0.340062959724893
4417,08/08/2025,37,0.340062959724893
8723,08/08/2025,37,0.340062959724893
2946,08/08/2025,37,0.3400629597248929
1418,08/08/2025,37,0.3400629597248929
7137,08/08/2025,37,0.3400629597248929
7153,08/08/2025,37,0.3400629597248929
4573,08/08/2025,37,0.3400629597248929
918,08/08/2025,37,0.3400629597248929
36,08/08/2025,37,0.3400629597248929
8802,08/08/2025,37,0.3400629597248929
5197,08/08/2025,37,0.3400629597248929
8323,08/08/2025,37,0.3400629597248929
3185,08/08/2025,37,0.3400629597248929
9005,08/08/2025,37,0.3400629597248929
2450,08/08/2025,37,0.3400629597248929
4843,08/08/2025,37,0.3400629597248929
8837,08/08/2025,37,0.3400629597248929
3880,08/08/2025,37,0.3400629597248929
3082,08/08/2025,37,0.3400629597248929
8184,08/08/2025,37,0.3400629597248929
7107,08/08/2025,37,0.3400629597248929
3873,08/08/2025,37,0.3400629597248929
2405,08/08/2025,37,0.3400629597248929
3717,08/08/2025,37,0.3400629597248929
6281,08/08/2025,37,0.3400629597248929
3845,08/08/2025,37,0.3400629597248929
1159,08/08/2025,37,0.3400629597248929
4684,08/08/2025,37,0.3400629597248929
966,08/08/2025,37,0.3400629597248929
2358,08/08/2025,37,0.3400629597248929
7579,08/08/2025,37,0.3400629597248929
283,08/08/2025,37,0.3400629597248929
3778,08/08/2025,37,0.3400629597248929
571,08/08/2025,37,0.3400629597248929
2659,08/08/2025,37,0.3400629597248929
164,08/08/2025,37,0.3400629597248929
484,08/08/2025,37,0.3400629597248929
3287,08/08/2025,37,0.3400629597248929
5570,08/08/2025,37,0.3400629597248929
4977,08/08/2025,37,0.3400629597248929
9508,08/08/2025,37,0.3400629597248929
7123,08/08/2025,37,0.3400629597248929
9003,08/08/2025,37,0.3400629597248929
2212,08/08/2025,37,0.3400629597248929
6360,08/08/2025,37,0.3400629597248929
8783,08/08/2025,37,0.3400629597248929
5332,08/08/2025,37,0.3400629597248929
9609,08/08/2025,37,0.3400629597248929
7236,08/08/2025,37,0.3400629597248929
94,08/08/2025,37,0.3400629597248929
8918,08/08/2025,37,0.3400629597248929
3516,08/08/2025,37,0.3400629597248929
9448,08/08/2025,37,0.3400629597248929
9767,08/08/2025,37,0.3400629597248929
5737,08/08/2025,37,0.3400629597248929
7291,08/08/2025,37,0.3400629597248929
3751,08/08/2025,37,0.3400629597248929
9216,08/08/2025,37,0.3400629597248929
1127,08/08/2025,37,0.3400629597248929
4151,08/08/2025,37,0.3400629597248929
7013,08/08/2025,37,0.3400629597248929
9534,08/08/2025,37,0.3400629597248929
3225,08/08/2025,37,0.3400629597248929
8706,08/08/2025,37,0.3400629597248929
7187,08/08/2025,37,0.3400629597248929
2174,08/08/2025,37,0.3400629597248929
1195,08/08/2025,37,0.3400629597248929
4760,08/08/2025,37,0.3400629597248929
6145,08/08/2025,37,0.3400629597248929
4223,08/08/2025,37,0.3400629597248929
6349,08/08/2025,37,0.3400629597248929
3653,08/08/2025,37,0.3400629597248929
4143,08/08/2025,37,0.3400629597248929
5944,08/08/2025,37,0.3400629597248929
1907,08/08/2025,37,0.3400629597248929
7479,08/08/2025,37,0.3400629597248929
7301,08/08/2025,37,0.3400629597248929
7531,08/08/2025,37,0.3400629597248929
3134,08/08/2025,37,0.3400629597248929
8396,08/08/2025,37,0.3400629597248929
1497,08/08/2025,37,0.3400629597248929
1515,08/08/2025,37,0.3400629597248929
9889,08/08/2025,37,0.3400629597248928
9031,08/08/2025,37,0.3400629597248928
1877,08/08/2025,37,0.3400629597248928
5798,08/08/2025,37,0.3400629597248928
9606,08/08/2025,37,0.3400629597248928
307,08/08/2025,37,0.3400629597248928
2403,08/08/2025,37,0.3400629597248928
4974,08/08/2025,37,0.3400629597248928
9329,08/08/2025,37,0.3400629597248928
3587,08/08/2025,37,0.3400629597248928
9965,08/08/2025,37,0.3400629597248928
1729,08/08/2025,37,0.3400629597248928
601,08/08/2025,37,0.3400629597248928
6501,08/08/2025,37,0.3400629597248928
8493,04/09/2025,10,0.3345012628429276
914,04/09/2025,10,0.3345012628429276
6325,04/09/2025,10,0.3345012628429276
2464,04/09/2025,10,0.3345012628429276
3135,04/09/2025,10,0.3345012628429276
847,04/09/2025,10,0.3345012628429276
908,04/09/2025,10,0.3345012628429276
2466,04/09/2025,10,0.3345012628429276
6589,04/09/2025,10,0.3345012628429276
638,04/09/2025,10,0.3345012628429276
3,04/09/2025,10,0.3345012628429276
6397,04/09/2025,10,0.3345012628429276
6484,04/09/2025,10,0.3345012628429276
9920,04/09/2025,10,0.3345012628429276
232,04/09/2025,10,0.3345012628429276
2816,04/09/2025,10,0.3345012628429276
8242,04/09/2025,10,0.3345012628429276
848,04/09/2025,10,0.3345012628429276
6763,04/09/2025,10,0.3345012628429276
8050,04/09/2025,10,0.3345012628429276
3912,04/09/2025,10,0.3345012628429276
9532,04/09/2025,10,0.3345012628429276
5817,04/09/2025,10,0.3345012628429276
1738,04/09/2025,10,0.3345012628429276
5162,04/09/2025,10,0.3345012628429276
7250,04/09/2025,10,0.3345012628429276
3725,04/09/2025,10,0.3345012628429276
8151,04/09/2025,10,0.3345012628429276
7356,04/09/2025,10,0.3345012628429276
9186,04/09/2025,10,0.3345012628429276
5246,04/09/2025,10,0.3345012628429276
665,04/09/2025,10,0.3345012628429276
1589,04/09/2025,10,0.3345012628429276
9611,04/09/2025,10,0.3345012628429276
2725,04/09/2025,10,0.3345012628429276
7739,04/09/2025,10,0.3345012628429276
3300,04/09/2025,10,0.3345012628429276
9720,04/09/2025,10,0.3345012628429276
158,04/09/2025,10,0.3345012628429276
893,04/09/2025,10,0.3345012628429276
7803,04/09/2025,10,0.3345012628429276
9229,04/09/2025,10,0.3345012628429276
452,04/09/2025,10,0.3345012628429276
5105,04/09/2025,10,0.3345012628429276
2375,04/09/2025,10,0.3345012628429276
6092,04/09/2025,10,0.3345012628429276
900,04/09/2025,10,0.3345012628429276
1147,04/09/2025,10,0.3345012628429276
4508,04/09/2025,10,0.3345012628429276
1153,04/09/2025,10,0.3345012628429276
8134,04/09/2025,10,0.3345012628429276
3127,04/09/2025,10,0.3345012628429276
6553,04/09/2025,10,0.3345012628429276
3003,04/09/2025,10,0.3345012628429276
4084,04/09/2025,10,0.3345012628429276
6801,04/09/2025,10,0.3345012628429276
9264,04/09/2025,10,0.3345012628429276
353,04/09/2025,10,0.3345012628429276
8009,04/09/2025,10,0.3345012628429276
5724,04/09/2025,10,0.3345012628429276
6329,04/09/2025,10,0.3345012628429275
3344,04/09/2025,10,0.3345012628429275
4911,04/09/2025,10,0.3345012628429275
7698,04/09/2025,10,0.3345012628429275
3688,04/09/2025,10,0.3345012628429275
8753,04/09/2025,10,0.3345012628429275
2590,04/09/2025,10,0.3345012628429275
4181,04/09/2025,10,0.3345012628429275
8582,04/09/2025,10,0.3345012628429275
9714,04/09/2025,10,0.3345012628429275
5017,04/09/2025,10,0.3345012628429275
9417,04/09/2025,10,0.3345012628429275
7354,04/09/2025,10,0.3345012628429275
2506,04/09/2025,10,0.3345012628429275
2980,04/09/2025,10,0.3345012628429275
9975,04/09/2025,10,0.3345012628429275
9485,04/09/2025,10,0.3345012628429275
3299,04/09/2025,10,0.3345012628429275
9530,04/09/2025,10,0.3345012628429275
3174,04/09/2025,10,0.3345012628429275
6740,04/09/2025,10,0.3345012628429275
736,04/09/2025,10,0.3345012628429275
2606,04/09/2025,10,0.3345012628429275
5439,04/09/2025,10,0.3345012628429275
9670,04/09/2025,10,0.3345012628429275
6115,04/09/2025,10,0.3345012628429275
820,04/09/2025,10,0.3345012628429275
9471,04/09/2025,10,0.3345012628429275
1255,04/09/2025,10,0.3345012628429275
4245,04/09/2025,10,0.3345012628429275
5547,04/09/2025,10,0.3345012628429275
1902,04/09/2025,10,0.3345012628429275
3512,04/09/2025,10,0.3345012628429275
1592,04/09/2025,10,0.3345012628429275
4383,04/09/2025,10,0.3345012628429275
709,04/09/2025,10,0.3345012628429275
4810,04/09/2025,10,0.3345012628429275
9978,04/09/2025,10,0.3345012628429275
2418,04/09/2025,10,0.3345012628429275
3825,04/09/2025,10,0.3345012628429275
6056,04/09/2025,10,0.3345012628429275
7461,04/09/2025,10,0.3345012628429275
4044,04/09/2025,10,0.3345012628429275
5357,04/09/2025,10,0.3345012628429275
4271,04/09/2025,10,0.3345012628429275
342,04/09/2025,10,0.3345012628429275
2591,04/09/2025,10,0.3345012628429275
127,04/09/2025,10,0.3345012628429275
9860,04/09/2025,10,0.3345012628429275
4949,04/09/2025,10,0.3345012628429275
4663,04/09/2025,10,0.3345012628429275
2372,04/09/2025,10,0.3345012628429275
2407,04/09/2025,10,0.3345012628429275
2657,04/09/2025,10,0.3345012628429275
1335,04/09/2025,10,0.3345012628429275
7431,04/09/2025,10,0.3345012628429275
8333,04/09/2025,10,0.3345012628429275
394,04/09/2025,10,0.3345012628429275
2585,04/09/2025,10,0.3345012628429275
4389,04/09/2025,10,0.3345012628429275
884,04/09/2025,10,0.3345012628429275
3278,04/09/2025,10,0.3345012628429275
633,04/09/2025,10,0.3345012628429275
1792,04/09/2025,10,0.3345012628429275
5497,04/09/2025,10,0.3345012628429275
141,04/09/2025,10,0.3345012628429275
7999,04/09/2025,10,0.3345012628429275
8126,04/09/2025,10,0.3345012628429275
9060,04/09/2025,10,0.3345012628429275
3902,04/09/2025,10,0.3345012628429275
7682,04/09/2025,10,0.3345012628429275
5685,04/09/2025,10,0.3345012628429275
8588,04/09/2025,10,0.3345012628429275
6186,04/09/2025,10,0.3345012628429275
2660,04/09/2025,10,0.3345012628429275
114,04/09/2025,10,0.3345012628429275
6344,04/09/2025,10,0.3345012628429275
7295,04/09/2025,10,0.3345012628429275
7834,04/09/2025,10,0.3345012628429275
4798,04/09/2025,10,0.3345012628429275
9174,04/09/2025,10,0.3345012628429275
2102,04/09/2025,10,0.3345012628429275
7840,04/09/2025,10,0.3345012628429275
7393,04/09/2025,10,0.3345012628429275
3647,04/09/2025,10,0.3345012628429275
4594,04/09/2025,10,0.3345012628429275
3258,04/09/2025,10,0.3345012628429275
3424,04/09/2025,10,0.3345012628429275
1446,04/09/2025,10,0.3345012628429275
5218,04/09/2025,10,0.3345012628429275
4266,04/09/2025,10,0.3345012628429275
1368,04/09/2025,10,0.3345012628429275
1487,04/09/2025,10,0.3345012628429275
6286,04/09/2025,10,0.3345012628429275
3366,04/09/2025,10,0.3345012628429275
3508,04/09/2025,10,0.3345012628429275
1745,04/09/2025,10,0.3345012628429275
8086,04/09/2025,10,0.3345012628429275
9193,04/09/2025,10,0.3345012628429275
2177,04/09/2025,10,0.3345012628429275
9492,04/09/2025,10,0.3345012628429275
4888,04/09/2025,10,0.3345012628429275
8938,04/09/2025,10,0.3345012628429275
3001,04/09/2025,10,0.3345012628429275
3369,04/09/2025,10,0.3345012628429275
1344,04/09/2025,10,0.3345012628429275
75,04/09/2025,10,0.3345012628429275
2156,04/09/2025,10,0.3345012628429275
9688,04/09/2025,10,0.3345012628429275
5739,04/09/2025,10,0.3345012628429275
1306,04/09/2025,10,0.3345012628429275
5492,04/09/2025,10,0.3345012628429275
4159,04/09/2025,10,0.3345012628429275
559,04/09/2025,10,0.3345012628429275
9035,04/09/2025,10,0.3345012628429275
5345,04/09/2025,10,0.3345012628429275
3982,04/09/2025,10,0.3345012628429275
2313,04/09/2025,10,0.3345012628429275
2264,04/09/2025,10,0.3345012628429275
8224,04/09/2025,10,0.3345012628429275
812,04/09/2025,10,0.3345012628429275
8769,04/09/2025,10,0.3345012628429275
1083,04/09/2025,10,0.3345012628429275
7211,04/09/2025,10,0.3345012628429275
1783,04/09/2025,10,0.3345012628429275
4451,04/09/2025,10,0.3345012628429275
2858,04/09/2025,10,0.3345012628429275
8309,04/09/2025,10,0.3345012628429275
1774,04/09/2025,10,0.3345012628429275
3410,04/09/2025,10,0.3345012628429275
6324,04/09/2025,10,0.3345012628429275
155,04/09/2025,10,0.3345012628429275
3666,04/09/2025,10,0.3345012628429275
714,04/09/2025,10,0.3345012628429275
9167,04/09/2025,10,0.3345012628429275
8904,04/09/2025,10,0.3345012628429275
2005,04/09/2025,10,0.3345012628429275
6911,04/09/2025,10,0.3345012628429275
2839,04/09/2025,10,0.3345012628429275
4070,04/09/2025,10,0.3345012628429275
7921,04/09/2025,10,0.3345012628429275
9576,04/09/2025,10,0.3345012628429275
9657,04/09/2025,10,0.3345012628429275
743,04/09/2025,10,0.3345012628429275
6526,04/09/2025,10,0.3345012628429275
8308,04/09/2025,10,0.3345012628429275
2773,04/09/2025,10,0.3345012628429275
1850,04/09/2025,10,0.3345012628429275
9622,04/09/2025,10,0.3345012628429275
8745,04/09/2025,10,0.3345012628429275
8989,04/09/2025,10,0.3345012628429275
7548,04/09/2025,10,0.3345012628429275
7599,04/09/2025,10,0.3345012628429275
8401,04/09/2025,10,0.3345012628429275
6151,04/09/2025,10,0.3345012628429275
7622,04/09/2025,10,0.3345012628429275
9513,04/09/2025,10,0.3345012628429275
1341,04/09/2025,10,0.3345012628429275
9881,04/09/2025,10,0.3345012628429275
144,04/09/2025,10,0.3345012628429275
924,04/09/2025,10,0.3345012628429275
2920,04/09/2025,10,0.3345012628429275
2762,04/09/2025,10,0.3345012628429275
8034,04/09/2025,10,0.3345012628429275
6421,04/09/2025,10,0.3345012628429275
1356,04/09/2025,10,0.3345012628429275
6406,04/09/2025,10,0.3345012628429275
3753,04/09/2025,10,0.3345012628429275
9742,04/09/2025,10,0.3345012628429275
5337,04/09/2025,10,0.3345012628429275
9444,04/09/2025,10,0.3345012628429275
8014,04/09/2025,10,0.3345012628429275
7900,04/09/2025,10,0.3345012628429275
7346,04/09/2025,10,0.3345012628429275
5772,04/09/2025,10,0.3345012628429275
7117,04/09/2025,10,0.3345012628429275
278,04/09/2025,10,0.3345012628429274
1328,04/09/2025,10,0.3345012628429274
6699,04/09/2025,10,0.3345012628429274
2390,04/09/2025,10,0.3345012628429274
5389,04/09/2025,10,0.3345012628429274
5459,04/09/2025,10,0.3345012628429274
5890,04/09/2025,10,0.3345012628429274
9309,04/09/2025,10,0.3345012628429274
323,04/09/2025,10,0.3345012628429274
3115,04/09/2025,10,0.3345012628429274
8804,04/09/2025,10,0.3345012628429274
975,04/09/2025,10,0.3345012628429274
8400,04/09/2025,10,0.3345012628429274
873,04/09/2025,10,0.3345012628429274
3729,04/09/2025,10,0.3345012628429274
3403,04/09/2025,10,0.3345012628429274
7726,04/09/2025,10,0.3345012628429274
968,04/09/2025,10,0.3345012628429274
7080,04/09/2025,10,0.3345012628429274
7716,04/09/2025,10,0.3345012628429274
8770,04/09/2025,10,0.3345012628429274
8749,04/09/2025,10,0.3345012628429274
6628,04/09/2025,10,0.3345012628429274
9967,04/09/2025,10,0.3345012628429274
357,04/09/2025,10,0.3345012628429274
1787,04/09/2025,10,0.3345012628429274
3540,04/09/2025,10,0.3345012628429274
4409,04/09/2025,10,0.3345012628429274
7545,04/09/2025,10,0.3345012628429274
791,04/09/2025,10,0.3345012628429274
3190,04/09/2025,10,0.3345012628429274
8106,04/09/2025,10,0.3345012628429274
1187,04/09/2025,10,0.3345012628429274
8255,04/09/2025,10,0.3345012628429274
4540,04/09/2025,10,0.3345012628429274
1694,04/09/2025,10,0.3345012628429274
3575,04/09/2025,10,0.3345012628429274
2297,04/09/2025,10,0.3345012628429274
1776,04/09/2025,10,0.3345012628429274
5303,04/09/2025,10,0.3345012628429274
3961,04/09/2025,10,0.3345012628429274
9107,04/09/2025,10,0.3345012628429274
6799,04/09/2025,10,0.3345012628429274
1097,04/09/2025,10,0.3345012628429274
5738,04/09/2025,10,0.3345012628429274
48,04/09/2025,10,0.3345012628429274
8982,04/09/2025,10,0.33450126284292736
4907,04/09/2025,10,0.33450126284292736
5934,04/09/2025,10,0.33450126284292736
7809,04/09/2025,10,0.33450126284292736
3405,04/09/2025,10,0.33450126284292736
5312,04/09/2025,10,0.33450126284292736
3385,27/08/2025,18,0.33356926457369407
7619,27/08/2025,18,0.33356926457369407
4526,27/08/2025,18,0.33356926457369407
8431,27/08/2025,18,0.33356926457369407
593,27/08/2025,18,0.33356926457369407
8859,27/08/2025,18,0.33356926457369407
1380,27/08/2025,18,0.33356926457369407
4883,27/08/2025,18,0.33356926457369407
9519,27/08/2025,18,0.33356926457369407
7938,27/08/2025,18,0.33356926457369407
4986,27/08/2025,18,0.33356926457369396
7309,27/08/2025,18,0.33356926457369396
4787,27/08/2025,18,0.33356926457369396
8809,27/08/2025,18,0.33356926457369396
8373,27/08/2025,18,0.33356926457369396
7276,27/08/2025,18,0.33356926457369396
7495,27/08/2025,18,0.33356926457369396
1092,27/08/2025,18,0.33356926457369396
2566,27/08/2025,18,0.33356926457369396
2113,27/08/2025,18,0.33356926457369396
5746,27/08/2025,18,0.33356926457369396
6035,27/08/2025,18,0.33356926457369396
5665,27/08/2025,18,0.33356926457369396
85,27/08/2025,18,0.33356926457369396
5369,27/08/2025,18,0.33356926457369396
9011,27/08/2025,18,0.33356926457369396
9133,27/08/2025,18,0.33356926457369396
6376,27/08/2025,18,0.33356926457369396
2291,27/08/2025,18,0.33356926457369396
3719,27/08/2025,18,0.33356926457369396
8149,27/08/2025,18,0.33356926457369396
414,27/08/2025,18,0.33356926457369396
3057,27/08/2025,18,0.33356926457369396
5292,27/08/2025,18,0.33356926457369396
5884,27/08/2025,18,0.33356926457369396
2356,27/08/2025,18,0.33356926457369396
5400,27/08/2025,18,0.33356926457369396
3968,27/08/2025,18,0.33356926457369396
2958,27/08/2025,18,0.33356926457369396
7534,27/08/2025,18,0.33356926457369396
8524,27/08/2025,18,0.33356926457369396
4407,27/08/2025,18,0.33356926457369396
5699,27/08/2025,18,0.33356926457369396
8275,27/08/2025,18,0.33356926457369396
327,27/08/2025,18,0.33356926457369396
591,27/08/2025,18,0.33356926457369396
3295,27/08/2025,18,0.33356926457369396
3029,27/08/2025,18,0.33356926457369396
6663,27/08/2025,18,0.33356926457369396
6505,27/08/2025,18,0.33356926457369396
5761,27/08/2025,18,0.33356926457369396
6844,27/08/2025,18,0.33356926457369396
4189,27/08/2025,18,0.33356926457369396
1622,27/08/2025,18,0.33356926457369396
4020,27/08/2025,18,0.33356926457369396
8146,27/08/2025,18,0.33356926457369396
1920,27/08/2025,18,0.33356926457369396
829,27/08/2025,18,0.33356926457369396
5883,27/08/2025,18,0.33356926457369396
5319,27/08/2025,18,0.33356926457369396
9600,27/08/2025,18,0.33356926457369396
5763,27/08/2025,18,0.33356926457369396
3007,27/08/2025,18,0.33356926457369396
7389,27/08/2025,18,0.33356926457369396
6178,27/08/2025,18,0.33356926457369396
7416,27/08/2025,18,0.33356926457369396
2536,27/08/2025,18,0.33356926457369396
8528,27/08/2025,18,0.33356926457369396
8130,27/08/2025,18,0.33356926457369396
7011,27/08/2025,18,0.33356926457369396
3390,27/08/2025,18,0.33356926457369396
8852,27/08/2025,18,0.33356926457369396
6863,27/08/2025,18,0.33356926457369396
5273,27/08/2025,18,0.33356926457369396
9936,27/08/2025,18,0.33356926457369396
7294,27/08/2025,18,0.33356926457369396
4507,27/08/2025,18,0.33356926457369396
4422,27/08/2025,18,0.33356926457369396
6986,27/08/2025,18,0.33356926457369396
1983,27/08/2025,18,0.33356926457369396
1010,27/08/2025,18,0.33356926457369396
7033,27/08/2025,18,0.33356926457369396
9636,27/08/2025,18,0.33356926457369396
4290,27/08/2025,18,0.33356926457369396
9900,27/08/2025,18,0.3335692645736939
6309,27/08/2025,18,0.3335692645736939
2689,27/08/2025,18,0.3335692645736939
8568,27/08/2025,18,0.3335692645736939
7012,27/08/2025,18,0.3335692645736939
4855,27/08/2025,18,0.3335692645736939
662,27/08/2025,18,0.3335692645736939
4876,27/08/2025,18,0.3335692645736939
7725,27/08/2025,18,0.3335692645736939
1858,27/08/2025,18,0.3335692645736939
3602,27/08/2025,18,0.3335692645736939
9940,27/08/2025,18,0.3335692645736939
8408,27/08/2025,18,0.3335692645736939
4136,27/08/2025,18,0.3335692645736939
2282,27/08/2025,18,0.3335692645736939
5099,27/08/2025,18,0.3335692645736939
1572,27/08/2025,18,0.3335692645736939
441,27/08/2025,18,0.3335692645736939
3978,27/08/2025,18,0.3335692645736939
827,27/08/2025,18,0.3335692645736939
7269,27/08/2025,18,0.3335692645736939
1619,27/08/2025,18,0.3335692645736939
9919,27/08/2025,18,0.3335692645736939
3477,27/08/2025,18,0.3335692645736939
8741,27/08/2025,18,0.3335692645736939
1503,27/08/2025,18,0.3335692645736939
9116,27/08/2025,18,0.3335692645736939
6231,27/08/2025,18,0.3335692645736939
4519,27/08/2025,18,0.3335692645736939
4125,27/08/2025,18,0.3335692645736939
5244,27/08/2025,18,0.3335692645736939
3059,27/08/2025,18,0.3335692645736939
1576,27/08/2025,18,0.3335692645736939
1149,27/08/2025,18,0.3335692645736939
4825,27/08/2025,18,0.3335692645736939
6465,27/08/2025,18,0.3335692645736939
992,27/08/2025,18,0.3335692645736939
157,27/08/2025,18,0.3335692645736939
4103,27/08/2025,18,0.3335692645736939
7750,27/08/2025,18,0.3335692645736939
7603,27/08/2025,18,0.3335692645736939
3389,27/08/2025,18,0.3335692645736939
2114,27/08/2025,18,0.3335692645736939
129,27/08/2025,18,0.3335692645736939
2597,27/08/2025,18,0.3335692645736939
641,27/08/2025,18,0.3335692645736939
5773,27/08/2025,18,0.3335692645736939
8367,27/08/2025,18,0.3335692645736939
3536,27/08/2025,18,0.3335692645736939
2576,27/08/2025,18,0.3335692645736939
2833,27/08/2025,18,0.3335692645736939
7333,27/08/2025,18,0.3335692645736939
7047,27/08/2025,18,0.3335692645736939
5421,27/08/2025,18,0.3335692645736939
1146,27/08/2025,18,0.3335692645736939
8244,27/08/2025,18,0.3335692645736939
930,27/08/2025,18,0.3335692645736939
3037,27/08/2025,18,0.3335692645736939
407,27/08/2025,18,0.3335692645736939
1437,27/08/2025,18,0.3335692645736939
9079,27/08/2025,18,0.3335692645736939
1502,27/08/2025,18,0.3335692645736939
5654,27/08/2025,18,0.3335692645736939
8361,27/08/2025,18,0.3335692645736939
5066,27/08/2025,18,0.3335692645736939
1079,27/08/2025,18,0.3335692645736939
6071,27/08/2025,18,0.3335692645736939
1272,27/08/2025,18,0.3335692645736939
3712,27/08/2025,18,0.3335692645736939
1818,27/08/2025,18,0.3335692645736939
4710,27/08/2025,18,0.3335692645736939
7845,27/08/2025,18,0.3335692645736939
5794,27/08/2025,18,0.3335692645736939
7019,27/08/2025,18,0.3335692645736939
9010,27/08/2025,18,0.3335692645736939
9618,27/08/2025,18,0.3335692645736939
5923,27/08/2025,18,0.3335692645736939
8382,27/08/2025,18,0.3335692645736939
2575,27/08/2025,18,0.3335692645736939
6594,27/08/2025,18,0.3335692645736939
6528,27/08/2025,18,0.3335692645736939
1674,27/08/2025,18,0.3335692645736939
6042,27/08/2025,18,0.3335692645736939
2735,27/08/2025,18,0.33356926457369385
3397,27/08/2025,18,0.33356926457369385
4353,27/08/2025,18,0.33356926457369385
9363,27/08/2025,18,0.33356926457369385
1566,27/08/2025,18,0.33356926457369385
3144,27/08/2025,18,0.33356926457369385
6378,27/08/2025,18,0.33356926457369385
1654,27/08/2025,18,0.33356926457369385
2451,27/08/2025,18,0.33356926457369385
1372,27/08/2025,18,0.33356926457369385
1375,27/08/2025,18,0.33356926457369385
7874,27/08/2025,18,0.33356926457369385
3473,27/08/2025,18,0.33356926457369385
2803,27/08/2025,18,0.33356926457369385
7285,27/08/2025,18,0.33356926457369385
8023,27/08/2025,18,0.33356926457369385
8122,27/08/2025,18,0.33356926457369385
7684,27/08/2025,18,0.33356926457369385
3197,27/08/2025,18,0.33356926457369385
9460,27/08/2025,18,0.33356926457369385
7361,27/08/2025,18,0.33356926457369385
9715,27/08/2025,18,0.33356926457369385
7872,27/08/2025,18,0.33356926457369385
7982,27/08/2025,18,0.33356926457369385
5861,27/08/2025,18,0.33356926457369385
6731,27/08/2025,18,0.33356926457369385
7115,27/08/2025,18,0.33356926457369385
9841,27/08/2025,18,0.33356926457369385
2128,27/08/2025,18,0.33356926457369385
5111,27/08/2025,18,0.33356926457369374
1732,27/08/2025,18,0.33356926457369374
849,12/09/2025,2,0.3267298996088293
7882,12/09/2025,2,0.3267298996088293
9372,12/09/2025,2,0.3267298996088293
7776,12/09/2025,2,0.32672989960882926
8510,12/09/2025,2,0.32672989960882926
2153,12/09/2025,2,0.32672989960882926
4247,12/09/2025,2,0.32672989960882926
9088,12/09/2025,2,0.32672989960882926
5558,12/09/2025,2,0.32672989960882926
4025,12/09/2025,2,0.32672989960882926
6140,12/09/2025,2,0.32672989960882926
6979,12/09/2025,2,0.32672989960882926
8996,12/09/2025,2,0.32672989960882926
4917,12/09/2025,2,0.32672989960882926
2963,12/09/2025,2,0.32672989960882926
1229,12/09/2025,2,0.32672989960882926
3450,12/09/2025,2,0.32672989960882926
9892,12/09/2025,2,0.32672989960882926
1144,12/09/2025,2,0.32672989960882926
6464,12/09/2025,2,0.32672989960882926
7090,12/09/2025,2,0.32672989960882926
6976,12/09/2025,2,0.32672989960882926
735,12/09/2025,2,0.32672989960882926
8003,12/09/2025,2,0.32672989960882926
4339,12/09/2025,2,0.32672989960882926
4500,12/09/2025,2,0.32672989960882926
5626,12/09/2025,2,0.32672989960882926
6212,12/09/2025,2,0.32672989960882926
5297,12/09/2025,2,0.32672989960882926
5692,12/09/2025,2,0.32672989960882926
1547,12/09/2025,2,0.32672989960882926
1369,12/09/2025,2,0.32672989960882926
8145,12/09/2025,2,0.32672989960882926
7602,12/09/2025,2,0.32672989960882926
4649,12/09/2025,2,0.32672989960882926
8110,12/09/2025,2,0.32672989960882926
2103,12/09/2025,2,0.32672989960882926
1926,12/09/2025,2,0.32672989960882926
5680,12/09/2025,2,0.32672989960882926
614,12/09/2025,2,0.32672989960882926
3448,12/09/2025,2,0.32672989960882926
9717,12/09/2025,2,0.32672989960882926
9560,12/09/2025,2,0.32672989960882926
7837,12/09/2025,2,0.32672989960882926
8525,12/09/2025,2,0.32672989960882926
1122,12/09/2025,2,0.32672989960882926
7450,12/09/2025,2,0.32672989960882926
1985,12/09/2025,2,0.32672989960882926
2470,12/09/2025,2,0.32672989960882926
2441,12/09/2025,2,0.32672989960882926
2643,12/09/2025,2,0.32672989960882926
837,12/09/2025,2,0.32672989960882926
6305,12/09/2025,2,0.32672989960882926
1709,12/09/2025,2,0.32672989960882926
6886,12/09/2025,2,0.32672989960882926
4550,12/09/2025,2,0.32672989960882926
3558,12/09/2025,2,0.32672989960882926
912,12/09/2025,2,0.32672989960882926
1040,12/09/2025,2,0.32672989960882926
5376,12/09/2025,2,0.32672989960882926
7557,12/09/2025,2,0.32672989960882926
6893,12/09/2025,2,0.32672989960882926
5918,12/09/2025,2,0.32672989960882926
7844,12/09/2025,2,0.32672989960882926
8454,12/09/2025,2,0.32672989960882926
2446,12/09/2025,2,0.32672989960882926
7933,12/09/2025,2,0.32672989960882926
8651,12/09/2025,2,0.32672989960882926
4395,12/09/2025,2,0.32672989960882926
2275,12/09/2025,2,0.32672989960882926
9427,12/09/2025,2,0.32672989960882926
8595,12/09/2025,2,0.32672989960882926
3591,12/09/2025,2,0.32672989960882926
6892,12/09/2025,2,0.32672989960882926
6746,12/09/2025,2,0.32672989960882926
9734,12/09/2025,2,0.32672989960882926
8267,12/09/2025,2,0.32672989960882926
3998,12/09/2025,2,0.32672989960882926
4583,12/09/2025,2,0.32672989960882926
6800,12/09/2025,2,0.32672989960882926
4368,12/09/2025,2,0.32672989960882926
3831,12/09/2025,2,0.32672989960882926
2647,12/09/2025,2,0.32672989960882926
2564,12/09/2025,2,0.32672989960882926
6328,12/09/2025,2,0.32672989960882926
9422,12/09/2025,2,0.32672989960882926
6938,12/09/2025,2,0.32672989960882926
1033,12/09/2025,2,0.32672989960882926
4259,12/09/2025,2,0.32672989960882926
4614,12/09/2025,2,0.32672989960882926
9061,12/09/2025,2,0.32672989960882926
722,12/09/2025,2,0.32672989960882926
875,12/09/2025,2,0.32672989960882926
1357,12/09/2025,2,0.32672989960882926
153,12/09/2025,2,0.32672989960882926
2000,12/09/2025,2,0.32672989960882926
8967,12/09/2025,2,0.32672989960882926
6118,12/09/2025,2,0.32672989960882926
5807,12/09/2025,2,0.32672989960882926
356,12/09/2025,2,0.32672989960882926
5635,12/09/2025,2,0.32672989960882926
4587,12/09/2025,2,0.32672989960882926
9632,12/09/2025,2,0.32672989960882926
6697,12/09/2025,2,0.32672989960882926
2561,12/09/2025,2,0.32672989960882926
3918,12/09/2025,2,0.32672989960882926
2109,12/09/2025,2,0.32672989960882926
2890,12/09/2025,2,0.32672989960882926
6711,12/09/2025,2,0.32672989960882926
6005,12/09/2025,2,0.32672989960882926
3775,12/09/2025,2,0.32672989960882926
7339,12/09/2025,2,0.32672989960882926
1036,12/09/2025,2,0.32672989960882926
5460,12/09/2025,2,0.32672989960882926
8290,12/09/2025,2,0.32672989960882926
1725,12/09/2025,2,0.32672989960882926
1249,12/09/2025,2,0.32672989960882926
5910,12/09/2025,2,0.32672989960882926
7338,12/09/2025,2,0.32672989960882926
2272,12/09/2025,2,0.32672989960882926
9677,12/09/2025,2,0.32672989960882926
3090,12/09/2025,2,0.32672989960882926
4397,12/09/2025,2,0.32672989960882926
1290,12/09/2025,2,0.32672989960882926
776,12/09/2025,2,0.32672989960882926
1453,12/09/2025,2,0.32672989960882926
4835,12/09/2025,2,0.32672989960882926
6827,12/09/2025,2,0.32672989960882926
6660,12/09/2025,2,0.32672989960882926
8398,12/09/2025,2,0.32672989960882926
8403,12/09/2025,2,0.32672989960882926
1228,12/09/2025,2,0.32672989960882926
6737,12/09/2025,2,0.32672989960882926
1396,12/09/2025,2,0.32672989960882926
4674,12/09/2025,2,0.32672989960882926
8240,12/09/2025,2,0.32672989960882926
5201,12/09/2025,2,0.32672989960882926
8868,12/09/2025,2,0.32672989960882926
3125,12/09/2025,2,0.32672989960882926
8515,12/09/2025,2,0.32672989960882926
5895,12/09/2025,2,0.32672989960882926
2806,12/09/2025,2,0.32672989960882926
5576,12/09/2025,2,0.32672989960882914
3999,12/09/2025,2,0.32672989960882914
4348,12/09/2025,2,0.32672989960882914
1710,12/09/2025,2,0.32672989960882914
7676,12/09/2025,2,0.32672989960882914
6545,12/09/2025,2,0.32672989960882914
8765,12/09/2025,2,0.32672989960882914
7001,12/09/2025,2,0.32672989960882914
9334,12/09/2025,2,0.32672989960882914
7528,12/09/2025,2,0.32672989960882914
1081,12/09/2025,2,0.32672989960882914
1221,12/09/2025,2,0.32672989960882914
3799,12/09/2025,2,0.32672989960882914
2050,12/09/2025,2,0.32672989960882914
7064,12/09/2025,2,0.32672989960882914
564,12/09/2025,2,0.32672989960882914
6587,12/09/2025,2,0.32672989960882914
9703,12/09/2025,2,0.32672989960882914
235,12/09/2025,2,0.32672989960882914
1084,12/09/2025,2,0.32672989960882914
3137,12/09/2025,2,0.32672989960882914
4880,12/09/2025,2,0.32672989960882914
2352,12/09/2025,2,0.32672989960882914
7640,12/09/2025,2,0.32672989960882914
3749,12/09/2025,2,0.32672989960882914
7992,12/09/2025,2,0.32672989960882914
1066,12/09/2025,2,0.32672989960882914
2145,12/09/2025,2,0.32672989960882914
6342,12/09/2025,2,0.32672989960882914
2746,12/09/2025,2,0.32672989960882914
8536,12/09/2025,2,0.32672989960882914
3525,12/09/2025,2,0.32672989960882914
7312,12/09/2025,2,0.32672989960882914
1720,12/09/2025,2,0.32672989960882914
9988,12/09/2025,2,0.32672989960882914
2923,12/09/2025,2,0.32672989960882914
9693,12/09/2025,2,0.32672989960882914
9292,12/09/2025,2,0.32672989960882914
5336,12/09/2025,2,0.32672989960882914
8622,12/09/2025,2,0.32672989960882914
9392,12/09/2025,2,0.32672989960882914
5019,12/09/2025,2,0.32672989960882914
2521,12/09/2025,2,0.32672989960882914
6006,12/09/2025,2,0.32672989960882914
6798,12/09/2025,2,0.32672989960882914
8221,12/09/2025,2,0.32672989960882914
279,12/09/2025,2,0.32672989960882914
7649,12/09/2025,2,0.32672989960882914
8419,12/09/2025,2,0.32672989960882914
8212,12/09/2025,2,0.32672989960882914
8274,12/09/2025,2,0.32672989960882914
1956,12/09/2025,2,0.32672989960882914
6617,12/09/2025,2,0.32672989960882914
3897,12/09/2025,2,0.32672989960882914
713,12/09/2025,2,0.32672989960882914
4461,12/09/2025,2,0.32672989960882914
4772,12/09/2025,2,0.32672989960882914
9428,12/09/2025,2,0.32672989960882914
244,12/09/2025,2,0.32672989960882914
5754,12/09/2025,2,0.32672989960882914
6176,12/09/2025,2,0.32672989960882914
7590,12/09/2025,2,0.32672989960882914
8090,12/09/2025,2,0.32672989960882914
6469,12/09/2025,2,0.32672989960882914
9062,12/09/2025,2,0.32672989960882914
1805,12/09/2025,2,0.32672989960882914
9018,12/09/2025,2,0.32672989960882914
4654,12/09/2025,2,0.32672989960882914
1214,12/09/2025,2,0.32672989960882914
5806,12/09/2025,2,0.32672989960882914
3823,12/09/2025,2,0.32672989960882914
2192,12/09/2025,2,0.32672989960882914
3257,12/09/2025,2,0.32672989960882914
6122,12/09/2025,2,0.32672989960882914
9494,12/09/2025,2,0.32672989960882914
2120,12/09/2025,2,0.32672989960882914
6424,12/09/2025,2,0.32672989960882914
6691,12/09/2025,2,0.32672989960882914
1941,12/09/2025,2,0.32672989960882914
3652,12/09/2025,2,0.32672989960882914
6633,12/09/2025,2,0.32672989960882914
4240,12/09/2025,2,0.32672989960882914
9706,12/09/2025,2,0.32672989960882914
5079,12/09/2025,2,0.32672989960882914
1151,12/09/2025,2,0.32672989960882914
7586,12/09/2025,2,0.32672989960882914
4869,12/09/2025,2,0.32672989960882914
3133,12/09/2025,2,0.32672989960882914
5458,12/09/2025,2,0.32672989960882914
550,12/09/2025,2,0.32672989960882914
4311,12/09/2025,2,0.32672989960882914
4380,12/09/2025,2,0.32672989960882914
7988,12/09/2025,2,0.32672989960882914
7894,12/09/2025,2,0.32672989960882914
5827,12/09/2025,2,0.32672989960882914
8649,12/09/2025,2,0.32672989960882914
1316,12/09/2025,2,0.32672989960882914
7598,12/09/2025,2,0.32672989960882914
6564,12/09/2025,2,0.32672989960882914
7348,12/09/2025,2,0.32672989960882914
5446,12/09/2025,2,0.32672989960882914
6848,12/09/2025,2,0.32672989960882914
9943,12/09/2025,2,0.32672989960882914
423,12/09/2025,2,0.32672989960882914
1072,12/09/2025,2,0.32672989960882914
3820,12/09/2025,2,0.32672989960882914
927,12/09/2025,2,0.32672989960882914
3692,12/09/2025,2,0.32672989960882914
3315,12/09/2025,2,0.32672989960882914
1056,12/09/2025,2,0.32672989960882914
2175,12/09/2025,2,0.32672989960882914
1801,12/09/2025,2,0.32672989960882914
1996,12/09/2025,2,0.32672989960882914
7132,12/09/2025,2,0.32672989960882914
6221,12/09/2025,2,0.32672989960882914
6686,12/09/2025,2,0.32672989960882914
3469,12/09/2025,2,0.32672989960882914
672,12/09/2025,2,0.32672989960882914
9575,12/09/2025,2,0.32672989960882914
4928,12/09/2025,2,0.32672989960882914
6315,12/09/2025,2,0.32672989960882914
1829,12/09/2025,2,0.32672989960882914
9160,12/09/2025,2,0.32672989960882914
8270,12/09/2025,2,0.32672989960882914
1827,12/09/2025,2,0.32672989960882914
9907,12/09/2025,2,0.32672989960882914
2312,12/09/2025,2,0.32672989960882914
9631,12/09/2025,2,0.32672989960882914
995,12/09/2025,2,0.32672989960882914
3903,12/09/2025,2,0.32672989960882914
2675,12/09/2025,2,0.32672989960882914
8756,12/09/2025,2,0.32672989960882914
984,12/09/2025,2,0.32672989960882914
4200,12/09/2025,2,0.32672989960882914
4352,12/09/2025,2,0.32672989960882914
3916,12/09/2025,2,0.32672989960882914
4491,12/09/2025,2,0.32672989960882914
1813,12/09/2025,2,0.32672989960882914
110,12/09/2025,2,0.32672989960882914
7418,12/09/2025,2,0.32672989960882914
9684,12/09/2025,2,0.32672989960882914
6850,12/09/2025,2,0.32672989960882914
1608,12/09/2025,2,0.32672989960882914
5849,12/09/2025,2,0.32672989960882914
8697,12/09/2025,2,0.32672989960882914
4188,12/09/2025,2,0.32672989960882914
8006,12/09/2025,2,0.32672989960882914
8631,12/09/2025,2,0.32672989960882914
3951,12/09/2025,2,0.32672989960882914
3279,12/09/2025,2,0.32672989960882914
8763,12/09/2025,2,0.32672989960882914
5189,12/09/2025,2,0.32672989960882914
9784,12/09/2025,2,0.32672989960882914
4041,12/09/2025,2,0.32672989960882914
2071,12/09/2025,2,0.32672989960882914
2491,12/09/2025,2,0.32672989960882914
2648,12/09/2025,2,0.3267298996088291
9071,12/09/2025,2,0.3267298996088291
970,12/09/2025,2,0.3267298996088291
4501,12/09/2025,2,0.3267298996088291
3843,12/09/2025,2,0.3267298996088291
9132,12/09/2025,2,0.3267298996088291
6643,12/09/2025,2,0.3267298996088291
2953,12/09/2025,2,0.3267298996088291
969,12/09/2025,2,0.3267298996088291
793,12/09/2025,2,0.3267298996088291
7745,12/09/2025,2,0.3267298996088291
2552,12/09/2025,2,0.3267298996088291
5574,12/09/2025,2,0.3267298996088291
5679,12/09/2025,2,0.3267298996088291
9746,12/09/2025,2,0.3267298996088291
1567,12/09/2025,2,0.3267298996088291
135,12/09/2025,2,0.3267298996088291
2395,12/09/2025,2,0.3267298996088291
9570,12/09/2025,2,0.3267298996088291
5074,12/09/2025,2,0.3267298996088291
16,12/09/2025,2,0.3267298996088291
3926,12/09/2025,2,0.3267298996088291
4617,12/09/2025,2,0.3267298996088291
496,12/09/2025,2,0.3267298996088291
8084,12/09/2025,2,0.3267298996088291
9871,12/09/2025,2,0.3267298996088291
9790,12/09/2025,2,0.3267298996088291
2851,12/09/2025,2,0.3267298996088291
917,12/09/2025,2,0.3267298996088291
8079,12/09/2025,2,0.3267298996088291
5640,12/09/2025,2,0.3267298996088291
3601,12/09/2025,2,0.3267298996088291
592,12/09/2025,2,0.3267298996088291
1642,12/09/2025,2,0.3267298996088291
9571,12/09/2025,2,0.3267298996088291
477,12/09/2025,2,0.3267298996088291
3779,12/09/2025,2,0.3267298996088291
3738,12/09/2025,2,0.3267298996088291
302,12/09/2025,2,0.3267298996088291
7425,12/09/2025,2,0.3267298996088291
1280,12/09/2025,2,0.3267298996088291
4012,12/09/2025,2,0.3267298996088291
8598,12/09/2025,2,0.3267298996088291
275,12/09/2025,2,0.3267298996088291
6429,12/09/2025,2,0.3267298996088291
3665,12/09/2025,2,0.3267298996088291
4618,12/09/2025,2,0.3267298996088291
5177,12/09/2025,2,0.3267298996088291
4,12/09/2025,2,0.3267298996088291
9263,12/09/2025,2,0.32672989960882903
8317,13/08/2025,32,0.32068258949594297
9163,13/08/2025,32,0.32068258949594297
6453,13/08/2025,32,0.32068258949594297
7752,13/08/2025,32,0.32068258949594297
6126,13/08/2025,32,0.32068258949594297
5968,13/08/2025,32,0.32068258949594297
6479,13/08/2025,32,0.32068258949594297
2030,13/08/2025,32,0.32068258949594297
9203,13/08/2025,32,0.32068258949594297
1812,13/08/2025,32,0.32068258949594297
6900,13/08/2025,32,0.32068258949594297
3095,13/08/2025,32,0.32068258949594297
3904,13/08/2025,32,0.32068258949594297
4048,13/08/2025,32,0.32068258949594297
1473,13/08/2025,32,0.32068258949594297
8022,13/08/2025,32,0.32068258949594297
8681,13/08/2025,32,0.32068258949594297
41,13/08/2025,32,0.32068258949594297
8139,13/08/2025,32,0.32068258949594297
4694,13/08/2025,32,0.32068258949594297
5646,13/08/2025,32,0.32068258949594297
7772,13/08/2025,32,0.32068258949594297
4414,13/08/2025,32,0.32068258949594297
3010,13/08/2025,32,0.32068258949594297
5123,13/08/2025,32,0.32068258949594297
4968,13/08/2025,32,0.32068258949594297
9128,13/08/2025,32,0.32068258949594297
8303,13/08/2025,32,0.32068258949594297
8730,13/08/2025,32,0.32068258949594297
2439,13/08/2025,32,0.32068258949594297
7924,13/08/2025,32,0.32068258949594297
1703,13/08/2025,32,0.32068258949594286
3901,13/08/2025,32,0.32068258949594286
5561,13/08/2025,32,0.32068258949594286
2463,13/08/2025,32,0.32068258949594286
112,13/08/2025,32,0.32068258949594286
4510,13/08/2025,32,0.32068258949594286
3707,13/08/2025,32,0.32068258949594286
1549,13/08/2025,32,0.32068258949594286
835,13/08/2025,32,0.32068258949594286
4770,13/08/2025,32,0.32068258949594286
1992,13/08/2025,32,0.32068258949594286
3100,13/08/2025,32,0.32068258949594286
1004,13/08/2025,32,0.32068258949594286
583,13/08/2025,32,0.32068258949594286
9127,13/08/2025,32,0.32068258949594286
9973,13/08/2025,32,0.32068258949594286
8056,13/08/2025,32,0.32068258949594286
2393,13/08/2025,32,0.32068258949594286
7718,13/08/2025,32,0.32068258949594286
6132,13/08/2025,32,0.32068258949594286
5838,13/08/2025,32,0.32068258949594286
20,13/08/2025,32,0.32068258949594286
9723,13/08/2025,32,0.32068258949594286
1428,13/08/2025,32,0.32068258949594286
9743,13/08/2025,32,0.32068258949594286
5082,13/08/2025,32,0.32068258949594286
7767,13/08/2025,32,0.32068258949594286
460,13/08/2025,32,0.32068258949594286
8655,13/08/2025,32,0.32068258949594286
340,13/08/2025,32,0.32068258949594286
3759,13/08/2025,32,0.32068258949594286
9338,13/08/2025,32,0.32068258949594286
909,13/08/2025,32,0.32068258949594286
9256,13/08/2025,32,0.32068258949594286
6889,13/08/2025,32,0.32068258949594286
3731,13/08/2025,32,0.32068258949594286
3188,13/08/2025,32,0.32068258949594286
8143,13/08/2025,32,0.32068258949594286
7947,13/08/2025,32,0.32068258949594286
2029,13/08/2025,32,0.32068258949594286
5388,13/08/2025,32,0.32068258949594286
3251,13/08/2025,32,0.32068258949594286
9597,13/08/2025,32,0.32068258949594286
8986,13/08/2025,32,0.32068258949594286
2941,13/08/2025,32,0.32068258949594286
1383,13/08/2025,32,0.32068258949594286
2248,13/08/2025,32,0.32068258949594286
5522,13/08/2025,32,0.32068258949594286
7771,13/08/2025,32,0.32068258949594286
5649,13/08/2025,32,0.32068258949594286
7403,13/08/2025,32,0.32068258949594286
4131,13/08/2025,32,0.32068258949594286
3988,13/08/2025,32,0.32068258949594286
9383,13/08/2025,32,0.32068258949594286
2623,13/08/2025,32,0.32068258949594286
572,13/08/2025,32,0.32068258949594286
2888,13/08/2025,32,0.32068258949594286
6701,13/08/2025,32,0.32068258949594286
1095,13/08/2025,32,0.32068258949594286
2163,13/08/2025,32,0.32068258949594286
505,13/08/2025,32,0.32068258949594286
4179,13/08/2025,32,0.32068258949594286
5713,13/08/2025,32,0.32068258949594286
292,13/08/2025,32,0.32068258949594286
6875,13/08/2025,32,0.32068258949594286
7552,13/08/2025,32,0.32068258949594286
6210,13/08/2025,32,0.32068258949594286
9089,13/08/2025,32,0.32068258949594286
1984,13/08/2025,32,0.32068258949594286
9178,13/08/2025,32,0.32068258949594286
3317,13/08/2025,32,0.32068258949594286
7343,13/08/2025,32,0.32068258949594286
7699,13/08/2025,32,0.32068258949594286
9801,13/08/2025,32,0.32068258949594286
7066,13/08/2025,32,0.32068258949594286
3087,13/08/2025,32,0.32068258949594286
4814,13/08/2025,32,0.32068258949594286
317,13/08/2025,32,0.32068258949594286
6536,13/08/2025,32,0.32068258949594286
8548,13/08/2025,32,0.32068258949594286
3670,13/08/2025,32,0.3206825894959428
2093,13/08/2025,32,0.3206825894959428
8455,13/08/2025,32,0.3206825894959428
9080,13/08/2025,32,0.3206825894959428
2514,13/08/2025,32,0.3206825894959428
8724,13/08/2025,32,0.3206825894959428
8443,01/09/2025,13,0.31968290578098507
4466,01/09/2025,13,0.31968290578098507
5705,01/09/2025,13,0.31968290578098507
1555,01/09/2025,13,0.31968290578098507
9821,01/09/2025,13,0.31968290578098507
7569,01/09/2025,13,0.31968290578098507
7868,01/09/2025,13,0.31968290578098507
5729,01/09/2025,13,0.31968290578098507
119,01/09/2025,13,0.31968290578098507
9369,01/09/2025,13,0.31968290578098507
7170,01/09/2025,13,0.31968290578098507
2136,01/09/2025,13,0.31968290578098507
4925,01/09/2025,13,0.31968290578098507
3447,01/09/2025,13,0.31968290578098507
4771,01/09/2025,13,0.31968290578098507
6719,01/09/2025,13,0.31968290578098507
8326,01/09/2025,13,0.31968290578098507
8618,01/09/2025,13,0.31968290578098507
9096,01/09/2025,13,0.31968290578098507
5559,01/09/2025,13,0.31968290578098507
7205,01/09/2025,13,0.31968290578098507
5816,01/09/2025,13,0.31968290578098507
535,01/09/2025,13,0.31968290578098507
5938,01/09/2025,13,0.31968290578098507
7908,01/09/2025,13,0.31968290578098507
8206,01/09/2025,13,0.31968290578098507
5410,01/09/2025,13,0.31968290578098507
8245,01/09/2025,13,0.31968290578098507
2828,01/09/2025,13,0.31968290578098507
8737,01/09/2025,13,0.31968290578098507
6319,01/09/2025,13,0.31968290578098507
4341,01/09/2025,13,0.31968290578098507
1398,01/09/2025,13,0.319682905780985
3140,01/09/2025,13,0.319682905780985
1609,01/09/2025,13,0.319682905780985
5825,01/09/2025,13,0.319682905780985
8195,01/09/2025,13,0.319682905780985
8742,01/09/2025,13,0.319682905780985
9249,01/09/2025,13,0.319682905780985
939,01/09/2025,13,0.319682905780985
3620,01/09/2025,13,0.319682905780985
856,01/09/2025,13,0.319682905780985
2599,01/09/2025,13,0.319682905780985
178,01/09/2025,13,0.319682905780985
309,01/09/2025,13,0.319682905780985
5997,01/09/2025,13,0.319682905780985
2731,01/09/2025,13,0.319682905780985
4118,01/09/2025,13,0.319682905780985
2301,01/09/2025,13,0.319682905780985
6933,01/09/2025,13,0.319682905780985
4146,01/09/2025,13,0.319682905780985
5112,01/09/2025,13,0.319682905780985
8870,01/09/2025,13,0.319682905780985
2176,01/09/2025,13,0.319682905780985
5242,01/09/2025,13,0.319682905780985
1003,01/09/2025,13,0.319682905780985
5286,01/09/2025,13,0.319682905780985
4457,01/09/2025,13,0.319682905780985
1853,01/09/2025,13,0.319682905780985
6438,01/09/2025,13,0.319682905780985
841,01/09/2025,13,0.319682905780985
4141,01/09/2025,13,0.319682905780985
6322,01/09/2025,13,0.319682905780985
8943,01/09/2025,13,0.319682905780985
465,01/09/2025,13,0.319682905780985
1374,01/09/2025,13,0.319682905780985
5092,01/09/2025,13,0.319682905780985
6053,01/09/2025,13,0.319682905780985
8864,01/09/2025,13,0.319682905780985
3562,01/09/2025,13,0.319682905780985
195,01/09/2025,13,0.319682905780985
5128,01/09/2025,13,0.319682905780985
1599,01/09/2025,13,0.319682905780985
3353,01/09/2025,13,0.319682905780985
2499,01/09/2025,13,0.319682905780985
4086,01/09/2025,13,0.319682905780985
928,01/09/2025,13,0.319682905780985
6193,01/09/2025,13,0.319682905780985
1578,01/09/2025,13,0.319682905780985
5284,01/09/2025,13,0.319682905780985
9023,01/09/2025,13,0.319682905780985
3509,01/09/2025,13,0.319682905780985
3881,01/09/2025,13,0.319682905780985
4606,01/09/2025,13,0.319682905780985
7039,01/09/2025,13,0.319682905780985
2194,01/09/2025,13,0.319682905780985
3162,01/09/2025,13,0.319682905780985
2378,01/09/2025,13,0.319682905780985
3859,01/09/2025,13,0.319682905780985
2984,01/09/2025,13,0.319682905780985
685,01/09/2025,13,0.319682905780985
9679,01/09/2025,13,0.319682905780985
8020,01/09/2025,13,0.319682905780985
5118,01/09/2025,13,0.319682905780985
8988,01/09/2025,13,0.319682905780985
2140,01/09/2025,13,0.319682905780985
3805,01/09/2025,13,0.319682905780985
7920,01/09/2025,13,0.319682905780985
5595,01/09/2025,13,0.319682905780985
8879,01/09/2025,13,0.319682905780985
2027,01/09/2025,13,0.319682905780985
647,01/09/2025,13,0.319682905780985
1106,01/09/2025,13,0.319682905780985
4193,01/09/2025,13,0.319682905780985
9541,01/09/2025,13,0.319682905780985
9344,01/09/2025,13,0.319682905780985
6080,01/09/2025,13,0.319682905780985
5995,01/09/2025,13,0.319682905780985
4186,01/09/2025,13,0.319682905780985
6782,01/09/2025,13,0.319682905780985
8019,01/09/2025,13,0.319682905780985
3440,01/09/2025,13,0.319682905780985
6554,01/09/2025,13,0.319682905780985
7957,01/09/2025,13,0.319682905780985
6621,01/09/2025,13,0.319682905780985
8074,01/09/2025,13,0.319682905780985
1005,01/09/2025,13,0.319682905780985
5210,01/09/2025,13,0.319682905780985
3097,01/09/2025,13,0.319682905780985
1730,01/09/2025,13,0.319682905780985
6943,01/09/2025,13,0.319682905780985
2697,01/09/2025,13,0.319682905780985
9472,01/09/2025,13,0.319682905780985
9938,01/09/2025,13,0.319682905780985
174,01/09/2025,13,0.319682905780985
9129,01/09/2025,13,0.319682905780985
7783,01/09/2025,13,0.319682905780985
2268,01/09/2025,13,0.319682905780985
5755,01/09/2025,13,0.319682905780985
1468,01/09/2025,13,0.319682905780985
6481,01/09/2025,13,0.319682905780985
4768,01/09/2025,13,0.319682905780985
9314,01/09/2025,13,0.319682905780985
7426,01/09/2025,13,0.319682905780985
8183,01/09/2025,13,0.319682905780985
7990,01/09/2025,13,0.319682905780985
7377,01/09/2025,13,0.319682905780985
749,01/09/2025,13,0.319682905780985
8076,01/09/2025,13,0.319682905780985
5935,01/09/2025,13,0.319682905780985
9580,01/09/2025,13,0.319682905780985
4659,01/09/2025,13,0.319682905780985
7055,01/09/2025,13,0.319682905780985
8507,01/09/2025,13,0.319682905780985
7910,01/09/2025,13,0.319682905780985
4786,01/09/2025,13,0.319682905780985
9528,01/09/2025,13,0.319682905780985
621,01/09/2025,13,0.319682905780985
7781,01/09/2025,13,0.319682905780985
5804,01/09/2025,13,0.319682905780985
2823,01/09/2025,13,0.319682905780985
3969,01/09/2025,13,0.319682905780985
7848,01/09/2025,13,0.319682905780985
5190,01/09/2025,13,0.319682905780985
2661,01/09/2025,13,0.319682905780985
2438,01/09/2025,13,0.319682905780985
1623,01/09/2025,13,0.319682905780985
8287,01/09/2025,13,0.319682905780985
7814,01/09/2025,13,0.319682905780985
1334,01/09/2025,13,0.319682905780985
7616,01/09/2025,13,0.319682905780985
4551,01/09/2025,13,0.319682905780985
4716,01/09/2025,13,0.319682905780985
5927,01/09/2025,13,0.319682905780985
9020,01/09/2025,13,0.319682905780985
8637,01/09/2025,13,0.319682905780985
3899,01/09/2025,13,0.319682905780985
7744,01/09/2025,13,0.319682905780985
6143,01/09/2025,13,0.319682905780985
6627,01/09/2025,13,0.319682905780985
8806,01/09/2025,13,0.319682905780985
2178,01/09/2025,13,0.319682905780985
6003,01/09/2025,13,0.319682905780985
1438,01/09/2025,13,0.319682905780985
3241,01/09/2025,13,0.319682905780985
1285,01/09/2025,13,0.319682905780985
4449,01/09/2025,13,0.319682905780985
3141,01/09/2025,13,0.319682905780985
4468,01/09/2025,13,0.319682905780985
1463,01/09/2025,13,0.319682905780985
8514,01/09/2025,13,0.319682905780985
1840,01/09/2025,13,0.319682905780985
534,01/09/2025,13,0.319682905780985
5810,01/09/2025,13,0.319682905780985
5580,01/09/2025,13,0.319682905780985
8630,01/09/2025,13,0.319682905780985
5922,01/09/2025,13,0.319682905780985
6282,01/09/2025,13,0.319682905780985
6722,01/09/2025,13,0.319682905780985
5757,01/09/2025,13,0.319682905780985
3176,01/09/2025,13,0.319682905780985
7380,01/09/2025,13,0.319682905780985
9984,01/09/2025,13,0.319682905780985
4700,01/09/2025,13,0.319682905780985
8503,01/09/2025,13,0.319682905780985
2229,01/09/2025,13,0.319682905780985
999,01/09/2025,13,0.319682905780985
5121,01/09/2025,13,0.319682905780985
6927,01/09/2025,13,0.319682905780985
4582,01/09/2025,13,0.319682905780985
1519,01/09/2025,13,0.319682905780985
816,01/09/2025,13,0.319682905780985
3921,01/09/2025,13,0.319682905780985
7179,01/09/2025,13,0.319682905780985
6009,01/09/2025,13,0.319682905780985
1263,01/09/2025,13,0.319682905780985
9583,01/09/2025,13,0.319682905780985
2253,01/09/2025,13,0.319682905780985
6876,01/09/2025,13,0.319682905780985
9709,01/09/2025,13,0.319682905780985
956,01/09/2025,13,0.319682905780985
9623,01/09/2025,13,0.319682905780985
2600,01/09/2025,13,0.319682905780985
6307,01/09/2025,13,0.319682905780985
25,01/09/2025,13,0.319682905780985
3402,01/09/2025,13,0.319682905780985
2398,01/09/2025,13,0.319682905780985
751,01/09/2025,13,0.319682905780985
4420,01/09/2025,13,0.319682905780985
7182,01/09/2025,13,0.319682905780985
7968,01/09/2025,13,0.319682905780985
449,01/09/2025,13,0.319682905780985
5656,01/09/2025,13,0.319682905780985
4920,01/09/2025,13,0.319682905780985
9431,01/09/2025,13,0.319682905780985
7401,01/09/2025,13,0.319682905780985
7787,01/09/2025,13,0.319682905780985
3342,01/09/2025,13,0.319682905780985
9603,01/09/2025,13,0.319682905780985
6544,01/09/2025,13,0.319682905780985
8197,01/09/2025,13,0.319682905780985
4604,01/09/2025,13,0.319682905780985
6164,01/09/2025,13,0.319682905780985
2049,01/09/2025,13,0.31968290578098496
5329,01/09/2025,13,0.31968290578098496
9007,01/09/2025,13,0.31968290578098496
490,01/09/2025,13,0.31968290578098496
2266,01/09/2025,13,0.31968290578098496
17,01/09/2025,13,0.31968290578098496
1959,01/09/2025,13,0.31968290578098496
637,01/09/2025,13,0.31968290578098496
7985,01/09/2025,13,0.31968290578098496
8175,01/09/2025,13,0.31968290578098496
1073,01/08/2025,44,0.31735574016211554
5490,01/08/2025,44,0.31735574016211554
4094,01/08/2025,44,0.31735574016211554
3524,01/08/2025,44,0.31735574016211554
4818,01/08/2025,44,0.31735574016211554
4571,01/08/2025,44,0.31735574016211554
5046,01/08/2025,44,0.31735574016211554
4256,01/08/2025,44,0.31735574016211554
6428,01/08/2025,44,0.31735574016211554
861,01/08/2025,44,0.31735574016211554
9307,01/08/2025,44,0.31735574016211554
9376,01/08/2025,44,0.31735574016211554
9250,01/08/2025,44,0.31735574016211554
2117,01/08/2025,44,0.31735574016211554
2187,01/08/2025,44,0.31735574016211554
6585,01/08/2025,44,0.31735574016211554
2193,01/08/2025,44,0.3173557401621155
1333,01/08/2025,44,0.3173557401621155
7070,01/08/2025,44,0.3173557401621155
1030,01/08/2025,44,0.3173557401621155
8559,01/08/2025,44,0.3173557401621155
5300,01/08/2025,44,0.3173557401621155
4585,01/08/2025,44,0.3173557401621155
7222,01/08/2025,44,0.3173557401621155
7901,01/08/2025,44,0.3173557401621155
7020,01/08/2025,44,0.3173557401621155
2544,01/08/2025,44,0.3173557401621155
1610,01/08/2025,44,0.3173557401621155
7232,01/08/2025,44,0.3173557401621155
8320,01/08/2025,44,0.3173557401621155
1868,01/08/2025,44,0.3173557401621155
1148,01/08/2025,44,0.3173557401621155
6510,01/08/2025,44,0.3173557401621155
4889,01/08/2025,44,0.3173557401621155
3026,01/08/2025,44,0.3173557401621155
2992,01/08/2025,44,0.3173557401621155
169,01/08/2025,44,0.3173557401621155
2292,01/08/2025,44,0.3173557401621155
3531,01/08/2025,44,0.3173557401621155
4495,01/08/2025,44,0.3173557401621155
3658,01/08/2025,44,0.3173557401621155
3660,01/08/2025,44,0.3173557401621155
1697,01/08/2025,44,0.3173557401621155
3610,01/08/2025,44,0.3173557401621155
4152,01/08/2025,44,0.3173557401621155
8768,01/08/2025,44,0.3173557401621155
724,01/08/2025,44,0.3173557401621155
9257,01/08/2025,44,0.3173557401621155
236,01/08/2025,44,0.3173557401621155
7936,01/08/2025,44,0.3173557401621155
6577,01/08/2025,44,0.3173557401621155
1042,01/08/2025,44,0.3173557401621155
704,01/08/2025,44,0.3173557401621155
4264,01/08/2025,44,0.3173557401621155
2699,01/08/2025,44,0.3173557401621155
7395,01/08/2025,44,0.3173557401621155
921,01/08/2025,44,0.3173557401621155
2041,01/08/2025,44,0.3173557401621155
9311,01/08/2025,44,0.3173557401621155
2218,01/08/2025,44,0.3173557401621155
4826,01/08/2025,44,0.3173557401621155
4092,01/08/2025,44,0.3173557401621155
6755,01/08/2025,44,0.3173557401621155
3761,01/08/2025,44,0.3173557401621155
8650,01/08/2025,44,0.3173557401621155
925,01/08/2025,44,0.3173557401621155
3169,01/08/2025,44,0.3173557401621155
5567,01/08/2025,44,0.3173557401621155
2886,01/08/2025,44,0.3173557401621155
1954,01/08/2025,44,0.3173557401621155
4476,01/08/2025,44,0.3173557401621155
6124,01/08/2025,44,0.3173557401621155
9179,01/08/2025,44,0.3173557401621155
6615,01/08/2025,44,0.3173557401621155
610,01/08/2025,44,0.3173557401621155
6098,01/08/2025,44,0.3173557401621155
4779,01/08/2025,44,0.3173557401621155
4460,01/08/2025,44,0.3173557401621155
3710,01/08/2025,44,0.3173557401621155
5355,01/08/2025,44,0.31735574016211543
582,31/08/2025,14,0.3089450274175533
3408,31/08/2025,14,0.3089450274175533
1797,31/08/2025,14,0.3089450274175533
7370,31/08/2025,14,0.3089450274175533
1806,31/08/2025,14,0.3089450274175533
584,31/08/2025,14,0.3089450274175533
3233,31/08/2025,14,0.3089450274175533
7512,31/08/2025,14,0.3089450274175533
684,31/08/2025,14,0.3089450274175533
520,31/08/2025,14,0.3089450274175533
68,31/08/2025,14,0.3089450274175533
5131,31/08/2025,14,0.3089450274175533
7592,31/08/2025,14,0.3089450274175533
9856,31/08/2025,14,0.3089450274175533
6634,31/08/2025,14,0.3089450274175533
259,31/08/2025,14,0.3089450274175533
9317,31/08/2025,14,0.3089450274175533
9347,31/08/2025,14,0.3089450274175533
7261,31/08/2025,14,0.3089450274175533
213,31/08/2025,14,0.3089450274175533
9097,31/08/2025,14,0.3089450274175533
7594,31/08/2025,14,0.3089450274175533
3500,31/08/2025,14,0.3089450274175533
2584,31/08/2025,14,0.3089450274175533
2859,31/08/2025,14,0.3089450274175533
8621,31/08/2025,14,0.3089450274175533
7964,31/08/2025,14,0.3089450274175533
6272,31/08/2025,14,0.30894502741755325
3422,31/08/2025,14,0.30894502741755325
5192,31/08/2025,14,0.30894502741755325
7741,31/08/2025,14,0.30894502741755325
8037,31/08/2025,14,0.30894502741755325
8152,31/08/2025,14,0.30894502741755325
5818,31/08/2025,14,0.30894502741755325
2337,31/08/2025,14,0.30894502741755325
903,31/08/2025,14,0.30894502741755325
2522,31/08/2025,14,0.30894502741755325
2988,31/08/2025,14,0.30894502741755325
9261,31/08/2025,14,0.30894502741755325
2007,31/08/2025,14,0.30894502741755325
8930,31/08/2025,14,0.30894502741755325
310,31/08/2025,14,0.30894502741755325
5064,31/08/2025,14,0.30894502741755325
2947,31/08/2025,14,0.30894502741755325
4969,31/08/2025,14,0.30894502741755325
4603,31/08/2025,14,0.30894502741755325
9312,31/08/2025,14,0.30894502741755325
8827,31/08/2025,14,0.30894502741755325
2411,31/08/2025,14,0.30894502741755325
7694,31/08/2025,14,0.30894502741755325
8479,31/08/2025,14,0.30894502741755325
125,31/08/2025,14,0.30894502741755325
6859,31/08/2025,14,0.30894502741755325
5889,31/08/2025,14,0.30894502741755325
1559,31/08/2025,14,0.30894502741755325
5963,31/08/2025,14,0.30894502741755325
290,31/08/2025,14,0.30894502741755325
8102,31/08/2025,14,0.30894502741755325
5015,31/08/2025,14,0.30894502741755325
4035,31/08/2025,14,0.30894502741755325
6772,31/08/2025,14,0.30894502741755325
294,31/08/2025,14,0.30894502741755325
5985,31/08/2025,14,0.30894502741755325
4043,31/08/2025,14,0.30894502741755325
6689,31/08/2025,14,0.30894502741755325
9207,31/08/2025,14,0.30894502741755325
435,31/08/2025,14,0.30894502741755325
147,31/08/2025,14,0.30894502741755325
5354,31/08/2025,14,0.30894502741755325
725,31/08/2025,14,0.30894502741755325
7939,31/08/2025,14,0.30894502741755325
5999,31/08/2025,14,0.30894502741755325
8036,31/08/2025,14,0.30894502741755325
554,31/08/2025,14,0.30894502741755325
1028,31/08/2025,14,0.30894502741755325
7057,31/08/2025,14,0.30894502741755325
7667,31/08/2025,14,0.30894502741755325
2854,31/08/2025,14,0.30894502741755325
5039,31/08/2025,14,0.30894502741755325
2127,31/08/2025,14,0.30894502741755325
2495,31/08/2025,14,0.30894502741755325
8860,31/08/2025,14,0.30894502741755325
5931,31/08/2025,14,0.30894502741755325
6161,31/08/2025,14,0.30894502741755325
5117,31/08/2025,14,0.30894502741755325
560,31/08/2025,14,0.30894502741755325
416,31/08/2025,14,0.30894502741755325
4941,31/08/2025,14,0.30894502741755325
3599,31/08/2025,14,0.30894502741755325
7979,31/08/2025,14,0.30894502741755325
880,31/08/2025,14,0.30894502741755325
4512,31/08/2025,14,0.30894502741755325
533,31/08/2025,14,0.30894502741755325
4937,31/08/2025,14,0.30894502741755325
6820,31/08/2025,14,0.30894502741755325
2219,31/08/2025,14,0.30894502741755325
1390,31/08/2025,14,0.30894502741755325
9495,31/08/2025,14,0.30894502741755325
2483,31/08/2025,14,0.30894502741755325
5519,31/08/2025,14,0.30894502741755325
4531,31/08/2025,14,0.30894502741755325
6094,31/08/2025,14,0.30894502741755325
7728,31/08/2025,14,0.30894502741755325
7839,31/08/2025,14,0.30894502741755325
2512,31/08/2025,14,0.30894502741755325
1518,31/08/2025,14,0.30894502741755325
9328,31/08/2025,14,0.30894502741755325
1183,31/08/2025,14,0.30894502741755325
2900,31/08/2025,14,0.30894502741755325
5129,31/08/2025,14,0.30894502741755325
7394,31/08/2025,14,0.30894502741755325
766,31/08/2025,14,0.30894502741755325
5481,31/08/2025,14,0.30894502741755325
6929,31/08/2025,14,0.30894502741755325
3920,31/08/2025,14,0.30894502741755325
9270,31/08/2025,14,0.3089450274175532
9572,31/08/2025,14,0.3089450274175532
7551,31/08/2025,14,0.3089450274175532
3363,31/08/2025,14,0.3089450274175532
6158,31/08/2025,14,0.3089450274175532
3044,31/08/2025,14,0.3089450274175532
8789,31/08/2025,14,0.3089450274175532
8442,31/08/2025,14,0.3089450274175532
1261,31/08/2025,14,0.3089450274175532
8371,31/08/2025,14,0.3089450274175532
2914,31/08/2025,14,0.3089450274175532
1105,31/08/2025,14,0.3089450274175532
8610,31/08/2025,14,0.3089450274175532
8838,31/08/2025,14,0.3089450274175532
6063,31/08/2025,14,0.3089450274175532
1308,31/08/2025,14,0.3089450274175532
4432,31/08/2025,14,0.3089450274175532
2518,31/08/2025,14,0.3089450274175532
7252,31/08/2025,14,0.3089450274175532
2237,31/08/2025,14,0.3089450274175532
7519,31/08/2025,14,0.3089450274175532
190,31/08/2025,14,0.3089450274175532
3723,31/08/2025,14,0.3089450274175532
8882,31/08/2025,14,0.3089450274175532
3078,31/08/2025,14,0.3089450274175532
9091,31/08/2025,14,0.3089450274175532
4036,31/08/2025,14,0.3089450274175532
6398,31/08/2025,14,0.3089450274175532
3925,31/08/2025,14,0.3089450274175532
5939,31/08/2025,14,0.3089450274175532
9072,31/08/2025,14,0.3089450274175532
6984,31/08/2025,14,0.3089450274175532
4015,31/08/2025,14,0.3089450274175532
5958,31/08/2025,14,0.3089450274175532
6904,31/08/2025,14,0.3089450274175532
1326,31/08/2025,14,0.3089450274175532
6724,31/08/2025,14,0.3089450274175532
6858,31/08/2025,14,0.3089450274175532
4870,31/08/2025,14,0.3089450274175532
3952,31/08/2025,14,0.3089450274175532
6574,31/08/2025,14,0.3089450274175532
9098,31/08/2025,14,0.3089450274175532
1188,31/08/2025,14,0.3089450274175532
218,31/08/2025,14,0.3089450274175532
7419,31/08/2025,14,0.3089450274175532
2287,31/08/2025,14,0.3089450274175532
7357,31/08/2025,14,0.3089450274175532
8457,31/08/2025,14,0.3089450274175532
1739,31/08/2025,14,0.3089450274175532
7535,31/08/2025,14,0.3089450274175532
1795,31/08/2025,14,0.3089450274175532
6583,31/08/2025,14,0.3089450274175532
362,31/08/2025,14,0.3089450274175532
3832,31/08/2025,14,0.3089450274175532
7665,31/08/2025,14,0.3089450274175532
6174,31/08/2025,14,0.3089450274175532
6425,31/08/2025,14,0.3089450274175532
4632,31/08/2025,14,0.3089450274175532
6579,31/08/2025,14,0.3089450274175532
6923,31/08/2025,14,0.3089450274175532
4138,31/08/2025,14,0.3089450274175532
6133,31/08/2025,14,0.3089450274175532
5135,31/08/2025,14,0.3089450274175532
2286,31/08/2025,14,0.3089450274175532
9387,31/08/2025,14,0.3089450274175532
3208,31/08/2025,14,0.3089450274175532
4762,31/08/2025,14,0.3089450274175532
1601,31/08/2025,14,0.3089450274175532
2869,31/08/2025,14,0.3089450274175532
4214,31/08/2025,14,0.3089450274175532
5862,31/08/2025,14,0.3089450274175532
6956,31/08/2025,14,0.3089450274175532
6993,31/08/2025,14,0.3089450274175532
8476,31/08/2025,14,0.3089450274175532
217,31/08/2025,14,0.3089450274175532
7423,31/08/2025,14,0.3089450274175532
6864,31/08/2025,14,0.3089450274175532
1748,31/08/2025,14,0.3089450274175532
8815,31/08/2025,14,0.3089450274175532
3629,31/08/2025,14,0.3089450274175532
7607,31/08/2025,14,0.3089450274175532
4147,31/08/2025,14,0.3089450274175532
5805,31/08/2025,14,0.3089450274175532
7454,31/08/2025,14,0.3089450274175532
8892,31/08/2025,14,0.3089450274175532
6191,31/08/2025,14,0.3089450274175532
8572,31/08/2025,14,0.3089450274175532
7987,31/08/2025,14,0.3089450274175532
4959,31/08/2025,14,0.3089450274175532
6721,31/08/2025,14,0.3089450274175532
9807,31/08/2025,14,0.3089450274175532
6996,31/08/2025,14,0.3089450274175532
9147,31/08/2025,14,0.3089450274175532
734,31/08/2025,14,0.3089450274175532
2931,31/08/2025,14,0.3089450274175532
1501,31/08/2025,14,0.3089450274175532
8349,31/08/2025,14,0.3089450274175532
2172,31/08/2025,14,0.3089450274175532
7120,31/08/2025,14,0.3089450274175532
3661,31/08/2025,14,0.3089450274175532
9761,31/08/2025,14,0.3089450274175532
7967,31/08/2025,14,0.3089450274175532
7106,31/08/2025,14,0.3089450274175532
8641,31/08/2025,14,0.3089450274175532
1157,31/08/2025,14,0.3089450274175532
3103,31/08/2025,14,0.3089450274175532
1833,31/08/2025,14,0.3089450274175532
9191,31/08/2025,14,0.3089450274175532
2211,31/08/2025,14,0.3089450274175532
967,31/08/2025,14,0.3089450274175532
7790,31/08/2025,14,0.3089450274175532
7008,31/08/2025,14,0.3089450274175532
9848,28/03/2025,170,0.29671428571428576
3323,28/03/2025,170,0.29671428571428576
889,03/09/2025,11,0.2965128948611912
6188,03/09/2025,11,0.2965128948611912
6871,03/09/2025,11,0.2965128948611912
1869,03/09/2025,11,0.2965128948611912
1602,03/09/2025,11,0.2965128948611912
7658,03/09/2025,11,0.2965128948611912
6238,03/09/2025,11,0.2965128948611912
5259,03/09/2025,11,0.2965128948611912
3908,03/09/2025,11,0.2965128948611912
6635,03/09/2025,11,0.2965128948611912
7511,03/09/2025,11,0.2965128948611912
5628,03/09/2025,11,0.2965128948611912
6100,03/09/2025,11,0.2965128948611912
4478,03/09/2025,11,0.2965128948611912
4653,03/09/2025,11,0.2965128948611912
3027,03/09/2025,11,0.2965128948611912
4102,03/09/2025,11,0.2965128948611912
65,03/09/2025,11,0.2965128948611912
5537,03/09/2025,11,0.2965128948611912
629,03/09/2025,11,0.2965128948611912
9176,03/09/2025,11,0.2965128948611912
4704,03/09/2025,11,0.2965128948611912
7306,03/09/2025,11,0.2965128948611912
1125,03/09/2025,11,0.2965128948611912
972,03/09/2025,11,0.2965128948611912
3553,03/09/2025,11,0.2965128948611912
2873,03/09/2025,11,0.2965128948611912
1928,03/09/2025,11,0.2965128948611912
1647,03/09/2025,11,0.2965128948611912
4224,03/09/2025,11,0.2965128948611912
9300,03/09/2025,11,0.2965128948611912
5799,03/09/2025,11,0.2965128948611912
9461,03/09/2025,11,0.2965128948611912
8120,03/09/2025,11,0.2965128948611912
688,03/09/2025,11,0.2965128948611912
6593,03/09/2025,11,0.2965128948611912
7891,03/09/2025,11,0.2965128948611912
3116,03/09/2025,11,0.2965128948611912
596,03/09/2025,11,0.2965128948611912
8181,03/09/2025,11,0.2965128948611912
4679,03/09/2025,11,0.2965128948611912
2721,03/09/2025,11,0.2965128948611912
32,03/09/2025,11,0.2965128948611912
130,03/09/2025,11,0.2965128948611912
1409,03/09/2025,11,0.2965128948611912
5765,03/09/2025,11,0.2965128948611912
1484,03/09/2025,11,0.2965128948611912
6882,03/09/2025,11,0.2965128948611912
453,03/09/2025,11,0.2965128948611912
2711,03/09/2025,11,0.2965128948611912
8029,03/09/2025,11,0.2965128948611912
7554,03/09/2025,11,0.2965128948611912
2710,03/09/2025,11,0.2965128948611912
7263,03/09/2025,11,0.2965128948611912
413,03/09/2025,11,0.2965128948611912
5625,03/09/2025,11,0.2965128948611912
1594,03/09/2025,11,0.2965128948611912
8541,03/09/2025,11,0.2965128948611912
6559,03/09/2025,11,0.2965128948611912
525,03/09/2025,11,0.2965128948611912
5847,03/09/2025,11,0.2965128948611912
6723,03/09/2025,11,0.2965128948611912
5093,03/09/2025,11,0.2965128948611912
9102,03/09/2025,11,0.2965128948611912
8196,03/09/2025,11,0.2965128948611912
9123,03/09/2025,11,0.2965128948611912
6717,03/09/2025,11,0.2965128948611912
9932,03/09/2025,11,0.2965128948611912
9832,03/09/2025,11,0.2965128948611912
2638,03/09/2025,11,0.2965128948611912
5870,03/09/2025,11,0.2965128948611912
470,03/09/2025,11,0.2965128948611912
5971,03/09/2025,11,0.2965128948611912
6013,03/09/2025,11,0.2965128948611912
6150,03/09/2025,11,0.2965128948611912
5011,03/09/2025,11,0.2965128948611912
9457,03/09/2025,11,0.2965128948611912
5000,03/09/2025,11,0.2965128948611912
9196,03/09/2025,11,0.2965128948611912
8839,03/09/2025,11,0.2965128948611912
5686,03/09/2025,11,0.2965128948611912
7520,03/09/2025,11,0.2965128948611912
3296,03/09/2025,11,0.2965128948611912
4593,03/09/2025,11,0.2965128948611912
4638,03/09/2025,11,0.2965128948611912
3218,03/09/2025,11,0.2965128948611912
6250,03/09/2025,11,0.2965128948611912
2425,03/09/2025,11,0.2965128948611912
3816,03/09/2025,11,0.2965128948611912
5280,03/09/2025,11,0.2965128948611912
5186,03/09/2025,11,0.2965128948611912
1132,03/09/2025,11,0.2965128948611912
6280,03/09/2025,11,0.2965128948611912
5835,03/09/2025,11,0.2965128948611912
458,03/09/2025,11,0.2965128948611912
537,03/09/2025,11,0.2965128948611912
6659,03/09/2025,11,0.2965128948611912
6903,03/09/2025,11,0.2965128948611912
9,03/09/2025,11,0.2965128948611912
4955,03/09/2025,11,0.2965128948611912
8378,03/09/2025,11,0.2965128948611912
4950,03/09/2025,11,0.2965128948611912
7471,03/09/2025,11,0.2965128948611912
2547,03/09/2025,11,0.2965128948611912
1552,03/09/2025,11,0.2965128948611912
9069,03/09/2025,11,0.2965128948611912
3178,03/09/2025,11,0.29651289486119115
4428,03/09/2025,11,0.29651289486119115
5115,03/09/2025,11,0.29651289486119115
7417,03/09/2025,11,0.29651289486119115
5032,03/09/2025,11,0.29651289486119115
4206,03/09/2025,11,0.29651289486119115
2619,03/09/2025,11,0.29651289486119115
4241,03/09/2025,11,0.29651289486119115
4376,03/09/2025,11,0.29651289486119115
2843,03/09/2025,11,0.29651289486119115
681,03/09/2025,11,0.29651289486119115
8784,03/09/2025,11,0.29651289486119115
6855,03/09/2025,11,0.29651289486119115
8083,03/09/2025,11,0.29651289486119115
6434,03/09/2025,11,0.29651289486119115
8795,03/09/2025,11,0.29651289486119115
4492,03/09/2025,11,0.29651289486119115
6597,03/09/2025,11,0.29651289486119115
3207,03/09/2025,11,0.29651289486119115
5919,03/09/2025,11,0.29651289486119115
6389,03/09/2025,11,0.29651289486119115
6620,03/09/2025,11,0.29651289486119115
7256,03/09/2025,11,0.29651289486119115
7822,03/09/2025,11,0.29651289486119115
4442,03/09/2025,11,0.29651289486119115
1541,03/09/2025,11,0.29651289486119115
9065,03/09/2025,11,0.29651289486119115
1658,03/09/2025,11,0.29651289486119115
8072,03/09/2025,11,0.29651289486119115
8473,03/09/2025,11,0.29651289486119115
6051,03/09/2025,11,0.29651289486119115
951,03/09/2025,11,0.29651289486119115
1465,03/09/2025,11,0.29651289486119115
6206,03/09/2025,11,0.29651289486119115
1350,03/09/2025,11,0.29651289486119115
9972,03/09/2025,11,0.29651289486119115
7813,03/09/2025,11,0.29651289486119115
3795,03/09/2025,11,0.29651289486119115
1243,03/09/2025,11,0.29651289486119115
2417,03/09/2025,11,0.29651289486119115
7439,03/09/2025,11,0.29651289486119115
4645,03/09/2025,11,0.29651289486119115
3321,03/09/2025,11,0.29651289486119115
5016,03/09/2025,11,0.29651289486119115
2927,03/09/2025,11,0.29651289486119115
4374,03/09/2025,11,0.29651289486119115
429,03/09/2025,11,0.29651289486119115
7867,03/09/2025,11,0.29651289486119115
211,03/09/2025,11,0.29651289486119115
3938,03/09/2025,11,0.29651289486119115
8898,03/09/2025,11,0.29651289486119115
3324,03/09/2025,11,0.29651289486119115
5102,03/09/2025,11,0.29651289486119115
6533,03/09/2025,11,0.29651289486119115
4909,03/09/2025,11,0.29651289486119115
2493,03/09/2025,11,0.29651289486119115
8601,03/09/2025,11,0.29651289486119115
2649,03/09/2025,11,0.29651289486119115
2488,03/09/2025,11,0.29651289486119115
6712,03/09/2025,11,0.29651289486119115
4005,03/09/2025,11,0.29651289486119115
9346,03/09/2025,11,0.29651289486119115
5090,03/09/2025,11,0.29651289486119115
7510,03/09/2025,11,0.29651289486119115
238,03/09/2025,11,0.29651289486119115
2852,03/09/2025,11,0.29651289486119115
419,03/09/2025,11,0.29651289486119115
3362,03/09/2025,11,0.29651289486119115
7784,03/09/2025,11,0.29651289486119115
7126,03/09/2025,11,0.29651289486119115
3412,03/09/2025,11,0.29651289486119115
824,03/09/2025,11,0.29651289486119115
8092,03/09/2025,11,0.29651289486119115
9768,03/09/2025,11,0.29651289486119115
4828,03/09/2025,11,0.29651289486119115
628,03/09/2025,11,0.29651289486119115
5531,03/09/2025,11,0.29651289486119115
2369,03/09/2025,11,0.29651289486119115
9252,03/09/2025,11,0.29651289486119115
6359,03/09/2025,11,0.29651289486119115
1257,03/09/2025,11,0.29651289486119115
4467,03/09/2025,11,0.29651289486119115
338,03/09/2025,11,0.29651289486119115
8854,03/09/2025,11,0.29651289486119115
2663,03/09/2025,11,0.29651289486119115
4117,03/09/2025,11,0.29651289486119115
8762,03/09/2025,11,0.29651289486119115
6720,03/09/2025,11,0.29651289486119115
3041,03/09/2025,11,0.29651289486119115
577,03/09/2025,11,0.29651289486119115
1089,03/09/2025,11,0.29651289486119115
1017,03/09/2025,11,0.29651289486119115
6087,03/09/2025,11,0.29651289486119115
5690,03/09/2025,11,0.29651289486119115
2733,03/09/2025,11,0.29651289486119115
1865,03/09/2025,11,0.29651289486119115
6777,03/09/2025,11,0.29651289486119115
2868,03/09/2025,11,0.29651289486119115
78,03/09/2025,11,0.29651289486119115
4528,03/09/2025,11,0.29651289486119115
1386,03/09/2025,11,0.29651289486119115
2391,03/09/2025,11,0.29651289486119115
4990,03/09/2025,11,0.29651289486119115
4943,03/09/2025,11,0.29651289486119115
456,03/09/2025,11,0.29651289486119115
40,03/09/2025,11,0.29651289486119115
7105,03/09/2025,11,0.29651289486119115
7116,03/09/2025,11,0.29651289486119115
1614,03/09/2025,11,0.29651289486119115
5346,03/09/2025,11,0.29651289486119115
115,03/09/2025,11,0.29651289486119115
28,03/09/2025,11,0.29651289486119115
5534,03/09/2025,11,0.29651289486119115
9819,03/09/2025,11,0.29651289486119115
696,03/09/2025,11,0.29651289486119115
8999,03/09/2025,11,0.29651289486119115
4061,03/09/2025,11,0.29651289486119115
1307,03/09/2025,11,0.29651289486119115
8701,03/09/2025,11,0.29651289486119115
1831,03/09/2025,11,0.29651289486119115
6543,03/09/2025,11,0.29651289486119115
9533,03/09/2025,11,0.29651289486119115
4242,03/09/2025,11,0.29651289486119115
5073,03/09/2025,11,0.29651289486119115
7635,03/09/2025,11,0.29651289486119115
1673,03/09/2025,11,0.29651289486119115
4306,03/09/2025,11,0.29651289486119115
9599,03/09/2025,11,0.29651289486119115
857,03/09/2025,11,0.29651289486119115
5698,03/09/2025,11,0.29651289486119115
8429,03/09/2025,11,0.29651289486119115
2203,03/09/2025,11,0.29651289486119115
5602,03/09/2025,11,0.29651289486119115
1345,03/09/2025,11,0.29651289486119115
9194,03/09/2025,11,0.29651289486119115
7283,03/09/2025,11,0.29651289486119115
5382,03/09/2025,11,0.29651289486119115
6698,03/09/2025,11,0.29651289486119115
5378,03/09/2025,11,0.29651289486119115
3642,03/09/2025,11,0.29651289486119115
3358,03/09/2025,11,0.29651289486119115
5238,03/09/2025,11,0.29651289486119115
3784,03/09/2025,11,0.2965128948611911
6038,03/09/2025,11,0.2965128948611911
9015,03/09/2025,11,0.2965128948611911
5632,03/09/2025,11,0.2965128948611911
1233,03/09/2025,11,0.2965128948611911
5505,03/09/2025,11,0.2965128948611911
5401,03/09/2025,11,0.2965128948611911
3995,03/09/2025,11,0.2965128948611911
3465,03/09/2025,11,0.2965128948611911
2763,03/09/2025,11,0.2965128948611911
7648,03/09/2025,11,0.2965128948611911
6494,03/09/2025,11,0.2965128948611911
1367,03/09/2025,11,0.2965128948611911
8080,03/09/2025,11,0.2965128948611911
4543,03/09/2025,11,0.2965128948611911
7945,03/09/2025,11,0.2965128948611911
2864,03/09/2025,11,0.2965128948611911
8643,22/08/2025,23,0.290580911298795
8252,22/08/2025,23,0.290580911298795
8112,22/08/2025,23,0.290580911298795
3277,22/08/2025,23,0.290580911298795
9902,22/08/2025,23,0.290580911298795
1656,22/08/2025,23,0.290580911298795
3101,22/08/2025,23,0.290580911298795
2350,22/08/2025,23,0.290580911298795
4371,22/08/2025,23,0.290580911298795
3939,22/08/2025,23,0.290580911298795
2080,22/08/2025,23,0.290580911298795
7459,22/08/2025,23,0.290580911298795
7084,22/08/2025,23,0.290580911298795
3372,22/08/2025,23,0.290580911298795
297,22/08/2025,23,0.290580911298795
1202,22/08/2025,23,0.290580911298795
1460,22/08/2025,23,0.290580911298795
8077,22/08/2025,23,0.290580911298795
2263,22/08/2025,23,0.290580911298795
7948,22/08/2025,23,0.290580911298795
7167,22/08/2025,23,0.290580911298795
764,22/08/2025,23,0.290580911298795
2995,22/08/2025,23,0.290580911298795
5670,22/08/2025,23,0.290580911298795
630,22/08/2025,23,0.290580911298795
6954,22/08/2025,23,0.290580911298795
3765,22/08/2025,23,0.290580911298795
2025,22/08/2025,23,0.290580911298795
3671,22/08/2025,23,0.290580911298795
9449,22/08/2025,23,0.290580911298795
3472,22/08/2025,23,0.290580911298795
7991,22/08/2025,23,0.290580911298795
150,22/08/2025,23,0.290580911298795
77,22/08/2025,23,0.290580911298795
8306,22/08/2025,23,0.290580911298795
9221,22/08/2025,23,0.290580911298795
774,22/08/2025,23,0.290580911298795
6955,22/08/2025,23,0.290580911298795
7507,22/08/2025,23,0.290580911298795
5134,22/08/2025,23,0.290580911298795
2797,22/08/2025,23,0.290580911298795
3861,22/08/2025,23,0.290580911298795
6832,22/08/2025,23,0.290580911298795
8427,22/08/2025,23,0.290580911298795
3656,22/08/2025,23,0.290580911298795
2265,22/08/2025,23,0.290580911298795
8114,22/08/2025,23,0.290580911298795
9825,22/08/2025,23,0.290580911298795
3746,22/08/2025,23,0.290580911298795
950,22/08/2025,23,0.290580911298795
8066,22/08/2025,23,0.290580911298795
4841,22/08/2025,23,0.290580911298795
6034,22/08/2025,23,0.290580911298795
4729,22/08/2025,23,0.290580911298795
4827,22/08/2025,23,0.290580911298795
6454,22/08/2025,23,0.290580911298795
8653,22/08/2025,23,0.290580911298795
8929,22/08/2025,23,0.290580911298795
5789,22/08/2025,23,0.290580911298795
4944,22/08/2025,23,0.290580911298795
6302,22/08/2025,23,0.290580911298795
5871,22/08/2025,23,0.290580911298795
9302,22/08/2025,23,0.290580911298795
245,22/08/2025,23,0.290580911298795
8887,22/08/2025,23,0.290580911298795
1773,22/08/2025,23,0.290580911298795
7636,22/08/2025,23,0.290580911298795
6358,22/08/2025,23,0.290580911298795
5687,22/08/2025,23,0.290580911298795
9754,22/08/2025,23,0.290580911298795
9633,22/08/2025,23,0.290580911298795
1766,22/08/2025,23,0.290580911298795
826,22/08/2025,23,0.290580911298795
5946,22/08/2025,23,0.290580911298795
4363,22/08/2025,23,0.290580911298795
2540,22/08/2025,23,0.290580911298795
1065,22/08/2025,23,0.290580911298795
8908,22/08/2025,23,0.290580911298795
5854,22/08/2025,23,0.290580911298795
565,22/08/2025,23,0.29058091129879493
4464,22/08/2025,23,0.29058091129879493
7036,22/08/2025,23,0.29058091129879493
8450,22/08/2025,23,0.29058091129879493
9605,22/08/2025,23,0.29058091129879493
2433,22/08/2025,23,0.29058091129879493
8266,22/08/2025,23,0.29058091129879493
7606,22/08/2025,23,0.29058091129879493
300,22/08/2025,23,0.29058091129879493
6487,22/08/2025,23,0.29058091129879493
2505,22/08/2025,23,0.29058091129879493
2383,22/08/2025,23,0.29058091129879493
5157,22/08/2025,23,0.29058091129879493
9082,22/08/2025,23,0.29058091129879493
8438,22/08/2025,23,0.29058091129879493
2800,22/08/2025,23,0.29058091129879493
7125,22/08/2025,23,0.29058091129879493
3301,22/08/2025,23,0.29058091129879493
3872,22/08/2025,23,0.29058091129879493
8616,22/08/2025,23,0.29058091129879493
2580,22/08/2025,23,0.29058091129879493
8907,22/08/2025,23,0.29058091129879493
5859,22/08/2025,23,0.29058091129879493
1546,22/08/2025,23,0.29058091129879493
1422,22/08/2025,23,0.29058091129879493
7101,22/08/2025,23,0.29058091129879493
8981,22/08/2025,23,0.29058091129879493
6959,22/08/2025,23,0.29058091129879493
846,22/08/2025,23,0.29058091129879493
8060,22/08/2025,23,0.29058091129879493
4405,22/08/2025,23,0.29058091129879493
2328,22/08/2025,23,0.29058091129879493
9295,22/08/2025,23,0.29058091129879493
4591,22/08/2025,23,0.29058091129879493
3929,22/08/2025,23,0.29058091129879493
2857,22/08/2025,23,0.29058091129879493
209,22/08/2025,23,0.29058091129879493
3922,22/08/2025,23,0.29058091129879493
412,22/08/2025,23,0.29058091129879493
997,22/08/2025,23,0.29058091129879493
973,22/08/2025,23,0.29058091129879493
1981,22/08/2025,23,0.29058091129879493
1100,22/08/2025,23,0.29058091129879493
5110,22/08/2025,23,0.29058091129879493
6608,22/08/2025,23,0.29058091129879493
1314,22/08/2025,23,0.29058091129879493
3083,22/08/2025,23,0.29058091129879493
7524,22/08/2025,23,0.29058091129879493
2529,22/08/2025,23,0.29058091129879493
2846,22/08/2025,23,0.29058091129879493
9315,22/08/2025,23,0.29058091129879493
8391,22/08/2025,23,0.29058091129879493
3283,22/08/2025,23,0.29058091129879493
4856,22/08/2025,23,0.29058091129879493
699,22/08/2025,23,0.29058091129879493
9544,22/08/2025,23,0.29058091129879493
1173,22/08/2025,23,0.29058091129879493
9958,22/08/2025,23,0.29058091129879493
4824,22/08/2025,23,0.29058091129879493
7873,22/08/2025,23,0.29058091129879493
6695,22/08/2025,23,0.29058091129879493
1544,22/08/2025,23,0.29058091129879493
5480,22/08/2025,23,0.29058091129879493
1721,22/08/2025,23,0.29058091129879493
4178,22/08/2025,23,0.2905809112987949
7886,22/08/2025,23,0.2905809112987949
2332,22/08/2025,23,0.2905809112987949
4056,22/08/2025,23,0.2905809112987949
2322,22/08/2025,23,0.2905809112987949
5089,22/08/2025,23,0.2905809112987949
8720,22/08/2025,23,0.2905809112987949
9935,22/08/2025,23,0.2905809112987949
5269,22/08/2025,23,0.2905809112987949
9429,22/08/2025,23,0.2905809112987949
448,22/08/2025,23,0.2905809112987949
7196,22/08/2025,23,0.2905809112987949
9251,22/08/2025,23,0.2905809112987949
6789,22/08/2025,23,0.2905809112987949
6350,22/08/2025,23,0.2905809112987949
6228,10/09/2025,4,0.28174408936559275
7053,10/09/2025,4,0.28174408936559275
4329,10/09/2025,4,0.28174408936559275
2017,10/09/2025,4,0.28174408936559275
7438,10/09/2025,4,0.28174408936559275
7092,10/09/2025,4,0.28174408936559275
7522,10/09/2025,4,0.28174408936559275
5182,10/09/2025,4,0.28174408936559275
8866,10/09/2025,4,0.28174408936559275
5371,10/09/2025,4,0.28174408936559275
3452,10/09/2025,4,0.28174408936559275
2416,10/09/2025,4,0.28174408936559275
3319,10/09/2025,4,0.28174408936559275
6030,10/09/2025,4,0.28174408936559275
932,10/09/2025,4,0.28174408936559275
945,10/09/2025,4,0.28174408936559275
1276,10/09/2025,4,0.28174408936559275
3685,10/09/2025,4,0.28174408936559275
6870,10/09/2025,4,0.28174408936559275
4534,10/09/2025,4,0.28174408936559275
400,10/09/2025,4,0.28174408936559275
5833,10/09/2025,4,0.28174408936559275
5414,10/09/2025,4,0.2817440893655927
8354,10/09/2025,4,0.2817440893655927
4763,10/09/2025,4,0.2817440893655927
9866,10/09/2025,4,0.2817440893655927
2633,10/09/2025,4,0.2817440893655927
7683,10/09/2025,4,0.2817440893655927
6295,10/09/2025,4,0.2817440893655927
5230,10/09/2025,4,0.2817440893655927
3232,10/09/2025,4,0.2817440893655927
8960,10/09/2025,4,0.2817440893655927
5553,10/09/2025,4,0.2817440893655927
7541,10/09/2025,4,0.2817440893655927
2541,10/09/2025,4,0.2817440893655927
7031,10/09/2025,4,0.2817440893655927
5479,10/09/2025,4,0.2817440893655927
2826,10/09/2025,4,0.2817440893655927
8596,10/09/2025,4,0.2817440893655927
2023,10/09/2025,4,0.2817440893655927
8375,10/09/2025,4,0.2817440893655927
6869,10/09/2025,4,0.2817440893655927
3819,10/09/2025,4,0.2817440893655927
5422,10/09/2025,4,0.2817440893655927
361,10/09/2025,4,0.2817440893655927
3460,10/09/2025,4,0.2817440893655927
1093,10/09/2025,4,0.2817440893655927
6278,10/09/2025,4,0.2817440893655927
1742,10/09/2025,4,0.2817440893655927
2077,10/09/2025,4,0.2817440893655927
4686,10/09/2025,4,0.2817440893655927
7994,10/09/2025,4,0.2817440893655927
2409,10/09/2025,4,0.2817440893655927
6709,10/09/2025,4,0.2817440893655927
2052,10/09/2025,4,0.2817440893655927
8530,10/09/2025,4,0.2817440893655927
3157,10/09/2025,4,0.2817440893655927
6552,10/09/2025,4,0.2817440893655927
8474,10/09/2025,4,0.2817440893655927
6760,10/09/2025,4,0.2817440893655927
9976,10/09/2025,4,0.2817440893655927
3767,10/09/2025,4,0.2817440893655927
3699,10/09/2025,4,0.2817440893655927
1849,10/09/2025,4,0.2817440893655927
4560,10/09/2025,4,0.2817440893655927
3776,10/09/2025,4,0.2817440893655927
5517,10/09/2025,4,0.2817440893655927
7051,10/09/2025,4,0.2817440893655927
4209,10/09/2025,4,0.2817440893655927
5521,10/09/2025,4,0.2817440893655927
42,10/09/2025,4,0.2817440893655927
8636,10/09/2025,4,0.2817440893655927
424,10/09/2025,4,0.2817440893655927
9523,10/09/2025,4,0.2817440893655927
8502,10/09/2025,4,0.2817440893655927
2922,10/09/2025,4,0.2817440893655927
7850,10/09/2025,4,0.2817440893655927
6751,10/09/2025,4,0.2817440893655927
6007,10/09/2025,4,0.2817440893655927
594,10/09/2025,4,0.2817440893655927
5293,10/09/2025,4,0.2817440893655927
678,10/09/2025,4,0.2817440893655927
1953,10/09/2025,4,0.2817440893655927
877,10/09/2025,4,0.2817440893655927
2549,10/09/2025,4,0.2817440893655927
3928,10/09/2025,4,0.2817440893655927
2308,10/09/2025,4,0.2817440893655927
8399,10/09/2025,4,0.2817440893655927
9235,10/09/2025,4,0.2817440893655927
538,10/09/2025,4,0.2817440893655927
4440,10/09/2025,4,0.2817440893655927
4622,10/09/2025,4,0.2817440893655927
2214,10/09/2025,4,0.2817440893655927
9520,10/09/2025,4,0.2817440893655927
8269,10/09/2025,4,0.2817440893655927
2842,10/09/2025,4,0.2817440893655927
8923,10/09/2025,4,0.2817440893655927
3110,10/09/2025,4,0.2817440893655927
9030,10/09/2025,4,0.2817440893655927
1320,10/09/2025,4,0.2817440893655927
5146,10/09/2025,4,0.2817440893655927
5003,10/09/2025,4,0.2817440893655927
882,10/09/2025,4,0.2817440893655927
6026,10/09/2025,4,0.2817440893655927
7375,10/09/2025,4,0.2817440893655927
1049,10/09/2025,4,0.2817440893655927
5868,10/09/2025,4,0.2817440893655927
1991,10/09/2025,4,0.2817440893655927
5620,10/09/2025,4,0.2817440893655927
224,10/09/2025,4,0.2817440893655927
9624,10/09/2025,4,0.2817440893655927
2399,10/09/2025,4,0.2817440893655927
9820,10/09/2025,4,0.2817440893655927
7045,10/09/2025,4,0.2817440893655927
6998,10/09/2025,4,0.2817440893655927
5510,10/09/2025,4,0.2817440893655927
4470,10/09/2025,4,0.2817440893655927
9859,10/09/2025,4,0.2817440893655927
5250,10/09/2025,4,0.2817440893655927
7759,10/09/2025,4,0.2817440893655927
1910,10/09/2025,4,0.2817440893655927
7143,10/09/2025,4,0.2817440893655927
5530,10/09/2025,4,0.2817440893655927
3659,10/09/2025,4,0.2817440893655927
6953,10/09/2025,4,0.2817440893655927
3810,10/09/2025,4,0.2817440893655927
3333,10/09/2025,4,0.2817440893655927
9562,10/09/2025,4,0.2817440893655927
6951,10/09/2025,4,0.2817440893655927
5750,10/09/2025,4,0.2817440893655927
9395,10/09/2025,4,0.2817440893655927
7350,10/09/2025,4,0.2817440893655927
9779,10/09/2025,4,0.2817440893655927
6680,10/09/2025,4,0.2817440893655927
9414,10/09/2025,4,0.2817440893655927
4509,10/09/2025,4,0.2817440893655927
6354,10/09/2025,4,0.2817440893655927
2110,10/09/2025,4,0.2817440893655927
189,10/09/2025,4,0.2817440893655927
9552,10/09/2025,4,0.2817440893655927
2937,10/09/2025,4,0.2817440893655927
6630,10/09/2025,4,0.2817440893655927
4013,10/09/2025,4,0.2817440893655927
4634,10/09/2025,4,0.2817440893655927
8491,10/09/2025,4,0.2817440893655927
2220,10/09/2025,4,0.2817440893655927
4120,10/09/2025,4,0.2817440893655927
3033,10/09/2025,4,0.2817440893655927
9053,10/09/2025,4,0.2817440893655927
5318,10/09/2025,4,0.2817440893655927
330,10/09/2025,4,0.2817440893655927
2054,10/09/2025,4,0.2817440893655927
1617,10/09/2025,4,0.2817440893655927
1424,10/09/2025,4,0.2817440893655927
1520,10/09/2025,4,0.2817440893655927
9994,10/09/2025,4,0.2817440893655927
5563,10/09/2025,4,0.2817440893655927
556,10/09/2025,4,0.2817440893655927
1712,10/09/2025,4,0.2817440893655927
1511,10/09/2025,4,0.2817440893655927
4185,10/09/2025,4,0.2817440893655927
1185,10/09/2025,4,0.2817440893655927
7340,10/09/2025,4,0.2817440893655927
6611,10/09/2025,4,0.2817440893655927
6401,10/09/2025,4,0.2817440893655927
5454,10/09/2025,4,0.2817440893655927
7035,10/09/2025,4,0.2817440893655927
15,10/09/2025,4,0.2817440893655927
1832,10/09/2025,4,0.2817440893655927
8935,10/09/2025,4,0.2817440893655927
4714,10/09/2025,4,0.2817440893655927
9964,10/09/2025,4,0.2817440893655927
4529,10/09/2025,4,0.2817440893655927
9217,10/09/2025,4,0.2817440893655927
7079,10/09/2025,4,0.2817440893655927
4326,10/09/2025,4,0.2817440893655927
52,10/09/2025,4,0.2817440893655927
566,10/09/2025,4,0.2817440893655927
9772,10/09/2025,4,0.2817440893655927
2196,10/09/2025,4,0.2817440893655927
7420,10/09/2025,4,0.2817440893655927
7396,10/09/2025,4,0.2817440893655927
1847,10/09/2025,4,0.2817440893655927
8496,10/09/2025,4,0.2817440893655927
70,10/09/2025,4,0.2817440893655927
8123,10/09/2025,4,0.2817440893655927
9960,10/09/2025,4,0.2817440893655927
2137,10/09/2025,4,0.2817440893655927
1269,10/09/2025,4,0.2817440893655927
9826,10/09/2025,4,0.2817440893655927
530,10/09/2025,4,0.2817440893655927
304,10/09/2025,4,0.2817440893655927
2885,10/09/2025,4,0.2817440893655927
4749,10/09/2025,4,0.2817440893655927
2284,10/09/2025,4,0.2817440893655927
6064,10/09/2025,4,0.2817440893655927
9501,10/09/2025,4,0.2817440893655927
4003,10/09/2025,4,0.2817440893655927
3028,10/09/2025,4,0.2817440893655927
8002,10/09/2025,4,0.2817440893655927
5837,10/09/2025,4,0.2817440893655927
8946,10/09/2025,4,0.2817440893655927
3377,10/09/2025,4,0.2817440893655927
2664,10/09/2025,4,0.2817440893655927
4903,10/09/2025,4,0.2817440893655927
5903,10/09/2025,4,0.2817440893655927
8604,10/09/2025,4,0.2817440893655927
7730,10/09/2025,4,0.2817440893655927
8780,10/09/2025,4,0.2817440893655927
5294,10/09/2025,4,0.2817440893655927
9009,10/09/2025,4,0.2817440893655927
991,10/09/2025,4,0.2817440893655927
411,10/09/2025,4,0.2817440893655927
7614,10/09/2025,4,0.2817440893655927
1641,10/09/2025,4,0.2817440893655927
4297,10/09/2025,4,0.2817440893655927
7931,10/09/2025,4,0.2817440893655927
8048,10/09/2025,4,0.2817440893655927
4243,10/09/2025,4,0.2817440893655927
2472,10/09/2025,4,0.2817440893655927
9316,10/09/2025,4,0.2817440893655927
2085,10/09/2025,4,0.2817440893655927
4612,10/09/2025,4,0.2817440893655927
3797,10/09/2025,4,0.2817440893655927
9700,10/09/2025,4,0.2817440893655927
9228,10/09/2025,4,0.2817440893655927
3462,10/09/2025,4,0.2817440893655927
9099,10/09/2025,4,0.2817440893655927
188,10/09/2025,4,0.2817440893655927
9549,10/09/2025,4,0.2817440893655927
6380,10/09/2025,4,0.2817440893655927
4936,10/09/2025,4,0.2817440893655927
2545,10/09/2025,4,0.2817440893655927
3481,10/09/2025,4,0.2817440893655927
4687,10/09/2025,4,0.2817440893655927
5372,10/09/2025,4,0.2817440893655927
4939,10/09/2025,4,0.2817440893655927
9778,10/09/2025,4,0.2817440893655927
5256,10/09/2025,4,0.2817440893655927
7358,10/09/2025,4,0.2817440893655927
9397,10/09/2025,4,0.2817440893655927
1423,10/09/2025,4,0.2817440893655927
719,10/09/2025,4,0.2817440893655927
7887,10/09/2025,4,0.2817440893655927
5122,10/09/2025,4,0.2817440893655927
4251,10/09/2025,4,0.2817440893655927
9950,10/09/2025,4,0.2817440893655927
4866,10/09/2025,4,0.2817440893655927
6730,10/09/2025,4,0.2817440893655927
7311,10/09/2025,4,0.2817440893655927
1666,10/09/2025,4,0.2817440893655927
7086,10/09/2025,4,0.2817440893655927
2377,10/09/2025,4,0.2817440893655927
6622,10/09/2025,4,0.2817440893655927
9350,10/09/2025,4,0.2817440893655927
5585,10/09/2025,4,0.2817440893655927
8800,10/09/2025,4,0.2817440893655927
3748,10/09/2025,4,0.2817440893655927
9906,10/09/2025,4,0.2817440893655927
4660,10/09/2025,4,0.2817440893655927
3050,10/09/2025,4,0.2817440893655927
7160,10/09/2025,4,0.2817440893655927
4477,10/09/2025,4,0.2817440893655927
7324,10/09/2025,4,0.2817440893655927
6556,10/09/2025,4,0.2817440893655927
7421,10/09/2025,4,0.2817440893655927
7422,10/09/2025,4,0.2817440893655927
7841,10/09/2025,4,0.2817440893655927
2485,10/09/2025,4,0.2817440893655927
3281,10/09/2025,4,0.2817440893655927
6189,10/09/2025,4,0.2817440893655927
4675,10/09/2025,4,0.2817440893655927
4335,10/09/2025,4,0.2817440893655927
7763,10/09/2025,4,0.2817440893655927
8521,10/09/2025,4,0.2817440893655927
600,10/09/2025,4,0.2817440893655927
8148,10/09/2025,4,0.2817440893655927
8286,10/09/2025,4,0.2817440893655927
1291,10/09/2025,4,0.2817440893655927
3638,10/09/2025,4,0.2817440893655927
2517,10/09/2025,4,0.2817440893655927
2629,10/09/2025,4,0.2817440893655927
7434,10/09/2025,4,0.2817440893655927
8959,10/09/2025,4,0.2817440893655927
4412,10/09/2025,4,0.2817440893655927
9470,10/09/2025,4,0.2817440893655927
1994,10/09/2025,4,0.2817440893655927
9285,10/09/2025,4,0.2817440893655927
4703,10/09/2025,4,0.2817440893655927
937,10/09/2025,4,0.2817440893655927
4719,10/09/2025,4,0.2817440893655927
6079,10/09/2025,4,0.2817440893655927
7347,10/09/2025,4,0.2817440893655927
7018,10/09/2025,4,0.2817440893655927
6374,10/09/2025,4,0.2817440893655927
2001,10/09/2025,4,0.2817440893655927
2524,10/09/2025,4,0.28174408936559264
4416,10/09/2025,4,0.28174408936559264
1616,10/09/2025,4,0.28174408936559264
162,10/09/2025,4,0.28174408936559264
3411,10/09/2025,4,0.28174408936559264
228,10/09/2025,4,0.28174408936559264
7678,10/09/2025,4,0.28174408936559264
3005,10/09/2025,4,0.28174408936559264
2256,10/09/2025,4,0.28174408936559264
3624,10/09/2025,4,0.28174408936559264
5491,10/09/2025,4,0.28174408936559264
708,10/09/2025,4,0.28174408936559264
6326,10/09/2025,4,0.28174408936559264
6508,10/09/2025,4,0.28174408936559264
1001,10/09/2025,4,0.28174408936559264
8231,10/09/2025,4,0.28174408936559264
8187,10/09/2025,4,0.28174408936559264
8436,10/09/2025,4,0.28174408936559264
2241,10/09/2025,4,0.28174408936559264
9969,10/09/2025,4,0.28174408936559264
8544,10/09/2025,4,0.28174408936559264
8169,10/09/2025,4,0.28174408936559264
3417,10/09/2025,4,0.28174408936559264
4497,10/09/2025,4,0.28174408936559264
5502,10/09/2025,4,0.28174408936559264
6637,10/09/2025,4,0.28174408936559264
8075,10/09/2025,4,0.28174408936559264
7097,10/09/2025,4,0.28174408936559264
31,10/09/2025,4,0.28174408936559264
6463,10/09/2025,4,0.28174408936559264
1620,10/09/2025,4,0.28174408936559264
6808,10/09/2025,4,0.28174408936559264
187,10/09/2025,4,0.28174408936559264
5867,10/09/2025,4,0.28174408936559264
4253,06/09/2025,8,0.27423725331076726
3513,06/09/2025,8,0.27423725331076726
1338,06/09/2025,8,0.27423725331076726
7168,06/09/2025,8,0.27423725331076726
7442,06/09/2025,8,0.27423725331076726
7826,06/09/2025,8,0.27423725331076726
8883,06/09/2025,8,0.27423725331076726
1947,06/09/2025,8,0.27423725331076726
1022,06/09/2025,8,0.27423725331076726
3774,06/09/2025,8,0.27423725331076726
9377,06/09/2025,8,0.27423725331076726
9400,06/09/2025,8,0.27423725331076726
7320,06/09/2025,8,0.27423725331076726
1786,06/09/2025,8,0.27423725331076726
1493,06/09/2025,8,0.27423725331076726
5462,06/09/2025,8,0.27423725331076726
7411,06/09/2025,8,0.27423725331076726
3025,06/09/2025,8,0.27423725331076726
8889,06/09/2025,8,0.27423725331076726
6809,06/09/2025,8,0.27423725331076726
7069,06/09/2025,8,0.27423725331076726
7981,06/09/2025,8,0.27423725331076726
4667,06/09/2025,8,0.27423725331076726
1082,06/09/2025,8,0.27423725331076726
5759,06/09/2025,8,0.27423725331076726
372,06/09/2025,8,0.27423725331076726
5065,06/09/2025,8,0.27423725331076726
6388,06/09/2025,8,0.27423725331076726
5038,06/09/2025,8,0.27423725331076726
8817,06/09/2025,8,0.27423725331076726
2999,06/09/2025,8,0.27423725331076726
5615,06/09/2025,8,0.27423725331076726
6626,06/09/2025,8,0.27423725331076726
3451,06/09/2025,8,0.27423725331076726
1718,06/09/2025,8,0.27423725331076726
2201,06/09/2025,8,0.27423725331076726
2766,06/09/2025,8,0.27423725331076726
6639,06/09/2025,8,0.27423725331076726
1607,06/09/2025,8,0.27423725331076726
2617,06/09/2025,8,0.27423725331076726
2622,06/09/2025,8,0.27423725331076726
5136,06/09/2025,8,0.27423725331076726
1568,06/09/2025,8,0.27423725331076726
8573,06/09/2025,8,0.27423725331076726
7823,06/09/2025,8,0.27423725331076726
366,06/09/2025,8,0.27423725331076726
5606,06/09/2025,8,0.27423725331076726
9323,06/09/2025,8,0.27423725331076726
1099,06/09/2025,8,0.27423725331076726
254,06/09/2025,8,0.27423725331076726
7662,06/09/2025,8,0.27423725331076726
3850,06/09/2025,8,0.27423725331076726
7373,06/09/2025,8,0.27423725331076726
9564,06/09/2025,8,0.27423725331076726
2261,06/09/2025,8,0.27423725331076726
1925,06/09/2025,8,0.27423725331076726
359,06/09/2025,8,0.27423725331076726
5132,06/09/2025,8,0.27423725331076726
3020,06/09/2025,8,0.27423725331076726
5673,06/09/2025,8,0.27423725331076726
8668,06/09/2025,8,0.27423725331076726
955,06/09/2025,8,0.27423725331076726
8038,06/09/2025,8,0.27423725331076726
2208,06/09/2025,8,0.27423725331076726
5607,06/09/2025,8,0.27423725331076726
9928,06/09/2025,8,0.27423725331076726
6706,06/09/2025,8,0.27423725331076726
9210,06/09/2025,8,0.27423725331076726
108,06/09/2025,8,0.27423725331076726
2104,06/09/2025,8,0.27423725331076726
988,06/09/2025,8,0.27423725331076726
3404,06/09/2025,8,0.27423725331076726
2667,06/09/2025,8,0.27423725331076726
4198,06/09/2025,8,0.27423725331076726
1319,06/09/2025,8,0.27423725331076726
6201,06/09/2025,8,0.27423725331076726
2202,06/09/2025,8,0.27423725331076726
8977,06/09/2025,8,0.27423725331076726
1353,06/09/2025,8,0.27423725331076726
9959,06/09/2025,8,0.27423725331076726
8836,06/09/2025,8,0.27423725331076726
3594,06/09/2025,8,0.27423725331076726
399,06/09/2025,8,0.27423725331076726
438,06/09/2025,8,0.27423725331076726
5617,06/09/2025,8,0.27423725331076726
1789,06/09/2025,8,0.27423725331076726
8364,06/09/2025,8,0.27423725331076726
8728,06/09/2025,8,0.27423725331076726
329,06/09/2025,8,0.27423725331076726
6219,06/09/2025,8,0.27423725331076726
379,06/09/2025,8,0.27423725331076726
4851,06/09/2025,8,0.27423725331076726
1872,06/09/2025,8,0.27423725331076726
3574,06/09/2025,8,0.27423725331076726
6758,06/09/2025,8,0.27423725331076726
9589,06/09/2025,8,0.27423725331076726
6166,06/09/2025,8,0.27423725331076726
9055,06/09/2025,8,0.27423725331076726
3303,06/09/2025,8,0.27423725331076726
6856,06/09/2025,8,0.2742372533107672
8689,06/09/2025,8,0.2742372533107672
4896,06/09/2025,8,0.2742372533107672
4973,06/09/2025,8,0.2742372533107672
6395,06/09/2025,8,0.2742372533107672
5,06/09/2025,8,0.2742372533107672
295,06/09/2025,8,0.2742372533107672
4203,06/09/2025,8,0.2742372533107672
7014,06/09/2025,8,0.2742372533107672
1405,06/09/2025,8,0.2742372533107672
6393,06/09/2025,8,0.2742372533107672
2426,06/09/2025,8,0.2742372533107672
7102,06/09/2025,8,0.2742372533107672
301,06/09/2025,8,0.2742372533107672
3117,06/09/2025,8,0.2742372533107672
1756,06/09/2025,8,0.2742372533107672
6343,06/09/2025,8,0.2742372533107672
2231,06/09/2025,8,0.2742372533107672
9156,06/09/2025,8,0.2742372533107672
8736,06/09/2025,8,0.2742372533107672
1205,06/09/2025,8,0.2742372533107672
5516,06/09/2025,8,0.2742372533107672
9810,06/09/2025,8,0.2742372533107672
3418,06/09/2025,8,0.2742372533107672
175,06/09/2025,8,0.2742372533107672
3439,06/09/2025,8,0.2742372533107672
7337,06/09/2025,8,0.2742372533107672
4175,06/09/2025,8,0.2742372533107672
963,06/09/2025,8,0.2742372533107672
9299,06/09/2025,8,0.2742372533107672
9942,06/09/2025,8,0.2742372533107672
5174,06/09/2025,8,0.2742372533107672
3286,06/09/2025,8,0.2742372533107672
9558,06/09/2025,8,0.2742372533107672
7854,06/09/2025,8,0.2742372533107672
707,06/09/2025,8,0.2742372533107672
8111,06/09/2025,8,0.2742372533107672
4865,06/09/2025,8,0.2742372533107672
5954,06/09/2025,8,0.2742372533107672
6673,06/09/2025,8,0.2742372533107672
8241,06/09/2025,8,0.2742372533107672
8686,06/09/2025,8,0.2742372533107672
771,06/09/2025,8,0.2742372533107672
6961,06/09/2025,8,0.2742372533107672
6703,06/09/2025,8,0.2742372533107672
4505,06/09/2025,8,0.2742372533107672
8494,06/09/2025,8,0.2742372533107672
3727,06/09/2025,8,0.2742372533107672
9686,06/09/2025,8,0.2742372533107672
6412,06/09/2025,8,0.2742372533107672
270,06/09/2025,8,0.2742372533107672
124,06/09/2025,8,0.2742372533107672
7647,06/09/2025,8,0.2742372533107672
7365,06/09/2025,8,0.2742372533107672
6529,06/09/2025,8,0.2742372533107672
8571,06/09/2025,8,0.2742372533107672
3930,06/09/2025,8,0.2742372533107672
2809,06/09/2025,8,0.2742372533107672
5097,06/09/2025,8,0.2742372533107672
8920,06/09/2025,8,0.2742372533107672
8218,06/09/2025,8,0.2742372533107672
4421,06/09/2025,8,0.2742372533107672
9048,06/09/2025,8,0.2742372533107672
8520,06/09/2025,8,0.2742372533107672
3332,06/09/2025,8,0.2742372533107672
2821,06/09/2025,8,0.2742372533107672
2651,06/09/2025,8,0.2742372533107672
5961,06/09/2025,8,0.2742372533107672
5028,06/09/2025,8,0.2742372533107672
37,06/09/2025,8,0.2742372533107672
5894,06/09/2025,8,0.2742372533107672
173,06/09/2025,8,0.2742372533107672
6478,06/09/2025,8,0.2742372533107672
5815,06/09/2025,8,0.2742372533107672
8635,06/09/2025,8,0.2742372533107672
8243,06/09/2025,8,0.2742372533107672
3801,06/09/2025,8,0.2742372533107672
4914,06/09/2025,8,0.2742372533107672
7181,06/09/2025,8,0.2742372533107672
1842,06/09/2025,8,0.2742372533107672
9771,06/09/2025,8,0.2742372533107672
6931,06/09/2025,8,0.2742372533107672
5677,06/09/2025,8,0.2742372533107672
358,06/09/2025,8,0.2742372533107672
5040,06/09/2025,8,0.2742372533107672
3475,06/09/2025,8,0.2742372533107672
2906,06/09/2025,8,0.2742372533107672
4156,06/09/2025,8,0.2742372533107672
1220,06/09/2025,8,0.2742372533107672
1630,06/09/2025,8,0.2742372533107672
1790,06/09/2025,8,0.2742372533107672
7085,06/09/2025,8,0.2742372533107672
2513,06/09/2025,8,0.2742372533107672
3042,06/09/2025,8,0.2742372533107672
2913,06/09/2025,8,0.2742372533107672
4794,06/09/2025,8,0.2742372533107672
5450,06/09/2025,8,0.2742372533107672
9701,06/09/2025,8,0.2742372533107672
87,06/09/2025,8,0.2742372533107672
7462,06/09/2025,8,0.2742372533107672
4881,06/09/2025,8,0.2742372533107672
1711,06/09/2025,8,0.2742372533107672
7451,06/09/2025,8,0.2742372533107672
5455,06/09/2025,8,0.2742372533107672
7895,06/09/2025,8,0.2742372533107672
229,06/09/2025,8,0.2742372533107672
1135,06/09/2025,8,0.2742372533107672
3695,06/09/2025,8,0.2742372533107672
5587,06/09/2025,8,0.2742372533107672
9753,06/09/2025,8,0.2742372533107672
9729,06/09/2025,8,0.2742372533107672
3143,06/09/2025,8,0.2742372533107672
3354,06/09/2025,8,0.2742372533107672
6619,06/09/2025,8,0.2742372533107672
3612,06/09/2025,8,0.2742372533107672
3576,06/09/2025,8,0.2742372533107672
2459,06/09/2025,8,0.2742372533107672
3346,06/09/2025,8,0.2742372533107672
8863,06/09/2025,8,0.2742372533107672
8369,06/09/2025,8,0.2742372533107672
49,06/09/2025,8,0.2742372533107672
2554,06/09/2025,8,0.2742372533107672
3521,06/09/2025,8,0.2742372533107672
5980,06/09/2025,8,0.2742372533107672
8522,06/09/2025,8,0.2742372533107672
9783,06/09/2025,8,0.2742372533107672
3484,06/09/2025,8,0.2742372533107672
5556,06/09/2025,8,0.2742372533107672
1513,06/09/2025,8,0.2742372533107672
3821,06/09/2025,8,0.2742372533107672
2817,06/09/2025,8,0.2742372533107672
7707,06/09/2025,8,0.2742372533107672
3156,06/09/2025,8,0.2742372533107672
466,06/09/2025,8,0.2742372533107672
2690,06/09/2025,8,0.2742372533107672
805,06/09/2025,8,0.2742372533107672
1949,06/09/2025,8,0.2742372533107672
6926,06/09/2025,8,0.2742372533107672
1534,06/09/2025,8,0.2742372533107672
9168,06/09/2025,8,0.2742372533107672
9124,06/09/2025,8,0.2742372533107672
5430,06/09/2025,8,0.2742372533107672
7368,06/09/2025,8,0.2742372533107672
1461,06/09/2025,8,0.2742372533107672
618,06/09/2025,8,0.2742372533107672
8035,06/09/2025,8,0.2742372533107672
1019,06/09/2025,8,0.2742372533107672
2945,06/09/2025,8,0.2742372533107672
7865,06/09/2025,8,0.27423725331076715
5645,06/09/2025,8,0.27423725331076715
9086,06/09/2025,8,0.27423725331076715
8091,06/09/2025,8,0.27423725331076715
1251,06/09/2025,8,0.27423725331076715
4522,06/09/2025,8,0.27423725331076715
6245,06/09/2025,8,0.27423725331076715
3445,06/09/2025,8,0.27423725331076715
4893,06/09/2025,8,0.27423725331076715
5081,06/09/2025,8,0.27423725331076715
8485,06/09/2025,8,0.27423725331076715
7870,06/09/2025,8,0.27423725331076715
4620,06/09/2025,8,0.27423725331076715
8316,06/09/2025,8,0.27423725331076715
7207,06/09/2025,8,0.27423725331076715
3869,06/09/2025,8,0.27423725331076715
9702,06/09/2025,8,0.27423725331076715
1649,06/09/2025,8,0.27423725331076715
7634,06/09/2025,8,0.27423725331076715
5820,06/09/2025,8,0.27423725331076715
6387,06/09/2025,8,0.27423725331076715
1516,06/09/2025,8,0.27423725331076715
1781,06/09/2025,8,0.27423725331076715
59,06/09/2025,8,0.27423725331076715
1401,06/09/2025,8,0.27423725331076715
2924,06/09/2025,8,0.27423725331076715
6277,06/09/2025,8,0.27423725331076715
1203,06/09/2025,8,0.27423725331076715
3834,06/09/2025,8,0.27423725331076715
7679,06/09/2025,8,0.27423725331076715
6500,06/09/2025,8,0.27423725331076715
7239,06/09/2025,8,0.27423725331076715
7499,06/09/2025,8,0.27423725331076715
5257,06/09/2025,8,0.27423725331076715
9573,06/09/2025,8,0.27423725331076715
5526,06/09/2025,8,0.27423725331076715
84,06/09/2025,8,0.27423725331076715
4627,06/09/2025,8,0.27423725331076715
4379,06/09/2025,8,0.27423725331076715
170,06/09/2025,8,0.27423725331076715
1449,06/09/2025,8,0.27423725331076715
3052,06/09/2025,8,0.27423725331076715
5100,06/09/2025,8,0.27423725331076715
1581,20/08/2025,25,0.27411966840472163
4822,20/08/2025,25,0.27411966840472163
8934,20/08/2025,25,0.27411966840472163
4863,20/08/2025,25,0.27411966840472163
9851,20/08/2025,25,0.27411966840472163
8903,20/08/2025,25,0.27411966840472163
8031,20/08/2025,25,0.27411966840472163
3966,20/08/2025,25,0.27411966840472163
1027,20/08/2025,25,0.27411966840472163
4904,20/08/2025,25,0.27411966840472163
3433,20/08/2025,25,0.27411966840472163
6654,20/08/2025,25,0.27411966840472163
2877,20/08/2025,25,0.27411966840472163
3994,20/08/2025,25,0.27411966840472163
2478,20/08/2025,25,0.27411966840472163
5748,20/08/2025,25,0.27411966840472163
7287,20/08/2025,25,0.27411966840472163
6666,20/08/2025,25,0.27411966840472163
2707,20/08/2025,25,0.27411966840472163
9748,20/08/2025,25,0.27411966840472163
2671,20/08/2025,25,0.27411966840472163
7821,20/08/2025,25,0.27411966840472163
960,20/08/2025,25,0.27411966840472163
4345,20/08/2025,25,0.27411966840472163
7626,20/08/2025,25,0.27411966840472163
4105,20/08/2025,25,0.27411966840472163
9017,20/08/2025,25,0.27411966840472163
5756,20/08/2025,25,0.27411966840472163
1606,20/08/2025,25,0.27411966840472163
1768,20/08/2025,25,0.27411966840472163
2829,20/08/2025,25,0.27411966840472163
6822,20/08/2025,25,0.27411966840472163
6144,20/08/2025,25,0.27411966840472163
4337,20/08/2025,25,0.27411966840472163
163,20/08/2025,25,0.27411966840472163
7930,20/08/2025,25,0.27411966840472163
4527,20/08/2025,25,0.27411966840472163
2662,20/08/2025,25,0.27411966840472163
4106,20/08/2025,25,0.27411966840472163
3571,20/08/2025,25,0.27411966840472163
3839,20/08/2025,25,0.27411966840472163
7773,20/08/2025,25,0.27411966840472163
1930,20/08/2025,25,0.27411966840472163
1976,20/08/2025,25,0.27411966840472163
651,20/08/2025,25,0.27411966840472163
4652,20/08/2025,25,0.27411966840472163
3818,20/08/2025,25,0.27411966840472163
3866,20/08/2025,25,0.27411966840472163
8201,20/08/2025,25,0.27411966840472163
1969,20/08/2025,25,0.27411966840472163
1863,20/08/2025,25,0.27411966840472163
9218,20/08/2025,25,0.27411966840472163
8405,20/08/2025,25,0.27411966840472163
2520,20/08/2025,25,0.27411966840472163
744,20/08/2025,25,0.27411966840472163
1693,20/08/2025,25,0.27411966840472163
3467,20/08/2025,25,0.27411966840472163
8509,20/08/2025,25,0.27411966840472163
8445,20/08/2025,25,0.27411966840472163
1182,20/08/2025,25,0.27411966840472163
9766,20/08/2025,25,0.27411966840472163
3538,20/08/2025,25,0.27411966840472163
1754,20/08/2025,25,0.27411966840472163
2327,20/08/2025,25,0.27411966840472163
562,20/08/2025,25,0.27411966840472163
8545,20/08/2025,25,0.27411966840472163
3971,20/08/2025,25,0.27411966840472163
5499,20/08/2025,25,0.27411966840472163
95,20/08/2025,25,0.27411966840472163
8725,20/08/2025,25,0.27411966840472163
8966,20/08/2025,25,0.27411966840472163
417,20/08/2025,25,0.27411966840472163
5187,20/08/2025,25,0.27411966840472163
7881,20/08/2025,25,0.27411966840472163
99,20/08/2025,25,0.27411966840472163
6198,20/08/2025,25,0.27411966840472163
7262,20/08/2025,25,0.27411966840472163
4387,20/08/2025,25,0.27411966840472163
1252,20/08/2025,25,0.27411966840472163
9119,20/08/2025,25,0.27411966840472163
3215,20/08/2025,25,0.27411966840472163
58,20/08/2025,25,0.2741196684047216
5324,20/08/2025,25,0.2741196684047216
3442,20/08/2025,25,0.2741196684047216
2057,20/08/2025,25,0.2741196684047216
1096,20/08/2025,25,0.2741196684047216
5893,20/08/2025,25,0.2741196684047216
8878,20/08/2025,25,0.2741196684047216
9846,20/08/2025,25,0.2741196684047216
5114,20/08/2025,25,0.2741196684047216
9641,20/08/2025,25,0.2741196684047216
1178,20/08/2025,25,0.2741196684047216
942,20/08/2025,25,0.2741196684047216
5432,20/08/2025,25,0.2741196684047216
2224,20/08/2025,25,0.2741196684047216
8512,20/08/2025,25,0.2741196684047216
1635,20/08/2025,25,0.2741196684047216
2683,20/08/2025,25,0.2741196684047216
9171,20/08/2025,25,0.2741196684047216
7681,20/08/2025,25,0.2741196684047216
1313,20/08/2025,25,0.2741196684047216
8344,20/08/2025,25,0.2741196684047216
7238,20/08/2025,25,0.2741196684047216
4666,20/08/2025,25,0.2741196684047216
728,20/08/2025,25,0.2741196684047216
8348,20/08/2025,25,0.2741196684047216
8919,20/08/2025,25,0.2741196684047216
1225,20/08/2025,25,0.2741196684047216
933,20/08/2025,25,0.2741196684047216
8679,20/08/2025,25,0.2741196684047216
740,20/08/2025,25,0.2741196684047216
3438,20/08/2025,25,0.2741196684047216
4503,20/08/2025,25,0.2741196684047216
3976,20/08/2025,25,0.2741196684047216
3552,20/08/2025,25,0.2741196684047216
5800,20/08/2025,25,0.2741196684047216
7464,20/08/2025,25,0.2741196684047216
1935,20/08/2025,25,0.2741196684047216
6513,20/08/2025,25,0.2741196684047216
1923,20/08/2025,25,0.2741196684047216
5742,20/08/2025,25,0.2741196684047216
4423,20/08/2025,25,0.2741196684047216
391,20/08/2025,25,0.2741196684047216
7169,20/08/2025,25,0.2741196684047216
3388,20/08/2025,25,0.2741196684047216
6384,20/08/2025,25,0.2741196684047216
2902,20/08/2025,25,0.2741196684047216
7078,20/08/2025,25,0.2741196684047216
4557,20/08/2025,25,0.2741196684047216
6902,20/08/2025,25,0.2741196684047216
1678,20/08/2025,25,0.2741196684047216
9223,20/08/2025,25,0.2741196684047216
2684,20/08/2025,25,0.2741196684047216
6764,20/08/2025,25,0.2741196684047216
4970,20/08/2025,25,0.2741196684047216
2956,20/08/2025,25,0.2741196684047216
5296,20/08/2025,25,0.2741196684047216
5982,20/08/2025,25,0.2741196684047215
9692,20/08/2025,25,0.2741196684047215
5391,29/08/2025,16,0.27156279611688083
9799,29/08/2025,16,0.27156279611688083
5880,29/08/2025,16,0.27156279611688083
9621,29/08/2025,16,0.27156279611688083
7632,29/08/2025,16,0.27156279611688083
6054,29/08/2025,16,0.27156279611688083
8067,29/08/2025,16,0.27156279611688083
437,29/08/2025,16,0.27156279611688083
7277,29/08/2025,16,0.27156279611688083
6192,29/08/2025,16,0.27156279611688083
6010,29/08/2025,16,0.27156279611688083
5926,29/08/2025,16,0.27156279611688083
7613,29/08/2025,16,0.27156279611688083
8757,29/08/2025,16,0.27156279611688083
5104,29/08/2025,16,0.27156279611688083
4031,29/08/2025,16,0.27156279611688083
5993,29/08/2025,16,0.27156279611688083
6646,29/08/2025,16,0.27156279611688083
8905,29/08/2025,16,0.27156279611688083
9437,29/08/2025,16,0.27156279611688083
3714,29/08/2025,16,0.27156279611688083
5199,29/08/2025,16,0.27156279611688083
6252,29/08/2025,16,0.27156279611688083
3347,29/08/2025,16,0.27156279611688083
1222,29/08/2025,16,0.27156279611688083
3349,29/08/2025,16,0.27156279611688083
3201,29/08/2025,16,0.27156279611688083
7962,29/08/2025,16,0.27156279611688083
2519,29/08/2025,16,0.27156279611688083
7842,29/08/2025,16,0.27156279611688083
9399,29/08/2025,16,0.27156279611688083
1945,29/08/2025,16,0.27156279611688083
7299,29/08/2025,16,0.27156279611688083
7618,29/08/2025,16,0.27156279611688083
7175,29/08/2025,16,0.27156279611688083
1068,29/08/2025,16,0.27156279611688083
6853,29/08/2025,16,0.27156279611688083
7852,29/08/2025,16,0.27156279611688083
2655,29/08/2025,16,0.27156279611688083
1292,29/08/2025,16,0.27156279611688083
8044,29/08/2025,16,0.27156279611688083
4115,29/08/2025,16,0.27156279611688083
5031,29/08/2025,16,0.27156279611688083
387,29/08/2025,16,0.27156279611688083
883,29/08/2025,16,0.27156279611688083
6650,29/08/2025,16,0.27156279611688083
8452,29/08/2025,16,0.27156279611688083
9952,29/08/2025,16,0.27156279611688083
7332,29/08/2025,16,0.27156279611688083
6610,29/08/2025,16,0.27156279611688083
2747,29/08/2025,16,0.27156279611688083
4064,29/08/2025,16,0.27156279611688083
4166,29/08/2025,16,0.27156279611688083
5535,29/08/2025,16,0.27156279611688083
9183,29/08/2025,16,0.27156279611688083
1052,29/08/2025,16,0.27156279611688083
9402,29/08/2025,16,0.27156279611688083
8322,29/08/2025,16,0.27156279611688083
7963,29/08/2025,16,0.27156279611688083
7110,29/08/2025,16,0.27156279611688083
8167,29/08/2025,16,0.27156279611688083
9643,29/08/2025,16,0.27156279611688083
8381,29/08/2025,16,0.27156279611688083
3856,29/08/2025,16,0.27156279611688083
5984,29/08/2025,16,0.27156279611688083
9514,29/08/2025,16,0.27156279611688083
9375,29/08/2025,16,0.27156279611688083
225,29/08/2025,16,0.27156279611688083
3579,29/08/2025,16,0.27156279611688083
1749,29/08/2025,16,0.27156279611688083
3523,29/08/2025,16,0.27156279611688083
6742,29/08/2025,16,0.27156279611688083
3455,29/08/2025,16,0.27156279611688083
5515,29/08/2025,16,0.27156279611688083
4295,29/08/2025,16,0.27156279611688083
7518,29/08/2025,16,0.27156279611688083
2616,29/08/2025,16,0.27156279611688083
5444,29/08/2025,16,0.27156279611688083
8016,29/08/2025,16,0.27156279611688083
8021,29/08/2025,16,0.27156279611688083
6059,29/08/2025,16,0.27156279611688083
3081,29/08/2025,16,0.27156279611688083
788,29/08/2025,16,0.2715627961168808
9843,29/08/2025,16,0.2715627961168808
6356,29/08/2025,16,0.2715627961168808
3019,29/08/2025,16,0.2715627961168808
6473,29/08/2025,16,0.2715627961168808
9354,29/08/2025,16,0.2715627961168808
8738,29/08/2025,16,0.2715627961168808
2508,29/08/2025,16,0.2715627961168808
1958,29/08/2025,16,0.2715627961168808
868,29/08/2025,16,0.2715627961168808
2669,29/08/2025,16,0.2715627961168808
1570,29/08/2025,16,0.2715627961168808
1999,29/08/2025,16,0.2715627961168808
8912,29/08/2025,16,0.2715627961168808
6897,29/08/2025,16,0.2715627961168808
3962,29/08/2025,16,0.2715627961168808
8495,29/08/2025,16,0.2715627961168808
1979,29/08/2025,16,0.2715627961168808
1340,29/08/2025,16,0.2715627961168808
7644,29/08/2025,16,0.2715627961168808
3457,29/08/2025,16,0.2715627961168808
9036,29/08/2025,16,0.2715627961168808
9675,29/08/2025,16,0.2715627961168808
5409,29/08/2025,16,0.2715627961168808
2656,29/08/2025,16,0.2715627961168808
1626,29/08/2025,16,0.2715627961168808
62,29/08/2025,16,0.2715627961168808
5493,29/08/2025,16,0.2715627961168808
515,29/08/2025,16,0.2715627961168808
255,29/08/2025,16,0.2715627961168808
6074,29/08/2025,16,0.2715627961168808
6232,29/08/2025,16,0.2715627961168808
7523,29/08/2025,16,0.2715627961168808
5077,29/08/2025,16,0.2715627961168808
9730,29/08/2025,16,0.2715627961168808
4905,29/08/2025,16,0.2715627961168808
9662,29/08/2025,16,0.2715627961168808
6750,29/08/2025,16,0.2715627961168808
2853,29/08/2025,16,0.2715627961168808
9047,29/08/2025,16,0.2715627961168808
8434,29/08/2025,16,0.2715627961168808
8704,29/08/2025,16,0.2715627961168808
4901,29/08/2025,16,0.2715627961168808
1728,29/08/2025,16,0.2715627961168808
7341,29/08/2025,16,0.2715627961168808
3535,29/08/2025,16,0.2715627961168808
6541,29/08/2025,16,0.2715627961168808
3263,29/08/2025,16,0.2715627961168808
1655,29/08/2025,16,0.2715627961168808
9980,29/08/2025,16,0.2715627961168808
1060,29/08/2025,16,0.2715627961168808
6076,29/08/2025,16,0.2715627961168808
339,29/08/2025,16,0.2715627961168808
3945,29/08/2025,16,0.2715627961168808
6766,29/08/2025,16,0.2715627961168808
2837,29/08/2025,16,0.2715627961168808
8236,29/08/2025,16,0.2715627961168808
9489,29/08/2025,16,0.2715627961168808
2471,29/08/2025,16,0.2715627961168808
1551,29/08/2025,16,0.2715627961168808
3272,29/08/2025,16,0.2715627961168808
7859,29/08/2025,16,0.2715627961168808
8534,29/08/2025,16,0.2715627961168808
4871,29/08/2025,16,0.2715627961168808
3628,29/08/2025,16,0.2715627961168808
5600,29/08/2025,16,0.2715627961168808
3838,29/08/2025,16,0.2715627961168808
8219,29/08/2025,16,0.2715627961168808
6851,29/08/2025,16,0.2715627961168808
9271,29/08/2025,16,0.2715627961168808
603,29/08/2025,16,0.2715627961168808
936,29/08/2025,16,0.2715627961168808
2523,29/08/2025,16,0.2715627961168808
687,29/08/2025,16,0.2715627961168808
1008,29/08/2025,16,0.2715627961168808
4579,29/08/2025,16,0.2715627961168808
6024,29/08/2025,16,0.2715627961168808
4474,29/08/2025,16,0.2715627961168808
3570,29/08/2025,16,0.2715627961168808
319,29/08/2025,16,0.2715627961168808
1470,29/08/2025,16,0.2715627961168808
7526,29/08/2025,16,0.2715627961168808
8011,29/08/2025,16,0.2715627961168808
3794,29/08/2025,16,0.2715627961168808
27,29/08/2025,16,0.2715627961168808
9248,29/08/2025,16,0.2715627961168808
1385,29/08/2025,16,0.2715627961168808
5125,29/08/2025,16,0.2715627961168808
3756,29/08/2025,16,0.2715627961168808
4834,29/08/2025,16,0.2715627961168807
5577,29/08/2025,16,0.2715627961168807
574,29/08/2025,16,0.2715627961168807
9409,29/08/2025,16,0.2715627961168807
476,29/08/2025,16,0.2715627961168807
9953,29/08/2025,16,0.2715627961168807
2960,29/08/2025,16,0.2715627961168807
3062,29/08/2025,16,0.2715627961168807
822,29/08/2025,16,0.2715627961168807
7700,29/08/2025,16,0.2715627961168807
177,29/08/2025,16,0.2715627961168807
6102,29/08/2025,16,0.2715627961168807
4096,29/08/2025,16,0.2715627961168807
6849,29/08/2025,16,0.2715627961168807
1231,29/08/2025,16,0.2715627961168807
6136,29/08/2025,16,0.2715627961168807
3758,29/08/2025,16,0.2715627961168807
7472,29/08/2025,16,0.2715627961168807
6651,29/08/2025,16,0.2715627961168807
1531,29/08/2025,16,0.2715627961168807
6668,29/08/2025,16,0.2715627961168807
6196,29/08/2025,16,0.2715627961168807
389,29/08/2025,16,0.2715627961168807
5764,29/08/2025,16,0.2715627961168807
1650,29/08/2025,16,0.2715627961168807
318,29/08/2025,16,0.2715627961168807
1563,29/08/2025,16,0.2715627961168807
9813,29/08/2025,16,0.2715627961168807
3496,29/08/2025,16,0.2715627961168807
8096,29/08/2025,16,0.2715627961168807
7583,29/08/2025,16,0.2715627961168807
4018,29/08/2025,16,0.2715627961168807
8395,30/08/2025,15,0.26533669048352726
71,30/08/2025,15,0.26533669048352726
3329,30/08/2025,15,0.26533669048352726
7801,30/08/2025,15,0.26533669048352726
6073,30/08/2025,15,0.26533669048352726
7325,30/08/2025,15,0.26533669048352726
1807,30/08/2025,15,0.26533669048352726
332,30/08/2025,15,0.26533669048352726
2076,30/08/2025,15,0.26533669048352726
6645,30/08/2025,15,0.26533669048352726
241,30/08/2025,15,0.26533669048352726
4373,30/08/2025,15,0.26533669048352726
7727,30/08/2025,15,0.26533669048352726
7241,30/08/2025,15,0.26533669048352726
1978,30/08/2025,15,0.26533669048352726
6097,30/08/2025,15,0.26533669048352726
7225,30/08/2025,15,0.26533669048352726
2447,30/08/2025,15,0.26533669048352726
8235,30/08/2025,15,0.26533669048352726
5338,30/08/2025,15,0.26533669048352726
1035,30/08/2025,15,0.26533669048352726
365,30/08/2025,15,0.26533669048352726
1699,30/08/2025,15,0.26533669048352726
3423,30/08/2025,15,0.26533669048352726
6561,30/08/2025,15,0.26533669048352726
7248,30/08/2025,15,0.26533669048352726
6831,30/08/2025,15,0.26533669048352726
5707,30/08/2025,15,0.26533669048352726
605,30/08/2025,15,0.26533669048352726
8140,30/08/2025,15,0.26533669048352726
6049,30/08/2025,15,0.26533669048352726
4709,30/08/2025,15,0.26533669048352726
9289,30/08/2025,15,0.26533669048352726
8890,30/08/2025,15,0.26533669048352726
8444,30/08/2025,15,0.26533669048352726
518,30/08/2025,15,0.26533669048352726
4872,30/08/2025,15,0.26533669048352726
4525,30/08/2025,15,0.26533669048352726
2462,30/08/2025,15,0.26533669048352726
8017,30/08/2025,15,0.26533669048352726
579,30/08/2025,15,0.26533669048352726
8177,30/08/2025,15,0.26533669048352726
8470,30/08/2025,15,0.26533669048352726
7198,30/08/2025,15,0.26533669048352726
2289,30/08/2025,15,0.26533669048352726
3803,30/08/2025,15,0.26533669048352726
855,30/08/2025,15,0.26533669048352726
4300,30/08/2025,15,0.26533669048352726
4836,30/08/2025,15,0.26533669048352726
5327,30/08/2025,15,0.26533669048352726
9913,30/08/2025,15,0.26533669048352726
7639,30/08/2025,15,0.26533669048352726
6693,30/08/2025,15,0.26533669048352726
2494,30/08/2025,15,0.26533669048352726
9433,30/08/2025,15,0.26533669048352726
2604,30/08/2025,15,0.26533669048352726
6432,30/08/2025,15,0.26533669048352726
4812,30/08/2025,15,0.26533669048352726
1479,30/08/2025,15,0.26533669048352726
4065,30/08/2025,15,0.26533669048352726
6804,30/08/2025,15,0.26533669048352726
5236,30/08/2025,15,0.26533669048352726
6353,30/08/2025,15,0.26533669048352726
1554,30/08/2025,15,0.26533669048352726
3458,30/08/2025,15,0.26533669048352726
7788,30/08/2025,15,0.26533669048352726
761,30/08/2025,15,0.26533669048352726
3517,30/08/2025,15,0.26533669048352726
7748,30/08/2025,15,0.26533669048352726
9188,30/08/2025,15,0.26533669048352726
4747,30/08/2025,15,0.26533669048352726
4886,30/08/2025,15,0.26533669048352726
1769,30/08/2025,15,0.26533669048352726
6339,30/08/2025,15,0.26533669048352726
2419,30/08/2025,15,0.26533669048352726
5551,30/08/2025,15,0.26533669048352726
7292,30/08/2025,15,0.26533669048352726
14,30/08/2025,15,0.26533669048352726
1537,30/08/2025,15,0.26533669048352726
5412,30/08/2025,15,0.26533669048352726
5560,30/08/2025,15,0.26533669048352726
1535,30/08/2025,15,0.26533669048352726
7197,30/08/2025,15,0.26533669048352726
1370,30/08/2025,15,0.26533669048352726
242,30/08/2025,15,0.26533669048352726
8109,30/08/2025,15,0.26533669048352726
6413,30/08/2025,15,0.26533669048352726
4868,30/08/2025,15,0.26533669048352726
6085,30/08/2025,15,0.26533669048352726
1069,30/08/2025,15,0.26533669048352726
3787,30/08/2025,15,0.26533669048352726
3545,30/08/2025,15,0.26533669048352726
1603,30/08/2025,15,0.26533669048352726
7561,30/08/2025,15,0.26533669048352726
5630,30/08/2025,15,0.26533669048352726
4899,30/08/2025,15,0.26533669048352726
1058,30/08/2025,15,0.26533669048352726
1571,30/08/2025,15,0.26533669048352726
9139,30/08/2025,15,0.26533669048352726
2582,30/08/2025,15,0.26533669048352726
6001,30/08/2025,15,0.26533669048352726
2245,30/08/2025,15,0.26533669048352726
3648,30/08/2025,15,0.26533669048352726
7210,30/08/2025,15,0.26533669048352726
2389,30/08/2025,15,0.26533669048352726
2144,30/08/2025,15,0.26533669048352726
9654,30/08/2025,15,0.26533669048352726
9955,30/08/2025,15,0.26533669048352726
9476,30/08/2025,15,0.2653366904835272
9297,30/08/2025,15,0.2653366904835272
1778,30/08/2025,15,0.2653366904835272
2613,30/08/2025,15,0.2653366904835272
5831,30/08/2025,15,0.2653366904835272
8063,30/08/2025,15,0.2653366904835272
5068,30/08/2025,15,0.2653366904835272
118,30/08/2025,15,0.2653366904835272
7876,30/08/2025,15,0.2653366904835272
3696,30/08/2025,15,0.2653366904835272
136,30/08/2025,15,0.2653366904835272
4475,30/08/2025,15,0.2653366904835272
1948,30/08/2025,15,0.2653366904835272
3015,30/08/2025,15,0.2653366904835272
4644,30/08/2025,15,0.2653366904835272
9239,30/08/2025,15,0.2653366904835272
4536,30/08/2025,15,0.2653366904835272
8449,30/08/2025,15,0.2653366904835272
7028,30/08/2025,15,0.2653366904835272
6022,30/08/2025,15,0.2653366904835272
1392,30/08/2025,15,0.2653366904835272
9739,30/08/2025,15,0.2653366904835272
4000,30/08/2025,15,0.2653366904835272
9390,30/08/2025,15,0.2653366904835272
5025,30/08/2025,15,0.2653366904835272
6739,30/08/2025,15,0.2653366904835272
1653,30/08/2025,15,0.2653366904835272
6898,30/08/2025,15,0.2653366904835272
8692,30/08/2025,15,0.2653366904835272
2910,30/08/2025,15,0.2653366904835272
8519,30/08/2025,15,0.2653366904835272
2209,30/08/2025,15,0.2653366904835272
7249,30/08/2025,15,0.2653366904835272
6888,30/08/2025,15,0.2653366904835272
1884,30/08/2025,15,0.2653366904835272
8914,30/08/2025,15,0.2653366904835272
4494,30/08/2025,15,0.2653366904835272
7578,30/08/2025,15,0.2653366904835272
1980,30/08/2025,15,0.2653366904835272
6404,30/08/2025,15,0.2653366904835272
1283,30/08/2025,15,0.2653366904835272
8482,30/08/2025,15,0.2653366904835272
489,30/08/2025,15,0.2653366904835272
8703,30/08/2025,15,0.2653366904835272
4761,30/08/2025,15,0.2653366904835272
1734,30/08/2025,15,0.2653366904835272
6883,30/08/2025,15,0.2653366904835272
5874,30/08/2025,15,0.2653366904835272
6489,30/08/2025,15,0.2653366904835272
1639,30/08/2025,15,0.2653366904835272
7652,30/08/2025,15,0.2653366904835272
6913,30/08/2025,15,0.2653366904835272
1507,30/08/2025,15,0.2653366904835272
9882,30/08/2025,15,0.2653366904835272
4592,30/08/2025,15,0.2653366904835272
2043,30/08/2025,15,0.2653366904835272
3221,30/08/2025,15,0.2653366904835272
4699,30/08/2025,15,0.2653366904835272
9321,30/08/2025,15,0.2653366904835272
56,30/08/2025,15,0.2653366904835272
9711,30/08/2025,15,0.2653366904835272
9863,30/08/2025,15,0.2653366904835272
8577,30/08/2025,15,0.2653366904835272
7668,30/08/2025,15,0.2653366904835272
8932,30/08/2025,15,0.2653366904835272
8253,30/08/2025,15,0.2653366904835272
6563,30/08/2025,15,0.2653366904835272
2790,30/08/2025,15,0.2653366904835272
265,30/08/2025,15,0.2653366904835272
3879,30/08/2025,15,0.2653366904835272
5483,30/08/2025,15,0.2653366904835272
2785,30/08/2025,15,0.2653366904835272
512,30/08/2025,15,0.2653366904835272
3204,30/08/2025,15,0.2653366904835272
8698,30/08/2025,15,0.2653366904835272
5733,30/08/2025,15,0.2653366904835272
5232,30/08/2025,15,0.2653366904835272
9008,30/08/2025,15,0.2653366904835272
4791,30/08/2025,15,0.26533669048352715
2865,30/08/2025,15,0.26533669048352715
2445,30/08/2025,15,0.26533669048352715
4190,30/08/2025,15,0.26533669048352715
4906,30/08/2025,15,0.26533669048352715
9112,30/08/2025,15,0.26533669048352715
1389,30/08/2025,15,0.26533669048352715
2370,30/08/2025,15,0.26533669048352715
4135,30/08/2025,15,0.26533669048352715
7983,30/08/2025,15,0.26533669048352715
690,30/08/2025,15,0.26533669048352715
8531,30/08/2025,15,0.26533669048352715
7029,30/08/2025,15,0.26533669048352715
3246,30/08/2025,15,0.26533669048352715
9063,30/08/2025,15,0.26533669048352715
5254,30/08/2025,15,0.26533669048352715
581,30/08/2025,15,0.26533669048352715
2572,30/08/2025,15,0.26533669048352715
5012,30/08/2025,15,0.26533669048352715
5034,30/08/2025,15,0.26533669048352715
4778,30/08/2025,15,0.26533669048352715
1660,30/08/2025,15,0.26533669048352715
9043,30/08/2025,15,0.26533669048352715
5155,30/08/2025,15,0.26533669048352715
3150,30/08/2025,15,0.26533669048352715
8213,30/08/2025,15,0.26533669048352715
8958,30/08/2025,15,0.26533669048352715
6123,30/08/2025,15,0.26533669048352715
1685,30/08/2025,15,0.26533669048352715
3890,30/08/2025,15,0.26533669048352715
6408,30/08/2025,15,0.26533669048352715
1663,30/08/2025,15,0.26533669048352715
845,30/08/2025,15,0.26533669048352715
2935,16/04/2025,151,0.255
9286,16/04/2025,151,0.255
1788,13/09/2025,1,0.25101713212720783
8386,13/09/2025,1,0.25101713212720783
2718,13/09/2025,1,0.2510171321272078
6995,13/09/2025,1,0.2510171321272078
6865,13/09/2025,1,0.2510171321272078
3604,13/09/2025,1,0.2510171321272078
6462,13/09/2025,1,0.2510171321272078
3259,13/09/2025,1,0.2510171321272078
6957,13/09/2025,1,0.2510171321272078
5611,13/09/2025,1,0.2510171321272078
5781,13/09/2025,1,0.2510171321272078
1960,13/09/2025,1,0.2510171321272078
5142,13/09/2025,1,0.2510171321272078
9827,13/09/2025,1,0.2510171321272078
7880,13/09/2025,1,0.2510171321272078
7302,13/09/2025,1,0.2510171321272078
3637,13/09/2025,1,0.2510171321272078
6298,13/09/2025,1,0.2510171321272078
9721,13/09/2025,1,0.2510171321272078
7504,13/09/2025,1,0.2510171321272078
4404,13/09/2025,1,0.2510171321272078
1854,13/09/2025,1,0.2510171321272078
9434,13/09/2025,1,0.2510171321272078
4459,13/09/2025,1,0.2510171321272078
5175,13/09/2025,1,0.2510171321272078
4518,13/09/2025,1,0.2510171321272078
5156,13/09/2025,1,0.2510171321272078
80,13/09/2025,1,0.2510171321272078
7779,13/09/2025,1,0.2510171321272078
9855,13/09/2025,1,0.2510171321272078
1804,13/09/2025,1,0.2510171321272078
2998,13/09/2025,1,0.2510171321272078
5219,13/09/2025,1,0.2510171321272078
1373,13/09/2025,1,0.2510171321272078
836,13/09/2025,1,0.2510171321272078
9499,13/09/2025,1,0.2510171321272078
7675,13/09/2025,1,0.2510171321272078
6606,13/09/2025,1,0.2510171321272078
8214,13/09/2025,1,0.2510171321272078
3449,13/09/2025,1,0.2510171321272078
9326,13/09/2025,1,0.2510171321272078
5148,13/09/2025,1,0.2510171321272078
7159,13/09/2025,1,0.2510171321272078
7303,13/09/2025,1,0.2510171321272078
240,13/09/2025,1,0.2510171321272078
4610,13/09/2025,1,0.2510171321272078
9101,13/09/2025,1,0.2510171321272078
7521,13/09/2025,1,0.2510171321272078
1321,13/09/2025,1,0.2510171321272078
2872,13/09/2025,1,0.2510171321272078
4085,13/09/2025,1,0.2510171321272077
6436,13/09/2025,1,0.2510171321272077
1848,13/09/2025,1,0.2510171321272077
5703,13/09/2025,1,0.2510171321272077
5956,13/09/2025,1,0.2510171321272077
1640,13/09/2025,1,0.2510171321272077
3891,13/09/2025,1,0.2510171321272077
4673,13/09/2025,1,0.2510171321272077
9803,13/09/2025,1,0.2510171321272077
7313,13/09/2025,1,0.2510171321272077
1830,13/09/2025,1,0.2510171321272077
2769,13/09/2025,1,0.2510171321272077
4681,13/09/2025,1,0.2510171321272077
3415,13/09/2025,1,0.2510171321272077
2579,13/09/2025,1,0.2510171321272077
9867,13/09/2025,1,0.2510171321272077
981,13/09/2025,1,0.2510171321272077
6052,13/09/2025,1,0.2510171321272077
3454,13/09/2025,1,0.2510171321272077
4724,13/09/2025,1,0.2510171321272077
2975,13/09/2025,1,0.2510171321272077
347,13/09/2025,1,0.2510171321272077
7944,13/09/2025,1,0.2510171321272077
326,13/09/2025,1,0.2510171321272077
3254,13/09/2025,1,0.2510171321272077
6845,13/09/2025,1,0.2510171321272077
5217,13/09/2025,1,0.2510171321272077
7505,13/09/2025,1,0.2510171321272077
8250,13/09/2025,1,0.2510171321272077
7989,13/09/2025,1,0.2510171321272077
1399,13/09/2025,1,0.2510171321272077
8589,13/09/2025,1,0.2510171321272077
3245,13/09/2025,1,0.2510171321272077
2997,13/09/2025,1,0.2510171321272077
8726,13/09/2025,1,0.2510171321272077
8225,13/09/2025,1,0.2510171321272077
351,13/09/2025,1,0.2510171321272077
3166,13/09/2025,1,0.2510171321272077
2182,13/09/2025,1,0.2510171321272077
2456,13/09/2025,1,0.2510171321272077
7038,13/09/2025,1,0.2510171321272077
2276,13/09/2025,1,0.2510171321272077
4388,13/09/2025,1,0.2510171321272077
2306,13/09/2025,1,0.2510171321272077
2496,13/09/2025,1,0.2510171321272077
280,13/09/2025,1,0.2510171321272077
4657,13/09/2025,1,0.2510171321272077
8492,13/09/2025,1,0.2510171321272077
8820,13/09/2025,1,0.2510171321272077
7188,13/09/2025,1,0.2510171321272077
4957,13/09/2025,1,0.2510171321272077
6838,13/09/2025,1,0.2510171321272077
90,13/09/2025,1,0.2510171321272077
8517,13/09/2025,1,0.2510171321272077
9652,13/09/2025,1,0.2510171321272077
9890,13/09/2025,1,0.2510171321272077
1020,13/09/2025,1,0.2510171321272077
9548,13/09/2025,1,0.2510171321272077
1441,13/09/2025,1,0.2510171321272077
5769,13/09/2025,1,0.2510171321272077
8499,13/09/2025,1,0.2510171321272077
9752,13/09/2025,1,0.2510171321272077
8018,13/09/2025,1,0.2510171321272077
906,13/09/2025,1,0.2510171321272077
5872,13/09/2025,1,0.2510171321272077
9105,13/09/2025,1,0.2510171321272077
3228,13/09/2025,1,0.2510171321272077
2139,13/09/2025,1,0.2510171321272077
2728,13/09/2025,1,0.2510171321272077
5356,13/09/2025,1,0.2510171321272077
6214,13/09/2025,1,0.2510171321272077
5262,13/09/2025,1,0.2510171321272077
6033,13/09/2025,1,0.2510171321272077
7007,13/09/2025,1,0.2510171321272077
3079,13/09/2025,1,0.2510171321272077
2964,13/09/2025,1,0.2510171321272077
6600,13/09/2025,1,0.2510171321272077
3413,13/09/2025,1,0.2510171321272077
2181,13/09/2025,1,0.2510171321272077
5316,13/09/2025,1,0.2510171321272077
8760,13/09/2025,1,0.2510171321272077
7413,13/09/2025,1,0.2510171321272077
8466,13/09/2025,1,0.2510171321272077
2781,13/09/2025,1,0.2510171321272077
874,13/09/2025,1,0.2510171321272077
6562,13/09/2025,1,0.2510171321272077
3884,13/09/2025,1,0.2510171321272077
9301,13/09/2025,1,0.2510171321272077
7777,13/09/2025,1,0.2510171321272077
7543,13/09/2025,1,0.2510171321272077
5106,13/09/2025,1,0.2510171321272077
6137,13/09/2025,1,0.2510171321272077
2679,13/09/2025,1,0.2510171321272077
3518,13/09/2025,1,0.2510171321272077
7711,13/09/2025,1,0.2510171321272077
6184,13/09/2025,1,0.2510171321272077
9442,13/09/2025,1,0.2510171321272077
4441,13/09/2025,1,0.2510171321272077
6321,13/09/2025,1,0.2510171321272077
2526,13/09/2025,1,0.2510171321272077
216,13/09/2025,1,0.2510171321272077
9110,13/09/2025,1,0.2510171321272077
1621,13/09/2025,1,0.2510171321272077
5223,13/09/2025,1,0.2510171321272077
5188,13/09/2025,1,0.2510171321272077
8511,13/09/2025,1,0.2510171321272077
7685,13/09/2025,1,0.2510171321272077
5694,13/09/2025,1,0.2510171321272077
8715,13/09/2025,1,0.2510171321272077
6590,13/09/2025,1,0.2510171321272077
8404,13/09/2025,1,0.2510171321272077
1491,13/09/2025,1,0.2510171321272077
7909,13/09/2025,1,0.2510171321272077
9582,13/09/2025,1,0.2510171321272077
9118,13/09/2025,1,0.2510171321272077
9510,13/09/2025,1,0.2510171321272077
3138,13/09/2025,1,0.2510171321272077
4022,13/09/2025,1,0.2510171321272077
599,13/09/2025,1,0.2510171321272077
6614,13/09/2025,1,0.2510171321272077
4358,13/09/2025,1,0.2510171321272077
5208,13/09/2025,1,0.2510171321272077
954,13/09/2025,1,0.2510171321272077
7843,13/09/2025,1,0.2510171321272077
8683,13/09/2025,1,0.2510171321272077
8383,13/09/2025,1,0.2510171321272077
9276,13/09/2025,1,0.2510171321272077
7650,13/09/2025,1,0.2510171321272077
8748,13/09/2025,1,0.2510171321272077
4697,13/09/2025,1,0.2510171321272077
7897,13/09/2025,1,0.2510171321272077
9382,13/09/2025,1,0.2510171321272077
9330,13/09/2025,1,0.2510171321272077
5591,13/09/2025,1,0.2510171321272077
4328,13/09/2025,1,0.2510171321272077
9796,13/09/2025,1,0.2510171321272077
8824,13/09/2025,1,0.2510171321272077
8513,13/09/2025,1,0.2510171321272077
2066,13/09/2025,1,0.2510171321272077
4517,13/09/2025,1,0.2510171321272077
9877,13/09/2025,1,0.2510171321272077
4237,13/09/2025,1,0.2510171321272077
2562,13/09/2025,1,0.2510171321272077
4272,13/09/2025,1,0.2510171321272077
154,13/09/2025,1,0.2510171321272077
3740,13/09/2025,1,0.2510171321272077
934,13/09/2025,1,0.2510171321272077
785,13/09/2025,1,0.2510171321272077
5929,13/09/2025,1,0.2510171321272077
3743,13/09/2025,1,0.2510171321272077
6445,13/09/2025,1,0.2510171321272077
7424,13/09/2025,1,0.2510171321272077
2692,13/09/2025,1,0.2510171321272077
2577,13/09/2025,1,0.2510171321272077
5821,13/09/2025,1,0.2510171321272077
1652,13/09/2025,1,0.2510171321272077
4726,13/09/2025,1,0.2510171321272077
6077,13/09/2025,1,0.2510171321272077
8811,13/09/2025,1,0.2510171321272077
5710,13/09/2025,1,0.2510171321272077
9591,13/09/2025,1,0.2510171321272077
3597,13/09/2025,1,0.2510171321272077
2316,13/09/2025,1,0.2510171321272077
7213,13/09/2025,1,0.2510171321272077
9563,13/09/2025,1,0.2510171321272077
4544,13/09/2025,1,0.2510171321272077
3534,13/09/2025,1,0.2510171321272077
4964,13/09/2025,1,0.2510171321272077
6653,13/09/2025,1,0.2510171321272077
9681,13/09/2025,1,0.2510171321272077
2832,13/09/2025,1,0.2510171321272077
5691,13/09/2025,1,0.2510171321272077
754,13/09/2025,1,0.2510171321272077
1924,13/09/2025,1,0.2510171321272077
2581,13/09/2025,1,0.2510171321272077
8441,13/09/2025,1,0.2510171321272077
4832,13/09/2025,1,0.2510171321272077
3567,13/09/2025,1,0.2510171321272077
9052,13/09/2025,1,0.2510171321272077
5181,13/09/2025,1,0.2510171321272077
9698,13/09/2025,1,0.2510171321272077
3031,13/09/2025,1,0.2510171321272077
1615,13/09/2025,1,0.2510171321272077
6942,13/09/2025,1,0.2510171321272077
1542,13/09/2025,1,0.2510171321272077
3002,13/09/2025,1,0.2510171321272077
4157,13/09/2025,1,0.2510171321272077
5977,13/09/2025,1,0.2510171321272077
2849,13/09/2025,1,0.2510171321272077
8873,13/09/2025,1,0.2510171321272077
392,13/09/2025,1,0.2510171321272077
4820,13/09/2025,1,0.2510171321272077
1300,13/09/2025,1,0.2510171321272077
5220,13/09/2025,1,0.2510171321272077
7280,13/09/2025,1,0.2510171321272077
9685,13/09/2025,1,0.2510171321272077
9085,13/09/2025,1,0.2510171321272077
6557,13/09/2025,1,0.2510171321272077
7889,13/09/2025,1,0.2510171321272077
1254,13/09/2025,1,0.2510171321272077
2801,13/09/2025,1,0.2510171321272077
9989,13/09/2025,1,0.2510171321272077
5741,13/09/2025,1,0.2510171321272077
4401,13/09/2025,1,0.2510171321272077
8980,13/09/2025,1,0.2510171321272077
3128,13/09/2025,1,0.2510171321272077
7660,13/09/2025,1,0.2510171321272077
3510,13/09/2025,1,0.2510171321272077
3325,13/09/2025,1,0.2510171321272077
4952,13/09/2025,1,0.2510171321272077
2319,13/09/2025,1,0.2510171321272077
3360,13/09/2025,1,0.2510171321272077
2165,13/09/2025,1,0.2510171321272077
7216,13/09/2025,1,0.2510171321272077
4878,13/09/2025,1,0.2510171321272077
2583,13/09/2025,1,0.2510171321272077
2934,13/09/2025,1,0.2510171321272077
6840,13/09/2025,1,0.2510171321272077
9204,13/09/2025,1,0.2510171321272077
482,13/09/2025,1,0.2510171321272077
5991,13/09/2025,1,0.2510171321272077
7372,13/09/2025,1,0.2510171321272077
9356,13/09/2025,1,0.2510171321272077
2003,13/09/2025,1,0.2510171321272077
45,13/09/2025,1,0.2510171321272077
8098,13/09/2025,1,0.2510171321272077
6199,13/09/2025,1,0.2510171321272077
3167,13/09/2025,1,0.2510171321272077
9145,13/09/2025,1,0.2510171321272077
6061,13/09/2025,1,0.2510171321272077
1918,13/09/2025,1,0.2510171321272077
6549,13/09/2025,1,0.2510171321272077
86,13/09/2025,1,0.2510171321272077
4216,13/09/2025,1,0.2510171321272077
7553,13/09/2025,1,0.2510171321272077
8538,13/09/2025,1,0.2510171321272077
6472,13/09/2025,1,0.2510171321272077
3835,13/09/2025,1,0.2510171321272077
1974,13/09/2025,1,0.2510171321272077
9111,13/09/2025,1,0.2510171321272077
7708,13/09/2025,1,0.25101713212720766
2921,13/09/2025,1,0.25101713212720766
9226,13/09/2025,1,0.25101713212720766
693,13/09/2025,1,0.25101713212720766
8997,13/09/2025,1,0.25101713212720766
6696,13/09/2025,1,0.25101713212720766
2548,13/09/2025,1,0.25101713212720766
2855,13/09/2025,1,0.25101713212720766
4238,13/09/2025,1,0.25101713212720766
9394,13/09/2025,1,0.25101713212720766
5841,13/09/2025,1,0.25101713212720766
6082,13/09/2025,1,0.25101713212720766
3118,13/09/2025,1,0.25101713212720766
180,13/09/2025,1,0.25101713212720766
497,13/09/2025,1,0.25101713212720766
7284,13/09/2025,1,0.25101713212720766
5056,13/09/2025,1,0.25101713212720766
2421,13/09/2025,1,0.25101713212720766
7915,13/09/2025,1,0.25101713212720766
1543,13/09/2025,1,0.25101713212720766
7628,13/09/2025,1,0.25101713212720766
8752,13/09/2025,1,0.25101713212720766
8543,13/09/2025,1,0.25101713212720766
2813,13/09/2025,1,0.25101713212720766
802,13/09/2025,1,0.25101713212720766
9757,13/09/2025,1,0.25101713212720766
1381,13/09/2025,1,0.25101713212720766
899,13/09/2025,1,0.25101713212720766
7382,13/09/2025,1,0.25101713212720766
4524,13/09/2025,1,0.25101713212720766
7824,13/09/2025,1,0.25101713212720766
6930,13/09/2025,1,0.25101713212720766
8054,13/09/2025,1,0.25101713212720766
8690,13/09/2025,1,0.25101713212720766
6596,13/09/2025,1,0.25101713212720766
8355,13/09/2025,1,0.25101713212720766
5584,13/09/2025,1,0.25101713212720766
1681,13/09/2025,1,0.25101713212720766
4174,13/09/2025,1,0.25101713212720766
6261,13/09/2025,1,0.25101713212720766
5176,13/09/2025,1,0.25101713212720766
5813,13/09/2025,1,0.25101713212720766
328,13/09/2025,1,0.25101713212720766
8921,13/09/2025,1,0.25101713212720766
8712,13/09/2025,1,0.25101713212720766
1717,13/09/2025,1,0.25101713212720766
6483,13/09/2025,1,0.25101713212720766
5172,13/09/2025,1,0.25101713212720766
3608,13/09/2025,1,0.25101713212720766
4249,13/09/2025,1,0.25101713212720766
615,13/09/2025,1,0.25101713212720766
2500,13/09/2025,1,0.25101713212720766
1689,13/09/2025,1,0.25101713212720766
8645,13/09/2025,1,0.25101713212720766
8617,13/09/2025,1,0.25101713212720766
8374,13/09/2025,1,0.25101713212720766
5788,13/09/2025,1,0.25101713212720766
7000,13/09/2025,1,0.25101713212720766
4502,13/09/2025,1,0.25101713212720766
3021,13/09/2025,1,0.25101713212720766
6416,13/09/2025,1,0.25101713212720766
8954,13/09/2025,1,0.25101713212720766
9131,13/09/2025,1,0.25101713212720766
2440,13/09/2025,1,0.25101713212720766
1882,13/09/2025,1,0.25101713212720766
552,13/09/2025,1,0.25101713212720766
4091,13/09/2025,1,0.25101713212720766
6226,13/09/2025,1,0.25101713212720766
7549,13/09/2025,1,0.25101713212720766
7400,13/09/2025,1,0.25101713212720766
2053,13/09/2025,1,0.25101713212720766
6407,13/09/2025,1,0.25101713212720766
1671,13/09/2025,1,0.25101713212720766
9853,13/09/2025,1,0.25101713212720766
2345,13/09/2025,1,0.25101713212720766
4813,13/09/2025,1,0.25101713212720766
9117,13/09/2025,1,0.25101713212720766
7588,13/09/2025,1,0.25101713212720766
397,11/09/2025,3,0.2341925345955353
2424,11/09/2025,3,0.23419253459553527
8082,11/09/2025,3,0.23419253459553527
8406,11/09/2025,3,0.23419253459553527
9579,11/09/2025,3,0.23419253459553527
2771,11/09/2025,3,0.23419253459553527
5214,11/09/2025,3,0.23419253459553527
2750,11/09/2025,3,0.23419253459553527
3964,11/09/2025,3,0.23419253459553527
9812,11/09/2025,3,0.23419253459553527
5797,11/09/2025,3,0.23419253459553527
1296,11/09/2025,3,0.23419253459553527
7774,11/09/2025,3,0.23419253459553527
9029,11/09/2025,3,0.23419253459553527
3868,11/09/2025,3,0.23419253459553527
4891,11/09/2025,3,0.23419253459553527
4817,11/09/2025,3,0.23419253459553527
8193,11/09/2025,3,0.23419253459553527
320,11/09/2025,3,0.23419253459553527
2467,11/09/2025,3,0.23419253459553527
6981,11/09/2025,3,0.23419253459553527
1887,11/09/2025,3,0.23419253459553527
8128,11/09/2025,3,0.23419253459553527
6106,11/09/2025,3,0.23419253459553527
1838,11/09/2025,3,0.23419253459553527
6681,11/09/2025,3,0.23419253459553527
7998,11/09/2025,3,0.23419253459553527
1451,11/09/2025,3,0.23419253459553527
3035,11/09/2025,3,0.23419253459553527
2091,11/09/2025,3,0.23419253459553527
5622,11/09/2025,3,0.23419253459553527
4257,11/09/2025,3,0.23419253459553527
8477,11/09/2025,3,0.23419253459553527
4066,11/09/2025,3,0.23419253459553527
8220,11/09/2025,3,0.23419253459553527
9850,11/09/2025,3,0.23419253459553527
6130,11/09/2025,3,0.23419253459553527
2300,11/09/2025,3,0.23419253459553527
2465,11/09/2025,3,0.23419253459553527
6039,11/09/2025,3,0.23419253459553527
2640,11/09/2025,3,0.23419253459553527
1128,11/09/2025,3,0.23419253459553527
8005,11/09/2025,3,0.23419253459553527
8159,11/09/2025,3,0.23419253459553527
4514,11/09/2025,3,0.23419253459553527
431,11/09/2025,3,0.23419253459553527
3898,11/09/2025,3,0.23419253459553527
7692,11/09/2025,3,0.23419253459553527
595,11/09/2025,3,0.23419253459553527
443,11/09/2025,3,0.23419253459553527
6861,11/09/2025,3,0.23419253459553527
1569,11/09/2025,3,0.23419253459553527
7918,11/09/2025,3,0.23419253459553527
8985,11/09/2025,3,0.23419253459553527
1510,11/09/2025,3,0.23419253459553524
9676,11/09/2025,3,0.23419253459553524
1402,11/09/2025,3,0.23419253459553524
2982,11/09/2025,3,0.23419253459553524
6266,11/09/2025,3,0.23419253459553524
9120,11/09/2025,3,0.23419253459553524
9671,11/09/2025,3,0.23419253459553524
6568,11/09/2025,3,0.23419253459553524
2822,11/09/2025,3,0.23419253459553524
8529,11/09/2025,3,0.23419253459553524
7230,11/09/2025,3,0.23419253459553524
2602,11/09/2025,3,0.23419253459553524
4393,11/09/2025,3,0.23419253459553524
5702,11/09/2025,3,0.23419253459553524
9929,11/09/2025,3,0.23419253459553524
4900,11/09/2025,3,0.23419253459553524
6162,11/09/2025,3,0.23419253459553524
248,11/09/2025,3,0.23419253459553524
2149,11/09/2025,3,0.23419253459553524
3407,11/09/2025,3,0.23419253459553524
3614,11/09/2025,3,0.23419253459553524
8834,11/09/2025,3,0.23419253459553524
7477,11/09/2025,3,0.23419253459553524
6441,11/09/2025,3,0.23419253459553524
568,11/09/2025,3,0.23419253459553524
2022,11/09/2025,3,0.23419253459553524
4321,11/09/2025,3,0.23419253459553524
156,11/09/2025,3,0.23419253459553524
6390,11/09/2025,3,0.23419253459553524
8055,11/09/2025,3,0.23419253459553524
1085,11/09/2025,3,0.23419253459553524
8807,11/09/2025,3,0.23419253459553524
2776,11/09/2025,3,0.23419253459553524
5249,11/09/2025,3,0.23419253459553524
3161,11/09/2025,3,0.23419253459553524
5467,11/09/2025,3,0.23419253459553524
9637,11/09/2025,3,0.23419253459553524
1957,11/09/2025,3,0.23419253459553524
6728,11/09/2025,3,0.23419253459553524
759,11/09/2025,3,0.23419253459553524
6345,11/09/2025,3,0.23419253459553524
9477,11/09/2025,3,0.23419253459553524
3468,11/09/2025,3,0.23419253459553524
9805,11/09/2025,3,0.23419253459553524
7441,11/09/2025,3,0.23419253459553524
1584,11/09/2025,3,0.23419253459553524
4629,11/09/2025,3,0.23419253459553524
6670,11/09/2025,3,0.23419253459553524
6640,11/09/2025,3,0.23419253459553524
2063,11/09/2025,3,0.23419253459553524
1498,11/09/2025,3,0.23419253459553524
6437,11/09/2025,3,0.23419253459553524
9282,11/09/2025,3,0.23419253459553524
9847,11/09/2025,3,0.23419253459553524
3554,11/09/2025,3,0.23419253459553524
4720,11/09/2025,3,0.23419253459553524
9809,11/09/2025,3,0.23419253459553524
4951,11/09/2025,3,0.23419253459553524
5282,11/09/2025,3,0.23419253459553524
2168,11/09/2025,3,0.23419253459553524
2555,11/09/2025,3,0.23419253459553524
1216,11/09/2025,3,0.23419253459553524
6815,11/09/2025,3,0.23419253459553524
3757,11/09/2025,3,0.23419253459553524
7629,11/09/2025,3,0.23419253459553524
3040,11/09/2025,3,0.23419253459553524
7954,11/09/2025,3,0.23419253459553524
9956,11/09/2025,3,0.23419253459553524
6021,11/09/2025,3,0.23419253459553524
6909,11/09/2025,3,0.23419253459553524
203,11/09/2025,3,0.23419253459553524
6812,11/09/2025,3,0.23419253459553524
4566,11/09/2025,3,0.23419253459553524
5253,11/09/2025,3,0.23419253459553524
3098,11/09/2025,3,0.23419253459553524
2501,11/09/2025,3,0.23419253459553524
5610,11/09/2025,3,0.23419253459553524
6018,11/09/2025,3,0.23419253459553524
9313,11/09/2025,3,0.23419253459553524
3108,11/09/2025,3,0.23419253459553524
5202,11/09/2025,3,0.23419253459553524
5860,11/09/2025,3,0.23419253459553524
8104,11/09/2025,3,0.23419253459553524
5063,11/09/2025,3,0.23419253459553524
9483,11/09/2025,3,0.23419253459553524
6058,11/09/2025,3,0.23419253459553524
8915,11/09/2025,3,0.23419253459553524
527,11/09/2025,3,0.23419253459553524
6941,11/09/2025,3,0.23419253459553524
2889,11/09/2025,3,0.23419253459553524
9391,11/09/2025,3,0.23419253459553524
1530,11/09/2025,3,0.23419253459553524
8829,11/09/2025,3,0.23419253459553524
9507,11/09/2025,3,0.23419253459553524
9155,11/09/2025,3,0.23419253459553524
4304,11/09/2025,3,0.23419253459553524
623,11/09/2025,3,0.23419253459553524
7722,11/09/2025,3,0.23419253459553524
3935,11/09/2025,3,0.23419253459553524
974,11/09/2025,3,0.23419253459553524
3984,11/09/2025,3,0.23419253459553524
7040,11/09/2025,3,0.23419253459553524
3511,11/09/2025,3,0.23419253459553524
5078,11/09/2025,3,0.23419253459553524
7827,11/09/2025,3,0.23419253459553524
1067,11/09/2025,3,0.23419253459553524
5648,11/09/2025,3,0.23419253459553524
7923,11/09/2025,3,0.23419253459553524
6023,11/09/2025,3,0.23419253459553524
3824,11/09/2025,3,0.23419253459553524
4386,11/09/2025,3,0.23419253459553524
5086,11/09/2025,3,0.23419253459553524
544,11/09/2025,3,0.23419253459553524
2376,11/09/2025,3,0.23419253459553524
9617,11/09/2025,3,0.23419253459553524
1118,11/09/2025,3,0.23419253459553524
3172,11/09/2025,3,0.23419253459553524
9874,11/09/2025,3,0.23419253459553524
3607,11/09/2025,3,0.23419253459553524
7440,11/09/2025,3,0.23419253459553524
9949,11/09/2025,3,0.23419253459553524
1467,11/09/2025,3,0.23419253459553524
7201,11/09/2025,3,0.23419253459553524
6247,11/09/2025,3,0.23419253459553524
2825,11/09/2025,3,0.23419253459553524
5857,11/09/2025,3,0.23419253459553524
5153,11/09/2025,3,0.23419253459553524
205,11/09/2025,3,0.23419253459553524
8278,11/09/2025,3,0.23419253459553524
2730,11/09/2025,3,0.23419253459553524
3436,11/09/2025,3,0.23419253459553524
8480,11/09/2025,3,0.23419253459553524
8467,11/09/2025,3,0.23419253459553524
6807,11/09/2025,3,0.23419253459553524
3427,11/09/2025,3,0.23419253459553524
2217,11/09/2025,3,0.23419253459553524
6091,11/09/2025,3,0.23419253459553524
3249,11/09/2025,3,0.23419253459553524
5513,11/09/2025,3,0.23419253459553524
9365,11/09/2025,3,0.23419253459553524
378,11/09/2025,3,0.23419253459553524
6963,11/09/2025,3,0.23419253459553524
9290,11/09/2025,3,0.23419253459553524
9059,11/09/2025,3,0.23419253459553524
3038,11/09/2025,3,0.23419253459553524
6292,11/09/2025,3,0.23419253459553524
5109,11/09/2025,3,0.23419253459553524
9525,11/09/2025,3,0.23419253459553524
1524,11/09/2025,3,0.23419253459553524
806,11/09/2025,3,0.23419253459553524
6962,11/09/2025,3,0.23419253459553524
4521,11/09/2025,3,0.23419253459553524
4927,11/09/2025,3,0.23419253459553524
3720,11/09/2025,3,0.23419253459553524
8385,11/09/2025,3,0.23419253459553524
5536,11/09/2025,3,0.23419253459553524
9496,11/09/2025,3,0.23419253459553524
66,11/09/2025,3,0.23419253459553524
4815,11/09/2025,3,0.23419253459553524
885,11/09/2025,3,0.23419253459553524
1939,11/09/2025,3,0.23419253459553524
9205,11/09/2025,3,0.23419253459553524
7580,11/09/2025,3,0.23419253459553524
4565,11/09/2025,3,0.23419253459553524
5671,11/09/2025,3,0.23419253459553524
5681,11/09/2025,3,0.23419253459553524
2060,11/09/2025,3,0.23419253459553524
1415,11/09/2025,3,0.23419253459553524
3785,11/09/2025,3,0.23419253459553524
9954,11/09/2025,3,0.23419253459553524
9830,11/09/2025,3,0.23419253459553524
6403,11/09/2025,3,0.23419253459553524
2131,11/09/2025,3,0.23419253459553524
8211,11/09/2025,3,0.23419253459553524
4016,11/09/2025,3,0.23419253459553524
8556,11/09/2025,3,0.23419253459553524
2342,11/09/2025,3,0.23419253459553524
2559,11/09/2025,3,0.23419253459553524
8039,11/09/2025,3,0.23419253459553524
786,11/09/2025,3,0.23419253459553524
3341,11/09/2025,3,0.23419253459553524
7122,11/09/2025,3,0.23419253459553524
6430,11/09/2025,3,0.23419253459553524
6471,11/09/2025,3,0.23419253459553524
8891,11/09/2025,3,0.23419253459553524
3804,11/09/2025,3,0.23419253459553524
3311,11/09/2025,3,0.23419253459553524
6550,11/09/2025,3,0.23419253459553524
5845,11/09/2025,3,0.23419253459553524
9773,11/09/2025,3,0.23419253459553524
8676,11/09/2025,3,0.23419253459553524
5808,11/09/2025,3,0.23419253459553524
393,11/09/2025,3,0.23419253459553524
1496,11/09/2025,3,0.23419253459553524
9669,11/09/2025,3,0.23419253459553524
3704,11/09/2025,3,0.23419253459553524
8894,11/09/2025,3,0.23419253459553524
916,11/09/2025,3,0.23419253459553524
2195,11/09/2025,3,0.23419253459553524
9664,11/09/2025,3,0.23419253459553524
8249,11/09/2025,3,0.23419253459553524
9025,11/09/2025,3,0.23419253459553524
1793,11/09/2025,3,0.23419253459553524
223,11/09/2025,3,0.23419253459553524
5906,11/09/2025,3,0.23419253459553524
5994,11/09/2025,3,0.23419253459553524
6285,11/09/2025,3,0.23419253459553524
7550,11/09/2025,3,0.23419253459553524
8767,11/09/2025,3,0.23419253459553524
6793,11/09/2025,3,0.23419253459553524
7255,11/09/2025,3,0.23419253459553524
6895,11/09/2025,3,0.23419253459553524
1771,11/09/2025,3,0.23419253459553524
5840,11/09/2025,3,0.23419253459553524
5075,11/09/2025,3,0.23419253459553524
6880,11/09/2025,3,0.23419253459553524
8108,11/09/2025,3,0.23419253459553524
5569,11/09/2025,3,0.23419253459553524
8587,11/09/2025,3,0.23419253459553524
8729,11/09/2025,3,0.2341925345955352
6050,11/09/2025,3,0.2341925345955352
3849,11/09/2025,3,0.2341925345955352
8296,11/09/2025,3,0.2341925345955352
5642,11/09/2025,3,0.2341925345955352
9522,11/09/2025,3,0.2341925345955352
1025,11/09/2025,3,0.2341925345955352
9027,11/09/2025,3,0.2341925345955352
6386,11/09/2025,3,0.2341925345955352
6922,11/09/2025,3,0.2341925345955352
6335,11/09/2025,3,0.2341925345955352
5865,11/09/2025,3,0.2341925345955352
9581,11/09/2025,3,0.2341925345955352
5387,11/09/2025,3,0.2341925345955352
2502,11/09/2025,3,0.2341925345955352
3667,11/09/2025,3,0.2341925345955352
3609,11/09/2025,3,0.2341925345955352
7655,11/09/2025,3,0.2341925345955352
2075,11/09/2025,3,0.2341925345955352
8418,11/09/2025,3,0.2341925345955352
5644,11/09/2025,3,0.2341925345955352
5008,11/09/2025,3,0.2341925345955352
6177,11/09/2025,3,0.2341925345955352
9540,11/09/2025,3,0.2341925345955352
8087,11/09/2025,3,0.2341925345955352
1593,11/09/2025,3,0.2341925345955352
9888,11/09/2025,3,0.2341925345955352
6148,11/09/2025,3,0.2341925345955352
6185,11/09/2025,3,0.2341925345955352
1560,11/09/2025,3,0.2341925345955352
5352,11/09/2025,3,0.2341925345955352
7516,11/09/2025,3,0.2341925345955352
8581,11/09/2025,3,0.2341925345955352
8210,11/09/2025,3,0.2341925345955352
8291,11/09/2025,3,0.2341925345955352
8440,11/09/2025,3,0.2341925345955352
1596,11/09/2025,3,0.2341925345955352
9466,11/09/2025,3,0.2341925345955352
5418,11/09/2025,3,0.2341925345955352
5966,11/09/2025,3,0.2341925345955352
7076,11/09/2025,3,0.2341925345955352
9426,11/09/2025,3,0.2341925345955352
9546,11/09/2025,3,0.2341925345955352
1323,11/09/2025,3,0.2341925345955352
7059,11/09/2025,3,0.2341925345955352
7384,11/09/2025,3,0.2341925345955352
4546,11/09/2025,3,0.2341925345955352
677,11/09/2025,3,0.2341925345955352
6744,11/09/2025,3,0.2341925345955352
7037,11/09/2025,3,0.2341925345955352
2618,11/09/2025,3,0.2341925345955352
1299,11/09/2025,3,0.2341925345955352
3504,11/09/2025,3,0.2341925345955352
8976,11/09/2025,3,0.2341925345955352
8153,11/09/2025,3,0.2341925345955352
1686,11/09/2025,3,0.2341925345955352
770,11/09/2025,3,0.2341925345955352
8319,11/09/2025,3,0.2341925345955352
5596,11/09/2025,3,0.2341925345955352
8186,11/09/2025,3,0.2341925345955352
8131,11/09/2025,3,0.2341925345955352
9926,11/09/2025,3,0.2341925345955352
9083,11/09/2025,3,0.2341925345955352
3840,11/09/2025,3,0.2341925345955352
7515,11/09/2025,3,0.2341925345955352
2845,11/09/2025,3,0.2341925345955352
7856,11/09/2025,3,0.2341925345955352
840,11/09/2025,3,0.2341925345955352
2379,11/09/2025,3,0.2341925345955352
510,11/09/2025,3,0.2341925345955352
9561,11/09/2025,3,0.2341925345955352
8734,19/03/2025,179,0.22849999999999998
6767,29/04/2025,138,0.22003769841269855
4796,29/04/2025,138,0.22003769841269855
6327,12/06/2025,94,0.059488095238095236
8315,12/06/2025,94,0.059488095238095236
2774,12/06/2025,94,0.059488095238095236
9056,12/06/2025,94,0.059488095238095236
4361,12/06/2025,94,0.059488095238095236
3987,12/06/2025,94,0.059488095238095236
5613,12/06/2025,94,0.059488095238095236
5928,12/06/2025,94,0.059488095238095236
3124,12/06/2025,94,0.059488095238095236
6816,12/06/2025,94,0.059488095238095236
9731,12/06/2025,94,0.059488095238095236
809,12/06/2025,94,0.059488095238095236
5941,12/06/2025,94,0.059488095238095236
7958,12/06/2025,94,0.059488095238095236
7847,12/06/2025,94,0.059488095238095236
386,12/06/2025,94,0.059488095238095236
