Number,Prize,Count,Dates
4393,5000,12,"25/02/2023 | 10/02/2023 | 01/11/2023 | 27/09/2024 | 18/03/2022 | 12/10/2022 | 24/09/2024 | 08/09/2021 | 26/10/2024 | 11/03/2023 | 21/11/2024 | 21/02/2025"
4278,5000,11,"01/04/2021 | 06/01/2025 | 15/04/2021 | 17/01/2023 | 24/03/2023 | 22/03/2024 | 20/06/2025 | 01/03/2021 | 16/07/2025 | 10/02/2025 | 15/01/2025"
9173,5000,11,"03/05/2025 | 21/01/2022 | 18/11/2020 | 18/12/2023 | 15/03/2022 | 27/01/2025 | 11/02/2022 | 06/12/2022 | 10/08/2023 | 15/05/2023 | 04/01/2025"
1005,5000,11,"09/07/2022 | 24/09/2022 | 27/01/2024 | 06/01/2025 | 09/02/2022 | 02/01/2023 | 14/05/2024 | 01/06/2025 | 09/06/2025 | 01/02/2021 | 27/06/2022"
1933,5000,11,"25/08/2022 | 17/03/2021 | 08/03/2024 | 20/08/2024 | 18/11/2020 | 16/09/2020 | 10/01/2024 | 05/11/2021 | 20/08/2021 | 04/10/2021 | 03/09/2022"
0362,5000,10,"30/10/2021 | 29/05/2023 | 28/02/2024 | 05/08/2022 | 08/10/2024 | 24/09/2020 | 29/11/2022 | 16/07/2022 | 07/03/2024 | 17/07/2022"
2357,5000,10,"16/08/2024 | 17/04/2025 | 18/01/2025 | 23/10/2023 | 04/08/2021 | 27/05/2022 | 29/03/2023 | 10/02/2024 | 25/05/2024 | 25/08/2020"
9098,5000,10,"15/03/2025 | 06/03/2023 | 28/06/2025 | 01/01/2024 | 03/01/2025 | 01/12/2020 | 09/12/2023 | 10/08/2023 | 13/01/2021 | 19/07/2025"
9027,5000,10,"09/09/2022 | 29/03/2021 | 23/10/2022 | 20/10/2023 | 20/11/2021 | 24/11/2022 | 19/01/2025 | 14/11/2022 | 24/06/2024 | 09/07/2023"
8369,5000,10,"19/07/2023 | 02/01/2021 | 05/04/2024 | 18/03/2025 | 14/09/2020 | 24/02/2025 | 17/11/2021 | 06/10/2022 | 04/03/2023 | 25/12/2020"
0125,5000,10,"11/12/2022 | 18/03/2024 | 21/04/2021 | 28/10/2024 | 14/06/2023 | 11/04/2025 | 03/09/2023 | 13/06/2025 | 12/04/2023 | 06/08/2023"
5052,5000,10,"24/02/2022 | 15/07/2024 | 30/09/2024 | 03/03/2025 | 22/04/2024 | 20/10/2023 | 27/08/2022 | 14/03/2024 | 23/03/2022 | 26/06/2022"
2922,5000,9,"26/02/2025 | 24/09/2020 | 10/08/2025 | 01/12/2021 | 22/03/2021 | 26/10/2021 | 29/06/2023 | 31/08/2024 | 14/06/2025"
7296,5000,9,"18/03/2022 | 12/06/2025 | 27/10/2021 | 05/08/2020 | 04/01/2024 | 12/01/2023 | 15/03/2023 | 15/03/2021 | 08/09/2020"
8008,5000,9,"02/12/2022 | 03/12/2022 | 01/03/2021 | 11/07/2025 | 12/12/2023 | 26/03/2021 | 06/10/2022 | 05/04/2024 | 26/05/2022"
2417,5000,9,"20/02/2021 | 22/03/2023 | 30/08/2023 | 06/05/2025 | 16/12/2021 | 16/10/2020 | 04/09/2022 | 13/12/2021 | 18/10/2021"
6668,5000,9,"12/10/2020 | 05/07/2022 | 11/05/2023 | 08/05/2024 | 05/05/2024 | 01/12/2023 | 02/03/2025 | 09/08/2022 | 25/08/2023"
9929,5000,9,"08/06/2024 | 08/09/2024 | 18/09/2021 | 29/01/2021 | 22/07/2024 | 21/10/2024 | 18/01/2025 | 14/01/2023 | 13/07/2022"
7451,5000,9,"10/02/2021 | 05/03/2022 | 29/10/2022 | 13/06/2022 | 17/01/2025 | 12/05/2021 | 23/01/2024 | 15/04/2025 | 16/02/2024"
9220,5000,9,"25/03/2021 | 06/10/2021 | 29/06/2022 | 18/03/2023 | 07/02/2023 | 27/04/2025 | 19/03/2024 | 17/03/2022 | 12/03/2022"
0897,5000,9,"26/04/2022 | 25/02/2023 | 14/04/2023 | 27/11/2021 | 05/03/2022 | 30/04/2023 | 04/11/2022 | 30/09/2022 | 02/09/2024"
5449,5000,9,"14/09/2023 | 08/08/2025 | 01/02/2022 | 12/05/2025 | 18/05/2024 | 14/12/2024 | 18/02/2024 | 22/03/2022 | 24/11/2021"
9460,5000,9,"06/08/2025 | 17/10/2023 | 18/05/2022 | 27/10/2023 | 10/10/2023 | 04/05/2021 | 06/09/2023 | 21/03/2022 | 12/10/2024"
7736,5000,9,"27/12/2023 | 23/10/2021 | 17/02/2021 | 11/07/2020 | 21/08/2022 | 25/11/2024 | 31/01/2024 | 22/07/2022 | 13/03/2021"
2471,5000,9,"20/06/2023 | 23/08/2023 | 05/08/2020 | 31/03/2023 | 20/05/2023 | 26/04/2024 | 01/04/2021 | 27/01/2023 | 17/03/2025"
3172,5000,9,"31/03/2024 | 30/11/2023 | 01/06/2022 | 27/08/2024 | 03/10/2022 | 02/11/2022 | 11/07/2023 | 15/11/2022 | 06/03/2025"
7896,5000,9,"05/10/2022 | 15/03/2022 | 31/03/2025 | 13/12/2022 | 16/04/2024 | 13/04/2023 | 28/06/2022 | 01/02/2021 | 23/03/2023"
6503,5000,9,"23/08/2022 | 20/09/2021 | 04/08/2021 | 28/04/2022 | 12/05/2022 | 27/04/2025 | 25/07/2025 | 21/01/2025 | 18/07/2020"
8496,5000,9,"11/09/2024 | 25/03/2023 | 13/01/2024 | 01/10/2023 | 07/10/2022 | 29/12/2022 | 05/11/2023 | 26/03/2023 | 03/04/2025"
3070,5000,9,"27/02/2023 | 10/11/2024 | 01/07/2025 | 12/11/2023 | 19/03/2022 | 16/05/2024 | 15/02/2023 | 04/12/2023 | 03/04/2024"
2044,5000,9,"27/02/2024 | 20/02/2021 | 07/12/2021 | 28/08/2022 | 29/11/2024 | 07/04/2021 | 17/07/2025 | 18/06/2022 | 03/04/2021"
6318,5000,9,"28/06/2024 | 27/12/2021 | 13/06/2023 | 14/12/2023 | 07/09/2021 | 15/09/2021 | 03/06/2024 | 13/08/2020 | 01/12/2020"
1023,5000,9,"23/11/2020 | 07/07/2022 | 12/10/2020 | 25/07/2022 | 04/05/2023 | 20/02/2023 | 18/03/2024 | 11/09/2024 | 26/11/2023"
9739,5000,9,"24/12/2021 | 20/08/2022 | 18/06/2022 | 18/02/2025 | 01/06/2025 | 08/06/2023 | 23/10/2024 | 13/04/2022 | 30/11/2020"
2490,5000,9,"13/10/2024 | 14/12/2023 | 25/02/2022 | 24/06/2022 | 23/12/2024 | 10/01/2025 | 25/06/2024 | 12/04/2022 | 14/09/2021"
5748,5000,9,"14/04/2023 | 20/07/2023 | 30/11/2023 | 29/05/2025 | 05/12/2022 | 16/12/2022 | 01/08/2020 | 26/10/2022 | 06/02/2025"
8800,5000,9,"02/09/2020 | 05/03/2023 | 28/06/2023 | 23/04/2024 | 16/04/2021 | 17/03/2021 | 10/04/2021 | 16/01/2024 | 07/09/2023"
7909,5000,9,"21/09/2023 | 14/09/2020 | 10/03/2022 | 19/08/2025 | 13/09/2023 | 21/10/2023 | 03/02/2021 | 04/08/2022 | 16/12/2023"
4829,5000,9,"17/10/2024 | 13/02/2024 | 09/09/2022 | 02/12/2021 | 05/11/2021 | 15/04/2024 | 16/12/2024 | 09/03/2024 | 09/06/2022"
2268,5000,9,"06/01/2021 | 17/04/2021 | 28/05/2022 | 09/11/2024 | 15/12/2024 | 31/03/2023 | 11/10/2024 | 16/12/2021 | 06/09/2024"
5024,5000,8,"05/05/2021 | 30/07/2022 | 10/07/2022 | 02/11/2024 | 20/01/2022 | 11/09/2024 | 21/06/2025 | 17/04/2023"
9595,5000,8,"08/02/2022 | 30/01/2024 | 20/10/2024 | 08/01/2021 | 16/10/2021 | 22/11/2024 | 11/03/2022 | 17/11/2022"
4470,5000,8,"12/05/2023 | 19/03/2025 | 14/01/2022 | 27/07/2022 | 04/09/2023 | 11/01/2025 | 21/02/2022 | 12/01/2022"
3877,5000,8,"29/01/2025 | 30/06/2022 | 04/04/2024 | 09/06/2023 | 18/06/2024 | 11/03/2024 | 08/11/2022 | 16/10/2023"
1954,5000,8,"22/06/2025 | 25/02/2022 | 08/03/2025 | 21/04/2022 | 24/07/2022 | 01/08/2025 | 02/08/2024 | 05/12/2020"
0851,5000,8,"16/05/2023 | 19/02/2023 | 24/07/2022 | 24/09/2023 | 01/03/2021 | 29/05/2025 | 15/06/2022 | 28/12/2023"
7323,5000,8,"06/01/2022 | 05/06/2022 | 19/06/2022 | 19/05/2023 | 23/07/2021 | 15/10/2021 | 12/06/2025 | 22/12/2020"
6420,5000,8,"04/07/2022 | 30/10/2020 | 10/05/2021 | 09/02/2024 | 18/06/2022 | 19/08/2022 | 11/11/2022 | 16/01/2024"
3174,5000,8,"27/11/2021 | 27/08/2022 | 14/07/2024 | 19/08/2023 | 22/01/2025 | 05/11/2021 | 02/11/2020 | 30/11/2022"
0192,5000,8,"26/03/2024 | 03/12/2021 | 27/08/2024 | 20/06/2025 | 18/09/2024 | 03/07/2022 | 04/02/2023 | 25/07/2020"
2950,5000,8,"11/04/2022 | 20/03/2024 | 25/06/2023 | 28/06/2025 | 10/08/2023 | 06/05/2022 | 02/02/2025 | 12/10/2024"
5630,5000,8,"03/07/2024 | 23/01/2024 | 01/02/2024 | 14/08/2025 | 04/08/2021 | 15/04/2025 | 31/12/2021 | 06/08/2025"
6380,5000,8,"30/06/2022 | 08/08/2025 | 21/08/2022 | 12/05/2022 | 03/01/2022 | 23/04/2023 | 17/02/2025 | 24/05/2025"
4306,5000,8,"07/01/2023 | 15/01/2021 | 29/12/2023 | 11/08/2023 | 06/08/2023 | 11/11/2021 | 25/12/2024 | 17/01/2024"
8505,5000,8,"13/06/2024 | 31/03/2023 | 18/02/2023 | 11/01/2022 | 03/09/2024 | 28/02/2025 | 28/10/2020 | 07/10/2024"
2954,5000,8,"23/10/2023 | 10/09/2022 | 26/04/2025 | 23/06/2025 | 15/10/2024 | 08/02/2025 | 19/07/2025 | 13/10/2023"
8037,5000,8,"13/10/2024 | 09/01/2025 | 23/04/2021 | 06/11/2022 | 02/11/2024 | 22/05/2025 | 28/09/2021 | 19/06/2025"
6379,5000,8,"05/09/2024 | 30/03/2025 | 28/02/2022 | 22/09/2021 | 24/02/2024 | 11/02/2024 | 11/06/2025 | 16/10/2024"
3098,5000,8,"07/05/2024 | 19/02/2022 | 20/01/2024 | 09/08/2021 | 04/09/2022 | 22/11/2022 | 06/12/2024 | 29/08/2020"
4833,5000,8,"30/06/2023 | 05/01/2025 | 14/04/2023 | 25/05/2022 | 17/07/2025 | 16/09/2024 | 14/07/2022 | 01/08/2022"
5851,5000,8,"31/01/2022 | 28/07/2023 | 31/10/2022 | 27/01/2024 | 10/03/2025 | 22/05/2024 | 25/10/2024 | 07/01/2025"
6950,5000,8,"22/04/2024 | 02/11/2023 | 30/06/2024 | 02/05/2025 | 25/01/2025 | 13/09/2021 | 02/05/2023 | 10/06/2025"
9029,5000,8,"13/05/2022 | 15/02/2023 | 20/10/2022 | 14/01/2022 | 10/06/2023 | 08/09/2024 | 03/02/2025 | 17/02/2023"
2887,5000,8,"23/10/2023 | 29/10/2022 | 03/12/2022 | 17/03/2023 | 08/03/2021 | 22/10/2021 | 17/07/2022 | 11/11/2022"
9671,5000,8,"26/09/2022 | 20/03/2023 | 20/12/2024 | 25/09/2021 | 22/08/2022 | 10/08/2025 | 18/01/2023 | 08/01/2024"
3173,5000,8,"29/01/2024 | 05/06/2025 | 20/02/2025 | 21/01/2024 | 12/01/2024 | 21/01/2025 | 07/11/2022 | 21/07/2024"
5213,5000,8,"27/11/2020 | 14/01/2025 | 15/02/2023 | 28/09/2020 | 02/02/2021 | 26/11/2021 | 05/11/2023 | 29/03/2024"
6939,5000,8,"01/01/2021 | 19/07/2022 | 19/11/2023 | 31/01/2025 | 03/04/2023 | 01/09/2022 | 24/07/2025 | 13/05/2025"
8845,5000,8,"25/05/2022 | 18/12/2022 | 04/07/2023 | 14/01/2022 | 26/11/2023 | 26/03/2025 | 09/10/2021 | 10/02/2021"
5711,5000,8,"06/01/2021 | 13/05/2023 | 08/12/2023 | 01/09/2021 | 16/09/2024 | 29/06/2024 | 02/07/2023 | 19/07/2022"
7977,5000,8,"23/11/2022 | 05/07/2023 | 06/06/2025 | 12/08/2025 | 21/03/2022 | 28/12/2023 | 15/09/2022 | 07/12/2020"
8564,5000,8,"03/02/2022 | 27/11/2022 | 22/09/2020 | 22/09/2022 | 06/12/2024 | 13/04/2025 | 21/10/2024 | 29/11/2021"
9736,5000,8,"16/02/2025 | 29/04/2022 | 19/08/2025 | 14/12/2022 | 23/04/2023 | 24/07/2024 | 08/09/2021 | 19/06/2025"
9612,5000,8,"21/12/2022 | 18/10/2024 | 11/11/2024 | 17/05/2023 | 23/06/2024 | 02/03/2021 | 24/04/2024 | 11/12/2023"
5855,5000,8,"14/07/2023 | 16/06/2025 | 25/11/2024 | 10/01/2023 | 22/05/2025 | 23/04/2022 | 04/05/2022 | 10/06/2024"
6603,5000,8,"17/09/2022 | 20/11/2024 | 22/02/2024 | 06/10/2024 | 30/11/2023 | 25/06/2025 | 14/06/2022 | 25/05/2024"
0252,5000,8,"12/12/2023 | 04/01/2021 | 12/11/2024 | 31/12/2024 | 23/11/2020 | 08/03/2024 | 30/03/2022 | 22/02/2025"
6727,5000,8,"18/09/2021 | 24/09/2022 | 04/09/2022 | 08/02/2021 | 28/11/2024 | 16/12/2020 | 06/02/2023 | 03/04/2023"
6232,5000,8,"07/07/2022 | 10/10/2020 | 20/10/2022 | 15/07/2024 | 01/02/2022 | 28/09/2022 | 24/08/2024 | 12/04/2024"
3306,5000,8,"04/03/2021 | 23/04/2021 | 04/08/2021 | 29/04/2021 | 23/08/2022 | 04/12/2021 | 16/11/2020 | 22/01/2022"
9850,5000,8,"26/06/2025 | 16/05/2025 | 20/12/2023 | 10/02/2025 | 01/11/2024 | 26/06/2024 | 05/08/2025 | 20/08/2023"
3698,5000,8,"28/09/2020 | 30/10/2024 | 10/01/2025 | 19/02/2022 | 08/07/2024 | 14/08/2024 | 24/08/2025 | 27/04/2021"
9967,5000,8,"13/08/2025 | 07/08/2022 | 22/06/2022 | 21/02/2025 | 16/05/2025 | 05/02/2023 | 10/03/2021 | 24/10/2024"
8011,5000,8,"13/07/2025 | 23/04/2021 | 15/12/2020 | 23/08/2023 | 16/04/2022 | 17/02/2025 | 23/02/2024 | 27/05/2023"
7262,5000,8,"04/07/2023 | 09/05/2024 | 26/12/2022 | 22/11/2022 | 01/06/2024 | 06/12/2024 | 30/08/2021 | 17/12/2021"
6599,5000,8,"23/11/2021 | 05/01/2025 | 22/06/2022 | 26/06/2023 | 29/12/2024 | 03/05/2024 | 29/03/2025 | 29/08/2020"
9533,5000,8,"09/05/2025 | 22/01/2023 | 11/05/2021 | 06/02/2021 | 23/10/2021 | 25/12/2024 | 03/03/2021 | 26/05/2022"
8874,5000,8,"26/12/2020 | 14/10/2023 | 25/08/2022 | 16/12/2022 | 23/11/2020 | 19/01/2022 | 08/01/2021 | 15/03/2025"
2214,5000,8,"04/02/2025 | 19/02/2023 | 28/07/2024 | 22/12/2022 | 10/03/2022 | 02/06/2022 | 15/06/2022 | 05/10/2023"
7615,5000,8,"25/09/2024 | 20/03/2024 | 12/11/2023 | 17/08/2020 | 22/07/2025 | 15/01/2025 | 18/06/2023 | 22/02/2021"
0420,5000,8,"20/10/2024 | 03/03/2024 | 28/01/2024 | 17/11/2023 | 28/07/2022 | 10/06/2025 | 06/05/2023 | 30/03/2021"
8182,5000,8,"20/04/2023 | 14/07/2025 | 30/10/2020 | 20/06/2024 | 16/06/2023 | 15/06/2022 | 02/12/2020 | 04/03/2023"
6670,5000,8,"10/09/2024 | 01/12/2022 | 05/05/2025 | 12/10/2021 | 22/12/2022 | 16/08/2022 | 08/03/2025 | 25/08/2023"
5198,5000,8,"16/07/2022 | 12/03/2025 | 28/06/2023 | 15/02/2024 | 11/02/2021 | 10/08/2022 | 03/02/2025 | 18/07/2023"
1438,5000,8,"25/05/2022 | 12/12/2024 | 19/10/2024 | 17/02/2024 | 15/11/2022 | 03/07/2024 | 06/05/2022 | 24/04/2025"
5000,5000,8,"23/02/2023 | 13/11/2020 | 20/11/2023 | 31/07/2022 | 18/10/2024 | 27/07/2025 | 02/05/2024 | 18/04/2024"
9121,5000,8,"14/12/2022 | 28/06/2024 | 01/01/2021 | 27/05/2022 | 16/10/2021 | 27/09/2022 | 24/05/2024 | 16/09/2023"
4998,5000,8,"19/11/2021 | 25/08/2021 | 28/08/2022 | 01/12/2022 | 08/10/2024 | 22/07/2023 | 04/11/2020 | 18/01/2022"
9089,5000,8,"09/07/2023 | 24/11/2024 | 17/04/2024 | 18/10/2022 | 20/05/2022 | 28/02/2023 | 03/07/2025 | 02/11/2022"
3313,5000,8,"09/04/2025 | 11/01/2021 | 11/12/2021 | 10/10/2024 | 15/11/2023 | 20/05/2022 | 08/07/2025 | 25/07/2025"
3997,5000,8,"05/03/2023 | 08/04/2025 | 16/08/2024 | 14/12/2024 | 19/07/2023 | 02/01/2023 | 05/04/2021 | 29/03/2022"
3547,5000,8,"24/12/2021 | 11/07/2023 | 18/12/2020 | 18/01/2022 | 13/05/2025 | 06/09/2022 | 16/01/2023 | 09/04/2025"
9815,5000,8,"18/07/2024 | 17/12/2022 | 23/06/2024 | 31/08/2023 | 29/01/2025 | 24/09/2022 | 10/09/2020 | 07/09/2022"
9355,5000,8,"17/03/2023 | 21/05/2023 | 03/07/2022 | 17/10/2022 | 04/09/2024 | 10/04/2021 | 06/01/2021 | 24/07/2025"
7272,5000,8,"23/11/2022 | 11/07/2022 | 03/01/2023 | 22/03/2024 | 13/08/2021 | 17/07/2024 | 22/06/2024 | 28/05/2022"
9117,5000,8,"19/07/2022 | 12/12/2023 | 25/10/2021 | 04/07/2025 | 02/12/2024 | 03/07/2022 | 12/02/2022 | 25/11/2023"
5534,5000,8,"04/03/2025 | 06/02/2024 | 19/05/2023 | 20/06/2024 | 25/06/2025 | 27/08/2023 | 29/09/2021 | 05/12/2020"
5861,5000,8,"27/09/2022 | 01/02/2023 | 30/12/2021 | 25/11/2024 | 23/04/2025 | 14/03/2023 | 08/02/2024 | 14/06/2022"
7225,5000,8,"07/12/2024 | 12/03/2024 | 28/05/2023 | 03/02/2024 | 13/04/2025 | 17/12/2024 | 24/09/2022 | 06/10/2022"
2454,5000,8,"04/03/2024 | 23/11/2023 | 20/03/2024 | 13/03/2025 | 22/03/2021 | 27/01/2021 | 15/03/2023 | 01/01/2025"
2799,5000,8,"21/08/2024 | 14/02/2024 | 05/06/2022 | 02/06/2023 | 26/04/2025 | 22/05/2025 | 03/08/2020 | 19/12/2023"
7499,5000,8,"01/04/2021 | 04/10/2023 | 29/03/2024 | 30/09/2023 | 17/11/2024 | 03/03/2025 | 10/04/2025 | 17/08/2022"
3302,5000,7,"01/03/2022 | 29/07/2023 | 25/10/2023 | 19/02/2024 | 24/01/2025 | 30/05/2025 | 05/06/2023"
2038,5000,7,"16/08/2025 | 23/10/2021 | 28/02/2025 | 11/03/2022 | 01/08/2024 | 04/06/2025 | 31/03/2024"
8221,5000,7,"15/03/2022 | 05/05/2025 | 05/09/2024 | 16/10/2024 | 04/09/2021 | 25/01/2023 | 11/04/2024"
5827,5000,7,"11/03/2022 | 21/08/2023 | 23/12/2024 | 20/02/2025 | 22/05/2024 | 05/03/2025 | 12/11/2021"
5095,5000,7,"16/01/2024 | 15/04/2024 | 04/04/2025 | 28/09/2023 | 08/02/2024 | 30/01/2024 | 06/04/2025"
2497,5000,7,"13/04/2021 | 11/01/2021 | 28/01/2023 | 14/08/2025 | 26/09/2024 | 16/05/2023 | 18/05/2022"
6534,5000,7,"25/01/2024 | 29/04/2023 | 23/04/2023 | 25/12/2021 | 07/09/2024 | 21/12/2021 | 08/12/2021"
6496,5000,7,"23/11/2021 | 21/09/2024 | 26/03/2025 | 02/01/2025 | 18/07/2025 | 08/12/2022 | 26/04/2022"
0766,5000,7,"20/07/2022 | 14/09/2022 | 21/11/2024 | 18/01/2023 | 17/01/2024 | 27/03/2025 | 11/08/2020"
6240,5000,7,"30/07/2022 | 05/03/2025 | 26/06/2025 | 22/11/2022 | 29/04/2023 | 16/12/2023 | 29/06/2025"
8664,5000,7,"10/07/2022 | 15/07/2023 | 12/02/2022 | 26/04/2025 | 07/07/2025 | 26/12/2022 | 02/12/2024"
7565,5000,7,"27/12/2024 | 09/01/2023 | 12/08/2022 | 24/11/2021 | 01/02/2024 | 04/01/2022 | 23/03/2024"
9100,5000,7,"06/03/2021 | 05/10/2024 | 30/09/2022 | 02/07/2024 | 01/04/2024 | 21/04/2025 | 26/04/2023"
4958,5000,7,"03/10/2022 | 10/07/2024 | 12/12/2024 | 23/11/2023 | 22/04/2024 | 08/04/2025 | 09/03/2023"
4169,5000,7,"20/04/2025 | 26/09/2020 | 02/06/2023 | 31/08/2024 | 22/05/2024 | 06/10/2024 | 24/09/2020"
6365,5000,7,"12/01/2021 | 06/03/2021 | 22/09/2024 | 11/02/2025 | 08/11/2023 | 05/02/2024 | 29/09/2023"
8883,5000,7,"16/02/2022 | 21/10/2023 | 08/01/2025 | 22/02/2024 | 22/09/2023 | 16/11/2024 | 25/09/2021"
1419,5000,7,"13/08/2020 | 12/11/2021 | 15/11/2022 | 11/02/2023 | 17/10/2023 | 31/03/2021 | 19/10/2024"
9687,5000,7,"05/08/2020 | 28/04/2024 | 11/08/2025 | 15/06/2023 | 13/06/2024 | 10/12/2023 | 20/05/2023"
8346,5000,7,"22/04/2022 | 24/02/2023 | 12/04/2025 | 30/10/2024 | 01/08/2024 | 18/11/2022 | 12/07/2025"
9705,5000,7,"08/03/2023 | 21/07/2023 | 06/02/2024 | 07/05/2021 | 22/10/2023 | 03/07/2023 | 16/01/2024"
6857,5000,7,"06/11/2022 | 22/06/2023 | 01/11/2023 | 19/04/2022 | 03/12/2023 | 24/05/2024 | 12/04/2022"
8079,5000,7,"19/07/2023 | 06/05/2021 | 21/03/2024 | 15/07/2022 | 26/07/2025 | 01/01/2024 | 11/05/2024"
4340,5000,7,"15/11/2023 | 15/12/2024 | 06/08/2022 | 23/08/2023 | 18/04/2024 | 24/12/2024 | 28/12/2022"
2573,5000,7,"24/02/2021 | 17/07/2023 | 31/01/2024 | 19/02/2023 | 25/06/2025 | 10/01/2024 | 13/10/2021"
6806,5000,7,"10/02/2021 | 12/12/2023 | 13/11/2022 | 21/10/2022 | 02/05/2024 | 09/06/2025 | 11/07/2023"
7507,5000,7,"02/08/2023 | 29/10/2021 | 19/02/2025 | 18/03/2025 | 21/07/2025 | 29/05/2022 | 03/02/2021"
9995,5000,7,"27/03/2025 | 21/07/2023 | 02/11/2020 | 10/01/2024 | 11/11/2021 | 23/05/2024 | 28/06/2024"
3739,5000,7,"12/03/2021 | 15/07/2022 | 23/10/2022 | 25/02/2023 | 10/04/2024 | 26/02/2021 | 15/11/2022"
4598,5000,7,"01/02/2021 | 10/06/2022 | 20/08/2024 | 04/09/2024 | 15/03/2022 | 27/01/2022 | 25/07/2023"
4548,5000,7,"05/05/2021 | 06/05/2023 | 22/03/2021 | 05/12/2023 | 08/04/2024 | 17/05/2024 | 01/01/2023"
7857,5000,7,"01/06/2024 | 21/11/2024 | 06/11/2020 | 01/02/2025 | 06/01/2024 | 25/04/2022 | 22/01/2024"
3572,5000,7,"09/04/2021 | 14/06/2024 | 31/07/2023 | 07/11/2024 | 09/07/2023 | 30/11/2022 | 09/12/2021"
9142,5000,7,"21/04/2023 | 31/08/2023 | 17/02/2021 | 21/12/2024 | 19/02/2022 | 07/09/2021 | 27/07/2025"
0317,5000,7,"14/08/2023 | 20/08/2024 | 08/03/2025 | 01/10/2021 | 26/04/2025 | 02/05/2023 | 23/06/2023"
6036,5000,7,"28/09/2021 | 10/12/2022 | 23/11/2021 | 01/11/2022 | 19/11/2022 | 28/02/2024 | 16/09/2021"
2387,5000,7,"02/01/2025 | 19/08/2020 | 18/11/2022 | 02/05/2025 | 28/02/2024 | 07/05/2021 | 07/03/2022"
6855,5000,7,"25/05/2023 | 21/03/2025 | 22/07/2024 | 18/05/2022 | 07/02/2023 | 24/03/2022 | 24/08/2022"
5092,5000,7,"22/07/2025 | 10/10/2024 | 01/09/2021 | 14/06/2022 | 03/05/2025 | 15/07/2025 | 10/08/2025"
1820,5000,7,"30/04/2022 | 14/05/2024 | 01/03/2024 | 03/08/2022 | 29/05/2022 | 18/11/2024 | 06/12/2021"
4794,5000,7,"02/04/2023 | 24/02/2021 | 18/11/2023 | 05/04/2022 | 18/11/2020 | 17/06/2022 | 19/06/2024"
5462,5000,7,"13/09/2021 | 15/01/2023 | 03/09/2023 | 07/02/2023 | 08/05/2024 | 02/12/2020 | 05/01/2024"
1403,5000,7,"02/11/2024 | 26/04/2021 | 23/04/2025 | 27/11/2021 | 04/09/2024 | 07/10/2020 | 07/02/2025"
5425,5000,7,"17/05/2022 | 12/02/2022 | 25/07/2020 | 05/02/2023 | 02/08/2023 | 28/11/2023 | 23/03/2024"
0108,5000,7,"06/12/2021 | 02/07/2023 | 20/01/2021 | 05/07/2023 | 26/04/2024 | 25/03/2023 | 03/01/2025"
4410,5000,7,"15/02/2021 | 15/04/2022 | 25/03/2023 | 08/06/2023 | 13/01/2024 | 02/04/2024 | 08/06/2025"
6085,5000,7,"26/03/2021 | 16/12/2023 | 03/11/2023 | 25/04/2022 | 08/05/2025 | 16/09/2022 | 07/08/2025"
2162,5000,7,"24/04/2021 | 02/05/2022 | 18/08/2022 | 25/01/2022 | 28/03/2023 | 20/05/2023 | 30/04/2025"
1432,5000,7,"17/11/2022 | 08/11/2024 | 01/07/2022 | 25/01/2023 | 02/04/2022 | 04/03/2021 | 07/08/2020"
7859,5000,7,"05/06/2024 | 07/03/2025 | 03/09/2023 | 24/02/2024 | 26/09/2022 | 01/04/2022 | 27/06/2024"
4180,5000,7,"21/07/2023 | 25/08/2021 | 29/11/2023 | 03/07/2024 | 29/07/2024 | 14/04/2025 | 25/03/2025"
3581,5000,7,"26/08/2022 | 18/06/2023 | 24/03/2021 | 01/12/2021 | 13/04/2023 | 15/11/2024 | 03/08/2025"
2598,5000,7,"16/08/2021 | 25/01/2021 | 02/11/2020 | 03/11/2023 | 02/12/2024 | 30/06/2023 | 28/06/2024"
9597,5000,7,"25/10/2021 | 01/01/2022 | 03/06/2023 | 14/11/2024 | 16/02/2025 | 27/01/2023 | 30/08/2022"
2602,5000,7,"13/01/2021 | 14/12/2022 | 12/03/2021 | 22/12/2020 | 29/10/2024 | 25/04/2025 | 08/08/2025"
5203,5000,7,"26/12/2020 | 06/09/2023 | 11/10/2021 | 21/02/2023 | 26/03/2025 | 13/12/2021 | 05/03/2025"
8095,5000,7,"28/05/2023 | 16/05/2024 | 08/03/2022 | 24/06/2024 | 07/08/2024 | 06/11/2020 | 20/02/2021"
7016,5000,7,"08/10/2021 | 16/04/2025 | 27/01/2023 | 03/03/2021 | 20/03/2023 | 13/02/2024 | 21/05/2024"
4960,5000,7,"27/04/2024 | 30/10/2020 | 22/07/2022 | 03/04/2024 | 08/03/2022 | 03/05/2025 | 22/11/2022"
1515,5000,7,"16/11/2022 | 08/08/2025 | 19/01/2022 | 07/10/2022 | 19/07/2023 | 04/05/2025 | 17/01/2022"
8979,5000,7,"23/02/2025 | 12/12/2020 | 13/07/2025 | 17/04/2021 | 24/09/2022 | 09/06/2025 | 09/11/2020"
7483,5000,7,"30/10/2023 | 28/06/2023 | 05/04/2024 | 25/09/2024 | 08/01/2025 | 13/07/2025 | 25/12/2021"
6481,5000,7,"19/10/2020 | 28/09/2021 | 15/11/2021 | 23/07/2021 | 11/03/2024 | 08/01/2025 | 19/04/2025"
6576,5000,7,"12/11/2022 | 26/10/2023 | 03/05/2024 | 14/08/2025 | 26/10/2020 | 06/10/2022 | 07/08/2020"
9894,5000,7,"01/01/2025 | 08/05/2025 | 01/06/2025 | 10/10/2020 | 27/08/2022 | 03/04/2021 | 14/07/2024"
3464,5000,7,"17/06/2024 | 13/08/2021 | 18/07/2024 | 01/08/2020 | 10/07/2022 | 20/04/2024 | 10/02/2022"
2142,5000,7,"22/02/2021 | 04/09/2020 | 26/09/2023 | 04/03/2024 | 15/07/2025 | 10/11/2022 | 25/03/2022"
2959,5000,7,"07/02/2024 | 28/06/2025 | 30/04/2023 | 13/11/2024 | 19/12/2024 | 27/12/2024 | 31/12/2024"
9846,5000,7,"03/03/2023 | 05/12/2023 | 12/07/2025 | 09/08/2021 | 19/02/2023 | 06/07/2022 | 13/10/2021"
7670,5000,7,"23/04/2025 | 14/12/2021 | 07/11/2023 | 03/10/2023 | 27/02/2024 | 29/12/2024 | 14/04/2025"
0437,5000,7,"09/12/2023 | 11/03/2025 | 23/06/2025 | 04/07/2025 | 20/07/2022 | 23/10/2022 | 22/08/2023"
3356,5000,7,"15/12/2020 | 04/02/2023 | 01/08/2023 | 17/11/2024 | 23/12/2023 | 16/11/2022 | 13/11/2021"
2698,5000,7,"20/06/2022 | 10/06/2022 | 23/12/2020 | 28/04/2022 | 19/05/2022 | 24/02/2025 | 27/05/2025"
3471,5000,7,"18/02/2022 | 13/08/2024 | 16/06/2025 | 09/06/2023 | 15/10/2021 | 08/03/2024 | 14/11/2022"
5025,5000,7,"09/04/2023 | 02/05/2023 | 10/05/2023 | 06/03/2024 | 25/05/2024 | 14/04/2024 | 23/12/2024"
3871,5000,7,"26/10/2023 | 08/10/2024 | 18/09/2024 | 22/03/2025 | 16/07/2022 | 24/12/2021 | 16/09/2022"
1055,5000,7,"29/05/2023 | 15/05/2024 | 01/06/2025 | 11/08/2022 | 02/12/2020 | 01/09/2022 | 18/10/2024"
7517,5000,7,"26/10/2020 | 24/01/2023 | 20/12/2023 | 30/07/2024 | 15/07/2022 | 21/01/2023 | 08/12/2024"
2937,5000,7,"12/08/2023 | 29/09/2023 | 04/06/2024 | 26/05/2025 | 22/07/2024 | 22/08/2023 | 11/11/2020"
2076,5000,7,"18/11/2021 | 28/11/2023 | 11/08/2024 | 21/08/2022 | 13/09/2024 | 04/04/2025 | 15/06/2025"
3126,5000,7,"09/10/2020 | 31/05/2023 | 08/06/2022 | 14/02/2023 | 29/09/2024 | 15/10/2024 | 31/03/2025"
5258,5000,7,"17/12/2021 | 05/03/2025 | 18/03/2025 | 20/04/2022 | 01/06/2025 | 30/05/2023 | 01/02/2025"
8603,5000,7,"21/06/2023 | 15/11/2024 | 11/08/2025 | 04/01/2021 | 18/12/2021 | 26/11/2023 | 22/04/2023"
4934,5000,7,"10/08/2022 | 19/04/2023 | 03/08/2020 | 29/09/2021 | 26/12/2022 | 02/11/2023 | 25/03/2024"
4276,5000,7,"01/10/2022 | 18/10/2022 | 21/03/2024 | 21/04/2024 | 21/06/2023 | 27/07/2024 | 05/06/2025"
7655,5000,7,"27/08/2021 | 06/02/2024 | 18/03/2022 | 23/02/2024 | 08/07/2024 | 11/07/2024 | 26/06/2023"
9314,5000,7,"22/04/2022 | 30/11/2020 | 24/09/2020 | 09/10/2020 | 02/03/2021 | 05/03/2024 | 10/04/2024"
5175,5000,7,"03/02/2024 | 30/11/2021 | 21/10/2021 | 08/01/2025 | 09/11/2024 | 11/06/2022 | 13/09/2022"
7369,5000,7,"02/03/2022 | 05/03/2022 | 01/11/2023 | 22/03/2024 | 18/01/2025 | 30/09/2022 | 11/07/2020"
6533,5000,7,"24/04/2024 | 07/01/2024 | 09/06/2025 | 21/08/2020 | 04/09/2022 | 05/09/2022 | 14/02/2024"
9391,5000,7,"09/04/2024 | 13/01/2021 | 21/06/2024 | 20/08/2024 | 27/07/2025 | 20/10/2022 | 16/06/2024"
0318,5000,7,"17/02/2021 | 15/12/2021 | 24/03/2021 | 24/02/2023 | 02/11/2023 | 25/06/2022 | 01/01/2025"
7580,5000,7,"18/08/2021 | 04/01/2024 | 17/08/2024 | 06/03/2024 | 17/02/2021 | 09/06/2023 | 08/11/2023"
7524,5000,7,"25/06/2023 | 22/12/2022 | 31/12/2023 | 10/06/2024 | 02/08/2025 | 21/05/2025 | 15/06/2025"
8510,5000,7,"25/01/2022 | 21/06/2023 | 20/12/2022 | 04/04/2024 | 16/12/2022 | 30/05/2025 | 22/07/2025"
3493,5000,7,"24/04/2021 | 06/12/2024 | 03/07/2023 | 22/01/2025 | 02/02/2025 | 12/02/2021 | 09/11/2023"
7396,5000,7,"16/09/2022 | 20/05/2023 | 11/02/2022 | 31/01/2022 | 05/09/2024 | 19/04/2025 | 17/04/2021"
4270,5000,7,"27/04/2021 | 28/07/2025 | 10/03/2022 | 12/10/2020 | 08/01/2025 | 02/08/2023 | 25/06/2025"
4343,5000,7,"24/10/2023 | 14/08/2023 | 25/02/2025 | 10/10/2022 | 29/04/2024 | 14/01/2023 | 02/05/2025"
2927,5000,7,"14/04/2022 | 10/09/2020 | 27/07/2024 | 15/07/2025 | 16/09/2023 | 13/10/2021 | 25/03/2022"
8021,5000,7,"30/09/2022 | 23/09/2022 | 10/05/2023 | 19/06/2023 | 02/07/2023 | 24/04/2024 | 23/12/2020"
7790,5000,7,"17/04/2024 | 22/07/2025 | 17/02/2023 | 20/10/2022 | 29/03/2024 | 13/03/2021 | 08/04/2024"
9310,5000,7,"27/04/2023 | 20/06/2025 | 10/04/2023 | 22/07/2023 | 16/02/2021 | 09/12/2020 | 09/03/2023"
0687,5000,7,"01/03/2023 | 07/04/2024 | 22/04/2023 | 11/01/2022 | 20/07/2023 | 19/08/2024 | 16/03/2024"
6012,5000,7,"17/07/2022 | 21/02/2022 | 06/11/2022 | 12/10/2023 | 24/04/2021 | 20/07/2024 | 11/11/2024"
5134,5000,7,"20/09/2021 | 08/08/2023 | 27/05/2025 | 06/08/2025 | 13/10/2022 | 06/12/2021 | 17/04/2021"
1667,5000,7,"13/02/2024 | 29/09/2023 | 22/01/2022 | 17/01/2024 | 07/10/2021 | 23/02/2024 | 21/10/2024"
6894,5000,7,"22/05/2023 | 25/02/2021 | 08/12/2021 | 17/06/2024 | 14/12/2020 | 30/12/2022 | 14/08/2024"
8188,5000,7,"27/10/2022 | 01/07/2022 | 11/09/2022 | 18/04/2023 | 16/07/2023 | 15/02/2025 | 21/05/2025"
6166,5000,7,"16/04/2023 | 27/02/2025 | 15/12/2022 | 16/10/2020 | 04/12/2023 | 18/02/2022 | 26/10/2020"
5444,5000,7,"06/12/2023 | 11/04/2022 | 06/01/2025 | 17/06/2022 | 03/03/2022 | 25/04/2022 | 16/10/2023"
8798,5000,7,"27/02/2023 | 21/03/2025 | 24/06/2023 | 18/10/2021 | 04/03/2024 | 18/08/2024 | 04/02/2024"
7940,5000,7,"21/01/2025 | 14/09/2023 | 08/03/2021 | 01/11/2021 | 29/10/2023 | 01/06/2024 | 21/04/2024"
8036,5000,7,"06/11/2020 | 13/04/2023 | 11/09/2021 | 20/02/2024 | 29/09/2024 | 07/05/2025 | 20/08/2023"
5493,5000,7,"16/05/2022 | 25/08/2024 | 21/05/2024 | 16/05/2025 | 16/01/2021 | 03/02/2022 | 10/05/2022"
0203,5000,7,"19/06/2022 | 24/12/2022 | 18/06/2022 | 16/09/2024 | 12/06/2025 | 01/10/2021 | 22/06/2024"
0001,5000,7,"27/09/2023 | 14/01/2024 | 18/06/2024 | 12/12/2024 | 19/12/2024 | 22/08/2023 | 23/01/2021"
4492,5000,7,"25/09/2024 | 17/12/2022 | 02/12/2024 | 30/01/2025 | 27/12/2023 | 15/04/2024 | 12/07/2024"
6805,5000,7,"13/10/2021 | 17/05/2024 | 10/01/2023 | 04/01/2025 | 01/04/2023 | 09/04/2021 | 22/01/2021"
9884,5000,7,"10/11/2021 | 11/02/2023 | 05/04/2024 | 28/01/2022 | 02/05/2023 | 17/08/2024 | 22/10/2021"
0456,5000,7,"07/12/2021 | 18/06/2024 | 17/05/2022 | 22/12/2024 | 17/06/2022 | 29/09/2022 | 20/02/2025"
4538,5000,7,"04/02/2023 | 05/06/2022 | 24/09/2024 | 07/10/2024 | 24/05/2025 | 19/01/2021 | 11/02/2022"
8355,5000,7,"11/11/2021 | 27/02/2023 | 02/09/2021 | 11/08/2023 | 12/07/2024 | 15/01/2025 | 16/01/2025"
9539,5000,7,"30/05/2024 | 08/05/2025 | 18/11/2023 | 04/11/2022 | 28/10/2024 | 27/07/2025 | 20/05/2024"
2618,5000,7,"12/01/2021 | 01/06/2023 | 06/08/2025 | 15/04/2023 | 01/06/2024 | 01/03/2025 | 19/01/2021"
8426,5000,7,"20/11/2020 | 11/05/2021 | 23/06/2022 | 12/05/2025 | 08/03/2021 | 13/12/2024 | 18/03/2024"
2612,5000,7,"28/07/2023 | 11/09/2024 | 11/03/2021 | 02/12/2021 | 16/05/2022 | 27/05/2024 | 22/02/2022"
2653,5000,7,"28/03/2023 | 14/10/2022 | 19/05/2022 | 09/01/2024 | 08/11/2024 | 26/03/2025 | 24/07/2024"
2814,5000,7,"19/11/2023 | 04/11/2021 | 28/01/2023 | 30/12/2021 | 23/12/2023 | 06/01/2024 | 01/07/2025"
7534,5000,7,"30/09/2021 | 01/09/2023 | 23/01/2024 | 20/03/2025 | 04/04/2025 | 14/02/2023 | 20/04/2025"
4512,5000,7,"29/04/2024 | 18/07/2024 | 11/03/2025 | 08/03/2024 | 13/04/2025 | 07/08/2022 | 17/06/2023"
0425,5000,7,"01/06/2022 | 22/07/2022 | 10/11/2022 | 13/07/2023 | 26/11/2021 | 18/04/2022 | 16/08/2023"
9647,5000,7,"27/09/2022 | 16/09/2022 | 04/06/2024 | 18/02/2022 | 04/01/2024 | 14/02/2025 | 10/08/2025"
5023,5000,7,"16/12/2020 | 21/04/2024 | 03/04/2025 | 10/08/2025 | 07/06/2022 | 02/07/2022 | 24/12/2023"
2620,5000,7,"09/02/2021 | 24/08/2022 | 18/02/2021 | 11/01/2023 | 02/09/2023 | 10/11/2023 | 25/08/2023"
9771,5000,7,"15/01/2025 | 04/07/2022 | 18/11/2024 | 28/05/2022 | 27/06/2022 | 02/01/2023 | 22/10/2024"
7135,5000,7,"05/09/2022 | 17/11/2024 | 15/01/2025 | 21/06/2025 | 11/03/2021 | 12/10/2024 | 09/04/2024"
4798,5000,7,"27/06/2023 | 08/09/2024 | 30/12/2024 | 25/03/2025 | 21/08/2022 | 02/09/2022 | 03/11/2022"
0188,5000,7,"07/07/2022 | 05/11/2021 | 11/05/2022 | 20/07/2023 | 16/04/2024 | 02/02/2021 | 28/12/2020"
8282,5000,7,"16/05/2022 | 23/06/2025 | 27/08/2022 | 28/09/2024 | 28/02/2024 | 07/03/2022 | 31/10/2024"
7807,5000,7,"03/11/2022 | 20/01/2021 | 16/01/2023 | 05/03/2023 | 02/06/2022 | 04/06/2022 | 24/04/2021"
1918,5000,7,"28/12/2022 | 27/01/2023 | 18/12/2023 | 22/05/2024 | 24/02/2023 | 28/05/2023 | 12/06/2022"
0344,5000,7,"22/07/2022 | 28/11/2024 | 28/10/2023 | 19/03/2024 | 28/12/2024 | 27/11/2022 | 14/06/2025"
8321,5000,7,"12/06/2023 | 04/10/2023 | 08/12/2024 | 20/01/2022 | 25/03/2024 | 24/09/2022 | 15/01/2021"
8565,5000,7,"04/04/2024 | 22/01/2022 | 31/12/2024 | 11/07/2025 | 22/01/2021 | 08/02/2022 | 19/06/2022"
7879,5000,7,"04/03/2022 | 02/04/2024 | 17/09/2021 | 15/10/2023 | 23/02/2025 | 09/12/2021 | 26/10/2023"
8890,5000,7,"28/02/2022 | 27/02/2024 | 07/12/2024 | 19/09/2022 | 17/08/2025 | 16/03/2021 | 24/05/2025"
6439,5000,7,"17/09/2021 | 08/02/2022 | 09/01/2023 | 16/06/2024 | 05/04/2024 | 09/03/2021 | 07/03/2025"
1393,5000,7,"08/03/2021 | 06/01/2022 | 31/12/2021 | 03/09/2023 | 21/11/2022 | 26/07/2024 | 05/08/2024"
0197,5000,7,"24/10/2022 | 08/04/2023 | 23/04/2025 | 18/08/2022 | 31/01/2024 | 26/12/2022 | 05/11/2022"
3783,5000,7,"15/11/2021 | 31/12/2021 | 25/06/2023 | 19/08/2024 | 02/05/2022 | 25/01/2023 | 17/11/2024"
2069,5000,7,"10/01/2024 | 26/02/2021 | 06/09/2021 | 03/05/2024 | 24/06/2023 | 09/07/2023 | 03/09/2024"
5349,5000,7,"23/12/2021 | 28/03/2024 | 04/03/2022 | 07/10/2020 | 03/04/2024 | 30/09/2024 | 05/03/2025"
4066,5000,7,"15/09/2021 | 18/02/2024 | 21/07/2022 | 27/07/2022 | 14/09/2022 | 28/01/2023 | 26/11/2023"
5666,5000,7,"09/11/2022 | 12/09/2022 | 28/05/2024 | 17/12/2022 | 14/09/2022 | 21/09/2021 | 30/04/2024"
7945,5000,7,"23/01/2023 | 19/08/2020 | 18/11/2022 | 01/11/2023 | 22/07/2024 | 27/05/2025 | 29/05/2025"
9207,5000,7,"05/05/2024 | 22/10/2024 | 22/02/2021 | 19/04/2022 | 03/08/2023 | 19/04/2023 | 11/01/2024"
6836,5000,7,"13/07/2023 | 05/08/2024 | 18/12/2024 | 19/07/2023 | 04/12/2020 | 28/07/2023 | 26/03/2022"
1349,5000,7,"31/01/2024 | 26/03/2023 | 24/03/2023 | 10/03/2024 | 25/02/2025 | 11/07/2025 | 29/09/2021"
2995,5000,7,"21/03/2023 | 11/11/2020 | 19/05/2023 | 05/04/2024 | 30/09/2024 | 26/03/2021 | 10/11/2022"
9629,5000,7,"28/09/2023 | 25/01/2024 | 27/08/2024 | 28/07/2025 | 17/03/2024 | 29/06/2023 | 29/03/2021"
2578,5000,7,"10/07/2022 | 12/01/2021 | 30/11/2022 | 18/04/2023 | 22/04/2024 | 22/01/2024 | 09/04/2022"
5241,5000,7,"29/10/2021 | 13/05/2023 | 23/08/2023 | 18/10/2021 | 13/09/2024 | 23/12/2021 | 12/03/2023"
2125,5000,7,"27/12/2023 | 01/12/2020 | 30/10/2024 | 31/05/2025 | 06/06/2024 | 06/08/2021 | 31/03/2021"
4736,5000,7,"03/07/2022 | 29/09/2022 | 24/01/2023 | 04/08/2025 | 04/01/2024 | 18/05/2024 | 22/08/2024"
1391,5000,7,"01/04/2023 | 09/08/2021 | 03/07/2023 | 16/07/2023 | 11/05/2025 | 14/06/2025 | 09/12/2020"
1534,5000,7,"02/12/2023 | 08/05/2024 | 19/11/2024 | 25/11/2024 | 12/06/2025 | 24/02/2023 | 02/03/2022"
7020,5000,7,"25/12/2020 | 09/04/2021 | 24/03/2025 | 28/03/2025 | 11/04/2022 | 19/10/2023 | 07/06/2025"
1524,5000,7,"12/12/2020 | 04/09/2022 | 25/03/2024 | 25/09/2024 | 23/05/2025 | 05/03/2022 | 22/02/2022"
0875,5000,7,"13/03/2023 | 26/05/2023 | 17/10/2023 | 23/12/2024 | 30/12/2024 | 06/07/2025 | 11/05/2021"
7660,5000,7,"24/10/2023 | 10/03/2024 | 20/03/2023 | 12/11/2021 | 01/11/2024 | 20/12/2022 | 21/07/2024"
6951,5000,7,"24/12/2022 | 10/11/2021 | 24/08/2023 | 06/10/2023 | 17/02/2024 | 26/04/2023 | 03/05/2023"
6329,5000,7,"25/07/2022 | 13/04/2021 | 08/11/2022 | 15/12/2024 | 29/03/2024 | 20/03/2021 | 24/05/2024"
6377,5000,7,"26/10/2021 | 04/09/2022 | 18/01/2025 | 08/09/2020 | 13/12/2022 | 15/07/2023 | 23/08/2022"
9378,5000,7,"09/09/2022 | 16/03/2024 | 26/11/2024 | 11/01/2025 | 04/09/2023 | 06/08/2021 | 06/11/2021"
4564,5000,7,"09/02/2025 | 24/02/2023 | 01/10/2023 | 08/09/2020 | 22/02/2025 | 01/03/2025 | 24/03/2025"
6248,5000,7,"03/10/2022 | 19/02/2021 | 02/11/2021 | 21/10/2022 | 04/04/2023 | 30/09/2023 | 27/01/2024"
3420,5000,7,"18/09/2024 | 21/07/2023 | 13/11/2024 | 10/05/2021 | 11/08/2022 | 09/05/2024 | 28/04/2025"
7423,5000,7,"30/04/2021 | 09/10/2021 | 03/12/2022 | 09/04/2025 | 05/07/2025 | 04/12/2021 | 17/01/2022"
4739,5000,7,"10/09/2021 | 17/03/2021 | 11/03/2022 | 21/12/2020 | 13/08/2022 | 22/09/2022 | 29/06/2025"
8226,5000,7,"18/04/2023 | 28/04/2023 | 13/12/2024 | 31/12/2024 | 20/07/2025 | 06/02/2024 | 20/07/2024"
9645,5000,7,"06/02/2021 | 19/02/2022 | 04/02/2023 | 25/12/2023 | 20/03/2021 | 17/04/2024 | 25/08/2025"
0533,5000,7,"11/05/2023 | 10/07/2022 | 18/11/2020 | 13/07/2024 | 06/02/2021 | 06/11/2020 | 30/12/2020"
1915,5000,7,"17/05/2023 | 15/12/2024 | 16/09/2022 | 14/03/2024 | 16/12/2024 | 22/12/2024 | 10/10/2022"
0959,5000,7,"23/04/2021 | 13/11/2023 | 06/10/2024 | 12/04/2023 | 25/04/2023 | 04/05/2023 | 17/05/2022"
1530,5000,7,"13/07/2023 | 11/02/2021 | 20/07/2023 | 03/09/2021 | 17/08/2023 | 22/06/2024 | 08/08/2025"
6559,5000,7,"24/10/2023 | 29/12/2024 | 20/06/2025 | 01/11/2021 | 19/02/2024 | 03/01/2025 | 12/02/2024"
8920,5000,7,"06/01/2023 | 12/10/2022 | 03/05/2024 | 05/11/2021 | 12/08/2022 | 16/03/2025 | 02/06/2025"
8519,5000,7,"01/07/2024 | 11/09/2024 | 17/06/2024 | 23/06/2025 | 11/05/2024 | 16/12/2023 | 28/12/2023"
0019,5000,7,"07/10/2022 | 06/10/2023 | 21/04/2021 | 11/02/2024 | 24/11/2024 | 29/11/2024 | 08/06/2022"
0227,5000,7,"09/12/2020 | 29/10/2021 | 12/12/2022 | 26/12/2022 | 05/05/2023 | 19/11/2024 | 07/07/2022"
6641,5000,7,"21/05/2022 | 29/02/2024 | 23/03/2024 | 14/02/2023 | 20/10/2024 | 15/01/2024 | 11/02/2022"
0072,5000,7,"17/04/2023 | 20/07/2022 | 18/07/2023 | 18/09/2023 | 23/04/2023 | 03/10/2024 | 21/11/2024"
8020,5000,7,"31/07/2022 | 06/04/2025 | 09/03/2022 | 01/07/2025 | 24/04/2024 | 15/12/2022 | 05/04/2024"
0371,5000,7,"05/02/2024 | 08/05/2024 | 19/02/2021 | 19/06/2023 | 14/04/2023 | 14/02/2023 | 06/07/2023"
8196,5000,7,"17/01/2024 | 29/02/2024 | 07/04/2025 | 30/07/2022 | 14/08/2022 | 14/09/2021 | 15/07/2023"
4385,5000,7,"21/08/2020 | 30/09/2022 | 23/05/2023 | 08/04/2025 | 10/04/2025 | 29/08/2024 | 08/05/2023"
7982,5000,7,"10/05/2023 | 30/12/2024 | 28/09/2022 | 30/01/2021 | 08/06/2022 | 27/09/2021 | 08/02/2022"
3497,5000,7,"03/08/2023 | 04/06/2024 | 20/11/2024 | 06/03/2025 | 29/04/2025 | 13/07/2024 | 11/02/2025"
6063,5000,7,"04/06/2022 | 10/09/2022 | 22/02/2023 | 14/11/2023 | 07/02/2024 | 30/05/2025 | 21/06/2023"
7757,5000,7,"02/02/2025 | 10/09/2022 | 03/06/2024 | 11/09/2021 | 14/08/2024 | 18/08/2024 | 28/10/2024"
9557,5000,7,"07/09/2024 | 16/04/2025 | 19/10/2021 | 29/04/2021 | 13/02/2024 | 03/04/2024 | 30/11/2021"
9919,5000,7,"20/03/2024 | 18/02/2021 | 26/03/2024 | 09/10/2023 | 07/02/2024 | 12/06/2024 | 15/10/2024"
6813,5000,6,"23/11/2021 | 03/08/2022 | 21/08/2022 | 08/09/2021 | 08/06/2023 | 25/02/2024"
0081,5000,6,"15/04/2023 | 15/10/2021 | 25/09/2023 | 19/12/2023 | 26/09/2020 | 21/08/2023"
8658,5000,6,"21/11/2023 | 04/08/2023 | 02/11/2020 | 10/02/2025 | 25/09/2022 | 12/11/2021"
0485,5000,6,"11/07/2024 | 21/12/2023 | 14/05/2025 | 20/06/2022 | 21/09/2023 | 06/04/2022"
3831,5000,6,"31/03/2021 | 09/02/2022 | 19/12/2022 | 10/02/2024 | 26/03/2025 | 24/07/2022"
2437,5000,6,"30/05/2025 | 22/04/2023 | 08/07/2024 | 12/07/2024 | 02/03/2025 | 14/04/2021"
9918,5000,6,"26/12/2024 | 23/03/2022 | 26/04/2023 | 26/10/2024 | 16/04/2025 | 02/02/2022"
0292,5000,6,"20/07/2025 | 09/12/2021 | 07/04/2021 | 18/11/2022 | 18/08/2023 | 09/08/2025"
2553,5000,6,"30/08/2023 | 13/10/2023 | 30/07/2023 | 26/11/2023 | 25/08/2024 | 10/09/2023"
5497,5000,6,"19/12/2020 | 28/11/2024 | 13/03/2025 | 04/06/2022 | 07/08/2025 | 17/09/2022"
7821,5000,6,"05/01/2024 | 12/02/2024 | 13/09/2022 | 30/12/2020 | 07/06/2023 | 07/09/2023"
9574,5000,6,"16/08/2023 | 02/06/2025 | 25/02/2023 | 16/08/2025 | 06/12/2023 | 30/03/2025"
0310,5000,6,"10/07/2023 | 08/04/2025 | 02/11/2021 | 28/11/2023 | 05/02/2024 | 12/06/2023"
9635,5000,6,"30/08/2022 | 19/01/2025 | 07/03/2025 | 02/03/2023 | 24/12/2021 | 21/04/2024"
4225,5000,6,"09/06/2025 | 20/12/2024 | 26/09/2023 | 04/05/2025 | 28/10/2023 | 11/01/2025"
1956,5000,6,"25/07/2022 | 29/07/2024 | 16/03/2021 | 22/05/2025 | 27/11/2023 | 18/03/2023"
9839,5000,6,"09/07/2022 | 21/07/2025 | 19/01/2025 | 27/10/2022 | 08/02/2024 | 16/09/2020"
5296,5000,6,"16/10/2023 | 10/06/2025 | 07/01/2022 | 20/01/2023 | 12/12/2023 | 14/08/2023"
8948,5000,6,"12/01/2025 | 17/02/2025 | 09/05/2025 | 28/07/2024 | 11/01/2022 | 27/09/2021"
1673,5000,6,"09/01/2024 | 17/10/2024 | 04/07/2024 | 07/12/2020 | 05/09/2022 | 19/06/2023"
1462,5000,6,"21/05/2025 | 24/02/2024 | 03/04/2021 | 16/02/2021 | 09/09/2023 | 27/12/2023"
4842,5000,6,"23/06/2024 | 29/07/2025 | 22/07/2024 | 14/05/2024 | 09/10/2021 | 24/09/2023"
1060,5000,6,"26/02/2022 | 26/06/2022 | 23/08/2022 | 24/09/2021 | 12/03/2021 | 10/12/2024"
7207,5000,6,"13/04/2021 | 15/01/2024 | 12/10/2022 | 20/04/2023 | 11/08/2023 | 26/07/2024"
7231,5000,6,"03/09/2022 | 19/11/2021 | 22/08/2022 | 03/11/2024 | 09/08/2024 | 15/05/2025"
3870,5000,6,"27/08/2023 | 21/03/2024 | 03/10/2020 | 01/08/2023 | 09/03/2021 | 19/02/2023"
9099,5000,6,"24/02/2022 | 28/02/2022 | 23/10/2024 | 01/11/2024 | 27/07/2025 | 27/06/2023"
2669,5000,6,"19/01/2024 | 25/02/2025 | 16/01/2025 | 07/10/2021 | 15/11/2021 | 16/01/2021"
1879,5000,6,"23/01/2021 | 14/09/2020 | 10/02/2022 | 12/02/2023 | 18/02/2023 | 08/03/2021"
8061,5000,6,"15/01/2025 | 23/01/2023 | 19/01/2024 | 06/04/2024 | 23/06/2022 | 12/08/2024"
6291,5000,6,"16/08/2021 | 25/03/2024 | 25/08/2021 | 15/01/2022 | 07/09/2024 | 18/12/2020"
6632,5000,6,"28/02/2024 | 15/10/2022 | 01/02/2023 | 14/05/2024 | 23/08/2025 | 20/12/2023"
3076,5000,6,"19/09/2023 | 28/09/2023 | 10/07/2024 | 10/03/2025 | 06/02/2025 | 10/01/2025"
4904,5000,6,"30/09/2021 | 24/06/2025 | 18/07/2020 | 09/09/2023 | 27/01/2024 | 03/08/2025"
0164,5000,6,"16/11/2020 | 05/04/2023 | 11/05/2024 | 01/02/2025 | 09/07/2025 | 27/11/2020"
3385,5000,6,"23/09/2021 | 16/02/2022 | 09/02/2024 | 30/10/2020 | 12/06/2024 | 02/08/2025"
7303,5000,6,"16/02/2023 | 17/02/2022 | 28/03/2022 | 25/06/2023 | 03/08/2023 | 25/12/2024"
4917,5000,6,"20/01/2023 | 14/07/2024 | 17/04/2025 | 11/07/2024 | 13/11/2023 | 25/04/2023"
8469,5000,6,"22/12/2024 | 24/04/2025 | 26/03/2024 | 03/02/2022 | 16/08/2023 | 03/03/2021"
9429,5000,6,"15/05/2024 | 18/06/2024 | 29/07/2025 | 10/05/2022 | 09/04/2021 | 04/03/2021"
2771,5000,6,"21/08/2022 | 07/05/2023 | 31/05/2024 | 20/09/2024 | 07/10/2021 | 25/03/2025"
2315,5000,6,"16/06/2023 | 03/06/2024 | 14/05/2025 | 05/07/2025 | 23/08/2025 | 25/02/2024"
9325,5000,6,"20/10/2021 | 26/07/2022 | 06/11/2023 | 22/05/2024 | 16/03/2021 | 18/10/2023"
2633,5000,6,"06/01/2025 | 10/07/2024 | 07/05/2024 | 28/12/2024 | 07/09/2022 | 12/10/2022"
5716,5000,6,"15/07/2022 | 17/08/2023 | 23/02/2023 | 26/12/2023 | 12/10/2020 | 28/09/2020"
2789,5000,6,"07/02/2022 | 03/12/2021 | 22/01/2022 | 20/06/2024 | 18/07/2025 | 12/04/2025"
5895,5000,6,"01/12/2024 | 06/11/2021 | 30/09/2021 | 05/03/2023 | 20/03/2023 | 13/03/2023"
2514,5000,6,"19/05/2024 | 12/10/2023 | 22/10/2022 | 20/02/2021 | 13/08/2025 | 15/10/2022"
8444,5000,6,"11/09/2022 | 21/10/2023 | 26/06/2025 | 09/09/2023 | 17/12/2021 | 19/10/2022"
6990,5000,6,"18/01/2024 | 02/12/2023 | 27/04/2024 | 09/10/2021 | 21/11/2023 | 20/08/2024"
4316,5000,6,"27/09/2024 | 07/02/2023 | 29/12/2024 | 28/09/2023 | 04/01/2025 | 16/06/2025"
0155,5000,6,"29/03/2023 | 06/03/2023 | 20/01/2025 | 13/02/2023 | 04/01/2021 | 26/03/2023"
7164,5000,6,"15/12/2022 | 15/02/2022 | 31/08/2023 | 28/04/2022 | 17/12/2023 | 24/04/2025"
5446,5000,6,"08/09/2020 | 25/12/2023 | 11/01/2025 | 09/01/2025 | 27/06/2025 | 04/10/2022"
8728,5000,6,"27/02/2025 | 09/06/2025 | 24/05/2022 | 30/07/2025 | 30/12/2023 | 09/12/2020"
1547,5000,6,"20/08/2022 | 24/02/2024 | 15/11/2021 | 24/03/2024 | 21/08/2024 | 11/04/2022"
7382,5000,6,"24/06/2022 | 13/02/2024 | 13/11/2022 | 19/07/2023 | 24/12/2023 | 05/08/2025"
7890,5000,6,"29/12/2024 | 24/03/2023 | 25/05/2023 | 08/07/2025 | 06/09/2022 | 26/09/2024"
5033,5000,6,"19/06/2023 | 06/09/2022 | 07/12/2024 | 23/07/2024 | 14/03/2023 | 06/09/2023"
6498,5000,6,"25/08/2020 | 04/03/2022 | 13/06/2022 | 02/01/2024 | 27/03/2025 | 29/12/2021"
9713,5000,6,"29/06/2022 | 28/04/2023 | 14/11/2024 | 14/03/2022 | 26/02/2021 | 16/06/2023"
3052,5000,6,"07/10/2023 | 14/05/2022 | 18/12/2024 | 24/08/2023 | 21/07/2025 | 27/05/2024"
4695,5000,6,"10/10/2020 | 08/05/2023 | 07/07/2025 | 14/11/2022 | 01/08/2024 | 26/11/2024"
2671,5000,6,"02/01/2023 | 10/01/2023 | 24/09/2022 | 10/03/2023 | 27/04/2025 | 01/07/2025"
8307,5000,6,"21/06/2022 | 15/03/2024 | 03/08/2023 | 17/03/2022 | 30/01/2025 | 25/06/2022"
2831,5000,6,"02/09/2020 | 13/08/2024 | 25/10/2021 | 19/02/2025 | 09/12/2020 | 05/01/2023"
2701,5000,6,"26/03/2024 | 02/12/2023 | 21/03/2024 | 29/07/2022 | 04/01/2022 | 16/04/2025"
7041,5000,6,"22/03/2024 | 28/12/2024 | 02/04/2021 | 11/05/2023 | 02/12/2023 | 14/12/2024"
1835,5000,6,"05/06/2022 | 09/02/2023 | 25/02/2022 | 29/07/2025 | 12/11/2023 | 27/12/2022"
7126,5000,6,"30/06/2022 | 02/03/2025 | 21/08/2022 | 05/12/2022 | 17/09/2021 | 25/03/2024"
9180,5000,6,"08/10/2024 | 11/08/2021 | 14/12/2021 | 08/04/2021 | 04/02/2021 | 28/06/2022"
8419,5000,6,"07/12/2021 | 22/09/2024 | 25/12/2020 | 24/10/2024 | 30/10/2024 | 05/08/2025"
0157,5000,6,"03/08/2023 | 28/02/2023 | 29/09/2022 | 05/07/2025 | 29/03/2025 | 11/04/2025"
5366,5000,6,"02/02/2021 | 06/07/2023 | 01/12/2020 | 06/11/2023 | 08/04/2025 | 18/08/2025"
2035,5000,6,"18/03/2024 | 12/02/2025 | 22/10/2024 | 19/10/2020 | 18/05/2023 | 14/07/2022"
9287,5000,6,"24/11/2022 | 16/12/2023 | 14/03/2024 | 11/08/2022 | 03/09/2024 | 14/01/2025"
1638,5000,6,"07/07/2022 | 15/03/2023 | 26/03/2023 | 08/02/2025 | 24/09/2020 | 29/10/2022"
3888,5000,6,"12/10/2024 | 15/02/2025 | 18/12/2021 | 22/10/2022 | 04/12/2021 | 16/12/2022"
9490,5000,6,"13/08/2021 | 28/07/2024 | 21/08/2025 | 24/06/2025 | 17/07/2023 | 27/05/2022"
5392,5000,6,"24/08/2023 | 11/06/2024 | 22/10/2022 | 20/08/2025 | 11/02/2025 | 26/06/2022"
7812,5000,6,"13/05/2025 | 25/09/2021 | 04/09/2024 | 08/09/2021 | 24/03/2025 | 06/12/2022"
1065,5000,6,"28/02/2022 | 26/03/2023 | 01/07/2025 | 30/07/2021 | 10/10/2023 | 26/06/2025"
0580,5000,6,"19/10/2020 | 15/10/2021 | 04/09/2024 | 27/11/2024 | 20/06/2024 | 23/02/2024"
5461,5000,6,"09/06/2024 | 16/06/2024 | 27/07/2021 | 04/12/2022 | 04/01/2022 | 12/02/2022"
7633,5000,6,"12/12/2022 | 27/08/2021 | 10/07/2023 | 25/07/2025 | 08/04/2023 | 08/06/2024"
3329,5000,6,"23/08/2023 | 29/06/2025 | 27/04/2022 | 06/04/2024 | 11/04/2022 | 03/12/2024"
3468,5000,6,"03/02/2021 | 11/05/2023 | 04/03/2023 | 06/01/2023 | 14/05/2023 | 18/10/2023"
5519,5000,6,"10/11/2023 | 11/04/2025 | 28/09/2021 | 05/05/2023 | 23/05/2025 | 26/09/2020"
2421,5000,6,"30/09/2021 | 16/06/2023 | 30/08/2023 | 14/08/2023 | 31/12/2023 | 20/12/2023"
8960,5000,6,"23/08/2024 | 03/09/2023 | 29/12/2022 | 11/11/2024 | 25/05/2023 | 26/12/2020"
9444,5000,6,"18/03/2022 | 26/09/2024 | 23/07/2023 | 18/10/2024 | 13/09/2024 | 11/02/2021"
2848,5000,6,"10/10/2023 | 27/08/2023 | 30/04/2025 | 25/03/2023 | 03/08/2023 | 07/10/2020"
4951,5000,6,"20/09/2022 | 01/03/2023 | 03/03/2024 | 25/04/2025 | 04/12/2020 | 21/07/2023"
0963,5000,6,"11/02/2021 | 25/05/2024 | 06/02/2021 | 14/10/2021 | 24/07/2024 | 09/12/2024"
6709,5000,6,"22/03/2021 | 21/08/2022 | 21/05/2023 | 25/07/2025 | 20/07/2025 | 11/06/2023"
5690,5000,6,"27/10/2023 | 26/05/2023 | 17/04/2024 | 17/08/2025 | 09/02/2024 | 05/01/2021"
2275,5000,6,"30/11/2022 | 13/09/2022 | 30/06/2025 | 07/06/2022 | 15/04/2022 | 10/02/2021"
6917,5000,6,"31/05/2023 | 12/02/2024 | 19/05/2025 | 16/09/2022 | 22/02/2023 | 05/12/2022"
1070,5000,6,"12/01/2024 | 12/02/2023 | 09/03/2025 | 22/06/2025 | 27/07/2021 | 12/06/2022"
7981,5000,6,"23/11/2020 | 08/05/2024 | 27/02/2023 | 06/08/2023 | 19/03/2025 | 04/06/2024"
5452,5000,6,"24/10/2024 | 03/10/2024 | 10/01/2025 | 29/08/2022 | 03/09/2023 | 02/06/2024"
7947,5000,6,"21/01/2023 | 30/10/2024 | 30/11/2020 | 13/08/2025 | 07/07/2022 | 28/06/2024"
7969,5000,6,"22/04/2021 | 25/08/2022 | 24/09/2023 | 06/11/2020 | 15/12/2023 | 10/03/2025"
9354,5000,6,"07/07/2022 | 12/05/2021 | 18/05/2022 | 01/12/2022 | 07/10/2023 | 15/10/2023"
8472,5000,6,"23/11/2022 | 10/12/2023 | 30/07/2025 | 17/11/2021 | 22/01/2022 | 16/11/2021"
5715,5000,6,"13/02/2021 | 12/02/2021 | 21/07/2023 | 15/01/2024 | 13/04/2023 | 23/01/2025"
6551,5000,6,"31/10/2024 | 20/03/2024 | 11/11/2020 | 08/01/2022 | 31/08/2024 | 28/11/2024"
0883,5000,6,"28/09/2020 | 11/05/2024 | 30/06/2022 | 29/12/2024 | 10/03/2023 | 08/01/2025"
0723,5000,6,"25/06/2022 | 03/12/2024 | 30/01/2025 | 30/03/2025 | 17/04/2023 | 12/02/2022"
3720,5000,6,"18/07/2024 | 16/07/2023 | 15/06/2022 | 12/10/2021 | 02/07/2023 | 29/07/2025"
3204,5000,6,"09/06/2023 | 28/06/2025 | 07/06/2022 | 30/06/2023 | 07/08/2025 | 01/02/2025"
2552,5000,6,"19/06/2023 | 22/07/2023 | 04/12/2021 | 02/12/2021 | 18/06/2022 | 09/11/2023"
4973,5000,6,"12/04/2025 | 15/09/2021 | 23/07/2022 | 06/04/2024 | 20/03/2025 | 23/08/2024"
5314,5000,6,"29/03/2023 | 13/01/2022 | 04/04/2025 | 30/12/2020 | 07/04/2022 | 25/06/2024"
9144,5000,6,"15/11/2021 | 11/02/2021 | 16/05/2023 | 16/09/2023 | 18/12/2024 | 12/02/2021"
1286,5000,6,"30/12/2021 | 22/03/2024 | 09/08/2022 | 18/12/2021 | 09/07/2024 | 22/06/2023"
3254,5000,6,"02/05/2022 | 21/07/2023 | 06/05/2023 | 07/06/2024 | 21/07/2024 | 28/02/2022"
8304,5000,6,"17/03/2021 | 29/04/2022 | 18/11/2022 | 02/12/2022 | 07/10/2020 | 29/11/2024"
9482,5000,6,"16/11/2021 | 02/03/2023 | 20/11/2020 | 23/05/2024 | 12/11/2022 | 14/05/2022"
5142,5000,6,"29/10/2024 | 05/02/2023 | 04/11/2020 | 18/08/2023 | 07/10/2023 | 10/10/2024"
6605,5000,6,"02/11/2020 | 09/01/2021 | 20/07/2023 | 01/12/2022 | 08/04/2024 | 26/06/2022"
3631,5000,6,"31/03/2025 | 27/06/2024 | 17/10/2022 | 08/01/2025 | 09/02/2023 | 14/03/2025"
6918,5000,6,"23/03/2021 | 02/02/2023 | 10/09/2021 | 25/08/2021 | 19/04/2025 | 27/04/2025"
3494,5000,6,"04/09/2023 | 23/06/2022 | 27/01/2024 | 15/06/2024 | 27/08/2023 | 17/12/2024"
2216,5000,6,"06/08/2024 | 07/12/2024 | 06/07/2025 | 26/08/2022 | 12/04/2021 | 02/05/2023"
7878,5000,6,"11/07/2022 | 02/01/2024 | 28/08/2022 | 14/01/2024 | 15/12/2024 | 18/07/2023"
4181,5000,6,"26/07/2024 | 30/09/2020 | 19/10/2020 | 07/11/2023 | 05/10/2020 | 06/09/2023"
3525,5000,6,"29/12/2020 | 26/09/2020 | 18/02/2022 | 08/06/2024 | 25/02/2021 | 03/03/2025"
4629,5000,6,"23/08/2022 | 16/01/2023 | 21/10/2024 | 28/01/2025 | 18/07/2025 | 03/02/2023"
1099,5000,6,"22/02/2022 | 13/07/2025 | 02/04/2021 | 27/07/2024 | 28/01/2022 | 18/01/2021"
7604,5000,6,"16/05/2024 | 07/12/2021 | 08/03/2025 | 03/02/2024 | 31/05/2024 | 12/04/2023"
0392,5000,6,"03/07/2022 | 16/10/2022 | 02/11/2022 | 19/12/2022 | 17/08/2022 | 27/12/2022"
2178,5000,6,"25/05/2025 | 22/06/2022 | 04/04/2022 | 16/12/2023 | 20/08/2022 | 02/02/2023"
1681,5000,6,"10/07/2024 | 01/02/2022 | 21/01/2024 | 12/06/2024 | 17/03/2025 | 25/09/2023"
3964,5000,6,"08/06/2022 | 01/12/2023 | 02/01/2024 | 14/01/2025 | 26/11/2021 | 24/05/2022"
8156,5000,6,"15/04/2024 | 09/05/2023 | 14/09/2024 | 11/12/2024 | 10/09/2021 | 04/05/2023"
9790,5000,6,"06/06/2022 | 11/02/2023 | 14/06/2025 | 22/12/2024 | 18/07/2025 | 25/04/2024"
8976,5000,6,"28/03/2022 | 02/04/2021 | 18/10/2023 | 15/11/2021 | 18/11/2020 | 26/11/2021"
8594,5000,6,"19/04/2023 | 16/11/2024 | 12/08/2025 | 04/03/2022 | 23/02/2023 | 21/04/2025"
2425,5000,6,"11/02/2024 | 14/12/2022 | 17/08/2024 | 29/03/2021 | 06/07/2025 | 25/03/2024"
6052,5000,6,"12/04/2022 | 06/03/2023 | 22/07/2024 | 18/09/2024 | 16/06/2025 | 30/08/2024"
7171,5000,6,"02/05/2022 | 05/06/2023 | 14/06/2025 | 18/01/2021 | 30/09/2020 | 25/09/2021"
0518,5000,6,"18/02/2025 | 05/12/2020 | 15/03/2024 | 03/07/2022 | 18/12/2022 | 07/06/2025"
6225,5000,6,"16/04/2022 | 10/06/2023 | 12/09/2023 | 15/05/2024 | 29/12/2021 | 26/10/2022"
4830,5000,6,"17/02/2025 | 17/01/2025 | 17/12/2021 | 07/12/2022 | 15/04/2023 | 10/11/2023"
6340,5000,6,"05/09/2023 | 02/09/2023 | 03/06/2025 | 06/07/2025 | 27/09/2024 | 18/11/2022"
8926,5000,6,"01/10/2023 | 20/12/2021 | 04/02/2024 | 09/01/2023 | 12/04/2023 | 22/06/2023"
7454,5000,6,"27/05/2024 | 11/05/2024 | 09/08/2024 | 17/01/2025 | 29/01/2023 | 04/09/2022"
3393,5000,6,"21/07/2025 | 01/01/2023 | 30/09/2024 | 01/06/2023 | 17/06/2023 | 16/08/2024"
2810,5000,6,"30/10/2020 | 05/09/2023 | 04/12/2022 | 03/12/2021 | 22/02/2023 | 12/04/2023"
2503,5000,6,"13/04/2023 | 10/03/2022 | 02/09/2022 | 15/05/2024 | 17/08/2023 | 03/03/2024"
3660,5000,6,"13/03/2024 | 16/09/2024 | 10/07/2024 | 13/07/2024 | 04/02/2023 | 17/12/2024"
9140,5000,6,"06/07/2024 | 23/12/2024 | 14/05/2024 | 24/10/2024 | 09/03/2023 | 04/01/2023"
1434,5000,6,"02/02/2021 | 19/10/2021 | 05/05/2024 | 28/09/2024 | 05/07/2023 | 06/11/2024"
2930,5000,6,"14/04/2021 | 14/09/2023 | 16/08/2023 | 02/02/2024 | 21/07/2022 | 07/06/2023"
4085,5000,6,"27/03/2023 | 21/07/2025 | 15/02/2021 | 08/02/2022 | 31/05/2022 | 11/05/2024"
0552,5000,6,"01/06/2023 | 14/12/2023 | 02/08/2022 | 26/12/2023 | 29/07/2022 | 08/07/2022"
1964,5000,6,"09/06/2022 | 07/12/2024 | 12/04/2021 | 25/10/2023 | 31/03/2022 | 26/09/2022"
9973,5000,6,"25/11/2020 | 27/10/2023 | 07/06/2024 | 13/09/2021 | 14/01/2025 | 15/03/2023"
6184,5000,6,"22/10/2022 | 22/11/2021 | 18/09/2021 | 28/12/2020 | 13/10/2022 | 03/11/2021"
8362,5000,6,"18/07/2024 | 27/10/2022 | 22/07/2022 | 03/04/2025 | 28/04/2025 | 02/07/2025"
2898,5000,6,"04/10/2023 | 26/10/2024 | 25/04/2024 | 20/11/2024 | 10/12/2024 | 27/07/2025"
7027,5000,6,"05/06/2022 | 25/09/2022 | 01/02/2023 | 08/02/2024 | 05/10/2023 | 14/08/2022"
7870,5000,6,"28/12/2020 | 15/03/2024 | 23/08/2025 | 28/10/2020 | 18/04/2023 | 08/08/2023"
9413,5000,6,"28/10/2021 | 08/07/2023 | 18/07/2023 | 10/11/2023 | 07/10/2024 | 25/03/2022"
6137,5000,6,"13/09/2023 | 28/08/2023 | 24/10/2023 | 15/04/2024 | 22/02/2025 | 22/01/2024"
5575,5000,6,"16/11/2021 | 03/03/2022 | 30/01/2025 | 06/10/2024 | 05/03/2024 | 29/06/2022"
8749,5000,6,"18/12/2020 | 24/02/2022 | 12/02/2022 | 31/10/2022 | 11/07/2024 | 20/02/2025"
8876,5000,6,"23/03/2022 | 18/01/2024 | 09/02/2023 | 18/01/2023 | 28/05/2024 | 24/05/2025"
2903,5000,6,"20/10/2021 | 09/04/2022 | 12/07/2023 | 25/07/2020 | 13/06/2024 | 30/01/2021"
2830,5000,6,"16/08/2021 | 28/10/2021 | 17/11/2024 | 14/07/2022 | 23/12/2022 | 12/09/2022"
3193,5000,6,"31/10/2023 | 08/11/2021 | 17/05/2023 | 12/05/2024 | 17/08/2024 | 17/08/2025"
8433,5000,6,"27/02/2023 | 14/05/2023 | 18/05/2023 | 20/12/2022 | 27/09/2023 | 28/02/2025"
0862,5000,6,"24/02/2021 | 30/03/2023 | 10/12/2024 | 29/01/2025 | 27/01/2022 | 17/09/2023"
4068,5000,6,"03/11/2021 | 01/11/2023 | 22/09/2024 | 08/04/2025 | 08/12/2020 | 15/03/2022"
0325,5000,6,"22/07/2022 | 04/12/2021 | 30/06/2023 | 16/04/2021 | 19/03/2025 | 23/01/2021"
8259,5000,6,"14/10/2022 | 31/05/2023 | 09/08/2025 | 26/11/2022 | 07/03/2023 | 20/06/2024"
3786,5000,6,"21/07/2022 | 05/05/2025 | 20/11/2021 | 14/11/2023 | 11/12/2024 | 19/03/2021"
9564,5000,6,"10/04/2021 | 11/03/2025 | 19/11/2021 | 19/02/2022 | 16/01/2024 | 11/08/2024"
1850,5000,6,"13/06/2025 | 08/02/2023 | 01/04/2023 | 28/05/2023 | 12/05/2022 | 09/01/2023"
1848,5000,6,"02/03/2023 | 26/05/2025 | 14/04/2023 | 31/08/2022 | 09/01/2025 | 07/04/2025"
1439,5000,6,"03/12/2024 | 25/07/2025 | 02/04/2023 | 21/01/2022 | 18/05/2025 | 21/11/2022"
2660,5000,6,"07/09/2022 | 07/12/2023 | 23/02/2025 | 05/12/2024 | 04/11/2020 | 19/04/2021"
7942,5000,6,"02/08/2022 | 02/07/2024 | 20/03/2021 | 27/10/2024 | 22/08/2022 | 03/05/2023"
7091,5000,6,"16/10/2020 | 30/09/2021 | 20/12/2024 | 07/08/2022 | 22/05/2024 | 13/09/2023"
8973,5000,6,"19/06/2022 | 19/05/2023 | 30/04/2023 | 05/06/2024 | 07/05/2025 | 27/12/2022"
2243,5000,6,"04/02/2022 | 11/02/2025 | 01/06/2025 | 28/02/2022 | 27/11/2021 | 22/09/2024"
1876,5000,6,"27/11/2021 | 01/09/2022 | 29/08/2020 | 15/02/2023 | 12/01/2025 | 25/01/2023"
2557,5000,6,"06/12/2022 | 29/08/2022 | 26/05/2024 | 31/10/2024 | 18/06/2025 | 13/03/2021"
2621,5000,6,"19/03/2025 | 19/08/2023 | 26/04/2021 | 11/03/2024 | 02/04/2022 | 13/12/2022"
2106,5000,6,"27/10/2021 | 08/05/2023 | 07/07/2025 | 03/04/2024 | 10/12/2023 | 26/10/2021"
4937,5000,6,"19/04/2025 | 30/04/2025 | 12/03/2021 | 11/04/2023 | 17/08/2023 | 10/10/2024"
8598,5000,6,"20/11/2021 | 23/06/2022 | 29/04/2023 | 05/02/2024 | 26/05/2024 | 01/10/2024"
9737,5000,6,"17/08/2025 | 11/05/2021 | 02/04/2022 | 14/10/2022 | 05/12/2023 | 05/06/2024"
7086,5000,6,"14/12/2024 | 15/12/2024 | 04/08/2022 | 13/11/2021 | 03/11/2021 | 21/05/2023"
8165,5000,6,"07/01/2024 | 27/10/2024 | 14/09/2023 | 30/08/2022 | 11/03/2025 | 27/05/2025"
9320,5000,6,"23/10/2024 | 08/02/2025 | 06/12/2022 | 29/05/2022 | 22/04/2021 | 26/08/2022"
0376,5000,6,"12/01/2022 | 25/08/2025 | 25/06/2025 | 17/06/2025 | 20/06/2024 | 22/10/2023"
7963,5000,6,"10/11/2022 | 04/09/2022 | 05/03/2024 | 12/07/2022 | 21/08/2023 | 18/11/2023"
9922,5000,6,"17/05/2024 | 02/12/2024 | 07/07/2023 | 02/12/2020 | 18/12/2020 | 05/03/2024"
7285,5000,6,"13/02/2021 | 05/10/2021 | 07/06/2023 | 13/02/2025 | 02/08/2024 | 22/11/2022"
8953,5000,6,"21/08/2024 | 06/04/2023 | 25/10/2024 | 01/08/2022 | 21/10/2021 | 02/03/2023"
3500,5000,6,"14/12/2022 | 13/05/2023 | 12/03/2022 | 23/12/2021 | 03/08/2023 | 13/11/2023"
6336,5000,6,"10/03/2021 | 16/10/2022 | 15/11/2022 | 11/02/2023 | 16/05/2023 | 27/11/2023"
4443,5000,6,"08/06/2022 | 21/12/2022 | 10/03/2023 | 07/02/2024 | 29/11/2024 | 23/05/2025"
1930,5000,6,"19/02/2022 | 22/01/2023 | 08/03/2022 | 20/03/2023 | 24/05/2024 | 27/05/2024"
6030,5000,6,"07/03/2025 | 16/08/2025 | 18/03/2023 | 22/04/2022 | 26/12/2024 | 13/06/2024"
0685,5000,6,"15/04/2021 | 09/05/2024 | 10/07/2024 | 30/04/2021 | 19/05/2022 | 17/11/2023"
4611,5000,6,"05/04/2022 | 15/09/2022 | 24/11/2023 | 30/11/2023 | 24/06/2024 | 10/06/2025"
4698,5000,6,"22/03/2021 | 13/01/2025 | 13/01/2022 | 11/01/2024 | 16/04/2024 | 17/03/2021"
4762,5000,6,"19/06/2023 | 10/03/2022 | 15/12/2023 | 13/05/2022 | 09/10/2020 | 13/12/2023"
6485,5000,6,"28/01/2024 | 28/09/2024 | 08/05/2025 | 05/03/2021 | 20/07/2022 | 01/08/2023"
9517,5000,6,"01/01/2025 | 14/10/2021 | 17/10/2023 | 29/12/2022 | 11/03/2024 | 12/12/2024"
4953,5000,6,"09/11/2020 | 11/02/2021 | 30/12/2023 | 21/05/2025 | 25/11/2020 | 09/03/2022"
8635,5000,6,"25/09/2021 | 25/10/2021 | 18/05/2023 | 28/06/2023 | 13/08/2023 | 27/12/2022"
9920,5000,6,"27/04/2022 | 27/09/2023 | 18/09/2024 | 11/11/2024 | 13/01/2022 | 16/07/2023"
4080,5000,6,"23/08/2023 | 20/08/2021 | 23/03/2024 | 28/07/2024 | 04/02/2021 | 18/12/2020"
6455,5000,6,"27/01/2021 | 30/04/2021 | 10/02/2022 | 11/10/2023 | 04/04/2022 | 20/07/2022"
5350,5000,6,"18/04/2023 | 02/12/2022 | 17/10/2024 | 17/12/2024 | 10/05/2024 | 05/10/2021"
2913,5000,6,"11/01/2023 | 16/09/2022 | 28/06/2025 | 30/01/2024 | 20/01/2021 | 13/02/2024"
7404,5000,6,"03/04/2025 | 13/07/2025 | 22/12/2024 | 18/06/2024 | 24/06/2023 | 26/03/2023"
6121,5000,6,"08/10/2022 | 04/02/2024 | 11/03/2024 | 23/05/2023 | 10/01/2025 | 27/02/2025"
7462,5000,6,"25/08/2022 | 14/07/2024 | 17/01/2025 | 12/09/2024 | 15/04/2025 | 23/01/2023"
9531,5000,6,"01/02/2023 | 07/10/2023 | 11/07/2023 | 28/04/2025 | 29/10/2023 | 03/07/2023"
8556,5000,6,"30/04/2021 | 11/10/2021 | 02/04/2021 | 29/01/2025 | 28/03/2024 | 10/02/2025"
5898,5000,6,"26/07/2024 | 03/08/2024 | 21/10/2023 | 05/11/2023 | 06/10/2022 | 07/06/2023"
8121,5000,6,"20/11/2020 | 10/05/2023 | 10/06/2025 | 21/02/2025 | 25/07/2025 | 05/10/2022"
8323,5000,6,"05/10/2020 | 23/04/2025 | 18/08/2021 | 05/04/2023 | 28/04/2025 | 16/08/2024"
7551,5000,6,"19/03/2021 | 22/12/2024 | 12/05/2021 | 08/01/2025 | 22/01/2024 | 23/02/2021"
8046,5000,6,"20/12/2024 | 12/07/2023 | 03/03/2025 | 30/10/2022 | 14/09/2021 | 04/07/2024"
7967,5000,6,"19/02/2025 | 16/05/2022 | 05/04/2025 | 08/06/2024 | 11/09/2023 | 11/11/2024"
4252,5000,6,"01/12/2020 | 27/08/2020 | 30/12/2020 | 29/12/2023 | 24/09/2020 | 05/01/2024"
6378,5000,6,"03/06/2022 | 21/05/2024 | 13/10/2024 | 06/04/2025 | 18/05/2022 | 09/01/2021"
7242,5000,6,"11/01/2022 | 16/02/2022 | 30/10/2020 | 05/04/2022 | 31/03/2023 | 15/11/2021"
3228,5000,6,"27/05/2022 | 19/03/2025 | 04/06/2024 | 15/05/2023 | 01/08/2020 | 31/01/2025"
6877,5000,6,"23/11/2021 | 06/03/2024 | 07/05/2021 | 08/01/2022 | 13/10/2022 | 03/02/2024"
2590,5000,6,"22/08/2025 | 17/07/2022 | 01/10/2024 | 23/11/2020 | 11/04/2025 | 26/11/2021"
6094,5000,6,"14/12/2021 | 13/04/2022 | 13/11/2022 | 29/10/2021 | 19/12/2022 | 11/11/2024"
0528,5000,6,"16/09/2021 | 09/08/2021 | 19/09/2022 | 15/11/2023 | 09/02/2025 | 13/11/2021"
3476,5000,6,"20/02/2023 | 11/10/2024 | 24/07/2022 | 20/05/2024 | 30/10/2022 | 21/02/2022"
2919,5000,6,"02/04/2023 | 01/09/2022 | 20/11/2023 | 13/01/2022 | 15/04/2023 | 28/02/2025"
8332,5000,6,"29/01/2024 | 08/05/2024 | 05/09/2024 | 15/03/2025 | 10/01/2022 | 02/01/2024"
5809,5000,6,"08/01/2024 | 13/03/2024 | 09/03/2021 | 26/11/2022 | 25/07/2023 | 02/04/2023"
7822,5000,6,"15/09/2022 | 28/06/2023 | 16/01/2025 | 07/09/2023 | 24/07/2023 | 10/12/2024"
3374,5000,6,"12/04/2022 | 08/12/2022 | 03/05/2025 | 14/02/2025 | 12/04/2023 | 27/12/2023"
9752,5000,6,"18/04/2024 | 03/03/2024 | 21/03/2023 | 11/08/2024 | 09/08/2024 | 10/08/2024"
8065,5000,6,"25/09/2023 | 11/12/2024 | 30/04/2023 | 15/06/2023 | 23/02/2025 | 22/04/2025"
9974,5000,6,"22/06/2025 | 01/11/2021 | 05/04/2023 | 09/04/2023 | 22/02/2024 | 09/11/2024"
7162,5000,6,"17/10/2024 | 24/05/2025 | 08/05/2024 | 09/08/2024 | 10/07/2022 | 19/09/2022"
5616,5000,6,"30/01/2021 | 25/09/2023 | 19/09/2022 | 21/10/2023 | 15/03/2024 | 06/08/2024"
9983,5000,6,"13/08/2021 | 24/01/2022 | 01/07/2025 | 12/05/2023 | 22/08/2022 | 16/08/2023"
4093,5000,6,"19/10/2024 | 09/09/2021 | 18/11/2021 | 06/12/2024 | 30/04/2021 | 01/03/2023"
9043,5000,6,"15/10/2021 | 02/11/2021 | 30/10/2022 | 12/06/2022 | 14/06/2023 | 22/06/2023"
4836,5000,6,"15/07/2022 | 04/04/2022 | 03/11/2023 | 15/12/2024 | 20/10/2021 | 09/06/2024"
1827,5000,6,"31/05/2022 | 25/10/2023 | 28/08/2024 | 17/05/2025 | 11/12/2021 | 20/01/2025"
3671,5000,6,"09/11/2022 | 19/02/2025 | 01/10/2024 | 09/10/2020 | 12/07/2023 | 17/11/2024"
8125,5000,6,"11/08/2025 | 07/05/2024 | 06/09/2021 | 10/06/2025 | 09/09/2022 | 23/08/2024"
4541,5000,6,"19/11/2023 | 08/05/2024 | 13/12/2021 | 02/06/2024 | 13/07/2024 | 11/05/2023"
8299,5000,6,"09/12/2022 | 25/03/2023 | 01/11/2024 | 13/12/2024 | 19/07/2025 | 18/06/2023"
2588,5000,6,"18/06/2022 | 04/06/2023 | 22/05/2025 | 05/05/2022 | 15/10/2022 | 18/05/2025"
5999,5000,6,"08/06/2025 | 28/10/2023 | 24/06/2023 | 28/03/2023 | 29/11/2022 | 19/05/2022"
7475,5000,6,"28/09/2021 | 14/04/2022 | 04/10/2021 | 18/05/2023 | 14/11/2023 | 09/02/2025"
1457,5000,6,"12/12/2020 | 21/09/2021 | 22/06/2023 | 05/01/2024 | 22/04/2025 | 23/08/2025"
1941,5000,6,"30/04/2021 | 21/10/2023 | 26/04/2021 | 27/12/2023 | 12/04/2025 | 09/06/2022"
5133,5000,6,"12/01/2022 | 14/08/2023 | 30/06/2023 | 14/01/2023 | 19/12/2020 | 08/03/2023"
9337,5000,6,"20/05/2022 | 27/04/2021 | 05/01/2024 | 11/12/2022 | 12/12/2024 | 21/04/2025"
6584,5000,6,"26/10/2020 | 01/12/2020 | 21/04/2024 | 02/04/2023 | 06/10/2021 | 01/02/2024"
2942,5000,6,"06/12/2023 | 06/12/2022 | 27/04/2023 | 24/02/2021 | 23/03/2025 | 24/06/2024"
4157,5000,6,"22/11/2022 | 17/04/2025 | 05/08/2023 | 19/05/2024 | 27/07/2023 | 19/06/2024"
9219,5000,6,"03/12/2024 | 21/12/2024 | 28/08/2023 | 19/01/2021 | 22/08/2022 | 15/07/2025"
5654,5000,6,"18/12/2023 | 05/07/2025 | 20/08/2021 | 10/05/2023 | 24/12/2023 | 22/05/2025"
9398,5000,6,"05/01/2022 | 23/04/2022 | 01/01/2023 | 20/07/2023 | 14/09/2024 | 11/11/2024"
5238,5000,6,"29/06/2024 | 06/10/2024 | 13/12/2022 | 30/07/2021 | 28/11/2024 | 25/11/2024"
9193,5000,6,"04/09/2023 | 13/04/2025 | 28/03/2022 | 12/02/2021 | 18/08/2022 | 27/09/2022"
7869,5000,6,"16/01/2023 | 23/12/2024 | 27/06/2023 | 13/11/2024 | 04/07/2022 | 11/08/2021"
8916,5000,6,"05/04/2021 | 06/07/2022 | 02/03/2021 | 28/01/2023 | 03/05/2023 | 24/09/2023"
3221,5000,6,"22/09/2022 | 22/12/2021 | 18/05/2022 | 31/12/2024 | 11/08/2025 | 09/03/2024"
3807,5000,6,"04/02/2024 | 31/03/2024 | 18/08/2024 | 04/09/2020 | 05/04/2023 | 15/02/2023"
9067,5000,6,"29/01/2023 | 08/12/2020 | 24/11/2024 | 24/02/2023 | 02/01/2023 | 20/11/2023"
0029,5000,6,"21/11/2024 | 09/02/2021 | 23/06/2022 | 29/03/2025 | 26/05/2023 | 22/07/2023"
3742,5000,6,"10/03/2024 | 12/02/2024 | 12/06/2025 | 25/04/2023 | 17/04/2024 | 26/03/2025"
6173,5000,6,"27/03/2021 | 28/12/2021 | 22/06/2023 | 27/08/2023 | 04/07/2025 | 15/03/2021"
6020,5000,6,"18/08/2021 | 15/02/2022 | 24/01/2025 | 21/12/2020 | 14/03/2022 | 29/06/2024"
2795,5000,6,"18/11/2020 | 17/02/2021 | 04/05/2021 | 14/03/2025 | 24/04/2025 | 01/02/2021"
6555,5000,6,"23/06/2022 | 28/09/2022 | 23/10/2021 | 21/11/2023 | 08/05/2024 | 04/01/2025"
2665,5000,6,"09/12/2023 | 15/03/2021 | 24/11/2021 | 20/12/2023 | 17/06/2024 | 21/10/2022"
3673,5000,6,"21/09/2022 | 13/08/2023 | 29/12/2023 | 17/02/2022 | 22/07/2024 | 25/03/2025"
2673,5000,6,"06/11/2020 | 20/12/2021 | 26/05/2022 | 22/04/2024 | 13/05/2024 | 10/09/2024"
1951,5000,6,"25/02/2023 | 27/02/2021 | 22/10/2023 | 25/08/2021 | 06/06/2024 | 23/07/2024"
1125,5000,6,"04/06/2022 | 04/02/2024 | 09/12/2022 | 12/06/2024 | 14/08/2024 | 31/05/2023"
4724,5000,6,"21/06/2024 | 27/05/2024 | 22/11/2024 | 10/02/2021 | 19/07/2025 | 05/04/2021"
9663,5000,6,"22/05/2024 | 26/03/2023 | 01/01/2024 | 09/08/2025 | 16/09/2024 | 02/08/2024"
7464,5000,6,"01/03/2023 | 19/07/2022 | 20/09/2022 | 16/03/2024 | 25/09/2023 | 06/03/2024"
8044,5000,6,"01/09/2021 | 24/07/2023 | 04/10/2022 | 28/07/2024 | 21/02/2022 | 31/07/2025"
0149,5000,6,"20/05/2023 | 02/08/2024 | 20/06/2022 | 11/05/2023 | 20/09/2022 | 28/07/2025"
7099,5000,6,"13/04/2024 | 29/03/2023 | 08/11/2021 | 01/06/2022 | 29/01/2023 | 05/03/2024"
0335,5000,6,"29/08/2022 | 12/02/2025 | 23/04/2023 | 21/02/2022 | 27/11/2021 | 04/03/2024"
6541,5000,6,"05/04/2025 | 27/08/2020 | 26/11/2022 | 03/04/2021 | 11/07/2022 | 01/10/2023"
4691,5000,6,"24/09/2021 | 30/05/2022 | 10/05/2021 | 01/12/2021 | 22/11/2024 | 14/10/2020"
7935,5000,6,"21/11/2022 | 25/10/2021 | 28/05/2023 | 05/11/2022 | 16/11/2021 | 07/07/2022"
8027,5000,6,"09/02/2021 | 16/03/2022 | 28/12/2022 | 23/04/2021 | 03/06/2025 | 22/06/2024"
3453,5000,6,"09/03/2021 | 03/10/2023 | 24/05/2025 | 22/09/2020 | 20/09/2022 | 04/10/2021"
1813,5000,6,"01/01/2022 | 08/06/2023 | 18/09/2023 | 11/08/2020 | 08/07/2023 | 30/07/2024"
5379,5000,6,"10/01/2022 | 06/10/2022 | 20/01/2021 | 09/09/2024 | 02/04/2023 | 21/04/2025"
0761,5000,6,"04/12/2020 | 17/12/2021 | 09/08/2023 | 13/02/2023 | 26/04/2023 | 10/03/2025"
1560,5000,6,"01/03/2021 | 21/01/2024 | 24/09/2024 | 05/05/2022 | 12/02/2025 | 09/01/2025"
9366,5000,6,"11/12/2021 | 09/07/2022 | 07/04/2023 | 05/07/2023 | 16/08/2023 | 30/04/2025"
9311,5000,6,"26/08/2022 | 13/02/2023 | 10/12/2022 | 02/05/2023 | 11/12/2024 | 24/04/2021"
5491,5000,6,"10/10/2020 | 28/09/2020 | 27/07/2024 | 01/04/2025 | 13/08/2023 | 21/03/2025"
9031,5000,6,"30/09/2022 | 26/05/2025 | 22/09/2020 | 23/03/2023 | 13/04/2022 | 08/12/2024"
0286,5000,6,"02/11/2021 | 09/03/2023 | 15/06/2023 | 02/12/2024 | 22/11/2022 | 25/12/2020"
6824,5000,6,"28/08/2024 | 14/05/2023 | 04/11/2024 | 10/11/2022 | 11/08/2024 | 30/08/2024"
8012,5000,6,"13/12/2021 | 11/01/2023 | 17/05/2023 | 08/03/2024 | 30/04/2024 | 25/05/2023"
1914,5000,6,"10/12/2021 | 19/10/2021 | 04/07/2022 | 14/10/2023 | 28/04/2025 | 06/02/2021"
3037,5000,6,"04/08/2021 | 13/11/2022 | 12/11/2024 | 28/12/2022 | 25/08/2023 | 29/03/2025"
6791,5000,6,"06/11/2022 | 30/04/2022 | 27/09/2022 | 02/03/2024 | 03/08/2022 | 22/01/2025"
9349,5000,6,"25/08/2020 | 25/11/2021 | 22/08/2023 | 29/07/2024 | 23/10/2022 | 10/05/2023"
6699,5000,6,"06/07/2024 | 17/12/2022 | 09/03/2025 | 16/04/2025 | 24/02/2023 | 26/06/2024"
3800,5000,6,"25/02/2023 | 10/07/2022 | 15/10/2023 | 08/04/2023 | 23/12/2023 | 23/01/2025"
5272,5000,6,"29/12/2023 | 16/03/2024 | 06/01/2025 | 15/03/2021 | 05/07/2023 | 27/09/2024"
6663,5000,6,"16/10/2020 | 08/12/2020 | 19/03/2022 | 13/06/2023 | 25/06/2025 | 13/11/2021"
8652,5000,6,"03/12/2021 | 16/11/2024 | 30/01/2025 | 06/06/2024 | 18/03/2021 | 27/07/2023"
0692,5000,6,"14/09/2022 | 18/04/2023 | 12/07/2023 | 12/12/2022 | 07/03/2025 | 30/12/2023"
9765,5000,6,"15/06/2022 | 24/05/2025 | 21/07/2025 | 21/04/2023 | 18/10/2023 | 04/02/2025"
5068,5000,6,"24/03/2021 | 11/11/2020 | 17/02/2022 | 19/05/2022 | 25/02/2023 | 08/08/2023"
1427,5000,6,"04/05/2021 | 16/11/2023 | 07/02/2022 | 07/11/2023 | 05/10/2024 | 09/12/2021"
5892,5000,6,"10/05/2022 | 14/04/2024 | 06/04/2022 | 18/10/2021 | 01/04/2025 | 23/02/2022"
3937,5000,6,"26/08/2022 | 28/08/2024 | 13/12/2024 | 25/05/2025 | 14/12/2022 | 26/12/2020"
7543,5000,6,"25/01/2024 | 28/03/2023 | 04/11/2024 | 03/07/2022 | 03/12/2021 | 08/01/2025"
9343,5000,6,"12/06/2023 | 02/07/2023 | 22/10/2022 | 24/03/2023 | 14/02/2022 | 03/05/2022"
5058,5000,6,"15/09/2021 | 08/04/2025 | 06/07/2025 | 26/11/2023 | 02/07/2025 | 04/02/2024"
8589,5000,6,"18/12/2021 | 04/03/2024 | 13/06/2025 | 09/02/2023 | 10/02/2022 | 02/08/2025"
7519,5000,6,"04/09/2023 | 18/06/2023 | 23/09/2022 | 10/03/2021 | 10/05/2022 | 09/12/2024"
9924,5000,6,"17/07/2022 | 26/12/2022 | 16/10/2023 | 01/06/2022 | 19/01/2024 | 14/06/2025"
2479,5000,6,"04/08/2023 | 07/06/2024 | 29/03/2022 | 17/08/2023 | 12/08/2023 | 30/10/2022"
7075,5000,6,"21/05/2022 | 08/10/2023 | 12/11/2023 | 22/02/2024 | 17/04/2023 | 30/07/2022"
9409,5000,6,"09/11/2023 | 28/03/2024 | 18/11/2020 | 18/02/2023 | 09/03/2025 | 25/03/2022"
4742,5000,6,"21/06/2022 | 04/07/2023 | 28/08/2024 | 16/11/2021 | 10/06/2024 | 10/03/2023"
8062,5000,6,"21/04/2025 | 03/11/2022 | 21/06/2025 | 02/07/2023 | 06/11/2023 | 17/07/2024"
4297,5000,6,"10/01/2022 | 27/06/2025 | 05/04/2023 | 05/09/2023 | 21/01/2024 | 23/08/2023"
6072,5000,6,"07/05/2021 | 10/11/2022 | 22/01/2023 | 01/10/2021 | 30/11/2024 | 25/08/2025"
7713,5000,6,"30/12/2022 | 08/11/2021 | 03/08/2024 | 30/11/2021 | 09/10/2022 | 24/12/2022"
0877,5000,6,"29/01/2022 | 10/07/2022 | 27/11/2021 | 14/03/2022 | 31/01/2023 | 07/04/2021"
4217,5000,6,"21/07/2024 | 13/03/2024 | 21/09/2024 | 12/02/2021 | 12/01/2025 | 18/05/2025"
5742,5000,6,"01/07/2025 | 23/12/2021 | 09/04/2022 | 19/04/2024 | 20/04/2024 | 24/08/2024"
7489,5000,6,"12/03/2025 | 28/05/2024 | 07/07/2023 | 14/06/2024 | 22/07/2022 | 25/03/2025"
1575,5000,6,"31/10/2024 | 07/07/2025 | 03/10/2023 | 06/03/2024 | 02/01/2021 | 24/02/2021"
2455,5000,6,"28/04/2021 | 10/01/2024 | 05/06/2025 | 25/11/2021 | 16/02/2023 | 07/01/2022"
7248,5000,6,"01/01/2025 | 01/12/2021 | 06/08/2024 | 09/07/2024 | 13/02/2024 | 09/11/2024"
2658,5000,6,"22/05/2025 | 19/12/2023 | 22/04/2024 | 11/01/2025 | 27/05/2023 | 06/11/2022"
5800,5000,6,"07/05/2022 | 19/02/2023 | 28/07/2025 | 20/08/2025 | 05/06/2023 | 11/07/2023"
5206,5000,6,"12/09/2020 | 28/03/2024 | 25/02/2025 | 01/12/2021 | 11/08/2021 | 28/01/2024"
9422,5000,6,"15/12/2020 | 27/10/2021 | 27/02/2025 | 20/08/2025 | 12/12/2023 | 19/09/2022"
9216,5000,6,"08/08/2025 | 07/02/2025 | 26/05/2024 | 11/07/2020 | 27/07/2025 | 15/12/2021"
5321,5000,6,"23/03/2025 | 30/07/2021 | 01/03/2024 | 24/03/2024 | 25/01/2021 | 06/05/2022"
5020,5000,6,"08/12/2021 | 08/05/2023 | 15/10/2023 | 25/10/2023 | 04/03/2023 | 21/10/2024"
7631,5000,6,"23/02/2021 | 19/02/2024 | 30/10/2022 | 27/03/2023 | 14/01/2024 | 27/06/2025"
7278,5000,6,"13/03/2025 | 13/08/2022 | 03/12/2024 | 21/04/2025 | 01/04/2024 | 16/05/2025"
0562,5000,6,"10/11/2024 | 02/03/2023 | 07/04/2022 | 23/03/2023 | 19/09/2023 | 08/12/2022"
2120,5000,6,"18/09/2024 | 15/03/2025 | 13/05/2025 | 28/10/2023 | 03/02/2025 | 23/03/2023"
6050,5000,6,"18/08/2022 | 23/05/2023 | 25/11/2023 | 29/08/2024 | 01/07/2025 | 03/05/2023"
8856,5000,6,"12/11/2023 | 16/10/2021 | 29/09/2022 | 31/12/2022 | 03/07/2022 | 31/07/2023"
6827,5000,6,"06/04/2022 | 28/10/2020 | 04/10/2023 | 06/06/2023 | 03/07/2022 | 17/07/2024"
1697,5000,6,"06/12/2023 | 11/09/2023 | 02/09/2021 | 15/05/2023 | 20/08/2024 | 14/08/2024"
5655,5000,6,"10/11/2023 | 30/05/2023 | 07/12/2020 | 03/12/2021 | 22/09/2024 | 31/03/2025"
1345,5000,6,"22/05/2024 | 11/12/2020 | 03/07/2025 | 05/02/2023 | 30/12/2023 | 16/02/2024"
9880,5000,6,"02/03/2025 | 10/04/2025 | 27/09/2024 | 07/03/2025 | 14/10/2021 | 09/09/2021"
6026,5000,6,"09/08/2021 | 26/02/2022 | 14/12/2022 | 04/01/2024 | 19/05/2024 | 10/09/2022"
9511,5000,6,"28/06/2023 | 16/03/2025 | 12/12/2020 | 13/12/2023 | 21/09/2024 | 26/12/2022"
6369,5000,6,"14/02/2022 | 09/04/2025 | 03/08/2020 | 25/12/2021 | 07/07/2022 | 14/08/2022"
5862,5000,6,"26/08/2024 | 14/10/2020 | 08/12/2022 | 19/05/2023 | 28/12/2021 | 21/01/2025"
1565,5000,6,"04/09/2021 | 11/10/2024 | 22/10/2024 | 06/07/2023 | 14/09/2021 | 13/01/2024"
3518,5000,6,"05/06/2024 | 18/11/2023 | 05/11/2024 | 23/12/2022 | 30/04/2023 | 13/10/2024"
6631,5000,6,"09/10/2020 | 13/12/2021 | 28/01/2022 | 03/01/2024 | 19/03/2025 | 04/11/2020"
3460,5000,6,"07/08/2024 | 07/09/2023 | 16/03/2021 | 20/05/2022 | 15/04/2025 | 09/05/2025"
3310,5000,6,"01/06/2023 | 10/05/2021 | 10/02/2022 | 07/09/2022 | 25/02/2023 | 09/04/2022"
2293,5000,6,"29/01/2021 | 26/10/2023 | 22/09/2020 | 07/01/2022 | 16/05/2022 | 11/04/2025"
0677,5000,6,"23/12/2022 | 28/01/2024 | 05/10/2020 | 20/12/2021 | 19/06/2022 | 12/04/2021"
1608,5000,6,"16/11/2021 | 20/01/2024 | 14/10/2021 | 17/06/2022 | 06/06/2023 | 19/09/2024"
6797,5000,6,"11/09/2023 | 27/07/2025 | 14/05/2025 | 31/08/2024 | 22/04/2022 | 06/01/2022"
4203,5000,6,"09/12/2020 | 09/12/2024 | 11/08/2025 | 26/09/2024 | 05/10/2024 | 10/07/2025"
6057,5000,6,"11/05/2022 | 02/09/2020 | 28/04/2022 | 27/04/2024 | 09/08/2024 | 04/11/2023"
6157,5000,6,"13/08/2021 | 24/07/2022 | 13/07/2024 | 09/08/2022 | 11/09/2022 | 16/03/2023"
2430,5000,6,"20/02/2023 | 02/01/2025 | 03/01/2024 | 05/11/2021 | 14/08/2022 | 14/09/2021"
0486,5000,6,"29/06/2024 | 19/02/2023 | 04/07/2024 | 29/04/2025 | 15/06/2023 | 08/06/2024"
8491,5000,6,"05/08/2025 | 06/06/2022 | 28/08/2024 | 07/03/2024 | 10/04/2025 | 07/10/2024"
2577,5000,6,"24/03/2025 | 24/08/2025 | 13/11/2023 | 05/08/2022 | 21/11/2022 | 21/11/2023"
2217,5000,6,"11/07/2022 | 28/05/2022 | 09/01/2023 | 10/05/2025 | 17/02/2025 | 29/12/2021"
4141,5000,6,"20/10/2022 | 20/02/2023 | 26/06/2022 | 09/11/2021 | 30/12/2024 | 25/08/2025"
4820,5000,6,"23/03/2024 | 27/12/2022 | 30/07/2024 | 18/08/2025 | 13/03/2021 | 15/02/2021"
0136,5000,6,"13/09/2022 | 23/12/2022 | 05/02/2021 | 19/06/2022 | 30/12/2024 | 26/04/2025"
9293,5000,6,"02/02/2021 | 01/03/2021 | 29/09/2024 | 17/02/2025 | 07/08/2023 | 22/06/2022"
3000,5000,6,"26/03/2021 | 16/11/2023 | 07/12/2022 | 23/11/2023 | 15/02/2024 | 03/06/2025"
5555,5000,6,"02/12/2023 | 18/10/2021 | 11/01/2023 | 09/12/2024 | 19/02/2022 | 11/01/2024"
2805,5000,6,"02/03/2021 | 07/06/2025 | 07/04/2023 | 13/03/2025 | 20/10/2024 | 26/04/2024"
0100,5000,6,"13/09/2021 | 24/02/2021 | 03/03/2023 | 13/11/2021 | 27/12/2024 | 19/02/2025"
1532,5000,6,"06/09/2024 | 28/01/2022 | 08/10/2023 | 18/09/2023 | 28/04/2025 | 09/11/2023"
0438,5000,6,"06/10/2024 | 16/10/2021 | 08/07/2025 | 25/07/2024 | 26/03/2025 | 27/09/2022"
2066,5000,6,"06/09/2022 | 06/12/2021 | 21/10/2022 | 29/12/2024 | 10/07/2025 | 07/02/2025"
1460,5000,6,"18/10/2021 | 25/03/2023 | 15/03/2024 | 08/08/2025 | 10/02/2022 | 17/03/2023"
7795,5000,6,"18/03/2023 | 03/07/2025 | 12/06/2022 | 18/03/2021 | 25/01/2023 | 31/12/2024"
4053,5000,6,"21/07/2024 | 24/07/2024 | 30/08/2023 | 13/05/2023 | 21/02/2023 | 07/06/2022"
0462,5000,6,"04/04/2022 | 19/10/2022 | 09/07/2023 | 19/05/2022 | 27/11/2022 | 04/09/2021"
2792,5000,6,"29/10/2024 | 30/12/2024 | 09/10/2022 | 10/05/2022 | 13/08/2021 | 17/03/2024"
0221,5000,6,"27/04/2022 | 23/07/2022 | 03/11/2024 | 19/11/2024 | 10/01/2022 | 17/09/2023"
0007,5000,6,"18/05/2022 | 18/01/2021 | 09/07/2023 | 25/04/2024 | 18/08/2023 | 19/06/2024"
9419,5000,6,"16/10/2022 | 16/08/2021 | 08/09/2024 | 25/02/2022 | 03/08/2025 | 12/06/2024"
9324,5000,6,"15/11/2024 | 24/03/2025 | 25/02/2021 | 24/04/2024 | 02/03/2022 | 05/12/2023"
9993,5000,6,"12/11/2021 | 15/05/2024 | 03/08/2020 | 07/05/2025 | 12/07/2024 | 16/03/2025"
8816,5000,6,"30/05/2022 | 25/02/2021 | 26/05/2022 | 10/06/2022 | 11/12/2021 | 16/07/2024"
9975,5000,6,"04/10/2022 | 17/05/2023 | 04/08/2024 | 15/09/2022 | 29/08/2020 | 22/01/2022"
8207,5000,6,"10/07/2022 | 18/06/2023 | 12/10/2023 | 28/02/2025 | 02/08/2022 | 27/08/2022"
3876,5000,6,"25/06/2022 | 31/05/2022 | 02/11/2022 | 15/05/2024 | 02/08/2024 | 07/10/2024"
9044,5000,6,"04/10/2022 | 10/01/2023 | 12/10/2022 | 11/08/2020 | 29/01/2023 | 04/07/2025"
1831,5000,6,"31/12/2021 | 01/01/2022 | 05/10/2023 | 22/03/2025 | 22/04/2021 | 04/07/2025"
9952,5000,6,"14/04/2023 | 09/10/2023 | 16/10/2023 | 04/05/2024 | 29/05/2022 | 03/09/2022"
8755,5000,6,"28/04/2024 | 20/02/2025 | 26/02/2021 | 23/03/2025 | 06/02/2023 | 09/11/2020"
2510,5000,6,"18/09/2024 | 05/01/2025 | 04/04/2023 | 09/05/2024 | 11/09/2024 | 27/09/2024"
0465,5000,6,"05/04/2021 | 16/04/2024 | 18/08/2021 | 04/07/2022 | 10/08/2024 | 31/07/2025"
6353,5000,6,"30/04/2024 | 20/03/2024 | 01/07/2024 | 09/09/2023 | 07/08/2024 | 09/11/2023"
2165,5000,6,"09/09/2022 | 11/12/2020 | 22/03/2024 | 25/12/2020 | 04/10/2022 | 02/06/2024"
7601,5000,6,"26/03/2022 | 28/03/2022 | 07/05/2022 | 08/03/2024 | 04/01/2023 | 20/07/2024"
7959,5000,6,"15/03/2023 | 19/06/2024 | 02/08/2024 | 27/07/2025 | 30/03/2021 | 02/01/2024"
3958,5000,6,"18/05/2024 | 27/04/2022 | 28/01/2022 | 31/03/2021 | 15/01/2024 | 16/03/2025"
1129,5000,6,"06/07/2022 | 07/05/2024 | 18/06/2025 | 29/10/2023 | 09/11/2023 | 16/12/2023"
5659,5000,6,"11/10/2021 | 22/12/2023 | 30/05/2024 | 26/04/2022 | 09/09/2024 | 24/03/2021"
3537,5000,6,"26/09/2020 | 16/10/2021 | 25/07/2023 | 23/03/2024 | 21/12/2020 | 10/01/2025"
7989,5000,6,"02/03/2022 | 19/04/2022 | 12/06/2023 | 24/03/2021 | 13/01/2025 | 17/08/2025"
7950,5000,6,"05/10/2022 | 03/06/2025 | 11/08/2025 | 03/04/2023 | 02/11/2021 | 25/11/2021"
0171,5000,6,"29/03/2023 | 05/05/2023 | 05/11/2024 | 23/01/2025 | 18/06/2022 | 08/04/2022"
4574,5000,6,"22/10/2022 | 27/05/2023 | 16/07/2024 | 06/05/2022 | 25/05/2025 | 02/09/2022"
4800,5000,6,"22/12/2022 | 16/02/2022 | 17/01/2024 | 22/03/2023 | 13/04/2025 | 12/01/2022"
4008,5000,6,"29/06/2022 | 02/06/2023 | 25/01/2025 | 24/07/2025 | 20/05/2024 | 15/02/2021"
4478,5000,6,"17/01/2025 | 15/02/2025 | 08/03/2022 | 30/10/2022 | 17/11/2022 | 15/01/2025"
8568,5000,6,"20/09/2022 | 09/11/2024 | 16/12/2024 | 21/02/2023 | 14/11/2023 | 28/07/2022"
5980,5000,6,"25/12/2022 | 18/11/2023 | 07/08/2020 | 28/01/2025 | 31/12/2022 | 18/09/2023"
3015,5000,6,"21/11/2023 | 07/06/2022 | 28/02/2023 | 08/06/2023 | 07/11/2023 | 08/11/2021"
4054,5000,6,"16/12/2020 | 23/04/2024 | 23/12/2021 | 16/06/2025 | 05/01/2022 | 18/05/2024"
1221,5000,6,"21/05/2023 | 07/12/2020 | 17/12/2024 | 17/03/2021 | 20/05/2025 | 09/03/2023"
3143,5000,6,"18/01/2022 | 04/09/2023 | 31/03/2021 | 16/10/2021 | 15/04/2024 | 27/08/2022"
7955,5000,6,"21/01/2024 | 05/02/2023 | 09/12/2022 | 28/09/2022 | 29/04/2023 | 07/12/2023"
9054,5000,6,"03/11/2021 | 20/07/2025 | 04/04/2022 | 20/12/2024 | 10/08/2025 | 04/02/2023"
2010,5000,6,"26/10/2022 | 10/05/2025 | 27/12/2024 | 09/11/2020 | 24/09/2020 | 20/08/2022"
3764,5000,6,"13/09/2021 | 11/05/2025 | 10/10/2020 | 27/11/2022 | 17/03/2024 | 01/11/2021"
9273,5000,6,"29/01/2022 | 01/06/2023 | 18/07/2024 | 20/01/2025 | 08/01/2021 | 25/07/2020"
8910,5000,6,"16/02/2023 | 07/12/2023 | 28/01/2023 | 22/01/2025 | 02/03/2025 | 16/05/2023"
0804,5000,6,"11/07/2025 | 30/06/2025 | 05/06/2022 | 22/04/2023 | 16/01/2025 | 30/10/2024"
3695,5000,6,"17/11/2021 | 10/12/2022 | 24/08/2022 | 09/08/2024 | 23/02/2025 | 26/07/2022"
6969,5000,6,"02/09/2023 | 19/03/2021 | 15/11/2023 | 13/07/2024 | 16/09/2021 | 24/02/2021"
2600,5000,6,"10/11/2023 | 30/06/2024 | 20/08/2025 | 28/06/2025 | 01/10/2023 | 27/10/2022"
9022,5000,6,"07/02/2022 | 11/09/2024 | 16/06/2023 | 21/12/2024 | 26/02/2025 | 04/04/2024"
6235,5000,6,"20/06/2025 | 26/07/2024 | 15/06/2023 | 04/10/2023 | 01/07/2022 | 31/01/2025"
2589,5000,6,"24/01/2022 | 17/04/2021 | 15/03/2023 | 30/10/2024 | 26/09/2022 | 24/02/2022"
4074,5000,6,"13/04/2023 | 30/08/2024 | 06/06/2024 | 02/04/2022 | 14/09/2024 | 27/11/2022"
6893,5000,6,"12/07/2023 | 15/09/2021 | 21/07/2025 | 05/03/2024 | 21/05/2023 | 09/07/2023"
7700,5000,6,"17/12/2022 | 18/10/2021 | 03/08/2023 | 12/05/2025 | 04/01/2025 | 20/01/2021"
9259,5000,6,"16/06/2022 | 20/03/2023 | 05/04/2024 | 27/06/2025 | 30/11/2022 | 15/10/2024"
2241,5000,6,"06/02/2024 | 16/03/2023 | 21/01/2023 | 13/05/2024 | 28/10/2020 | 19/04/2021"
5273,5000,6,"07/12/2022 | 23/04/2021 | 23/11/2020 | 18/08/2023 | 22/11/2024 | 01/12/2021"
7898,5000,6,"25/08/2021 | 09/08/2022 | 07/05/2021 | 27/08/2022 | 25/09/2023 | 21/10/2023"
7400,5000,6,"05/12/2020 | 15/10/2021 | 11/01/2022 | 14/06/2024 | 01/07/2025 | 10/08/2025"
9887,5000,6,"13/04/2023 | 19/07/2023 | 28/12/2020 | 21/08/2024 | 26/06/2024 | 17/12/2024"
2269,5000,6,"07/08/2024 | 14/09/2024 | 26/12/2024 | 30/09/2023 | 03/08/2024 | 31/08/2022"
9589,5000,6,"31/05/2022 | 11/05/2023 | 04/11/2021 | 05/04/2024 | 29/09/2024 | 28/09/2023"
5363,5000,6,"09/12/2021 | 18/12/2021 | 17/05/2023 | 29/03/2024 | 14/08/2022 | 01/03/2025"
9964,5000,6,"11/01/2023 | 10/05/2021 | 29/01/2024 | 02/12/2023 | 19/06/2025 | 07/05/2025"
5598,5000,6,"30/05/2023 | 19/08/2025 | 11/03/2023 | 16/06/2022 | 05/03/2024 | 13/06/2024"
9804,5000,6,"01/06/2024 | 15/01/2021 | 23/09/2021 | 01/11/2023 | 03/10/2020 | 09/03/2022"
4946,5000,6,"07/02/2025 | 10/05/2025 | 14/12/2023 | 07/04/2022 | 30/10/2020 | 05/12/2024"
8388,5000,6,"13/03/2024 | 25/11/2021 | 29/10/2021 | 10/12/2022 | 11/06/2025 | 16/05/2025"
6164,5000,6,"27/12/2021 | 11/12/2020 | 05/08/2023 | 16/01/2025 | 14/12/2020 | 24/11/2021"
5285,5000,6,"01/03/2022 | 27/05/2024 | 26/08/2024 | 25/04/2025 | 16/10/2022 | 14/12/2023"
6974,5000,6,"01/11/2023 | 12/07/2023 | 17/07/2023 | 04/09/2023 | 28/08/2024 | 29/09/2024"
0450,5000,6,"24/07/2025 | 21/04/2022 | 04/04/2023 | 25/04/2022 | 24/09/2024 | 27/06/2025"
0995,5000,6,"19/04/2022 | 26/06/2025 | 05/05/2021 | 02/11/2020 | 26/05/2023 | 28/10/2021"
6116,5000,6,"03/04/2024 | 09/01/2023 | 03/09/2023 | 13/07/2024 | 08/09/2024 | 27/07/2025"
8413,5000,6,"06/06/2025 | 27/03/2025 | 25/07/2024 | 04/10/2024 | 16/12/2024 | 17/04/2021"
5240,5000,6,"19/08/2025 | 01/01/2024 | 30/12/2021 | 05/05/2023 | 04/08/2022 | 27/09/2023"
8134,5000,6,"24/06/2025 | 20/12/2022 | 09/02/2023 | 06/03/2023 | 03/05/2022 | 03/09/2024"
4323,5000,6,"28/11/2023 | 25/05/2023 | 25/10/2022 | 07/10/2024 | 09/12/2024 | 01/12/2020"
8077,5000,6,"08/04/2021 | 30/10/2021 | 14/01/2023 | 21/04/2023 | 11/07/2024 | 18/02/2024"
4923,5000,6,"26/02/2023 | 12/08/2022 | 28/10/2022 | 17/05/2024 | 17/08/2024 | 20/05/2022"
6743,5000,6,"27/12/2021 | 04/02/2022 | 22/05/2023 | 06/05/2024 | 10/07/2025 | 14/09/2024"
0924,5000,6,"13/02/2021 | 09/09/2024 | 26/12/2024 | 04/05/2022 | 12/01/2022 | 13/07/2023"
3016,5000,6,"29/12/2020 | 15/12/2022 | 22/03/2023 | 14/01/2022 | 02/09/2021 | 26/05/2024"
8131,5000,6,"21/07/2025 | 15/01/2022 | 21/07/2024 | 19/02/2024 | 15/10/2023 | 05/06/2024"
7420,5000,6,"20/07/2022 | 06/01/2023 | 11/11/2023 | 07/11/2023 | 17/06/2024 | 10/01/2022"
8758,5000,6,"09/10/2021 | 09/06/2022 | 29/03/2025 | 27/07/2025 | 13/03/2021 | 12/03/2023"
6453,5000,5,"19/03/2021 | 31/05/2025 | 17/07/2024 | 13/08/2025 | 21/07/2022"
2758,5000,5,"24/06/2022 | 09/04/2022 | 08/12/2020 | 14/01/2022 | 12/01/2023"
2528,5000,5,"16/09/2024 | 09/06/2022 | 05/02/2022 | 14/02/2022 | 08/08/2023"
6374,5000,5,"16/07/2023 | 30/04/2023 | 19/04/2024 | 02/03/2022 | 16/04/2025"
4239,5000,5,"24/03/2023 | 31/03/2023 | 31/05/2023 | 19/02/2023 | 12/04/2024"
1025,5000,5,"20/11/2020 | 27/08/2021 | 31/03/2022 | 09/06/2022 | 06/05/2021"
4822,5000,5,"07/10/2023 | 03/03/2025 | 01/12/2021 | 26/06/2023 | 19/11/2023"
5154,5000,5,"24/05/2024 | 19/10/2022 | 10/08/2025 | 03/05/2023 | 21/06/2023"
8996,5000,5,"15/06/2023 | 13/07/2023 | 07/08/2025 | 07/10/2020 | 02/03/2023"
4366,5000,5,"19/11/2021 | 31/01/2024 | 30/03/2021 | 25/02/2024 | 26/04/2023"
3215,5000,5,"14/03/2024 | 07/06/2025 | 11/02/2021 | 25/01/2023 | 17/02/2025"
0150,5000,5,"11/10/2022 | 11/04/2023 | 13/02/2021 | 27/09/2023 | 05/01/2025"
6828,5000,5,"06/03/2021 | 20/10/2021 | 27/02/2025 | 07/10/2022 | 16/10/2022"
8162,5000,5,"10/07/2022 | 04/04/2022 | 22/12/2022 | 08/06/2023 | 12/01/2021"
4683,5000,5,"24/04/2024 | 11/10/2022 | 14/06/2024 | 28/03/2025 | 25/06/2024"
5079,5000,5,"17/02/2021 | 28/08/2022 | 12/08/2023 | 25/12/2024 | 11/03/2025"
1497,5000,5,"09/10/2022 | 27/08/2021 | 01/02/2021 | 06/07/2024 | 22/02/2024"
6003,5000,5,"23/10/2021 | 03/04/2025 | 26/08/2023 | 17/02/2023 | 06/12/2024"
8927,5000,5,"09/05/2022 | 08/10/2021 | 26/03/2022 | 26/12/2020 | 04/12/2022"
1896,5000,5,"28/09/2024 | 08/01/2025 | 18/02/2022 | 05/01/2023 | 03/07/2022"
8054,5000,5,"01/04/2021 | 13/08/2025 | 05/10/2020 | 30/08/2023 | 09/09/2023"
6197,5000,5,"24/05/2024 | 30/04/2021 | 18/12/2020 | 01/12/2020 | 09/05/2024"
6835,5000,5,"03/11/2022 | 31/05/2025 | 24/02/2022 | 25/01/2022 | 14/11/2024"
4459,5000,5,"03/02/2021 | 19/06/2024 | 14/07/2025 | 04/10/2023 | 04/04/2023"
4910,5000,5,"01/12/2021 | 15/02/2023 | 18/06/2025 | 17/01/2022 | 08/12/2020"
3685,5000,5,"14/10/2022 | 05/10/2021 | 31/05/2023 | 10/05/2022 | 05/03/2025"
8017,5000,5,"20/04/2025 | 26/04/2021 | 08/02/2024 | 12/01/2021 | 20/04/2024"
4971,5000,5,"24/04/2023 | 28/11/2022 | 15/01/2024 | 05/05/2021 | 08/01/2022"
5440,5000,5,"24/02/2023 | 03/12/2022 | 20/03/2023 | 13/12/2024 | 02/08/2024"
0981,5000,5,"12/09/2022 | 24/11/2021 | 27/02/2023 | 04/06/2025 | 13/12/2023"
6034,5000,5,"26/11/2022 | 26/06/2022 | 15/10/2023 | 29/04/2022 | 18/12/2023"
1517,5000,5,"13/09/2022 | 02/04/2024 | 17/04/2024 | 09/02/2022 | 27/09/2022"
6586,5000,5,"22/03/2024 | 31/08/2023 | 04/09/2023 | 11/02/2021 | 08/12/2023"
1197,5000,5,"09/12/2024 | 17/05/2025 | 24/04/2021 | 24/06/2022 | 13/07/2024"
1311,5000,5,"23/07/2023 | 07/10/2023 | 12/08/2024 | 23/03/2023 | 19/09/2022"
5247,5000,5,"05/03/2021 | 09/05/2022 | 23/02/2022 | 06/05/2024 | 02/05/2025"
1040,5000,5,"10/08/2023 | 02/02/2024 | 01/11/2022 | 08/03/2021 | 23/07/2022"
4721,5000,5,"19/07/2024 | 02/03/2022 | 15/01/2025 | 14/04/2022 | 27/06/2022"
4896,5000,5,"07/01/2024 | 14/06/2023 | 14/04/2022 | 17/02/2022 | 20/05/2024"
0055,5000,5,"09/07/2022 | 10/07/2023 | 26/04/2021 | 17/06/2023 | 19/06/2024"
8415,5000,5,"19/10/2023 | 16/11/2023 | 22/12/2020 | 14/01/2025 | 07/07/2025"
0290,5000,5,"09/03/2021 | 19/05/2022 | 19/06/2024 | 13/01/2023 | 20/08/2025"
2087,5000,5,"22/04/2021 | 05/03/2023 | 05/11/2023 | 30/11/2023 | 03/03/2024"
8345,5000,5,"25/12/2022 | 16/08/2023 | 18/01/2022 | 17/02/2025 | 20/02/2025"
8205,5000,5,"14/12/2021 | 29/05/2022 | 11/01/2022 | 12/11/2024 | 13/01/2024"
7771,5000,5,"31/08/2023 | 26/10/2024 | 10/12/2022 | 14/07/2025 | 14/03/2024"
8849,5000,5,"03/05/2022 | 25/07/2022 | 09/04/2025 | 28/03/2024 | 23/03/2023"
9515,5000,5,"01/04/2021 | 02/04/2024 | 27/01/2021 | 19/03/2024 | 23/12/2022"
7117,5000,5,"27/08/2024 | 21/10/2023 | 13/02/2024 | 21/04/2023 | 09/12/2022"
2657,5000,5,"24/04/2023 | 09/08/2023 | 07/09/2023 | 09/05/2024 | 06/10/2024"
2855,5000,5,"15/01/2022 | 19/03/2021 | 21/01/2022 | 09/04/2023 | 02/12/2020"
3212,5000,5,"17/05/2023 | 02/05/2022 | 02/07/2022 | 18/05/2024 | 29/07/2023"
4024,5000,5,"25/09/2023 | 13/03/2023 | 23/11/2021 | 08/08/2025 | 04/11/2023"
6517,5000,5,"12/06/2023 | 02/09/2023 | 05/04/2022 | 13/07/2022 | 13/01/2022"
7920,5000,5,"09/04/2022 | 16/08/2023 | 14/05/2023 | 19/09/2023 | 25/11/2024"
2149,5000,5,"27/08/2021 | 30/07/2022 | 31/01/2024 | 26/02/2023 | 19/03/2024"
2987,5000,5,"16/01/2023 | 21/05/2023 | 17/09/2021 | 10/12/2023 | 26/05/2024"
8223,5000,5,"23/07/2021 | 25/10/2021 | 01/01/2023 | 10/03/2022 | 04/06/2025"
7001,5000,5,"14/07/2024 | 18/11/2024 | 18/02/2025 | 09/10/2022 | 19/11/2023"
1576,5000,5,"19/12/2023 | 07/12/2024 | 29/01/2024 | 28/01/2022 | 23/03/2021"
1452,5000,5,"30/08/2022 | 22/08/2023 | 23/02/2021 | 12/03/2022 | 16/01/2024"
3145,5000,5,"06/04/2024 | 10/08/2025 | 01/01/2025 | 20/11/2021 | 12/06/2024"
0131,5000,5,"23/11/2020 | 21/04/2023 | 02/08/2025 | 10/07/2024 | 15/11/2024"
8397,5000,5,"22/08/2023 | 25/01/2024 | 09/07/2024 | 09/08/2024 | 05/09/2024"
0219,5000,5,"16/11/2023 | 21/02/2025 | 26/12/2023 | 28/11/2022 | 04/10/2023"
6552,5000,5,"18/11/2023 | 11/07/2020 | 27/11/2023 | 23/10/2024 | 10/04/2023"
8950,5000,5,"05/02/2024 | 23/09/2023 | 11/03/2024 | 18/09/2020 | 19/04/2021"
6295,5000,5,"04/08/2022 | 28/11/2022 | 18/03/2023 | 03/05/2024 | 19/01/2021"
0604,5000,5,"19/03/2021 | 14/09/2020 | 30/04/2024 | 07/05/2023 | 20/08/2025"
2078,5000,5,"28/04/2023 | 12/09/2024 | 20/12/2024 | 15/12/2020 | 14/01/2022"
3817,5000,5,"13/12/2021 | 02/02/2024 | 02/05/2022 | 30/03/2023 | 04/12/2021"
4221,5000,5,"31/05/2023 | 21/08/2024 | 28/11/2022 | 03/04/2025 | 14/01/2025"
1343,5000,5,"13/06/2024 | 06/05/2021 | 12/03/2025 | 08/06/2025 | 10/01/2025"
0293,5000,5,"28/03/2025 | 31/08/2024 | 23/11/2022 | 10/05/2025 | 01/02/2021"
4352,5000,5,"20/12/2024 | 03/03/2022 | 15/04/2023 | 20/06/2023 | 08/09/2024"
2833,5000,5,"24/12/2023 | 07/05/2022 | 14/01/2022 | 29/01/2022 | 28/09/2022"
3899,5000,5,"30/01/2024 | 25/06/2022 | 02/05/2024 | 09/08/2025 | 06/11/2020"
1370,5000,5,"09/02/2023 | 16/03/2023 | 12/12/2023 | 02/11/2024 | 05/01/2021"
8550,5000,5,"30/08/2024 | 06/09/2021 | 20/12/2022 | 12/01/2024 | 15/04/2024"
3005,5000,5,"06/01/2023 | 19/02/2023 | 14/09/2023 | 24/11/2021 | 03/10/2022"
0113,5000,5,"25/06/2025 | 07/02/2025 | 16/06/2025 | 09/11/2021 | 18/09/2024"
2889,5000,5,"18/10/2024 | 27/01/2021 | 06/06/2024 | 14/07/2022 | 14/10/2020"
6537,5000,5,"09/03/2023 | 02/12/2022 | 11/02/2022 | 29/05/2022 | 08/12/2022"
9913,5000,5,"26/08/2022 | 10/12/2022 | 12/10/2020 | 26/12/2022 | 01/09/2024"
6536,5000,5,"04/08/2024 | 02/06/2025 | 13/08/2020 | 01/03/2023 | 20/08/2021"
2650,5000,5,"10/02/2024 | 25/02/2021 | 21/12/2021 | 12/08/2022 | 27/05/2023"
0972,5000,5,"28/12/2023 | 08/11/2023 | 30/09/2024 | 31/07/2025 | 04/09/2024"
0399,5000,5,"13/08/2020 | 22/07/2022 | 28/08/2022 | 05/10/2024 | 03/03/2021"
8137,5000,5,"21/03/2025 | 03/07/2024 | 27/05/2022 | 27/07/2023 | 15/07/2025"
8735,5000,5,"24/02/2022 | 22/01/2023 | 19/04/2024 | 13/02/2021 | 11/04/2025"
0839,5000,5,"19/06/2024 | 31/07/2023 | 21/03/2025 | 08/04/2024 | 29/05/2023"
2939,5000,5,"30/01/2021 | 05/01/2022 | 29/07/2022 | 11/03/2025 | 20/04/2021"
2829,5000,5,"05/05/2024 | 23/12/2022 | 27/02/2024 | 23/12/2024 | 06/10/2022"
9900,5000,5,"11/12/2022 | 29/12/2024 | 15/12/2022 | 04/12/2021 | 22/08/2024"
7931,5000,5,"07/12/2023 | 16/09/2023 | 13/02/2021 | 21/11/2024 | 06/02/2024"
4744,5000,5,"08/04/2023 | 23/03/2021 | 03/06/2023 | 15/01/2024 | 15/01/2022"
0702,5000,5,"10/07/2023 | 06/08/2021 | 15/09/2022 | 05/06/2022 | 10/06/2023"
2946,5000,5,"14/06/2022 | 17/09/2021 | 07/09/2024 | 08/01/2023 | 01/06/2025"
8738,5000,5,"24/02/2024 | 17/06/2024 | 22/03/2022 | 26/04/2025 | 26/06/2024"
7059,5000,5,"13/01/2022 | 29/11/2024 | 12/02/2025 | 13/08/2024 | 30/06/2025"
1620,5000,5,"11/02/2021 | 06/01/2025 | 05/01/2021 | 11/10/2023 | 27/07/2025"
1511,5000,5,"09/03/2021 | 06/12/2023 | 05/03/2024 | 14/12/2021 | 27/03/2023"
5549,5000,5,"08/04/2022 | 24/10/2024 | 15/01/2023 | 22/08/2022 | 26/02/2025"
9423,5000,5,"04/08/2023 | 27/01/2025 | 24/04/2025 | 26/06/2022 | 06/07/2024"
1424,5000,5,"12/02/2023 | 24/03/2021 | 02/02/2024 | 25/08/2024 | 01/12/2020"
2051,5000,5,"14/10/2022 | 20/01/2023 | 05/01/2021 | 24/10/2023 | 15/07/2022"
8091,5000,5,"02/11/2021 | 30/10/2022 | 19/09/2022 | 25/06/2022 | 06/05/2025"
2084,5000,5,"13/02/2021 | 17/01/2023 | 28/12/2021 | 26/03/2023 | 24/05/2022"
7183,5000,5,"05/03/2023 | 13/08/2020 | 02/08/2022 | 24/10/2024 | 21/09/2023"
4213,5000,5,"09/07/2022 | 22/09/2022 | 19/12/2023 | 31/01/2022 | 05/12/2020"
7502,5000,5,"23/02/2023 | 13/01/2024 | 05/11/2022 | 12/02/2025 | 06/07/2025"
1351,5000,5,"22/02/2023 | 07/03/2023 | 04/08/2024 | 12/09/2023 | 11/12/2023"
5352,5000,5,"09/04/2024 | 06/03/2025 | 19/10/2023 | 02/06/2023 | 31/12/2023"
7040,5000,5,"14/10/2023 | 01/01/2021 | 09/03/2021 | 16/04/2022 | 18/05/2023"
8066,5000,5,"30/05/2023 | 17/08/2020 | 07/11/2022 | 28/11/2022 | 12/09/2024"
1154,5000,5,"25/12/2024 | 14/03/2024 | 28/01/2025 | 23/04/2025 | 07/08/2023"
5734,5000,5,"20/03/2023 | 28/12/2020 | 16/09/2021 | 24/01/2022 | 09/06/2022"
7492,5000,5,"02/02/2023 | 05/10/2024 | 17/01/2022 | 21/09/2022 | 20/01/2022"
8136,5000,5,"25/07/2020 | 15/12/2022 | 18/03/2021 | 03/01/2025 | 03/08/2025"
4456,5000,5,"15/01/2022 | 17/05/2023 | 09/09/2024 | 08/03/2022 | 26/02/2022"
8501,5000,5,"18/04/2022 | 18/02/2023 | 01/07/2023 | 27/07/2023 | 05/02/2024"
4055,5000,5,"19/06/2022 | 01/11/2023 | 18/12/2023 | 07/01/2024 | 06/02/2023"
3477,5000,5,"07/09/2021 | 08/12/2022 | 14/05/2025 | 19/10/2024 | 06/06/2023"
4728,5000,5,"20/11/2023 | 25/02/2024 | 17/01/2023 | 25/07/2024 | 30/10/2024"
1613,5000,5,"02/11/2021 | 27/08/2023 | 17/09/2022 | 05/02/2023 | 17/07/2025"
3109,5000,5,"11/12/2022 | 31/03/2022 | 05/10/2021 | 14/02/2022 | 28/07/2022"
3627,5000,5,"02/06/2022 | 07/05/2024 | 18/12/2023 | 02/09/2022 | 23/08/2023"
7801,5000,5,"04/05/2022 | 12/02/2022 | 03/04/2021 | 26/02/2024 | 30/08/2024"
1990,5000,5,"30/08/2022 | 23/12/2020 | 26/10/2023 | 24/09/2021 | 10/07/2024"
7487,5000,5,"30/03/2021 | 28/10/2021 | 09/12/2022 | 10/10/2023 | 09/08/2024"
6110,5000,5,"20/06/2022 | 26/08/2024 | 25/10/2021 | 06/10/2023 | 10/02/2025"
0867,5000,5,"18/07/2022 | 15/04/2022 | 24/11/2022 | 20/03/2025 | 29/10/2022"
6903,5000,5,"03/07/2023 | 20/04/2025 | 06/01/2022 | 21/04/2022 | 12/11/2022"
5011,5000,5,"18/12/2022 | 03/08/2020 | 10/10/2024 | 09/11/2024 | 08/05/2024"
5494,5000,5,"24/03/2022 | 29/01/2024 | 26/09/2022 | 05/01/2025 | 24/03/2024"
1773,5000,5,"25/07/2020 | 14/05/2022 | 21/01/2024 | 11/03/2024 | 07/09/2021"
8253,5000,5,"08/06/2024 | 11/08/2021 | 20/10/2023 | 11/06/2023 | 21/07/2023"
8357,5000,5,"04/12/2020 | 27/02/2021 | 03/10/2023 | 23/12/2024 | 28/02/2025"
5474,5000,5,"13/12/2021 | 23/07/2023 | 14/07/2025 | 11/05/2025 | 28/11/2024"
1348,5000,5,"06/02/2024 | 24/08/2025 | 01/02/2021 | 20/10/2023 | 09/04/2023"
3961,5000,5,"14/12/2024 | 17/01/2024 | 27/10/2021 | 19/03/2024 | 10/07/2022"
4051,5000,5,"27/11/2023 | 25/03/2024 | 12/01/2022 | 22/01/2023 | 12/04/2021"
4511,5000,5,"29/10/2022 | 15/07/2024 | 01/08/2025 | 14/02/2025 | 06/01/2021"
2086,5000,5,"26/10/2022 | 01/12/2021 | 13/11/2021 | 19/04/2023 | 13/06/2022"
7039,5000,5,"05/12/2022 | 22/08/2025 | 05/12/2020 | 26/02/2021 | 28/03/2025"
1144,5000,5,"13/08/2020 | 26/07/2024 | 10/02/2024 | 10/04/2024 | 17/09/2024"
5840,5000,5,"25/02/2021 | 20/05/2025 | 19/08/2023 | 03/02/2023 | 01/09/2024"
6492,5000,5,"29/11/2022 | 30/07/2025 | 22/02/2022 | 26/07/2025 | 01/12/2021"
1564,5000,5,"06/08/2021 | 07/08/2022 | 10/11/2024 | 11/11/2020 | 27/09/2023"
7806,5000,5,"23/12/2021 | 19/11/2022 | 04/06/2023 | 14/04/2022 | 26/06/2022"
6153,5000,5,"01/10/2022 | 28/12/2022 | 08/07/2024 | 29/12/2020 | 06/11/2024"
3267,5000,5,"20/11/2021 | 08/04/2022 | 24/09/2023 | 30/11/2022 | 21/06/2023"
5381,5000,5,"27/11/2020 | 07/07/2023 | 06/08/2025 | 16/03/2025 | 31/08/2023"
6957,5000,5,"22/10/2021 | 23/04/2021 | 02/12/2020 | 11/02/2024 | 31/05/2025"
6077,5000,5,"15/02/2024 | 23/06/2025 | 22/11/2022 | 18/02/2022 | 25/04/2023"
8558,5000,5,"26/10/2023 | 14/04/2021 | 05/01/2022 | 04/05/2023 | 08/08/2023"
2000,5000,5,"06/08/2023 | 20/12/2023 | 06/08/2025 | 21/08/2022 | 06/02/2021"
6194,5000,5,"02/07/2024 | 15/03/2025 | 28/06/2022 | 12/02/2024 | 31/01/2022"
6303,5000,5,"12/04/2025 | 25/01/2024 | 28/12/2022 | 20/06/2024 | 05/02/2024"
0695,5000,5,"25/11/2022 | 29/12/2022 | 29/07/2024 | 22/10/2021 | 18/03/2022"
3992,5000,5,"14/09/2020 | 30/03/2021 | 13/10/2023 | 20/03/2024 | 21/07/2024"
4489,5000,5,"03/03/2021 | 09/02/2024 | 23/08/2023 | 12/05/2025 | 14/05/2024"
7097,5000,5,"05/01/2023 | 30/09/2023 | 03/02/2025 | 27/02/2021 | 20/11/2024"
1114,5000,5,"15/01/2025 | 09/12/2020 | 14/07/2025 | 04/10/2021 | 28/01/2022"
5384,5000,5,"21/03/2022 | 15/01/2022 | 17/08/2022 | 05/01/2024 | 14/05/2025"
2383,5000,5,"16/12/2020 | 22/08/2025 | 20/09/2022 | 01/08/2020 | 25/07/2022"
6696,5000,5,"22/03/2025 | 15/07/2025 | 09/10/2023 | 28/12/2023 | 26/02/2021"
7184,5000,5,"02/12/2021 | 05/01/2022 | 25/08/2022 | 03/04/2025 | 27/04/2025"
3725,5000,5,"08/12/2020 | 08/03/2025 | 09/01/2025 | 07/07/2024 | 02/04/2021"
6064,5000,5,"15/01/2025 | 04/07/2025 | 22/12/2023 | 24/12/2023 | 21/09/2022"
4435,5000,5,"30/07/2023 | 04/05/2021 | 19/05/2024 | 08/12/2024 | 16/10/2022"
5576,5000,5,"10/06/2022 | 23/04/2022 | 30/11/2024 | 20/03/2025 | 14/04/2022"
8294,5000,5,"29/11/2022 | 04/12/2023 | 21/05/2024 | 06/03/2025 | 15/02/2021"
8746,5000,5,"28/06/2025 | 12/01/2023 | 27/04/2022 | 19/04/2024 | 22/02/2023"
7597,5000,5,"25/01/2021 | 30/01/2021 | 17/02/2021 | 01/04/2022 | 28/06/2025"
4305,5000,5,"10/09/2021 | 21/05/2022 | 31/12/2023 | 08/11/2023 | 04/10/2024"
5359,5000,5,"21/12/2020 | 25/12/2023 | 19/04/2024 | 16/02/2025 | 12/01/2021"
7694,5000,5,"27/02/2025 | 24/12/2024 | 13/02/2021 | 20/02/2021 | 01/01/2024"
5183,5000,5,"28/03/2025 | 09/07/2024 | 11/01/2022 | 09/08/2021 | 17/07/2024"
4651,5000,5,"04/06/2025 | 27/07/2023 | 26/11/2022 | 07/03/2022 | 14/09/2023"
1420,5000,5,"22/01/2021 | 27/12/2024 | 24/09/2024 | 24/09/2022 | 04/05/2023"
3554,5000,5,"14/04/2022 | 07/08/2020 | 23/05/2022 | 03/03/2021 | 21/08/2022"
1637,5000,5,"08/03/2023 | 26/06/2024 | 14/12/2020 | 08/01/2021 | 02/09/2020"
0654,5000,5,"01/07/2025 | 11/02/2024 | 23/02/2025 | 23/10/2024 | 25/11/2020"
9783,5000,5,"14/12/2021 | 12/01/2023 | 05/06/2022 | 03/02/2024 | 15/01/2024"
9291,5000,5,"15/05/2024 | 11/05/2023 | 27/02/2025 | 26/12/2023 | 08/01/2023"
5369,5000,5,"09/05/2022 | 08/02/2023 | 23/04/2022 | 02/07/2022 | 06/11/2022"
8430,5000,5,"11/10/2022 | 30/05/2022 | 10/07/2024 | 27/10/2021 | 20/10/2021"
7049,5000,5,"10/06/2022 | 28/03/2024 | 11/08/2021 | 16/06/2022 | 19/08/2020"
4774,5000,5,"13/01/2023 | 01/09/2021 | 07/10/2022 | 13/02/2023 | 25/10/2024"
8270,5000,5,"02/07/2023 | 05/08/2023 | 13/02/2025 | 16/08/2025 | 19/01/2022"
4955,5000,5,"21/06/2025 | 05/09/2022 | 08/10/2021 | 20/09/2021 | 15/07/2024"
6945,5000,5,"06/09/2024 | 11/05/2025 | 16/06/2022 | 17/12/2021 | 05/01/2023"
9651,5000,5,"17/11/2021 | 18/08/2025 | 16/11/2020 | 13/11/2020 | 06/12/2024"
6611,5000,5,"26/11/2024 | 30/06/2024 | 17/04/2024 | 19/08/2025 | 27/02/2021"
8446,5000,5,"23/12/2020 | 24/04/2021 | 15/07/2025 | 01/08/2024 | 06/12/2023"
0268,5000,5,"27/06/2023 | 07/09/2024 | 25/01/2023 | 08/03/2021 | 27/11/2023"
7419,5000,5,"05/06/2023 | 13/11/2021 | 11/12/2021 | 04/01/2022 | 13/06/2022"
8819,5000,5,"30/04/2024 | 05/04/2021 | 18/07/2020 | 03/01/2023 | 24/09/2021"
7125,5000,5,"26/04/2023 | 11/02/2025 | 21/11/2022 | 12/07/2024 | 21/01/2024"
8570,5000,5,"02/06/2022 | 30/08/2024 | 25/08/2024 | 21/09/2022 | 05/08/2020"
9762,5000,5,"11/01/2025 | 13/08/2025 | 13/11/2022 | 22/10/2021 | 07/06/2022"
8311,5000,5,"17/12/2023 | 23/09/2021 | 25/12/2022 | 25/05/2025 | 04/11/2023"
8248,5000,5,"13/10/2022 | 14/10/2021 | 08/06/2024 | 23/10/2022 | 03/06/2024"
7391,5000,5,"18/09/2023 | 01/08/2023 | 14/04/2024 | 20/08/2024 | 30/01/2025"
5929,5000,5,"04/11/2024 | 11/03/2023 | 22/09/2022 | 17/05/2023 | 18/10/2023"
1316,5000,5,"09/10/2021 | 29/04/2025 | 30/10/2020 | 27/06/2025 | 11/07/2022"
3398,5000,5,"07/11/2022 | 21/06/2025 | 26/05/2022 | 17/12/2024 | 24/08/2023"
9248,5000,5,"18/07/2024 | 09/09/2024 | 16/09/2022 | 29/12/2022 | 22/01/2021"
6750,5000,5,"08/02/2021 | 26/03/2022 | 30/10/2020 | 24/03/2023 | 07/11/2024"
0452,5000,5,"11/12/2024 | 22/04/2025 | 18/04/2023 | 14/04/2025 | 22/12/2023"
0665,5000,5,"28/05/2023 | 23/04/2022 | 13/08/2024 | 05/05/2025 | 31/12/2023"
7964,5000,5,"10/08/2023 | 12/01/2024 | 21/03/2025 | 23/08/2023 | 01/03/2025"
3677,5000,5,"17/05/2022 | 02/03/2021 | 25/02/2025 | 01/02/2025 | 21/06/2025"
9170,5000,5,"20/02/2021 | 13/12/2022 | 10/05/2022 | 06/07/2022 | 29/12/2020"
4889,5000,5,"14/12/2023 | 07/11/2023 | 01/08/2025 | 08/09/2023 | 04/05/2024"
8474,5000,5,"28/08/2023 | 07/02/2022 | 31/07/2022 | 11/09/2023 | 03/12/2024"
0716,5000,5,"28/05/2024 | 04/03/2025 | 15/04/2025 | 03/05/2024 | 09/08/2025"
8431,5000,5,"22/02/2022 | 28/04/2022 | 23/09/2021 | 04/08/2022 | 26/04/2024"
6926,5000,5,"22/04/2022 | 12/02/2023 | 02/07/2023 | 14/05/2022 | 08/09/2023"
2021,5000,5,"26/05/2022 | 30/05/2025 | 30/04/2021 | 10/09/2022 | 17/11/2023"
5854,5000,5,"26/11/2022 | 04/07/2025 | 30/07/2021 | 13/01/2024 | 27/11/2024"
5896,5000,5,"20/04/2021 | 26/02/2025 | 17/06/2025 | 16/09/2023 | 22/06/2023"
5489,5000,5,"28/02/2023 | 11/05/2024 | 02/11/2021 | 16/01/2025 | 07/12/2021"
7656,5000,5,"19/08/2025 | 25/05/2025 | 30/01/2023 | 16/02/2024 | 12/10/2022"
5108,5000,5,"12/09/2020 | 24/07/2025 | 21/06/2024 | 07/03/2025 | 11/03/2021"
1161,5000,5,"12/08/2024 | 20/08/2022 | 12/01/2023 | 02/11/2024 | 25/10/2021"
5609,5000,5,"19/02/2024 | 29/03/2021 | 21/02/2024 | 26/03/2022 | 17/08/2024"
7620,5000,5,"18/07/2020 | 20/04/2021 | 30/12/2020 | 27/02/2023 | 28/03/2022"
6874,5000,5,"06/03/2025 | 13/08/2021 | 08/03/2023 | 22/11/2021 | 01/07/2023"
7509,5000,5,"17/04/2023 | 10/06/2024 | 06/05/2025 | 23/10/2021 | 22/11/2024"
0023,5000,5,"02/08/2021 | 10/08/2024 | 19/09/2024 | 06/03/2021 | 09/05/2022"
3222,5000,5,"14/08/2025 | 03/05/2022 | 28/12/2023 | 10/11/2024 | 08/07/2022"
7577,5000,5,"10/12/2022 | 15/02/2023 | 04/09/2020 | 07/08/2025 | 18/02/2021"
3543,5000,5,"07/06/2023 | 17/06/2025 | 14/04/2023 | 21/10/2022 | 14/11/2024"
9268,5000,5,"15/12/2023 | 20/05/2023 | 03/07/2024 | 19/11/2024 | 20/12/2023"
1085,5000,5,"19/06/2024 | 23/01/2025 | 26/05/2022 | 24/04/2021 | 25/11/2023"
2762,5000,5,"15/07/2023 | 27/04/2024 | 31/12/2021 | 30/12/2022 | 05/08/2020"
0847,5000,5,"08/03/2025 | 06/05/2021 | 08/07/2024 | 29/09/2022 | 25/07/2023"
8238,5000,5,"14/06/2022 | 11/10/2024 | 13/01/2022 | 08/11/2023 | 09/06/2023"
2224,5000,5,"05/02/2023 | 01/03/2024 | 22/07/2023 | 09/05/2025 | 09/03/2022"
4409,5000,5,"09/09/2021 | 27/09/2021 | 02/03/2024 | 08/01/2024 | 11/06/2024"
5190,5000,5,"17/08/2020 | 09/02/2022 | 01/09/2024 | 26/11/2023 | 07/08/2023"
5845,5000,5,"20/08/2024 | 09/11/2023 | 18/06/2022 | 14/02/2024 | 07/07/2023"
5010,5000,5,"05/04/2022 | 09/10/2023 | 20/03/2025 | 08/02/2021 | 27/10/2024"
4390,5000,5,"23/07/2022 | 03/04/2021 | 13/09/2024 | 20/07/2025 | 18/08/2025"
0398,5000,5,"22/05/2025 | 30/01/2021 | 04/01/2023 | 04/02/2024 | 21/11/2024"
3057,5000,5,"14/10/2022 | 22/02/2023 | 09/12/2020 | 22/06/2025 | 19/11/2024"
6525,5000,5,"30/06/2023 | 07/02/2024 | 19/10/2022 | 11/05/2023 | 01/08/2022"
5396,5000,5,"29/05/2022 | 19/09/2023 | 23/01/2024 | 14/11/2024 | 19/11/2021"
3577,5000,5,"28/04/2021 | 09/12/2021 | 31/03/2025 | 05/05/2025 | 14/10/2020"
7887,5000,5,"19/11/2023 | 28/06/2022 | 02/08/2023 | 24/08/2023 | 18/09/2023"
7888,5000,5,"29/05/2022 | 29/01/2024 | 03/03/2023 | 04/09/2022 | 09/08/2022"
9546,5000,5,"19/10/2020 | 23/07/2021 | 18/06/2024 | 03/06/2025 | 05/11/2021"
1131,5000,5,"15/02/2021 | 25/07/2020 | 30/07/2021 | 20/08/2024 | 25/10/2021"
3074,5000,5,"21/04/2022 | 18/09/2024 | 23/05/2023 | 19/06/2022 | 12/11/2024"
4814,5000,5,"30/07/2025 | 29/11/2022 | 09/08/2023 | 02/04/2024 | 30/06/2024"
2353,5000,5,"20/10/2021 | 31/07/2025 | 13/08/2023 | 20/12/2023 | 31/03/2021"
6421,5000,5,"22/03/2021 | 25/08/2024 | 24/11/2021 | 24/05/2025 | 01/06/2022"
2629,5000,5,"27/03/2023 | 16/04/2023 | 28/08/2022 | 24/08/2023 | 11/01/2024"
7103,5000,5,"18/10/2023 | 19/01/2025 | 16/08/2025 | 06/02/2021 | 03/09/2022"
5684,5000,5,"21/08/2024 | 22/03/2025 | 23/05/2025 | 06/09/2022 | 03/06/2022"
9109,5000,5,"21/01/2022 | 07/12/2020 | 06/09/2022 | 01/01/2025 | 05/11/2024"
7459,5000,5,"07/10/2024 | 14/04/2024 | 20/11/2023 | 24/06/2025 | 14/12/2023"
2865,5000,5,"05/04/2023 | 25/10/2023 | 14/02/2024 | 24/09/2023 | 06/09/2023"
2341,5000,5,"03/02/2023 | 10/05/2024 | 20/10/2023 | 20/09/2022 | 06/10/2023"
7979,5000,5,"22/02/2025 | 30/01/2023 | 31/03/2025 | 11/02/2023 | 19/05/2025"
9234,5000,5,"15/12/2020 | 30/07/2024 | 21/07/2024 | 08/12/2023 | 20/10/2024"
9875,5000,5,"15/12/2020 | 09/08/2023 | 07/04/2021 | 09/04/2023 | 24/06/2025"
6914,5000,5,"20/09/2021 | 15/12/2023 | 29/07/2024 | 12/07/2025 | 11/09/2022"
6781,5000,5,"27/11/2024 | 08/01/2022 | 05/11/2021 | 12/01/2022 | 04/09/2024"
6472,5000,5,"12/03/2022 | 23/10/2024 | 23/09/2021 | 08/10/2024 | 13/08/2025"
3950,5000,5,"09/08/2023 | 22/04/2024 | 26/08/2024 | 10/09/2024 | 21/04/2022"
5196,5000,5,"22/12/2023 | 02/08/2022 | 10/09/2023 | 22/01/2025 | 30/12/2023"
6045,5000,5,"02/02/2022 | 09/07/2025 | 22/12/2024 | 19/01/2021 | 12/09/2024"
9111,5000,5,"06/10/2022 | 17/10/2023 | 02/07/2025 | 06/05/2025 | 09/03/2024"
8639,5000,5,"23/02/2021 | 30/05/2022 | 09/01/2024 | 31/10/2024 | 27/03/2021"
0369,5000,5,"26/12/2020 | 31/05/2023 | 05/08/2020 | 24/02/2022 | 21/06/2024"
5502,5000,5,"03/01/2023 | 08/04/2025 | 10/09/2024 | 14/12/2024 | 23/11/2020"
3813,5000,5,"16/03/2021 | 20/10/2022 | 29/06/2025 | 25/09/2022 | 15/02/2022"
4010,5000,5,"05/08/2023 | 15/12/2023 | 06/11/2024 | 19/09/2023 | 24/10/2023"
7983,5000,5,"19/11/2021 | 16/10/2024 | 28/03/2025 | 19/04/2024 | 28/03/2024"
1435,5000,5,"05/12/2022 | 04/02/2025 | 16/04/2023 | 18/06/2025 | 20/06/2022"
9667,5000,5,"04/05/2023 | 31/05/2023 | 29/10/2024 | 13/12/2021 | 08/05/2023"
1817,5000,5,"05/02/2021 | 06/02/2025 | 10/12/2021 | 06/08/2021 | 11/03/2021"
3459,5000,5,"24/04/2025 | 26/09/2020 | 17/01/2023 | 08/11/2021 | 26/10/2022"
5475,5000,5,"14/05/2025 | 22/01/2024 | 04/02/2025 | 06/04/2023 | 21/02/2025"
5888,5000,5,"12/09/2024 | 09/06/2024 | 24/04/2024 | 18/04/2023 | 16/08/2021"
6898,5000,5,"08/11/2024 | 08/03/2024 | 31/01/2023 | 03/01/2023 | 05/10/2022"
4182,5000,5,"07/12/2022 | 07/09/2021 | 28/01/2025 | 29/04/2022 | 15/05/2023"
6114,5000,5,"09/06/2022 | 10/04/2024 | 22/07/2022 | 13/06/2025 | 17/09/2021"
1048,5000,5,"20/07/2025 | 26/10/2023 | 12/06/2024 | 22/04/2021 | 09/02/2022"
7019,5000,5,"14/10/2020 | 05/02/2022 | 22/09/2023 | 01/12/2022 | 22/06/2023"
4593,5000,5,"04/03/2022 | 12/05/2025 | 14/12/2023 | 01/10/2022 | 20/02/2021"
2521,5000,5,"05/07/2024 | 16/10/2022 | 04/11/2022 | 18/10/2022 | 02/02/2023"
0047,5000,5,"20/02/2025 | 30/04/2025 | 25/03/2021 | 12/03/2021 | 25/04/2023"
6364,5000,5,"20/09/2022 | 07/07/2025 | 23/09/2021 | 15/11/2024 | 22/05/2023"
6807,5000,5,"17/12/2021 | 27/09/2022 | 08/12/2021 | 13/02/2023 | 10/02/2024"
0568,5000,5,"13/01/2023 | 09/07/2024 | 23/03/2021 | 11/04/2024 | 05/07/2024"
9521,5000,5,"17/03/2022 | 04/07/2023 | 06/06/2025 | 30/11/2021 | 13/07/2023"
9308,5000,5,"19/12/2022 | 09/10/2023 | 06/08/2021 | 28/12/2023 | 17/05/2022"
7993,5000,5,"21/07/2024 | 29/04/2024 | 16/01/2023 | 29/04/2025 | 20/07/2022"
4171,5000,5,"16/02/2021 | 21/12/2023 | 27/11/2023 | 28/12/2022 | 14/04/2022"
2974,5000,5,"19/05/2023 | 06/11/2020 | 31/05/2022 | 14/12/2024 | 30/06/2025"
6653,5000,5,"07/04/2023 | 13/04/2025 | 14/03/2022 | 19/02/2023 | 15/04/2022"
7371,5000,5,"12/12/2020 | 30/07/2023 | 13/11/2022 | 16/10/2021 | 07/03/2025"
0684,5000,5,"12/01/2024 | 10/12/2021 | 23/09/2022 | 03/04/2024 | 25/06/2023"
9182,5000,5,"25/11/2020 | 29/05/2022 | 22/11/2021 | 18/01/2025 | 21/04/2021"
3232,5000,5,"30/12/2020 | 02/06/2023 | 28/08/2022 | 15/02/2025 | 06/03/2025"
0013,5000,5,"17/03/2025 | 16/08/2024 | 06/12/2024 | 12/11/2024 | 17/07/2023"
3555,5000,5,"25/11/2022 | 31/12/2023 | 12/02/2024 | 18/03/2022 | 05/05/2024"
4594,5000,5,"27/05/2023 | 17/09/2021 | 01/07/2024 | 05/07/2023 | 01/03/2024"
7917,5000,5,"29/12/2022 | 24/06/2023 | 14/02/2025 | 12/01/2023 | 25/11/2024"
0905,5000,5,"22/04/2025 | 17/05/2023 | 18/09/2020 | 26/03/2021 | 07/03/2022"
7537,5000,5,"06/03/2021 | 18/11/2022 | 24/02/2022 | 04/03/2022 | 17/08/2025"
8067,5000,5,"07/09/2024 | 06/03/2024 | 13/03/2023 | 15/12/2023 | 15/07/2023"
4741,5000,5,"20/09/2024 | 25/02/2021 | 29/10/2023 | 24/04/2021 | 30/07/2023"
8288,5000,5,"07/03/2022 | 21/01/2024 | 18/09/2020 | 12/10/2024 | 25/05/2025"
0546,5000,5,"26/03/2023 | 24/05/2024 | 19/06/2024 | 22/07/2024 | 18/10/2024"
2093,5000,5,"11/12/2022 | 06/02/2024 | 20/01/2025 | 20/04/2022 | 01/01/2021"
5756,5000,5,"28/12/2020 | 14/07/2023 | 16/10/2024 | 23/12/2022 | 28/09/2024"
1059,5000,5,"23/07/2024 | 26/12/2024 | 28/07/2023 | 02/05/2024 | 08/11/2021"
1531,5000,5,"21/04/2023 | 31/08/2022 | 18/02/2023 | 25/04/2022 | 26/06/2025"
7137,5000,5,"03/09/2021 | 23/09/2021 | 24/06/2023 | 24/03/2024 | 10/06/2022"
5762,5000,5,"04/09/2020 | 10/03/2024 | 27/08/2020 | 12/05/2021 | 14/03/2025"
3024,5000,5,"28/10/2022 | 06/10/2023 | 28/12/2024 | 05/12/2022 | 20/01/2023"
1415,5000,5,"05/02/2024 | 10/04/2023 | 16/09/2024 | 25/12/2024 | 25/03/2023"
7714,5000,5,"26/09/2022 | 08/10/2022 | 18/07/2020 | 23/10/2022 | 13/03/2025"
5439,5000,5,"13/01/2025 | 04/03/2021 | 29/09/2022 | 06/01/2021 | 12/03/2025"
1235,5000,5,"18/06/2022 | 19/11/2022 | 26/03/2025 | 05/08/2025 | 11/03/2025"
4786,5000,5,"13/08/2023 | 13/09/2023 | 08/08/2023 | 09/11/2022 | 18/01/2025"
1208,5000,5,"06/10/2021 | 07/06/2023 | 08/06/2023 | 25/05/2023 | 06/05/2024"
1570,5000,5,"12/12/2022 | 21/07/2025 | 25/02/2022 | 27/12/2021 | 17/02/2021"
7288,5000,5,"04/11/2022 | 09/02/2024 | 15/03/2022 | 08/01/2023 | 14/11/2023"
7435,5000,5,"25/05/2022 | 18/10/2022 | 20/07/2022 | 16/10/2024 | 17/08/2025"
4400,5000,5,"01/03/2021 | 25/01/2021 | 03/04/2023 | 28/06/2023 | 08/02/2021"
0717,5000,5,"10/11/2024 | 15/11/2024 | 12/12/2024 | 09/08/2022 | 13/02/2025"
8645,5000,5,"29/08/2022 | 06/09/2021 | 21/01/2024 | 02/05/2024 | 01/09/2021"
5202,5000,5,"08/10/2021 | 29/08/2020 | 05/08/2024 | 16/04/2025 | 24/01/2023"
5443,5000,5,"16/11/2021 | 27/05/2023 | 17/06/2025 | 22/07/2023 | 21/05/2022"
6381,5000,5,"26/10/2020 | 05/08/2023 | 25/10/2023 | 02/01/2025 | 06/11/2022"
9925,5000,5,"14/10/2021 | 19/01/2022 | 03/06/2024 | 29/11/2023 | 09/12/2024"
7818,5000,5,"04/06/2022 | 29/03/2024 | 21/02/2024 | 15/12/2024 | 12/01/2025"
8176,5000,5,"09/11/2022 | 03/01/2024 | 01/03/2023 | 14/07/2022 | 18/08/2024"
6752,5000,5,"18/12/2022 | 02/02/2023 | 13/10/2023 | 27/10/2024 | 17/08/2020"
4351,5000,5,"04/04/2025 | 17/03/2025 | 06/02/2025 | 10/11/2021 | 08/05/2024"
1927,5000,5,"10/10/2020 | 15/03/2023 | 13/04/2022 | 10/05/2025 | 17/03/2022"
8922,5000,5,"22/10/2021 | 11/11/2021 | 19/06/2023 | 08/12/2023 | 01/08/2024"
6229,5000,5,"11/12/2021 | 02/03/2024 | 20/01/2023 | 22/12/2024 | 14/03/2025"
2968,5000,5,"26/08/2022 | 09/02/2025 | 04/05/2025 | 25/08/2024 | 25/09/2023"
2793,5000,5,"27/07/2023 | 23/11/2022 | 13/01/2023 | 28/09/2024 | 08/10/2023"
1646,5000,5,"15/07/2022 | 23/10/2020 | 03/08/2023 | 16/11/2023 | 09/08/2022"
3542,5000,5,"12/03/2022 | 22/03/2025 | 07/12/2023 | 02/01/2023 | 20/11/2024"
6459,5000,5,"06/01/2025 | 21/09/2023 | 10/03/2024 | 20/08/2023 | 29/04/2023"
6756,5000,5,"08/02/2021 | 31/08/2024 | 05/03/2025 | 18/07/2020 | 03/11/2022"
0394,5000,5,"03/01/2024 | 13/11/2020 | 13/12/2023 | 11/07/2020 | 30/11/2024"
7334,5000,5,"05/04/2021 | 16/08/2025 | 23/10/2023 | 19/10/2024 | 16/08/2022"
4116,5000,5,"10/09/2022 | 19/09/2022 | 22/02/2025 | 01/08/2020 | 07/05/2022"
1466,5000,5,"18/02/2025 | 13/11/2024 | 06/12/2023 | 26/11/2021 | 16/11/2020"
4670,5000,5,"10/12/2024 | 16/02/2022 | 27/12/2022 | 19/02/2023 | 30/09/2021"
1749,5000,5,"04/08/2025 | 05/02/2023 | 12/11/2023 | 11/09/2021 | 15/02/2025"
8676,5000,5,"09/09/2023 | 04/12/2020 | 09/08/2023 | 06/10/2023 | 28/01/2025"
1177,5000,5,"28/01/2025 | 12/08/2022 | 13/01/2021 | 09/11/2021 | 08/07/2024"
5267,5000,5,"17/12/2021 | 09/01/2021 | 23/08/2024 | 01/12/2023 | 25/03/2024"
0525,5000,5,"20/03/2024 | 12/02/2025 | 12/04/2022 | 09/03/2021 | 27/09/2024"
0409,5000,5,"03/10/2022 | 23/04/2023 | 24/12/2021 | 06/02/2025 | 02/03/2021"
6355,5000,5,"05/02/2021 | 06/03/2024 | 17/06/2022 | 25/05/2025 | 23/05/2022"
7331,5000,5,"29/02/2024 | 04/09/2022 | 11/09/2023 | 24/12/2024 | 18/04/2024"
8123,5000,5,"21/10/2020 | 19/04/2021 | 09/04/2023 | 06/09/2023 | 18/10/2021"
2743,5000,5,"24/11/2021 | 06/10/2023 | 17/02/2023 | 24/11/2024 | 12/04/2021"
1479,5000,5,"20/01/2023 | 01/03/2023 | 07/08/2022 | 07/02/2022 | 20/10/2023"
4572,5000,5,"08/04/2021 | 17/05/2025 | 04/08/2024 | 27/02/2021 | 30/05/2025"
3295,5000,5,"21/03/2025 | 06/05/2025 | 23/12/2020 | 23/02/2022 | 04/02/2024"
2212,5000,5,"31/08/2022 | 26/02/2023 | 05/12/2023 | 10/08/2022 | 16/06/2023"
1134,5000,5,"10/12/2021 | 18/10/2022 | 04/10/2022 | 23/10/2022 | 28/06/2024"
0920,5000,5,"04/11/2023 | 14/11/2022 | 09/04/2021 | 20/03/2024 | 11/12/2021"
2006,5000,5,"15/04/2022 | 27/01/2024 | 22/05/2024 | 06/01/2021 | 11/06/2024"
7358,5000,5,"07/09/2021 | 06/07/2022 | 02/06/2024 | 12/06/2024 | 10/03/2021"
0326,5000,5,"23/03/2022 | 24/04/2023 | 08/04/2023 | 21/11/2023 | 21/10/2024"
9136,5000,5,"22/02/2025 | 07/05/2024 | 23/04/2021 | 10/03/2023 | 08/04/2021"
0025,5000,5,"07/12/2020 | 07/01/2024 | 28/08/2023 | 14/12/2024 | 09/08/2025"
6941,5000,5,"19/02/2021 | 27/12/2022 | 28/03/2022 | 31/03/2024 | 09/04/2025"
4011,5000,5,"07/07/2025 | 19/10/2020 | 26/07/2022 | 28/09/2024 | 09/01/2025"
0263,5000,5,"13/11/2023 | 21/11/2023 | 30/06/2024 | 25/02/2022 | 11/02/2024"
0415,5000,5,"25/01/2023 | 06/09/2023 | 21/06/2023 | 14/07/2023 | 18/02/2021"
7836,5000,5,"07/09/2023 | 18/12/2021 | 27/08/2022 | 28/04/2025 | 30/01/2023"
1533,5000,5,"04/12/2021 | 20/05/2025 | 12/02/2022 | 20/08/2025 | 26/12/2020"
9697,5000,5,"28/08/2022 | 02/09/2022 | 11/10/2022 | 22/02/2022 | 12/11/2024"
8879,5000,5,"06/03/2023 | 19/07/2022 | 12/12/2023 | 28/07/2024 | 20/04/2024"
6553,5000,5,"07/06/2025 | 08/03/2023 | 09/03/2025 | 05/09/2022 | 02/11/2024"
0414,5000,5,"26/04/2022 | 09/01/2024 | 28/09/2022 | 03/03/2022 | 06/08/2023"
3993,5000,5,"29/08/2022 | 25/03/2021 | 06/02/2025 | 14/09/2021 | 28/01/2024"
7619,5000,5,"29/10/2022 | 13/10/2022 | 25/01/2023 | 21/03/2023 | 25/04/2023"
4374,5000,5,"16/10/2022 | 11/11/2020 | 21/04/2025 | 19/05/2025 | 23/05/2022"
9411,5000,5,"08/11/2024 | 30/12/2023 | 17/08/2024 | 01/01/2022 | 16/09/2024"
0092,5000,5,"29/03/2022 | 26/04/2022 | 18/05/2025 | 08/07/2025 | 04/09/2023"
5902,5000,5,"02/01/2021 | 23/02/2022 | 23/08/2025 | 21/10/2020 | 25/11/2020"
1642,5000,5,"04/10/2022 | 09/12/2023 | 01/07/2025 | 31/01/2022 | 20/10/2022"
7405,5000,5,"13/01/2023 | 21/07/2023 | 06/11/2022 | 10/09/2022 | 23/09/2024"
2153,5000,5,"06/04/2023 | 25/07/2024 | 17/07/2022 | 24/01/2025 | 08/03/2023"
4819,5000,5,"14/06/2025 | 11/03/2024 | 23/10/2021 | 30/08/2024 | 09/06/2025"
0169,5000,5,"20/12/2021 | 28/04/2024 | 11/03/2021 | 07/10/2023 | 15/01/2023"
7003,5000,5,"19/02/2024 | 12/11/2024 | 01/04/2023 | 30/04/2025 | 28/04/2021"
8726,5000,5,"27/07/2021 | 13/07/2025 | 25/08/2021 | 31/10/2024 | 26/11/2022"
1747,5000,5,"20/08/2021 | 29/09/2022 | 02/06/2023 | 29/01/2024 | 15/07/2024"
5176,5000,5,"27/08/2021 | 12/12/2022 | 06/12/2023 | 14/07/2024 | 12/04/2022"
0280,5000,5,"09/11/2024 | 15/04/2022 | 17/07/2022 | 01/07/2025 | 17/02/2024"
3826,5000,5,"03/12/2021 | 03/11/2024 | 29/08/2022 | 09/12/2022 | 17/08/2020"
2925,5000,5,"30/03/2022 | 04/05/2023 | 17/05/2023 | 25/09/2021 | 08/06/2024"
7084,5000,5,"19/09/2022 | 13/05/2022 | 24/02/2025 | 07/09/2022 | 10/09/2024"
5046,5000,5,"09/08/2022 | 23/07/2023 | 03/01/2024 | 22/07/2025 | 18/11/2024"
9446,5000,5,"07/09/2022 | 30/10/2022 | 31/05/2022 | 10/12/2021 | 04/07/2023"
8591,5000,5,"02/09/2023 | 12/09/2020 | 28/04/2022 | 08/12/2021 | 18/03/2025"
3044,5000,5,"04/03/2021 | 14/07/2023 | 18/03/2023 | 15/11/2024 | 10/02/2025"
0697,5000,5,"08/09/2023 | 01/02/2024 | 24/10/2024 | 21/01/2022 | 13/09/2021"
6011,5000,5,"30/11/2021 | 28/06/2023 | 22/06/2022 | 29/08/2024 | 19/03/2025"
6245,5000,5,"28/05/2023 | 12/02/2025 | 08/04/2023 | 15/05/2024 | 15/03/2025"
2067,5000,5,"19/02/2025 | 07/04/2023 | 11/01/2023 | 22/10/2024 | 18/05/2024"
0383,5000,5,"17/11/2022 | 08/09/2020 | 11/03/2022 | 13/01/2024 | 21/01/2023"
4493,5000,5,"21/10/2020 | 03/06/2022 | 16/12/2024 | 28/03/2022 | 23/04/2021"
4871,5000,5,"14/10/2020 | 20/05/2024 | 09/12/2024 | 12/04/2023 | 30/08/2023"
2967,5000,5,"12/01/2021 | 20/04/2023 | 16/08/2022 | 15/04/2024 | 25/01/2021"
7283,5000,5,"12/02/2025 | 03/06/2025 | 25/05/2025 | 06/07/2022 | 29/07/2022"
5743,5000,5,"19/08/2023 | 06/10/2023 | 15/02/2024 | 12/06/2024 | 13/04/2023"
2532,5000,5,"31/08/2022 | 05/11/2021 | 01/07/2023 | 10/06/2024 | 17/08/2024"
6777,5000,5,"23/04/2022 | 01/04/2024 | 14/06/2025 | 02/01/2025 | 20/08/2022"
6630,5000,5,"22/09/2021 | 08/01/2023 | 12/09/2022 | 24/03/2021 | 15/05/2025"
7991,5000,5,"25/08/2020 | 17/02/2021 | 20/12/2022 | 30/01/2024 | 08/08/2024"
9288,5000,5,"10/12/2021 | 20/11/2023 | 13/01/2022 | 19/02/2022 | 06/10/2022"
4975,5000,5,"05/01/2023 | 11/07/2023 | 02/01/2021 | 28/05/2024 | 24/03/2025"
7559,5000,5,"22/12/2020 | 13/02/2021 | 23/11/2022 | 09/04/2025 | 08/07/2024"
0655,5000,5,"05/03/2025 | 17/05/2022 | 23/11/2020 | 30/03/2022 | 27/10/2024"
7147,5000,5,"24/02/2025 | 16/01/2025 | 16/10/2021 | 24/11/2021 | 30/01/2025"
8234,5000,5,"20/04/2021 | 17/11/2023 | 18/12/2024 | 27/06/2025 | 05/03/2024"
8959,5000,5,"06/06/2025 | 11/02/2025 | 25/02/2025 | 17/05/2024 | 21/09/2021"
4185,5000,5,"11/12/2023 | 13/05/2025 | 01/06/2022 | 10/12/2021 | 07/04/2022"
4530,5000,5,"19/12/2022 | 26/11/2023 | 06/01/2022 | 20/01/2025 | 30/08/2024"
1928,5000,5,"25/07/2022 | 24/07/2023 | 18/12/2023 | 03/07/2023 | 28/09/2021"
4195,5000,5,"20/11/2023 | 09/03/2024 | 08/03/2024 | 02/02/2022 | 09/02/2021"
0744,5000,5,"18/05/2024 | 07/03/2023 | 18/12/2020 | 19/08/2023 | 18/12/2024"
3300,5000,5,"19/03/2021 | 11/01/2021 | 24/03/2021 | 06/04/2025 | 13/08/2020"
7902,5000,5,"26/03/2021 | 16/11/2020 | 15/06/2023 | 17/12/2023 | 06/01/2021"
7223,5000,5,"03/11/2023 | 16/03/2022 | 18/06/2024 | 10/08/2025 | 21/02/2023"
0734,5000,5,"17/02/2022 | 04/08/2021 | 25/05/2023 | 13/12/2024 | 10/03/2022"
3799,5000,5,"11/01/2021 | 03/12/2024 | 11/06/2025 | 10/12/2021 | 23/11/2021"
6920,5000,5,"19/11/2022 | 16/02/2021 | 12/07/2024 | 17/11/2021 | 08/06/2022"
3710,5000,5,"11/07/2020 | 30/01/2021 | 16/12/2021 | 04/05/2022 | 21/02/2023"
3683,5000,5,"20/03/2024 | 05/01/2021 | 22/04/2022 | 27/08/2023 | 11/06/2024"
9057,5000,5,"10/05/2022 | 19/11/2022 | 07/01/2025 | 13/11/2020 | 12/05/2023"
7832,5000,5,"27/04/2024 | 03/05/2024 | 19/06/2022 | 11/04/2024 | 15/03/2024"
9502,5000,5,"19/08/2023 | 20/08/2021 | 29/05/2025 | 27/12/2021 | 08/08/2022"
5525,5000,5,"02/08/2021 | 28/05/2023 | 07/10/2021 | 24/10/2023 | 19/09/2024"
2208,5000,5,"07/04/2022 | 28/08/2022 | 06/07/2023 | 24/07/2025 | 20/08/2022"
3924,5000,5,"07/08/2024 | 02/03/2025 | 05/10/2023 | 12/04/2021 | 30/10/2022"
2319,5000,5,"26/03/2025 | 10/11/2024 | 13/10/2023 | 22/01/2023 | 04/02/2025"
3984,5000,5,"09/10/2023 | 20/01/2022 | 03/12/2024 | 16/09/2020 | 17/06/2025"
9768,5000,5,"28/01/2022 | 11/06/2023 | 09/11/2023 | 09/07/2025 | 14/01/2022"
5867,5000,5,"21/01/2024 | 29/03/2022 | 18/07/2024 | 29/11/2021 | 30/10/2022"
9624,5000,5,"21/12/2021 | 30/05/2024 | 08/12/2023 | 16/10/2024 | 28/11/2024"
6408,5000,5,"06/12/2024 | 28/12/2024 | 26/05/2022 | 20/01/2023 | 27/03/2023"
4324,5000,5,"02/03/2024 | 11/07/2022 | 22/04/2023 | 11/11/2023 | 18/10/2021"
4361,5000,5,"11/12/2023 | 28/04/2024 | 12/06/2023 | 22/12/2021 | 04/12/2022"
2009,5000,5,"22/06/2025 | 18/08/2025 | 21/02/2025 | 09/06/2024 | 14/11/2022"
7381,5000,5,"01/01/2024 | 17/09/2021 | 11/02/2023 | 16/05/2024 | 12/12/2024"
1043,5000,5,"01/02/2021 | 02/01/2023 | 20/10/2021 | 18/03/2024 | 01/04/2025"
5784,5000,5,"30/11/2023 | 06/10/2024 | 04/11/2023 | 28/01/2025 | 22/07/2023"
7747,5000,5,"13/02/2025 | 19/06/2023 | 12/07/2022 | 14/04/2024 | 07/07/2023"
6958,5000,5,"12/05/2024 | 14/05/2023 | 24/11/2022 | 19/04/2021 | 04/01/2023"
9424,5000,5,"16/02/2024 | 09/08/2022 | 24/02/2024 | 03/07/2024 | 16/11/2020"
6778,5000,5,"04/01/2023 | 02/08/2023 | 26/10/2023 | 25/08/2024 | 06/07/2025"
2788,5000,5,"06/02/2025 | 21/05/2025 | 10/06/2023 | 09/11/2024 | 20/05/2023"
6361,5000,5,"02/03/2023 | 02/07/2025 | 19/01/2022 | 24/06/2024 | 12/11/2022"
2254,5000,5,"26/11/2023 | 09/07/2024 | 06/12/2023 | 21/12/2022 | 12/02/2025"
2378,5000,5,"12/08/2023 | 27/07/2022 | 13/03/2024 | 17/02/2021 | 23/06/2024"
2348,5000,5,"20/06/2025 | 23/07/2024 | 29/04/2022 | 07/03/2024 | 27/06/2025"
0861,5000,5,"19/01/2021 | 24/06/2022 | 03/08/2024 | 10/03/2024 | 16/10/2021"
3175,5000,5,"13/11/2021 | 08/08/2025 | 16/12/2023 | 20/12/2023 | 12/05/2021"
6133,5000,5,"14/12/2022 | 08/10/2024 | 04/01/2021 | 07/04/2024 | 07/08/2025"
7954,5000,5,"12/01/2025 | 20/02/2021 | 31/08/2024 | 23/05/2025 | 13/04/2022"
7153,5000,5,"09/03/2022 | 16/10/2020 | 21/12/2021 | 16/07/2024 | 08/01/2021"
0792,5000,5,"22/12/2023 | 17/06/2025 | 30/11/2022 | 08/04/2021 | 06/08/2022"
0631,5000,5,"16/02/2023 | 19/01/2022 | 11/02/2024 | 10/12/2024 | 21/10/2020"
9726,5000,5,"18/02/2021 | 04/11/2021 | 27/07/2022 | 04/09/2021 | 20/03/2024"
2377,5000,5,"20/06/2023 | 22/03/2025 | 29/03/2022 | 16/12/2023 | 01/02/2022"
9459,5000,5,"28/10/2021 | 29/11/2024 | 05/03/2025 | 28/05/2022 | 15/02/2022"
2541,5000,5,"21/01/2022 | 21/01/2024 | 05/07/2024 | 17/09/2024 | 09/06/2024"
7055,5000,5,"23/11/2020 | 29/10/2023 | 06/11/2020 | 08/01/2022 | 02/08/2023"
7441,5000,5,"06/01/2025 | 04/04/2022 | 16/05/2024 | 04/12/2022 | 29/06/2024"
9553,5000,5,"15/07/2024 | 14/06/2023 | 02/03/2025 | 26/08/2024 | 29/01/2025"
7430,5000,5,"30/03/2021 | 24/06/2025 | 13/04/2021 | 14/12/2020 | 04/11/2023"
4462,5000,5,"05/02/2022 | 22/02/2025 | 02/03/2024 | 28/12/2021 | 04/11/2020"
1769,5000,5,"05/05/2021 | 18/04/2024 | 23/07/2022 | 25/10/2023 | 01/12/2023"
6311,5000,5,"23/11/2023 | 21/07/2022 | 27/11/2024 | 12/03/2023 | 08/09/2024"
0302,5000,5,"28/04/2023 | 29/04/2023 | 18/08/2023 | 27/03/2023 | 07/08/2023"
3836,5000,5,"10/02/2025 | 30/05/2025 | 09/12/2022 | 18/06/2023 | 12/03/2023"
9868,5000,5,"11/01/2024 | 29/11/2021 | 11/12/2021 | 22/03/2023 | 12/04/2022"
9825,5000,5,"29/04/2024 | 24/03/2021 | 05/08/2023 | 18/09/2021 | 15/10/2022"
3533,5000,5,"14/08/2023 | 29/12/2021 | 16/04/2024 | 24/05/2025 | 07/03/2022"
6490,5000,5,"29/11/2021 | 17/12/2021 | 19/06/2023 | 22/09/2021 | 22/01/2025"
4434,5000,5,"30/07/2023 | 20/05/2022 | 07/07/2024 | 04/04/2023 | 16/08/2024"
7010,5000,5,"25/07/2023 | 23/04/2021 | 06/10/2022 | 19/07/2023 | 22/12/2020"
1092,5000,5,"06/01/2025 | 30/09/2022 | 07/08/2022 | 24/09/2024 | 29/10/2022"
1935,5000,5,"06/09/2024 | 29/11/2024 | 26/03/2023 | 14/12/2020 | 28/12/2023"
4652,5000,5,"13/02/2025 | 05/08/2024 | 14/02/2025 | 20/11/2024 | 15/04/2025"
4192,5000,5,"17/05/2022 | 21/12/2023 | 24/10/2024 | 07/08/2024 | 09/03/2025"
4482,5000,5,"28/09/2024 | 12/04/2025 | 20/01/2025 | 16/06/2025 | 17/08/2025"
1124,5000,5,"27/02/2023 | 31/08/2024 | 07/08/2020 | 13/08/2021 | 19/08/2020"
7725,5000,5,"06/07/2022 | 06/10/2023 | 11/09/2022 | 03/11/2022 | 17/07/2022"
9853,5000,5,"08/02/2024 | 09/11/2022 | 19/10/2020 | 20/12/2021 | 04/07/2022"
7193,5000,5,"09/05/2022 | 30/11/2023 | 19/10/2022 | 04/02/2022 | 11/02/2025"
2545,5000,5,"13/04/2024 | 27/05/2022 | 13/07/2024 | 13/02/2025 | 04/03/2021"
2827,5000,5,"22/03/2024 | 05/08/2025 | 13/08/2022 | 07/04/2022 | 26/10/2024"
8033,5000,5,"25/01/2022 | 21/04/2024 | 29/09/2023 | 02/06/2024 | 24/04/2025"
7270,5000,5,"12/01/2023 | 10/04/2024 | 25/12/2020 | 14/08/2025 | 22/11/2024"
2204,5000,5,"18/11/2021 | 03/07/2023 | 22/10/2023 | 06/06/2025 | 27/10/2022"
7927,5000,5,"03/10/2022 | 03/01/2024 | 01/09/2024 | 13/01/2023 | 13/10/2023"
3999,5000,5,"29/06/2022 | 14/03/2024 | 31/08/2024 | 03/07/2022 | 08/08/2023"
3113,5000,5,"19/08/2024 | 12/10/2023 | 07/12/2020 | 16/04/2021 | 14/05/2024"
6210,5000,5,"25/09/2022 | 10/03/2023 | 02/11/2023 | 25/01/2025 | 23/12/2023"
0223,5000,5,"14/10/2022 | 09/12/2022 | 16/11/2024 | 30/12/2021 | 22/04/2023"
8733,5000,5,"17/08/2022 | 08/07/2024 | 10/03/2022 | 05/05/2022 | 16/11/2022"
6130,5000,5,"13/01/2025 | 21/01/2025 | 04/09/2022 | 27/05/2025 | 14/02/2024"
2022,5000,5,"12/04/2025 | 09/06/2025 | 12/08/2024 | 15/05/2023 | 09/11/2024"
7046,5000,5,"05/12/2020 | 10/02/2024 | 01/03/2025 | 22/09/2021 | 12/09/2020"
7745,5000,5,"25/05/2024 | 09/05/2025 | 04/09/2022 | 12/03/2025 | 20/11/2023"
9569,5000,5,"01/04/2023 | 28/09/2023 | 20/03/2024 | 28/10/2024 | 15/07/2025"
7885,5000,5,"17/09/2022 | 15/01/2022 | 28/02/2023 | 07/11/2022 | 11/06/2024"
7474,5000,5,"29/04/2022 | 19/10/2021 | 29/03/2021 | 04/09/2024 | 11/09/2024"
9827,5000,5,"22/11/2022 | 02/09/2021 | 21/03/2024 | 21/12/2021 | 24/09/2021"
6673,5000,5,"27/11/2020 | 09/02/2021 | 09/08/2025 | 03/07/2022 | 08/04/2021"
1806,5000,5,"24/12/2022 | 11/04/2022 | 05/06/2023 | 27/11/2023 | 19/08/2025"
5039,5000,5,"02/11/2023 | 21/03/2023 | 25/10/2024 | 01/10/2024 | 08/10/2024"
1416,5000,5,"05/07/2023 | 16/12/2022 | 14/07/2022 | 27/04/2021 | 29/03/2021"
6103,5000,5,"02/04/2023 | 12/11/2023 | 28/11/2023 | 28/06/2025 | 01/02/2023"
4440,5000,5,"04/05/2024 | 26/06/2023 | 06/02/2021 | 17/09/2023 | 02/09/2021"
9997,5000,5,"18/10/2022 | 18/01/2024 | 25/11/2023 | 05/11/2021 | 24/03/2024"
3629,5000,5,"17/04/2025 | 01/11/2024 | 09/04/2024 | 04/11/2024 | 29/04/2024"
1194,5000,5,"21/10/2022 | 03/10/2023 | 02/09/2022 | 23/01/2025 | 18/06/2022"
0096,5000,5,"02/12/2021 | 25/01/2025 | 25/04/2025 | 02/11/2021 | 12/02/2023"
8354,5000,5,"30/03/2024 | 19/04/2022 | 04/12/2021 | 11/06/2023 | 09/09/2024"
9080,5000,5,"21/09/2024 | 30/01/2023 | 01/07/2025 | 03/04/2023 | 08/08/2024"
7349,5000,5,"21/09/2024 | 14/06/2023 | 20/06/2025 | 10/04/2023 | 25/08/2020"
7280,5000,5,"09/11/2021 | 06/03/2023 | 24/03/2024 | 06/04/2024 | 18/05/2025"
2529,5000,5,"27/03/2021 | 25/07/2020 | 16/11/2022 | 27/04/2023 | 20/07/2025"
9767,5000,5,"15/03/2022 | 29/07/2022 | 26/07/2024 | 15/01/2021 | 23/06/2025"
8448,5000,5,"25/11/2020 | 23/04/2023 | 30/12/2020 | 05/05/2025 | 18/03/2021"
0322,5000,5,"02/09/2020 | 25/07/2024 | 09/06/2022 | 25/05/2023 | 18/09/2024"
0558,5000,5,"07/05/2023 | 28/10/2020 | 29/01/2022 | 17/02/2023 | 11/03/2025"
7960,5000,5,"21/10/2022 | 14/06/2023 | 30/03/2024 | 18/02/2024 | 13/11/2024"
1952,5000,5,"04/04/2022 | 06/05/2024 | 16/02/2023 | 15/03/2024 | 02/07/2024"
9779,5000,5,"13/11/2020 | 13/07/2023 | 16/02/2022 | 15/03/2023 | 31/03/2024"
1175,5000,5,"06/02/2021 | 09/06/2023 | 01/06/2024 | 28/10/2021 | 29/06/2023"
9087,5000,5,"20/01/2021 | 19/11/2022 | 27/07/2021 | 20/11/2023 | 19/06/2025"
9791,5000,5,"16/08/2022 | 28/10/2022 | 05/03/2022 | 19/05/2023 | 17/07/2025"
2818,5000,5,"10/10/2024 | 18/01/2023 | 17/06/2023 | 20/02/2021 | 11/12/2022"
4189,5000,5,"25/12/2023 | 10/10/2022 | 30/10/2024 | 11/07/2024 | 15/12/2021"
5694,5000,5,"12/10/2021 | 24/03/2021 | 02/04/2024 | 15/06/2025 | 29/10/2022"
8175,5000,5,"24/07/2024 | 25/04/2023 | 06/09/2024 | 22/05/2024 | 24/08/2024"
3524,5000,5,"10/02/2023 | 11/12/2023 | 03/11/2024 | 18/08/2021 | 12/03/2023"
0680,5000,5,"23/03/2021 | 01/01/2022 | 31/12/2024 | 02/06/2025 | 29/09/2022"
3511,5000,5,"07/05/2022 | 02/08/2021 | 25/01/2025 | 21/02/2024 | 27/06/2023"
4823,5000,5,"30/09/2023 | 09/02/2021 | 02/02/2022 | 08/11/2023 | 12/10/2021"
9659,5000,5,"03/04/2025 | 22/11/2022 | 18/10/2022 | 23/12/2023 | 13/11/2021"
6547,5000,5,"11/09/2023 | 29/10/2021 | 12/10/2023 | 22/04/2024 | 29/11/2023"
5153,5000,5,"05/05/2023 | 25/09/2022 | 21/10/2024 | 26/02/2024 | 21/04/2024"
0636,5000,5,"08/04/2022 | 25/04/2024 | 24/05/2022 | 16/07/2023 | 24/07/2025"
3157,5000,5,"07/10/2020 | 05/05/2022 | 03/01/2022 | 06/12/2022 | 27/11/2023"
2755,5000,5,"08/10/2023 | 18/08/2023 | 28/06/2023 | 19/10/2023 | 07/04/2024"
7123,5000,5,"19/11/2022 | 11/05/2025 | 04/03/2025 | 07/08/2022 | 25/05/2023"
8068,5000,5,"28/12/2022 | 27/09/2023 | 16/01/2023 | 16/10/2023 | 15/02/2021"
2547,5000,5,"17/11/2021 | 14/11/2023 | 13/09/2022 | 23/06/2025 | 16/07/2025"
7338,5000,5,"24/12/2022 | 02/11/2022 | 05/07/2023 | 17/06/2023 | 01/07/2025"
9390,5000,5,"05/04/2025 | 14/09/2020 | 08/03/2022 | 02/06/2022 | 16/07/2024"
9187,5000,5,"04/02/2025 | 02/07/2023 | 19/07/2023 | 15/10/2022 | 09/05/2024"
5373,5000,5,"14/11/2022 | 30/06/2025 | 11/01/2023 | 02/03/2021 | 08/10/2022"
4681,5000,5,"21/09/2023 | 04/09/2023 | 05/02/2024 | 17/11/2021 | 22/11/2021"
0763,5000,5,"19/07/2023 | 14/04/2021 | 14/09/2022 | 15/04/2025 | 23/06/2025"
7214,5000,5,"27/05/2023 | 15/01/2025 | 11/07/2024 | 02/03/2024 | 24/03/2025"
4546,5000,5,"16/03/2021 | 10/09/2024 | 08/10/2024 | 28/06/2022 | 13/08/2022"
3018,5000,5,"31/07/2023 | 06/08/2021 | 10/03/2023 | 10/06/2024 | 04/04/2022"
5847,5000,5,"21/10/2021 | 07/12/2022 | 07/12/2024 | 29/05/2025 | 09/06/2025"
3609,5000,5,"23/04/2023 | 22/04/2022 | 20/04/2022 | 05/04/2025 | 11/06/2024"
8490,5000,5,"23/07/2023 | 16/11/2020 | 15/04/2025 | 19/08/2025 | 29/12/2024"
9168,5000,5,"27/10/2021 | 24/05/2024 | 17/06/2022 | 26/04/2025 | 29/05/2025"
6253,5000,5,"09/04/2025 | 04/02/2021 | 29/01/2022 | 22/09/2024 | 14/05/2025"
4757,5000,5,"25/10/2024 | 29/06/2025 | 28/10/2024 | 05/07/2025 | 27/08/2020"
0678,5000,5,"31/01/2022 | 04/02/2023 | 16/03/2025 | 17/10/2022 | 07/08/2023"
7120,5000,5,"21/08/2020 | 29/03/2022 | 14/08/2022 | 21/09/2023 | 21/06/2023"
8424,5000,5,"09/10/2021 | 28/12/2022 | 05/06/2024 | 06/11/2022 | 24/02/2021"
2197,5000,5,"03/06/2023 | 11/05/2021 | 14/06/2023 | 28/03/2024 | 15/11/2021"
1959,5000,5,"11/10/2021 | 17/12/2023 | 15/01/2023 | 22/08/2022 | 28/12/2024"
7644,5000,5,"15/06/2022 | 08/08/2022 | 27/04/2023 | 18/07/2024 | 08/06/2022"
6270,5000,5,"11/06/2023 | 05/04/2022 | 27/12/2022 | 24/01/2023 | 24/08/2023"
4455,5000,5,"10/08/2023 | 19/07/2024 | 07/09/2023 | 14/03/2023 | 19/02/2021"
7036,5000,5,"31/12/2023 | 25/08/2023 | 16/11/2022 | 06/12/2022 | 03/03/2023"
4422,5000,5,"09/12/2021 | 13/08/2022 | 01/12/2020 | 24/03/2021 | 09/06/2025"
6296,5000,5,"26/08/2022 | 09/09/2021 | 24/02/2023 | 27/10/2023 | 28/09/2023"
2160,5000,5,"14/06/2022 | 04/09/2023 | 05/04/2025 | 10/05/2021 | 28/12/2021"
9578,5000,5,"03/10/2023 | 02/11/2024 | 07/09/2023 | 12/01/2023 | 22/09/2023"
7332,5000,5,"05/10/2022 | 30/10/2024 | 23/05/2022 | 18/11/2022 | 08/04/2024"
0798,5000,5,"14/09/2022 | 21/01/2024 | 02/05/2025 | 22/08/2023 | 12/07/2023"
7076,5000,5,"11/10/2022 | 12/06/2022 | 19/09/2023 | 16/02/2022 | 29/10/2024"
1166,5000,5,"24/03/2024 | 28/06/2023 | 16/04/2022 | 03/05/2023 | 04/02/2021"
9786,5000,5,"02/01/2023 | 18/01/2023 | 26/02/2021 | 11/11/2021 | 31/12/2022"
3405,5000,5,"12/11/2021 | 19/10/2021 | 16/05/2024 | 20/08/2021 | 28/07/2024"
3094,5000,5,"30/10/2022 | 04/12/2022 | 21/12/2022 | 25/03/2021 | 04/07/2025"
5337,5000,5,"13/06/2025 | 29/08/2022 | 05/07/2022 | 17/11/2023 | 24/06/2022"
0853,5000,5,"12/05/2022 | 11/05/2021 | 04/10/2022 | 18/10/2023 | 08/01/2024"
5629,5000,5,"28/07/2022 | 02/08/2023 | 03/03/2024 | 29/01/2021 | 14/11/2024"
6501,5000,5,"13/02/2021 | 17/09/2023 | 31/07/2022 | 11/08/2022 | 31/05/2024"
3151,5000,5,"25/12/2021 | 10/02/2022 | 17/01/2024 | 20/05/2024 | 03/10/2024"
1443,5000,5,"09/07/2022 | 04/07/2024 | 05/10/2022 | 22/10/2023 | 16/10/2024"
5401,5000,5,"04/07/2025 | 02/04/2021 | 04/01/2023 | 18/07/2020 | 14/11/2024"
5586,5000,5,"17/06/2022 | 01/01/2021 | 24/09/2020 | 27/06/2024 | 21/07/2025"
8071,5000,5,"27/06/2022 | 14/03/2022 | 03/06/2022 | 05/08/2022 | 25/06/2023"
8923,5000,5,"29/08/2022 | 12/07/2025 | 01/04/2024 | 25/06/2023 | 25/08/2023"
0423,5000,5,"10/02/2024 | 08/10/2023 | 30/10/2022 | 30/05/2023 | 03/04/2024"
6850,5000,5,"09/04/2024 | 21/06/2023 | 19/09/2024 | 21/02/2025 | 17/05/2025"
7403,5000,5,"26/06/2024 | 03/05/2025 | 11/06/2024 | 26/12/2022 | 20/08/2022"
1520,5000,5,"18/07/2020 | 06/01/2021 | 07/04/2021 | 24/03/2023 | 17/02/2024"
9943,5000,5,"22/12/2022 | 02/02/2025 | 22/04/2021 | 14/02/2022 | 15/04/2024"
2990,5000,5,"20/01/2023 | 18/11/2022 | 14/09/2021 | 09/06/2023 | 26/06/2024"
1553,5000,5,"21/03/2023 | 11/08/2024 | 03/09/2023 | 05/12/2024 | 31/03/2022"
6530,5000,5,"29/09/2023 | 05/03/2021 | 22/11/2021 | 19/10/2024 | 04/05/2024"
7053,5000,5,"19/01/2025 | 29/07/2023 | 16/01/2023 | 28/06/2022 | 13/12/2022"
2361,5000,5,"25/12/2024 | 28/08/2022 | 20/03/2025 | 17/03/2021 | 18/02/2022"
3064,5000,5,"11/04/2023 | 20/02/2025 | 05/11/2021 | 01/10/2023 | 30/04/2022"
9630,5000,5,"29/09/2022 | 31/07/2022 | 09/06/2023 | 19/03/2025 | 28/07/2024"
7157,5000,5,"27/08/2022 | 02/12/2020 | 13/05/2023 | 11/08/2022 | 22/02/2022"
3562,5000,5,"26/10/2020 | 12/06/2025 | 01/08/2025 | 18/05/2024 | 12/07/2025"
5229,5000,5,"23/09/2024 | 18/11/2024 | 24/01/2025 | 10/03/2022 | 23/11/2023"
6016,5000,5,"03/05/2022 | 21/12/2024 | 31/05/2023 | 22/02/2025 | 16/12/2020"
5166,5000,5,"08/09/2020 | 27/04/2023 | 28/11/2022 | 01/07/2024 | 20/04/2021"
4285,5000,5,"03/10/2024 | 27/08/2020 | 05/07/2024 | 22/04/2021 | 03/06/2025"
6930,5000,5,"28/03/2025 | 25/11/2022 | 29/05/2025 | 22/08/2023 | 22/09/2023"
8429,5000,5,"03/11/2022 | 05/04/2025 | 13/08/2021 | 28/04/2022 | 18/09/2023"
7874,5000,5,"23/02/2021 | 05/06/2023 | 14/09/2021 | 26/02/2025 | 01/08/2020"
6418,5000,5,"01/11/2021 | 23/10/2023 | 14/03/2022 | 15/05/2024 | 21/05/2025"
8925,5000,5,"13/10/2023 | 04/05/2022 | 09/12/2021 | 15/09/2022 | 22/12/2023"
7783,5000,5,"28/04/2022 | 11/09/2024 | 02/12/2024 | 09/08/2025 | 26/02/2021"
6890,5000,5,"13/09/2024 | 01/08/2024 | 24/09/2020 | 24/06/2025 | 16/04/2025"
2365,5000,5,"08/07/2023 | 09/03/2025 | 30/09/2022 | 28/02/2024 | 19/05/2024"
1029,5000,5,"25/11/2023 | 16/11/2020 | 05/12/2024 | 16/05/2024 | 25/06/2025"
1722,5000,5,"19/10/2022 | 10/05/2021 | 20/09/2021 | 30/06/2022 | 02/08/2024"
9305,5000,5,"02/03/2023 | 27/11/2024 | 21/02/2022 | 30/11/2023 | 22/02/2024"
7682,5000,5,"12/12/2024 | 19/08/2022 | 28/08/2022 | 20/10/2024 | 25/06/2025"
1008,5000,5,"22/04/2022 | 04/07/2023 | 15/02/2022 | 13/10/2024 | 17/03/2021"
9615,5000,5,"12/05/2021 | 04/10/2023 | 26/03/2024 | 10/07/2023 | 28/07/2024"
9032,5000,5,"12/05/2023 | 12/04/2024 | 15/03/2022 | 15/03/2024 | 08/10/2022"
6265,5000,5,"26/06/2024 | 10/08/2022 | 15/02/2022 | 11/03/2024 | 01/08/2025"
4292,5000,5,"21/12/2024 | 18/05/2023 | 19/10/2020 | 14/08/2025 | 19/06/2024"
6702,5000,5,"22/03/2023 | 25/11/2021 | 16/04/2023 | 16/10/2022 | 24/03/2025"
3970,5000,5,"26/12/2024 | 24/04/2024 | 07/08/2025 | 09/09/2021 | 18/12/2020"
2039,5000,5,"01/09/2022 | 28/07/2023 | 15/03/2021 | 22/04/2025 | 29/04/2025"
2118,5000,5,"12/09/2020 | 03/02/2022 | 23/11/2023 | 06/07/2024 | 09/02/2025"
5937,5000,5,"05/04/2023 | 23/02/2023 | 21/08/2025 | 10/05/2021 | 22/08/2024"
7692,5000,5,"18/12/2022 | 19/08/2023 | 24/09/2020 | 30/04/2025 | 16/04/2023"
6189,5000,5,"19/10/2024 | 01/11/2022 | 06/07/2025 | 30/07/2021 | 08/06/2023"
6372,5000,5,"16/11/2024 | 26/04/2022 | 12/10/2021 | 27/10/2021 | 08/01/2024"
8971,5000,5,"27/02/2021 | 16/08/2021 | 25/05/2023 | 23/07/2021 | 14/01/2024"
5335,5000,5,"04/11/2022 | 10/06/2023 | 04/11/2020 | 11/12/2023 | 18/07/2023"
8372,5000,5,"23/03/2024 | 24/10/2024 | 25/10/2023 | 21/12/2024 | 02/02/2025"
1245,5000,5,"29/08/2020 | 23/07/2024 | 23/01/2023 | 24/09/2020 | 28/12/2020"
4945,5000,5,"12/03/2022 | 15/11/2023 | 16/02/2024 | 03/12/2021 | 02/05/2023"
1186,5000,5,"07/01/2025 | 18/11/2022 | 27/02/2024 | 14/01/2025 | 16/03/2021"
5563,5000,5,"09/12/2023 | 28/10/2023 | 01/12/2022 | 12/02/2025 | 30/03/2022"
9021,5000,5,"12/11/2024 | 18/02/2025 | 08/09/2024 | 16/02/2021 | 16/11/2020"
7271,5000,5,"30/06/2022 | 29/07/2022 | 07/09/2022 | 12/03/2023 | 07/07/2023"
6882,5000,5,"11/11/2021 | 13/10/2023 | 13/07/2025 | 09/11/2020 | 11/03/2023"
8712,5000,5,"11/02/2021 | 05/11/2023 | 22/12/2022 | 09/06/2023 | 28/09/2023"
8237,5000,5,"09/08/2023 | 15/04/2021 | 19/12/2022 | 25/09/2023 | 23/02/2024"
8195,5000,5,"01/02/2021 | 20/01/2024 | 08/05/2024 | 26/06/2022 | 18/11/2020"
1892,5000,5,"10/04/2021 | 16/03/2024 | 05/05/2025 | 11/02/2023 | 23/01/2023"
9131,5000,5,"18/09/2023 | 06/10/2024 | 17/07/2025 | 26/05/2022 | 17/02/2022"
8056,5000,5,"08/11/2023 | 26/02/2022 | 09/02/2025 | 08/07/2025 | 22/11/2022"
3250,5000,5,"31/05/2025 | 20/05/2023 | 10/11/2021 | 07/06/2024 | 20/08/2024"
1119,5000,5,"08/02/2021 | 12/03/2021 | 16/02/2022 | 02/03/2024 | 29/07/2025"
1970,5000,5,"24/07/2024 | 04/07/2025 | 22/01/2025 | 30/07/2025 | 30/03/2021"
8939,5000,5,"18/02/2023 | 19/08/2023 | 05/08/2024 | 25/05/2024 | 22/09/2023"
2906,5000,5,"01/03/2022 | 30/11/2022 | 21/01/2024 | 28/10/2022 | 28/02/2025"
1297,5000,5,"10/04/2024 | 14/09/2023 | 21/03/2025 | 19/12/2020 | 10/08/2024"
2832,5000,5,"02/12/2022 | 28/07/2025 | 22/07/2024 | 18/06/2025 | 26/08/2023"
5072,5000,5,"16/09/2021 | 28/09/2022 | 14/08/2023 | 10/07/2024 | 20/12/2021"
9060,5000,5,"24/07/2024 | 08/01/2021 | 20/01/2022 | 11/07/2025 | 17/11/2023"
0126,5000,5,"14/05/2025 | 06/11/2021 | 04/04/2024 | 28/01/2025 | 16/05/2023"
9055,5000,5,"21/04/2023 | 02/07/2024 | 23/04/2023 | 22/07/2024 | 13/03/2025"
3749,5000,5,"09/07/2025 | 18/09/2024 | 23/12/2024 | 26/12/2020 | 01/07/2023"
7997,5000,5,"17/02/2022 | 30/09/2020 | 24/02/2023 | 30/11/2021 | 22/06/2025"
3009,5000,5,"07/02/2024 | 22/02/2022 | 05/02/2021 | 18/06/2024 | 16/12/2024"
5826,5000,5,"18/05/2025 | 07/01/2023 | 29/09/2021 | 06/03/2025 | 29/08/2020"
3099,5000,5,"21/04/2022 | 08/02/2021 | 22/02/2024 | 12/03/2024 | 20/11/2024"
7006,5000,5,"18/07/2020 | 28/07/2024 | 14/10/2024 | 29/11/2022 | 12/10/2021"
5212,5000,5,"22/02/2025 | 15/11/2021 | 08/07/2024 | 06/11/2020 | 30/12/2020"
3069,5000,5,"25/01/2022 | 11/09/2021 | 19/10/2021 | 13/05/2025 | 08/07/2022"
6891,5000,5,"14/01/2022 | 15/01/2021 | 20/08/2022 | 26/11/2021 | 18/01/2023"
3628,5000,5,"06/01/2022 | 18/02/2021 | 22/03/2023 | 11/02/2021 | 18/08/2021"
6712,5000,5,"10/03/2024 | 01/06/2024 | 05/03/2025 | 08/07/2025 | 31/10/2024"
2192,5000,5,"26/04/2023 | 04/04/2025 | 27/02/2024 | 15/02/2023 | 28/04/2024"
7500,5000,5,"12/06/2023 | 07/10/2020 | 16/01/2025 | 27/02/2021 | 12/06/2025"
3938,5000,5,"11/03/2023 | 06/06/2023 | 16/03/2025 | 05/06/2022 | 29/11/2022"
2244,5000,5,"14/05/2025 | 15/03/2021 | 06/08/2025 | 03/07/2025 | 15/03/2022"
8202,5000,5,"07/03/2023 | 26/07/2025 | 08/02/2022 | 29/11/2023 | 28/05/2022"
6973,5000,5,"28/07/2022 | 16/07/2023 | 18/01/2024 | 26/03/2025 | 16/08/2024"
0777,5000,5,"24/09/2021 | 08/10/2022 | 15/07/2023 | 27/09/2022 | 05/01/2024"
2460,5000,5,"20/06/2024 | 01/01/2023 | 22/07/2025 | 02/01/2025 | 19/10/2022"
3327,5000,5,"25/04/2022 | 11/11/2021 | 10/02/2022 | 25/11/2024 | 15/07/2023"
7695,5000,5,"21/12/2022 | 07/10/2024 | 13/05/2024 | 08/11/2021 | 21/06/2024"
3112,5000,5,"20/08/2023 | 11/09/2022 | 01/03/2023 | 07/01/2025 | 11/12/2021"
2232,5000,5,"24/02/2024 | 13/11/2024 | 24/05/2024 | 21/03/2023 | 14/02/2025"
3893,5000,5,"24/11/2022 | 22/04/2024 | 02/11/2023 | 21/06/2025 | 11/01/2025"
2837,5000,5,"23/09/2021 | 01/04/2024 | 05/01/2024 | 05/11/2024 | 26/04/2024"
7310,5000,5,"29/04/2024 | 19/10/2021 | 14/04/2023 | 03/06/2024 | 01/02/2024"
2126,5000,5,"09/03/2024 | 17/06/2023 | 31/12/2021 | 18/03/2023 | 27/11/2021"
5944,5000,5,"01/02/2023 | 15/04/2025 | 14/12/2023 | 24/03/2023 | 04/01/2023"
2556,5000,5,"29/12/2021 | 07/02/2023 | 16/06/2024 | 27/02/2025 | 25/03/2023"
7047,5000,5,"25/01/2022 | 26/06/2022 | 16/09/2020 | 17/09/2022 | 15/06/2025"
5868,5000,5,"20/01/2022 | 29/11/2021 | 28/01/2023 | 06/06/2024 | 07/10/2024"
4793,5000,5,"01/10/2024 | 31/05/2022 | 28/10/2024 | 22/11/2024 | 08/12/2020"
7414,5000,5,"25/07/2020 | 07/01/2022 | 20/09/2022 | 14/10/2024 | 21/06/2022"
4017,5000,5,"06/02/2025 | 11/12/2024 | 26/09/2023 | 30/05/2023 | 23/09/2022"
1180,5000,5,"12/07/2023 | 26/02/2024 | 03/10/2023 | 01/03/2025 | 23/04/2025"
8956,5000,5,"08/06/2022 | 25/08/2023 | 13/07/2023 | 29/01/2022 | 05/09/2024"
4391,5000,5,"10/09/2024 | 12/03/2023 | 07/07/2024 | 01/02/2024 | 02/04/2024"
0246,5000,5,"20/12/2023 | 30/08/2023 | 10/09/2022 | 05/05/2022 | 24/02/2023"
6215,5000,5,"21/09/2024 | 17/02/2025 | 30/10/2023 | 24/11/2023 | 28/11/2023"
2327,5000,5,"14/09/2020 | 20/10/2023 | 07/08/2020 | 17/03/2025 | 13/11/2024"
2506,5000,5,"05/07/2024 | 29/05/2022 | 23/05/2022 | 16/12/2022 | 26/04/2024"
1111,5000,5,"18/01/2024 | 11/07/2025 | 28/06/2023 | 12/10/2020 | 06/11/2024"
7407,5000,5,"27/04/2021 | 23/11/2021 | 05/02/2021 | 01/11/2023 | 28/04/2025"
2854,5000,5,"04/01/2025 | 25/01/2023 | 14/10/2022 | 11/11/2022 | 12/10/2024"
5778,5000,5,"23/06/2023 | 02/06/2022 | 16/07/2025 | 21/01/2023 | 01/01/2022"
5164,5000,5,"07/01/2023 | 16/09/2024 | 01/12/2021 | 19/12/2022 | 10/05/2024"
2585,5000,5,"11/05/2024 | 25/04/2023 | 29/11/2021 | 13/09/2024 | 16/03/2023"
0935,5000,5,"18/07/2024 | 09/11/2023 | 07/12/2023 | 10/06/2025 | 23/06/2024"
2109,5000,5,"26/12/2020 | 03/12/2022 | 31/08/2023 | 13/11/2024 | 21/01/2025"
5211,5000,5,"10/12/2022 | 01/01/2022 | 03/02/2025 | 22/03/2023 | 01/02/2022"
2057,5000,5,"24/11/2024 | 09/02/2021 | 02/04/2022 | 20/04/2023 | 12/05/2023"
8039,5000,5,"29/12/2022 | 06/10/2023 | 10/03/2025 | 20/01/2023 | 23/02/2023"
9212,5000,5,"07/10/2022 | 03/10/2020 | 07/08/2023 | 01/04/2022 | 24/01/2023"
0028,5000,5,"29/10/2023 | 13/02/2021 | 04/01/2022 | 14/09/2024 | 28/07/2025"
5663,5000,5,"16/03/2022 | 25/12/2023 | 01/02/2023 | 25/06/2024 | 18/02/2021"
5252,5000,5,"23/03/2022 | 10/08/2023 | 31/01/2024 | 22/01/2025 | 15/11/2024"
1380,5000,5,"25/05/2022 | 25/06/2023 | 21/04/2025 | 19/03/2022 | 25/05/2025"
8865,5000,5,"07/03/2022 | 17/04/2025 | 12/10/2024 | 21/01/2022 | 29/01/2025"
5426,5000,5,"12/12/2020 | 16/05/2025 | 04/06/2025 | 04/05/2022 | 29/06/2025"
6558,5000,5,"01/04/2023 | 27/08/2022 | 08/11/2022 | 24/04/2023 | 26/12/2022"
9658,5000,5,"28/04/2024 | 17/07/2024 | 23/12/2021 | 25/02/2025 | 11/06/2025"
3309,5000,5,"08/08/2022 | 20/03/2024 | 10/09/2020 | 15/02/2024 | 01/03/2024"
0873,5000,5,"08/06/2023 | 02/07/2023 | 21/02/2025 | 19/10/2023 | 01/03/2025"
1700,5000,5,"02/08/2024 | 24/12/2022 | 19/06/2022 | 27/08/2021 | 06/08/2023"
7558,5000,5,"27/08/2022 | 25/10/2022 | 02/12/2021 | 03/01/2023 | 20/05/2022"
4714,5000,5,"13/01/2023 | 16/05/2022 | 03/07/2025 | 14/06/2024 | 05/07/2024"
7820,5000,5,"04/08/2023 | 17/09/2024 | 25/12/2023 | 10/08/2024 | 29/12/2023"
9902,5000,5,"06/02/2023 | 02/08/2022 | 27/11/2022 | 18/03/2022 | 06/08/2023"
7411,5000,5,"10/09/2022 | 07/03/2023 | 04/11/2021 | 29/01/2022 | 25/08/2025"
3566,5000,5,"12/07/2022 | 16/08/2023 | 25/01/2024 | 10/04/2025 | 15/04/2023"
2282,5000,5,"09/02/2025 | 01/06/2025 | 18/05/2024 | 05/09/2024 | 10/08/2022"
3573,5000,5,"19/11/2022 | 15/05/2023 | 06/07/2025 | 24/05/2025 | 21/09/2021"
3102,5000,5,"28/05/2022 | 30/06/2022 | 27/04/2022 | 08/05/2025 | 30/08/2021"
7063,5000,5,"23/09/2024 | 28/09/2020 | 03/04/2025 | 09/08/2021 | 23/06/2025"
6193,5000,5,"25/01/2022 | 09/05/2022 | 14/02/2022 | 16/12/2022 | 22/06/2023"
9819,5000,5,"16/10/2021 | 04/07/2023 | 11/11/2023 | 13/10/2021 | 29/08/2022"
8454,5000,5,"18/03/2021 | 30/03/2022 | 05/09/2024 | 06/07/2025 | 02/12/2021"
3797,5000,5,"10/08/2025 | 15/12/2023 | 22/03/2021 | 23/01/2021 | 07/02/2024"
2229,5000,5,"16/12/2022 | 15/02/2022 | 07/12/2024 | 08/10/2021 | 26/12/2022"
4016,5000,5,"19/01/2024 | 26/09/2024 | 02/04/2021 | 28/08/2024 | 23/09/2023"
2146,5000,5,"10/06/2023 | 25/03/2025 | 12/04/2025 | 03/05/2022 | 27/03/2023"
8423,5000,5,"10/02/2023 | 04/04/2024 | 07/01/2025 | 23/02/2021 | 18/06/2022"
2333,5000,5,"30/08/2022 | 10/05/2023 | 02/09/2022 | 08/03/2025 | 20/08/2024"
3091,5000,5,"18/03/2024 | 29/09/2023 | 25/06/2024 | 13/06/2022 | 16/03/2022"
5261,5000,5,"30/06/2025 | 30/07/2024 | 23/05/2025 | 02/11/2020 | 09/06/2025"
3942,5000,5,"25/09/2021 | 28/05/2022 | 15/02/2023 | 22/05/2023 | 03/07/2023"
6982,5000,5,"13/02/2024 | 11/09/2021 | 11/05/2024 | 15/03/2024 | 03/04/2023"
6076,5000,5,"15/04/2021 | 12/11/2023 | 16/10/2022 | 09/03/2021 | 28/07/2024"
6804,5000,5,"21/04/2023 | 18/10/2023 | 24/08/2024 | 15/09/2021 | 22/07/2024"
3469,5000,5,"21/03/2023 | 26/04/2025 | 10/05/2025 | 18/08/2024 | 26/04/2023"
8963,5000,5,"20/01/2022 | 10/04/2023 | 27/07/2021 | 21/06/2023 | 24/06/2023"
7819,5000,5,"05/10/2021 | 14/07/2024 | 12/03/2024 | 04/05/2024 | 12/07/2025"
8099,5000,5,"07/03/2022 | 20/06/2022 | 22/03/2023 | 17/01/2022 | 02/07/2025"
9028,5000,5,"14/12/2021 | 03/04/2021 | 08/04/2022 | 24/08/2025 | 01/09/2023"
5567,5000,5,"09/03/2021 | 10/04/2024 | 17/01/2022 | 05/12/2023 | 11/11/2020"
1265,5000,5,"19/12/2023 | 15/03/2023 | 09/02/2021 | 22/09/2021 | 13/03/2023"
6700,5000,5,"23/08/2024 | 01/10/2024 | 23/12/2021 | 02/02/2021 | 25/02/2025"
8087,5000,5,"11/04/2022 | 01/08/2022 | 24/09/2023 | 06/12/2021 | 26/04/2024"
4336,5000,5,"22/11/2021 | 25/02/2024 | 17/05/2025 | 14/12/2020 | 26/08/2023"
8453,5000,5,"19/07/2024 | 06/08/2021 | 15/02/2024 | 29/03/2022 | 02/09/2024"
5552,5000,5,"04/11/2024 | 14/11/2022 | 10/04/2025 | 06/11/2022 | 03/04/2024"
8152,5000,5,"11/06/2025 | 11/10/2023 | 14/02/2024 | 09/08/2022 | 10/04/2025"
5263,5000,5,"29/03/2022 | 01/06/2023 | 20/12/2022 | 11/05/2024 | 15/05/2024"
6966,5000,5,"29/12/2020 | 03/06/2023 | 30/12/2020 | 15/04/2024 | 01/06/2025"
2536,5000,5,"11/06/2023 | 12/09/2023 | 30/06/2022 | 31/10/2022 | 26/12/2024"
6198,5000,5,"30/12/2024 | 13/10/2023 | 04/06/2023 | 28/04/2025 | 08/08/2025"
0978,5000,5,"14/01/2022 | 10/06/2022 | 26/10/2021 | 29/01/2025 | 29/12/2020"
8661,5000,5,"29/06/2023 | 03/02/2025 | 27/07/2024 | 04/09/2023 | 23/06/2025"
5343,5000,5,"22/01/2023 | 03/03/2023 | 06/02/2024 | 12/04/2024 | 02/07/2025"
8525,5000,5,"07/12/2022 | 15/02/2024 | 24/03/2023 | 23/05/2022 | 14/02/2025"
9862,5000,5,"31/03/2025 | 05/02/2022 | 21/04/2023 | 15/05/2023 | 23/11/2022"
1240,5000,5,"03/02/2024 | 02/07/2025 | 27/10/2024 | 13/08/2022 | 19/02/2025"
9873,5000,5,"01/07/2024 | 02/06/2024 | 26/04/2025 | 24/12/2023 | 19/03/2024"
2739,5000,5,"31/12/2021 | 10/02/2024 | 24/08/2023 | 21/06/2025 | 04/08/2024"
3413,5000,5,"29/03/2025 | 29/11/2023 | 23/01/2021 | 18/12/2023 | 26/08/2023"
4817,5000,5,"16/07/2025 | 23/05/2024 | 12/12/2024 | 27/02/2025 | 17/03/2023"
8171,5000,5,"14/11/2023 | 21/10/2020 | 23/08/2024 | 26/07/2022 | 19/10/2021"
3568,5000,5,"18/09/2021 | 13/01/2021 | 08/06/2025 | 27/12/2024 | 12/11/2022"
8460,5000,5,"08/08/2022 | 03/11/2022 | 05/03/2023 | 10/07/2024 | 17/06/2025"
0611,5000,5,"07/05/2022 | 30/12/2022 | 09/07/2025 | 08/08/2025 | 02/12/2020"
8904,5000,5,"27/07/2021 | 16/08/2024 | 23/12/2023 | 30/07/2024 | 01/06/2024"
3522,5000,5,"15/12/2023 | 07/09/2021 | 04/02/2022 | 04/11/2021 | 08/03/2025"
4301,5000,5,"30/11/2020 | 15/03/2022 | 09/03/2023 | 05/01/2022 | 29/11/2023"
6281,5000,5,"12/12/2022 | 18/01/2023 | 31/01/2024 | 24/04/2023 | 20/03/2024"
7416,5000,5,"08/02/2024 | 12/05/2024 | 11/03/2024 | 24/01/2022 | 05/10/2022"
4399,5000,5,"13/02/2024 | 24/01/2023 | 27/01/2022 | 10/05/2021 | 19/07/2023"
6067,5000,5,"21/01/2025 | 05/10/2021 | 22/03/2025 | 12/08/2025 | 27/04/2021"
7544,5000,5,"30/07/2024 | 29/11/2024 | 18/09/2021 | 08/03/2022 | 14/07/2025"
8450,5000,5,"15/06/2025 | 30/07/2021 | 16/07/2023 | 11/09/2022 | 19/04/2025"
8030,5000,5,"23/09/2021 | 13/11/2022 | 25/08/2023 | 03/09/2023 | 17/08/2025"
4914,5000,5,"22/12/2020 | 19/01/2021 | 02/04/2021 | 17/06/2024 | 07/12/2020"
7625,5000,5,"09/04/2022 | 03/05/2023 | 15/07/2024 | 26/12/2023 | 04/08/2025"
9283,5000,5,"22/09/2022 | 06/12/2022 | 25/04/2024 | 26/03/2025 | 14/11/2024"
0557,5000,5,"15/01/2025 | 11/02/2023 | 24/03/2022 | 08/11/2023 | 07/10/2023"
2350,5000,5,"27/08/2022 | 29/11/2021 | 02/07/2024 | 10/10/2024 | 26/11/2024"
9910,5000,5,"02/06/2024 | 06/11/2024 | 05/01/2023 | 22/09/2020 | 23/05/2022"
7089,5000,5,"13/10/2024 | 22/03/2023 | 08/12/2020 | 08/02/2025 | 11/12/2021"
0351,5000,5,"21/03/2022 | 03/03/2025 | 18/05/2023 | 10/05/2024 | 02/05/2023"
0950,5000,5,"15/10/2021 | 11/03/2024 | 21/05/2023 | 03/10/2020 | 14/04/2024"
7928,5000,5,"24/10/2022 | 07/01/2023 | 04/03/2022 | 25/04/2022 | 16/06/2025"
7596,5000,5,"13/02/2021 | 04/01/2022 | 12/10/2021 | 04/12/2020 | 19/02/2021"
2074,5000,5,"18/11/2020 | 07/07/2023 | 19/08/2022 | 15/05/2024 | 04/11/2023"
4124,5000,5,"06/08/2021 | 04/04/2023 | 30/06/2024 | 11/05/2021 | 02/04/2023"
3124,5000,5,"08/04/2022 | 30/11/2023 | 01/03/2021 | 12/06/2025 | 17/09/2022"
1651,5000,5,"27/08/2020 | 03/04/2025 | 27/04/2022 | 16/10/2020 | 04/02/2025"
9400,5000,5,"13/06/2022 | 04/07/2022 | 13/05/2023 | 20/09/2022 | 10/07/2023"
1717,5000,5,"17/03/2024 | 24/02/2025 | 09/03/2024 | 30/06/2023 | 15/06/2025"
8690,5000,5,"18/04/2022 | 05/08/2022 | 04/03/2022 | 21/02/2023 | 12/12/2024"
2428,5000,5,"07/03/2025 | 02/03/2021 | 15/11/2024 | 11/05/2025 | 12/08/2025"
8166,5000,5,"03/12/2021 | 12/05/2022 | 22/02/2025 | 12/06/2024 | 04/12/2020"
1481,5000,5,"09/03/2021 | 22/01/2023 | 25/06/2023 | 17/01/2025 | 12/06/2023"
2128,5000,5,"25/04/2022 | 24/07/2022 | 08/05/2023 | 29/09/2024 | 18/01/2021"
4639,5000,5,"29/09/2021 | 15/03/2021 | 10/10/2020 | 28/01/2023 | 15/12/2024"
8518,5000,5,"16/10/2020 | 04/05/2023 | 14/05/2022 | 29/03/2025 | 08/05/2024"
6913,5000,5,"05/06/2024 | 20/03/2023 | 01/03/2023 | 23/05/2022 | 04/05/2023"
7190,5000,5,"07/08/2022 | 12/02/2021 | 30/08/2022 | 15/12/2023 | 22/03/2022"
9512,5000,5,"25/12/2022 | 16/10/2022 | 19/06/2022 | 08/06/2025 | 14/08/2022"
4920,5000,5,"04/01/2025 | 27/11/2022 | 07/02/2022 | 22/07/2022 | 16/12/2023"
4626,5000,5,"19/10/2021 | 03/03/2025 | 19/02/2022 | 04/08/2025 | 18/10/2021"
1309,5000,5,"12/03/2024 | 07/08/2024 | 28/10/2021 | 09/09/2024 | 30/03/2023"
7527,5000,5,"02/02/2024 | 16/07/2022 | 12/08/2023 | 23/11/2024 | 01/02/2023"
2114,5000,5,"05/01/2023 | 03/07/2024 | 30/08/2023 | 16/08/2022 | 23/11/2022"
8060,5000,5,"09/02/2025 | 08/11/2023 | 04/05/2024 | 05/03/2023 | 09/07/2025"
9942,5000,5,"13/10/2022 | 03/03/2023 | 23/09/2024 | 23/10/2023 | 31/08/2022"
6511,5000,5,"25/12/2021 | 05/02/2022 | 07/08/2025 | 11/05/2023 | 08/07/2025"
1554,5000,5,"15/02/2022 | 29/04/2022 | 09/07/2022 | 29/02/2024 | 25/09/2024"
8409,5000,5,"06/06/2023 | 16/04/2024 | 21/09/2023 | 09/12/2021 | 26/10/2024"
3107,5000,5,"10/09/2021 | 31/03/2025 | 18/06/2025 | 05/08/2022 | 10/10/2022"
0367,5000,5,"26/10/2022 | 23/06/2023 | 25/01/2023 | 23/02/2024 | 04/05/2022"
1127,5000,5,"12/06/2022 | 10/06/2024 | 05/01/2025 | 11/02/2025 | 16/03/2021"
8383,5000,5,"08/03/2021 | 04/11/2023 | 05/10/2020 | 03/09/2024 | 15/07/2024"
3355,5000,5,"16/08/2021 | 06/03/2025 | 12/01/2021 | 06/08/2021 | 03/05/2023"
6535,5000,5,"10/04/2021 | 30/12/2023 | 08/05/2024 | 23/02/2025 | 16/11/2021"
1861,5000,5,"23/12/2020 | 01/02/2022 | 17/08/2022 | 17/10/2022 | 09/10/2023"
8805,5000,5,"08/06/2022 | 14/07/2025 | 27/06/2025 | 26/05/2024 | 16/07/2022"
2754,5000,5,"04/10/2021 | 22/03/2024 | 16/11/2023 | 12/02/2025 | 04/09/2020"
3279,5000,5,"11/10/2021 | 16/06/2022 | 22/09/2020 | 26/02/2024 | 17/08/2023"
1336,5000,5,"17/08/2020 | 31/10/2022 | 12/01/2021 | 25/01/2023 | 08/06/2022"
0609,5000,5,"03/09/2024 | 02/02/2025 | 22/06/2025 | 10/07/2025 | 06/03/2024"
7217,5000,5,"28/09/2024 | 31/03/2021 | 29/07/2022 | 29/05/2025 | 11/11/2021"
5504,5000,5,"13/10/2024 | 13/03/2023 | 10/10/2020 | 10/01/2024 | 12/09/2024"
2717,5000,5,"06/05/2024 | 16/03/2022 | 11/11/2022 | 30/10/2021 | 13/02/2023"
4386,5000,5,"05/05/2023 | 08/04/2022 | 28/02/2024 | 01/11/2022 | 13/11/2024"
6884,5000,5,"05/10/2021 | 18/05/2023 | 02/05/2024 | 16/01/2025 | 26/02/2023"
4031,5000,5,"25/07/2025 | 15/03/2021 | 23/08/2023 | 03/03/2022 | 14/11/2023"
7426,5000,5,"08/06/2024 | 08/01/2025 | 30/12/2020 | 10/12/2024 | 07/02/2024"
7478,5000,5,"24/02/2025 | 02/03/2021 | 12/03/2025 | 21/08/2025 | 22/05/2025"
4710,5000,5,"10/04/2021 | 13/03/2023 | 19/07/2025 | 03/08/2025 | 06/02/2023"
8932,5000,5,"23/12/2020 | 16/04/2024 | 27/01/2025 | 13/06/2025 | 22/12/2023"
5380,5000,5,"25/03/2024 | 18/02/2024 | 01/12/2023 | 16/12/2021 | 10/08/2022"
9208,5000,5,"11/08/2025 | 02/02/2022 | 25/03/2021 | 21/05/2025 | 15/06/2025"
7907,5000,5,"02/11/2023 | 03/09/2021 | 22/09/2023 | 14/02/2025 | 05/12/2020"
9588,5000,5,"28/08/2022 | 28/05/2022 | 12/09/2022 | 04/04/2023 | 10/04/2024"
6792,5000,5,"21/12/2021 | 06/11/2021 | 04/02/2022 | 02/08/2022 | 22/04/2025"
2104,5000,5,"28/05/2023 | 13/11/2022 | 23/05/2025 | 21/10/2021 | 16/11/2021"
1939,5000,5,"04/12/2020 | 11/12/2021 | 02/04/2022 | 09/08/2023 | 02/11/2024"
9581,5000,5,"04/08/2022 | 03/08/2020 | 21/02/2023 | 07/05/2023 | 16/05/2024"
2434,5000,5,"09/11/2023 | 21/06/2022 | 23/08/2024 | 11/10/2021 | 05/07/2022"
1582,5000,5,"30/04/2022 | 29/10/2021 | 13/04/2025 | 29/10/2023 | 10/07/2025"
5838,5000,5,"08/12/2021 | 25/05/2023 | 27/01/2023 | 11/08/2024 | 28/01/2025"
6838,5000,5,"18/07/2023 | 28/08/2024 | 09/08/2021 | 04/12/2022 | 30/10/2021"
8871,5000,5,"26/09/2023 | 17/03/2023 | 31/03/2021 | 30/03/2024 | 23/02/2025"
3184,5000,5,"12/03/2021 | 13/08/2022 | 25/09/2024 | 30/10/2024 | 18/09/2021"
8909,5000,5,"10/02/2023 | 31/05/2024 | 26/12/2024 | 14/12/2021 | 25/01/2022"
2917,5000,5,"25/04/2022 | 03/11/2024 | 25/01/2023 | 20/07/2022 | 09/11/2021"
1353,5000,5,"26/12/2020 | 16/03/2024 | 04/05/2024 | 08/11/2022 | 07/08/2023"
5365,5000,5,"08/01/2022 | 08/11/2022 | 11/12/2023 | 21/03/2022 | 12/08/2022"
6362,5000,5,"18/12/2023 | 28/01/2025 | 05/05/2021 | 18/08/2022 | 01/12/2024"
6981,5000,5,"21/10/2020 | 19/04/2022 | 26/03/2024 | 03/04/2024 | 17/04/2024"
1686,5000,5,"16/11/2020 | 24/08/2024 | 26/08/2024 | 09/01/2023 | 17/01/2024"
1097,5000,5,"28/09/2020 | 03/05/2025 | 06/01/2024 | 16/01/2023 | 07/10/2023"
3168,5000,5,"30/01/2025 | 05/11/2023 | 03/06/2025 | 25/08/2023 | 03/08/2024"
0214,5000,5,"10/07/2024 | 28/04/2021 | 31/05/2023 | 17/08/2023 | 03/06/2024"
1160,5000,5,"20/02/2023 | 20/01/2025 | 04/09/2024 | 11/08/2024 | 09/04/2024"
9300,5000,5,"30/12/2022 | 09/11/2022 | 17/05/2023 | 19/10/2021 | 24/04/2024"
6335,5000,5,"06/03/2024 | 27/04/2021 | 20/02/2023 | 12/04/2021 | 08/10/2023"
9798,5000,5,"02/02/2023 | 27/07/2023 | 25/02/2022 | 01/08/2024 | 21/03/2025"
2105,5000,5,"04/12/2021 | 17/08/2024 | 06/08/2022 | 19/11/2024 | 19/09/2024"
9431,5000,5,"22/04/2022 | 15/12/2020 | 03/01/2024 | 06/10/2024 | 01/10/2023"
8966,5000,5,"19/12/2020 | 15/12/2024 | 11/05/2021 | 07/10/2021 | 18/09/2024"
7929,5000,5,"06/05/2023 | 22/12/2021 | 21/01/2022 | 04/09/2023 | 17/02/2024"
8376,5000,5,"30/04/2024 | 28/05/2024 | 15/04/2024 | 23/01/2025 | 27/03/2025"
6980,5000,5,"19/08/2023 | 08/09/2021 | 19/10/2024 | 05/03/2022 | 23/05/2024"
6155,5000,5,"29/10/2022 | 07/07/2024 | 30/03/2021 | 09/02/2021 | 04/03/2021"
2979,5000,5,"19/06/2022 | 27/11/2022 | 24/10/2022 | 13/10/2023 | 24/11/2023"
3053,5000,5,"05/03/2021 | 14/05/2023 | 30/07/2025 | 04/09/2022 | 28/05/2023"
1566,5000,5,"01/04/2025 | 11/11/2022 | 08/03/2023 | 10/12/2023 | 15/12/2021"
8331,5000,5,"22/01/2022 | 29/07/2025 | 21/02/2024 | 12/01/2024 | 14/05/2022"
8482,5000,5,"03/07/2023 | 14/09/2020 | 01/07/2022 | 24/12/2021 | 01/03/2022"
8945,5000,5,"08/01/2024 | 22/08/2025 | 06/01/2022 | 17/10/2024 | 10/02/2025"
6074,5000,5,"03/01/2023 | 30/08/2021 | 29/09/2024 | 25/02/2022 | 13/06/2025"
6202,5000,5,"31/05/2023 | 18/07/2022 | 16/06/2022 | 13/01/2021 | 06/11/2024"
4255,5000,5,"22/05/2025 | 16/05/2025 | 14/01/2024 | 20/07/2024 | 29/11/2024"
1075,5000,5,"25/08/2022 | 10/03/2025 | 05/03/2025 | 04/06/2025 | 20/01/2025"
9890,5000,5,"22/08/2023 | 21/12/2021 | 12/07/2023 | 03/06/2024 | 27/12/2021"
9963,5000,5,"27/10/2022 | 30/03/2023 | 04/09/2024 | 28/11/2022 | 08/09/2021"
0846,5000,5,"08/12/2022 | 19/09/2023 | 13/01/2025 | 16/12/2024 | 11/03/2023"
2396,5000,5,"25/06/2022 | 15/02/2021 | 14/01/2024 | 10/05/2025 | 28/06/2024"
7840,5000,5,"29/10/2023 | 01/11/2021 | 16/07/2024 | 16/04/2021 | 07/03/2022"
9079,5000,5,"06/03/2021 | 03/01/2022 | 20/12/2021 | 30/01/2025 | 13/05/2025"
4371,5000,5,"20/07/2024 | 06/11/2024 | 10/05/2023 | 07/09/2021 | 23/11/2021"
8128,5000,5,"19/09/2022 | 29/03/2024 | 12/10/2023 | 20/05/2025 | 22/03/2024"
7886,5000,5,"22/10/2022 | 08/07/2025 | 14/06/2023 | 10/05/2024 | 28/07/2022"
8222,5000,5,"14/08/2024 | 27/04/2024 | 21/08/2024 | 06/12/2024 | 28/04/2024"
3067,5000,5,"18/03/2022 | 27/05/2022 | 24/03/2021 | 22/02/2023 | 04/06/2025"
4677,5000,5,"08/05/2023 | 08/05/2025 | 01/11/2024 | 23/12/2022 | 18/01/2023"
0605,5000,5,"18/02/2021 | 05/11/2024 | 17/12/2024 | 25/12/2021 | 30/12/2022"
0216,5000,5,"10/10/2022 | 30/09/2020 | 08/08/2024 | 02/11/2021 | 19/05/2023"
6278,5000,5,"01/08/2025 | 02/01/2024 | 07/02/2022 | 03/01/2023 | 25/11/2024"
2013,5000,5,"19/06/2025 | 29/01/2022 | 26/08/2023 | 16/10/2020 | 16/04/2025"
7057,5000,5,"27/03/2025 | 05/03/2022 | 10/12/2024 | 02/04/2023 | 21/08/2023"
6647,5000,5,"21/10/2020 | 12/01/2025 | 05/02/2021 | 27/12/2023 | 02/07/2024"
6096,5000,5,"10/12/2021 | 13/12/2023 | 12/08/2025 | 14/06/2023 | 07/11/2024"
0022,5000,5,"27/02/2024 | 07/02/2025 | 23/11/2023 | 01/11/2024 | 09/08/2025"
1079,5000,5,"29/04/2022 | 08/02/2021 | 22/09/2023 | 29/12/2021 | 18/01/2021"
6002,5000,5,"19/12/2022 | 09/02/2023 | 25/08/2024 | 03/05/2023 | 08/02/2023"
3104,5000,5,"17/07/2025 | 10/06/2025 | 12/09/2023 | 21/09/2021 | 30/07/2023"
6638,5000,5,"27/01/2024 | 18/02/2024 | 06/07/2025 | 24/04/2021 | 14/07/2023"
6479,5000,5,"06/02/2023 | 15/10/2021 | 09/09/2022 | 30/06/2023 | 23/02/2024"
4534,5000,5,"11/04/2022 | 24/08/2025 | 14/03/2024 | 13/07/2024 | 14/02/2024"
0948,5000,5,"12/03/2021 | 11/02/2025 | 22/12/2022 | 25/09/2023 | 25/12/2022"
8822,5000,5,"17/11/2024 | 08/03/2024 | 26/06/2022 | 30/11/2020 | 20/02/2021"
4516,5000,5,"28/11/2022 | 24/09/2020 | 20/09/2022 | 22/09/2022 | 27/01/2022"
1503,5000,4,"28/07/2025 | 01/08/2025 | 22/08/2023 | 24/01/2023"
3274,5000,4,"25/01/2021 | 23/08/2022 | 07/03/2023 | 06/11/2024"
2774,5000,4,"30/09/2020 | 18/07/2020 | 30/11/2020 | 15/01/2025"
9414,5000,4,"04/10/2023 | 29/11/2023 | 10/12/2024 | 23/06/2023"
3205,5000,4,"30/12/2024 | 27/06/2022 | 02/01/2021 | 28/04/2025"
1704,5000,4,"15/02/2021 | 22/01/2023 | 29/06/2024 | 28/02/2023"
7718,5000,4,"03/03/2025 | 11/08/2022 | 26/11/2024 | 08/08/2022"
9233,5000,4,"18/02/2024 | 26/08/2022 | 10/08/2024 | 27/12/2024"
7549,5000,4,"20/03/2023 | 18/04/2022 | 30/05/2025 | 28/06/2022"
4690,5000,4,"01/07/2025 | 24/06/2025 | 03/03/2021 | 23/07/2022"
7330,5000,4,"04/10/2023 | 23/11/2023 | 17/11/2021 | 10/09/2024"
1872,5000,4,"20/05/2022 | 10/03/2024 | 03/01/2022 | 28/10/2024"
7333,5000,4,"18/02/2021 | 30/07/2021 | 23/03/2023 | 30/04/2023"
5163,5000,4,"23/08/2024 | 16/01/2023 | 25/07/2020 | 23/11/2024"
5670,5000,4,"05/11/2024 | 01/03/2023 | 15/10/2021 | 25/09/2024"
6776,5000,4,"09/12/2022 | 15/05/2023 | 24/12/2021 | 30/01/2024"
5972,5000,4,"30/11/2022 | 01/09/2022 | 05/05/2023 | 25/03/2024"
7949,5000,4,"01/08/2020 | 11/09/2022 | 27/06/2025 | 06/10/2023"
9679,5000,4,"10/10/2020 | 12/03/2023 | 30/08/2022 | 20/04/2025"
9699,5000,4,"25/02/2021 | 10/07/2024 | 13/01/2021 | 26/11/2022"
7364,5000,4,"25/08/2022 | 07/06/2023 | 18/03/2025 | 14/07/2022"
7975,5000,4,"21/12/2023 | 11/06/2023 | 28/07/2022 | 01/10/2021"
9417,5000,4,"22/12/2021 | 15/10/2021 | 11/09/2024 | 06/08/2022"
4378,5000,4,"06/01/2025 | 12/05/2024 | 25/08/2020 | 09/08/2022"
6478,5000,4,"03/10/2022 | 16/02/2024 | 04/12/2023 | 24/10/2022"
2509,5000,4,"11/04/2022 | 08/01/2025 | 24/07/2025 | 28/12/2021"
1211,5000,4,"20/01/2025 | 15/01/2022 | 14/09/2024 | 30/07/2025"
8757,5000,4,"10/07/2022 | 19/07/2024 | 30/07/2022 | 26/10/2022"
8579,5000,4,"14/05/2022 | 13/10/2023 | 24/12/2022 | 15/05/2025"
1054,5000,4,"07/02/2022 | 26/02/2024 | 12/03/2021 | 31/03/2022"
8005,5000,4,"05/05/2024 | 28/07/2024 | 29/10/2021 | 04/09/2024"
9147,5000,4,"28/09/2022 | 14/08/2023 | 17/04/2023 | 20/02/2024"
8117,5000,4,"07/04/2022 | 05/10/2022 | 16/06/2022 | 19/01/2024"
4149,5000,4,"17/07/2024 | 14/07/2025 | 23/11/2021 | 29/06/2022"
0030,5000,4,"18/11/2024 | 10/01/2023 | 29/05/2025 | 16/11/2022"
9810,5000,4,"10/03/2023 | 03/08/2025 | 08/10/2023 | 16/01/2021"
1219,5000,4,"10/01/2023 | 08/04/2023 | 25/03/2022 | 26/04/2023"
9064,5000,4,"27/05/2023 | 04/07/2025 | 10/09/2022 | 01/08/2025"
2406,5000,4,"18/01/2025 | 16/06/2023 | 08/05/2025 | 05/01/2022"
2933,5000,4,"31/03/2023 | 12/12/2020 | 06/01/2025 | 29/08/2024"
7579,5000,4,"26/02/2023 | 24/01/2023 | 06/11/2024 | 24/04/2023"
8665,5000,4,"10/10/2023 | 20/10/2024 | 12/08/2025 | 23/12/2020"
4407,5000,4,"01/02/2022 | 04/09/2022 | 08/07/2025 | 18/07/2023"
1447,5000,4,"13/09/2024 | 08/05/2025 | 28/06/2025 | 14/12/2020"
4163,5000,4,"13/01/2022 | 06/12/2023 | 26/04/2021 | 02/05/2022"
9544,5000,4,"22/04/2025 | 08/09/2020 | 12/07/2024 | 18/06/2025"
6598,5000,4,"12/05/2023 | 08/05/2024 | 06/08/2025 | 03/06/2024"
7163,5000,4,"11/07/2024 | 04/11/2021 | 12/10/2024 | 22/09/2023"
9281,5000,4,"11/08/2022 | 26/12/2023 | 23/01/2023 | 14/09/2022"
9303,5000,4,"24/12/2024 | 23/11/2022 | 30/05/2023 | 13/02/2025"
9157,5000,4,"04/11/2020 | 23/10/2024 | 14/08/2024 | 17/08/2022"
0500,5000,4,"26/04/2022 | 14/11/2023 | 26/12/2022 | 10/01/2025"
4021,5000,4,"03/10/2024 | 18/02/2022 | 17/03/2022 | 13/09/2021"
8633,5000,4,"12/05/2024 | 01/02/2023 | 16/04/2024 | 11/03/2023"
3450,5000,4,"26/12/2024 | 03/02/2025 | 23/03/2021 | 31/01/2023"
3028,5000,4,"02/11/2023 | 08/02/2023 | 14/02/2025 | 23/03/2021"
3550,5000,4,"23/03/2022 | 04/05/2022 | 25/09/2024 | 26/06/2022"
0071,5000,4,"04/01/2023 | 12/03/2023 | 11/03/2021 | 02/08/2023"
4491,5000,4,"22/10/2023 | 15/10/2024 | 17/06/2023 | 16/12/2024"
7504,5000,4,"23/06/2024 | 27/07/2024 | 27/12/2024 | 19/06/2025"
7518,5000,4,"13/03/2023 | 12/08/2023 | 07/07/2025 | 26/02/2023"
3291,5000,4,"29/11/2021 | 03/01/2022 | 18/12/2023 | 18/07/2023"
8410,5000,4,"09/09/2024 | 14/03/2025 | 16/02/2024 | 03/01/2022"
0914,5000,4,"11/07/2023 | 05/05/2025 | 09/12/2024 | 21/03/2022"
7448,5000,4,"08/03/2024 | 15/01/2025 | 28/08/2023 | 12/07/2025"
8302,5000,4,"01/11/2022 | 03/05/2024 | 19/05/2023 | 15/07/2025"
4844,5000,4,"17/03/2021 | 29/09/2023 | 21/06/2023 | 03/07/2024"
6118,5000,4,"22/10/2022 | 17/04/2024 | 27/10/2022 | 07/08/2022"
8330,5000,4,"12/10/2024 | 21/04/2021 | 18/11/2023 | 09/10/2023"
3335,5000,4,"25/08/2024 | 02/09/2022 | 16/08/2025 | 01/09/2021"
6934,5000,4,"01/03/2021 | 06/07/2025 | 26/07/2025 | 04/04/2024"
2325,5000,4,"17/11/2022 | 02/02/2023 | 31/12/2021 | 15/12/2024"
2376,5000,4,"22/06/2022 | 07/01/2023 | 17/09/2023 | 20/01/2024"
7566,5000,4,"30/12/2021 | 24/02/2022 | 13/09/2024 | 14/07/2022"
9050,5000,4,"07/08/2024 | 05/03/2024 | 02/12/2020 | 18/06/2025"
0931,5000,4,"12/09/2022 | 06/12/2023 | 16/11/2020 | 19/04/2022"
2423,5000,4,"28/10/2023 | 02/02/2023 | 02/11/2020 | 01/04/2025"
4375,5000,4,"03/04/2024 | 10/09/2020 | 20/08/2024 | 06/10/2021"
8688,5000,4,"23/06/2022 | 04/01/2023 | 12/05/2021 | 16/06/2022"
2092,5000,4,"23/08/2022 | 07/12/2022 | 17/08/2022 | 22/04/2021"
7079,5000,4,"14/08/2023 | 09/05/2022 | 06/03/2024 | 07/09/2022"
5438,5000,4,"07/06/2024 | 16/04/2024 | 26/05/2025 | 12/03/2022"
0338,5000,4,"07/08/2022 | 26/02/2025 | 26/09/2020 | 11/03/2022"
3599,5000,4,"11/12/2024 | 23/06/2022 | 16/05/2022 | 14/01/2024"
7624,5000,4,"19/08/2020 | 21/09/2021 | 13/09/2024 | 02/04/2024"
3387,5000,4,"14/12/2024 | 08/03/2025 | 12/07/2024 | 04/05/2021"
2408,5000,4,"05/09/2022 | 27/08/2021 | 17/08/2022 | 22/06/2024"
2098,5000,4,"09/03/2021 | 19/01/2022 | 17/08/2024 | 12/06/2022"
2735,5000,4,"20/05/2023 | 16/08/2025 | 04/07/2025 | 10/07/2025"
0663,5000,4,"23/09/2024 | 05/06/2025 | 07/10/2020 | 15/03/2021"
9346,5000,4,"03/01/2024 | 23/08/2025 | 29/09/2023 | 19/03/2022"
4091,5000,4,"27/04/2024 | 07/09/2024 | 08/10/2023 | 09/02/2021"
0895,5000,4,"31/07/2022 | 30/09/2022 | 12/05/2023 | 18/01/2021"
1709,5000,4,"28/09/2020 | 12/04/2021 | 03/08/2025 | 29/11/2022"
9551,5000,4,"14/04/2024 | 28/04/2023 | 09/07/2024 | 26/10/2024"
0548,5000,4,"02/12/2023 | 24/02/2024 | 05/05/2025 | 05/08/2020"
7511,5000,4,"02/08/2024 | 11/06/2024 | 12/04/2025 | 20/05/2023"
6785,5000,4,"14/10/2023 | 03/09/2022 | 17/09/2021 | 28/08/2024"
1895,5000,4,"17/11/2022 | 11/01/2021 | 11/06/2023 | 08/02/2025"
2728,5000,4,"10/03/2025 | 30/10/2022 | 20/10/2023 | 10/06/2025"
6429,5000,4,"07/04/2025 | 05/11/2024 | 31/07/2023 | 17/04/2023"
5311,5000,4,"21/08/2024 | 16/10/2023 | 15/02/2024 | 11/08/2024"
9865,5000,4,"09/09/2021 | 23/11/2021 | 26/08/2022 | 13/09/2022"
2690,5000,4,"03/08/2020 | 04/07/2024 | 08/12/2023 | 25/10/2022"
9176,5000,4,"12/04/2021 | 28/02/2023 | 27/01/2024 | 22/06/2022"
1300,5000,4,"03/09/2024 | 30/12/2024 | 14/04/2025 | 21/06/2022"
5062,5000,4,"25/03/2021 | 28/04/2021 | 28/02/2024 | 04/06/2025"
5336,5000,4,"05/07/2022 | 02/03/2024 | 07/07/2024 | 10/07/2025"
2580,5000,4,"31/07/2023 | 18/05/2025 | 04/07/2025 | 22/08/2025"
5632,5000,4,"27/11/2022 | 05/10/2023 | 27/06/2023 | 25/11/2024"
1464,5000,4,"12/09/2023 | 14/07/2024 | 06/05/2025 | 28/10/2020"
5848,5000,4,"25/10/2022 | 09/11/2022 | 14/03/2022 | 20/07/2024"
4165,5000,4,"03/09/2021 | 18/12/2022 | 05/03/2024 | 03/06/2024"
0632,5000,4,"11/05/2023 | 12/05/2023 | 29/03/2021 | 10/12/2023"
6879,5000,4,"11/11/2024 | 01/12/2024 | 31/10/2024 | 06/11/2023"
8843,5000,4,"16/07/2023 | 11/03/2022 | 30/08/2021 | 17/05/2024"
0122,5000,4,"08/11/2023 | 06/06/2022 | 22/02/2023 | 14/05/2024"
9127,5000,4,"20/02/2021 | 17/04/2024 | 03/01/2025 | 10/05/2021"
9442,5000,4,"04/04/2025 | 04/10/2023 | 06/05/2023 | 04/08/2021"
7980,5000,4,"27/11/2021 | 22/10/2023 | 19/04/2023 | 13/03/2021"
5520,5000,4,"10/02/2022 | 03/11/2023 | 16/03/2023 | 12/07/2024"
7439,5000,4,"17/01/2025 | 11/07/2023 | 07/10/2020 | 04/09/2021"
4233,5000,4,"08/07/2022 | 11/03/2022 | 11/10/2022 | 09/07/2022"
2860,5000,4,"05/01/2021 | 22/04/2025 | 17/01/2025 | 27/01/2022"
6573,5000,4,"15/09/2023 | 03/04/2021 | 14/04/2022 | 05/09/2022"
3218,5000,4,"11/08/2024 | 26/03/2024 | 26/04/2021 | 06/04/2024"
7409,5000,4,"14/10/2021 | 25/08/2025 | 05/12/2023 | 22/10/2022"
5277,5000,4,"16/04/2023 | 15/02/2023 | 29/01/2023 | 18/12/2023"
6022,5000,4,"18/12/2021 | 10/06/2025 | 06/05/2021 | 07/08/2025"
2861,5000,4,"12/08/2024 | 24/01/2022 | 05/10/2022 | 17/11/2024"
8200,5000,4,"31/08/2024 | 12/08/2025 | 22/01/2021 | 14/07/2025"
5111,5000,4,"12/02/2023 | 01/12/2020 | 11/09/2021 | 04/07/2024"
0231,5000,4,"25/08/2023 | 16/05/2024 | 11/01/2022 | 08/02/2022"
3256,5000,4,"30/04/2021 | 15/10/2021 | 04/09/2020 | 17/04/2025"
6888,5000,4,"18/01/2022 | 25/06/2024 | 20/09/2024 | 05/04/2025"
5503,5000,4,"13/04/2024 | 22/12/2024 | 26/09/2023 | 14/02/2025"
3694,5000,4,"21/04/2022 | 13/02/2024 | 01/02/2024 | 06/11/2024"
3216,5000,4,"01/12/2020 | 13/12/2024 | 07/04/2022 | 12/10/2020"
0228,5000,4,"22/10/2024 | 08/12/2024 | 22/03/2023 | 21/08/2024"
2880,5000,4,"10/03/2021 | 16/02/2025 | 29/06/2022 | 07/01/2025"
5689,5000,4,"10/05/2021 | 01/02/2023 | 23/04/2025 | 07/06/2023"
5427,5000,4,"18/03/2022 | 16/04/2022 | 05/07/2024 | 05/06/2025"
4201,5000,4,"12/04/2023 | 09/10/2023 | 28/05/2024 | 19/03/2022"
3529,5000,4,"07/03/2024 | 13/01/2021 | 07/05/2023 | 14/10/2021"
1825,5000,4,"03/03/2021 | 15/11/2022 | 04/10/2021 | 05/04/2022"
6585,5000,4,"05/01/2024 | 08/09/2021 | 12/04/2025 | 04/09/2024"
2177,5000,4,"19/03/2022 | 24/09/2021 | 02/06/2025 | 04/11/2024"
9805,5000,4,"08/08/2023 | 11/02/2022 | 08/04/2021 | 20/05/2023"
1586,5000,4,"01/06/2025 | 16/04/2021 | 30/01/2023 | 07/06/2025"
3939,5000,4,"15/10/2024 | 12/02/2021 | 28/08/2024 | 16/06/2025"
8019,5000,4,"28/05/2024 | 05/05/2024 | 04/02/2022 | 19/12/2024"
3419,5000,4,"09/10/2022 | 03/12/2023 | 24/11/2024 | 21/08/2024"
5512,5000,4,"15/03/2023 | 31/10/2022 | 26/06/2025 | 10/10/2022"
1995,5000,4,"06/06/2022 | 10/02/2024 | 16/03/2022 | 24/07/2023"
1188,5000,4,"12/03/2024 | 16/10/2022 | 24/03/2022 | 18/08/2024"
3705,5000,4,"05/10/2021 | 04/02/2022 | 23/07/2022 | 01/04/2025"
4521,5000,4,"28/03/2025 | 06/11/2024 | 07/05/2021 | 26/10/2022"
1112,5000,4,"17/06/2022 | 14/06/2024 | 03/02/2022 | 29/09/2023"
9745,5000,4,"07/03/2022 | 09/12/2021 | 03/04/2024 | 04/12/2022"
6102,5000,4,"19/09/2022 | 21/12/2023 | 30/08/2021 | 15/01/2024"
3439,5000,4,"27/01/2022 | 22/10/2024 | 15/11/2022 | 27/03/2021"
2667,5000,4,"21/12/2021 | 23/02/2022 | 06/01/2024 | 20/06/2024"
8934,5000,4,"25/11/2024 | 26/04/2025 | 21/01/2022 | 21/10/2021"
5305,5000,4,"01/04/2023 | 21/06/2022 | 05/11/2023 | 24/12/2022"
1310,5000,4,"01/04/2024 | 09/04/2025 | 15/06/2024 | 22/01/2023"
5235,5000,4,"01/08/2023 | 30/06/2022 | 26/06/2023 | 12/01/2023"
1324,5000,4,"23/03/2024 | 13/10/2023 | 22/09/2020 | 19/10/2021"
6932,5000,4,"07/08/2022 | 24/07/2025 | 13/08/2025 | 23/08/2025"
9949,5000,4,"11/05/2022 | 01/06/2022 | 22/02/2021 | 13/09/2023"
4022,5000,4,"28/05/2023 | 06/09/2022 | 26/04/2024 | 06/05/2023"
3510,5000,4,"18/09/2024 | 20/09/2022 | 31/01/2023 | 03/02/2021"
8467,5000,4,"08/12/2021 | 14/03/2022 | 09/07/2022 | 27/12/2023"
7470,5000,4,"29/12/2020 | 27/01/2022 | 06/02/2023 | 13/06/2022"
7469,5000,4,"06/08/2023 | 11/05/2021 | 16/04/2025 | 22/12/2022"
0359,5000,4,"28/06/2022 | 11/06/2022 | 29/11/2023 | 28/05/2022"
9626,5000,4,"29/08/2020 | 11/04/2024 | 18/02/2025 | 30/03/2021"
4845,5000,4,"18/05/2022 | 27/05/2025 | 05/09/2022 | 11/08/2023"
1273,5000,4,"05/08/2025 | 06/07/2022 | 21/06/2024 | 25/11/2022"
3723,5000,4,"08/07/2022 | 18/10/2022 | 28/12/2023 | 25/09/2024"
9317,5000,4,"03/05/2023 | 02/11/2023 | 04/09/2024 | 24/08/2024"
6659,5000,4,"17/11/2021 | 07/12/2023 | 13/04/2025 | 28/02/2022"
8530,5000,4,"12/04/2024 | 14/07/2024 | 20/07/2024 | 07/04/2023"
0713,5000,4,"05/05/2025 | 25/06/2022 | 07/05/2023 | 06/10/2024"
2025,5000,4,"25/04/2025 | 14/02/2025 | 17/09/2022 | 03/10/2022"
6104,5000,4,"17/12/2024 | 09/01/2023 | 19/12/2022 | 24/03/2025"
0048,5000,4,"06/11/2023 | 20/04/2023 | 31/03/2022 | 16/10/2024"
1910,5000,4,"21/12/2022 | 17/12/2024 | 22/12/2024 | 05/10/2023"
6297,5000,4,"14/02/2023 | 13/01/2021 | 24/08/2025 | 02/11/2020"
0718,5000,4,"24/03/2025 | 17/03/2024 | 17/04/2021 | 18/02/2024"
3614,5000,4,"04/11/2020 | 23/03/2021 | 31/10/2022 | 01/09/2023"
3343,5000,4,"10/08/2024 | 28/07/2025 | 06/05/2021 | 25/10/2022"
1894,5000,4,"16/02/2024 | 13/05/2022 | 20/12/2023 | 03/10/2020"
9239,5000,4,"26/06/2025 | 26/02/2025 | 04/04/2025 | 29/03/2024"
1573,5000,4,"19/03/2021 | 01/03/2023 | 23/09/2021 | 14/09/2020"
3795,5000,4,"23/02/2023 | 27/02/2023 | 10/07/2025 | 20/08/2022"
4139,5000,4,"22/12/2024 | 15/04/2022 | 15/04/2021 | 16/04/2021"
0753,5000,4,"08/12/2022 | 21/01/2023 | 18/06/2024 | 23/11/2022"
8390,5000,4,"28/12/2020 | 13/07/2025 | 15/07/2022 | 29/05/2025"
9191,5000,4,"02/06/2022 | 21/05/2023 | 19/08/2022 | 30/01/2021"
9796,5000,4,"11/06/2022 | 29/04/2021 | 14/04/2022 | 28/12/2022"
7897,5000,4,"14/06/2022 | 13/04/2021 | 21/03/2023 | 02/09/2023"
4019,5000,4,"24/07/2023 | 14/12/2022 | 04/08/2023 | 01/01/2023"
2380,5000,4,"05/10/2024 | 13/05/2023 | 28/11/2022 | 19/01/2025"
8130,5000,4,"08/01/2025 | 04/02/2022 | 23/01/2023 | 21/02/2025"
9090,5000,4,"13/05/2023 | 07/02/2024 | 28/09/2023 | 22/02/2024"
9118,5000,4,"26/12/2020 | 31/05/2025 | 30/04/2021 | 24/12/2023"
6527,5000,4,"16/07/2022 | 02/09/2020 | 18/03/2023 | 27/12/2023"
9968,5000,4,"18/11/2021 | 12/01/2022 | 03/05/2023 | 21/06/2025"
6867,5000,4,"25/08/2025 | 12/11/2024 | 28/03/2023 | 29/04/2023"
4782,5000,4,"03/06/2023 | 18/08/2023 | 23/10/2020 | 11/08/2020"
4575,5000,4,"20/04/2022 | 06/09/2023 | 09/09/2024 | 16/12/2024"
8275,5000,4,"17/08/2022 | 29/04/2024 | 17/08/2025 | 26/08/2024"
7574,5000,4,"27/08/2024 | 02/11/2022 | 13/12/2024 | 27/08/2023"
8381,5000,4,"27/01/2021 | 28/09/2024 | 23/10/2020 | 28/03/2022"
4086,5000,4,"05/10/2022 | 07/04/2021 | 10/10/2022 | 19/08/2025"
3007,5000,4,"04/04/2022 | 02/11/2023 | 30/08/2023 | 16/03/2025"
8379,5000,4,"27/05/2024 | 09/09/2023 | 04/09/2024 | 22/01/2025"
6548,5000,4,"13/07/2022 | 14/03/2022 | 03/07/2025 | 11/04/2023"
1379,5000,4,"15/11/2022 | 08/07/2024 | 18/11/2020 | 22/11/2024"
0015,5000,4,"02/11/2022 | 15/09/2021 | 19/06/2023 | 12/05/2025"
4261,5000,4,"10/08/2024 | 04/10/2024 | 14/06/2022 | 06/04/2023"
4307,5000,4,"28/09/2023 | 22/03/2022 | 28/06/2022 | 16/11/2024"
9036,5000,4,"14/11/2023 | 17/01/2022 | 13/09/2022 | 25/01/2025"
8076,5000,4,"18/01/2021 | 31/01/2023 | 28/02/2025 | 24/03/2022"
7300,5000,4,"13/11/2020 | 07/03/2022 | 06/08/2025 | 28/03/2024"
2169,5000,4,"06/04/2024 | 01/09/2023 | 25/03/2022 | 03/10/2020"
7457,5000,4,"15/03/2024 | 05/03/2023 | 17/06/2025 | 27/10/2024"
9363,5000,4,"25/03/2025 | 26/03/2025 | 28/10/2023 | 30/04/2022"
4674,5000,4,"20/04/2023 | 28/01/2024 | 26/07/2025 | 21/07/2024"
6627,5000,4,"10/01/2024 | 06/09/2022 | 14/09/2023 | 23/08/2024"
9507,5000,4,"14/02/2023 | 16/10/2023 | 11/05/2022 | 07/10/2020"
4414,5000,4,"28/12/2024 | 30/11/2021 | 25/07/2023 | 27/08/2020"
4723,5000,4,"21/10/2020 | 22/11/2024 | 06/05/2023 | 21/10/2024"
9849,5000,4,"30/11/2022 | 01/07/2023 | 25/06/2023 | 27/05/2024"
3203,5000,4,"24/01/2022 | 14/06/2023 | 11/08/2020 | 29/04/2021"
1583,5000,4,"29/02/2024 | 05/12/2024 | 26/05/2022 | 25/05/2022"
1668,5000,4,"31/01/2023 | 05/10/2022 | 21/10/2021 | 09/12/2023"
6873,5000,4,"01/10/2021 | 05/01/2023 | 30/12/2021 | 31/07/2025"
2045,5000,4,"10/04/2023 | 22/03/2022 | 31/08/2023 | 01/10/2021"
6780,5000,4,"07/02/2024 | 14/08/2024 | 05/02/2022 | 30/08/2021"
3097,5000,4,"07/06/2023 | 05/06/2024 | 03/08/2025 | 08/02/2025"
8439,5000,4,"22/03/2022 | 08/12/2024 | 21/01/2025 | 10/03/2023"
1118,5000,4,"12/01/2025 | 07/02/2024 | 27/08/2020 | 27/07/2021"
6260,5000,4,"18/07/2025 | 06/05/2021 | 06/02/2021 | 29/07/2022"
5885,5000,4,"27/10/2021 | 23/03/2022 | 14/02/2024 | 06/07/2025"
7576,5000,4,"09/11/2024 | 13/09/2022 | 10/09/2023 | 15/04/2023"
3164,5000,4,"13/05/2024 | 06/08/2022 | 28/04/2024 | 31/03/2021"
8052,5000,4,"15/01/2021 | 10/03/2024 | 22/07/2023 | 27/09/2024"
2418,5000,4,"25/10/2022 | 22/06/2025 | 26/03/2021 | 26/05/2023"
7062,5000,4,"09/06/2022 | 24/09/2022 | 25/10/2024 | 24/02/2023"
7044,5000,4,"24/07/2023 | 13/05/2025 | 06/12/2023 | 15/11/2021"
9002,5000,4,"14/10/2023 | 11/10/2024 | 05/04/2023 | 11/08/2021"
5228,5000,4,"04/11/2020 | 29/01/2022 | 11/10/2023 | 19/03/2024"
2188,5000,4,"04/07/2024 | 17/03/2025 | 27/09/2021 | 06/03/2024"
7987,5000,4,"18/08/2023 | 02/06/2024 | 20/09/2021 | 19/05/2025"
3363,5000,4,"25/07/2020 | 13/02/2021 | 30/03/2021 | 01/10/2024"
0395,5000,4,"08/03/2022 | 16/08/2022 | 15/01/2021 | 14/05/2022"
5996,5000,4,"20/10/2021 | 06/02/2025 | 17/01/2022 | 26/08/2023"
0608,5000,4,"06/05/2025 | 01/06/2023 | 03/05/2025 | 15/12/2021"
4787,5000,4,"11/09/2022 | 29/03/2023 | 06/04/2023 | 21/07/2025"
1917,5000,4,"25/12/2024 | 25/04/2024 | 27/12/2022 | 28/10/2021"
7688,5000,4,"29/12/2024 | 18/11/2022 | 19/04/2021 | 13/07/2022"
7299,5000,4,"12/07/2025 | 25/10/2023 | 04/07/2022 | 25/05/2023"
6729,5000,4,"12/09/2020 | 09/01/2025 | 23/04/2023 | 17/09/2023"
4318,5000,4,"11/02/2021 | 04/04/2022 | 12/01/2025 | 24/06/2025"
0822,5000,4,"15/12/2023 | 05/08/2022 | 16/06/2024 | 17/01/2024"
3366,5000,4,"12/09/2022 | 24/08/2025 | 30/12/2023 | 23/03/2021"
2857,5000,4,"02/08/2023 | 28/09/2021 | 15/06/2023 | 22/04/2025"
5270,5000,4,"24/12/2022 | 16/07/2022 | 15/04/2025 | 19/08/2022"
5224,5000,4,"31/12/2022 | 02/01/2021 | 11/10/2023 | 31/07/2023"
6149,5000,4,"21/01/2024 | 15/02/2021 | 09/03/2024 | 21/12/2023"
5940,5000,4,"09/08/2023 | 21/04/2021 | 21/04/2022 | 07/04/2023"
6241,5000,4,"16/04/2021 | 03/02/2023 | 22/01/2023 | 07/08/2023"
6352,5000,4,"31/10/2023 | 27/12/2023 | 26/11/2021 | 03/08/2025"
0408,5000,4,"10/06/2025 | 11/08/2023 | 20/01/2024 | 04/04/2025"
8436,5000,4,"15/11/2021 | 02/02/2023 | 23/06/2025 | 16/06/2025"
7529,5000,4,"15/04/2021 | 26/07/2025 | 18/11/2021 | 05/12/2020"
3941,5000,4,"23/01/2021 | 28/08/2024 | 11/01/2024 | 11/07/2020"
4912,5000,4,"23/05/2023 | 29/10/2021 | 11/10/2022 | 16/12/2023"
9260,5000,4,"29/04/2021 | 10/12/2023 | 26/06/2024 | 21/08/2024"
6765,5000,4,"25/11/2020 | 18/07/2022 | 08/03/2023 | 08/06/2022"
6649,5000,4,"14/05/2024 | 29/07/2023 | 26/02/2024 | 30/08/2024"
2704,5000,4,"07/05/2023 | 04/09/2024 | 20/06/2025 | 13/04/2024"
0522,5000,4,"06/05/2023 | 14/08/2025 | 07/10/2021 | 23/05/2024"
5032,5000,4,"26/07/2024 | 17/12/2022 | 03/07/2024 | 03/04/2023"
4790,5000,4,"22/09/2022 | 04/12/2021 | 05/06/2025 | 07/04/2024"
1579,5000,4,"04/01/2023 | 10/05/2025 | 13/03/2021 | 13/01/2023"
1066,5000,4,"19/12/2020 | 19/01/2024 | 10/06/2022 | 02/07/2025"
8864,5000,4,"25/12/2020 | 26/11/2024 | 16/06/2023 | 16/08/2021"
9940,5000,4,"30/05/2022 | 19/08/2025 | 12/03/2025 | 23/11/2024"
8038,5000,4,"28/02/2025 | 02/08/2024 | 01/08/2024 | 05/11/2021"
7098,5000,4,"14/05/2023 | 14/01/2025 | 14/04/2023 | 05/01/2025"
2753,5000,4,"08/03/2025 | 13/08/2021 | 08/12/2021 | 11/10/2021"
4851,5000,4,"13/11/2023 | 12/06/2025 | 20/04/2021 | 08/08/2024"
3571,5000,4,"29/10/2021 | 04/05/2021 | 02/01/2021 | 29/11/2024"
6910,5000,4,"18/03/2021 | 02/06/2023 | 10/03/2022 | 28/04/2023"
6774,5000,4,"14/04/2025 | 18/07/2022 | 06/05/2025 | 03/06/2025"
5487,5000,4,"11/01/2022 | 26/02/2025 | 01/11/2024 | 31/12/2021"
7671,5000,4,"26/02/2022 | 14/06/2024 | 07/07/2023 | 24/09/2024"
3935,5000,4,"08/08/2025 | 09/09/2022 | 10/12/2022 | 03/08/2024"
7854,5000,4,"24/04/2024 | 16/05/2023 | 03/08/2022 | 09/11/2024"
1385,5000,4,"08/08/2023 | 06/01/2024 | 24/06/2024 | 06/07/2025"
7048,5000,4,"27/05/2022 | 02/02/2021 | 26/02/2025 | 22/10/2023"
6619,5000,4,"02/09/2024 | 26/09/2024 | 01/11/2024 | 18/02/2022"
3816,5000,4,"19/08/2025 | 24/02/2022 | 11/12/2022 | 19/04/2023"
4843,5000,4,"22/04/2025 | 22/08/2024 | 07/11/2024 | 24/01/2022"
9116,5000,4,"04/03/2025 | 17/06/2024 | 16/10/2024 | 16/01/2024"
6007,5000,4,"01/01/2024 | 12/09/2022 | 28/08/2023 | 06/08/2022"
7161,5000,4,"26/04/2023 | 08/08/2023 | 17/05/2025 | 06/11/2021"
1257,5000,4,"25/03/2022 | 20/10/2024 | 30/03/2023 | 27/02/2024"
4229,5000,4,"11/11/2022 | 22/08/2023 | 08/02/2023 | 19/11/2023"
6222,5000,4,"16/12/2020 | 22/12/2023 | 25/04/2023 | 24/03/2022"
1822,5000,4,"28/11/2022 | 15/03/2021 | 23/09/2022 | 12/08/2024"
2576,5000,4,"09/01/2024 | 12/01/2022 | 04/08/2025 | 15/05/2024"
8443,5000,4,"10/08/2022 | 12/07/2022 | 04/12/2020 | 06/06/2025"
5385,5000,4,"14/01/2024 | 23/02/2024 | 18/04/2023 | 18/10/2023"
4586,5000,4,"22/05/2023 | 07/06/2023 | 04/01/2021 | 11/07/2025"
3381,5000,4,"28/08/2024 | 29/09/2021 | 28/01/2024 | 09/02/2023"
0016,5000,4,"24/06/2022 | 23/02/2022 | 30/06/2022 | 07/03/2025"
2198,5000,4,"30/04/2025 | 07/04/2023 | 28/02/2024 | 16/11/2023"
0575,5000,4,"20/12/2021 | 18/02/2024 | 12/01/2023 | 18/03/2022"
9932,5000,4,"11/09/2022 | 02/12/2024 | 12/08/2025 | 14/07/2023"
8034,5000,4,"24/10/2023 | 18/04/2022 | 04/05/2023 | 19/04/2023"
8660,5000,4,"11/03/2023 | 07/06/2022 | 06/01/2022 | 07/11/2022"
5479,5000,4,"21/07/2024 | 14/01/2025 | 28/04/2024 | 04/06/2023"
8673,5000,4,"17/03/2022 | 08/03/2025 | 19/05/2024 | 30/09/2022"
0874,5000,4,"25/09/2022 | 19/06/2025 | 04/12/2021 | 11/07/2020"
6682,5000,4,"30/07/2022 | 11/10/2024 | 26/09/2022 | 25/11/2020"
5680,5000,4,"28/02/2022 | 27/12/2023 | 06/08/2024 | 26/05/2022"
6665,5000,4,"03/12/2024 | 08/07/2022 | 08/08/2024 | 06/01/2023"
1494,5000,4,"24/01/2025 | 21/03/2022 | 11/01/2025 | 17/04/2025"
6847,5000,4,"09/11/2021 | 11/01/2024 | 13/09/2024 | 13/07/2023"
6499,5000,4,"26/12/2023 | 22/01/2022 | 04/02/2021 | 01/02/2024"
8343,5000,4,"15/04/2021 | 05/08/2025 | 01/12/2020 | 11/01/2022"
3429,5000,4,"28/05/2024 | 14/06/2023 | 20/04/2023 | 01/04/2021"
6529,5000,4,"26/10/2022 | 17/02/2025 | 10/08/2024 | 06/11/2021"
1652,5000,4,"11/07/2024 | 23/11/2022 | 11/06/2022 | 11/04/2025"
6350,5000,4,"03/04/2023 | 20/01/2025 | 01/04/2025 | 05/02/2021"
7922,5000,4,"25/12/2021 | 03/12/2023 | 01/07/2022 | 31/12/2022"
1296,5000,4,"31/01/2023 | 13/04/2024 | 20/07/2022 | 13/09/2023"
4349,5000,4,"11/08/2022 | 05/10/2022 | 11/08/2024 | 18/04/2023"
1569,5000,4,"08/11/2021 | 13/11/2024 | 21/11/2023 | 22/10/2021"
3206,5000,4,"22/09/2022 | 18/09/2020 | 30/07/2025 | 01/07/2022"
8089,5000,4,"06/02/2021 | 27/04/2025 | 20/04/2023 | 30/11/2024"
6286,5000,4,"09/04/2023 | 21/03/2023 | 05/10/2020 | 08/09/2023"
8899,5000,4,"26/06/2022 | 27/07/2023 | 11/12/2024 | 29/11/2021"
8581,5000,4,"31/07/2022 | 18/12/2023 | 11/09/2021 | 16/02/2024"
1292,5000,4,"07/09/2021 | 26/04/2025 | 12/02/2025 | 20/03/2025"
3901,5000,4,"06/01/2023 | 31/03/2024 | 07/03/2025 | 15/03/2022"
0085,5000,4,"30/10/2021 | 14/11/2023 | 03/03/2024 | 01/10/2023"
7480,5000,4,"24/06/2022 | 15/10/2023 | 09/05/2025 | 07/05/2022"
0330,5000,4,"24/01/2025 | 30/07/2022 | 30/06/2022 | 16/03/2023"
7966,5000,4,"01/11/2022 | 09/11/2023 | 24/07/2024 | 14/02/2024"
5839,5000,4,"21/03/2025 | 01/10/2024 | 29/02/2024 | 01/08/2024"
4707,5000,4,"20/02/2024 | 02/01/2024 | 09/07/2023 | 27/02/2025"
1258,5000,4,"25/08/2024 | 04/05/2022 | 09/09/2023 | 25/11/2022"
2373,5000,4,"01/12/2022 | 03/02/2022 | 06/11/2023 | 18/01/2022"
1665,5000,4,"02/08/2021 | 21/02/2025 | 18/02/2022 | 10/01/2025"
9185,5000,4,"01/03/2022 | 07/06/2023 | 16/04/2021 | 05/12/2020"
6633,5000,4,"26/02/2022 | 28/09/2022 | 28/11/2023 | 01/02/2024"
0828,5000,4,"08/01/2023 | 08/04/2025 | 14/10/2022 | 27/02/2021"
7948,5000,4,"25/08/2022 | 15/04/2022 | 13/03/2025 | 28/04/2023"
8590,5000,4,"19/08/2022 | 21/01/2025 | 24/08/2024 | 15/09/2021"
9012,5000,4,"04/04/2023 | 05/04/2024 | 13/05/2022 | 23/12/2024"
3243,5000,4,"01/11/2023 | 28/05/2023 | 09/02/2024 | 15/10/2021"
3158,5000,4,"14/12/2021 | 21/02/2025 | 19/05/2025 | 06/06/2022"
7572,5000,4,"16/03/2022 | 24/09/2023 | 02/11/2022 | 10/09/2020"
1298,5000,4,"24/09/2022 | 11/11/2023 | 24/04/2025 | 10/03/2024"
0215,5000,4,"03/12/2023 | 21/10/2022 | 12/12/2023 | 14/04/2021"
1625,5000,4,"21/06/2022 | 14/07/2025 | 11/09/2021 | 31/05/2024"
4356,5000,4,"30/12/2023 | 14/04/2023 | 16/07/2025 | 28/12/2023"
1557,5000,4,"17/02/2025 | 24/09/2021 | 19/04/2021 | 11/07/2025"
8072,5000,4,"31/01/2025 | 11/07/2023 | 15/03/2023 | 16/11/2024"
4159,5000,4,"30/03/2022 | 27/02/2025 | 17/10/2023 | 23/05/2025"
3866,5000,4,"14/12/2024 | 26/08/2023 | 12/09/2023 | 22/09/2021"
6273,5000,4,"16/01/2024 | 21/08/2023 | 18/06/2022 | 24/03/2024"
2190,5000,4,"26/09/2023 | 25/11/2020 | 25/12/2020 | 23/01/2021"
9871,5000,4,"02/08/2025 | 18/03/2025 | 04/08/2022 | 19/04/2025"
1623,5000,4,"24/03/2023 | 25/07/2024 | 30/03/2022 | 28/11/2024"
6124,5000,4,"18/02/2022 | 04/05/2023 | 25/01/2025 | 03/11/2024"
8561,5000,4,"15/06/2022 | 03/11/2023 | 27/07/2024 | 22/11/2024"
1121,5000,4,"10/11/2022 | 06/10/2024 | 18/11/2020 | 27/01/2025"
3756,5000,4,"24/11/2022 | 26/02/2022 | 08/01/2022 | 16/08/2021"
7510,5000,4,"05/01/2022 | 18/08/2023 | 22/02/2024 | 11/09/2024"
7525,5000,4,"21/06/2022 | 12/09/2024 | 20/10/2022 | 28/06/2024"
8767,5000,4,"19/07/2022 | 15/01/2023 | 14/09/2021 | 18/01/2024"
2042,5000,4,"18/08/2021 | 09/09/2021 | 16/02/2022 | 04/09/2022"
2567,5000,4,"24/02/2024 | 18/05/2025 | 20/01/2022 | 17/12/2021"
0673,5000,4,"26/05/2023 | 10/01/2024 | 19/12/2024 | 13/04/2024"
2324,5000,4,"23/01/2024 | 27/06/2024 | 10/07/2022 | 14/10/2021"
0970,5000,4,"09/04/2024 | 13/04/2023 | 18/09/2020 | 14/12/2020"
3490,5000,4,"12/11/2022 | 04/12/2021 | 25/04/2023 | 27/02/2023"
7140,5000,4,"06/03/2024 | 19/02/2024 | 04/09/2020 | 27/12/2024"
7497,5000,4,"07/06/2023 | 09/01/2024 | 02/09/2020 | 11/06/2024"
5821,5000,4,"17/03/2022 | 23/06/2024 | 19/11/2023 | 05/10/2024"
8954,5000,4,"27/07/2021 | 10/12/2023 | 17/02/2025 | 18/11/2023"
9896,5000,4,"29/12/2023 | 16/01/2021 | 04/11/2022 | 24/03/2024"
6023,5000,4,"21/05/2023 | 25/10/2024 | 12/09/2023 | 10/02/2025"
9146,5000,4,"06/04/2022 | 02/09/2024 | 13/11/2023 | 20/02/2021"
5653,5000,4,"14/05/2022 | 05/10/2023 | 13/03/2024 | 02/03/2024"
3729,5000,4,"03/01/2024 | 06/05/2022 | 17/09/2023 | 26/08/2023"
4354,5000,4,"23/02/2022 | 13/08/2020 | 18/02/2025 | 06/08/2021"
1943,5000,4,"16/06/2024 | 01/01/2024 | 22/04/2025 | 03/02/2023"
2255,5000,4,"01/04/2022 | 08/04/2022 | 23/08/2022 | 28/05/2024"
9190,5000,4,"17/06/2024 | 25/07/2024 | 24/12/2021 | 28/01/2025"
5917,5000,4,"30/10/2024 | 01/01/2025 | 27/01/2024 | 02/11/2024"
0390,5000,4,"05/05/2022 | 01/12/2024 | 11/12/2024 | 24/04/2024"
6097,5000,4,"08/08/2025 | 10/09/2023 | 19/12/2023 | 25/02/2021"
7175,5000,4,"02/05/2024 | 09/10/2023 | 15/02/2025 | 18/02/2023"
3815,5000,4,"14/06/2022 | 07/09/2023 | 24/11/2023 | 02/01/2025"
2085,5000,4,"09/03/2024 | 27/08/2020 | 24/11/2023 | 07/08/2025"
1226,5000,4,"15/12/2022 | 31/03/2022 | 07/04/2025 | 23/05/2025"
3283,5000,4,"20/01/2024 | 05/08/2020 | 29/03/2023 | 25/10/2023"
6042,5000,4,"14/05/2022 | 13/11/2020 | 03/05/2022 | 29/09/2022"
1830,5000,4,"11/08/2022 | 14/08/2024 | 01/03/2021 | 08/08/2022"
3771,5000,4,"31/05/2023 | 11/01/2023 | 03/10/2020 | 06/03/2024"
3904,5000,4,"29/03/2024 | 01/08/2025 | 07/09/2021 | 27/11/2021"
0033,5000,4,"19/12/2024 | 03/01/2025 | 23/09/2022 | 04/12/2023"
5923,5000,4,"10/04/2024 | 31/03/2025 | 07/12/2024 | 20/03/2024"
7210,5000,4,"10/01/2024 | 05/06/2024 | 10/07/2025 | 21/04/2021"
1333,5000,4,"10/09/2024 | 20/12/2021 | 02/02/2022 | 20/04/2023"
1886,5000,4,"14/01/2023 | 20/08/2025 | 05/02/2024 | 16/03/2023"
9907,5000,4,"25/12/2023 | 02/09/2024 | 23/07/2023 | 04/05/2022"
3273,5000,4,"31/03/2022 | 27/07/2021 | 30/11/2020 | 25/03/2024"
6694,5000,4,"21/10/2021 | 24/03/2024 | 09/12/2022 | 25/09/2022"
9935,5000,4,"07/02/2023 | 16/06/2025 | 21/05/2022 | 11/09/2022"
3770,5000,4,"23/12/2020 | 09/10/2021 | 09/10/2023 | 16/05/2023"
2403,5000,4,"10/11/2021 | 19/11/2022 | 26/08/2022 | 04/08/2024"
6186,5000,4,"13/01/2022 | 17/11/2022 | 18/12/2024 | 22/12/2022"
8744,5000,4,"04/04/2022 | 20/02/2024 | 19/03/2025 | 30/08/2021"
9988,5000,4,"29/06/2023 | 26/04/2024 | 24/04/2025 | 13/12/2021"
3319,5000,4,"05/09/2024 | 06/05/2021 | 30/08/2022 | 20/03/2021"
7860,5000,4,"22/05/2023 | 08/03/2023 | 02/04/2024 | 07/09/2024"
2271,5000,4,"20/09/2024 | 31/10/2024 | 28/09/2020 | 05/01/2022"
8408,5000,4,"01/11/2022 | 30/05/2022 | 24/04/2024 | 21/10/2020"
2819,5000,4,"19/05/2025 | 24/01/2023 | 29/06/2025 | 19/02/2024"
4325,5000,4,"01/09/2023 | 20/05/2022 | 06/08/2022 | 04/03/2023"
2681,5000,4,"01/11/2023 | 11/01/2022 | 09/05/2024 | 30/12/2023"
1792,5000,4,"18/01/2025 | 28/05/2022 | 24/08/2023 | 26/05/2023"
8487,5000,4,"19/02/2024 | 16/09/2020 | 04/02/2021 | 07/05/2025"
1487,5000,4,"07/03/2024 | 17/09/2024 | 14/03/2023 | 19/10/2024"
4235,5000,4,"11/03/2024 | 02/12/2020 | 27/11/2024 | 20/04/2021"
4859,5000,4,"06/08/2022 | 20/06/2023 | 09/10/2021 | 04/08/2025"
7181,5000,4,"14/01/2022 | 03/11/2024 | 25/01/2022 | 14/06/2025"
1250,5000,4,"20/08/2021 | 16/12/2024 | 21/01/2023 | 27/05/2022"
7337,5000,4,"25/01/2021 | 26/11/2024 | 30/10/2020 | 22/02/2022"
1228,5000,4,"07/05/2024 | 20/07/2023 | 23/02/2025 | 09/08/2023"
6853,5000,4,"13/02/2023 | 15/06/2023 | 02/09/2023 | 17/07/2024"
0461,5000,4,"26/03/2021 | 03/10/2020 | 17/11/2023 | 22/01/2021"
0971,5000,4,"15/01/2023 | 22/03/2022 | 06/08/2024 | 15/01/2025"
2483,5000,4,"06/09/2021 | 14/11/2024 | 15/09/2021 | 14/10/2024"
0075,5000,4,"15/10/2022 | 31/10/2023 | 10/04/2021 | 12/10/2024"
5262,5000,4,"05/02/2021 | 11/12/2022 | 30/03/2021 | 22/11/2021"
3567,5000,4,"21/05/2025 | 11/02/2024 | 08/05/2025 | 31/03/2021"
1483,5000,4,"22/02/2022 | 29/07/2024 | 25/08/2023 | 26/12/2023"
5700,5000,4,"16/08/2022 | 19/02/2025 | 28/10/2021 | 09/10/2021"
9370,5000,4,"01/06/2023 | 13/02/2023 | 26/02/2021 | 04/11/2024"
6825,5000,4,"25/02/2021 | 13/03/2024 | 06/08/2025 | 23/06/2024"
5735,5000,4,"23/05/2025 | 11/04/2024 | 18/11/2021 | 30/10/2021"
8569,5000,4,"29/07/2023 | 06/05/2022 | 04/02/2023 | 05/07/2024"
9155,5000,4,"09/10/2022 | 06/06/2023 | 04/08/2023 | 30/03/2023"
7560,5000,4,"28/04/2023 | 15/01/2024 | 16/03/2023 | 18/03/2024"
9592,5000,4,"11/03/2024 | 15/12/2021 | 10/07/2025 | 05/11/2024"
9711,5000,4,"09/06/2025 | 01/04/2025 | 26/02/2023 | 12/01/2025"
4211,5000,4,"20/01/2021 | 04/08/2025 | 10/03/2025 | 24/12/2024"
3425,5000,4,"05/05/2023 | 10/03/2025 | 10/04/2025 | 12/03/2025"
2520,5000,4,"31/12/2023 | 16/08/2023 | 29/01/2022 | 26/11/2022"
1356,5000,4,"17/03/2023 | 12/12/2023 | 03/07/2022 | 17/07/2025"
0473,5000,4,"05/04/2023 | 08/03/2023 | 16/10/2022 | 25/03/2021"
1784,5000,4,"16/10/2024 | 01/02/2025 | 04/08/2025 | 24/11/2023"
0008,5000,4,"29/07/2023 | 04/12/2022 | 02/08/2021 | 07/02/2023"
4067,5000,4,"03/01/2023 | 13/12/2022 | 22/08/2022 | 11/02/2025"
8863,5000,4,"09/04/2023 | 11/12/2020 | 29/09/2022 | 02/03/2023"
0053,5000,4,"06/05/2024 | 17/11/2022 | 13/07/2022 | 01/09/2022"
4755,5000,4,"08/06/2024 | 22/02/2023 | 17/11/2023 | 16/03/2025"
7803,5000,4,"05/05/2022 | 13/07/2025 | 14/12/2024 | 11/10/2021"
9914,5000,4,"13/03/2023 | 26/05/2023 | 18/02/2024 | 19/05/2023"
0340,5000,4,"19/06/2023 | 27/10/2023 | 29/03/2024 | 25/12/2023"
0906,5000,4,"07/12/2024 | 01/03/2025 | 06/04/2025 | 18/12/2024"
7240,5000,4,"11/04/2023 | 03/10/2020 | 03/08/2025 | 14/01/2024"
7639,5000,4,"26/10/2022 | 11/01/2021 | 02/07/2025 | 13/05/2023"
7503,5000,4,"07/09/2024 | 04/07/2023 | 05/01/2021 | 31/01/2024"
5016,5000,4,"15/10/2024 | 02/06/2023 | 03/04/2024 | 17/10/2022"
3095,5000,4,"23/04/2024 | 24/05/2022 | 06/04/2024 | 03/08/2022"
8769,5000,4,"28/03/2024 | 25/05/2022 | 27/08/2024 | 24/05/2025"
7919,5000,4,"24/06/2024 | 10/07/2022 | 14/10/2024 | 29/11/2021"
9045,5000,4,"18/05/2024 | 01/01/2023 | 12/03/2025 | 28/12/2024"
9075,5000,4,"13/03/2025 | 27/11/2020 | 08/02/2023 | 17/01/2024"
2535,5000,4,"04/01/2024 | 14/02/2024 | 16/05/2025 | 25/03/2022"
7252,5000,4,"29/07/2022 | 27/10/2024 | 11/02/2025 | 28/08/2022"
0919,5000,4,"23/02/2021 | 01/01/2021 | 07/02/2022 | 01/01/2025"
0481,5000,4,"08/07/2023 | 11/03/2025 | 18/05/2022 | 23/10/2022"
1344,5000,4,"06/04/2025 | 23/01/2023 | 07/07/2025 | 25/03/2021"
6651,5000,4,"18/09/2020 | 15/06/2023 | 10/06/2024 | 08/10/2023"
4841,5000,4,"03/02/2021 | 02/06/2024 | 26/05/2022 | 13/06/2022"
3801,5000,4,"10/05/2024 | 03/10/2024 | 24/11/2022 | 17/02/2023"
2287,5000,4,"02/04/2021 | 06/05/2022 | 18/08/2022 | 29/03/2022"
1080,5000,4,"16/11/2021 | 28/05/2022 | 27/08/2022 | 07/07/2024"
9295,5000,4,"17/08/2023 | 22/03/2025 | 10/10/2024 | 07/12/2022"
4897,5000,4,"13/03/2024 | 22/06/2022 | 15/03/2025 | 11/06/2022"
5289,5000,4,"25/10/2022 | 18/04/2022 | 23/10/2023 | 28/10/2020"
1864,5000,4,"12/06/2022 | 01/12/2021 | 21/10/2022 | 19/10/2020"
9685,5000,4,"16/05/2022 | 12/01/2023 | 17/07/2023 | 16/03/2021"
7799,5000,4,"17/03/2022 | 20/11/2021 | 23/03/2021 | 15/07/2024"
5339,5000,4,"03/03/2021 | 20/11/2024 | 01/06/2024 | 11/08/2022"
6287,5000,4,"17/03/2023 | 15/11/2023 | 24/10/2024 | 03/03/2025"
8888,5000,4,"09/08/2023 | 05/09/2023 | 10/09/2020 | 30/12/2022"
1958,5000,4,"03/01/2024 | 29/12/2024 | 21/04/2025 | 19/10/2022"
4812,5000,4,"07/08/2024 | 21/08/2024 | 09/09/2021 | 04/03/2022"
2736,5000,4,"20/06/2023 | 07/01/2022 | 23/02/2021 | 16/02/2022"
2522,5000,4,"30/04/2025 | 21/03/2025 | 03/02/2025 | 27/10/2022"
5084,5000,4,"03/10/2020 | 23/12/2020 | 21/06/2022 | 29/03/2024"
3260,5000,4,"02/02/2021 | 23/03/2023 | 03/03/2022 | 02/01/2025"
2757,5000,4,"21/01/2024 | 01/12/2024 | 06/07/2023 | 28/12/2022"
6570,5000,4,"07/06/2024 | 21/04/2021 | 13/05/2022 | 19/04/2024"
4719,5000,4,"22/09/2023 | 09/01/2021 | 14/08/2022 | 08/11/2023"
0690,5000,4,"13/09/2023 | 24/12/2021 | 11/12/2022 | 18/09/2024"
9206,5000,4,"29/02/2024 | 23/07/2023 | 03/10/2020 | 18/10/2023"
4346,5000,4,"23/11/2023 | 10/04/2021 | 25/02/2025 | 14/09/2021"
4550,5000,4,"22/12/2023 | 05/10/2024 | 06/01/2025 | 02/05/2025"
5568,5000,4,"05/04/2022 | 22/01/2024 | 04/05/2025 | 21/08/2020"
3988,5000,4,"02/01/2024 | 18/08/2021 | 23/06/2024 | 28/07/2023"
3194,5000,4,"10/11/2022 | 18/02/2024 | 02/06/2023 | 02/11/2021"
4037,5000,4,"17/07/2024 | 08/07/2025 | 23/11/2023 | 10/08/2025"
0332,5000,4,"26/03/2024 | 13/12/2023 | 26/09/2024 | 09/11/2024"
3516,5000,4,"05/04/2022 | 07/07/2025 | 30/09/2023 | 23/05/2025"
6162,5000,4,"07/10/2022 | 06/01/2023 | 29/10/2023 | 16/09/2022"
0254,5000,4,"02/06/2025 | 24/02/2025 | 11/04/2024 | 12/05/2022"
8317,5000,4,"20/08/2021 | 19/01/2022 | 08/04/2021 | 26/09/2022"
3262,5000,4,"06/09/2024 | 19/01/2025 | 06/11/2023 | 20/01/2021"
9960,5000,4,"10/03/2022 | 15/04/2024 | 05/06/2024 | 05/06/2023"
2610,5000,4,"05/01/2021 | 29/06/2024 | 09/01/2023 | 05/01/2024"
2923,5000,4,"06/10/2022 | 06/05/2024 | 22/10/2024 | 07/09/2024"
2722,5000,4,"19/06/2024 | 15/11/2022 | 19/04/2022 | 30/01/2021"
5841,5000,4,"26/12/2024 | 18/01/2024 | 12/06/2024 | 11/01/2023"
3630,5000,4,"18/04/2024 | 09/11/2022 | 25/08/2025 | 05/02/2022"
8073,5000,4,"11/05/2025 | 20/07/2025 | 10/04/2024 | 11/01/2025"
8929,5000,4,"07/08/2024 | 30/04/2025 | 27/01/2021 | 11/07/2020"
9296,5000,4,"26/05/2023 | 14/07/2022 | 15/07/2022 | 17/12/2023"
0842,5000,4,"25/07/2025 | 02/09/2020 | 02/05/2022 | 12/01/2022"
5795,5000,4,"11/05/2023 | 25/12/2021 | 27/12/2022 | 28/04/2024"
3436,5000,4,"04/10/2021 | 02/07/2023 | 15/01/2023 | 29/11/2023"
9110,5000,4,"07/12/2023 | 09/04/2021 | 16/06/2023 | 24/08/2025"
6560,5000,4,"06/02/2024 | 10/02/2021 | 31/05/2023 | 26/02/2021"
2656,5000,4,"03/10/2023 | 04/05/2024 | 11/07/2023 | 28/09/2024"
3043,5000,4,"20/08/2024 | 03/05/2023 | 10/07/2022 | 24/11/2022"
1720,5000,4,"02/02/2021 | 14/05/2023 | 12/03/2024 | 19/03/2025"
7461,5000,4,"30/08/2021 | 21/05/2024 | 15/04/2025 | 14/10/2022"
6929,5000,4,"01/02/2022 | 28/02/2022 | 11/02/2024 | 05/08/2023"
7971,5000,4,"06/05/2022 | 10/10/2020 | 08/01/2023 | 24/01/2025"
0211,5000,4,"17/12/2024 | 20/11/2020 | 27/09/2022 | 13/07/2025"
1473,5000,4,"17/12/2021 | 07/06/2025 | 11/08/2025 | 27/11/2021"
1758,5000,4,"28/09/2021 | 25/10/2024 | 11/09/2021 | 29/11/2022"
5759,5000,4,"06/08/2024 | 01/07/2024 | 11/10/2022 | 30/11/2020"
1176,5000,4,"23/07/2024 | 09/12/2020 | 03/08/2020 | 26/04/2023"
6388,5000,4,"06/06/2024 | 02/12/2024 | 02/02/2024 | 26/04/2023"
0770,5000,4,"27/09/2021 | 07/02/2022 | 29/12/2022 | 02/01/2023"
4047,5000,4,"06/04/2024 | 10/11/2023 | 10/04/2024 | 23/01/2025"
0915,5000,4,"22/01/2022 | 04/08/2024 | 24/08/2024 | 12/01/2021"
6810,5000,4,"21/05/2022 | 01/03/2022 | 12/01/2024 | 03/10/2023"
1841,5000,4,"28/09/2020 | 27/01/2025 | 16/08/2025 | 03/03/2021"
5883,5000,4,"10/09/2022 | 17/10/2022 | 13/03/2023 | 02/05/2025"
5408,5000,4,"25/12/2024 | 09/09/2024 | 16/02/2022 | 11/05/2025"
1215,5000,4,"18/04/2024 | 30/07/2023 | 09/02/2024 | 10/12/2024"
0786,5000,4,"08/11/2022 | 25/04/2025 | 04/12/2021 | 21/10/2021"
8265,5000,4,"02/08/2022 | 08/12/2021 | 12/11/2023 | 28/02/2025"
6337,5000,4,"16/09/2023 | 20/05/2025 | 03/08/2020 | 18/04/2024"
9928,5000,4,"27/09/2023 | 22/11/2024 | 09/01/2025 | 01/07/2024"
0720,5000,4,"31/10/2023 | 05/03/2023 | 02/03/2024 | 02/12/2021"
9526,5000,4,"03/09/2022 | 24/03/2025 | 09/07/2025 | 16/11/2022"
2026,5000,4,"07/03/2022 | 06/01/2023 | 12/01/2024 | 27/06/2025"
5333,5000,4,"10/04/2023 | 05/08/2020 | 05/10/2024 | 29/09/2024"
5219,5000,4,"04/03/2021 | 18/03/2025 | 03/04/2023 | 10/12/2021"
9527,5000,4,"06/03/2021 | 28/01/2022 | 03/06/2022 | 12/06/2022"
3859,5000,4,"04/01/2021 | 28/04/2025 | 15/07/2025 | 08/09/2020"
9632,5000,4,"07/04/2025 | 18/01/2022 | 30/04/2025 | 01/10/2023"
5189,5000,4,"09/06/2024 | 31/01/2022 | 18/07/2020 | 03/02/2025"
0644,5000,4,"12/07/2022 | 08/10/2021 | 02/02/2023 | 03/04/2025"
2433,5000,4,"27/04/2022 | 25/11/2023 | 21/06/2023 | 23/02/2023"
5528,5000,4,"30/11/2020 | 21/10/2024 | 19/01/2021 | 12/12/2024"
4668,5000,4,"18/09/2024 | 19/05/2022 | 06/08/2024 | 15/01/2025"
8968,5000,4,"22/09/2024 | 13/11/2021 | 09/06/2023 | 07/08/2020"
0576,5000,4,"05/10/2023 | 29/01/2022 | 24/01/2025 | 31/10/2022"
7600,5000,4,"04/04/2024 | 05/10/2023 | 01/08/2024 | 09/12/2023"
7080,5000,4,"05/02/2024 | 16/03/2021 | 10/08/2023 | 09/10/2020"
7418,5000,4,"04/03/2024 | 08/07/2024 | 20/01/2022 | 28/10/2022"
3050,5000,4,"12/05/2022 | 16/01/2021 | 15/04/2021 | 13/08/2024"
6444,5000,4,"30/03/2023 | 27/05/2023 | 04/01/2024 | 20/09/2024"
7269,5000,4,"19/10/2021 | 11/09/2022 | 02/01/2024 | 23/12/2023"
1774,5000,4,"06/05/2021 | 20/11/2020 | 22/12/2021 | 19/12/2024"
0849,5000,4,"05/08/2020 | 16/12/2020 | 02/12/2022 | 12/02/2022"
9441,5000,4,"24/07/2023 | 04/09/2020 | 13/02/2023 | 15/04/2023"
5702,5000,4,"21/05/2025 | 19/07/2025 | 27/12/2023 | 02/11/2024"
9972,5000,4,"19/03/2022 | 27/11/2021 | 14/07/2025 | 21/03/2024"
0046,5000,4,"29/04/2021 | 11/10/2022 | 17/04/2021 | 23/02/2022"
7471,5000,4,"18/08/2025 | 29/12/2023 | 10/06/2024 | 31/07/2025"
2079,5000,4,"08/01/2024 | 24/09/2023 | 22/03/2024 | 16/10/2020"
1571,5000,4,"21/09/2021 | 24/05/2022 | 30/09/2022 | 23/11/2023"
9959,5000,4,"02/05/2022 | 22/07/2025 | 06/01/2024 | 12/03/2024"
6302,5000,4,"23/07/2022 | 15/02/2021 | 13/01/2022 | 06/10/2022"
4771,5000,4,"15/11/2021 | 15/02/2024 | 28/01/2023 | 04/06/2024"
4222,5000,4,"21/05/2023 | 14/03/2024 | 20/07/2023 | 07/02/2024"
6629,5000,4,"08/12/2022 | 08/02/2022 | 30/03/2022 | 05/02/2023"
2416,5000,4,"21/08/2024 | 20/07/2022 | 01/03/2025 | 03/08/2025"
7028,5000,4,"16/09/2023 | 25/10/2023 | 20/03/2023 | 04/02/2025"
9280,5000,4,"23/01/2023 | 23/12/2024 | 27/12/2021 | 25/12/2024"
2725,5000,4,"06/12/2021 | 19/10/2021 | 20/02/2023 | 18/04/2024"
7778,5000,4,"12/04/2023 | 01/04/2025 | 17/05/2022 | 09/12/2023"
5364,5000,4,"29/01/2025 | 17/07/2022 | 06/09/2022 | 22/06/2022"
2330,5000,4,"30/01/2023 | 11/11/2020 | 28/01/2023 | 02/11/2022"
5307,5000,4,"04/09/2020 | 29/11/2022 | 07/06/2023 | 01/02/2025"
6343,5000,4,"06/04/2025 | 12/10/2023 | 23/05/2022 | 02/08/2024"
4381,5000,4,"25/08/2024 | 17/10/2022 | 17/05/2025 | 02/01/2021"
6844,5000,4,"06/11/2022 | 09/09/2024 | 12/07/2022 | 20/10/2024"
8576,5000,4,"09/10/2020 | 23/08/2022 | 30/03/2025 | 30/05/2025"
7893,5000,4,"18/03/2024 | 04/11/2021 | 08/10/2023 | 11/12/2020"
7009,5000,4,"20/11/2020 | 11/07/2020 | 04/02/2025 | 18/04/2022"
8414,5000,4,"07/11/2023 | 18/04/2022 | 23/09/2023 | 17/02/2023"
4069,5000,4,"20/04/2024 | 13/11/2024 | 23/09/2021 | 03/05/2022"
9389,5000,4,"23/07/2021 | 13/01/2025 | 01/09/2022 | 20/05/2024"
8086,5000,4,"29/12/2022 | 08/04/2023 | 28/04/2021 | 02/12/2023"
9744,5000,4,"30/04/2025 | 04/09/2022 | 03/08/2020 | 30/03/2021"
2606,5000,4,"29/01/2022 | 03/02/2022 | 14/02/2022 | 26/12/2022"
2770,5000,4,"08/01/2023 | 30/10/2023 | 12/01/2021 | 28/12/2024"
3980,5000,4,"16/04/2022 | 11/10/2023 | 13/11/2023 | 10/07/2023"
3853,5000,4,"01/04/2021 | 04/07/2022 | 31/07/2023 | 18/09/2023"
3075,5000,4,"29/01/2021 | 14/08/2022 | 23/02/2023 | 22/08/2022"
9540,5000,4,"12/05/2023 | 10/01/2022 | 12/11/2022 | 02/01/2025"
1984,5000,4,"17/10/2022 | 13/02/2025 | 18/10/2023 | 12/02/2025"
0944,5000,4,"30/10/2023 | 12/02/2022 | 11/04/2024 | 13/09/2024"
6277,5000,4,"04/11/2021 | 14/09/2023 | 06/05/2023 | 28/01/2023"
5053,5000,4,"28/03/2023 | 02/09/2020 | 20/04/2021 | 22/02/2021"
9359,5000,4,"30/06/2024 | 10/01/2024 | 08/09/2023 | 01/10/2021"
8982,5000,4,"12/09/2022 | 04/11/2021 | 02/12/2023 | 13/04/2021"
8185,5000,4,"12/07/2022 | 04/09/2023 | 13/11/2022 | 29/01/2021"
9307,5000,4,"18/01/2022 | 21/08/2022 | 08/03/2025 | 19/09/2023"
9989,5000,4,"16/04/2023 | 20/05/2024 | 10/05/2024 | 20/06/2024"
0994,5000,4,"01/10/2021 | 18/07/2022 | 07/07/2024 | 07/10/2023"
5580,5000,4,"10/09/2023 | 31/08/2022 | 04/06/2023 | 14/04/2025"
7159,5000,4,"02/09/2022 | 29/01/2022 | 21/11/2022 | 06/05/2022"
0021,5000,4,"05/10/2020 | 25/12/2023 | 24/06/2022 | 06/11/2022"
6512,5000,4,"23/04/2025 | 19/12/2020 | 21/07/2024 | 12/08/2023"
0597,5000,4,"10/02/2024 | 09/12/2022 | 14/04/2025 | 25/09/2023"
0520,5000,4,"18/08/2025 | 11/05/2021 | 25/06/2023 | 29/12/2021"
1239,5000,4,"16/01/2021 | 31/05/2024 | 16/06/2022 | 12/12/2023"
9348,5000,4,"30/03/2023 | 13/08/2021 | 29/09/2021 | 22/07/2025"
8154,5000,4,"20/08/2025 | 01/11/2022 | 12/01/2023 | 19/12/2024"
8267,5000,4,"26/02/2023 | 03/08/2024 | 29/05/2025 | 25/05/2022"
8523,5000,4,"09/02/2025 | 18/10/2023 | 04/11/2020 | 23/10/2022"
2806,5000,4,"04/03/2022 | 07/02/2025 | 02/07/2022 | 26/04/2023"
6017,5000,4,"06/08/2022 | 01/10/2022 | 22/02/2023 | 26/11/2023"
0498,5000,4,"17/10/2022 | 30/06/2025 | 05/09/2023 | 07/07/2025"
8936,5000,4,"10/07/2024 | 23/01/2023 | 28/08/2023 | 16/04/2025"
8606,5000,4,"23/07/2021 | 28/02/2024 | 22/01/2025 | 16/06/2022"
3341,5000,4,"18/03/2021 | 23/03/2025 | 05/04/2022 | 05/01/2023"
8219,5000,4,"29/06/2022 | 20/12/2023 | 30/11/2024 | 19/07/2023"
4398,5000,4,"09/03/2022 | 07/04/2021 | 23/11/2022 | 10/06/2023"
5466,5000,4,"30/12/2022 | 13/06/2025 | 08/10/2022 | 17/07/2024"
1889,5000,4,"27/08/2024 | 11/03/2023 | 03/07/2022 | 07/09/2022"
6043,5000,4,"07/02/2022 | 04/08/2022 | 02/08/2023 | 19/12/2023"
7071,5000,4,"25/03/2024 | 03/04/2021 | 19/09/2023 | 30/06/2024"
4884,5000,4,"11/01/2025 | 23/02/2021 | 26/02/2021 | 30/07/2023"
7185,5000,4,"28/10/2021 | 02/05/2022 | 12/02/2021 | 11/08/2020"
2219,5000,4,"04/08/2024 | 23/10/2024 | 16/05/2023 | 22/02/2021"
1751,5000,4,"10/02/2025 | 25/07/2023 | 26/03/2023 | 22/07/2025"
1963,5000,4,"22/09/2022 | 19/07/2025 | 04/01/2025 | 29/10/2021"
5069,5000,4,"08/12/2024 | 31/05/2025 | 08/10/2021 | 17/11/2023"
5583,5000,4,"21/02/2022 | 25/10/2022 | 10/06/2022 | 28/08/2022"
0363,5000,4,"15/06/2022 | 08/02/2024 | 24/04/2024 | 22/03/2021"
4392,5000,4,"21/05/2022 | 27/05/2025 | 31/08/2022 | 08/07/2023"
8078,5000,4,"22/10/2021 | 21/08/2020 | 14/12/2021 | 04/09/2022"
9258,5000,4,"22/03/2021 | 28/11/2023 | 04/08/2024 | 18/08/2025"
6115,5000,4,"30/06/2024 | 02/11/2022 | 21/12/2023 | 05/06/2025"
0182,5000,4,"25/07/2020 | 23/11/2024 | 11/08/2022 | 21/11/2022"
9435,5000,4,"29/12/2023 | 21/09/2023 | 07/10/2021 | 27/10/2024"
2911,5000,4,"14/12/2023 | 18/01/2024 | 03/09/2024 | 01/12/2021"
5604,5000,4,"04/09/2021 | 23/04/2022 | 23/09/2023 | 04/06/2025"
9684,5000,4,"09/02/2024 | 25/09/2023 | 27/04/2021 | 17/10/2023"
3606,5000,4,"18/08/2023 | 09/03/2024 | 26/12/2023 | 07/02/2023"
6079,5000,4,"08/01/2022 | 20/02/2024 | 10/03/2021 | 20/06/2024"
8779,5000,4,"03/02/2022 | 13/11/2020 | 03/11/2024 | 05/01/2021"
1855,5000,4,"14/04/2024 | 18/02/2022 | 04/03/2023 | 09/04/2022"
4956,5000,4,"31/03/2024 | 22/01/2025 | 04/05/2025 | 04/06/2025"
5941,5000,4,"25/01/2023 | 14/10/2024 | 30/10/2020 | 24/07/2024"
2914,5000,4,"21/02/2023 | 07/09/2021 | 02/08/2024 | 25/10/2023"
7512,5000,4,"13/07/2024 | 30/11/2021 | 12/04/2022 | 06/04/2023"
5356,5000,4,"14/03/2022 | 14/12/2023 | 11/08/2023 | 06/09/2023"
2970,5000,4,"28/02/2024 | 23/06/2025 | 17/06/2025 | 27/01/2022"
6147,5000,4,"14/01/2025 | 13/08/2022 | 05/06/2022 | 01/04/2023"
2943,5000,4,"23/07/2021 | 12/11/2024 | 07/07/2025 | 19/02/2025"
1042,5000,4,"28/06/2024 | 03/09/2024 | 30/06/2025 | 02/01/2024"
3288,5000,4,"26/02/2024 | 05/02/2021 | 01/08/2025 | 14/07/2022"
9226,5000,4,"12/12/2022 | 16/11/2020 | 11/12/2023 | 25/03/2024"
7320,5000,4,"25/08/2020 | 08/11/2021 | 29/08/2024 | 02/02/2022"
1763,5000,4,"27/11/2020 | 11/11/2023 | 31/01/2023 | 26/03/2023"
2339,5000,4,"25/11/2021 | 15/12/2023 | 29/11/2023 | 21/07/2022"
9122,5000,4,"23/04/2021 | 01/04/2024 | 31/12/2022 | 04/05/2025"
7905,5000,4,"03/05/2023 | 10/08/2025 | 03/07/2023 | 19/08/2022"
9969,5000,4,"07/05/2024 | 02/11/2021 | 28/04/2025 | 03/05/2024"
1354,5000,4,"15/09/2021 | 04/07/2023 | 11/08/2020 | 05/04/2022"
9691,5000,4,"20/05/2023 | 26/10/2023 | 09/01/2021 | 30/04/2024"
0593,5000,4,"27/08/2020 | 24/02/2022 | 02/02/2021 | 05/03/2022"
1619,5000,4,"24/02/2023 | 14/12/2020 | 22/10/2023 | 28/03/2022"
3990,5000,4,"17/01/2024 | 06/02/2024 | 15/06/2024 | 04/11/2022"
6314,5000,4,"01/06/2023 | 24/09/2021 | 05/12/2022 | 22/12/2024"
7170,5000,4,"23/03/2022 | 04/08/2025 | 21/12/2022 | 11/01/2025"
8562,5000,4,"12/05/2021 | 06/10/2021 | 31/12/2024 | 19/08/2025"
3833,5000,4,"27/05/2024 | 07/11/2024 | 26/11/2021 | 16/01/2023"
9543,5000,4,"14/05/2025 | 18/05/2023 | 13/10/2022 | 16/07/2024"
0818,5000,4,"10/05/2023 | 22/05/2024 | 24/10/2024 | 24/08/2022"
1873,5000,4,"28/09/2020 | 07/06/2025 | 08/02/2023 | 16/03/2022"
4382,5000,4,"06/08/2023 | 20/05/2024 | 08/07/2024 | 14/07/2025"
7815,5000,4,"04/03/2021 | 12/01/2023 | 28/04/2024 | 29/03/2022"
8359,5000,4,"08/01/2025 | 01/10/2023 | 12/04/2025 | 25/01/2023"
7067,5000,4,"20/01/2023 | 05/05/2024 | 13/07/2024 | 01/11/2024"
3448,5000,4,"05/05/2021 | 11/10/2023 | 25/07/2020 | 26/05/2022"
6674,5000,4,"08/01/2025 | 06/08/2023 | 28/12/2021 | 04/04/2024"
2003,5000,4,"30/09/2022 | 21/10/2023 | 25/08/2025 | 13/04/2025"
7282,5000,4,"24/05/2024 | 07/07/2022 | 05/05/2021 | 14/04/2022"
0524,5000,4,"25/08/2025 | 14/09/2021 | 20/10/2023 | 14/05/2024"
6940,5000,4,"28/01/2023 | 26/07/2022 | 03/01/2022 | 23/02/2024"
6798,5000,4,"14/09/2020 | 17/05/2024 | 21/05/2024 | 14/07/2023"
2928,5000,4,"16/04/2021 | 04/10/2022 | 28/04/2021 | 26/10/2022"
2999,5000,4,"21/12/2024 | 29/11/2021 | 17/07/2024 | 10/08/2025"
4358,5000,4,"06/04/2024 | 16/10/2023 | 09/05/2022 | 21/07/2025"
3702,5000,4,"24/06/2023 | 19/10/2020 | 14/07/2023 | 27/10/2023"
4095,5000,4,"09/11/2020 | 03/08/2023 | 08/03/2024 | 22/05/2024"
7901,5000,4,"29/04/2021 | 13/12/2023 | 04/04/2022 | 08/11/2024"
6771,5000,4,"14/08/2022 | 25/09/2022 | 16/03/2024 | 05/10/2024"
2763,5000,4,"01/03/2021 | 17/07/2025 | 10/03/2021 | 04/01/2021"
3788,5000,4,"18/11/2023 | 16/11/2024 | 04/08/2023 | 04/07/2024"
1277,5000,4,"20/08/2023 | 01/04/2023 | 14/09/2020 | 05/12/2022"
5151,5000,4,"11/03/2024 | 18/05/2024 | 24/05/2022 | 18/09/2024"
1306,5000,4,"05/05/2021 | 26/06/2022 | 21/04/2022 | 27/05/2023"
7573,5000,4,"01/03/2024 | 03/03/2021 | 05/07/2023 | 18/03/2022"
2374,5000,4,"24/12/2021 | 07/11/2024 | 09/05/2023 | 17/09/2023"
3926,5000,4,"25/02/2022 | 29/06/2024 | 11/07/2024 | 22/12/2021"
7486,5000,4,"19/10/2024 | 12/11/2021 | 17/01/2022 | 05/07/2022"
8298,5000,4,"12/04/2023 | 30/07/2023 | 16/09/2023 | 04/10/2024"
8813,5000,4,"24/09/2021 | 13/01/2021 | 02/09/2024 | 02/09/2022"
5029,5000,4,"26/04/2022 | 10/06/2022 | 28/12/2020 | 01/09/2023"
9986,5000,4,"27/01/2023 | 07/03/2023 | 31/07/2025 | 22/09/2023"
9930,5000,4,"16/09/2020 | 03/06/2022 | 31/01/2022 | 18/12/2024"
1107,5000,4,"21/03/2022 | 20/05/2025 | 29/12/2020 | 07/09/2023"
5264,5000,4,"13/01/2022 | 15/02/2024 | 12/06/2025 | 05/10/2021"
1011,5000,4,"01/10/2021 | 17/08/2020 | 03/02/2024 | 23/05/2025"
5405,5000,4,"22/04/2021 | 28/03/2022 | 28/07/2022 | 06/05/2024"
8449,5000,4,"09/05/2022 | 28/07/2023 | 19/05/2024 | 27/12/2024"
6802,5000,4,"09/11/2020 | 14/12/2024 | 02/08/2025 | 17/12/2022"
9571,5000,4,"22/12/2020 | 22/03/2021 | 26/02/2023 | 08/11/2024"
5829,5000,4,"17/07/2025 | 11/05/2025 | 17/04/2021 | 26/03/2021"
1387,5000,4,"15/06/2023 | 14/04/2023 | 06/01/2021 | 12/09/2022"
3908,5000,4,"29/07/2023 | 23/10/2023 | 08/02/2024 | 21/01/2024"
1550,5000,4,"09/01/2021 | 21/06/2022 | 04/02/2024 | 29/09/2023"
4569,5000,4,"14/12/2024 | 03/07/2025 | 01/01/2022 | 30/01/2023"
8348,5000,4,"25/03/2025 | 16/02/2021 | 02/01/2023 | 22/02/2025"
2182,5000,4,"17/01/2025 | 09/10/2022 | 18/07/2020 | 18/01/2023"
2053,5000,4,"14/05/2022 | 25/03/2023 | 07/11/2024 | 04/01/2024"
3737,5000,4,"16/01/2024 | 21/11/2022 | 07/05/2022 | 30/05/2025"
2971,5000,4,"26/11/2023 | 13/03/2025 | 25/09/2021 | 05/08/2024"
7926,5000,4,"26/09/2020 | 23/10/2022 | 19/07/2023 | 02/03/2024"
9559,5000,4,"07/03/2024 | 31/12/2023 | 04/05/2025 | 19/09/2023"
6304,5000,4,"15/12/2024 | 25/07/2025 | 12/10/2021 | 11/11/2022"
6021,5000,4,"06/02/2023 | 04/12/2020 | 08/02/2023 | 30/07/2025"
4090,5000,4,"10/01/2024 | 07/10/2021 | 26/11/2021 | 23/04/2024"
2960,5000,4,"10/05/2023 | 18/03/2024 | 09/08/2022 | 29/01/2025"
3976,5000,4,"25/07/2025 | 27/01/2022 | 23/04/2025 | 07/08/2022"
9731,5000,4,"16/11/2024 | 20/02/2025 | 22/12/2023 | 05/06/2025"
1634,5000,4,"14/05/2023 | 09/01/2024 | 09/06/2022 | 28/03/2025"
6437,5000,4,"23/05/2023 | 27/02/2024 | 17/06/2024 | 28/02/2024"
4089,5000,4,"19/08/2024 | 18/08/2023 | 15/04/2025 | 20/11/2020"
9970,5000,4,"13/12/2021 | 26/08/2024 | 15/04/2022 | 06/09/2023"
8096,5000,4,"29/06/2022 | 03/03/2025 | 29/10/2022 | 06/11/2022"
8269,5000,4,"20/11/2020 | 15/05/2023 | 20/10/2024 | 23/09/2024"
7961,5000,4,"04/08/2022 | 16/02/2025 | 08/12/2023 | 12/10/2022"
1811,5000,4,"29/08/2020 | 12/10/2020 | 04/10/2023 | 21/01/2023"
5260,5000,4,"20/03/2025 | 31/01/2023 | 15/04/2024 | 01/03/2022"
1109,5000,4,"02/02/2023 | 13/05/2023 | 12/03/2021 | 07/02/2025"
5893,5000,4,"02/11/2024 | 12/05/2022 | 14/06/2023 | 06/06/2023"
2934,5000,4,"13/04/2023 | 02/06/2024 | 12/06/2022 | 15/06/2022"
3951,5000,4,"11/01/2021 | 14/05/2022 | 13/08/2024 | 08/03/2022"
8563,5000,4,"20/02/2025 | 06/09/2023 | 24/07/2024 | 10/01/2025"
4164,5000,4,"10/03/2023 | 11/02/2024 | 30/06/2025 | 29/06/2024"
2306,5000,4,"11/11/2021 | 14/04/2022 | 01/12/2022 | 30/09/2020"
0198,5000,4,"22/06/2023 | 06/12/2023 | 31/10/2023 | 04/05/2022"
1049,5000,4,"06/03/2025 | 16/03/2022 | 10/10/2023 | 17/06/2023"
6143,5000,4,"01/08/2022 | 08/04/2023 | 03/08/2022 | 12/08/2023"
2274,5000,4,"02/04/2021 | 29/02/2024 | 24/01/2022 | 23/11/2024"
8743,5000,4,"08/05/2024 | 31/12/2022 | 02/02/2024 | 22/02/2022"
8466,5000,4,"03/04/2023 | 12/08/2022 | 20/06/2025 | 04/02/2024"
4411,5000,4,"09/10/2020 | 11/01/2025 | 30/10/2022 | 29/12/2022"
3023,5000,4,"24/01/2025 | 26/09/2020 | 21/03/2025 | 25/01/2024"
3864,5000,4,"28/03/2025 | 02/06/2023 | 04/01/2022 | 08/03/2021"
0534,5000,4,"18/01/2022 | 27/05/2023 | 20/05/2022 | 16/08/2023"
1014,5000,4,"16/07/2024 | 09/05/2023 | 12/03/2024 | 10/05/2023"
5906,5000,4,"11/03/2024 | 03/02/2021 | 08/12/2024 | 30/06/2022"
6474,5000,4,"10/08/2022 | 10/10/2024 | 09/03/2025 | 30/09/2023"
3362,5000,4,"12/06/2025 | 25/01/2022 | 17/03/2024 | 01/01/2023"
7900,5000,4,"26/02/2025 | 31/01/2025 | 12/05/2022 | 04/05/2024"
9380,5000,4,"13/08/2022 | 09/10/2021 | 27/03/2021 | 09/11/2022"
8301,5000,4,"01/01/2024 | 02/09/2020 | 04/08/2021 | 01/08/2025"
2276,5000,4,"06/03/2021 | 09/01/2025 | 17/09/2023 | 07/09/2023"
2012,5000,4,"08/09/2023 | 01/08/2023 | 03/03/2023 | 16/04/2025"
1506,5000,4,"27/03/2023 | 18/11/2024 | 06/05/2025 | 19/04/2022"
9504,5000,4,"27/02/2023 | 28/10/2020 | 11/04/2025 | 01/01/2022"
7347,5000,4,"11/02/2022 | 21/04/2021 | 28/12/2022 | 12/02/2025"
1467,5000,4,"28/04/2021 | 21/01/2022 | 30/09/2023 | 01/02/2023"
5431,5000,4,"02/01/2024 | 05/03/2025 | 22/12/2020 | 12/07/2025"
7395,5000,4,"05/07/2023 | 10/05/2022 | 02/09/2020 | 17/02/2025"
2161,5000,4,"22/05/2024 | 04/10/2022 | 13/09/2022 | 14/02/2024"
3416,5000,4,"18/03/2024 | 17/08/2025 | 18/01/2025 | 18/08/2025"
9425,5000,4,"31/12/2022 | 21/08/2023 | 04/03/2024 | 11/02/2025"
6522,5000,4,"12/04/2021 | 16/09/2020 | 29/04/2022 | 22/10/2021"
0288,5000,4,"04/04/2025 | 10/01/2025 | 20/09/2021 | 18/06/2022"
1810,5000,4,"09/01/2021 | 14/03/2023 | 10/02/2021 | 20/11/2020"
8305,5000,4,"10/11/2024 | 27/09/2021 | 25/08/2025 | 25/01/2021"
6905,5000,4,"02/05/2025 | 25/08/2021 | 01/07/2023 | 28/02/2023"
3394,5000,4,"27/12/2023 | 08/11/2021 | 15/11/2023 | 18/10/2024"
0145,5000,4,"14/11/2022 | 13/09/2023 | 23/02/2022 | 02/09/2021"
2587,5000,4,"17/08/2020 | 08/03/2024 | 18/07/2023 | 28/12/2024"
8811,5000,4,"04/03/2024 | 04/12/2022 | 30/08/2022 | 29/12/2020"
4191,5000,4,"03/02/2021 | 06/02/2025 | 11/05/2022 | 15/02/2022"
0989,5000,4,"13/03/2024 | 31/03/2022 | 12/02/2024 | 28/10/2023"
6865,5000,4,"29/07/2024 | 12/08/2023 | 19/08/2020 | 24/09/2021"
5758,5000,4,"10/03/2024 | 20/08/2021 | 07/05/2021 | 03/08/2025"
7315,5000,4,"13/04/2023 | 14/12/2022 | 07/08/2025 | 22/03/2023"
7593,5000,4,"11/08/2021 | 04/01/2024 | 12/06/2024 | 13/11/2023"
6609,5000,4,"09/06/2024 | 23/05/2022 | 11/09/2024 | 21/11/2023"
2112,5000,4,"08/01/2021 | 24/09/2021 | 03/07/2025 | 09/02/2023"
6310,5000,4,"31/05/2022 | 21/09/2024 | 10/10/2020 | 08/04/2022"
8245,5000,4,"08/12/2023 | 26/08/2024 | 28/02/2024 | 04/03/2022"
2575,5000,4,"03/09/2021 | 19/08/2023 | 19/01/2024 | 16/02/2024"
2639,5000,4,"11/04/2023 | 17/10/2023 | 23/07/2023 | 23/05/2024"
8366,5000,4,"20/04/2025 | 04/04/2025 | 30/12/2020 | 23/06/2022"
6848,5000,4,"12/03/2023 | 15/09/2021 | 03/02/2024 | 24/09/2022"
0890,5000,4,"14/04/2022 | 03/11/2023 | 13/09/2023 | 28/12/2021"
2277,5000,4,"21/09/2021 | 03/01/2024 | 23/09/2022 | 01/03/2024"
3923,5000,4,"05/01/2021 | 10/11/2022 | 05/02/2024 | 20/06/2022"
2797,5000,4,"19/12/2023 | 19/10/2024 | 28/08/2023 | 22/08/2025"
2238,5000,4,"03/09/2023 | 29/03/2021 | 06/10/2021 | 07/03/2022"
6688,5000,4,"13/02/2025 | 06/02/2025 | 22/07/2022 | 14/04/2025"
7930,5000,4,"15/10/2022 | 07/10/2021 | 19/10/2023 | 13/05/2022"
0143,5000,4,"05/11/2023 | 06/12/2023 | 02/09/2022 | 11/11/2023"
7911,5000,4,"12/11/2024 | 03/05/2024 | 07/12/2022 | 10/11/2024"
2783,5000,4,"13/09/2022 | 05/09/2024 | 03/08/2020 | 04/12/2023"
7074,5000,4,"15/03/2023 | 28/11/2023 | 10/01/2024 | 03/10/2024"
4186,5000,4,"02/09/2021 | 24/10/2023 | 06/12/2023 | 28/03/2025"
2461,5000,4,"27/01/2023 | 06/09/2022 | 19/05/2023 | 28/10/2023"
7915,5000,4,"04/01/2022 | 21/09/2022 | 26/02/2023 | 12/05/2023"
7290,5000,4,"15/11/2024 | 03/02/2025 | 20/06/2022 | 18/12/2021"
2493,5000,4,"09/08/2025 | 14/09/2020 | 25/06/2025 | 13/08/2023"
6037,5000,4,"01/11/2023 | 26/09/2024 | 03/07/2025 | 02/07/2022"
2352,5000,4,"23/12/2023 | 13/10/2022 | 02/09/2022 | 16/02/2023"
7255,5000,4,"25/10/2023 | 04/01/2022 | 03/02/2024 | 03/05/2025"
2849,5000,4,"23/10/2020 | 20/09/2024 | 07/05/2023 | 09/06/2022"
4118,5000,4,"21/12/2021 | 25/12/2020 | 22/12/2023 | 07/06/2022"
9585,5000,4,"31/05/2022 | 17/03/2022 | 19/03/2025 | 18/07/2024"
9048,5000,4,"13/04/2023 | 20/06/2025 | 08/09/2020 | 20/08/2025"
3030,5000,4,"23/12/2022 | 28/10/2022 | 14/05/2024 | 28/05/2024"
4433,5000,4,"06/10/2021 | 26/05/2024 | 21/11/2024 | 19/09/2022"
3404,5000,4,"10/03/2021 | 15/11/2021 | 25/02/2022 | 10/08/2022"
8184,5000,4,"12/02/2021 | 09/05/2025 | 23/05/2022 | 14/12/2022"
4078,5000,4,"10/03/2023 | 29/11/2023 | 22/06/2024 | 16/02/2024"
9103,5000,4,"02/12/2024 | 18/02/2021 | 23/03/2025 | 16/09/2020"
6758,5000,4,"20/03/2025 | 08/11/2022 | 16/04/2024 | 16/08/2022"
1796,5000,4,"19/04/2023 | 23/09/2023 | 03/04/2021 | 18/12/2022"
1750,5000,4,"19/10/2020 | 07/10/2021 | 21/02/2025 | 15/06/2023"
2171,5000,4,"08/08/2024 | 16/06/2022 | 26/05/2025 | 12/07/2024"
8964,5000,4,"18/11/2023 | 11/12/2022 | 24/07/2025 | 15/05/2023"
0974,5000,4,"22/09/2024 | 01/02/2022 | 19/02/2021 | 05/04/2021"
4596,5000,4,"03/03/2022 | 20/06/2023 | 05/03/2021 | 29/09/2024"
7546,5000,4,"05/06/2022 | 03/04/2025 | 07/04/2025 | 19/04/2023"
2459,5000,4,"14/10/2023 | 09/05/2024 | 15/02/2024 | 16/07/2025"
6176,5000,4,"17/12/2023 | 14/08/2025 | 18/06/2023 | 31/03/2022"
3633,5000,4,"13/11/2024 | 16/09/2022 | 06/03/2023 | 25/09/2024"
5656,5000,4,"21/09/2021 | 21/03/2024 | 04/08/2022 | 12/12/2020"
0470,5000,4,"04/12/2023 | 08/03/2025 | 24/12/2023 | 31/05/2025"
8619,5000,4,"13/05/2024 | 09/05/2022 | 20/04/2021 | 07/07/2022"
2515,5000,4,"22/10/2023 | 13/07/2023 | 01/08/2020 | 01/01/2022"
4872,5000,4,"24/02/2021 | 15/06/2024 | 06/09/2022 | 04/01/2025"
2230,5000,4,"17/04/2024 | 10/10/2023 | 01/09/2023 | 26/12/2022"
3190,5000,4,"16/02/2021 | 13/04/2024 | 22/05/2023 | 09/01/2021"
9712,5000,4,"01/10/2024 | 11/10/2024 | 08/11/2024 | 02/04/2023"
3150,5000,4,"10/02/2023 | 13/07/2022 | 05/12/2024 | 27/05/2022"
0020,5000,4,"18/03/2023 | 08/07/2022 | 16/10/2020 | 04/10/2024"
3176,5000,4,"06/02/2023 | 04/03/2023 | 14/10/2024 | 02/09/2024"
9916,5000,4,"21/07/2023 | 24/10/2024 | 10/04/2024 | 28/10/2020"
0629,5000,4,"21/12/2022 | 24/07/2022 | 18/06/2023 | 11/04/2024"
1189,5000,4,"23/12/2023 | 12/03/2025 | 06/06/2025 | 27/04/2021"
4824,5000,4,"30/01/2024 | 14/12/2020 | 13/04/2023 | 01/02/2025"
4529,5000,4,"08/10/2024 | 22/03/2021 | 09/09/2021 | 30/04/2022"
4520,5000,4,"29/01/2021 | 22/02/2023 | 10/06/2023 | 27/05/2024"
8924,5000,4,"14/05/2023 | 31/07/2023 | 08/10/2024 | 15/05/2025"
3867,5000,4,"22/06/2025 | 08/03/2022 | 14/05/2022 | 04/04/2023"
8930,5000,4,"02/08/2024 | 27/11/2023 | 02/05/2025 | 10/08/2024"
2875,5000,4,"13/07/2025 | 12/07/2023 | 26/09/2022 | 01/09/2023"
4479,5000,4,"07/02/2022 | 01/03/2022 | 29/01/2023 | 05/05/2021"
3593,5000,4,"25/03/2023 | 11/05/2024 | 24/03/2021 | 10/02/2023"
0040,5000,4,"01/10/2022 | 06/12/2022 | 04/02/2022 | 30/09/2020"
3919,5000,4,"27/09/2023 | 20/05/2025 | 20/10/2021 | 10/12/2021"
7648,5000,4,"08/04/2025 | 12/05/2021 | 26/10/2024 | 14/02/2023"
0807,5000,4,"19/10/2021 | 23/11/2023 | 08/12/2023 | 08/03/2025"
5683,5000,4,"30/06/2022 | 06/09/2022 | 29/12/2020 | 10/09/2024"
5488,5000,4,"18/11/2024 | 02/02/2025 | 27/08/2021 | 03/11/2023"
6405,5000,4,"10/07/2022 | 20/04/2022 | 31/08/2023 | 16/09/2022"
3952,5000,4,"25/01/2021 | 01/02/2024 | 05/03/2024 | 23/01/2025"
5900,5000,4,"12/04/2024 | 08/06/2022 | 01/01/2025 | 26/06/2024"
5820,5000,4,"21/06/2023 | 26/12/2023 | 08/02/2025 | 23/11/2020"
7723,5000,4,"29/06/2023 | 27/04/2024 | 23/12/2022 | 05/09/2023"
8412,5000,4,"28/07/2022 | 12/11/2021 | 16/01/2024 | 18/07/2025"
8615,5000,4,"17/02/2021 | 07/08/2023 | 11/07/2025 | 30/04/2024"
6313,5000,4,"13/09/2021 | 17/07/2023 | 04/09/2024 | 08/09/2021"
5956,5000,4,"02/12/2022 | 15/07/2025 | 15/04/2023 | 31/05/2025"
2034,5000,4,"17/03/2025 | 16/02/2023 | 12/05/2025 | 04/06/2023"
0999,5000,4,"28/10/2022 | 11/05/2022 | 11/12/2020 | 27/01/2023"
2957,5000,4,"11/01/2023 | 27/01/2021 | 07/04/2025 | 01/01/2021"
9863,5000,4,"31/01/2025 | 21/10/2024 | 30/12/2024 | 27/05/2025"
1781,5000,4,"17/04/2023 | 13/03/2025 | 14/05/2025 | 03/04/2025"
1448,5000,4,"04/01/2021 | 22/01/2021 | 08/11/2024 | 27/11/2021"
7144,5000,4,"25/05/2022 | 11/10/2022 | 07/01/2022 | 28/06/2025"
3718,5000,4,"19/03/2025 | 01/02/2023 | 26/05/2023 | 20/09/2021"
2027,5000,4,"08/09/2021 | 17/08/2025 | 23/02/2021 | 29/10/2022"
8341,5000,4,"04/03/2023 | 22/03/2023 | 20/12/2021 | 06/03/2024"
5019,5000,4,"26/10/2024 | 10/12/2022 | 08/01/2023 | 19/08/2024"
8937,5000,4,"21/04/2025 | 24/01/2022 | 23/12/2023 | 23/03/2022"
6556,5000,4,"15/03/2025 | 30/01/2021 | 22/04/2023 | 08/01/2025"
4003,5000,4,"19/07/2023 | 31/03/2022 | 12/10/2024 | 14/08/2023"
1242,5000,4,"07/08/2024 | 20/08/2022 | 06/12/2022 | 04/10/2024"
4928,5000,4,"27/08/2021 | 03/10/2023 | 07/11/2023 | 14/03/2023"
4573,5000,4,"15/09/2022 | 08/12/2022 | 12/04/2025 | 22/08/2022"
0031,5000,4,"25/09/2022 | 15/10/2023 | 16/12/2024 | 26/09/2022"
7479,5000,4,"21/04/2024 | 13/08/2020 | 28/01/2022 | 20/10/2024"
5442,5000,4,"21/04/2023 | 02/12/2020 | 12/02/2023 | 19/11/2024"
2389,5000,4,"23/04/2025 | 04/05/2022 | 08/04/2024 | 28/03/2024"
1044,5000,4,"14/01/2022 | 11/05/2023 | 29/01/2021 | 02/08/2025"
5877,5000,4,"21/11/2023 | 23/11/2020 | 17/02/2025 | 29/12/2020"
3580,5000,4,"02/12/2021 | 03/12/2024 | 14/08/2025 | 02/05/2022"
6575,5000,4,"19/11/2021 | 25/04/2022 | 15/12/2022 | 02/04/2022"
7691,5000,4,"06/10/2023 | 10/01/2024 | 21/12/2024 | 27/01/2025"
5894,5000,4,"21/08/2025 | 28/02/2024 | 20/02/2023 | 14/08/2025"
9243,5000,4,"29/10/2022 | 16/03/2024 | 18/11/2023 | 04/05/2025"
8224,5000,4,"06/05/2023 | 26/10/2023 | 01/03/2023 | 28/10/2020"
1519,5000,4,"21/05/2022 | 16/10/2023 | 08/04/2022 | 06/03/2024"
8823,5000,4,"14/04/2023 | 22/04/2024 | 04/09/2020 | 27/11/2024"
9062,5000,4,"13/07/2023 | 01/03/2024 | 12/03/2024 | 16/06/2022"
0938,5000,4,"07/08/2023 | 29/04/2021 | 16/05/2022 | 03/08/2024"
8650,5000,4,"26/06/2023 | 07/11/2022 | 15/04/2023 | 04/05/2024"
3579,5000,4,"19/09/2024 | 10/06/2025 | 26/07/2025 | 19/09/2023"
4680,5000,4,"30/01/2021 | 12/10/2020 | 30/06/2024 | 09/12/2020"
3549,5000,4,"13/04/2021 | 12/02/2023 | 15/10/2022 | 16/10/2024"
2289,5000,4,"05/03/2025 | 30/06/2025 | 05/10/2024 | 06/04/2022"
5007,5000,4,"16/03/2025 | 29/07/2024 | 25/08/2025 | 02/11/2023"
9133,5000,4,"28/02/2024 | 09/06/2025 | 11/05/2022 | 13/08/2025"
8438,5000,4,"29/12/2021 | 26/07/2022 | 16/03/2023 | 13/06/2024"
4145,5000,4,"02/02/2025 | 23/02/2022 | 20/07/2024 | 21/05/2022"
9888,5000,4,"15/10/2022 | 26/12/2022 | 01/09/2024 | 07/06/2025"
3427,5000,4,"22/03/2022 | 14/05/2025 | 15/11/2021 | 24/12/2023"
1966,5000,4,"27/07/2022 | 03/01/2023 | 19/06/2025 | 20/07/2025"
7134,5000,4,"25/11/2022 | 12/12/2022 | 18/09/2020 | 17/12/2021"
3920,5000,4,"30/03/2021 | 05/06/2022 | 29/12/2022 | 12/05/2021"
4766,5000,4,"28/11/2024 | 23/08/2024 | 13/11/2021 | 10/09/2022"
0471,5000,4,"05/08/2024 | 17/09/2021 | 15/02/2022 | 21/11/2023"
0315,5000,4,"02/02/2022 | 10/12/2024 | 31/07/2023 | 27/11/2024"
3217,5000,4,"29/05/2023 | 21/12/2021 | 03/01/2022 | 22/02/2021"
7764,5000,4,"23/06/2025 | 07/03/2023 | 15/01/2024 | 23/03/2025"
9908,5000,4,"25/11/2024 | 17/08/2022 | 13/02/2023 | 20/05/2024"
8788,5000,4,"18/10/2023 | 13/11/2023 | 19/01/2022 | 24/09/2022"
3147,5000,4,"26/02/2022 | 29/09/2024 | 12/03/2022 | 13/11/2022"
8177,5000,4,"29/04/2023 | 18/05/2025 | 06/07/2023 | 26/12/2020"
0244,5000,4,"17/09/2023 | 05/01/2024 | 22/02/2021 | 07/06/2023"
2180,5000,4,"01/02/2023 | 08/03/2021 | 21/02/2025 | 16/12/2021"
6425,5000,4,"01/12/2022 | 19/07/2024 | 13/05/2025 | 31/03/2021"
3120,5000,4,"04/11/2024 | 03/05/2022 | 28/12/2020 | 28/03/2025"
4035,5000,4,"19/08/2020 | 03/04/2024 | 14/07/2024 | 31/12/2024"
0185,5000,4,"20/06/2022 | 20/03/2025 | 11/08/2022 | 06/11/2024"
2809,5000,4,"29/06/2023 | 30/05/2024 | 18/01/2022 | 22/02/2022"
2265,5000,4,"23/03/2023 | 25/03/2025 | 26/06/2023 | 13/04/2023"
4199,5000,4,"01/01/2025 | 25/05/2022 | 10/11/2024 | 21/09/2021"
5393,5000,4,"21/12/2022 | 30/08/2022 | 19/12/2024 | 19/09/2024"
6212,5000,4,"17/04/2024 | 29/01/2021 | 17/07/2022 | 17/07/2024"
6386,5000,4,"12/05/2023 | 15/12/2021 | 15/05/2025 | 12/08/2024"
8251,5000,4,"02/06/2024 | 25/12/2024 | 07/01/2022 | 05/08/2024"
5965,5000,4,"16/11/2021 | 19/02/2024 | 04/03/2025 | 24/07/2023"
3371,5000,4,"25/12/2020 | 16/10/2023 | 08/07/2022 | 12/08/2023"
0380,5000,4,"25/01/2025 | 05/05/2024 | 23/10/2023 | 05/03/2025"
7937,5000,4,"20/10/2023 | 12/08/2024 | 05/01/2025 | 06/06/2023"
2201,5000,4,"26/09/2023 | 17/08/2022 | 11/07/2022 | 21/11/2024"
4310,5000,4,"09/10/2023 | 03/12/2022 | 28/09/2023 | 07/07/2023"
1844,5000,4,"03/10/2022 | 09/07/2022 | 15/09/2023 | 05/05/2025"
8031,5000,4,"27/01/2022 | 13/05/2022 | 16/07/2022 | 27/12/2023"
0583,5000,4,"27/09/2022 | 02/07/2024 | 22/10/2024 | 01/08/2022"
8521,5000,4,"10/01/2022 | 14/07/2024 | 18/11/2022 | 01/08/2024"
8886,5000,4,"25/05/2025 | 10/10/2024 | 26/02/2022 | 15/01/2022"
0467,5000,4,"07/11/2023 | 23/08/2025 | 14/12/2024 | 02/09/2020"
2080,5000,4,"27/08/2021 | 05/12/2023 | 18/11/2023 | 22/06/2024"
5433,5000,4,"24/09/2020 | 07/04/2024 | 19/02/2023 | 15/05/2025"
5067,5000,4,"20/05/2024 | 03/12/2022 | 14/03/2023 | 17/06/2025"
3269,5000,4,"16/10/2020 | 12/10/2022 | 26/02/2021 | 20/05/2024"
3304,5000,4,"01/08/2023 | 02/01/2025 | 24/08/2024 | 07/10/2023"
4087,5000,4,"19/04/2022 | 10/09/2023 | 24/11/2023 | 09/03/2024"
8468,5000,4,"17/02/2021 | 28/12/2024 | 05/07/2023 | 29/01/2025"
3447,5000,4,"23/04/2022 | 04/09/2024 | 05/04/2024 | 21/12/2023"
1510,5000,4,"01/01/2024 | 18/09/2020 | 13/06/2025 | 20/11/2020"
8711,5000,4,"24/03/2024 | 11/01/2024 | 16/03/2024 | 25/08/2025"
1630,5000,4,"08/03/2022 | 30/04/2023 | 17/03/2021 | 23/05/2023"
8957,5000,4,"22/09/2024 | 09/09/2021 | 10/05/2023 | 29/01/2023"
5942,5000,4,"11/07/2024 | 18/10/2023 | 25/01/2024 | 21/08/2025"
7555,5000,4,"16/12/2020 | 09/09/2024 | 13/12/2024 | 11/01/2023"
0201,5000,4,"16/01/2021 | 25/03/2022 | 29/01/2025 | 12/06/2025"
2623,5000,4,"06/02/2023 | 05/08/2024 | 23/12/2021 | 19/02/2022"
9692,5000,4,"11/10/2023 | 11/04/2023 | 20/08/2022 | 14/01/2022"
8344,5000,4,"24/02/2021 | 31/12/2023 | 08/11/2023 | 13/05/2024"
0648,5000,4,"28/02/2025 | 01/03/2022 | 24/06/2025 | 08/01/2025"
8626,5000,4,"06/01/2024 | 17/06/2024 | 21/04/2021 | 20/06/2025"
3424,5000,4,"03/11/2023 | 07/06/2024 | 30/11/2024 | 06/09/2022"
9788,5000,4,"30/06/2024 | 07/11/2024 | 30/01/2023 | 11/05/2021"
6436,5000,4,"22/06/2025 | 01/11/2021 | 21/01/2023 | 28/07/2022"
8535,5000,4,"08/07/2022 | 10/11/2023 | 25/09/2024 | 20/03/2024"
3830,5000,4,"09/01/2024 | 02/07/2025 | 27/11/2023 | 30/10/2022"
0320,5000,4,"11/07/2020 | 09/11/2020 | 03/03/2023 | 14/03/2024"
7196,5000,4,"27/04/2021 | 25/01/2024 | 29/10/2021 | 14/05/2023"
6112,5000,4,"11/04/2025 | 25/02/2021 | 31/05/2023 | 25/08/2023"
6322,5000,4,"04/11/2022 | 21/10/2021 | 03/09/2021 | 26/11/2023"
7209,5000,4,"07/11/2024 | 28/01/2024 | 16/04/2021 | 27/01/2022"
0704,5000,4,"11/08/2024 | 01/12/2023 | 15/07/2023 | 06/06/2023"
2226,5000,4,"27/04/2021 | 22/01/2021 | 23/07/2024 | 29/05/2022"
7268,5000,4,"26/02/2023 | 08/02/2022 | 04/03/2024 | 09/10/2022"
6562,5000,4,"05/04/2021 | 06/04/2025 | 27/11/2020 | 07/12/2021"
3026,5000,4,"15/01/2023 | 04/06/2022 | 27/03/2025 | 06/04/2023"
2825,5000,4,"19/09/2023 | 03/10/2023 | 16/10/2023 | 24/05/2025"
2537,5000,4,"21/06/2025 | 14/04/2024 | 20/02/2023 | 24/01/2023"
5725,5000,4,"03/12/2022 | 17/07/2025 | 26/07/2022 | 29/04/2024"
4487,5000,4,"08/03/2023 | 13/01/2025 | 05/02/2024 | 24/03/2024"
0428,5000,4,"11/08/2025 | 17/09/2021 | 25/12/2023 | 10/05/2022"
4119,5000,4,"23/05/2024 | 08/04/2025 | 14/02/2025 | 17/03/2024"
2912,5000,4,"24/12/2021 | 29/04/2023 | 22/04/2022 | 18/03/2024"
8706,5000,4,"01/08/2020 | 24/07/2022 | 29/05/2025 | 17/12/2022"
8896,5000,4,"04/02/2021 | 25/07/2023 | 10/03/2025 | 25/01/2021"
9725,5000,4,"22/03/2023 | 01/01/2024 | 09/03/2023 | 03/08/2025"
7973,5000,4,"13/11/2024 | 10/10/2023 | 17/07/2022 | 14/08/2022"
8139,5000,4,"27/09/2023 | 18/02/2023 | 06/03/2024 | 31/08/2023"
1358,5000,4,"04/05/2021 | 06/04/2024 | 02/05/2024 | 20/03/2021"
7513,5000,4,"31/08/2022 | 29/05/2022 | 29/01/2024 | 30/04/2025"
9927,5000,4,"08/09/2020 | 08/12/2020 | 17/03/2024 | 09/08/2025"
5779,5000,4,"11/08/2024 | 15/12/2021 | 27/04/2025 | 24/01/2022"
2841,5000,4,"03/05/2022 | 07/02/2025 | 01/04/2022 | 21/08/2025"
1907,5000,4,"25/06/2024 | 21/07/2022 | 21/08/2022 | 04/10/2024"
7050,5000,4,"03/05/2022 | 26/10/2023 | 23/08/2025 | 11/02/2024"
0364,5000,4,"30/07/2024 | 28/07/2025 | 14/03/2025 | 30/11/2023"
3054,5000,4,"29/03/2023 | 10/09/2023 | 31/05/2024 | 17/11/2021"
4806,5000,4,"14/04/2024 | 19/04/2024 | 30/11/2022 | 11/03/2021"
5673,5000,4,"12/12/2022 | 15/07/2023 | 24/06/2022 | 11/12/2024"
9091,5000,4,"06/09/2021 | 27/08/2022 | 24/03/2022 | 06/06/2025"
4218,5000,4,"01/01/2021 | 09/08/2024 | 11/06/2023 | 27/09/2021"
9356,5000,4,"22/01/2021 | 09/09/2021 | 09/08/2025 | 24/02/2024"
0952,5000,4,"06/08/2021 | 12/02/2023 | 01/02/2022 | 21/04/2021"
6925,5000,4,"30/10/2022 | 21/10/2023 | 22/03/2023 | 30/10/2023"
3071,5000,4,"24/12/2022 | 09/12/2020 | 13/01/2023 | 27/11/2023"
5620,5000,4,"05/01/2025 | 25/09/2022 | 05/07/2023 | 04/11/2020"
2597,5000,4,"27/12/2021 | 26/10/2021 | 08/11/2023 | 29/01/2021"
7781,5000,4,"23/07/2022 | 26/09/2022 | 13/12/2023 | 19/07/2024"
8058,5000,4,"11/09/2023 | 28/11/2023 | 16/11/2020 | 11/04/2023"
0104,5000,4,"25/11/2024 | 03/05/2025 | 13/08/2023 | 09/07/2025"
0510,5000,4,"12/01/2022 | 27/03/2021 | 17/07/2022 | 21/08/2025"
2815,5000,4,"16/09/2020 | 28/11/2022 | 12/01/2022 | 18/12/2021"
0074,5000,4,"21/08/2025 | 13/07/2023 | 04/10/2024 | 20/03/2025"
6744,5000,4,"18/11/2020 | 05/12/2022 | 04/03/2023 | 05/05/2025"
8338,5000,4,"13/09/2023 | 17/10/2022 | 25/10/2022 | 29/09/2022"
3559,5000,4,"23/09/2023 | 14/08/2024 | 16/08/2023 | 10/02/2021"
2037,5000,4,"08/07/2023 | 29/06/2022 | 12/10/2022 | 10/02/2022"
1094,5000,4,"26/02/2023 | 26/10/2024 | 30/01/2023 | 24/03/2025"
4743,5000,4,"18/01/2021 | 18/05/2023 | 28/07/2023 | 11/09/2023"
7968,5000,4,"27/08/2023 | 10/02/2024 | 31/03/2024 | 25/05/2022"
4143,5000,4,"06/11/2022 | 06/05/2023 | 02/05/2022 | 02/02/2021"
1513,5000,4,"24/11/2021 | 07/07/2024 | 06/08/2025 | 08/11/2024"
7646,5000,4,"30/06/2024 | 13/09/2021 | 22/03/2025 | 04/04/2023"
2863,5000,4,"21/12/2021 | 19/04/2022 | 07/01/2025 | 20/02/2025"
3840,5000,4,"30/05/2024 | 25/10/2024 | 21/02/2024 | 05/11/2022"
6698,5000,4,"12/04/2023 | 23/01/2025 | 25/10/2021 | 11/06/2025"
0857,5000,4,"21/12/2023 | 17/11/2021 | 20/04/2022 | 12/07/2025"
8015,5000,4,"14/02/2022 | 12/01/2023 | 10/03/2021 | 08/09/2024"
7244,5000,4,"02/01/2025 | 01/02/2022 | 08/04/2025 | 15/07/2022"
2338,5000,4,"24/09/2023 | 24/04/2025 | 17/04/2023 | 02/06/2022"
8955,5000,4,"21/03/2022 | 09/11/2021 | 30/08/2024 | 22/01/2022"
6685,5000,4,"21/08/2023 | 19/02/2025 | 11/08/2025 | 05/10/2024"
3382,5000,4,"12/09/2022 | 10/02/2023 | 17/02/2024 | 13/06/2024"
2343,5000,4,"23/10/2024 | 22/02/2025 | 20/04/2022 | 30/06/2023"
9047,5000,4,"29/11/2021 | 04/08/2022 | 01/03/2023 | 21/05/2023"
2191,5000,4,"26/06/2024 | 27/07/2024 | 26/05/2022 | 09/04/2021"
1771,5000,4,"20/08/2021 | 29/07/2022 | 23/08/2025 | 11/12/2020"
5752,5000,4,"17/08/2023 | 06/07/2024 | 17/09/2023 | 15/10/2021"
1860,5000,4,"08/02/2021 | 27/07/2023 | 07/02/2024 | 24/08/2024"
2899,5000,4,"28/08/2022 | 18/09/2020 | 06/08/2022 | 13/08/2020"
3808,5000,4,"28/12/2023 | 19/07/2022 | 14/01/2023 | 31/07/2022"
7592,5000,4,"12/02/2021 | 10/07/2024 | 08/12/2021 | 23/10/2024"
6763,5000,4,"09/02/2024 | 26/02/2025 | 17/09/2022 | 14/04/2025"
5414,5000,4,"01/06/2022 | 15/07/2025 | 03/10/2023 | 30/07/2022"
7017,5000,4,"11/07/2023 | 13/07/2023 | 04/06/2023 | 25/05/2024"
6323,5000,4,"06/06/2022 | 20/06/2023 | 21/10/2023 | 30/09/2021"
4549,5000,4,"20/01/2022 | 01/08/2022 | 19/08/2020 | 20/06/2025"
3325,5000,4,"25/11/2021 | 01/07/2023 | 28/06/2024 | 14/04/2025"
5665,5000,4,"02/12/2022 | 05/01/2022 | 03/05/2022 | 20/05/2022"
3264,5000,4,"11/02/2022 | 04/05/2024 | 16/04/2021 | 01/06/2022"
0751,5000,4,"15/11/2023 | 15/02/2025 | 29/06/2022 | 13/06/2025"
5911,5000,4,"04/07/2024 | 15/10/2022 | 14/04/2024 | 23/10/2024"
3029,5000,4,"14/10/2021 | 16/08/2021 | 21/07/2022 | 16/04/2025"
3643,5000,4,"10/11/2021 | 25/07/2023 | 09/10/2020 | 31/10/2024"
2798,5000,4,"18/01/2021 | 29/07/2024 | 19/04/2021 | 09/04/2022"
4749,5000,4,"07/04/2021 | 28/04/2023 | 15/07/2025 | 12/07/2022"
0299,5000,4,"18/12/2021 | 13/05/2025 | 30/07/2025 | 13/08/2020"
5707,5000,4,"02/02/2021 | 03/08/2024 | 17/02/2024 | 20/02/2025"
3296,5000,4,"15/06/2022 | 30/04/2023 | 15/06/2024 | 07/10/2023"
1644,5000,4,"22/04/2025 | 26/05/2022 | 25/05/2024 | 14/08/2024"
1721,5000,4,"02/01/2023 | 25/11/2024 | 29/04/2021 | 06/03/2025"
3395,5000,4,"01/07/2022 | 04/08/2023 | 05/08/2023 | 30/01/2025"
9418,5000,4,"11/12/2020 | 27/11/2021 | 19/06/2022 | 27/02/2025"
6714,5000,4,"01/02/2023 | 01/09/2024 | 10/05/2021 | 24/05/2025"
8944,5000,4,"12/07/2025 | 26/11/2024 | 28/08/2022 | 18/03/2022"
7849,5000,4,"17/08/2020 | 21/10/2021 | 12/06/2022 | 29/11/2023"
8382,5000,4,"11/02/2023 | 02/02/2024 | 30/11/2022 | 16/06/2023"
4696,5000,4,"14/10/2024 | 05/04/2025 | 25/09/2023 | 12/05/2024"
7306,5000,4,"28/12/2023 | 25/09/2022 | 02/09/2022 | 04/03/2022"
0128,5000,4,"09/04/2024 | 02/04/2024 | 21/08/2022 | 10/11/2023"
8421,5000,4,"26/06/2023 | 10/12/2021 | 03/12/2022 | 05/06/2023"
2564,5000,4,"02/04/2022 | 31/01/2024 | 06/12/2023 | 17/03/2024"
4417,5000,4,"27/06/2023 | 09/01/2024 | 28/02/2025 | 22/08/2024"
6897,5000,4,"07/12/2022 | 04/06/2022 | 17/01/2024 | 16/06/2023"
6513,5000,4,"07/01/2023 | 17/07/2023 | 03/12/2021 | 07/03/2023"
0721,5000,4,"19/01/2025 | 16/08/2024 | 23/02/2023 | 02/05/2023"
8508,5000,4,"08/02/2022 | 25/03/2025 | 13/02/2025 | 29/04/2022"
5584,5000,4,"20/08/2023 | 18/06/2024 | 01/09/2021 | 30/04/2024"
6863,5000,4,"23/02/2023 | 05/02/2022 | 12/12/2020 | 31/10/2024"
5856,5000,4,"13/06/2023 | 11/05/2022 | 19/07/2024 | 06/11/2020"
6839,5000,4,"07/11/2022 | 06/01/2024 | 11/02/2024 | 02/03/2022"
4009,5000,4,"20/06/2024 | 01/01/2023 | 04/03/2025 | 25/07/2024"
9316,5000,4,"25/07/2020 | 09/12/2022 | 16/06/2023 | 10/06/2024"
0454,5000,4,"06/07/2024 | 06/01/2021 | 25/03/2024 | 14/03/2023"
6426,5000,4,"01/08/2024 | 07/06/2025 | 09/05/2023 | 13/01/2023"
8250,5000,4,"05/02/2021 | 05/05/2023 | 25/12/2022 | 10/07/2022"
2984,5000,4,"16/05/2022 | 01/10/2021 | 04/04/2025 | 19/09/2024"
7594,5000,4,"07/05/2022 | 22/04/2021 | 30/06/2023 | 04/11/2021"
8520,5000,4,"13/01/2023 | 11/08/2021 | 07/08/2020 | 07/01/2025"
9264,5000,4,"29/10/2024 | 18/03/2021 | 09/02/2024 | 19/03/2024"
7990,5000,4,"17/09/2022 | 06/12/2023 | 12/03/2025 | 21/10/2021"
2031,5000,4,"07/04/2022 | 29/03/2024 | 05/09/2023 | 05/10/2024"
9753,5000,4,"25/11/2020 | 03/11/2021 | 30/03/2024 | 26/10/2022"
0825,5000,4,"08/09/2023 | 19/06/2024 | 26/09/2022 | 20/06/2024"
5091,5000,4,"13/09/2022 | 28/06/2023 | 05/06/2025 | 22/02/2023"
5728,5000,4,"05/04/2023 | 18/11/2024 | 28/05/2023 | 27/08/2023"
7797,5000,4,"21/06/2023 | 25/11/2023 | 14/04/2024 | 18/07/2023"
6053,5000,4,"10/04/2021 | 28/07/2025 | 22/04/2022 | 12/11/2022"
9627,5000,4,"30/04/2025 | 19/05/2022 | 11/05/2021 | 18/06/2025"
8853,5000,4,"06/11/2022 | 08/07/2023 | 25/07/2024 | 18/10/2024"
6789,5000,4,"18/07/2025 | 01/09/2022 | 01/08/2022 | 18/10/2022"
7389,5000,4,"07/09/2021 | 10/09/2023 | 21/04/2024 | 20/02/2021"
2225,5000,4,"29/11/2023 | 22/03/2023 | 17/03/2024 | 23/06/2023"
0269,5000,4,"10/02/2024 | 01/08/2025 | 27/08/2024 | 27/06/2024"
9186,5000,4,"30/10/2020 | 17/07/2022 | 15/04/2023 | 27/05/2024"
2476,5000,4,"08/08/2023 | 11/11/2023 | 10/08/2025 | 26/02/2021"
0314,5000,4,"29/09/2023 | 12/07/2024 | 31/01/2023 | 30/03/2025"
4395,5000,4,"08/04/2023 | 02/03/2021 | 20/01/2022 | 06/02/2021"
7984,5000,4,"30/10/2021 | 29/10/2021 | 03/03/2024 | 17/03/2024"
9061,5000,4,"12/10/2021 | 08/08/2025 | 23/09/2024 | 21/11/2022"
3065,5000,4,"02/09/2024 | 19/02/2025 | 23/06/2022 | 19/06/2023"
3277,5000,4,"16/09/2024 | 09/05/2025 | 02/12/2023 | 19/10/2023"
1543,5000,4,"11/05/2021 | 28/12/2020 | 30/10/2021 | 19/10/2023"
4860,5000,4,"13/03/2021 | 28/09/2023 | 20/08/2023 | 13/09/2023"
8129,5000,4,"25/12/2022 | 20/11/2024 | 10/02/2022 | 30/05/2022"
7862,5000,4,"22/09/2024 | 17/01/2025 | 08/06/2025 | 05/08/2024"
7195,5000,4,"18/04/2024 | 05/08/2024 | 14/09/2020 | 29/12/2021"
2440,5000,4,"12/02/2025 | 26/05/2022 | 14/06/2022 | 21/02/2022"
2505,5000,4,"17/09/2022 | 11/07/2024 | 20/08/2023 | 01/08/2022"
5361,5000,4,"09/11/2021 | 17/05/2022 | 12/08/2023 | 07/04/2024"
9747,5000,4,"18/08/2025 | 24/08/2022 | 12/04/2023 | 27/10/2021"
6968,5000,4,"14/02/2022 | 23/08/2023 | 23/02/2024 | 13/11/2024"
9257,5000,4,"20/11/2020 | 06/09/2022 | 05/04/2025 | 04/10/2023"
7674,5000,4,"06/12/2024 | 23/03/2025 | 30/12/2021 | 23/09/2023"
4523,5000,4,"13/03/2024 | 19/12/2020 | 05/01/2024 | 01/08/2025"
9590,5000,4,"21/02/2022 | 11/12/2023 | 22/10/2022 | 04/06/2022"
0259,5000,4,"12/07/2023 | 17/06/2023 | 05/02/2021 | 03/08/2025"
3214,5000,4,"10/05/2022 | 12/09/2020 | 04/10/2023 | 19/02/2025"
9072,5000,4,"30/11/2020 | 11/02/2025 | 22/08/2024 | 05/11/2024"
3744,5000,4,"28/06/2024 | 28/03/2024 | 11/04/2025 | 14/11/2024"
1465,5000,4,"26/04/2021 | 29/08/2024 | 06/10/2024 | 03/02/2025"
5667,5000,4,"22/09/2022 | 04/01/2024 | 24/07/2024 | 20/07/2024"
6206,5000,4,"21/05/2024 | 10/03/2023 | 17/07/2024 | 18/09/2023"
1210,5000,4,"23/04/2022 | 23/09/2024 | 26/12/2022 | 06/04/2023"
3443,5000,4,"19/04/2024 | 24/04/2024 | 25/06/2025 | 19/10/2024"
2900,5000,4,"07/10/2020 | 21/06/2024 | 16/08/2025 | 19/01/2025"
8679,5000,4,"05/10/2023 | 22/12/2020 | 17/05/2024 | 10/09/2021"
5966,5000,4,"06/11/2023 | 02/11/2022 | 27/09/2023 | 21/08/2025"
6504,5000,4,"17/05/2023 | 10/03/2022 | 02/08/2025 | 01/08/2025"
4678,5000,4,"25/05/2024 | 30/03/2021 | 04/10/2021 | 21/11/2023"
2962,5000,4,"02/02/2024 | 30/10/2021 | 01/11/2022 | 08/02/2025"
4959,5000,4,"16/12/2022 | 05/08/2025 | 23/09/2022 | 11/05/2025"
5831,5000,4,"10/05/2024 | 13/04/2022 | 17/06/2024 | 20/04/2023"
6491,5000,4,"25/07/2025 | 09/03/2025 | 30/07/2022 | 31/05/2024"
7710,5000,4,"12/07/2025 | 10/11/2022 | 08/11/2023 | 17/01/2023"
2159,5000,4,"27/04/2022 | 12/07/2022 | 23/04/2023 | 01/03/2023"
4813,5000,4,"09/04/2023 | 02/05/2023 | 10/04/2023 | 11/01/2024"
4333,5000,4,"19/02/2023 | 10/04/2024 | 30/03/2023 | 07/02/2024"
4585,5000,4,"11/06/2023 | 30/04/2023 | 01/09/2023 | 10/02/2021"
4978,5000,4,"24/09/2021 | 02/05/2024 | 07/10/2020 | 02/03/2025"
0903,5000,4,"24/12/2021 | 03/06/2025 | 24/02/2023 | 10/10/2020"
7892,5000,4,"09/01/2023 | 30/09/2023 | 15/12/2021 | 01/12/2024"
5382,5000,4,"04/06/2024 | 12/05/2022 | 09/06/2023 | 20/07/2024"
4665,5000,4,"10/12/2022 | 07/12/2024 | 04/02/2021 | 26/03/2024"
5658,5000,4,"30/07/2024 | 07/04/2024 | 17/08/2023 | 21/09/2024"
4556,5000,4,"08/03/2021 | 04/10/2024 | 02/04/2024 | 15/11/2024"
6604,5000,4,"27/02/2025 | 27/07/2023 | 06/09/2021 | 24/06/2025"
9766,5000,4,"04/08/2021 | 14/08/2024 | 25/02/2025 | 07/01/2024"
5946,5000,4,"06/01/2024 | 21/06/2024 | 15/06/2025 | 30/11/2021"
6502,5000,4,"13/11/2022 | 09/12/2021 | 05/12/2022 | 26/06/2022"
4772,5000,4,"21/05/2023 | 24/03/2023 | 29/11/2023 | 06/01/2021"
2270,5000,4,"08/01/2023 | 23/04/2024 | 12/03/2024 | 19/01/2025"
3839,5000,4,"13/03/2023 | 18/01/2021 | 28/09/2021 | 19/08/2024"
4005,5000,4,"19/01/2024 | 10/09/2021 | 11/06/2024 | 20/03/2025"
1727,5000,4,"15/07/2023 | 29/04/2023 | 14/04/2025 | 22/05/2024"
6006,5000,4,"13/08/2024 | 27/09/2023 | 15/06/2025 | 13/06/2024"
7090,5000,4,"05/09/2024 | 28/10/2024 | 17/11/2024 | 13/03/2021"
7082,5000,4,"18/01/2025 | 30/04/2021 | 24/08/2023 | 11/11/2023"
4989,5000,4,"07/01/2025 | 17/04/2021 | 01/04/2024 | 07/08/2022"
3422,5000,4,"23/03/2025 | 01/01/2022 | 26/12/2024 | 09/11/2023"
9587,5000,4,"07/10/2023 | 21/05/2024 | 07/08/2022 | 04/06/2022"
7401,5000,4,"16/01/2021 | 08/11/2024 | 04/09/2022 | 07/11/2022"
2015,5000,4,"09/07/2025 | 21/09/2022 | 20/10/2024 | 20/06/2023"
1942,5000,4,"27/09/2023 | 15/03/2025 | 07/05/2022 | 17/04/2024"
4200,5000,4,"25/02/2021 | 06/03/2023 | 10/09/2022 | 27/11/2022"
2507,5000,4,"27/02/2021 | 06/01/2024 | 19/08/2024 | 12/10/2022"
7924,5000,4,"23/08/2023 | 24/11/2022 | 21/02/2024 | 31/01/2025"
7665,5000,4,"10/05/2022 | 07/10/2020 | 06/03/2021 | 24/06/2022"
9861,5000,4,"18/08/2024 | 17/04/2024 | 15/04/2025 | 23/02/2021"
8003,5000,4,"07/03/2024 | 14/02/2024 | 24/05/2024 | 14/10/2020"
0106,5000,4,"26/10/2020 | 16/08/2025 | 09/12/2021 | 22/11/2022"
4226,5000,4,"07/04/2024 | 18/01/2021 | 15/05/2025 | 28/11/2024"
7367,5000,4,"27/09/2022 | 13/05/2022 | 10/02/2021 | 02/11/2022"
7944,5000,4,"07/09/2024 | 23/02/2024 | 11/06/2025 | 17/05/2023"
3428,5000,4,"13/11/2022 | 23/02/2021 | 14/07/2024 | 17/10/2024"
5044,5000,4,"16/05/2024 | 09/02/2021 | 31/07/2025 | 21/05/2022"
4256,5000,4,"16/11/2020 | 08/12/2020 | 03/01/2024 | 26/09/2024"
5603,5000,4,"26/04/2023 | 19/11/2022 | 27/02/2021 | 19/11/2024"
8524,5000,4,"29/12/2020 | 28/10/2021 | 27/11/2020 | 14/06/2022"
1463,5000,4,"05/03/2022 | 06/06/2025 | 23/06/2023 | 05/03/2025"
1492,5000,4,"22/09/2023 | 04/09/2021 | 13/11/2023 | 20/04/2021"
1603,5000,4,"18/07/2022 | 03/11/2023 | 07/08/2024 | 12/05/2025"
7814,5000,4,"19/05/2022 | 06/06/2022 | 09/05/2022 | 02/12/2022"
0099,5000,4,"25/02/2022 | 25/08/2022 | 11/10/2023 | 04/05/2024"
7121,5000,4,"29/07/2023 | 15/11/2023 | 18/03/2021 | 27/06/2024"
5934,5000,4,"16/02/2023 | 23/11/2023 | 18/12/2024 | 26/07/2024"
0574,5000,4,"22/07/2023 | 22/07/2022 | 12/10/2024 | 23/08/2025"
9770,5000,4,"19/02/2021 | 05/09/2022 | 14/09/2020 | 19/08/2020"
1869,5000,4,"11/01/2021 | 28/12/2021 | 08/08/2023 | 08/09/2020"
1891,5000,4,"29/03/2023 | 22/02/2022 | 11/02/2021 | 20/04/2024"
7943,5000,4,"22/11/2022 | 28/10/2024 | 21/11/2024 | 05/04/2023"
3473,5000,4,"21/12/2021 | 13/06/2022 | 03/07/2022 | 18/08/2024"
9464,5000,4,"01/08/2022 | 25/09/2024 | 29/04/2025 | 06/11/2021"
6180,5000,4,"30/07/2025 | 01/03/2024 | 09/03/2021 | 13/10/2022"
7925,5000,4,"29/01/2022 | 25/12/2023 | 06/07/2025 | 31/05/2024"
5857,5000,4,"26/11/2022 | 25/11/2020 | 26/11/2023 | 22/08/2022"
5736,5000,4,"22/03/2022 | 08/09/2021 | 18/11/2020 | 07/08/2025"
4308,5000,4,"19/08/2023 | 19/11/2021 | 30/05/2023 | 28/10/2024"
9891,5000,4,"19/08/2024 | 25/07/2022 | 01/02/2021 | 18/01/2024"
0559,5000,4,"14/11/2023 | 10/07/2023 | 04/11/2021 | 19/10/2024"
9524,5000,4,"08/12/2021 | 21/02/2023 | 11/10/2023 | 22/09/2021"
5121,5000,4,"05/01/2025 | 23/02/2021 | 01/02/2023 | 02/01/2021"
0527,5000,4,"01/10/2023 | 03/05/2023 | 31/05/2023 | 20/10/2023"
3266,5000,4,"29/05/2022 | 18/02/2023 | 11/08/2022 | 27/03/2021"
3759,5000,4,"13/08/2025 | 06/05/2021 | 04/02/2024 | 30/04/2023"
0082,5000,4,"07/08/2025 | 29/11/2024 | 23/06/2025 | 15/09/2023"
5421,5000,4,"30/09/2022 | 01/07/2024 | 10/02/2024 | 31/03/2021"
4283,5000,4,"12/02/2024 | 06/06/2023 | 22/10/2022 | 02/04/2024"
6326,5000,4,"12/05/2025 | 22/08/2025 | 08/12/2024 | 25/10/2024"
4147,5000,4,"09/04/2021 | 20/01/2022 | 11/12/2023 | 05/12/2024"
7221,5000,4,"25/12/2022 | 08/06/2025 | 04/08/2021 | 21/06/2023"
8999,5000,4,"18/10/2021 | 12/10/2023 | 31/07/2025 | 13/06/2023"
9946,5000,4,"20/01/2023 | 26/03/2021 | 29/01/2024 | 18/05/2024"
7673,5000,4,"22/01/2025 | 16/02/2025 | 06/04/2022 | 20/11/2021"
6000,5000,4,"08/09/2021 | 20/12/2024 | 19/07/2022 | 10/11/2022"
2360,5000,4,"14/06/2025 | 08/02/2021 | 03/12/2022 | 30/08/2023"
1301,5000,4,"01/12/2024 | 10/09/2021 | 29/06/2022 | 08/07/2025"
0661,5000,4,"11/06/2022 | 01/03/2022 | 15/04/2022 | 20/07/2025"
5415,5000,4,"09/04/2023 | 06/03/2024 | 03/12/2021 | 17/05/2025"
4769,5000,4,"27/09/2021 | 12/02/2023 | 11/10/2024 | 18/07/2023"
3501,5000,4,"29/06/2022 | 04/05/2022 | 20/11/2023 | 24/07/2024"
6224,5000,4,"21/05/2023 | 26/04/2025 | 20/10/2024 | 17/12/2024"
0973,5000,4,"03/07/2025 | 28/09/2023 | 24/06/2024 | 24/06/2025"
6400,5000,4,"16/04/2022 | 09/01/2021 | 25/10/2021 | 08/01/2023"
7245,5000,4,"23/02/2024 | 30/03/2024 | 30/03/2021 | 04/08/2024"
1572,5000,4,"14/06/2024 | 16/03/2024 | 17/04/2024 | 23/01/2024"
7994,5000,4,"19/06/2025 | 21/02/2022 | 30/04/2023 | 03/08/2024"
8829,5000,4,"02/11/2023 | 22/12/2020 | 05/12/2024 | 18/04/2022"
2384,5000,4,"21/09/2023 | 04/07/2022 | 27/05/2022 | 30/09/2020"
6717,5000,4,"30/07/2025 | 02/03/2023 | 14/03/2024 | 26/06/2025"
2318,5000,4,"10/08/2023 | 03/06/2025 | 18/01/2021 | 04/12/2022"
4402,5000,4,"21/05/2022 | 18/07/2022 | 22/12/2024 | 01/02/2024"
0260,5000,4,"31/05/2023 | 16/07/2024 | 22/12/2022 | 16/06/2024"
5696,5000,4,"27/11/2020 | 12/02/2023 | 25/05/2024 | 05/09/2024"
2073,5000,4,"12/12/2020 | 17/09/2022 | 28/02/2022 | 17/02/2023"
9655,5000,4,"21/10/2020 | 13/01/2025 | 25/09/2023 | 23/09/2021"
5210,5000,4,"26/02/2024 | 19/04/2021 | 29/09/2023 | 18/04/2024"
0358,5000,4,"30/11/2022 | 04/01/2023 | 27/01/2025 | 07/12/2020"
7727,5000,4,"24/11/2024 | 10/06/2025 | 24/11/2023 | 07/07/2025"
3008,5000,4,"07/06/2023 | 16/08/2022 | 03/02/2023 | 09/04/2021"
6107,5000,4,"16/09/2021 | 13/05/2025 | 26/03/2023 | 05/11/2023"
1039,5000,4,"24/02/2022 | 09/08/2023 | 07/04/2023 | 22/06/2022"
3231,5000,4,"05/10/2023 | 07/08/2024 | 27/01/2025 | 20/02/2024"
0058,5000,4,"16/06/2023 | 16/01/2021 | 19/07/2024 | 21/08/2024"
0707,5000,4,"07/04/2025 | 24/11/2023 | 18/10/2022 | 24/06/2024"
6621,5000,4,"29/07/2024 | 14/02/2022 | 12/04/2024 | 23/02/2023"
9876,5000,4,"03/11/2022 | 21/07/2024 | 12/01/2022 | 03/08/2020"
5445,5000,4,"22/03/2024 | 07/03/2025 | 29/04/2025 | 29/04/2023"
1682,5000,4,"09/04/2021 | 29/04/2025 | 18/08/2024 | 22/12/2024"
5939,5000,4,"09/09/2024 | 07/11/2023 | 10/05/2023 | 24/07/2023"
3843,5000,4,"15/10/2024 | 10/11/2023 | 20/12/2022 | 10/01/2022"
6289,5000,4,"19/08/2023 | 18/01/2022 | 18/07/2022 | 07/08/2025"
9514,5000,4,"23/02/2021 | 09/04/2023 | 08/01/2024 | 15/07/2022"
6332,5000,4,"09/03/2025 | 25/12/2021 | 27/01/2025 | 29/01/2024"
0352,5000,4,"23/05/2024 | 03/10/2020 | 30/06/2025 | 22/08/2025"
4121,5000,4,"29/06/2025 | 11/08/2023 | 11/09/2021 | 19/09/2024"
7136,5000,4,"22/02/2024 | 28/07/2023 | 01/01/2025 | 28/10/2020"
8041,5000,4,"11/07/2023 | 21/01/2025 | 09/04/2021 | 26/04/2022"
4277,5000,4,"14/12/2021 | 24/02/2024 | 05/08/2023 | 16/09/2023"
5422,5000,4,"25/10/2023 | 26/03/2025 | 13/12/2021 | 12/08/2023"
4023,5000,4,"29/07/2023 | 12/06/2022 | 06/03/2021 | 02/05/2025"
4166,5000,4,"18/05/2023 | 15/09/2023 | 18/02/2024 | 20/03/2021"
6059,5000,4,"22/10/2023 | 27/04/2022 | 10/10/2022 | 22/03/2023"
9702,5000,4,"03/01/2025 | 01/06/2024 | 22/01/2023 | 17/09/2023"
5998,5000,4,"09/09/2023 | 21/09/2022 | 03/06/2024 | 16/07/2023"
1904,5000,4,"04/09/2020 | 27/04/2022 | 06/06/2025 | 06/04/2022"
3153,5000,4,"18/08/2021 | 30/04/2024 | 12/04/2023 | 15/10/2024"
9847,5000,4,"18/03/2025 | 02/08/2025 | 11/01/2023 | 12/04/2023"
2131,5000,4,"11/07/2022 | 05/09/2023 | 20/10/2024 | 28/10/2023"
4752,5000,4,"27/11/2022 | 22/02/2025 | 04/06/2024 | 03/01/2022"
4428,5000,4,"16/10/2022 | 30/08/2023 | 31/03/2024 | 03/06/2024"
7661,5000,4,"11/03/2025 | 10/11/2021 | 03/03/2023 | 11/12/2020"
1012,5000,4,"06/11/2020 | 12/09/2024 | 02/06/2023 | 15/04/2024"
4827,5000,4,"14/12/2022 | 27/11/2024 | 26/04/2023 | 25/12/2020"
8432,5000,4,"26/09/2023 | 11/10/2021 | 20/11/2021 | 26/07/2022"
8198,5000,4,"24/07/2022 | 08/12/2024 | 01/02/2021 | 02/07/2025"
0416,5000,4,"27/01/2021 | 21/06/2022 | 26/08/2022 | 11/02/2025"
6680,5000,4,"18/05/2024 | 19/09/2022 | 25/05/2024 | 27/08/2022"
6766,5000,4,"26/09/2023 | 04/06/2022 | 22/07/2023 | 05/03/2021"
2390,5000,4,"24/06/2023 | 12/10/2021 | 11/01/2024 | 30/03/2025"
8855,5000,4,"10/01/2022 | 13/07/2025 | 01/03/2023 | 04/12/2023"
8678,5000,4,"26/08/2022 | 08/11/2021 | 06/03/2023 | 30/06/2024"
4735,5000,4,"30/07/2022 | 04/07/2023 | 03/02/2025 | 29/12/2021"
3036,5000,4,"23/04/2022 | 08/10/2022 | 03/01/2024 | 13/05/2023"
2885,5000,4,"10/05/2023 | 14/10/2023 | 06/01/2023 | 03/08/2023"
0205,5000,4,"20/04/2024 | 14/07/2022 | 24/07/2025 | 02/02/2023"
2972,5000,4,"26/06/2024 | 24/06/2025 | 17/05/2023 | 11/11/2020"
8318,5000,4,"25/05/2022 | 06/02/2025 | 09/03/2024 | 26/09/2024"
8826,5000,4,"17/11/2023 | 30/12/2021 | 04/06/2024 | 29/01/2023"
7903,5000,4,"18/10/2024 | 11/05/2022 | 18/03/2022 | 18/06/2024"
0012,5000,4,"06/07/2025 | 28/09/2021 | 20/08/2023 | 04/06/2025"
2301,5000,4,"12/05/2024 | 12/04/2023 | 08/10/2023 | 17/12/2023"
4359,5000,4,"14/06/2022 | 28/04/2024 | 02/11/2022 | 11/04/2023"
7775,5000,4,"07/10/2021 | 08/08/2024 | 17/07/2023 | 08/03/2022"
4883,5000,4,"01/04/2024 | 19/08/2023 | 29/04/2025 | 18/11/2024"
8517,5000,4,"26/03/2022 | 14/10/2022 | 03/01/2023 | 22/04/2021"
4172,5000,4,"31/03/2024 | 01/07/2022 | 06/09/2024 | 22/04/2025"
8211,5000,4,"03/01/2024 | 11/09/2023 | 11/09/2024 | 27/07/2021"
4738,5000,4,"16/09/2020 | 21/09/2024 | 09/10/2021 | 22/06/2023"
2845,5000,4,"09/04/2024 | 24/10/2024 | 27/11/2020 | 13/05/2022"
9898,5000,4,"09/11/2023 | 23/07/2024 | 28/07/2025 | 19/08/2022"
2317,5000,4,"07/10/2022 | 11/11/2022 | 12/04/2024 | 16/05/2023"
4302,5000,4,"21/12/2022 | 26/02/2025 | 28/12/2022 | 24/10/2022"
7372,5000,4,"03/06/2023 | 25/04/2022 | 07/12/2024 | 22/06/2025"
4394,5000,4,"10/11/2021 | 02/01/2024 | 13/04/2025 | 21/10/2022"
7064,5000,4,"08/05/2023 | 29/12/2023 | 24/01/2025 | 29/10/2022"
5089,5000,4,"11/08/2025 | 11/07/2025 | 17/10/2024 | 20/01/2023"
5699,5000,4,"31/07/2022 | 29/07/2023 | 22/02/2025 | 20/02/2023"
6515,5000,4,"10/09/2024 | 07/07/2024 | 18/11/2021 | 27/07/2024"
5416,5000,4,"29/11/2023 | 01/06/2022 | 08/12/2022 | 22/05/2025"
1417,5000,4,"19/06/2023 | 30/12/2021 | 23/10/2023 | 29/11/2023"
8169,5000,4,"24/10/2023 | 15/02/2024 | 19/11/2023 | 24/02/2022"
3672,5000,4,"30/10/2021 | 01/10/2022 | 24/07/2024 | 14/09/2023"
5804,5000,4,"04/12/2023 | 23/02/2021 | 29/05/2022 | 16/04/2022"
0819,5000,4,"14/04/2024 | 02/09/2022 | 08/02/2024 | 11/02/2023"
8592,5000,4,"02/09/2023 | 08/06/2025 | 28/11/2022 | 11/08/2024"
1373,5000,4,"05/11/2024 | 03/09/2022 | 11/01/2021 | 19/02/2021"
9707,5000,4,"27/12/2023 | 10/05/2024 | 24/04/2025 | 11/05/2022"
4101,5000,4,"03/09/2023 | 02/11/2020 | 07/03/2025 | 28/02/2023"
7105,5000,4,"08/12/2020 | 05/03/2022 | 21/04/2022 | 05/06/2024"
2116,5000,4,"08/12/2020 | 27/07/2022 | 23/03/2025 | 30/01/2021"
0323,5000,4,"29/03/2022 | 26/08/2023 | 19/05/2024 | 16/11/2024"
4995,5000,4,"18/06/2022 | 12/02/2022 | 16/12/2022 | 22/12/2022"
9270,5000,4,"11/08/2024 | 17/02/2022 | 30/04/2023 | 05/11/2022"
6324,5000,4,"10/09/2023 | 30/10/2023 | 20/12/2024 | 14/04/2021"
3170,5000,4,"03/12/2021 | 17/04/2021 | 06/12/2021 | 08/09/2024"
5148,5000,4,"08/04/2025 | 01/01/2025 | 13/12/2022 | 19/02/2022"
3922,5000,4,"19/03/2024 | 21/03/2024 | 27/09/2021 | 14/05/2023"
5279,5000,4,"03/03/2022 | 05/01/2023 | 26/09/2020 | 29/08/2024"
3882,5000,4,"07/01/2022 | 31/10/2022 | 20/11/2021 | 03/02/2025"
5637,5000,4,"02/09/2021 | 21/03/2022 | 25/04/2023 | 26/02/2022"
7148,5000,4,"01/04/2023 | 06/01/2022 | 23/05/2022 | 10/01/2023"
6403,5000,4,"29/10/2024 | 09/04/2022 | 29/05/2022 | 26/04/2023"
4577,5000,4,"01/02/2024 | 01/01/2024 | 28/08/2023 | 08/12/2024"
8132,5000,4,"16/07/2022 | 28/06/2023 | 07/09/2021 | 20/11/2024"
9327,5000,4,"07/10/2020 | 30/09/2022 | 31/01/2025 | 12/09/2022"
8276,5000,4,"20/04/2022 | 19/11/2021 | 05/03/2024 | 22/10/2024"
9841,5000,4,"27/07/2022 | 21/04/2021 | 13/09/2021 | 04/12/2023"
3905,5000,4,"13/07/2025 | 13/03/2025 | 18/11/2024 | 03/11/2022"
1143,5000,4,"07/11/2022 | 16/04/2024 | 20/11/2024 | 16/12/2024"
6679,5000,4,"07/12/2022 | 10/10/2022 | 03/06/2024 | 08/01/2023"
9107,5000,4,"20/08/2023 | 06/08/2022 | 09/11/2021 | 17/10/2024"
8614,5000,4,"22/12/2022 | 14/10/2021 | 31/01/2022 | 31/01/2024"
8776,5000,4,"17/10/2022 | 11/10/2023 | 05/02/2022 | 18/03/2021"
5556,5000,4,"27/11/2024 | 28/01/2022 | 05/03/2022 | 06/01/2023"
9657,5000,4,"02/05/2025 | 22/09/2022 | 16/08/2024 | 20/09/2022"
6859,5000,4,"16/01/2021 | 13/12/2023 | 09/12/2023 | 10/05/2024"
3122,5000,4,"29/03/2023 | 21/04/2024 | 19/02/2021 | 11/11/2024"
2439,5000,4,"09/06/2024 | 07/01/2023 | 07/05/2025 | 21/03/2022"
8573,5000,4,"17/06/2022 | 13/11/2020 | 15/06/2024 | 08/01/2024"
9598,5000,4,"19/04/2022 | 09/01/2023 | 13/07/2022 | 01/08/2023"
1916,5000,4,"30/05/2024 | 11/10/2023 | 05/10/2021 | 05/04/2023"
3989,5000,4,"30/01/2024 | 26/05/2024 | 25/02/2023 | 02/08/2023"
1053,5000,4,"13/12/2021 | 18/06/2023 | 20/12/2022 | 22/06/2022"
4847,5000,4,"29/05/2023 | 01/12/2024 | 07/10/2024 | 17/09/2022"
3891,5000,4,"21/10/2024 | 29/03/2022 | 10/10/2023 | 18/08/2024"
2951,5000,4,"05/03/2024 | 07/02/2024 | 01/04/2024 | 26/02/2021"
4689,5000,4,"18/09/2021 | 03/12/2024 | 25/08/2024 | 22/09/2023"
0535,5000,4,"10/02/2023 | 27/01/2025 | 24/02/2025 | 10/01/2025"
9961,5000,4,"10/06/2023 | 15/11/2023 | 28/05/2022 | 30/04/2022"
3092,5000,4,"21/05/2024 | 18/03/2025 | 20/07/2023 | 28/03/2024"
7498,5000,4,"27/12/2023 | 09/06/2024 | 15/01/2022 | 22/09/2022"
4875,5000,4,"19/02/2021 | 30/01/2023 | 06/05/2024 | 19/06/2025"
4076,5000,4,"23/09/2024 | 05/07/2022 | 14/08/2024 | 14/07/2023"
4194,5000,4,"03/07/2025 | 19/07/2025 | 01/10/2023 | 17/06/2023"
5129,5000,4,"30/04/2022 | 25/04/2023 | 26/06/2024 | 07/05/2023"
7923,5000,4,"23/08/2022 | 10/06/2022 | 17/04/2024 | 02/11/2021"
9046,5000,4,"12/05/2024 | 03/11/2022 | 13/12/2022 | 15/10/2024"
3220,5000,4,"28/03/2022 | 20/10/2021 | 20/01/2023 | 08/12/2021"
3255,5000,4,"10/02/2023 | 26/07/2022 | 11/08/2020 | 09/08/2024"
2247,5000,4,"03/01/2022 | 30/03/2023 | 23/02/2021 | 31/03/2024"
6105,5000,4,"12/04/2024 | 21/01/2025 | 13/07/2024 | 10/03/2025"
8309,5000,4,"04/03/2024 | 22/07/2025 | 26/04/2024 | 09/04/2025"
5412,5000,4,"04/01/2021 | 20/01/2021 | 01/02/2021 | 23/01/2025"
3132,5000,4,"19/01/2022 | 27/12/2023 | 14/09/2022 | 19/02/2021"
4112,5000,4,"03/08/2022 | 28/04/2023 | 12/10/2022 | 15/06/2023"
7326,5000,4,"25/11/2021 | 17/10/2022 | 19/10/2021 | 27/01/2023"
4604,5000,4,"19/10/2021 | 09/02/2022 | 05/01/2025 | 17/06/2022"
4852,5000,4,"14/07/2023 | 28/04/2021 | 30/09/2023 | 22/02/2024"
9123,5000,4,"12/10/2020 | 15/01/2021 | 06/04/2024 | 28/10/2024"
9859,5000,4,"29/08/2020 | 10/02/2025 | 18/05/2022 | 16/04/2025"
5545,5000,4,"14/05/2022 | 11/08/2020 | 22/11/2021 | 11/11/2023"
9388,5000,4,"11/12/2021 | 16/11/2024 | 15/02/2025 | 10/09/2023"
0496,5000,4,"29/11/2021 | 12/04/2021 | 04/07/2022 | 25/12/2023"
9878,5000,4,"11/05/2024 | 09/10/2020 | 05/09/2022 | 31/08/2024"
0670,5000,4,"09/10/2022 | 06/03/2023 | 28/04/2023 | 01/12/2020"
0773,5000,4,"02/03/2023 | 17/11/2024 | 04/10/2021 | 21/06/2023"
0434,5000,4,"17/06/2025 | 25/03/2023 | 20/10/2021 | 10/01/2024"
9625,5000,4,"25/04/2022 | 05/07/2022 | 09/10/2022 | 11/03/2023"
1264,5000,4,"15/12/2023 | 26/06/2023 | 27/06/2022 | 20/06/2022"
0618,5000,4,"21/10/2020 | 10/09/2024 | 03/02/2021 | 24/10/2024"
6331,5000,4,"09/02/2022 | 20/03/2023 | 15/10/2023 | 05/11/2022"
1108,5000,4,"05/05/2022 | 15/04/2022 | 12/09/2020 | 15/06/2022"
5836,5000,4,"11/09/2022 | 06/01/2025 | 01/08/2022 | 28/01/2023"
2563,5000,4,"28/07/2025 | 01/12/2024 | 22/07/2025 | 24/03/2022"
8543,5000,4,"20/03/2021 | 08/03/2022 | 16/10/2021 | 28/10/2020"
8149,5000,4,"05/05/2021 | 27/08/2024 | 01/07/2022 | 26/08/2022"
4555,5000,4,"07/06/2023 | 23/01/2023 | 17/01/2022 | 17/01/2024"
1567,5000,4,"04/09/2021 | 27/11/2020 | 12/05/2024 | 22/10/2021"
8618,5000,4,"03/04/2024 | 17/10/2022 | 30/05/2025 | 06/06/2023"
1086,5000,4,"25/10/2024 | 05/02/2021 | 16/07/2023 | 29/12/2020"
3690,5000,4,"27/06/2022 | 08/10/2021 | 26/06/2024 | 04/08/2024"
9066,5000,4,"05/07/2025 | 25/08/2024 | 05/06/2024 | 27/07/2025"
5978,5000,4,"29/12/2021 | 10/05/2021 | 28/10/2023 | 05/08/2025"
5320,5000,4,"02/04/2021 | 08/07/2025 | 25/08/2020 | 07/08/2025"
9522,5000,4,"13/08/2020 | 03/12/2022 | 29/01/2021 | 25/11/2020"
4888,5000,4,"25/06/2023 | 14/12/2023 | 09/02/2024 | 16/04/2025"
1535,5000,4,"25/12/2021 | 24/01/2025 | 09/05/2025 | 24/09/2023"
2097,5000,4,"19/08/2020 | 13/01/2025 | 04/02/2024 | 17/12/2022"
7683,5000,4,"18/08/2021 | 28/07/2025 | 10/05/2025 | 08/11/2021"
4104,5000,4,"16/10/2024 | 22/05/2025 | 14/08/2024 | 25/11/2021"
9857,5000,4,"01/04/2021 | 25/02/2024 | 22/07/2025 | 24/04/2023"
3472,5000,4,"18/05/2025 | 01/04/2023 | 16/04/2021 | 14/08/2022"
8377,5000,4,"18/01/2022 | 23/09/2022 | 09/11/2022 | 05/08/2023"
4476,5000,4,"30/07/2022 | 07/07/2024 | 17/10/2023 | 03/10/2020"
2235,5000,4,"20/09/2021 | 05/01/2021 | 12/06/2022 | 03/02/2024"
4893,5000,4,"03/01/2025 | 19/06/2022 | 08/01/2021 | 09/07/2024"
4465,5000,4,"11/02/2024 | 22/10/2024 | 01/07/2023 | 09/12/2022"
7106,5000,4,"28/04/2022 | 16/01/2024 | 21/08/2023 | 23/11/2024"
8384,5000,4,"16/12/2020 | 02/02/2025 | 25/04/2022 | 08/11/2022"
9129,5000,4,"18/01/2025 | 22/07/2023 | 06/01/2024 | 04/11/2020"
3841,5000,4,"25/01/2023 | 11/12/2023 | 25/06/2024 | 20/12/2024"
7302,5000,4,"10/11/2022 | 28/12/2024 | 09/04/2025 | 22/01/2021"
7379,5000,4,"14/12/2023 | 25/02/2021 | 10/03/2025 | 01/03/2021"
6617,5000,4,"10/02/2021 | 19/01/2025 | 18/01/2023 | 25/10/2021"
7436,5000,4,"29/04/2024 | 29/12/2022 | 27/01/2022 | 04/03/2023"
3879,5000,4,"14/10/2022 | 23/03/2023 | 13/09/2023 | 09/01/2024"
3607,5000,4,"09/11/2020 | 20/01/2021 | 16/05/2025 | 10/01/2023"
6272,5000,4,"21/11/2022 | 07/01/2023 | 25/06/2025 | 05/12/2022"
8140,5000,4,"16/11/2024 | 08/10/2021 | 23/05/2024 | 27/09/2023"
1209,5000,4,"12/09/2020 | 16/12/2020 | 23/09/2023 | 22/03/2023"
0592,5000,4,"13/04/2022 | 13/08/2024 | 21/10/2024 | 29/07/2025"
7791,5000,4,"18/05/2025 | 06/04/2024 | 22/10/2021 | 07/08/2025"
1762,5000,4,"19/12/2024 | 26/03/2022 | 02/03/2023 | 16/04/2023"
5145,5000,4,"20/04/2021 | 23/04/2025 | 21/05/2024 | 04/11/2023"
1568,5000,4,"18/04/2024 | 24/04/2025 | 03/05/2024 | 03/04/2024"
6489,5000,4,"12/06/2023 | 08/10/2022 | 02/05/2025 | 06/10/2021"
9654,5000,4,"12/01/2021 | 13/01/2025 | 02/11/2023 | 19/03/2024"
8389,5000,4,"02/08/2021 | 10/08/2023 | 24/03/2023 | 03/04/2024"
5560,5000,4,"06/10/2022 | 22/03/2021 | 31/10/2024 | 28/12/2021"
2702,5000,4,"09/01/2024 | 21/07/2025 | 04/11/2024 | 05/04/2021"
0017,5000,4,"21/08/2025 | 12/11/2022 | 07/11/2024 | 04/12/2023"
7761,5000,4,"18/08/2023 | 05/12/2023 | 21/07/2024 | 03/09/2022"
6321,5000,4,"24/07/2024 | 26/02/2025 | 21/06/2024 | 19/06/2025"
2518,5000,4,"26/04/2022 | 17/05/2023 | 01/03/2021 | 14/12/2023"
6994,5000,4,"18/10/2024 | 26/11/2024 | 03/08/2023 | 02/05/2024"
6261,5000,4,"07/06/2022 | 31/10/2022 | 20/07/2024 | 16/06/2022"
7614,5000,4,"30/11/2021 | 03/01/2024 | 29/01/2023 | 07/12/2023"
6543,5000,4,"30/04/2022 | 02/11/2021 | 03/05/2023 | 06/05/2025"
1518,5000,4,"03/08/2022 | 08/09/2021 | 07/06/2025 | 27/04/2025"
6606,5000,4,"02/02/2024 | 03/03/2023 | 12/11/2023 | 08/09/2020"
0888,5000,4,"21/12/2020 | 30/01/2025 | 19/10/2021 | 27/06/2022"
7215,5000,4,"26/05/2025 | 14/07/2025 | 23/02/2024 | 07/11/2024"
7627,5000,4,"16/02/2021 | 07/12/2020 | 07/07/2023 | 04/02/2021"
1169,5000,4,"29/04/2022 | 29/01/2025 | 16/01/2023 | 15/01/2023"
1908,5000,4,"30/12/2024 | 22/02/2024 | 16/07/2022 | 29/09/2022"
6539,5000,4,"11/01/2025 | 24/05/2022 | 25/12/2022 | 09/11/2020"
9817,5000,4,"25/04/2024 | 12/07/2022 | 21/09/2022 | 22/10/2023"
0089,5000,4,"28/12/2022 | 24/08/2023 | 31/08/2024 | 05/12/2022"
8214,5000,4,"03/09/2024 | 09/08/2023 | 04/02/2025 | 09/01/2021"
7696,5000,4,"28/06/2022 | 22/09/2020 | 04/12/2021 | 20/11/2021"
5814,5000,4,"27/11/2024 | 14/06/2024 | 29/03/2023 | 18/05/2025"
8748,5000,4,"01/12/2023 | 25/12/2023 | 24/09/2022 | 17/05/2025"
5625,5000,4,"04/04/2025 | 06/09/2023 | 06/08/2022 | 12/08/2022"
7712,5000,4,"20/05/2025 | 23/08/2023 | 06/04/2025 | 29/04/2025"
9733,5000,4,"28/05/2024 | 09/04/2025 | 12/01/2021 | 03/06/2023"
5141,5000,4,"14/02/2025 | 30/11/2021 | 29/11/2022 | 18/05/2022"
0600,5000,4,"28/01/2023 | 19/03/2022 | 17/09/2024 | 09/08/2022"
8824,5000,4,"26/04/2021 | 09/01/2025 | 21/05/2023 | 28/03/2023"
3339,5000,4,"09/07/2024 | 16/11/2021 | 07/08/2020 | 05/04/2024"
1490,5000,4,"22/07/2022 | 18/04/2023 | 28/03/2023 | 09/11/2024"
1287,5000,4,"05/08/2025 | 07/09/2022 | 24/12/2024 | 08/09/2024"
3597,5000,4,"09/12/2021 | 27/07/2022 | 13/02/2021 | 01/09/2022"
8997,5000,4,"14/03/2025 | 29/12/2021 | 27/06/2022 | 22/10/2024"
7202,5000,4,"04/09/2023 | 30/03/2023 | 07/06/2025 | 09/03/2024"
6009,5000,4,"04/03/2022 | 06/11/2023 | 08/09/2020 | 03/02/2024"
7174,5000,4,"05/10/2020 | 23/04/2025 | 17/03/2023 | 20/10/2022"
6428,5000,4,"17/07/2024 | 03/05/2022 | 29/12/2021 | 05/06/2024"
8287,5000,4,"16/09/2022 | 11/06/2025 | 14/11/2022 | 29/03/2022"
0237,5000,4,"30/08/2021 | 12/09/2020 | 22/02/2025 | 03/12/2023"
8358,5000,4,"18/03/2025 | 03/11/2023 | 08/09/2023 | 06/12/2022"
6526,5000,4,"04/11/2020 | 20/10/2022 | 22/05/2024 | 27/09/2023"
7827,5000,4,"27/09/2024 | 10/09/2023 | 30/12/2022 | 21/07/2025"
2624,5000,4,"03/08/2024 | 03/08/2022 | 20/11/2024 | 10/05/2023"
3709,5000,4,"20/03/2021 | 18/11/2022 | 08/07/2025 | 11/05/2022"
4697,5000,4,"11/02/2021 | 26/11/2022 | 11/01/2021 | 01/09/2021"
7690,5000,4,"08/05/2025 | 12/07/2022 | 06/06/2024 | 15/06/2025"
9851,5000,4,"16/03/2021 | 02/12/2021 | 05/01/2021 | 10/10/2022"
8977,5000,4,"18/01/2023 | 25/12/2021 | 19/06/2022 | 15/02/2022"
6988,5000,4,"27/04/2022 | 28/03/2023 | 26/03/2023 | 23/05/2024"
0634,5000,4,"28/07/2022 | 13/03/2024 | 19/07/2024 | 28/06/2023"
2040,5000,4,"16/04/2024 | 22/10/2024 | 02/01/2025 | 20/10/2022"
6959,5000,4,"03/09/2023 | 05/01/2022 | 16/05/2024 | 12/02/2022"
5822,5000,4,"30/07/2021 | 26/03/2022 | 21/02/2024 | 11/03/2021"
3197,5000,4,"14/03/2025 | 29/12/2024 | 10/10/2024 | 25/11/2024"
9633,5000,4,"27/09/2021 | 24/11/2023 | 09/04/2025 | 09/08/2023"
6013,5000,4,"30/12/2024 | 27/05/2022 | 05/11/2022 | 02/04/2021"
1742,5000,4,"22/03/2022 | 18/03/2024 | 18/03/2025 | 19/05/2025"
8024,5000,4,"05/12/2023 | 11/07/2023 | 27/05/2025 | 02/04/2024"
5806,5000,4,"02/03/2025 | 16/05/2024 | 24/10/2022 | 03/10/2024"
4423,5000,4,"18/12/2021 | 19/04/2023 | 19/11/2023 | 30/07/2022"
7635,5000,4,"27/12/2024 | 29/07/2022 | 27/01/2025 | 19/02/2023"
7986,5000,4,"11/09/2023 | 08/05/2025 | 22/09/2023 | 21/08/2022"
4096,5000,4,"01/08/2022 | 07/04/2025 | 07/01/2024 | 22/08/2023"
8203,5000,4,"21/05/2024 | 04/05/2021 | 25/07/2025 | 07/09/2021"
5388,5000,4,"30/09/2024 | 09/09/2022 | 13/01/2024 | 08/02/2022"
6106,5000,4,"13/03/2025 | 17/07/2025 | 02/02/2024 | 27/03/2025"
5745,5000,4,"16/09/2024 | 20/01/2024 | 06/01/2024 | 17/11/2023"
3105,5000,4,"05/07/2023 | 26/07/2022 | 30/05/2023 | 30/12/2022"
3821,5000,4,"06/05/2021 | 29/06/2022 | 13/12/2022 | 17/06/2025"
7651,5000,4,"12/01/2024 | 28/03/2023 | 17/05/2024 | 31/12/2022"
5326,5000,4,"20/01/2024 | 26/11/2022 | 07/08/2020 | 24/11/2021"
7408,5000,4,"23/11/2022 | 12/10/2023 | 15/12/2020 | 10/05/2024"
1597,5000,4,"16/12/2020 | 09/05/2023 | 30/07/2024 | 12/11/2021"
8189,5000,4,"11/05/2023 | 19/12/2020 | 29/05/2023 | 13/12/2022"
4536,5000,4,"01/11/2022 | 18/05/2025 | 13/05/2023 | 30/12/2021"
6564,5000,4,"02/04/2021 | 01/12/2022 | 12/07/2023 | 05/01/2021"
9005,5000,4,"07/12/2020 | 06/11/2023 | 29/03/2021 | 05/05/2025"
8193,5000,4,"23/05/2023 | 09/03/2022 | 03/08/2024 | 03/03/2022"
2431,5000,4,"01/02/2025 | 20/08/2021 | 10/05/2025 | 16/07/2025"
3863,5000,4,"30/09/2023 | 05/11/2023 | 01/04/2023 | 26/09/2024"
3333,5000,4,"16/09/2021 | 20/12/2021 | 16/11/2024 | 16/02/2025"
0248,5000,4,"06/12/2022 | 20/12/2024 | 25/11/2024 | 26/07/2025"
6664,5000,4,"26/06/2025 | 24/01/2025 | 01/10/2021 | 14/03/2023"
8672,5000,4,"27/06/2023 | 17/09/2023 | 09/12/2024 | 29/01/2025"
7540,5000,4,"01/12/2021 | 25/09/2023 | 06/01/2024 | 25/10/2024"
0234,5000,4,"07/03/2025 | 13/08/2023 | 26/02/2024 | 18/10/2022"
6751,5000,4,"21/10/2020 | 26/08/2022 | 13/08/2025 | 20/12/2021"
5723,5000,4,"08/11/2022 | 15/03/2023 | 24/09/2024 | 15/02/2025"
4289,5000,4,"27/09/2023 | 12/02/2023 | 21/12/2022 | 06/11/2024"
7087,5000,4,"21/10/2022 | 12/06/2024 | 15/11/2023 | 13/04/2021"
1246,5000,4,"27/10/2021 | 03/01/2022 | 26/06/2025 | 14/10/2024"
6440,5000,4,"10/12/2022 | 01/07/2025 | 22/06/2022 | 14/10/2023"
6801,5000,4,"08/05/2025 | 03/06/2023 | 19/12/2023 | 20/12/2024"
5631,5000,3,"10/06/2023 | 26/07/2025 | 17/12/2023"
0712,5000,3,"11/11/2022 | 24/11/2022 | 17/03/2022"
7484,5000,3,"25/02/2024 | 21/01/2025 | 01/02/2024"
0620,5000,3,"06/01/2022 | 18/11/2020 | 28/09/2021"
9143,5000,3,"06/01/2022 | 22/02/2022 | 23/06/2022"
1063,5000,3,"04/07/2024 | 30/04/2021 | 08/10/2021"
3881,5000,3,"18/11/2020 | 11/02/2022 | 24/08/2025"
3563,5000,3,"31/07/2022 | 29/07/2025 | 16/02/2024"
8045,5000,3,"08/08/2024 | 05/07/2023 | 21/09/2022"
0507,5000,3,"25/12/2020 | 02/08/2023 | 23/07/2023"
4322,5000,3,"01/06/2022 | 18/03/2023 | 12/01/2025"
1430,5000,3,"13/10/2024 | 04/01/2025 | 01/07/2022"
7124,5000,3,"04/10/2021 | 29/06/2022 | 03/01/2023"
5371,5000,3,"21/03/2023 | 22/02/2023 | 20/10/2022"
0537,5000,3,"20/12/2024 | 02/09/2024 | 28/03/2024"
5117,5000,3,"24/09/2023 | 12/10/2023 | 07/04/2023"
8260,5000,3,"12/05/2023 | 14/01/2025 | 24/02/2025"
8110,5000,3,"24/10/2024 | 31/05/2023 | 15/03/2024"
0708,5000,3,"07/02/2024 | 29/06/2024 | 24/08/2025"
5265,5000,3,"23/08/2025 | 17/10/2022 | 14/09/2024"
5947,5000,3,"19/07/2025 | 11/07/2023 | 29/09/2024"
6860,5000,3,"18/08/2022 | 07/06/2024 | 30/07/2022"
3642,5000,3,"05/04/2024 | 18/10/2024 | 23/11/2024"
1979,5000,3,"01/11/2024 | 27/03/2025 | 25/12/2021"
2370,5000,3,"15/12/2020 | 20/12/2023 | 20/06/2025"
0741,5000,3,"13/06/2023 | 29/02/2024 | 12/07/2025"
7881,5000,3,"05/11/2021 | 21/12/2022 | 28/02/2023"
2442,5000,3,"02/07/2024 | 24/08/2025 | 09/02/2021"
3936,5000,3,"02/01/2025 | 29/12/2023 | 20/02/2024"
9529,5000,3,"27/03/2025 | 27/08/2021 | 15/02/2023"
8987,5000,3,"25/01/2022 | 31/07/2023 | 11/06/2022"
4713,5000,3,"21/12/2023 | 21/12/2021 | 01/04/2022"
3880,5000,3,"11/07/2024 | 29/10/2024 | 26/10/2022"
9458,5000,3,"13/01/2021 | 21/07/2024 | 13/03/2025"
9591,5000,3,"15/01/2021 | 03/09/2024 | 18/10/2023"
3513,5000,3,"28/12/2020 | 10/11/2022 | 06/06/2023"
7241,5000,3,"07/02/2022 | 20/09/2022 | 21/12/2023"
1275,5000,3,"06/11/2021 | 18/03/2023 | 23/04/2025"
7823,5000,3,"08/11/2022 | 03/03/2021 | 16/04/2021"
4810,5000,3,"10/10/2023 | 03/05/2024 | 12/12/2020"
3734,5000,3,"13/04/2021 | 08/11/2023 | 30/07/2024"
1398,5000,3,"17/10/2022 | 27/12/2021 | 24/10/2023"
3576,5000,3,"30/10/2021 | 17/03/2021 | 12/01/2025"
5283,5000,3,"06/09/2024 | 09/09/2023 | 29/10/2024"
2294,5000,3,"02/12/2021 | 18/01/2025 | 05/11/2021"
3229,5000,3,"19/03/2022 | 15/07/2023 | 03/02/2022"
0195,5000,3,"16/05/2023 | 30/07/2021 | 24/09/2021"
3712,5000,3,"18/05/2025 | 06/01/2021 | 24/12/2024"
7444,5000,3,"22/09/2020 | 20/12/2023 | 16/08/2024"
6719,5000,3,"13/12/2022 | 19/02/2024 | 06/05/2025"
6146,5000,3,"23/01/2025 | 15/11/2023 | 04/08/2025"
2571,5000,3,"01/02/2024 | 29/07/2022 | 08/05/2023"
8739,5000,3,"15/12/2021 | 09/07/2024 | 31/12/2022"
0774,5000,3,"05/05/2025 | 20/03/2025 | 07/09/2023"
7054,5000,3,"04/01/2023 | 31/03/2023 | 23/12/2021"
4848,5000,3,"11/10/2024 | 26/12/2024 | 20/01/2025"
3073,5000,3,"06/05/2022 | 10/03/2022 | 07/09/2023"
0353,5000,3,"20/06/2022 | 25/03/2022 | 06/01/2023"
5785,5000,3,"09/08/2023 | 19/04/2023 | 07/09/2023"
2091,5000,3,"15/05/2023 | 28/11/2022 | 23/02/2025"
4048,5000,3,"12/01/2025 | 20/09/2022 | 30/07/2024"
8160,5000,3,"09/03/2022 | 06/06/2024 | 28/08/2023"
3297,5000,3,"22/03/2022 | 28/03/2024 | 07/06/2024"
9950,5000,3,"27/02/2024 | 14/09/2023 | 01/09/2024"
5751,5000,3,"10/03/2024 | 09/02/2021 | 06/06/2023"
7934,5000,3,"20/07/2024 | 12/08/2024 | 17/02/2021"
7831,5000,3,"13/03/2023 | 09/02/2021 | 19/11/2024"
8279,5000,3,"30/03/2025 | 04/08/2023 | 23/01/2024"
2388,5000,3,"11/07/2023 | 22/11/2021 | 11/12/2024"
8671,5000,3,"27/01/2024 | 27/06/2025 | 11/02/2022"
8544,5000,3,"12/03/2022 | 22/06/2024 | 21/01/2022"
4207,5000,3,"25/08/2022 | 12/11/2022 | 30/08/2023"
5510,5000,3,"20/01/2024 | 15/02/2021 | 26/02/2024"
5572,5000,3,"04/10/2022 | 10/02/2024 | 06/08/2024"
1982,5000,3,"21/01/2022 | 18/07/2025 | 28/03/2025"
7440,5000,3,"08/01/2023 | 26/04/2024 | 21/08/2020"
0446,5000,3,"12/09/2023 | 04/11/2021 | 18/04/2022"
7742,5000,3,"05/08/2022 | 15/05/2025 | 09/12/2022"
1735,5000,3,"05/04/2021 | 20/06/2022 | 24/06/2023"
2267,5000,3,"01/03/2022 | 21/08/2023 | 14/09/2023"
0872,5000,3,"07/12/2020 | 23/12/2023 | 28/03/2024"
0669,5000,3,"15/03/2024 | 12/04/2024 | 27/04/2024"
9102,5000,3,"10/12/2022 | 01/11/2023 | 10/06/2024"
3046,5000,3,"02/12/2022 | 27/10/2022 | 01/01/2025"
2846,5000,3,"08/11/2021 | 21/05/2024 | 04/09/2024"
6691,5000,3,"29/01/2023 | 05/06/2025 | 18/02/2022"
0869,5000,3,"01/07/2024 | 05/10/2020 | 10/11/2024"
1028,5000,3,"18/11/2021 | 16/10/2022 | 17/02/2021"
7029,5000,3,"21/02/2022 | 21/02/2025 | 12/01/2024"
4834,5000,3,"14/05/2022 | 16/08/2022 | 27/04/2023"
3860,5000,3,"13/12/2024 | 29/07/2025 | 12/07/2022"
1692,5000,3,"18/10/2023 | 24/06/2024 | 09/08/2025"
6693,5000,3,"26/06/2025 | 09/03/2024 | 11/10/2021"
7867,5000,3,"12/11/2022 | 19/02/2025 | 11/06/2022"
9396,5000,3,"23/11/2024 | 26/03/2022 | 24/02/2024"
6148,5000,3,"10/06/2022 | 29/07/2023 | 17/03/2024"
3208,5000,3,"14/04/2024 | 27/11/2024 | 10/04/2024"
5652,5000,3,"06/02/2021 | 05/06/2022 | 25/02/2024"
3724,5000,3,"28/06/2023 | 12/03/2025 | 17/06/2023"
3199,5000,3,"11/03/2025 | 23/07/2022 | 18/01/2022"
9769,5000,3,"13/08/2020 | 02/09/2021 | 08/09/2024"
0622,5000,3,"17/07/2025 | 12/09/2023 | 28/08/2023"
6814,5000,3,"22/05/2023 | 26/12/2024 | 26/07/2025"
6227,5000,3,"02/07/2024 | 15/04/2022 | 14/05/2024"
1693,5000,3,"12/02/2021 | 09/10/2022 | 28/09/2024"
9776,5000,3,"10/09/2022 | 15/07/2025 | 27/10/2022"
4353,5000,3,"29/01/2021 | 11/08/2023 | 14/10/2023"
9994,5000,3,"14/06/2023 | 09/10/2022 | 07/03/2023"
8470,5000,3,"13/11/2020 | 17/08/2023 | 05/07/2024"
3047,5000,3,"28/02/2022 | 29/12/2023 | 06/05/2021"
6580,5000,3,"14/03/2023 | 13/02/2024 | 04/03/2025"
0639,5000,3,"11/10/2021 | 06/07/2022 | 16/11/2023"
1745,5000,3,"06/09/2024 | 14/02/2023 | 27/06/2025"
4561,5000,3,"06/10/2023 | 07/04/2025 | 30/05/2025"
1414,5000,3,"13/06/2023 | 29/06/2024 | 18/11/2024"
7346,5000,3,"18/03/2021 | 30/01/2023 | 03/02/2023"
9561,5000,3,"27/04/2023 | 06/02/2021 | 22/07/2025"
9492,5000,3,"05/08/2023 | 12/12/2020 | 19/02/2022"
0086,5000,3,"21/05/2022 | 07/03/2023 | 08/06/2025"
5880,5000,3,"07/10/2022 | 30/12/2024 | 04/02/2024"
0771,5000,3,"16/11/2024 | 09/02/2023 | 04/08/2024"
4495,5000,3,"09/09/2022 | 18/08/2023 | 25/12/2023"
4726,5000,3,"23/10/2022 | 15/01/2024 | 08/08/2022"
8403,5000,3,"02/07/2023 | 30/04/2023 | 19/06/2025"
9746,5000,3,"23/07/2021 | 08/01/2022 | 14/09/2024"
0961,5000,3,"23/05/2024 | 22/04/2025 | 25/07/2025"
2292,5000,3,"13/12/2022 | 15/04/2024 | 19/10/2023"
5330,5000,3,"03/03/2023 | 18/07/2023 | 06/10/2024"
0635,5000,3,"17/06/2023 | 09/02/2025 | 17/02/2024"
8240,5000,3,"04/03/2021 | 09/05/2025 | 20/04/2024"
4921,5000,3,"23/12/2022 | 11/03/2024 | 13/06/2025"
4232,5000,3,"15/09/2023 | 22/10/2021 | 08/05/2025"
1739,5000,3,"21/03/2025 | 16/09/2022 | 09/01/2023"
7129,5000,3,"05/08/2023 | 20/10/2023 | 14/11/2024"
5168,5000,3,"23/10/2021 | 31/07/2022 | 26/10/2020"
7229,5000,3,"04/05/2025 | 21/06/2024 | 14/03/2022"
3721,5000,3,"03/09/2022 | 10/11/2022 | 09/06/2025"
8255,5000,3,"03/09/2024 | 03/12/2024 | 24/11/2023"
7043,5000,3,"10/11/2021 | 08/02/2022 | 31/08/2022"
9336,5000,3,"08/02/2021 | 08/10/2024 | 05/11/2024"
2355,5000,3,"17/12/2022 | 15/12/2024 | 23/02/2023"
2144,5000,3,"21/06/2025 | 09/08/2023 | 12/10/2024"
6093,5000,3,"09/04/2024 | 16/06/2025 | 17/11/2022"
2082,5000,3,"28/04/2022 | 09/05/2023 | 07/08/2022"
4227,5000,3,"15/09/2023 | 20/10/2022 | 21/05/2022"
7191,5000,3,"01/02/2025 | 31/12/2022 | 09/01/2024"
0160,5000,3,"19/02/2021 | 18/03/2022 | 26/07/2025"
0378,5000,3,"27/08/2020 | 12/03/2021 | 06/08/2021"
8704,5000,3,"14/07/2025 | 17/07/2023 | 19/05/2024"
8451,5000,3,"19/07/2023 | 25/09/2023 | 09/11/2023"
7022,5000,3,"06/07/2023 | 13/06/2023 | 03/02/2024"
4280,5000,3,"20/12/2023 | 13/07/2022 | 21/03/2025"
8859,5000,3,"04/05/2024 | 12/12/2024 | 02/01/2023"
8402,5000,3,"12/08/2024 | 16/10/2021 | 13/12/2022"
5887,5000,3,"19/08/2020 | 11/02/2025 | 15/12/2021"
1643,5000,3,"21/07/2022 | 16/04/2024 | 22/01/2024"
6737,5000,3,"03/07/2022 | 27/04/2023 | 02/01/2024"
9397,5000,3,"26/10/2021 | 24/11/2023 | 18/06/2024"
9870,5000,3,"22/06/2022 | 23/08/2025 | 25/02/2022"
1870,5000,3,"11/11/2020 | 15/03/2021 | 01/09/2021"
2004,5000,3,"23/03/2024 | 24/04/2023 | 16/08/2022"
5105,5000,3,"07/12/2020 | 23/02/2023 | 24/12/2022"
4083,5000,3,"29/04/2023 | 25/02/2021 | 25/09/2022"
6317,5000,3,"21/11/2022 | 31/10/2023 | 30/04/2025"
9889,5000,3,"03/09/2023 | 05/08/2022 | 13/11/2024"
6084,5000,3,"08/12/2024 | 12/08/2022 | 04/07/2023"
2867,5000,3,"30/05/2022 | 14/03/2024 | 06/08/2022"
5120,5000,3,"31/05/2024 | 18/07/2024 | 25/06/2022"
3850,5000,3,"03/10/2020 | 10/02/2021 | 11/09/2023"
0156,5000,3,"07/04/2022 | 30/08/2024 | 22/05/2025"
4825,5000,3,"09/03/2021 | 24/08/2022 | 02/03/2024"
7069,5000,3,"24/07/2022 | 20/09/2022 | 09/10/2020"
6081,5000,3,"23/10/2021 | 15/04/2021 | 07/05/2021"
9041,5000,3,"05/02/2021 | 04/11/2023 | 19/04/2025"
8314,5000,3,"23/12/2022 | 29/07/2025 | 22/01/2022"
0129,5000,3,"04/08/2021 | 27/08/2024 | 28/01/2024"
1141,5000,3,"04/01/2021 | 08/12/2023 | 28/07/2022"
7554,5000,3,"09/08/2024 | 08/06/2025 | 25/06/2025"
2756,5000,3,"13/08/2022 | 21/10/2023 | 07/03/2024"
1898,5000,3,"01/11/2021 | 16/12/2022 | 27/08/2024"
2220,5000,3,"16/07/2022 | 25/07/2023 | 23/08/2023"
3741,5000,3,"17/07/2022 | 16/04/2024 | 28/08/2024"
9024,5000,3,"05/01/2025 | 08/09/2024 | 21/12/2024"
4826,5000,3,"16/09/2024 | 01/02/2022 | 10/04/2025"
8575,5000,3,"20/01/2024 | 22/09/2021 | 08/09/2024"
5801,5000,3,"05/01/2024 | 19/02/2025 | 30/01/2024"
5122,5000,3,"28/08/2024 | 19/08/2025 | 11/11/2022"
8718,5000,3,"21/12/2022 | 14/06/2024 | 12/03/2025"
7199,5000,3,"03/03/2023 | 24/01/2022 | 31/08/2024"
1412,5000,3,"26/02/2023 | 21/08/2025 | 24/08/2024"
1600,5000,3,"25/01/2024 | 08/10/2021 | 19/08/2022"
7257,5000,3,"21/08/2020 | 18/09/2024 | 29/05/2025"
3825,5000,3,"05/01/2021 | 28/11/2023 | 22/02/2024"
8315,5000,3,"29/09/2021 | 13/06/2022 | 19/07/2022"
3784,5000,3,"16/09/2020 | 12/02/2023 | 17/09/2023"
5014,5000,3,"01/11/2021 | 28/10/2024 | 16/12/2024"
4253,5000,3,"13/11/2024 | 11/09/2021 | 12/02/2022"
8365,5000,3,"11/08/2020 | 05/10/2022 | 17/08/2025"
8559,5000,3,"18/05/2022 | 19/02/2024 | 10/03/2021"
7654,5000,3,"05/12/2020 | 22/06/2024 | 01/01/2025"
4601,5000,3,"10/04/2023 | 10/08/2023 | 02/07/2024"
9256,5000,3,"03/07/2022 | 27/01/2021 | 13/09/2023"
8258,5000,3,"26/02/2023 | 06/11/2023 | 19/12/2023"
9347,5000,3,"11/07/2022 | 21/07/2022 | 16/02/2022"
6205,5000,3,"01/09/2021 | 27/05/2024 | 22/03/2024"
3226,5000,3,"13/10/2022 | 13/04/2024 | 12/10/2024"
1230,5000,3,"25/02/2025 | 16/05/2025 | 19/05/2025"
8114,5000,3,"10/09/2020 | 19/06/2024 | 22/06/2024"
3161,5000,3,"03/06/2022 | 17/06/2024 | 09/12/2023"
3242,5000,3,"23/02/2025 | 05/12/2023 | 19/02/2025"
7542,5000,3,"22/04/2023 | 21/08/2023 | 25/02/2024"
7741,5000,3,"10/03/2021 | 16/03/2024 | 14/01/2025"
7378,5000,3,"11/11/2020 | 14/09/2022 | 26/03/2023"
5215,5000,3,"16/05/2022 | 10/05/2023 | 21/04/2024"
3519,5000,3,"24/08/2022 | 09/01/2023 | 15/06/2024"
3276,5000,3,"08/03/2025 | 11/08/2024 | 12/01/2025"
3251,5000,3,"05/05/2023 | 24/10/2022 | 07/10/2023"
3515,5000,3,"17/03/2025 | 04/04/2023 | 22/04/2024"
0103,5000,3,"10/06/2023 | 14/08/2025 | 18/07/2022"
6344,5000,3,"30/12/2022 | 09/06/2024 | 11/01/2025"
9165,5000,3,"01/06/2022 | 26/08/2022 | 19/08/2023"
8629,5000,3,"15/02/2023 | 20/01/2021 | 19/02/2022"
8821,5000,3,"23/05/2022 | 23/08/2022 | 07/12/2023"
5184,5000,3,"03/10/2022 | 13/05/2025 | 26/06/2022"
1133,5000,3,"25/10/2022 | 08/07/2023 | 29/10/2023"
7894,5000,3,"19/01/2021 | 23/10/2022 | 03/09/2021"
8340,5000,3,"01/04/2023 | 30/11/2020 | 27/10/2024"
9137,5000,3,"23/10/2020 | 01/04/2022 | 20/05/2025"
1267,5000,3,"04/01/2021 | 22/01/2021 | 31/12/2021"
2786,5000,3,"06/07/2022 | 18/10/2023 | 07/08/2022"
9030,5000,3,"09/07/2025 | 02/03/2024 | 20/06/2023"
1322,5000,3,"23/01/2025 | 20/02/2023 | 08/01/2024"
2592,5000,3,"01/10/2022 | 27/10/2023 | 14/09/2022"
7786,5000,3,"25/07/2024 | 26/05/2023 | 29/12/2023"
0334,5000,3,"02/03/2021 | 24/05/2022 | 10/01/2024"
7380,5000,3,"08/02/2022 | 09/11/2021 | 01/07/2023"
9331,5000,3,"25/08/2021 | 20/10/2021 | 17/09/2024"
5181,5000,3,"08/03/2025 | 06/11/2021 | 08/07/2025"
4791,5000,3,"04/10/2021 | 27/06/2022 | 08/10/2021"
0502,5000,3,"24/06/2023 | 02/03/2025 | 24/03/2023"
3659,5000,3,"14/12/2020 | 22/11/2021 | 08/08/2023"
3179,5000,3,"20/11/2024 | 02/08/2023 | 11/10/2023"
8846,5000,3,"10/04/2023 | 23/06/2023 | 18/02/2021"
1167,5000,3,"18/12/2022 | 19/02/2024 | 05/12/2024"
7002,5000,3,"25/05/2025 | 03/08/2024 | 19/02/2025"
4033,5000,3,"30/04/2022 | 03/01/2024 | 19/07/2025"
5959,5000,3,"21/11/2024 | 22/07/2025 | 07/02/2025"
2132,5000,3,"21/08/2023 | 28/02/2024 | 27/05/2024"
6678,5000,3,"04/02/2022 | 06/09/2023 | 16/02/2022"
3624,5000,3,"21/05/2023 | 28/01/2024 | 29/07/2025"
6185,5000,3,"06/01/2021 | 03/01/2022 | 31/03/2023"
3241,5000,3,"03/07/2022 | 31/07/2025 | 11/12/2022"
8445,5000,3,"02/03/2022 | 12/02/2021 | 14/06/2023"
5987,5000,3,"02/02/2024 | 27/06/2024 | 10/04/2025"
1785,5000,3,"04/02/2024 | 31/10/2023 | 29/11/2023"
2164,5000,3,"24/05/2022 | 05/02/2023 | 30/07/2023"
3974,5000,3,"27/10/2021 | 07/09/2024 | 14/07/2024"
1856,5000,3,"13/03/2021 | 14/04/2025 | 27/05/2025"
2560,5000,3,"23/04/2024 | 09/01/2021 | 17/07/2023"
6172,5000,3,"05/08/2020 | 21/11/2024 | 14/01/2025"
3798,5000,3,"01/10/2022 | 06/04/2023 | 13/09/2021"
0681,5000,3,"14/09/2021 | 21/05/2023 | 20/11/2023"
3338,5000,3,"28/01/2025 | 05/09/2023 | 30/11/2022"
2011,5000,3,"10/01/2023 | 18/03/2023 | 08/08/2023"
7946,5000,3,"08/02/2021 | 11/02/2022 | 28/02/2023"
5890,5000,3,"31/03/2023 | 26/03/2025 | 20/05/2022"
0884,5000,3,"09/08/2025 | 19/12/2024 | 31/05/2022"
0893,5000,3,"14/08/2023 | 07/09/2024 | 28/08/2022"
1846,5000,3,"09/07/2025 | 31/12/2024 | 12/04/2025"
5005,5000,3,"24/01/2023 | 05/04/2025 | 22/01/2024"
0758,5000,3,"12/09/2020 | 13/08/2021 | 22/10/2021"
0871,5000,3,"19/12/2023 | 12/01/2022 | 12/11/2024"
8147,5000,3,"02/04/2024 | 15/01/2025 | 11/11/2020"
7809,5000,3,"23/03/2023 | 13/12/2023 | 14/02/2022"
1931,5000,3,"11/12/2022 | 10/07/2025 | 16/03/2021"
0516,5000,3,"04/03/2021 | 10/07/2024 | 16/01/2025"
4401,5000,3,"19/01/2022 | 11/07/2023 | 19/02/2022"
9255,5000,3,"08/03/2025 | 16/03/2023 | 29/01/2021"
0144,5000,3,"09/02/2025 | 31/01/2024 | 08/01/2023"
7868,5000,3,"04/03/2025 | 25/10/2022 | 23/01/2024"
0417,5000,3,"23/09/2022 | 16/02/2025 | 08/01/2024"
5013,5000,3,"07/12/2024 | 15/07/2023 | 29/11/2022"
9572,5000,3,"08/02/2023 | 23/11/2023 | 24/12/2022"
5571,5000,3,"27/06/2022 | 07/11/2022 | 13/05/2023"
1334,5000,3,"22/02/2021 | 15/11/2022 | 04/06/2025"
1902,5000,3,"26/12/2023 | 04/10/2024 | 28/09/2022"
2682,5000,3,"11/01/2023 | 10/10/2023 | 11/09/2024"
3048,5000,3,"17/05/2023 | 01/06/2023 | 07/12/2023"
4052,5000,3,"05/08/2020 | 31/10/2023 | 30/06/2024"
6683,5000,3,"24/07/2022 | 05/08/2022 | 31/01/2024"
5533,5000,3,"10/09/2021 | 02/12/2023 | 10/12/2024"
1664,5000,3,"04/02/2021 | 06/12/2022 | 20/06/2024"
0146,5000,3,"23/06/2023 | 26/02/2021 | 12/08/2025"
5974,5000,3,"06/03/2021 | 08/10/2024 | 18/10/2024"
7362,5000,3,"02/08/2022 | 24/03/2023 | 30/11/2024"
8334,5000,3,"14/03/2022 | 27/07/2023 | 31/12/2024"
0633,5000,3,"10/02/2023 | 20/02/2021 | 13/06/2025"
3474,5000,3,"23/10/2020 | 24/12/2022 | 29/04/2021"
9051,5000,3,"02/11/2021 | 01/08/2024 | 07/04/2022"
0876,5000,3,"22/01/2024 | 03/04/2024 | 05/11/2024"
4895,5000,3,"23/06/2025 | 09/01/2021 | 10/09/2024"
6620,5000,3,"24/07/2023 | 13/10/2024 | 16/02/2024"
4273,5000,3,"04/10/2022 | 02/07/2023 | 13/06/2023"
5139,5000,3,"30/11/2023 | 04/11/2020 | 17/03/2022"
0696,5000,3,"20/09/2021 | 30/04/2023 | 02/07/2024"
0459,5000,3,"06/02/2024 | 24/02/2022 | 18/07/2024"
1711,5000,3,"12/10/2022 | 21/09/2024 | 20/06/2023"
3486,5000,3,"21/05/2025 | 11/09/2023 | 29/03/2023"
9777,5000,3,"12/10/2021 | 02/08/2023 | 04/04/2024"
1653,5000,3,"23/01/2021 | 05/10/2021 | 01/09/2024"
7609,5000,3,"08/11/2022 | 10/07/2023 | 26/11/2023"
7732,5000,3,"04/11/2023 | 25/01/2023 | 04/11/2021"
4952,5000,3,"01/11/2021 | 15/10/2021 | 26/07/2025"
4274,5000,3,"08/01/2021 | 27/03/2023 | 16/03/2025"
6944,5000,3,"29/07/2023 | 08/10/2024 | 11/05/2025"
9493,5000,3,"01/08/2020 | 13/06/2024 | 25/06/2023"
9113,5000,3,"28/04/2024 | 09/08/2021 | 26/04/2023"
1381,5000,3,"10/11/2023 | 12/04/2024 | 23/11/2020"
1429,5000,3,"07/01/2023 | 05/06/2023 | 26/11/2024"
1469,5000,3,"31/12/2021 | 08/07/2025 | 04/08/2025"
6588,5000,3,"17/11/2023 | 16/03/2024 | 16/07/2025"
7606,5000,3,"16/05/2023 | 04/04/2024 | 30/08/2023"
6856,5000,3,"19/07/2025 | 01/04/2024 | 24/09/2024"
1754,5000,3,"02/05/2024 | 26/09/2023 | 13/03/2025"
2148,5000,3,"17/12/2021 | 07/08/2023 | 05/07/2024"
6411,5000,3,"22/01/2024 | 20/01/2022 | 21/08/2022"
8938,5000,3,"12/04/2021 | 28/04/2023 | 04/01/2023"
7112,5000,3,"18/11/2021 | 24/08/2023 | 13/01/2025"
8407,5000,3,"07/04/2024 | 22/11/2021 | 18/08/2023"
6404,5000,3,"15/02/2024 | 25/06/2024 | 30/05/2024"
6301,5000,3,"10/09/2021 | 28/09/2022 | 22/08/2024"
6325,5000,3,"02/06/2022 | 09/05/2025 | 12/09/2024"
1650,5000,3,"27/09/2022 | 22/11/2024 | 31/05/2025"
4267,5000,3,"11/08/2020 | 15/12/2020 | 02/08/2022"
8607,5000,3,"12/04/2023 | 23/02/2025 | 12/10/2023"
1529,5000,3,"06/09/2024 | 14/02/2023 | 29/11/2024"
0759,5000,3,"20/07/2025 | 16/08/2021 | 16/03/2022"
3978,5000,3,"17/10/2024 | 06/12/2021 | 10/11/2023"
8328,5000,3,"17/05/2022 | 05/11/2022 | 24/02/2023"
7350,5000,3,"16/09/2023 | 19/10/2024 | 29/03/2024"
6704,5000,3,"08/03/2023 | 09/03/2023 | 30/11/2022"
2996,5000,3,"05/06/2022 | 13/01/2025 | 16/04/2025"
2760,5000,3,"22/04/2024 | 12/12/2020 | 18/12/2024"
1767,5000,3,"26/02/2023 | 21/12/2020 | 10/09/2022"
3845,5000,3,"05/06/2022 | 24/04/2025 | 15/10/2021"
8657,5000,3,"23/09/2022 | 15/02/2023 | 21/02/2024"
2936,5000,3,"11/11/2020 | 15/10/2021 | 07/03/2024"
8851,5000,3,"20/12/2023 | 20/09/2021 | 25/01/2024"
3530,5000,3,"07/08/2020 | 01/02/2021 | 04/07/2023"
2872,5000,3,"18/06/2024 | 30/09/2020 | 07/10/2021"
5306,5000,3,"24/08/2022 | 01/07/2024 | 28/05/2024"
3154,5000,3,"02/03/2024 | 30/11/2021 | 31/08/2022"
8461,5000,3,"16/11/2022 | 18/09/2024 | 16/05/2024"
9763,5000,3,"02/05/2023 | 19/08/2020 | 01/12/2024"
5541,5000,3,"10/03/2021 | 07/12/2021 | 30/06/2025"
2145,5000,3,"26/04/2025 | 19/07/2023 | 13/05/2025"
2196,5000,3,"24/08/2022 | 14/07/2023 | 08/03/2024"
5165,5000,3,"05/07/2025 | 19/11/2021 | 03/02/2025"
1514,5000,3,"21/08/2025 | 11/04/2024 | 05/03/2023"
0343,5000,3,"23/10/2021 | 21/12/2020 | 28/07/2022"
3605,5000,3,"25/01/2021 | 05/09/2024 | 25/09/2022"
1394,5000,3,"16/08/2025 | 10/11/2021 | 17/01/2022"
1308,5000,3,"19/08/2025 | 25/03/2021 | 13/11/2020"
4965,5000,3,"15/01/2023 | 02/01/2021 | 06/09/2021"
1461,5000,3,"27/10/2023 | 23/01/2021 | 13/04/2022"
1253,5000,3,"17/02/2021 | 26/07/2024 | 20/07/2025"
0366,5000,3,"28/09/2022 | 06/03/2024 | 29/10/2024"
3045,5000,3,"13/05/2023 | 18/11/2023 | 14/04/2025"
7589,5000,3,"09/08/2023 | 06/10/2023 | 17/09/2024"
4666,5000,3,"22/07/2025 | 20/08/2025 | 04/07/2023"
3466,5000,3,"09/03/2023 | 24/06/2022 | 31/01/2024"
7491,5000,3,"08/05/2024 | 12/04/2023 | 07/04/2024"
1020,5000,3,"28/10/2024 | 26/10/2023 | 11/04/2023"
1981,5000,3,"29/07/2022 | 23/10/2024 | 02/02/2025"
6854,5000,3,"05/09/2022 | 30/12/2024 | 27/01/2022"
0941,5000,3,"07/03/2022 | 26/10/2023 | 26/11/2024"
2611,5000,3,"24/10/2022 | 13/09/2024 | 13/10/2022"
2426,5000,3,"14/10/2021 | 31/07/2025 | 12/08/2025"
9312,5000,3,"09/08/2021 | 06/07/2022 | 20/09/2022"
9279,5000,3,"15/03/2021 | 20/01/2023 | 19/05/2023"
7012,5000,3,"03/07/2024 | 16/08/2025 | 30/12/2021"
6328,5000,3,"21/10/2021 | 25/08/2022 | 25/06/2022"
7368,5000,3,"23/11/2023 | 11/03/2025 | 10/08/2022"
8756,5000,3,"25/11/2020 | 01/07/2023 | 27/03/2025"
9882,5000,3,"27/05/2024 | 04/06/2022 | 18/01/2021"
5185,5000,3,"06/09/2021 | 02/04/2024 | 24/01/2022"
1339,5000,3,"05/12/2022 | 19/08/2020 | 02/08/2025"
2278,5000,3,"26/03/2024 | 09/08/2024 | 18/08/2024"
1716,5000,3,"29/03/2025 | 15/10/2022 | 14/12/2021"
3591,5000,3,"17/09/2024 | 30/01/2025 | 30/03/2024"
7628,5000,3,"09/08/2021 | 10/01/2022 | 31/01/2025"
4036,5000,3,"29/06/2023 | 14/10/2023 | 04/01/2025"
2994,5000,3,"20/06/2022 | 09/05/2025 | 14/09/2020"
1232,5000,3,"24/09/2020 | 21/02/2024 | 30/09/2024"
3957,5000,3,"28/09/2023 | 14/11/2024 | 17/05/2025"
6861,5000,3,"20/02/2023 | 28/09/2024 | 07/10/2022"
7657,5000,3,"17/12/2024 | 19/06/2025 | 08/05/2024"
0913,5000,3,"03/12/2022 | 21/09/2021 | 18/09/2024"
9832,5000,3,"28/10/2021 | 09/08/2024 | 24/01/2022"
9201,5000,3,"25/07/2020 | 11/11/2024 | 10/04/2023"
3166,5000,3,"01/10/2024 | 04/11/2022 | 27/04/2023"
0345,5000,3,"02/06/2022 | 27/04/2021 | 23/01/2021"
0035,5000,3,"15/03/2022 | 23/11/2024 | 29/01/2025"
5208,5000,3,"17/05/2022 | 07/10/2024 | 14/05/2025"
2651,5000,3,"05/03/2024 | 17/03/2022 | 03/02/2023"
2619,5000,3,"29/07/2022 | 19/01/2022 | 24/10/2022"
1162,5000,3,"28/02/2025 | 07/05/2024 | 27/03/2021"
7437,5000,3,"16/10/2020 | 20/01/2023 | 27/06/2023"
5140,5000,3,"04/04/2024 | 14/09/2022 | 13/04/2024"
4081,5000,3,"07/05/2022 | 17/10/2024 | 06/08/2025"
6395,5000,3,"25/11/2023 | 04/11/2023 | 16/09/2020"
0565,5000,3,"14/11/2023 | 17/06/2025 | 06/07/2024"
9710,5000,3,"06/06/2025 | 18/05/2025 | 15/07/2023"
6494,5000,3,"30/03/2022 | 22/06/2025 | 18/11/2021"
7110,5000,3,"30/10/2020 | 20/10/2024 | 22/03/2025"
3943,5000,3,"01/10/2024 | 07/06/2022 | 17/03/2025"
0815,5000,3,"07/03/2025 | 10/09/2021 | 29/06/2023"
2941,5000,3,"06/04/2023 | 19/04/2024 | 16/12/2024"
6252,5000,3,"08/10/2022 | 12/08/2025 | 10/12/2022"
6652,5000,3,"23/07/2022 | 30/04/2023 | 17/09/2023"
6871,5000,3,"06/06/2024 | 08/07/2024 | 29/09/2021"
8869,5000,3,"18/02/2025 | 07/09/2022 | 25/01/2025"
6654,5000,3,"13/11/2022 | 04/09/2023 | 13/04/2025"
1562,5000,3,"21/11/2022 | 18/12/2023 | 31/01/2025"
6757,5000,3,"15/09/2022 | 25/12/2020 | 06/09/2024"
7999,5000,3,"22/06/2025 | 06/10/2023 | 27/07/2025"
7936,5000,3,"09/03/2021 | 10/11/2024 | 04/01/2023"
1592,5000,3,"09/07/2024 | 03/12/2023 | 18/06/2023"
3693,5000,3,"21/05/2023 | 22/12/2024 | 15/01/2025"
9244,5000,3,"01/04/2025 | 19/08/2025 | 25/04/2025"
1772,5000,3,"16/02/2022 | 02/08/2022 | 17/06/2022"
7535,5000,3,"27/10/2022 | 17/12/2023 | 21/12/2024"
8621,5000,3,"28/06/2024 | 16/11/2024 | 29/06/2025"
0241,5000,3,"05/05/2025 | 21/09/2023 | 07/04/2021"
7616,5000,3,"15/12/2020 | 10/12/2023 | 13/06/2025"
7328,5000,3,"23/09/2022 | 13/04/2025 | 11/01/2024"
1838,5000,3,"10/01/2022 | 30/09/2024 | 06/03/2025"
1548,5000,3,"23/10/2022 | 18/12/2021 | 02/03/2023"
9874,5000,3,"21/01/2023 | 12/03/2024 | 29/11/2024"
6018,5000,3,"03/04/2023 | 09/10/2022 | 18/09/2020"
1601,5000,3,"17/09/2024 | 05/12/2023 | 04/02/2025"
9014,5000,3,"23/03/2022 | 05/07/2024 | 23/07/2023"
6906,5000,3,"23/02/2025 | 15/09/2021 | 30/07/2024"
7277,5000,3,"19/04/2022 | 19/12/2020 | 01/11/2022"
1988,5000,3,"16/03/2022 | 24/12/2024 | 29/12/2024"
9154,5000,3,"25/07/2022 | 16/01/2023 | 23/04/2025"
7863,5000,3,"08/09/2024 | 07/10/2023 | 01/08/2024"
0060,5000,3,"12/10/2022 | 24/07/2024 | 11/07/2025"
3947,5000,3,"21/08/2025 | 13/10/2021 | 14/07/2024"
7383,5000,3,"16/04/2022 | 22/04/2025 | 07/08/2022"
6520,5000,3,"23/07/2023 | 05/02/2024 | 06/06/2023"
4780,5000,3,"10/11/2021 | 13/07/2025 | 11/12/2022"
3996,5000,3,"26/10/2020 | 21/12/2020 | 27/05/2025"
4156,5000,3,"27/06/2023 | 15/12/2020 | 20/08/2022"
5668,5000,3,"26/09/2022 | 05/03/2021 | 28/12/2023"
4818,5000,3,"06/11/2023 | 11/04/2023 | 18/12/2023"
0123,5000,3,"22/09/2024 | 19/02/2023 | 26/11/2023"
2081,5000,3,"16/11/2021 | 16/04/2023 | 27/03/2025"
1932,5000,3,"07/05/2021 | 25/03/2023 | 16/07/2022"
9184,5000,3,"31/12/2021 | 10/05/2021 | 22/08/2025"
3556,5000,3,"25/07/2023 | 08/11/2022 | 08/02/2024"
8795,5000,3,"23/02/2025 | 16/03/2021 | 12/11/2023"
6975,5000,3,"15/01/2023 | 16/10/2021 | 25/07/2025"
4337,5000,3,"03/03/2021 | 24/05/2022 | 02/01/2025"
2586,5000,3,"23/05/2024 | 16/06/2022 | 28/06/2025"
6500,5000,3,"08/12/2020 | 03/12/2021 | 05/12/2022"
6662,5000,3,"25/06/2022 | 07/06/2023 | 16/01/2025"
4617,5000,3,"04/11/2022 | 06/11/2024 | 26/08/2023"
4519,5000,3,"02/05/2024 | 02/06/2024 | 05/07/2025"
4320,5000,3,"15/12/2020 | 12/05/2024 | 08/04/2025"
0273,5000,3,"25/08/2021 | 10/06/2022 | 04/01/2024"
1470,5000,3,"04/07/2022 | 12/09/2024 | 26/11/2022"
7317,5000,3,"26/11/2024 | 29/12/2021 | 17/04/2023"
7392,5000,3,"18/02/2021 | 15/04/2022 | 21/04/2022"
4216,5000,3,"08/12/2020 | 29/03/2025 | 19/07/2024"
0303,5000,3,"15/09/2023 | 12/05/2021 | 08/07/2022"
1493,5000,3,"22/02/2025 | 30/01/2023 | 16/01/2024"
3445,5000,3,"03/10/2020 | 27/04/2024 | 11/08/2025"
0910,5000,3,"13/07/2025 | 23/08/2024 | 26/10/2022"
1077,5000,3,"07/10/2020 | 17/02/2025 | 22/03/2022"
8670,5000,3,"14/09/2021 | 28/09/2023 | 30/01/2024"
4554,5000,3,"13/06/2025 | 09/05/2023 | 30/06/2025"
1319,5000,3,"06/08/2024 | 14/07/2025 | 11/01/2024"
0517,5000,3,"13/10/2023 | 21/06/2024 | 21/03/2024"
3344,5000,3,"16/02/2025 | 20/06/2025 | 29/07/2025"
4405,5000,3,"26/09/2024 | 04/03/2021 | 05/09/2023"
5717,5000,3,"12/09/2020 | 09/06/2024 | 21/09/2024"
8974,5000,3,"04/07/2025 | 15/01/2022 | 28/08/2024"
4589,5000,3,"28/05/2022 | 04/02/2023 | 09/08/2025"
3963,5000,3,"06/10/2021 | 10/07/2023 | 13/05/2025"
4113,5000,3,"24/04/2024 | 15/03/2024 | 05/01/2022"
0785,5000,3,"22/10/2022 | 08/02/2023 | 14/12/2023"
7804,5000,3,"09/06/2025 | 08/12/2020 | 05/10/2023"
1409,5000,3,"16/04/2022 | 21/12/2023 | 22/12/2021"
7834,5000,3,"13/11/2020 | 12/06/2023 | 01/03/2022"
8009,5000,3,"25/12/2021 | 25/08/2023 | 29/09/2021"
3198,5000,3,"03/09/2021 | 22/09/2021 | 05/04/2022"
8356,5000,3,"07/02/2025 | 13/02/2025 | 04/04/2024"
4931,5000,3,"31/12/2022 | 28/11/2024 | 19/01/2025"
4388,5000,3,"03/11/2024 | 18/12/2021 | 04/07/2025"
9302,5000,3,"30/04/2025 | 12/10/2022 | 24/08/2023"
4231,5000,3,"06/11/2024 | 03/06/2022 | 28/05/2023"
1880,5000,3,"17/09/2021 | 07/02/2025 | 10/08/2025"
7932,5000,3,"30/01/2025 | 26/03/2025 | 07/05/2025"
4046,5000,3,"11/10/2022 | 21/10/2024 | 19/04/2024"
8895,5000,3,"04/12/2020 | 18/07/2024 | 02/07/2022"
3982,5000,3,"18/02/2023 | 03/08/2022 | 13/01/2024"
8952,5000,3,"01/03/2021 | 16/01/2025 | 24/09/2024"
6413,5000,3,"10/03/2024 | 21/08/2022 | 26/04/2023"
5254,5000,3,"29/07/2023 | 07/04/2021 | 06/04/2025"
1332,5000,3,"25/06/2025 | 27/04/2021 | 20/02/2024"
2311,5000,3,"30/05/2025 | 16/01/2024 | 18/10/2021"
7376,5000,3,"22/11/2022 | 08/11/2023 | 03/08/2024"
9456,5000,3,"28/01/2022 | 27/08/2023 | 07/06/2025"
7108,5000,3,"21/10/2022 | 08/11/2024 | 26/10/2022"
7865,5000,3,"14/06/2025 | 17/06/2022 | 21/01/2023"
2733,5000,3,"08/03/2022 | 10/05/2023 | 01/09/2024"
0305,5000,3,"03/09/2021 | 09/05/2023 | 24/09/2021"
4592,5000,3,"29/05/2023 | 01/08/2020 | 15/07/2023"
8399,5000,3,"27/10/2021 | 30/05/2022 | 24/06/2024"
2631,5000,3,"12/01/2024 | 11/04/2024 | 12/08/2024"
3396,5000,3,"20/02/2023 | 10/05/2024 | 31/01/2023"
9555,5000,3,"05/05/2022 | 15/01/2023 | 23/07/2023"
7728,5000,3,"05/11/2023 | 03/01/2025 | 04/06/2022"
8371,5000,3,"09/10/2021 | 26/08/2023 | 20/04/2024"
5269,5000,3,"06/01/2025 | 29/01/2022 | 12/03/2022"
6431,5000,3,"07/11/2023 | 09/02/2021 | 29/04/2024"
5811,5000,3,"25/05/2024 | 04/04/2025 | 14/07/2025"
7763,5000,3,"26/11/2021 | 24/05/2022 | 11/03/2024"
2140,5000,3,"12/03/2022 | 12/05/2023 | 11/01/2024"
0240,5000,3,"23/05/2022 | 04/12/2020 | 24/08/2025"
5290,5000,3,"08/07/2023 | 04/01/2024 | 29/03/2025"
3089,5000,3,"03/01/2023 | 16/11/2024 | 23/03/2025"
0988,5000,3,"12/04/2022 | 20/04/2025 | 25/08/2020"
7719,5000,3,"23/04/2024 | 15/06/2024 | 18/01/2021"
6015,5000,3,"11/10/2022 | 22/04/2023 | 23/03/2024"
6177,5000,3,"24/10/2023 | 14/07/2023 | 04/11/2022"
4686,5000,3,"25/06/2025 | 23/07/2022 | 05/03/2023"
2710,5000,3,"02/03/2022 | 26/03/2024 | 09/01/2025"
3195,5000,3,"10/09/2020 | 23/12/2021 | 06/06/2022"
0679,5000,3,"31/07/2022 | 24/03/2023 | 26/10/2024"
0421,5000,3,"23/09/2022 | 06/09/2021 | 02/02/2025"
4634,5000,3,"09/05/2023 | 29/02/2024 | 05/07/2022"
2068,5000,3,"07/08/2020 | 27/11/2021 | 15/06/2024"
7413,5000,3,"05/04/2022 | 25/08/2024 | 01/04/2025"
5146,5000,3,"12/11/2022 | 16/07/2022 | 29/06/2025"
5968,5000,3,"29/06/2024 | 21/02/2023 | 28/12/2020"
1402,5000,3,"04/11/2020 | 21/11/2023 | 16/05/2025"
6099,5000,3,"16/11/2021 | 07/06/2025 | 04/12/2023"
5935,5000,3,"14/09/2022 | 18/09/2023 | 19/05/2024"
8830,5000,3,"19/03/2022 | 27/12/2022 | 06/09/2021"
5410,5000,3,"08/04/2022 | 05/11/2021 | 23/11/2022"
4219,5000,3,"13/10/2022 | 15/04/2023 | 14/06/2023"
5566,5000,3,"11/11/2022 | 25/06/2024 | 18/07/2025"
0827,5000,3,"07/03/2024 | 04/07/2022 | 23/01/2023"
2561,5000,3,"21/03/2023 | 02/08/2022 | 14/04/2024"
2154,5000,3,"26/06/2024 | 10/08/2024 | 28/04/2024"
4321,5000,3,"05/01/2024 | 19/03/2024 | 10/08/2022"
7701,5000,3,"26/10/2021 | 22/03/2025 | 29/12/2024"
7855,5000,3,"13/09/2024 | 29/07/2023 | 26/09/2024"
3225,5000,3,"09/09/2022 | 23/10/2022 | 25/11/2021"
8225,5000,3,"07/08/2023 | 06/07/2022 | 09/03/2025"
5167,5000,3,"03/04/2021 | 17/03/2022 | 14/03/2025"
6443,5000,3,"31/05/2023 | 09/03/2022 | 22/12/2021"
1327,5000,3,"09/04/2025 | 19/12/2024 | 27/07/2024"
4290,5000,3,"18/08/2022 | 17/04/2025 | 20/03/2021"
0076,5000,3,"31/07/2023 | 01/10/2021 | 31/05/2024"
7291,5000,3,"13/01/2024 | 30/10/2024 | 27/12/2021"
0084,5000,3,"15/04/2024 | 16/04/2021 | 14/03/2024"
7669,5000,3,"13/05/2023 | 24/01/2025 | 22/08/2025"
3670,5000,3,"23/03/2021 | 29/09/2023 | 09/11/2023"
3986,5000,3,"07/04/2025 | 24/05/2022 | 31/03/2025"
7708,5000,3,"01/03/2023 | 09/07/2023 | 23/10/2023"
0355,5000,3,"18/07/2023 | 31/10/2022 | 07/12/2022"
3781,5000,3,"28/12/2021 | 26/04/2022 | 25/08/2021"
6415,5000,3,"25/08/2024 | 18/11/2021 | 20/08/2022"
7876,5000,3,"07/11/2022 | 24/08/2023 | 03/07/2024"
6254,5000,3,"16/08/2024 | 11/03/2021 | 15/02/2023"
6998,5000,3,"28/02/2022 | 20/12/2023 | 27/04/2021"
1502,5000,3,"18/08/2021 | 30/11/2023 | 20/09/2024"
6716,5000,3,"29/11/2022 | 19/07/2024 | 11/10/2023"
9299,5000,3,"18/08/2023 | 15/10/2024 | 21/10/2024"
8585,5000,3,"22/01/2022 | 30/03/2022 | 15/10/2024"
3227,5000,3,"29/02/2024 | 14/02/2025 | 01/02/2024"
8040,5000,3,"14/09/2024 | 16/07/2024 | 14/06/2022"
8435,5000,3,"23/11/2020 | 06/07/2022 | 02/09/2024"
1015,5000,3,"26/09/2020 | 11/11/2021 | 21/01/2025"
4816,5000,3,"12/04/2022 | 16/07/2024 | 13/03/2024"
3167,5000,3,"28/08/2024 | 07/02/2023 | 05/10/2021"
8232,5000,3,"14/03/2025 | 23/10/2021 | 06/09/2023"
0579,5000,3,"25/09/2023 | 06/03/2025 | 09/07/2024"
2683,5000,3,"16/02/2021 | 30/05/2024 | 12/05/2021"
7187,5000,3,"14/07/2022 | 03/12/2023 | 15/02/2022"
4030,5000,3,"09/04/2021 | 25/09/2024 | 25/12/2024"
0996,5000,3,"04/05/2021 | 19/12/2020 | 10/03/2025"
3918,5000,3,"18/08/2022 | 14/08/2023 | 17/11/2023"
0308,5000,3,"25/11/2021 | 22/12/2020 | 02/03/2022"
6368,5000,3,"22/01/2022 | 01/08/2023 | 16/02/2021"
4733,5000,3,"25/02/2022 | 23/03/2023 | 20/12/2023"
1446,5000,3,"30/11/2022 | 13/01/2021 | 03/08/2022"
1331,5000,3,"05/09/2022 | 28/09/2023 | 24/06/2022"
8422,5000,3,"05/08/2022 | 14/10/2020 | 21/03/2025"
5559,5000,3,"23/11/2021 | 02/08/2023 | 16/07/2022"
6223,5000,3,"12/06/2022 | 05/04/2023 | 01/08/2023"
3299,5000,3,"02/02/2021 | 08/12/2021 | 29/12/2022"
3125,5000,3,"04/02/2025 | 13/02/2025 | 18/01/2023"
9369,5000,3,"08/01/2023 | 26/08/2023 | 30/01/2021"
7200,5000,3,"11/03/2024 | 05/07/2024 | 25/09/2022"
4155,5000,3,"06/03/2024 | 10/04/2025 | 31/08/2024"
7889,5000,3,"14/10/2020 | 19/04/2022 | 16/04/2025"
7133,5000,3,"03/03/2025 | 19/07/2025 | 01/06/2024"
9227,5000,3,"30/04/2021 | 31/10/2023 | 16/08/2024"
7871,5000,3,"25/01/2022 | 29/10/2023 | 27/04/2025"
2480,5000,3,"13/10/2023 | 16/07/2025 | 09/08/2025"
1330,5000,3,"06/11/2021 | 15/03/2022 | 27/01/2023"
2101,5000,3,"28/02/2023 | 27/04/2023 | 29/08/2024"
0163,5000,3,"14/06/2022 | 21/04/2023 | 20/06/2023"
6300,5000,3,"29/03/2023 | 09/10/2020 | 12/01/2022"
5102,5000,3,"02/09/2022 | 05/06/2022 | 04/01/2023"
8022,5000,3,"14/11/2023 | 15/07/2025 | 13/08/2025"
0229,5000,3,"11/03/2023 | 28/12/2020 | 27/02/2021"
0715,5000,3,"26/02/2024 | 14/03/2024 | 23/07/2021"
6531,5000,3,"24/05/2022 | 06/06/2022 | 15/03/2025"
8965,5000,3,"25/03/2022 | 15/10/2023 | 04/05/2024"
9869,5000,3,"11/12/2020 | 11/02/2021 | 09/07/2024"
1677,5000,3,"17/06/2022 | 11/07/2022 | 09/10/2022"
8406,5000,3,"08/07/2023 | 21/01/2024 | 08/05/2024"
5710,5000,3,"03/08/2024 | 02/09/2023 | 02/01/2021"
0699,5000,3,"27/05/2024 | 07/05/2025 | 17/07/2024"
0200,5000,3,"10/07/2023 | 22/04/2022 | 20/08/2023"
6183,5000,3,"30/03/2023 | 16/06/2023 | 22/01/2021"
4856,5000,3,"01/06/2023 | 07/08/2023 | 11/06/2025"
2859,5000,3,"05/12/2020 | 28/08/2024 | 13/09/2024"
4543,5000,3,"26/04/2021 | 25/07/2024 | 03/10/2024"
8055,5000,3,"29/04/2024 | 27/06/2023 | 22/09/2023"
0887,5000,3,"10/02/2023 | 10/03/2025 | 28/10/2022"
4517,5000,3,"18/02/2023 | 31/01/2022 | 11/09/2024"
6256,5000,3,"16/11/2021 | 12/09/2023 | 02/04/2022"
5687,5000,3,"10/11/2024 | 19/11/2022 | 16/05/2022"
7061,5000,3,"02/06/2024 | 21/02/2025 | 23/03/2025"
1392,5000,3,"22/03/2024 | 22/07/2023 | 10/11/2022"
8533,5000,3,"09/03/2022 | 21/12/2024 | 09/12/2022"
5608,5000,3,"20/12/2021 | 27/03/2021 | 25/08/2022"
9643,5000,3,"27/08/2023 | 03/11/2022 | 11/06/2023"
9867,5000,3,"18/01/2022 | 26/03/2022 | 02/05/2022"
2340,5000,3,"07/10/2021 | 23/02/2025 | 05/11/2024"
4540,5000,3,"15/01/2024 | 05/12/2024 | 30/04/2021"
8720,5000,3,"11/10/2021 | 24/09/2022 | 17/02/2023"
1552,5000,3,"12/02/2022 | 27/12/2022 | 19/11/2024"
7460,5000,3,"06/06/2025 | 08/01/2025 | 15/06/2025"
1605,5000,3,"17/08/2024 | 09/12/2021 | 03/03/2022"
9491,5000,3,"27/07/2022 | 19/10/2022 | 24/09/2022"
6566,5000,3,"23/09/2024 | 07/10/2022 | 15/05/2024"
8447,5000,3,"30/04/2022 | 05/07/2022 | 21/06/2025"
5348,5000,3,"07/01/2024 | 08/02/2024 | 09/03/2023"
8495,5000,3,"31/01/2023 | 09/04/2025 | 14/01/2024"
3421,5000,3,"13/06/2023 | 21/04/2024 | 15/02/2025"
2137,5000,3,"14/07/2025 | 26/03/2022 | 08/10/2021"
5179,5000,3,"10/11/2021 | 08/09/2020 | 26/10/2021"
0855,5000,3,"08/01/2022 | 17/06/2023 | 30/08/2022"
0602,5000,3,"21/04/2024 | 19/05/2024 | 29/11/2024"
2472,5000,3,"23/06/2022 | 17/12/2024 | 08/03/2021"
6138,5000,3,"30/12/2022 | 15/09/2023 | 03/12/2023"
8632,5000,3,"27/06/2024 | 10/08/2024 | 30/04/2025"
7687,5000,3,"25/11/2022 | 12/12/2023 | 11/05/2024"
7575,5000,3,"23/12/2023 | 18/02/2025 | 17/10/2023"
8457,5000,3,"03/06/2023 | 11/07/2022 | 04/10/2023"
3914,5000,3,"23/01/2024 | 12/03/2025 | 16/06/2025"
2064,5000,3,"02/12/2022 | 02/07/2023 | 01/10/2024"
8333,5000,3,"07/04/2022 | 10/08/2022 | 27/08/2021"
7569,5000,3,"26/09/2020 | 30/01/2021 | 19/04/2025"
2047,5000,3,"06/12/2023 | 14/09/2021 | 12/03/2023"
8882,5000,3,"19/10/2020 | 17/08/2020 | 12/05/2021"
6935,5000,3,"17/02/2022 | 10/04/2021 | 12/06/2022"
3844,5000,3,"25/02/2021 | 03/06/2023 | 26/04/2024"
7533,5000,3,"26/03/2025 | 04/07/2022 | 12/12/2022"
7356,5000,3,"01/02/2022 | 19/08/2024 | 07/04/2022"
3837,5000,3,"20/12/2022 | 13/04/2025 | 12/09/2023"
9096,5000,3,"28/08/2022 | 09/04/2022 | 25/01/2022"
3263,5000,3,"20/01/2024 | 13/02/2024 | 26/10/2022"
1596,5000,3,"20/05/2022 | 19/12/2022 | 14/01/2024"
9250,5000,3,"20/10/2021 | 10/10/2024 | 25/03/2025"
3163,5000,3,"09/09/2023 | 01/11/2024 | 28/10/2022"
3332,5000,3,"20/11/2023 | 24/03/2023 | 24/09/2020"
5648,5000,3,"11/07/2020 | 28/07/2024 | 16/01/2021"
5915,5000,3,"01/04/2021 | 24/04/2021 | 11/09/2023"
6715,5000,3,"09/11/2020 | 29/12/2023 | 11/04/2024"
7438,5000,3,"25/12/2022 | 13/11/2023 | 30/05/2024"
1617,5000,3,"10/08/2025 | 06/09/2021 | 01/07/2023"
3247,5000,3,"05/11/2023 | 10/04/2024 | 12/12/2022"
7726,5000,3,"29/04/2023 | 09/07/2023 | 01/04/2024"
3641,5000,3,"08/11/2022 | 11/01/2021 | 24/08/2025"
7318,5000,3,"27/05/2025 | 15/10/2023 | 18/12/2023"
3252,5000,3,"08/07/2022 | 28/10/2023 | 30/04/2024"
5399,5000,3,"15/12/2024 | 02/08/2023 | 02/01/2021"
0391,5000,3,"06/07/2023 | 19/12/2024 | 12/08/2025"
7697,5000,3,"16/08/2023 | 27/06/2025 | 09/06/2025"
1858,5000,3,"09/05/2024 | 12/05/2024 | 25/04/2025"
4779,5000,3,"03/01/2025 | 26/05/2025 | 30/03/2022"
8827,5000,3,"26/09/2020 | 30/10/2020 | 11/01/2023"
5971,5000,3,"05/05/2022 | 17/04/2024 | 08/09/2024"
8753,5000,3,"19/12/2020 | 19/07/2024 | 26/02/2023"
2122,5000,3,"21/08/2025 | 16/07/2024 | 22/08/2022"
0300,5000,3,"07/07/2024 | 15/05/2025 | 14/03/2025"
2308,5000,3,"09/05/2024 | 30/08/2024 | 01/02/2023"
6249,5000,3,"14/07/2025 | 23/04/2024 | 19/03/2025"
3350,5000,3,"23/04/2021 | 20/07/2025 | 31/10/2024"
7866,5000,3,"16/10/2022 | 20/11/2024 | 21/01/2025"
8969,5000,3,"27/01/2022 | 16/05/2023 | 30/10/2023"
5107,5000,3,"12/02/2021 | 03/07/2022 | 09/09/2022"
7899,5000,3,"08/10/2024 | 20/01/2025 | 18/08/2025"
4384,5000,3,"28/04/2025 | 08/12/2022 | 24/12/2023"
1367,5000,3,"25/02/2024 | 29/08/2024 | 30/07/2025"
1832,5000,3,"05/04/2021 | 12/11/2021 | 18/08/2025"
5087,5000,3,"15/12/2024 | 23/09/2021 | 05/10/2023"
5708,5000,3,"23/11/2024 | 31/01/2022 | 16/09/2023"
5147,5000,3,"19/10/2022 | 05/12/2024 | 14/12/2021"
0097,5000,3,"13/11/2024 | 22/09/2023 | 03/02/2021"
6243,5000,3,"28/04/2021 | 26/11/2021 | 20/12/2022"
6992,5000,3,"24/03/2022 | 17/07/2022 | 11/06/2022"
3897,5000,3,"30/08/2021 | 22/11/2021 | 10/07/2023"
6812,5000,3,"02/08/2021 | 23/05/2022 | 01/04/2024"
8943,5000,3,"16/12/2020 | 27/01/2021 | 29/02/2024"
6040,5000,3,"22/12/2020 | 26/05/2024 | 26/09/2020"
5529,5000,3,"13/10/2024 | 11/08/2021 | 16/02/2024"
9223,5000,3,"09/07/2024 | 10/02/2023 | 19/08/2022"
9108,5000,3,"05/08/2022 | 04/10/2022 | 18/12/2023"
5876,5000,3,"10/11/2021 | 12/09/2023 | 06/01/2023"
9941,5000,3,"31/05/2024 | 11/01/2022 | 05/10/2022"
5080,5000,3,"12/06/2023 | 30/11/2022 | 26/08/2024"
3514,5000,3,"02/12/2022 | 17/02/2023 | 26/11/2024"
3595,5000,3,"02/11/2020 | 18/03/2022 | 29/05/2022"
5976,5000,3,"14/02/2022 | 10/06/2024 | 12/08/2025"
0148,5000,3,"13/06/2022 | 24/06/2023 | 15/12/2024"
9240,5000,3,"11/07/2020 | 08/05/2023 | 10/06/2023"
6038,5000,3,"21/05/2022 | 30/11/2021 | 20/10/2022"
1998,5000,3,"14/03/2025 | 13/01/2021 | 05/02/2022"
1201,5000,3,"01/02/2024 | 25/07/2025 | 11/08/2023"
4693,5000,3,"19/01/2021 | 01/02/2023 | 09/07/2022"
1884,5000,3,"25/08/2021 | 25/07/2022 | 27/01/2022"
8902,5000,3,"27/10/2023 | 25/01/2024 | 08/08/2024"
6330,5000,3,"20/08/2023 | 27/01/2024 | 14/08/2024"
6358,5000,3,"16/09/2020 | 10/05/2023 | 28/02/2023"
3552,5000,3,"02/04/2022 | 13/11/2022 | 04/11/2024"
9764,5000,3,"31/10/2024 | 30/03/2023 | 26/06/2024"
5353,5000,3,"24/08/2022 | 16/11/2022 | 26/05/2024"
0193,5000,3,"20/11/2024 | 23/06/2022 | 26/09/2023"
4705,5000,3,"02/05/2024 | 22/06/2023 | 20/06/2024"
4110,5000,3,"24/03/2025 | 06/10/2023 | 08/12/2023"
0567,5000,3,"23/12/2020 | 28/09/2022 | 02/09/2024"
1016,5000,3,"25/11/2021 | 13/04/2022 | 21/08/2020"
9743,5000,3,"05/06/2024 | 14/07/2025 | 15/09/2021"
9822,5000,3,"07/08/2023 | 12/06/2025 | 30/01/2024"
9443,5000,3,"04/03/2024 | 29/07/2024 | 02/12/2020"
9415,5000,3,"20/03/2023 | 25/08/2025 | 22/12/2021"
1765,5000,3,"23/03/2021 | 28/04/2025 | 24/02/2025"
4760,5000,3,"08/01/2024 | 03/06/2024 | 23/09/2023"
0619,5000,3,"22/09/2024 | 08/01/2023 | 27/09/2024"
7000,5000,3,"23/06/2023 | 03/08/2022 | 15/02/2024"
1191,5000,3,"03/03/2023 | 30/05/2024 | 29/08/2022"
4339,5000,3,"03/09/2022 | 14/04/2021 | 29/12/2024"
6345,5000,3,"17/11/2022 | 19/02/2024 | 27/04/2022"
4850,5000,3,"01/10/2024 | 13/03/2021 | 06/12/2023"
6955,5000,3,"13/11/2023 | 06/12/2021 | 19/02/2024"
6783,5000,3,"16/12/2023 | 18/10/2024 | 27/02/2025"
8295,5000,3,"21/09/2022 | 07/05/2021 | 24/12/2022"
7996,5000,3,"13/03/2024 | 15/07/2024 | 28/08/2024"
8638,5000,3,"31/12/2022 | 07/03/2023 | 04/06/2023"
7750,5000,3,"04/12/2022 | 16/01/2025 | 25/05/2025"
8683,5000,3,"11/09/2024 | 21/04/2021 | 11/07/2025"
9532,5000,3,"30/08/2021 | 23/10/2023 | 05/09/2024"
2824,5000,3,"24/11/2023 | 28/05/2024 | 10/10/2020"
2005,5000,3,"17/05/2025 | 24/08/2025 | 30/04/2025"
2828,5000,3,"20/09/2021 | 22/11/2021 | 30/03/2022"
1413,5000,3,"29/11/2022 | 24/08/2025 | 30/12/2021"
3716,5000,3,"15/04/2021 | 01/02/2023 | 25/12/2024"
7782,5000,3,"19/04/2025 | 31/01/2023 | 27/08/2024"
3508,5000,3,"04/03/2021 | 06/10/2021 | 17/08/2025"
8571,5000,3,"08/11/2022 | 13/03/2023 | 23/05/2024"
0430,5000,3,"12/08/2025 | 11/02/2022 | 25/07/2022"
4272,5000,3,"13/04/2023 | 02/08/2023 | 20/04/2024"
6257,5000,3,"10/01/2022 | 04/02/2022 | 30/06/2022"
9984,5000,3,"05/12/2023 | 18/03/2022 | 10/10/2022"
0134,5000,3,"28/01/2025 | 28/03/2022 | 15/04/2022"
4153,5000,3,"13/04/2021 | 13/05/2024 | 23/01/2025"
0740,5000,3,"20/08/2025 | 29/10/2024 | 10/03/2023"
8296,5000,3,"31/01/2022 | 20/01/2025 | 08/05/2024"
8729,5000,3,"26/12/2024 | 27/01/2023 | 11/11/2020"
3456,5000,3,"01/12/2022 | 04/07/2024 | 25/10/2022"
7109,5000,3,"04/04/2024 | 09/07/2025 | 16/03/2022"
2892,5000,3,"11/12/2020 | 08/12/2022 | 02/02/2024"
6528,5000,3,"06/05/2023 | 04/11/2020 | 26/04/2021"
6457,5000,3,"24/05/2025 | 04/09/2021 | 07/04/2021"
3890,5000,3,"20/04/2022 | 16/04/2023 | 05/06/2025"
3551,5000,3,"13/03/2023 | 28/11/2024 | 14/07/2023"
2593,5000,3,"22/01/2025 | 12/03/2024 | 29/01/2024"
3818,5000,3,"30/12/2020 | 16/02/2021 | 04/04/2023"
0985,5000,3,"19/09/2023 | 25/06/2024 | 06/04/2022"
1862,5000,3,"14/09/2021 | 18/12/2023 | 20/06/2023"
9196,5000,3,"29/06/2023 | 10/02/2022 | 11/11/2024"
0508,5000,3,"04/04/2024 | 15/01/2024 | 12/08/2025"
1885,5000,3,"12/12/2024 | 21/12/2024 | 20/06/2023"
4891,5000,3,"17/09/2022 | 12/07/2023 | 16/07/2023"
5301,5000,3,"29/09/2021 | 01/11/2023 | 22/04/2021"
8090,5000,3,"25/12/2021 | 04/01/2024 | 28/12/2020"
3809,5000,3,"20/06/2022 | 26/10/2023 | 25/01/2025"
4464,5000,3,"11/01/2025 | 14/10/2020 | 29/04/2022"
5623,5000,3,"16/10/2024 | 03/05/2023 | 06/01/2021"
8765,5000,3,"20/06/2025 | 26/02/2021 | 24/07/2023"
4056,5000,3,"22/06/2025 | 08/02/2025 | 04/07/2023"
1903,5000,3,"24/05/2022 | 22/02/2022 | 18/03/2021"
7264,5000,3,"30/04/2022 | 30/03/2023 | 05/07/2024"
4661,5000,3,"17/12/2022 | 12/03/2025 | 31/08/2024"
8143,5000,3,"23/08/2024 | 17/05/2025 | 15/03/2022"
2693,5000,3,"30/11/2020 | 29/01/2023 | 02/04/2023"
2764,5000,3,"22/05/2023 | 27/09/2021 | 15/04/2022"
4092,5000,3,"04/09/2021 | 14/01/2023 | 19/06/2025"
2782,5000,3,"25/02/2025 | 22/01/2021 | 01/12/2023"
4338,5000,3,"18/06/2022 | 09/12/2024 | 02/09/2024"
6851,5000,3,"30/08/2021 | 25/08/2020 | 18/01/2023"
4269,5000,3,"20/02/2023 | 08/11/2021 | 27/12/2021"
8032,5000,3,"02/11/2024 | 30/10/2023 | 08/12/2023"
0306,5000,3,"21/08/2022 | 01/06/2023 | 18/08/2024"
6868,5000,3,"21/10/2023 | 23/04/2024 | 21/06/2023"
1192,5000,3,"23/10/2024 | 13/04/2021 | 07/05/2023"
6250,5000,3,"17/01/2022 | 14/01/2023 | 18/02/2025"
9306,5000,3,"28/02/2023 | 09/06/2023 | 26/11/2021"
5664,5000,3,"03/05/2024 | 03/04/2023 | 19/08/2022"
5904,5000,3,"07/09/2021 | 26/10/2021 | 07/10/2022"
5596,5000,3,"23/08/2023 | 18/07/2022 | 12/07/2022"
6610,5000,3,"14/12/2022 | 20/06/2025 | 23/06/2022"
9198,5000,3,"27/08/2020 | 13/02/2023 | 31/01/2024"
7567,5000,3,"10/01/2022 | 10/02/2022 | 16/07/2025"
3782,5000,3,"25/12/2021 | 23/10/2021 | 18/12/2024"
0011,5000,3,"01/03/2025 | 05/03/2021 | 07/08/2023"
5209,5000,3,"29/03/2023 | 17/08/2024 | 27/02/2025"
7472,5000,3,"23/12/2021 | 14/08/2022 | 03/07/2023"
7992,5000,3,"13/01/2024 | 04/06/2024 | 29/08/2024"
8634,5000,3,"21/10/2022 | 04/09/2021 | 07/01/2024"
4312,5000,3,"19/10/2024 | 01/02/2025 | 22/01/2025"
4659,5000,3,"01/11/2021 | 28/06/2025 | 16/07/2022"
2944,5000,3,"02/06/2022 | 29/06/2023 | 12/07/2023"
1320,5000,3,"01/08/2023 | 21/09/2021 | 23/09/2023"
2313,5000,3,"25/08/2020 | 04/12/2020 | 29/01/2025"
6171,5000,3,"12/05/2021 | 29/03/2025 | 30/10/2024"
4930,5000,3,"12/10/2020 | 09/01/2021 | 17/06/2024"
3287,5000,3,"08/02/2022 | 30/10/2022 | 26/05/2025"
7762,5000,3,"21/05/2022 | 09/05/2024 | 30/01/2024"
0077,5000,3,"27/12/2021 | 07/02/2022 | 24/02/2021"
2485,5000,3,"17/07/2023 | 16/10/2022 | 20/01/2021"
3155,5000,3,"10/01/2024 | 22/08/2025 | 27/12/2022"
2531,5000,3,"19/10/2020 | 09/12/2020 | 07/03/2024"
4785,5000,3,"01/08/2025 | 29/07/2025 | 15/09/2021"
8069,5000,3,"28/07/2024 | 10/10/2020 | 02/04/2022"
8617,5000,3,"08/11/2022 | 11/06/2025 | 11/10/2024"
3451,5000,3,"28/04/2023 | 15/01/2024 | 16/11/2022"
9410,5000,3,"26/02/2022 | 29/11/2023 | 01/03/2024"
5886,5000,3,"24/11/2022 | 09/12/2023 | 26/06/2025"
5389,5000,3,"05/11/2023 | 10/09/2024 | 14/06/2024"
4415,5000,3,"24/08/2022 | 27/07/2024 | 11/08/2021"
2014,5000,3,"06/07/2023 | 20/09/2022 | 22/10/2022"
7856,5000,3,"27/08/2021 | 25/05/2023 | 22/12/2022"
7172,5000,3,"04/05/2023 | 08/05/2025 | 18/11/2021"
2834,5000,3,"07/05/2023 | 12/09/2022 | 01/09/2021"
4196,5000,3,"28/05/2022 | 06/06/2022 | 15/07/2022"
2492,5000,3,"03/03/2023 | 09/10/2020 | 19/10/2023"
9192,5000,3,"01/11/2023 | 14/12/2024 | 18/08/2022"
7093,5000,3,"14/12/2022 | 08/02/2024 | 22/09/2024"
8750,5000,3,"09/07/2023 | 23/12/2020 | 23/12/2022"
8023,5000,3,"13/08/2022 | 08/07/2022 | 09/08/2022"
9069,5000,3,"01/01/2022 | 29/07/2025 | 19/03/2021"
2749,5000,3,"05/08/2022 | 22/06/2023 | 10/09/2023"
1622,5000,3,"09/07/2023 | 13/06/2023 | 27/05/2025"
0088,5000,3,"19/06/2025 | 18/07/2025 | 04/01/2023"
7552,5000,3,"27/11/2022 | 08/01/2023 | 16/05/2025"
2156,5000,3,"16/09/2021 | 27/09/2023 | 20/08/2025"
0916,5000,3,"16/05/2025 | 29/05/2025 | 18/01/2024"
3895,5000,3,"04/07/2022 | 12/11/2023 | 08/04/2025"
1516,5000,3,"23/04/2021 | 24/09/2023 | 17/09/2024"
8497,5000,3,"12/03/2021 | 28/03/2022 | 25/02/2025"
8398,5000,3,"23/08/2022 | 19/01/2024 | 04/11/2021"
9937,5000,3,"24/01/2023 | 12/05/2025 | 26/11/2023"
5859,5000,3,"10/09/2020 | 13/10/2024 | 22/08/2025"
2420,5000,3,"14/02/2024 | 03/01/2024 | 08/09/2023"
4950,5000,3,"15/06/2024 | 28/09/2022 | 04/01/2023"
7449,5000,3,"15/03/2021 | 28/09/2020 | 16/03/2023"
3360,5000,3,"02/03/2025 | 16/03/2025 | 23/11/2024"
6111,5000,3,"20/03/2021 | 10/01/2023 | 20/07/2025"
3457,5000,3,"30/12/2023 | 02/08/2022 | 17/03/2025"
5287,5000,3,"22/01/2025 | 25/01/2025 | 10/07/2024"
4504,5000,3,"13/01/2022 | 30/08/2022 | 25/07/2020"
7445,5000,3,"12/10/2020 | 23/08/2024 | 12/05/2021"
0733,5000,3,"04/10/2023 | 25/08/2024 | 10/09/2021"
7250,5000,3,"11/04/2023 | 03/06/2024 | 26/03/2022"
1974,5000,3,"17/11/2022 | 14/04/2023 | 17/06/2025"
6357,5000,3,"22/09/2020 | 02/12/2024 | 28/01/2025"
7297,5000,3,"11/08/2020 | 12/03/2021 | 22/04/2024"
8702,5000,3,"07/09/2021 | 09/11/2021 | 05/08/2025"
7508,5000,3,"14/11/2022 | 01/01/2022 | 03/11/2023"
3706,5000,3,"25/08/2021 | 28/05/2023 | 18/01/2024"
5997,5000,3,"28/04/2025 | 30/09/2022 | 19/01/2024"
7266,5000,3,"13/06/2022 | 31/03/2023 | 29/06/2023"
5537,5000,3,"26/11/2021 | 07/02/2024 | 24/01/2023"
6088,5000,3,"27/11/2022 | 14/12/2024 | 08/01/2024"
8806,5000,3,"29/12/2022 | 04/04/2023 | 23/10/2024"
5726,5000,3,"05/07/2022 | 23/07/2021 | 28/04/2024"
4298,5000,3,"09/02/2023 | 16/02/2023 | 23/11/2022"
1718,5000,3,"09/09/2022 | 15/01/2024 | 04/07/2022"
2546,5000,3,"10/04/2024 | 23/06/2024 | 25/11/2023"
8593,5000,3,"17/01/2024 | 16/05/2024 | 28/01/2024"
9536,5000,3,"18/09/2023 | 14/02/2023 | 02/05/2022"
2813,5000,3,"27/11/2020 | 03/05/2022 | 17/07/2022"
2811,5000,3,"23/08/2022 | 10/07/2022 | 22/04/2024"
3896,5000,3,"23/01/2023 | 11/03/2021 | 18/10/2021"
3127,5000,3,"15/05/2025 | 22/02/2023 | 13/01/2022"
6280,5000,3,"04/10/2024 | 19/12/2020 | 21/01/2022"
1477,5000,3,"27/11/2023 | 13/06/2024 | 21/03/2023"
8736,5000,3,"17/02/2021 | 26/04/2022 | 27/10/2022"
5362,5000,3,"01/07/2023 | 24/09/2023 | 27/12/2024"
7595,5000,3,"09/05/2025 | 29/04/2025 | 30/11/2022"
7817,5000,3,"08/02/2021 | 19/08/2022 | 08/11/2024"
1243,5000,3,"05/03/2024 | 09/07/2023 | 15/11/2024"
6470,5000,3,"06/01/2023 | 21/10/2021 | 04/06/2022"
0224,5000,3,"11/07/2024 | 15/01/2025 | 21/01/2025"
0856,5000,3,"08/04/2024 | 24/03/2025 | 11/04/2025"
7233,5000,3,"30/03/2025 | 08/12/2023 | 04/11/2021"
9840,5000,3,"12/07/2023 | 25/05/2024 | 19/06/2022"
9797,5000,3,"08/04/2022 | 25/02/2024 | 10/03/2024"
1117,5000,3,"16/12/2021 | 06/02/2023 | 09/01/2025"
9020,5000,3,"09/12/2020 | 05/07/2025 | 09/06/2023"
9225,5000,3,"09/02/2025 | 31/05/2022 | 05/05/2023"
0547,5000,3,"09/02/2023 | 21/06/2024 | 22/12/2021"
7058,5000,3,"19/11/2023 | 18/11/2023 | 20/05/2022"
8116,5000,3,"28/07/2022 | 15/01/2025 | 14/04/2025"
0923,5000,3,"09/03/2021 | 24/06/2025 | 19/11/2021"
2748,5000,3,"06/01/2022 | 22/06/2025 | 21/12/2020"
1715,5000,3,"16/09/2022 | 31/12/2024 | 05/08/2023"
8643,5000,3,"06/09/2021 | 16/01/2023 | 10/05/2023"
6505,5000,3,"16/05/2022 | 26/02/2024 | 12/08/2025"
6359,5000,3,"05/08/2023 | 07/06/2024 | 02/07/2025"
6046,5000,3,"25/05/2022 | 09/12/2023 | 06/04/2022"
5344,5000,3,"01/06/2024 | 19/01/2021 | 22/01/2025"
5308,5000,3,"15/07/2022 | 21/08/2024 | 04/05/2025"
5975,5000,3,"06/06/2025 | 26/05/2023 | 20/07/2023"
0742,5000,3,"01/09/2024 | 10/04/2025 | 23/04/2025"
0050,5000,3,"12/05/2022 | 04/08/2023 | 23/12/2022"
0412,5000,3,"05/11/2022 | 03/06/2023 | 22/10/2023"
2864,5000,3,"12/04/2024 | 14/08/2022 | 07/04/2023"
8842,5000,3,"16/03/2022 | 07/07/2022 | 11/06/2025"
0095,5000,3,"07/05/2023 | 21/02/2024 | 22/12/2024"
3662,5000,3,"25/04/2022 | 17/10/2023 | 26/07/2025"
5950,5000,3,"04/01/2022 | 02/05/2023 | 12/05/2024"
7571,5000,3,"11/02/2024 | 04/05/2021 | 10/06/2024"
8990,5000,3,"30/11/2024 | 02/04/2022 | 25/03/2023"
0349,5000,3,"19/01/2021 | 04/01/2022 | 23/07/2021"
4178,5000,3,"12/08/2022 | 26/06/2023 | 04/03/2022"
7102,5000,3,"13/12/2024 | 08/04/2021 | 26/11/2022"
1922,5000,3,"12/05/2024 | 17/02/2023 | 14/11/2022"
2457,5000,3,"03/07/2024 | 03/11/2021 | 31/01/2024"
3328,5000,3,"11/05/2024 | 14/10/2024 | 06/01/2021"
4130,5000,3,"09/01/2025 | 17/05/2025 | 26/07/2025"
9750,5000,3,"25/09/2023 | 12/04/2021 | 25/06/2023"
4115,5000,3,"11/05/2022 | 13/05/2024 | 02/08/2021"
0059,5000,3,"05/08/2022 | 02/08/2024 | 30/10/2024"
0892,5000,3,"26/07/2024 | 15/06/2024 | 01/02/2025"
4508,5000,3,"07/11/2022 | 06/08/2024 | 03/03/2022"
9528,5000,3,"12/02/2023 | 01/01/2025 | 15/01/2023"
5875,5000,3,"14/03/2022 | 30/09/2023 | 04/10/2022"
1383,5000,3,"30/04/2025 | 27/11/2024 | 13/08/2025"
3775,5000,3,"27/04/2022 | 02/07/2023 | 23/05/2025"
6497,5000,3,"31/07/2023 | 21/01/2023 | 15/12/2021"
5753,5000,3,"01/03/2022 | 04/01/2025 | 11/10/2023"
9011,5000,3,"24/12/2022 | 18/01/2023 | 11/02/2023"
7465,5000,3,"21/02/2023 | 15/02/2024 | 06/07/2024"
7219,5000,3,"07/08/2024 | 10/05/2025 | 17/04/2024"
5232,5000,3,"08/06/2022 | 20/05/2025 | 11/02/2022"
4983,5000,3,"08/12/2020 | 02/07/2024 | 16/11/2024"
3703,5000,3,"06/03/2024 | 20/10/2022 | 20/08/2024"
6979,5000,3,"05/09/2023 | 27/06/2024 | 16/03/2025"
1559,5000,3,"16/11/2020 | 27/07/2024 | 29/08/2022"
0079,5000,3,"02/09/2020 | 04/07/2025 | 09/05/2025"
8392,5000,3,"18/07/2025 | 03/06/2023 | 02/08/2024"
5990,5000,3,"31/12/2021 | 31/01/2022 | 24/09/2024"
6987,5000,3,"31/05/2022 | 15/07/2022 | 24/09/2023"
3608,5000,3,"16/06/2024 | 19/03/2021 | 11/10/2022"
1525,5000,3,"20/01/2021 | 24/05/2022 | 23/01/2023"
6572,5000,3,"13/02/2025 | 21/01/2023 | 02/08/2022"
6339,5000,3,"25/11/2021 | 23/01/2025 | 16/09/2024"
9545,5000,3,"16/04/2021 | 03/08/2025 | 22/08/2023"
8732,5000,3,"16/10/2023 | 04/01/2021 | 25/03/2021"
6014,5000,3,"08/08/2024 | 20/08/2025 | 23/02/2022"
5070,5000,3,"21/07/2022 | 27/01/2024 | 01/02/2024"
1279,5000,3,"10/09/2021 | 06/02/2025 | 05/03/2025"
9656,5000,3,"25/09/2021 | 10/12/2024 | 09/12/2022"
2381,5000,3,"31/12/2021 | 16/10/2022 | 21/02/2023"
9221,5000,3,"16/03/2024 | 23/12/2024 | 10/03/2025"
3432,5000,3,"27/06/2022 | 25/09/2021 | 20/11/2021"
8529,5000,3,"12/04/2024 | 10/07/2025 | 14/06/2024"
4688,5000,3,"01/01/2023 | 09/03/2023 | 18/05/2022"
7693,5000,3,"10/02/2023 | 30/05/2023 | 12/02/2025"
6117,5000,3,"28/09/2020 | 10/10/2024 | 04/11/2022"
9097,5000,3,"28/12/2021 | 02/09/2022 | 28/10/2023"
1923,5000,3,"19/05/2024 | 06/10/2021 | 15/12/2020"
0794,5000,3,"19/09/2023 | 21/02/2025 | 07/02/2022"
3311,5000,3,"19/03/2022 | 11/04/2022 | 30/12/2022"
7081,5000,3,"28/08/2023 | 27/02/2024 | 16/02/2022"
4319,5000,3,"19/05/2023 | 17/05/2025 | 21/12/2022"
2838,5000,3,"11/08/2020 | 18/09/2021 | 13/10/2021"
7077,5000,3,"18/12/2022 | 11/05/2024 | 18/12/2024"
9683,5000,3,"01/03/2024 | 01/07/2024 | 29/07/2025"
7680,5000,3,"25/03/2022 | 23/04/2023 | 20/01/2022"
6723,5000,3,"30/01/2025 | 30/05/2022 | 04/01/2023"
7833,5000,3,"07/06/2022 | 26/04/2025 | 18/01/2022"
4804,5000,3,"29/07/2025 | 03/07/2024 | 30/12/2020"
2689,5000,3,"04/10/2021 | 11/09/2022 | 30/07/2024"
2666,5000,3,"02/11/2020 | 13/07/2025 | 09/09/2021"
7541,5000,3,"29/09/2021 | 25/04/2024 | 16/12/2023"
7015,5000,3,"14/08/2022 | 11/11/2022 | 19/07/2024"
7235,5000,3,"14/05/2024 | 31/08/2023 | 14/02/2024"
4672,5000,3,"26/03/2024 | 10/05/2022 | 09/09/2023"
6098,5000,3,"13/06/2022 | 02/09/2023 | 04/10/2024"
6354,5000,3,"12/01/2023 | 15/02/2025 | 18/04/2022"
6767,5000,3,"08/04/2022 | 05/05/2024 | 13/04/2021"
2296,5000,3,"06/05/2022 | 31/03/2024 | 16/11/2020"
2017,5000,3,"18/04/2023 | 17/08/2025 | 29/04/2024"
0710,5000,3,"16/06/2025 | 07/05/2022 | 27/05/2022"
1244,5000,3,"13/04/2023 | 10/05/2023 | 09/01/2025"
9262,5000,3,"17/02/2023 | 05/03/2023 | 26/05/2024"
5600,5000,3,"28/04/2021 | 16/06/2024 | 05/12/2024"
2075,5000,3,"12/04/2023 | 27/04/2024 | 30/09/2020"
9275,5000,3,"27/12/2022 | 20/02/2021 | 05/01/2024"
5508,5000,3,"30/03/2023 | 07/10/2024 | 18/05/2024"
6542,5000,3,"09/11/2020 | 31/05/2024 | 07/05/2025"
7113,5000,3,"27/01/2021 | 28/02/2024 | 04/02/2024"
1027,5000,3,"12/06/2023 | 06/07/2025 | 01/08/2020"
8210,5000,3,"06/04/2024 | 06/12/2024 | 30/08/2024"
5768,5000,3,"10/12/2021 | 18/12/2024 | 22/06/2025"
7550,5000,3,"08/02/2021 | 27/09/2024 | 16/04/2025"
7152,5000,3,"04/03/2022 | 21/04/2022 | 18/12/2024"
6427,5000,3,"17/07/2025 | 21/03/2024 | 02/09/2021"
3318,5000,3,"10/06/2023 | 02/12/2023 | 11/12/2021"
7520,5000,3,"12/03/2023 | 01/09/2023 | 17/10/2024"
7130,5000,3,"23/03/2023 | 22/03/2025 | 01/07/2022"
6419,5000,3,"11/06/2022 | 01/07/2022 | 10/10/2024"
1561,5000,3,"09/03/2022 | 05/01/2023 | 22/08/2024"
3408,5000,3,"17/05/2024 | 28/07/2025 | 28/05/2024"
9042,5000,3,"13/03/2024 | 15/06/2023 | 01/09/2023"
1472,5000,3,"17/08/2023 | 26/06/2025 | 24/11/2024"
0482,5000,3,"30/04/2021 | 27/05/2023 | 23/06/2025"
7679,5000,3,"20/12/2023 | 06/05/2021 | 16/04/2025"
6667,5000,3,"10/10/2023 | 21/09/2021 | 06/09/2023"
1888,5000,3,"11/06/2023 | 25/05/2025 | 10/02/2025"
1957,5000,3,"12/07/2022 | 28/09/2022 | 05/05/2022"
3618,5000,3,"21/05/2024 | 30/10/2023 | 18/08/2022"
1198,5000,3,"17/02/2022 | 26/04/2022 | 17/02/2024"
0162,5000,3,"09/06/2024 | 26/08/2023 | 03/01/2024"
6475,5000,3,"19/06/2024 | 13/07/2022 | 21/12/2020"
8873,5000,3,"21/04/2025 | 14/02/2023 | 24/02/2024"
4700,5000,3,"11/07/2024 | 04/11/2024 | 09/04/2025"
7447,5000,3,"23/08/2023 | 25/03/2024 | 11/06/2024"
4831,5000,3,"08/11/2022 | 02/08/2022 | 25/01/2024"
3814,5000,3,"25/02/2023 | 08/06/2024 | 07/10/2024"
2488,5000,3,"19/01/2021 | 05/07/2023 | 04/10/2023"
6722,5000,3,"27/06/2023 | 27/12/2023 | 07/01/2024"
3977,5000,3,"23/01/2021 | 23/03/2024 | 06/08/2022"
6762,5000,3,"18/02/2025 | 17/01/2024 | 05/11/2022"
2982,5000,3,"05/07/2022 | 15/02/2022 | 24/10/2024"
8812,5000,3,"29/06/2023 | 13/04/2025 | 21/04/2021"
3223,5000,3,"05/11/2024 | 08/10/2021 | 03/07/2025"
4012,5000,3,"24/03/2022 | 08/06/2023 | 25/04/2024"
5370,5000,3,"30/10/2020 | 09/03/2022 | 06/01/2023"
7779,5000,3,"15/09/2023 | 02/03/2024 | 24/09/2024"
4918,5000,3,"06/12/2024 | 20/12/2024 | 07/06/2023"
0107,5000,3,"17/01/2023 | 16/08/2025 | 09/01/2023"
5649,5000,3,"11/07/2025 | 13/08/2025 | 09/02/2021"
8912,5000,3,"28/09/2020 | 18/09/2021 | 10/03/2023"
8094,5000,3,"27/05/2023 | 12/03/2024 | 15/04/2022"
5411,5000,3,"07/06/2022 | 02/03/2024 | 25/04/2023"
8612,5000,3,"26/10/2020 | 28/10/2022 | 14/06/2024"
2676,5000,3,"08/04/2022 | 08/02/2024 | 03/04/2021"
4429,5000,3,"10/12/2021 | 25/09/2024 | 26/08/2023"
8155,5000,3,"30/09/2023 | 05/07/2023 | 11/01/2022"
1401,5000,3,"13/04/2021 | 19/01/2022 | 20/12/2022"
0810,5000,3,"30/08/2022 | 19/04/2024 | 12/06/2022"
2062,5000,3,"26/08/2023 | 19/10/2022 | 29/06/2025"
8300,5000,3,"25/09/2024 | 17/04/2024 | 16/08/2022"
1675,5000,3,"31/01/2024 | 06/09/2024 | 17/07/2023"
2947,5000,3,"04/10/2023 | 20/07/2023 | 06/11/2020"
9680,5000,3,"09/04/2021 | 25/01/2022 | 04/02/2023"
3655,5000,3,"26/10/2020 | 10/07/2025 | 24/01/2025"
4987,5000,3,"28/01/2022 | 26/06/2024 | 03/05/2025"
3713,5000,3,"24/08/2024 | 12/11/2021 | 12/05/2022"
8574,5000,3,"10/04/2024 | 26/04/2024 | 14/06/2025"
0951,5000,3,"13/04/2024 | 13/08/2024 | 11/01/2023"
7564,5000,3,"07/12/2024 | 13/06/2025 | 22/03/2024"
9167,5000,3,"30/05/2023 | 19/06/2024 | 28/07/2025"
8907,5000,3,"07/03/2024 | 01/06/2023 | 30/09/2024"
8059,5000,3,"04/02/2022 | 30/12/2020 | 19/01/2022"
9290,5000,3,"08/07/2022 | 01/01/2023 | 13/08/2021"
1484,5000,3,"16/06/2022 | 29/03/2023 | 02/12/2024"
3804,5000,3,"31/01/2024 | 18/05/2022 | 01/09/2022"
5899,5000,3,"29/07/2023 | 26/07/2024 | 06/11/2024"
3972,5000,3,"28/09/2021 | 10/07/2025 | 18/04/2024"
3498,5000,3,"25/09/2024 | 19/02/2023 | 25/11/2022"
7363,5000,3,"12/05/2023 | 06/12/2024 | 14/08/2025"
6843,5000,3,"27/07/2023 | 21/03/2024 | 13/04/2024"
8098,5000,3,"01/04/2023 | 07/12/2022 | 18/10/2022"
2581,5000,3,"31/12/2021 | 01/01/2023 | 01/07/2024"
9375,5000,3,"25/03/2021 | 21/01/2023 | 17/06/2024"
4600,5000,3,"14/11/2022 | 25/08/2023 | 07/07/2023"
8654,5000,3,"28/03/2025 | 03/08/2022 | 08/10/2021"
2697,5000,3,"08/02/2022 | 10/02/2023 | 23/09/2023"
6299,5000,3,"13/11/2022 | 09/07/2023 | 16/09/2023"
8488,5000,3,"16/08/2021 | 29/02/2024 | 30/07/2025"
4974,5000,3,"05/10/2021 | 09/10/2023 | 17/07/2025"
2991,5000,3,"09/02/2022 | 28/07/2023 | 19/11/2024"
3921,5000,3,"05/01/2023 | 22/05/2025 | 03/09/2022"
0832,5000,3,"01/10/2023 | 22/08/2025 | 14/01/2025"
1971,5000,3,"05/07/2023 | 25/03/2025 | 27/08/2024"
7568,5000,3,"20/06/2023 | 09/01/2024 | 01/08/2022"
2475,5000,3,"18/04/2023 | 08/01/2025 | 03/05/2025"
1845,5000,3,"26/04/2021 | 09/01/2025 | 23/02/2023"
6366,5000,3,"01/04/2022 | 07/01/2025 | 20/06/2024"
8686,5000,3,"09/08/2024 | 01/02/2025 | 27/04/2025"
8526,5000,3,"09/04/2021 | 11/08/2025 | 29/08/2022"
4236,5000,3,"11/05/2021 | 05/06/2024 | 12/08/2025"
8854,5000,3,"29/12/2021 | 26/03/2025 | 01/09/2022"
6510,5000,3,"05/11/2022 | 19/08/2024 | 20/06/2024"
4964,5000,3,"25/02/2022 | 02/06/2025 | 30/09/2021"
2716,5000,3,"07/05/2021 | 18/09/2020 | 29/10/2022"
3910,5000,3,"15/01/2021 | 29/01/2022 | 13/11/2024"
6456,5000,3,"24/12/2021 | 03/01/2022 | 06/10/2022"
5953,5000,3,"12/01/2024 | 14/08/2024 | 23/05/2022"
0572,5000,3,"27/03/2023 | 05/10/2023 | 13/08/2025"
0968,5000,3,"25/12/2022 | 12/06/2023 | 17/12/2022"
7699,5000,3,"18/02/2023 | 01/01/2021 | 29/08/2024"
9854,5000,3,"31/12/2021 | 09/10/2022 | 11/02/2023"
6120,5000,3,"06/11/2022 | 28/06/2024 | 27/09/2024"
5553,5000,3,"12/07/2023 | 02/01/2025 | 14/04/2021"
7345,5000,3,"07/08/2020 | 07/10/2022 | 15/12/2023"
0757,5000,3,"19/08/2020 | 07/10/2022 | 30/06/2023"
9238,5000,3,"24/04/2021 | 12/04/2022 | 30/07/2023"
0490,5000,3,"01/01/2022 | 24/04/2023 | 29/05/2022"
7838,5000,3,"11/11/2020 | 28/04/2025 | 11/06/2025"
5397,5000,3,"08/06/2023 | 18/02/2025 | 09/10/2020"
2400,5000,3,"12/12/2023 | 16/04/2022 | 27/09/2024"
1807,5000,3,"11/01/2022 | 23/06/2022 | 27/07/2022"
3078,5000,3,"09/12/2023 | 13/06/2024 | 21/08/2024"
2402,5000,3,"16/05/2024 | 12/06/2025 | 05/02/2022"
7640,5000,3,"26/08/2024 | 01/07/2025 | 11/05/2025"
7578,5000,3,"17/08/2022 | 07/01/2023 | 23/02/2023"
3546,5000,3,"24/07/2022 | 21/08/2023 | 22/01/2024"
4311,5000,3,"04/08/2022 | 06/03/2023 | 23/06/2024"
1123,5000,3,"06/03/2024 | 17/05/2022 | 20/10/2024"
9313,5000,3,"21/04/2022 | 13/12/2022 | 11/01/2022"
7875,5000,3,"16/01/2023 | 23/03/2024 | 16/08/2025"
3275,5000,3,"08/02/2022 | 18/02/2022 | 24/04/2023"
1266,5000,3,"29/01/2021 | 02/03/2021 | 26/06/2024"
5933,5000,3,"23/01/2021 | 13/03/2024 | 24/03/2024"
1281,5000,3,"04/04/2022 | 14/09/2024 | 22/12/2022"
3758,5000,3,"14/12/2022 | 02/09/2023 | 19/12/2020"
4957,5000,3,"04/07/2024 | 31/12/2022 | 20/06/2022"
4552,5000,3,"13/04/2024 | 16/02/2025 | 23/12/2021"
6724,5000,3,"28/02/2023 | 16/10/2022 | 24/05/2022"
8002,5000,3,"22/10/2024 | 12/05/2024 | 19/11/2024"
1369,5000,3,"26/12/2023 | 30/03/2021 | 03/04/2023"
0105,5000,3,"21/03/2025 | 16/04/2022 | 18/11/2024"
4291,5000,3,"12/03/2021 | 07/07/2022 | 27/09/2024"
4913,5000,3,"28/09/2024 | 10/07/2025 | 23/11/2024"
4553,5000,3,"16/07/2023 | 25/10/2021 | 10/11/2023"
2969,5000,3,"23/11/2022 | 04/05/2021 | 21/04/2024"
1616,5000,3,"16/02/2022 | 31/07/2025 | 06/05/2025"
4792,5000,3,"15/02/2023 | 28/11/2023 | 19/07/2024"
5995,5000,3,"30/08/2021 | 10/02/2023 | 31/08/2024"
0992,5000,3,"09/10/2022 | 14/05/2023 | 21/12/2024"
2679,5000,3,"13/06/2023 | 27/11/2023 | 20/02/2025"
5676,5000,3,"12/07/2022 | 08/01/2024 | 01/11/2021"
3598,5000,3,"27/06/2024 | 15/03/2023 | 27/04/2024"
5832,5000,3,"30/08/2023 | 02/09/2023 | 17/04/2021"
3946,5000,3,"27/11/2022 | 24/12/2024 | 18/06/2025"
1425,5000,3,"19/08/2025 | 16/09/2020 | 03/03/2022"
6596,5000,3,"11/05/2024 | 07/09/2022 | 23/10/2024"
0173,5000,3,"22/02/2022 | 16/11/2023 | 11/10/2024"
9530,5000,3,"01/12/2022 | 24/11/2023 | 21/05/2024"
6305,5000,3,"18/01/2023 | 11/10/2024 | 17/02/2024"
5193,5000,3,"17/02/2022 | 25/03/2023 | 22/07/2023"
7354,5000,3,"09/05/2023 | 15/10/2023 | 19/12/2023"
3869,5000,3,"02/08/2021 | 18/11/2022 | 14/03/2025"
8373,5000,3,"04/08/2021 | 25/03/2024 | 26/05/2025"
8828,5000,3,"07/01/2023 | 13/12/2023 | 08/04/2025"
0478,5000,3,"26/09/2022 | 18/02/2023 | 31/05/2025"
0466,5000,3,"03/09/2024 | 23/06/2025 | 13/10/2024"
8206,5000,3,"07/11/2023 | 27/11/2024 | 11/05/2021"
0886,5000,3,"24/07/2024 | 01/09/2024 | 02/01/2021"
7301,5000,3,"29/01/2022 | 08/08/2025 | 13/03/2024"
4079,5000,3,"24/07/2025 | 06/03/2023 | 20/07/2025"
5597,5000,3,"12/05/2025 | 05/02/2024 | 11/11/2022"
5564,5000,3,"01/03/2021 | 04/06/2022 | 18/12/2022"
6152,5000,3,"21/12/2021 | 01/10/2023 | 14/05/2025"
9125,5000,3,"19/03/2021 | 08/02/2023 | 14/05/2025"
7051,5000,3,"27/02/2021 | 26/10/2021 | 05/08/2024"
9938,5000,3,"13/02/2024 | 11/12/2023 | 02/04/2023"
5593,5000,3,"18/12/2020 | 10/11/2022 | 13/04/2022"
8701,5000,3,"11/10/2024 | 01/10/2023 | 14/04/2022"
1495,5000,3,"11/11/2021 | 04/06/2023 | 04/07/2023"
8273,5000,3,"24/03/2022 | 17/01/2023 | 25/09/2024"
7638,5000,3,"16/12/2021 | 28/10/2023 | 23/06/2025"
7716,5000,3,"22/12/2021 | 11/08/2022 | 27/08/2023"
8353,5000,3,"03/04/2023 | 03/11/2023 | 12/04/2024"
9897,5000,3,"10/10/2024 | 02/12/2020 | 25/02/2023"
0207,5000,3,"05/03/2021 | 12/09/2023 | 02/01/2021"
1323,5000,3,"12/03/2021 | 02/04/2023 | 20/01/2021"
1746,5000,3,"08/01/2021 | 06/09/2021 | 22/02/2021"
5550,5000,3,"07/07/2025 | 10/08/2024 | 04/02/2025"
0570,5000,3,"06/12/2024 | 09/06/2022 | 29/01/2025"
1635,5000,3,"11/09/2021 | 24/02/2025 | 03/05/2025"
9754,5000,3,"16/08/2024 | 06/09/2023 | 23/03/2022"
3495,5000,3,"14/03/2022 | 06/05/2024 | 06/11/2024"
8698,5000,3,"06/09/2022 | 27/04/2021 | 16/09/2022"
9254,5000,3,"21/08/2020 | 03/12/2023 | 21/02/2024"
7335,5000,3,"13/06/2024 | 18/08/2024 | 14/01/2025"
2938,5000,3,"13/11/2022 | 19/06/2024 | 13/09/2022"
7721,5000,3,"03/08/2024 | 12/06/2024 | 04/11/2024"
5873,5000,3,"25/08/2022 | 27/05/2023 | 25/04/2024"
9617,5000,3,"15/12/2021 | 14/09/2024 | 25/09/2022"
6545,5000,3,"27/04/2021 | 14/10/2024 | 04/12/2023"
3766,5000,3,"21/08/2022 | 25/06/2024 | 03/02/2021"
5160,5000,3,"26/11/2021 | 07/03/2024 | 03/07/2025"
6070,5000,3,"19/03/2022 | 29/04/2023 | 13/05/2024"
8636,5000,3,"25/03/2025 | 28/07/2025 | 23/07/2023"
8507,5000,3,"29/06/2022 | 05/03/2022 | 24/12/2024"
2647,5000,3,"20/09/2024 | 30/04/2023 | 27/12/2021"
5118,5000,3,"29/09/2022 | 19/03/2022 | 21/04/2023"
4877,5000,3,"25/12/2024 | 27/02/2021 | 27/06/2024"
2550,5000,3,"20/10/2024 | 12/06/2022 | 11/01/2023"
6397,5000,3,"09/02/2025 | 30/09/2024 | 25/01/2023"
6128,5000,3,"08/03/2022 | 02/01/2024 | 16/06/2024"
2511,5000,3,"25/08/2022 | 19/08/2024 | 20/11/2024"
6899,5000,3,"09/09/2024 | 29/12/2023 | 19/06/2025"
2427,5000,3,"03/04/2021 | 16/03/2023 | 15/04/2025"
2746,5000,3,"15/12/2022 | 01/08/2024 | 06/07/2023"
7177,5000,3,"11/08/2025 | 03/03/2024 | 05/10/2020"
5471,5000,3,"18/02/2021 | 19/02/2024 | 27/02/2025"
8680,5000,3,"19/12/2022 | 29/03/2023 | 10/04/2024"
5398,5000,3,"10/01/2023 | 21/06/2022 | 13/12/2024"
8004,5000,3,"11/09/2021 | 04/05/2025 | 24/07/2022"
2060,5000,3,"22/08/2022 | 01/10/2022 | 29/11/2023"
4716,5000,3,"12/03/2021 | 24/08/2024 | 20/08/2022"
0840,5000,3,"04/05/2022 | 26/08/2024 | 08/07/2022"
6706,5000,3,"04/01/2023 | 24/03/2023 | 27/04/2025"
3917,5000,3,"18/11/2022 | 22/09/2022 | 27/07/2022"
8838,5000,3,"11/03/2021 | 30/05/2022 | 15/09/2023"
7740,5000,3,"05/01/2023 | 22/05/2025 | 08/01/2024"
4608,5000,3,"03/03/2024 | 30/10/2023 | 04/09/2023"
0443,5000,3,"11/12/2020 | 31/10/2022 | 12/04/2025"
1993,5000,3,"06/07/2023 | 04/03/2025 | 13/07/2024"
2986,5000,3,"11/11/2021 | 31/10/2023 | 29/06/2024"
4026,5000,3,"28/04/2022 | 19/10/2022 | 16/03/2023"
9903,5000,3,"21/05/2024 | 10/02/2025 | 21/07/2023"
7995,5000,3,"22/02/2024 | 26/10/2024 | 02/08/2025"
0460,5000,3,"14/12/2021 | 28/12/2022 | 23/04/2023"
1006,5000,3,"19/08/2024 | 06/04/2022 | 16/11/2022"
0703,5000,3,"24/07/2024 | 31/01/2023 | 05/03/2025"
4483,5000,3,"27/10/2023 | 13/09/2022 | 14/09/2024"
1599,5000,3,"18/09/2020 | 19/08/2024 | 15/05/2025"
0991,5000,3,"28/06/2023 | 13/02/2024 | 19/10/2020"
3639,5000,3,"08/02/2023 | 22/04/2023 | 23/12/2021"
2761,5000,3,"02/04/2021 | 01/04/2022 | 13/10/2022"
9383,5000,3,"13/09/2023 | 16/06/2024 | 28/06/2022"
4418,5000,3,"18/12/2023 | 20/09/2021 | 21/01/2023"
7374,5000,3,"25/06/2023 | 14/02/2024 | 31/01/2022"
0328,5000,3,"30/12/2021 | 07/11/2023 | 29/11/2024"
8584,5000,3,"28/10/2024 | 21/08/2020 | 29/03/2022"
0658,5000,3,"17/03/2023 | 29/10/2024 | 25/01/2023"
1738,5000,3,"30/04/2021 | 26/10/2023 | 22/09/2024"
1303,5000,3,"14/06/2022 | 08/08/2022 | 17/10/2024"
4460,5000,3,"23/02/2022 | 25/01/2025 | 19/11/2021"
3116,5000,3,"08/12/2022 | 02/08/2023 | 31/03/2024"
6728,5000,3,"07/01/2024 | 10/01/2025 | 04/03/2025"
7038,5000,3,"14/02/2023 | 12/11/2021 | 25/09/2022"
7284,5000,3,"27/01/2024 | 11/06/2022 | 20/02/2024"
4134,5000,3,"27/01/2021 | 11/11/2021 | 04/10/2023"
5986,5000,3,"10/06/2023 | 15/11/2023 | 13/05/2022"
5042,5000,3,"15/10/2022 | 02/05/2023 | 05/06/2025"
3058,5000,3,"02/03/2025 | 26/04/2025 | 06/05/2025"
9469,5000,3,"17/07/2022 | 23/11/2024 | 12/06/2022"
6872,5000,3,"17/06/2025 | 14/09/2023 | 22/02/2023"
5043,5000,3,"30/10/2024 | 21/05/2022 | 02/07/2022"
4160,5000,3,"24/06/2024 | 19/03/2022 | 19/10/2023"
1499,5000,3,"18/07/2023 | 08/09/2020 | 04/03/2025"
3675,5000,3,"02/03/2022 | 02/06/2023 | 10/09/2023"
5386,5000,3,"17/04/2023 | 20/03/2024 | 27/12/2024"
4767,5000,3,"16/03/2022 | 05/08/2025 | 27/10/2022"
7114,5000,3,"08/02/2025 | 28/10/2020 | 01/04/2022"
8682,5000,3,"03/10/2023 | 19/01/2024 | 06/05/2024"
6506,5000,3,"21/04/2022 | 19/04/2025 | 09/07/2025"
4692,5000,3,"01/03/2025 | 27/12/2022 | 28/01/2025"
8692,5000,3,"07/07/2022 | 27/03/2021 | 16/03/2023"
2918,5000,3,"09/03/2025 | 21/02/2023 | 22/07/2022"
0686,5000,3,"08/03/2023 | 13/07/2023 | 02/07/2025"
4496,5000,3,"12/02/2023 | 21/12/2022 | 13/12/2024"
4535,5000,3,"09/01/2024 | 28/10/2024 | 25/05/2025"
8759,5000,3,"18/11/2021 | 25/12/2022 | 17/06/2023"
4073,5000,3,"04/11/2022 | 07/04/2023 | 30/10/2024"
0277,5000,3,"23/02/2025 | 31/12/2024 | 18/09/2023"
2821,5000,3,"15/04/2021 | 15/03/2022 | 06/01/2024"
2817,5000,3,"19/01/2022 | 06/08/2022 | 07/04/2022"
9251,5000,3,"24/03/2024 | 22/06/2025 | 15/01/2022"
7344,5000,3,"10/05/2021 | 25/10/2022 | 02/11/2020"
1549,5000,3,"02/08/2022 | 09/05/2023 | 14/10/2023"
3638,5000,3,"02/02/2025 | 29/11/2022 | 10/02/2025"
9488,5000,3,"21/12/2023 | 28/02/2022 | 24/07/2022"
1946,5000,3,"12/02/2022 | 26/03/2024 | 20/12/2024"
3902,5000,3,"22/05/2025 | 10/06/2025 | 11/12/2023"
8289,5000,3,"11/01/2025 | 30/08/2024 | 03/02/2021"
3854,5000,3,"11/08/2023 | 19/07/2024 | 02/03/2021"
4117,5000,3,"07/12/2023 | 20/04/2025 | 29/04/2025"
3711,5000,3,"25/07/2023 | 27/11/2024 | 20/07/2022"
9231,5000,3,"05/02/2023 | 16/03/2021 | 26/03/2022"
9772,5000,3,"15/01/2024 | 12/03/2025 | 01/01/2024"
2222,5000,3,"02/09/2020 | 24/04/2021 | 06/02/2023"
2614,5000,3,"08/02/2023 | 16/12/2024 | 28/05/2024"
2823,5000,3,"31/01/2022 | 05/07/2023 | 23/02/2022"
8850,5000,3,"18/09/2020 | 15/09/2023 | 01/04/2021"
0400,5000,3,"01/08/2024 | 02/02/2022 | 23/08/2022"
9038,5000,3,"05/11/2021 | 11/04/2022 | 15/01/2023"
9152,5000,3,"12/11/2023 | 03/03/2024 | 18/08/2021"
6242,5000,3,"29/09/2022 | 28/10/2022 | 27/02/2024"
2495,5000,3,"01/04/2021 | 20/07/2022 | 18/09/2023"
0440,5000,3,"06/12/2021 | 09/05/2022 | 11/09/2024"
8297,5000,3,"06/05/2021 | 21/06/2022 | 09/03/2025"
5355,5000,3,"28/06/2024 | 01/08/2025 | 11/05/2023"
0530,5000,3,"19/05/2023 | 03/12/2024 | 29/01/2025"
8861,5000,3,"08/04/2023 | 23/08/2023 | 23/03/2024"
7493,5000,3,"03/05/2025 | 11/11/2022 | 11/08/2020"
3991,5000,3,"10/09/2023 | 01/03/2023 | 12/09/2024"
1423,5000,3,"04/04/2023 | 20/10/2023 | 15/02/2024"
5354,5000,3,"23/12/2022 | 11/05/2023 | 24/12/2023"
7952,5000,3,"22/07/2025 | 18/08/2025 | 20/07/2024"
2744,5000,3,"18/09/2021 | 10/03/2024 | 16/10/2024"
6168,5000,3,"01/07/2022 | 29/12/2020 | 04/04/2023"
3715,5000,3,"04/02/2022 | 04/05/2021 | 04/10/2024"
9535,5000,3,"14/04/2021 | 06/01/2024 | 04/12/2023"
0487,5000,3,"31/08/2022 | 03/09/2023 | 08/02/2021"
3286,5000,3,"23/09/2024 | 23/10/2024 | 16/12/2022"
2738,5000,3,"22/04/2021 | 25/07/2024 | 08/08/2024"
0199,5000,3,"08/11/2023 | 19/02/2024 | 08/10/2022"
8427,5000,3,"08/01/2022 | 30/05/2024 | 12/03/2022"
2945,5000,3,"24/07/2022 | 25/02/2024 | 26/06/2024"
9662,5000,3,"10/09/2022 | 16/08/2023 | 23/12/2024"
8921,5000,3,"27/02/2024 | 08/01/2025 | 16/07/2025"
6493,5000,3,"28/05/2022 | 26/04/2023 | 31/08/2022"
0775,5000,3,"17/04/2024 | 18/06/2024 | 25/03/2025"
5367,5000,3,"18/10/2021 | 15/11/2023 | 30/04/2024"
6462,5000,3,"24/11/2023 | 08/03/2022 | 03/02/2022"
7189,5000,3,"13/03/2023 | 23/02/2024 | 04/09/2024"
0578,5000,3,"02/04/2023 | 11/04/2022 | 06/09/2023"
4205,5000,3,"06/08/2025 | 03/10/2022 | 21/12/2024"
9991,5000,3,"17/07/2025 | 18/12/2020 | 09/09/2021"
6760,5000,3,"21/02/2022 | 30/01/2021 | 19/04/2022"
0348,5000,3,"23/04/2023 | 23/04/2024 | 25/02/2025"
1501,5000,3,"05/05/2024 | 10/02/2023 | 06/09/2021"
2625,5000,3,"22/11/2024 | 17/12/2024 | 05/05/2022"
7532,5000,3,"11/11/2024 | 10/07/2022 | 22/04/2023"
7659,5000,3,"19/11/2022 | 31/08/2023 | 08/02/2025"
7128,5000,3,"14/09/2020 | 23/09/2022 | 04/04/2023"
1969,5000,3,"25/03/2022 | 19/07/2025 | 18/10/2023"
8233,5000,3,"10/03/2021 | 21/09/2023 | 25/11/2022"
2684,5000,3,"27/01/2025 | 11/04/2024 | 13/06/2023"
2099,5000,3,"08/07/2023 | 04/06/2022 | 12/03/2023"
7013,5000,3,"09/03/2024 | 14/10/2021 | 03/07/2024"
7581,5000,3,"23/04/2022 | 01/01/2021 | 13/08/2021"
8480,5000,3,"20/05/2025 | 09/10/2021 | 29/10/2022"
3261,5000,3,"19/05/2022 | 04/08/2025 | 23/04/2021"
8500,5000,3,"05/07/2022 | 27/11/2024 | 05/05/2024"
1364,5000,3,"19/09/2023 | 11/06/2025 | 17/12/2023"
0194,5000,3,"21/12/2020 | 11/01/2021 | 09/03/2023"
2305,5000,3,"05/06/2024 | 01/01/2025 | 13/11/2023"
0667,5000,3,"22/12/2021 | 28/07/2023 | 24/04/2025"
0729,5000,3,"25/10/2023 | 11/12/2024 | 28/04/2021"
4109,5000,3,"08/12/2023 | 16/06/2023 | 07/03/2024"
3192,5000,3,"18/11/2020 | 01/04/2023 | 08/11/2024"
1687,5000,3,"20/03/2023 | 21/08/2024 | 03/05/2023"
6447,5000,3,"25/02/2024 | 10/03/2024 | 14/05/2025"
3772,5000,3,"14/04/2024 | 13/07/2022 | 01/11/2022"
7417,5000,3,"08/02/2022 | 13/01/2025 | 02/02/2022"
1631,5000,3,"01/03/2025 | 02/03/2022 | 16/01/2023"
9156,5000,3,"30/09/2020 | 29/11/2024 | 19/11/2021"
6082,5000,3,"13/05/2022 | 14/09/2022 | 23/03/2023"
1540,5000,3,"09/02/2022 | 16/12/2021 | 12/07/2023"
1805,5000,3,"02/12/2023 | 30/07/2023 | 22/06/2022"
8723,5000,3,"28/02/2023 | 03/03/2023 | 04/07/2024"
3588,5000,3,"24/04/2024 | 04/11/2022 | 24/05/2025"
2985,5000,3,"15/01/2022 | 31/08/2023 | 26/04/2023"
5910,5000,3,"13/09/2024 | 16/11/2022 | 26/02/2022"
3146,5000,3,"08/03/2023 | 12/09/2020 | 16/07/2024"
1505,5000,3,"23/08/2025 | 28/02/2025 | 06/03/2023"
0245,5000,3,"18/01/2021 | 04/08/2021 | 11/02/2022"
6247,5000,3,"17/08/2024 | 14/10/2021 | 30/11/2023"
2712,5000,3,"29/06/2025 | 11/07/2025 | 04/02/2023"
9128,5000,3,"09/10/2022 | 29/06/2024 | 22/12/2021"
1104,5000,3,"13/08/2022 | 08/08/2024 | 19/07/2022"
8878,5000,3,"19/09/2024 | 07/12/2021 | 07/11/2024"
9835,5000,3,"07/07/2024 | 07/04/2025 | 26/11/2021"
3418,5000,3,"27/04/2022 | 28/04/2021 | 11/03/2022"
0065,5000,3,"11/05/2022 | 18/04/2024 | 13/09/2024"
8197,5000,3,"20/04/2022 | 28/03/2023 | 04/06/2025"
0539,5000,3,"29/01/2025 | 04/08/2021 | 24/12/2024"
9547,5000,3,"21/12/2022 | 01/12/2024 | 26/09/2022"
4702,5000,3,"04/05/2024 | 23/10/2022 | 21/03/2024"
5951,5000,3,"26/03/2021 | 01/03/2021 | 31/01/2024"
2909,5000,3,"20/01/2024 | 10/03/2022 | 18/05/2025"
0313,5000,3,"07/06/2022 | 17/01/2023 | 25/04/2025"
8028,5000,3,"22/01/2022 | 14/07/2023 | 16/02/2021"
9558,5000,3,"19/08/2022 | 07/08/2024 | 01/09/2024"
8416,5000,3,"13/11/2023 | 11/02/2024 | 28/04/2024"
1672,5000,3,"29/03/2023 | 03/12/2023 | 25/07/2025"
0411,5000,3,"14/09/2022 | 14/02/2023 | 14/08/2025"
6754,5000,3,"18/11/2021 | 18/01/2022 | 27/04/2024"
9681,5000,3,"14/10/2021 | 14/11/2023 | 11/01/2024"
6144,5000,3,"03/02/2023 | 29/04/2025 | 19/06/2025"
5685,5000,3,"03/07/2023 | 23/10/2021 | 19/08/2022"
3625,5000,3,"06/03/2023 | 22/11/2024 | 19/12/2020"
3697,5000,3,"20/11/2023 | 30/11/2023 | 27/06/2024"
4461,5000,3,"08/04/2024 | 20/08/2024 | 28/11/2023"
6327,5000,3,"25/11/2022 | 11/03/2025 | 18/11/2021"
5496,5000,3,"08/10/2023 | 18/06/2024 | 27/09/2023"
3454,5000,3,"14/10/2024 | 29/11/2021 | 09/11/2022"
6902,5000,3,"12/07/2024 | 27/01/2022 | 29/06/2025"
3789,5000,3,"12/04/2021 | 07/12/2021 | 01/06/2024"
5789,5000,3,"15/03/2021 | 13/01/2024 | 20/02/2025"
5805,5000,3,"21/09/2023 | 14/06/2025 | 24/06/2022"
1593,5000,3,"05/05/2023 | 07/10/2023 | 29/09/2024"
5112,5000,3,"13/03/2024 | 10/03/2023 | 20/08/2023"
7668,5000,3,"13/07/2025 | 12/02/2021 | 29/09/2023"
5938,5000,3,"03/04/2024 | 24/02/2021 | 17/09/2022"
7538,5000,3,"05/09/2022 | 04/06/2023 | 13/08/2023"
6091,5000,3,"13/08/2023 | 29/01/2025 | 10/07/2024"
9852,5000,3,"16/12/2022 | 11/06/2025 | 25/07/2022"
7370,5000,3,"07/12/2020 | 10/04/2025 | 21/07/2022"
7180,5000,3,"06/12/2022 | 02/05/2022 | 15/05/2024"
7730,5000,3,"17/06/2025 | 07/12/2020 | 15/11/2023"
4907,5000,3,"08/01/2021 | 27/02/2024 | 29/04/2025"
0693,5000,3,"29/11/2021 | 20/04/2024 | 02/09/2024"
6127,5000,3,"14/09/2022 | 08/08/2022 | 11/12/2022"
7034,5000,3,"26/03/2023 | 09/02/2024 | 31/05/2024"
0628,5000,3,"30/12/2023 | 18/05/2022 | 20/07/2023"
8875,5000,3,"04/03/2022 | 30/10/2023 | 05/08/2024"
4607,5000,3,"24/04/2021 | 11/03/2022 | 25/02/2025"
5081,5000,3,"15/09/2023 | 16/09/2021 | 04/01/2021"
7636,5000,3,"20/09/2024 | 05/06/2024 | 22/08/2025"
5239,5000,3,"01/04/2023 | 27/02/2021 | 13/03/2021"
6626,5000,3,"20/09/2024 | 24/02/2023 | 02/07/2022"
2016,5000,3,"28/03/2022 | 07/03/2023 | 21/03/2022"
2344,5000,3,"28/07/2022 | 08/05/2024 | 20/08/2022"
3747,5000,3,"16/10/2021 | 09/09/2021 | 06/10/2022"
6282,5000,3,"01/12/2024 | 24/07/2025 | 21/02/2022"
7972,5000,3,"07/04/2021 | 28/10/2023 | 04/08/2025"
0283,5000,3,"19/06/2022 | 25/06/2025 | 08/05/2023"
9885,5000,3,"08/08/2022 | 19/12/2022 | 15/12/2023"
6068,5000,3,"01/01/2024 | 23/04/2024 | 14/06/2024"
4210,5000,3,"19/11/2021 | 11/07/2025 | 21/12/2021"
9926,5000,3,"25/07/2020 | 07/12/2023 | 23/04/2025"
6048,5000,3,"12/10/2023 | 15/06/2024 | 12/05/2022"
3754,5000,3,"27/11/2020 | 04/09/2024 | 21/05/2025"
6061,5000,3,"10/07/2024 | 06/08/2024 | 04/06/2024"
5741,5000,3,"25/07/2022 | 24/10/2023 | 17/01/2023"
6866,5000,3,"28/08/2022 | 25/06/2024 | 05/05/2025"
7808,5000,3,"31/10/2022 | 14/11/2024 | 30/11/2024"
6170,5000,3,"17/07/2023 | 29/07/2023 | 15/06/2024"
5693,5000,3,"26/06/2023 | 19/04/2025 | 02/07/2022"
7536,5000,3,"29/08/2020 | 14/10/2020 | 19/08/2022"
3002,5000,3,"18/01/2021 | 11/12/2022 | 24/03/2022"
4303,5000,3,"24/12/2022 | 05/12/2023 | 30/11/2021"
6726,5000,3,"13/11/2022 | 20/03/2024 | 10/04/2024"
5601,5000,3,"23/10/2023 | 08/12/2024 | 27/05/2023"
7025,5000,3,"10/03/2022 | 17/08/2020 | 09/08/2023"
4373,5000,3,"11/09/2022 | 27/03/2023 | 14/10/2023"
2362,5000,3,"09/02/2021 | 05/10/2020 | 26/03/2021"
3745,5000,3,"15/02/2023 | 06/07/2023 | 06/07/2024"
8235,5000,3,"02/12/2021 | 03/10/2022 | 08/09/2023"
2604,5000,3,"28/01/2022 | 25/03/2024 | 18/10/2023"
8993,5000,3,"03/04/2021 | 05/09/2023 | 31/08/2023"
4131,5000,3,"06/07/2024 | 06/05/2021 | 12/03/2022"
9809,5000,3,"21/05/2024 | 14/05/2024 | 12/12/2022"
2904,5000,3,"27/08/2020 | 11/08/2023 | 29/04/2023"
7663,5000,3,"04/03/2023 | 08/03/2023 | 22/04/2023"
3913,5000,3,"19/02/2023 | 25/10/2023 | 13/07/2025"
3934,5000,3,"03/09/2022 | 13/05/2024 | 27/05/2025"
5113,5000,3,"20/07/2022 | 30/11/2021 | 18/12/2024"
3134,5000,3,"16/03/2022 | 31/03/2025 | 21/11/2023"
1920,5000,3,"02/07/2022 | 27/07/2025 | 05/08/2023"
4002,5000,3,"12/11/2024 | 03/04/2021 | 19/11/2023"
0596,5000,3,"30/09/2020 | 07/01/2022 | 13/11/2021"
6922,5000,3,"01/07/2023 | 16/07/2024 | 23/07/2024"
2117,5000,3,"23/08/2022 | 27/10/2023 | 09/02/2024"
9374,5000,3,"05/05/2021 | 06/08/2023 | 01/02/2021"
7505,5000,3,"24/06/2022 | 06/09/2023 | 12/10/2023"
3402,5000,3,"11/04/2023 | 27/07/2023 | 04/05/2024"
6239,5000,3,"12/10/2022 | 04/06/2025 | 28/11/2022"
1113,5000,3,"10/04/2024 | 21/07/2022 | 07/06/2023"
9893,5000,3,"09/03/2023 | 12/10/2024 | 14/04/2024"
5417,5000,3,"22/02/2021 | 02/05/2023 | 13/06/2023"
9139,5000,3,"25/01/2021 | 11/02/2023 | 21/04/2024"
8194,5000,3,"10/10/2023 | 27/07/2023 | 06/02/2025"
3272,5000,3,"26/03/2021 | 16/10/2020 | 15/02/2021"
9171,5000,3,"18/05/2023 | 14/04/2025 | 08/12/2021"
8627,5000,3,"20/11/2023 | 22/07/2025 | 15/11/2022"
2199,5000,3,"11/04/2025 | 19/09/2023 | 02/11/2024"
1268,5000,3,"23/11/2020 | 14/05/2025 | 14/06/2023"
6964,5000,3,"19/05/2025 | 16/10/2020 | 16/09/2021"
3823,5000,3,"12/05/2023 | 30/07/2021 | 11/06/2022"
6047,5000,3,"22/05/2024 | 29/07/2025 | 13/10/2021"
9610,5000,3,"30/09/2021 | 20/05/2024 | 11/10/2023"
8716,5000,3,"09/12/2023 | 25/07/2023 | 19/03/2024"
8557,5000,3,"30/08/2023 | 21/03/2022 | 22/10/2021"
1659,5000,3,"25/08/2022 | 09/06/2024 | 08/07/2025"
0929,5000,3,"13/05/2022 | 22/01/2021 | 27/01/2025"
5850,5000,3,"10/05/2022 | 23/05/2023 | 09/11/2023"
2124,5000,3,"23/10/2023 | 22/11/2024 | 22/12/2020"
2288,5000,3,"01/06/2024 | 16/10/2024 | 13/12/2023"
0837,5000,3,"01/04/2022 | 25/06/2024 | 11/07/2024"
5505,5000,3,"05/02/2024 | 04/08/2022 | 15/04/2023"
3209,5000,3,"08/03/2024 | 11/04/2025 | 07/08/2022"
7767,5000,3,"02/09/2023 | 18/10/2024 | 16/01/2021"
9351,5000,3,"11/06/2025 | 01/09/2024 | 03/03/2022"
7336,5000,3,"04/06/2023 | 12/08/2023 | 18/12/2024"
0435,5000,3,"09/07/2023 | 01/12/2021 | 30/10/2023"
1842,5000,3,"31/03/2021 | 09/04/2022 | 03/11/2021"
0374,5000,3,"02/04/2021 | 12/06/2025 | 16/10/2023"
5135,5000,3,"08/09/2021 | 20/09/2021 | 31/05/2025"
4102,5000,3,"13/03/2021 | 01/12/2024 | 21/01/2022"
0051,5000,3,"24/06/2022 | 14/03/2023 | 31/03/2021"
8151,5000,3,"28/06/2025 | 15/05/2025 | 21/03/2022"
4129,5000,3,"15/11/2022 | 10/10/2024 | 16/07/2025"
5395,5000,3,"04/09/2020 | 16/08/2023 | 18/11/2023"
9962,5000,3,"14/04/2021 | 16/06/2024 | 13/07/2024"
8516,5000,3,"05/12/2024 | 31/12/2023 | 05/02/2024"
3129,5000,3,"12/11/2021 | 07/02/2023 | 27/11/2020"
6967,5000,3,"03/06/2023 | 15/04/2024 | 01/04/2025"
7256,5000,3,"23/04/2022 | 03/01/2023 | 15/02/2024"
6399,5000,3,"22/12/2021 | 09/04/2024 | 11/03/2021"
5701,5000,3,"22/02/2022 | 29/10/2023 | 21/10/2024"
9670,5000,3,"30/04/2022 | 07/01/2025 | 08/04/2023"
5295,5000,3,"19/02/2021 | 30/08/2023 | 22/08/2025"
9599,5000,3,"16/05/2023 | 04/11/2021 | 01/08/2020"
7545,5000,3,"08/08/2023 | 15/04/2023 | 06/09/2023"
6341,5000,3,"01/11/2021 | 17/01/2022 | 04/07/2024"
3336,5000,3,"21/09/2023 | 26/08/2024 | 30/01/2024"
0469,5000,3,"20/12/2023 | 25/11/2021 | 01/01/2024"
4243,5000,3,"09/03/2024 | 30/05/2023 | 24/06/2025"
1021,5000,3,"26/06/2023 | 24/08/2024 | 17/02/2023"
9338,5000,3,"02/07/2022 | 24/10/2022 | 30/10/2021"
7311,5000,3,"20/04/2024 | 16/09/2022 | 19/03/2024"
6738,5000,3,"15/11/2022 | 21/06/2022 | 03/04/2024"
5469,5000,3,"13/03/2021 | 01/10/2021 | 21/05/2023"
1755,5000,3,"25/12/2024 | 19/03/2025 | 29/10/2021"
0112,5000,3,"08/07/2024 | 06/11/2021 | 09/12/2022"
0808,5000,3,"01/10/2021 | 25/02/2025 | 11/05/2025"
8784,5000,3,"22/01/2024 | 10/01/2025 | 22/02/2021"
7570,5000,3,"02/04/2023 | 22/12/2023 | 01/03/2023"
2119,5000,3,"12/11/2021 | 09/11/2023 | 12/05/2025"
5329,5000,3,"22/09/2024 | 16/03/2024 | 16/12/2024"
4254,5000,3,"14/11/2022 | 25/02/2025 | 24/12/2023"
2172,5000,3,"01/10/2022 | 19/11/2022 | 05/09/2023"
6100,5000,3,"16/12/2022 | 05/03/2025 | 23/04/2025"
2264,5000,3,"07/10/2020 | 26/04/2022 | 29/11/2023"
6601,5000,3,"16/01/2025 | 31/12/2023 | 12/06/2024"
7772,5000,3,"14/06/2024 | 31/03/2025 | 11/04/2025"
3183,5000,3,"19/01/2025 | 22/04/2023 | 31/12/2023"
1712,5000,3,"05/08/2022 | 15/10/2022 | 14/03/2025"
2773,5000,3,"02/12/2021 | 23/04/2022 | 09/06/2024"
4996,5000,3,"16/09/2024 | 04/06/2022 | 14/08/2024"
3235,5000,3,"28/12/2022 | 02/08/2023 | 02/05/2023"
7647,5000,3,"17/08/2023 | 08/06/2024 | 08/08/2024"
5499,5000,3,"03/06/2023 | 17/03/2022 | 14/02/2024"
2303,5000,3,"22/06/2022 | 08/03/2023 | 06/07/2023"
7450,5000,3,"03/05/2025 | 12/09/2022 | 19/02/2021"
8601,5000,3,"27/08/2022 | 20/03/2023 | 06/10/2022"
3178,5000,3,"01/04/2021 | 01/11/2021 | 13/11/2023"
8283,5000,3,"25/05/2024 | 23/05/2024 | 27/09/2023"
7686,5000,3,"02/12/2021 | 02/02/2021 | 25/05/2025"
5310,5000,3,"31/05/2024 | 14/12/2020 | 13/08/2024"
2850,5000,3,"19/04/2023 | 29/03/2024 | 09/02/2024"
8695,5000,3,"01/02/2023 | 15/01/2022 | 18/02/2024"
1093,5000,3,"19/08/2025 | 05/07/2025 | 23/10/2021"
0370,5000,3,"06/05/2022 | 28/06/2022 | 30/11/2024"
3634,5000,3,"21/04/2021 | 23/01/2024 | 23/10/2020"
6406,5000,3,"28/03/2022 | 25/02/2021 | 22/01/2023"
7387,5000,3,"31/03/2025 | 04/02/2021 | 27/03/2025"
2896,5000,3,"19/01/2021 | 22/04/2022 | 27/03/2021"
5788,5000,3,"11/04/2022 | 18/07/2022 | 03/12/2022"
9830,5000,3,"10/06/2023 | 04/08/2025 | 07/09/2024"
8082,5000,3,"21/08/2024 | 24/01/2023 | 07/05/2025"
7322,5000,3,"13/02/2023 | 13/01/2025 | 31/10/2022"
1190,5000,3,"19/08/2023 | 13/01/2023 | 18/07/2022"
3587,5000,3,"17/11/2021 | 15/07/2024 | 31/01/2025"
3915,5000,3,"10/03/2021 | 15/03/2021 | 20/01/2021"
1538,5000,3,"23/02/2023 | 30/12/2023 | 24/11/2024"
7650,5000,3,"02/03/2022 | 03/10/2020 | 23/08/2025"
2630,5000,3,"30/05/2024 | 17/09/2022 | 17/09/2024"
6788,5000,3,"23/08/2025 | 27/01/2023 | 07/05/2022"
2382,5000,3,"19/04/2024 | 31/12/2022 | 11/10/2023"
4173,5000,3,"13/02/2021 | 16/05/2022 | 07/07/2022"
8602,5000,3,"19/02/2022 | 18/07/2022 | 05/04/2024"
9017,5000,3,"28/01/2022 | 22/09/2024 | 14/10/2022"
4494,5000,3,"24/12/2023 | 19/08/2020 | 17/01/2023"
7556,5000,3,"10/02/2022 | 08/10/2022 | 31/08/2022"
5865,5000,3,"05/05/2021 | 26/09/2024 | 09/07/2024"
3159,5000,3,"05/01/2025 | 20/10/2022 | 14/08/2022"
3622,5000,3,"18/08/2022 | 05/10/2020 | 22/10/2023"
0238,5000,3,"23/10/2024 | 30/12/2022 | 18/11/2024"
5375,5000,3,"18/01/2023 | 22/03/2025 | 13/10/2021"
9004,5000,3,"12/11/2024 | 29/04/2021 | 12/01/2024"
0783,5000,3,"01/06/2025 | 02/11/2022 | 14/07/2023"
7226,5000,3,"29/05/2023 | 12/07/2023 | 03/12/2022"
3517,5000,3,"18/01/2023 | 05/12/2022 | 26/06/2024"
1867,5000,3,"07/07/2023 | 07/02/2024 | 30/10/2022"
2989,5000,3,"13/08/2021 | 08/06/2022 | 14/02/2023"
9690,5000,3,"17/01/2022 | 25/11/2023 | 03/12/2024"
2768,5000,3,"01/02/2022 | 27/03/2023 | 20/02/2024"
9780,5000,3,"21/12/2021 | 18/03/2025 | 12/03/2022"
5368,5000,3,"24/08/2022 | 09/07/2024 | 19/11/2021"
9037,5000,3,"29/12/2020 | 14/02/2024 | 20/03/2023"
3412,5000,3,"07/10/2023 | 18/01/2024 | 25/12/2024"
8908,5000,3,"07/05/2025 | 04/03/2021 | 12/05/2025"
8014,5000,3,"13/07/2022 | 03/03/2024 | 19/05/2025"
5783,5000,3,"03/11/2021 | 08/10/2021 | 09/04/2024"
0174,5000,3,"09/11/2021 | 17/04/2023 | 22/01/2022"
9537,5000,3,"27/05/2023 | 23/09/2024 | 12/02/2023"
8456,5000,3,"13/02/2025 | 21/03/2024 | 14/11/2023"
3152,5000,3,"17/09/2021 | 22/02/2023 | 21/10/2023"
2530,5000,3,"23/03/2022 | 01/09/2022 | 21/07/2022"
3760,5000,3,"05/12/2023 | 15/02/2025 | 04/08/2022"
0472,5000,3,"13/10/2022 | 28/09/2023 | 20/03/2023"
8026,5000,3,"06/11/2023 | 31/10/2024 | 28/05/2023"
8762,5000,3,"29/09/2021 | 15/06/2022 | 08/11/2022"
9160,5000,3,"21/06/2025 | 01/02/2023 | 29/08/2024"
1158,5000,3,"16/02/2023 | 10/10/2024 | 09/04/2025"
8918,5000,3,"03/02/2022 | 14/10/2023 | 08/08/2025"
2279,5000,3,"09/10/2022 | 05/10/2020 | 29/04/2025"
2516,5000,3,"15/01/2022 | 23/03/2025 | 17/04/2021"
9086,5000,3,"15/09/2022 | 09/09/2022 | 28/01/2024"
5626,5000,3,"19/05/2022 | 23/05/2025 | 21/10/2020"
4537,5000,3,"16/09/2021 | 10/06/2023 | 02/01/2025"
6251,5000,3,"27/01/2024 | 01/11/2022 | 28/08/2024"
4223,5000,3,"20/08/2021 | 18/12/2024 | 12/02/2024"
0630,5000,3,"17/08/2020 | 30/12/2021 | 22/12/2020"
5022,5000,3,"22/09/2021 | 09/03/2024 | 24/07/2022"
1313,5000,3,"21/12/2022 | 20/03/2024 | 09/11/2024"
2024,5000,3,"09/08/2022 | 13/11/2023 | 10/03/2024"
0571,5000,3,"15/03/2022 | 19/04/2021 | 22/08/2023"
0926,5000,3,"23/02/2021 | 06/03/2025 | 03/11/2021"
0307,5000,3,"25/09/2024 | 02/08/2025 | 20/11/2021"
2260,5000,3,"10/07/2024 | 20/06/2025 | 26/12/2024"
4994,5000,3,"11/10/2021 | 26/06/2022 | 15/03/2024"
4506,5000,3,"07/12/2021 | 10/10/2022 | 14/07/2024"
5969,5000,3,"23/05/2022 | 03/02/2024 | 15/02/2025"
4916,5000,3,"22/07/2024 | 24/01/2023 | 26/11/2024"
2113,5000,3,"06/04/2023 | 16/01/2024 | 20/06/2023"
1105,5000,3,"27/09/2023 | 16/09/2023 | 07/05/2021"
3388,5000,3,"08/01/2022 | 08/02/2023 | 10/11/2023"
5378,5000,3,"21/05/2025 | 21/03/2022 | 09/12/2020"
8168,5000,3,"27/12/2022 | 02/09/2021 | 10/04/2023"
0784,5000,3,"07/11/2024 | 26/07/2022 | 20/02/2024"
6438,5000,3,"27/06/2025 | 16/11/2022 | 19/09/2022"
0682,5000,3,"03/12/2023 | 15/06/2024 | 17/08/2024"
7045,5000,3,"17/07/2022 | 29/01/2021 | 20/09/2024"
3415,5000,3,"25/11/2020 | 30/07/2021 | 12/12/2022"
6471,5000,3,"24/07/2022 | 02/03/2024 | 16/08/2025"
3391,5000,3,"11/12/2024 | 29/10/2023 | 17/07/2024"
2794,5000,3,"26/07/2024 | 24/04/2025 | 27/10/2022"
2721,5000,3,"21/09/2021 | 08/01/2023 | 23/10/2020"
1212,5000,3,"25/10/2022 | 14/03/2023 | 15/11/2023"
3281,5000,3,"24/07/2022 | 11/11/2023 | 10/01/2023"
0285,5000,3,"16/12/2023 | 03/01/2024 | 03/03/2025"
8181,5000,3,"29/08/2020 | 31/10/2022 | 03/06/2023"
2801,5000,3,"11/05/2025 | 13/12/2023 | 15/12/2023"
3467,5000,3,"18/11/2024 | 05/01/2025 | 23/11/2024"
5162,5000,3,"25/09/2024 | 15/10/2022 | 25/11/2022"
3851,5000,3,"19/08/2023 | 04/08/2025 | 04/02/2025"
2209,5000,3,"25/12/2023 | 11/02/2023 | 06/05/2025"
6083,5000,3,"13/05/2024 | 01/01/2021 | 23/11/2021"
4591,5000,3,"04/01/2022 | 15/06/2022 | 04/12/2021"
0115,5000,3,"03/02/2021 | 01/08/2022 | 25/08/2023"
3111,5000,3,"09/08/2021 | 07/08/2025 | 24/11/2024"
0538,5000,3,"06/10/2024 | 01/04/2025 | 28/10/2022"
5672,5000,3,"27/11/2023 | 14/12/2023 | 07/11/2022"
1803,5000,3,"28/01/2023 | 25/06/2023 | 02/03/2025"
6113,5000,3,"04/07/2022 | 03/08/2023 | 25/08/2025"
0852,5000,3,"05/08/2022 | 23/11/2022 | 22/02/2024"
6008,5000,3,"01/08/2023 | 17/11/2023 | 19/12/2024"
4941,5000,3,"18/12/2020 | 24/12/2024 | 22/05/2024"
4954,5000,3,"15/09/2021 | 20/04/2022 | 05/12/2022"
1874,5000,3,"15/01/2023 | 05/05/2024 | 19/08/2024"
3491,5000,3,"29/11/2021 | 27/09/2022 | 21/08/2023"
9150,5000,3,"29/02/2024 | 27/04/2024 | 25/09/2024"
7406,5000,3,"08/03/2021 | 20/03/2024 | 12/09/2024"
6125,5000,3,"07/08/2022 | 19/04/2023 | 09/07/2023"
1654,5000,3,"08/03/2025 | 15/07/2025 | 24/07/2023"
1890,5000,3,"18/08/2025 | 27/05/2022 | 22/04/2021"
8183,5000,3,"04/07/2024 | 02/06/2025 | 29/10/2024"
0202,5000,3,"24/12/2024 | 07/08/2024 | 16/03/2021"
4424,5000,3,"28/06/2022 | 24/11/2024 | 25/01/2025"
6949,5000,3,"02/08/2023 | 21/03/2024 | 01/04/2024"
2329,5000,3,"02/12/2024 | 02/07/2023 | 13/03/2025"
1615,5000,3,"04/10/2022 | 29/10/2023 | 23/01/2021"
7847,5000,3,"28/09/2021 | 22/10/2023 | 05/06/2024"
8841,5000,3,"06/12/2022 | 20/10/2023 | 24/02/2025"
0242,5000,3,"22/08/2024 | 07/12/2022 | 30/10/2021"
0255,5000,3,"26/02/2025 | 17/06/2025 | 28/03/2025"
8992,5000,3,"11/03/2021 | 30/09/2021 | 03/10/2024"
9214,5000,3,"19/03/2021 | 15/07/2023 | 08/06/2025"
8786,5000,3,"06/07/2022 | 14/07/2024 | 28/12/2020"
6616,5000,3,"10/09/2022 | 15/11/2022 | 12/05/2022"
8537,5000,3,"01/11/2021 | 21/12/2020 | 04/08/2024"
6165,5000,3,"06/07/2022 | 27/06/2024 | 18/08/2025"
5300,5000,3,"17/08/2022 | 10/12/2023 | 20/12/2022"
2524,5000,3,"05/03/2023 | 10/05/2023 | 17/11/2023"
6174,5000,3,"28/12/2020 | 22/01/2021 | 28/04/2024"
0904,5000,3,"04/01/2021 | 22/07/2024 | 10/09/2024"
6134,5000,3,"20/01/2022 | 30/01/2025 | 24/11/2021"
4170,5000,3,"19/01/2025 | 13/12/2023 | 16/07/2022"
6612,5000,3,"04/06/2022 | 26/08/2024 | 17/03/2025"
6463,5000,3,"31/05/2022 | 31/01/2025 | 23/02/2022"
3828,5000,3,"29/08/2022 | 04/12/2022 | 01/07/2024"
2411,5000,3,"28/03/2023 | 25/04/2025 | 24/08/2025"
7375,5000,3,"18/12/2021 | 19/04/2022 | 05/03/2025"
1528,5000,3,"04/03/2024 | 17/09/2024 | 24/08/2024"
6349,5000,3,"15/09/2022 | 18/09/2024 | 24/04/2024"
5543,5000,3,"28/06/2025 | 10/01/2023 | 29/03/2025"
0037,5000,3,"09/05/2023 | 09/08/2023 | 25/12/2023"
9480,5000,3,"09/09/2024 | 08/10/2022 | 11/03/2023"
2902,5000,3,"05/03/2021 | 05/07/2023 | 27/04/2024"
5031,5000,3,"02/02/2024 | 16/07/2022 | 03/10/2023"
0453,5000,3,"11/07/2020 | 25/10/2021 | 23/05/2023"
7304,5000,3,"05/10/2021 | 30/03/2021 | 20/10/2024"
6441,5000,3,"26/06/2023 | 15/02/2025 | 21/12/2024"
3019,5000,3,"07/02/2024 | 14/02/2024 | 17/12/2023"
1312,5000,3,"03/11/2022 | 18/06/2025 | 11/03/2022"
1149,5000,3,"25/03/2021 | 30/10/2023 | 03/05/2024"
1441,5000,3,"07/06/2023 | 06/05/2024 | 11/01/2025"
7850,5000,3,"25/11/2023 | 24/02/2022 | 13/02/2021"
0499,5000,3,"03/10/2024 | 05/05/2025 | 17/11/2024"
1116,5000,3,"23/04/2024 | 26/02/2021 | 11/10/2023"
5050,5000,3,"23/02/2022 | 15/09/2022 | 28/08/2024"
0251,5000,3,"13/12/2024 | 11/09/2024 | 14/08/2025"
0275,5000,3,"11/07/2022 | 19/02/2022 | 17/10/2023"
4202,5000,3,"19/07/2022 | 10/11/2021 | 10/05/2024"
4990,5000,3,"06/10/2021 | 10/08/2025 | 05/06/2025"
4868,5000,3,"24/07/2023 | 19/05/2024 | 10/05/2024"
0404,5000,3,"26/04/2024 | 17/08/2025 | 10/05/2021"
6710,5000,3,"15/07/2024 | 19/11/2023 | 12/01/2024"
5562,5000,3,"15/07/2024 | 05/01/2021 | 02/06/2022"
1881,5000,3,"03/08/2020 | 04/08/2022 | 11/12/2023"
1546,5000,3,"19/04/2021 | 14/08/2023 | 15/03/2025"
1061,5000,3,"08/08/2022 | 03/07/2024 | 15/11/2024"
5730,5000,3,"20/10/2023 | 08/03/2024 | 06/04/2024"
7141,5000,3,"27/03/2023 | 11/11/2023 | 11/10/2023"
6876,5000,3,"15/05/2024 | 19/04/2025 | 24/09/2024"
1146,5000,3,"07/12/2021 | 04/10/2022 | 08/10/2022"
6833,5000,3,"21/08/2022 | 06/02/2023 | 03/05/2025"
1178,5000,3,"22/08/2022 | 23/01/2024 | 19/07/2025"
7891,5000,3,"27/06/2023 | 27/04/2024 | 17/08/2022"
3136,5000,3,"15/03/2023 | 22/09/2024 | 01/04/2024"
3503,5000,3,"22/07/2023 | 25/01/2024 | 27/07/2025"
5872,5000,3,"11/04/2023 | 26/09/2023 | 20/04/2025"
5949,5000,3,"30/12/2023 | 13/05/2024 | 14/07/2022"
1458,5000,3,"05/01/2022 | 28/04/2023 | 11/09/2022"
6684,5000,3,"29/05/2022 | 22/04/2021 | 16/02/2025"
6136,5000,3,"28/03/2025 | 09/06/2022 | 31/07/2025"
2622,5000,3,"02/06/2024 | 21/05/2025 | 17/12/2022"
7587,5000,3,"19/07/2022 | 07/08/2024 | 09/02/2022"
0617,5000,3,"09/03/2023 | 23/04/2021 | 14/12/2020"
9542,5000,3,"29/03/2024 | 28/12/2024 | 11/07/2020"
1757,5000,3,"12/02/2021 | 10/05/2025 | 27/12/2021"
8900,5000,3,"25/08/2025 | 14/08/2023 | 30/05/2024"
0327,5000,3,"28/12/2023 | 17/05/2024 | 10/03/2025"
3886,5000,3,"01/02/2022 | 27/03/2025 | 30/07/2025"
2808,5000,3,"30/10/2022 | 25/04/2024 | 15/11/2022"
2168,5000,3,"15/11/2023 | 01/01/2025 | 08/02/2025"
3733,5000,3,"16/02/2021 | 21/06/2022 | 08/02/2025"
6417,5000,3,"22/11/2022 | 31/08/2022 | 14/08/2024"
5732,5000,3,"30/07/2022 | 04/04/2025 | 09/10/2022"
1426,5000,3,"12/09/2020 | 24/12/2024 | 30/01/2025"
2023,5000,3,"10/07/2023 | 22/11/2021 | 20/01/2025"
4183,5000,3,"07/08/2024 | 29/04/2021 | 14/08/2022"
9197,5000,3,"18/08/2025 | 29/11/2024 | 30/11/2024"
0422,5000,3,"16/10/2022 | 07/01/2023 | 14/01/2023"
1155,5000,3,"14/11/2022 | 07/01/2023 | 14/05/2023"
1866,5000,3,"18/03/2023 | 14/01/2023 | 25/06/2025"
6182,5000,3,"04/07/2025 | 15/06/2024 | 04/02/2023"
0799,5000,3,"06/12/2021 | 23/10/2022 | 04/03/2021"
8804,5000,3,"13/06/2025 | 10/07/2025 | 17/12/2023"
1251,5000,3,"23/11/2021 | 02/12/2024 | 01/12/2021"
6032,5000,3,"07/12/2021 | 01/04/2022 | 25/08/2022"
6736,5000,3,"23/11/2020 | 27/11/2022 | 14/08/2025"
2559,5000,3,"07/09/2021 | 18/02/2025 | 11/09/2023"
1045,5000,3,"16/12/2021 | 30/06/2023 | 08/07/2023"
8572,5000,3,"13/07/2022 | 03/04/2023 | 09/06/2025"
0891,5000,3,"16/12/2023 | 12/08/2024 | 05/06/2022"
7143,5000,3,"09/10/2022 | 01/07/2023 | 25/07/2023"
1034,5000,3,"25/05/2025 | 15/10/2023 | 10/05/2024"
8122,5000,3,"18/05/2023 | 11/11/2023 | 08/07/2024"
4146,5000,3,"09/03/2022 | 09/12/2023 | 07/04/2022"
9495,5000,3,"11/03/2025 | 09/09/2022 | 04/09/2024"
4809,5000,3,"01/12/2022 | 12/08/2025 | 26/08/2023"
5546,5000,3,"17/03/2023 | 16/05/2023 | 18/02/2024"
6803,5000,3,"17/08/2023 | 16/11/2022 | 26/12/2024"
1227,5000,3,"29/06/2023 | 03/08/2023 | 25/06/2024"
9674,5000,3,"24/02/2024 | 28/02/2024 | 16/07/2023"
6985,5000,3,"12/07/2024 | 27/10/2024 | 19/05/2022"
7998,5000,3,"13/01/2024 | 19/12/2024 | 28/10/2020"
2871,5000,3,"05/04/2024 | 06/07/2023 | 13/02/2024"
4616,5000,3,"28/07/2023 | 23/09/2024 | 07/07/2025"
0331,5000,3,"05/12/2020 | 16/12/2021 | 20/07/2025"
1098,5000,3,"02/11/2020 | 13/02/2023 | 24/04/2024"
0442,5000,3,"01/01/2021 | 25/07/2025 | 21/09/2024"
5920,5000,3,"22/09/2020 | 01/10/2022 | 13/09/2023"
0787,5000,3,"06/05/2021 | 03/02/2021 | 31/03/2021"
3523,5000,3,"11/08/2020 | 01/11/2024 | 18/10/2023"
0043,5000,3,"12/06/2025 | 25/05/2022 | 19/06/2025"
4982,5000,3,"24/04/2025 | 30/07/2023 | 19/05/2025"
0830,5000,3,"19/01/2021 | 17/02/2022 | 12/01/2024"
7895,5000,3,"13/08/2022 | 13/02/2023 | 15/07/2024"
1004,5000,3,"02/12/2023 | 07/12/2022 | 12/03/2025"
1726,5000,3,"06/01/2022 | 29/09/2022 | 05/07/2023"
4488,5000,3,"20/04/2021 | 25/05/2022 | 09/03/2025"
3233,5000,3,"19/10/2023 | 19/04/2024 | 27/10/2021"
7496,5000,3,"09/11/2024 | 30/03/2023 | 28/11/2023"
8588,5000,3,"19/04/2023 | 02/07/2025 | 12/02/2024"
7846,5000,3,"09/09/2021 | 22/07/2025 | 10/11/2023"
6639,5000,3,"29/12/2022 | 02/09/2023 | 24/02/2025"
3484,5000,3,"06/11/2024 | 13/08/2025 | 11/11/2021"
9648,5000,3,"18/12/2022 | 02/08/2021 | 10/04/2021"
3380,5000,3,"25/06/2022 | 23/09/2023 | 22/06/2024"
0755,5000,3,"12/03/2023 | 05/10/2023 | 03/04/2023"
8705,5000,3,"04/01/2021 | 30/01/2025 | 16/01/2021"
8785,5000,3,"26/12/2020 | 05/02/2023 | 19/11/2024"
2853,5000,3,"22/12/2023 | 01/12/2022 | 30/08/2024"
7681,5000,3,"27/10/2021 | 12/11/2022 | 14/06/2024"
6952,5000,3,"26/04/2021 | 03/06/2025 | 17/06/2023"
0513,5000,3,"27/08/2022 | 02/04/2024 | 08/09/2020"
1132,5000,3,"10/09/2020 | 08/02/2021 | 21/04/2021"
2481,5000,3,"21/11/2024 | 18/02/2025 | 25/06/2022"
6192,5000,3,"19/10/2023 | 29/10/2024 | 19/10/2020"
2726,5000,3,"07/03/2024 | 28/12/2021 | 28/01/2025"
6351,5000,3,"10/12/2022 | 09/04/2025 | 17/05/2022"
4981,5000,3,"12/02/2024 | 27/09/2023 | 08/08/2022"
9567,5000,3,"08/10/2023 | 19/01/2025 | 23/08/2023"
4587,5000,3,"26/11/2021 | 22/01/2023 | 17/01/2025"
2607,5000,3,"01/10/2021 | 06/09/2022 | 24/02/2025"
6307,5000,3,"15/01/2022 | 10/01/2024 | 14/02/2025"
2554,5000,3,"14/09/2023 | 07/09/2024 | 05/07/2022"
6546,5000,3,"16/12/2020 | 08/12/2021 | 29/08/2024"
1640,5000,3,"11/10/2024 | 03/12/2022 | 11/04/2024"
7941,5000,3,"06/02/2023 | 21/09/2023 | 08/01/2025"
9812,5000,3,"07/01/2023 | 30/06/2023 | 10/11/2021"
7612,5000,3,"05/01/2022 | 23/03/2023 | 11/05/2025"
6383,5000,3,"23/08/2025 | 31/07/2022 | 20/04/2024"
0550,5000,3,"24/11/2022 | 18/03/2023 | 09/05/2024"
9362,5000,3,"22/07/2024 | 25/07/2024 | 22/12/2022"
4962,5000,3,"19/07/2022 | 04/08/2023 | 26/12/2024"
4444,5000,3,"25/06/2022 | 07/05/2023 | 19/08/2024"
6864,5000,3,"18/10/2022 | 04/09/2021 | 28/09/2020"
7653,5000,3,"27/07/2022 | 07/12/2024 | 27/04/2022"
6832,5000,3,"23/11/2024 | 21/04/2022 | 06/09/2023"
3940,5000,3,"13/11/2024 | 08/08/2022 | 08/11/2021"
1662,5000,3,"20/11/2021 | 09/05/2023 | 06/06/2023"
8492,5000,3,"10/01/2024 | 13/01/2021 | 13/08/2024"
8293,5000,3,"21/03/2023 | 10/09/2023 | 29/01/2023"
0927,5000,3,"29/09/2021 | 05/11/2022 | 28/11/2023"
1578,5000,3,"31/01/2022 | 14/04/2022 | 23/04/2022"
6563,5000,3,"10/09/2020 | 14/10/2023 | 23/02/2024"
0791,5000,3,"08/02/2023 | 24/03/2023 | 22/04/2024"
8717,5000,3,"25/12/2022 | 16/11/2022 | 15/04/2023"
2940,5000,3,"07/11/2022 | 07/07/2022 | 23/03/2025"
0424,5000,3,"17/05/2025 | 06/02/2023 | 09/04/2023"
0034,5000,3,"31/05/2023 | 02/08/2025 | 17/12/2023"
6069,5000,3,"17/08/2022 | 04/02/2023 | 21/07/2024"
9845,5000,3,"28/08/2023 | 19/01/2022 | 13/04/2022"
2236,5000,3,"11/11/2023 | 29/11/2023 | 02/03/2025"
8870,5000,3,"18/09/2020 | 15/12/2020 | 15/03/2023"
1521,5000,3,"06/12/2021 | 16/05/2023 | 24/05/2025"
4899,5000,3,"16/07/2025 | 11/08/2023 | 08/09/2024"
4943,5000,3,"09/11/2020 | 17/08/2024 | 05/06/2025"
3596,5000,3,"17/06/2022 | 17/05/2024 | 16/05/2022"
2916,5000,3,"01/06/2024 | 25/06/2025 | 24/08/2025"
3884,5000,3,"22/01/2022 | 05/04/2023 | 21/11/2023"
3692,5000,3,"22/06/2024 | 07/01/2022 | 03/01/2024"
0172,5000,3,"03/11/2022 | 22/06/2024 | 12/06/2024"
8840,5000,3,"31/05/2025 | 03/03/2024 | 14/06/2023"
1428,5000,3,"03/01/2025 | 11/12/2021 | 02/09/2024"
7390,5000,3,"25/08/2020 | 14/01/2022 | 28/01/2022"
0521,5000,3,"13/01/2023 | 25/08/2022 | 14/02/2025"
3971,5000,3,"20/08/2022 | 05/05/2022 | 21/04/2022"
8180,5000,3,"16/01/2021 | 18/12/2024 | 24/05/2024"
5835,5000,3,"14/09/2021 | 06/07/2024 | 24/02/2021"
4060,5000,3,"30/03/2021 | 22/06/2025 | 16/04/2022"
5360,5000,3,"07/10/2024 | 15/07/2022 | 29/08/2022"
6467,5000,3,"21/08/2020 | 16/11/2021 | 20/08/2024"
9966,5000,3,"27/01/2021 | 23/12/2020 | 25/11/2022"
2776,5000,3,"03/01/2023 | 12/12/2023 | 21/02/2025"
8555,5000,3,"17/09/2023 | 07/01/2022 | 21/06/2023"
5124,5000,3,"02/12/2023 | 31/07/2022 | 20/03/2025"
5573,5000,3,"17/02/2024 | 09/05/2024 | 16/04/2022"
5309,5000,3,"02/02/2022 | 07/03/2023 | 06/08/2024"
3678,5000,3,"22/02/2025 | 15/05/2023 | 28/12/2023"
0746,5000,3,"02/08/2021 | 16/12/2022 | 01/02/2025"
7154,5000,3,"22/03/2023 | 19/06/2022 | 07/07/2024"
1263,5000,3,"10/12/2021 | 03/03/2021 | 18/09/2023"
1064,5000,3,"08/04/2022 | 23/04/2024 | 03/12/2021"
1269,5000,3,"28/07/2023 | 22/02/2022 | 03/07/2025"
1589,5000,3,"02/12/2024 | 15/01/2024 | 27/11/2024"
9277,5000,3,"05/10/2024 | 06/02/2023 | 19/10/2023"
0966,5000,3,"25/04/2024 | 03/07/2025 | 05/05/2023"
9917,5000,3,"12/08/2024 | 12/02/2025 | 23/07/2024"
0301,5000,3,"21/11/2024 | 01/08/2020 | 11/08/2025"
4571,5000,3,"08/04/2025 | 26/10/2021 | 20/04/2022"
8367,5000,3,"06/12/2022 | 24/11/2023 | 13/05/2024"
8281,5000,3,"19/10/2024 | 22/07/2023 | 21/02/2024"
2643,5000,3,"10/03/2022 | 12/11/2022 | 31/07/2025"
5136,5000,3,"11/05/2025 | 02/11/2024 | 07/08/2022"
6410,5000,3,"03/10/2022 | 05/04/2021 | 08/02/2023"
8153,5000,3,"12/04/2022 | 23/10/2022 | 02/04/2024"
4329,5000,3,"21/08/2020 | 20/07/2023 | 24/05/2025"
4673,5000,3,"07/06/2025 | 25/06/2024 | 31/07/2022"
1057,5000,3,"17/07/2022 | 24/08/2022 | 30/06/2023"
2151,5000,3,"12/12/2023 | 02/12/2020 | 08/09/2021"
8622,5000,3,"27/08/2021 | 06/11/2021 | 23/11/2024"
3351,5000,3,"06/11/2020 | 16/09/2021 | 30/09/2021"
6396,5000,3,"29/03/2022 | 15/03/2023 | 22/10/2024"
2582,5000,3,"05/03/2025 | 30/07/2023 | 25/02/2023"
4426,5000,3,"10/04/2021 | 24/07/2022 | 14/05/2024"
3728,5000,3,"30/08/2022 | 13/10/2022 | 18/10/2023"
7921,5000,3,"23/11/2021 | 30/03/2024 | 17/06/2024"
1551,5000,3,"08/08/2025 | 17/03/2025 | 07/03/2022"
9649,5000,3,"05/03/2024 | 21/03/2022 | 28/12/2024"
3149,5000,3,"02/12/2020 | 20/06/2022 | 16/11/2023"
7774,5000,3,"07/04/2025 | 11/07/2020 | 01/09/2023"
7145,5000,3,"30/01/2024 | 27/04/2022 | 16/04/2023"
6234,5000,3,"21/02/2024 | 29/12/2020 | 16/02/2022"
4867,5000,3,"29/04/2021 | 18/01/2021 | 04/03/2025"
7243,5000,3,"22/10/2021 | 15/12/2023 | 23/12/2024"
5540,5000,3,"06/08/2024 | 24/03/2022 | 22/03/2025"
7684,5000,3,"14/03/2023 | 25/01/2025 | 16/08/2025"
3401,5000,3,"08/07/2022 | 05/08/2020 | 04/04/2022"
3211,5000,3,"25/04/2022 | 17/01/2023 | 15/09/2023"
2046,5000,3,"01/08/2022 | 27/03/2023 | 11/06/2022"
9579,5000,3,"27/01/2025 | 27/03/2025 | 26/05/2025"
4606,5000,3,"30/12/2023 | 01/07/2025 | 01/12/2021"
3397,5000,3,"21/06/2025 | 28/10/2021 | 15/10/2022"
6201,5000,3,"23/09/2021 | 13/06/2024 | 26/10/2024"
7526,5000,3,"27/10/2024 | 20/02/2025 | 23/08/2024"
6907,5000,3,"30/10/2022 | 19/06/2023 | 06/02/2024"
2103,5000,3,"06/05/2022 | 20/05/2023 | 05/12/2024"
5131,5000,3,"04/08/2025 | 13/08/2025 | 11/08/2023"
0577,5000,3,"03/10/2020 | 01/04/2022 | 04/07/2022"
4241,5000,3,"05/06/2023 | 04/05/2024 | 03/11/2021"
9402,5000,3,"15/04/2025 | 30/03/2025 | 25/08/2023"
6799,5000,3,"06/06/2022 | 25/08/2025 | 17/03/2021"
6237,5000,3,"23/10/2020 | 11/12/2021 | 16/04/2025"
6695,5000,3,"22/10/2021 | 02/09/2021 | 14/03/2023"
3626,5000,3,"07/11/2024 | 30/07/2024 | 31/07/2022"
6597,5000,3,"15/09/2022 | 22/03/2025 | 17/03/2024"
7078,5000,3,"27/04/2023 | 27/02/2024 | 22/01/2025"
8782,5000,3,"24/02/2025 | 03/06/2025 | 07/02/2025"
4903,5000,3,"29/12/2021 | 13/03/2024 | 06/01/2022"
8208,5000,3,"12/03/2021 | 20/11/2020 | 11/01/2023"
3035,5000,3,"20/07/2022 | 22/11/2021 | 30/03/2023"
9948,5000,3,"02/12/2022 | 23/01/2024 | 10/04/2024"
9729,5000,3,"04/10/2024 | 17/03/2021 | 05/08/2024"
6179,5000,3,"17/10/2022 | 26/02/2025 | 01/09/2021"
0796,5000,3,"09/01/2021 | 15/02/2021 | 09/02/2024"
4457,5000,3,"24/01/2023 | 07/01/2024 | 21/02/2024"
7626,5000,3,"05/02/2022 | 06/02/2021 | 25/12/2020"
7198,5000,3,"08/06/2022 | 19/06/2022 | 04/01/2025"
9575,5000,3,"08/10/2023 | 22/12/2024 | 28/12/2022"
7072,5000,3,"13/11/2020 | 07/06/2024 | 15/07/2025"
5830,5000,3,"27/12/2024 | 27/01/2024 | 21/12/2022"
5669,5000,3,"31/01/2022 | 11/12/2023 | 21/08/2024"
6422,5000,3,"16/08/2022 | 17/11/2023 | 01/07/2025"
0289,5000,3,"04/01/2024 | 21/12/2022 | 15/03/2024"
9172,5000,3,"01/08/2020 | 19/10/2022 | 28/03/2024"
5246,5000,3,"29/08/2022 | 21/11/2022 | 13/10/2021"
3096,5000,3,"23/06/2023 | 09/08/2023 | 02/05/2024"
7160,5000,3,"09/04/2022 | 05/11/2024 | 22/05/2023"
5714,5000,3,"03/02/2023 | 19/04/2024 | 20/06/2024"
9601,5000,3,"23/07/2023 | 30/09/2023 | 14/01/2024"
6054,5000,3,"26/03/2022 | 29/01/2023 | 05/08/2025"
7756,5000,3,"31/07/2023 | 02/03/2022 | 02/02/2025"
1818,5000,3,"24/11/2021 | 22/08/2022 | 17/11/2022"
8935,5000,3,"09/10/2020 | 06/06/2025 | 13/11/2020"
2415,5000,3,"18/07/2024 | 11/11/2023 | 02/06/2022"
4544,5000,3,"13/08/2023 | 05/10/2024 | 27/07/2025"
9945,5000,3,"06/03/2021 | 20/07/2022 | 24/03/2022"
4029,5000,3,"13/01/2024 | 20/10/2021 | 16/07/2024"
2729,5000,3,"09/08/2023 | 04/06/2024 | 21/04/2025"
3086,5000,3,"25/11/2020 | 23/10/2023 | 14/05/2024"
5116,5000,3,"27/10/2021 | 03/08/2020 | 26/09/2024"
6870,5000,3,"10/01/2023 | 03/12/2022 | 15/01/2025"
0694,5000,3,"27/09/2022 | 14/08/2022 | 21/02/2024"
4332,5000,3,"18/03/2024 | 04/07/2025 | 17/11/2021"
7238,5000,3,"06/11/2022 | 02/12/2024 | 20/08/2025"
2807,5000,3,"05/09/2024 | 30/10/2021 | 18/06/2023"
8057,5000,3,"12/07/2023 | 20/06/2025 | 11/02/2022"
3353,5000,3,"25/11/2024 | 07/09/2022 | 24/01/2023"
8577,5000,3,"30/07/2021 | 09/08/2021 | 05/03/2022"
2134,5000,3,"28/10/2022 | 02/06/2025 | 20/08/2023"
6338,5000,3,"19/04/2024 | 18/07/2020 | 07/05/2025"
9265,5000,3,"09/02/2024 | 25/10/2022 | 21/03/2022"
4013,5000,3,"27/09/2021 | 20/08/2023 | 18/03/2024"
4471,5000,3,"05/01/2023 | 28/11/2024 | 24/02/2024"
1814,5000,3,"21/04/2022 | 20/02/2024 | 29/03/2025"
5989,5000,3,"03/06/2023 | 05/06/2024 | 16/08/2022"
4062,5000,3,"13/03/2025 | 27/12/2024 | 31/07/2025"
9151,5000,3,"12/02/2021 | 28/01/2022 | 31/10/2024"
8620,5000,3,"10/10/2022 | 31/01/2023 | 15/03/2025"
1183,5000,3,"20/04/2023 | 21/09/2023 | 03/11/2021"
4317,5000,3,"27/11/2020 | 20/05/2023 | 17/04/2023"
7978,5000,3,"11/12/2024 | 15/06/2023 | 29/05/2022"
2519,5000,3,"16/08/2025 | 03/06/2022 | 29/09/2023"
7458,5000,3,"03/09/2021 | 11/03/2025 | 25/03/2021"
1960,5000,3,"30/09/2024 | 05/02/2022 | 10/02/2022"
4922,5000,3,"30/03/2024 | 03/07/2024 | 11/09/2024"
6334,5000,3,"26/04/2023 | 08/09/2023 | 11/03/2025"
3383,5000,3,"23/05/2023 | 23/08/2025 | 29/01/2021"
1689,5000,3,"11/07/2022 | 28/06/2024 | 09/11/2024"
9593,5000,3,"10/02/2022 | 05/03/2023 | 06/08/2023"
0540,5000,3,"08/06/2023 | 11/02/2021 | 24/02/2022"
9164,5000,3,"27/11/2021 | 08/03/2023 | 22/03/2023"
7394,5000,3,"23/10/2021 | 28/05/2022 | 04/12/2021"
9906,5000,3,"04/11/2022 | 19/12/2022 | 26/07/2022"
0728,5000,3,"05/04/2022 | 04/04/2022 | 25/07/2024"
1241,5000,3,"11/02/2024 | 25/09/2021 | 07/08/2020"
6062,5000,3,"28/04/2023 | 18/06/2025 | 17/03/2021"
5171,5000,3,"11/11/2021 | 25/05/2023 | 24/02/2025"
0542,5000,3,"26/08/2024 | 09/04/2024 | 22/05/2024"
4857,5000,3,"04/05/2023 | 08/08/2023 | 17/05/2024"
8831,5000,3,"26/10/2020 | 16/08/2022 | 14/02/2024"
8455,5000,3,"02/12/2020 | 11/09/2023 | 13/11/2023"
3616,5000,3,"06/09/2024 | 17/05/2023 | 10/12/2024"
2136,5000,3,"25/01/2021 | 05/04/2021 | 24/04/2023"
1508,5000,3,"18/09/2021 | 16/05/2025 | 20/07/2025"
0621,5000,3,"17/09/2022 | 12/05/2024 | 09/08/2024"
5526,5000,3,"06/07/2024 | 10/11/2024 | 18/12/2020"
7629,5000,3,"25/08/2024 | 11/10/2022 | 04/07/2025"
3314,5000,3,"20/05/2022 | 04/04/2024 | 15/05/2025"
8551,5000,3,"20/11/2020 | 17/12/2024 | 09/04/2024"
8669,5000,3,"21/09/2024 | 27/04/2025 | 28/09/2023"
1156,5000,3,"13/05/2023 | 21/01/2025 | 14/04/2022"
0298,5000,3,"18/03/2021 | 27/07/2022 | 04/02/2023"
2769,5000,3,"01/07/2024 | 09/12/2023 | 26/07/2024"
4350,5000,3,"28/05/2024 | 07/01/2023 | 28/11/2024"
0170,5000,3,"01/01/2021 | 07/01/2022 | 28/02/2024"
8814,5000,3,"16/08/2022 | 06/05/2025 | 10/08/2023"
9980,5000,3,"22/12/2021 | 24/04/2023 | 19/05/2024"
8360,5000,3,"05/04/2025 | 16/11/2022 | 20/11/2021"
3968,5000,3,"05/10/2022 | 26/10/2023 | 22/06/2022"
1766,5000,3,"27/09/2024 | 10/05/2023 | 18/03/2025"
6416,5000,3,"08/04/2024 | 07/12/2022 | 17/03/2024"
0492,5000,3,"05/06/2023 | 20/07/2023 | 14/08/2024"
5991,5000,3,"18/06/2025 | 23/03/2024 | 27/03/2023"
0204,5000,3,"08/01/2021 | 04/01/2024 | 09/12/2023"
3039,5000,3,"11/09/2023 | 26/04/2023 | 15/11/2023"
7704,5000,3,"24/03/2021 | 25/03/2023 | 13/04/2022"
9473,5000,3,"08/10/2024 | 13/04/2021 | 05/10/2023"
4919,5000,3,"03/09/2021 | 28/07/2025 | 14/06/2022"
5424,5000,3,"20/11/2020 | 17/08/2020 | 16/06/2022"
5754,5000,3,"05/12/2020 | 11/10/2022 | 07/06/2024"
0406,5000,3,"04/11/2024 | 17/12/2021 | 11/07/2025"
8860,5000,3,"01/02/2022 | 09/05/2022 | 21/04/2024"
5227,5000,3,"25/09/2022 | 05/10/2020 | 16/09/2021"
6643,5000,3,"11/08/2022 | 08/04/2024 | 06/08/2024"
8350,5000,3,"05/06/2022 | 03/07/2022 | 28/06/2025"
8599,5000,3,"29/05/2025 | 05/10/2023 | 31/03/2021"
6775,5000,3,"09/09/2022 | 03/08/2025 | 26/06/2024"
6233,5000,3,"11/12/2021 | 03/10/2023 | 30/06/2025"
6160,5000,3,"06/10/2023 | 03/11/2024 | 25/02/2022"
8981,5000,3,"10/01/2024 | 25/07/2024 | 25/12/2024"
7703,5000,3,"12/04/2023 | 09/01/2025 | 17/03/2024"
5231,5000,3,"02/06/2025 | 30/06/2022 | 07/06/2023"
9094,5000,3,"12/04/2022 | 09/01/2024 | 16/10/2024"
8239,5000,3,"11/02/2021 | 16/10/2021 | 13/08/2025"
4988,5000,3,"11/01/2023 | 14/06/2024 | 26/04/2022"
5882,5000,3,"16/11/2020 | 05/12/2023 | 12/09/2020"
5325,5000,3,"10/09/2021 | 28/11/2023 | 17/03/2025"
1610,5000,3,"19/10/2024 | 11/07/2025 | 25/03/2021"
8417,5000,3,"28/06/2022 | 02/01/2024 | 19/03/2021"
5233,5000,3,"14/02/2022 | 16/08/2023 | 19/06/2025"
5250,5000,3,"17/02/2022 | 22/10/2021 | 04/03/2023"
0190,5000,3,"27/01/2024 | 10/09/2020 | 24/09/2021"
3483,5000,3,"09/08/2022 | 22/12/2023 | 15/07/2025"
9673,5000,3,"24/07/2022 | 24/12/2023 | 21/10/2021"
7810,5000,3,"08/03/2024 | 24/03/2021 | 11/06/2024"
7769,5000,3,"28/12/2021 | 31/07/2022 | 02/07/2025"
4963,5000,3,"29/12/2024 | 25/06/2025 | 10/08/2024"
9342,5000,3,"17/09/2024 | 01/10/2022 | 06/01/2024"
5057,5000,3,"08/04/2025 | 15/03/2022 | 08/04/2023"
8280,5000,3,"04/11/2022 | 02/07/2023 | 16/07/2025"
4018,5000,3,"10/10/2023 | 17/01/2024 | 11/10/2023"
2438,5000,3,"17/09/2023 | 15/05/2024 | 04/04/2022"
8583,5000,3,"06/05/2024 | 18/03/2023 | 19/09/2023"
9450,5000,3,"30/09/2021 | 09/02/2022 | 29/06/2025"
5448,5000,3,"25/01/2021 | 03/08/2022 | 10/11/2024"
5774,5000,3,"07/05/2024 | 01/09/2024 | 05/01/2025"
0616,5000,3,"29/03/2021 | 16/09/2024 | 06/02/2021"
1491,5000,3,"21/03/2023 | 03/05/2022 | 06/11/2024"
8815,5000,3,"31/03/2023 | 19/06/2024 | 23/03/2025"
6669,5000,3,"23/10/2020 | 04/02/2021 | 18/08/2022"
5055,5000,3,"05/04/2023 | 17/01/2024 | 07/10/2022"
8494,5000,3,"28/10/2021 | 30/10/2024 | 06/01/2022"
5049,5000,3,"05/05/2024 | 03/07/2023 | 09/05/2025"
3423,5000,3,"24/12/2021 | 14/04/2023 | 27/10/2023"
9723,5000,3,"24/05/2024 | 01/12/2023 | 21/11/2023"
1476,5000,3,"26/02/2023 | 30/11/2024 | 06/04/2025"
8905,5000,3,"15/10/2023 | 29/09/2024 | 20/03/2021"
6387,5000,3,"30/11/2021 | 07/12/2022 | 30/01/2023"
0859,5000,3,"24/03/2022 | 05/01/2024 | 28/01/2023"
9211,5000,3,"17/08/2022 | 10/06/2025 | 23/03/2021"
9714,5000,3,"04/05/2022 | 02/01/2021 | 04/01/2023"
1537,5000,3,"05/10/2020 | 16/01/2025 | 22/11/2021"
3238,5000,3,"24/09/2021 | 01/02/2025 | 10/09/2021"
5957,5000,3,"16/07/2025 | 19/08/2025 | 27/04/2025"
6747,5000,3,"18/08/2024 | 18/07/2025 | 09/03/2025"
6199,5000,3,"05/12/2020 | 18/06/2022 | 11/11/2024"
6466,5000,3,"01/10/2024 | 24/04/2023 | 15/07/2024"
4448,5000,3,"03/10/2024 | 10/02/2021 | 21/07/2023"
9677,5000,3,"06/01/2021 | 16/12/2021 | 04/10/2023"
9519,5000,3,"25/10/2022 | 29/08/2024 | 22/12/2022"
5119,5000,3,"06/11/2022 | 10/06/2022 | 14/11/2023"
2635,5000,3,"23/12/2023 | 23/05/2024 | 12/09/2024"
8836,5000,3,"13/06/2022 | 14/01/2023 | 17/01/2025"
8053,5000,3,"01/09/2021 | 17/12/2022 | 22/04/2022"
3123,5000,3,"05/03/2021 | 17/01/2022 | 30/04/2024"
2494,5000,3,"03/07/2024 | 17/01/2024 | 29/05/2023"
6430,5000,3,"07/12/2024 | 18/09/2021 | 13/07/2022"
7515,5000,3,"10/10/2020 | 20/01/2021 | 01/01/2022"
0463,5000,3,"11/08/2021 | 30/04/2022 | 29/03/2023"
9095,5000,3,"05/07/2022 | 02/12/2022 | 17/02/2024"
0606,5000,3,"16/10/2020 | 17/12/2022 | 21/02/2024"
7131,5000,3,"29/04/2022 | 17/08/2020 | 20/10/2023"
6745,5000,3,"13/09/2021 | 27/07/2024 | 04/12/2023"
3735,5000,3,"26/06/2024 | 25/08/2025 | 05/02/2022"
1978,5000,3,"03/03/2023 | 17/03/2025 | 21/09/2024"
1938,5000,3,"29/04/2022 | 05/09/2022 | 15/12/2023"
3796,5000,3,"07/04/2025 | 16/03/2021 | 12/09/2023"
5787,5000,3,"03/05/2022 | 30/09/2020 | 01/01/2023"
9842,5000,3,"11/01/2025 | 21/06/2025 | 08/03/2023"
7729,5000,3,"30/11/2020 | 02/02/2023 | 10/08/2024"
1397,5000,3,"22/05/2024 | 07/10/2024 | 27/04/2023"
5916,5000,3,"21/05/2022 | 26/11/2022 | 26/10/2021"
1255,5000,3,"31/03/2022 | 30/11/2022 | 09/03/2023"
3315,5000,3,"17/02/2025 | 20/08/2021 | 25/06/2024"
4439,5000,3,"01/01/2021 | 17/05/2025 | 09/11/2020"
4197,5000,3,"03/09/2022 | 08/09/2024 | 24/08/2025"
9793,5000,3,"20/07/2023 | 13/10/2024 | 11/03/2025"
2642,5000,3,"20/05/2024 | 06/09/2021 | 20/08/2021"
4874,5000,3,"13/04/2021 | 25/10/2024 | 14/06/2022"
2257,5000,3,"05/01/2021 | 15/10/2021 | 30/03/2025"
5513,5000,3,"19/04/2023 | 24/07/2024 | 01/06/2025"
7748,5000,3,"02/03/2023 | 29/03/2023 | 12/02/2025"
1174,5000,3,"09/10/2022 | 15/05/2023 | 03/11/2024"
5130,5000,3,"02/03/2021 | 24/08/2022 | 02/09/2024"
5086,5000,3,"01/09/2022 | 07/04/2023 | 29/04/2024"
1674,5000,3,"05/06/2024 | 21/04/2021 | 22/03/2022"
5551,5000,3,"18/08/2025 | 31/08/2024 | 28/10/2021"
0294,5000,3,"09/06/2023 | 02/08/2025 | 02/03/2025"
8172,5000,3,"08/06/2025 | 30/11/2020 | 20/06/2023"
3611,5000,3,"12/12/2024 | 27/10/2022 | 12/06/2023"
3603,5000,3,"23/01/2024 | 19/08/2022 | 06/08/2021"
9727,5000,3,"02/02/2022 | 26/05/2025 | 02/07/2025"
5757,5000,3,"13/01/2025 | 02/05/2025 | 01/06/2025"
2742,5000,3,"11/08/2020 | 27/04/2021 | 08/03/2021"
1026,5000,3,"21/09/2023 | 05/05/2021 | 24/08/2025"
9430,5000,3,"10/08/2024 | 12/08/2022 | 15/06/2022"
4866,5000,3,"29/06/2024 | 15/04/2025 | 20/05/2025"
5064,5000,3,"17/07/2023 | 12/03/2024 | 17/12/2022"
0311,5000,3,"03/02/2023 | 18/08/2024 | 01/09/2024"
0262,5000,3,"10/02/2021 | 28/12/2022 | 01/09/2021"
1214,5000,3,"04/11/2024 | 10/12/2024 | 07/02/2024"
9844,5000,3,"07/05/2021 | 02/03/2022 | 04/06/2023"
0431,5000,3,"17/01/2023 | 30/12/2020 | 16/05/2025"
0054,5000,3,"21/11/2022 | 04/03/2023 | 15/01/2021"
9078,5000,3,"11/04/2022 | 18/03/2024 | 27/12/2021"
4864,5000,3,"26/05/2025 | 08/08/2022 | 10/01/2023"
7914,5000,3,"04/08/2021 | 31/05/2024 | 20/09/2024"
6657,5000,3,"18/02/2024 | 27/04/2025 | 13/06/2023"
6071,5000,3,"05/07/2022 | 08/10/2022 | 05/09/2023"
5645,5000,3,"19/04/2023 | 13/12/2023 | 13/02/2023"
1684,5000,3,"30/04/2022 | 01/07/2023 | 15/06/2025"
0297,5000,3,"31/03/2022 | 18/09/2024 | 08/06/2025"
9236,5000,3,"07/05/2024 | 09/02/2025 | 20/11/2020"
7119,5000,3,"12/01/2022 | 11/09/2024 | 13/10/2024"
2569,5000,3,"16/08/2023 | 28/03/2025 | 30/03/2025"
1868,5000,3,"16/07/2023 | 01/01/2023 | 05/07/2025"
3430,5000,3,"12/11/2021 | 20/03/2025 | 29/10/2023"
5962,5000,3,"24/06/2024 | 11/03/2023 | 05/04/2024"
9501,5000,3,"22/11/2022 | 02/09/2023 | 20/04/2025"
9434,5000,3,"13/05/2022 | 17/03/2023 | 09/10/2021"
4445,5000,3,"15/01/2021 | 02/08/2021 | 04/08/2023"
5844,5000,3,"09/08/2023 | 25/11/2023 | 11/02/2025"
4566,5000,3,"03/04/2025 | 08/04/2021 | 02/09/2023"
9563,5000,3,"11/01/2022 | 25/04/2024 | 13/02/2025"
8781,5000,2,"18/10/2022 | 03/01/2023"
4190,5000,2,"12/06/2025 | 25/03/2021"
9105,5000,2,"16/02/2023 | 30/10/2024"
5697,5000,2,"21/12/2021 | 08/08/2025"
5423,5000,2,"11/11/2022 | 06/07/2025"
0795,5000,2,"14/08/2022 | 22/07/2022"
9436,5000,2,"10/11/2022 | 18/04/2023"
3461,5000,2,"30/11/2023 | 01/12/2023"
9040,5000,2,"02/07/2022 | 24/11/2022"
6458,5000,2,"26/10/2020 | 17/10/2023"
3119,5000,2,"10/10/2022 | 23/12/2022"
9421,5000,2,"16/09/2021 | 29/01/2023"
2336,5000,2,"17/04/2021 | 24/01/2025"
6834,5000,2,"03/06/2025 | 04/08/2024"
8316,5000,2,"02/09/2020 | 18/09/2023"
1632,5000,2,"10/06/2023 | 13/09/2021"
6642,5000,2,"11/03/2023 | 17/08/2024"
8277,5000,2,"18/02/2021 | 19/12/2022"
7768,5000,2,"23/04/2025 | 19/06/2025"
3930,5000,2,"05/08/2022 | 16/11/2023"
3083,5000,2,"20/09/2024 | 17/11/2024"
5960,5000,2,"05/08/2025 | 19/02/2021"
0987,5000,2,"25/05/2022 | 01/08/2022"
3268,5000,2,"31/08/2023 | 19/04/2023"
0439,5000,2,"20/01/2023 | 16/12/2023"
1041,5000,2,"30/04/2022 | 05/03/2022"
0939,5000,2,"12/11/2023 | 05/08/2024"
0844,5000,2,"02/09/2020 | 01/02/2023"
1980,5000,2,"23/05/2023 | 07/01/2025"
2001,5000,2,"18/08/2021 | 13/12/2023"
1729,5000,2,"31/03/2023 | 29/09/2024"
8337,5000,2,"10/01/2025 | 22/07/2024"
8411,5000,2,"14/08/2025 | 22/03/2025"
9700,5000,2,"24/03/2022 | 24/09/2024"
3442,5000,2,"02/05/2022 | 23/09/2023"
1147,5000,2,"03/06/2025 | 17/09/2023"
8144,5000,2,"18/03/2021 | 10/03/2021"
8696,5000,2,"15/01/2022 | 09/01/2021"
5034,5000,2,"20/08/2021 | 24/11/2024"
3793,5000,2,"22/08/2024 | 02/01/2025"
0447,5000,2,"07/05/2022 | 19/06/2022"
0811,5000,2,"12/09/2022 | 16/01/2023"
2100,5000,2,"02/03/2022 | 20/11/2024"
7359,5000,2,"09/03/2022 | 02/11/2021"
1627,5000,2,"23/08/2024 | 26/05/2023"
4906,5000,2,"19/04/2025 | 11/04/2024"
3463,5000,2,"22/03/2025 | 09/05/2022"
2334,5000,2,"14/11/2022 | 25/11/2022"
1590,5000,2,"14/06/2025 | 14/08/2024"
0372,5000,2,"31/12/2021 | 23/03/2021"
6984,5000,2,"29/12/2021 | 11/08/2024"
8440,5000,2,"25/08/2020 | 11/08/2025"
4144,5000,2,"10/02/2021 | 19/06/2024"
2659,5000,2,"29/04/2025 | 23/09/2021"
8906,5000,2,"07/07/2024 | 29/04/2024"
4997,5000,2,"30/08/2022 | 01/03/2023"
7706,5000,2,"30/11/2021 | 01/04/2025"
0166,5000,2,"11/03/2022 | 02/12/2024"
3213,5000,2,"14/04/2025 | 08/07/2025"
5391,5000,2,"12/02/2023 | 06/06/2022"
8320,5000,2,"09/12/2024 | 27/02/2023"
4070,5000,2,"29/04/2022 | 11/12/2023"
9025,5000,2,"11/08/2021 | 01/12/2024"
2478,5000,2,"25/10/2022 | 06/01/2023"
9339,5000,2,"18/05/2025 | 30/12/2020"
0623,5000,2,"05/01/2021 | 24/12/2021"
5194,5000,2,"12/07/2022 | 25/08/2020"
4645,5000,2,"16/09/2021 | 22/07/2023"
8911,5000,2,"03/07/2024 | 23/08/2022"
6883,5000,2,"31/01/2025 | 26/02/2022"
9650,5000,2,"14/11/2023 | 24/11/2024"
9215,5000,2,"20/01/2021 | 12/03/2022"
1138,5000,2,"09/01/2021 | 18/07/2020"
4797,5000,2,"07/04/2023 | 01/06/2022"
4193,5000,2,"25/12/2021 | 03/08/2025"
6770,5000,2,"26/06/2022 | 26/05/2023"
7824,5000,2,"12/01/2025 | 15/02/2023"
4839,5000,2,"05/01/2025 | 31/01/2023"
9816,5000,2,"30/08/2023 | 25/07/2025"
9034,5000,2,"07/02/2023 | 11/05/2021"
9895,5000,2,"30/09/2024 | 24/01/2025"
3130,5000,2,"01/03/2025 | 03/07/2025"
2803,5000,2,"07/03/2024 | 22/01/2024"
7343,5000,2,"07/02/2025 | 07/04/2024"
4088,5000,2,"01/10/2022 | 19/11/2023"
4474,5000,2,"22/12/2023 | 15/03/2021"
0536,5000,2,"29/07/2022 | 13/04/2024"
0806,5000,2,"24/02/2024 | 08/08/2024"
3434,5000,2,"04/01/2022 | 23/07/2024"
5879,5000,2,"09/09/2022 | 19/07/2024"
4000,5000,2,"03/06/2024 | 03/01/2022"
6284,5000,2,"09/01/2025 | 21/03/2025"
2956,5000,2,"17/09/2024 | 08/12/2021"
8483,5000,2,"09/04/2024 | 10/06/2024"
2463,5000,2,"06/12/2023 | 09/04/2021"
7610,5000,2,"16/10/2022 | 27/01/2025"
5686,5000,2,"08/06/2023 | 30/10/2023"
1091,5000,2,"20/06/2022 | 19/05/2022"
6819,5000,2,"13/05/2023 | 16/10/2020"
9550,5000,2,"29/01/2025 | 10/07/2022"
5483,5000,2,"30/03/2024 | 03/08/2020"
7835,5000,2,"03/12/2023 | 11/08/2024"
9447,5000,2,"02/02/2024 | 24/03/2025"
7722,5000,2,"03/02/2023 | 10/01/2024"
9412,5000,2,"01/06/2025 | 25/04/2024"
9489,5000,2,"24/07/2023 | 11/08/2025"
5297,5000,2,"07/08/2020 | 24/04/2023"
2724,5000,2,"01/09/2021 | 25/05/2023"
0802,5000,2,"22/08/2023 | 13/09/2023"
1734,5000,2,"03/11/2023 | 15/06/2024"
2193,5000,2,"14/09/2020 | 25/09/2022"
3386,5000,2,"23/09/2023 | 17/04/2025"
2152,5000,2,"25/04/2024 | 20/08/2021"
4441,5000,2,"15/09/2023 | 13/07/2023"
1500,5000,2,"06/10/2021 | 01/06/2022"
3746,5000,2,"15/06/2022 | 20/08/2024"
2242,5000,2,"25/05/2024 | 14/10/2021"
8725,5000,2,"28/04/2025 | 12/11/2021"
1067,5000,2,"10/07/2025 | 21/05/2025"
5755,5000,2,"25/09/2021 | 30/06/2025"
9453,5000,2,"04/05/2023 | 23/09/2021"
1442,5000,2,"18/08/2021 | 13/04/2023"
4558,5000,2,"27/01/2022 | 06/02/2025"
4061,5000,2,"02/07/2024 | 25/09/2021"
1997,5000,2,"12/12/2020 | 03/01/2025"
2253,5000,2,"23/03/2025 | 23/01/2023"
1826,5000,2,"13/04/2022 | 10/07/2024"
3379,5000,2,"16/11/2021 | 03/12/2023"
0714,5000,2,"09/02/2022 | 24/07/2024"
4045,5000,2,"07/06/2022 | 12/07/2023"
1289,5000,2,"08/06/2023 | 17/05/2025"
0276,5000,2,"06/08/2025 | 02/02/2021"
8809,5000,2,"18/03/2021 | 15/11/2021"
9661,5000,2,"08/10/2022 | 16/04/2025"
5791,5000,2,"28/09/2021 | 14/02/2022"
2591,5000,2,"25/01/2022 | 08/11/2023"
2548,5000,2,"29/01/2024 | 19/10/2021"
2371,5000,2,"09/03/2025 | 17/01/2024"
5109,5000,2,"11/08/2021 | 18/04/2022"
9755,5000,2,"15/11/2021 | 30/12/2023"
9500,5000,2,"03/03/2022 | 02/07/2025"
1247,5000,2,"06/06/2024 | 13/11/2022"
6391,5000,2,"29/05/2025 | 07/04/2024"
1007,5000,2,"01/07/2022 | 22/05/2023"
4882,5000,2,"04/03/2021 | 15/10/2022"
4898,5000,2,"08/01/2021 | 05/02/2021"
1362,5000,2,"03/09/2022 | 25/12/2023"
8666,5000,2,"16/03/2023 | 25/04/2023"
0675,5000,2,"17/08/2020 | 13/01/2023"
8142,5000,2,"11/05/2024 | 22/08/2024"
4961,5000,2,"15/02/2023 | 16/04/2024"
6131,5000,2,"07/08/2025 | 10/03/2025"
4128,5000,2,"06/11/2023 | 18/08/2023"
3354,5000,2,"10/01/2022 | 19/10/2023"
0121,5000,2,"12/07/2023 | 03/02/2024"
5460,5000,2,"04/03/2024 | 19/08/2024"
6263,5000,2,"26/10/2020 | 04/03/2025"
1875,5000,2,"13/04/2025 | 08/04/2023"
1101,5000,2,"30/05/2023 | 18/07/2023"
5178,5000,2,"11/09/2021 | 01/11/2023"
0132,5000,2,"03/06/2022 | 17/12/2022"
0953,5000,2,"27/03/2023 | 25/09/2022"
0584,5000,2,"07/01/2024 | 20/04/2021"
4658,5000,2,"24/02/2021 | 16/12/2024"
7352,5000,2,"01/11/2021 | 10/06/2022"
4406,5000,2,"30/10/2021 | 23/07/2024"
0026,5000,2,"19/11/2024 | 30/03/2025"
4100,5000,2,"14/09/2024 | 05/08/2023"
4341,5000,2,"24/12/2022 | 09/12/2024"
7360,5000,2,"28/12/2021 | 02/04/2022"
5500,5000,2,"15/12/2022 | 07/06/2025"
6119,5000,2,"29/04/2023 | 19/02/2024"
6784,5000,2,"27/07/2023 | 30/12/2024"
6622,5000,2,"18/05/2024 | 16/08/2024"
1962,5000,2,"12/07/2024 | 09/04/2024"
6255,5000,2,"15/12/2022 | 13/05/2024"
8774,5000,2,"24/09/2024 | 05/04/2022"
3696,5000,2,"12/08/2023 | 13/06/2023"
4364,5000,2,"04/01/2022 | 03/08/2024"
7267,5000,2,"24/03/2024 | 21/10/2020"
8380,5000,2,"23/06/2022 | 10/04/2023"
5342,5000,2,"17/03/2024 | 25/04/2025"
6412,5000,2,"17/09/2022 | 17/04/2024"
4485,5000,2,"15/11/2022 | 18/07/2022"
9606,5000,2,"06/04/2023 | 26/11/2023"
9641,5000,2,"26/10/2022 | 13/09/2024"
9979,5000,2,"22/09/2020 | 24/03/2022"
4064,5000,2,"13/11/2020 | 17/03/2021"
7985,5000,2,"25/08/2020 | 03/10/2023"
5527,5000,2,"09/10/2021 | 01/02/2021"
9406,5000,2,"07/02/2025 | 05/04/2021"
9693,5000,2,"25/03/2022 | 20/04/2021"
9019,5000,2,"11/11/2021 | 10/12/2023"
6954,5000,2,"12/12/2024 | 07/08/2024"
5406,5000,2,"08/10/2022 | 07/01/2022"
5794,5000,2,"18/09/2021 | 05/07/2025"
5703,5000,2,"16/07/2023 | 06/05/2023"
2347,5000,2,"06/04/2022 | 26/04/2024"
7294,5000,2,"17/08/2023 | 01/12/2023"
3656,5000,2,"22/06/2023 | 16/08/2023"
2200,5000,2,"19/08/2020 | 12/05/2022"
1794,5000,2,"29/09/2022 | 09/09/2021"
9407,5000,2,"19/10/2023 | 12/04/2024"
8322,5000,2,"08/01/2021 | 05/10/2022"
7588,5000,2,"06/03/2021 | 15/02/2023"
3575,5000,2,"10/10/2022 | 08/07/2023"
1126,5000,2,"11/04/2023 | 10/09/2023"
4237,5000,2,"11/07/2022 | 01/04/2025"
5531,5000,2,"08/02/2023 | 22/07/2024"
6461,5000,2,"29/03/2021 | 07/07/2024"
2708,5000,2,"09/12/2024 | 16/06/2024"
2335,5000,2,"07/06/2023 | 06/05/2023"
2751,5000,2,"07/03/2024 | 20/03/2021"
7796,5000,2,"19/08/2025 | 25/07/2024"
4206,5000,2,"01/12/2023 | 06/09/2022"
3717,5000,2,"14/01/2025 | 17/03/2023"
8947,5000,2,"08/04/2021 | 29/12/2023"
3619,5000,2,"30/05/2023 | 20/11/2021"
7798,5000,2,"18/10/2023 | 28/10/2021"
1399,5000,2,"14/07/2022 | 03/10/2024"
9301,5000,2,"06/03/2023 | 25/01/2025"
7793,5000,2,"22/01/2021 | 24/12/2022"
4330,5000,2,"29/08/2024 | 27/03/2021"
7938,5000,2,"02/01/2023 | 02/11/2022"
6448,5000,2,"04/08/2023 | 27/10/2023"
7424,5000,2,"08/08/2024 | 29/02/2024"
0551,5000,2,"23/07/2021 | 07/11/2023"
6661,5000,2,"28/08/2023 | 04/06/2024"
6822,5000,2,"12/04/2022 | 15/09/2022"
2627,5000,2,"06/01/2025 | 06/11/2022"
8029,5000,2,"03/09/2024 | 10/12/2023"
7366,5000,2,"04/09/2020 | 07/05/2024"
3320,5000,2,"21/06/2023 | 20/08/2023"
5662,5000,2,"08/09/2020 | 11/08/2021"
9112,5000,2,"04/11/2023 | 20/08/2025"
6613,5000,2,"18/02/2025 | 01/09/2023"
9586,5000,2,"20/01/2022 | 12/11/2022"
0730,5000,2,"20/03/2021 | 23/04/2025"
5769,5000,2,"05/04/2025 | 15/06/2025"
2133,5000,2,"01/04/2021 | 22/03/2025"
0512,5000,2,"30/09/2022 | 16/04/2024"
3898,5000,2,"26/07/2024 | 30/07/2024"
2678,5000,2,"01/10/2022 | 03/04/2023"
7118,5000,2,"14/09/2022 | 17/11/2021"
7085,5000,2,"22/06/2023 | 30/05/2024"
1748,5000,2,"15/03/2025 | 17/04/2023"
5979,5000,2,"23/07/2021 | 03/03/2021"
8051,5000,2,"17/02/2021 | 14/01/2024"
5040,5000,2,"27/05/2023 | 11/04/2024"
3592,5000,2,"19/09/2024 | 29/01/2025"
9992,5000,2,"19/08/2023 | 20/11/2020"
0726,5000,2,"11/05/2022 | 24/07/2022"
3944,5000,2,"05/06/2025 | 24/05/2022"
6086,5000,2,"25/08/2021 | 18/12/2022"
0615,5000,2,"25/07/2022 | 20/04/2024"
8917,5000,2,"18/08/2024 | 21/06/2022"
7675,5000,2,"22/05/2023 | 24/04/2024"
0850,5000,2,"08/11/2023 | 03/06/2022"
2778,5000,2,"09/11/2020 | 31/08/2023"
4911,5000,2,"05/04/2023 | 26/08/2024"
2464,5000,2,"14/05/2023 | 23/12/2023"
4993,5000,2,"22/01/2023 | 09/03/2022"
4125,5000,2,"23/05/2023 | 04/06/2025"
3848,5000,2,"17/02/2022 | 09/07/2025"
0176,5000,2,"01/10/2021 | 17/11/2022"
1614,5000,2,"23/06/2023 | 12/12/2024"
5765,5000,2,"05/01/2023 | 12/01/2023"
2920,5000,2,"06/11/2023 | 14/02/2025"
0179,5000,2,"17/12/2023 | 20/12/2022"
8862,5000,2,"28/02/2022 | 22/10/2023"
6031,5000,2,"27/07/2021 | 23/02/2022"
8486,5000,2,"06/06/2022 | 17/07/2022"
2239,5000,2,"20/05/2023 | 03/12/2024"
2061,5000,2,"27/07/2025 | 13/04/2022"
9119,5000,2,"18/08/2022 | 30/08/2024"
2432,5000,2,"16/02/2023 | 25/07/2025"
2719,5000,2,"05/06/2023 | 28/10/2022"
6581,5000,2,"15/04/2021 | 31/10/2023"
5436,5000,2,"28/09/2020 | 23/10/2020"
7749,5000,2,"09/11/2021 | 14/06/2023"
9428,5000,2,"04/02/2021 | 21/10/2023"
7481,5000,2,"12/09/2022 | 22/11/2022"
8852,5000,2,"16/06/2023 | 02/09/2020"
3340,5000,2,"06/04/2024 | 25/07/2023"
1526,5000,2,"06/11/2023 | 23/05/2025"
4335,5000,2,"20/11/2021 | 03/05/2023"
3985,5000,2,"06/05/2025 | 06/04/2023"
3121,5000,2,"01/03/2024 | 23/12/2023"
9609,5000,2,"06/09/2021 | 24/12/2023"
6592,5000,2,"18/07/2023 | 17/06/2025"
5706,5000,2,"25/10/2021 | 29/06/2024"
4014,5000,2,"04/03/2023 | 03/01/2025"
3750,5000,2,"13/03/2021 | 10/08/2023"
2281,5000,2,"15/02/2022 | 30/03/2024"
1236,5000,2,"29/05/2023 | 13/12/2023"
1184,5000,2,"23/03/2021 | 07/02/2024"
4969,5000,2,"31/03/2025 | 29/07/2022"
7415,5000,2,"12/11/2023 | 20/11/2024"
9666,5000,2,"31/01/2025 | 05/01/2025"
4583,5000,2,"06/12/2021 | 26/02/2024"
2727,5000,2,"22/12/2023 | 04/05/2023"
5327,5000,2,"18/01/2024 | 30/05/2024"
3792,5000,2,"18/02/2022 | 16/09/2021"
4551,5000,2,"16/07/2025 | 05/06/2024"
3326,5000,2,"25/10/2023 | 24/01/2022"
5843,5000,2,"22/10/2022 | 14/06/2023"
8329,5000,2,"17/09/2024 | 13/02/2025"
7506,5000,2,"08/11/2024 | 18/08/2025"
5544,5000,2,"04/09/2021 | 06/02/2025"
3892,5000,2,"12/11/2023 | 31/03/2024"
0233,5000,2,"08/02/2024 | 31/12/2023"
7466,5000,2,"10/03/2022 | 02/06/2023"
2926,5000,2,"19/09/2023 | 06/03/2023"
7115,5000,2,"18/07/2020 | 09/04/2022"
2466,5000,2,"12/08/2023 | 25/03/2023"
8880,5000,2,"02/09/2022 | 10/06/2022"
6875,5000,2,"20/07/2025 | 18/06/2022"
0977,5000,2,"26/04/2025 | 09/06/2025"
5225,5000,2,"14/09/2024 | 13/09/2023"
0109,5000,2,"27/12/2023 | 24/05/2024"
9372,5000,2,"09/02/2023 | 18/07/2022"
2095,5000,2,"17/11/2022 | 09/02/2023"
0375,5000,2,"12/10/2023 | 26/10/2024"
3103,5000,2,"15/10/2024 | 15/02/2021"
9071,5000,2,"17/05/2022 | 15/05/2024"
5647,5000,2,"04/06/2023 | 23/01/2023"
3110,5000,2,"17/03/2022 | 28/11/2022"
7142,5000,2,"25/05/2022 | 19/07/2024"
4745,5000,2,"29/09/2021 | 15/03/2023"
4588,5000,2,"12/10/2022 | 28/04/2024"
4187,5000,2,"20/09/2021 | 16/12/2024"
3767,5000,2,"21/08/2025 | 08/06/2024"
4763,5000,2,"27/05/2022 | 08/09/2023"
7260,5000,2,"27/07/2022 | 29/12/2022"
3004,5000,2,"23/04/2024 | 30/01/2024"
4082,5000,2,"14/02/2024 | 17/09/2021"
7104,5000,2,"16/11/2022 | 18/04/2023"
6367,5000,2,"30/12/2021 | 19/04/2023"
0339,5000,2,"29/12/2023 | 25/12/2024"
6454,5000,2,"27/06/2023 | 22/07/2022"
2272,5000,2,"20/11/2023 | 02/02/2023"
6787,5000,2,"27/01/2021 | 13/04/2024"
7632,5000,2,"03/07/2024 | 10/04/2025"
3365,5000,2,"04/09/2021 | 09/04/2022"
0067,5000,2,"15/09/2023 | 29/04/2025"
6927,5000,2,"01/03/2021 | 11/11/2021"
0531,5000,2,"15/04/2021 | 23/03/2022"
1081,5000,2,"11/05/2023 | 18/01/2024"
6782,5000,2,"10/01/2025 | 20/08/2022"
2419,5000,2,"10/12/2023 | 20/01/2024"
4404,5000,2,"20/04/2021 | 23/10/2024"
8481,5000,2,"21/06/2023 | 06/01/2024"
1395,5000,2,"16/02/2021 | 19/04/2023"
2088,5000,2,"16/02/2023 | 17/05/2023"
5157,5000,2,"27/02/2024 | 21/08/2024"
8459,5000,2,"31/03/2023 | 24/07/2025"
3063,5000,2,"14/09/2024 | 05/06/2023"
1278,5000,2,"17/06/2022 | 12/08/2022"
6010,5000,2,"04/08/2024 | 05/02/2023"
2700,5000,2,"03/01/2023 | 09/06/2023"
5863,5000,2,"03/11/2023 | 09/07/2025"
7178,5000,2,"03/03/2025 | 08/03/2021"
0070,5000,2,"16/12/2020 | 18/04/2022"
5737,5000,2,"13/10/2023 | 21/05/2025"
7014,5000,2,"02/01/2023 | 08/02/2025"
0591,5000,2,"17/04/2025 | 09/06/2023"
4279,5000,2,"08/06/2024 | 28/12/2024"
6730,5000,2,"03/06/2022 | 14/05/2023"
7634,5000,2,"27/07/2022 | 13/05/2025"
0135,5000,2,"01/04/2022 | 16/02/2025"
0768,5000,2,"04/10/2021 | 12/08/2023"
8247,5000,2,"09/12/2024 | 30/12/2021"
2691,5000,2,"06/06/2023 | 07/12/2023"
8609,5000,2,"03/12/2023 | 25/12/2020"
1260,5000,2,"26/03/2024 | 05/03/2025"
9676,5000,2,"06/04/2022 | 27/11/2024"
7873,5000,2,"16/10/2024 | 20/05/2023"
3780,5000,2,"23/01/2025 | 14/09/2020"
0835,5000,2,"11/06/2023 | 04/12/2020"
9134,5000,2,"28/06/2023 | 21/06/2024"
1445,5000,2,"30/03/2024 | 19/03/2025"
0841,5000,2,"13/05/2025 | 12/10/2022"
0724,5000,2,"03/09/2023 | 19/03/2025"
2713,5000,2,"15/01/2025 | 23/03/2021"
1046,5000,2,"15/07/2023 | 14/03/2022"
8668,5000,2,"07/08/2023 | 30/12/2023"
4397,5000,2,"20/04/2023 | 16/10/2024"
3181,5000,2,"02/03/2021 | 25/08/2022"
1436,5000,2,"02/06/2022 | 27/09/2022"
7933,5000,2,"27/07/2021 | 09/07/2024"
9309,5000,2,"08/10/2023 | 20/02/2023"
5458,5000,2,"09/07/2023 | 04/09/2020"
0167,5000,2,"11/12/2021 | 25/07/2022"
9756,5000,2,"08/01/2022 | 03/11/2022"
6041,5000,2,"20/12/2022 | 25/06/2023"
5921,5000,2,"03/02/2022 | 08/10/2021"
3426,5000,2,"06/02/2023 | 04/03/2021"
8363,5000,2,"17/07/2022 | 07/06/2024"
2852,5000,2,"15/06/2023 | 21/07/2023"
4365,5000,2,"20/04/2021 | 12/07/2025"
6557,5000,2,"22/01/2022 | 07/07/2024"
9135,5000,2,"05/11/2021 | 06/08/2025"
4184,5000,2,"08/03/2021 | 05/10/2020"
7598,5000,2,"28/04/2022 | 24/10/2022"
4296,5000,2,"18/01/2023 | 27/09/2024"
7777,5000,2,"14/01/2024 | 11/04/2025"
6035,5000,2,"11/11/2023 | 08/11/2024"
8662,5000,2,"28/04/2025 | 25/12/2022"
0181,5000,2,"05/04/2024 | 24/11/2021"
6027,5000,2,"02/07/2025 | 06/05/2023"
7939,5000,2,"13/12/2023 | 04/01/2025"
7236,5000,2,"04/05/2025 | 16/08/2022"
8001,5000,2,"07/09/2022 | 14/01/2023"
5076,5000,2,"19/01/2021 | 13/10/2021"
1607,5000,2,"11/01/2021 | 08/12/2024"
4514,5000,2,"22/07/2022 | 23/04/2024"
7825,5000,2,"07/04/2021 | 08/03/2023"
0813,5000,2,"06/11/2024 | 26/03/2022"
9292,5000,2,"08/04/2021 | 06/08/2021"
2436,5000,2,"19/10/2020 | 23/05/2025"
8325,5000,2,"20/04/2022 | 08/08/2022"
7399,5000,2,"20/10/2021 | 30/12/2020"
3900,5000,2,"30/10/2020 | 03/03/2022"
6993,5000,2,"26/05/2025 | 12/04/2023"
0990,5000,2,"28/08/2022 | 30/03/2024"
6266,5000,2,"16/10/2021 | 19/10/2022"
9621,5000,2,"17/06/2023 | 26/11/2024"
0975,5000,2,"19/07/2022 | 23/06/2022"
8434,5000,2,"06/08/2023 | 12/09/2024"
5799,5000,2,"12/05/2024 | 25/07/2020"
8539,5000,2,"15/03/2021 | 07/11/2024"
3196,5000,2,"11/02/2022 | 23/01/2024"
5274,5000,2,"19/12/2020 | 16/08/2021"
3657,5000,2,"27/07/2021 | 04/04/2022"
4469,5000,2,"02/06/2025 | 01/12/2023"
2326,5000,2,"25/02/2023 | 04/06/2023"
5313,5000,2,"04/10/2021 | 25/11/2020"
4734,5000,2,"20/04/2025 | 08/09/2021"
6484,5000,2,"22/03/2023 | 15/07/2023"
6432,5000,2,"06/10/2021 | 09/06/2024"
4500,5000,2,"23/10/2022 | 07/07/2023"
3068,5000,2,"01/09/2021 | 24/09/2024"
9247,5000,2,"01/06/2023 | 13/06/2024"
2484,5000,2,"08/01/2022 | 17/08/2020"
7904,5000,2,"08/01/2022 | 26/07/2022"
7287,5000,2,"01/04/2022 | 21/03/2023"
9486,5000,2,"17/10/2022 | 11/05/2022"
7844,5000,2,"09/10/2020 | 18/03/2025"
1489,5000,2,"29/01/2024 | 30/07/2024"
1695,5000,2,"21/02/2023 | 17/08/2024"
7060,5000,2,"22/09/2021 | 16/04/2024"
2696,5000,2,"15/02/2025 | 21/06/2024"
8230,5000,2,"20/01/2024 | 05/03/2022"
1171,5000,2,"30/08/2024 | 19/09/2022"
0672,5000,2,"30/09/2024 | 07/01/2023"
7522,5000,2,"10/09/2021 | 28/03/2022"
4542,5000,2,"04/02/2021 | 06/03/2021"
6846,5000,2,"24/03/2022 | 26/12/2023"
1032,5000,2,"12/11/2024 | 25/03/2023"
0356,5000,2,"30/03/2024 | 25/01/2024"
0274,5000,2,"13/04/2024 | 02/11/2022"
2720,5000,2,"27/07/2021 | 18/06/2024"
0748,5000,2,"20/07/2022 | 25/03/2025"
5242,5000,2,"20/11/2023 | 05/07/2025"
6306,5000,2,"03/08/2020 | 08/02/2024"
8512,5000,2,"14/01/2022 | 01/11/2023"
9837,5000,2,"06/03/2024 | 20/05/2024"
1009,5000,2,"21/09/2021 | 08/08/2024"
5280,5000,2,"28/03/2023 | 08/12/2023"
7342,5000,2,"18/08/2021 | 05/06/2024"
3650,5000,2,"07/06/2025 | 01/11/2021"
3668,5000,2,"05/04/2025 | 06/06/2022"
3730,5000,2,"05/08/2020 | 28/12/2022"
6624,5000,2,"31/07/2022 | 11/12/2024"
6450,5000,2,"17/02/2023 | 26/12/2022"
7182,5000,2,"03/11/2024 | 11/11/2020"
0010,5000,2,"01/12/2023 | 18/06/2025"
0965,5000,2,"01/03/2022 | 21/04/2023"
5903,5000,2,"16/07/2025 | 18/02/2023"
9583,5000,2,"12/12/2020 | 20/07/2023"
3722,5000,2,"01/04/2022 | 22/01/2025"
3284,5000,2,"08/10/2023 | 07/01/2023"
3114,5000,2,"07/12/2021 | 08/05/2023"
9470,5000,2,"17/07/2022 | 12/03/2024"
7837,5000,2,"05/08/2025 | 01/10/2022"
8013,5000,2,"21/07/2023 | 16/01/2021"
5891,5000,2,"16/03/2025 | 26/09/2022"
3927,5000,2,"10/08/2022 | 27/04/2023"
1449,5000,2,"25/02/2023 | 10/10/2024"
8312,5000,2,"10/03/2021 | 08/02/2025"
1231,5000,2,"19/08/2023 | 05/11/2021"
0902,5000,2,"29/09/2022 | 03/12/2021"
7561,5000,2,"07/07/2023 | 13/10/2024"
9284,5000,2,"12/03/2025 | 06/08/2023"
2221,5000,2,"30/12/2024 | 22/01/2024"
5661,5000,2,"07/05/2024 | 26/12/2020"
8648,5000,2,"07/08/2024 | 03/02/2022"
1342,5000,2,"03/01/2022 | 04/10/2022"
0529,5000,2,"04/02/2023 | 13/07/2024"
2542,5000,2,"26/03/2021 | 16/02/2023"
7329,5000,2,"10/11/2024 | 20/04/2024"
1018,5000,2,"18/11/2021 | 20/03/2023"
4908,5000,2,"08/01/2024 | 31/12/2024"
8115,5000,2,"12/03/2023 | 09/06/2022"
4453,5000,2,"29/10/2022 | 04/09/2022"
4248,5000,2,"05/10/2024 | 03/02/2022"
8393,5000,2,"20/02/2025 | 16/09/2023"
4042,5000,2,"08/06/2023 | 04/01/2024"
1788,5000,2,"15/09/2022 | 31/03/2025"
0519,5000,2,"11/07/2025 | 18/09/2021"
6635,5000,2,"20/04/2023 | 22/05/2023"
8375,5000,2,"16/06/2024 | 25/04/2025"
9695,5000,2,"20/03/2021 | 30/04/2025"
1645,5000,2,"16/06/2025 | 26/12/2023"
5636,5000,2,"22/04/2022 | 04/10/2023"
4890,5000,2,"04/08/2023 | 10/08/2023"
0208,5000,2,"04/03/2025 | 02/04/2022"
9179,5000,2,"26/04/2021 | 29/07/2024"
2111,5000,2,"01/04/2023 | 13/10/2023"
0154,5000,2,"04/11/2024 | 03/03/2022"
1078,5000,2,"06/06/2024 | 08/05/2025"
5255,5000,2,"23/07/2024 | 29/03/2025"
3290,5000,2,"05/02/2021 | 10/02/2025"
6725,5000,2,"29/03/2025 | 12/02/2022"
1195,5000,2,"08/07/2023 | 23/02/2022"
9623,5000,2,"03/04/2024 | 29/08/2022"
1953,5000,2,"24/11/2023 | 27/03/2021"
7677,5000,2,"02/02/2023 | 27/11/2024"
2176,5000,2,"10/01/2023 | 23/06/2024"
4664,5000,2,"14/12/2023 | 30/07/2025"
0477,5000,2,"01/12/2020 | 22/06/2024"
6274,5000,2,"17/04/2021 | 05/05/2025"
0346,5000,2,"21/11/2022 | 03/10/2020"
2477,5000,2,"25/04/2022 | 16/01/2024"
6831,5000,2,"04/09/2020 | 17/12/2021"
0475,5000,2,"12/10/2020 | 07/04/2023"
1947,5000,2,"29/03/2021 | 22/09/2022"
1839,5000,2,"23/06/2023 | 29/06/2024"
8611,5000,2,"03/03/2022 | 01/06/2025"
9607,5000,2,"17/07/2025 | 14/02/2024"
3889,5000,2,"14/06/2022 | 27/10/2022"
4367,5000,2,"03/09/2022 | 27/09/2021"
4057,5000,2,"19/05/2023 | 29/10/2022"
9644,5000,2,"31/03/2022 | 18/10/2023"
4246,5000,2,"27/08/2023 | 17/03/2025"
5144,5000,2,"16/09/2022 | 11/11/2023"
6713,5000,2,"17/08/2023 | 13/09/2021"
9033,5000,2,"27/12/2023 | 11/12/2024"
6567,5000,2,"18/02/2023 | 21/10/2023"
9232,5000,2,"29/07/2025 | 02/07/2022"
3909,5000,2,"15/09/2021 | 06/12/2024"
4376,5000,2,"14/12/2021 | 28/11/2024"
2115,5000,2,"23/10/2020 | 03/07/2025"
7032,5000,2,"19/01/2024 | 01/09/2024"
3087,5000,2,"15/02/2024 | 09/06/2023"
0882,5000,2,"08/03/2022 | 17/01/2023"
5204,5000,2,"26/11/2021 | 19/03/2022"
9467,5000,2,"27/02/2023 | 26/10/2024"
1017,5000,2,"18/05/2025 | 30/11/2023"
8119,5000,2,"16/03/2025 | 06/06/2025"
4655,5000,2,"14/12/2022 | 26/07/2025"
3133,5000,2,"27/01/2025 | 19/05/2022"
6943,5000,2,"24/02/2023 | 16/02/2025"
2599,5000,2,"03/06/2023 | 21/10/2024"
7386,5000,2,"19/12/2022 | 14/02/2023"
5589,5000,2,"15/09/2022 | 09/05/2023"
5870,5000,2,"25/11/2023 | 09/07/2022"
3802,5000,2,"05/11/2022 | 10/07/2023"
6315,5000,2,"30/04/2024 | 13/08/2020"
6656,5000,2,"09/04/2023 | 23/09/2023"
0820,5000,2,"31/12/2024 | 29/07/2024"
0341,5000,2,"06/07/2023 | 17/02/2025"
0649,5000,2,"11/11/2024 | 03/03/2024"
7279,5000,2,"24/02/2021 | 06/08/2021"
9933,5000,2,"14/01/2022 | 17/12/2023"
0864,5000,2,"13/10/2024 | 17/10/2024"
4106,5000,2,"21/08/2020 | 08/02/2023"
5143,5000,2,"29/07/2022 | 30/10/2024"
4949,5000,2,"17/08/2025 | 03/09/2021"
0494,5000,2,"18/10/2021 | 01/08/2025"
5518,5000,2,"25/09/2024 | 17/04/2021"
5180,5000,2,"10/11/2021 | 25/07/2024"
3364,5000,2,"10/12/2023 | 15/04/2022"
3392,5000,2,"20/10/2023 | 04/08/2024"
1777,5000,2,"28/09/2021 | 17/04/2025"
5618,5000,2,"30/09/2024 | 13/03/2021"
6460,5000,2,"26/02/2023 | 29/11/2024"
5041,5000,2,"29/06/2023 | 12/03/2024"
1626,5000,2,"01/11/2023 | 07/02/2023"
0361,5000,2,"18/02/2021 | 20/04/2025"
4887,5000,2,"04/11/2023 | 04/10/2024"
3444,5000,2,"14/09/2021 | 05/08/2020"
1737,5000,2,"27/11/2022 | 08/06/2022"
8549,5000,2,"10/10/2020 | 28/12/2021"
9499,5000,2,"22/12/2022 | 17/01/2024"
6211,5000,2,"06/08/2024 | 14/10/2022"
1819,5000,2,"03/02/2023 | 23/06/2023"
6001,5000,2,"16/06/2025 | 31/05/2024"
8531,5000,2,"19/07/2022 | 08/04/2024"
6568,5000,2,"04/12/2022 | 27/06/2024"
1136,5000,2,"23/12/2020 | 03/12/2023"
8700,5000,2,"17/01/2025 | 07/08/2020"
9600,5000,2,"27/10/2024 | 03/11/2022"
6837,5000,2,"18/03/2023 | 17/02/2024"
8560,5000,2,"14/03/2025 | 25/03/2022"
9899,5000,2,"03/02/2024 | 12/09/2020"
2469,5000,2,"28/01/2023 | 08/01/2021"
9664,5000,2,"10/09/2024 | 02/03/2022"
8252,5000,2,"05/10/2021 | 02/02/2022"
7664,5000,2,"12/09/2024 | 17/01/2024"
8216,5000,2,"25/08/2021 | 13/03/2024"
1703,5000,2,"20/10/2021 | 17/05/2023"
5126,5000,2,"24/11/2024 | 26/05/2023"
4618,5000,2,"08/09/2020 | 13/09/2023"
0642,5000,2,"08/04/2024 | 26/10/2021"
7179,5000,2,"30/06/2025 | 03/04/2021"
9437,5000,2,"23/03/2021 | 11/07/2022"
1628,5000,2,"01/09/2022 | 23/10/2023"
0384,5000,2,"27/05/2022 | 29/07/2024"
9462,5000,2,"21/08/2024 | 03/01/2022"
3239,5000,2,"19/11/2021 | 24/07/2025"
2883,5000,2,"07/05/2021 | 11/08/2025"
2138,5000,2,"09/02/2025 | 30/07/2023"
0304,5000,2,"14/07/2022 | 13/09/2023"
9497,5000,2,"10/09/2024 | 30/08/2023"
7094,5000,2,"18/03/2021 | 17/03/2024"
6703,5000,2,"19/10/2024 | 19/10/2023"
8983,5000,2,"05/01/2022 | 01/01/2023"
4015,5000,2,"24/06/2023 | 24/10/2022"
2248,5000,2,"10/09/2023 | 22/06/2022"
9166,5000,2,"27/10/2024 | 15/06/2024"
1671,5000,2,"08/04/2024 | 17/07/2025"
2767,5000,2,"23/07/2023 | 01/03/2024"
8418,5000,2,"08/04/2021 | 18/10/2021"
6348,5000,2,"23/10/2023 | 15/06/2023"
7168,5000,2,"24/08/2023 | 29/10/2024"
4938,5000,2,"23/03/2024 | 11/08/2021"
3585,5000,2,"29/03/2023 | 04/07/2024"
7918,5000,2,"05/05/2022 | 30/09/2022"
4870,5000,2,"09/04/2021 | 22/09/2021"
0666,5000,2,"17/12/2024 | 04/11/2020"
9334,5000,2,"05/07/2023 | 28/10/2023"
1173,5000,2,"28/04/2021 | 25/03/2022"
3967,5000,2,"19/08/2020 | 15/02/2025"
4288,5000,2,"23/03/2022 | 20/09/2024"
4167,5000,2,"05/05/2022 | 21/04/2025"
0278,5000,2,"25/05/2025 | 03/11/2023"
8257,5000,2,"22/08/2024 | 21/07/2022"
8049,5000,2,"14/12/2020 | 10/01/2024"
7427,5000,2,"05/06/2023 | 27/09/2022"
9538,5000,2,"24/11/2024 | 19/02/2025"
3768,5000,2,"13/04/2024 | 04/05/2023"
7258,5000,2,"16/09/2021 | 08/12/2023"
8126,5000,2,"01/09/2023 | 02/07/2022"
0503,5000,2,"05/11/2023 | 17/08/2025"
3753,5000,2,"28/06/2023 | 02/07/2023"
9669,5000,2,"15/02/2023 | 31/01/2024"
8174,5000,2,"29/10/2023 | 05/06/2022"
5961,5000,2,"05/09/2024 | 12/01/2021"
4936,5000,2,"18/09/2023 | 30/10/2022"
1591,5000,2,"26/06/2023 | 04/04/2024"
7339,5000,2,"19/05/2023 | 02/02/2024"
2711,5000,2,"15/05/2025 | 30/05/2025"
8820,5000,2,"30/10/2023 | 27/09/2021"
7528,5000,2,"10/01/2024 | 19/04/2023"
5220,5000,2,"16/12/2021 | 22/04/2023"
3509,5000,2,"02/09/2023 | 09/03/2023"
2328,5000,2,"28/03/2023 | 27/08/2024"
0581,5000,2,"17/04/2025 | 09/07/2022"
3237,5000,2,"09/02/2021 | 07/12/2023"
9241,5000,2,"07/11/2023 | 19/12/2023"
5351,5000,2,"22/09/2022 | 07/11/2022"
3093,5000,2,"04/12/2020 | 11/12/2024"
8691,5000,2,"14/06/2025 | 12/12/2020"
3072,5000,2,"27/11/2021 | 13/01/2022"
8163,5000,2,"06/04/2022 | 21/08/2020"
6823,5000,2,"25/03/2022 | 22/02/2023"
3462,5000,2,"16/08/2025 | 10/04/2023"
2458,5000,2,"21/08/2020 | 14/12/2022"
6858,5000,2,"01/12/2020 | 07/05/2025"
6476,5000,2,"29/04/2025 | 23/08/2024"
7805,5000,2,"19/07/2023 | 06/05/2024"
4935,5000,2,"05/07/2025 | 06/11/2022"
2366,5000,2,"27/08/2021 | 03/02/2024"
6650,5000,2,"16/11/2021 | 15/11/2024"
6971,5000,2,"04/03/2022 | 02/05/2025"
5001,5000,2,"22/04/2024 | 09/04/2025"
9620,5000,2,"06/08/2025 | 31/07/2025"
4802,5000,2,"18/06/2023 | 22/08/2025"
3060,5000,2,"02/04/2022 | 25/12/2022"
9879,5000,2,"24/09/2024 | 11/12/2020"
8386,5000,2,"23/04/2023 | 31/07/2025"
9732,5000,2,"08/12/2024 | 22/02/2021"
1450,5000,2,"12/09/2020 | 08/08/2022"
2895,5000,2,"26/06/2023 | 10/08/2023"
1702,5000,2,"21/06/2025 | 11/08/2025"
9249,5000,2,"17/11/2024 | 16/04/2021"
6312,5000,2,"18/01/2023 | 20/07/2024"
9000,5000,2,"16/09/2020 | 19/02/2021"
2375,5000,2,"15/12/2020 | 21/03/2024"
8489,5000,2,"01/10/2023 | 05/07/2025"
3653,5000,2,"23/01/2021 | 07/04/2023"
4522,5000,2,"24/06/2025 | 06/09/2024"
0393,5000,2,"11/05/2021 | 03/12/2022"
6516,5000,2,"21/08/2025 | 19/04/2025"
2071,5000,2,"11/03/2022 | 12/10/2023"
3347,5000,2,"23/03/2025 | 26/07/2022"
1949,5000,2,"23/11/2022 | 14/03/2024"
8586,5000,2,"22/04/2021 | 17/06/2023"
7709,5000,2,"15/05/2024 | 10/07/2023"
5075,5000,2,"18/05/2024 | 23/08/2024"
1779,5000,2,"03/09/2021 | 12/10/2023"
5570,5000,2,"06/12/2023 | 15/11/2021"
0116,5000,2,"10/02/2021 | 15/09/2023"
5764,5000,2,"17/05/2023 | 18/02/2023"
4669,5000,2,"18/12/2021 | 26/08/2023"
5188,5000,2,"29/03/2021 | 17/01/2025"
1350,5000,2,"30/07/2025 | 20/01/2025"
3740,5000,2,"20/07/2024 | 04/01/2025"
3330,5000,2,"06/12/2024 | 11/10/2024"
7785,5000,2,"21/12/2020 | 02/06/2025"
3082,5000,2,"05/04/2023 | 17/10/2023"
6092,5000,2,"06/08/2022 | 10/07/2023"
1542,5000,2,"27/01/2021 | 26/12/2022"
8010,5000,2,"12/04/2021 | 28/08/2023"
6028,5000,2,"21/10/2022 | 14/10/2020"
4539,5000,2,"14/07/2022 | 26/09/2023"
1256,5000,2,"06/04/2023 | 29/05/2022"
7220,5000,2,"15/01/2021 | 11/03/2022"
5101,5000,2,"07/12/2020 | 13/01/2022"
6574,5000,2,"13/09/2021 | 27/01/2023"
1618,5000,2,"12/12/2022 | 01/12/2024"
5125,5000,2,"15/07/2024 | 01/06/2025"
3452,5000,2,"01/09/2023 | 25/04/2025"
0955,5000,2,"16/02/2022 | 28/12/2023"
8719,5000,2,"26/02/2022 | 03/07/2022"
9326,5000,2,"18/06/2023 | 02/08/2025"
7204,5000,2,"05/08/2023 | 01/08/2020"
0645,5000,2,"08/02/2023 | 06/05/2022"
2862,5000,2,"24/08/2022 | 29/03/2021"
4528,5000,2,"10/12/2023 | 25/07/2022"
9638,5000,2,"13/08/2023 | 23/04/2023"
1840,5000,2,"19/09/2022 | 27/01/2021"
9976,5000,2,"21/06/2022 | 17/08/2025"
4837,5000,2,"08/03/2023 | 22/11/2024"
1185,5000,2,"19/02/2022 | 27/05/2025"
8124,5000,2,"22/09/2021 | 21/06/2025"
4855,5000,2,"26/09/2023 | 11/02/2025"
9886,5000,2,"13/12/2022 | 09/04/2023"
2446,5000,2,"22/08/2023 | 27/02/2025"
7666,5000,2,"18/12/2020 | 27/09/2021"
1828,5000,2,"27/05/2022 | 09/04/2023"
8263,5000,2,"16/12/2021 | 05/07/2024"
5561,5000,2,"03/01/2025 | 31/05/2022"
2356,5000,2,"09/09/2021 | 31/01/2023"
9229,5000,2,"19/01/2021 | 22/12/2021"
0002,5000,2,"03/11/2021 | 13/04/2022"
5797,5000,2,"13/11/2021 | 18/07/2022"
8787,5000,2,"09/10/2020 | 12/06/2024"
1217,5000,2,"16/09/2022 | 23/02/2024"
9016,5000,2,"01/12/2023 | 24/12/2021"
3586,5000,2,"05/12/2020 | 14/12/2022"
3001,5000,2,"21/07/2023 | 24/10/2023"
3049,5000,2,"14/06/2024 | 04/10/2024"
5063,5000,2,"21/08/2022 | 10/09/2022"
6414,5000,2,"22/07/2025 | 19/03/2022"
1222,5000,2,"24/02/2021 | 12/07/2023"
0210,5000,2,"01/04/2021 | 02/05/2024"
2367,5000,2,"21/09/2022 | 09/06/2024"
6615,5000,2,"16/04/2022 | 24/10/2023"
1555,5000,2,"30/06/2025 | 03/12/2021"
4050,5000,2,"03/04/2021 | 29/03/2024"
9272,5000,2,"21/02/2024 | 25/04/2024"
0264,5000,2,"02/04/2021 | 05/07/2025"
8763,5000,2,"23/04/2022 | 04/07/2025"
2368,5000,2,"26/03/2021 | 29/09/2024"
8644,5000,2,"03/08/2022 | 11/01/2024"
6191,5000,2,"22/08/2023 | 19/03/2025"
3858,5000,2,"18/03/2025 | 06/09/2023"
0566,5000,2,"09/02/2025 | 22/08/2025"
3965,5000,2,"29/01/2021 | 18/03/2022"
2351,5000,2,"06/08/2023 | 07/06/2024"
4454,5000,2,"24/09/2023 | 03/01/2025"
7206,5000,2,"31/07/2022 | 03/02/2023"
2882,5000,2,"28/03/2023 | 21/05/2024"
3369,5000,2,"24/10/2022 | 01/06/2023"
4264,5000,2,"07/03/2023 | 30/05/2022"
5635,5000,2,"07/04/2021 | 10/01/2022"
4846,5000,2,"25/07/2022 | 26/10/2020"
6740,5000,2,"07/08/2020 | 12/08/2022"
9175,5000,2,"11/03/2022 | 10/04/2023"
2977,5000,2,"03/11/2022 | 14/06/2023"
7843,5000,2,"23/04/2025 | 26/02/2024"
0410,5000,2,"25/12/2022 | 16/01/2021"
1967,5000,2,"24/09/2020 | 12/09/2023"
6051,5000,2,"17/02/2022 | 11/04/2023"
6904,5000,2,"22/12/2020 | 19/07/2025"
8425,5000,2,"09/10/2023 | 25/06/2022"
4676,5000,2,"09/10/2020 | 19/12/2020"
6956,5000,2,"19/04/2025 | 06/10/2024"
7485,5000,2,"07/02/2023 | 27/07/2021"
4533,5000,2,"17/06/2025 | 18/01/2022"
2759,5000,2,"16/06/2024 | 15/11/2021"
4071,5000,2,"25/10/2022 | 28/08/2024"
3663,5000,2,"13/12/2023 | 16/01/2024"
4706,5000,2,"12/01/2021 | 21/12/2022"
0368,5000,2,"15/07/2024 | 29/03/2021"
9145,5000,2,"22/01/2023 | 21/09/2022"
3857,5000,2,"19/05/2025 | 06/02/2024"
8980,5000,2,"05/05/2021 | 02/01/2025"
5030,5000,2,"11/12/2022 | 30/12/2022"
7410,5000,2,"06/12/2021 | 30/05/2025"
8796,5000,2,"01/10/2024 | 16/04/2021"
4527,5000,2,"05/04/2022 | 23/06/2022"
5780,5000,2,"17/12/2022 | 04/03/2025"
0267,5000,2,"06/01/2025 | 10/10/2020"
7800,5000,2,"25/12/2020 | 05/03/2021"
7514,5000,2,"04/11/2023 | 03/11/2021"
4271,5000,2,"13/01/2021 | 12/10/2024"
1882,5000,2,"17/01/2023 | 29/09/2021"
1148,5000,2,"22/04/2025 | 31/07/2022"
5634,5000,2,"25/01/2024 | 17/11/2024"
6518,5000,2,"09/05/2023 | 15/07/2025"
0674,5000,2,"16/09/2023 | 10/11/2023"
8204,5000,2,"07/07/2025 | 05/06/2023"
2185,5000,2,"01/08/2020 | 14/06/2025"
1584,5000,2,"20/02/2023 | 08/11/2022"
8685,5000,2,"14/03/2024 | 01/08/2023"
0329,5000,2,"15/05/2024 | 29/09/2023"
2731,5000,2,"03/02/2023 | 31/03/2023"
7295,5000,2,"30/03/2022 | 25/06/2024"
8687,5000,2,"12/06/2023 | 02/03/2023"
5428,5000,2,"26/06/2023 | 12/02/2024"
2781,5000,2,"17/01/2024 | 13/04/2025"
9195,5000,2,"25/11/2023 | 05/02/2023"
8881,5000,2,"24/07/2025 | 08/05/2025"
0911,5000,2,"14/01/2023 | 23/02/2023"
2745,5000,2,"26/10/2022 | 31/01/2024"
5812,5000,2,"09/03/2024 | 03/03/2025"
3755,5000,2,"04/12/2020 | 11/02/2023"
7254,5000,2,"11/09/2021 | 18/12/2021"
7305,5000,2,"25/01/2023 | 30/07/2021"
2640,5000,2,"14/04/2021 | 10/10/2023"
4701,5000,2,"05/02/2021 | 30/09/2020"
2897,5000,2,"02/06/2024 | 02/08/2022"
2184,5000,2,"16/02/2023 | 12/08/2022"
2584,5000,2,"27/07/2021 | 03/10/2022"
8074,5000,2,"13/09/2022 | 17/04/2023"
6333,5000,2,"07/12/2022 | 29/05/2023"
9315,5000,2,"19/11/2023 | 12/08/2024"
3165,5000,2,"20/05/2024 | 28/04/2021"
6482,5000,2,"13/04/2022 | 14/08/2022"
3108,5000,2,"19/05/2024 | 14/10/2024"
6996,5000,2,"09/04/2021 | 21/12/2023"
0396,5000,2,"12/02/2025 | 31/05/2025"
1371,5000,2,"30/06/2023 | 04/01/2025"
6582,5000,2,"26/09/2023 | 22/01/2024"
2407,5000,2,"14/01/2024 | 24/07/2025"
1454,5000,2,"29/12/2023 | 24/12/2024"
0789,5000,2,"04/08/2022 | 18/11/2023"
8766,5000,2,"31/07/2025 | 10/09/2021"
5587,5000,2,"18/01/2021 | 01/12/2021"
5170,5000,2,"13/02/2023 | 26/04/2024"
8868,5000,2,"04/04/2023 | 10/01/2025"
2320,5000,2,"11/04/2022 | 30/08/2022"
6363,5000,2,"17/07/2023 | 23/03/2024"
5547,5000,2,"25/07/2022 | 16/02/2023"
7766,5000,2,"23/01/2021 | 29/08/2022"
5530,5000,2,"04/08/2023 | 21/09/2023"
0954,5000,2,"06/07/2024 | 12/03/2025"
5983,5000,2,"19/06/2024 | 07/04/2021"
6976,5000,2,"29/03/2021 | 26/04/2024"
8484,5000,2,"26/12/2020 | 10/06/2025"
1887,5000,2,"11/06/2023 | 11/10/2021"
5782,5000,2,"07/09/2024 | 19/10/2022"
4515,5000,2,"27/05/2024 | 24/02/2023"
5420,5000,2,"13/08/2024 | 21/01/2025"
1656,5000,2,"24/10/2022 | 05/07/2025"
1172,5000,2,"05/03/2021 | 17/09/2024"
3535,5000,2,"03/08/2020 | 11/03/2021"
3561,5000,2,"14/10/2021 | 10/12/2024"
6892,5000,2,"27/12/2023 | 28/10/2024"
6593,5000,2,"09/03/2021 | 19/07/2023"
1770,5000,2,"06/12/2023 | 27/08/2020"
9426,5000,2,"09/09/2023 | 17/01/2025"
5720,5000,2,"18/12/2021 | 05/05/2022"
0218,5000,2,"24/09/2020 | 10/01/2023"
7165,5000,2,"02/01/2024 | 24/10/2023"
2637,5000,2,"12/12/2023 | 13/11/2024"
1341,5000,2,"04/02/2025 | 09/12/2021"
7468,5000,2,"29/11/2023 | 12/05/2025"
1390,5000,2,"04/02/2022 | 11/09/2021"
2202,5000,2,"30/06/2025 | 04/01/2021"
4294,5000,2,"18/04/2022 | 22/08/2022"
0056,5000,2,"16/08/2021 | 16/05/2023"
7642,5000,2,"22/04/2023 | 01/04/2023"
0142,5000,2,"12/06/2024 | 25/09/2021"
7630,5000,2,"19/01/2022 | 15/10/2023"
4259,5000,2,"01/12/2024 | 04/05/2021"
3623,5000,2,"27/02/2021 | 01/06/2025"
9077,5000,2,"09/04/2021 | 11/10/2024"
6636,5000,2,"16/01/2025 | 03/11/2024"
3389,5000,2,"15/05/2025 | 21/06/2024"
2723,5000,2,"24/12/2021 | 21/01/2022"
6538,5000,2,"20/03/2025 | 02/07/2022"
6524,5000,2,"12/03/2022 | 08/11/2024"
1801,5000,2,"01/09/2023 | 06/07/2022"
0662,5000,2,"27/12/2022 | 10/05/2024"
8884,5000,2,"13/07/2023 | 24/04/2024"
4579,5000,2,"22/05/2025 | 07/12/2021"
0187,5000,2,"28/07/2025 | 18/08/2022"
9392,5000,2,"30/04/2025 | 08/07/2023"
4234,5000,2,"06/07/2025 | 14/03/2023"
1096,5000,2,"02/05/2023 | 15/09/2022"
2740,5000,2,"16/08/2021 | 30/06/2023"
3265,5000,2,"15/01/2021 | 06/05/2023"
5169,5000,2,"18/01/2025 | 24/07/2023"
4599,5000,2,"17/10/2024 | 03/02/2021"
7622,5000,2,"09/03/2022 | 23/09/2022"
9352,5000,2,"08/09/2023 | 11/12/2024"
2615,5000,2,"17/12/2021 | 13/05/2022"
5858,5000,2,"07/11/2023 | 20/10/2023"
3359,5000,2,"26/03/2025 | 04/06/2025"
2583,5000,2,"10/04/2023 | 02/04/2024"
5222,5000,2,"18/03/2023 | 14/03/2025"
1921,5000,2,"18/06/2023 | 30/11/2024"
8675,5000,2,"18/06/2024 | 29/12/2024"
2468,5000,2,"15/04/2023 | 21/06/2024"
2517,5000,2,"29/06/2025 | 12/08/2025"
5638,5000,2,"02/02/2024 | 08/06/2025"
5347,5000,2,"02/03/2023 | 25/02/2024"
5293,5000,2,"19/01/2024 | 08/08/2024"
3834,5000,2,"12/05/2021 | 23/06/2024"
6033,5000,2,"20/04/2022 | 28/03/2023"
9092,5000,2,"05/01/2022 | 12/10/2021"
6217,5000,2,"06/01/2024 | 25/08/2023"
4773,5000,2,"08/05/2024 | 17/11/2024"
7228,5000,2,"18/11/2021 | 17/03/2023"
0921,5000,2,"07/04/2024 | 26/10/2020"
4039,5000,2,"05/02/2022 | 05/03/2023"
1361,5000,2,"26/07/2025 | 11/09/2023"
0057,5000,2,"18/10/2022 | 27/03/2021"
5051,5000,2,"19/03/2022 | 24/01/2025"
8538,5000,2,"04/01/2022 | 12/04/2024"
5495,5000,2,"25/03/2022 | 26/09/2020"
8740,5000,2,"19/09/2024 | 13/02/2021"
2266,5000,2,"17/05/2022 | 13/12/2022"
1262,5000,2,"30/04/2024 | 19/03/2025"
4581,5000,2,"20/12/2023 | 08/08/2023"
2498,5000,2,"13/12/2021 | 23/11/2023"
5418,5000,2,"29/05/2023 | 02/07/2024"
8236,5000,2,"21/06/2023 | 17/02/2024"
9785,5000,2,"28/05/2022 | 29/01/2024"
6290,5000,2,"01/02/2025 | 04/06/2023"
0814,5000,2,"08/12/2022 | 10/04/2021"
8914,5000,2,"03/12/2023 | 03/09/2021"
6375,5000,2,"23/04/2023 | 07/04/2024"
3236,5000,2,"05/10/2024 | 27/11/2023"
3489,5000,2,"30/09/2020 | 10/09/2020"
6259,5000,2,"28/12/2021 | 06/09/2022"
8339,5000,2,"29/06/2023 | 05/08/2023"
9703,5000,2,"11/09/2024 | 03/03/2025"
4703,5000,2,"30/11/2021 | 26/05/2024"
9063,5000,2,"28/06/2025 | 24/12/2024"
9848,5000,2,"01/02/2021 | 05/01/2025"
8190,5000,2,"08/10/2023 | 28/10/2020"
0337,5000,2,"04/11/2021 | 08/05/2023"
3646,5000,2,"16/02/2023 | 09/04/2022"
8580,5000,2,"25/11/2022 | 21/06/2024"
1812,5000,2,"24/10/2022 | 03/07/2024"
4177,5000,2,"18/11/2020 | 23/11/2021"
3186,5000,2,"25/10/2023 | 15/05/2024"
0809,5000,2,"28/06/2023 | 18/11/2022"
9584,5000,2,"07/10/2022 | 06/09/2024"
4452,5000,2,"08/11/2023 | 01/04/2024"
9881,5000,2,"31/07/2022 | 12/10/2021"
8515,5000,2,"02/08/2025 | 08/03/2023"
3658,5000,2,"13/12/2024 | 18/01/2023"
1249,5000,2,"13/04/2024 | 20/07/2023"
5982,5000,2,"13/11/2021 | 23/11/2023"
4991,5000,2,"11/11/2021 | 18/11/2022"
3979,5000,2,"13/02/2024 | 20/12/2024"
9866,5000,2,"26/09/2022 | 07/04/2025"
2636,5000,2,"13/01/2022 | 29/12/2023"
0700,5000,2,"03/09/2024 | 05/09/2023"
6238,5000,2,"15/09/2023 | 17/10/2023"
0206,5000,2,"02/02/2021 | 15/04/2025"
8866,5000,2,"27/10/2021 | 20/11/2024"
0049,5000,2,"11/11/2024 | 14/10/2024"
8985,5000,2,"23/12/2021 | 11/08/2022"
9371,5000,2,"02/11/2020 | 12/10/2023"
5090,5000,2,"22/12/2020 | 16/03/2022"
2029,5000,2,"03/04/2024 | 29/04/2024"
4151,5000,2,"02/02/2021 | 11/12/2023"
1068,5000,2,"02/08/2022 | 04/05/2025"
5988,5000,2,"23/02/2024 | 22/09/2021"
2072,5000,2,"31/08/2022 | 08/05/2023"
2840,5000,2,"20/05/2023 | 15/03/2023"
8802,5000,2,"09/05/2023 | 27/10/2024"
0147,5000,2,"13/07/2023 | 26/06/2025"
3874,5000,2,"01/11/2024 | 17/07/2024"
6488,5000,2,"30/07/2025 | 27/05/2022"
4746,5000,2,"01/08/2023 | 18/01/2024"
0114,5000,2,"15/01/2021 | 14/10/2020"
3553,5000,2,"12/04/2024 | 23/10/2024"
9548,5000,2,"10/07/2022 | 19/10/2022"
8186,5000,2,"22/01/2025 | 16/09/2020"
1284,5000,2,"09/08/2023 | 15/03/2023"
6900,5000,2,"09/12/2020 | 18/12/2020"
9789,5000,2,"13/04/2022 | 18/05/2023"
6169,5000,2,"10/04/2021 | 08/05/2023"
7127,5000,2,"17/05/2024 | 16/07/2024"
8903,5000,2,"02/11/2020 | 13/02/2025"
7261,5000,2,"09/08/2024 | 04/05/2022"
2108,5000,2,"01/11/2023 | 03/05/2024"
4481,5000,2,"16/12/2022 | 28/12/2022"
2150,5000,2,"11/12/2020 | 01/07/2022"
8872,5000,2,"27/04/2023 | 12/12/2020"
0253,5000,2,"24/01/2022 | 23/03/2024"
6126,5000,2,"21/11/2024 | 14/09/2023"
3726,5000,2,"23/05/2023 | 10/02/2024"
2988,5000,2,"11/12/2020 | 27/06/2024"
7024,5000,2,"13/09/2023 | 25/08/2021"
1660,5000,2,"05/01/2023 | 20/01/2025"
1936,5000,2,"26/03/2022 | 15/05/2025"
5197,5000,2,"12/12/2022 | 20/12/2022"
2246,5000,2,"05/03/2021 | 12/01/2024"
5624,5000,2,"11/01/2021 | 07/05/2022"
7851,5000,2,"09/01/2023 | 08/10/2024"
7689,5000,2,"25/12/2024 | 30/09/2023"
7672,5000,2,"26/04/2023 | 28/01/2024"
0133,5000,2,"05/11/2022 | 21/10/2020"
8108,5000,2,"02/02/2022 | 09/09/2023"
8801,5000,2,"01/09/2022 | 05/04/2025"
1408,5000,2,"07/02/2024 | 24/04/2023"
4637,5000,2,"18/04/2024 | 03/03/2025"
8915,5000,2,"26/09/2020 | 30/09/2023"
1609,5000,2,"31/10/2022 | 23/07/2023"
7912,5000,2,"16/11/2023 | 28/01/2024"
9892,5000,2,"12/12/2020 | 19/07/2024"
8754,5000,2,"28/10/2021 | 21/12/2022"
3649,5000,2,"08/07/2022 | 18/10/2022"
2539,5000,2,"13/07/2022 | 23/07/2022"
7586,5000,2,"06/06/2023 | 24/06/2022"
6607,5000,2,"25/04/2025 | 30/05/2024"
3185,5000,2,"16/04/2021 | 11/05/2024"
5524,5000,2,"05/11/2023 | 19/09/2024"
8548,5000,2,"24/09/2022 | 24/04/2021"
3244,5000,2,"21/09/2022 | 30/11/2024"
1318,5000,2,"06/09/2024 | 25/02/2025"
0027,5000,2,"02/05/2023 | 25/10/2024"
2290,5000,2,"26/03/2025 | 12/05/2025"
3820,5000,2,"07/03/2025 | 08/05/2023"
1577,5000,2,"28/11/2024 | 17/04/2025"
4524,5000,2,"27/11/2024 | 06/04/2022"
5993,5000,2,"18/04/2023 | 31/01/2024"
1307,5000,2,"15/09/2023 | 19/10/2023"
4094,5000,2,"14/09/2022 | 20/09/2021"
5595,5000,2,"27/03/2023 | 24/11/2023"
3210,5000,2,"08/11/2024 | 11/11/2024"
9829,5000,2,"12/01/2024 | 19/05/2025"
7216,5000,2,"03/04/2023 | 01/09/2021"
9698,5000,2,"09/02/2022 | 15/04/2022"
8452,5000,2,"12/01/2023 | 13/11/2024"
8473,5000,2,"28/07/2022 | 19/05/2023"
5792,5000,2,"07/06/2024 | 19/12/2023"
1455,5000,2,"04/03/2024 | 11/04/2024"
5340,5000,2,"23/01/2024 | 18/06/2025"
9224,5000,2,"29/03/2025 | 08/09/2023"
1377,5000,2,"09/07/2022 | 04/01/2021"
5897,5000,2,"30/08/2023 | 10/05/2025"
0250,5000,2,"28/10/2020 | 26/06/2025"
7239,5000,2,"12/11/2023 | 03/02/2022"
5627,5000,2,"16/12/2022 | 14/03/2023"
9611,5000,2,"26/02/2022 | 04/05/2025"
8243,5000,2,"11/08/2024 | 25/01/2025"
2668,5000,2,"07/01/2025 | 10/08/2022"
1809,5000,2,"03/02/2022 | 05/07/2024"
0042,5000,2,"05/09/2024 | 05/06/2025"
9365,5000,2,"27/12/2021 | 05/09/2022"
9608,5000,2,"12/07/2025 | 12/02/2021"
3774,5000,2,"15/04/2021 | 07/10/2022"
7562,5000,2,"07/02/2022 | 23/07/2021"
5152,5000,2,"08/07/2023 | 30/09/2024"
6356,5000,2,"07/01/2024 | 29/05/2023"
4275,5000,2,"13/01/2021 | 04/10/2023"
8642,5000,2,"12/01/2025 | 13/07/2024"
7467,5000,2,"16/10/2023 | 09/11/2020"
2395,5000,2,"01/03/2024 | 27/06/2024"
5773,5000,2,"07/12/2022 | 01/06/2022"
2298,5000,2,"22/02/2021 | 09/05/2025"
8048,5000,2,"29/06/2022 | 16/08/2025"
8313,5000,2,"03/09/2023 | 12/02/2025"
7585,5000,2,"13/09/2022 | 25/11/2024"
4980,5000,2,"23/08/2022 | 22/06/2024"
5919,5000,2,"03/05/2024 | 04/05/2023"
9448,5000,2,"14/08/2022 | 15/06/2025"
0933,5000,2,"20/02/2023 | 21/06/2025"
9560,5000,2,"09/09/2024 | 13/10/2023"
0153,5000,2,"27/06/2022 | 15/10/2022"
4732,5000,2,"22/02/2024 | 21/03/2024"
2555,5000,2,"27/07/2021 | 26/05/2024"
9749,5000,2,"06/04/2025 | 01/06/2024"
2467,5000,2,"08/07/2025 | 22/09/2024"
2052,5000,2,"26/02/2024 | 01/03/2023"
8437,5000,2,"16/10/2024 | 14/08/2023"
1069,5000,2,"24/11/2022 | 12/05/2024"
4621,5000,2,"19/12/2020 | 17/03/2022"
9613,5000,2,"02/02/2022 | 30/01/2024"
2262,5000,2,"31/12/2024 | 15/01/2022"
3620,5000,2,"13/11/2020 | 01/11/2022"
8818,5000,2,"04/05/2021 | 28/01/2023"
5403,5000,2,"27/08/2020 | 10/04/2023"
7495,5000,2,"19/07/2023 | 10/11/2021"
7107,5000,2,"08/04/2023 | 04/01/2022"
0782,5000,2,"02/12/2022 | 07/04/2022"
5377,5000,2,"22/01/2022 | 25/02/2023"
9806,5000,2,"10/05/2022 | 24/05/2024"
8150,5000,2,"06/08/2023 | 01/01/2021"
9271,5000,2,"05/10/2022 | 02/07/2025"
2283,5000,2,"27/10/2022 | 07/01/2025"
1468,5000,2,"11/08/2020 | 02/06/2022"
4075,5000,2,"06/07/2024 | 01/08/2025"
3141,5000,2,"31/07/2023 | 09/09/2021"
4547,5000,2,"14/05/2025 | 11/05/2021"
3600,5000,2,"14/03/2024 | 15/04/2021"
3557,5000,2,"10/05/2022 | 01/11/2022"
5579,5000,2,"25/11/2023 | 28/02/2025"
2616,5000,2,"19/03/2024 | 02/08/2021"
3931,5000,2,"17/10/2023 | 10/12/2023"
7953,5000,2,"14/08/2024 | 12/08/2024"
9449,5000,2,"25/12/2021 | 30/10/2022"
3308,5000,2,"23/10/2022 | 29/03/2024"
3873,5000,2,"16/05/2025 | 27/08/2024"
6065,5000,2,"21/02/2024 | 11/09/2024"
0183,5000,2,"03/02/2025 | 31/08/2023"
5459,5000,2,"07/05/2024 | 24/11/2024"
3435,5000,2,"18/05/2022 | 08/12/2024"
4463,5000,2,"21/12/2020 | 10/04/2023"
1213,5000,2,"17/05/2024 | 05/04/2021"
9742,5000,2,"06/03/2025 | 09/02/2023"
6978,5000,2,"08/09/2021 | 10/03/2023"
9056,5000,2,"25/02/2022 | 29/04/2024"
3752,5000,2,"22/04/2022 | 01/01/2024"
2886,5000,2,"25/05/2023 | 04/11/2022"
1374,5000,2,"20/11/2024 | 12/08/2024"
5913,5000,2,"20/06/2023 | 29/08/2020"
1723,5000,2,"30/07/2021 | 05/08/2024"
6755,5000,2,"05/07/2025 | 19/07/2025"
2372,5000,2,"20/02/2021 | 11/06/2025"
4458,5000,2,"06/11/2021 | 28/02/2022"
2675,5000,2,"17/03/2023 | 24/06/2024"
0230,5000,2,"16/10/2020 | 10/12/2024"
5548,5000,2,"19/03/2024 | 24/11/2022"
6720,5000,2,"01/07/2023 | 01/06/2022"
6145,5000,2,"22/07/2024 | 04/10/2024"
7327,5000,2,"22/09/2021 | 07/06/2024"
3224,5000,2,"01/10/2021 | 01/02/2024"
8442,5000,2,"03/06/2022 | 02/12/2021"
8064,5000,2,"30/09/2020 | 13/06/2025"
9594,5000,2,"01/02/2025 | 12/07/2025"
6578,5000,2,"25/05/2024 | 17/01/2025"
0553,5000,2,"30/09/2023 | 21/09/2022"
8780,5000,2,"10/08/2022 | 18/01/2023"
2812,5000,2,"12/04/2024 | 08/07/2023"
8349,5000,2,"11/06/2023 | 27/04/2023"
9148,5000,2,"08/12/2022 | 06/08/2025"
1676,5000,2,"14/06/2023 | 22/03/2022"
7643,5000,2,"24/09/2020 | 01/03/2025"
2147,5000,2,"19/11/2022 | 24/02/2022"
1248,5000,2,"18/08/2021 | 26/06/2023"
5192,5000,2,"11/09/2022 | 31/08/2024"
0564,5000,2,"01/03/2025 | 18/01/2025"
0881,5000,2,"17/06/2024 | 29/12/2021"
3615,5000,2,"01/07/2022 | 27/12/2021"
7521,5000,2,"22/01/2025 | 19/12/2020"
0124,5000,2,"23/07/2021 | 11/12/2022"
9523,5000,2,"15/12/2020 | 13/05/2025"
5853,5000,2,"11/01/2023 | 06/10/2021"
1799,5000,2,"17/01/2023 | 24/09/2023"
3321,5000,2,"16/01/2023 | 28/08/2023"
9478,5000,2,"07/08/2022 | 01/03/2023"
5338,5000,2,"16/06/2025 | 25/09/2024"
2921,5000,2,"16/09/2020 | 27/07/2024"
3062,5000,2,"04/06/2024 | 19/04/2025"
3602,5000,2,"25/08/2025 | 09/07/2023"
9237,5000,2,"25/02/2024 | 17/08/2024"
5901,5000,2,"07/02/2025 | 17/09/2021"
0444,5000,2,"20/06/2023 | 16/12/2020"
9269,5000,2,"12/10/2020 | 20/03/2024"
2449,5000,2,"21/01/2025 | 24/07/2024"
5619,5000,2,"03/02/2021 | 25/07/2022"
9070,5000,2,"19/05/2025 | 11/12/2020"
7658,5000,2,"18/09/2020 | 05/02/2023"
8385,5000,2,"10/09/2021 | 24/11/2021"
9130,5000,2,"10/08/2025 | 13/11/2024"
1223,5000,2,"01/12/2020 | 11/03/2022"
0671,5000,2,"17/05/2025 | 15/06/2022"
4970,5000,2,"03/05/2023 | 19/07/2025"
3806,5000,2,"13/06/2022 | 28/07/2024"
6434,5000,2,"10/07/2022 | 25/08/2020"
9169,5000,2,"14/11/2024 | 16/01/2025"
5507,5000,2,"23/09/2024 | 25/03/2021"
1740,5000,2,"28/04/2023 | 28/12/2022"
7970,5000,2,"16/06/2025 | 09/05/2024"
7139,5000,2,"13/02/2023 | 23/11/2021"
5150,5000,2,"19/07/2022 | 25/09/2021"
4198,5000,2,"22/06/2023 | 06/01/2021"
7705,5000,2,"07/12/2021 | 06/06/2024"
7788,5000,2,"20/12/2021 | 16/08/2024"
3307,5000,2,"02/02/2025 | 17/02/2021"
3708,5000,2,"29/03/2023 | 21/09/2024"
6919,5000,2,"07/08/2020 | 20/04/2024"
4344,5000,2,"22/11/2024 | 23/02/2024"
5472,5000,2,"28/03/2025 | 13/04/2025"
9682,5000,2,"11/07/2022 | 08/01/2021"
7649,5000,2,"13/05/2022 | 24/07/2023"
4595,5000,2,"14/01/2023 | 30/08/2021"
3117,5000,2,"26/04/2024 | 15/10/2024"
5509,5000,2,"21/10/2020 | 01/01/2022"
3583,5000,2,"10/02/2022 | 03/09/2021"
8120,5000,2,"25/06/2022 | 15/03/2023"
7158,5000,2,"31/10/2022 | 17/12/2021"
9864,5000,2,"18/07/2025 | 16/06/2025"
9471,5000,2,"06/08/2024 | 17/03/2023"
0587,5000,2,"23/01/2023 | 22/04/2025"
7731,5000,2,"20/01/2024 | 02/07/2025"
1071,5000,2,"27/06/2025 | 12/10/2021"
5006,5000,2,"01/03/2021 | 16/02/2025"
5803,5000,2,"18/08/2021 | 21/08/2025"
0282,5000,2,"30/10/2020 | 10/11/2024"
2961,5000,2,"17/09/2021 | 03/12/2024"
7289,5000,2,"04/09/2021 | 16/02/2024"
0239,5000,2,"21/04/2025 | 26/04/2021"
5733,5000,2,"18/04/2022 | 04/03/2024"
9267,5000,2,"30/03/2025 | 29/01/2025"
5539,5000,2,"12/11/2021 | 19/11/2022"
0727,5000,2,"22/06/2024 | 29/08/2024"
8567,5000,2,"30/09/2021 | 17/09/2021"
4228,5000,2,"06/11/2021 | 11/03/2022"
6672,5000,2,"06/01/2023 | 08/11/2021"
8050,5000,2,"31/05/2025 | 06/06/2022"
8994,5000,2,"09/02/2022 | 04/05/2025"
6869,5000,2,"26/05/2023 | 15/03/2025"
1986,5000,2,"25/10/2021 | 05/05/2023"
2544,5000,2,"07/06/2022 | 11/08/2023"
9245,5000,2,"30/05/2023 | 16/02/2024"
6793,5000,2,"04/10/2021 | 30/07/2025"
0754,5000,2,"02/04/2021 | 04/07/2023"
7211,5000,2,"08/05/2024 | 01/12/2023"
1728,5000,2,"01/03/2022 | 26/02/2024"
7385,5000,2,"21/08/2023 | 31/05/2025"
6139,5000,2,"03/12/2023 | 03/05/2025"
0627,5000,2,"07/12/2022 | 15/12/2022"
3691,5000,2,"02/06/2025 | 03/05/2024"
0940,5000,2,"12/02/2022 | 26/02/2022"
6196,5000,2,"15/12/2021 | 06/09/2024"
8479,5000,2,"14/08/2024 | 09/10/2023"
2404,5000,2,"21/12/2024 | 04/01/2025"
9509,5000,2,"12/10/2020 | 15/07/2022"
9640,5000,2,"16/07/2022 | 13/08/2022"
6469,5000,2,"12/03/2024 | 11/10/2024"
4020,5000,2,"27/01/2023 | 28/03/2022"
7246,5000,2,"28/08/2022 | 11/02/2022"
2605,5000,2,"13/06/2025 | 29/04/2024"
5578,5000,2,"16/08/2022 | 27/07/2023"
5473,5000,2,"06/05/2021 | 04/12/2023"
1326,5000,2,"06/05/2024 | 28/01/2022"
8747,5000,2,"03/01/2022 | 18/05/2023"
1100,5000,2,"20/04/2025 | 09/10/2023"
1036,5000,2,"03/03/2025 | 03/07/2024"
4065,5000,2,"13/12/2021 | 07/08/2022"
7861,5000,2,"13/03/2021 | 22/04/2023"
4212,5000,2,"07/12/2020 | 14/02/2024"
4286,5000,2,"13/08/2020 | 22/08/2024"
2233,5000,2,"29/10/2023 | 02/12/2022"
0014,5000,2,"04/12/2021 | 29/03/2022"
6220,5000,2,"28/07/2022 | 15/05/2024"
3574,5000,2,"07/07/2022 | 05/04/2023"
7482,5000,2,"01/06/2023 | 29/11/2021"
5977,5000,2,"28/01/2025 | 25/05/2023"
8063,5000,2,"23/07/2021 | 23/04/2024"
6055,5000,2,"16/01/2025 | 03/07/2025"
9485,5000,2,"30/08/2022 | 01/04/2025"
3912,5000,2,"03/10/2022 | 15/10/2024"
3916,5000,2,"31/01/2022 | 29/04/2021"
9748,5000,2,"03/12/2023 | 02/06/2023"
6477,5000,2,"14/05/2022 | 14/10/2024"
8540,5000,2,"09/09/2024 | 01/02/2021"
3041,5000,2,"10/04/2021 | 06/06/2025"
6268,5000,2,"28/09/2024 | 06/05/2023"
5569,5000,2,"16/11/2023 | 24/11/2024"
9373,5000,2,"14/10/2020 | 18/06/2025"
3249,5000,2,"13/07/2023 | 11/11/2020"
4300,5000,2,"26/03/2025 | 25/05/2024"
7065,5000,2,"08/01/2024 | 07/08/2022"
4174,5000,2,"04/01/2023 | 28/01/2024"
0271,5000,2,"17/12/2021 | 16/02/2023"
7734,5000,2,"23/06/2023 | 16/08/2023"
1382,5000,2,"06/11/2023 | 05/11/2024"
3676,5000,2,"10/11/2024 | 16/10/2024"
3440,5000,2,"17/07/2024 | 10/06/2024"
3548,5000,2,"05/10/2023 | 04/06/2024"
5705,5000,2,"22/01/2023 | 23/05/2024"
6213,5000,2,"16/07/2025 | 08/01/2025"
5954,5000,2,"27/02/2023 | 03/02/2021"
8770,5000,2,"17/01/2022 | 03/01/2022"
4858,5000,2,"29/04/2022 | 17/03/2025"
6228,5000,2,"21/08/2022 | 06/06/2025"
4251,5000,2,"13/08/2020 | 18/07/2022"
6231,5000,2,"23/04/2022 | 19/12/2022"
8220,5000,2,"07/10/2021 | 04/02/2024"
6509,5000,2,"31/03/2024 | 29/10/2023"
9792,5000,2,"23/01/2021 | 30/11/2024"
1090,5000,2,"05/07/2022 | 18/05/2023"
0005,5000,2,"15/02/2021 | 24/04/2024"
5973,5000,2,"11/02/2025 | 01/02/2022"
2280,5000,2,"16/03/2025 | 06/08/2023"
3635,5000,2,"28/02/2024 | 23/02/2025"
0151,5000,2,"23/03/2025 | 25/01/2023"
8228,5000,2,"10/05/2024 | 03/06/2023"
9694,5000,2,"22/12/2020 | 18/05/2024"
9367,5000,2,"26/10/2021 | 21/05/2025"
5230,5000,2,"10/06/2024 | 02/05/2024"
5542,5000,2,"07/04/2022 | 04/03/2024"
2379,5000,2,"09/05/2022 | 01/07/2023"
7263,5000,2,"22/11/2021 | 30/10/2022"
0418,5000,2,"01/02/2023 | 24/03/2024"
9915,5000,2,"06/06/2024 | 26/03/2023"
0711,5000,2,"26/04/2022 | 16/04/2023"
3512,5000,2,"08/12/2022 | 22/03/2022"
1159,5000,2,"25/09/2022 | 30/03/2025"
4902,5000,2,"05/08/2022 | 03/12/2024"
9828,5000,2,"20/05/2023 | 18/04/2024"
9252,5000,2,"02/04/2023 | 13/03/2024"
8241,5000,2,"28/07/2024 | 09/07/2025"
1357,5000,2,"24/06/2023 | 14/08/2022"
0917,5000,2,"15/06/2022 | 08/09/2023"
7397,5000,2,"14/02/2023 | 01/11/2024"
9401,5000,2,"05/01/2022 | 31/03/2025"
0357,5000,2,"09/05/2024 | 12/05/2024"
7599,5000,2,"05/04/2025 | 02/05/2025"
0495,5000,2,"23/11/2020 | 29/05/2022"
3932,5000,2,"02/01/2021 | 18/07/2023"
0247,5000,2,"21/08/2023 | 16/03/2021"
4924,5000,2,"17/06/2022 | 09/07/2022"
4214,5000,2,"04/03/2023 | 06/10/2022"
0458,5000,2,"09/06/2022 | 25/01/2021"
9353,5000,2,"03/11/2021 | 29/11/2022"
0764,5000,2,"02/09/2021 | 03/11/2021"
3406,5000,2,"05/02/2021 | 08/09/2023"
7828,5000,2,"31/12/2022 | 31/10/2023"
8157,5000,2,"30/07/2022 | 27/07/2023"
6908,5000,2,"15/11/2022 | 22/02/2024"
3006,5000,2,"04/01/2022 | 17/01/2022"
1299,5000,2,"16/12/2023 | 22/08/2022"
6830,5000,2,"07/10/2020 | 18/06/2023"
9826,5000,2,"23/10/2020 | 20/03/2025"
2878,5000,2,"22/02/2021 | 29/10/2024"
3835,5000,2,"29/09/2021 | 22/04/2021"
7443,5000,2,"12/07/2022 | 16/07/2024"
1355,5000,2,"25/01/2021 | 24/06/2024"
7839,5000,2,"02/03/2021 | 15/05/2025"
8764,5000,2,"11/10/2022 | 16/10/2023"
9479,5000,2,"12/12/2023 | 11/01/2023"
2444,5000,2,"18/03/2024 | 17/11/2022"
3403,5000,2,"16/08/2023 | 12/06/2024"
0523,5000,2,"13/07/2025 | 27/11/2024"
0168,5000,2,"18/01/2022 | 22/07/2023"
6486,5000,2,"06/05/2022 | 27/06/2022"
2174,5000,2,"24/07/2022 | 14/12/2024"
4942,5000,2,"27/08/2022 | 01/03/2025"
9387,5000,2,"15/05/2024 | 08/05/2023"
0870,5000,2,"30/06/2024 | 14/09/2023"
9761,5000,2,"18/01/2023 | 27/06/2024"
6319,5000,2,"08/02/2025 | 31/01/2025"
9562,5000,2,"12/04/2022 | 23/06/2023"
9445,5000,2,"19/11/2023 | 11/12/2024"
8975,5000,2,"28/06/2025 | 02/02/2023"
3862,5000,2,"11/04/2024 | 24/03/2025"
4498,5000,2,"05/03/2021 | 19/11/2022"
4627,5000,2,"13/07/2024 | 08/01/2025"
7273,5000,2,"12/02/2022 | 10/06/2025"
9329,5000,2,"28/10/2022 | 10/11/2024"
6544,5000,2,"21/07/2025 | 31/03/2024"
8951,5000,2,"09/04/2022 | 22/09/2020"
4632,5000,2,"01/10/2024 | 06/11/2022"
1293,5000,2,"19/04/2022 | 31/10/2023"
7031,5000,2,"12/08/2022 | 26/06/2023"
1893,5000,2,"12/03/2022 | 04/07/2024"
7355,5000,2,"21/11/2024 | 17/10/2023"
7247,5000,2,"30/08/2024 | 25/10/2024"
5613,5000,2,"11/03/2021 | 04/10/2024"
7752,5000,2,"17/03/2021 | 06/12/2022"
6811,5000,2,"25/03/2025 | 05/07/2022"
6746,5000,2,"27/12/2023 | 15/10/2023"
3011,5000,2,"28/11/2023 | 25/12/2020"
9035,5000,2,"03/05/2023 | 14/01/2023"
4886,5000,2,"21/12/2023 | 29/11/2022"
7186,5000,2,"04/09/2020 | 17/09/2024"
3169,5000,2,"13/04/2023 | 17/01/2023"
6991,5000,2,"28/09/2022 | 22/02/2023"
0018,5000,2,"07/06/2025 | 31/12/2022"
3779,5000,2,"05/07/2025 | 22/08/2025"
1541,5000,2,"02/09/2024 | 15/10/2024"
8420,5000,2,"19/04/2023 | 12/01/2022"
3811,5000,2,"27/10/2023 | 03/04/2025"
5905,5000,2,"04/11/2023 | 12/06/2025"
7309,5000,2,"07/06/2022 | 22/05/2024"
5967,5000,2,"12/08/2022 | 22/05/2023"
9616,5000,2,"06/01/2021 | 31/12/2023"
1698,5000,2,"26/05/2025 | 30/05/2023"
6385,5000,2,"04/06/2024 | 25/11/2020"
1824,5000,2,"04/02/2021 | 18/08/2022"
2523,5000,2,"11/10/2023 | 07/05/2023"
2107,5000,2,"21/10/2023 | 18/08/2022"
4152,5000,2,"15/07/2024 | 03/02/2025"
8995,5000,2,"05/07/2022 | 15/06/2025"
2167,5000,2,"04/05/2025 | 07/10/2024"
4694,5000,2,"09/09/2023 | 02/04/2023"
6936,5000,2,"27/08/2023 | 03/03/2021"
4097,5000,2,"05/08/2020 | 13/11/2021"
9549,5000,2,"18/03/2023 | 13/08/2022"
1965,5000,2,"22/01/2024 | 22/02/2021"
8138,5000,2,"22/01/2021 | 07/08/2025"
0068,5000,2,"15/01/2021 | 17/12/2023"
0491,5000,2,"21/06/2025 | 11/08/2021"
2685,5000,2,"13/06/2023 | 11/06/2024"
4501,5000,2,"14/01/2025 | 13/09/2022"
5771,5000,2,"21/02/2023 | 07/05/2024"
1010,5000,2,"30/01/2024 | 06/05/2025"
6963,5000,2,"24/11/2021 | 17/01/2025"
7877,5000,2,"12/05/2025 | 26/07/2025"
8007,5000,2,"18/06/2022 | 12/10/2020"
8085,5000,2,"18/03/2024 | 07/04/2024"
0769,5000,2,"16/03/2025 | 17/04/2025"
1985,5000,2,"06/11/2021 | 30/08/2023"
8170,5000,2,"07/11/2022 | 02/08/2025"
2502,5000,2,"27/06/2025 | 04/08/2025"
5718,5000,2,"06/11/2020 | 23/05/2025"
6625,5000,2,"08/06/2022 | 22/04/2024"
1713,5000,2,"22/03/2022 | 14/11/2024"
5357,5000,2,"03/07/2022 | 08/06/2022"
1641,5000,2,"27/01/2024 | 10/07/2025"
7293,5000,2,"28/12/2022 | 05/02/2023"
2018,5000,2,"26/07/2022 | 30/04/2024"
8167,5000,2,"17/04/2025 | 18/02/2024"
2237,5000,2,"21/06/2024 | 09/08/2025"
5186,5000,2,"30/05/2023 | 17/04/2024"
4247,5000,2,"20/04/2023 | 26/05/2023"
0139,5000,2,"24/12/2024 | 16/08/2021"
8663,5000,2,"31/10/2022 | 21/01/2023"
2065,5000,2,"16/02/2021 | 23/07/2024"
6175,5000,2,"25/11/2023 | 30/10/2021"
6916,5000,2,"23/07/2022 | 25/12/2024"
8857,5000,2,"27/01/2023 | 16/11/2023"
4966,5000,2,"25/02/2023 | 26/02/2021"
4718,5000,2,"06/06/2022 | 07/06/2022"
0772,5000,2,"07/01/2024 | 17/05/2022"
7590,5000,2,"22/04/2021 | 26/06/2022"
2094,5000,2,"08/12/2021 | 13/01/2023"
7841,5000,2,"26/11/2024 | 01/12/2024"
8897,5000,2,"07/04/2021 | 21/04/2023"
5909,5000,2,"09/04/2025 | 12/01/2021"
5869,5000,2,"25/11/2021 | 04/01/2023"
7166,5000,2,"03/07/2024 | 02/06/2025"
5750,5000,2,"06/05/2022 | 02/08/2021"
9298,5000,2,"23/10/2024 | 02/01/2024"
4532,5000,2,"19/09/2024 | 30/12/2023"
9163,5000,2,"06/06/2023 | 28/11/2023"
4731,5000,2,"10/05/2022 | 12/02/2024"
0946,5000,2,"30/12/2020 | 10/01/2025"
4027,5000,2,"01/12/2022 | 19/06/2024"
9709,5000,2,"25/04/2025 | 30/11/2022"
2638,5000,2,"01/04/2024 | 15/05/2023"
0901,5000,2,"13/09/2021 | 02/12/2023"
7208,5000,2,"11/07/2024 | 14/10/2023"
1259,5000,2,"04/05/2025 | 04/07/2023"
3414,5000,2,"06/01/2025 | 31/05/2024"
0006,5000,2,"30/09/2022 | 21/03/2025"
9921,5000,2,"02/08/2023 | 04/09/2021"
8817,5000,2,"28/04/2023 | 31/07/2022"
6347,5000,2,"05/12/2023 | 02/08/2021"
0312,5000,2,"06/11/2021 | 17/01/2023"
9496,5000,2,"25/12/2022 | 02/06/2025"
8084,5000,2,"16/02/2025 | 13/03/2025"
0544,5000,2,"18/07/2023 | 14/02/2022"
5249,5000,2,"30/12/2022 | 31/03/2023"
1588,5000,2,"24/05/2025 | 10/10/2022"
1937,5000,2,"13/08/2025 | 23/09/2023"
8653,5000,2,"04/09/2020 | 01/04/2025"
9282,5000,2,"25/11/2023 | 21/04/2021"
3540,5000,2,"23/05/2023 | 14/09/2021"
0265,5000,2,"13/08/2022 | 10/05/2021"
7155,5000,2,"28/07/2023 | 12/05/2022"
4103,5000,2,"11/04/2022 | 19/07/2025"
8303,5000,2,"09/02/2024 | 11/06/2024"
0737,5000,2,"19/03/2022 | 30/03/2024"
2703,5000,2,"03/01/2025 | 23/11/2020"
6554,5000,2,"13/05/2024 | 30/05/2025"
8527,5000,2,"12/05/2022 | 11/08/2023"
5253,5000,2,"14/04/2021 | 14/10/2023"
9183,5000,2,"10/12/2022 | 09/11/2020"
7702,5000,2,"20/07/2022 | 31/10/2024"
6829,5000,2,"16/08/2021 | 17/06/2022"
0451,5000,2,"27/07/2024 | 12/06/2023"
9637,5000,2,"09/09/2023 | 19/01/2024"
0624,5000,2,"18/07/2025 | 04/12/2020"
5679,5000,2,"02/09/2024 | 20/12/2021"
8946,5000,2,"03/07/2023 | 18/11/2024"
4947,5000,2,"04/01/2023 | 27/04/2023"
4753,5000,2,"02/12/2020 | 20/11/2021"
0824,5000,2,"30/12/2022 | 14/08/2025"
7402,5000,2,"09/04/2025 | 02/12/2024"
2259,5000,2,"15/11/2023 | 14/02/2024"
1782,5000,2,"28/06/2022 | 21/10/2022"
1474,5000,2,"28/07/2023 | 22/03/2023"
4362,5000,2,"30/06/2022 | 09/04/2025"
6718,5000,2,"07/12/2024 | 25/04/2025"
2983,5000,2,"20/10/2022 | 05/05/2023"
5558,5000,2,"15/02/2022 | 28/01/2025"
1823,5000,2,"15/12/2024 | 20/02/2021"
5592,5000,2,"26/02/2024 | 21/06/2023"
9618,5000,2,"14/12/2023 | 28/06/2024"
6800,5000,2,"28/04/2021 | 16/10/2023"
2499,5000,2,"09/01/2024 | 21/05/2022"
5611,5000,2,"02/03/2023 | 22/12/2024"
9132,5000,2,"07/10/2023 | 09/03/2025"
1422,5000,2,"09/09/2022 | 21/07/2022"
8178,5000,2,"03/11/2021 | 24/07/2023"
3025,5000,2,"09/01/2023 | 13/03/2023"
4885,5000,2,"23/01/2021 | 28/03/2023"
0505,5000,2,"13/11/2022 | 12/06/2024"
5038,5000,2,"19/06/2023 | 10/03/2023"
1690,5000,2,"20/11/2023 | 13/09/2024"
6122,5000,2,"24/02/2025 | 23/06/2024"
1396,5000,2,"07/08/2024 | 24/06/2024"
1437,5000,2,"30/09/2021 | 18/12/2024"
9385,5000,2,"06/04/2023 | 18/01/2024"
5639,5000,2,"02/06/2024 | 30/10/2024"
3805,5000,2,"07/09/2024 | 09/08/2021"
2251,5000,2,"26/05/2024 | 20/01/2022"
1612,5000,2,"23/01/2023 | 30/10/2023"
0041,5000,2,"16/05/2024 | 06/01/2022"
6689,5000,2,"12/01/2024 | 02/06/2024"
9218,5000,2,"16/08/2024 | 12/02/2025"
5200,5000,2,"30/12/2021 | 17/05/2023"
1778,5000,2,"22/01/2025 | 14/07/2025"
9274,5000,2,"30/07/2021 | 20/03/2021"
5419,5000,2,"07/09/2023 | 29/05/2022"
3017,5000,2,"11/09/2022 | 17/05/2022"
8504,5000,2,"30/05/2024 | 18/11/2024"
5451,5000,2,"13/07/2022 | 05/03/2022"
9931,5000,2,"01/04/2021 | 10/01/2022"
8656,5000,2,"20/01/2023 | 11/02/2024"
9719,5000,2,"18/11/2023 | 01/04/2024"
5763,5000,2,"11/10/2022 | 26/07/2022"
1786,5000,2,"03/08/2020 | 28/02/2023"
5565,5000,2,"06/04/2022 | 18/02/2023"
2527,5000,2,"22/04/2022 | 05/07/2023"
3294,5000,2,"14/12/2020 | 02/12/2020"
1073,5000,2,"19/12/2022 | 13/06/2022"
0641,5000,2,"20/11/2024 | 11/09/2022"
5065,5000,2,"26/03/2025 | 23/09/2023"
7167,5000,2,"01/03/2022 | 18/10/2024"
9177,5000,2,"05/06/2023 | 12/07/2025"
4142,5000,2,"26/10/2023 | 01/03/2024"
3666,5000,2,"02/03/2021 | 12/04/2022"
5251,5000,2,"08/08/2022 | 08/11/2021"
6203,5000,2,"02/02/2025 | 13/02/2023"
5292,5000,2,"18/06/2023 | 28/01/2024"
4287,5000,2,"21/12/2024 | 05/01/2023"
8771,5000,2,"07/07/2023 | 23/06/2024"
9321,5000,2,"12/07/2024 | 30/04/2025"
6878,5000,2,"30/07/2023 | 17/08/2023"
8928,5000,2,"18/11/2024 | 05/04/2025"
6748,5000,2,"12/09/2020 | 08/04/2023"
9120,5000,2,"29/12/2024 | 01/11/2023"
9877,5000,2,"07/05/2023 | 09/08/2021"
0610,5000,2,"13/04/2021 | 03/01/2024"
8217,5000,2,"24/10/2024 | 16/05/2025"
2049,5000,2,"17/09/2024 | 23/11/2024"
5294,5000,2,"23/12/2024 | 21/01/2022"
5881,5000,2,"12/06/2024 | 04/08/2025"
8578,5000,2,"22/05/2024 | 23/05/2025"
1033,5000,2,"18/12/2020 | 15/04/2021"
9947,5000,2,"09/03/2025 | 25/04/2023"
6561,5000,2,"05/04/2021 | 09/08/2025"
2020,5000,2,"12/03/2025 | 01/03/2024"
2966,5000,2,"14/12/2021 | 30/11/2023"
6989,5000,2,"17/03/2021 | 23/04/2021"
0118,5000,2,"22/10/2023 | 19/12/2023"
9199,5000,2,"21/08/2020 | 30/01/2023"
9954,5000,2,"17/02/2023 | 11/10/2023"
3911,5000,2,"04/09/2024 | 28/10/2024"
3352,5000,2,"13/08/2024 | 05/04/2023"
3171,5000,2,"14/06/2025 | 12/01/2025"
3357,5000,2,"04/12/2022 | 01/08/2024"
2993,5000,2,"21/08/2022 | 07/10/2024"
4597,5000,2,"18/09/2021 | 11/06/2024"
9073,5000,2,"11/07/2022 | 27/02/2024"
6816,5000,2,"08/04/2022 | 25/12/2024"
5819,5000,2,"27/07/2022 | 19/12/2023"
7751,5000,2,"20/04/2025 | 14/05/2024"
4832,5000,2,"28/12/2021 | 17/12/2023"
1901,5000,2,"01/02/2021 | 22/12/2023"
6779,5000,2,"07/08/2025 | 13/07/2025"
0111,5000,2,"20/01/2025 | 24/11/2022"
8401,5000,2,"12/07/2024 | 10/04/2024"
8158,5000,2,"19/12/2024 | 06/03/2021"
1797,5000,2,"01/06/2022 | 26/12/2023"
8101,5000,2,"19/11/2021 | 22/02/2024"
9202,5000,2,"28/07/2024 | 29/01/2024"
9242,5000,2,"30/08/2023 | 08/04/2021"
3700,5000,2,"13/06/2024 | 13/09/2021"
9266,5000,2,"07/07/2025 | 18/08/2024"
7205,5000,2,"15/11/2024 | 11/04/2025"
5691,5000,2,"06/01/2023 | 06/09/2021"
2491,5000,2,"12/08/2024 | 06/04/2025"
0397,5000,2,"25/03/2021 | 04/09/2022"
2654,5000,2,"11/07/2020 | 16/06/2024"
3994,5000,2,"26/08/2022 | 11/01/2024"
0069,5000,2,"11/03/2021 | 01/01/2025"
3791,5000,2,"30/06/2025 | 01/10/2022"
2747,5000,2,"22/01/2024 | 08/07/2022"
5796,5000,2,"29/07/2024 | 10/04/2021"
2952,5000,2,"25/11/2022 | 02/11/2023"
0497,5000,2,"07/09/2024 | 05/01/2024"
0698,5000,2,"21/04/2025 | 06/05/2023"
0812,5000,2,"20/05/2025 | 03/06/2024"
8989,5000,2,"10/01/2023 | 11/09/2022"
5739,5000,2,"03/11/2024 | 16/09/2023"
8877,5000,2,"30/03/2022 | 16/04/2023"
8477,5000,2,"11/12/2020 | 02/08/2025"
7095,5000,2,"29/09/2023 | 26/09/2024"
1237,5000,2,"05/04/2022 | 05/09/2024"
5744,5000,2,"21/09/2024 | 12/09/2024"
9982,5000,2,"02/01/2021 | 27/05/2025"
5721,5000,2,"17/07/2024 | 13/01/2023"
9734,5000,2,"13/05/2022 | 20/04/2023"
8035,5000,2,"28/11/2024 | 09/04/2025"
6195,5000,2,"12/04/2023 | 29/01/2023"
6101,5000,2,"02/12/2021 | 08/09/2023"
2549,5000,2,"04/01/2024 | 26/02/2024"
7446,5000,2,"03/06/2025 | 29/08/2024"
3182,5000,2,"17/04/2023 | 04/08/2024"
5964,5000,2,"30/01/2024 | 21/05/2025"
9082,5000,2,"25/08/2021 | 17/07/2023"
9386,5000,2,"05/04/2022 | 28/03/2024"
9278,5000,2,"23/10/2020 | 27/11/2021"
0817,5000,2,"03/03/2022 | 23/06/2023"
7776,5000,2,"04/05/2023 | 18/12/2022"
6178,5000,2,"28/12/2022 | 14/05/2023"
8018,5000,2,"15/10/2021 | 24/04/2023"
2300,5000,2,"01/10/2021 | 08/11/2023"
1906,5000,2,"26/07/2025 | 28/12/2023"
9773,5000,2,"14/01/2023 | 07/11/2022"
1661,5000,2,"05/08/2025 | 24/10/2022"
0004,5000,2,"27/08/2020 | 21/10/2023"
9330,5000,2,"07/05/2025 | 02/09/2024"
1047,5000,2,"07/04/2024 | 05/10/2021"
3118,5000,2,"20/03/2024 | 02/11/2023"
6219,5000,2,"07/08/2023 | 18/08/2022"
9246,5000,2,"21/10/2022 | 07/09/2023"
8047,5000,2,"24/09/2022 | 22/09/2020"
5817,5000,2,"22/05/2023 | 18/02/2022"
2879,5000,2,"31/07/2022 | 20/11/2024"
2397,5000,2,"27/08/2023 | 03/09/2022"
6896,5000,2,"26/03/2022 | 11/09/2022"
7083,5000,2,"19/08/2024 | 25/07/2023"
8630,5000,2,"20/01/2024 | 07/04/2024"
8892,5000,2,"22/02/2021 | 16/06/2022"
2342,5000,2,"10/09/2020 | 27/03/2025"
2090,5000,2,"13/05/2024 | 04/12/2022"
1911,5000,2,"01/06/2023 | 03/09/2024"
5849,5000,2,"03/12/2022 | 28/10/2021"
3458,5000,2,"07/05/2025 | 17/07/2025"
3135,5000,2,"18/01/2025 | 06/10/2024"
9149,5000,2,"08/12/2020 | 30/05/2022"
1761,5000,2,"01/06/2024 | 06/04/2022"
1768,5000,2,"18/12/2020 | 11/06/2023"
5984,5000,2,"07/09/2022 | 17/07/2024"
7477,5000,2,"23/12/2024 | 14/07/2023"
0731,5000,2,"09/12/2022 | 23/05/2024"
4281,5000,2,"21/12/2020 | 28/06/2023"
4038,5000,2,"18/01/2025 | 03/10/2024"
9053,5000,2,"10/09/2024 | 18/12/2024"
2779,5000,2,"04/06/2023 | 03/02/2025"
2331,5000,2,"15/10/2023 | 25/04/2025"
4467,5000,2,"03/08/2023 | 09/12/2020"
2737,5000,2,"19/01/2021 | 30/06/2023"
8513,5000,2,"25/01/2021 | 29/07/2025"
8554,5000,2,"14/12/2020 | 08/04/2023"
0865,5000,2,"11/04/2023 | 30/08/2023"
1202,5000,2,"04/08/2023 | 22/01/2025"
9466,5000,2,"05/03/2023 | 24/06/2023"
5358,5000,2,"02/08/2024 | 02/03/2025"
9205,5000,2,"13/12/2021 | 27/06/2024"
8146,5000,2,"23/12/2021 | 19/03/2021"
4158,5000,2,"05/04/2023 | 10/03/2024"
3342,5000,2,"17/04/2023 | 10/03/2021"
4135,5000,2,"06/04/2025 | 07/01/2023"
7428,5000,2,"27/04/2025 | 29/10/2024"
1302,5000,2,"02/01/2023 | 25/07/2024"
7398,5000,2,"01/09/2023 | 22/06/2025"
2158,5000,2,"11/04/2022 | 22/04/2022"
8734,5000,2,"20/12/2023 | 11/11/2020"
7298,5000,2,"30/11/2023 | 05/05/2024"
3689,5000,2,"02/05/2022 | 17/11/2022"
4584,5000,2,"25/01/2024 | 29/10/2021"
5914,5000,2,"06/07/2022 | 30/06/2024"
4108,5000,2,"30/07/2023 | 12/07/2024"
7490,5000,2,"06/11/2024 | 01/09/2021"
8025,5000,2,"13/11/2021 | 11/07/2025"
0650,5000,2,"14/08/2025 | 22/09/2021"
0175,5000,2,"15/01/2024 | 07/04/2025"
5328,5000,2,"22/04/2023 | 19/02/2025"
5577,5000,2,"12/03/2023 | 25/04/2023"
4861,5000,2,"09/10/2021 | 01/07/2023"
2102,5000,2,"13/08/2022 | 23/11/2022"
5078,5000,2,"06/02/2025 | 08/07/2022"
1802,5000,2,"19/04/2025 | 05/03/2025"
3832,5000,2,"04/09/2021 | 20/09/2024"
7910,5000,2,"08/10/2023 | 31/10/2022"
9724,5000,2,"13/04/2024 | 21/10/2022"
2932,5000,2,"29/12/2022 | 03/03/2025"
3962,5000,2,"19/04/2023 | 28/08/2024"
0560,5000,2,"07/05/2022 | 01/10/2022"
1142,5000,2,"19/06/2023 | 24/02/2024"
4709,5000,2,"11/09/2024 | 05/08/2025"
9639,5000,2,"01/10/2022 | 09/05/2022"
8395,5000,2,"15/07/2025 | 18/11/2022"
0441,5000,2,"08/06/2025 | 22/02/2025"
9646,5000,2,"12/03/2025 | 18/07/2025"
6923,5000,2,"12/07/2022 | 04/06/2023"
4939,5000,2,"24/11/2021 | 04/04/2023"
2175,5000,2,"16/04/2023 | 14/11/2022"
5048,5000,2,"13/03/2023 | 15/06/2024"
4383,5000,2,"28/02/2024 | 07/02/2025"
9758,5000,2,"24/06/2023 | 06/08/2024"
4811,5000,2,"26/06/2022 | 05/06/2025"
0885,5000,2,"21/03/2023 | 30/12/2024"
9580,5000,2,"13/08/2024 | 26/04/2025"
2870,5000,2,"16/10/2020 | 19/12/2024"
6060,5000,2,"17/11/2024 | 08/04/2024"
2170,5000,2,"11/07/2023 | 03/06/2022"
0407,5000,2,"13/09/2023 | 15/02/2021"
7906,5000,2,"05/03/2024 | 22/09/2022"
5341,5000,2,"06/12/2021 | 27/01/2025"
0226,5000,2,"13/11/2022 | 13/02/2025"
8364,5000,2,"12/09/2023 | 08/02/2022"
3526,5000,2,"10/04/2025 | 03/08/2025"
3861,5000,2,"23/09/2024 | 28/03/2023"
5712,5000,2,"10/08/2022 | 19/03/2021"
5908,5000,2,"09/05/2022 | 16/09/2021"
4727,5000,2,"27/07/2024 | 08/09/2021"
6473,5000,2,"10/10/2020 | 09/11/2022"
0607,5000,2,"28/05/2024 | 14/01/2022"
1321,5000,2,"17/05/2024 | 03/07/2025"
3056,5000,2,"25/11/2022 | 28/08/2023"
4503,5000,2,"22/10/2022 | 14/11/2022"
1234,5000,2,"08/08/2025 | 31/05/2022"
0908,5000,2,"05/06/2022 | 13/06/2023"
5468,5000,2,"09/01/2025 | 10/06/2024"
8684,5000,2,"03/01/2025 | 05/06/2025"
2714,5000,2,"11/08/2021 | 17/02/2024"
5931,5000,2,"07/05/2023 | 03/02/2023"
3776,5000,2,"28/02/2024 | 18/05/2024"
9345,5000,2,"12/04/2021 | 30/06/2023"
5037,5000,2,"16/10/2024 | 02/11/2023"
3377,5000,2,"25/10/2023 | 07/05/2024"
6842,5000,2,"24/04/2025 | 09/11/2022"
3751,5000,2,"20/05/2025 | 29/09/2023"
6058,5000,2,"31/05/2023 | 23/01/2025"
1699,5000,2,"13/03/2025 | 03/12/2021"
5698,5000,2,"09/07/2025 | 28/01/2024"
5506,5000,2,"10/12/2021 | 21/07/2025"
7755,5000,2,"15/02/2023 | 15/04/2023"
0455,5000,2,"25/11/2020 | 31/03/2022"
2551,5000,2,"05/01/2022 | 24/03/2024"
8553,5000,2,"07/02/2023 | 31/12/2023"
6024,5000,2,"24/04/2025 | 27/10/2023"
1314,5000,2,"20/06/2022 | 27/10/2023"
1545,5000,2,"20/05/2025 | 15/12/2022"
2394,5000,2,"18/10/2022 | 12/12/2022"
1304,5000,2,"23/12/2021 | 02/08/2021"
4154,5000,2,"30/09/2021 | 28/06/2025"
2123,5000,2,"17/11/2021 | 27/06/2022"
7717,5000,2,"13/04/2021 | 15/03/2025"
8192,5000,2,"20/05/2022 | 27/09/2021"
7864,5000,2,"16/01/2021 | 15/05/2023"
9340,5000,2,"22/10/2024 | 07/01/2022"
2752,5000,2,"23/10/2021 | 09/06/2023"
7770,5000,2,"14/11/2024 | 14/03/2022"
9358,5000,2,"21/04/2024 | 06/07/2023"
1897,5000,2,"25/02/2023 | 02/06/2025"
2240,5000,2,"14/04/2021 | 26/11/2024"
3652,5000,2,"12/07/2023 | 27/11/2020"
3455,5000,2,"21/12/2022 | 21/04/2023"
0354,5000,2,"20/04/2023 | 06/08/2025"
4568,5000,2,"07/09/2021 | 01/06/2025"
8006,5000,2,"21/02/2022 | 24/08/2023"
8610,5000,2,"01/07/2024 | 25/12/2023"
3847,5000,2,"21/11/2024 | 11/01/2024"
5098,5000,2,"13/10/2021 | 23/09/2023"
1150,5000,2,"13/12/2023 | 26/05/2024"
3855,5000,2,"21/07/2025 | 31/01/2025"
0091,5000,2,"25/02/2024 | 11/06/2025"
4449,5000,2,"26/10/2024 | 01/11/2022"
6246,5000,2,"30/04/2023 | 11/05/2025"
1207,5000,2,"06/02/2023 | 02/11/2021"
7442,5000,2,"26/05/2022 | 11/03/2023"
5517,5000,2,"11/08/2022 | 29/10/2021"
0066,5000,2,"09/12/2021 | 04/05/2021"
3303,5000,2,"09/08/2021 | 31/10/2023"
1485,5000,2,"24/06/2024 | 03/02/2023"
7962,5000,2,"13/05/2023 | 17/03/2025"
4357,5000,2,"06/11/2020 | 07/05/2024"
4788,5000,2,"04/02/2021 | 24/04/2024"
2297,5000,2,"11/09/2022 | 15/04/2025"
0900,5000,2,"03/03/2021 | 04/12/2023"
9508,5000,2,"25/01/2023 | 09/04/2023"
4525,5000,2,"12/04/2025 | 02/06/2022"
9217,5000,2,"15/06/2022 | 15/03/2021"
3544,5000,2,"10/04/2024 | 24/01/2022"
2359,5000,2,"31/01/2025 | 10/11/2022"
7101,5000,2,"19/11/2021 | 11/06/2025"
1152,5000,2,"09/01/2021 | 03/11/2024"
0556,5000,2,"24/08/2024 | 05/04/2025"
5924,5000,2,"02/02/2025 | 23/10/2022"
8709,5000,2,"01/01/2025 | 14/04/2023"
2963,5000,2,"21/07/2025 | 25/11/2022"
2307,5000,2,"18/09/2021 | 04/04/2025"
4518,5000,2,"14/10/2024 | 12/03/2023"
3475,5000,2,"11/11/2022 | 08/05/2025"
2992,5000,2,"28/08/2022 | 01/08/2025"
8127,5000,2,"26/10/2021 | 24/04/2024"
3189,5000,2,"27/06/2022 | 22/06/2022"
5729,5000,2,"13/08/2021 | 25/11/2021"
6569,5000,2,"08/02/2021 | 21/07/2023"
0555,5000,2,"06/02/2024 | 16/11/2024"
1181,5000,2,"04/03/2023 | 25/01/2025"
9957,5000,2,"23/09/2024 | 19/10/2020"
6826,5000,2,"12/10/2021 | 20/03/2021"
5056,5000,2,"19/08/2022 | 15/04/2021"
5346,5000,2,"15/04/2021 | 31/03/2025"
0656,5000,2,"13/07/2022 | 02/01/2023"
4687,5000,2,"09/09/2023 | 05/03/2022"
8631,5000,2,"30/11/2020 | 24/05/2024"
5245,5000,2,"22/07/2023 | 21/01/2022"
7623,5000,2,"29/04/2021 | 02/06/2022"
2595,5000,2,"19/04/2021 | 14/03/2024"
4609,5000,2,"10/07/2024 | 21/08/2022"
5372,5000,2,"18/09/2020 | 02/05/2025"
2644,5000,2,"25/10/2024 | 06/10/2021"
4389,5000,2,"15/09/2022 | 25/07/2023"
5681,5000,2,"19/04/2025 | 28/10/2022"
8727,5000,2,"12/10/2022 | 14/10/2020"
7553,5000,2,"17/09/2021 | 02/03/2023"
2543,5000,2,"08/01/2022 | 14/03/2025"
2905,5000,2,"19/04/2021 | 18/10/2021"
6965,5000,2,"29/03/2023 | 26/07/2024"
3536,5000,2,"12/11/2022 | 17/05/2024"
5591,5000,2,"04/11/2020 | 13/01/2023"
4480,5000,2,"11/09/2022 | 20/12/2022"
1291,5000,2,"27/05/2025 | 14/08/2023"
8319,5000,2,"18/11/2020 | 19/07/2025"
5155,5000,2,"27/05/2023 | 03/06/2022"
6815,5000,2,"21/11/2022 | 27/07/2025"
4403,5000,2,"13/10/2021 | 30/03/2022"
0803,5000,2,"13/06/2024 | 01/08/2025"
1948,5000,2,"29/08/2020 | 20/04/2023"
9065,5000,2,"24/05/2024 | 18/12/2021"
0098,5000,2,"22/02/2021 | 07/02/2023"
1780,5000,2,"07/04/2021 | 26/09/2023"
8465,5000,2,"11/11/2024 | 02/04/2022"
0997,5000,2,"05/07/2023 | 14/05/2024"
3375,5000,2,"27/01/2025 | 04/03/2025"
0379,5000,2,"21/06/2023 | 23/03/2024"
9760,5000,2,"05/05/2023 | 21/10/2021"
0776,5000,2,"12/05/2022 | 12/12/2023"
8081,5000,2,"04/06/2023 | 03/06/2024"
1621,5000,2,"16/11/2022 | 07/07/2024"
6820,5000,2,"15/10/2022 | 27/06/2025"
8286,5000,2,"28/09/2020 | 12/10/2023"
0863,5000,2,"30/01/2023 | 03/07/2022"
7880,5000,2,"14/11/2024 | 18/08/2023"
0236,5000,2,"04/03/2021 | 22/03/2021"
6151,5000,2,"20/11/2020 | 30/07/2022"
3541,5000,2,"30/06/2024 | 26/04/2021"
4138,5000,2,"30/06/2022 | 28/06/2023"
2787,5000,2,"04/03/2024 | 05/12/2024"
7422,5000,2,"11/09/2021 | 27/10/2024"
9800,5000,2,"06/07/2023 | 27/08/2020"
3051,5000,2,"15/02/2023 | 26/06/2025"
1581,5000,2,"07/04/2025 | 20/08/2025"
3479,5000,2,"29/12/2020 | 21/09/2021"
7169,5000,2,"22/05/2025 | 31/10/2023"
3887,5000,2,"08/08/2023 | 19/03/2021"
9782,5000,2,"02/09/2021 | 01/04/2021"
4432,5000,2,"07/03/2022 | 12/11/2023"
2346,5000,2,"24/12/2023 | 22/12/2021"
6446,5000,2,"01/08/2023 | 27/07/2022"
0501,5000,2,"18/02/2023 | 29/05/2022"
8262,5000,2,"08/11/2024 | 21/11/2022"
0083,5000,2,"06/05/2024 | 27/07/2024"
5678,5000,2,"09/11/2022 | 08/12/2024"
5429,5000,2,"16/12/2021 | 21/08/2024"
3042,5000,2,"28/04/2022 | 30/11/2024"
4387,5000,2,"06/11/2020 | 23/07/2024"
0626,5000,2,"13/01/2021 | 09/02/2023"
9126,5000,2,"06/04/2022 | 03/10/2022"
1106,5000,2,"24/03/2021 | 22/10/2023"
1196,5000,2,"01/08/2020 | 31/03/2023"
3504,5000,2,"28/05/2023 | 13/06/2022"
0569,5000,2,"26/02/2025 | 20/04/2025"
1912,5000,2,"04/08/2024 | 03/07/2025"
3661,5000,2,"05/11/2023 | 31/01/2024"
5434,5000,2,"01/04/2021 | 24/01/2025"
9552,5000,2,"25/01/2022 | 15/11/2024"
2414,5000,2,"30/11/2022 | 12/11/2024"
8231,5000,2,"27/06/2023 | 17/03/2022"
8613,5000,2,"12/04/2025 | 03/05/2022"
8978,5000,2,"25/01/2022 | 15/07/2022"
4968,5000,2,"19/06/2023 | 03/03/2024"
4450,5000,2,"05/10/2020 | 16/10/2023"
0158,5000,2,"07/02/2022 | 19/03/2025"
1595,5000,2,"09/05/2024 | 03/08/2025"
9408,5000,2,"27/08/2021 | 08/06/2024"
8714,5000,2,"19/01/2022 | 09/03/2022"
1168,5000,2,"05/03/2025 | 25/05/2024"
6398,5000,2,"14/10/2023 | 27/02/2023"
9872,5000,2,"18/12/2022 | 16/08/2023"
0949,5000,2,"31/12/2021 | 19/12/2024"
6230,5000,2,"11/08/2023 | 11/06/2024"
3769,5000,2,"04/05/2021 | 02/02/2025"
2227,5000,2,"18/01/2024 | 11/05/2022"
9081,5000,2,"29/07/2024 | 17/10/2024"
2709,5000,2,"14/12/2022 | 24/02/2025"
2316,5000,2,"16/03/2022 | 11/08/2023"
7092,5000,2,"03/02/2024 | 22/06/2024"
4854,5000,2,"14/02/2023 | 26/03/2024"
4985,5000,2,"12/09/2022 | 27/03/2021"
6384,5000,2,"12/10/2020 | 03/08/2023"
2207,5000,2,"27/10/2022 | 22/09/2020"
5928,5000,2,"29/11/2023 | 30/06/2024"
3929,5000,2,"19/06/2024 | 22/08/2025"
1544,5000,2,"02/07/2024 | 12/12/2024"
5276,5000,2,"29/03/2021 | 17/08/2023"
0879,5000,2,"08/03/2024 | 07/12/2023"
1604,5000,2,"07/06/2024 | 29/03/2022"
1961,5000,2,"02/06/2024 | 22/05/2024"
2186,5000,2,"09/12/2021 | 10/09/2020"
6409,5000,2,"18/02/2024 | 19/05/2025"
0790,5000,2,"16/02/2025 | 19/07/2023"
4313,5000,2,"26/07/2024 | 18/12/2024"
1849,5000,2,"04/08/2021 | 20/06/2025"
5760,5000,2,"01/10/2024 | 13/11/2020"
9476,5000,2,"15/03/2025 | 06/05/2025"
2473,5000,2,"08/06/2024 | 30/03/2022"
2231,5000,2,"05/02/2023 | 16/12/2023"
9665,5000,2,"02/08/2021 | 18/04/2024"
8083,5000,2,"29/12/2022 | 26/02/2025"
9322,5000,2,"01/10/2023 | 09/11/2022"
7816,5000,2,"10/04/2021 | 19/01/2025"
1003,5000,2,"04/03/2023 | 25/01/2021"
5731,5000,2,"17/11/2021 | 13/11/2024"
3719,5000,2,"22/01/2024 | 03/10/2024"
0701,5000,2,"31/03/2023 | 25/06/2022"
8901,5000,2,"03/09/2022 | 26/04/2021"
5740,5000,2,"23/08/2023 | 16/10/2024"
6267,5000,2,"11/06/2022 | 21/11/2023"
1187,5000,2,"21/07/2025 | 10/02/2024"
6209,5000,2,"08/10/2024 | 07/08/2024"
4840,5000,2,"13/08/2023 | 09/07/2025"
6451,5000,2,"16/08/2024 | 07/01/2025"
9203,5000,2,"18/03/2021 | 28/07/2024"
9399,5000,2,"11/01/2021 | 14/04/2025"
6845,5000,2,"04/09/2024 | 18/12/2024"
8458,5000,2,"29/02/2024 | 01/06/2023"
3478,5000,2,"01/03/2024 | 19/11/2024"
5922,5000,2,"11/01/2021 | 05/03/2021"
9735,5000,2,"19/05/2022 | 27/07/2024"
4662,5000,2,"16/03/2021 | 29/05/2025"
7976,5000,2,"05/12/2020 | 01/01/2025"
3258,5000,2,"07/03/2023 | 07/11/2024"
6390,5000,2,"11/09/2023 | 03/11/2024"
2007,5000,2,"07/05/2025 | 06/03/2021"
7591,5000,2,"23/10/2021 | 03/04/2025"
1752,5000,2,"06/08/2021 | 08/04/2024"
4249,5000,2,"27/04/2025 | 13/03/2023"
8161,5000,2,"25/05/2023 | 05/08/2022"
1871,5000,2,"02/01/2023 | 25/06/2023"
6809,5000,2,"04/01/2021 | 23/04/2022"
8310,5000,2,"23/12/2020 | 15/11/2023"
9741,5000,2,"02/07/2024 | 12/10/2021"
2628,5000,2,"12/04/2025 | 08/04/2021"
2975,5000,2,"09/10/2022 | 13/08/2023"
5713,5000,2,"15/11/2023 | 26/06/2025"
0090,5000,2,"31/07/2025 | 07/01/2024"
3020,5000,2,"26/05/2024 | 08/11/2023"
8799,5000,2,"30/04/2025 | 26/05/2025"
2565,5000,2,"10/12/2024 | 23/12/2020"
5085,5000,2,"26/03/2024 | 06/12/2021"
1863,5000,2,"10/04/2025 | 15/06/2025"
9395,5000,2,"20/10/2021 | 02/11/2022"
2245,5000,2,"16/09/2024 | 14/01/2025"
2059,5000,2,"27/06/2025 | 26/10/2024"
2804,5000,2,"17/07/2025 | 12/04/2023"
5015,5000,2,"16/04/2023 | 27/04/2024"
8264,5000,2,"04/02/2022 | 17/08/2025"
1793,5000,2,"12/12/2022 | 13/12/2021"
4740,5000,2,"17/04/2021 | 17/11/2023"
5455,5000,2,"04/02/2025 | 17/05/2023"
5818,5000,2,"12/10/2024 | 02/03/2025"
0582,5000,2,"04/10/2021 | 22/02/2023"
2568,5000,2,"29/07/2024 | 31/03/2023"
6424,5000,2,"02/08/2025 | 07/04/2023"
8278,5000,2,"09/03/2022 | 11/08/2020"
3033,5000,2,"15/02/2022 | 09/07/2022"
8368,5000,2,"11/06/2024 | 26/12/2023"
7780,5000,2,"31/12/2022 | 16/04/2025"
6773,5000,2,"12/08/2024 | 29/10/2024"
5478,5000,2,"21/03/2022 | 15/12/2024"
5476,5000,2,"25/11/2022 | 28/10/2023"
5641,5000,2,"06/12/2024 | 12/06/2022"
6407,5000,2,"08/02/2024 | 18/07/2025"
6759,5000,2,"08/02/2024 | 06/01/2022"
6392,5000,2,"10/12/2022 | 04/06/2025"
2077,5000,2,"21/10/2021 | 12/01/2025"
5322,5000,2,"10/10/2022 | 03/08/2024"
3137,5000,2,"31/10/2023 | 23/06/2025"
2121,5000,2,"07/01/2024 | 22/09/2021"
3654,5000,2,"30/08/2023 | 16/10/2024"
2008,5000,2,"24/09/2022 | 02/12/2022"
9138,5000,2,"20/05/2022 | 24/10/2022"
1719,5000,2,"04/01/2025 | 26/06/2025"
4430,5000,2,"15/03/2025 | 23/12/2023"
6687,5000,2,"18/03/2025 | 04/08/2022"
3679,5000,2,"10/02/2022 | 08/03/2022"
2504,5000,2,"06/04/2023 | 21/10/2024"
0413,5000,2,"14/11/2022 | 13/10/2021"
7463,5000,2,"25/08/2025 | 03/08/2022"
3998,5000,2,"24/01/2022 | 09/05/2022"
5815,5000,2,"13/03/2021 | 10/05/2025"
2135,5000,2,"12/05/2023 | 04/12/2023"
2513,5000,2,"13/10/2024 | 06/07/2024"
8509,5000,2,"05/03/2021 | 30/07/2025"
6901,5000,2,"26/12/2020 | 29/06/2025"
4986,5000,2,"08/06/2024 | 15/12/2023"
2873,5000,2,"13/12/2021 | 05/04/2023"
5777,5000,2,"29/04/2021 | 05/05/2024"
0907,5000,2,"03/03/2024 | 27/10/2024"
3140,5000,2,"18/01/2025 | 29/10/2022"
8600,5000,2,"02/02/2022 | 09/08/2024"
5927,5000,2,"12/07/2025 | 13/09/2022"
1366,5000,2,"11/11/2024 | 04/09/2022"
4717,5000,2,"13/01/2025 | 23/10/2024"
6705,5000,2,"28/06/2024 | 11/12/2024"
8441,5000,2,"26/12/2023 | 22/06/2024"
1164,5000,2,"25/10/2023 | 19/05/2024"
6681,5000,2,"31/07/2023 | 17/02/2025"
9631,5000,2,"09/02/2022 | 07/04/2023"
2572,5000,2,"05/01/2023 | 21/07/2024"
4436,5000,2,"24/04/2023 | 09/12/2020"
6262,5000,2,"21/10/2020 | 27/09/2024"
9802,5000,2,"25/01/2022 | 04/02/2023"
8760,5000,2,"02/06/2025 | 26/12/2020"
3079,5000,2,"23/10/2024 | 24/04/2023"
9814,5000,2,"30/09/2024 | 29/02/2024"
3601,5000,2,"27/02/2025 | 01/08/2024"
8919,5000,2,"20/12/2024 | 04/06/2022"
5298,5000,2,"17/08/2020 | 30/03/2025"
8347,5000,2,"30/04/2021 | 18/12/2022"
7146,5000,2,"20/09/2021 | 17/05/2024"
5394,5000,2,"13/06/2022 | 01/01/2023"
3787,5000,2,"20/02/2023 | 25/09/2022"
4612,5000,2,"28/11/2022 | 13/06/2024"
3875,5000,2,"10/11/2021 | 09/07/2022"
4929,5000,2,"16/12/2020 | 14/03/2022"
3368,5000,2,"22/08/2022 | 09/02/2025"
5480,5000,2,"19/11/2023 | 22/10/2021"
1406,5000,2,"13/12/2024 | 17/02/2024"
1035,5000,2,"23/05/2023 | 04/12/2020"
0087,5000,2,"01/08/2023 | 22/09/2021"
3248,5000,2,"06/05/2024 | 19/03/2024"
8773,5000,2,"17/04/2025 | 18/01/2023"
3617,5000,2,"30/09/2021 | 10/03/2025"
4345,5000,2,"19/09/2024 | 15/05/2025"
2500,5000,2,"18/09/2023 | 23/09/2022"
0767,5000,2,"20/12/2023 | 21/05/2024"
9394,5000,2,"04/09/2021 | 02/11/2023"
9860,5000,2,"19/06/2024 | 03/07/2023"
5383,5000,2,"27/10/2021 | 27/09/2024"
2139,5000,2,"05/10/2021 | 02/12/2021"
3824,5000,2,"26/08/2023 | 21/10/2024"
1050,5000,2,"11/05/2022 | 20/11/2024"
4044,5000,2,"04/12/2022 | 26/11/2022"
9439,5000,2,"27/03/2021 | 22/10/2024"
8958,5000,2,"26/06/2025 | 17/06/2022"
2645,5000,2,"16/12/2022 | 20/02/2024"
0984,5000,2,"03/09/2021 | 20/08/2024"
9106,5000,2,"21/08/2020 | 02/09/2022"
3849,5000,2,"21/01/2023 | 27/04/2025"
1170,5000,2,"20/04/2025 | 11/04/2023"
9289,5000,2,"08/06/2024 | 12/07/2025"
7794,5000,2,"19/09/2024 | 04/02/2021"
1730,5000,2,"16/01/2024 | 07/05/2025"
1276,5000,2,"08/07/2024 | 31/07/2023"
2309,5000,2,"31/07/2023 | 03/08/2025"
2349,5000,2,"12/02/2021 | 12/03/2021"
3409,5000,2,"11/08/2021 | 18/11/2023"
2869,5000,2,"12/11/2021 | 08/07/2023"
3637,5000,2,"02/04/2022 | 14/04/2025"
3878,5000,2,"17/11/2022 | 09/11/2022"
3013,5000,2,"06/04/2025 | 05/11/2022"
6532,5000,2,"12/08/2023 | 30/11/2024"
3612,5000,2,"16/03/2024 | 25/05/2022"
6655,5000,2,"12/06/2022 | 24/12/2023"
4737,5000,2,"27/03/2025 | 17/01/2023"
4098,5000,2,"27/10/2021 | 06/02/2024"
7194,5000,2,"02/02/2022 | 21/04/2025"
0373,5000,2,"07/10/2021 | 01/01/2025"
1282,5000,2,"04/08/2023 | 11/06/2023"
4215,5000,2,"01/09/2024 | 05/05/2024"
3505,5000,2,"10/02/2021 | 28/11/2022"
7547,5000,2,"11/05/2025 | 17/06/2025"
8790,5000,2,"24/03/2021 | 03/02/2024"
2772,5000,2,"05/02/2021 | 28/09/2020"
1736,5000,2,"13/03/2024 | 16/05/2022"
0347,5000,2,"05/08/2024 | 29/07/2024"
4590,5000,2,"09/02/2022 | 07/04/2021"
6292,5000,2,"29/08/2020 | 27/04/2021"
3014,5000,2,"09/08/2022 | 12/06/2024"
8514,5000,2,"24/06/2022 | 19/02/2025"
2489,5000,2,"26/05/2022 | 11/10/2021"
1944,5000,2,"14/08/2025 | 14/10/2022"
7203,5000,2,"12/07/2025 | 19/11/2022"
9909,5000,2,"11/02/2023 | 23/06/2024"
8191,5000,2,"29/01/2024 | 12/08/2023"
3502,5000,2,"09/10/2022 | 20/07/2025"
8107,5000,2,"16/10/2021 | 01/07/2022"
1649,5000,2,"29/11/2022 | 29/08/2020"
9911,5000,2,"19/12/2024 | 31/08/2023"
0493,5000,2,"21/02/2025 | 01/08/2023"
0780,5000,2,"21/02/2023 | 14/08/2024"
1498,5000,2,"04/08/2021 | 21/01/2023"
5217,5000,2,"15/06/2023 | 23/03/2022"
0549,5000,2,"26/02/2025 | 09/01/2024"
5256,5000,2,"30/05/2024 | 14/01/2024"
8641,5000,2,"26/02/2025 | 01/12/2022"
5161,5000,2,"14/10/2020 | 26/05/2023"
6731,5000,2,"21/09/2022 | 09/05/2023"
3790,5000,2,"28/07/2023 | 07/02/2024"
4932,5000,2,"17/07/2022 | 18/07/2025"
4041,5000,2,"14/10/2022 | 13/06/2025"
1854,5000,2,"27/06/2022 | 04/08/2023"
9820,5000,2,"13/11/2022 | 31/10/2024"
3506,5000,2,"17/10/2023 | 03/09/2023"
9297,5000,2,"18/02/2022 | 25/04/2023"
5045,5000,2,"07/01/2022 | 07/09/2022"
7433,5000,2,"28/10/2020 | 29/01/2021"
6741,5000,2,"19/05/2024 | 13/10/2021"
7033,5000,2,"28/09/2024 | 14/06/2023"
4849,5000,2,"18/11/2021 | 24/07/2025"
1925,5000,2,"05/06/2023 | 24/10/2024"
3610,5000,2,"24/03/2024 | 29/03/2025"
6087,5000,2,"09/10/2023 | 09/12/2020"
0511,5000,2,"29/08/2022 | 23/11/2022"
1976,5000,2,"06/07/2024 | 01/12/2020"
0296,5000,2,"14/04/2021 | 05/02/2022"
9115,5000,2,"08/11/2021 | 14/07/2023"
5036,5000,2,"09/11/2022 | 22/03/2021"
3128,5000,2,"17/08/2022 | 01/06/2022"
0683,5000,2,"26/05/2025 | 17/02/2023"
8254,5000,2,"17/03/2023 | 02/04/2021"
1352,5000,2,"09/11/2021 | 03/05/2025"
3949,5000,2,"26/06/2022 | 23/03/2025"
0225,5000,2,"22/09/2020 | 06/06/2024"
8566,5000,2,"14/10/2020 | 21/07/2024"
5467,5000,2,"19/08/2020 | 04/09/2022"
4828,5000,2,"26/10/2023 | 19/05/2022"
2369,5000,2,"19/12/2023 | 03/05/2022"
5174,5000,2,"09/05/2024 | 05/02/2023"
3632,5000,2,"19/04/2021 | 13/06/2025"
8962,5000,2,"03/02/2022 | 20/04/2023"
2299,5000,2,"22/12/2023 | 16/07/2024"
7321,5000,2,"27/07/2022 | 26/10/2021"
5450,5000,2,"29/04/2021 | 25/06/2025"
0279,5000,2,"03/11/2021 | 19/03/2024"
6794,5000,2,"02/09/2021 | 21/10/2022"
0161,5000,2,"03/06/2025 | 14/02/2023"
3131,5000,2,"28/12/2020 | 12/11/2022"
7852,5000,2,"26/12/2024 | 17/05/2022"
1731,5000,2,"07/10/2022 | 22/08/2024"
6960,5000,2,"09/04/2024 | 23/06/2024"
8284,5000,2,"06/08/2025 | 08/07/2024"
6986,5000,2,"28/07/2025 | 12/01/2021"
0212,5000,2,"04/02/2023 | 26/04/2022"
4853,5000,2,"02/02/2022 | 08/10/2021"
9759,5000,2,"15/01/2023 | 06/01/2022"
7353,5000,2,"13/04/2021 | 03/10/2023"
1624,5000,2,"26/12/2020 | 11/12/2024"
1857,5000,2,"01/11/2022 | 12/01/2021"
0937,5000,2,"30/08/2021 | 18/10/2024"
8290,5000,2,"16/05/2022 | 12/09/2024"
4624,5000,2,"27/11/2024 | 20/07/2025"
3487,5000,2,"25/08/2021 | 11/03/2023"
5522,5000,2,"18/10/2024 | 22/07/2024"
4835,5000,2,"11/07/2022 | 26/07/2022"
5602,5000,2,"18/02/2021 | 19/04/2021"
6571,5000,2,"07/05/2023 | 19/07/2023"
2189,5000,2,"30/06/2022 | 18/02/2021"
4976,5000,2,"02/08/2021 | 02/03/2022"
0073,5000,2,"05/06/2022 | 12/03/2024"
7052,5000,2,"31/12/2023 | 16/08/2023"
6167,5000,2,"07/01/2025 | 10/06/2023"
6095,5000,2,"26/05/2025 | 14/09/2022"
4663,5000,2,"29/12/2020 | 12/09/2023"
5523,5000,2,"28/10/2023 | 11/06/2024"
6881,5000,2,"19/05/2025 | 03/02/2022"
6056,5000,2,"04/07/2024 | 14/04/2022"
5813,5000,2,"23/12/2020 | 21/11/2024"
9738,5000,2,"16/12/2020 | 29/05/2023"
6142,5000,2,"27/01/2023 | 22/06/2023"
5303,5000,2,"26/09/2023 | 11/03/2025"
6895,5000,2,"21/02/2024 | 12/09/2024"
3651,5000,2,"29/01/2023 | 16/03/2022"
6637,5000,2,"01/11/2021 | 19/09/2024"
0389,5000,2,"17/10/2022 | 14/12/2021"
3245,5000,2,"14/05/2022 | 25/12/2020"
2836,5000,2,"29/04/2022 | 18/04/2024"
9981,5000,2,"23/04/2023 | 22/03/2023"
1130,5000,2,"03/10/2023 | 23/01/2024"
2695,5000,2,"14/08/2023 | 08/12/2023"
4063,5000,2,"07/11/2022 | 10/09/2020"
2386,5000,2,"06/10/2024 | 11/08/2025"
5244,5000,2,"16/03/2023 | 07/07/2025"
3777,5000,2,"12/07/2024 | 04/02/2024"
8249,5000,2,"06/05/2024 | 07/01/2022"
5874,5000,2,"23/08/2022 | 14/02/2022"
0858,5000,2,"07/09/2022 | 16/04/2022"
7373,5000,2,"10/10/2023 | 03/03/2024"
3480,5000,2,"18/04/2022 | 17/02/2024"
8042,5000,2,"08/08/2024 | 11/11/2022"
3983,5000,2,"17/02/2023 | 09/09/2023"
3061,5000,2,"01/01/2024 | 20/01/2022"
2646,5000,2,"24/08/2022 | 19/03/2025"
9376,5000,2,"16/02/2024 | 03/07/2024"
9718,5000,2,"27/11/2020 | 03/01/2024"
4926,5000,2,"11/06/2022 | 10/12/2023"
4764,5000,2,"14/12/2022 | 27/07/2025"
2195,5000,2,"27/12/2024 | 06/03/2025"
5772,5000,2,"17/03/2024 | 07/08/2023"
7557,5000,2,"12/06/2023 | 20/05/2025"
0387,5000,2,"07/05/2021 | 17/12/2024"
2211,5000,2,"16/12/2021 | 20/02/2024"
6768,5000,2,"23/08/2024 | 25/12/2022"
5884,5000,2,"22/05/2023 | 21/02/2022"
0660,5000,2,"23/03/2022 | 17/03/2025"
9751,5000,2,"26/11/2022 | 26/07/2025"
6480,5000,2,"05/09/2022 | 08/02/2023"
0756,5000,2,"25/01/2025 | 23/04/2025"
8848,5000,2,"20/04/2022 | 29/06/2024"
4295,5000,2,"10/08/2023 | 19/01/2024"
