number,total_hits,remaining_to_max,weekday_counts,month_counts
1933,11,1,"{'Wednesday': 4, 'Friday': 3, 'Monday': 1, 'Thursday': 1, 'Saturday': 1, 'Tuesday': 1}","{'August': 3, 'September': 2, 'November': 2, 'March': 2, 'October': 1, 'January': 1}"
9220,11,1,"{'Tuesday': 4, 'Thursday': 2, 'Wednesday': 2, 'Saturday': 2, 'Sunday': 1}","{'March': 5, 'October': 1, 'June': 1, 'February': 1, 'April': 1, 'August': 1, 'September': 1}"
9173,11,1,"{'Monday': 3, 'Friday': 2, 'Saturday': 2, 'Tuesday': 2, 'Wednesday': 1, 'Thursday': 1}","{'January': 3, 'May': 2, 'December': 2, 'February': 1, 'November': 1, 'March': 1, 'August': 1}"
362,10,2,"{'Thursday': 2, 'Saturday': 2, 'Tuesday': 2, 'Sunday': 1, 'Friday': 1, 'Monday': 1, 'Wednesday': 1}","{'October': 2, 'July': 2, 'September': 1, 'August': 1, 'November': 1, 'May': 1, 'February': 1, 'March': 1}"
8496,10,2,"{'Sunday': 3, 'Saturday': 2, 'Thursday': 2, 'Wednesday': 2, 'Friday': 1}","{'October': 2, 'March': 2, 'September': 2, 'December': 1, 'November': 1, 'January': 1, 'April': 1}"
7909,10,2,"{'Thursday': 3, 'Saturday': 3, 'Wednesday': 2, 'Monday': 1, 'Tuesday': 1}","{'September': 4, 'August': 2, 'February': 1, 'March': 1, 'October': 1, 'December': 1}"
6503,10,2,"{'Friday': 2, 'Tuesday': 2, 'Thursday': 2, 'Monday': 1, 'Wednesday': 1, 'Saturday': 1, 'Sunday': 1}","{'July': 2, 'August': 2, 'September': 2, 'April': 2, 'May': 1, 'January': 1}"
6668,10,2,"{'Friday': 3, 'Tuesday': 2, 'Sunday': 2, 'Monday': 1, 'Thursday': 1, 'Wednesday': 1}","{'May': 3, 'August': 3, 'July': 1, 'October': 1, 'December': 1, 'March': 1}"
2357,10,2,"{'Saturday': 3, 'Wednesday': 2, 'Friday': 2, 'Tuesday': 1, 'Monday': 1, 'Thursday': 1}","{'August': 3, 'May': 2, 'March': 1, 'October': 1, 'February': 1, 'January': 1, 'April': 1}"
9098,10,2,"{'Saturday': 4, 'Monday': 2, 'Wednesday': 1, 'Tuesday': 1, 'Thursday': 1, 'Friday': 1}","{'January': 3, 'December': 2, 'March': 2, 'August': 1, 'June': 1, 'July': 1}"
9027,10,2,"{'Monday': 3, 'Sunday': 3, 'Friday': 2, 'Saturday': 1, 'Thursday': 1}","{'November': 3, 'October': 2, 'March': 1, 'September': 1, 'July': 1, 'June': 1, 'January': 1}"
5052,10,2,"{'Monday': 4, 'Thursday': 2, 'Wednesday': 1, 'Sunday': 1, 'Saturday': 1, 'Friday': 1}","{'March': 3, 'February': 1, 'June': 1, 'August': 1, 'October': 1, 'April': 1, 'July': 1, 'September': 1}"
8369,10,2,"{'Monday': 2, 'Friday': 2, 'Saturday': 2, 'Wednesday': 2, 'Thursday': 1, 'Tuesday': 1}","{'March': 2, 'September': 1, 'December': 1, 'November': 1, 'January': 1, 'October': 1, 'July': 1, 'April': 1, 'February': 1}"
2268,9,3,"{'Saturday': 3, 'Friday': 3, 'Wednesday': 1, 'Thursday': 1, 'Sunday': 1}","{'December': 2, 'January': 1, 'April': 1, 'May': 1, 'March': 1, 'September': 1, 'October': 1, 'November': 1}"
2490,9,3,"{'Tuesday': 3, 'Friday': 3, 'Thursday': 1, 'Sunday': 1, 'Monday': 1}","{'June': 2, 'December': 2, 'September': 1, 'April': 1, 'February': 1, 'October': 1, 'January': 1}"
7225,9,3,"{'Saturday': 3, 'Sunday': 2, 'Tuesday': 2, 'Thursday': 1, 'Wednesday': 1}","{'September': 2, 'December': 2, 'October': 1, 'May': 1, 'February': 1, 'March': 1, 'April': 1}"
7296,9,3,"{'Wednesday': 3, 'Thursday': 3, 'Tuesday': 1, 'Monday': 1, 'Friday': 1}","{'March': 3, 'January': 2, 'September': 1, 'August': 1, 'October': 1, 'June': 1}"
6670,9,3,"{'Tuesday': 3, 'Thursday': 2, 'Friday': 1, 'Saturday': 1, 'Monday': 1, 'Sunday': 1}","{'August': 2, 'December': 2, 'September': 2, 'October': 1, 'March': 1, 'May': 1}"
5449,9,3,"{'Tuesday': 2, 'Saturday': 2, 'Wednesday': 1, 'Thursday': 1, 'Sunday': 1, 'Monday': 1, 'Friday': 1}","{'February': 2, 'May': 2, 'November': 1, 'March': 1, 'September': 1, 'December': 1, 'August': 1}"
4829,9,3,"{'Thursday': 3, 'Friday': 2, 'Monday': 2, 'Tuesday': 1, 'Saturday': 1}","{'December': 2, 'November': 1, 'June': 1, 'September': 1, 'February': 1, 'March': 1, 'April': 1, 'October': 1}"
5000,9,3,"{'Thursday': 3, 'Friday': 2, 'Sunday': 2, 'Monday': 2}","{'November': 2, 'July': 2, 'February': 1, 'April': 1, 'May': 1, 'October': 1, 'September': 1}"
2471,9,3,"{'Friday': 3, 'Wednesday': 2, 'Thursday': 1, 'Saturday': 1, 'Tuesday': 1, 'Monday': 1}","{'August': 2, 'April': 2, 'March': 2, 'January': 1, 'May': 1, 'June': 1}"
8008,9,3,"{'Friday': 4, 'Thursday': 2, 'Monday': 1, 'Saturday': 1, 'Tuesday': 1}","{'December': 3, 'March': 2, 'May': 1, 'October': 1, 'April': 1, 'July': 1}"
3070,9,3,"{'Wednesday': 2, 'Monday': 2, 'Sunday': 2, 'Saturday': 1, 'Thursday': 1, 'Tuesday': 1}","{'February': 2, 'November': 2, 'March': 1, 'December': 1, 'April': 1, 'May': 1, 'July': 1}"
2214,9,3,"{'Thursday': 4, 'Wednesday': 2, 'Sunday': 2, 'Tuesday': 1}","{'June': 2, 'February': 2, 'March': 1, 'December': 1, 'October': 1, 'July': 1, 'September': 1}"
4306,9,3,"{'Friday': 3, 'Wednesday': 3, 'Thursday': 1, 'Saturday': 1, 'Sunday': 1}","{'January': 3, 'August': 2, 'December': 2, 'November': 1, 'September': 1}"
6318,9,3,"{'Tuesday': 3, 'Thursday': 2, 'Monday': 2, 'Wednesday': 1, 'Friday': 1}","{'December': 3, 'June': 3, 'September': 2, 'August': 1}"
1023,9,3,"{'Monday': 5, 'Thursday': 2, 'Sunday': 1, 'Wednesday': 1}","{'November': 2, 'July': 2, 'October': 1, 'February': 1, 'May': 1, 'March': 1, 'September': 1}"
5855,9,3,"{'Monday': 3, 'Tuesday': 2, 'Wednesday': 1, 'Saturday': 1, 'Friday': 1, 'Thursday': 1}","{'May': 2, 'June': 2, 'April': 1, 'January': 1, 'July': 1, 'November': 1, 'September': 1}"
2044,9,3,"{'Saturday': 3, 'Tuesday': 2, 'Wednesday': 1, 'Sunday': 1, 'Friday': 1, 'Thursday': 1}","{'February': 2, 'April': 2, 'December': 1, 'June': 1, 'August': 1, 'November': 1, 'July': 1}"
9739,9,3,"{'Wednesday': 2, 'Saturday': 2, 'Monday': 1, 'Friday': 1, 'Thursday': 1, 'Tuesday': 1, 'Sunday': 1}","{'June': 3, 'December': 1, 'November': 1, 'April': 1, 'August': 1, 'October': 1, 'February': 1}"
5534,9,3,"{'Wednesday': 3, 'Tuesday': 2, 'Saturday': 1, 'Friday': 1, 'Sunday': 1, 'Thursday': 1}","{'September': 2, 'June': 2, 'December': 1, 'May': 1, 'August': 1, 'February': 1, 'March': 1}"
7896,9,3,"{'Tuesday': 4, 'Monday': 2, 'Thursday': 2, 'Wednesday': 1}","{'March': 3, 'April': 2, 'February': 1, 'June': 1, 'October': 1, 'December': 1}"
2417,9,3,"{'Monday': 2, 'Wednesday': 2, 'Friday': 1, 'Saturday': 1, 'Thursday': 1, 'Sunday': 1, 'Tuesday': 1}","{'October': 2, 'December': 2, 'February': 1, 'September': 1, 'March': 1, 'August': 1, 'May': 1}"
3172,9,3,"{'Tuesday': 3, 'Wednesday': 2, 'Thursday': 2, 'Monday': 1, 'Sunday': 1}","{'November': 3, 'March': 2, 'October': 1, 'June': 1, 'July': 1, 'August': 1}"
2922,9,3,"{'Thursday': 2, 'Wednesday': 2, 'Saturday': 2, 'Monday': 1, 'Tuesday': 1, 'Sunday': 1}","{'June': 2, 'August': 2, 'September': 1, 'October': 1, 'March': 1, 'December': 1, 'February': 1}"
5748,9,3,"{'Thursday': 4, 'Friday': 2, 'Saturday': 1, 'Monday': 1, 'Wednesday': 1}","{'December': 2, 'August': 1, 'October': 1, 'April': 1, 'July': 1, 'November': 1, 'February': 1, 'May': 1}"
9355,9,3,"{'Wednesday': 2, 'Sunday': 2, 'Monday': 2, 'Saturday': 1, 'Friday': 1, 'Thursday': 1}","{'July': 2, 'September': 2, 'January': 1, 'April': 1, 'October': 1, 'March': 1, 'May': 1}"
8800,9,3,"{'Wednesday': 3, 'Tuesday': 2, 'Saturday': 1, 'Friday': 1, 'Sunday': 1, 'Thursday': 1}","{'April': 3, 'September': 2, 'March': 2, 'June': 1, 'January': 1}"
5861,9,3,"{'Tuesday': 3, 'Thursday': 2, 'Wednesday': 2, 'Monday': 1, 'Saturday': 1}","{'September': 2, 'February': 2, 'December': 1, 'June': 1, 'March': 1, 'November': 1, 'April': 1}"
6939,8,4,"{'Friday': 2, 'Tuesday': 2, 'Thursday': 2, 'Monday': 1, 'Sunday': 1}","{'January': 2, 'July': 2, 'September': 1, 'April': 1, 'November': 1, 'May': 1}"
6379,8,4,"{'Wednesday': 3, 'Sunday': 2, 'Monday': 1, 'Saturday': 1, 'Thursday': 1}","{'February': 3, 'September': 2, 'October': 1, 'March': 1, 'June': 1}"
3173,8,4,"{'Monday': 2, 'Sunday': 2, 'Thursday': 2, 'Friday': 1, 'Tuesday': 1}","{'January': 4, 'November': 1, 'July': 1, 'February': 1, 'June': 1}"
7323,8,4,"{'Friday': 3, 'Thursday': 2, 'Sunday': 2, 'Tuesday': 1}","{'June': 3, 'December': 1, 'July': 1, 'October': 1, 'January': 1, 'May': 1}"
9597,8,4,"{'Saturday': 2, 'Monday': 1, 'Tuesday': 1, 'Friday': 1, 'Thursday': 1, 'Sunday': 1, 'Wednesday': 1}","{'January': 2, 'October': 1, 'August': 1, 'June': 1, 'November': 1, 'February': 1, 'September': 1}"
5095,8,4,"{'Thursday': 3, 'Tuesday': 2, 'Monday': 1, 'Friday': 1, 'Sunday': 1}","{'April': 3, 'September': 2, 'January': 2, 'February': 1}"
3420,8,4,"{'Wednesday': 3, 'Monday': 2, 'Thursday': 2, 'Friday': 1}","{'May': 2, 'September': 2, 'August': 1, 'July': 1, 'November': 1, 'April': 1}"
9029,8,4,"{'Friday': 3, 'Thursday': 1, 'Wednesday': 1, 'Saturday': 1, 'Sunday': 1, 'Monday': 1}","{'February': 3, 'January': 1, 'May': 1, 'October': 1, 'June': 1, 'September': 1}"
5024,8,4,"{'Saturday': 3, 'Wednesday': 2, 'Thursday': 1, 'Sunday': 1, 'Monday': 1}","{'July': 2, 'May': 1, 'January': 1, 'April': 1, 'September': 1, 'November': 1, 'June': 1}"
7262,8,4,"{'Monday': 2, 'Friday': 2, 'Tuesday': 2, 'Thursday': 1, 'Saturday': 1}","{'December': 3, 'August': 1, 'November': 1, 'July': 1, 'May': 1, 'June': 1}"
5630,8,4,"{'Wednesday': 3, 'Tuesday': 2, 'Thursday': 2, 'Friday': 1}","{'August': 3, 'December': 1, 'January': 1, 'February': 1, 'July': 1, 'April': 1}"
6380,8,4,"{'Monday': 2, 'Thursday': 2, 'Sunday': 2, 'Saturday': 1, 'Friday': 1}","{'May': 2, 'August': 2, 'January': 1, 'June': 1, 'April': 1, 'February': 1}"
3313,8,4,"{'Wednesday': 2, 'Friday': 2, 'Saturday': 1, 'Monday': 1, 'Thursday': 1, 'Tuesday': 1}","{'July': 2, 'December': 1, 'January': 1, 'May': 1, 'November': 1, 'October': 1, 'April': 1}"
6950,8,4,"{'Monday': 2, 'Tuesday': 2, 'Thursday': 1, 'Sunday': 1, 'Saturday': 1, 'Friday': 1}","{'May': 2, 'June': 2, 'September': 1, 'November': 1, 'April': 1, 'January': 1}"
9736,8,4,"{'Wednesday': 3, 'Sunday': 2, 'Friday': 1, 'Thursday': 1, 'Tuesday': 1}","{'April': 2, 'September': 1, 'December': 1, 'July': 1, 'February': 1, 'June': 1, 'August': 1}"
9595,8,4,"{'Friday': 3, 'Tuesday': 2, 'Saturday': 1, 'Thursday': 1, 'Sunday': 1}","{'January': 2, 'October': 2, 'November': 2, 'February': 1, 'March': 1}"
8196,8,4,"{'Tuesday': 2, 'Saturday': 2, 'Sunday': 1, 'Wednesday': 1, 'Thursday': 1, 'Monday': 1}","{'September': 2, 'July': 2, 'August': 1, 'January': 1, 'February': 1, 'April': 1}"
8564,8,4,"{'Monday': 2, 'Sunday': 2, 'Thursday': 2, 'Tuesday': 1, 'Friday': 1}","{'September': 2, 'November': 2, 'February': 1, 'October': 1, 'December': 1, 'April': 1}"
2038,8,4,"{'Saturday': 2, 'Friday': 2, 'Sunday': 1, 'Thursday': 1, 'Wednesday': 1, 'Monday': 1}","{'March': 2, 'August': 2, 'October': 1, 'February': 1, 'June': 1, 'September': 1}"
2799,8,4,"{'Wednesday': 2, 'Sunday': 1, 'Monday': 1, 'Friday': 1, 'Tuesday': 1, 'Saturday': 1, 'Thursday': 1}","{'August': 2, 'June': 2, 'December': 1, 'February': 1, 'April': 1, 'May': 1}"
6727,8,4,"{'Monday': 3, 'Saturday': 2, 'Wednesday': 1, 'Sunday': 1, 'Thursday': 1}","{'September': 3, 'February': 2, 'December': 1, 'April': 1, 'November': 1}"
9815,8,4,"{'Thursday': 3, 'Wednesday': 2, 'Saturday': 2, 'Sunday': 1}","{'September': 3, 'December': 1, 'August': 1, 'June': 1, 'July': 1, 'January': 1}"
8505,8,4,"{'Tuesday': 2, 'Friday': 2, 'Wednesday': 1, 'Saturday': 1, 'Thursday': 1, 'Monday': 1}","{'October': 2, 'February': 2, 'January': 1, 'March': 1, 'June': 1, 'September': 1}"
8037,8,4,"{'Thursday': 3, 'Sunday': 2, 'Friday': 1, 'Tuesday': 1, 'Saturday': 1}","{'November': 2, 'April': 1, 'September': 1, 'October': 1, 'January': 1, 'May': 1, 'June': 1}"
4998,8,4,"{'Wednesday': 2, 'Tuesday': 2, 'Friday': 1, 'Sunday': 1, 'Thursday': 1, 'Saturday': 1}","{'November': 2, 'August': 2, 'January': 1, 'December': 1, 'July': 1, 'October': 1}"
2454,8,4,"{'Wednesday': 4, 'Monday': 2, 'Thursday': 2}","{'March': 5, 'January': 2, 'November': 1}"
9089,8,4,"{'Tuesday': 2, 'Sunday': 2, 'Wednesday': 2, 'Friday': 1, 'Thursday': 1}","{'July': 2, 'November': 2, 'October': 1, 'May': 1, 'February': 1, 'April': 1}"
2950,8,4,"{'Saturday': 2, 'Sunday': 2, 'Friday': 1, 'Monday': 1, 'Thursday': 1, 'Wednesday': 1}","{'June': 2, 'April': 1, 'May': 1, 'August': 1, 'March': 1, 'October': 1, 'February': 1}"
420,8,4,"{'Sunday': 3, 'Tuesday': 2, 'Thursday': 1, 'Saturday': 1, 'Friday': 1}","{'March': 2, 'July': 1, 'May': 1, 'November': 1, 'January': 1, 'October': 1, 'June': 1}"
7790,8,4,"{'Friday': 2, 'Saturday': 1, 'Thursday': 1, 'Monday': 1, 'Wednesday': 1, 'Tuesday': 1, 'Sunday': 1}","{'March': 2, 'April': 2, 'October': 1, 'February': 1, 'July': 1, 'August': 1}"
9967,8,4,"{'Wednesday': 3, 'Sunday': 2, 'Friday': 2, 'Thursday': 1}","{'February': 2, 'August': 2, 'June': 1, 'March': 1, 'October': 1, 'May': 1}"
7499,8,4,"{'Thursday': 2, 'Wednesday': 2, 'Saturday': 1, 'Friday': 1, 'Sunday': 1, 'Monday': 1}","{'April': 2, 'March': 2, 'August': 1, 'September': 1, 'October': 1, 'November': 1}"
6232,8,4,"{'Saturday': 2, 'Thursday': 2, 'Tuesday': 1, 'Wednesday': 1, 'Friday': 1, 'Monday': 1}","{'October': 2, 'July': 2, 'February': 1, 'September': 1, 'April': 1, 'August': 1}"
4833,8,4,"{'Thursday': 2, 'Friday': 2, 'Monday': 2, 'Wednesday': 1, 'Sunday': 1}","{'July': 2, 'May': 1, 'August': 1, 'April': 1, 'June': 1, 'September': 1, 'January': 1}"
8182,8,4,"{'Friday': 2, 'Wednesday': 2, 'Thursday': 2, 'Saturday': 1, 'Monday': 1}","{'June': 3, 'October': 1, 'December': 1, 'March': 1, 'April': 1, 'July': 1}"
5198,8,4,"{'Wednesday': 3, 'Thursday': 2, 'Saturday': 1, 'Tuesday': 1, 'Monday': 1}","{'February': 3, 'July': 2, 'August': 1, 'June': 1, 'March': 1}"
851,8,4,"{'Sunday': 3, 'Thursday': 2, 'Monday': 1, 'Wednesday': 1, 'Tuesday': 1}","{'May': 2, 'June': 1, 'March': 1, 'July': 1, 'February': 1, 'September': 1, 'December': 1}"
1438,8,4,"{'Wednesday': 2, 'Thursday': 2, 'Saturday': 2, 'Friday': 1, 'Tuesday': 1}","{'May': 2, 'November': 1, 'February': 1, 'July': 1, 'October': 1, 'December': 1, 'April': 1}"
3877,8,4,"{'Thursday': 2, 'Tuesday': 2, 'Monday': 2, 'Friday': 1, 'Wednesday': 1}","{'June': 3, 'November': 1, 'October': 1, 'March': 1, 'April': 1, 'January': 1}"
6603,8,4,"{'Saturday': 2, 'Wednesday': 2, 'Thursday': 2, 'Tuesday': 1, 'Sunday': 1}","{'June': 2, 'November': 2, 'September': 1, 'February': 1, 'May': 1, 'October': 1}"
9850,8,4,"{'Wednesday': 2, 'Friday': 2, 'Sunday': 1, 'Monday': 1, 'Thursday': 1, 'Tuesday': 1}","{'August': 2, 'June': 2, 'December': 1, 'November': 1, 'February': 1, 'May': 1}"
8874,8,4,"{'Saturday': 3, 'Friday': 2, 'Monday': 1, 'Wednesday': 1, 'Thursday': 1}","{'December': 2, 'January': 2, 'November': 1, 'August': 1, 'October': 1, 'March': 1}"
9533,8,4,"{'Saturday': 2, 'Wednesday': 2, 'Tuesday': 1, 'Thursday': 1, 'Sunday': 1, 'Friday': 1}","{'May': 3, 'February': 1, 'March': 1, 'October': 1, 'January': 1, 'December': 1}"
1954,8,4,"{'Friday': 3, 'Saturday': 2, 'Sunday': 2, 'Thursday': 1}","{'August': 2, 'February': 1, 'December': 1, 'April': 1, 'July': 1, 'March': 1, 'June': 1}"
3306,8,4,"{'Thursday': 2, 'Saturday': 2, 'Monday': 1, 'Friday': 1, 'Wednesday': 1, 'Tuesday': 1}","{'August': 2, 'April': 2, 'March': 1, 'November': 1, 'December': 1, 'January': 1}"
7977,8,4,"{'Monday': 2, 'Thursday': 2, 'Wednesday': 2, 'Friday': 1, 'Tuesday': 1}","{'December': 2, 'March': 1, 'September': 1, 'November': 1, 'July': 1, 'June': 1, 'August': 1}"
227,7,5,"{'Friday': 2, 'Monday': 2, 'Wednesday': 1, 'Thursday': 1, 'Tuesday': 1}","{'December': 3, 'October': 1, 'July': 1, 'May': 1, 'November': 1}"
3464,7,5,"{'Saturday': 2, 'Thursday': 2, 'Friday': 1, 'Sunday': 1, 'Monday': 1}","{'August': 2, 'July': 2, 'February': 1, 'April': 1, 'June': 1}"
6836,7,5,"{'Friday': 2, 'Wednesday': 2, 'Saturday': 1, 'Thursday': 1, 'Monday': 1}","{'July': 3, 'December': 2, 'March': 1, 'August': 1}"
2814,7,5,"{'Saturday': 3, 'Thursday': 2, 'Sunday': 1, 'Tuesday': 1}","{'November': 2, 'December': 2, 'January': 2, 'July': 1}"
2076,7,5,"{'Sunday': 3, 'Friday': 2, 'Thursday': 1, 'Tuesday': 1}","{'November': 2, 'August': 2, 'September': 1, 'April': 1, 'June': 1}"
6353,7,5,"{'Saturday': 2, 'Wednesday': 2, 'Thursday': 1, 'Tuesday': 1, 'Monday': 1}","{'August': 2, 'September': 1, 'November': 1, 'March': 1, 'April': 1, 'July': 1}"
3497,7,5,"{'Tuesday': 3, 'Thursday': 2, 'Saturday': 1, 'Wednesday': 1}","{'August': 1, 'June': 1, 'July': 1, 'November': 1, 'February': 1, 'March': 1, 'April': 1}"
1055,7,5,"{'Wednesday': 2, 'Thursday': 2, 'Monday': 1, 'Friday': 1, 'Sunday': 1}","{'May': 2, 'December': 1, 'August': 1, 'September': 1, 'October': 1, 'June': 1}"
2125,7,5,"{'Wednesday': 3, 'Tuesday': 1, 'Friday': 1, 'Thursday': 1, 'Saturday': 1}","{'December': 2, 'March': 1, 'August': 1, 'June': 1, 'October': 1, 'May': 1}"
72,7,5,"{'Monday': 2, 'Thursday': 2, 'Wednesday': 1, 'Sunday': 1, 'Tuesday': 1}","{'July': 2, 'April': 2, 'September': 1, 'October': 1, 'November': 1}"
3493,7,5,"{'Friday': 2, 'Saturday': 1, 'Monday': 1, 'Thursday': 1, 'Wednesday': 1, 'Sunday': 1}","{'February': 2, 'April': 1, 'July': 1, 'November': 1, 'December': 1, 'January': 1}"
1530,7,5,"{'Thursday': 4, 'Friday': 2, 'Saturday': 1}","{'July': 2, 'August': 2, 'February': 1, 'September': 1, 'June': 1}"
6806,7,5,"{'Tuesday': 2, 'Wednesday': 1, 'Friday': 1, 'Sunday': 1, 'Thursday': 1, 'Monday': 1}","{'February': 1, 'October': 1, 'November': 1, 'July': 1, 'December': 1, 'May': 1, 'June': 1}"
9207,7,5,"{'Tuesday': 2, 'Thursday': 2, 'Monday': 1, 'Wednesday': 1, 'Sunday': 1}","{'April': 2, 'February': 1, 'August': 1, 'January': 1, 'May': 1, 'October': 1}"
371,7,5,"{'Friday': 2, 'Monday': 2, 'Tuesday': 1, 'Thursday': 1, 'Wednesday': 1}","{'February': 3, 'April': 1, 'June': 1, 'July': 1, 'May': 1}"
9919,7,5,"{'Wednesday': 3, 'Tuesday': 2, 'Monday': 1, 'Thursday': 1}","{'February': 2, 'October': 2, 'March': 2, 'June': 1}"
9142,7,5,"{'Saturday': 2, 'Wednesday': 1, 'Tuesday': 1, 'Friday': 1, 'Thursday': 1, 'Sunday': 1}","{'February': 2, 'September': 1, 'April': 1, 'August': 1, 'December': 1, 'July': 1}"
7580,7,5,"{'Wednesday': 4, 'Friday': 1, 'Thursday': 1, 'Saturday': 1}","{'August': 2, 'February': 1, 'June': 1, 'November': 1, 'January': 1, 'March': 1}"
318,7,5,"{'Wednesday': 4, 'Saturday': 1, 'Friday': 1, 'Thursday': 1}","{'February': 2, 'March': 1, 'December': 1, 'June': 1, 'November': 1, 'January': 1}"
4410,7,5,"{'Saturday': 2, 'Monday': 1, 'Friday': 1, 'Thursday': 1, 'Tuesday': 1, 'Sunday': 1}","{'April': 2, 'June': 2, 'February': 1, 'March': 1, 'January': 1}"
4085,7,5,"{'Monday': 3, 'Tuesday': 2, 'Saturday': 1, 'Thursday': 1}","{'February': 2, 'May': 2, 'March': 1, 'July': 1, 'September': 1}"
2387,7,5,"{'Friday': 3, 'Wednesday': 2, 'Monday': 1, 'Thursday': 1}","{'May': 2, 'August': 1, 'March': 1, 'November': 1, 'February': 1, 'January': 1}"
8188,7,5,"{'Sunday': 2, 'Friday': 1, 'Thursday': 1, 'Tuesday': 1, 'Saturday': 1, 'Wednesday': 1}","{'July': 2, 'September': 1, 'October': 1, 'April': 1, 'February': 1, 'May': 1}"
2653,7,5,"{'Friday': 2, 'Tuesday': 2, 'Wednesday': 2, 'Thursday': 1}","{'March': 2, 'May': 1, 'October': 1, 'January': 1, 'July': 1, 'November': 1}"
4385,7,5,"{'Friday': 2, 'Tuesday': 2, 'Thursday': 2, 'Monday': 1}","{'August': 2, 'May': 2, 'April': 2, 'September': 1}"
7945,7,5,"{'Wednesday': 2, 'Monday': 2, 'Friday': 1, 'Tuesday': 1, 'Thursday': 1}","{'November': 2, 'May': 2, 'August': 1, 'January': 1, 'July': 1}"
1393,7,5,"{'Monday': 3, 'Friday': 2, 'Thursday': 1, 'Sunday': 1}","{'March': 1, 'December': 1, 'January': 1, 'November': 1, 'September': 1, 'July': 1, 'August': 1}"
4598,7,5,"{'Tuesday': 3, 'Monday': 1, 'Thursday': 1, 'Friday': 1, 'Wednesday': 1}","{'February': 1, 'January': 1, 'March': 1, 'June': 1, 'July': 1, 'August': 1, 'September': 1}"
4736,7,5,"{'Thursday': 3, 'Sunday': 1, 'Tuesday': 1, 'Saturday': 1, 'Monday': 1}","{'January': 2, 'August': 2, 'July': 1, 'September': 1, 'May': 1}"
1419,7,5,"{'Saturday': 2, 'Tuesday': 2, 'Thursday': 1, 'Friday': 1, 'Wednesday': 1}","{'November': 2, 'October': 2, 'August': 1, 'March': 1, 'February': 1}"
197,7,5,"{'Monday': 2, 'Saturday': 2, 'Wednesday': 2, 'Thursday': 1}","{'April': 2, 'August': 1, 'October': 1, 'November': 1, 'December': 1, 'January': 1}"
1,7,5,"{'Tuesday': 2, 'Thursday': 2, 'Saturday': 1, 'Wednesday': 1, 'Sunday': 1}","{'January': 2, 'December': 2, 'August': 1, 'September': 1, 'June': 1}"
2620,7,5,"{'Wednesday': 2, 'Friday': 2, 'Tuesday': 1, 'Thursday': 1, 'Saturday': 1}","{'February': 2, 'August': 2, 'January': 1, 'September': 1, 'November': 1}"
6857,7,5,"{'Tuesday': 2, 'Sunday': 2, 'Thursday': 1, 'Wednesday': 1, 'Friday': 1}","{'April': 2, 'November': 2, 'June': 1, 'December': 1, 'May': 1}"
2557,7,5,"{'Wednesday': 2, 'Saturday': 1, 'Monday': 1, 'Tuesday': 1, 'Sunday': 1, 'Thursday': 1}","{'March': 1, 'August': 1, 'December': 1, 'May': 1, 'October': 1, 'June': 1, 'September': 1}"
7135,7,5,"{'Saturday': 2, 'Thursday': 1, 'Monday': 1, 'Tuesday': 1, 'Sunday': 1, 'Wednesday': 1}","{'March': 1, 'September': 1, 'April': 1, 'October': 1, 'November': 1, 'January': 1, 'June': 1}"
2612,7,5,"{'Thursday': 2, 'Monday': 2, 'Tuesday': 1, 'Friday': 1, 'Wednesday': 1}","{'May': 2, 'March': 1, 'December': 1, 'February': 1, 'July': 1, 'September': 1}"
7940,7,5,"{'Monday': 2, 'Sunday': 2, 'Thursday': 1, 'Saturday': 1, 'Tuesday': 1}","{'March': 1, 'November': 1, 'September': 1, 'October': 1, 'April': 1, 'June': 1, 'January': 1}"
6166,7,5,"{'Friday': 2, 'Monday': 2, 'Thursday': 2, 'Sunday': 1}","{'October': 2, 'February': 2, 'December': 2, 'April': 1}"
9894,7,5,"{'Saturday': 3, 'Sunday': 2, 'Wednesday': 1, 'Thursday': 1}","{'October': 1, 'April': 1, 'August': 1, 'July': 1, 'January': 1, 'May': 1, 'June': 1}"
6855,7,5,"{'Thursday': 2, 'Wednesday': 2, 'Tuesday': 1, 'Monday': 1, 'Friday': 1}","{'March': 2, 'May': 2, 'August': 1, 'February': 1, 'July': 1}"
8020,7,5,"{'Wednesday': 2, 'Sunday': 2, 'Thursday': 1, 'Friday': 1, 'Tuesday': 1}","{'April': 3, 'July': 2, 'March': 1, 'December': 1}"
8282,7,5,"{'Monday': 3, 'Saturday': 2, 'Wednesday': 1, 'Thursday': 1}","{'March': 1, 'May': 1, 'August': 1, 'February': 1, 'September': 1, 'October': 1, 'June': 1}"
8346,7,5,"{'Friday': 3, 'Saturday': 2, 'Thursday': 1, 'Wednesday': 1}","{'April': 2, 'November': 1, 'February': 1, 'August': 1, 'October': 1, 'July': 1}"
9629,7,5,"{'Thursday': 3, 'Monday': 2, 'Sunday': 1, 'Tuesday': 1}","{'March': 2, 'June': 1, 'September': 1, 'January': 1, 'August': 1, 'July': 1}"
6085,7,5,"{'Friday': 3, 'Thursday': 2, 'Monday': 1, 'Saturday': 1}","{'March': 1, 'April': 1, 'September': 1, 'November': 1, 'December': 1, 'May': 1, 'August': 1}"
2618,7,5,"{'Saturday': 3, 'Tuesday': 2, 'Thursday': 1, 'Wednesday': 1}","{'January': 2, 'June': 2, 'April': 1, 'March': 1, 'August': 1}"
9995,7,5,"{'Thursday': 3, 'Friday': 2, 'Monday': 1, 'Wednesday': 1}","{'November': 2, 'July': 1, 'January': 1, 'May': 1, 'June': 1, 'March': 1}"
8565,7,5,"{'Friday': 2, 'Tuesday': 2, 'Saturday': 1, 'Sunday': 1, 'Thursday': 1}","{'January': 2, 'February': 1, 'June': 1, 'April': 1, 'December': 1, 'July': 1}"
4512,7,5,"{'Sunday': 2, 'Saturday': 1, 'Friday': 1, 'Monday': 1, 'Thursday': 1, 'Tuesday': 1}","{'March': 2, 'April': 2, 'August': 1, 'June': 1, 'July': 1}"
4340,7,5,"{'Wednesday': 3, 'Saturday': 1, 'Thursday': 1, 'Sunday': 1, 'Tuesday': 1}","{'December': 3, 'August': 2, 'November': 1, 'April': 1}"
6240,7,5,"{'Saturday': 3, 'Tuesday': 1, 'Wednesday': 1, 'Thursday': 1, 'Sunday': 1}","{'June': 2, 'July': 1, 'November': 1, 'April': 1, 'December': 1, 'March': 1}"
8568,7,5,"{'Tuesday': 3, 'Thursday': 1, 'Saturday': 1, 'Monday': 1, 'Wednesday': 1}","{'November': 2, 'July': 1, 'September': 1, 'February': 1, 'December': 1, 'August': 1}"
344,7,5,"{'Saturday': 3, 'Friday': 1, 'Sunday': 1, 'Tuesday': 1, 'Thursday': 1}","{'November': 2, 'July': 1, 'October': 1, 'March': 1, 'December': 1, 'June': 1}"
7807,7,5,"{'Saturday': 2, 'Thursday': 2, 'Wednesday': 1, 'Monday': 1, 'Sunday': 1}","{'January': 2, 'June': 2, 'April': 1, 'November': 1, 'March': 1}"
3581,7,5,"{'Wednesday': 2, 'Friday': 2, 'Sunday': 2, 'Thursday': 1}","{'August': 2, 'March': 1, 'December': 1, 'April': 1, 'June': 1, 'November': 1}"
4270,7,5,"{'Wednesday': 3, 'Monday': 2, 'Tuesday': 1, 'Thursday': 1}","{'October': 1, 'April': 1, 'March': 1, 'August': 1, 'January': 1, 'June': 1, 'July': 1}"
3572,7,5,"{'Friday': 2, 'Thursday': 2, 'Wednesday': 1, 'Sunday': 1, 'Monday': 1}","{'November': 2, 'July': 2, 'April': 1, 'December': 1, 'June': 1}"
9647,7,5,"{'Friday': 3, 'Tuesday': 2, 'Thursday': 1, 'Sunday': 1}","{'February': 2, 'September': 2, 'January': 1, 'June': 1, 'August': 1}"
7303,7,5,"{'Thursday': 3, 'Sunday': 2, 'Monday': 1, 'Wednesday': 1}","{'February': 2, 'August': 2, 'March': 1, 'June': 1, 'December': 1}"
7859,7,5,"{'Friday': 2, 'Monday': 1, 'Sunday': 1, 'Saturday': 1, 'Wednesday': 1, 'Thursday': 1}","{'September': 2, 'June': 2, 'April': 1, 'February': 1, 'March': 1}"
7396,7,5,"{'Saturday': 3, 'Friday': 2, 'Monday': 1, 'Thursday': 1}","{'April': 2, 'September': 2, 'January': 1, 'February': 1, 'May': 1}"
5134,7,5,"{'Monday': 2, 'Tuesday': 2, 'Saturday': 1, 'Thursday': 1, 'Wednesday': 1}","{'August': 2, 'April': 1, 'September': 1, 'December': 1, 'October': 1, 'May': 1}"
6641,7,5,"{'Saturday': 2, 'Friday': 1, 'Tuesday': 1, 'Monday': 1, 'Thursday': 1, 'Sunday': 1}","{'February': 3, 'May': 1, 'January': 1, 'March': 1, 'October': 1}"
5444,7,5,"{'Monday': 4, 'Thursday': 1, 'Friday': 1, 'Wednesday': 1}","{'April': 2, 'March': 1, 'June': 1, 'October': 1, 'December': 1, 'January': 1}"
1534,7,5,"{'Wednesday': 2, 'Friday': 1, 'Saturday': 1, 'Tuesday': 1, 'Monday': 1, 'Thursday': 1}","{'November': 2, 'March': 1, 'February': 1, 'December': 1, 'May': 1, 'June': 1}"
9557,7,5,"{'Tuesday': 3, 'Wednesday': 2, 'Thursday': 1, 'Saturday': 1}","{'April': 3, 'October': 1, 'November': 1, 'February': 1, 'September': 1}"
959,7,5,"{'Tuesday': 2, 'Friday': 1, 'Wednesday': 1, 'Thursday': 1, 'Monday': 1, 'Sunday': 1}","{'April': 3, 'May': 2, 'November': 1, 'October': 1}"
533,7,5,"{'Wednesday': 2, 'Saturday': 2, 'Friday': 1, 'Sunday': 1, 'Thursday': 1}","{'November': 2, 'July': 2, 'December': 1, 'February': 1, 'May': 1}"
2269,7,5,"{'Saturday': 3, 'Wednesday': 2, 'Thursday': 1, 'Monday': 1}","{'August': 3, 'September': 3, 'December': 1}"
4798,7,5,"{'Sunday': 2, 'Tuesday': 2, 'Friday': 1, 'Thursday': 1, 'Monday': 1}","{'September': 2, 'August': 1, 'November': 1, 'June': 1, 'December': 1, 'March': 1}"
766,7,5,"{'Wednesday': 4, 'Thursday': 2, 'Tuesday': 1}","{'January': 2, 'August': 1, 'July': 1, 'September': 1, 'November': 1, 'March': 1}"
6576,7,5,"{'Thursday': 3, 'Friday': 2, 'Monday': 1, 'Saturday': 1}","{'October': 3, 'August': 2, 'November': 1, 'May': 1}"
4958,7,5,"{'Thursday': 3, 'Monday': 2, 'Wednesday': 1, 'Tuesday': 1}","{'April': 2, 'October': 1, 'March': 1, 'November': 1, 'July': 1, 'December': 1}"
5493,7,5,"{'Tuesday': 2, 'Saturday': 1, 'Thursday': 1, 'Monday': 1, 'Sunday': 1, 'Friday': 1}","{'May': 4, 'January': 1, 'February': 1, 'August': 1}"
2669,7,5,"{'Thursday': 2, 'Friday': 2, 'Saturday': 1, 'Monday': 1, 'Tuesday': 1}","{'January': 3, 'October': 1, 'November': 1, 'February': 1, 'August': 1}"
8321,7,5,"{'Monday': 2, 'Friday': 1, 'Thursday': 1, 'Saturday': 1, 'Wednesday': 1, 'Sunday': 1}","{'January': 2, 'September': 1, 'June': 1, 'October': 1, 'March': 1, 'December': 1}"
9391,7,5,"{'Tuesday': 2, 'Sunday': 2, 'Wednesday': 1, 'Thursday': 1, 'Friday': 1}","{'June': 2, 'January': 1, 'October': 1, 'April': 1, 'August': 1, 'July': 1}"
5349,7,5,"{'Wednesday': 3, 'Thursday': 2, 'Friday': 1, 'Monday': 1}","{'March': 3, 'October': 1, 'December': 1, 'April': 1, 'September': 1}"
687,7,5,"{'Saturday': 2, 'Tuesday': 1, 'Wednesday': 1, 'Thursday': 1, 'Sunday': 1, 'Monday': 1}","{'March': 2, 'April': 2, 'January': 1, 'July': 1, 'August': 1}"
6877,7,5,"{'Saturday': 2, 'Thursday': 2, 'Friday': 1, 'Tuesday': 1, 'Wednesday': 1}","{'May': 1, 'November': 1, 'January': 1, 'October': 1, 'February': 1, 'March': 1, 'August': 1}"
8079,7,5,"{'Thursday': 2, 'Saturday': 2, 'Friday': 1, 'Wednesday': 1, 'Monday': 1}","{'July': 3, 'May': 2, 'January': 1, 'March': 1}"
6012,7,5,"{'Saturday': 2, 'Monday': 2, 'Sunday': 2, 'Thursday': 1}","{'July': 2, 'November': 2, 'April': 1, 'February': 1, 'October': 1}"
2162,7,5,"{'Saturday': 2, 'Tuesday': 2, 'Monday': 1, 'Thursday': 1, 'Wednesday': 1}","{'April': 2, 'May': 2, 'January': 1, 'August': 1, 'March': 1}"
5240,7,5,"{'Thursday': 2, 'Tuesday': 2, 'Friday': 1, 'Wednesday': 1, 'Monday': 1}","{'August': 2, 'September': 2, 'December': 1, 'May': 1, 'January': 1}"
2142,7,5,"{'Friday': 2, 'Monday': 2, 'Tuesday': 2, 'Thursday': 1}","{'September': 2, 'March': 2, 'February': 1, 'November': 1, 'July': 1}"
8510,7,5,"{'Tuesday': 3, 'Friday': 2, 'Wednesday': 1, 'Thursday': 1}","{'December': 2, 'January': 1, 'June': 1, 'April': 1, 'May': 1, 'July': 1}"
8131,7,5,"{'Sunday': 2, 'Monday': 2, 'Saturday': 1, 'Wednesday': 1, 'Thursday': 1}","{'July': 2, 'January': 1, 'October': 1, 'February': 1, 'June': 1, 'September': 1}"
5238,7,5,"{'Friday': 1, 'Tuesday': 1, 'Saturday': 1, 'Sunday': 1, 'Monday': 1, 'Thursday': 1, 'Wednesday': 1}","{'November': 2, 'July': 1, 'December': 1, 'June': 1, 'October': 1, 'September': 1}"
7655,7,5,"{'Friday': 3, 'Monday': 2, 'Tuesday': 1, 'Thursday': 1}","{'July': 2, 'February': 2, 'August': 1, 'June': 1, 'March': 1}"
5654,7,5,"{'Wednesday': 2, 'Friday': 1, 'Monday': 1, 'Sunday': 1, 'Thursday': 1, 'Saturday': 1}","{'August': 2, 'May': 2, 'December': 2, 'July': 1}"
8036,7,5,"{'Sunday': 2, 'Friday': 1, 'Saturday': 1, 'Thursday': 1, 'Tuesday': 1, 'Wednesday': 1}","{'September': 2, 'November': 1, 'April': 1, 'August': 1, 'February': 1, 'May': 1}"
7857,7,5,"{'Saturday': 3, 'Monday': 2, 'Friday': 1, 'Thursday': 1}","{'November': 2, 'January': 2, 'April': 1, 'June': 1, 'February': 1}"
4276,7,5,"{'Saturday': 2, 'Thursday': 2, 'Tuesday': 1, 'Wednesday': 1, 'Sunday': 1}","{'October': 2, 'June': 2, 'March': 1, 'April': 1, 'July': 1}"
157,7,5,"{'Thursday': 2, 'Saturday': 2, 'Tuesday': 1, 'Friday': 1, 'Wednesday': 1}","{'August': 2, 'September': 1, 'February': 1, 'March': 1, 'April': 1, 'July': 1}"
1915,7,5,"{'Monday': 2, 'Sunday': 2, 'Friday': 1, 'Wednesday': 1, 'Thursday': 1}","{'December': 3, 'September': 1, 'October': 1, 'May': 1, 'March': 1}"
1432,7,5,"{'Friday': 3, 'Thursday': 2, 'Saturday': 1, 'Wednesday': 1}","{'November': 2, 'August': 1, 'March': 1, 'April': 1, 'July': 1, 'January': 1}"
9687,7,5,"{'Thursday': 2, 'Sunday': 2, 'Wednesday': 1, 'Saturday': 1, 'Monday': 1}","{'August': 2, 'June': 2, 'May': 1, 'December': 1, 'April': 1}"
2497,7,5,"{'Tuesday': 2, 'Thursday': 2, 'Monday': 1, 'Wednesday': 1, 'Saturday': 1}","{'January': 2, 'May': 2, 'April': 1, 'September': 1, 'August': 1}"
8221,7,5,"{'Wednesday': 2, 'Thursday': 2, 'Saturday': 1, 'Tuesday': 1, 'Monday': 1}","{'September': 2, 'March': 1, 'January': 1, 'April': 1, 'October': 1, 'May': 1}"
8355,7,5,"{'Thursday': 3, 'Friday': 2, 'Monday': 1, 'Wednesday': 1}","{'January': 2, 'September': 1, 'November': 1, 'February': 1, 'August': 1, 'July': 1}"
8044,7,5,"{'Monday': 2, 'Wednesday': 1, 'Tuesday': 1, 'Sunday': 1, 'Thursday': 1, 'Friday': 1}","{'July': 3, 'September': 1, 'February': 1, 'October': 1, 'August': 1}"
5092,7,5,"{'Tuesday': 3, 'Wednesday': 1, 'Thursday': 1, 'Saturday': 1, 'Sunday': 1}","{'July': 2, 'September': 1, 'June': 1, 'October': 1, 'May': 1, 'August': 1}"
9314,7,5,"{'Friday': 2, 'Tuesday': 2, 'Thursday': 1, 'Monday': 1, 'Wednesday': 1}","{'April': 2, 'March': 2, 'September': 1, 'November': 1, 'October': 1}"
4169,7,5,"{'Saturday': 2, 'Sunday': 2, 'Thursday': 1, 'Friday': 1, 'Wednesday': 1}","{'September': 2, 'June': 1, 'May': 1, 'August': 1, 'October': 1, 'April': 1}"
4066,7,5,"{'Wednesday': 3, 'Sunday': 2, 'Thursday': 1, 'Saturday': 1}","{'September': 2, 'July': 2, 'January': 1, 'November': 1, 'February': 1}"
6534,7,5,"{'Saturday': 3, 'Wednesday': 1, 'Tuesday': 1, 'Sunday': 1, 'Thursday': 1}","{'December': 3, 'April': 2, 'January': 1, 'September': 1}"
456,7,5,"{'Tuesday': 3, 'Thursday': 2, 'Friday': 1, 'Sunday': 1}","{'December': 2, 'June': 2, 'May': 1, 'September': 1, 'February': 1}"
2927,7,5,"{'Thursday': 2, 'Saturday': 2, 'Wednesday': 1, 'Friday': 1, 'Tuesday': 1}","{'September': 2, 'July': 2, 'October': 1, 'March': 1, 'April': 1}"
3871,7,5,"{'Friday': 2, 'Saturday': 2, 'Thursday': 1, 'Wednesday': 1, 'Tuesday': 1}","{'September': 2, 'October': 2, 'December': 1, 'July': 1, 'March': 1}"
2995,7,5,"{'Friday': 3, 'Wednesday': 1, 'Thursday': 1, 'Tuesday': 1, 'Monday': 1}","{'November': 2, 'March': 2, 'May': 1, 'April': 1, 'September': 1}"
188,7,5,"{'Tuesday': 2, 'Thursday': 2, 'Monday': 1, 'Friday': 1, 'Wednesday': 1}","{'July': 2, 'December': 1, 'February': 1, 'November': 1, 'May': 1, 'April': 1}"
9539,7,5,"{'Monday': 2, 'Thursday': 2, 'Friday': 1, 'Saturday': 1, 'Sunday': 1}","{'May': 3, 'November': 2, 'October': 1, 'July': 1}"
7020,7,5,"{'Friday': 3, 'Monday': 2, 'Thursday': 1, 'Saturday': 1}","{'April': 2, 'March': 2, 'December': 1, 'October': 1, 'June': 1}"
2698,7,5,"{'Thursday': 2, 'Monday': 2, 'Wednesday': 1, 'Friday': 1, 'Tuesday': 1}","{'May': 2, 'June': 2, 'December': 1, 'April': 1, 'February': 1}"
8095,7,5,"{'Friday': 1, 'Saturday': 1, 'Tuesday': 1, 'Sunday': 1, 'Thursday': 1, 'Monday': 1, 'Wednesday': 1}","{'May': 2, 'November': 1, 'February': 1, 'March': 1, 'June': 1, 'August': 1}"
7879,7,5,"{'Friday': 2, 'Thursday': 2, 'Sunday': 2, 'Tuesday': 1}","{'October': 2, 'September': 1, 'December': 1, 'March': 1, 'April': 1, 'February': 1}"
6036,7,5,"{'Tuesday': 3, 'Saturday': 2, 'Thursday': 1, 'Wednesday': 1}","{'November': 3, 'September': 2, 'December': 1, 'February': 1}"
3525,7,5,"{'Saturday': 2, 'Monday': 2, 'Tuesday': 1, 'Thursday': 1, 'Friday': 1}","{'September': 2, 'February': 2, 'December': 1, 'June': 1, 'March': 1}"
1667,7,5,"{'Friday': 2, 'Thursday': 1, 'Saturday': 1, 'Wednesday': 1, 'Tuesday': 1, 'Monday': 1}","{'October': 2, 'January': 2, 'February': 2, 'September': 1}"
425,7,5,"{'Friday': 2, 'Wednesday': 2, 'Thursday': 2, 'Monday': 1}","{'November': 2, 'July': 2, 'April': 1, 'June': 1, 'August': 1}"
7565,7,5,"{'Friday': 2, 'Wednesday': 1, 'Tuesday': 1, 'Monday': 1, 'Thursday': 1, 'Saturday': 1}","{'January': 2, 'November': 1, 'August': 1, 'February': 1, 'March': 1, 'December': 1}"
6496,7,5,"{'Tuesday': 2, 'Thursday': 2, 'Saturday': 1, 'Wednesday': 1, 'Friday': 1}","{'November': 1, 'April': 1, 'December': 1, 'September': 1, 'January': 1, 'March': 1, 'July': 1}"
203,7,5,"{'Saturday': 3, 'Friday': 1, 'Sunday': 1, 'Monday': 1, 'Thursday': 1}","{'June': 4, 'October': 1, 'December': 1, 'September': 1}"
7534,7,5,"{'Thursday': 2, 'Tuesday': 2, 'Friday': 2, 'Sunday': 1}","{'September': 2, 'April': 2, 'February': 1, 'January': 1, 'March': 1}"
8883,7,5,"{'Saturday': 3, 'Wednesday': 2, 'Friday': 1, 'Thursday': 1}","{'September': 2, 'February': 2, 'October': 1, 'November': 1, 'January': 1}"
7524,7,5,"{'Sunday': 3, 'Thursday': 1, 'Monday': 1, 'Wednesday': 1, 'Saturday': 1}","{'June': 3, 'December': 2, 'May': 1, 'August': 1}"
4934,7,5,"{'Monday': 3, 'Wednesday': 3, 'Thursday': 1}","{'August': 2, 'September': 1, 'December': 1, 'April': 1, 'November': 1, 'March': 1}"
4492,7,5,"{'Wednesday': 2, 'Monday': 2, 'Saturday': 1, 'Friday': 1, 'Thursday': 1}","{'December': 3, 'April': 1, 'July': 1, 'September': 1, 'January': 1}"
2959,7,5,"{'Wednesday': 2, 'Sunday': 1, 'Thursday': 1, 'Friday': 1, 'Tuesday': 1, 'Saturday': 1}","{'December': 3, 'April': 1, 'February': 1, 'November': 1, 'June': 1}"
6894,7,5,"{'Monday': 3, 'Wednesday': 2, 'Thursday': 1, 'Friday': 1}","{'December': 3, 'February': 1, 'May': 1, 'June': 1, 'August': 1}"
9310,7,5,"{'Thursday': 2, 'Wednesday': 1, 'Tuesday': 1, 'Monday': 1, 'Saturday': 1, 'Friday': 1}","{'April': 2, 'December': 1, 'February': 1, 'March': 1, 'July': 1, 'June': 1}"
4739,7,5,"{'Friday': 2, 'Monday': 1, 'Wednesday': 1, 'Saturday': 1, 'Thursday': 1, 'Sunday': 1}","{'March': 2, 'September': 2, 'December': 1, 'August': 1, 'June': 1}"
5023,7,5,"{'Sunday': 3, 'Wednesday': 1, 'Tuesday': 1, 'Saturday': 1, 'Thursday': 1}","{'December': 2, 'April': 2, 'June': 1, 'July': 1, 'August': 1}"
5241,7,5,"{'Friday': 2, 'Monday': 1, 'Thursday': 1, 'Sunday': 1, 'Saturday': 1, 'Wednesday': 1}","{'October': 2, 'December': 1, 'March': 1, 'May': 1, 'August': 1, 'September': 1}"
5827,7,5,"{'Friday': 2, 'Monday': 2, 'Wednesday': 2, 'Thursday': 1}","{'March': 2, 'November': 1, 'August': 1, 'May': 1, 'December': 1, 'February': 1}"
6951,7,5,"{'Wednesday': 3, 'Saturday': 2, 'Thursday': 1, 'Friday': 1}","{'November': 1, 'December': 1, 'April': 1, 'May': 1, 'August': 1, 'October': 1, 'February': 1}"
5175,7,5,"{'Saturday': 3, 'Tuesday': 2, 'Thursday': 1, 'Wednesday': 1}","{'November': 2, 'October': 1, 'June': 1, 'September': 1, 'February': 1, 'January': 1}"
8519,7,5,"{'Monday': 3, 'Saturday': 2, 'Thursday': 1, 'Wednesday': 1}","{'December': 2, 'June': 2, 'May': 1, 'July': 1, 'September': 1}"
8426,7,5,"{'Monday': 3, 'Friday': 2, 'Tuesday': 1, 'Thursday': 1}","{'March': 2, 'May': 2, 'November': 1, 'June': 1, 'December': 1}"
2898,6,6,"{'Wednesday': 2, 'Thursday': 1, 'Saturday': 1, 'Tuesday': 1, 'Sunday': 1}","{'October': 2, 'April': 1, 'November': 1, 'December': 1, 'July': 1}"
4255,6,6,"{'Friday': 2, 'Sunday': 1, 'Saturday': 1, 'Thursday': 1, 'Tuesday': 1}","{'May': 2, 'January': 1, 'July': 1, 'November': 1, 'September': 1}"
4904,6,6,"{'Saturday': 3, 'Thursday': 1, 'Tuesday': 1, 'Sunday': 1}","{'September': 2, 'July': 1, 'January': 1, 'June': 1, 'August': 1}"
4301,6,6,"{'Monday': 2, 'Wednesday': 2, 'Tuesday': 1, 'Thursday': 1}","{'November': 2, 'March': 2, 'January': 1, 'September': 1}"
7947,6,6,"{'Wednesday': 2, 'Monday': 1, 'Thursday': 1, 'Saturday': 1, 'Friday': 1}","{'November': 1, 'July': 1, 'January': 1, 'June': 1, 'October': 1, 'August': 1}"
4323,6,6,"{'Tuesday': 3, 'Monday': 2, 'Thursday': 1}","{'December': 2, 'October': 2, 'May': 1, 'November': 1}"
5366,6,6,"{'Tuesday': 3, 'Monday': 2, 'Thursday': 1}","{'December': 1, 'February': 1, 'July': 1, 'November': 1, 'April': 1, 'August': 1}"
2795,6,6,"{'Wednesday': 2, 'Monday': 1, 'Tuesday': 1, 'Friday': 1, 'Thursday': 1}","{'February': 2, 'November': 1, 'May': 1, 'March': 1, 'April': 1}"
8065,6,6,"{'Sunday': 2, 'Thursday': 1, 'Monday': 1, 'Wednesday': 1, 'Tuesday': 1}","{'April': 2, 'June': 1, 'September': 1, 'December': 1, 'February': 1}"
2903,6,6,"{'Saturday': 3, 'Wednesday': 2, 'Thursday': 1}","{'July': 2, 'January': 1, 'October': 1, 'April': 1, 'June': 1}"
7404,6,6,"{'Sunday': 3, 'Saturday': 1, 'Tuesday': 1, 'Thursday': 1}","{'June': 2, 'March': 1, 'December': 1, 'April': 1, 'July': 1}"
2120,6,6,"{'Saturday': 2, 'Thursday': 1, 'Wednesday': 1, 'Monday': 1, 'Tuesday': 1}","{'March': 2, 'October': 1, 'September': 1, 'February': 1, 'May': 1}"
9752,6,6,"{'Sunday': 2, 'Tuesday': 1, 'Thursday': 1, 'Friday': 1, 'Saturday': 1}","{'August': 3, 'March': 2, 'April': 1}"
9273,6,6,"{'Saturday': 2, 'Thursday': 2, 'Friday': 1, 'Monday': 1}","{'January': 3, 'July': 2, 'June': 1}"
486,6,6,"{'Thursday': 2, 'Saturday': 2, 'Sunday': 1, 'Tuesday': 1}","{'June': 3, 'February': 1, 'July': 1, 'April': 1}"
1673,6,6,"{'Monday': 3, 'Thursday': 2, 'Tuesday': 1}","{'December': 1, 'September': 1, 'June': 1, 'January': 1, 'July': 1, 'October': 1}"
1221,6,6,"{'Tuesday': 2, 'Monday': 1, 'Wednesday': 1, 'Thursday': 1, 'Sunday': 1}","{'December': 2, 'March': 2, 'May': 2}"
8676,6,6,"{'Friday': 2, 'Wednesday': 1, 'Saturday': 1, 'Tuesday': 1, 'Thursday': 1}","{'September': 2, 'December': 1, 'August': 1, 'October': 1, 'January': 1}"
9517,6,6,"{'Thursday': 3, 'Tuesday': 1, 'Monday': 1, 'Wednesday': 1}","{'October': 2, 'December': 2, 'March': 1, 'January': 1}"
1608,6,6,"{'Thursday': 2, 'Tuesday': 2, 'Friday': 1, 'Saturday': 1}","{'June': 2, 'October': 1, 'November': 1, 'January': 1, 'September': 1}"
3720,6,6,"{'Tuesday': 2, 'Sunday': 2, 'Wednesday': 1, 'Thursday': 1}","{'July': 4, 'October': 1, 'June': 1}"
2293,6,6,"{'Friday': 3, 'Tuesday': 1, 'Monday': 1, 'Thursday': 1}","{'January': 2, 'September': 1, 'May': 1, 'October': 1, 'April': 1}"
6990,6,6,"{'Saturday': 3, 'Tuesday': 2, 'Thursday': 1}","{'October': 1, 'November': 1, 'December': 1, 'January': 1, 'April': 1, 'August': 1}"
8388,6,6,"{'Friday': 2, 'Wednesday': 2, 'Thursday': 1, 'Saturday': 1}","{'October': 1, 'November': 1, 'December': 1, 'March': 1, 'May': 1, 'June': 1}"
9413,6,6,"{'Friday': 2, 'Thursday': 1, 'Saturday': 1, 'Tuesday': 1, 'Monday': 1}","{'October': 2, 'July': 2, 'March': 1, 'November': 1}"
7935,6,6,"{'Monday': 2, 'Tuesday': 1, 'Thursday': 1, 'Saturday': 1, 'Sunday': 1}","{'November': 3, 'October': 1, 'July': 1, 'May': 1}"
6555,6,6,"{'Saturday': 2, 'Wednesday': 2, 'Thursday': 1, 'Tuesday': 1}","{'October': 1, 'June': 1, 'September': 1, 'November': 1, 'May': 1, 'January': 1}"
8953,6,6,"{'Thursday': 3, 'Monday': 1, 'Wednesday': 1, 'Friday': 1}","{'October': 2, 'August': 2, 'March': 1, 'April': 1}"
9839,6,6,"{'Thursday': 2, 'Wednesday': 1, 'Saturday': 1, 'Sunday': 1, 'Monday': 1}","{'July': 2, 'September': 1, 'October': 1, 'February': 1, 'January': 1}"
1460,6,6,"{'Friday': 3, 'Monday': 1, 'Thursday': 1, 'Saturday': 1}","{'March': 3, 'October': 1, 'February': 1, 'August': 1}"
5575,6,6,"{'Tuesday': 2, 'Thursday': 2, 'Wednesday': 1, 'Sunday': 1}","{'March': 2, 'November': 1, 'June': 1, 'October': 1, 'January': 1}"
1879,6,6,"{'Monday': 2, 'Saturday': 2, 'Thursday': 1, 'Sunday': 1}","{'February': 3, 'September': 1, 'January': 1, 'March': 1}"
4141,6,6,"{'Monday': 3, 'Tuesday': 1, 'Sunday': 1, 'Thursday': 1}","{'November': 1, 'June': 1, 'October': 1, 'February': 1, 'December': 1, 'August': 1}"
2789,6,6,"{'Friday': 2, 'Saturday': 2, 'Monday': 1, 'Thursday': 1}","{'December': 1, 'January': 1, 'February': 1, 'June': 1, 'April': 1, 'July': 1}"
2552,6,6,"{'Saturday': 3, 'Thursday': 2, 'Monday': 1}","{'December': 2, 'June': 2, 'July': 1, 'November': 1}"
8856,6,6,"{'Saturday': 2, 'Sunday': 2, 'Thursday': 1, 'Monday': 1}","{'July': 2, 'October': 1, 'September': 1, 'December': 1, 'November': 1}"
438,6,6,"{'Tuesday': 2, 'Saturday': 1, 'Thursday': 1, 'Sunday': 1, 'Wednesday': 1}","{'October': 2, 'July': 2, 'September': 1, 'March': 1}"
9043,6,6,"{'Sunday': 2, 'Friday': 1, 'Tuesday': 1, 'Wednesday': 1, 'Thursday': 1}","{'June': 3, 'October': 2, 'November': 1}"
5206,6,6,"{'Wednesday': 2, 'Saturday': 1, 'Sunday': 1, 'Thursday': 1, 'Tuesday': 1}","{'September': 1, 'August': 1, 'December': 1, 'January': 1, 'March': 1, 'February': 1}"
8012,6,6,"{'Wednesday': 2, 'Monday': 1, 'Thursday': 1, 'Friday': 1, 'Tuesday': 1}","{'May': 2, 'December': 1, 'January': 1, 'March': 1, 'April': 1}"
5474,6,6,"{'Monday': 3, 'Sunday': 2, 'Thursday': 1}","{'July': 2, 'December': 1, 'November': 1, 'May': 1, 'September': 1}"
4541,6,6,"{'Sunday': 2, 'Monday': 1, 'Thursday': 1, 'Wednesday': 1, 'Saturday': 1}","{'May': 2, 'December': 1, 'November': 1, 'June': 1, 'July': 1}"
5895,6,6,"{'Monday': 2, 'Sunday': 2, 'Saturday': 1, 'Thursday': 1}","{'March': 3, 'September': 1, 'November': 1, 'December': 1}"
2421,6,6,"{'Wednesday': 2, 'Thursday': 1, 'Friday': 1, 'Monday': 1, 'Sunday': 1}","{'December': 2, 'August': 2, 'June': 1, 'September': 1}"
7475,6,6,"{'Tuesday': 2, 'Thursday': 2, 'Monday': 1, 'Sunday': 1}","{'September': 1, 'October': 1, 'April': 1, 'May': 1, 'November': 1, 'February': 1}"
8635,6,6,"{'Saturday': 1, 'Monday': 1, 'Tuesday': 1, 'Thursday': 1, 'Wednesday': 1, 'Sunday': 1}","{'September': 1, 'October': 1, 'December': 1, 'May': 1, 'June': 1, 'August': 1}"
2010,6,6,"{'Saturday': 2, 'Thursday': 1, 'Monday': 1, 'Wednesday': 1, 'Friday': 1}","{'September': 1, 'November': 1, 'August': 1, 'October': 1, 'December': 1, 'May': 1}"
1638,6,6,"{'Thursday': 2, 'Saturday': 2, 'Wednesday': 1, 'Sunday': 1}","{'March': 2, 'September': 1, 'July': 1, 'October': 1, 'February': 1}"
5555,6,6,"{'Monday': 2, 'Saturday': 2, 'Wednesday': 1, 'Thursday': 1}","{'December': 2, 'January': 2, 'February': 1, 'October': 1}"
4305,6,6,"{'Friday': 2, 'Saturday': 1, 'Wednesday': 1, 'Sunday': 1, 'Thursday': 1}","{'September': 1, 'May': 1, 'November': 1, 'December': 1, 'October': 1, 'August': 1}"
9031,6,6,"{'Tuesday': 1, 'Wednesday': 1, 'Friday': 1, 'Thursday': 1, 'Sunday': 1, 'Monday': 1}","{'September': 2, 'April': 1, 'March': 1, 'December': 1, 'May': 1}"
2837,6,6,"{'Friday': 3, 'Thursday': 1, 'Monday': 1, 'Tuesday': 1}","{'April': 2, 'September': 1, 'January': 1, 'November': 1, 'August': 1}"
7126,6,6,"{'Monday': 2, 'Sunday': 2, 'Thursday': 1, 'Friday': 1}","{'March': 2, 'September': 1, 'June': 1, 'August': 1, 'December': 1}"
4973,6,6,"{'Saturday': 3, 'Wednesday': 1, 'Friday': 1, 'Thursday': 1}","{'April': 2, 'September': 1, 'July': 1, 'August': 1, 'March': 1}"
2771,6,6,"{'Sunday': 2, 'Friday': 2, 'Thursday': 1, 'Tuesday': 1}","{'May': 2, 'October': 1, 'August': 1, 'September': 1, 'March': 1}"
5350,6,6,"{'Tuesday': 3, 'Friday': 2, 'Thursday': 1}","{'October': 2, 'December': 2, 'April': 1, 'May': 1}"
5363,6,6,"{'Saturday': 2, 'Thursday': 1, 'Sunday': 1, 'Wednesday': 1, 'Friday': 1}","{'December': 2, 'March': 2, 'August': 1, 'May': 1}"
7604,6,6,"{'Saturday': 2, 'Tuesday': 1, 'Wednesday': 1, 'Thursday': 1, 'Friday': 1}","{'May': 2, 'December': 1, 'April': 1, 'February': 1, 'March': 1}"
8087,6,6,"{'Monday': 3, 'Sunday': 1, 'Friday': 1, 'Thursday': 1}","{'April': 2, 'September': 2, 'December': 1, 'August': 1}"
2066,6,6,"{'Friday': 2, 'Monday': 1, 'Tuesday': 1, 'Sunday': 1, 'Thursday': 1}","{'December': 2, 'September': 1, 'October': 1, 'February': 1, 'July': 1}"
7543,6,6,"{'Friday': 1, 'Sunday': 1, 'Tuesday': 1, 'Thursday': 1, 'Monday': 1, 'Wednesday': 1}","{'January': 2, 'December': 1, 'July': 1, 'March': 1, 'November': 1}"
9635,6,6,"{'Friday': 2, 'Sunday': 2, 'Tuesday': 1, 'Thursday': 1}","{'March': 2, 'December': 1, 'August': 1, 'April': 1, 'January': 1}"
5742,6,6,"{'Saturday': 3, 'Thursday': 1, 'Friday': 1, 'Tuesday': 1}","{'April': 3, 'December': 1, 'August': 1, 'July': 1}"
8046,6,6,"{'Tuesday': 1, 'Sunday': 1, 'Wednesday': 1, 'Thursday': 1, 'Friday': 1, 'Monday': 1}","{'July': 2, 'September': 1, 'October': 1, 'December': 1, 'March': 1}"
2430,6,6,"{'Tuesday': 1, 'Friday': 1, 'Sunday': 1, 'Monday': 1, 'Wednesday': 1, 'Thursday': 1}","{'January': 2, 'September': 1, 'November': 1, 'August': 1, 'February': 1}"
8156,6,6,"{'Friday': 1, 'Thursday': 1, 'Tuesday': 1, 'Monday': 1, 'Saturday': 1, 'Wednesday': 1}","{'September': 2, 'May': 2, 'April': 1, 'December': 1}"
883,6,6,"{'Monday': 1, 'Thursday': 1, 'Friday': 1, 'Saturday': 1, 'Sunday': 1, 'Wednesday': 1}","{'September': 1, 'June': 1, 'March': 1, 'May': 1, 'December': 1, 'January': 1}"
3500,6,6,"{'Thursday': 2, 'Saturday': 2, 'Wednesday': 1, 'Monday': 1}","{'December': 2, 'March': 1, 'May': 1, 'August': 1, 'November': 1}"
3221,6,6,"{'Wednesday': 2, 'Thursday': 1, 'Saturday': 1, 'Tuesday': 1, 'Monday': 1}","{'December': 2, 'May': 1, 'September': 1, 'March': 1, 'August': 1}"
8926,6,6,"{'Monday': 2, 'Sunday': 2, 'Wednesday': 1, 'Thursday': 1}","{'December': 1, 'January': 1, 'April': 1, 'June': 1, 'October': 1, 'February': 1}"
8589,6,6,"{'Saturday': 2, 'Thursday': 2, 'Monday': 1, 'Friday': 1}","{'February': 2, 'December': 1, 'March': 1, 'June': 1, 'August': 1}"
1286,6,6,"{'Thursday': 2, 'Tuesday': 2, 'Saturday': 1, 'Friday': 1}","{'December': 2, 'August': 1, 'June': 1, 'March': 1, 'July': 1}"
8444,6,6,"{'Saturday': 2, 'Friday': 1, 'Sunday': 1, 'Wednesday': 1, 'Thursday': 1}","{'September': 2, 'October': 2, 'December': 1, 'June': 1}"
5446,6,6,"{'Tuesday': 2, 'Monday': 1, 'Thursday': 1, 'Saturday': 1, 'Friday': 1}","{'January': 2, 'September': 1, 'October': 1, 'December': 1, 'June': 1}"
6057,6,6,"{'Wednesday': 2, 'Saturday': 2, 'Thursday': 1, 'Friday': 1}","{'April': 2, 'September': 1, 'May': 1, 'November': 1, 'August': 1}"
2831,6,6,"{'Wednesday': 3, 'Monday': 1, 'Thursday': 1, 'Tuesday': 1}","{'September': 1, 'December': 1, 'October': 1, 'January': 1, 'August': 1, 'February': 1}"
1565,6,6,"{'Saturday': 2, 'Tuesday': 2, 'Thursday': 1, 'Friday': 1}","{'September': 2, 'October': 2, 'July': 1, 'January': 1}"
462,6,6,"{'Sunday': 2, 'Saturday': 1, 'Monday': 1, 'Thursday': 1, 'Wednesday': 1}","{'September': 1, 'April': 1, 'May': 1, 'October': 1, 'November': 1, 'July': 1}"
1697,6,6,"{'Monday': 2, 'Wednesday': 2, 'Thursday': 1, 'Tuesday': 1}","{'September': 2, 'August': 2, 'May': 1, 'December': 1}"
5716,6,6,"{'Monday': 2, 'Thursday': 2, 'Friday': 1, 'Tuesday': 1}","{'September': 1, 'October': 1, 'July': 1, 'February': 1, 'August': 1, 'December': 1}"
9804,6,6,"{'Saturday': 2, 'Wednesday': 2, 'Friday': 1, 'Thursday': 1}","{'October': 1, 'January': 1, 'September': 1, 'March': 1, 'November': 1, 'June': 1}"
3870,6,6,"{'Tuesday': 2, 'Sunday': 2, 'Saturday': 1, 'Thursday': 1}","{'March': 2, 'August': 2, 'October': 1, 'February': 1}"
2830,6,6,"{'Monday': 2, 'Thursday': 2, 'Friday': 1, 'Sunday': 1}","{'August': 1, 'October': 1, 'July': 1, 'September': 1, 'December': 1, 'November': 1}"
9490,6,6,"{'Friday': 2, 'Monday': 1, 'Sunday': 1, 'Tuesday': 1, 'Thursday': 1}","{'August': 2, 'July': 2, 'May': 1, 'June': 1}"
6157,6,6,"{'Sunday': 2, 'Friday': 1, 'Tuesday': 1, 'Thursday': 1, 'Saturday': 1}","{'August': 2, 'July': 2, 'September': 1, 'March': 1}"
9880,6,6,"{'Thursday': 3, 'Friday': 2, 'Sunday': 1}","{'September': 2, 'March': 2, 'October': 1, 'April': 1}"
6813,6,6,"{'Wednesday': 2, 'Sunday': 2, 'Tuesday': 1, 'Thursday': 1}","{'August': 2, 'September': 1, 'November': 1, 'June': 1, 'February': 1}"
6026,6,6,"{'Saturday': 2, 'Monday': 1, 'Wednesday': 1, 'Thursday': 1, 'Sunday': 1}","{'August': 1, 'February': 1, 'September': 1, 'December': 1, 'January': 1, 'May': 1}"
528,6,6,"{'Monday': 2, 'Thursday': 1, 'Saturday': 1, 'Wednesday': 1, 'Sunday': 1}","{'September': 2, 'November': 2, 'August': 1, 'February': 1}"
6797,6,6,"{'Thursday': 1, 'Friday': 1, 'Monday': 1, 'Saturday': 1, 'Wednesday': 1, 'Sunday': 1}","{'January': 1, 'April': 1, 'September': 1, 'August': 1, 'May': 1, 'July': 1}"
9398,6,6,"{'Saturday': 2, 'Wednesday': 1, 'Sunday': 1, 'Thursday': 1, 'Monday': 1}","{'January': 2, 'April': 1, 'July': 1, 'September': 1, 'November': 1}"
2701,6,6,"{'Tuesday': 2, 'Friday': 1, 'Saturday': 1, 'Thursday': 1, 'Wednesday': 1}","{'March': 2, 'January': 1, 'July': 1, 'December': 1, 'April': 1}"
6743,6,6,"{'Monday': 3, 'Friday': 1, 'Saturday': 1, 'Thursday': 1}","{'May': 2, 'December': 1, 'February': 1, 'September': 1, 'July': 1}"
1065,6,6,"{'Tuesday': 2, 'Friday': 1, 'Monday': 1, 'Sunday': 1, 'Thursday': 1}","{'July': 2, 'February': 1, 'March': 1, 'October': 1, 'June': 1}"
9354,6,6,"{'Wednesday': 2, 'Thursday': 2, 'Saturday': 1, 'Sunday': 1}","{'May': 2, 'October': 2, 'July': 1, 'December': 1}"
2919,6,6,"{'Thursday': 2, 'Sunday': 1, 'Saturday': 1, 'Monday': 1, 'Friday': 1}","{'April': 2, 'January': 1, 'September': 1, 'November': 1, 'February': 1}"
4800,6,6,"{'Wednesday': 4, 'Thursday': 1, 'Sunday': 1}","{'January': 2, 'February': 1, 'December': 1, 'March': 1, 'April': 1}"
376,6,6,"{'Wednesday': 2, 'Sunday': 1, 'Thursday': 1, 'Tuesday': 1, 'Monday': 1}","{'June': 3, 'January': 1, 'October': 1, 'August': 1}"
8332,6,6,"{'Monday': 2, 'Tuesday': 1, 'Wednesday': 1, 'Thursday': 1, 'Saturday': 1}","{'January': 3, 'May': 1, 'September': 1, 'March': 1}"
3673,6,6,"{'Thursday': 1, 'Wednesday': 1, 'Sunday': 1, 'Friday': 1, 'Monday': 1, 'Tuesday': 1}","{'February': 1, 'September': 1, 'August': 1, 'December': 1, 'July': 1, 'March': 1}"
7164,6,6,"{'Thursday': 4, 'Tuesday': 1, 'Sunday': 1}","{'April': 2, 'December': 2, 'February': 1, 'August': 1}"
6072,6,6,"{'Friday': 2, 'Thursday': 1, 'Sunday': 1, 'Saturday': 1, 'Monday': 1}","{'November': 2, 'May': 1, 'October': 1, 'January': 1, 'August': 1}"
1427,6,6,"{'Tuesday': 2, 'Thursday': 2, 'Monday': 1, 'Saturday': 1}","{'November': 2, 'May': 1, 'December': 1, 'February': 1, 'October': 1}"
292,6,6,"{'Friday': 2, 'Wednesday': 1, 'Thursday': 1, 'Sunday': 1, 'Saturday': 1}","{'August': 2, 'April': 1, 'December': 1, 'November': 1, 'July': 1}"
4762,6,6,"{'Friday': 3, 'Thursday': 1, 'Monday': 1, 'Wednesday': 1}","{'December': 2, 'October': 1, 'March': 1, 'May': 1, 'June': 1}"
4093,6,6,"{'Friday': 2, 'Thursday': 2, 'Wednesday': 1, 'Saturday': 1}","{'April': 1, 'September': 1, 'November': 1, 'March': 1, 'October': 1, 'December': 1}"
2455,6,6,"{'Thursday': 3, 'Wednesday': 2, 'Friday': 1}","{'January': 2, 'April': 1, 'November': 1, 'February': 1, 'June': 1}"
9337,6,6,"{'Friday': 2, 'Tuesday': 1, 'Sunday': 1, 'Thursday': 1, 'Monday': 1}","{'April': 2, 'December': 2, 'May': 1, 'January': 1}"
1941,6,6,"{'Saturday': 2, 'Monday': 1, 'Friday': 1, 'Thursday': 1, 'Wednesday': 1}","{'April': 3, 'June': 1, 'October': 1, 'December': 1}"
9320,6,6,"{'Thursday': 1, 'Sunday': 1, 'Friday': 1, 'Tuesday': 1, 'Wednesday': 1, 'Saturday': 1}","{'April': 1, 'May': 1, 'August': 1, 'December': 1, 'October': 1, 'February': 1}"
1831,6,6,"{'Thursday': 2, 'Friday': 2, 'Saturday': 2}","{'April': 1, 'December': 1, 'January': 1, 'October': 1, 'March': 1, 'July': 1}"
2848,6,6,"{'Wednesday': 2, 'Saturday': 1, 'Thursday': 1, 'Sunday': 1, 'Tuesday': 1}","{'October': 2, 'August': 2, 'March': 1, 'April': 1}"
9964,6,6,"{'Monday': 2, 'Wednesday': 2, 'Saturday': 1, 'Thursday': 1}","{'May': 2, 'January': 2, 'December': 1, 'June': 1}"
3310,6,6,"{'Thursday': 2, 'Saturday': 2, 'Monday': 1, 'Wednesday': 1}","{'February': 2, 'May': 1, 'April': 1, 'September': 1, 'June': 1}"
9920,6,6,"{'Wednesday': 3, 'Thursday': 1, 'Sunday': 1, 'Monday': 1}","{'September': 2, 'January': 1, 'April': 1, 'July': 1, 'November': 1}"
8202,6,6,"{'Tuesday': 2, 'Saturday': 2, 'Wednesday': 1, 'Thursday': 1}","{'February': 1, 'May': 1, 'March': 1, 'November': 1, 'July': 1, 'August': 1}"
9022,6,6,"{'Wednesday': 2, 'Monday': 1, 'Friday': 1, 'Thursday': 1, 'Saturday': 1}","{'February': 2, 'June': 1, 'April': 1, 'September': 1, 'December': 1}"
7193,6,6,"{'Monday': 2, 'Friday': 1, 'Wednesday': 1, 'Thursday': 1, 'Tuesday': 1}","{'February': 2, 'May': 1, 'October': 1, 'November': 1, 'September': 1}"
9918,6,6,"{'Wednesday': 4, 'Saturday': 1, 'Thursday': 1}","{'April': 2, 'February': 1, 'March': 1, 'October': 1, 'December': 1}"
9975,6,6,"{'Saturday': 2, 'Thursday': 1, 'Tuesday': 1, 'Wednesday': 1, 'Sunday': 1}","{'August': 2, 'January': 1, 'September': 1, 'October': 1, 'May': 1}"
1532,6,6,"{'Friday': 2, 'Monday': 2, 'Sunday': 1, 'Thursday': 1}","{'September': 2, 'January': 1, 'October': 1, 'November': 1, 'April': 1}"
8594,6,6,"{'Friday': 1, 'Thursday': 1, 'Wednesday': 1, 'Saturday': 1, 'Monday': 1, 'Tuesday': 1}","{'April': 2, 'March': 1, 'February': 1, 'November': 1, 'August': 1}"
5285,6,6,"{'Monday': 2, 'Tuesday': 1, 'Sunday': 1, 'Thursday': 1, 'Friday': 1}","{'March': 1, 'October': 1, 'December': 1, 'May': 1, 'August': 1, 'April': 1}"
2589,6,6,"{'Monday': 2, 'Wednesday': 2, 'Saturday': 1, 'Thursday': 1}","{'April': 1, 'January': 1, 'February': 1, 'September': 1, 'March': 1, 'October': 1}"
685,6,6,"{'Thursday': 3, 'Friday': 2, 'Wednesday': 1}","{'April': 2, 'May': 2, 'November': 1, 'July': 1}"
2930,6,6,"{'Wednesday': 3, 'Thursday': 2, 'Friday': 1}","{'April': 1, 'July': 1, 'June': 1, 'August': 1, 'September': 1, 'February': 1}"
7207,6,6,"{'Friday': 2, 'Tuesday': 1, 'Wednesday': 1, 'Thursday': 1, 'Monday': 1}","{'April': 2, 'October': 1, 'August': 1, 'January': 1, 'July': 1}"
1964,6,6,"{'Monday': 2, 'Thursday': 2, 'Wednesday': 1, 'Saturday': 1}","{'April': 1, 'March': 1, 'June': 1, 'September': 1, 'October': 1, 'December': 1}"
1876,6,6,"{'Saturday': 2, 'Wednesday': 2, 'Thursday': 1, 'Sunday': 1}","{'January': 2, 'August': 1, 'November': 1, 'September': 1, 'February': 1}"
6541,6,6,"{'Saturday': 3, 'Thursday': 1, 'Monday': 1, 'Sunday': 1}","{'April': 2, 'August': 1, 'July': 1, 'November': 1, 'October': 1}"
4252,6,6,"{'Thursday': 2, 'Friday': 2, 'Tuesday': 1, 'Wednesday': 1}","{'December': 3, 'August': 1, 'September': 1, 'January': 1}"
7441,6,6,"{'Monday': 2, 'Sunday': 1, 'Thursday': 1, 'Saturday': 1, 'Wednesday': 1}","{'April': 1, 'December': 1, 'May': 1, 'June': 1, 'January': 1, 'September': 1}"
2178,6,6,"{'Saturday': 2, 'Monday': 1, 'Wednesday': 1, 'Thursday': 1, 'Sunday': 1}","{'April': 1, 'June': 1, 'August': 1, 'February': 1, 'December': 1, 'May': 1}"
4074,6,6,"{'Saturday': 2, 'Thursday': 2, 'Sunday': 1, 'Friday': 1}","{'April': 2, 'November': 1, 'June': 1, 'August': 1, 'September': 1}"
465,6,6,"{'Monday': 2, 'Wednesday': 1, 'Tuesday': 1, 'Saturday': 1, 'Thursday': 1}","{'April': 2, 'August': 2, 'July': 2}"
8556,6,6,"{'Friday': 2, 'Monday': 2, 'Thursday': 1, 'Wednesday': 1}","{'April': 2, 'October': 1, 'March': 1, 'January': 1, 'February': 1}"
7041,6,6,"{'Saturday': 3, 'Friday': 2, 'Thursday': 1}","{'December': 3, 'April': 1, 'May': 1, 'March': 1}"
4695,6,6,"{'Monday': 3, 'Saturday': 1, 'Thursday': 1, 'Tuesday': 1}","{'November': 2, 'October': 1, 'May': 1, 'August': 1, 'July': 1}"
8413,6,6,"{'Thursday': 2, 'Friday': 2, 'Saturday': 1, 'Monday': 1}","{'April': 1, 'July': 1, 'October': 1, 'December': 1, 'March': 1, 'June': 1}"
723,6,6,"{'Saturday': 2, 'Monday': 1, 'Tuesday': 1, 'Thursday': 1, 'Sunday': 1}","{'February': 1, 'June': 1, 'April': 1, 'December': 1, 'January': 1, 'March': 1}"
5862,6,6,"{'Tuesday': 2, 'Wednesday': 1, 'Thursday': 1, 'Friday': 1, 'Monday': 1}","{'December': 2, 'October': 1, 'May': 1, 'August': 1, 'January': 1}"
3000,6,6,"{'Thursday': 3, 'Friday': 1, 'Wednesday': 1, 'Tuesday': 1}","{'November': 2, 'March': 1, 'December': 1, 'February': 1, 'June': 1}"
5659,6,6,"{'Monday': 2, 'Wednesday': 1, 'Tuesday': 1, 'Friday': 1, 'Thursday': 1}","{'March': 1, 'October': 1, 'April': 1, 'December': 1, 'May': 1, 'September': 1}"
6918,6,6,"{'Tuesday': 1, 'Wednesday': 1, 'Friday': 1, 'Thursday': 1, 'Saturday': 1, 'Sunday': 1}","{'April': 2, 'March': 1, 'August': 1, 'September': 1, 'February': 1}"
6421,6,6,"{'Wednesday': 2, 'Monday': 1, 'Sunday': 1, 'Saturday': 1, 'Thursday': 1}","{'March': 1, 'November': 1, 'June': 1, 'August': 1, 'May': 1, 'September': 1}"
8077,6,6,"{'Thursday': 2, 'Saturday': 2, 'Friday': 1, 'Sunday': 1}","{'April': 2, 'October': 1, 'January': 1, 'February': 1, 'July': 1}"
1835,6,6,"{'Sunday': 2, 'Tuesday': 2, 'Friday': 1, 'Thursday': 1}","{'February': 2, 'June': 1, 'December': 1, 'November': 1, 'July': 1}"
9099,6,6,"{'Thursday': 1, 'Monday': 1, 'Tuesday': 1, 'Wednesday': 1, 'Friday': 1, 'Sunday': 1}","{'February': 2, 'June': 1, 'October': 1, 'November': 1, 'July': 1}"
8876,6,6,"{'Wednesday': 2, 'Thursday': 2, 'Tuesday': 1, 'Saturday': 1}","{'January': 2, 'May': 2, 'March': 1, 'February': 1}"
8307,6,6,"{'Thursday': 3, 'Tuesday': 1, 'Saturday': 1, 'Friday': 1}","{'March': 2, 'June': 2, 'August': 1, 'January': 1}"
2503,6,6,"{'Thursday': 3, 'Friday': 1, 'Sunday': 1, 'Wednesday': 1}","{'March': 2, 'September': 1, 'April': 1, 'August': 1, 'May': 1}"
4478,6,6,"{'Tuesday': 1, 'Sunday': 1, 'Thursday': 1, 'Wednesday': 1, 'Friday': 1, 'Saturday': 1}","{'January': 2, 'March': 1, 'October': 1, 'November': 1, 'February': 1}"
9349,6,6,"{'Tuesday': 2, 'Thursday': 1, 'Sunday': 1, 'Wednesday': 1, 'Monday': 1}","{'August': 2, 'November': 1, 'October': 1, 'May': 1, 'July': 1}"
6498,6,6,"{'Tuesday': 2, 'Wednesday': 1, 'Friday': 1, 'Monday': 1, 'Thursday': 1}","{'March': 2, 'August': 1, 'December': 1, 'June': 1, 'January': 1}"
6030,6,6,"{'Friday': 2, 'Saturday': 2, 'Thursday': 2}","{'March': 2, 'April': 1, 'June': 1, 'December': 1, 'August': 1}"
3786,6,6,"{'Friday': 1, 'Saturday': 1, 'Thursday': 1, 'Tuesday': 1, 'Wednesday': 1, 'Monday': 1}","{'November': 2, 'March': 1, 'July': 1, 'December': 1, 'May': 1}"
8652,6,6,"{'Thursday': 4, 'Friday': 1, 'Saturday': 1}","{'March': 1, 'December': 1, 'July': 1, 'June': 1, 'November': 1, 'January': 1}"
7795,6,6,"{'Thursday': 2, 'Sunday': 1, 'Wednesday': 1, 'Saturday': 1, 'Tuesday': 1}","{'March': 2, 'June': 1, 'January': 1, 'December': 1, 'July': 1}"
4698,6,6,"{'Monday': 2, 'Thursday': 2, 'Wednesday': 1, 'Tuesday': 1}","{'January': 3, 'March': 2, 'April': 1}"
3460,6,6,"{'Tuesday': 2, 'Friday': 2, 'Thursday': 1, 'Wednesday': 1}","{'May': 2, 'March': 1, 'September': 1, 'August': 1, 'April': 1}"
1956,6,6,"{'Monday': 3, 'Tuesday': 1, 'Saturday': 1, 'Thursday': 1}","{'March': 2, 'July': 2, 'November': 1, 'May': 1}"
6173,6,6,"{'Monday': 1, 'Saturday': 1, 'Tuesday': 1, 'Thursday': 1, 'Sunday': 1, 'Friday': 1}","{'March': 2, 'December': 1, 'June': 1, 'August': 1, 'July': 1}"
8469,6,6,"{'Wednesday': 2, 'Thursday': 2, 'Tuesday': 1, 'Sunday': 1}","{'March': 2, 'February': 1, 'August': 1, 'December': 1, 'April': 1}"
2805,6,6,"{'Friday': 2, 'Tuesday': 1, 'Sunday': 1, 'Thursday': 1, 'Saturday': 1}","{'March': 2, 'April': 2, 'October': 1, 'June': 1}"
2035,6,6,"{'Monday': 2, 'Thursday': 2, 'Tuesday': 1, 'Wednesday': 1}","{'October': 2, 'July': 1, 'May': 1, 'March': 1, 'February': 1}"
580,6,6,"{'Friday': 2, 'Wednesday': 2, 'Monday': 1, 'Thursday': 1}","{'October': 2, 'February': 1, 'June': 1, 'September': 1, 'November': 1}"
7091,6,6,"{'Friday': 2, 'Wednesday': 2, 'Thursday': 1, 'Sunday': 1}","{'September': 2, 'October': 1, 'August': 1, 'May': 1, 'December': 1}"
8758,6,6,"{'Saturday': 3, 'Sunday': 2, 'Thursday': 1}","{'March': 3, 'October': 1, 'June': 1, 'July': 1}"
4937,6,6,"{'Thursday': 2, 'Friday': 1, 'Tuesday': 1, 'Saturday': 1, 'Wednesday': 1}","{'April': 3, 'March': 1, 'August': 1, 'October': 1}"
450,6,6,"{'Thursday': 2, 'Tuesday': 2, 'Monday': 1, 'Friday': 1}","{'April': 3, 'September': 1, 'June': 1, 'July': 1}"
3374,6,6,"{'Wednesday': 2, 'Tuesday': 1, 'Thursday': 1, 'Friday': 1, 'Saturday': 1}","{'April': 2, 'December': 2, 'February': 1, 'May': 1}"
2479,6,6,"{'Friday': 2, 'Tuesday': 1, 'Sunday': 1, 'Saturday': 1, 'Thursday': 1}","{'August': 3, 'March': 1, 'October': 1, 'June': 1}"
171,6,6,"{'Friday': 2, 'Saturday': 1, 'Wednesday': 1, 'Tuesday': 1, 'Thursday': 1}","{'April': 1, 'June': 1, 'March': 1, 'May': 1, 'November': 1, 'January': 1}"
562,6,6,"{'Thursday': 4, 'Tuesday': 1, 'Sunday': 1}","{'March': 2, 'April': 1, 'December': 1, 'September': 1, 'November': 1}"
485,6,6,"{'Thursday': 3, 'Wednesday': 2, 'Monday': 1}","{'April': 1, 'June': 1, 'September': 1, 'December': 1, 'July': 1, 'May': 1}"
4611,6,6,"{'Tuesday': 2, 'Thursday': 2, 'Friday': 1, 'Monday': 1}","{'June': 2, 'November': 2, 'September': 1, 'April': 1}"
7075,6,6,"{'Saturday': 2, 'Sunday': 2, 'Monday': 1, 'Thursday': 1}","{'May': 1, 'July': 1, 'April': 1, 'October': 1, 'November': 1, 'February': 1}"
5999,6,6,"{'Tuesday': 2, 'Saturday': 2, 'Thursday': 1, 'Sunday': 1}","{'June': 2, 'May': 1, 'November': 1, 'March': 1, 'October': 1}"
6485,6,6,"{'Friday': 1, 'Wednesday': 1, 'Tuesday': 1, 'Sunday': 1, 'Saturday': 1, 'Thursday': 1}","{'March': 1, 'July': 1, 'August': 1, 'January': 1, 'September': 1, 'May': 1}"
9429,6,6,"{'Tuesday': 3, 'Thursday': 1, 'Friday': 1, 'Wednesday': 1}","{'May': 2, 'March': 1, 'April': 1, 'June': 1, 'July': 1}"
3052,6,6,"{'Saturday': 2, 'Monday': 2, 'Thursday': 1, 'Wednesday': 1}","{'May': 2, 'August': 1, 'October': 1, 'December': 1, 'July': 1}"
1850,6,6,"{'Thursday': 1, 'Monday': 1, 'Wednesday': 1, 'Saturday': 1, 'Sunday': 1, 'Friday': 1}","{'May': 2, 'January': 1, 'February': 1, 'April': 1, 'June': 1}"
2588,6,6,"{'Thursday': 2, 'Saturday': 2, 'Sunday': 2}","{'May': 3, 'June': 2, 'October': 1}"
8134,6,6,"{'Tuesday': 4, 'Thursday': 1, 'Monday': 1}","{'May': 1, 'December': 1, 'February': 1, 'March': 1, 'September': 1, 'June': 1}"
3204,6,6,"{'Friday': 2, 'Saturday': 2, 'Tuesday': 1, 'Thursday': 1}","{'June': 4, 'February': 1, 'August': 1}"
9790,6,6,"{'Saturday': 2, 'Monday': 1, 'Thursday': 1, 'Sunday': 1, 'Friday': 1}","{'June': 2, 'February': 1, 'April': 1, 'December': 1, 'July': 1}"
8491,6,6,"{'Monday': 2, 'Thursday': 2, 'Wednesday': 1, 'Tuesday': 1}","{'August': 2, 'June': 1, 'March': 1, 'October': 1, 'April': 1}"
9713,6,6,"{'Friday': 3, 'Monday': 1, 'Wednesday': 1, 'Thursday': 1}","{'June': 2, 'February': 1, 'March': 1, 'April': 1, 'November': 1}"
9324,6,6,"{'Wednesday': 2, 'Thursday': 1, 'Tuesday': 1, 'Friday': 1, 'Monday': 1}","{'March': 2, 'February': 1, 'December': 1, 'April': 1, 'November': 1}"
8816,6,6,"{'Thursday': 2, 'Saturday': 1, 'Monday': 1, 'Friday': 1, 'Tuesday': 1}","{'May': 2, 'February': 1, 'December': 1, 'June': 1, 'July': 1}"
6969,6,6,"{'Wednesday': 2, 'Saturday': 2, 'Friday': 1, 'Thursday': 1}","{'September': 2, 'February': 1, 'March': 1, 'November': 1, 'July': 1}"
2942,6,6,"{'Wednesday': 2, 'Tuesday': 1, 'Thursday': 1, 'Monday': 1, 'Sunday': 1}","{'December': 2, 'February': 1, 'April': 1, 'June': 1, 'March': 1}"
862,6,6,"{'Wednesday': 2, 'Thursday': 2, 'Sunday': 1, 'Tuesday': 1}","{'January': 2, 'February': 1, 'March': 1, 'September': 1, 'December': 1}"
2514,6,6,"{'Saturday': 3, 'Thursday': 1, 'Sunday': 1, 'Wednesday': 1}","{'October': 3, 'February': 1, 'May': 1, 'August': 1}"
1560,6,6,"{'Thursday': 2, 'Monday': 1, 'Sunday': 1, 'Tuesday': 1, 'Wednesday': 1}","{'January': 2, 'March': 1, 'May': 1, 'September': 1, 'February': 1}"
7097,6,6,"{'Saturday': 2, 'Wednesday': 2, 'Thursday': 1, 'Monday': 1}","{'February': 2, 'September': 2, 'January': 1, 'November': 1}"
1951,6,6,"{'Saturday': 2, 'Wednesday': 1, 'Sunday': 1, 'Thursday': 1, 'Tuesday': 1}","{'February': 2, 'August': 1, 'October': 1, 'June': 1, 'July': 1}"
7027,6,6,"{'Sunday': 3, 'Thursday': 2, 'Wednesday': 1}","{'February': 2, 'June': 1, 'August': 1, 'September': 1, 'October': 1}"
804,6,6,"{'Sunday': 1, 'Saturday': 1, 'Wednesday': 1, 'Thursday': 1, 'Monday': 1, 'Friday': 1}","{'June': 2, 'April': 1, 'October': 1, 'January': 1, 'July': 1}"
6235,6,6,"{'Friday': 4, 'Thursday': 1, 'Wednesday': 1}","{'July': 2, 'June': 2, 'October': 1, 'January': 1}"
2536,6,6,"{'Thursday': 2, 'Monday': 1, 'Sunday': 1, 'Tuesday': 1, 'Wednesday': 1}","{'June': 2, 'October': 1, 'September': 1, 'December': 1, 'August': 1}"
963,6,6,"{'Saturday': 2, 'Thursday': 2, 'Wednesday': 1, 'Monday': 1}","{'February': 2, 'October': 1, 'May': 1, 'July': 1, 'December': 1}"
9180,6,6,"{'Tuesday': 3, 'Thursday': 2, 'Wednesday': 1}","{'February': 1, 'April': 1, 'August': 1, 'December': 1, 'June': 1, 'October': 1}"
3468,6,6,"{'Wednesday': 2, 'Friday': 1, 'Saturday': 1, 'Thursday': 1, 'Sunday': 1}","{'May': 2, 'February': 1, 'January': 1, 'March': 1, 'October': 1}"
2241,6,6,"{'Monday': 2, 'Wednesday': 1, 'Saturday': 1, 'Thursday': 1, 'Tuesday': 1}","{'October': 1, 'April': 1, 'January': 1, 'March': 1, 'February': 1, 'May': 1}"
4008,6,6,"{'Monday': 2, 'Wednesday': 1, 'Friday': 1, 'Saturday': 1, 'Thursday': 1}","{'June': 2, 'February': 1, 'May': 1, 'January': 1, 'July': 1}"
7285,6,6,"{'Tuesday': 2, 'Saturday': 1, 'Wednesday': 1, 'Friday': 1, 'Thursday': 1}","{'February': 2, 'October': 1, 'November': 1, 'June': 1, 'August': 1}"
924,6,6,"{'Wednesday': 2, 'Thursday': 2, 'Saturday': 1, 'Monday': 1}","{'February': 1, 'January': 1, 'May': 1, 'July': 1, 'September': 1, 'December': 1}"
9193,6,6,"{'Monday': 2, 'Friday': 1, 'Thursday': 1, 'Tuesday': 1, 'Sunday': 1}","{'September': 2, 'February': 1, 'March': 1, 'August': 1, 'April': 1}"
5715,6,6,"{'Friday': 2, 'Thursday': 2, 'Saturday': 1, 'Monday': 1}","{'February': 2, 'January': 2, 'April': 1, 'July': 1}"
9444,6,6,"{'Friday': 3, 'Thursday': 2, 'Sunday': 1}","{'September': 2, 'February': 1, 'March': 1, 'July': 1, 'October': 1}"
9144,6,6,"{'Thursday': 1, 'Friday': 1, 'Monday': 1, 'Tuesday': 1, 'Saturday': 1, 'Wednesday': 1}","{'February': 2, 'November': 1, 'May': 1, 'September': 1, 'December': 1}"
29,6,6,"{'Thursday': 2, 'Saturday': 2, 'Tuesday': 1, 'Friday': 1}","{'February': 1, 'June': 1, 'May': 1, 'July': 1, 'November': 1, 'March': 1}"
5392,6,6,"{'Tuesday': 2, 'Sunday': 1, 'Saturday': 1, 'Thursday': 1, 'Wednesday': 1}","{'June': 2, 'August': 2, 'October': 1, 'February': 1}"
8061,6,6,"{'Monday': 2, 'Thursday': 1, 'Friday': 1, 'Saturday': 1, 'Wednesday': 1}","{'January': 3, 'June': 1, 'April': 1, 'August': 1}"
3494,6,6,"{'Saturday': 2, 'Thursday': 1, 'Sunday': 1, 'Monday': 1, 'Tuesday': 1}","{'June': 2, 'August': 1, 'September': 1, 'January': 1, 'December': 1}"
149,6,6,"{'Monday': 2, 'Tuesday': 1, 'Thursday': 1, 'Saturday': 1, 'Friday': 1}","{'May': 2, 'June': 1, 'September': 1, 'August': 1, 'July': 1}"
9259,6,6,"{'Friday': 2, 'Thursday': 1, 'Wednesday': 1, 'Monday': 1, 'Tuesday': 1}","{'June': 2, 'November': 1, 'March': 1, 'April': 1, 'October': 1}"
5598,6,6,"{'Tuesday': 3, 'Thursday': 2, 'Saturday': 1}","{'June': 2, 'March': 2, 'May': 1, 'August': 1}"
7963,6,6,"{'Tuesday': 2, 'Sunday': 1, 'Thursday': 1, 'Monday': 1, 'Saturday': 1}","{'November': 2, 'July': 1, 'September': 1, 'August': 1, 'March': 1}"
4440,6,6,"{'Saturday': 2, 'Thursday': 1, 'Monday': 1, 'Sunday': 1, 'Wednesday': 1}","{'September': 3, 'February': 1, 'June': 1, 'May': 1}"
3800,6,6,"{'Saturday': 3, 'Sunday': 2, 'Thursday': 1}","{'July': 1, 'February': 1, 'April': 1, 'October': 1, 'December': 1, 'January': 1}"
552,6,6,"{'Friday': 2, 'Tuesday': 2, 'Thursday': 2}","{'July': 2, 'December': 2, 'August': 1, 'June': 1}"
1129,6,6,"{'Wednesday': 2, 'Sunday': 1, 'Thursday': 1, 'Saturday': 1, 'Tuesday': 1}","{'July': 1, 'October': 1, 'November': 1, 'December': 1, 'May': 1, 'June': 1}"
399,6,6,"{'Thursday': 1, 'Wednesday': 1, 'Friday': 1, 'Sunday': 1, 'Saturday': 1, 'Monday': 1}","{'August': 2, 'March': 1, 'July': 1, 'October': 1, 'September': 1}"
6050,6,6,"{'Thursday': 2, 'Tuesday': 2, 'Wednesday': 1, 'Saturday': 1}","{'August': 2, 'May': 2, 'November': 1, 'July': 1}"
7278,6,6,"{'Monday': 2, 'Saturday': 1, 'Tuesday': 1, 'Thursday': 1, 'Friday': 1}","{'April': 2, 'August': 1, 'December': 1, 'March': 1, 'May': 1}"
9287,6,6,"{'Thursday': 3, 'Tuesday': 2, 'Saturday': 1}","{'August': 1, 'November': 1, 'December': 1, 'March': 1, 'September': 1, 'January': 1}"
6455,6,6,"{'Wednesday': 3, 'Friday': 1, 'Thursday': 1, 'Monday': 1}","{'April': 2, 'January': 1, 'February': 1, 'July': 1, 'October': 1}"
4946,6,6,"{'Thursday': 3, 'Friday': 2, 'Saturday': 1}","{'December': 2, 'October': 1, 'April': 1, 'February': 1, 'May': 1}"
3385,6,6,"{'Friday': 2, 'Wednesday': 2, 'Thursday': 1, 'Saturday': 1}","{'February': 2, 'October': 1, 'September': 1, 'June': 1, 'August': 1}"
1813,6,6,"{'Tuesday': 2, 'Saturday': 2, 'Thursday': 1, 'Monday': 1}","{'July': 2, 'August': 1, 'January': 1, 'June': 1, 'September': 1}"
7890,6,6,"{'Tuesday': 2, 'Thursday': 2, 'Friday': 1, 'Sunday': 1}","{'September': 2, 'March': 1, 'May': 1, 'December': 1, 'July': 1}"
7700,6,6,"{'Monday': 2, 'Saturday': 2, 'Wednesday': 1, 'Thursday': 1}","{'January': 2, 'October': 1, 'December': 1, 'August': 1, 'May': 1}"
5379,6,6,"{'Monday': 3, 'Wednesday': 1, 'Thursday': 1, 'Sunday': 1}","{'January': 2, 'April': 2, 'October': 1, 'September': 1}"
995,6,6,"{'Thursday': 2, 'Monday': 1, 'Wednesday': 1, 'Tuesday': 1, 'Friday': 1}","{'May': 2, 'November': 1, 'October': 1, 'April': 1, 'June': 1}"
6584,6,6,"{'Sunday': 2, 'Monday': 1, 'Tuesday': 1, 'Wednesday': 1, 'Thursday': 1}","{'October': 2, 'April': 2, 'December': 1, 'February': 1}"
8207,6,6,"{'Sunday': 2, 'Tuesday': 1, 'Saturday': 1, 'Thursday': 1, 'Friday': 1}","{'August': 2, 'July': 1, 'June': 1, 'October': 1, 'February': 1}"
7162,6,6,"{'Sunday': 1, 'Monday': 1, 'Wednesday': 1, 'Friday': 1, 'Thursday': 1, 'Saturday': 1}","{'May': 2, 'July': 1, 'September': 1, 'August': 1, 'October': 1}"
8165,6,6,"{'Tuesday': 3, 'Sunday': 2, 'Thursday': 1}","{'August': 1, 'September': 1, 'January': 1, 'October': 1, 'March': 1, 'May': 1}"
5452,6,6,"{'Sunday': 2, 'Thursday': 2, 'Monday': 1, 'Friday': 1}","{'October': 2, 'August': 1, 'September': 1, 'June': 1, 'January': 1}"
7462,6,6,"{'Thursday': 2, 'Monday': 1, 'Sunday': 1, 'Friday': 1, 'Tuesday': 1}","{'January': 2, 'August': 1, 'July': 1, 'September': 1, 'April': 1}"
6121,6,6,"{'Saturday': 1, 'Tuesday': 1, 'Sunday': 1, 'Monday': 1, 'Friday': 1, 'Thursday': 1}","{'February': 2, 'October': 1, 'May': 1, 'March': 1, 'January': 1}"
5898,6,6,"{'Saturday': 2, 'Thursday': 1, 'Wednesday': 1, 'Sunday': 1, 'Friday': 1}","{'October': 2, 'June': 1, 'November': 1, 'July': 1, 'August': 1}"
7,6,6,"{'Wednesday': 2, 'Monday': 1, 'Sunday': 1, 'Friday': 1, 'Thursday': 1}","{'January': 1, 'May': 1, 'July': 1, 'August': 1, 'April': 1, 'June': 1}"
2660,6,6,"{'Wednesday': 2, 'Thursday': 2, 'Monday': 1, 'Sunday': 1}","{'December': 2, 'November': 1, 'April': 1, 'September': 1, 'February': 1}"
9248,6,6,"{'Friday': 3, 'Thursday': 2, 'Monday': 1}","{'September': 2, 'January': 1, 'December': 1, 'July': 1, 'August': 1}"
8152,6,6,"{'Wednesday': 3, 'Thursday': 2, 'Tuesday': 1}","{'August': 1, 'October': 1, 'February': 1, 'April': 1, 'June': 1, 'September': 1}"
8362,6,6,"{'Thursday': 3, 'Friday': 1, 'Monday': 1, 'Wednesday': 1}","{'July': 3, 'April': 2, 'October': 1}"
1311,6,6,"{'Monday': 2, 'Thursday': 2, 'Sunday': 1, 'Saturday': 1}","{'August': 2, 'September': 1, 'March': 1, 'July': 1, 'October': 1}"
7822,6,6,"{'Thursday': 3, 'Wednesday': 1, 'Monday': 1, 'Tuesday': 1}","{'September': 2, 'June': 1, 'July': 1, 'December': 1, 'January': 1}"
4157,6,6,"{'Thursday': 2, 'Tuesday': 1, 'Saturday': 1, 'Sunday': 1, 'Wednesday': 1}","{'November': 1, 'July': 1, 'August': 1, 'May': 1, 'June': 1, 'April': 1}"
6824,6,6,"{'Sunday': 2, 'Thursday': 1, 'Wednesday': 1, 'Friday': 1, 'Monday': 1}","{'August': 3, 'November': 2, 'May': 1}"
4511,6,6,"{'Friday': 2, 'Wednesday': 1, 'Saturday': 1, 'Monday': 1, 'Thursday': 1}","{'August': 2, 'January': 1, 'October': 1, 'July': 1, 'February': 1}"
5142,6,6,"{'Wednesday': 1, 'Sunday': 1, 'Friday': 1, 'Saturday': 1, 'Thursday': 1, 'Tuesday': 1}","{'October': 3, 'November': 1, 'February': 1, 'August': 1}"
1848,6,6,"{'Thursday': 2, 'Monday': 2, 'Wednesday': 1, 'Friday': 1}","{'April': 2, 'August': 1, 'March': 1, 'January': 1, 'May': 1}"
4953,6,6,"{'Wednesday': 3, 'Monday': 1, 'Thursday': 1, 'Saturday': 1}","{'November': 2, 'February': 1, 'March': 1, 'December': 1, 'May': 1}"
1575,6,6,"{'Wednesday': 2, 'Saturday': 1, 'Tuesday': 1, 'Thursday': 1, 'Monday': 1}","{'October': 2, 'January': 1, 'February': 1, 'March': 1, 'July': 1}"
7040,6,6,"{'Thursday': 2, 'Saturday': 2, 'Tuesday': 1, 'Friday': 1}","{'January': 1, 'March': 1, 'April': 1, 'May': 1, 'October': 1, 'August': 1}"
7821,6,6,"{'Wednesday': 2, 'Tuesday': 1, 'Thursday': 1, 'Friday': 1, 'Monday': 1}","{'September': 2, 'December': 1, 'June': 1, 'January': 1, 'February': 1}"
5314,6,6,"{'Wednesday': 2, 'Thursday': 2, 'Tuesday': 1, 'Friday': 1}","{'April': 2, 'December': 1, 'January': 1, 'March': 1, 'June': 1}"
3016,6,6,"{'Thursday': 2, 'Tuesday': 1, 'Friday': 1, 'Wednesday': 1, 'Sunday': 1}","{'December': 2, 'September': 1, 'January': 1, 'March': 1, 'May': 1}"
9887,6,6,"{'Wednesday': 3, 'Monday': 1, 'Thursday': 1, 'Tuesday': 1}","{'December': 2, 'April': 1, 'July': 1, 'June': 1, 'August': 1}"
6184,6,6,"{'Monday': 2, 'Saturday': 2, 'Wednesday': 1, 'Thursday': 1}","{'October': 2, 'November': 2, 'September': 1, 'December': 1}"
5734,6,6,"{'Monday': 4, 'Thursday': 2}","{'September': 2, 'December': 1, 'January': 1, 'June': 1, 'March': 1}"
7969,6,6,"{'Friday': 2, 'Thursday': 2, 'Sunday': 1, 'Monday': 1}","{'November': 1, 'April': 1, 'August': 1, 'September': 1, 'December': 1, 'March': 1}"
6605,6,6,"{'Monday': 2, 'Thursday': 2, 'Saturday': 1, 'Sunday': 1}","{'November': 1, 'January': 1, 'June': 1, 'December': 1, 'July': 1, 'April': 1}"
7955,6,6,"{'Sunday': 2, 'Wednesday': 1, 'Friday': 1, 'Saturday': 1, 'Thursday': 1}","{'December': 2, 'September': 1, 'February': 1, 'April': 1, 'January': 1}"
2658,6,6,"{'Saturday': 2, 'Sunday': 1, 'Tuesday': 1, 'Monday': 1, 'Thursday': 1}","{'May': 2, 'November': 1, 'December': 1, 'April': 1, 'January': 1}"
8062,6,6,"{'Monday': 2, 'Thursday': 1, 'Sunday': 1, 'Wednesday': 1, 'Saturday': 1}","{'November': 2, 'July': 2, 'April': 1, 'June': 1}"
2600,6,6,"{'Sunday': 2, 'Thursday': 1, 'Friday': 1, 'Saturday': 1, 'Wednesday': 1}","{'October': 2, 'June': 2, 'November': 1, 'August': 1}"
3631,6,6,"{'Monday': 2, 'Thursday': 2, 'Wednesday': 1, 'Friday': 1}","{'March': 2, 'October': 1, 'February': 1, 'June': 1, 'January': 1}"
8259,6,6,"{'Saturday': 2, 'Friday': 1, 'Tuesday': 1, 'Wednesday': 1, 'Thursday': 1}","{'October': 1, 'November': 1, 'March': 1, 'May': 1, 'June': 1, 'August': 1}"
6369,6,6,"{'Monday': 2, 'Saturday': 1, 'Thursday': 1, 'Sunday': 1, 'Wednesday': 1}","{'August': 2, 'December': 1, 'February': 1, 'July': 1, 'April': 1}"
4316,6,6,"{'Tuesday': 1, 'Thursday': 1, 'Friday': 1, 'Sunday': 1, 'Saturday': 1, 'Monday': 1}","{'September': 2, 'February': 1, 'December': 1, 'January': 1, 'June': 1}"
8910,6,6,"{'Thursday': 2, 'Saturday': 1, 'Tuesday': 1, 'Wednesday': 1, 'Sunday': 1}","{'January': 2, 'February': 1, 'May': 1, 'December': 1, 'March': 1}"
8419,6,6,"{'Tuesday': 2, 'Friday': 1, 'Sunday': 1, 'Thursday': 1, 'Wednesday': 1}","{'December': 2, 'October': 2, 'September': 1, 'August': 1}"
286,6,6,"{'Tuesday': 2, 'Thursday': 2, 'Friday': 1, 'Monday': 1}","{'December': 2, 'November': 2, 'March': 1, 'June': 1}"
8755,6,6,"{'Monday': 2, 'Sunday': 2, 'Friday': 1, 'Thursday': 1}","{'February': 3, 'November': 1, 'April': 1, 'March': 1}"
5497,6,6,"{'Saturday': 3, 'Thursday': 3}","{'December': 1, 'June': 1, 'September': 1, 'November': 1, 'March': 1, 'August': 1}"
8749,6,6,"{'Thursday': 3, 'Friday': 1, 'Saturday': 1, 'Monday': 1}","{'February': 3, 'December': 1, 'October': 1, 'July': 1}"
4080,6,6,"{'Friday': 2, 'Thursday': 1, 'Wednesday': 1, 'Saturday': 1, 'Sunday': 1}","{'August': 2, 'December': 1, 'February': 1, 'March': 1, 'July': 1}"
3970,6,6,"{'Thursday': 3, 'Friday': 1, 'Wednesday': 1, 'Sunday': 1}","{'December': 2, 'September': 2, 'April': 1, 'August': 1}"
4054,6,6,"{'Wednesday': 2, 'Thursday': 1, 'Tuesday': 1, 'Saturday': 1, 'Monday': 1}","{'December': 2, 'January': 1, 'April': 1, 'May': 1, 'June': 1}"
6551,6,6,"{'Wednesday': 2, 'Saturday': 2, 'Thursday': 2}","{'November': 2, 'January': 1, 'March': 1, 'August': 1, 'October': 1}"
5068,6,6,"{'Wednesday': 2, 'Thursday': 2, 'Saturday': 1, 'Tuesday': 1}","{'February': 2, 'November': 1, 'March': 1, 'May': 1, 'August': 1}"
3899,6,6,"{'Friday': 2, 'Saturday': 2, 'Tuesday': 1, 'Thursday': 1}","{'November': 1, 'June': 1, 'January': 1, 'May': 1, 'August': 1, 'September': 1}"
2673,6,6,"{'Monday': 3, 'Friday': 1, 'Thursday': 1, 'Tuesday': 1}","{'May': 2, 'November': 1, 'December': 1, 'April': 1, 'September': 1}"
8960,6,6,"{'Thursday': 2, 'Saturday': 1, 'Sunday': 1, 'Friday': 1, 'Monday': 1}","{'December': 2, 'May': 1, 'September': 1, 'August': 1, 'November': 1}"
9422,6,6,"{'Tuesday': 2, 'Wednesday': 2, 'Monday': 1, 'Thursday': 1}","{'December': 2, 'October': 1, 'September': 1, 'February': 1, 'August': 1}"
4917,6,6,"{'Thursday': 2, 'Friday': 1, 'Tuesday': 1, 'Monday': 1, 'Sunday': 1}","{'April': 2, 'July': 2, 'January': 1, 'November': 1}"
9140,6,6,"{'Thursday': 2, 'Wednesday': 1, 'Tuesday': 1, 'Saturday': 1, 'Monday': 1}","{'January': 1, 'March': 1, 'May': 1, 'July': 1, 'October': 1, 'December': 1}"
3393,6,6,"{'Monday': 2, 'Sunday': 1, 'Thursday': 1, 'Saturday': 1, 'Friday': 1}","{'June': 2, 'January': 1, 'August': 1, 'September': 1, 'July': 1}"
8433,6,6,"{'Tuesday': 1, 'Monday': 1, 'Sunday': 1, 'Thursday': 1, 'Wednesday': 1, 'Friday': 1}","{'February': 2, 'May': 2, 'December': 1, 'September': 1}"
3742,6,6,"{'Wednesday': 2, 'Tuesday': 1, 'Monday': 1, 'Sunday': 1, 'Thursday': 1}","{'April': 2, 'March': 2, 'February': 1, 'June': 1}"
9055,6,6,"{'Thursday': 2, 'Friday': 1, 'Sunday': 1, 'Tuesday': 1, 'Monday': 1}","{'April': 2, 'July': 2, 'March': 1, 'September': 1}"
1457,6,6,"{'Saturday': 2, 'Tuesday': 2, 'Thursday': 1, 'Friday': 1}","{'December': 1, 'September': 1, 'June': 1, 'January': 1, 'April': 1, 'August': 1}"
6164,6,6,"{'Monday': 2, 'Friday': 1, 'Wednesday': 1, 'Saturday': 1, 'Thursday': 1}","{'December': 3, 'November': 1, 'August': 1, 'January': 1}"
1345,6,6,"{'Friday': 2, 'Sunday': 1, 'Saturday': 1, 'Wednesday': 1, 'Thursday': 1}","{'December': 2, 'February': 2, 'May': 1, 'July': 1}"
9414,6,6,"{'Wednesday': 2, 'Friday': 1, 'Tuesday': 1, 'Thursday': 1, 'Saturday': 1}","{'June': 1, 'October': 1, 'November': 1, 'December': 1, 'August': 1, 'September': 1}"
3076,6,6,"{'Thursday': 2, 'Tuesday': 1, 'Wednesday': 1, 'Friday': 1, 'Monday': 1}","{'September': 2, 'July': 1, 'January': 1, 'February': 1, 'March': 1}"
9482,6,6,"{'Thursday': 2, 'Saturday': 2, 'Tuesday': 1, 'Friday': 1}","{'November': 3, 'May': 2, 'March': 1}"
9409,6,6,"{'Thursday': 2, 'Wednesday': 1, 'Friday': 1, 'Saturday': 1, 'Sunday': 1}","{'March': 3, 'November': 2, 'February': 1}"
7459,6,6,"{'Monday': 3, 'Thursday': 1, 'Sunday': 1, 'Tuesday': 1}","{'November': 1, 'December': 1, 'April': 1, 'October': 1, 'June': 1, 'September': 1}"
8728,6,6,"{'Wednesday': 2, 'Tuesday': 1, 'Saturday': 1, 'Thursday': 1, 'Monday': 1}","{'December': 2, 'May': 1, 'February': 1, 'June': 1, 'July': 1}"
4203,6,6,"{'Thursday': 2, 'Monday': 2, 'Wednesday': 1, 'Saturday': 1}","{'December': 2, 'September': 1, 'October': 1, 'July': 1, 'August': 1}"
2510,6,6,"{'Wednesday': 2, 'Tuesday': 1, 'Thursday': 1, 'Friday': 1, 'Sunday': 1}","{'September': 3, 'April': 1, 'May': 1, 'January': 1}"
3015,6,6,"{'Tuesday': 4, 'Monday': 1, 'Thursday': 1}","{'November': 3, 'June': 2, 'February': 1}"
9589,6,6,"{'Thursday': 3, 'Tuesday': 1, 'Friday': 1, 'Sunday': 1}","{'May': 2, 'September': 2, 'November': 1, 'April': 1}"
7086,6,6,"{'Saturday': 2, 'Sunday': 2, 'Wednesday': 1, 'Thursday': 1}","{'November': 2, 'December': 2, 'August': 1, 'May': 1}"
7950,6,6,"{'Tuesday': 2, 'Monday': 2, 'Thursday': 1, 'Wednesday': 1}","{'November': 2, 'October': 1, 'April': 1, 'June': 1, 'August': 1}"
9974,6,6,"{'Sunday': 2, 'Monday': 1, 'Wednesday': 1, 'Thursday': 1, 'Saturday': 1}","{'November': 2, 'April': 2, 'February': 1, 'June': 1}"
8598,6,6,"{'Saturday': 2, 'Thursday': 1, 'Monday': 1, 'Sunday': 1, 'Tuesday': 1}","{'November': 1, 'June': 1, 'April': 1, 'February': 1, 'May': 1, 'October': 1}"
7231,6,6,"{'Friday': 2, 'Monday': 1, 'Saturday': 1, 'Sunday': 1, 'Thursday': 1}","{'November': 2, 'August': 2, 'September': 1, 'May': 1}"
2204,6,6,"{'Thursday': 2, 'Monday': 2, 'Sunday': 1, 'Friday': 1}","{'October': 2, 'November': 1, 'July': 1, 'June': 1, 'September': 1}"
6326,5,7,"{'Friday': 2, 'Sunday': 1, 'Monday': 1, 'Thursday': 1}","{'October': 1, 'December': 1, 'May': 1, 'August': 1, 'September': 1}"
1025,5,7,"{'Thursday': 3, 'Friday': 2}","{'November': 1, 'May': 1, 'August': 1, 'March': 1, 'June': 1}"
4652,5,7,"{'Monday': 1, 'Wednesday': 1, 'Thursday': 1, 'Friday': 1, 'Tuesday': 1}","{'February': 2, 'August': 1, 'November': 1, 'April': 1}"
8376,5,7,"{'Tuesday': 2, 'Thursday': 2, 'Monday': 1}","{'April': 2, 'May': 1, 'January': 1, 'March': 1}"
3629,5,7,"{'Monday': 2, 'Tuesday': 1, 'Friday': 1, 'Thursday': 1}","{'April': 3, 'November': 2}"
6712,5,7,"{'Sunday': 1, 'Saturday': 1, 'Thursday': 1, 'Wednesday': 1, 'Tuesday': 1}","{'March': 2, 'June': 1, 'October': 1, 'July': 1}"
609,5,7,"{'Sunday': 2, 'Wednesday': 1, 'Tuesday': 1, 'Thursday': 1}","{'March': 1, 'September': 1, 'February': 1, 'June': 1, 'July': 1}"
6106,5,7,"{'Thursday': 4, 'Friday': 1}","{'March': 2, 'February': 1, 'July': 1, 'September': 1}"
6756,5,7,"{'Saturday': 2, 'Monday': 1, 'Thursday': 1, 'Wednesday': 1}","{'July': 1, 'February': 1, 'November': 1, 'August': 1, 'March': 1}"
5401,5,7,"{'Friday': 2, 'Saturday': 1, 'Wednesday': 1, 'Thursday': 1}","{'July': 2, 'April': 1, 'January': 1, 'November': 1}"
1319,5,7,"{'Tuesday': 2, 'Thursday': 1, 'Monday': 1, 'Saturday': 1}","{'August': 2, 'January': 1, 'July': 1, 'September': 1}"
22,5,7,"{'Friday': 2, 'Thursday': 1, 'Tuesday': 1, 'Saturday': 1}","{'November': 2, 'February': 2, 'August': 1}"
935,5,7,"{'Thursday': 3, 'Sunday': 1, 'Tuesday': 1}","{'June': 2, 'November': 1, 'December': 1, 'July': 1}"
972,5,7,"{'Wednesday': 2, 'Thursday': 2, 'Monday': 1}","{'September': 2, 'November': 1, 'December': 1, 'July': 1}"
8372,5,7,"{'Saturday': 2, 'Wednesday': 1, 'Thursday': 1, 'Sunday': 1}","{'October': 2, 'March': 1, 'December': 1, 'February': 1}"
9928,5,7,"{'Thursday': 2, 'Wednesday': 1, 'Monday': 1, 'Friday': 1}","{'September': 2, 'July': 1, 'November': 1, 'January': 1}"
3579,5,7,"{'Tuesday': 2, 'Thursday': 1, 'Saturday': 1, 'Friday': 1}","{'September': 2, 'June': 1, 'July': 1, 'August': 1}"
4889,5,7,"{'Friday': 2, 'Tuesday': 1, 'Thursday': 1, 'Saturday': 1}","{'September': 1, 'November': 1, 'December': 1, 'May': 1, 'August': 1}"
8563,5,7,"{'Wednesday': 3, 'Friday': 1, 'Thursday': 1}","{'September': 1, 'July': 1, 'January': 1, 'February': 1, 'August': 1}"
8448,5,7,"{'Wednesday': 2, 'Thursday': 1, 'Sunday': 1, 'Monday': 1}","{'November': 1, 'December': 1, 'March': 1, 'April': 1, 'May': 1}"
3168,5,7,"{'Friday': 1, 'Sunday': 1, 'Saturday': 1, 'Thursday': 1, 'Tuesday': 1}","{'August': 2, 'November': 1, 'January': 1, 'June': 1}"
8397,5,7,"{'Tuesday': 2, 'Thursday': 2, 'Friday': 1}","{'August': 2, 'January': 1, 'July': 1, 'September': 1}"
7964,5,7,"{'Friday': 2, 'Thursday': 1, 'Wednesday': 1, 'Saturday': 1}","{'August': 2, 'March': 2, 'January': 1}"
1154,5,7,"{'Wednesday': 2, 'Monday': 1, 'Thursday': 1, 'Tuesday': 1}","{'August': 1, 'March': 1, 'December': 1, 'January': 1, 'April': 1}"
7391,5,7,"{'Tuesday': 2, 'Monday': 1, 'Sunday': 1, 'Thursday': 1}","{'August': 2, 'September': 1, 'April': 1, 'January': 1}"
5784,5,7,"{'Saturday': 2, 'Thursday': 1, 'Sunday': 1, 'Tuesday': 1}","{'November': 2, 'July': 1, 'October': 1, 'January': 1}"
6673,5,7,"{'Friday': 1, 'Tuesday': 1, 'Thursday': 1, 'Sunday': 1, 'Saturday': 1}","{'November': 1, 'February': 1, 'April': 1, 'July': 1, 'August': 1}"
5381,5,7,"{'Friday': 2, 'Thursday': 1, 'Sunday': 1, 'Wednesday': 1}","{'August': 2, 'November': 1, 'July': 1, 'March': 1}"
8661,5,7,"{'Monday': 3, 'Thursday': 1, 'Saturday': 1}","{'June': 2, 'September': 1, 'July': 1, 'February': 1}"
2755,5,7,"{'Sunday': 2, 'Wednesday': 1, 'Friday': 1, 'Thursday': 1}","{'October': 2, 'June': 1, 'August': 1, 'April': 1}"
4888,5,7,"{'Sunday': 1, 'Thursday': 1, 'Friday': 1, 'Wednesday': 1, 'Monday': 1}","{'June': 1, 'December': 1, 'February': 1, 'April': 1, 'September': 1}"
6850,5,7,"{'Wednesday': 1, 'Tuesday': 1, 'Thursday': 1, 'Friday': 1, 'Saturday': 1}","{'June': 1, 'April': 1, 'September': 1, 'February': 1, 'May': 1}"
2529,5,7,"{'Saturday': 2, 'Wednesday': 1, 'Thursday': 1, 'Sunday': 1}","{'July': 2, 'March': 1, 'November': 1, 'April': 1}"
7714,5,7,"{'Saturday': 2, 'Monday': 1, 'Sunday': 1, 'Thursday': 1}","{'October': 2, 'July': 1, 'September': 1, 'March': 1}"
6744,5,7,"{'Monday': 2, 'Wednesday': 1, 'Saturday': 1, 'Thursday': 1}","{'November': 1, 'December': 1, 'March': 1, 'May': 1, 'September': 1}"
873,5,7,"{'Thursday': 2, 'Sunday': 1, 'Friday': 1, 'Saturday': 1}","{'June': 1, 'July': 1, 'October': 1, 'February': 1, 'March': 1}"
5352,5,7,"{'Thursday': 2, 'Friday': 1, 'Sunday': 1, 'Tuesday': 1}","{'June': 1, 'October': 1, 'December': 1, 'April': 1, 'March': 1}"
7214,5,7,"{'Saturday': 2, 'Thursday': 1, 'Wednesday': 1, 'Monday': 1}","{'March': 2, 'May': 1, 'July': 1, 'January': 1}"
2788,5,7,"{'Saturday': 3, 'Thursday': 1, 'Wednesday': 1}","{'May': 2, 'June': 1, 'November': 1, 'February': 1}"
6459,5,7,"{'Sunday': 2, 'Saturday': 1, 'Thursday': 1, 'Monday': 1}","{'April': 1, 'August': 1, 'September': 1, 'March': 1, 'January': 1}"
2657,5,7,"{'Thursday': 2, 'Monday': 1, 'Wednesday': 1, 'Sunday': 1}","{'April': 1, 'August': 1, 'September': 1, 'May': 1, 'October': 1}"
5743,5,7,"{'Thursday': 2, 'Saturday': 1, 'Friday': 1, 'Wednesday': 1}","{'April': 1, 'August': 1, 'October': 1, 'February': 1, 'June': 1}"
5475,5,7,"{'Thursday': 1, 'Monday': 1, 'Tuesday': 1, 'Friday': 1, 'Wednesday': 1}","{'February': 2, 'April': 1, 'January': 1, 'May': 1}"
9569,5,7,"{'Saturday': 1, 'Thursday': 1, 'Wednesday': 1, 'Monday': 1, 'Tuesday': 1}","{'April': 1, 'September': 1, 'March': 1, 'October': 1, 'July': 1}"
5039,5,7,"{'Tuesday': 3, 'Thursday': 1, 'Friday': 1}","{'October': 3, 'March': 1, 'November': 1}"
4817,5,7,"{'Thursday': 3, 'Friday': 1, 'Wednesday': 1}","{'March': 1, 'May': 1, 'December': 1, 'February': 1, 'July': 1}"
7157,5,7,"{'Saturday': 2, 'Wednesday': 1, 'Tuesday': 1, 'Thursday': 1}","{'August': 2, 'December': 1, 'February': 1, 'May': 1}"
6197,5,7,"{'Friday': 3, 'Tuesday': 1, 'Thursday': 1}","{'December': 2, 'May': 2, 'April': 1}"
4422,5,7,"{'Tuesday': 1, 'Wednesday': 1, 'Thursday': 1, 'Saturday': 1, 'Monday': 1}","{'December': 2, 'March': 1, 'August': 1, 'June': 1}"
4391,5,7,"{'Sunday': 2, 'Tuesday': 2, 'Thursday': 1}","{'March': 1, 'February': 1, 'April': 1, 'July': 1, 'September': 1}"
8136,5,7,"{'Thursday': 2, 'Saturday': 1, 'Friday': 1, 'Sunday': 1}","{'July': 1, 'March': 1, 'December': 1, 'January': 1, 'August': 1}"
8166,5,7,"{'Friday': 2, 'Thursday': 1, 'Wednesday': 1, 'Saturday': 1}","{'December': 2, 'May': 1, 'June': 1, 'February': 1}"
7175,5,7,"{'Saturday': 2, 'Monday': 1, 'Thursday': 1, 'Friday': 1}","{'February': 2, 'October': 1, 'May': 1, 'August': 1}"
9080,5,7,"{'Monday': 2, 'Thursday': 1, 'Saturday': 1, 'Tuesday': 1}","{'January': 1, 'April': 1, 'August': 1, 'September': 1, 'July': 1}"
4728,5,7,"{'Tuesday': 1, 'Monday': 1, 'Sunday': 1, 'Thursday': 1, 'Wednesday': 1}","{'January': 1, 'November': 1, 'February': 1, 'July': 1, 'October': 1}"
9578,5,7,"{'Thursday': 2, 'Friday': 1, 'Tuesday': 1, 'Saturday': 1}","{'September': 2, 'January': 1, 'October': 1, 'November': 1}"
9847,5,7,"{'Wednesday': 2, 'Tuesday': 1, 'Saturday': 1, 'Thursday': 1}","{'January': 1, 'April': 1, 'March': 1, 'August': 1, 'September': 1}"
9291,5,7,"{'Thursday': 2, 'Sunday': 1, 'Tuesday': 1, 'Wednesday': 1}","{'May': 2, 'January': 1, 'December': 1, 'February': 1}"
4213,5,7,"{'Saturday': 2, 'Monday': 1, 'Thursday': 1, 'Tuesday': 1}","{'December': 2, 'January': 1, 'July': 1, 'September': 1}"
7902,5,7,"{'Monday': 1, 'Wednesday': 1, 'Friday': 1, 'Thursday': 1, 'Sunday': 1}","{'November': 1, 'January': 1, 'March': 1, 'June': 1, 'December': 1}"
1029,5,7,"{'Thursday': 2, 'Monday': 1, 'Saturday': 1, 'Wednesday': 1}","{'November': 2, 'May': 1, 'December': 1, 'June': 1}"
9779,5,7,"{'Wednesday': 2, 'Friday': 1, 'Thursday': 1, 'Sunday': 1}","{'March': 2, 'November': 1, 'February': 1, 'July': 1}"
6778,5,7,"{'Wednesday': 2, 'Sunday': 2, 'Thursday': 1}","{'August': 2, 'January': 1, 'October': 1, 'July': 1}"
5944,5,7,"{'Wednesday': 2, 'Friday': 1, 'Thursday': 1, 'Tuesday': 1}","{'January': 1, 'February': 1, 'March': 1, 'December': 1, 'April': 1}"
8039,5,7,"{'Thursday': 2, 'Friday': 2, 'Monday': 1}","{'December': 1, 'January': 1, 'February': 1, 'October': 1, 'March': 1}"
7917,5,7,"{'Thursday': 2, 'Saturday': 1, 'Monday': 1, 'Friday': 1}","{'December': 1, 'January': 1, 'June': 1, 'November': 1, 'February': 1}"
6303,5,7,"{'Thursday': 2, 'Wednesday': 1, 'Monday': 1, 'Saturday': 1}","{'December': 1, 'January': 1, 'February': 1, 'June': 1, 'April': 1}"
4677,5,7,"{'Friday': 2, 'Wednesday': 1, 'Monday': 1, 'Thursday': 1}","{'May': 2, 'December': 1, 'January': 1, 'November': 1}"
6002,5,7,"{'Wednesday': 2, 'Monday': 1, 'Thursday': 1, 'Sunday': 1}","{'February': 2, 'December': 1, 'May': 1, 'August': 1}"
8706,5,7,"{'Saturday': 2, 'Sunday': 1, 'Thursday': 1, 'Wednesday': 1}","{'August': 1, 'July': 1, 'December': 1, 'May': 1, 'September': 1}"
3113,5,7,"{'Monday': 2, 'Friday': 1, 'Thursday': 1, 'Tuesday': 1}","{'December': 1, 'April': 1, 'October': 1, 'May': 1, 'August': 1}"
7907,5,7,"{'Friday': 3, 'Saturday': 1, 'Thursday': 1}","{'September': 2, 'December': 1, 'November': 1, 'February': 1}"
7771,5,7,"{'Saturday': 2, 'Thursday': 2, 'Monday': 1}","{'December': 1, 'August': 1, 'March': 1, 'October': 1, 'July': 1}"
846,5,7,"{'Monday': 2, 'Thursday': 1, 'Saturday': 1, 'Tuesday': 1}","{'December': 2, 'March': 1, 'September': 1, 'January': 1}"
4221,5,7,"{'Wednesday': 2, 'Monday': 1, 'Tuesday': 1, 'Thursday': 1}","{'November': 1, 'May': 1, 'August': 1, 'January': 1, 'April': 1}"
219,5,7,"{'Monday': 1, 'Wednesday': 1, 'Thursday': 1, 'Tuesday': 1, 'Friday': 1}","{'November': 2, 'October': 1, 'December': 1, 'February': 1}"
6930,5,7,"{'Friday': 3, 'Tuesday': 1, 'Thursday': 1}","{'November': 1, 'August': 1, 'September': 1, 'March': 1, 'May': 1}"
3893,5,7,"{'Thursday': 2, 'Saturday': 2, 'Monday': 1}","{'November': 2, 'April': 1, 'January': 1, 'June': 1}"
2793,5,7,"{'Wednesday': 1, 'Friday': 1, 'Thursday': 1, 'Sunday': 1, 'Saturday': 1}","{'November': 1, 'January': 1, 'July': 1, 'October': 1, 'September': 1}"
5552,5,7,"{'Monday': 2, 'Sunday': 1, 'Wednesday': 1, 'Thursday': 1}","{'November': 3, 'April': 2}"
7502,5,7,"{'Saturday': 2, 'Thursday': 1, 'Wednesday': 1, 'Sunday': 1}","{'February': 2, 'November': 1, 'January': 1, 'July': 1}"
9046,5,7,"{'Tuesday': 2, 'Thursday': 1, 'Sunday': 1, 'Friday': 1}","{'November': 1, 'December': 1, 'May': 1, 'October': 1, 'September': 1}"
2758,5,7,"{'Friday': 2, 'Tuesday': 1, 'Saturday': 1, 'Thursday': 1}","{'January': 2, 'December': 1, 'April': 1, 'June': 1}"
3543,5,7,"{'Friday': 2, 'Wednesday': 1, 'Thursday': 1, 'Tuesday': 1}","{'June': 2, 'October': 1, 'April': 1, 'November': 1}"
2460,5,7,"{'Thursday': 2, 'Wednesday': 1, 'Sunday': 1, 'Tuesday': 1}","{'January': 2, 'October': 1, 'June': 1, 'July': 1}"
2521,5,7,"{'Friday': 2, 'Sunday': 1, 'Tuesday': 1, 'Thursday': 1}","{'October': 2, 'November': 1, 'February': 1, 'July': 1}"
9187,5,7,"{'Saturday': 1, 'Sunday': 1, 'Wednesday': 1, 'Thursday': 1, 'Tuesday': 1}","{'July': 2, 'October': 1, 'May': 1, 'February': 1}"
369,5,7,"{'Wednesday': 2, 'Saturday': 1, 'Thursday': 1, 'Friday': 1}","{'August': 1, 'December': 1, 'February': 1, 'May': 1, 'June': 1}"
9581,5,7,"{'Thursday': 2, 'Monday': 1, 'Tuesday': 1, 'Sunday': 1}","{'August': 2, 'May': 2, 'February': 1}"
5011,5,7,"{'Monday': 1, 'Sunday': 1, 'Wednesday': 1, 'Thursday': 1, 'Saturday': 1}","{'August': 1, 'December': 1, 'May': 1, 'October': 1, 'November': 1}"
7619,5,7,"{'Tuesday': 2, 'Thursday': 1, 'Saturday': 1, 'Wednesday': 1}","{'October': 2, 'January': 1, 'March': 1, 'April': 1}"
3725,5,7,"{'Tuesday': 1, 'Friday': 1, 'Sunday': 1, 'Thursday': 1, 'Saturday': 1}","{'December': 1, 'April': 1, 'July': 1, 'January': 1, 'March': 1}"
9111,5,7,"{'Tuesday': 2, 'Thursday': 1, 'Saturday': 1, 'Wednesday': 1}","{'October': 2, 'March': 1, 'May': 1, 'July': 1}"
2829,5,7,"{'Thursday': 1, 'Friday': 1, 'Tuesday': 1, 'Sunday': 1, 'Monday': 1}","{'December': 2, 'October': 1, 'February': 1, 'May': 1}"
6210,5,7,"{'Saturday': 2, 'Sunday': 1, 'Friday': 1, 'Thursday': 1}","{'September': 1, 'March': 1, 'November': 1, 'December': 1, 'January': 1}"
4017,5,7,"{'Tuesday': 2, 'Friday': 1, 'Wednesday': 1, 'Thursday': 1}","{'September': 2, 'May': 1, 'December': 1, 'February': 1}"
9283,5,7,"{'Thursday': 3, 'Tuesday': 1, 'Wednesday': 1}","{'September': 1, 'December': 1, 'April': 1, 'November': 1, 'March': 1}"
5929,5,7,"{'Wednesday': 2, 'Thursday': 1, 'Saturday': 1, 'Monday': 1}","{'September': 1, 'March': 1, 'May': 1, 'October': 1, 'November': 1}"
8128,5,7,"{'Friday': 2, 'Monday': 1, 'Thursday': 1, 'Tuesday': 1}","{'March': 2, 'September': 1, 'October': 1, 'May': 1}"
8570,5,7,"{'Wednesday': 2, 'Thursday': 1, 'Sunday': 1, 'Friday': 1}","{'August': 3, 'June': 1, 'September': 1}"
7331,5,7,"{'Thursday': 2, 'Sunday': 1, 'Monday': 1, 'Tuesday': 1}","{'September': 2, 'February': 1, 'April': 1, 'December': 1}"
9942,5,7,"{'Monday': 2, 'Wednesday': 1, 'Thursday': 1, 'Friday': 1}","{'October': 2, 'August': 1, 'March': 1, 'September': 1}"
5393,5,7,"{'Thursday': 2, 'Tuesday': 1, 'Wednesday': 1, 'Monday': 1}","{'December': 2, 'September': 2, 'August': 1}"
1935,5,7,"{'Friday': 2, 'Monday': 1, 'Sunday': 1, 'Thursday': 1}","{'December': 2, 'March': 1, 'September': 1, 'November': 1}"
2629,5,7,"{'Sunday': 2, 'Thursday': 2, 'Monday': 1}","{'August': 2, 'March': 1, 'April': 1, 'January': 1}"
1075,5,7,"{'Monday': 2, 'Wednesday': 2, 'Thursday': 1}","{'March': 2, 'August': 1, 'January': 1, 'June': 1}"
3554,5,7,"{'Friday': 1, 'Wednesday': 1, 'Thursday': 1, 'Monday': 1, 'Sunday': 1}","{'August': 2, 'March': 1, 'April': 1, 'May': 1}"
3795,5,7,"{'Thursday': 2, 'Saturday': 1, 'Monday': 1, 'Sunday': 1}","{'February': 2, 'August': 1, 'July': 1, 'September': 1}"
7682,5,7,"{'Sunday': 2, 'Friday': 1, 'Thursday': 1, 'Wednesday': 1}","{'August': 2, 'October': 1, 'December': 1, 'June': 1}"
2114,5,7,"{'Wednesday': 3, 'Tuesday': 1, 'Thursday': 1}","{'August': 2, 'November': 1, 'January': 1, 'July': 1}"
2078,5,7,"{'Friday': 3, 'Tuesday': 1, 'Thursday': 1}","{'December': 2, 'January': 1, 'April': 1, 'September': 1}"
2282,5,7,"{'Sunday': 2, 'Wednesday': 1, 'Saturday': 1, 'Thursday': 1}","{'August': 1, 'May': 1, 'September': 1, 'February': 1, 'June': 1}"
717,5,7,"{'Thursday': 2, 'Tuesday': 1, 'Sunday': 1, 'Friday': 1}","{'November': 2, 'August': 1, 'December': 1, 'February': 1}"
8460,5,7,"{'Monday': 1, 'Thursday': 1, 'Sunday': 1, 'Wednesday': 1, 'Tuesday': 1}","{'August': 1, 'November': 1, 'March': 1, 'July': 1, 'June': 1}"
7123,5,7,"{'Sunday': 2, 'Saturday': 1, 'Thursday': 1, 'Tuesday': 1}","{'May': 2, 'August': 1, 'November': 1, 'March': 1}"
6932,5,7,"{'Sunday': 2, 'Thursday': 1, 'Wednesday': 1, 'Saturday': 1}","{'August': 3, 'July': 1, 'September': 1}"
2972,5,7,"{'Wednesday': 3, 'Tuesday': 1, 'Thursday': 1}","{'June': 2, 'November': 1, 'May': 1, 'August': 1}"
6525,5,7,"{'Wednesday': 2, 'Monday': 1, 'Thursday': 1, 'Friday': 1}","{'August': 1, 'October': 1, 'May': 1, 'June': 1, 'February': 1}"
9630,5,7,"{'Sunday': 2, 'Thursday': 1, 'Friday': 1, 'Wednesday': 1}","{'July': 2, 'September': 1, 'June': 1, 'March': 1}"
7886,5,7,"{'Thursday': 1, 'Saturday': 1, 'Wednesday': 1, 'Friday': 1, 'Tuesday': 1}","{'July': 2, 'October': 1, 'June': 1, 'May': 1}"
6973,5,7,"{'Thursday': 2, 'Sunday': 1, 'Friday': 1, 'Wednesday': 1}","{'July': 2, 'January': 1, 'August': 1, 'March': 1}"
3203,5,7,"{'Wednesday': 2, 'Tuesday': 1, 'Thursday': 1, 'Monday': 1}","{'August': 1, 'April': 1, 'January': 1, 'June': 1, 'September': 1}"
6311,5,7,"{'Thursday': 2, 'Sunday': 2, 'Wednesday': 1}","{'November': 2, 'July': 1, 'March': 1, 'September': 1}"
2153,5,7,"{'Thursday': 2, 'Sunday': 1, 'Wednesday': 1, 'Friday': 1}","{'July': 2, 'March': 1, 'April': 1, 'January': 1}"
8176,5,7,"{'Wednesday': 3, 'Thursday': 1, 'Sunday': 1}","{'July': 1, 'November': 1, 'March': 1, 'January': 1, 'August': 1}"
7747,5,7,"{'Tuesday': 1, 'Monday': 1, 'Friday': 1, 'Sunday': 1, 'Thursday': 1}","{'July': 2, 'June': 1, 'April': 1, 'February': 1}"
3566,5,7,"{'Thursday': 2, 'Tuesday': 1, 'Saturday': 1, 'Wednesday': 1}","{'April': 2, 'July': 1, 'August': 1, 'January': 1}"
1443,5,7,"{'Wednesday': 2, 'Saturday': 1, 'Sunday': 1, 'Thursday': 1}","{'October': 3, 'July': 2}"
7725,5,7,"{'Sunday': 2, 'Wednesday': 1, 'Thursday': 1, 'Friday': 1}","{'July': 2, 'September': 1, 'November': 1, 'October': 1}"
1356,5,7,"{'Thursday': 2, 'Sunday': 1, 'Friday': 1, 'Tuesday': 1}","{'July': 2, 'March': 1, 'December': 1, 'September': 1}"
7183,5,7,"{'Thursday': 3, 'Tuesday': 1, 'Sunday': 1}","{'August': 2, 'March': 1, 'September': 1, 'October': 1}"
6536,5,7,"{'Thursday': 1, 'Friday': 1, 'Wednesday': 1, 'Sunday': 1, 'Monday': 1}","{'August': 3, 'March': 1, 'June': 1}"
3300,5,7,"{'Thursday': 1, 'Monday': 1, 'Friday': 1, 'Wednesday': 1, 'Sunday': 1}","{'March': 2, 'August': 1, 'January': 1, 'April': 1}"
1144,5,7,"{'Thursday': 1, 'Saturday': 1, 'Wednesday': 1, 'Friday': 1, 'Tuesday': 1}","{'August': 1, 'February': 1, 'April': 1, 'July': 1, 'September': 1}"
3395,5,7,"{'Friday': 2, 'Thursday': 2, 'Saturday': 1}","{'August': 3, 'July': 1, 'January': 1}"
7271,5,7,"{'Friday': 2, 'Thursday': 1, 'Wednesday': 1, 'Sunday': 1}","{'July': 2, 'June': 1, 'September': 1, 'March': 1}"
3999,5,7,"{'Wednesday': 1, 'Sunday': 1, 'Tuesday': 1, 'Thursday': 1, 'Saturday': 1}","{'August': 2, 'June': 1, 'July': 1, 'March': 1}"
7887,5,7,"{'Tuesday': 1, 'Wednesday': 1, 'Thursday': 1, 'Monday': 1, 'Sunday': 1}","{'August': 2, 'June': 1, 'September': 1, 'November': 1}"
1297,5,7,"{'Saturday': 2, 'Thursday': 1, 'Wednesday': 1, 'Friday': 1}","{'December': 1, 'September': 1, 'April': 1, 'August': 1, 'March': 1}"
9423,5,7,"{'Sunday': 1, 'Friday': 1, 'Saturday': 1, 'Monday': 1, 'Thursday': 1}","{'June': 1, 'August': 1, 'July': 1, 'January': 1, 'April': 1}"
7832,5,7,"{'Friday': 2, 'Sunday': 1, 'Thursday': 1, 'Saturday': 1}","{'April': 2, 'June': 1, 'March': 1, 'May': 1}"
5845,5,7,"{'Saturday': 1, 'Friday': 1, 'Thursday': 1, 'Wednesday': 1, 'Tuesday': 1}","{'June': 1, 'July': 1, 'November': 1, 'February': 1, 'August': 1}"
1194,5,7,"{'Friday': 2, 'Saturday': 1, 'Tuesday': 1, 'Thursday': 1}","{'October': 2, 'June': 1, 'September': 1, 'January': 1}"
2171,5,7,"{'Thursday': 2, 'Friday': 1, 'Monday': 1, 'Sunday': 1}","{'June': 1, 'July': 1, 'August': 1, 'May': 1, 'September': 1}"
6752,5,7,"{'Sunday': 2, 'Monday': 1, 'Thursday': 1, 'Friday': 1}","{'October': 2, 'August': 1, 'December': 1, 'February': 1}"
8966,5,7,"{'Saturday': 1, 'Tuesday': 1, 'Thursday': 1, 'Wednesday': 1, 'Sunday': 1}","{'December': 2, 'May': 1, 'October': 1, 'September': 1}"
7644,5,7,"{'Wednesday': 2, 'Thursday': 2, 'Monday': 1}","{'June': 2, 'August': 1, 'April': 1, 'July': 1}"
3627,5,7,"{'Thursday': 1, 'Friday': 1, 'Wednesday': 1, 'Monday': 1, 'Tuesday': 1}","{'June': 1, 'September': 1, 'August': 1, 'December': 1, 'May': 1}"
8066,5,7,"{'Monday': 3, 'Tuesday': 1, 'Thursday': 1}","{'November': 2, 'August': 1, 'May': 1, 'September': 1}"
8137,5,7,"{'Friday': 2, 'Thursday': 1, 'Wednesday': 1, 'Tuesday': 1}","{'July': 3, 'May': 1, 'March': 1}"
6408,5,7,"{'Friday': 2, 'Thursday': 1, 'Monday': 1, 'Saturday': 1}","{'December': 2, 'May': 1, 'January': 1, 'March': 1}"
3398,5,7,"{'Thursday': 2, 'Monday': 1, 'Tuesday': 1, 'Saturday': 1}","{'May': 1, 'November': 1, 'August': 1, 'December': 1, 'June': 1}"
6882,5,7,"{'Monday': 1, 'Thursday': 1, 'Saturday': 1, 'Friday': 1, 'Sunday': 1}","{'November': 2, 'March': 1, 'October': 1, 'July': 1}"
8525,5,7,"{'Friday': 2, 'Monday': 1, 'Wednesday': 1, 'Thursday': 1}","{'February': 2, 'May': 1, 'December': 1, 'March': 1}"
6913,5,7,"{'Monday': 2, 'Wednesday': 2, 'Thursday': 1}","{'May': 2, 'March': 2, 'June': 1}"
4192,5,7,"{'Thursday': 2, 'Tuesday': 1, 'Wednesday': 1, 'Sunday': 1}","{'May': 1, 'December': 1, 'August': 1, 'October': 1, 'March': 1}"
4714,5,7,"{'Friday': 3, 'Monday': 1, 'Thursday': 1}","{'July': 2, 'May': 1, 'January': 1, 'June': 1}"
2053,5,7,"{'Saturday': 3, 'Thursday': 2}","{'May': 1, 'March': 1, 'January': 1, 'November': 1, 'September': 1}"
246,5,7,"{'Wednesday': 2, 'Thursday': 1, 'Saturday': 1, 'Friday': 1}","{'May': 1, 'September': 1, 'February': 1, 'August': 1, 'December': 1}"
1990,5,7,"{'Wednesday': 2, 'Friday': 1, 'Tuesday': 1, 'Thursday': 1}","{'December': 1, 'September': 1, 'August': 1, 'October': 1, 'July': 1}"
8415,5,7,"{'Tuesday': 2, 'Thursday': 2, 'Monday': 1}","{'December': 1, 'October': 1, 'November': 1, 'January': 1, 'July': 1}"
7010,5,7,"{'Tuesday': 2, 'Friday': 1, 'Thursday': 1, 'Wednesday': 1}","{'July': 2, 'December': 1, 'April': 1, 'October': 1}"
7120,5,7,"{'Friday': 1, 'Tuesday': 1, 'Sunday': 1, 'Wednesday': 1, 'Thursday': 1}","{'August': 2, 'March': 1, 'June': 1, 'September': 1}"
7049,5,7,"{'Wednesday': 2, 'Thursday': 2, 'Friday': 1}","{'August': 2, 'June': 2, 'March': 1}"
8849,5,7,"{'Thursday': 2, 'Tuesday': 1, 'Monday': 1, 'Wednesday': 1}","{'March': 2, 'May': 1, 'July': 1, 'April': 1}"
3222,5,7,"{'Thursday': 2, 'Tuesday': 1, 'Friday': 1, 'Sunday': 1}","{'May': 1, 'July': 1, 'December': 1, 'November': 1, 'August': 1}"
2348,5,7,"{'Friday': 3, 'Thursday': 1, 'Tuesday': 1}","{'June': 2, 'April': 1, 'March': 1, 'July': 1}"
8746,5,7,"{'Wednesday': 2, 'Thursday': 1, 'Friday': 1, 'Saturday': 1}","{'April': 2, 'January': 1, 'February': 1, 'June': 1}"
8446,5,7,"{'Wednesday': 2, 'Saturday': 1, 'Thursday': 1, 'Tuesday': 1}","{'December': 2, 'April': 1, 'August': 1, 'July': 1}"
1531,5,7,"{'Monday': 1, 'Wednesday': 1, 'Saturday': 1, 'Friday': 1, 'Thursday': 1}","{'April': 2, 'August': 1, 'February': 1, 'June': 1}"
6777,5,7,"{'Saturday': 3, 'Monday': 1, 'Thursday': 1}","{'April': 2, 'August': 1, 'January': 1, 'June': 1}"
3950,5,7,"{'Monday': 2, 'Thursday': 1, 'Wednesday': 1, 'Tuesday': 1}","{'April': 2, 'August': 2, 'September': 1}"
3074,5,7,"{'Tuesday': 2, 'Thursday': 1, 'Sunday': 1, 'Wednesday': 1}","{'April': 1, 'June': 1, 'May': 1, 'September': 1, 'November': 1}"
8501,5,7,"{'Monday': 2, 'Saturday': 2, 'Thursday': 1}","{'February': 2, 'July': 2, 'April': 1}"
867,5,7,"{'Thursday': 2, 'Friday': 1, 'Monday': 1, 'Saturday': 1}","{'April': 1, 'July': 1, 'October': 1, 'November': 1, 'March': 1}"
5576,5,7,"{'Thursday': 2, 'Saturday': 2, 'Friday': 1}","{'April': 2, 'June': 1, 'November': 1, 'March': 1}"
2109,5,7,"{'Saturday': 2, 'Thursday': 1, 'Wednesday': 1, 'Tuesday': 1}","{'December': 2, 'August': 1, 'November': 1, 'January': 1}"
7270,5,7,"{'Friday': 2, 'Thursday': 2, 'Wednesday': 1}","{'December': 1, 'January': 1, 'April': 1, 'November': 1, 'August': 1}"
4534,5,7,"{'Monday': 1, 'Wednesday': 1, 'Thursday': 1, 'Saturday': 1, 'Sunday': 1}","{'April': 1, 'February': 1, 'March': 1, 'July': 1, 'August': 1}"
5263,5,7,"{'Tuesday': 2, 'Thursday': 1, 'Saturday': 1, 'Wednesday': 1}","{'May': 2, 'March': 1, 'December': 1, 'June': 1}"
5549,5,7,"{'Friday': 1, 'Monday': 1, 'Sunday': 1, 'Thursday': 1, 'Wednesday': 1}","{'April': 1, 'August': 1, 'January': 1, 'October': 1, 'February': 1}"
636,5,7,"{'Thursday': 2, 'Friday': 1, 'Tuesday': 1, 'Sunday': 1}","{'April': 2, 'July': 2, 'May': 1}"
2827,5,7,"{'Saturday': 2, 'Thursday': 1, 'Friday': 1, 'Tuesday': 1}","{'August': 2, 'April': 1, 'March': 1, 'October': 1}"
2208,5,7,"{'Thursday': 3, 'Saturday': 1, 'Sunday': 1}","{'August': 2, 'July': 2, 'April': 1}"
6270,5,7,"{'Tuesday': 3, 'Sunday': 1, 'Thursday': 1}","{'April': 1, 'December': 1, 'January': 1, 'June': 1, 'August': 1}"
1952,5,7,"{'Monday': 2, 'Thursday': 1, 'Friday': 1, 'Tuesday': 1}","{'April': 1, 'February': 1, 'March': 1, 'May': 1, 'July': 1}"
1553,5,7,"{'Thursday': 2, 'Sunday': 2, 'Tuesday': 1}","{'March': 2, 'September': 1, 'August': 1, 'December': 1}"
5563,5,7,"{'Wednesday': 2, 'Saturday': 2, 'Thursday': 1}","{'December': 2, 'March': 1, 'October': 1, 'February': 1}"
4159,5,7,"{'Wednesday': 1, 'Tuesday': 1, 'Thursday': 1, 'Friday': 1, 'Monday': 1}","{'March': 1, 'October': 1, 'February': 1, 'May': 1, 'September': 1}"
5494,5,7,"{'Monday': 2, 'Sunday': 2, 'Thursday': 1}","{'March': 2, 'January': 2, 'September': 1}"
557,5,7,"{'Saturday': 2, 'Wednesday': 2, 'Thursday': 1}","{'March': 1, 'February': 1, 'October': 1, 'November': 1, 'January': 1}"
5252,5,7,"{'Wednesday': 3, 'Thursday': 1, 'Friday': 1}","{'January': 2, 'March': 1, 'August': 1, 'November': 1}"
8151,5,7,"{'Thursday': 2, 'Monday': 1, 'Saturday': 1, 'Sunday': 1}","{'March': 1, 'May': 1, 'June': 1, 'August': 1, 'September': 1}"
351,5,7,"{'Monday': 2, 'Tuesday': 1, 'Thursday': 1, 'Friday': 1}","{'May': 3, 'March': 2}"
9585,5,7,"{'Thursday': 2, 'Tuesday': 2, 'Wednesday': 1}","{'March': 2, 'May': 1, 'July': 1, 'September': 1}"
3232,5,7,"{'Wednesday': 1, 'Sunday': 1, 'Friday': 1, 'Saturday': 1, 'Thursday': 1}","{'December': 1, 'August': 1, 'June': 1, 'February': 1, 'March': 1}"
3542,5,7,"{'Saturday': 2, 'Monday': 1, 'Thursday': 1, 'Wednesday': 1}","{'March': 2, 'January': 1, 'December': 1, 'November': 1}"
8733,5,7,"{'Thursday': 2, 'Wednesday': 2, 'Monday': 1}","{'March': 1, 'May': 1, 'August': 1, 'November': 1, 'July': 1}"
5229,5,7,"{'Thursday': 2, 'Monday': 2, 'Friday': 1}","{'November': 2, 'March': 1, 'September': 1, 'January': 1}"
4651,5,7,"{'Thursday': 2, 'Monday': 1, 'Saturday': 1, 'Wednesday': 1}","{'March': 1, 'November': 1, 'July': 1, 'September': 1, 'June': 1}"
1651,5,7,"{'Thursday': 2, 'Friday': 1, 'Wednesday': 1, 'Tuesday': 1}","{'April': 2, 'August': 1, 'October': 1, 'February': 1}"
7991,5,7,"{'Tuesday': 3, 'Wednesday': 1, 'Thursday': 1}","{'August': 2, 'February': 1, 'December': 1, 'January': 1}"
9791,5,7,"{'Friday': 2, 'Saturday': 1, 'Tuesday': 1, 'Thursday': 1}","{'March': 1, 'August': 1, 'October': 1, 'May': 1, 'July': 1}"
7057,5,7,"{'Saturday': 1, 'Sunday': 1, 'Monday': 1, 'Tuesday': 1, 'Thursday': 1}","{'March': 2, 'April': 1, 'August': 1, 'December': 1}"
8690,5,7,"{'Friday': 2, 'Monday': 1, 'Tuesday': 1, 'Thursday': 1}","{'March': 1, 'April': 1, 'August': 1, 'February': 1, 'December': 1}"
4352,5,7,"{'Thursday': 1, 'Saturday': 1, 'Tuesday': 1, 'Sunday': 1, 'Friday': 1}","{'March': 1, 'April': 1, 'June': 1, 'September': 1, 'December': 1}"
414,5,7,"{'Tuesday': 2, 'Thursday': 1, 'Wednesday': 1, 'Sunday': 1}","{'March': 1, 'April': 1, 'September': 1, 'August': 1, 'January': 1}"
6839,5,7,"{'Wednesday': 1, 'Monday': 1, 'Saturday': 1, 'Sunday': 1, 'Thursday': 1}","{'March': 1, 'November': 1, 'January': 1, 'February': 1, 'September': 1}"
4721,5,7,"{'Wednesday': 2, 'Thursday': 1, 'Monday': 1, 'Friday': 1}","{'March': 1, 'April': 1, 'June': 1, 'July': 1, 'January': 1}"
5680,5,7,"{'Thursday': 2, 'Monday': 1, 'Wednesday': 1, 'Tuesday': 1}","{'February': 1, 'May': 1, 'December': 1, 'August': 1, 'September': 1}"
9798,5,7,"{'Thursday': 3, 'Friday': 2}","{'February': 2, 'July': 1, 'August': 1, 'March': 1}"
99,5,7,"{'Friday': 1, 'Thursday': 1, 'Wednesday': 1, 'Saturday': 1, 'Tuesday': 1}","{'February': 1, 'August': 1, 'October': 1, 'May': 1, 'September': 1}"
9305,5,7,"{'Thursday': 3, 'Monday': 1, 'Wednesday': 1}","{'February': 2, 'November': 2, 'March': 1}"
1245,5,7,"{'Monday': 2, 'Saturday': 1, 'Thursday': 1, 'Tuesday': 1}","{'August': 1, 'September': 1, 'December': 1, 'January': 1, 'July': 1}"
5762,5,7,"{'Friday': 2, 'Thursday': 1, 'Wednesday': 1, 'Sunday': 1}","{'March': 2, 'August': 1, 'September': 1, 'May': 1}"
4757,5,7,"{'Thursday': 1, 'Friday': 1, 'Monday': 1, 'Sunday': 1, 'Saturday': 1}","{'October': 2, 'August': 1, 'June': 1, 'July': 1}"
4414,5,7,"{'Tuesday': 2, 'Thursday': 1, 'Saturday': 1, 'Wednesday': 1}","{'August': 1, 'November': 1, 'July': 1, 'December': 1, 'September': 1}"
4285,5,7,"{'Thursday': 3, 'Friday': 1, 'Tuesday': 1}","{'August': 1, 'April': 1, 'July': 1, 'October': 1, 'June': 1}"
4975,5,7,"{'Tuesday': 2, 'Saturday': 1, 'Thursday': 1, 'Monday': 1}","{'January': 2, 'July': 1, 'May': 1, 'March': 1}"
6077,5,7,"{'Tuesday': 2, 'Friday': 1, 'Thursday': 1, 'Monday': 1}","{'February': 2, 'November': 1, 'April': 1, 'June': 1}"
1896,5,7,"{'Friday': 1, 'Sunday': 1, 'Thursday': 1, 'Saturday': 1, 'Wednesday': 1}","{'January': 2, 'February': 1, 'July': 1, 'September': 1}"
9131,5,7,"{'Thursday': 3, 'Monday': 1, 'Sunday': 1}","{'February': 1, 'May': 1, 'September': 1, 'October': 1, 'July': 1}"
4896,5,7,"{'Thursday': 2, 'Wednesday': 1, 'Sunday': 1, 'Monday': 1}","{'February': 1, 'April': 1, 'June': 1, 'January': 1, 'May': 1}"
1554,5,7,"{'Tuesday': 1, 'Friday': 1, 'Saturday': 1, 'Thursday': 1, 'Wednesday': 1}","{'February': 2, 'April': 1, 'July': 1, 'September': 1}"
6537,5,7,"{'Friday': 2, 'Thursday': 2, 'Sunday': 1}","{'December': 2, 'February': 1, 'May': 1, 'March': 1}"
1620,5,7,"{'Tuesday': 1, 'Thursday': 1, 'Wednesday': 1, 'Monday': 1, 'Sunday': 1}","{'January': 2, 'February': 1, 'October': 1, 'July': 1}"
1370,5,7,"{'Tuesday': 2, 'Thursday': 2, 'Saturday': 1}","{'January': 1, 'February': 1, 'March': 1, 'December': 1, 'November': 1}"
6133,5,7,"{'Monday': 1, 'Wednesday': 1, 'Sunday': 1, 'Tuesday': 1, 'Thursday': 1}","{'January': 1, 'December': 1, 'April': 1, 'October': 1, 'August': 1}"
3630,5,7,"{'Wednesday': 2, 'Saturday': 1, 'Thursday': 1, 'Monday': 1}","{'February': 1, 'November': 1, 'April': 1, 'August': 1, 'September': 1}"
2528,5,7,"{'Monday': 2, 'Saturday': 1, 'Thursday': 1, 'Tuesday': 1}","{'February': 2, 'June': 1, 'August': 1, 'September': 1}"
1642,5,7,"{'Tuesday': 2, 'Monday': 1, 'Thursday': 1, 'Saturday': 1}","{'October': 2, 'January': 1, 'December': 1, 'July': 1}"
322,5,7,"{'Thursday': 3, 'Wednesday': 2}","{'September': 2, 'June': 1, 'May': 1, 'July': 1}"
5826,5,7,"{'Saturday': 2, 'Wednesday': 1, 'Thursday': 1, 'Sunday': 1}","{'August': 1, 'September': 1, 'January': 1, 'March': 1, 'May': 1}"
8956,5,7,"{'Thursday': 2, 'Saturday': 1, 'Wednesday': 1, 'Friday': 1}","{'January': 1, 'June': 1, 'July': 1, 'August': 1, 'September': 1}"
8033,5,7,"{'Sunday': 2, 'Tuesday': 1, 'Friday': 1, 'Thursday': 1}","{'April': 2, 'January': 1, 'September': 1, 'June': 1}"
6835,5,7,"{'Thursday': 3, 'Tuesday': 1, 'Saturday': 1}","{'November': 2, 'January': 1, 'February': 1, 'May': 1}"
6193,5,7,"{'Monday': 2, 'Tuesday': 1, 'Friday': 1, 'Thursday': 1}","{'January': 1, 'February': 1, 'May': 1, 'December': 1, 'June': 1}"
7416,5,7,"{'Monday': 2, 'Wednesday': 1, 'Thursday': 1, 'Sunday': 1}","{'January': 1, 'October': 1, 'February': 1, 'March': 1, 'May': 1}"
8865,5,7,"{'Friday': 1, 'Monday': 1, 'Saturday': 1, 'Wednesday': 1, 'Thursday': 1}","{'January': 2, 'March': 1, 'October': 1, 'April': 1}"
8270,5,7,"{'Saturday': 2, 'Wednesday': 1, 'Sunday': 1, 'Thursday': 1}","{'August': 2, 'January': 1, 'July': 1, 'February': 1}"
6361,5,7,"{'Wednesday': 2, 'Saturday': 1, 'Thursday': 1, 'Monday': 1}","{'January': 1, 'November': 1, 'March': 1, 'June': 1, 'July': 1}"
8345,5,7,"{'Tuesday': 1, 'Sunday': 1, 'Wednesday': 1, 'Monday': 1, 'Thursday': 1}","{'February': 2, 'January': 1, 'December': 1, 'August': 1}"
5439,5,7,"{'Wednesday': 2, 'Thursday': 2, 'Monday': 1}","{'January': 2, 'March': 2, 'September': 1}"
6564,5,7,"{'Tuesday': 2, 'Friday': 1, 'Thursday': 1, 'Wednesday': 1}","{'January': 1, 'April': 1, 'December': 1, 'July': 1, 'September': 1}"
2373,5,7,"{'Tuesday': 2, 'Thursday': 2, 'Monday': 1}","{'January': 1, 'February': 1, 'December': 1, 'November': 1, 'August': 1}"
534,5,7,"{'Tuesday': 1, 'Friday': 1, 'Saturday': 1, 'Wednesday': 1, 'Thursday': 1}","{'May': 2, 'January': 1, 'August': 1, 'September': 1}"
7492,5,7,"{'Thursday': 2, 'Monday': 1, 'Wednesday': 1, 'Saturday': 1}","{'January': 2, 'September': 1, 'February': 1, 'October': 1}"
9768,5,7,"{'Friday': 2, 'Sunday': 1, 'Thursday': 1, 'Wednesday': 1}","{'January': 2, 'June': 1, 'November': 1, 'July': 1}"
8238,5,7,"{'Friday': 2, 'Thursday': 1, 'Tuesday': 1, 'Wednesday': 1}","{'June': 2, 'January': 1, 'November': 1, 'October': 1}"
7059,5,7,"{'Thursday': 1, 'Tuesday': 1, 'Friday': 1, 'Wednesday': 1, 'Monday': 1}","{'January': 1, 'August': 1, 'November': 1, 'February': 1, 'June': 1}"
6517,5,7,"{'Thursday': 1, 'Tuesday': 1, 'Wednesday': 1, 'Monday': 1, 'Saturday': 1}","{'January': 1, 'April': 1, 'July': 1, 'June': 1, 'September': 1}"
8521,5,7,"{'Monday': 1, 'Friday': 1, 'Sunday': 1, 'Thursday': 1, 'Saturday': 1}","{'August': 2, 'January': 1, 'November': 1, 'July': 1}"
9060,5,7,"{'Friday': 3, 'Thursday': 1, 'Wednesday': 1}","{'January': 2, 'July': 2, 'November': 1}"
8945,5,7,"{'Thursday': 2, 'Monday': 2, 'Friday': 1}","{'January': 2, 'October': 1, 'February': 1, 'August': 1}"
6903,5,7,"{'Thursday': 2, 'Saturday': 1, 'Monday': 1, 'Sunday': 1}","{'April': 2, 'January': 1, 'November': 1, 'July': 1}"
4530,5,7,"{'Monday': 2, 'Thursday': 1, 'Sunday': 1, 'Friday': 1}","{'January': 2, 'December': 1, 'November': 1, 'August': 1}"
5778,5,7,"{'Saturday': 2, 'Thursday': 1, 'Friday': 1, 'Wednesday': 1}","{'January': 2, 'June': 2, 'July': 1}"
2739,5,7,"{'Saturday': 2, 'Friday': 1, 'Thursday': 1, 'Sunday': 1}","{'August': 2, 'December': 1, 'February': 1, 'June': 1}"
7674,5,7,"{'Thursday': 1, 'Saturday': 1, 'Friday': 1, 'Sunday': 1, 'Tuesday': 1}","{'December': 2, 'September': 1, 'March': 1, 'August': 1}"
223,5,7,"{'Friday': 2, 'Saturday': 2, 'Thursday': 1}","{'December': 2, 'October': 1, 'April': 1, 'November': 1}"
2556,5,7,"{'Wednesday': 1, 'Tuesday': 1, 'Saturday': 1, 'Sunday': 1, 'Thursday': 1}","{'February': 2, 'December': 1, 'March': 1, 'June': 1}"
7577,5,7,"{'Thursday': 2, 'Friday': 1, 'Saturday': 1, 'Wednesday': 1}","{'February': 2, 'September': 1, 'December': 1, 'August': 1}"
5307,5,7,"{'Friday': 1, 'Tuesday': 1, 'Wednesday': 1, 'Saturday': 1, 'Thursday': 1}","{'September': 2, 'November': 1, 'June': 1, 'February': 1}"
2754,5,7,"{'Friday': 2, 'Monday': 1, 'Thursday': 1, 'Wednesday': 1}","{'September': 1, 'October': 1, 'November': 1, 'March': 1, 'February': 1}"
6511,5,7,"{'Saturday': 2, 'Thursday': 2, 'Tuesday': 1}","{'December': 1, 'February': 1, 'May': 1, 'July': 1, 'August': 1}"
3151,5,7,"{'Thursday': 2, 'Saturday': 1, 'Wednesday': 1, 'Monday': 1}","{'December': 1, 'February': 1, 'January': 1, 'May': 1, 'October': 1}"
9658,5,7,"{'Wednesday': 2, 'Thursday': 1, 'Sunday': 1, 'Tuesday': 1}","{'December': 1, 'April': 1, 'July': 1, 'February': 1, 'June': 1}"
7806,5,7,"{'Thursday': 2, 'Sunday': 2, 'Saturday': 1}","{'June': 2, 'December': 1, 'April': 1, 'November': 1}"
9624,5,7,"{'Thursday': 2, 'Tuesday': 1, 'Friday': 1, 'Wednesday': 1}","{'December': 2, 'May': 1, 'October': 1, 'November': 1}"
7836,5,7,"{'Saturday': 2, 'Monday': 2, 'Thursday': 1}","{'December': 1, 'August': 1, 'January': 1, 'September': 1, 'April': 1}"
6945,5,7,"{'Friday': 2, 'Thursday': 2, 'Sunday': 1}","{'December': 1, 'June': 1, 'January': 1, 'September': 1, 'May': 1}"
5380,5,7,"{'Thursday': 1, 'Wednesday': 1, 'Friday': 1, 'Sunday': 1, 'Monday': 1}","{'December': 2, 'August': 1, 'February': 1, 'March': 1}"
5166,5,7,"{'Tuesday': 2, 'Monday': 2, 'Thursday': 1}","{'April': 2, 'September': 1, 'November': 1, 'July': 1}"
383,5,7,"{'Saturday': 2, 'Tuesday': 1, 'Friday': 1, 'Thursday': 1}","{'January': 2, 'September': 1, 'March': 1, 'November': 1}"
4189,5,7,"{'Wednesday': 2, 'Monday': 2, 'Thursday': 1}","{'December': 2, 'October': 2, 'July': 1}"
4101,5,7,"{'Monday': 1, 'Tuesday': 1, 'Sunday': 1, 'Friday': 1, 'Thursday': 1}","{'November': 1, 'February': 1, 'September': 1, 'March': 1, 'August': 1}"
9783,5,7,"{'Tuesday': 1, 'Sunday': 1, 'Thursday': 1, 'Monday': 1, 'Saturday': 1}","{'January': 2, 'December': 1, 'June': 1, 'February': 1}"
8909,5,7,"{'Tuesday': 2, 'Friday': 2, 'Thursday': 1}","{'December': 2, 'January': 1, 'February': 1, 'May': 1}"
9667,5,7,"{'Monday': 2, 'Thursday': 1, 'Wednesday': 1, 'Tuesday': 1}","{'May': 3, 'December': 1, 'October': 1}"
9288,5,7,"{'Thursday': 2, 'Friday': 1, 'Saturday': 1, 'Monday': 1}","{'December': 1, 'January': 1, 'February': 1, 'October': 1, 'November': 1}"
6096,5,7,"{'Wednesday': 2, 'Friday': 1, 'Thursday': 1, 'Tuesday': 1}","{'December': 2, 'June': 1, 'November': 1, 'August': 1}"
4185,5,7,"{'Friday': 1, 'Thursday': 1, 'Wednesday': 1, 'Monday': 1, 'Tuesday': 1}","{'December': 2, 'April': 1, 'June': 1, 'May': 1}"
8162,5,7,"{'Thursday': 2, 'Tuesday': 1, 'Monday': 1, 'Sunday': 1}","{'January': 1, 'April': 1, 'July': 1, 'December': 1, 'June': 1}"
8017,5,7,"{'Tuesday': 1, 'Monday': 1, 'Thursday': 1, 'Saturday': 1, 'Sunday': 1}","{'April': 3, 'January': 1, 'February': 1}"
3355,5,7,"{'Tuesday': 1, 'Friday': 1, 'Monday': 1, 'Wednesday': 1, 'Thursday': 1}","{'August': 2, 'January': 1, 'May': 1, 'March': 1}"
2967,5,7,"{'Tuesday': 2, 'Monday': 2, 'Thursday': 1}","{'January': 2, 'April': 2, 'August': 1}"
8925,5,7,"{'Thursday': 2, 'Friday': 2, 'Wednesday': 1}","{'December': 2, 'May': 1, 'September': 1, 'October': 1}"
8409,5,7,"{'Thursday': 2, 'Tuesday': 2, 'Saturday': 1}","{'December': 1, 'June': 1, 'September': 1, 'April': 1, 'October': 1}"
5838,5,7,"{'Wednesday': 1, 'Friday': 1, 'Thursday': 1, 'Sunday': 1, 'Tuesday': 1}","{'January': 2, 'December': 1, 'May': 1, 'August': 1}"
9900,5,7,"{'Sunday': 2, 'Thursday': 2, 'Saturday': 1}","{'December': 4, 'August': 1}"
3309,5,7,"{'Thursday': 2, 'Monday': 1, 'Friday': 1, 'Wednesday': 1}","{'March': 2, 'September': 1, 'August': 1, 'February': 1}"
3817,5,7,"{'Monday': 2, 'Saturday': 1, 'Thursday': 1, 'Friday': 1}","{'December': 2, 'May': 1, 'March': 1, 'February': 1}"
2105,5,7,"{'Saturday': 3, 'Thursday': 1, 'Tuesday': 1}","{'August': 2, 'December': 1, 'September': 1, 'November': 1}"
7558,5,7,"{'Tuesday': 2, 'Thursday': 1, 'Friday': 1, 'Saturday': 1}","{'December': 1, 'May': 1, 'August': 1, 'October': 1, 'January': 1}"
7184,5,7,"{'Thursday': 3, 'Wednesday': 1, 'Sunday': 1}","{'April': 2, 'December': 1, 'January': 1, 'August': 1}"
6202,5,7,"{'Wednesday': 3, 'Thursday': 1, 'Monday': 1}","{'January': 1, 'June': 1, 'July': 1, 'May': 1, 'November': 1}"
9521,5,7,"{'Tuesday': 2, 'Thursday': 2, 'Friday': 1}","{'July': 2, 'November': 1, 'March': 1, 'June': 1}"
6011,5,7,"{'Wednesday': 3, 'Tuesday': 1, 'Thursday': 1}","{'June': 2, 'November': 1, 'August': 1, 'March': 1}"
9868,5,7,"{'Monday': 1, 'Saturday': 1, 'Tuesday': 1, 'Wednesday': 1, 'Thursday': 1}","{'November': 1, 'December': 1, 'April': 1, 'March': 1, 'January': 1}"
5868,5,7,"{'Monday': 2, 'Thursday': 2, 'Saturday': 1}","{'January': 2, 'November': 1, 'June': 1, 'October': 1}"
5867,5,7,"{'Sunday': 2, 'Monday': 1, 'Tuesday': 1, 'Thursday': 1}","{'November': 1, 'March': 1, 'October': 1, 'January': 1, 'July': 1}"
2585,5,7,"{'Monday': 1, 'Thursday': 1, 'Tuesday': 1, 'Saturday': 1, 'Friday': 1}","{'November': 1, 'March': 1, 'April': 1, 'May': 1, 'September': 1}"
2350,5,7,"{'Tuesday': 2, 'Monday': 1, 'Saturday': 1, 'Thursday': 1}","{'November': 2, 'August': 1, 'July': 1, 'October': 1}"
6702,5,7,"{'Sunday': 2, 'Thursday': 1, 'Wednesday': 1, 'Monday': 1}","{'March': 2, 'November': 1, 'October': 1, 'April': 1}"
2339,5,7,"{'Thursday': 2, 'Wednesday': 1, 'Friday': 1, 'Monday': 1}","{'November': 2, 'July': 1, 'December': 1, 'September': 1}"
3005,5,7,"{'Wednesday': 1, 'Monday': 1, 'Friday': 1, 'Sunday': 1, 'Thursday': 1}","{'November': 1, 'October': 1, 'January': 1, 'February': 1, 'September': 1}"
5108,5,7,"{'Thursday': 2, 'Friday': 2, 'Saturday': 1}","{'March': 2, 'September': 1, 'June': 1, 'July': 1}"
2118,5,7,"{'Saturday': 2, 'Thursday': 2, 'Sunday': 1}","{'February': 2, 'September': 1, 'November': 1, 'July': 1}"
7983,5,7,"{'Friday': 3, 'Thursday': 1, 'Wednesday': 1}","{'March': 2, 'November': 1, 'April': 1, 'October': 1}"
5396,5,7,"{'Tuesday': 2, 'Friday': 1, 'Sunday': 1, 'Thursday': 1}","{'November': 2, 'May': 1, 'September': 1, 'January': 1}"
6515,5,7,"{'Thursday': 1, 'Sunday': 1, 'Saturday': 1, 'Tuesday': 1, 'Monday': 1}","{'July': 2, 'September': 2, 'November': 1}"
4681,5,7,"{'Monday': 3, 'Wednesday': 1, 'Thursday': 1}","{'November': 2, 'September': 2, 'February': 1}"
9659,5,7,"{'Saturday': 2, 'Tuesday': 2, 'Thursday': 1}","{'November': 2, 'October': 1, 'December': 1, 'April': 1}"
8591,5,7,"{'Saturday': 2, 'Wednesday': 1, 'Thursday': 1, 'Tuesday': 1}","{'September': 2, 'December': 1, 'April': 1, 'March': 1}"
3327,5,7,"{'Thursday': 2, 'Monday': 2, 'Saturday': 1}","{'November': 2, 'February': 1, 'April': 1, 'July': 1}"
4351,5,7,"{'Wednesday': 2, 'Thursday': 1, 'Monday': 1, 'Friday': 1}","{'November': 1, 'May': 1, 'February': 1, 'March': 1, 'April': 1}"
9107,5,7,"{'Thursday': 2, 'Tuesday': 1, 'Saturday': 1, 'Sunday': 1}","{'August': 2, 'November': 1, 'October': 1, 'September': 1}"
1059,5,7,"{'Thursday': 2, 'Monday': 1, 'Friday': 1, 'Tuesday': 1}","{'July': 2, 'November': 1, 'May': 1, 'December': 1}"
126,5,7,"{'Tuesday': 2, 'Saturday': 1, 'Thursday': 1, 'Wednesday': 1}","{'May': 2, 'November': 1, 'April': 1, 'January': 1}"
6750,5,7,"{'Friday': 2, 'Monday': 1, 'Saturday': 1, 'Thursday': 1}","{'March': 2, 'October': 1, 'February': 1, 'November': 1}"
9997,5,7,"{'Friday': 1, 'Tuesday': 1, 'Saturday': 1, 'Thursday': 1, 'Sunday': 1}","{'November': 2, 'October': 1, 'January': 1, 'March': 1}"
3064,5,7,"{'Friday': 1, 'Saturday': 1, 'Tuesday': 1, 'Sunday': 1, 'Thursday': 1}","{'April': 2, 'November': 1, 'October': 1, 'February': 1}"
7411,5,7,"{'Saturday': 2, 'Thursday': 1, 'Tuesday': 1, 'Monday': 1}","{'November': 1, 'January': 1, 'September': 1, 'March': 1, 'August': 1}"
5489,5,7,"{'Tuesday': 3, 'Saturday': 1, 'Thursday': 1}","{'November': 1, 'December': 1, 'February': 1, 'May': 1, 'January': 1}"
1613,5,7,"{'Sunday': 2, 'Tuesday': 1, 'Saturday': 1, 'Thursday': 1}","{'November': 1, 'September': 1, 'February': 1, 'August': 1, 'July': 1}"
96,5,7,"{'Tuesday': 1, 'Thursday': 1, 'Sunday': 1, 'Saturday': 1, 'Friday': 1}","{'November': 1, 'December': 1, 'February': 1, 'January': 1, 'April': 1}"
3984,5,7,"{'Tuesday': 2, 'Wednesday': 1, 'Thursday': 1, 'Monday': 1}","{'September': 1, 'January': 1, 'October': 1, 'December': 1, 'June': 1}"
9390,5,7,"{'Tuesday': 2, 'Monday': 1, 'Thursday': 1, 'Saturday': 1}","{'September': 1, 'March': 1, 'June': 1, 'July': 1, 'April': 1}"
7195,5,7,"{'Monday': 3, 'Wednesday': 1, 'Thursday': 1}","{'September': 2, 'December': 1, 'April': 1, 'August': 1}"
6295,5,7,"{'Tuesday': 1, 'Thursday': 1, 'Monday': 1, 'Saturday': 1, 'Friday': 1}","{'January': 1, 'August': 1, 'November': 1, 'March': 1, 'May': 1}"
6045,5,7,"{'Wednesday': 2, 'Tuesday': 1, 'Thursday': 1, 'Sunday': 1}","{'January': 1, 'February': 1, 'September': 1, 'December': 1, 'July': 1}"
5735,5,7,"{'Thursday': 2, 'Friday': 2, 'Saturday': 1}","{'October': 1, 'November': 1, 'April': 1, 'May': 1, 'September': 1}"
6547,5,7,"{'Monday': 2, 'Friday': 1, 'Thursday': 1, 'Wednesday': 1}","{'October': 2, 'September': 1, 'November': 1, 'April': 1}"
1582,5,7,"{'Sunday': 2, 'Friday': 1, 'Saturday': 1, 'Thursday': 1}","{'October': 2, 'April': 2, 'July': 1}"
9459,5,7,"{'Thursday': 1, 'Tuesday': 1, 'Saturday': 1, 'Friday': 1, 'Wednesday': 1}","{'October': 1, 'February': 1, 'May': 1, 'November': 1, 'March': 1}"
1309,5,7,"{'Thursday': 2, 'Tuesday': 1, 'Wednesday': 1, 'Monday': 1}","{'March': 2, 'October': 1, 'August': 1, 'September': 1}"
9168,5,7,"{'Friday': 2, 'Wednesday': 1, 'Saturday': 1, 'Thursday': 1}","{'May': 2, 'October': 1, 'June': 1, 'April': 1}"
1161,5,7,"{'Monday': 2, 'Saturday': 2, 'Thursday': 1}","{'August': 2, 'October': 1, 'January': 1, 'November': 1}"
7310,5,7,"{'Monday': 2, 'Tuesday': 1, 'Friday': 1, 'Thursday': 1}","{'April': 2, 'October': 1, 'February': 1, 'June': 1}"
6003,5,7,"{'Saturday': 2, 'Friday': 2, 'Thursday': 1}","{'October': 1, 'February': 1, 'August': 1, 'December': 1, 'April': 1}"
1420,5,7,"{'Friday': 2, 'Saturday': 1, 'Thursday': 1, 'Tuesday': 1}","{'September': 2, 'January': 1, 'May': 1, 'December': 1}"
9087,5,7,"{'Wednesday': 1, 'Tuesday': 1, 'Saturday': 1, 'Monday': 1, 'Thursday': 1}","{'November': 2, 'January': 1, 'July': 1, 'June': 1}"
8922,5,7,"{'Friday': 2, 'Thursday': 2, 'Monday': 1}","{'October': 1, 'November': 1, 'June': 1, 'December': 1, 'August': 1}"
7791,5,7,"{'Friday': 1, 'Saturday': 1, 'Sunday': 1, 'Thursday': 1, 'Wednesday': 1}","{'October': 1, 'April': 1, 'May': 1, 'August': 1, 'September': 1}"
695,5,7,"{'Friday': 3, 'Thursday': 1, 'Monday': 1}","{'October': 1, 'March': 1, 'November': 1, 'December': 1, 'July': 1}"
5847,5,7,"{'Thursday': 2, 'Wednesday': 1, 'Saturday': 1, 'Monday': 1}","{'December': 2, 'October': 1, 'May': 1, 'June': 1}"
2104,5,7,"{'Sunday': 2, 'Thursday': 1, 'Tuesday': 1, 'Friday': 1}","{'November': 2, 'May': 2, 'October': 1}"
7147,5,7,"{'Thursday': 2, 'Saturday': 1, 'Wednesday': 1, 'Monday': 1}","{'January': 2, 'October': 1, 'November': 1, 'February': 1}"
9925,5,7,"{'Wednesday': 2, 'Monday': 2, 'Thursday': 1}","{'October': 1, 'January': 1, 'November': 1, 'June': 1, 'December': 1}"
8614,5,7,"{'Thursday': 3, 'Monday': 1, 'Wednesday': 1}","{'January': 2, 'October': 1, 'December': 1, 'August': 1}"
8248,5,7,"{'Thursday': 2, 'Sunday': 1, 'Monday': 1, 'Saturday': 1}","{'October': 3, 'June': 2}"
3279,5,7,"{'Monday': 2, 'Thursday': 2, 'Tuesday': 1}","{'September': 1, 'October': 1, 'June': 1, 'August': 1, 'February': 1}"
2434,5,7,"{'Tuesday': 2, 'Monday': 1, 'Thursday': 1, 'Friday': 1}","{'October': 1, 'June': 1, 'July': 1, 'November': 1, 'August': 1}"
7930,5,7,"{'Thursday': 2, 'Friday': 1, 'Saturday': 1, 'Tuesday': 1}","{'October': 3, 'May': 1, 'September': 1}"
1208,5,7,"{'Wednesday': 2, 'Thursday': 2, 'Monday': 1}","{'May': 2, 'June': 2, 'October': 1}"
6884,5,7,"{'Thursday': 3, 'Tuesday': 1, 'Sunday': 1}","{'May': 2, 'October': 1, 'February': 1, 'January': 1}"
3109,5,7,"{'Thursday': 2, 'Tuesday': 1, 'Monday': 1, 'Sunday': 1}","{'October': 1, 'February': 1, 'March': 1, 'July': 1, 'December': 1}"
6873,5,7,"{'Thursday': 3, 'Friday': 1, 'Saturday': 1}","{'October': 1, 'December': 1, 'January': 1, 'July': 1, 'September': 1}"
6664,5,7,"{'Friday': 2, 'Tuesday': 2, 'Thursday': 1}","{'October': 1, 'March': 1, 'January': 1, 'June': 1, 'September': 1}"
4670,5,7,"{'Tuesday': 2, 'Thursday': 1, 'Wednesday': 1, 'Sunday': 1}","{'February': 2, 'December': 2, 'September': 1}"
9910,5,7,"{'Tuesday': 1, 'Monday': 1, 'Thursday': 1, 'Sunday': 1, 'Wednesday': 1}","{'September': 1, 'May': 1, 'January': 1, 'June': 1, 'November': 1}"
2925,5,7,"{'Saturday': 2, 'Wednesday': 2, 'Thursday': 1}","{'May': 2, 'September': 1, 'March': 1, 'June': 1}"
8431,5,7,"{'Thursday': 3, 'Tuesday': 1, 'Friday': 1}","{'April': 2, 'September': 1, 'February': 1, 'August': 1}"
8311,5,7,"{'Sunday': 3, 'Thursday': 1, 'Saturday': 1}","{'December': 2, 'September': 1, 'November': 1, 'May': 1}"
8030,5,7,"{'Sunday': 3, 'Thursday': 1, 'Friday': 1}","{'September': 2, 'August': 2, 'November': 1}"
6472,5,7,"{'Wednesday': 2, 'Thursday': 1, 'Saturday': 1, 'Tuesday': 1}","{'October': 2, 'September': 1, 'March': 1, 'August': 1}"
6364,5,7,"{'Monday': 2, 'Thursday': 1, 'Tuesday': 1, 'Friday': 1}","{'September': 2, 'May': 1, 'November': 1, 'July': 1}"
3104,5,7,"{'Tuesday': 3, 'Sunday': 1, 'Thursday': 1}","{'September': 2, 'July': 2, 'June': 1}"
1571,5,7,"{'Tuesday': 3, 'Friday': 1, 'Thursday': 1}","{'September': 3, 'May': 1, 'November': 1}"
7381,5,7,"{'Thursday': 2, 'Friday': 1, 'Saturday': 1, 'Monday': 1}","{'September': 1, 'February': 1, 'January': 1, 'May': 1, 'December': 1}"
6114,5,7,"{'Friday': 3, 'Thursday': 1, 'Wednesday': 1}","{'June': 2, 'September': 1, 'July': 1, 'April': 1}"
5629,5,7,"{'Thursday': 2, 'Friday': 1, 'Wednesday': 1, 'Sunday': 1}","{'January': 1, 'July': 1, 'August': 1, 'March': 1, 'November': 1}"
9515,5,7,"{'Tuesday': 2, 'Wednesday': 1, 'Thursday': 1, 'Friday': 1}","{'April': 2, 'January': 1, 'December': 1, 'March': 1}"
5072,5,7,"{'Monday': 2, 'Wednesday': 2, 'Thursday': 1}","{'September': 2, 'December': 1, 'August': 1, 'July': 1}"
3459,5,7,"{'Saturday': 1, 'Monday': 1, 'Wednesday': 1, 'Tuesday': 1, 'Thursday': 1}","{'September': 1, 'November': 1, 'October': 1, 'January': 1, 'April': 1}"
3023,5,7,"{'Friday': 2, 'Saturday': 1, 'Thursday': 1, 'Sunday': 1}","{'September': 2, 'January': 2, 'March': 1}"
7692,5,7,"{'Sunday': 2, 'Thursday': 1, 'Saturday': 1, 'Wednesday': 1}","{'April': 2, 'September': 1, 'December': 1, 'August': 1}"
6890,5,7,"{'Thursday': 2, 'Friday': 1, 'Wednesday': 1, 'Tuesday': 1}","{'September': 2, 'August': 1, 'April': 1, 'June': 1}"
5586,5,7,"{'Thursday': 2, 'Friday': 2, 'Monday': 1}","{'June': 2, 'September': 1, 'January': 1, 'July': 1}"
4516,5,7,"{'Thursday': 3, 'Tuesday': 1, 'Monday': 1}","{'September': 3, 'January': 1, 'November': 1}"
697,5,7,"{'Friday': 2, 'Thursday': 2, 'Monday': 1}","{'September': 2, 'January': 1, 'February': 1, 'October': 1}"
1497,5,7,"{'Monday': 1, 'Friday': 1, 'Sunday': 1, 'Thursday': 1, 'Saturday': 1}","{'February': 2, 'August': 1, 'October': 1, 'July': 1}"
398,5,7,"{'Thursday': 2, 'Saturday': 1, 'Wednesday': 1, 'Sunday': 1}","{'January': 2, 'February': 1, 'November': 1, 'May': 1}"
6296,5,7,"{'Friday': 3, 'Thursday': 2}","{'September': 2, 'August': 1, 'February': 1, 'October': 1}"
4409,5,7,"{'Monday': 2, 'Thursday': 1, 'Saturday': 1, 'Tuesday': 1}","{'September': 2, 'January': 1, 'March': 1, 'June': 1}"
9963,5,7,"{'Wednesday': 2, 'Thursday': 2, 'Monday': 1}","{'September': 2, 'October': 1, 'November': 1, 'March': 1}"
6980,5,7,"{'Saturday': 3, 'Wednesday': 1, 'Thursday': 1}","{'September': 1, 'March': 1, 'August': 1, 'May': 1, 'October': 1}"
3522,5,7,"{'Friday': 2, 'Tuesday': 1, 'Thursday': 1, 'Saturday': 1}","{'September': 1, 'November': 1, 'February': 1, 'December': 1, 'March': 1}"
3477,5,7,"{'Tuesday': 2, 'Thursday': 1, 'Saturday': 1, 'Wednesday': 1}","{'September': 1, 'December': 1, 'June': 1, 'October': 1, 'May': 1}"
9091,5,7,"{'Saturday': 2, 'Monday': 1, 'Thursday': 1, 'Friday': 1}","{'August': 2, 'September': 1, 'March': 1, 'June': 1}"
6700,5,7,"{'Tuesday': 3, 'Thursday': 1, 'Friday': 1}","{'February': 2, 'December': 1, 'August': 1, 'October': 1}"
7137,5,7,"{'Friday': 2, 'Thursday': 1, 'Saturday': 1, 'Sunday': 1}","{'September': 2, 'June': 2, 'March': 1}"
9827,5,7,"{'Thursday': 2, 'Tuesday': 2, 'Friday': 1}","{'September': 2, 'December': 1, 'November': 1, 'March': 1}"
8645,5,7,"{'Monday': 2, 'Wednesday': 1, 'Sunday': 1, 'Thursday': 1}","{'September': 2, 'August': 1, 'January': 1, 'May': 1}"
216,5,7,"{'Wednesday': 1, 'Tuesday': 1, 'Monday': 1, 'Friday': 1, 'Thursday': 1}","{'September': 1, 'November': 1, 'October': 1, 'May': 1, 'August': 1}"
7063,5,7,"{'Monday': 4, 'Thursday': 1}","{'September': 2, 'August': 1, 'April': 1, 'June': 1}"
3102,5,7,"{'Thursday': 2, 'Monday': 1, 'Wednesday': 1, 'Saturday': 1}","{'May': 2, 'August': 1, 'April': 1, 'June': 1}"
9502,5,7,"{'Monday': 2, 'Friday': 1, 'Saturday': 1, 'Thursday': 1}","{'August': 3, 'December': 1, 'May': 1}"
6381,5,7,"{'Monday': 1, 'Sunday': 1, 'Saturday': 1, 'Wednesday': 1, 'Thursday': 1}","{'October': 2, 'November': 1, 'August': 1, 'January': 1}"
3405,5,7,"{'Friday': 2, 'Tuesday': 1, 'Thursday': 1, 'Sunday': 1}","{'August': 1, 'October': 1, 'November': 1, 'May': 1, 'July': 1}"
1747,5,7,"{'Friday': 2, 'Monday': 2, 'Thursday': 1}","{'August': 1, 'September': 1, 'June': 1, 'January': 1, 'July': 1}"
5888,5,7,"{'Monday': 1, 'Tuesday': 1, 'Wednesday': 1, 'Sunday': 1, 'Thursday': 1}","{'April': 2, 'August': 1, 'June': 1, 'September': 1}"
8429,5,7,"{'Thursday': 2, 'Friday': 1, 'Monday': 1, 'Saturday': 1}","{'April': 2, 'August': 1, 'November': 1, 'September': 1}"
6874,5,7,"{'Friday': 1, 'Monday': 1, 'Wednesday': 1, 'Saturday': 1, 'Thursday': 1}","{'March': 2, 'August': 1, 'November': 1, 'July': 1}"
7997,5,7,"{'Wednesday': 1, 'Tuesday': 1, 'Thursday': 1, 'Friday': 1, 'Sunday': 1}","{'February': 2, 'September': 1, 'November': 1, 'June': 1}"
9308,5,7,"{'Monday': 2, 'Friday': 1, 'Tuesday': 1, 'Thursday': 1}","{'December': 2, 'August': 1, 'May': 1, 'October': 1}"
8453,5,7,"{'Friday': 2, 'Tuesday': 1, 'Thursday': 1, 'Monday': 1}","{'August': 1, 'March': 1, 'February': 1, 'July': 1, 'September': 1}"
702,5,7,"{'Friday': 1, 'Sunday': 1, 'Thursday': 1, 'Saturday': 1, 'Monday': 1}","{'June': 2, 'August': 1, 'September': 1, 'July': 1}"
734,5,7,"{'Thursday': 3, 'Wednesday': 1, 'Friday': 1}","{'August': 1, 'February': 1, 'March': 1, 'May': 1, 'December': 1}"
1166,5,7,"{'Wednesday': 2, 'Thursday': 1, 'Saturday': 1, 'Sunday': 1}","{'February': 1, 'April': 1, 'May': 1, 'June': 1, 'March': 1}"
5525,5,7,"{'Thursday': 2, 'Monday': 1, 'Sunday': 1, 'Tuesday': 1}","{'October': 2, 'August': 1, 'May': 1, 'September': 1}"
6189,5,7,"{'Friday': 1, 'Tuesday': 1, 'Thursday': 1, 'Saturday': 1, 'Sunday': 1}","{'July': 2, 'November': 1, 'June': 1, 'October': 1}"
8963,5,7,"{'Tuesday': 1, 'Thursday': 1, 'Monday': 1, 'Wednesday': 1, 'Saturday': 1}","{'June': 2, 'July': 1, 'January': 1, 'April': 1}"
8726,5,7,"{'Tuesday': 1, 'Wednesday': 1, 'Saturday': 1, 'Thursday': 1, 'Sunday': 1}","{'July': 2, 'August': 1, 'November': 1, 'October': 1}"
8223,5,7,"{'Friday': 1, 'Monday': 1, 'Thursday': 1, 'Sunday': 1, 'Wednesday': 1}","{'July': 1, 'October': 1, 'March': 1, 'January': 1, 'June': 1}"
2197,5,7,"{'Tuesday': 1, 'Monday': 1, 'Saturday': 1, 'Wednesday': 1, 'Thursday': 1}","{'June': 2, 'May': 1, 'November': 1, 'March': 1}"
1817,5,7,"{'Friday': 3, 'Thursday': 2}","{'February': 2, 'March': 1, 'August': 1, 'December': 1}"
6253,5,7,"{'Wednesday': 2, 'Thursday': 1, 'Saturday': 1, 'Sunday': 1}","{'February': 1, 'January': 1, 'September': 1, 'April': 1, 'May': 1}"
853,5,7,"{'Tuesday': 2, 'Thursday': 1, 'Wednesday': 1, 'Monday': 1}","{'May': 2, 'October': 2, 'January': 1}"
5937,5,7,"{'Thursday': 3, 'Monday': 1, 'Wednesday': 1}","{'August': 2, 'May': 1, 'February': 1, 'April': 1}"
4399,5,7,"{'Tuesday': 2, 'Monday': 1, 'Thursday': 1, 'Wednesday': 1}","{'January': 2, 'May': 1, 'July': 1, 'February': 1}"
1722,5,7,"{'Monday': 2, 'Thursday': 1, 'Wednesday': 1, 'Friday': 1}","{'May': 1, 'September': 1, 'June': 1, 'October': 1, 'August': 1}"
1343,5,7,"{'Thursday': 2, 'Friday': 1, 'Wednesday': 1, 'Sunday': 1}","{'June': 2, 'May': 1, 'January': 1, 'March': 1}"
847,5,7,"{'Thursday': 2, 'Tuesday': 1, 'Monday': 1, 'Saturday': 1}","{'July': 2, 'May': 1, 'September': 1, 'March': 1}"
6362,5,7,"{'Wednesday': 1, 'Thursday': 1, 'Monday': 1, 'Sunday': 1, 'Tuesday': 1}","{'December': 2, 'May': 1, 'August': 1, 'January': 1}"
1769,5,7,"{'Wednesday': 2, 'Saturday': 1, 'Friday': 1, 'Thursday': 1}","{'May': 1, 'July': 1, 'October': 1, 'December': 1, 'April': 1}"
1175,5,7,"{'Saturday': 2, 'Thursday': 2, 'Friday': 1}","{'June': 3, 'February': 1, 'October': 1}"
8054,5,7,"{'Wednesday': 2, 'Monday': 1, 'Thursday': 1, 'Saturday': 1}","{'August': 2, 'October': 1, 'April': 1, 'September': 1}"
1085,5,7,"{'Saturday': 2, 'Thursday': 2, 'Wednesday': 1}","{'April': 1, 'May': 1, 'November': 1, 'June': 1, 'January': 1}"
2021,5,7,"{'Friday': 3, 'Thursday': 1, 'Saturday': 1}","{'May': 2, 'April': 1, 'September': 1, 'November': 1}"
214,5,7,"{'Wednesday': 3, 'Thursday': 1, 'Monday': 1}","{'April': 1, 'May': 1, 'August': 1, 'June': 1, 'July': 1}"
2057,5,7,"{'Tuesday': 1, 'Saturday': 1, 'Thursday': 1, 'Friday': 1, 'Sunday': 1}","{'April': 2, 'February': 1, 'May': 1, 'November': 1}"
5010,5,7,"{'Monday': 2, 'Tuesday': 1, 'Sunday': 1, 'Thursday': 1}","{'October': 2, 'February': 1, 'April': 1, 'March': 1}"
3099,5,7,"{'Thursday': 2, 'Monday': 1, 'Tuesday': 1, 'Wednesday': 1}","{'February': 2, 'April': 1, 'March': 1, 'November': 1}"
9943,5,7,"{'Thursday': 2, 'Monday': 2, 'Sunday': 1}","{'April': 2, 'February': 2, 'December': 1}"
2087,5,7,"{'Sunday': 3, 'Thursday': 2}","{'March': 2, 'November': 2, 'April': 1}"
1048,5,7,"{'Thursday': 2, 'Wednesday': 2, 'Sunday': 1}","{'April': 1, 'February': 1, 'October': 1, 'June': 1, 'July': 1}"
8996,5,7,"{'Thursday': 4, 'Wednesday': 1}","{'October': 1, 'March': 1, 'June': 1, 'July': 1, 'August': 1}"
7500,5,7,"{'Thursday': 2, 'Wednesday': 1, 'Saturday': 1, 'Monday': 1}","{'June': 2, 'October': 1, 'February': 1, 'January': 1}"
3157,5,7,"{'Monday': 2, 'Wednesday': 1, 'Thursday': 1, 'Tuesday': 1}","{'October': 1, 'January': 1, 'May': 1, 'December': 1, 'November': 1}"
5896,5,7,"{'Tuesday': 2, 'Thursday': 1, 'Saturday': 1, 'Wednesday': 1}","{'June': 2, 'April': 1, 'September': 1, 'February': 1}"
6958,5,7,"{'Sunday': 2, 'Monday': 1, 'Thursday': 1, 'Wednesday': 1}","{'May': 2, 'April': 1, 'November': 1, 'January': 1}"
6155,5,7,"{'Tuesday': 2, 'Thursday': 1, 'Saturday': 1, 'Sunday': 1}","{'March': 2, 'February': 1, 'October': 1, 'July': 1}"
6241,5,7,"{'Friday': 2, 'Sunday': 1, 'Monday': 1, 'Thursday': 1}","{'August': 2, 'April': 1, 'January': 1, 'February': 1}"
8237,5,7,"{'Monday': 2, 'Thursday': 1, 'Wednesday': 1, 'Friday': 1}","{'April': 1, 'December': 1, 'August': 1, 'September': 1, 'February': 1}"
8558,5,7,"{'Wednesday': 2, 'Thursday': 2, 'Tuesday': 1}","{'April': 1, 'January': 1, 'May': 1, 'August': 1, 'October': 1}"
8982,5,7,"{'Thursday': 2, 'Tuesday': 1, 'Monday': 1, 'Saturday': 1}","{'September': 2, 'April': 1, 'November': 1, 'December': 1}"
3924,5,7,"{'Sunday': 2, 'Monday': 1, 'Thursday': 1, 'Wednesday': 1}","{'October': 2, 'April': 1, 'August': 1, 'March': 1}"
3562,5,7,"{'Saturday': 2, 'Monday': 1, 'Thursday': 1, 'Friday': 1}","{'October': 1, 'May': 1, 'June': 1, 'July': 1, 'August': 1}"
3008,5,7,"{'Friday': 2, 'Tuesday': 1, 'Wednesday': 1, 'Thursday': 1}","{'April': 1, 'August': 1, 'February': 1, 'June': 1, 'September': 1}"
9805,5,7,"{'Thursday': 2, 'Friday': 1, 'Saturday': 1, 'Tuesday': 1}","{'April': 1, 'February': 1, 'May': 1, 'August': 1, 'September': 1}"
9136,5,7,"{'Friday': 2, 'Thursday': 1, 'Tuesday': 1, 'Saturday': 1}","{'April': 2, 'March': 1, 'May': 1, 'February': 1}"
792,5,7,"{'Thursday': 1, 'Saturday': 1, 'Wednesday': 1, 'Friday': 1, 'Tuesday': 1}","{'April': 1, 'August': 1, 'November': 1, 'December': 1, 'June': 1}"
4016,5,7,"{'Friday': 2, 'Saturday': 1, 'Wednesday': 1, 'Thursday': 1}","{'September': 2, 'April': 1, 'January': 1, 'August': 1}"
7217,5,7,"{'Thursday': 2, 'Wednesday': 1, 'Friday': 1, 'Saturday': 1}","{'March': 1, 'November': 1, 'July': 1, 'September': 1, 'May': 1}"
5421,5,7,"{'Wednesday': 1, 'Friday': 1, 'Saturday': 1, 'Monday': 1, 'Thursday': 1}","{'September': 2, 'March': 1, 'February': 1, 'July': 1}"
2353,5,7,"{'Wednesday': 3, 'Sunday': 1, 'Thursday': 1}","{'March': 1, 'October': 1, 'August': 1, 'December': 1, 'July': 1}"
7487,5,7,"{'Tuesday': 2, 'Friday': 2, 'Thursday': 1}","{'October': 2, 'March': 1, 'December': 1, 'August': 1}"
8712,5,7,"{'Thursday': 3, 'Friday': 1, 'Sunday': 1}","{'February': 1, 'December': 1, 'June': 1, 'September': 1, 'November': 1}"
6586,5,7,"{'Thursday': 2, 'Friday': 2, 'Monday': 1}","{'February': 1, 'August': 1, 'September': 1, 'December': 1, 'March': 1}"
3628,5,7,"{'Thursday': 3, 'Wednesday': 2}","{'February': 2, 'August': 1, 'January': 1, 'March': 1}"
3215,5,7,"{'Thursday': 2, 'Wednesday': 1, 'Monday': 1, 'Saturday': 1}","{'February': 2, 'January': 1, 'March': 1, 'June': 1}"
5504,5,7,"{'Saturday': 1, 'Monday': 1, 'Wednesday': 1, 'Thursday': 1, 'Sunday': 1}","{'October': 2, 'March': 1, 'January': 1, 'September': 1}"
1927,5,7,"{'Saturday': 2, 'Wednesday': 2, 'Thursday': 1}","{'March': 2, 'October': 1, 'April': 1, 'May': 1}"
1416,5,7,"{'Monday': 1, 'Tuesday': 1, 'Thursday': 1, 'Friday': 1, 'Wednesday': 1}","{'July': 2, 'March': 1, 'April': 1, 'December': 1}"
9208,5,7,"{'Wednesday': 2, 'Thursday': 1, 'Sunday': 1, 'Monday': 1}","{'March': 1, 'February': 1, 'May': 1, 'June': 1, 'August': 1}"
3993,5,7,"{'Thursday': 2, 'Tuesday': 1, 'Monday': 1, 'Sunday': 1}","{'March': 1, 'September': 1, 'August': 1, 'January': 1, 'February': 1}"
3094,5,7,"{'Sunday': 2, 'Thursday': 1, 'Wednesday': 1, 'Friday': 1}","{'December': 2, 'March': 1, 'October': 1, 'July': 1}"
7694,5,7,"{'Saturday': 2, 'Monday': 1, 'Tuesday': 1, 'Thursday': 1}","{'February': 3, 'January': 1, 'December': 1}"
6501,5,7,"{'Sunday': 2, 'Saturday': 1, 'Thursday': 1, 'Friday': 1}","{'February': 1, 'July': 1, 'August': 1, 'September': 1, 'May': 1}"
6630,5,7,"{'Wednesday': 2, 'Monday': 1, 'Sunday': 1, 'Thursday': 1}","{'September': 2, 'March': 1, 'January': 1, 'May': 1}"
680,5,7,"{'Tuesday': 2, 'Saturday': 1, 'Thursday': 1, 'Monday': 1}","{'March': 1, 'January': 1, 'September': 1, 'December': 1, 'June': 1}"
568,5,7,"{'Tuesday': 2, 'Friday': 2, 'Thursday': 1}","{'July': 2, 'March': 1, 'January': 1, 'April': 1}"
8735,5,7,"{'Friday': 2, 'Saturday': 1, 'Thursday': 1, 'Sunday': 1}","{'February': 2, 'April': 2, 'January': 1}"
7931,5,7,"{'Saturday': 2, 'Thursday': 2, 'Tuesday': 1}","{'February': 2, 'September': 1, 'December': 1, 'November': 1}"
1111,5,7,"{'Wednesday': 2, 'Monday': 1, 'Thursday': 1, 'Friday': 1}","{'October': 1, 'June': 1, 'January': 1, 'November': 1, 'July': 1}"
4529,5,7,"{'Monday': 1, 'Thursday': 1, 'Saturday': 1, 'Tuesday': 1, 'Wednesday': 1}","{'September': 2, 'March': 1, 'April': 1, 'October': 1}"
6453,5,7,"{'Wednesday': 2, 'Friday': 1, 'Thursday': 1, 'Saturday': 1}","{'July': 2, 'March': 1, 'May': 1, 'August': 1}"
8454,5,7,"{'Thursday': 3, 'Wednesday': 1, 'Sunday': 1}","{'March': 2, 'December': 1, 'September': 1, 'July': 1}"
2361,5,7,"{'Wednesday': 2, 'Friday': 1, 'Sunday': 1, 'Thursday': 1}","{'March': 2, 'February': 1, 'August': 1, 'December': 1}"
9685,5,7,"{'Monday': 3, 'Tuesday': 1, 'Thursday': 1}","{'March': 1, 'May': 1, 'January': 1, 'July': 1, 'September': 1}"
3813,5,7,"{'Tuesday': 2, 'Sunday': 2, 'Thursday': 1}","{'March': 1, 'February': 1, 'September': 1, 'October': 1, 'June': 1}"
8294,5,7,"{'Monday': 2, 'Tuesday': 2, 'Thursday': 1}","{'February': 1, 'November': 1, 'December': 1, 'May': 1, 'March': 1}"
1646,5,7,"{'Friday': 2, 'Thursday': 2, 'Tuesday': 1}","{'August': 2, 'October': 1, 'July': 1, 'November': 1}"
7019,5,7,"{'Thursday': 2, 'Wednesday': 1, 'Saturday': 1, 'Friday': 1}","{'October': 1, 'February': 1, 'December': 1, 'June': 1, 'September': 1}"
3577,5,7,"{'Wednesday': 2, 'Monday': 2, 'Thursday': 1}","{'October': 1, 'April': 1, 'December': 1, 'March': 1, 'May': 1}"
2889,5,7,"{'Wednesday': 2, 'Thursday': 2, 'Friday': 1}","{'October': 2, 'January': 1, 'July': 1, 'June': 1}"
4031,5,7,"{'Monday': 1, 'Thursday': 1, 'Wednesday': 1, 'Tuesday': 1, 'Friday': 1}","{'March': 2, 'August': 1, 'November': 1, 'July': 1}"
2244,5,7,"{'Wednesday': 2, 'Monday': 1, 'Tuesday': 1, 'Thursday': 1}","{'March': 2, 'May': 1, 'July': 1, 'August': 1}"
2039,5,7,"{'Tuesday': 2, 'Monday': 1, 'Thursday': 1, 'Friday': 1}","{'April': 2, 'March': 1, 'September': 1, 'July': 1}"
948,5,7,"{'Friday': 1, 'Thursday': 1, 'Sunday': 1, 'Monday': 1, 'Tuesday': 1}","{'December': 2, 'March': 1, 'September': 1, 'February': 1}"
47,5,7,"{'Thursday': 2, 'Friday': 1, 'Tuesday': 1, 'Wednesday': 1}","{'March': 2, 'April': 2, 'February': 1}"
4171,5,7,"{'Thursday': 2, 'Tuesday': 1, 'Wednesday': 1, 'Monday': 1}","{'December': 2, 'February': 1, 'April': 1, 'November': 1}"
169,5,7,"{'Sunday': 2, 'Thursday': 1, 'Monday': 1, 'Saturday': 1}","{'March': 1, 'December': 1, 'January': 1, 'October': 1, 'April': 1}"
6079,5,7,"{'Saturday': 2, 'Wednesday': 1, 'Tuesday': 1, 'Thursday': 1}","{'March': 1, 'January': 1, 'February': 1, 'June': 1, 'August': 1}"
6076,5,7,"{'Sunday': 3, 'Tuesday': 1, 'Thursday': 1}","{'March': 1, 'April': 1, 'October': 1, 'November': 1, 'July': 1}"
290,5,7,"{'Wednesday': 2, 'Tuesday': 1, 'Thursday': 1, 'Friday': 1}","{'March': 1, 'May': 1, 'January': 1, 'June': 1, 'August': 1}"
2013,5,7,"{'Saturday': 2, 'Friday': 1, 'Wednesday': 1, 'Thursday': 1}","{'October': 1, 'January': 1, 'August': 1, 'April': 1, 'June': 1}"
1040,5,7,"{'Monday': 1, 'Saturday': 1, 'Tuesday': 1, 'Thursday': 1, 'Friday': 1}","{'March': 1, 'July': 1, 'November': 1, 'August': 1, 'February': 1}"
9079,5,7,"{'Monday': 2, 'Saturday': 1, 'Thursday': 1, 'Tuesday': 1}","{'January': 2, 'March': 1, 'December': 1, 'May': 1}"
7537,5,7,"{'Friday': 2, 'Saturday': 1, 'Thursday': 1, 'Sunday': 1}","{'March': 2, 'February': 1, 'November': 1, 'August': 1}"
6828,5,7,"{'Saturday': 1, 'Wednesday': 1, 'Friday': 1, 'Sunday': 1, 'Thursday': 1}","{'October': 3, 'March': 1, 'February': 1}"
5663,5,7,"{'Wednesday': 2, 'Thursday': 1, 'Monday': 1, 'Tuesday': 1}","{'February': 2, 'March': 1, 'December': 1, 'June': 1}"
605,5,7,"{'Tuesday': 2, 'Thursday': 1, 'Saturday': 1, 'Friday': 1}","{'December': 3, 'February': 1, 'November': 1}"
415,5,7,"{'Wednesday': 3, 'Thursday': 1, 'Friday': 1}","{'February': 1, 'January': 1, 'June': 1, 'July': 1, 'September': 1}"
23,5,7,"{'Saturday': 2, 'Monday': 2, 'Thursday': 1}","{'August': 2, 'March': 1, 'May': 1, 'September': 1}"
3044,5,7,"{'Friday': 2, 'Thursday': 1, 'Saturday': 1, 'Monday': 1}","{'March': 2, 'July': 1, 'November': 1, 'February': 1}"
2545,5,7,"{'Thursday': 2, 'Saturday': 2, 'Friday': 1}","{'March': 1, 'May': 1, 'April': 1, 'July': 1, 'February': 1}"
7478,5,7,"{'Thursday': 2, 'Tuesday': 1, 'Monday': 1, 'Wednesday': 1}","{'March': 2, 'February': 1, 'May': 1, 'August': 1}"
409,5,7,"{'Tuesday': 1, 'Friday': 1, 'Monday': 1, 'Sunday': 1, 'Thursday': 1}","{'March': 1, 'December': 1, 'October': 1, 'April': 1, 'February': 1}"
4455,5,7,"{'Friday': 2, 'Thursday': 2, 'Tuesday': 1}","{'February': 1, 'March': 1, 'August': 1, 'September': 1, 'July': 1}"
9726,5,7,"{'Thursday': 2, 'Wednesday': 2, 'Saturday': 1}","{'February': 1, 'September': 1, 'November': 1, 'July': 1, 'March': 1}"
3124,5,7,"{'Thursday': 2, 'Monday': 1, 'Friday': 1, 'Saturday': 1}","{'March': 1, 'April': 1, 'September': 1, 'November': 1, 'June': 1}"
4011,5,7,"{'Monday': 2, 'Tuesday': 1, 'Saturday': 1, 'Thursday': 1}","{'July': 2, 'October': 1, 'September': 1, 'January': 1}"
8518,5,7,"{'Saturday': 2, 'Friday': 1, 'Thursday': 1, 'Wednesday': 1}","{'May': 3, 'October': 1, 'March': 1}"
8971,5,7,"{'Saturday': 1, 'Friday': 1, 'Monday': 1, 'Thursday': 1, 'Sunday': 1}","{'February': 1, 'July': 1, 'August': 1, 'May': 1, 'January': 1}"
4572,5,7,"{'Saturday': 2, 'Thursday': 1, 'Sunday': 1, 'Friday': 1}","{'May': 2, 'February': 1, 'April': 1, 'August': 1}"
9786,5,7,"{'Friday': 1, 'Thursday': 1, 'Saturday': 1, 'Monday': 1, 'Wednesday': 1}","{'January': 2, 'February': 1, 'November': 1, 'December': 1}"
7783,5,7,"{'Friday': 1, 'Thursday': 1, 'Wednesday': 1, 'Monday': 1, 'Saturday': 1}","{'February': 1, 'April': 1, 'September': 1, 'December': 1, 'August': 1}"
6696,5,7,"{'Friday': 1, 'Monday': 1, 'Thursday': 1, 'Saturday': 1, 'Tuesday': 1}","{'February': 1, 'October': 1, 'December': 1, 'March': 1, 'July': 1}"
5840,5,7,"{'Thursday': 1, 'Friday': 1, 'Saturday': 1, 'Sunday': 1, 'Tuesday': 1}","{'February': 2, 'August': 1, 'September': 1, 'May': 1}"
4741,5,7,"{'Sunday': 2, 'Thursday': 1, 'Saturday': 1, 'Friday': 1}","{'February': 1, 'April': 1, 'July': 1, 'October': 1, 'September': 1}"
4593,5,7,"{'Saturday': 2, 'Friday': 1, 'Thursday': 1, 'Monday': 1}","{'February': 1, 'March': 1, 'October': 1, 'December': 1, 'May': 1}"
2818,5,7,"{'Saturday': 2, 'Sunday': 1, 'Wednesday': 1, 'Thursday': 1}","{'February': 1, 'December': 1, 'January': 1, 'June': 1, 'October': 1}"
2650,5,7,"{'Saturday': 2, 'Thursday': 1, 'Tuesday': 1, 'Friday': 1}","{'February': 2, 'December': 1, 'August': 1, 'May': 1}"
8639,5,7,"{'Tuesday': 2, 'Saturday': 1, 'Monday': 1, 'Thursday': 1}","{'February': 1, 'March': 1, 'May': 1, 'January': 1, 'October': 1}"
631,5,7,"{'Wednesday': 2, 'Thursday': 1, 'Sunday': 1, 'Tuesday': 1}","{'February': 2, 'October': 1, 'January': 1, 'December': 1}"
9853,5,7,"{'Monday': 3, 'Wednesday': 1, 'Thursday': 1}","{'October': 1, 'December': 1, 'July': 1, 'November': 1, 'February': 1}"
4292,5,7,"{'Thursday': 2, 'Monday': 1, 'Wednesday': 1, 'Saturday': 1}","{'October': 1, 'May': 1, 'June': 1, 'December': 1, 'August': 1}"
8423,5,7,"{'Tuesday': 2, 'Saturday': 1, 'Friday': 1, 'Thursday': 1}","{'February': 2, 'June': 1, 'April': 1, 'January': 1}"
3710,5,7,"{'Saturday': 2, 'Thursday': 1, 'Wednesday': 1, 'Tuesday': 1}","{'July': 1, 'January': 1, 'December': 1, 'May': 1, 'February': 1}"
874,5,7,"{'Saturday': 3, 'Sunday': 1, 'Thursday': 1}","{'September': 2, 'July': 1, 'December': 1, 'June': 1}"
6994,4,8,"{'Thursday': 2, 'Friday': 1, 'Tuesday': 1}","{'August': 1, 'May': 1, 'October': 1, 'November': 1}"
3788,4,8,"{'Saturday': 2, 'Friday': 1, 'Thursday': 1}","{'November': 2, 'August': 1, 'July': 1}"
3908,4,8,"{'Saturday': 1, 'Monday': 1, 'Sunday': 1, 'Thursday': 1}","{'July': 1, 'October': 1, 'January': 1, 'February': 1}"
1215,4,8,"{'Sunday': 1, 'Friday': 1, 'Thursday': 1, 'Tuesday': 1}","{'July': 1, 'February': 1, 'April': 1, 'December': 1}"
2247,4,8,"{'Tuesday': 1, 'Monday': 1, 'Thursday': 1, 'Sunday': 1}","{'March': 2, 'February': 1, 'January': 1}"
3428,4,8,"{'Sunday': 2, 'Tuesday': 1, 'Thursday': 1}","{'February': 1, 'November': 1, 'July': 1, 'October': 1}"
618,4,8,"{'Wednesday': 2, 'Tuesday': 1, 'Thursday': 1}","{'October': 2, 'February': 1, 'September': 1}"
3092,4,8,"{'Thursday': 2, 'Tuesday': 2}","{'March': 2, 'July': 1, 'May': 1}"
1228,4,8,"{'Thursday': 1, 'Wednesday': 1, 'Tuesday': 1, 'Sunday': 1}","{'July': 1, 'August': 1, 'May': 1, 'February': 1}"
2845,4,8,"{'Friday': 2, 'Tuesday': 1, 'Thursday': 1}","{'November': 1, 'May': 1, 'April': 1, 'October': 1}"
5696,4,8,"{'Friday': 1, 'Sunday': 1, 'Saturday': 1, 'Thursday': 1}","{'November': 1, 'February': 1, 'May': 1, 'September': 1}"
8524,4,8,"{'Tuesday': 2, 'Friday': 1, 'Thursday': 1}","{'November': 1, 'December': 1, 'October': 1, 'June': 1}"
9075,4,8,"{'Wednesday': 2, 'Friday': 1, 'Thursday': 1}","{'November': 1, 'February': 1, 'January': 1, 'March': 1}"
74,4,8,"{'Thursday': 3, 'Friday': 1}","{'July': 1, 'October': 1, 'March': 1, 'August': 1}"
4707,4,8,"{'Tuesday': 2, 'Sunday': 1, 'Thursday': 1}","{'February': 2, 'July': 1, 'January': 1}"
4417,4,8,"{'Tuesday': 2, 'Thursday': 1, 'Friday': 1}","{'June': 1, 'January': 1, 'August': 1, 'February': 1}"
5658,4,8,"{'Thursday': 1, 'Sunday': 1, 'Tuesday': 1, 'Saturday': 1}","{'August': 1, 'April': 1, 'July': 1, 'September': 1}"
4194,4,8,"{'Saturday': 2, 'Sunday': 1, 'Thursday': 1}","{'July': 2, 'June': 1, 'October': 1}"
3448,4,8,"{'Wednesday': 2, 'Saturday': 1, 'Thursday': 1}","{'May': 2, 'July': 1, 'October': 1}"
6097,4,8,"{'Thursday': 1, 'Sunday': 1, 'Tuesday': 1, 'Friday': 1}","{'February': 1, 'September': 1, 'December': 1, 'August': 1}"
6112,4,8,"{'Friday': 2, 'Thursday': 1, 'Wednesday': 1}","{'February': 1, 'May': 1, 'August': 1, 'April': 1}"
6825,4,8,"{'Wednesday': 2, 'Thursday': 1, 'Sunday': 1}","{'February': 1, 'March': 1, 'June': 1, 'August': 1}"
7379,4,8,"{'Thursday': 2, 'Monday': 2}","{'March': 2, 'February': 1, 'December': 1}"
9370,4,8,"{'Monday': 2, 'Friday': 1, 'Thursday': 1}","{'February': 2, 'June': 1, 'November': 1}"
182,4,8,"{'Saturday': 2, 'Thursday': 1, 'Monday': 1}","{'November': 2, 'July': 1, 'August': 1}"
1121,4,8,"{'Wednesday': 1, 'Thursday': 1, 'Sunday': 1, 'Monday': 1}","{'November': 2, 'October': 1, 'January': 1}"
5736,4,8,"{'Wednesday': 2, 'Tuesday': 1, 'Thursday': 1}","{'November': 1, 'September': 1, 'March': 1, 'August': 1}"
1750,4,8,"{'Thursday': 2, 'Monday': 1, 'Friday': 1}","{'October': 2, 'June': 1, 'February': 1}"
4200,4,8,"{'Thursday': 1, 'Saturday': 1, 'Sunday': 1, 'Monday': 1}","{'February': 1, 'September': 1, 'November': 1, 'March': 1}"
6801,4,8,"{'Saturday': 1, 'Tuesday': 1, 'Friday': 1, 'Thursday': 1}","{'December': 2, 'June': 1, 'May': 1}"
7017,4,8,"{'Sunday': 1, 'Tuesday': 1, 'Thursday': 1, 'Saturday': 1}","{'July': 2, 'June': 1, 'May': 1}"
1830,4,8,"{'Monday': 2, 'Thursday': 1, 'Wednesday': 1}","{'August': 3, 'March': 1}"
2518,4,8,"{'Monday': 1, 'Tuesday': 1, 'Wednesday': 1, 'Thursday': 1}","{'March': 1, 'April': 1, 'May': 1, 'December': 1}"
4875,4,8,"{'Monday': 2, 'Friday': 1, 'Thursday': 1}","{'February': 1, 'January': 1, 'May': 1, 'June': 1}"
633,4,8,"{'Friday': 2, 'Saturday': 1, 'Thursday': 1}","{'February': 2, 'June': 1, 'September': 1}"
4577,4,8,"{'Monday': 2, 'Thursday': 1, 'Sunday': 1}","{'August': 1, 'January': 1, 'February': 1, 'December': 1}"
673,4,8,"{'Friday': 1, 'Wednesday': 1, 'Saturday': 1, 'Thursday': 1}","{'May': 1, 'January': 1, 'April': 1, 'December': 1}"
2735,4,8,"{'Saturday': 2, 'Friday': 1, 'Thursday': 1}","{'July': 2, 'May': 1, 'August': 1}"
4222,4,8,"{'Thursday': 2, 'Sunday': 1, 'Wednesday': 1}","{'May': 1, 'July': 1, 'February': 1, 'March': 1}"
6934,4,8,"{'Monday': 1, 'Thursday': 1, 'Sunday': 1, 'Saturday': 1}","{'July': 2, 'March': 1, 'April': 1}"
8924,4,8,"{'Sunday': 1, 'Monday': 1, 'Tuesday': 1, 'Thursday': 1}","{'May': 2, 'July': 1, 'October': 1}"
9090,4,8,"{'Thursday': 2, 'Saturday': 1, 'Wednesday': 1}","{'February': 2, 'May': 1, 'September': 1}"
9317,4,8,"{'Wednesday': 2, 'Thursday': 1, 'Saturday': 1}","{'May': 1, 'November': 1, 'August': 1, 'September': 1}"
3425,4,8,"{'Friday': 1, 'Monday': 1, 'Wednesday': 1, 'Thursday': 1}","{'March': 2, 'May': 1, 'April': 1}"
6979,4,8,"{'Thursday': 2, 'Tuesday': 1, 'Sunday': 1}","{'September': 2, 'June': 1, 'March': 1}"
6388,4,8,"{'Wednesday': 1, 'Friday': 1, 'Thursday': 1, 'Monday': 1}","{'April': 1, 'February': 1, 'June': 1, 'December': 1}"
3273,4,8,"{'Monday': 2, 'Tuesday': 1, 'Thursday': 1}","{'March': 2, 'November': 1, 'July': 1}"
5528,4,8,"{'Monday': 2, 'Tuesday': 1, 'Thursday': 1}","{'November': 1, 'January': 1, 'October': 1, 'December': 1}"
9072,4,8,"{'Tuesday': 2, 'Monday': 1, 'Thursday': 1}","{'November': 2, 'August': 1, 'February': 1}"
4674,4,8,"{'Sunday': 2, 'Thursday': 1, 'Saturday': 1}","{'July': 2, 'April': 1, 'January': 1}"
82,4,8,"{'Friday': 2, 'Monday': 1, 'Thursday': 1}","{'September': 1, 'November': 1, 'June': 1, 'August': 1}"
1781,4,8,"{'Thursday': 2, 'Monday': 1, 'Wednesday': 1}","{'April': 2, 'March': 1, 'May': 1}"
4596,4,8,"{'Friday': 1, 'Thursday': 1, 'Tuesday': 1, 'Sunday': 1}","{'March': 2, 'June': 1, 'September': 1}"
5668,4,8,"{'Friday': 1, 'Monday': 1, 'Thursday': 1, 'Sunday': 1}","{'September': 2, 'March': 1, 'December': 1}"
5339,4,8,"{'Wednesday': 2, 'Thursday': 1, 'Saturday': 1}","{'March': 1, 'August': 1, 'June': 1, 'November': 1}"
4356,4,8,"{'Friday': 1, 'Thursday': 1, 'Saturday': 1, 'Wednesday': 1}","{'December': 2, 'April': 1, 'July': 1}"
9989,4,8,"{'Sunday': 1, 'Friday': 1, 'Monday': 1, 'Thursday': 1}","{'May': 2, 'April': 1, 'June': 1}"
1020,4,8,"{'Tuesday': 1, 'Thursday': 1, 'Monday': 1, 'Saturday': 1}","{'October': 2, 'April': 1, 'September': 1}"
2639,4,8,"{'Tuesday': 2, 'Sunday': 1, 'Thursday': 1}","{'April': 1, 'July': 1, 'October': 1, 'May': 1}"
2198,4,8,"{'Wednesday': 2, 'Friday': 1, 'Thursday': 1}","{'April': 2, 'November': 1, 'February': 1}"
4813,4,8,"{'Sunday': 1, 'Monday': 1, 'Tuesday': 1, 'Thursday': 1}","{'April': 2, 'May': 1, 'January': 1}"
7333,4,8,"{'Thursday': 2, 'Friday': 1, 'Sunday': 1}","{'February': 1, 'July': 1, 'March': 1, 'April': 1}"
5219,4,8,"{'Thursday': 1, 'Friday': 1, 'Monday': 1, 'Tuesday': 1}","{'March': 2, 'December': 1, 'April': 1}"
7815,4,8,"{'Thursday': 2, 'Tuesday': 1, 'Sunday': 1}","{'March': 2, 'January': 1, 'April': 1}"
9559,4,8,"{'Sunday': 2, 'Tuesday': 1, 'Thursday': 1}","{'September': 1, 'December': 1, 'March': 1, 'May': 1}"
3863,4,8,"{'Saturday': 2, 'Sunday': 1, 'Thursday': 1}","{'September': 2, 'April': 1, 'November': 1}"
6444,4,8,"{'Thursday': 2, 'Saturday': 1, 'Friday': 1}","{'March': 1, 'May': 1, 'January': 1, 'September': 1}"
7202,4,8,"{'Saturday': 2, 'Thursday': 1, 'Monday': 1}","{'March': 2, 'September': 1, 'June': 1}"
2180,4,8,"{'Monday': 1, 'Thursday': 1, 'Wednesday': 1, 'Friday': 1}","{'February': 2, 'March': 1, 'December': 1}"
2276,4,8,"{'Thursday': 2, 'Saturday': 1, 'Sunday': 1}","{'September': 2, 'March': 1, 'January': 1}"
2265,4,8,"{'Thursday': 2, 'Monday': 1, 'Tuesday': 1}","{'March': 2, 'April': 1, 'June': 1}"
7560,4,8,"{'Monday': 2, 'Thursday': 1, 'Friday': 1}","{'March': 2, 'April': 1, 'January': 1}"
6287,4,8,"{'Friday': 1, 'Wednesday': 1, 'Thursday': 1, 'Monday': 1}","{'March': 2, 'November': 1, 'October': 1}"
1487,4,8,"{'Tuesday': 2, 'Thursday': 1, 'Saturday': 1}","{'March': 2, 'September': 1, 'October': 1}"
4825,4,8,"{'Tuesday': 1, 'Wednesday': 1, 'Saturday': 1, 'Thursday': 1}","{'March': 2, 'August': 1, 'September': 1}"
6180,4,8,"{'Tuesday': 1, 'Thursday': 1, 'Friday': 1, 'Wednesday': 1}","{'March': 2, 'October': 1, 'July': 1}"
7074,4,8,"{'Wednesday': 2, 'Tuesday': 1, 'Thursday': 1}","{'March': 1, 'November': 1, 'January': 1, 'October': 1}"
5111,4,8,"{'Tuesday': 1, 'Saturday': 1, 'Sunday': 1, 'Thursday': 1}","{'December': 1, 'September': 1, 'February': 1, 'July': 1}"
8343,4,8,"{'Tuesday': 3, 'Thursday': 1}","{'December': 1, 'April': 1, 'January': 1, 'August': 1}"
6006,4,8,"{'Wednesday': 1, 'Thursday': 1, 'Tuesday': 1, 'Sunday': 1}","{'June': 2, 'September': 1, 'August': 1}"
973,4,8,"{'Thursday': 2, 'Monday': 1, 'Tuesday': 1}","{'June': 2, 'September': 1, 'July': 1}"
9725,4,8,"{'Thursday': 1, 'Wednesday': 1, 'Monday': 1, 'Sunday': 1}","{'March': 2, 'January': 1, 'August': 1}"
5112,4,8,"{'Friday': 1, 'Sunday': 1, 'Wednesday': 1, 'Thursday': 1}","{'March': 2, 'August': 1, 'September': 1}"
8015,4,8,"{'Wednesday': 1, 'Monday': 1, 'Thursday': 1, 'Sunday': 1}","{'March': 1, 'February': 1, 'January': 1, 'September': 1}"
71,4,8,"{'Wednesday': 2, 'Thursday': 1, 'Sunday': 1}","{'March': 2, 'January': 1, 'August': 1}"
3231,4,8,"{'Thursday': 1, 'Tuesday': 1, 'Wednesday': 1, 'Monday': 1}","{'October': 1, 'February': 1, 'August': 1, 'January': 1}"
7600,4,8,"{'Thursday': 3, 'Saturday': 1}","{'October': 1, 'December': 1, 'April': 1, 'August': 1}"
4806,4,8,"{'Thursday': 1, 'Wednesday': 1, 'Sunday': 1, 'Friday': 1}","{'April': 2, 'March': 1, 'November': 1}"
5822,4,8,"{'Thursday': 1, 'Friday': 1, 'Saturday': 1, 'Wednesday': 1}","{'March': 2, 'July': 1, 'February': 1}"
6717,4,8,"{'Thursday': 3, 'Wednesday': 1}","{'March': 2, 'June': 1, 'July': 1}"
2515,4,8,"{'Saturday': 2, 'Thursday': 1, 'Sunday': 1}","{'August': 1, 'January': 1, 'July': 1, 'October': 1}"
721,4,8,"{'Thursday': 1, 'Tuesday': 1, 'Friday': 1, 'Sunday': 1}","{'February': 1, 'May': 1, 'August': 1, 'January': 1}"
2459,4,8,"{'Thursday': 2, 'Saturday': 1, 'Wednesday': 1}","{'October': 1, 'February': 1, 'May': 1, 'July': 1}"
4333,4,8,"{'Wednesday': 2, 'Sunday': 1, 'Thursday': 1}","{'February': 2, 'March': 1, 'April': 1}"
5894,4,8,"{'Thursday': 2, 'Monday': 1, 'Wednesday': 1}","{'February': 2, 'August': 2}"
6872,4,8,"{'Wednesday': 1, 'Thursday': 1, 'Tuesday': 1, 'Monday': 1}","{'September': 2, 'February': 1, 'June': 1}"
8139,4,8,"{'Wednesday': 2, 'Saturday': 1, 'Thursday': 1}","{'February': 1, 'August': 1, 'September': 1, 'March': 1}"
1054,4,8,"{'Monday': 2, 'Friday': 1, 'Thursday': 1}","{'March': 2, 'February': 2}"
1109,4,8,"{'Friday': 2, 'Thursday': 1, 'Saturday': 1}","{'February': 2, 'March': 1, 'May': 1}"
4860,4,8,"{'Saturday': 1, 'Sunday': 1, 'Wednesday': 1, 'Thursday': 1}","{'September': 2, 'March': 1, 'August': 1}"
2034,4,8,"{'Monday': 2, 'Thursday': 1, 'Sunday': 1}","{'February': 1, 'June': 1, 'March': 1, 'May': 1}"
5934,4,8,"{'Thursday': 2, 'Friday': 1, 'Wednesday': 1}","{'February': 1, 'November': 1, 'July': 1, 'December': 1}"
6853,4,8,"{'Monday': 1, 'Thursday': 1, 'Saturday': 1, 'Wednesday': 1}","{'February': 1, 'June': 1, 'September': 1, 'July': 1}"
5311,4,8,"{'Monday': 1, 'Thursday': 1, 'Sunday': 1, 'Wednesday': 1}","{'August': 2, 'October': 1, 'February': 1}"
5942,4,8,"{'Thursday': 3, 'Wednesday': 1}","{'October': 1, 'January': 1, 'July': 1, 'August': 1}"
3277,4,8,"{'Thursday': 1, 'Saturday': 1, 'Monday': 1, 'Friday': 1}","{'October': 1, 'December': 1, 'September': 1, 'May': 1}"
7090,4,8,"{'Saturday': 1, 'Thursday': 1, 'Monday': 1, 'Sunday': 1}","{'March': 1, 'September': 1, 'October': 1, 'November': 1}"
8003,4,8,"{'Wednesday': 2, 'Thursday': 1, 'Friday': 1}","{'October': 1, 'February': 1, 'March': 1, 'May': 1}"
9986,4,8,"{'Friday': 2, 'Tuesday': 1, 'Thursday': 1}","{'January': 1, 'March': 1, 'September': 1, 'July': 1}"
9655,4,8,"{'Monday': 2, 'Wednesday': 1, 'Thursday': 1}","{'September': 2, 'October': 1, 'January': 1}"
2849,4,8,"{'Friday': 2, 'Thursday': 1, 'Sunday': 1}","{'October': 1, 'June': 1, 'May': 1, 'September': 1}"
5089,4,8,"{'Friday': 2, 'Thursday': 1, 'Monday': 1}","{'January': 1, 'October': 1, 'July': 1, 'August': 1}"
6426,4,8,"{'Friday': 1, 'Tuesday': 1, 'Thursday': 1, 'Saturday': 1}","{'January': 1, 'May': 1, 'August': 1, 'June': 1}"
1886,4,8,"{'Saturday': 1, 'Thursday': 1, 'Monday': 1, 'Wednesday': 1}","{'January': 1, 'March': 1, 'February': 1, 'August': 1}"
5007,4,8,"{'Monday': 2, 'Thursday': 1, 'Sunday': 1}","{'November': 1, 'July': 1, 'March': 1, 'August': 1}"
5841,4,8,"{'Wednesday': 2, 'Thursday': 2}","{'January': 2, 'June': 1, 'December': 1}"
4256,4,8,"{'Monday': 1, 'Tuesday': 1, 'Wednesday': 1, 'Thursday': 1}","{'November': 1, 'December': 1, 'January': 1, 'September': 1}"
2885,4,8,"{'Friday': 1, 'Wednesday': 1, 'Thursday': 1, 'Saturday': 1}","{'January': 1, 'May': 1, 'August': 1, 'October': 1}"
4009,4,8,"{'Thursday': 2, 'Sunday': 1, 'Tuesday': 1}","{'January': 1, 'June': 1, 'July': 1, 'March': 1}"
9572,4,8,"{'Saturday': 1, 'Wednesday': 1, 'Thursday': 1, 'Sunday': 1}","{'December': 1, 'February': 1, 'November': 1, 'August': 1}"
2757,4,8,"{'Sunday': 2, 'Wednesday': 1, 'Thursday': 1}","{'December': 2, 'July': 1, 'January': 1}"
6879,4,8,"{'Monday': 2, 'Thursday': 1, 'Sunday': 1}","{'November': 2, 'October': 1, 'December': 1}"
260,4,8,"{'Thursday': 1, 'Wednesday': 1, 'Sunday': 1, 'Tuesday': 1}","{'December': 1, 'May': 1, 'June': 1, 'July': 1}"
7723,4,8,"{'Friday': 1, 'Thursday': 1, 'Tuesday': 1, 'Saturday': 1}","{'December': 1, 'June': 1, 'September': 1, 'April': 1}"
3341,4,8,"{'Thursday': 2, 'Tuesday': 1, 'Sunday': 1}","{'March': 2, 'April': 1, 'January': 1}"
6910,4,8,"{'Thursday': 2, 'Friday': 2}","{'March': 2, 'April': 1, 'June': 1}"
7121,4,8,"{'Thursday': 2, 'Saturday': 1, 'Wednesday': 1}","{'March': 1, 'July': 1, 'November': 1, 'June': 1}"
8776,4,8,"{'Thursday': 1, 'Saturday': 1, 'Monday': 1, 'Wednesday': 1}","{'October': 2, 'March': 1, 'February': 1}"
9264,4,8,"{'Tuesday': 2, 'Thursday': 1, 'Friday': 1}","{'March': 2, 'February': 1, 'October': 1}"
1910,4,8,"{'Wednesday': 1, 'Thursday': 1, 'Tuesday': 1, 'Sunday': 1}","{'December': 3, 'October': 1}"
2690,4,8,"{'Monday': 1, 'Tuesday': 1, 'Friday': 1, 'Thursday': 1}","{'August': 1, 'October': 1, 'December': 1, 'July': 1}"
2783,4,8,"{'Monday': 2, 'Tuesday': 1, 'Thursday': 1}","{'September': 2, 'August': 1, 'December': 1}"
7529,4,8,"{'Saturday': 2, 'Thursday': 2}","{'December': 1, 'April': 1, 'November': 1, 'July': 1}"
4047,4,8,"{'Friday': 1, 'Saturday': 1, 'Wednesday': 1, 'Thursday': 1}","{'April': 2, 'November': 1, 'January': 1}"
1358,4,8,"{'Saturday': 2, 'Tuesday': 1, 'Thursday': 1}","{'May': 2, 'March': 1, 'April': 1}"
3319,4,8,"{'Thursday': 2, 'Saturday': 1, 'Tuesday': 1}","{'March': 1, 'May': 1, 'August': 1, 'September': 1}"
4166,4,8,"{'Saturday': 1, 'Thursday': 1, 'Friday': 1, 'Sunday': 1}","{'March': 1, 'May': 1, 'September': 1, 'February': 1}"
7315,4,8,"{'Wednesday': 2, 'Thursday': 2}","{'December': 1, 'March': 1, 'April': 1, 'August': 1}"
8456,4,8,"{'Tuesday': 2, 'Thursday': 2}","{'November': 1, 'March': 1, 'February': 1, 'September': 1}"
9295,4,8,"{'Thursday': 2, 'Wednesday': 1, 'Saturday': 1}","{'December': 1, 'August': 1, 'October': 1, 'March': 1}"
4384,4,8,"{'Thursday': 1, 'Sunday': 1, 'Monday': 1, 'Wednesday': 1}","{'December': 2, 'April': 1, 'September': 1}"
8964,4,8,"{'Sunday': 1, 'Monday': 1, 'Saturday': 1, 'Thursday': 1}","{'December': 1, 'May': 1, 'November': 1, 'July': 1}"
89,4,8,"{'Monday': 1, 'Wednesday': 1, 'Thursday': 1, 'Saturday': 1}","{'December': 2, 'August': 2}"
363,4,8,"{'Wednesday': 2, 'Monday': 1, 'Thursday': 1}","{'March': 1, 'June': 1, 'February': 1, 'April': 1}"
3216,4,8,"{'Monday': 1, 'Tuesday': 1, 'Thursday': 1, 'Friday': 1}","{'December': 2, 'October': 1, 'April': 1}"
8367,4,8,"{'Tuesday': 1, 'Friday': 1, 'Monday': 1, 'Thursday': 1}","{'December': 1, 'November': 1, 'May': 1, 'September': 1}"
4310,4,8,"{'Saturday': 1, 'Friday': 1, 'Thursday': 1, 'Monday': 1}","{'December': 1, 'July': 1, 'September': 1, 'October': 1}"
4037,4,8,"{'Thursday': 1, 'Wednesday': 1, 'Tuesday': 1, 'Sunday': 1}","{'July': 2, 'November': 1, 'August': 1}"
5560,4,8,"{'Thursday': 2, 'Monday': 1, 'Tuesday': 1}","{'October': 2, 'March': 1, 'December': 1}"
6149,4,8,"{'Monday': 1, 'Thursday': 1, 'Sunday': 1, 'Saturday': 1}","{'February': 1, 'December': 1, 'January': 1, 'March': 1}"
6302,4,8,"{'Thursday': 2, 'Monday': 1, 'Saturday': 1}","{'February': 1, 'January': 1, 'July': 1, 'October': 1}"
5632,4,8,"{'Sunday': 1, 'Tuesday': 1, 'Thursday': 1, 'Monday': 1}","{'November': 2, 'June': 1, 'October': 1}"
7627,4,8,"{'Monday': 1, 'Thursday': 1, 'Tuesday': 1, 'Friday': 1}","{'February': 2, 'December': 1, 'July': 1}"
3801,4,8,"{'Thursday': 2, 'Friday': 2}","{'November': 1, 'February': 1, 'May': 1, 'October': 1}"
3028,4,8,"{'Tuesday': 1, 'Wednesday': 1, 'Thursday': 1, 'Friday': 1}","{'February': 2, 'March': 1, 'November': 1}"
3450,4,8,"{'Tuesday': 2, 'Thursday': 1, 'Monday': 1}","{'March': 1, 'January': 1, 'December': 1, 'February': 1}"
7799,4,8,"{'Tuesday': 1, 'Saturday': 1, 'Thursday': 1, 'Monday': 1}","{'March': 2, 'November': 1, 'July': 1}"
7924,4,8,"{'Wednesday': 2, 'Thursday': 1, 'Friday': 1}","{'November': 1, 'August': 1, 'February': 1, 'January': 1}"
7943,4,8,"{'Tuesday': 1, 'Wednesday': 1, 'Monday': 1, 'Thursday': 1}","{'November': 2, 'April': 1, 'October': 1}"
753,4,8,"{'Wednesday': 1, 'Thursday': 1, 'Saturday': 1, 'Tuesday': 1}","{'November': 1, 'December': 1, 'January': 1, 'June': 1}"
9303,4,8,"{'Tuesday': 2, 'Wednesday': 1, 'Thursday': 1}","{'November': 1, 'May': 1, 'December': 1, 'February': 1}"
364,4,8,"{'Thursday': 1, 'Tuesday': 1, 'Friday': 1, 'Monday': 1}","{'July': 2, 'November': 1, 'March': 1}"
30,4,8,"{'Wednesday': 1, 'Tuesday': 1, 'Monday': 1, 'Thursday': 1}","{'November': 2, 'January': 1, 'May': 1}"
473,4,8,"{'Wednesday': 2, 'Thursday': 1, 'Sunday': 1}","{'March': 2, 'October': 1, 'April': 1}"
1344,4,8,"{'Monday': 2, 'Thursday': 1, 'Sunday': 1}","{'March': 1, 'January': 1, 'April': 1, 'July': 1}"
3597,4,8,"{'Thursday': 2, 'Saturday': 1, 'Wednesday': 1}","{'February': 1, 'December': 1, 'July': 1, 'September': 1}"
17,4,8,"{'Thursday': 2, 'Saturday': 1, 'Monday': 1}","{'November': 2, 'December': 1, 'August': 1}"
7710,4,8,"{'Thursday': 1, 'Tuesday': 1, 'Wednesday': 1, 'Saturday': 1}","{'November': 2, 'January': 1, 'July': 1}"
8853,4,8,"{'Sunday': 1, 'Saturday': 1, 'Thursday': 1, 'Friday': 1}","{'July': 2, 'November': 1, 'October': 1}"
3840,4,8,"{'Saturday': 1, 'Wednesday': 1, 'Thursday': 1, 'Friday': 1}","{'November': 1, 'February': 1, 'May': 1, 'October': 1}"
7966,4,8,"{'Wednesday': 2, 'Tuesday': 1, 'Thursday': 1}","{'November': 2, 'February': 1, 'July': 1}"
8154,4,8,"{'Thursday': 2, 'Tuesday': 1, 'Wednesday': 1}","{'November': 1, 'January': 1, 'December': 1, 'August': 1}"
5062,4,8,"{'Wednesday': 3, 'Thursday': 1}","{'March': 1, 'April': 1, 'February': 1, 'June': 1}"
5829,4,8,"{'Friday': 1, 'Saturday': 1, 'Sunday': 1, 'Thursday': 1}","{'March': 1, 'April': 1, 'May': 1, 'July': 1}"
510,4,8,"{'Saturday': 1, 'Wednesday': 1, 'Sunday': 1, 'Thursday': 1}","{'March': 1, 'January': 1, 'July': 1, 'August': 1}"
5966,4,8,"{'Wednesday': 2, 'Monday': 1, 'Thursday': 1}","{'November': 2, 'September': 1, 'August': 1}"
6115,4,8,"{'Thursday': 2, 'Wednesday': 1, 'Sunday': 1}","{'June': 2, 'November': 1, 'December': 1}"
3905,4,8,"{'Thursday': 2, 'Monday': 1, 'Sunday': 1}","{'November': 2, 'March': 1, 'July': 1}"
3046,4,8,"{'Thursday': 1, 'Friday': 1, 'Wednesday': 1, 'Tuesday': 1}","{'October': 1, 'December': 1, 'January': 1, 'September': 1}"
2134,4,8,"{'Friday': 1, 'Sunday': 1, 'Monday': 1, 'Thursday': 1}","{'October': 1, 'August': 1, 'June': 1, 'September': 1}"
3266,4,8,"{'Saturday': 2, 'Sunday': 1, 'Thursday': 1}","{'March': 1, 'May': 1, 'August': 1, 'February': 1}"
3439,4,8,"{'Tuesday': 2, 'Saturday': 1, 'Thursday': 1}","{'March': 1, 'January': 1, 'November': 1, 'October': 1}"
632,4,8,"{'Monday': 1, 'Thursday': 1, 'Friday': 1, 'Sunday': 1}","{'May': 2, 'March': 1, 'December': 1}"
6042,4,8,"{'Friday': 1, 'Tuesday': 1, 'Saturday': 1, 'Thursday': 1}","{'May': 2, 'November': 1, 'September': 1}"
7300,4,8,"{'Friday': 1, 'Monday': 1, 'Thursday': 1, 'Wednesday': 1}","{'March': 2, 'November': 1, 'August': 1}"
8779,4,8,"{'Friday': 1, 'Tuesday': 1, 'Thursday': 1, 'Sunday': 1}","{'November': 2, 'January': 1, 'February': 1}"
2522,4,8,"{'Thursday': 1, 'Monday': 1, 'Friday': 1, 'Wednesday': 1}","{'October': 1, 'February': 1, 'March': 1, 'April': 1}"
2794,4,8,"{'Thursday': 2, 'Friday': 1, 'Tuesday': 1}","{'October': 1, 'July': 1, 'April': 1, 'September': 1}"
5806,4,8,"{'Thursday': 2, 'Monday': 1, 'Sunday': 1}","{'October': 2, 'May': 1, 'March': 1}"
332,4,8,"{'Wednesday': 1, 'Tuesday': 1, 'Thursday': 1, 'Saturday': 1}","{'December': 1, 'March': 1, 'September': 1, 'November': 1}"
2040,4,8,"{'Thursday': 2, 'Tuesday': 2}","{'October': 2, 'April': 1, 'January': 1}"
1984,4,8,"{'Wednesday': 2, 'Monday': 1, 'Thursday': 1}","{'October': 2, 'February': 2}"
3879,4,8,"{'Friday': 1, 'Thursday': 1, 'Wednesday': 1, 'Tuesday': 1}","{'October': 1, 'March': 1, 'September': 1, 'January': 1}"
5911,4,8,"{'Saturday': 1, 'Sunday': 1, 'Thursday': 1, 'Wednesday': 1}","{'October': 2, 'April': 1, 'July': 1}"
1891,4,8,"{'Thursday': 1, 'Tuesday': 1, 'Wednesday': 1, 'Saturday': 1}","{'February': 2, 'March': 1, 'April': 1}"
4318,4,8,"{'Thursday': 1, 'Monday': 1, 'Sunday': 1, 'Tuesday': 1}","{'February': 1, 'April': 1, 'January': 1, 'June': 1}"
3920,4,8,"{'Tuesday': 1, 'Wednesday': 1, 'Sunday': 1, 'Thursday': 1}","{'March': 1, 'May': 1, 'June': 1, 'December': 1}"
9543,4,8,"{'Thursday': 2, 'Tuesday': 1, 'Wednesday': 1}","{'May': 2, 'October': 1, 'July': 1}"
6337,4,8,"{'Monday': 1, 'Saturday': 1, 'Thursday': 1, 'Tuesday': 1}","{'August': 1, 'September': 1, 'April': 1, 'May': 1}"
9876,4,8,"{'Monday': 1, 'Wednesday': 1, 'Thursday': 1, 'Sunday': 1}","{'August': 1, 'January': 1, 'November': 1, 'July': 1}"
5512,4,8,"{'Monday': 2, 'Wednesday': 1, 'Thursday': 1}","{'October': 2, 'March': 1, 'June': 1}"
9155,4,8,"{'Sunday': 1, 'Thursday': 1, 'Tuesday': 1, 'Friday': 1}","{'October': 1, 'March': 1, 'June': 1, 'August': 1}"
3567,4,8,"{'Wednesday': 2, 'Sunday': 1, 'Thursday': 1}","{'May': 2, 'March': 1, 'February': 1}"
6425,4,8,"{'Wednesday': 1, 'Thursday': 1, 'Friday': 1, 'Tuesday': 1}","{'March': 1, 'December': 1, 'July': 1, 'May': 1}"
3429,4,8,"{'Thursday': 2, 'Wednesday': 1, 'Tuesday': 1}","{'April': 2, 'June': 1, 'May': 1}"
3853,4,8,"{'Monday': 3, 'Thursday': 1}","{'July': 2, 'April': 1, 'September': 1}"
7105,4,8,"{'Tuesday': 1, 'Saturday': 1, 'Thursday': 1, 'Wednesday': 1}","{'December': 1, 'March': 1, 'April': 1, 'June': 1}"
9731,4,8,"{'Thursday': 2, 'Friday': 1, 'Saturday': 1}","{'December': 1, 'November': 1, 'February': 1, 'June': 1}"
9857,4,8,"{'Thursday': 1, 'Monday': 1, 'Sunday': 1, 'Tuesday': 1}","{'April': 2, 'February': 1, 'July': 1}"
2274,4,8,"{'Friday': 1, 'Monday': 1, 'Thursday': 1, 'Saturday': 1}","{'April': 1, 'January': 1, 'February': 1, 'November': 1}"
2287,4,8,"{'Friday': 2, 'Tuesday': 1, 'Thursday': 1}","{'April': 1, 'March': 1, 'May': 1, 'August': 1}"
2923,4,8,"{'Thursday': 1, 'Monday': 1, 'Saturday': 1, 'Tuesday': 1}","{'October': 2, 'May': 1, 'September': 1}"
1298,4,8,"{'Saturday': 2, 'Sunday': 1, 'Thursday': 1}","{'September': 1, 'November': 1, 'March': 1, 'April': 1}"
8338,4,8,"{'Thursday': 1, 'Monday': 1, 'Tuesday': 1, 'Wednesday': 1}","{'September': 2, 'October': 2}"
825,4,8,"{'Monday': 1, 'Friday': 1, 'Wednesday': 1, 'Thursday': 1}","{'September': 2, 'June': 2}"
2676,4,8,"{'Saturday': 1, 'Friday': 1, 'Thursday': 1, 'Tuesday': 1}","{'April': 2, 'February': 1, 'September': 1}"
6573,4,8,"{'Saturday': 1, 'Thursday': 1, 'Monday': 1, 'Friday': 1}","{'April': 2, 'September': 2}"
5667,4,8,"{'Thursday': 2, 'Saturday': 1, 'Wednesday': 1}","{'July': 2, 'September': 1, 'January': 1}"
33,4,8,"{'Friday': 2, 'Monday': 1, 'Thursday': 1}","{'December': 2, 'September': 1, 'January': 1}"
7893,4,8,"{'Friday': 1, 'Thursday': 1, 'Sunday': 1, 'Monday': 1}","{'December': 1, 'November': 1, 'October': 1, 'March': 1}"
8863,4,8,"{'Thursday': 2, 'Friday': 1, 'Sunday': 1}","{'December': 1, 'September': 1, 'March': 1, 'April': 1}"
9418,4,8,"{'Friday': 1, 'Saturday': 1, 'Sunday': 1, 'Thursday': 1}","{'December': 1, 'November': 1, 'June': 1, 'February': 1}"
2933,4,8,"{'Saturday': 1, 'Friday': 1, 'Thursday': 1, 'Monday': 1}","{'December': 1, 'March': 1, 'August': 1, 'January': 1}"
7471,4,8,"{'Monday': 2, 'Friday': 1, 'Thursday': 1}","{'December': 1, 'June': 1, 'July': 1, 'August': 1}"
7102,4,8,"{'Saturday': 2, 'Thursday': 1, 'Friday': 1}","{'April': 1, 'November': 1, 'December': 1, 'September': 1}"
8317,4,8,"{'Thursday': 1, 'Friday': 1, 'Wednesday': 1, 'Monday': 1}","{'April': 1, 'August': 1, 'January': 1, 'September': 1}"
2191,4,8,"{'Friday': 1, 'Thursday': 1, 'Wednesday': 1, 'Saturday': 1}","{'April': 1, 'May': 1, 'June': 1, 'July': 1}"
2014,4,8,"{'Tuesday': 1, 'Saturday': 1, 'Thursday': 1, 'Wednesday': 1}","{'September': 2, 'October': 1, 'July': 1}"
9657,4,8,"{'Friday': 2, 'Tuesday': 1, 'Thursday': 1}","{'September': 2, 'August': 1, 'May': 1}"
106,4,8,"{'Monday': 1, 'Thursday': 1, 'Tuesday': 1, 'Saturday': 1}","{'October': 1, 'December': 1, 'November': 1, 'August': 1}"
4147,4,8,"{'Thursday': 2, 'Friday': 1, 'Monday': 1}","{'December': 2, 'April': 1, 'January': 1}"
5091,4,8,"{'Wednesday': 2, 'Tuesday': 1, 'Thursday': 1}","{'June': 2, 'September': 1, 'February': 1}"
4787,4,8,"{'Sunday': 1, 'Wednesday': 1, 'Thursday': 1, 'Monday': 1}","{'September': 1, 'March': 1, 'April': 1, 'July': 1}"
3382,4,8,"{'Monday': 1, 'Friday': 1, 'Saturday': 1, 'Thursday': 1}","{'February': 2, 'September': 1, 'June': 1}"
6627,4,8,"{'Tuesday': 1, 'Thursday': 1, 'Wednesday': 1, 'Friday': 1}","{'September': 2, 'January': 1, 'August': 1}"
4346,4,8,"{'Tuesday': 2, 'Saturday': 1, 'Thursday': 1}","{'April': 1, 'September': 1, 'November': 1, 'February': 1}"
5972,4,8,"{'Thursday': 1, 'Wednesday': 1, 'Friday': 1, 'Monday': 1}","{'September': 1, 'November': 1, 'May': 1, 'March': 1}"
819,4,8,"{'Friday': 1, 'Saturday': 1, 'Thursday': 1, 'Sunday': 1}","{'February': 2, 'September': 1, 'April': 1}"
2352,4,8,"{'Thursday': 2, 'Friday': 1, 'Saturday': 1}","{'September': 1, 'October': 1, 'February': 1, 'December': 1}"
5656,4,8,"{'Thursday': 2, 'Saturday': 1, 'Tuesday': 1}","{'December': 1, 'September': 1, 'August': 1, 'March': 1}"
6863,4,8,"{'Saturday': 2, 'Thursday': 2}","{'February': 2, 'December': 1, 'October': 1}"
7080,4,8,"{'Friday': 1, 'Tuesday': 1, 'Thursday': 1, 'Monday': 1}","{'October': 1, 'March': 1, 'August': 1, 'February': 1}"
9110,4,8,"{'Friday': 2, 'Thursday': 1, 'Sunday': 1}","{'April': 1, 'June': 1, 'December': 1, 'August': 1}"
1447,4,8,"{'Monday': 1, 'Friday': 1, 'Thursday': 1, 'Saturday': 1}","{'December': 1, 'September': 1, 'May': 1, 'June': 1}"
8711,4,8,"{'Thursday': 1, 'Saturday': 1, 'Sunday': 1, 'Monday': 1}","{'March': 2, 'January': 1, 'August': 1}"
818,4,8,"{'Wednesday': 3, 'Thursday': 1}","{'May': 2, 'August': 1, 'October': 1}"
7986,4,8,"{'Sunday': 1, 'Monday': 1, 'Friday': 1, 'Thursday': 1}","{'September': 2, 'August': 1, 'May': 1}"
4573,4,8,"{'Thursday': 2, 'Monday': 1, 'Saturday': 1}","{'August': 1, 'September': 1, 'December': 1, 'April': 1}"
3643,4,8,"{'Friday': 1, 'Wednesday': 1, 'Tuesday': 1, 'Thursday': 1}","{'October': 2, 'November': 1, 'July': 1}"
4411,4,8,"{'Friday': 1, 'Sunday': 1, 'Thursday': 1, 'Saturday': 1}","{'October': 2, 'December': 1, 'January': 1}"
9898,4,8,"{'Friday': 1, 'Thursday': 1, 'Tuesday': 1, 'Monday': 1}","{'July': 2, 'August': 1, 'November': 1}"
5989,4,8,"{'Tuesday': 1, 'Saturday': 1, 'Wednesday': 1, 'Thursday': 1}","{'June': 2, 'August': 1, 'September': 1}"
6758,4,8,"{'Tuesday': 3, 'Thursday': 1}","{'August': 1, 'November': 1, 'April': 1, 'March': 1}"
4824,4,8,"{'Monday': 1, 'Thursday': 1, 'Tuesday': 1, 'Saturday': 1}","{'December': 1, 'April': 1, 'January': 1, 'February': 1}"
7408,4,8,"{'Tuesday': 1, 'Wednesday': 1, 'Thursday': 1, 'Friday': 1}","{'December': 1, 'November': 1, 'October': 1, 'May': 1}"
6474,4,8,"{'Wednesday': 1, 'Saturday': 1, 'Thursday': 1, 'Sunday': 1}","{'August': 1, 'September': 1, 'October': 1, 'March': 1}"
4349,4,8,"{'Thursday': 1, 'Wednesday': 1, 'Tuesday': 1, 'Sunday': 1}","{'August': 2, 'October': 1, 'April': 1}"
9281,4,8,"{'Thursday': 1, 'Wednesday': 1, 'Monday': 1, 'Tuesday': 1}","{'August': 1, 'September': 1, 'January': 1, 'December': 1}"
6127,4,8,"{'Monday': 1, 'Wednesday': 1, 'Sunday': 1, 'Thursday': 1}","{'September': 2, 'August': 1, 'December': 1}"
7718,4,8,"{'Monday': 2, 'Thursday': 1, 'Tuesday': 1}","{'August': 2, 'November': 1, 'March': 1}"
6118,4,8,"{'Sunday': 1, 'Saturday': 1, 'Thursday': 1, 'Wednesday': 1}","{'October': 2, 'August': 1, 'April': 1}"
9535,4,8,"{'Wednesday': 1, 'Monday': 1, 'Saturday': 1, 'Thursday': 1}","{'April': 1, 'December': 1, 'January': 1, 'September': 1}"
7961,4,8,"{'Thursday': 1, 'Wednesday': 1, 'Friday': 1, 'Sunday': 1}","{'August': 1, 'October': 1, 'December': 1, 'February': 1}"
9871,4,8,"{'Saturday': 2, 'Thursday': 1, 'Tuesday': 1}","{'August': 2, 'March': 1, 'April': 1}"
4112,4,8,"{'Wednesday': 2, 'Friday': 1, 'Thursday': 1}","{'August': 1, 'October': 1, 'April': 1, 'June': 1}"
2505,4,8,"{'Monday': 1, 'Saturday': 1, 'Sunday': 1, 'Thursday': 1}","{'August': 2, 'September': 1, 'July': 1}"
6789,4,8,"{'Monday': 1, 'Thursday': 1, 'Tuesday': 1, 'Friday': 1}","{'August': 1, 'September': 1, 'October': 1, 'July': 1}"
4139,4,8,"{'Friday': 2, 'Thursday': 1, 'Sunday': 1}","{'April': 3, 'December': 1}"
7209,4,8,"{'Thursday': 2, 'Friday': 1, 'Sunday': 1}","{'January': 2, 'April': 1, 'November': 1}"
5124,4,8,"{'Thursday': 2, 'Sunday': 1, 'Saturday': 1}","{'July': 1, 'December': 1, 'March': 1, 'August': 1}"
5725,4,8,"{'Tuesday': 1, 'Saturday': 1, 'Monday': 1, 'Thursday': 1}","{'July': 2, 'December': 1, 'April': 1}"
46,4,8,"{'Saturday': 1, 'Thursday': 1, 'Wednesday': 1, 'Tuesday': 1}","{'April': 2, 'February': 1, 'October': 1}"
1966,4,8,"{'Wednesday': 1, 'Tuesday': 1, 'Thursday': 1, 'Sunday': 1}","{'July': 2, 'January': 1, 'June': 1}"
634,4,8,"{'Wednesday': 2, 'Thursday': 1, 'Friday': 1}","{'July': 2, 'June': 1, 'March': 1}"
629,4,8,"{'Sunday': 2, 'Wednesday': 1, 'Thursday': 1}","{'July': 1, 'December': 1, 'June': 1, 'April': 1}"
7992,4,8,"{'Saturday': 1, 'Tuesday': 1, 'Thursday': 1, 'Friday': 1}","{'January': 1, 'June': 1, 'August': 1, 'September': 1}"
6688,4,8,"{'Thursday': 2, 'Friday': 1, 'Monday': 1}","{'February': 2, 'July': 1, 'April': 1}"
1907,4,8,"{'Thursday': 1, 'Sunday': 1, 'Tuesday': 1, 'Friday': 1}","{'July': 1, 'August': 1, 'June': 1, 'October': 1}"
7185,4,8,"{'Tuesday': 1, 'Friday': 1, 'Thursday': 1, 'Monday': 1}","{'August': 1, 'February': 1, 'October': 1, 'May': 1}"
5044,4,8,"{'Thursday': 2, 'Tuesday': 1, 'Saturday': 1}","{'May': 2, 'February': 1, 'July': 1}"
3808,4,8,"{'Tuesday': 1, 'Sunday': 1, 'Saturday': 1, 'Thursday': 1}","{'July': 2, 'January': 1, 'December': 1}"
205,4,8,"{'Thursday': 3, 'Saturday': 1}","{'July': 2, 'February': 1, 'April': 1}"
5210,4,8,"{'Monday': 2, 'Friday': 1, 'Thursday': 1}","{'April': 2, 'September': 1, 'February': 1}"
4851,4,8,"{'Thursday': 2, 'Tuesday': 1, 'Monday': 1}","{'April': 1, 'November': 1, 'August': 1, 'June': 1}"
663,4,8,"{'Monday': 2, 'Wednesday': 1, 'Thursday': 1}","{'October': 1, 'March': 1, 'September': 1, 'June': 1}"
7364,4,8,"{'Thursday': 2, 'Wednesday': 1, 'Tuesday': 1}","{'July': 1, 'August': 1, 'June': 1, 'March': 1}"
9296,4,8,"{'Friday': 2, 'Thursday': 1, 'Sunday': 1}","{'July': 2, 'May': 1, 'December': 1}"
1908,4,8,"{'Thursday': 2, 'Saturday': 1, 'Monday': 1}","{'July': 1, 'September': 1, 'February': 1, 'December': 1}"
6222,4,8,"{'Wednesday': 1, 'Thursday': 1, 'Tuesday': 1, 'Friday': 1}","{'December': 2, 'March': 1, 'April': 1}"
7690,4,8,"{'Thursday': 2, 'Tuesday': 1, 'Sunday': 1}","{'June': 2, 'July': 1, 'May': 1}"
4978,4,8,"{'Wednesday': 1, 'Friday': 1, 'Thursday': 1, 'Sunday': 1}","{'October': 1, 'September': 1, 'May': 1, 'March': 1}"
8619,4,8,"{'Monday': 2, 'Tuesday': 1, 'Thursday': 1}","{'May': 2, 'April': 1, 'July': 1}"
5940,4,8,"{'Wednesday': 2, 'Thursday': 1, 'Friday': 1}","{'April': 3, 'August': 1}"
7210,4,8,"{'Wednesday': 3, 'Thursday': 1}","{'April': 1, 'January': 1, 'June': 1, 'July': 1}"
9817,4,8,"{'Tuesday': 1, 'Wednesday': 1, 'Sunday': 1, 'Thursday': 1}","{'July': 1, 'September': 1, 'October': 1, 'April': 1}"
53,4,8,"{'Thursday': 2, 'Wednesday': 1, 'Monday': 1}","{'July': 1, 'September': 1, 'November': 1, 'May': 1}"
916,4,8,"{'Thursday': 3, 'Friday': 1}","{'May': 2, 'January': 1, 'September': 1}"
3043,4,8,"{'Sunday': 1, 'Thursday': 1, 'Wednesday': 1, 'Tuesday': 1}","{'July': 1, 'November': 1, 'May': 1, 'August': 1}"
2201,4,8,"{'Monday': 1, 'Wednesday': 1, 'Tuesday': 1, 'Thursday': 1}","{'July': 1, 'August': 1, 'September': 1, 'November': 1}"
5405,4,8,"{'Thursday': 2, 'Monday': 2}","{'April': 1, 'March': 1, 'July': 1, 'May': 1}"
7594,4,8,"{'Thursday': 2, 'Saturday': 1, 'Friday': 1}","{'April': 1, 'November': 1, 'May': 1, 'June': 1}"
8517,4,8,"{'Thursday': 1, 'Saturday': 1, 'Friday': 1, 'Tuesday': 1}","{'April': 1, 'March': 1, 'October': 1, 'January': 1}"
3723,4,8,"{'Friday': 1, 'Tuesday': 1, 'Thursday': 1, 'Wednesday': 1}","{'July': 1, 'October': 1, 'December': 1, 'September': 1}"
6665,4,8,"{'Friday': 2, 'Thursday': 1, 'Tuesday': 1}","{'July': 1, 'January': 1, 'August': 1, 'December': 1}"
7299,4,8,"{'Monday': 1, 'Thursday': 1, 'Wednesday': 1, 'Saturday': 1}","{'July': 2, 'May': 1, 'October': 1}"
5336,4,8,"{'Tuesday': 1, 'Saturday': 1, 'Sunday': 1, 'Thursday': 1}","{'July': 3, 'March': 1}"
7479,4,8,"{'Sunday': 2, 'Thursday': 1, 'Friday': 1}","{'August': 1, 'January': 1, 'April': 1, 'October': 1}"
6037,4,8,"{'Thursday': 2, 'Saturday': 1, 'Wednesday': 1}","{'July': 2, 'November': 1, 'September': 1}"
2092,4,8,"{'Wednesday': 2, 'Thursday': 1, 'Tuesday': 1}","{'August': 2, 'April': 1, 'December': 1}"
5235,4,8,"{'Thursday': 2, 'Monday': 1, 'Tuesday': 1}","{'June': 2, 'January': 1, 'August': 1}"
299,4,8,"{'Thursday': 1, 'Saturday': 1, 'Tuesday': 1, 'Wednesday': 1}","{'August': 1, 'December': 1, 'May': 1, 'July': 1}"
2899,4,8,"{'Thursday': 1, 'Friday': 1, 'Saturday': 1, 'Sunday': 1}","{'August': 3, 'September': 1}"
4354,4,8,"{'Thursday': 1, 'Friday': 1, 'Wednesday': 1, 'Tuesday': 1}","{'August': 2, 'February': 2}"
330,4,8,"{'Thursday': 2, 'Saturday': 1, 'Friday': 1}","{'June': 1, 'July': 1, 'March': 1, 'January': 1}"
4163,4,8,"{'Monday': 2, 'Thursday': 1, 'Wednesday': 1}","{'April': 1, 'January': 1, 'May': 1, 'December': 1}"
8824,4,8,"{'Monday': 1, 'Tuesday': 1, 'Sunday': 1, 'Thursday': 1}","{'April': 1, 'March': 1, 'May': 1, 'January': 1}"
1860,4,8,"{'Monday': 1, 'Thursday': 1, 'Wednesday': 1, 'Saturday': 1}","{'February': 2, 'July': 1, 'August': 1}"
3065,4,8,"{'Monday': 2, 'Thursday': 1, 'Wednesday': 1}","{'June': 2, 'September': 1, 'February': 1}"
5805,4,8,"{'Friday': 1, 'Thursday': 1, 'Saturday': 1, 'Sunday': 1}","{'June': 2, 'September': 1, 'August': 1}"
7505,4,8,"{'Thursday': 2, 'Friday': 1, 'Wednesday': 1}","{'June': 1, 'September': 1, 'October': 1, 'August': 1}"
4852,4,8,"{'Wednesday': 1, 'Friday': 1, 'Saturday': 1, 'Thursday': 1}","{'April': 1, 'July': 1, 'September': 1, 'February': 1}"
5600,4,8,"{'Wednesday': 1, 'Sunday': 1, 'Thursday': 1, 'Friday': 1}","{'April': 1, 'June': 1, 'December': 1, 'September': 1}"
8086,4,8,"{'Saturday': 2, 'Wednesday': 1, 'Thursday': 1}","{'April': 2, 'December': 2}"
1465,4,8,"{'Monday': 2, 'Thursday': 1, 'Sunday': 1}","{'April': 1, 'August': 1, 'October': 1, 'February': 1}"
7525,4,8,"{'Thursday': 2, 'Tuesday': 1, 'Friday': 1}","{'June': 2, 'October': 1, 'September': 1}"
185,4,8,"{'Thursday': 2, 'Monday': 1, 'Wednesday': 1}","{'June': 1, 'August': 1, 'November': 1, 'March': 1}"
1721,4,8,"{'Thursday': 2, 'Monday': 2}","{'April': 1, 'January': 1, 'November': 1, 'March': 1}"
7901,4,8,"{'Thursday': 1, 'Monday': 1, 'Wednesday': 1, 'Friday': 1}","{'April': 2, 'December': 1, 'November': 1}"
9260,4,8,"{'Wednesday': 2, 'Thursday': 1, 'Sunday': 1}","{'April': 1, 'December': 1, 'June': 1, 'August': 1}"
9796,4,8,"{'Thursday': 2, 'Saturday': 1, 'Wednesday': 1}","{'April': 2, 'June': 1, 'December': 1}"
4540,4,8,"{'Thursday': 2, 'Friday': 1, 'Monday': 1}","{'April': 1, 'January': 1, 'December': 1, 'September': 1}"
7196,4,8,"{'Tuesday': 1, 'Friday': 1, 'Sunday': 1, 'Thursday': 1}","{'April': 1, 'October': 1, 'May': 1, 'January': 1}"
9430,4,8,"{'Wednesday': 1, 'Friday': 1, 'Saturday': 1, 'Thursday': 1}","{'August': 2, 'June': 1, 'September': 1}"
9062,4,8,"{'Thursday': 2, 'Friday': 1, 'Tuesday': 1}","{'March': 2, 'June': 1, 'July': 1}"
8189,4,8,"{'Saturday': 1, 'Tuesday': 1, 'Thursday': 1, 'Monday': 1}","{'December': 2, 'May': 2}"
888,4,8,"{'Monday': 2, 'Tuesday': 1, 'Thursday': 1}","{'December': 1, 'October': 1, 'June': 1, 'January': 1}"
3815,4,8,"{'Thursday': 2, 'Tuesday': 1, 'Friday': 1}","{'June': 1, 'September': 1, 'November': 1, 'January': 1}"
4261,4,8,"{'Tuesday': 1, 'Thursday': 1, 'Saturday': 1, 'Friday': 1}","{'June': 1, 'April': 1, 'August': 1, 'October': 1}"
9522,4,8,"{'Thursday': 1, 'Wednesday': 1, 'Friday': 1, 'Saturday': 1}","{'August': 1, 'November': 1, 'January': 1, 'December': 1}"
7082,4,8,"{'Saturday': 2, 'Friday': 1, 'Thursday': 1}","{'April': 1, 'August': 1, 'November': 1, 'January': 1}"
7174,4,8,"{'Monday': 1, 'Thursday': 1, 'Friday': 1, 'Wednesday': 1}","{'October': 2, 'March': 1, 'April': 1}"
938,4,8,"{'Monday': 2, 'Thursday': 1, 'Saturday': 1}","{'August': 2, 'April': 1, 'May': 1}"
2934,4,8,"{'Sunday': 2, 'Wednesday': 1, 'Thursday': 1}","{'June': 3, 'April': 1}"
7062,4,8,"{'Friday': 2, 'Thursday': 1, 'Saturday': 1}","{'June': 1, 'September': 1, 'February': 1, 'October': 1}"
1652,4,8,"{'Saturday': 1, 'Wednesday': 1, 'Thursday': 1, 'Friday': 1}","{'June': 1, 'November': 1, 'July': 1, 'April': 1}"
6261,4,8,"{'Tuesday': 1, 'Thursday': 1, 'Monday': 1, 'Saturday': 1}","{'June': 2, 'October': 1, 'July': 1}"
1634,4,8,"{'Thursday': 1, 'Sunday': 1, 'Tuesday': 1, 'Friday': 1}","{'June': 1, 'May': 1, 'January': 1, 'March': 1}"
7546,4,8,"{'Sunday': 1, 'Wednesday': 1, 'Thursday': 1, 'Monday': 1}","{'April': 3, 'June': 1}"
269,4,8,"{'Saturday': 1, 'Thursday': 1, 'Tuesday': 1, 'Friday': 1}","{'August': 2, 'February': 1, 'June': 1}"
3026,4,8,"{'Thursday': 2, 'Saturday': 1, 'Sunday': 1}","{'June': 1, 'January': 1, 'April': 1, 'March': 1}"
7728,4,8,"{'Saturday': 1, 'Sunday': 1, 'Friday': 1, 'Thursday': 1}","{'June': 1, 'November': 1, 'January': 1, 'August': 1}"
2338,4,8,"{'Thursday': 2, 'Monday': 1, 'Sunday': 1}","{'April': 2, 'June': 1, 'September': 1}"
2415,4,8,"{'Thursday': 3, 'Saturday': 1}","{'June': 1, 'November': 1, 'July': 1, 'September': 1}"
5416,4,8,"{'Wednesday': 2, 'Thursday': 2}","{'June': 1, 'December': 1, 'November': 1, 'May': 1}"
4549,4,8,"{'Wednesday': 1, 'Thursday': 1, 'Monday': 1, 'Friday': 1}","{'August': 2, 'January': 1, 'June': 1}"
1792,4,8,"{'Saturday': 2, 'Friday': 1, 'Thursday': 1}","{'May': 2, 'August': 1, 'January': 1}"
4395,4,8,"{'Saturday': 2, 'Tuesday': 1, 'Thursday': 1}","{'February': 1, 'March': 1, 'January': 1, 'April': 1}"
6260,4,8,"{'Friday': 2, 'Saturday': 1, 'Thursday': 1}","{'July': 2, 'February': 1, 'May': 1}"
8089,4,8,"{'Saturday': 2, 'Thursday': 1, 'Sunday': 1}","{'April': 2, 'February': 1, 'November': 1}"
1306,4,8,"{'Wednesday': 1, 'Thursday': 1, 'Sunday': 1, 'Saturday': 1}","{'May': 2, 'April': 1, 'June': 1}"
7849,4,8,"{'Monday': 1, 'Thursday': 1, 'Sunday': 1, 'Wednesday': 1}","{'August': 1, 'October': 1, 'June': 1, 'November': 1}"
1583,4,8,"{'Thursday': 3, 'Wednesday': 1}","{'May': 2, 'February': 1, 'December': 1}"
8267,4,8,"{'Wednesday': 1, 'Sunday': 1, 'Saturday': 1, 'Thursday': 1}","{'May': 2, 'February': 1, 'August': 1}"
8318,4,8,"{'Thursday': 2, 'Wednesday': 1, 'Saturday': 1}","{'May': 1, 'March': 1, 'September': 1, 'February': 1}"
8769,4,8,"{'Wednesday': 1, 'Thursday': 1, 'Tuesday': 1, 'Saturday': 1}","{'May': 2, 'March': 1, 'August': 1}"
1644,4,8,"{'Thursday': 1, 'Saturday': 1, 'Wednesday': 1, 'Tuesday': 1}","{'May': 2, 'August': 1, 'April': 1}"
3150,4,8,"{'Friday': 2, 'Wednesday': 1, 'Thursday': 1}","{'May': 1, 'July': 1, 'February': 1, 'December': 1}"
4095,4,8,"{'Monday': 1, 'Thursday': 1, 'Friday': 1, 'Wednesday': 1}","{'November': 1, 'August': 1, 'March': 1, 'May': 1}"
7282,4,8,"{'Thursday': 2, 'Wednesday': 1, 'Friday': 1}","{'May': 2, 'April': 1, 'July': 1}"
3343,4,8,"{'Thursday': 1, 'Tuesday': 1, 'Saturday': 1, 'Monday': 1}","{'May': 1, 'October': 1, 'August': 1, 'July': 1}"
3759,4,8,"{'Sunday': 2, 'Thursday': 1, 'Wednesday': 1}","{'May': 1, 'April': 1, 'February': 1, 'August': 1}"
3821,4,8,"{'Tuesday': 2, 'Thursday': 1, 'Wednesday': 1}","{'June': 2, 'May': 1, 'December': 1}"
6022,4,8,"{'Thursday': 2, 'Saturday': 1, 'Tuesday': 1}","{'May': 1, 'December': 1, 'June': 1, 'August': 1}"
8297,4,8,"{'Tuesday': 2, 'Thursday': 1, 'Sunday': 1}","{'May': 1, 'June': 1, 'March': 1, 'August': 1}"
4402,4,8,"{'Saturday': 1, 'Monday': 1, 'Thursday': 1, 'Sunday': 1}","{'May': 1, 'July': 1, 'February': 1, 'December': 1}"
6343,4,8,"{'Monday': 1, 'Thursday': 1, 'Friday': 1, 'Sunday': 1}","{'May': 1, 'October': 1, 'August': 1, 'April': 1}"
4668,4,8,"{'Wednesday': 2, 'Thursday': 1, 'Tuesday': 1}","{'May': 1, 'August': 1, 'September': 1, 'January': 1}"
7215,4,8,"{'Monday': 2, 'Friday': 1, 'Thursday': 1}","{'February': 1, 'November': 1, 'May': 1, 'July': 1}"
5653,4,8,"{'Saturday': 2, 'Thursday': 1, 'Wednesday': 1}","{'March': 2, 'May': 1, 'October': 1}"
8579,4,8,"{'Saturday': 2, 'Friday': 1, 'Thursday': 1}","{'May': 2, 'December': 1, 'October': 1}"
3599,4,8,"{'Monday': 1, 'Thursday': 1, 'Sunday': 1, 'Wednesday': 1}","{'May': 1, 'June': 1, 'January': 1, 'December': 1}"
9707,4,8,"{'Wednesday': 2, 'Friday': 1, 'Thursday': 1}","{'May': 2, 'December': 1, 'April': 1}"
254,4,8,"{'Thursday': 2, 'Monday': 2}","{'May': 1, 'April': 1, 'February': 1, 'June': 1}"
5382,4,8,"{'Thursday': 1, 'Friday': 1, 'Tuesday': 1, 'Saturday': 1}","{'June': 2, 'May': 1, 'July': 1}"
5893,4,8,"{'Thursday': 1, 'Tuesday': 1, 'Wednesday': 1, 'Saturday': 1}","{'June': 2, 'May': 1, 'November': 1}"
7900,4,8,"{'Thursday': 1, 'Saturday': 1, 'Friday': 1, 'Wednesday': 1}","{'May': 2, 'January': 1, 'February': 1}"
6082,4,8,"{'Friday': 1, 'Wednesday': 1, 'Thursday': 1, 'Saturday': 1}","{'September': 2, 'May': 1, 'March': 1}"
7814,4,8,"{'Monday': 2, 'Thursday': 1, 'Friday': 1}","{'May': 2, 'June': 1, 'December': 1}"
4665,4,8,"{'Saturday': 2, 'Thursday': 1, 'Tuesday': 1}","{'December': 2, 'February': 1, 'March': 1}"
6499,4,8,"{'Thursday': 2, 'Saturday': 1, 'Tuesday': 1}","{'February': 2, 'January': 1, 'December': 1}"
3288,4,8,"{'Friday': 2, 'Thursday': 1, 'Monday': 1}","{'February': 2, 'July': 1, 'August': 1}"
7469,4,8,"{'Tuesday': 1, 'Thursday': 1, 'Sunday': 1, 'Wednesday': 1}","{'May': 1, 'December': 1, 'August': 1, 'April': 1}"
9627,4,8,"{'Wednesday': 2, 'Tuesday': 1, 'Thursday': 1}","{'May': 2, 'April': 1, 'June': 1}"
9788,4,8,"{'Tuesday': 1, 'Monday': 1, 'Sunday': 1, 'Thursday': 1}","{'May': 1, 'January': 1, 'June': 1, 'November': 1}"
5839,4,8,"{'Thursday': 2, 'Tuesday': 1, 'Friday': 1}","{'February': 1, 'August': 1, 'October': 1, 'March': 1}"
390,4,8,"{'Wednesday': 2, 'Thursday': 1, 'Sunday': 1}","{'December': 2, 'May': 1, 'April': 1}"
198,4,8,"{'Wednesday': 2, 'Thursday': 1, 'Tuesday': 1}","{'May': 1, 'June': 1, 'October': 1, 'December': 1}"
8679,4,8,"{'Friday': 2, 'Tuesday': 1, 'Thursday': 1}","{'December': 1, 'September': 1, 'October': 1, 'May': 1}"
8829,4,8,"{'Thursday': 2, 'Tuesday': 1, 'Monday': 1}","{'December': 2, 'April': 1, 'November': 1}"
2389,4,8,"{'Wednesday': 2, 'Thursday': 1, 'Monday': 1}","{'April': 2, 'May': 1, 'March': 1}"
9206,4,8,"{'Saturday': 1, 'Sunday': 1, 'Wednesday': 1, 'Thursday': 1}","{'October': 2, 'July': 1, 'February': 1}"
8688,4,8,"{'Wednesday': 2, 'Thursday': 2}","{'June': 2, 'May': 1, 'January': 1}"
7050,4,8,"{'Tuesday': 1, 'Thursday': 1, 'Sunday': 1, 'Saturday': 1}","{'May': 1, 'October': 1, 'February': 1, 'August': 1}"
8606,4,8,"{'Wednesday': 2, 'Friday': 1, 'Thursday': 1}","{'July': 1, 'June': 1, 'February': 1, 'January': 1}"
9389,4,8,"{'Monday': 2, 'Friday': 1, 'Thursday': 1}","{'July': 1, 'September': 1, 'May': 1, 'January': 1}"
7106,4,8,"{'Thursday': 1, 'Monday': 1, 'Tuesday': 1, 'Saturday': 1}","{'April': 1, 'August': 1, 'January': 1, 'November': 1}"
6757,4,8,"{'Friday': 2, 'Thursday': 1, 'Monday': 1}","{'September': 3, 'December': 1}"
6988,4,8,"{'Wednesday': 1, 'Sunday': 1, 'Tuesday': 1, 'Thursday': 1}","{'March': 2, 'April': 1, 'May': 1}"
2433,4,8,"{'Wednesday': 2, 'Thursday': 1, 'Saturday': 1}","{'April': 1, 'February': 1, 'June': 1, 'November': 1}"
3694,4,8,"{'Thursday': 2, 'Tuesday': 1, 'Wednesday': 1}","{'February': 2, 'April': 1, 'November': 1}"
1210,4,8,"{'Monday': 2, 'Saturday': 1, 'Thursday': 1}","{'April': 2, 'December': 1, 'September': 1}"
3447,4,8,"{'Saturday': 1, 'Thursday': 1, 'Friday': 1, 'Wednesday': 1}","{'April': 2, 'December': 1, 'September': 1}"
4119,4,8,"{'Sunday': 1, 'Thursday': 1, 'Friday': 1, 'Tuesday': 1}","{'March': 1, 'May': 1, 'February': 1, 'April': 1}"
4191,4,8,"{'Wednesday': 2, 'Tuesday': 1, 'Thursday': 1}","{'February': 3, 'May': 1}"
4841,4,8,"{'Wednesday': 1, 'Thursday': 1, 'Monday': 1, 'Sunday': 1}","{'June': 2, 'February': 1, 'May': 1}"
5906,4,8,"{'Wednesday': 1, 'Thursday': 1, 'Monday': 1, 'Sunday': 1}","{'February': 1, 'June': 1, 'March': 1, 'December': 1}"
1774,4,8,"{'Thursday': 2, 'Friday': 1, 'Wednesday': 1}","{'December': 2, 'November': 1, 'May': 1}"
6405,4,8,"{'Wednesday': 1, 'Sunday': 1, 'Friday': 1, 'Thursday': 1}","{'April': 1, 'July': 1, 'September': 1, 'August': 1}"
8034,4,8,"{'Monday': 1, 'Wednesday': 1, 'Thursday': 1, 'Tuesday': 1}","{'April': 2, 'May': 1, 'October': 1}"
3197,4,8,"{'Thursday': 1, 'Monday': 1, 'Sunday': 1, 'Friday': 1}","{'October': 1, 'November': 1, 'December': 1, 'March': 1}"
5831,4,8,"{'Wednesday': 1, 'Thursday': 1, 'Friday': 1, 'Monday': 1}","{'April': 2, 'May': 1, 'June': 1}"
7948,4,8,"{'Friday': 2, 'Thursday': 2}","{'April': 2, 'August': 1, 'March': 1}"
8177,4,8,"{'Saturday': 2, 'Thursday': 1, 'Sunday': 1}","{'December': 1, 'April': 1, 'July': 1, 'May': 1}"
5320,4,8,"{'Tuesday': 2, 'Friday': 1, 'Thursday': 1}","{'August': 2, 'April': 1, 'July': 1}"
3744,4,8,"{'Thursday': 2, 'Friday': 2}","{'March': 1, 'June': 1, 'November': 1, 'April': 1}"
9239,4,8,"{'Friday': 2, 'Wednesday': 1, 'Thursday': 1}","{'March': 1, 'February': 1, 'April': 1, 'June': 1}"
8389,4,8,"{'Monday': 1, 'Friday': 1, 'Thursday': 1, 'Wednesday': 1}","{'August': 2, 'March': 1, 'April': 1}"
2031,4,8,"{'Thursday': 1, 'Tuesday': 1, 'Friday': 1, 'Saturday': 1}","{'April': 1, 'September': 1, 'March': 1, 'October': 1}"
8117,4,8,"{'Thursday': 2, 'Wednesday': 1, 'Friday': 1}","{'April': 1, 'June': 1, 'October': 1, 'January': 1}"
1543,4,8,"{'Monday': 1, 'Tuesday': 1, 'Saturday': 1, 'Thursday': 1}","{'October': 2, 'December': 1, 'May': 1}"
3007,4,8,"{'Monday': 1, 'Wednesday': 1, 'Thursday': 1, 'Sunday': 1}","{'April': 1, 'August': 1, 'November': 1, 'March': 1}"
2841,4,8,"{'Friday': 2, 'Tuesday': 1, 'Thursday': 1}","{'April': 1, 'May': 1, 'February': 1, 'August': 1}"
2306,4,8,"{'Thursday': 3, 'Wednesday': 1}","{'September': 1, 'November': 1, 'April': 1, 'December': 1}"
2384,4,8,"{'Wednesday': 1, 'Friday': 1, 'Monday': 1, 'Thursday': 1}","{'September': 2, 'May': 1, 'July': 1}"
1568,4,8,"{'Thursday': 2, 'Wednesday': 1, 'Friday': 1}","{'April': 3, 'May': 1}"
48,4,8,"{'Thursday': 2, 'Monday': 1, 'Wednesday': 1}","{'March': 1, 'April': 1, 'November': 1, 'October': 1}"
989,4,8,"{'Thursday': 1, 'Saturday': 1, 'Monday': 1, 'Wednesday': 1}","{'March': 2, 'October': 1, 'February': 1}"
1226,4,8,"{'Thursday': 2, 'Monday': 1, 'Friday': 1}","{'March': 1, 'December': 1, 'April': 1, 'May': 1}"
4003,4,8,"{'Thursday': 1, 'Wednesday': 1, 'Monday': 1, 'Saturday': 1}","{'March': 1, 'July': 1, 'August': 1, 'October': 1}"
6176,4,8,"{'Thursday': 2, 'Sunday': 2}","{'March': 1, 'June': 1, 'December': 1, 'August': 1}"
2535,4,8,"{'Friday': 2, 'Thursday': 1, 'Wednesday': 1}","{'March': 1, 'January': 1, 'February': 1, 'May': 1}"
1762,4,8,"{'Thursday': 2, 'Saturday': 1, 'Sunday': 1}","{'March': 2, 'April': 1, 'December': 1}"
1623,4,8,"{'Thursday': 2, 'Wednesday': 1, 'Friday': 1}","{'March': 2, 'July': 1, 'November': 1}"
1188,4,8,"{'Sunday': 2, 'Thursday': 1, 'Tuesday': 1}","{'March': 2, 'October': 1, 'August': 1}"
2563,4,8,"{'Thursday': 1, 'Sunday': 1, 'Tuesday': 1, 'Monday': 1}","{'July': 2, 'March': 1, 'December': 1}"
4012,4,8,"{'Thursday': 3, 'Saturday': 1}","{'March': 1, 'June': 1, 'April': 1, 'September': 1}"
353,4,8,"{'Friday': 2, 'Monday': 1, 'Thursday': 1}","{'March': 1, 'June': 1, 'January': 1, 'September': 1}"
1257,4,8,"{'Friday': 1, 'Thursday': 1, 'Tuesday': 1, 'Sunday': 1}","{'March': 2, 'February': 1, 'October': 1}"
352,4,8,"{'Saturday': 1, 'Thursday': 1, 'Monday': 1, 'Friday': 1}","{'October': 1, 'May': 1, 'June': 1, 'August': 1}"
9348,4,8,"{'Friday': 1, 'Wednesday': 1, 'Thursday': 1, 'Tuesday': 1}","{'August': 1, 'September': 1, 'March': 1, 'July': 1}"
3029,4,8,"{'Thursday': 2, 'Monday': 1, 'Wednesday': 1}","{'August': 1, 'October': 1, 'July': 1, 'April': 1}"
3756,4,8,"{'Saturday': 2, 'Monday': 1, 'Thursday': 1}","{'August': 1, 'January': 1, 'February': 1, 'November': 1}"
7593,4,8,"{'Wednesday': 2, 'Monday': 1, 'Thursday': 1}","{'August': 1, 'November': 1, 'January': 1, 'June': 1}"
4307,4,8,"{'Tuesday': 2, 'Thursday': 1, 'Saturday': 1}","{'March': 1, 'June': 1, 'September': 1, 'November': 1}"
8390,4,8,"{'Monday': 1, 'Friday': 1, 'Thursday': 1, 'Sunday': 1}","{'July': 2, 'December': 1, 'May': 1}"
1107,4,8,"{'Tuesday': 2, 'Monday': 1, 'Thursday': 1}","{'December': 1, 'March': 1, 'September': 1, 'May': 1}"
5683,4,8,"{'Tuesday': 3, 'Thursday': 1}","{'September': 2, 'December': 1, 'June': 1}"
5427,4,8,"{'Friday': 2, 'Saturday': 1, 'Thursday': 1}","{'March': 1, 'April': 1, 'July': 1, 'June': 1}"
4160,4,8,"{'Saturday': 2, 'Thursday': 1, 'Monday': 1}","{'March': 1, 'October': 1, 'June': 1, 'September': 1}"
1494,4,8,"{'Monday': 1, 'Saturday': 1, 'Friday': 1, 'Thursday': 1}","{'January': 2, 'March': 1, 'April': 1}"
2042,4,8,"{'Wednesday': 2, 'Thursday': 1, 'Sunday': 1}","{'September': 2, 'August': 1, 'February': 1}"
2651,4,8,"{'Thursday': 1, 'Friday': 1, 'Tuesday': 1, 'Saturday': 1}","{'March': 2, 'February': 1, 'September': 1}"
5821,4,8,"{'Sunday': 2, 'Thursday': 1, 'Saturday': 1}","{'March': 1, 'November': 1, 'June': 1, 'October': 1}"
8673,4,8,"{'Thursday': 1, 'Friday': 1, 'Sunday': 1, 'Saturday': 1}","{'March': 2, 'September': 1, 'May': 1}"
5356,4,8,"{'Monday': 1, 'Friday': 1, 'Wednesday': 1, 'Thursday': 1}","{'March': 1, 'August': 1, 'September': 1, 'December': 1}"
6548,4,8,"{'Monday': 1, 'Wednesday': 1, 'Tuesday': 1, 'Thursday': 1}","{'July': 2, 'March': 1, 'April': 1}"
1049,4,8,"{'Wednesday': 1, 'Saturday': 1, 'Tuesday': 1, 'Thursday': 1}","{'March': 2, 'June': 1, 'October': 1}"
7470,4,8,"{'Monday': 2, 'Tuesday': 1, 'Thursday': 1}","{'December': 1, 'January': 1, 'June': 1, 'February': 1}"
8366,4,8,"{'Wednesday': 1, 'Thursday': 1, 'Friday': 1, 'Sunday': 1}","{'April': 2, 'December': 1, 'June': 1}"
2909,4,8,"{'Thursday': 1, 'Saturday': 1, 'Sunday': 1, 'Monday': 1}","{'March': 1, 'January': 1, 'May': 1, 'September': 1}"
3073,4,8,"{'Thursday': 2, 'Friday': 1, 'Wednesday': 1}","{'September': 2, 'March': 1, 'May': 1}"
6504,4,8,"{'Thursday': 1, 'Wednesday': 1, 'Friday': 1, 'Saturday': 1}","{'August': 2, 'March': 1, 'May': 1}"
9960,4,8,"{'Monday': 2, 'Thursday': 1, 'Wednesday': 1}","{'June': 2, 'March': 1, 'April': 1}"
593,4,8,"{'Thursday': 2, 'Tuesday': 1, 'Saturday': 1}","{'February': 2, 'August': 1, 'March': 1}"
1118,4,8,"{'Thursday': 1, 'Tuesday': 1, 'Wednesday': 1, 'Sunday': 1}","{'August': 1, 'July': 1, 'February': 1, 'January': 1}"
2085,4,8,"{'Thursday': 2, 'Friday': 1, 'Saturday': 1}","{'August': 2, 'November': 1, 'March': 1}"
7856,4,8,"{'Thursday': 2, 'Friday': 1, 'Monday': 1}","{'August': 1, 'December': 1, 'May': 1, 'September': 1}"
6102,4,8,"{'Monday': 3, 'Thursday': 1}","{'August': 1, 'September': 1, 'December': 1, 'January': 1}"
7320,4,8,"{'Tuesday': 1, 'Monday': 1, 'Wednesday': 1, 'Thursday': 1}","{'August': 2, 'November': 1, 'February': 1}"
8193,4,8,"{'Thursday': 1, 'Wednesday': 1, 'Tuesday': 1, 'Saturday': 1}","{'March': 2, 'May': 1, 'August': 1}"
7306,4,8,"{'Friday': 2, 'Sunday': 1, 'Thursday': 1}","{'September': 2, 'March': 1, 'December': 1}"
2271,4,8,"{'Monday': 1, 'Wednesday': 1, 'Friday': 1, 'Thursday': 1}","{'September': 2, 'January': 1, 'October': 1}"
2267,4,8,"{'Tuesday': 1, 'Monday': 1, 'Thursday': 1, 'Sunday': 1}","{'September': 2, 'March': 1, 'August': 1}"
5260,4,8,"{'Tuesday': 2, 'Monday': 1, 'Thursday': 1}","{'March': 2, 'January': 1, 'April': 1}"
6633,4,8,"{'Saturday': 1, 'Wednesday': 1, 'Tuesday': 1, 'Thursday': 1}","{'February': 2, 'September': 1, 'November': 1}"
1039,4,8,"{'Wednesday': 2, 'Thursday': 1, 'Friday': 1}","{'February': 1, 'June': 1, 'April': 1, 'August': 1}"
3816,4,8,"{'Thursday': 1, 'Sunday': 1, 'Wednesday': 1, 'Tuesday': 1}","{'February': 1, 'December': 1, 'April': 1, 'August': 1}"
8169,4,8,"{'Thursday': 2, 'Tuesday': 1, 'Sunday': 1}","{'February': 2, 'October': 1, 'November': 1}"
2440,4,8,"{'Monday': 1, 'Thursday': 1, 'Tuesday': 1, 'Wednesday': 1}","{'February': 2, 'May': 1, 'June': 1}"
145,4,8,"{'Wednesday': 2, 'Thursday': 1, 'Monday': 1}","{'September': 2, 'February': 1, 'November': 1}"
4186,4,8,"{'Thursday': 1, 'Tuesday': 1, 'Wednesday': 1, 'Friday': 1}","{'September': 1, 'October': 1, 'December': 1, 'March': 1}"
5637,4,8,"{'Thursday': 1, 'Saturday': 1, 'Monday': 1, 'Tuesday': 1}","{'September': 1, 'February': 1, 'March': 1, 'April': 1}"
7994,4,8,"{'Monday': 1, 'Sunday': 1, 'Saturday': 1, 'Thursday': 1}","{'February': 1, 'April': 1, 'August': 1, 'June': 1}"
173,4,8,"{'Tuesday': 1, 'Thursday': 1, 'Friday': 1, 'Saturday': 1}","{'February': 1, 'November': 1, 'October': 1, 'September': 1}"
16,4,8,"{'Friday': 2, 'Wednesday': 1, 'Thursday': 1}","{'June': 2, 'February': 1, 'March': 1}"
6322,4,8,"{'Friday': 2, 'Thursday': 1, 'Sunday': 1}","{'November': 2, 'September': 1, 'October': 1}"
6124,4,8,"{'Friday': 1, 'Thursday': 1, 'Sunday': 1, 'Saturday': 1}","{'February': 1, 'May': 1, 'November': 1, 'January': 1}"
6619,4,8,"{'Friday': 2, 'Monday': 1, 'Thursday': 1}","{'September': 2, 'February': 1, 'November': 1}"
9714,4,8,"{'Wednesday': 2, 'Saturday': 1, 'Thursday': 1}","{'January': 2, 'May': 1, 'September': 1}"
1616,4,8,"{'Wednesday': 2, 'Tuesday': 1, 'Thursday': 1}","{'February': 1, 'May': 1, 'July': 1, 'August': 1}"
9270,4,8,"{'Sunday': 2, 'Thursday': 1, 'Saturday': 1}","{'February': 1, 'November': 1, 'April': 1, 'August': 1}"
6621,4,8,"{'Monday': 2, 'Thursday': 1, 'Friday': 1}","{'February': 2, 'April': 1, 'July': 1}"
2483,4,8,"{'Monday': 2, 'Wednesday': 1, 'Thursday': 1}","{'September': 2, 'October': 1, 'November': 1}"
6604,4,8,"{'Thursday': 2, 'Monday': 1, 'Tuesday': 1}","{'September': 1, 'July': 1, 'February': 1, 'June': 1}"
944,4,8,"{'Saturday': 1, 'Monday': 1, 'Thursday': 1, 'Friday': 1}","{'February': 1, 'October': 1, 'April': 1, 'September': 1}"
4995,4,8,"{'Saturday': 2, 'Friday': 1, 'Thursday': 1}","{'December': 2, 'February': 1, 'June': 1}"
8508,4,8,"{'Tuesday': 2, 'Friday': 1, 'Thursday': 1}","{'February': 2, 'April': 1, 'March': 1}"
2037,4,8,"{'Wednesday': 2, 'Thursday': 1, 'Saturday': 1}","{'February': 1, 'June': 1, 'October': 1, 'July': 1}"
5520,4,8,"{'Thursday': 2, 'Friday': 2}","{'February': 1, 'March': 1, 'November': 1, 'July': 1}"
8129,4,8,"{'Thursday': 1, 'Monday': 1, 'Sunday': 1, 'Wednesday': 1}","{'February': 1, 'May': 1, 'December': 1, 'November': 1}"
6043,4,8,"{'Monday': 1, 'Thursday': 1, 'Wednesday': 1, 'Tuesday': 1}","{'August': 2, 'February': 1, 'December': 1}"
6629,4,8,"{'Tuesday': 1, 'Wednesday': 1, 'Thursday': 1, 'Sunday': 1}","{'February': 2, 'March': 1, 'December': 1}"
9891,4,8,"{'Monday': 3, 'Thursday': 1}","{'February': 1, 'July': 1, 'January': 1, 'August': 1}"
3260,4,8,"{'Thursday': 3, 'Tuesday': 1}","{'March': 2, 'February': 1, 'January': 1}"
3299,4,8,"{'Tuesday': 2, 'Wednesday': 1, 'Thursday': 1}","{'December': 2, 'February': 1, 'September': 1}"
5707,4,8,"{'Saturday': 2, 'Tuesday': 1, 'Thursday': 1}","{'February': 3, 'August': 1}"
1960,4,8,"{'Monday': 2, 'Saturday': 1, 'Thursday': 1}","{'February': 2, 'September': 2}"
2763,4,8,"{'Monday': 2, 'Wednesday': 1, 'Thursday': 1}","{'March': 2, 'January': 1, 'July': 1}"
5412,4,8,"{'Monday': 2, 'Wednesday': 1, 'Thursday': 1}","{'January': 3, 'February': 1}"
8705,4,8,"{'Monday': 1, 'Saturday': 1, 'Thursday': 1, 'Wednesday': 1}","{'January': 3, 'September': 1}"
1112,4,8,"{'Friday': 3, 'Thursday': 1}","{'June': 2, 'February': 1, 'September': 1}"
6462,4,8,"{'Thursday': 1, 'Tuesday': 1, 'Friday': 1, 'Saturday': 1}","{'February': 1, 'March': 1, 'November': 1, 'September': 1}"
8019,4,8,"{'Friday': 1, 'Sunday': 1, 'Tuesday': 1, 'Thursday': 1}","{'May': 2, 'February': 1, 'December': 1}"
6000,4,8,"{'Wednesday': 1, 'Tuesday': 1, 'Thursday': 1, 'Friday': 1}","{'September': 1, 'July': 1, 'November': 1, 'December': 1}"
7244,4,8,"{'Tuesday': 2, 'Friday': 1, 'Thursday': 1}","{'February': 1, 'July': 1, 'January': 1, 'April': 1}"
9626,4,8,"{'Tuesday': 2, 'Saturday': 1, 'Thursday': 1}","{'August': 1, 'March': 1, 'April': 1, 'February': 1}"
6526,4,8,"{'Wednesday': 3, 'Thursday': 1}","{'November': 1, 'October': 1, 'September': 1, 'May': 1}"
4812,4,8,"{'Wednesday': 2, 'Thursday': 1, 'Friday': 1}","{'August': 2, 'September': 1, 'March': 1}"
8957,4,8,"{'Sunday': 2, 'Thursday': 1, 'Wednesday': 1}","{'September': 2, 'January': 1, 'May': 1}"
9865,4,8,"{'Tuesday': 2, 'Thursday': 1, 'Friday': 1}","{'September': 2, 'November': 1, 'August': 1}"
1292,4,8,"{'Tuesday': 1, 'Wednesday': 1, 'Thursday': 1, 'Saturday': 1}","{'September': 1, 'February': 1, 'March': 1, 'April': 1}"
1012,4,8,"{'Friday': 2, 'Monday': 1, 'Thursday': 1}","{'November': 1, 'June': 1, 'April': 1, 'September': 1}"
2860,4,8,"{'Tuesday': 2, 'Thursday': 1, 'Friday': 1}","{'January': 3, 'April': 1}"
576,4,8,"{'Saturday': 1, 'Monday': 1, 'Thursday': 1, 'Friday': 1}","{'January': 2, 'October': 2}"
2606,4,8,"{'Monday': 2, 'Saturday': 1, 'Thursday': 1}","{'February': 2, 'January': 1, 'December': 1}"
3362,4,8,"{'Sunday': 2, 'Tuesday': 1, 'Thursday': 1}","{'January': 2, 'March': 1, 'June': 1}"
5279,4,8,"{'Thursday': 3, 'Saturday': 1}","{'September': 1, 'March': 1, 'January': 1, 'August': 1}"
2970,4,8,"{'Thursday': 1, 'Wednesday': 1, 'Tuesday': 1, 'Monday': 1}","{'June': 2, 'January': 1, 'February': 1}"
3976,4,8,"{'Thursday': 1, 'Sunday': 1, 'Wednesday': 1, 'Friday': 1}","{'January': 1, 'August': 1, 'April': 1, 'July': 1}"
7436,4,8,"{'Thursday': 2, 'Saturday': 1, 'Monday': 1}","{'January': 1, 'December': 1, 'March': 1, 'April': 1}"
8031,4,8,"{'Thursday': 1, 'Friday': 1, 'Saturday': 1, 'Wednesday': 1}","{'January': 1, 'May': 1, 'July': 1, 'December': 1}"
8544,4,8,"{'Saturday': 2, 'Friday': 1, 'Thursday': 1}","{'January': 1, 'March': 1, 'June': 1, 'September': 1}"
9191,4,8,"{'Saturday': 1, 'Thursday': 1, 'Friday': 1, 'Sunday': 1}","{'January': 1, 'June': 1, 'August': 1, 'May': 1}"
4005,4,8,"{'Friday': 2, 'Tuesday': 1, 'Thursday': 1}","{'September': 1, 'January': 1, 'June': 1, 'March': 1}"
4843,4,8,"{'Thursday': 2, 'Monday': 1, 'Tuesday': 1}","{'January': 1, 'August': 1, 'November': 1, 'April': 1}"
2817,4,8,"{'Saturday': 2, 'Wednesday': 1, 'Thursday': 1}","{'January': 1, 'April': 1, 'August': 1, 'September': 1}"
7418,4,8,"{'Monday': 2, 'Thursday': 1, 'Friday': 1}","{'January': 1, 'October': 1, 'March': 1, 'July': 1}"
3923,4,8,"{'Monday': 2, 'Tuesday': 1, 'Thursday': 1}","{'January': 1, 'June': 1, 'November': 1, 'February': 1}"
9851,4,8,"{'Tuesday': 2, 'Thursday': 1, 'Monday': 1}","{'January': 1, 'March': 1, 'December': 1, 'October': 1}"
1387,4,8,"{'Wednesday': 1, 'Monday': 1, 'Friday': 1, 'Thursday': 1}","{'January': 1, 'September': 1, 'April': 1, 'June': 1}"
4021,4,8,"{'Thursday': 2, 'Monday': 1, 'Friday': 1}","{'September': 1, 'February': 1, 'March': 1, 'October': 1}"
7498,4,8,"{'Saturday': 1, 'Thursday': 1, 'Wednesday': 1, 'Sunday': 1}","{'January': 1, 'September': 1, 'December': 1, 'June': 1}"
8886,4,8,"{'Saturday': 2, 'Thursday': 1, 'Sunday': 1}","{'January': 1, 'February': 1, 'October': 1, 'May': 1}"
2809,4,8,"{'Tuesday': 2, 'Thursday': 2}","{'January': 1, 'February': 1, 'June': 1, 'May': 1}"
6289,4,8,"{'Tuesday': 1, 'Monday': 1, 'Saturday': 1, 'Thursday': 1}","{'August': 2, 'January': 1, 'July': 1}"
8767,4,8,"{'Tuesday': 2, 'Sunday': 1, 'Thursday': 1}","{'January': 2, 'September': 1, 'July': 1}"
5433,4,8,"{'Thursday': 2, 'Sunday': 2}","{'September': 1, 'February': 1, 'April': 1, 'May': 1}"
4121,4,8,"{'Saturday': 1, 'Friday': 1, 'Thursday': 1, 'Sunday': 1}","{'September': 2, 'August': 1, 'June': 1}"
6186,4,8,"{'Thursday': 3, 'Wednesday': 1}","{'December': 2, 'January': 1, 'November': 1}"
6257,4,8,"{'Monday': 1, 'Friday': 1, 'Thursday': 1, 'Wednesday': 1}","{'January': 1, 'February': 1, 'June': 1, 'September': 1}"
9540,4,8,"{'Monday': 1, 'Saturday': 1, 'Friday': 1, 'Thursday': 1}","{'January': 2, 'November': 1, 'May': 1}"
231,4,8,"{'Tuesday': 2, 'Friday': 1, 'Thursday': 1}","{'January': 1, 'February': 1, 'August': 1, 'May': 1}"
2681,4,8,"{'Tuesday': 1, 'Wednesday': 1, 'Saturday': 1, 'Thursday': 1}","{'January': 1, 'November': 1, 'December': 1, 'May': 1}"
9313,4,8,"{'Tuesday': 2, 'Thursday': 2}","{'January': 1, 'April': 1, 'December': 1, 'September': 1}"
2112,4,8,"{'Friday': 2, 'Thursday': 2}","{'January': 1, 'September': 1, 'February': 1, 'July': 1}"
3333,4,8,"{'Thursday': 1, 'Monday': 1, 'Saturday': 1, 'Sunday': 1}","{'September': 1, 'December': 1, 'November': 1, 'February': 1}"
6107,4,8,"{'Sunday': 2, 'Thursday': 1, 'Tuesday': 1}","{'September': 1, 'March': 1, 'November': 1, 'May': 1}"
6959,4,8,"{'Wednesday': 1, 'Saturday': 1, 'Sunday': 1, 'Thursday': 1}","{'January': 1, 'February': 1, 'September': 1, 'May': 1}"
7510,4,8,"{'Wednesday': 2, 'Friday': 1, 'Thursday': 1}","{'January': 1, 'August': 1, 'February': 1, 'September': 1}"
7148,4,8,"{'Thursday': 1, 'Monday': 1, 'Tuesday': 1, 'Saturday': 1}","{'January': 2, 'May': 1, 'April': 1}"
8660,4,8,"{'Thursday': 1, 'Tuesday': 1, 'Monday': 1, 'Saturday': 1}","{'January': 1, 'June': 1, 'November': 1, 'March': 1}"
1044,4,8,"{'Friday': 2, 'Thursday': 1, 'Saturday': 1}","{'January': 2, 'May': 1, 'August': 1}"
3075,4,8,"{'Friday': 1, 'Sunday': 1, 'Monday': 1, 'Thursday': 1}","{'August': 2, 'January': 1, 'February': 1}"
2406,4,8,"{'Wednesday': 1, 'Friday': 1, 'Saturday': 1, 'Thursday': 1}","{'January': 2, 'June': 1, 'May': 1}"
2325,4,8,"{'Thursday': 2, 'Friday': 1, 'Sunday': 1}","{'December': 2, 'November': 1, 'February': 1}"
3422,4,8,"{'Thursday': 2, 'Saturday': 1, 'Sunday': 1}","{'January': 1, 'November': 1, 'December': 1, 'March': 1}"
4569,4,8,"{'Saturday': 2, 'Monday': 1, 'Thursday': 1}","{'January': 2, 'December': 1, 'July': 1}"
8438,4,8,"{'Thursday': 2, 'Wednesday': 1, 'Tuesday': 1}","{'December': 1, 'July': 1, 'March': 1, 'June': 1}"
1413,4,8,"{'Tuesday': 2, 'Thursday': 1, 'Sunday': 1}","{'December': 1, 'November': 1, 'August': 1, 'September': 1}"
1417,4,8,"{'Monday': 2, 'Thursday': 1, 'Wednesday': 1}","{'December': 1, 'June': 1, 'October': 1, 'November': 1}"
4536,4,8,"{'Thursday': 1, 'Tuesday': 1, 'Saturday': 1, 'Sunday': 1}","{'May': 2, 'December': 1, 'November': 1}"
7566,4,8,"{'Thursday': 3, 'Friday': 1}","{'December': 1, 'February': 1, 'July': 1, 'September': 1}"
8826,4,8,"{'Thursday': 1, 'Sunday': 1, 'Friday': 1, 'Tuesday': 1}","{'December': 1, 'January': 1, 'November': 1, 'June': 1}"
890,4,8,"{'Tuesday': 1, 'Thursday': 1, 'Wednesday': 1, 'Friday': 1}","{'December': 1, 'April': 1, 'September': 1, 'November': 1}"
2509,4,8,"{'Tuesday': 1, 'Monday': 1, 'Wednesday': 1, 'Thursday': 1}","{'December': 1, 'April': 1, 'January': 1, 'July': 1}"
6674,4,8,"{'Tuesday': 1, 'Sunday': 1, 'Thursday': 1, 'Wednesday': 1}","{'December': 1, 'August': 1, 'April': 1, 'January': 1}"
3256,4,8,"{'Friday': 3, 'Thursday': 1}","{'April': 2, 'September': 1, 'October': 1}"
9691,4,8,"{'Saturday': 2, 'Thursday': 1, 'Tuesday': 1}","{'January': 1, 'May': 1, 'October': 1, 'April': 1}"
1895,4,8,"{'Monday': 1, 'Thursday': 1, 'Sunday': 1, 'Saturday': 1}","{'January': 1, 'November': 1, 'June': 1, 'February': 1}"
9190,4,8,"{'Friday': 1, 'Monday': 1, 'Thursday': 1, 'Tuesday': 1}","{'December': 1, 'June': 1, 'July': 1, 'January': 1}"
5795,4,8,"{'Saturday': 1, 'Tuesday': 1, 'Thursday': 1, 'Sunday': 1}","{'December': 2, 'May': 1, 'April': 1}"
4069,4,8,"{'Thursday': 1, 'Tuesday': 1, 'Saturday': 1, 'Wednesday': 1}","{'September': 1, 'May': 1, 'April': 1, 'November': 1}"
3952,4,8,"{'Thursday': 2, 'Monday': 1, 'Tuesday': 1}","{'January': 2, 'February': 1, 'March': 1}"
8896,4,8,"{'Monday': 2, 'Thursday': 1, 'Tuesday': 1}","{'January': 1, 'February': 1, 'July': 1, 'March': 1}"
3926,4,8,"{'Wednesday': 1, 'Friday': 1, 'Saturday': 1, 'Thursday': 1}","{'December': 1, 'February': 1, 'June': 1, 'July': 1}"
2623,4,8,"{'Monday': 2, 'Thursday': 1, 'Saturday': 1}","{'February': 2, 'December': 1, 'August': 1}"
2374,4,8,"{'Friday': 1, 'Tuesday': 1, 'Sunday': 1, 'Thursday': 1}","{'December': 1, 'May': 1, 'September': 1, 'November': 1}"
2667,4,8,"{'Tuesday': 1, 'Wednesday': 1, 'Saturday': 1, 'Thursday': 1}","{'December': 1, 'February': 1, 'January': 1, 'June': 1}"
2863,4,8,"{'Tuesday': 3, 'Thursday': 1}","{'December': 1, 'April': 1, 'January': 1, 'February': 1}"
4713,4,8,"{'Thursday': 2, 'Tuesday': 1, 'Friday': 1}","{'December': 2, 'April': 1, 'September': 1}"
2567,4,8,"{'Friday': 1, 'Thursday': 1, 'Saturday': 1, 'Sunday': 1}","{'December': 1, 'January': 1, 'February': 1, 'May': 1}"
2971,4,8,"{'Saturday': 1, 'Sunday': 1, 'Monday': 1, 'Thursday': 1}","{'September': 1, 'November': 1, 'August': 1, 'March': 1}"
575,4,8,"{'Monday': 1, 'Friday': 1, 'Thursday': 1, 'Sunday': 1}","{'December': 1, 'March': 1, 'January': 1, 'February': 1}"
1333,4,8,"{'Monday': 1, 'Wednesday': 1, 'Thursday': 1, 'Tuesday': 1}","{'December': 1, 'February': 1, 'April': 1, 'September': 1}"
9048,4,8,"{'Tuesday': 1, 'Thursday': 1, 'Friday': 1, 'Wednesday': 1}","{'September': 1, 'April': 1, 'June': 1, 'August': 1}"
271,4,8,"{'Tuesday': 2, 'Friday': 1, 'Thursday': 1}","{'December': 1, 'February': 1, 'August': 1, 'September': 1}"
2857,4,8,"{'Tuesday': 2, 'Thursday': 1, 'Wednesday': 1}","{'September': 1, 'June': 1, 'August': 1, 'April': 1}"
6314,4,8,"{'Friday': 1, 'Monday': 1, 'Thursday': 1, 'Sunday': 1}","{'December': 2, 'September': 1, 'June': 1}"
6386,4,8,"{'Wednesday': 1, 'Friday': 1, 'Monday': 1, 'Thursday': 1}","{'May': 2, 'December': 1, 'August': 1}"
9592,4,8,"{'Wednesday': 1, 'Monday': 1, 'Tuesday': 1, 'Thursday': 1}","{'December': 1, 'March': 1, 'November': 1, 'July': 1}"
4697,4,8,"{'Monday': 1, 'Thursday': 1, 'Wednesday': 1, 'Saturday': 1}","{'January': 1, 'February': 1, 'September': 1, 'November': 1}"
9988,4,8,"{'Thursday': 2, 'Monday': 1, 'Friday': 1}","{'April': 2, 'December': 1, 'June': 1}"
608,4,8,"{'Wednesday': 1, 'Thursday': 1, 'Saturday': 1, 'Tuesday': 1}","{'May': 2, 'December': 1, 'June': 1}"
3381,4,8,"{'Wednesday': 2, 'Thursday': 1, 'Sunday': 1}","{'September': 1, 'February': 1, 'January': 1, 'August': 1}"
6502,4,8,"{'Sunday': 2, 'Thursday': 1, 'Monday': 1}","{'December': 2, 'June': 1, 'November': 1}"
9654,4,8,"{'Tuesday': 2, 'Thursday': 1, 'Monday': 1}","{'January': 2, 'November': 1, 'March': 1}"
9745,4,8,"{'Thursday': 1, 'Monday': 1, 'Sunday': 1, 'Wednesday': 1}","{'December': 2, 'March': 1, 'April': 1}"
6321,4,8,"{'Wednesday': 2, 'Friday': 1, 'Thursday': 1}","{'June': 2, 'July': 1, 'February': 1}"
7572,4,8,"{'Wednesday': 2, 'Thursday': 1, 'Sunday': 1}","{'September': 2, 'March': 1, 'November': 1}"
2045,4,8,"{'Friday': 1, 'Tuesday': 1, 'Monday': 1, 'Thursday': 1}","{'October': 1, 'March': 1, 'April': 1, 'August': 1}"
2984,4,8,"{'Friday': 2, 'Monday': 1, 'Thursday': 1}","{'October': 1, 'May': 1, 'September': 1, 'April': 1}"
7975,4,8,"{'Thursday': 2, 'Friday': 1, 'Sunday': 1}","{'October': 1, 'July': 1, 'June': 1, 'December': 1}"
6747,4,8,"{'Sunday': 2, 'Friday': 1, 'Thursday': 1}","{'August': 1, 'March': 1, 'July': 1, 'September': 1}"
4790,4,8,"{'Thursday': 2, 'Saturday': 1, 'Sunday': 1}","{'December': 1, 'September': 1, 'April': 1, 'June': 1}"
190,4,8,"{'Thursday': 1, 'Friday': 1, 'Saturday': 1, 'Sunday': 1}","{'September': 2, 'January': 1, 'August': 1}"
4375,4,8,"{'Wednesday': 2, 'Thursday': 1, 'Tuesday': 1}","{'September': 1, 'October': 1, 'April': 1, 'August': 1}"
7504,4,8,"{'Sunday': 1, 'Saturday': 1, 'Friday': 1, 'Thursday': 1}","{'June': 2, 'July': 1, 'December': 1}"
773,4,8,"{'Monday': 1, 'Thursday': 1, 'Wednesday': 1, 'Sunday': 1}","{'October': 1, 'March': 1, 'June': 1, 'November': 1}"
6323,4,8,"{'Thursday': 1, 'Monday': 1, 'Tuesday': 1, 'Saturday': 1}","{'June': 2, 'September': 1, 'October': 1}"
2911,4,8,"{'Thursday': 2, 'Wednesday': 1, 'Tuesday': 1}","{'December': 2, 'January': 1, 'September': 1}"
720,4,8,"{'Thursday': 1, 'Sunday': 1, 'Tuesday': 1, 'Saturday': 1}","{'March': 2, 'December': 1, 'October': 1}"
3580,4,8,"{'Thursday': 2, 'Monday': 1, 'Tuesday': 1}","{'December': 2, 'May': 1, 'August': 1}"
7512,4,8,"{'Tuesday': 2, 'Thursday': 1, 'Saturday': 1}","{'April': 2, 'November': 1, 'July': 1}"
7614,4,8,"{'Tuesday': 1, 'Sunday': 1, 'Thursday': 1, 'Wednesday': 1}","{'January': 2, 'November': 1, 'December': 1}"
3529,4,8,"{'Thursday': 2, 'Wednesday': 1, 'Sunday': 1}","{'January': 1, 'October': 1, 'May': 1, 'March': 1}"
9699,4,8,"{'Wednesday': 2, 'Thursday': 1, 'Saturday': 1}","{'January': 1, 'February': 1, 'November': 1, 'July': 1}"
8899,4,8,"{'Monday': 1, 'Sunday': 1, 'Thursday': 1, 'Wednesday': 1}","{'November': 1, 'June': 1, 'July': 1, 'December': 1}"
9047,4,8,"{'Monday': 1, 'Thursday': 1, 'Wednesday': 1, 'Sunday': 1}","{'November': 1, 'August': 1, 'March': 1, 'May': 1}"
3833,4,8,"{'Monday': 2, 'Friday': 1, 'Thursday': 1}","{'November': 2, 'January': 1, 'May': 1}"
770,4,8,"{'Monday': 3, 'Thursday': 1}","{'September': 1, 'February': 1, 'December': 1, 'January': 1}"
2188,4,8,"{'Monday': 2, 'Wednesday': 1, 'Thursday': 1}","{'March': 2, 'September': 1, 'July': 1}"
3922,4,8,"{'Monday': 1, 'Sunday': 1, 'Tuesday': 1, 'Thursday': 1}","{'March': 2, 'September': 1, 'May': 1}"
9972,4,8,"{'Saturday': 2, 'Thursday': 1, 'Monday': 1}","{'March': 2, 'November': 1, 'July': 1}"
3325,4,8,"{'Thursday': 1, 'Saturday': 1, 'Friday': 1, 'Monday': 1}","{'November': 1, 'July': 1, 'June': 1, 'April': 1}"
4104,4,8,"{'Thursday': 2, 'Wednesday': 2}","{'November': 1, 'August': 1, 'October': 1, 'May': 1}"
1916,4,8,"{'Wednesday': 2, 'Tuesday': 1, 'Thursday': 1}","{'October': 2, 'April': 1, 'May': 1}"
5264,4,8,"{'Thursday': 3, 'Tuesday': 1}","{'October': 1, 'January': 1, 'February': 1, 'June': 1}"
201,4,8,"{'Saturday': 1, 'Friday': 1, 'Wednesday': 1, 'Thursday': 1}","{'January': 2, 'March': 1, 'June': 1}"
1239,4,8,"{'Saturday': 1, 'Thursday': 1, 'Tuesday': 1, 'Friday': 1}","{'January': 1, 'June': 1, 'December': 1, 'May': 1}"
3035,4,8,"{'Thursday': 2, 'Monday': 1, 'Wednesday': 1}","{'November': 1, 'July': 1, 'March': 1, 'September': 1}"
8888,4,8,"{'Thursday': 1, 'Friday': 1, 'Wednesday': 1, 'Tuesday': 1}","{'September': 2, 'December': 1, 'August': 1}"
1108,4,8,"{'Saturday': 1, 'Friday': 1, 'Thursday': 1, 'Wednesday': 1}","{'September': 1, 'April': 1, 'May': 1, 'June': 1}"
522,4,8,"{'Thursday': 3, 'Saturday': 1}","{'May': 2, 'October': 1, 'August': 1}"
4090,4,8,"{'Thursday': 1, 'Friday': 1, 'Wednesday': 1, 'Tuesday': 1}","{'October': 1, 'November': 1, 'January': 1, 'April': 1}"
7775,4,8,"{'Thursday': 2, 'Tuesday': 1, 'Monday': 1}","{'October': 1, 'March': 1, 'July': 1, 'August': 1}"
6575,4,8,"{'Friday': 1, 'Saturday': 1, 'Monday': 1, 'Thursday': 1}","{'April': 2, 'November': 1, 'December': 1}"
7330,4,8,"{'Wednesday': 2, 'Thursday': 1, 'Tuesday': 1}","{'November': 2, 'October': 1, 'September': 1}"
7112,4,8,"{'Thursday': 3, 'Monday': 1}","{'November': 1, 'August': 1, 'January': 1, 'September': 1}"
9968,4,8,"{'Wednesday': 2, 'Thursday': 1, 'Saturday': 1}","{'November': 1, 'January': 1, 'May': 1, 'June': 1}"
857,4,8,"{'Wednesday': 2, 'Thursday': 1, 'Saturday': 1}","{'November': 1, 'April': 1, 'December': 1, 'July': 1}"
6659,4,8,"{'Wednesday': 1, 'Monday': 1, 'Thursday': 1, 'Sunday': 1}","{'November': 1, 'February': 1, 'December': 1, 'April': 1}"
8412,4,8,"{'Friday': 2, 'Thursday': 1, 'Tuesday': 1}","{'July': 2, 'November': 1, 'January': 1}"
4766,4,8,"{'Saturday': 2, 'Friday': 1, 'Thursday': 1}","{'November': 2, 'September': 1, 'August': 1}"
8140,4,8,"{'Friday': 1, 'Wednesday': 1, 'Thursday': 1, 'Saturday': 1}","{'October': 1, 'September': 1, 'May': 1, 'November': 1}"
5700,4,8,"{'Saturday': 1, 'Thursday': 1, 'Tuesday': 1, 'Wednesday': 1}","{'October': 2, 'August': 1, 'February': 1}"
4433,4,8,"{'Wednesday': 1, 'Monday': 1, 'Sunday': 1, 'Thursday': 1}","{'October': 1, 'September': 1, 'May': 1, 'November': 1}"
4771,4,8,"{'Monday': 1, 'Saturday': 1, 'Thursday': 1, 'Tuesday': 1}","{'November': 1, 'January': 1, 'February': 1, 'June': 1}"
8436,4,8,"{'Monday': 3, 'Thursday': 1}","{'June': 2, 'November': 1, 'February': 1}"
3050,4,8,"{'Thursday': 2, 'Saturday': 1, 'Tuesday': 1}","{'January': 1, 'April': 1, 'May': 1, 'August': 1}"
2318,4,8,"{'Monday': 1, 'Sunday': 1, 'Thursday': 1, 'Tuesday': 1}","{'January': 1, 'December': 1, 'August': 1, 'June': 1}"
6729,4,8,"{'Sunday': 2, 'Saturday': 1, 'Thursday': 1}","{'September': 2, 'April': 1, 'January': 1}"
6651,4,8,"{'Friday': 1, 'Thursday': 1, 'Sunday': 1, 'Monday': 1}","{'June': 2, 'September': 1, 'October': 1}"
9435,4,8,"{'Thursday': 2, 'Friday': 1, 'Sunday': 1}","{'October': 2, 'September': 1, 'December': 1}"
644,4,8,"{'Thursday': 2, 'Friday': 1, 'Tuesday': 1}","{'October': 1, 'July': 1, 'February': 1, 'April': 1}"
1573,4,8,"{'Monday': 1, 'Friday': 1, 'Thursday': 1, 'Wednesday': 1}","{'September': 2, 'March': 2}"
7803,4,8,"{'Monday': 1, 'Thursday': 1, 'Saturday': 1, 'Sunday': 1}","{'October': 1, 'May': 1, 'December': 1, 'July': 1}"
2390,4,8,"{'Tuesday': 1, 'Saturday': 1, 'Thursday': 1, 'Sunday': 1}","{'October': 1, 'June': 1, 'January': 1, 'March': 1}"
3484,4,8,"{'Wednesday': 2, 'Thursday': 1, 'Sunday': 1}","{'November': 2, 'August': 1, 'September': 1}"
6847,4,8,"{'Thursday': 2, 'Tuesday': 1, 'Friday': 1}","{'November': 1, 'July': 1, 'January': 1, 'September': 1}"
4226,4,8,"{'Thursday': 2, 'Monday': 1, 'Sunday': 1}","{'January': 1, 'April': 1, 'November': 1, 'May': 1}"
2324,4,8,"{'Thursday': 2, 'Sunday': 1, 'Tuesday': 1}","{'October': 1, 'July': 1, 'January': 1, 'June': 1}"
4743,4,8,"{'Monday': 2, 'Thursday': 1, 'Friday': 1}","{'January': 1, 'May': 1, 'July': 1, 'September': 1}"
2423,4,8,"{'Monday': 1, 'Thursday': 1, 'Saturday': 1, 'Tuesday': 1}","{'November': 1, 'February': 1, 'October': 1, 'April': 1}"
8076,4,8,"{'Monday': 1, 'Thursday': 1, 'Tuesday': 1, 'Friday': 1}","{'January': 2, 'March': 1, 'February': 1}"
446,4,8,"{'Thursday': 1, 'Monday': 1, 'Tuesday': 1, 'Sunday': 1}","{'September': 2, 'November': 1, 'April': 1}"
559,4,8,"{'Thursday': 1, 'Monday': 1, 'Tuesday': 1, 'Saturday': 1}","{'November': 2, 'July': 1, 'October': 1}"
6277,4,8,"{'Thursday': 2, 'Saturday': 2}","{'November': 1, 'January': 1, 'May': 1, 'September': 1}"
7163,4,8,"{'Thursday': 2, 'Friday': 1, 'Saturday': 1}","{'November': 1, 'September': 1, 'July': 1, 'October': 1}"
8038,4,8,"{'Friday': 3, 'Thursday': 1}","{'August': 2, 'November': 1, 'February': 1}"
3194,4,8,"{'Tuesday': 1, 'Thursday': 1, 'Friday': 1, 'Sunday': 1}","{'November': 2, 'June': 1, 'February': 1}"
7409,4,8,"{'Thursday': 1, 'Saturday': 1, 'Tuesday': 1, 'Monday': 1}","{'October': 2, 'December': 1, 'August': 1}"
5752,4,8,"{'Friday': 1, 'Thursday': 1, 'Sunday': 1, 'Saturday': 1}","{'October': 1, 'August': 1, 'September': 1, 'July': 1}"
3947,4,8,"{'Wednesday': 1, 'Sunday': 1, 'Thursday': 1, 'Tuesday': 1}","{'October': 1, 'July': 1, 'August': 1, 'September': 1}"
1183,4,8,"{'Wednesday': 2, 'Thursday': 2}","{'November': 1, 'April': 1, 'September': 1, 'August': 1}"
4738,4,8,"{'Saturday': 2, 'Wednesday': 1, 'Thursday': 1}","{'September': 2, 'October': 1, 'June': 1}"
6436,4,8,"{'Monday': 1, 'Thursday': 1, 'Saturday': 1, 'Sunday': 1}","{'November': 1, 'July': 1, 'January': 1, 'June': 1}"
8224,4,8,"{'Wednesday': 2, 'Saturday': 1, 'Thursday': 1}","{'October': 2, 'March': 1, 'May': 1}"
9916,4,8,"{'Wednesday': 2, 'Friday': 1, 'Thursday': 1}","{'October': 2, 'July': 1, 'April': 1}"
9356,4,8,"{'Saturday': 2, 'Friday': 1, 'Thursday': 1}","{'January': 1, 'September': 1, 'February': 1, 'August': 1}"
7013,4,8,"{'Thursday': 1, 'Saturday': 1, 'Wednesday': 1, 'Sunday': 1}","{'October': 1, 'March': 1, 'July': 1, 'September': 1}"
3672,4,8,"{'Saturday': 2, 'Thursday': 1, 'Wednesday': 1}","{'October': 2, 'September': 1, 'July': 1}"
1917,4,8,"{'Thursday': 2, 'Tuesday': 1, 'Wednesday': 1}","{'December': 2, 'October': 1, 'April': 1}"
1963,4,8,"{'Saturday': 2, 'Friday': 1, 'Thursday': 1}","{'October': 1, 'September': 1, 'January': 1, 'July': 1}"
8999,4,8,"{'Thursday': 2, 'Monday': 1, 'Tuesday': 1}","{'October': 2, 'June': 1, 'July': 1}"
5996,4,8,"{'Wednesday': 1, 'Monday': 1, 'Saturday': 1, 'Thursday': 1}","{'October': 1, 'January': 1, 'August': 1, 'February': 1}"
7136,4,8,"{'Wednesday': 2, 'Friday': 1, 'Thursday': 1}","{'October': 1, 'July': 1, 'February': 1, 'January': 1}"
1246,4,8,"{'Monday': 2, 'Wednesday': 1, 'Thursday': 1}","{'October': 2, 'January': 1, 'June': 1}"
807,4,8,"{'Tuesday': 1, 'Thursday': 1, 'Friday': 1, 'Saturday': 1}","{'October': 1, 'November': 1, 'December': 1, 'March': 1}"
2725,4,8,"{'Monday': 2, 'Tuesday': 1, 'Thursday': 1}","{'October': 1, 'December': 1, 'February': 1, 'April': 1}"
7326,4,8,"{'Tuesday': 1, 'Thursday': 1, 'Monday': 1, 'Friday': 1}","{'October': 2, 'November': 1, 'January': 1}"
6698,4,8,"{'Wednesday': 2, 'Monday': 1, 'Thursday': 1}","{'October': 1, 'April': 1, 'January': 1, 'June': 1}"
1668,4,8,"{'Thursday': 1, 'Wednesday': 1, 'Tuesday': 1, 'Saturday': 1}","{'October': 2, 'January': 1, 'December': 1}"
8487,4,8,"{'Wednesday': 2, 'Thursday': 1, 'Monday': 1}","{'February': 2, 'September': 1, 'May': 1}"
9103,4,8,"{'Wednesday': 1, 'Thursday': 1, 'Monday': 1, 'Sunday': 1}","{'September': 1, 'February': 1, 'December': 1, 'March': 1}"
970,4,8,"{'Friday': 1, 'Monday': 1, 'Thursday': 1, 'Tuesday': 1}","{'April': 2, 'September': 1, 'December': 1}"
3206,4,8,"{'Friday': 2, 'Thursday': 1, 'Wednesday': 1}","{'September': 2, 'July': 2}"
7302,4,8,"{'Friday': 1, 'Thursday': 1, 'Saturday': 1, 'Wednesday': 1}","{'January': 1, 'November': 1, 'December': 1, 'April': 1}"
6694,4,8,"{'Sunday': 2, 'Thursday': 1, 'Friday': 1}","{'October': 1, 'September': 1, 'December': 1, 'March': 1}"
7990,4,8,"{'Wednesday': 2, 'Thursday': 1, 'Saturday': 1}","{'October': 1, 'September': 1, 'December': 1, 'March': 1}"
8934,4,8,"{'Thursday': 1, 'Friday': 1, 'Monday': 1, 'Saturday': 1}","{'October': 1, 'January': 1, 'November': 1, 'April': 1}"
786,4,8,"{'Thursday': 1, 'Saturday': 1, 'Tuesday': 1, 'Friday': 1}","{'October': 1, 'December': 1, 'November': 1, 'April': 1}"
320,4,8,"{'Saturday': 1, 'Monday': 1, 'Friday': 1, 'Thursday': 1}","{'March': 2, 'July': 1, 'November': 1}"
3941,4,8,"{'Saturday': 2, 'Thursday': 1, 'Wednesday': 1}","{'January': 2, 'July': 1, 'August': 1}"
3304,4,8,"{'Saturday': 2, 'Tuesday': 1, 'Thursday': 1}","{'August': 2, 'October': 1, 'January': 1}"
4982,3,9,"{'Sunday': 1, 'Thursday': 1, 'Monday': 1}","{'July': 1, 'April': 1, 'May': 1}"
7855,3,9,"{'Saturday': 1, 'Friday': 1, 'Thursday': 1}","{'September': 2, 'July': 1}"
6949,3,9,"{'Wednesday': 1, 'Thursday': 1, 'Monday': 1}","{'August': 1, 'March': 1, 'April': 1}"
9793,3,9,"{'Thursday': 1, 'Sunday': 1, 'Tuesday': 1}","{'July': 1, 'October': 1, 'March': 1}"
5250,3,9,"{'Friday': 1, 'Thursday': 1, 'Saturday': 1}","{'October': 1, 'February': 1, 'March': 1}"
4232,3,9,"{'Friday': 2, 'Thursday': 1}","{'October': 1, 'September': 1, 'May': 1}"
9673,3,9,"{'Sunday': 2, 'Thursday': 1}","{'October': 1, 'July': 1, 'December': 1}"
6470,3,9,"{'Thursday': 1, 'Saturday': 1, 'Friday': 1}","{'October': 1, 'June': 1, 'January': 1}"
6328,3,9,"{'Thursday': 2, 'Saturday': 1}","{'October': 1, 'June': 1, 'August': 1}"
8194,3,9,"{'Thursday': 2, 'Tuesday': 1}","{'July': 1, 'October': 1, 'February': 1}"
6843,3,9,"{'Thursday': 2, 'Saturday': 1}","{'July': 1, 'March': 1, 'April': 1}"
9822,3,9,"{'Monday': 1, 'Tuesday': 1, 'Thursday': 1}","{'August': 1, 'January': 1, 'June': 1}"
6183,3,9,"{'Friday': 2, 'Thursday': 1}","{'January': 1, 'March': 1, 'June': 1}"
3503,3,9,"{'Saturday': 1, 'Thursday': 1, 'Sunday': 1}","{'July': 2, 'January': 1}"
5626,3,9,"{'Wednesday': 1, 'Thursday': 1, 'Friday': 1}","{'May': 2, 'October': 1}"
1327,3,9,"{'Saturday': 1, 'Thursday': 1, 'Wednesday': 1}","{'July': 1, 'December': 1, 'April': 1}"
8451,3,9,"{'Wednesday': 1, 'Monday': 1, 'Thursday': 1}","{'July': 1, 'September': 1, 'November': 1}"
3844,3,9,"{'Thursday': 1, 'Saturday': 1, 'Friday': 1}","{'February': 1, 'June': 1, 'April': 1}"
3233,3,9,"{'Wednesday': 1, 'Thursday': 1, 'Friday': 1}","{'October': 2, 'April': 1}"
7998,3,9,"{'Wednesday': 1, 'Saturday': 1, 'Thursday': 1}","{'October': 1, 'January': 1, 'December': 1}"
9250,3,9,"{'Wednesday': 1, 'Thursday': 1, 'Tuesday': 1}","{'October': 2, 'March': 1}"
1599,3,9,"{'Friday': 1, 'Monday': 1, 'Thursday': 1}","{'September': 1, 'August': 1, 'May': 1}"
1201,3,9,"{'Friday': 2, 'Thursday': 1}","{'August': 1, 'February': 1, 'July': 1}"
8884,3,9,"{'Thursday': 1, 'Wednesday': 1, 'Monday': 1}","{'July': 1, 'April': 1, 'September': 1}"
9832,3,9,"{'Thursday': 1, 'Monday': 1, 'Friday': 1}","{'October': 1, 'January': 1, 'August': 1}"
8494,3,9,"{'Thursday': 2, 'Wednesday': 1}","{'October': 2, 'January': 1}"
5551,3,9,"{'Thursday': 1, 'Saturday': 1, 'Monday': 1}","{'August': 2, 'October': 1}"
3397,3,9,"{'Saturday': 2, 'Thursday': 1}","{'October': 2, 'June': 1}"
2807,3,9,"{'Saturday': 1, 'Sunday': 1, 'Thursday': 1}","{'October': 1, 'June': 1, 'September': 1}"
242,3,9,"{'Saturday': 1, 'Wednesday': 1, 'Thursday': 1}","{'October': 1, 'December': 1, 'August': 1}"
1425,3,9,"{'Wednesday': 1, 'Thursday': 1, 'Tuesday': 1}","{'September': 1, 'March': 1, 'August': 1}"
5290,3,9,"{'Saturday': 2, 'Thursday': 1}","{'July': 1, 'January': 1, 'March': 1}"
2871,3,9,"{'Thursday': 1, 'Tuesday': 1, 'Friday': 1}","{'July': 1, 'February': 1, 'April': 1}"
1993,3,9,"{'Thursday': 1, 'Saturday': 1, 'Tuesday': 1}","{'July': 2, 'March': 1}"
830,3,9,"{'Tuesday': 1, 'Thursday': 1, 'Friday': 1}","{'January': 2, 'February': 1}"
6247,3,9,"{'Thursday': 2, 'Saturday': 1}","{'October': 1, 'November': 1, 'August': 1}"
2426,3,9,"{'Thursday': 2, 'Tuesday': 1}","{'October': 1, 'July': 1, 'August': 1}"
345,3,9,"{'Saturday': 1, 'Tuesday': 1, 'Thursday': 1}","{'January': 1, 'April': 1, 'June': 1}"
6341,3,9,"{'Monday': 2, 'Thursday': 1}","{'November': 1, 'January': 1, 'July': 1}"
1259,3,9,"{'Tuesday': 1, 'Sunday': 1, 'Thursday': 1}","{'July': 1, 'May': 1, 'September': 1}"
8900,3,9,"{'Monday': 2, 'Thursday': 1}","{'August': 2, 'May': 1}"
3096,3,9,"{'Friday': 1, 'Wednesday': 1, 'Thursday': 1}","{'June': 1, 'August': 1, 'May': 1}"
2329,3,9,"{'Sunday': 1, 'Monday': 1, 'Thursday': 1}","{'July': 1, 'December': 1, 'March': 1}"
9051,3,9,"{'Thursday': 2, 'Tuesday': 1}","{'November': 1, 'April': 1, 'August': 1}"
9777,3,9,"{'Tuesday': 1, 'Wednesday': 1, 'Thursday': 1}","{'October': 1, 'August': 1, 'April': 1}"
4036,3,9,"{'Saturday': 2, 'Thursday': 1}","{'June': 1, 'October': 1, 'January': 1}"
1227,3,9,"{'Thursday': 2, 'Tuesday': 1}","{'June': 2, 'August': 1}"
391,3,9,"{'Thursday': 2, 'Tuesday': 1}","{'July': 1, 'December': 1, 'August': 1}"
7647,3,9,"{'Thursday': 2, 'Saturday': 1}","{'August': 2, 'June': 1}"
1472,3,9,"{'Thursday': 2, 'Sunday': 1}","{'August': 1, 'November': 1, 'June': 1}"
2294,3,9,"{'Friday': 1, 'Thursday': 1, 'Saturday': 1}","{'November': 1, 'December': 1, 'January': 1}"
8398,3,9,"{'Thursday': 1, 'Tuesday': 1, 'Friday': 1}","{'November': 1, 'August': 1, 'January': 1}"
7732,3,9,"{'Thursday': 1, 'Wednesday': 1, 'Saturday': 1}","{'November': 2, 'January': 1}"
7233,3,9,"{'Thursday': 1, 'Friday': 1, 'Sunday': 1}","{'November': 1, 'December': 1, 'March': 1}"
4705,3,9,{'Thursday': 3},"{'June': 2, 'May': 1}"
1885,3,9,"{'Tuesday': 1, 'Thursday': 1, 'Saturday': 1}","{'December': 2, 'June': 1}"
6406,3,9,"{'Thursday': 1, 'Monday': 1, 'Sunday': 1}","{'February': 1, 'March': 1, 'January': 1}"
3845,3,9,"{'Friday': 1, 'Sunday': 1, 'Thursday': 1}","{'October': 1, 'June': 1, 'April': 1}"
9681,3,9,"{'Thursday': 2, 'Tuesday': 1}","{'October': 1, 'November': 1, 'January': 1}"
4504,3,9,"{'Saturday': 1, 'Thursday': 1, 'Tuesday': 1}","{'July': 1, 'January': 1, 'August': 1}"
2446,3,9,"{'Tuesday': 1, 'Thursday': 1, 'Friday': 1}","{'August': 1, 'February': 1, 'September': 1}"
4109,3,9,"{'Friday': 2, 'Thursday': 1}","{'June': 1, 'December': 1, 'March': 1}"
4867,3,9,"{'Monday': 1, 'Thursday': 1, 'Tuesday': 1}","{'January': 1, 'April': 1, 'March': 1}"
9042,3,9,"{'Thursday': 1, 'Friday': 1, 'Wednesday': 1}","{'June': 1, 'September': 1, 'March': 1}"
7033,3,9,"{'Wednesday': 1, 'Saturday': 1, 'Thursday': 1}","{'September': 2, 'June': 1}"
7022,3,9,"{'Tuesday': 1, 'Thursday': 1, 'Saturday': 1}","{'June': 1, 'July': 1, 'February': 1}"
2684,3,9,"{'Tuesday': 1, 'Thursday': 1, 'Monday': 1}","{'June': 1, 'April': 1, 'January': 1}"
4700,3,9,"{'Thursday': 1, 'Monday': 1, 'Wednesday': 1}","{'July': 1, 'November': 1, 'April': 1}"
224,3,9,"{'Thursday': 1, 'Wednesday': 1, 'Tuesday': 1}","{'January': 2, 'July': 1}"
2260,3,9,"{'Wednesday': 1, 'Thursday': 1, 'Friday': 1}","{'July': 1, 'December': 1, 'June': 1}"
1352,3,9,"{'Tuesday': 1, 'Saturday': 1, 'Thursday': 1}","{'November': 1, 'May': 1, 'September': 1}"
2679,3,9,"{'Tuesday': 1, 'Monday': 1, 'Thursday': 1}","{'June': 1, 'November': 1, 'February': 1}"
741,3,9,"{'Tuesday': 1, 'Thursday': 1, 'Saturday': 1}","{'June': 1, 'February': 1, 'July': 1}"
6964,3,9,"{'Friday': 1, 'Thursday': 1, 'Monday': 1}","{'October': 1, 'September': 1, 'May': 1}"
1495,3,9,"{'Thursday': 1, 'Sunday': 1, 'Tuesday': 1}","{'November': 1, 'June': 1, 'July': 1}"
6693,3,9,"{'Monday': 1, 'Saturday': 1, 'Thursday': 1}","{'October': 1, 'March': 1, 'June': 1}"
4877,3,9,"{'Saturday': 1, 'Thursday': 1, 'Wednesday': 1}","{'February': 1, 'June': 1, 'December': 1}"
620,3,9,"{'Wednesday': 1, 'Tuesday': 1, 'Thursday': 1}","{'November': 1, 'September': 1, 'January': 1}"
3713,3,9,"{'Friday': 1, 'Thursday': 1, 'Saturday': 1}","{'November': 1, 'May': 1, 'August': 1}"
3430,3,9,"{'Friday': 1, 'Sunday': 1, 'Thursday': 1}","{'November': 1, 'October': 1, 'March': 1}"
1600,3,9,"{'Friday': 2, 'Thursday': 1}","{'October': 1, 'August': 1, 'January': 1}"
5171,3,9,"{'Thursday': 2, 'Monday': 1}","{'November': 1, 'May': 1, 'February': 1}"
2986,3,9,"{'Thursday': 1, 'Tuesday': 1, 'Saturday': 1}","{'November': 1, 'October': 1, 'June': 1}"
4083,3,9,"{'Thursday': 1, 'Sunday': 1, 'Saturday': 1}","{'February': 1, 'September': 1, 'April': 1}"
2531,3,9,"{'Monday': 1, 'Wednesday': 1, 'Thursday': 1}","{'October': 1, 'December': 1, 'March': 1}"
622,3,9,"{'Monday': 1, 'Tuesday': 1, 'Thursday': 1}","{'August': 1, 'September': 1, 'July': 1}"
639,3,9,"{'Monday': 1, 'Wednesday': 1, 'Thursday': 1}","{'October': 1, 'July': 1, 'November': 1}"
2119,3,9,"{'Friday': 1, 'Thursday': 1, 'Monday': 1}","{'November': 2, 'May': 1}"
3002,3,9,"{'Monday': 1, 'Thursday': 1, 'Sunday': 1}","{'January': 1, 'March': 1, 'December': 1}"
4990,3,9,"{'Wednesday': 1, 'Thursday': 1, 'Sunday': 1}","{'October': 1, 'June': 1, 'August': 1}"
8850,3,9,"{'Friday': 2, 'Thursday': 1}","{'September': 2, 'April': 1}"
492,3,9,"{'Monday': 1, 'Thursday': 1, 'Wednesday': 1}","{'June': 1, 'July': 1, 'August': 1}"
8907,3,9,"{'Thursday': 2, 'Monday': 1}","{'June': 1, 'March': 1, 'September': 1}"
4856,3,9,"{'Thursday': 1, 'Monday': 1, 'Wednesday': 1}","{'June': 2, 'August': 1}"
8110,3,9,"{'Wednesday': 1, 'Friday': 1, 'Thursday': 1}","{'May': 1, 'March': 1, 'October': 1}"
2081,3,9,"{'Tuesday': 1, 'Sunday': 1, 'Thursday': 1}","{'November': 1, 'April': 1, 'March': 1}"
3239,3,9,"{'Friday': 1, 'Thursday': 1, 'Tuesday': 1}","{'November': 1, 'July': 1, 'August': 1}"
8026,3,9,"{'Sunday': 1, 'Monday': 1, 'Thursday': 1}","{'May': 1, 'November': 1, 'October': 1}"
6494,3,9,"{'Thursday': 1, 'Wednesday': 1, 'Sunday': 1}","{'November': 1, 'March': 1, 'June': 1}"
6415,3,9,"{'Thursday': 1, 'Saturday': 1, 'Sunday': 1}","{'August': 2, 'November': 1}"
6327,3,9,"{'Thursday': 1, 'Friday': 1, 'Tuesday': 1}","{'November': 2, 'March': 1}"
3223,3,9,"{'Friday': 1, 'Tuesday': 1, 'Thursday': 1}","{'October': 1, 'November': 1, 'July': 1}"
7786,3,9,"{'Friday': 2, 'Thursday': 1}","{'May': 1, 'December': 1, 'July': 1}"
5975,3,9,"{'Friday': 2, 'Thursday': 1}","{'May': 1, 'July': 1, 'June': 1}"
7235,3,9,"{'Thursday': 1, 'Wednesday': 1, 'Tuesday': 1}","{'August': 1, 'February': 1, 'May': 1}"
6814,3,9,"{'Monday': 1, 'Thursday': 1, 'Saturday': 1}","{'May': 1, 'December': 1, 'July': 1}"
7606,3,9,"{'Tuesday': 1, 'Wednesday': 1, 'Thursday': 1}","{'May': 1, 'August': 1, 'April': 1}"
3678,3,9,"{'Monday': 1, 'Thursday': 1, 'Saturday': 1}","{'May': 1, 'December': 1, 'February': 1}"
2340,3,9,"{'Thursday': 1, 'Tuesday': 1, 'Sunday': 1}","{'October': 1, 'November': 1, 'February': 1}"
8759,3,9,"{'Thursday': 1, 'Sunday': 1, 'Saturday': 1}","{'November': 1, 'December': 1, 'June': 1}"
7172,3,9,{'Thursday': 3},"{'May': 2, 'November': 1}"
6754,3,9,"{'Thursday': 1, 'Tuesday': 1, 'Saturday': 1}","{'November': 1, 'January': 1, 'April': 1}"
8952,3,9,"{'Monday': 1, 'Tuesday': 1, 'Thursday': 1}","{'March': 1, 'September': 1, 'January': 1}"
8183,3,9,"{'Thursday': 1, 'Tuesday': 1, 'Monday': 1}","{'July': 1, 'October': 1, 'June': 1}"
7632,3,9,"{'Thursday': 2, 'Wednesday': 1}","{'July': 1, 'April': 1, 'September': 1}"
1426,3,9,"{'Saturday': 1, 'Tuesday': 1, 'Thursday': 1}","{'September': 1, 'December': 1, 'January': 1}"
7363,3,9,"{'Friday': 2, 'Thursday': 1}","{'May': 1, 'December': 1, 'August': 1}"
5355,3,9,"{'Friday': 2, 'Thursday': 1}","{'May': 1, 'June': 1, 'August': 1}"
8122,3,9,"{'Thursday': 1, 'Saturday': 1, 'Monday': 1}","{'May': 1, 'November': 1, 'July': 1}"
3048,3,9,"{'Thursday': 2, 'Wednesday': 1}","{'May': 1, 'June': 1, 'December': 1}"
4974,3,9,"{'Tuesday': 1, 'Monday': 1, 'Thursday': 1}","{'October': 2, 'July': 1}"
300,3,9,"{'Sunday': 1, 'Friday': 1, 'Thursday': 1}","{'July': 1, 'March': 1, 'May': 1}"
6736,3,9,"{'Monday': 1, 'Sunday': 1, 'Thursday': 1}","{'November': 2, 'August': 1}"
3225,3,9,"{'Thursday': 1, 'Friday': 1, 'Sunday': 1}","{'November': 1, 'September': 1, 'October': 1}"
469,3,9,"{'Thursday': 1, 'Wednesday': 1, 'Monday': 1}","{'November': 1, 'December': 1, 'January': 1}"
6134,3,9,"{'Thursday': 2, 'Wednesday': 1}","{'January': 2, 'November': 1}"
1818,3,9,"{'Wednesday': 1, 'Monday': 1, 'Thursday': 1}","{'November': 2, 'August': 1}"
8114,3,9,"{'Thursday': 1, 'Wednesday': 1, 'Saturday': 1}","{'June': 2, 'September': 1}"
966,3,9,"{'Thursday': 2, 'Friday': 1}","{'May': 1, 'April': 1, 'July': 1}"
4857,3,9,"{'Thursday': 1, 'Tuesday': 1, 'Friday': 1}","{'May': 2, 'August': 1}"
8756,3,9,"{'Wednesday': 1, 'Saturday': 1, 'Thursday': 1}","{'November': 1, 'July': 1, 'March': 1}"
5160,3,9,"{'Thursday': 2, 'Friday': 1}","{'November': 1, 'March': 1, 'July': 1}"
4405,3,9,"{'Thursday': 2, 'Tuesday': 1}","{'September': 2, 'March': 1}"
3508,3,9,"{'Thursday': 1, 'Wednesday': 1, 'Sunday': 1}","{'March': 1, 'October': 1, 'August': 1}"
3426,3,9,"{'Thursday': 2, 'Monday': 1}","{'March': 1, 'February': 1, 'September': 1}"
799,3,9,"{'Thursday': 1, 'Monday': 1, 'Sunday': 1}","{'March': 1, 'December': 1, 'October': 1}"
516,3,9,"{'Thursday': 2, 'Wednesday': 1}","{'March': 1, 'July': 1, 'January': 1}"
6339,3,9,"{'Thursday': 2, 'Monday': 1}","{'November': 1, 'September': 1, 'January': 1}"
6038,3,9,"{'Tuesday': 1, 'Saturday': 1, 'Thursday': 1}","{'November': 1, 'May': 1, 'October': 1}"
774,3,9,"{'Thursday': 2, 'Monday': 1}","{'September': 1, 'March': 1, 'May': 1}"
8403,3,9,"{'Sunday': 2, 'Thursday': 1}","{'April': 1, 'July': 1, 'June': 1}"
5785,3,9,"{'Wednesday': 2, 'Thursday': 1}","{'April': 1, 'August': 1, 'September': 1}"
8235,3,9,"{'Thursday': 1, 'Monday': 1, 'Friday': 1}","{'December': 1, 'October': 1, 'September': 1}"
7729,3,9,"{'Monday': 1, 'Thursday': 1, 'Saturday': 1}","{'November': 1, 'February': 1, 'August': 1}"
7078,3,9,"{'Thursday': 1, 'Tuesday': 1, 'Wednesday': 1}","{'April': 1, 'February': 1, 'January': 1}"
1397,3,9,"{'Thursday': 1, 'Wednesday': 1, 'Monday': 1}","{'April': 1, 'May': 1, 'October': 1}"
9950,3,9,"{'Thursday': 1, 'Tuesday': 1, 'Sunday': 1}","{'September': 2, 'February': 1}"
9610,3,9,"{'Thursday': 1, 'Wednesday': 1, 'Monday': 1}","{'September': 1, 'October': 1, 'May': 1}"
9450,3,9,"{'Thursday': 1, 'Wednesday': 1, 'Sunday': 1}","{'September': 1, 'February': 1, 'June': 1}"
9458,3,9,"{'Wednesday': 1, 'Sunday': 1, 'Thursday': 1}","{'January': 1, 'July': 1, 'March': 1}"
8908,3,9,"{'Thursday': 1, 'Wednesday': 1, 'Monday': 1}","{'May': 2, 'March': 1}"
4272,3,9,"{'Thursday': 1, 'Wednesday': 1, 'Saturday': 1}","{'April': 2, 'August': 1}"
8632,3,9,"{'Thursday': 1, 'Saturday': 1, 'Wednesday': 1}","{'June': 1, 'August': 1, 'April': 1}"
3195,3,9,"{'Thursday': 2, 'Monday': 1}","{'September': 1, 'December': 1, 'June': 1}"
1132,3,9,"{'Thursday': 1, 'Monday': 1, 'Wednesday': 1}","{'September': 1, 'February': 1, 'April': 1}"
2773,3,9,"{'Thursday': 1, 'Saturday': 1, 'Sunday': 1}","{'December': 1, 'April': 1, 'June': 1}"
1244,3,9,"{'Thursday': 2, 'Wednesday': 1}","{'April': 1, 'May': 1, 'January': 1}"
4337,3,9,"{'Wednesday': 1, 'Tuesday': 1, 'Thursday': 1}","{'March': 1, 'May': 1, 'January': 1}"
3978,3,9,"{'Monday': 1, 'Friday': 1, 'Thursday': 1}","{'December': 1, 'November': 1, 'October': 1}"
7526,3,9,"{'Friday': 1, 'Sunday': 1, 'Thursday': 1}","{'August': 1, 'October': 1, 'February': 1}"
5117,3,9,"{'Friday': 1, 'Sunday': 1, 'Thursday': 1}","{'April': 1, 'September': 1, 'October': 1}"
8607,3,9,"{'Wednesday': 1, 'Thursday': 1, 'Sunday': 1}","{'April': 1, 'October': 1, 'February': 1}"
7703,3,9,"{'Wednesday': 1, 'Sunday': 1, 'Thursday': 1}","{'April': 1, 'March': 1, 'January': 1}"
2804,3,9,"{'Wednesday': 1, 'Thursday': 1, 'Sunday': 1}","{'April': 1, 'July': 1, 'August': 1}"
3402,3,9,"{'Tuesday': 1, 'Thursday': 1, 'Saturday': 1}","{'April': 1, 'July': 1, 'May': 1}"
5859,3,9,"{'Thursday': 1, 'Sunday': 1, 'Friday': 1}","{'September': 1, 'October': 1, 'August': 1}"
1605,3,9,"{'Thursday': 2, 'Saturday': 1}","{'December': 1, 'March': 1, 'August': 1}"
9171,3,9,"{'Wednesday': 1, 'Thursday': 1, 'Monday': 1}","{'December': 1, 'May': 1, 'April': 1}"
8878,3,9,"{'Thursday': 2, 'Tuesday': 1}","{'December': 1, 'September': 1, 'November': 1}"
6032,3,9,"{'Tuesday': 1, 'Friday': 1, 'Thursday': 1}","{'December': 1, 'April': 1, 'August': 1}"
4601,3,9,"{'Monday': 1, 'Thursday': 1, 'Tuesday': 1}","{'April': 1, 'August': 1, 'July': 1}"
8240,3,9,"{'Thursday': 1, 'Saturday': 1, 'Friday': 1}","{'March': 1, 'April': 1, 'May': 1}"
7392,3,9,"{'Thursday': 2, 'Friday': 1}","{'April': 2, 'February': 1}"
5602,3,9,"{'Thursday': 1, 'Monday': 1, 'Wednesday': 1}","{'February': 1, 'April': 1, 'September': 1}"
5471,3,9,"{'Thursday': 2, 'Monday': 1}",{'February': 3}
8736,3,9,"{'Wednesday': 1, 'Tuesday': 1, 'Thursday': 1}","{'February': 1, 'April': 1, 'October': 1}"
2941,3,9,"{'Thursday': 1, 'Friday': 1, 'Monday': 1}","{'April': 2, 'December': 1}"
2113,3,9,"{'Tuesday': 2, 'Thursday': 1}","{'April': 1, 'June': 1, 'January': 1}"
3224,3,9,"{'Friday': 1, 'Thursday': 1, 'Wednesday': 1}","{'October': 1, 'February': 1, 'September': 1}"
6563,3,9,"{'Thursday': 1, 'Saturday': 1, 'Friday': 1}","{'September': 1, 'October': 1, 'February': 1}"
4911,3,9,"{'Wednesday': 1, 'Monday': 1, 'Thursday': 1}","{'April': 1, 'August': 1, 'September': 1}"
3336,3,9,"{'Thursday': 1, 'Tuesday': 1, 'Monday': 1}","{'September': 1, 'January': 1, 'August': 1}"
1423,3,9,"{'Tuesday': 1, 'Friday': 1, 'Thursday': 1}","{'April': 1, 'October': 1, 'February': 1}"
4964,3,9,"{'Thursday': 1, 'Friday': 1, 'Monday': 1}","{'September': 1, 'February': 1, 'June': 1}"
7541,3,9,"{'Wednesday': 1, 'Saturday': 1, 'Thursday': 1}","{'September': 1, 'December': 1, 'April': 1}"
6871,3,9,"{'Wednesday': 1, 'Thursday': 1, 'Monday': 1}","{'September': 1, 'June': 1, 'July': 1}"
9764,3,9,"{'Thursday': 2, 'Wednesday': 1}","{'March': 1, 'June': 1, 'October': 1}"
7496,3,9,"{'Thursday': 1, 'Tuesday': 1, 'Saturday': 1}","{'November': 2, 'March': 1}"
572,3,9,"{'Monday': 1, 'Thursday': 1, 'Wednesday': 1}","{'March': 1, 'October': 1, 'August': 1}"
5147,3,9,"{'Tuesday': 1, 'Wednesday': 1, 'Thursday': 1}","{'December': 2, 'October': 1}"
5508,3,9,"{'Thursday': 1, 'Saturday': 1, 'Monday': 1}","{'March': 1, 'May': 1, 'October': 1}"
5209,3,9,"{'Wednesday': 1, 'Saturday': 1, 'Thursday': 1}","{'March': 1, 'August': 1, 'February': 1}"
2666,3,9,"{'Monday': 1, 'Thursday': 1, 'Sunday': 1}","{'November': 1, 'September': 1, 'July': 1}"
1540,3,9,"{'Wednesday': 2, 'Thursday': 1}","{'December': 1, 'February': 1, 'July': 1}"
1117,3,9,"{'Thursday': 2, 'Monday': 1}","{'December': 1, 'February': 1, 'January': 1}"
7406,3,9,"{'Monday': 1, 'Wednesday': 1, 'Thursday': 1}","{'March': 2, 'September': 1}"
2472,3,9,"{'Monday': 1, 'Thursday': 1, 'Tuesday': 1}","{'March': 1, 'June': 1, 'December': 1}"
9945,3,9,"{'Saturday': 1, 'Thursday': 1, 'Wednesday': 1}","{'March': 2, 'July': 1}"
6201,3,9,"{'Thursday': 2, 'Saturday': 1}","{'September': 1, 'June': 1, 'October': 1}"
5087,3,9,"{'Thursday': 2, 'Sunday': 1}","{'September': 1, 'October': 1, 'December': 1}"
3972,3,9,"{'Thursday': 2, 'Tuesday': 1}","{'September': 1, 'April': 1, 'July': 1}"
1232,3,9,"{'Thursday': 1, 'Wednesday': 1, 'Monday': 1}","{'September': 2, 'February': 1}"
1477,3,9,"{'Tuesday': 1, 'Monday': 1, 'Thursday': 1}","{'March': 1, 'November': 1, 'June': 1}"
1754,3,9,"{'Thursday': 2, 'Tuesday': 1}","{'September': 1, 'May': 1, 'March': 1}"
579,3,9,"{'Monday': 1, 'Tuesday': 1, 'Thursday': 1}","{'September': 1, 'July': 1, 'March': 1}"
3149,3,9,"{'Wednesday': 1, 'Monday': 1, 'Thursday': 1}","{'December': 1, 'June': 1, 'November': 1}"
7638,3,9,"{'Thursday': 1, 'Saturday': 1, 'Monday': 1}","{'December': 1, 'October': 1, 'June': 1}"
1045,3,9,"{'Thursday': 1, 'Friday': 1, 'Saturday': 1}","{'December': 1, 'June': 1, 'July': 1}"
755,3,9,"{'Sunday': 1, 'Monday': 1, 'Thursday': 1}","{'March': 1, 'April': 1, 'October': 1}"
3598,3,9,"{'Wednesday': 1, 'Saturday': 1, 'Thursday': 1}","{'March': 1, 'April': 1, 'June': 1}"
8846,3,9,"{'Thursday': 1, 'Monday': 1, 'Friday': 1}","{'February': 1, 'April': 1, 'June': 1}"
1548,3,9,"{'Saturday': 1, 'Sunday': 1, 'Thursday': 1}","{'December': 1, 'October': 1, 'March': 1}"
742,3,9,"{'Sunday': 1, 'Thursday': 1, 'Wednesday': 1}","{'April': 2, 'September': 1}"
7335,3,9,"{'Thursday': 1, 'Sunday': 1, 'Tuesday': 1}","{'June': 1, 'August': 1, 'January': 1}"
8669,3,9,"{'Thursday': 1, 'Saturday': 1, 'Sunday': 1}","{'September': 2, 'April': 1}"
3957,3,9,"{'Thursday': 2, 'Saturday': 1}","{'September': 1, 'November': 1, 'May': 1}"
8283,3,9,"{'Wednesday': 1, 'Thursday': 1, 'Saturday': 1}","{'May': 2, 'September': 1}"
3551,3,9,"{'Monday': 1, 'Friday': 1, 'Thursday': 1}","{'March': 1, 'July': 1, 'November': 1}"
7520,3,9,"{'Sunday': 1, 'Friday': 1, 'Thursday': 1}","{'March': 1, 'September': 1, 'October': 1}"
8233,3,9,"{'Wednesday': 1, 'Friday': 1, 'Thursday': 1}","{'March': 1, 'November': 1, 'September': 1}"
1409,3,9,"{'Wednesday': 1, 'Saturday': 1, 'Thursday': 1}","{'December': 2, 'April': 1}"
667,3,9,"{'Wednesday': 1, 'Friday': 1, 'Thursday': 1}","{'December': 1, 'July': 1, 'April': 1}"
547,3,9,"{'Wednesday': 1, 'Thursday': 1, 'Friday': 1}","{'December': 1, 'February': 1, 'June': 1}"
4079,3,9,"{'Monday': 1, 'Sunday': 1, 'Thursday': 1}","{'July': 2, 'March': 1}"
9893,3,9,"{'Thursday': 1, 'Sunday': 1, 'Saturday': 1}","{'March': 1, 'April': 1, 'October': 1}"
5348,3,9,"{'Thursday': 2, 'Sunday': 1}","{'March': 1, 'January': 1, 'February': 1}"
7054,3,9,"{'Thursday': 1, 'Wednesday': 1, 'Friday': 1}","{'December': 1, 'January': 1, 'March': 1}"
4552,3,9,"{'Thursday': 1, 'Saturday': 1, 'Sunday': 1}","{'December': 1, 'April': 1, 'February': 1}"
3639,3,9,"{'Thursday': 1, 'Wednesday': 1, 'Saturday': 1}","{'December': 1, 'February': 1, 'April': 1}"
7716,3,9,"{'Wednesday': 1, 'Thursday': 1, 'Sunday': 1}","{'August': 2, 'December': 1}"
686,3,9,"{'Wednesday': 2, 'Thursday': 1}","{'July': 2, 'March': 1}"
3896,3,9,"{'Monday': 2, 'Thursday': 1}","{'March': 1, 'October': 1, 'January': 1}"
7863,3,9,"{'Saturday': 1, 'Thursday': 1, 'Sunday': 1}","{'October': 1, 'August': 1, 'September': 1}"
4134,3,9,"{'Wednesday': 2, 'Thursday': 1}","{'January': 1, 'November': 1, 'October': 1}"
7472,3,9,"{'Thursday': 1, 'Sunday': 1, 'Monday': 1}","{'December': 1, 'August': 1, 'July': 1}"
3412,3,9,"{'Saturday': 1, 'Thursday': 1, 'Wednesday': 1}","{'October': 1, 'January': 1, 'December': 1}"
9466,3,9,"{'Sunday': 1, 'Saturday': 1, 'Thursday': 1}","{'March': 1, 'June': 1, 'September': 1}"
1514,3,9,"{'Thursday': 2, 'Sunday': 1}","{'March': 1, 'April': 1, 'August': 1}"
8723,3,9,"{'Tuesday': 1, 'Friday': 1, 'Thursday': 1}","{'February': 1, 'March': 1, 'July': 1}"
2101,3,9,"{'Thursday': 2, 'Tuesday': 1}","{'February': 1, 'April': 1, 'August': 1}"
1979,3,9,"{'Saturday': 1, 'Friday': 1, 'Thursday': 1}","{'December': 1, 'November': 1, 'March': 1}"
6456,3,9,"{'Friday': 1, 'Monday': 1, 'Thursday': 1}","{'December': 1, 'January': 1, 'October': 1}"
6254,3,9,"{'Thursday': 1, 'Wednesday': 1, 'Friday': 1}","{'March': 1, 'February': 1, 'August': 1}"
1028,3,9,"{'Wednesday': 1, 'Thursday': 1, 'Sunday': 1}","{'February': 1, 'November': 1, 'October': 1}"
2683,3,9,"{'Tuesday': 1, 'Wednesday': 1, 'Thursday': 1}","{'May': 2, 'February': 1}"
1538,3,9,"{'Thursday': 1, 'Saturday': 1, 'Sunday': 1}","{'February': 1, 'December': 1, 'November': 1}"
2726,3,9,"{'Tuesday': 2, 'Thursday': 1}","{'December': 1, 'March': 1, 'January': 1}"
3605,3,9,"{'Monday': 1, 'Sunday': 1, 'Thursday': 1}","{'September': 2, 'January': 1}"
4903,3,9,"{'Wednesday': 2, 'Thursday': 1}","{'December': 1, 'January': 1, 'March': 1}"
1412,3,9,"{'Sunday': 1, 'Saturday': 1, 'Thursday': 1}","{'August': 2, 'February': 1}"
7748,3,9,"{'Wednesday': 2, 'Thursday': 1}","{'March': 2, 'February': 1}"
3991,3,9,"{'Wednesday': 1, 'Sunday': 1, 'Thursday': 1}","{'September': 2, 'March': 1}"
517,3,9,"{'Friday': 2, 'Thursday': 1}","{'October': 1, 'March': 1, 'June': 1}"
8851,3,9,"{'Monday': 1, 'Wednesday': 1, 'Thursday': 1}","{'September': 1, 'December': 1, 'January': 1}"
2185,3,9,"{'Saturday': 2, 'Thursday': 1}","{'August': 1, 'June': 1, 'September': 1}"
301,3,9,"{'Saturday': 1, 'Thursday': 1, 'Monday': 1}","{'August': 2, 'November': 1}"
9926,3,9,"{'Saturday': 1, 'Thursday': 1, 'Wednesday': 1}","{'July': 1, 'December': 1, 'April': 1}"
8992,3,9,{'Thursday': 3},"{'March': 1, 'September': 1, 'October': 1}"
8838,3,9,"{'Thursday': 1, 'Monday': 1, 'Friday': 1}","{'March': 1, 'May': 1, 'September': 1}"
7465,3,9,"{'Tuesday': 1, 'Thursday': 1, 'Saturday': 1}","{'February': 2, 'July': 1}"
328,3,9,"{'Thursday': 1, 'Tuesday': 1, 'Friday': 1}","{'November': 2, 'December': 1}"
8854,3,9,"{'Wednesday': 2, 'Thursday': 1}","{'December': 1, 'September': 1, 'March': 1}"
7012,3,9,"{'Thursday': 1, 'Wednesday': 1, 'Saturday': 1}","{'December': 1, 'July': 1, 'August': 1}"
1322,3,9,"{'Monday': 2, 'Thursday': 1}","{'January': 2, 'February': 1}"
9897,3,9,"{'Wednesday': 1, 'Saturday': 1, 'Thursday': 1}","{'December': 1, 'February': 1, 'October': 1}"
4291,3,9,"{'Friday': 2, 'Thursday': 1}","{'March': 1, 'July': 1, 'September': 1}"
9143,3,9,"{'Thursday': 2, 'Tuesday': 1}","{'January': 1, 'February': 1, 'June': 1}"
1726,3,9,"{'Thursday': 2, 'Wednesday': 1}","{'January': 1, 'September': 1, 'July': 1}"
41,3,9,"{'Thursday': 2, 'Friday': 1}","{'January': 1, 'May': 1, 'September': 1}"
7612,3,9,"{'Wednesday': 1, 'Thursday': 1, 'Sunday': 1}","{'January': 1, 'March': 1, 'May': 1}"
8427,3,9,"{'Saturday': 2, 'Thursday': 1}","{'January': 1, 'March': 1, 'May': 1}"
1158,3,9,"{'Thursday': 2, 'Wednesday': 1}","{'February': 1, 'October': 1, 'April': 1}"
8895,3,9,"{'Friday': 1, 'Saturday': 1, 'Thursday': 1}","{'July': 2, 'December': 1}"
771,3,9,"{'Thursday': 1, 'Sunday': 1, 'Saturday': 1}","{'February': 1, 'August': 1, 'November': 1}"
2156,3,9,"{'Wednesday': 2, 'Thursday': 1}","{'September': 2, 'August': 1}"
1015,3,9,"{'Saturday': 1, 'Thursday': 1, 'Tuesday': 1}","{'September': 1, 'November': 1, 'January': 1}"
3745,3,9,"{'Wednesday': 1, 'Thursday': 1, 'Saturday': 1}","{'July': 2, 'February': 1}"
1838,3,9,"{'Monday': 2, 'Thursday': 1}","{'January': 1, 'September': 1, 'March': 1}"
9277,3,9,"{'Monday': 1, 'Thursday': 1, 'Saturday': 1}","{'October': 2, 'February': 1}"
7941,3,9,"{'Monday': 1, 'Thursday': 1, 'Wednesday': 1}","{'February': 1, 'September': 1, 'January': 1}"
6144,3,9,"{'Friday': 1, 'Tuesday': 1, 'Thursday': 1}","{'February': 1, 'April': 1, 'June': 1}"
961,3,9,"{'Thursday': 1, 'Tuesday': 1, 'Friday': 1}","{'May': 1, 'April': 1, 'July': 1}"
8670,3,9,"{'Tuesday': 2, 'Thursday': 1}","{'September': 2, 'January': 1}"
5714,3,9,"{'Friday': 2, 'Thursday': 1}","{'February': 1, 'April': 1, 'June': 1}"
6399,3,9,"{'Thursday': 1, 'Wednesday': 1, 'Tuesday': 1}","{'March': 1, 'December': 1, 'April': 1}"
5789,3,9,"{'Monday': 1, 'Saturday': 1, 'Thursday': 1}","{'March': 1, 'January': 1, 'February': 1}"
204,3,9,"{'Friday': 1, 'Saturday': 1, 'Thursday': 1}","{'January': 2, 'December': 1}"
9677,3,9,"{'Wednesday': 2, 'Thursday': 1}","{'January': 1, 'December': 1, 'October': 1}"
9563,3,9,"{'Thursday': 2, 'Tuesday': 1}","{'January': 1, 'April': 1, 'February': 1}"
1807,3,9,"{'Tuesday': 1, 'Thursday': 1, 'Wednesday': 1}","{'January': 1, 'June': 1, 'July': 1}"
9160,3,9,"{'Wednesday': 1, 'Thursday': 1, 'Saturday': 1}","{'February': 1, 'August': 1, 'June': 1}"
2308,3,9,"{'Wednesday': 1, 'Thursday': 1, 'Friday': 1}","{'February': 1, 'May': 1, 'August': 1}"
3127,3,9,"{'Thursday': 2, 'Wednesday': 1}","{'January': 1, 'February': 1, 'May': 1}"
4537,3,9,"{'Thursday': 2, 'Saturday': 1}","{'September': 1, 'June': 1, 'January': 1}"
251,3,9,"{'Wednesday': 1, 'Friday': 1, 'Thursday': 1}","{'September': 1, 'December': 1, 'August': 1}"
7567,3,9,"{'Monday': 1, 'Thursday': 1, 'Wednesday': 1}","{'January': 1, 'February': 1, 'July': 1}"
2985,3,9,"{'Saturday': 1, 'Wednesday': 1, 'Thursday': 1}","{'January': 1, 'April': 1, 'August': 1}"
3474,3,9,"{'Friday': 1, 'Thursday': 1, 'Saturday': 1}","{'October': 1, 'April': 1, 'December': 1}"
8902,3,9,"{'Thursday': 2, 'Friday': 1}","{'October': 1, 'January': 1, 'August': 1}"
3798,3,9,"{'Monday': 1, 'Saturday': 1, 'Thursday': 1}","{'September': 1, 'October': 1, 'April': 1}"
5562,3,9,"{'Tuesday': 1, 'Thursday': 1, 'Monday': 1}","{'January': 1, 'June': 1, 'July': 1}"
3332,3,9,"{'Thursday': 1, 'Friday': 1, 'Monday': 1}","{'September': 1, 'March': 1, 'November': 1}"
3125,3,9,"{'Wednesday': 1, 'Tuesday': 1, 'Thursday': 1}","{'February': 2, 'January': 1}"
3118,3,9,"{'Thursday': 1, 'Wednesday': 1, 'Saturday': 1}","{'November': 1, 'March': 1, 'September': 1}"
7680,3,9,"{'Thursday': 1, 'Friday': 1, 'Sunday': 1}","{'January': 1, 'March': 1, 'April': 1}"
6411,3,9,"{'Thursday': 1, 'Sunday': 1, 'Monday': 1}","{'January': 2, 'August': 1}"
4662,3,9,"{'Tuesday': 1, 'Thursday': 1, 'Monday': 1}","{'March': 1, 'May': 1, 'September': 1}"
88,3,9,"{'Wednesday': 1, 'Thursday': 1, 'Friday': 1}","{'January': 1, 'June': 1, 'July': 1}"
9255,3,9,"{'Friday': 1, 'Thursday': 1, 'Saturday': 1}","{'March': 2, 'January': 1}"
331,3,9,"{'Saturday': 1, 'Thursday': 1, 'Sunday': 1}","{'December': 2, 'July': 1}"
4350,3,9,"{'Saturday': 1, 'Tuesday': 1, 'Thursday': 1}","{'January': 1, 'May': 1, 'November': 1}"
6902,3,9,"{'Thursday': 1, 'Friday': 1, 'Sunday': 1}","{'January': 1, 'July': 1, 'June': 1}"
6854,3,9,"{'Monday': 2, 'Thursday': 1}","{'January': 1, 'September': 1, 'December': 1}"
298,3,9,"{'Thursday': 1, 'Wednesday': 1, 'Saturday': 1}","{'March': 1, 'July': 1, 'February': 1}"
6639,3,9,"{'Thursday': 1, 'Saturday': 1, 'Monday': 1}","{'December': 1, 'September': 1, 'February': 1}"
6301,3,9,"{'Friday': 1, 'Wednesday': 1, 'Thursday': 1}","{'September': 2, 'August': 1}"
8385,3,9,"{'Friday': 1, 'Wednesday': 1, 'Thursday': 1}","{'September': 2, 'November': 1}"
8859,3,9,"{'Monday': 1, 'Saturday': 1, 'Thursday': 1}","{'January': 1, 'May': 1, 'December': 1}"
7740,3,9,"{'Thursday': 2, 'Monday': 1}","{'January': 2, 'May': 1}"
4471,3,9,"{'Thursday': 2, 'Saturday': 1}","{'January': 1, 'February': 1, 'November': 1}"
7438,3,9,"{'Sunday': 1, 'Monday': 1, 'Thursday': 1}","{'December': 1, 'November': 1, 'May': 1}"
3825,3,9,"{'Tuesday': 2, 'Thursday': 1}","{'January': 1, 'November': 1, 'February': 1}"
1279,3,9,"{'Friday': 1, 'Thursday': 1, 'Wednesday': 1}","{'September': 1, 'February': 1, 'March': 1}"
815,3,9,"{'Friday': 2, 'Thursday': 1}","{'September': 1, 'June': 1, 'March': 1}"
7846,3,9,"{'Thursday': 1, 'Friday': 1, 'Tuesday': 1}","{'September': 1, 'November': 1, 'July': 1}"
1578,3,9,"{'Monday': 1, 'Thursday': 1, 'Saturday': 1}","{'April': 2, 'January': 1}"
8969,3,9,"{'Thursday': 1, 'Tuesday': 1, 'Monday': 1}","{'January': 1, 'May': 1, 'October': 1}"
4931,3,9,"{'Saturday': 1, 'Thursday': 1, 'Sunday': 1}","{'December': 1, 'November': 1, 'January': 1}"
8806,3,9,"{'Thursday': 1, 'Tuesday': 1, 'Wednesday': 1}","{'December': 1, 'April': 1, 'October': 1}"
400,3,9,"{'Wednesday': 1, 'Tuesday': 1, 'Thursday': 1}","{'August': 2, 'February': 1}"
7356,3,9,"{'Tuesday': 1, 'Thursday': 1, 'Monday': 1}","{'February': 1, 'April': 1, 'August': 1}"
3747,3,9,"{'Thursday': 2, 'Saturday': 1}","{'October': 2, 'September': 1}"
5139,3,9,"{'Thursday': 2, 'Wednesday': 1}","{'November': 2, 'March': 1}"
7346,3,9,"{'Thursday': 1, 'Monday': 1, 'Friday': 1}","{'March': 1, 'January': 1, 'February': 1}"
4826,3,9,"{'Tuesday': 1, 'Monday': 1, 'Thursday': 1}","{'February': 1, 'September': 1, 'April': 1}"
3886,3,9,"{'Tuesday': 1, 'Thursday': 1, 'Wednesday': 1}","{'February': 1, 'March': 1, 'July': 1}"
8962,3,9,{'Thursday': 3},"{'February': 1, 'April': 1, 'September': 1}"
8918,3,9,"{'Thursday': 1, 'Saturday': 1, 'Friday': 1}","{'February': 1, 'October': 1, 'August': 1}"
3229,3,9,"{'Saturday': 2, 'Thursday': 1}","{'February': 1, 'March': 1, 'July': 1}"
5354,3,9,"{'Friday': 1, 'Thursday': 1, 'Sunday': 1}","{'December': 2, 'May': 1}"
9499,3,9,"{'Thursday': 1, 'Wednesday': 1, 'Saturday': 1}","{'December': 1, 'January': 1, 'September': 1}"
9362,3,9,"{'Thursday': 2, 'Monday': 1}","{'July': 2, 'December': 1}"
289,3,9,"{'Wednesday': 1, 'Thursday': 1, 'Friday': 1}","{'December': 1, 'January': 1, 'March': 1}"
2402,3,9,"{'Thursday': 2, 'Saturday': 1}","{'February': 1, 'May': 1, 'June': 1}"
4092,3,9,"{'Saturday': 2, 'Thursday': 1}","{'September': 1, 'January': 1, 'June': 1}"
1931,3,9,"{'Tuesday': 1, 'Sunday': 1, 'Thursday': 1}","{'March': 1, 'December': 1, 'July': 1}"
2355,3,9,"{'Saturday': 1, 'Thursday': 1, 'Sunday': 1}","{'December': 2, 'February': 1}"
1858,3,9,"{'Thursday': 1, 'Sunday': 1, 'Friday': 1}","{'May': 2, 'April': 1}"
7657,3,9,"{'Wednesday': 1, 'Tuesday': 1, 'Thursday': 1}","{'May': 1, 'December': 1, 'June': 1}"
5459,3,9,"{'Tuesday': 1, 'Sunday': 1, 'Thursday': 1}","{'May': 1, 'November': 1, 'September': 1}"
8732,3,9,"{'Monday': 2, 'Thursday': 1}","{'January': 1, 'March': 1, 'October': 1}"
5081,3,9,"{'Monday': 1, 'Thursday': 1, 'Friday': 1}","{'September': 2, 'January': 1}"
1167,3,9,"{'Sunday': 1, 'Monday': 1, 'Thursday': 1}","{'December': 2, 'February': 1}"
1881,3,9,"{'Monday': 2, 'Thursday': 1}","{'August': 2, 'December': 1}"
9599,3,9,"{'Saturday': 1, 'Thursday': 1, 'Tuesday': 1}","{'August': 1, 'November': 1, 'May': 1}"
9493,3,9,"{'Saturday': 1, 'Sunday': 1, 'Thursday': 1}","{'June': 2, 'August': 1}"
9172,3,9,"{'Saturday': 1, 'Wednesday': 1, 'Thursday': 1}","{'August': 1, 'October': 1, 'March': 1}"
9196,3,9,"{'Thursday': 2, 'Monday': 1}","{'February': 1, 'June': 1, 'November': 1}"
7556,3,9,"{'Thursday': 1, 'Wednesday': 1, 'Saturday': 1}","{'February': 1, 'August': 1, 'October': 1}"
872,3,9,"{'Monday': 1, 'Saturday': 1, 'Thursday': 1}","{'December': 2, 'March': 1}"
9593,3,9,"{'Sunday': 2, 'Thursday': 1}","{'February': 1, 'March': 1, 'August': 1}"
7187,3,9,"{'Tuesday': 1, 'Thursday': 1, 'Sunday': 1}","{'February': 1, 'July': 1, 'December': 1}"
7241,3,9,"{'Monday': 1, 'Tuesday': 1, 'Thursday': 1}","{'February': 1, 'September': 1, 'December': 1}"
2746,3,9,{'Thursday': 3},"{'December': 1, 'July': 1, 'August': 1}"
1903,3,9,"{'Tuesday': 2, 'Thursday': 1}","{'March': 1, 'February': 1, 'May': 1}"
4290,3,9,"{'Thursday': 2, 'Saturday': 1}","{'March': 1, 'August': 1, 'April': 1}"
7093,3,9,"{'Wednesday': 1, 'Thursday': 1, 'Sunday': 1}","{'December': 1, 'February': 1, 'September': 1}"
5233,3,9,"{'Monday': 1, 'Wednesday': 1, 'Thursday': 1}","{'February': 1, 'August': 1, 'June': 1}"
5193,3,9,"{'Saturday': 2, 'Thursday': 1}","{'February': 1, 'March': 1, 'July': 1}"
1198,3,9,"{'Thursday': 1, 'Tuesday': 1, 'Saturday': 1}","{'February': 2, 'April': 1}"
9347,3,9,"{'Wednesday': 1, 'Monday': 1, 'Thursday': 1}","{'July': 2, 'February': 1}"
2982,3,9,"{'Tuesday': 2, 'Thursday': 1}","{'February': 1, 'July': 1, 'October': 1}"
7809,3,9,"{'Monday': 1, 'Thursday': 1, 'Wednesday': 1}","{'February': 1, 'March': 1, 'December': 1}"
2292,3,9,"{'Tuesday': 1, 'Thursday': 1, 'Monday': 1}","{'December': 1, 'October': 1, 'April': 1}"
1141,3,9,"{'Monday': 1, 'Thursday': 1, 'Friday': 1}","{'January': 1, 'July': 1, 'December': 1}"
2904,3,9,"{'Thursday': 1, 'Saturday': 1, 'Friday': 1}","{'August': 2, 'April': 1}"
6691,3,9,"{'Friday': 1, 'Sunday': 1, 'Thursday': 1}","{'February': 1, 'January': 1, 'June': 1}"
3116,3,9,"{'Thursday': 1, 'Wednesday': 1, 'Sunday': 1}","{'December': 1, 'August': 1, 'March': 1}"
6146,3,9,"{'Wednesday': 1, 'Thursday': 1, 'Monday': 1}","{'November': 1, 'January': 1, 'August': 1}"
8168,3,9,"{'Thursday': 1, 'Tuesday': 1, 'Monday': 1}","{'September': 1, 'December': 1, 'April': 1}"
6794,3,9,"{'Thursday': 1, 'Friday': 1, 'Sunday': 1}","{'September': 2, 'October': 1}"
4519,3,9,"{'Thursday': 1, 'Sunday': 1, 'Saturday': 1}","{'May': 1, 'June': 1, 'July': 1}"
3697,3,9,"{'Thursday': 2, 'Monday': 1}","{'November': 2, 'June': 1}"
7750,3,9,"{'Sunday': 2, 'Thursday': 1}","{'December': 1, 'January': 1, 'May': 1}"
1640,3,9,"{'Saturday': 1, 'Thursday': 1, 'Friday': 1}","{'December': 1, 'April': 1, 'October': 1}"
7850,3,9,"{'Saturday': 2, 'Thursday': 1}","{'February': 2, 'November': 1}"
1269,3,9,"{'Tuesday': 1, 'Friday': 1, 'Thursday': 1}","{'July': 2, 'February': 1}"
6282,3,9,"{'Monday': 1, 'Sunday': 1, 'Thursday': 1}","{'February': 1, 'December': 1, 'July': 1}"
9532,3,9,"{'Monday': 2, 'Thursday': 1}","{'August': 1, 'October': 1, 'September': 1}"
6695,3,9,"{'Thursday': 1, 'Friday': 1, 'Tuesday': 1}","{'September': 1, 'October': 1, 'March': 1}"
6427,3,9,{'Thursday': 3},"{'September': 1, 'March': 1, 'July': 1}"
4733,3,9,"{'Friday': 1, 'Thursday': 1, 'Wednesday': 1}","{'February': 1, 'March': 1, 'December': 1}"
459,3,9,"{'Thursday': 2, 'Tuesday': 1}","{'February': 2, 'July': 1}"
6014,3,9,"{'Wednesday': 2, 'Thursday': 1}","{'August': 2, 'February': 1}"
5050,3,9,"{'Wednesday': 2, 'Thursday': 1}","{'February': 1, 'September': 1, 'August': 1}"
9198,3,9,"{'Thursday': 1, 'Monday': 1, 'Wednesday': 1}","{'August': 1, 'February': 1, 'January': 1}"
9530,3,9,"{'Thursday': 1, 'Friday': 1, 'Tuesday': 1}","{'December': 1, 'November': 1, 'May': 1}"
4809,3,9,"{'Thursday': 1, 'Saturday': 1, 'Tuesday': 1}","{'August': 2, 'December': 1}"
2853,3,9,"{'Friday': 2, 'Thursday': 1}","{'December': 2, 'August': 1}"
6704,3,9,"{'Wednesday': 2, 'Thursday': 1}","{'March': 2, 'November': 1}"
2710,3,9,"{'Wednesday': 1, 'Tuesday': 1, 'Thursday': 1}","{'March': 2, 'January': 1}"
550,3,9,"{'Thursday': 2, 'Saturday': 1}","{'November': 1, 'March': 1, 'May': 1}"
9488,3,9,"{'Monday': 1, 'Sunday': 1, 'Thursday': 1}","{'February': 1, 'July': 1, 'December': 1}"
7449,3,9,"{'Monday': 2, 'Thursday': 1}","{'March': 2, 'September': 1}"
6117,3,9,"{'Monday': 1, 'Friday': 1, 'Thursday': 1}","{'September': 1, 'November': 1, 'October': 1}"
7370,3,9,"{'Thursday': 2, 'Monday': 1}","{'December': 1, 'July': 1, 'April': 1}"
5105,3,9,"{'Monday': 1, 'Saturday': 1, 'Thursday': 1}","{'December': 2, 'February': 1}"
8529,3,9,"{'Friday': 2, 'Thursday': 1}","{'April': 1, 'June': 1, 'July': 1}"
7152,3,9,"{'Friday': 1, 'Thursday': 1, 'Wednesday': 1}","{'March': 1, 'April': 1, 'December': 1}"
9351,3,9,"{'Thursday': 1, 'Sunday': 1, 'Wednesday': 1}","{'March': 1, 'September': 1, 'June': 1}"
5886,3,9,"{'Thursday': 2, 'Saturday': 1}","{'November': 1, 'December': 1, 'June': 1}"
3670,3,9,"{'Tuesday': 1, 'Friday': 1, 'Thursday': 1}","{'March': 1, 'September': 1, 'November': 1}"
4298,3,9,"{'Thursday': 2, 'Wednesday': 1}","{'February': 2, 'November': 1}"
1949,3,9,"{'Wednesday': 1, 'Thursday': 1, 'Saturday': 1}","{'November': 1, 'March': 1, 'September': 1}"
7659,3,9,"{'Saturday': 2, 'Thursday': 1}","{'November': 1, 'August': 1, 'February': 1}"
7699,3,9,"{'Friday': 1, 'Saturday': 1, 'Thursday': 1}","{'January': 1, 'February': 1, 'August': 1}"
6093,3,9,"{'Thursday': 1, 'Tuesday': 1, 'Monday': 1}","{'November': 1, 'April': 1, 'June': 1}"
1974,3,9,"{'Thursday': 1, 'Friday': 1, 'Tuesday': 1}","{'November': 1, 'April': 1, 'June': 1}"
8461,3,9,"{'Wednesday': 2, 'Thursday': 1}","{'November': 1, 'May': 1, 'September': 1}"
7104,3,9,"{'Wednesday': 1, 'Tuesday': 1, 'Thursday': 1}","{'November': 1, 'April': 1, 'September': 1}"
6803,3,9,"{'Thursday': 2, 'Wednesday': 1}","{'November': 1, 'August': 1, 'December': 1}"
3475,3,9,"{'Friday': 1, 'Thursday': 1, 'Wednesday': 1}","{'November': 1, 'May': 1, 'August': 1}"
273,3,9,"{'Wednesday': 1, 'Friday': 1, 'Thursday': 1}","{'August': 1, 'June': 1, 'January': 1}"
9529,3,9,"{'Friday': 1, 'Wednesday': 1, 'Thursday': 1}","{'August': 1, 'February': 1, 'March': 1}"
8333,3,9,"{'Friday': 1, 'Thursday': 1, 'Wednesday': 1}","{'August': 2, 'April': 1}"
4508,3,9,"{'Thursday': 1, 'Monday': 1, 'Tuesday': 1}","{'March': 1, 'November': 1, 'August': 1}"
8160,3,9,"{'Wednesday': 1, 'Monday': 1, 'Thursday': 1}","{'March': 1, 'August': 1, 'June': 1}"
4146,3,9,"{'Wednesday': 1, 'Thursday': 1, 'Saturday': 1}","{'March': 1, 'April': 1, 'December': 1}"
1561,3,9,"{'Thursday': 2, 'Wednesday': 1}","{'March': 1, 'January': 1, 'August': 1}"
378,3,9,"{'Friday': 2, 'Thursday': 1}","{'August': 2, 'March': 1}"
2140,3,9,"{'Saturday': 1, 'Friday': 1, 'Thursday': 1}","{'March': 1, 'May': 1, 'January': 1}"
941,3,9,"{'Monday': 1, 'Thursday': 1, 'Tuesday': 1}","{'March': 1, 'October': 1, 'November': 1}"
4129,3,9,"{'Tuesday': 1, 'Thursday': 1, 'Wednesday': 1}","{'November': 1, 'October': 1, 'July': 1}"
8042,3,9,"{'Friday': 1, 'Thursday': 1, 'Tuesday': 1}","{'November': 1, 'August': 1, 'September': 1}"
2643,3,9,"{'Thursday': 2, 'Saturday': 1}","{'March': 1, 'November': 1, 'July': 1}"
4913,3,9,"{'Saturday': 2, 'Thursday': 1}","{'September': 1, 'November': 1, 'July': 1}"
1610,3,9,"{'Thursday': 1, 'Saturday': 1, 'Friday': 1}","{'March': 1, 'October': 1, 'July': 1}"
4173,3,9,"{'Saturday': 1, 'Monday': 1, 'Thursday': 1}","{'February': 1, 'May': 1, 'July': 1}"
9151,3,9,"{'Friday': 2, 'Thursday': 1}","{'February': 1, 'January': 1, 'October': 1}"
1149,3,9,"{'Thursday': 1, 'Monday': 1, 'Friday': 1}","{'March': 1, 'October': 1, 'May': 1}"
6510,3,9,"{'Saturday': 1, 'Thursday': 1, 'Monday': 1}","{'November': 1, 'June': 1, 'August': 1}"
1392,3,9,"{'Thursday': 1, 'Saturday': 1, 'Friday': 1}","{'November': 1, 'July': 1, 'March': 1}"
3706,3,9,"{'Wednesday': 1, 'Sunday': 1, 'Thursday': 1}","{'August': 1, 'May': 1, 'January': 1}"
1312,3,9,"{'Friday': 1, 'Thursday': 1, 'Wednesday': 1}","{'March': 1, 'November': 1, 'June': 1}"
3878,3,9,"{'Wednesday': 1, 'Thursday': 1, 'Tuesday': 1}","{'November': 2, 'August': 1}"
8571,3,9,"{'Tuesday': 1, 'Monday': 1, 'Thursday': 1}","{'November': 1, 'March': 1, 'May': 1}"
3556,3,9,"{'Tuesday': 2, 'Thursday': 1}","{'November': 1, 'July': 1, 'February': 1}"
8334,3,9,"{'Monday': 1, 'Thursday': 1, 'Tuesday': 1}","{'March': 1, 'July': 1, 'December': 1}"
7876,3,9,"{'Monday': 1, 'Thursday': 1, 'Wednesday': 1}","{'November': 1, 'August': 1, 'July': 1}"
5672,3,9,"{'Monday': 2, 'Thursday': 1}","{'November': 2, 'December': 1}"
5499,3,9,"{'Thursday': 1, 'Saturday': 1, 'Wednesday': 1}","{'March': 1, 'June': 1, 'February': 1}"
712,3,9,"{'Thursday': 2, 'Friday': 1}","{'November': 2, 'March': 1}"
1502,3,9,"{'Wednesday': 1, 'Thursday': 1, 'Friday': 1}","{'August': 1, 'November': 1, 'September': 1}"
7686,3,9,"{'Tuesday': 1, 'Thursday': 1, 'Sunday': 1}","{'February': 1, 'December': 1, 'May': 1}"
1884,3,9,"{'Wednesday': 1, 'Thursday': 1, 'Monday': 1}","{'August': 1, 'January': 1, 'July': 1}"
3166,3,9,"{'Friday': 1, 'Thursday': 1, 'Tuesday': 1}","{'November': 1, 'April': 1, 'October': 1}"
9643,3,9,"{'Sunday': 2, 'Thursday': 1}","{'November': 1, 'June': 1, 'August': 1}"
2808,3,9,"{'Sunday': 1, 'Tuesday': 1, 'Thursday': 1}","{'October': 1, 'November': 1, 'April': 1}"
7109,3,9,"{'Wednesday': 2, 'Thursday': 1}","{'March': 1, 'April': 1, 'July': 1}"
4767,3,9,"{'Wednesday': 1, 'Thursday': 1, 'Tuesday': 1}","{'March': 1, 'October': 1, 'August': 1}"
5118,3,9,"{'Saturday': 1, 'Thursday': 1, 'Friday': 1}","{'March': 1, 'September': 1, 'April': 1}"
499,3,9,"{'Thursday': 1, 'Sunday': 1, 'Monday': 1}","{'October': 1, 'November': 1, 'May': 1}"
8842,3,9,"{'Wednesday': 2, 'Thursday': 1}","{'March': 1, 'July': 1, 'June': 1}"
172,3,9,"{'Thursday': 1, 'Wednesday': 1, 'Saturday': 1}","{'June': 2, 'November': 1}"
9375,3,9,"{'Thursday': 1, 'Saturday': 1, 'Monday': 1}","{'March': 1, 'January': 1, 'June': 1}"
7458,3,9,"{'Thursday': 1, 'Friday': 1, 'Tuesday': 1}","{'March': 2, 'September': 1}"
7535,3,9,"{'Thursday': 1, 'Sunday': 1, 'Saturday': 1}","{'December': 2, 'October': 1}"
3611,3,9,"{'Thursday': 2, 'Monday': 1}","{'October': 1, 'June': 1, 'December': 1}"
7808,3,9,"{'Monday': 1, 'Thursday': 1, 'Saturday': 1}","{'November': 2, 'October': 1}"
1308,3,9,"{'Friday': 1, 'Thursday': 1, 'Tuesday': 1}","{'November': 1, 'March': 1, 'August': 1}"
3513,3,9,"{'Monday': 1, 'Thursday': 1, 'Tuesday': 1}","{'December': 1, 'November': 1, 'June': 1}"
2530,3,9,"{'Thursday': 2, 'Wednesday': 1}","{'March': 1, 'July': 1, 'September': 1}"
3297,3,9,"{'Tuesday': 1, 'Thursday': 1, 'Friday': 1}","{'March': 2, 'June': 1}"
8488,3,9,"{'Monday': 1, 'Thursday': 1, 'Wednesday': 1}","{'August': 1, 'February': 1, 'July': 1}"
8273,3,9,"{'Thursday': 1, 'Tuesday': 1, 'Wednesday': 1}","{'March': 1, 'January': 1, 'September': 1}"
6992,3,9,"{'Thursday': 1, 'Saturday': 1, 'Sunday': 1}","{'March': 1, 'June': 1, 'July': 1}"
5540,3,9,"{'Thursday': 1, 'Tuesday': 1, 'Saturday': 1}","{'March': 2, 'August': 1}"
859,3,9,"{'Thursday': 1, 'Saturday': 1, 'Friday': 1}","{'January': 2, 'March': 1}"
8090,3,9,"{'Monday': 1, 'Saturday': 1, 'Thursday': 1}","{'December': 2, 'January': 1}"
1947,3,9,"{'Monday': 1, 'Thursday': 1, 'Saturday': 1}","{'September': 2, 'March': 1}"
8692,3,9,"{'Thursday': 2, 'Saturday': 1}","{'March': 2, 'July': 1}"
5608,3,9,"{'Saturday': 1, 'Monday': 1, 'Thursday': 1}","{'March': 1, 'December': 1, 'August': 1}"
9519,3,9,"{'Thursday': 2, 'Tuesday': 1}","{'October': 1, 'December': 1, 'August': 1}"
3456,3,9,"{'Thursday': 2, 'Tuesday': 1}","{'October': 1, 'December': 1, 'July': 1}"
8470,3,9,"{'Friday': 2, 'Thursday': 1}","{'November': 1, 'August': 1, 'July': 1}"
8729,3,9,"{'Wednesday': 1, 'Friday': 1, 'Thursday': 1}","{'November': 1, 'January': 1, 'December': 1}"
3880,3,9,"{'Wednesday': 1, 'Thursday': 1, 'Tuesday': 1}","{'October': 2, 'July': 1}"
8356,3,9,"{'Thursday': 2, 'Friday': 1}","{'February': 2, 'April': 1}"
7932,3,9,"{'Wednesday': 2, 'Thursday': 1}","{'January': 1, 'March': 1, 'May': 1}"
9579,3,9,"{'Monday': 2, 'Thursday': 1}","{'January': 1, 'March': 1, 'May': 1}"
4702,3,9,"{'Sunday': 1, 'Thursday': 1, 'Saturday': 1}","{'October': 1, 'March': 1, 'May': 1}"
3902,3,9,"{'Monday': 1, 'Thursday': 1, 'Tuesday': 1}","{'December': 1, 'May': 1, 'June': 1}"
3078,3,9,"{'Saturday': 1, 'Thursday': 1, 'Wednesday': 1}","{'December': 1, 'June': 1, 'August': 1}"
4117,3,9,"{'Thursday': 1, 'Sunday': 1, 'Tuesday': 1}","{'April': 2, 'December': 1}"
2872,3,9,"{'Wednesday': 1, 'Thursday': 1, 'Tuesday': 1}","{'September': 1, 'October': 1, 'June': 1}"
1255,3,9,"{'Thursday': 2, 'Wednesday': 1}","{'March': 2, 'November': 1}"
297,3,9,"{'Thursday': 1, 'Wednesday': 1, 'Sunday': 1}","{'March': 1, 'September': 1, 'June': 1}"
785,3,9,"{'Saturday': 1, 'Wednesday': 1, 'Thursday': 1}","{'October': 1, 'February': 1, 'December': 1}"
5371,3,9,"{'Thursday': 1, 'Wednesday': 1, 'Tuesday': 1}","{'October': 1, 'February': 1, 'March': 1}"
3703,3,9,"{'Thursday': 1, 'Wednesday': 1, 'Tuesday': 1}","{'October': 1, 'March': 1, 'August': 1}"
3369,3,9,"{'Thursday': 2, 'Monday': 1}","{'October': 1, 'June': 1, 'September': 1}"
8239,3,9,"{'Thursday': 1, 'Saturday': 1, 'Wednesday': 1}","{'February': 1, 'October': 1, 'August': 1}"
837,3,9,"{'Friday': 1, 'Tuesday': 1, 'Thursday': 1}","{'April': 1, 'June': 1, 'July': 1}"
1281,3,9,"{'Monday': 1, 'Thursday': 1, 'Saturday': 1}","{'April': 1, 'December': 1, 'September': 1}"
728,3,9,"{'Monday': 1, 'Tuesday': 1, 'Thursday': 1}","{'April': 2, 'July': 1}"
540,3,9,{'Thursday': 3},"{'February': 2, 'June': 1}"
5042,3,9,"{'Saturday': 1, 'Tuesday': 1, 'Thursday': 1}","{'October': 1, 'May': 1, 'June': 1}"
3351,3,9,"{'Thursday': 2, 'Friday': 1}","{'September': 2, 'November': 1}"
2947,3,9,"{'Friday': 1, 'Thursday': 1, 'Wednesday': 1}","{'November': 1, 'July': 1, 'October': 1}"
6366,3,9,"{'Friday': 1, 'Thursday': 1, 'Tuesday': 1}","{'April': 1, 'June': 1, 'January': 1}"
5116,3,9,"{'Monday': 1, 'Wednesday': 1, 'Thursday': 1}","{'August': 1, 'October': 1, 'September': 1}"
4219,3,9,"{'Thursday': 1, 'Saturday': 1, 'Wednesday': 1}","{'October': 1, 'April': 1, 'June': 1}"
3226,3,9,"{'Saturday': 2, 'Thursday': 1}","{'October': 2, 'April': 1}"
2611,3,9,"{'Thursday': 1, 'Monday': 1, 'Friday': 1}","{'October': 2, 'September': 1}"
472,3,9,"{'Thursday': 2, 'Monday': 1}","{'October': 1, 'March': 1, 'September': 1}"
9302,3,9,"{'Wednesday': 2, 'Thursday': 1}","{'October': 1, 'August': 1, 'April': 1}"
8804,3,9,"{'Sunday': 1, 'Friday': 1, 'Thursday': 1}","{'December': 1, 'June': 1, 'July': 1}"
6783,3,9,"{'Saturday': 1, 'Friday': 1, 'Thursday': 1}","{'December': 1, 'October': 1, 'February': 1}"
8599,3,9,"{'Thursday': 2, 'Wednesday': 1}","{'March': 1, 'October': 1, 'May': 1}"
3591,3,9,"{'Saturday': 1, 'Tuesday': 1, 'Thursday': 1}","{'March': 1, 'September': 1, 'January': 1}"
537,3,9,"{'Thursday': 1, 'Monday': 1, 'Friday': 1}","{'March': 1, 'September': 1, 'December': 1}"
156,3,9,"{'Thursday': 2, 'Friday': 1}","{'April': 1, 'August': 1, 'May': 1}"
2892,3,9,"{'Friday': 2, 'Thursday': 1}","{'December': 2, 'February': 1}"
7804,3,9,"{'Tuesday': 1, 'Thursday': 1, 'Monday': 1}","{'December': 1, 'October': 1, 'June': 1}"
3178,3,9,"{'Monday': 2, 'Thursday': 1}","{'November': 2, 'April': 1}"
2495,3,9,"{'Thursday': 1, 'Wednesday': 1, 'Monday': 1}","{'April': 1, 'July': 1, 'September': 1}"
374,3,9,"{'Friday': 1, 'Monday': 1, 'Thursday': 1}","{'April': 1, 'October': 1, 'June': 1}"
8701,3,9,"{'Thursday': 1, 'Sunday': 1, 'Friday': 1}","{'October': 2, 'April': 1}"
4848,3,9,"{'Friday': 1, 'Thursday': 1, 'Monday': 1}","{'October': 1, 'December': 1, 'January': 1}"
3111,3,9,"{'Monday': 1, 'Sunday': 1, 'Thursday': 1}","{'August': 2, 'November': 1}"
2635,3,9,"{'Thursday': 2, 'Saturday': 1}","{'December': 1, 'May': 1, 'September': 1}"
6354,3,9,"{'Monday': 1, 'Thursday': 1, 'Saturday': 1}","{'April': 1, 'January': 1, 'February': 1}"
5573,3,9,"{'Saturday': 2, 'Thursday': 1}","{'April': 1, 'February': 1, 'May': 1}"
1156,3,9,"{'Thursday': 1, 'Saturday': 1, 'Tuesday': 1}","{'April': 1, 'May': 1, 'January': 1}"
2427,3,9,"{'Saturday': 1, 'Thursday': 1, 'Tuesday': 1}","{'April': 2, 'March': 1}"
2761,3,9,"{'Friday': 2, 'Thursday': 1}","{'April': 2, 'October': 1}"
3890,3,9,"{'Wednesday': 1, 'Sunday': 1, 'Thursday': 1}","{'April': 2, 'June': 1}"
1664,3,9,"{'Thursday': 2, 'Tuesday': 1}","{'February': 1, 'December': 1, 'June': 1}"
6242,3,9,"{'Thursday': 1, 'Friday': 1, 'Tuesday': 1}","{'September': 1, 'October': 1, 'February': 1}"
5915,3,9,"{'Thursday': 1, 'Saturday': 1, 'Monday': 1}","{'April': 2, 'September': 1}"
8993,3,9,"{'Saturday': 1, 'Thursday': 1, 'Tuesday': 1}","{'April': 1, 'August': 1, 'September': 1}"
5167,3,9,"{'Saturday': 1, 'Thursday': 1, 'Friday': 1}","{'March': 2, 'April': 1}"
9869,3,9,"{'Friday': 1, 'Thursday': 1, 'Tuesday': 1}","{'December': 1, 'February': 1, 'July': 1}"
7256,3,9,"{'Saturday': 1, 'Tuesday': 1, 'Thursday': 1}","{'April': 1, 'January': 1, 'February': 1}"
6832,3,9,"{'Thursday': 1, 'Wednesday': 1, 'Saturday': 1}","{'April': 1, 'September': 1, 'November': 1}"
6506,3,9,"{'Thursday': 1, 'Saturday': 1, 'Wednesday': 1}","{'April': 2, 'July': 1}"
1814,3,9,"{'Thursday': 1, 'Tuesday': 1, 'Saturday': 1}","{'April': 1, 'February': 1, 'March': 1}"
7328,3,9,"{'Friday': 1, 'Thursday': 1, 'Sunday': 1}","{'September': 1, 'January': 1, 'April': 1}"
4566,3,9,"{'Thursday': 2, 'Saturday': 1}","{'April': 2, 'September': 1}"
6899,3,9,"{'Friday': 1, 'Monday': 1, 'Thursday': 1}","{'December': 1, 'September': 1, 'June': 1}"
3936,3,9,"{'Friday': 1, 'Tuesday': 1, 'Thursday': 1}","{'December': 1, 'February': 1, 'January': 1}"
787,3,9,"{'Wednesday': 2, 'Thursday': 1}","{'February': 1, 'March': 1, 'May': 1}"
6345,3,9,"{'Wednesday': 1, 'Thursday': 1, 'Monday': 1}","{'April': 1, 'November': 1, 'February': 1}"
3971,3,9,"{'Thursday': 2, 'Saturday': 1}","{'April': 1, 'May': 1, 'August': 1}"
327,3,9,"{'Thursday': 1, 'Friday': 1, 'Monday': 1}","{'December': 1, 'May': 1, 'March': 1}"
6597,3,9,"{'Thursday': 1, 'Sunday': 1, 'Saturday': 1}","{'March': 2, 'September': 1}"
6349,3,9,"{'Wednesday': 2, 'Thursday': 1}","{'September': 2, 'April': 1}"
2082,3,9,"{'Thursday': 1, 'Sunday': 1, 'Tuesday': 1}","{'April': 1, 'August': 1, 'May': 1}"
4155,3,9,"{'Wednesday': 1, 'Saturday': 1, 'Thursday': 1}","{'March': 1, 'August': 1, 'April': 1}"
2630,3,9,"{'Saturday': 1, 'Thursday': 1, 'Tuesday': 1}","{'September': 2, 'May': 1}"
8045,3,9,"{'Wednesday': 2, 'Thursday': 1}","{'September': 1, 'July': 1, 'August': 1}"
3655,3,9,"{'Monday': 1, 'Friday': 1, 'Thursday': 1}","{'October': 1, 'January': 1, 'July': 1}"
6669,3,9,"{'Thursday': 2, 'Friday': 1}","{'October': 1, 'February': 1, 'August': 1}"
5140,3,9,"{'Wednesday': 1, 'Thursday': 1, 'Saturday': 1}","{'April': 2, 'September': 1}"
7264,3,9,"{'Saturday': 1, 'Thursday': 1, 'Friday': 1}","{'April': 1, 'March': 1, 'July': 1}"
4026,3,9,"{'Thursday': 2, 'Wednesday': 1}","{'April': 1, 'October': 1, 'March': 1}"
411,3,9,"{'Wednesday': 1, 'Tuesday': 1, 'Thursday': 1}","{'September': 1, 'February': 1, 'August': 1}"
6172,3,9,"{'Wednesday': 1, 'Thursday': 1, 'Tuesday': 1}","{'August': 1, 'November': 1, 'January': 1}"
7257,3,9,"{'Friday': 1, 'Wednesday': 1, 'Thursday': 1}","{'August': 1, 'September': 1, 'May': 1}"
4329,3,9,"{'Friday': 1, 'Thursday': 1, 'Saturday': 1}","{'August': 1, 'July': 1, 'May': 1}"
1016,3,9,"{'Friday': 1, 'Thursday': 1, 'Wednesday': 1}","{'August': 1, 'November': 1, 'April': 1}"
2103,3,9,"{'Friday': 1, 'Saturday': 1, 'Thursday': 1}","{'May': 2, 'December': 1}"
9776,3,9,"{'Saturday': 1, 'Thursday': 1, 'Tuesday': 1}","{'September': 1, 'October': 1, 'July': 1}"
8516,3,9,"{'Sunday': 1, 'Monday': 1, 'Thursday': 1}","{'December': 2, 'February': 1}"
6601,3,9,"{'Sunday': 1, 'Wednesday': 1, 'Thursday': 1}","{'December': 1, 'June': 1, 'January': 1}"
9086,3,9,"{'Friday': 1, 'Thursday': 1, 'Sunday': 1}","{'September': 2, 'January': 1}"
5971,3,9,"{'Thursday': 1, 'Wednesday': 1, 'Sunday': 1}","{'May': 1, 'April': 1, 'September': 1}"
2625,3,9,"{'Thursday': 1, 'Friday': 1, 'Tuesday': 1}","{'May': 1, 'November': 1, 'December': 1}"
1957,3,9,"{'Thursday': 1, 'Tuesday': 1, 'Wednesday': 1}","{'May': 1, 'July': 1, 'September': 1}"
2395,3,9,"{'Friday': 1, 'Thursday': 1, 'Tuesday': 1}","{'March': 1, 'June': 1, 'September': 1}"
9150,3,9,"{'Thursday': 1, 'Saturday': 1, 'Wednesday': 1}","{'February': 1, 'April': 1, 'September': 1}"
715,3,9,"{'Friday': 1, 'Monday': 1, 'Thursday': 1}","{'July': 1, 'February': 1, 'March': 1}"
3921,3,9,"{'Thursday': 2, 'Saturday': 1}","{'September': 1, 'January': 1, 'May': 1}"
4130,3,9,"{'Saturday': 2, 'Thursday': 1}","{'January': 1, 'May': 1, 'July': 1}"
4081,3,9,"{'Saturday': 1, 'Thursday': 1, 'Wednesday': 1}","{'May': 1, 'October': 1, 'August': 1}"
9555,3,9,"{'Sunday': 2, 'Thursday': 1}","{'May': 1, 'January': 1, 'July': 1}"
3721,3,9,"{'Saturday': 1, 'Thursday': 1, 'Monday': 1}","{'September': 1, 'November': 1, 'June': 1}"
5086,3,9,"{'Thursday': 1, 'Friday': 1, 'Monday': 1}","{'April': 2, 'September': 1}"
617,3,9,"{'Monday': 1, 'Friday': 1, 'Thursday': 1}","{'December': 1, 'April': 1, 'March': 1}"
65,3,9,"{'Wednesday': 1, 'Thursday': 1, 'Friday': 1}","{'May': 1, 'April': 1, 'September': 1}"
5850,3,9,"{'Tuesday': 2, 'Thursday': 1}","{'May': 2, 'November': 1}"
241,3,9,"{'Wednesday': 1, 'Thursday': 1, 'Monday': 1}","{'April': 1, 'September': 1, 'May': 1}"
6935,3,9,"{'Saturday': 1, 'Thursday': 1, 'Sunday': 1}","{'April': 1, 'February': 1, 'June': 1}"
7387,3,9,"{'Thursday': 2, 'Monday': 1}","{'March': 2, 'February': 1}"
6616,3,9,"{'Thursday': 1, 'Saturday': 1, 'Tuesday': 1}","{'May': 1, 'September': 1, 'November': 1}"
6048,3,9,"{'Thursday': 2, 'Saturday': 1}","{'May': 1, 'October': 1, 'June': 1}"
8601,3,9,"{'Saturday': 1, 'Thursday': 1, 'Monday': 1}","{'August': 1, 'October': 1, 'March': 1}"
2631,3,9,"{'Friday': 1, 'Thursday': 1, 'Monday': 1}","{'January': 1, 'April': 1, 'August': 1}"
8981,3,9,"{'Wednesday': 2, 'Thursday': 1}","{'January': 1, 'July': 1, 'December': 1}"
4207,3,9,"{'Thursday': 1, 'Saturday': 1, 'Wednesday': 1}","{'August': 2, 'November': 1}"
2511,3,9,"{'Thursday': 1, 'Monday': 1, 'Wednesday': 1}","{'August': 2, 'November': 1}"
1659,3,9,"{'Thursday': 1, 'Sunday': 1, 'Tuesday': 1}","{'August': 1, 'June': 1, 'July': 1}"
521,3,9,"{'Friday': 2, 'Thursday': 1}","{'August': 1, 'January': 1, 'February': 1}"
4834,3,9,"{'Saturday': 1, 'Tuesday': 1, 'Thursday': 1}","{'May': 1, 'August': 1, 'April': 1}"
4688,3,9,"{'Wednesday': 1, 'Sunday': 1, 'Thursday': 1}","{'May': 1, 'January': 1, 'March': 1}"
3804,3,9,"{'Wednesday': 2, 'Thursday': 1}","{'May': 1, 'September': 1, 'January': 1}"
628,3,9,"{'Wednesday': 1, 'Thursday': 1, 'Saturday': 1}","{'May': 1, 'July': 1, 'December': 1}"
3728,3,9,"{'Tuesday': 1, 'Thursday': 1, 'Wednesday': 1}","{'October': 2, 'August': 1}"
1191,3,9,"{'Monday': 1, 'Friday': 1, 'Thursday': 1}","{'August': 1, 'March': 1, 'May': 1}"
1367,3,9,"{'Sunday': 1, 'Thursday': 1, 'Wednesday': 1}","{'February': 1, 'August': 1, 'July': 1}"
7995,3,9,"{'Saturday': 2, 'Thursday': 1}","{'February': 1, 'October': 1, 'August': 1}"
50,3,9,"{'Friday': 2, 'Thursday': 1}","{'May': 1, 'December': 1, 'August': 1}"
2122,3,9,"{'Monday': 1, 'Tuesday': 1, 'Thursday': 1}","{'August': 2, 'July': 1}"
5873,3,9,"{'Thursday': 2, 'Saturday': 1}","{'August': 1, 'May': 1, 'April': 1}"
306,3,9,"{'Sunday': 2, 'Thursday': 1}","{'August': 2, 'June': 1}"
5397,3,9,"{'Friday': 1, 'Thursday': 1, 'Tuesday': 1}","{'October': 1, 'June': 1, 'February': 1}"
2492,3,9,"{'Friday': 2, 'Thursday': 1}","{'October': 2, 'March': 1}"
9192,3,9,"{'Thursday': 1, 'Wednesday': 1, 'Saturday': 1}","{'August': 1, 'November': 1, 'December': 1}"
3314,3,9,"{'Thursday': 2, 'Friday': 1}","{'May': 2, 'April': 1}"
6985,3,9,"{'Thursday': 1, 'Friday': 1, 'Sunday': 1}","{'May': 1, 'July': 1, 'October': 1}"
4828,3,9,"{'Thursday': 2, 'Wednesday': 1}","{'May': 1, 'October': 1, 'September': 1}"
8821,3,9,"{'Monday': 1, 'Tuesday': 1, 'Thursday': 1}","{'May': 1, 'August': 1, 'December': 1}"
4227,3,9,"{'Saturday': 1, 'Thursday': 1, 'Friday': 1}","{'May': 1, 'October': 1, 'September': 1}"
308,3,9,"{'Tuesday': 1, 'Thursday': 1, 'Wednesday': 1}","{'December': 1, 'November': 1, 'March': 1}"
6715,3,9,"{'Monday': 1, 'Friday': 1, 'Thursday': 1}","{'November': 1, 'December': 1, 'April': 1}"
7679,3,9,"{'Wednesday': 2, 'Thursday': 1}","{'May': 1, 'December': 1, 'April': 1}"
3918,3,9,"{'Thursday': 1, 'Monday': 1, 'Friday': 1}","{'August': 2, 'November': 1}"
3618,3,9,"{'Thursday': 1, 'Monday': 1, 'Tuesday': 1}","{'August': 1, 'October': 1, 'May': 1}"
187,3,9,"{'Thursday': 2, 'Monday': 1}","{'August': 1, 'July': 1, 'September': 1}"
7578,3,9,"{'Wednesday': 1, 'Saturday': 1, 'Thursday': 1}","{'August': 1, 'January': 1, 'February': 1}"
5865,3,9,"{'Wednesday': 1, 'Tuesday': 1, 'Thursday': 1}","{'May': 1, 'July': 1, 'September': 1}"
4943,3,9,"{'Monday': 1, 'Saturday': 1, 'Thursday': 1}","{'November': 1, 'August': 1, 'June': 1}"
43,3,9,"{'Thursday': 2, 'Wednesday': 1}","{'June': 2, 'May': 1}"
7762,3,9,"{'Saturday': 1, 'Tuesday': 1, 'Thursday': 1}","{'May': 2, 'January': 1}"
2756,3,9,"{'Saturday': 2, 'Thursday': 1}","{'August': 1, 'October': 1, 'March': 1}"
8814,3,9,"{'Tuesday': 2, 'Thursday': 1}","{'August': 2, 'May': 1}"
3159,3,9,"{'Sunday': 2, 'Thursday': 1}","{'August': 1, 'October': 1, 'January': 1}"
9561,3,9,"{'Saturday': 1, 'Thursday': 1, 'Tuesday': 1}","{'February': 1, 'April': 1, 'July': 1}"
1026,3,9,"{'Wednesday': 1, 'Thursday': 1, 'Sunday': 1}","{'May': 1, 'September': 1, 'August': 1}"
4131,3,9,"{'Saturday': 2, 'Thursday': 1}","{'May': 1, 'March': 1, 'July': 1}"
3047,3,9,"{'Thursday': 1, 'Monday': 1, 'Friday': 1}","{'May': 1, 'February': 1, 'December': 1}"
8980,3,9,"{'Wednesday': 2, 'Thursday': 1}","{'May': 1, 'January': 1, 'September': 1}"
6723,3,9,"{'Monday': 1, 'Wednesday': 1, 'Thursday': 1}","{'January': 2, 'May': 1}"
2867,3,9,"{'Monday': 1, 'Saturday': 1, 'Thursday': 1}","{'May': 1, 'August': 1, 'March': 1}"
7978,3,9,"{'Sunday': 1, 'Thursday': 1, 'Wednesday': 1}","{'May': 1, 'June': 1, 'December': 1}"
2200,3,9,"{'Wednesday': 1, 'Thursday': 1, 'Monday': 1}","{'August': 1, 'May': 1, 'September': 1}"
4153,3,9,"{'Tuesday': 1, 'Monday': 1, 'Thursday': 1}","{'April': 1, 'May': 1, 'January': 1}"
6404,3,9,"{'Thursday': 2, 'Tuesday': 1}","{'February': 1, 'May': 1, 'June': 1}"
884,3,9,"{'Tuesday': 1, 'Thursday': 1, 'Saturday': 1}","{'May': 1, 'December': 1, 'August': 1}"
6325,3,9,"{'Thursday': 2, 'Friday': 1}","{'June': 1, 'September': 1, 'May': 1}"
2944,3,9,"{'Thursday': 2, 'Wednesday': 1}","{'June': 2, 'July': 1}"
6643,3,9,"{'Thursday': 1, 'Monday': 1, 'Tuesday': 1}","{'August': 2, 'April': 1}"
7368,3,9,"{'Wednesday': 1, 'Thursday': 1, 'Tuesday': 1}","{'August': 1, 'November': 1, 'March': 1}"
7742,3,9,"{'Friday': 2, 'Thursday': 1}","{'August': 1, 'December': 1, 'May': 1}"
3760,3,9,"{'Thursday': 1, 'Tuesday': 1, 'Saturday': 1}","{'August': 1, 'December': 1, 'February': 1}"
5959,3,9,"{'Thursday': 1, 'Friday': 1, 'Tuesday': 1}","{'November': 1, 'February': 1, 'July': 1}"
26,3,9,"{'Tuesday': 1, 'Sunday': 1, 'Thursday': 1}","{'November': 1, 'March': 1, 'September': 1}"
5553,3,9,"{'Wednesday': 2, 'Thursday': 1}","{'April': 1, 'July': 1, 'January': 1}"
2749,3,9,"{'Friday': 1, 'Thursday': 1, 'Sunday': 1}","{'August': 1, 'June': 1, 'September': 1}"
852,3,9,"{'Friday': 1, 'Wednesday': 1, 'Thursday': 1}","{'August': 1, 'November': 1, 'February': 1}"
5505,3,9,"{'Thursday': 1, 'Saturday': 1, 'Monday': 1}","{'August': 1, 'April': 1, 'February': 1}"
4311,3,9,"{'Thursday': 1, 'Monday': 1, 'Sunday': 1}","{'August': 1, 'March': 1, 'June': 1}"
2936,3,9,"{'Wednesday': 1, 'Friday': 1, 'Thursday': 1}","{'November': 1, 'October': 1, 'March': 1}"
3716,3,9,"{'Wednesday': 2, 'Thursday': 1}","{'April': 1, 'February': 1, 'December': 1}"
5987,3,9,"{'Thursday': 2, 'Friday': 1}","{'February': 1, 'June': 1, 'April': 1}"
7484,3,9,"{'Thursday': 1, 'Sunday': 1, 'Tuesday': 1}","{'February': 2, 'January': 1}"
3227,3,9,"{'Thursday': 2, 'Friday': 1}",{'February': 3}
6136,3,9,"{'Thursday': 2, 'Friday': 1}","{'June': 1, 'March': 1, 'July': 1}"
570,3,9,"{'Thursday': 1, 'Friday': 1, 'Wednesday': 1}","{'June': 1, 'December': 1, 'January': 1}"
6572,3,9,"{'Tuesday': 1, 'Saturday': 1, 'Thursday': 1}","{'August': 1, 'January': 1, 'February': 1}"
4831,3,9,"{'Tuesday': 2, 'Thursday': 1}","{'August': 1, 'November': 1, 'January': 1}"
7000,3,9,"{'Wednesday': 1, 'Friday': 1, 'Thursday': 1}","{'August': 1, 'June': 1, 'February': 1}"
2344,3,9,"{'Thursday': 1, 'Saturday': 1, 'Wednesday': 1}","{'July': 1, 'August': 1, 'May': 1}"
5227,3,9,"{'Monday': 1, 'Thursday': 1, 'Sunday': 1}","{'September': 2, 'October': 1}"
3622,3,9,"{'Monday': 1, 'Thursday': 1, 'Sunday': 1}","{'October': 2, 'August': 1}"
1537,3,9,"{'Monday': 2, 'Thursday': 1}","{'October': 1, 'November': 1, 'January': 1}"
6419,3,9,"{'Saturday': 1, 'Friday': 1, 'Thursday': 1}","{'June': 1, 'July': 1, 'October': 1}"
630,3,9,"{'Monday': 1, 'Tuesday': 1, 'Thursday': 1}","{'December': 2, 'August': 1}"
9769,3,9,"{'Thursday': 2, 'Sunday': 1}","{'September': 2, 'August': 1}"
3889,3,9,"{'Tuesday': 2, 'Thursday': 1}","{'June': 1, 'October': 1, 'September': 1}"
1303,3,9,"{'Tuesday': 1, 'Monday': 1, 'Thursday': 1}","{'June': 1, 'August': 1, 'October': 1}"
7266,3,9,"{'Monday': 1, 'Friday': 1, 'Thursday': 1}","{'June': 2, 'March': 1}"
3626,3,9,"{'Sunday': 1, 'Tuesday': 1, 'Thursday': 1}","{'July': 2, 'November': 1}"
9473,3,9,"{'Tuesday': 2, 'Thursday': 1}","{'October': 2, 'April': 1}"
84,3,9,"{'Friday': 1, 'Thursday': 1, 'Monday': 1}","{'April': 2, 'March': 1}"
6081,3,9,"{'Thursday': 1, 'Friday': 1, 'Saturday': 1}","{'April': 1, 'May': 1, 'October': 1}"
2748,3,9,"{'Monday': 1, 'Thursday': 1, 'Sunday': 1}","{'December': 1, 'January': 1, 'June': 1}"
343,3,9,"{'Monday': 1, 'Saturday': 1, 'Thursday': 1}","{'December': 1, 'October': 1, 'July': 1}"
194,3,9,"{'Monday': 2, 'Thursday': 1}","{'December': 1, 'January': 1, 'March': 1}"
2586,3,9,"{'Thursday': 2, 'Saturday': 1}","{'June': 2, 'May': 1}"
1484,3,9,"{'Thursday': 1, 'Wednesday': 1, 'Monday': 1}","{'June': 1, 'March': 1, 'December': 1}"
5424,3,9,"{'Monday': 1, 'Friday': 1, 'Thursday': 1}","{'August': 1, 'November': 1, 'June': 1}"
1738,3,9,"{'Friday': 1, 'Thursday': 1, 'Sunday': 1}","{'April': 1, 'October': 1, 'September': 1}"
1063,3,9,"{'Friday': 2, 'Thursday': 1}","{'April': 1, 'October': 1, 'July': 1}"
9004,3,9,"{'Thursday': 1, 'Friday': 1, 'Tuesday': 1}","{'April': 1, 'January': 1, 'November': 1}"
4183,3,9,"{'Thursday': 1, 'Sunday': 1, 'Wednesday': 1}","{'August': 2, 'April': 1}"
784,3,9,"{'Tuesday': 2, 'Thursday': 1}","{'July': 1, 'February': 1, 'November': 1}"
6860,3,9,"{'Saturday': 1, 'Thursday': 1, 'Friday': 1}","{'July': 1, 'August': 1, 'June': 1}"
2571,3,9,"{'Friday': 1, 'Monday': 1, 'Thursday': 1}","{'July': 1, 'May': 1, 'February': 1}"
8116,3,9,"{'Thursday': 1, 'Wednesday': 1, 'Monday': 1}","{'July': 1, 'January': 1, 'April': 1}"
3917,3,9,"{'Wednesday': 1, 'Thursday': 1, 'Friday': 1}","{'July': 1, 'September': 1, 'November': 1}"
2821,3,9,"{'Thursday': 1, 'Tuesday': 1, 'Saturday': 1}","{'April': 1, 'March': 1, 'January': 1}"
7025,3,9,"{'Monday': 1, 'Thursday': 1, 'Wednesday': 1}","{'August': 2, 'March': 1}"
1643,3,9,"{'Thursday': 1, 'Monday': 1, 'Tuesday': 1}","{'July': 1, 'January': 1, 'April': 1}"
2303,3,9,"{'Wednesday': 2, 'Thursday': 1}","{'June': 1, 'March': 1, 'July': 1}"
1845,3,9,"{'Thursday': 2, 'Monday': 1}","{'April': 1, 'February': 1, 'January': 1}"
4957,3,9,"{'Monday': 1, 'Saturday': 1, 'Thursday': 1}","{'June': 1, 'December': 1, 'July': 1}"
3809,3,9,"{'Monday': 1, 'Thursday': 1, 'Saturday': 1}","{'June': 1, 'October': 1, 'January': 1}"
3466,3,9,"{'Friday': 1, 'Thursday': 1, 'Wednesday': 1}","{'June': 1, 'March': 1, 'January': 1}"
1331,3,9,"{'Friday': 1, 'Monday': 1, 'Thursday': 1}","{'September': 2, 'June': 1}"
6610,3,9,"{'Thursday': 1, 'Wednesday': 1, 'Friday': 1}","{'June': 2, 'December': 1}"
193,3,9,"{'Thursday': 1, 'Tuesday': 1, 'Wednesday': 1}","{'June': 1, 'September': 1, 'November': 1}"
3968,3,9,"{'Wednesday': 2, 'Thursday': 1}","{'October': 2, 'June': 1}"
1104,3,9,"{'Tuesday': 1, 'Saturday': 1, 'Thursday': 1}","{'August': 2, 'July': 1}"
9372,3,9,"{'Monday': 1, 'Thursday': 1, 'Tuesday': 1}","{'July': 1, 'February': 1, 'September': 1}"
5070,3,9,"{'Thursday': 2, 'Saturday': 1}","{'July': 1, 'January': 1, 'February': 1}"
6662,3,9,"{'Saturday': 1, 'Wednesday': 1, 'Thursday': 1}","{'June': 2, 'January': 1}"
5120,3,9,"{'Saturday': 1, 'Friday': 1, 'Thursday': 1}","{'June': 1, 'May': 1, 'July': 1}"
3261,3,9,"{'Friday': 1, 'Thursday': 1, 'Monday': 1}","{'April': 1, 'May': 1, 'August': 1}"
2481,3,9,"{'Saturday': 1, 'Thursday': 1, 'Tuesday': 1}","{'June': 1, 'November': 1, 'February': 1}"
5593,3,9,"{'Friday': 1, 'Wednesday': 1, 'Thursday': 1}","{'December': 1, 'April': 1, 'November': 1}"
1113,3,9,"{'Wednesday': 2, 'Thursday': 1}","{'July': 1, 'June': 1, 'April': 1}"
4962,3,9,"{'Tuesday': 1, 'Friday': 1, 'Thursday': 1}","{'July': 1, 'August': 1, 'December': 1}"
4448,3,9,"{'Wednesday': 1, 'Friday': 1, 'Thursday': 1}","{'February': 1, 'July': 1, 'October': 1}"
4062,3,9,"{'Thursday': 2, 'Friday': 1}","{'December': 1, 'March': 1, 'July': 1}"
4543,3,9,"{'Thursday': 2, 'Monday': 1}","{'April': 1, 'July': 1, 'October': 1}"
1399,3,9,{'Thursday': 3},"{'July': 1, 'October': 1, 'September': 1}"
103,3,9,"{'Monday': 1, 'Saturday': 1, 'Thursday': 1}","{'July': 1, 'June': 1, 'August': 1}"
8943,3,9,"{'Wednesday': 2, 'Thursday': 1}","{'December': 1, 'January': 1, 'February': 1}"
6546,3,9,"{'Wednesday': 2, 'Thursday': 1}","{'December': 2, 'August': 1}"
4929,3,9,"{'Wednesday': 1, 'Monday': 1, 'Thursday': 1}","{'December': 1, 'March': 1, 'August': 1}"
7130,3,9,"{'Friday': 1, 'Thursday': 1, 'Saturday': 1}","{'March': 2, 'July': 1}"
5231,3,9,"{'Thursday': 1, 'Wednesday': 1, 'Monday': 1}",{'June': 3}
827,3,9,"{'Monday': 2, 'Thursday': 1}","{'July': 1, 'January': 1, 'March': 1}"
6737,3,9,"{'Sunday': 1, 'Thursday': 1, 'Tuesday': 1}","{'July': 1, 'April': 1, 'January': 1}"
3241,3,9,"{'Sunday': 2, 'Thursday': 1}","{'July': 2, 'December': 1}"
9991,3,9,"{'Thursday': 2, 'Friday': 1}","{'December': 1, 'September': 1, 'July': 1}"
5949,3,9,"{'Thursday': 1, 'Saturday': 1, 'Monday': 1}","{'July': 1, 'December': 1, 'May': 1}"
2738,3,9,{'Thursday': 3},"{'April': 1, 'July': 1, 'August': 1}"
1890,3,9,"{'Thursday': 1, 'Friday': 1, 'Monday': 1}","{'April': 1, 'May': 1, 'August': 1}"
8812,3,9,"{'Wednesday': 1, 'Thursday': 1, 'Sunday': 1}","{'April': 2, 'June': 1}"
3350,3,9,"{'Friday': 1, 'Thursday': 1, 'Sunday': 1}","{'April': 1, 'October': 1, 'July': 1}"
8593,3,9,"{'Wednesday': 1, 'Sunday': 1, 'Thursday': 1}","{'January': 2, 'May': 1}"
7664,3,9,"{'Wednesday': 2, 'Thursday': 1}","{'September': 2, 'January': 1}"
4634,3,9,"{'Tuesday': 2, 'Thursday': 1}","{'July': 1, 'May': 1, 'February': 1}"
2554,3,9,"{'Tuesday': 1, 'Thursday': 1, 'Saturday': 1}","{'September': 2, 'July': 1}"
1090,3,9,"{'Tuesday': 1, 'Thursday': 1, 'Sunday': 1}","{'July': 1, 'May': 1, 'September': 1}"
6113,3,9,"{'Monday': 2, 'Thursday': 1}","{'August': 2, 'July': 1}"
1470,3,9,"{'Monday': 1, 'Saturday': 1, 'Thursday': 1}","{'July': 1, 'November': 1, 'September': 1}"
8126,3,9,"{'Saturday': 1, 'Friday': 1, 'Thursday': 1}","{'September': 2, 'July': 1}"
2940,3,9,"{'Thursday': 1, 'Monday': 1, 'Sunday': 1}","{'July': 1, 'November': 1, 'March': 1}"
6165,3,9,"{'Wednesday': 1, 'Thursday': 1, 'Monday': 1}","{'July': 1, 'June': 1, 'August': 1}"
8035,3,9,"{'Thursday': 1, 'Wednesday': 1, 'Tuesday': 1}","{'November': 1, 'April': 1, 'September': 1}"
508,3,9,"{'Monday': 1, 'Thursday': 1, 'Tuesday': 1}","{'January': 1, 'April': 1, 'August': 1}"
6684,3,9,"{'Sunday': 2, 'Thursday': 1}","{'April': 1, 'May': 1, 'February': 1}"
5301,3,9,"{'Wednesday': 2, 'Thursday': 1}","{'April': 1, 'September': 1, 'November': 1}"
6008,3,9,"{'Tuesday': 1, 'Friday': 1, 'Thursday': 1}","{'August': 1, 'November': 1, 'December': 1}"
6192,3,9,"{'Monday': 1, 'Thursday': 1, 'Tuesday': 1}",{'October': 3}
926,3,9,"{'Tuesday': 1, 'Wednesday': 1, 'Thursday': 1}","{'February': 1, 'November': 1, 'March': 1}"
8892,3,9,"{'Monday': 1, 'Thursday': 1, 'Sunday': 1}","{'February': 1, 'June': 1, 'August': 1}"
7129,3,9,"{'Saturday': 1, 'Friday': 1, 'Thursday': 1}","{'August': 1, 'October': 1, 'November': 1}"
9620,2,10,"{'Thursday': 1, 'Wednesday': 1}","{'July': 1, 'August': 1}"
9081,2,10,"{'Monday': 1, 'Thursday': 1}","{'July': 1, 'October': 1}"
8434,2,10,"{'Sunday': 1, 'Thursday': 1}","{'August': 1, 'September': 1}"
6784,2,10,"{'Thursday': 1, 'Monday': 1}","{'July': 1, 'December': 1}"
8586,2,10,"{'Thursday': 1, 'Saturday': 1}","{'April': 1, 'June': 1}"
7590,2,10,"{'Thursday': 1, 'Sunday': 1}","{'April': 1, 'June': 1}"
3835,2,10,"{'Thursday': 1, 'Wednesday': 1}","{'April': 1, 'September': 1}"
581,2,10,"{'Saturday': 1, 'Thursday': 1}","{'July': 1, 'April': 1}"
5293,2,10,"{'Friday': 1, 'Thursday': 1}","{'January': 1, 'August': 1}"
3574,2,10,"{'Thursday': 1, 'Wednesday': 1}","{'July': 1, 'April': 1}"
7434,2,10,"{'Thursday': 1, 'Tuesday': 1}","{'July': 1, 'September': 1}"
5078,2,10,"{'Friday': 1, 'Thursday': 1}","{'July': 1, 'February': 1}"
9040,2,10,"{'Saturday': 1, 'Thursday': 1}","{'July': 1, 'November': 1}"
1577,2,10,{'Thursday': 2},"{'November': 1, 'April': 1}"
6538,2,10,"{'Saturday': 1, 'Thursday': 1}","{'July': 1, 'March': 1}"
3237,2,10,"{'Tuesday': 1, 'Thursday': 1}","{'February': 1, 'December': 1}"
1033,2,10,"{'Friday': 1, 'Thursday': 1}","{'December': 1, 'April': 1}"
5327,2,10,{'Thursday': 2},"{'January': 1, 'May': 1}"
6315,2,10,"{'Thursday': 1, 'Tuesday': 1}","{'August': 1, 'April': 1}"
4286,2,10,{'Thursday': 2},{'August': 2}
4251,2,10,"{'Thursday': 1, 'Monday': 1}","{'August': 1, 'July': 1}"
4362,2,10,"{'Thursday': 1, 'Wednesday': 1}","{'June': 1, 'April': 1}"
4138,2,10,"{'Thursday': 1, 'Wednesday': 1}",{'June': 2}
7453,2,10,"{'Thursday': 1, 'Sunday': 1}","{'July': 1, 'August': 1}"
4539,2,10,"{'Thursday': 1, 'Tuesday': 1}","{'July': 1, 'September': 1}"
8894,2,10,"{'Tuesday': 1, 'Thursday': 1}","{'June': 1, 'September': 1}"
3719,2,10,"{'Monday': 1, 'Thursday': 1}","{'January': 1, 'October': 1}"
2803,2,10,"{'Monday': 1, 'Thursday': 1}","{'January': 1, 'March': 1}"
304,2,10,"{'Thursday': 1, 'Wednesday': 1}","{'July': 1, 'September': 1}"
4621,2,10,"{'Saturday': 1, 'Thursday': 1}","{'December': 1, 'March': 1}"
4811,2,10,"{'Sunday': 1, 'Thursday': 1}",{'June': 2}
7702,2,10,"{'Wednesday': 1, 'Thursday': 1}","{'July': 1, 'October': 1}"
2595,2,10,"{'Monday': 1, 'Thursday': 1}","{'April': 1, 'March': 1}"
2195,2,10,"{'Friday': 1, 'Thursday': 1}","{'December': 1, 'March': 1}"
5009,2,10,"{'Thursday': 1, 'Sunday': 1}","{'July': 1, 'September': 1}"
8380,2,10,"{'Thursday': 1, 'Monday': 1}","{'June': 1, 'April': 1}"
975,2,10,"{'Thursday': 1, 'Tuesday': 1}","{'June': 1, 'July': 1}"
8958,2,10,"{'Friday': 1, 'Thursday': 1}",{'June': 2}
1468,2,10,"{'Tuesday': 1, 'Thursday': 1}","{'August': 1, 'June': 1}"
8257,2,10,{'Thursday': 2},"{'July': 1, 'August': 1}"
1422,2,10,"{'Thursday': 1, 'Friday': 1}","{'July': 1, 'September': 1}"
3916,2,10,"{'Thursday': 1, 'Monday': 1}","{'April': 1, 'January': 1}"
5256,2,10,"{'Sunday': 1, 'Thursday': 1}","{'January': 1, 'May': 1}"
5634,2,10,"{'Thursday': 1, 'Sunday': 1}","{'January': 1, 'November': 1}"
356,2,10,"{'Thursday': 1, 'Saturday': 1}","{'January': 1, 'March': 1}"
5547,2,10,"{'Monday': 1, 'Thursday': 1}","{'July': 1, 'February': 1}"
8473,2,10,"{'Thursday': 1, 'Friday': 1}","{'July': 1, 'May': 1}"
7260,2,10,"{'Wednesday': 1, 'Thursday': 1}","{'July': 1, 'December': 1}"
2456,2,10,"{'Saturday': 1, 'Thursday': 1}","{'April': 1, 'August': 1}"
2407,2,10,"{'Sunday': 1, 'Thursday': 1}","{'January': 1, 'July': 1}"
1641,2,10,"{'Saturday': 1, 'Thursday': 1}","{'January': 1, 'July': 1}"
2822,2,10,"{'Monday': 1, 'Thursday': 1}","{'August': 1, 'September': 1}"
7623,2,10,{'Thursday': 2},"{'April': 1, 'June': 1}"
5777,2,10,"{'Thursday': 1, 'Sunday': 1}","{'April': 1, 'May': 1}"
5450,2,10,"{'Thursday': 1, 'Wednesday': 1}","{'April': 1, 'June': 1}"
8115,2,10,"{'Thursday': 1, 'Sunday': 1}","{'June': 1, 'March': 1}"
6581,2,10,"{'Thursday': 1, 'Tuesday': 1}","{'April': 1, 'October': 1}"
5346,2,10,"{'Thursday': 1, 'Monday': 1}","{'April': 1, 'March': 1}"
3774,2,10,"{'Thursday': 1, 'Friday': 1}","{'April': 1, 'October': 1}"
3600,2,10,{'Thursday': 2},"{'April': 1, 'March': 1}"
8157,2,10,"{'Saturday': 1, 'Thursday': 1}",{'July': 2}
6220,2,10,"{'Thursday': 1, 'Wednesday': 1}","{'July': 1, 'May': 1}"
9607,2,10,"{'Wednesday': 1, 'Thursday': 1}","{'February': 1, 'July': 1}"
3249,2,10,"{'Wednesday': 1, 'Thursday': 1}","{'November': 1, 'July': 1}"
5056,2,10,"{'Thursday': 1, 'Friday': 1}","{'April': 1, 'August': 1}"
3930,2,10,"{'Friday': 1, 'Thursday': 1}","{'August': 1, 'November': 1}"
6687,2,10,"{'Thursday': 1, 'Tuesday': 1}","{'August': 1, 'March': 1}"
66,2,10,"{'Tuesday': 1, 'Thursday': 1}","{'May': 1, 'December': 1}"
531,2,10,"{'Thursday': 1, 'Wednesday': 1}","{'April': 1, 'March': 1}"
6407,2,10,"{'Thursday': 1, 'Friday': 1}","{'February': 1, 'July': 1}"
2184,2,10,"{'Friday': 1, 'Thursday': 1}","{'August': 1, 'February': 1}"
8161,2,10,"{'Friday': 1, 'Thursday': 1}","{'August': 1, 'May': 1}"
3927,2,10,"{'Wednesday': 1, 'Thursday': 1}","{'August': 1, 'April': 1}"
789,2,10,"{'Thursday': 1, 'Saturday': 1}","{'August': 1, 'November': 1}"
8644,2,10,"{'Wednesday': 1, 'Thursday': 1}","{'August': 1, 'January': 1}"
9169,2,10,{'Thursday': 2},"{'November': 1, 'January': 1}"
4525,2,10,"{'Thursday': 1, 'Saturday': 1}","{'June': 1, 'April': 1}"
1436,2,10,"{'Thursday': 1, 'Tuesday': 1}","{'June': 1, 'September': 1}"
8167,2,10,"{'Sunday': 1, 'Thursday': 1}","{'February': 1, 'April': 1}"
5419,2,10,"{'Sunday': 1, 'Thursday': 1}","{'May': 1, 'September': 1}"
1256,2,10,"{'Sunday': 1, 'Thursday': 1}","{'May': 1, 'April': 1}"
6895,2,10,"{'Wednesday': 1, 'Thursday': 1}","{'February': 1, 'September': 1}"
7442,2,10,"{'Thursday': 1, 'Saturday': 1}","{'May': 1, 'March': 1}"
5860,2,10,"{'Saturday': 1, 'Thursday': 1}","{'August': 1, 'September': 1}"
5578,2,10,"{'Tuesday': 1, 'Thursday': 1}","{'August': 1, 'July': 1}"
2375,2,10,"{'Tuesday': 1, 'Thursday': 1}","{'December': 1, 'March': 1}"
5473,2,10,"{'Thursday': 1, 'Monday': 1}","{'May': 1, 'December': 1}"
9272,2,10,"{'Wednesday': 1, 'Thursday': 1}","{'February': 1, 'April': 1}"
9119,2,10,"{'Thursday': 1, 'Friday': 1}",{'August': 2}
6219,2,10,"{'Thursday': 1, 'Monday': 1}",{'August': 2}
2107,2,10,"{'Thursday': 1, 'Saturday': 1}","{'August': 1, 'October': 1}"
7852,2,10,"{'Tuesday': 1, 'Thursday': 1}","{'May': 1, 'December': 1}"
9735,2,10,"{'Thursday': 1, 'Saturday': 1}","{'May': 1, 'July': 1}"
3133,2,10,"{'Thursday': 1, 'Monday': 1}","{'May': 1, 'January': 1}"
1091,2,10,"{'Thursday': 1, 'Monday': 1}","{'May': 1, 'June': 1}"
2778,2,10,"{'Monday': 1, 'Thursday': 1}","{'November': 1, 'August': 1}"
3944,2,10,"{'Tuesday': 1, 'Thursday': 1}","{'May': 1, 'June': 1}"
4732,2,10,{'Thursday': 2},"{'February': 1, 'March': 1}"
806,2,10,"{'Saturday': 1, 'Thursday': 1}","{'February': 1, 'August': 1}"
8290,2,10,"{'Monday': 1, 'Thursday': 1}","{'May': 1, 'September': 1}"
6636,2,10,"{'Sunday': 1, 'Thursday': 1}","{'November': 1, 'January': 1}"
9734,2,10,"{'Friday': 1, 'Thursday': 1}","{'May': 1, 'April': 1}"
7794,2,10,{'Thursday': 2},"{'February': 1, 'September': 1}"
4788,2,10,"{'Thursday': 1, 'Wednesday': 1}","{'February': 1, 'April': 1}"
8527,2,10,"{'Thursday': 1, 'Friday': 1}","{'May': 1, 'August': 1}"
7155,2,10,"{'Thursday': 1, 'Friday': 1}","{'May': 1, 'July': 1}"
776,2,10,"{'Thursday': 1, 'Tuesday': 1}","{'May': 1, 'December': 1}"
3994,2,10,"{'Friday': 1, 'Thursday': 1}","{'August': 1, 'January': 1}"
3847,2,10,{'Thursday': 2},"{'January': 1, 'November': 1}"
8217,2,10,"{'Thursday': 1, 'Friday': 1}","{'October': 1, 'May': 1}"
9583,2,10,"{'Saturday': 1, 'Thursday': 1}","{'December': 1, 'July': 1}"
6996,2,10,"{'Friday': 1, 'Thursday': 1}","{'April': 1, 'December': 1}"
9428,2,10,"{'Thursday': 1, 'Saturday': 1}","{'February': 1, 'October': 1}"
7918,2,10,"{'Thursday': 1, 'Friday': 1}","{'May': 1, 'September': 1}"
8801,2,10,"{'Thursday': 1, 'Saturday': 1}","{'September': 1, 'April': 1}"
2843,2,10,"{'Thursday': 1, 'Saturday': 1}",{'September': 2}
1628,2,10,"{'Thursday': 1, 'Monday': 1}","{'September': 1, 'October': 1}"
2227,2,10,"{'Wednesday': 1, 'Thursday': 1}","{'May': 1, 'January': 1}"
7424,2,10,{'Thursday': 2},"{'February': 1, 'August': 1}"
6284,2,10,"{'Thursday': 1, 'Friday': 1}","{'January': 1, 'March': 1}"
1719,2,10,"{'Saturday': 1, 'Thursday': 1}","{'January': 1, 'June': 1}"
8684,2,10,"{'Friday': 1, 'Thursday': 1}","{'January': 1, 'June': 1}"
8872,2,10,"{'Saturday': 1, 'Thursday': 1}","{'December': 1, 'April': 1}"
4542,2,10,"{'Thursday': 1, 'Saturday': 1}","{'February': 1, 'March': 1}"
1788,2,10,"{'Thursday': 1, 'Monday': 1}","{'September': 1, 'March': 1}"
814,2,10,"{'Saturday': 1, 'Thursday': 1}","{'April': 1, 'December': 1}"
90,2,10,"{'Sunday': 1, 'Thursday': 1}","{'January': 1, 'July': 1}"
2549,2,10,"{'Thursday': 1, 'Monday': 1}","{'January': 1, 'February': 1}"
4167,2,10,"{'Thursday': 1, 'Monday': 1}","{'May': 1, 'April': 1}"
9814,2,10,"{'Thursday': 1, 'Monday': 1}","{'February': 1, 'September': 1}"
3689,2,10,"{'Monday': 1, 'Thursday': 1}","{'May': 1, 'November': 1}"
2836,2,10,"{'Friday': 1, 'Thursday': 1}",{'April': 2}
7598,2,10,"{'Thursday': 1, 'Monday': 1}","{'April': 1, 'October': 1}"
2628,2,10,"{'Thursday': 1, 'Saturday': 1}",{'April': 2}
9826,2,10,"{'Friday': 1, 'Thursday': 1}","{'October': 1, 'March': 1}"
1096,2,10,"{'Thursday': 1, 'Tuesday': 1}","{'September': 1, 'May': 1}"
8947,2,10,"{'Thursday': 1, 'Friday': 1}","{'April': 1, 'December': 1}"
5589,2,10,"{'Thursday': 1, 'Tuesday': 1}","{'September': 1, 'May': 1}"
3042,2,10,"{'Thursday': 1, 'Saturday': 1}","{'April': 1, 'November': 1}"
2787,2,10,"{'Monday': 1, 'Thursday': 1}","{'March': 1, 'December': 1}"
1455,2,10,"{'Monday': 1, 'Thursday': 1}","{'March': 1, 'April': 1}"
4389,2,10,"{'Thursday': 1, 'Tuesday': 1}","{'September': 1, 'July': 1}"
5351,2,10,"{'Thursday': 1, 'Monday': 1}","{'September': 1, 'November': 1}"
233,2,10,"{'Sunday': 1, 'Thursday': 1}","{'December': 1, 'February': 1}"
4532,2,10,"{'Saturday': 1, 'Thursday': 1}","{'December': 1, 'September': 1}"
6055,2,10,{'Thursday': 2},"{'January': 1, 'July': 1}"
9292,2,10,"{'Thursday': 1, 'Friday': 1}","{'April': 1, 'August': 1}"
9242,2,10,"{'Thursday': 1, 'Wednesday': 1}","{'April': 1, 'August': 1}"
1304,2,10,"{'Monday': 1, 'Thursday': 1}","{'August': 1, 'December': 1}"
5813,2,10,"{'Wednesday': 1, 'Thursday': 1}","{'December': 1, 'November': 1}"
5816,2,10,"{'Thursday': 1, 'Monday': 1}","{'April': 1, 'September': 1}"
1906,2,10,"{'Thursday': 1, 'Saturday': 1}","{'December': 1, 'July': 1}"
2988,2,10,"{'Friday': 1, 'Thursday': 1}","{'December': 1, 'June': 1}"
6887,2,10,"{'Sunday': 1, 'Thursday': 1}",{'September': 2}
7906,2,10,"{'Thursday': 1, 'Tuesday': 1}","{'September': 1, 'March': 1}"
8418,2,10,"{'Thursday': 1, 'Monday': 1}","{'April': 1, 'October': 1}"
1731,2,10,"{'Friday': 1, 'Thursday': 1}","{'October': 1, 'August': 1}"
5434,2,10,"{'Thursday': 1, 'Friday': 1}","{'April': 1, 'January': 1}"
1824,2,10,{'Thursday': 2},"{'February': 1, 'August': 1}"
4599,2,10,"{'Wednesday': 1, 'Thursday': 1}","{'February': 1, 'October': 1}"
4214,2,10,"{'Thursday': 1, 'Saturday': 1}","{'October': 1, 'March': 1}"
6056,2,10,{'Thursday': 2},"{'April': 1, 'July': 1}"
9789,2,10,"{'Wednesday': 1, 'Thursday': 1}","{'April': 1, 'May': 1}"
6822,2,10,"{'Tuesday': 1, 'Thursday': 1}","{'April': 1, 'September': 1}"
864,2,10,"{'Sunday': 1, 'Thursday': 1}",{'October': 2}
8092,2,10,"{'Tuesday': 1, 'Thursday': 1}","{'March': 1, 'September': 1}"
9931,2,10,"{'Thursday': 1, 'Monday': 1}","{'April': 1, 'January': 1}"
9782,2,10,{'Thursday': 2},"{'April': 1, 'September': 1}"
3646,2,10,"{'Saturday': 1, 'Thursday': 1}","{'April': 1, 'February': 1}"
782,2,10,"{'Thursday': 1, 'Friday': 1}","{'April': 1, 'December': 1}"
6306,2,10,"{'Monday': 1, 'Thursday': 1}","{'August': 1, 'February': 1}"
9665,2,10,"{'Monday': 1, 'Thursday': 1}","{'August': 1, 'April': 1}"
2133,2,10,"{'Thursday': 1, 'Saturday': 1}","{'April': 1, 'March': 1}"
210,2,10,{'Thursday': 2},"{'April': 1, 'May': 1}"
5542,2,10,"{'Thursday': 1, 'Monday': 1}","{'April': 1, 'March': 1}"
5276,2,10,"{'Monday': 1, 'Thursday': 1}","{'March': 1, 'August': 1}"
4527,2,10,"{'Tuesday': 1, 'Thursday': 1}","{'April': 1, 'June': 1}"
1237,2,10,"{'Tuesday': 1, 'Thursday': 1}","{'April': 1, 'September': 1}"
1944,2,10,"{'Friday': 1, 'Thursday': 1}","{'October': 1, 'August': 1}"
9618,2,10,"{'Thursday': 1, 'Friday': 1}","{'December': 1, 'June': 1}"
4664,2,10,"{'Thursday': 1, 'Wednesday': 1}","{'December': 1, 'July': 1}"
5729,2,10,"{'Friday': 1, 'Thursday': 1}","{'August': 1, 'November': 1}"
9246,2,10,"{'Friday': 1, 'Thursday': 1}","{'October': 1, 'September': 1}"
2983,2,10,"{'Thursday': 1, 'Friday': 1}","{'October': 1, 'May': 1}"
9158,2,10,"{'Thursday': 1, 'Wednesday': 1}","{'February': 1, 'September': 1}"
9386,2,10,"{'Tuesday': 1, 'Thursday': 1}","{'April': 1, 'March': 1}"
9717,2,10,"{'Thursday': 1, 'Friday': 1}","{'December': 1, 'September': 1}"
2283,2,10,"{'Thursday': 1, 'Tuesday': 1}","{'October': 1, 'January': 1}"
6391,2,10,"{'Sunday': 1, 'Thursday': 1}","{'April': 1, 'May': 1}"
5217,2,10,"{'Wednesday': 1, 'Thursday': 1}","{'March': 1, 'June': 1}"
1936,2,10,"{'Saturday': 1, 'Thursday': 1}","{'March': 1, 'May': 1}"
9644,2,10,"{'Thursday': 1, 'Wednesday': 1}","{'March': 1, 'October': 1}"
1713,2,10,"{'Tuesday': 1, 'Thursday': 1}","{'March': 1, 'November': 1}"
9700,2,10,"{'Thursday': 1, 'Tuesday': 1}","{'March': 1, 'September': 1}"
6846,2,10,"{'Thursday': 1, 'Tuesday': 1}","{'March': 1, 'December': 1}"
5803,2,10,"{'Wednesday': 1, 'Thursday': 1}",{'August': 2}
2542,2,10,"{'Friday': 1, 'Thursday': 1}","{'March': 1, 'February': 1}"
5507,2,10,"{'Thursday': 1, 'Monday': 1}","{'March': 1, 'September': 1}"
4330,2,10,"{'Saturday': 1, 'Thursday': 1}","{'March': 1, 'August': 1}"
3512,2,10,"{'Tuesday': 1, 'Thursday': 1}","{'March': 1, 'December': 1}"
8231,2,10,"{'Thursday': 1, 'Tuesday': 1}","{'March': 1, 'June': 1}"
4038,2,10,"{'Thursday': 1, 'Saturday': 1}","{'October': 1, 'January': 1}"
2152,2,10,"{'Friday': 1, 'Thursday': 1}","{'August': 1, 'April': 1}"
594,2,10,"{'Thursday': 1, 'Tuesday': 1}","{'March': 1, 'September': 1}"
2977,2,10,"{'Thursday': 1, 'Wednesday': 1}","{'November': 1, 'June': 1}"
3110,2,10,"{'Thursday': 1, 'Monday': 1}","{'March': 1, 'November': 1}"
1442,2,10,"{'Wednesday': 1, 'Thursday': 1}","{'August': 1, 'April': 1}"
250,2,10,"{'Wednesday': 1, 'Thursday': 1}","{'October': 1, 'June': 1}"
2886,2,10,"{'Friday': 1, 'Thursday': 1}","{'November': 1, 'May': 1}"
879,2,10,"{'Thursday': 1, 'Friday': 1}","{'December': 1, 'March': 1}"
9600,2,10,"{'Thursday': 1, 'Sunday': 1}","{'November': 1, 'October': 1}"
7770,2,10,"{'Monday': 1, 'Thursday': 1}","{'March': 1, 'November': 1}"
1671,2,10,"{'Monday': 1, 'Thursday': 1}","{'April': 1, 'July': 1}"
4190,2,10,{'Thursday': 2},"{'March': 1, 'June': 1}"
1893,2,10,"{'Saturday': 1, 'Thursday': 1}","{'March': 1, 'July': 1}"
2071,2,10,"{'Friday': 1, 'Thursday': 1}","{'March': 1, 'October': 1}"
6842,2,10,"{'Wednesday': 1, 'Thursday': 1}","{'November': 1, 'April': 1}"
1247,2,10,"{'Sunday': 1, 'Thursday': 1}","{'November': 1, 'June': 1}"
7466,2,10,"{'Thursday': 1, 'Friday': 1}","{'March': 1, 'June': 1}"
9436,2,10,"{'Thursday': 1, 'Tuesday': 1}","{'November': 1, 'April': 1}"
2359,2,10,"{'Thursday': 1, 'Friday': 1}","{'November': 1, 'January': 1}"
8611,2,10,"{'Thursday': 1, 'Sunday': 1}","{'March': 1, 'June': 1}"
817,2,10,"{'Thursday': 1, 'Friday': 1}","{'March': 1, 'June': 1}"
154,2,10,"{'Thursday': 1, 'Monday': 1}","{'March': 1, 'November': 1}"
1770,2,10,"{'Thursday': 1, 'Wednesday': 1}","{'August': 1, 'December': 1}"
6908,2,10,"{'Tuesday': 1, 'Thursday': 1}","{'November': 1, 'February': 1}"
9820,2,10,"{'Sunday': 1, 'Thursday': 1}","{'November': 1, 'October': 1}"
226,2,10,"{'Sunday': 1, 'Thursday': 1}","{'November': 1, 'February': 1}"
2724,2,10,"{'Wednesday': 1, 'Thursday': 1}","{'September': 1, 'May': 1}"
4637,2,10,"{'Thursday': 1, 'Monday': 1}","{'April': 1, 'March': 1}"
2444,2,10,"{'Thursday': 1, 'Monday': 1}","{'November': 1, 'March': 1}"
2095,2,10,{'Thursday': 2},"{'November': 1, 'February': 1}"
7298,2,10,"{'Thursday': 1, 'Sunday': 1}","{'November': 1, 'May': 1}"
3461,2,10,"{'Thursday': 1, 'Friday': 1}","{'November': 1, 'December': 1}"
1017,2,10,"{'Thursday': 1, 'Sunday': 1}","{'November': 1, 'May': 1}"
397,2,10,"{'Thursday': 1, 'Sunday': 1}","{'March': 1, 'September': 1}"
141,2,10,"{'Wednesday': 1, 'Thursday': 1}","{'November': 1, 'September': 1}"
8391,2,10,"{'Friday': 1, 'Thursday': 1}","{'January': 1, 'September': 1}"
4,2,10,"{'Thursday': 1, 'Saturday': 1}","{'August': 1, 'October': 1}"
4906,2,10,"{'Thursday': 1, 'Saturday': 1}",{'April': 2}
3862,2,10,"{'Thursday': 1, 'Monday': 1}","{'April': 1, 'March': 1}"
9500,2,10,"{'Thursday': 1, 'Wednesday': 1}","{'March': 1, 'July': 1}"
2952,2,10,"{'Friday': 1, 'Thursday': 1}",{'November': 2}
8084,2,10,"{'Sunday': 1, 'Thursday': 1}","{'February': 1, 'March': 1}"
2562,2,10,"{'Thursday': 1, 'Saturday': 1}",{'September': 2}
8286,2,10,"{'Monday': 1, 'Thursday': 1}","{'September': 1, 'October': 1}"
111,2,10,"{'Thursday': 1, 'Monday': 1}","{'November': 1, 'January': 1}"
4467,2,10,"{'Wednesday': 1, 'Thursday': 1}","{'December': 1, 'August': 1}"
4612,2,10,"{'Monday': 1, 'Thursday': 1}","{'November': 1, 'June': 1}"
8740,2,10,"{'Saturday': 1, 'Thursday': 1}","{'February': 1, 'September': 1}"
5548,2,10,"{'Thursday': 1, 'Tuesday': 1}","{'November': 1, 'March': 1}"
1069,2,10,"{'Thursday': 1, 'Sunday': 1}","{'November': 1, 'May': 1}"
2147,2,10,"{'Thursday': 1, 'Saturday': 1}","{'February': 1, 'November': 1}"
9412,2,10,"{'Thursday': 1, 'Sunday': 1}","{'April': 1, 'June': 1}"
9800,2,10,{'Thursday': 2},"{'August': 1, 'July': 1}"
5403,2,10,"{'Thursday': 1, 'Monday': 1}","{'August': 1, 'April': 1}"
8641,2,10,"{'Thursday': 1, 'Wednesday': 1}","{'December': 1, 'February': 1}"
4027,2,10,"{'Thursday': 1, 'Wednesday': 1}","{'December': 1, 'June': 1}"
4886,2,10,"{'Tuesday': 1, 'Thursday': 1}","{'November': 1, 'December': 1}"
6384,2,10,"{'Monday': 1, 'Thursday': 1}","{'October': 1, 'August': 1}"
6568,2,10,"{'Sunday': 1, 'Thursday': 1}","{'December': 1, 'June': 1}"
3357,2,10,"{'Sunday': 1, 'Thursday': 1}","{'December': 1, 'August': 1}"
8006,2,10,"{'Monday': 1, 'Thursday': 1}","{'February': 1, 'August': 1}"
764,2,10,"{'Thursday': 1, 'Wednesday': 1}","{'September': 1, 'November': 1}"
3583,2,10,"{'Friday': 1, 'Thursday': 1}","{'September': 1, 'February': 1}"
1779,2,10,"{'Friday': 1, 'Thursday': 1}","{'September': 1, 'October': 1}"
5230,2,10,"{'Thursday': 1, 'Monday': 1}","{'May': 1, 'June': 1}"
627,2,10,"{'Wednesday': 1, 'Thursday': 1}",{'December': 2}
3130,2,10,"{'Saturday': 1, 'Thursday': 1}","{'March': 1, 'July': 1}"
9394,2,10,"{'Saturday': 1, 'Thursday': 1}","{'September': 1, 'November': 1}"
731,2,10,"{'Friday': 1, 'Thursday': 1}","{'December': 1, 'May': 1}"
9148,2,10,"{'Thursday': 1, 'Wednesday': 1}","{'December': 1, 'August': 1}"
7912,2,10,"{'Thursday': 1, 'Sunday': 1}","{'November': 1, 'January': 1}"
5569,2,10,"{'Thursday': 1, 'Sunday': 1}",{'November': 2}
5713,2,10,"{'Wednesday': 1, 'Thursday': 1}","{'November': 1, 'June': 1}"
6051,2,10,"{'Thursday': 1, 'Tuesday': 1}","{'February': 1, 'April': 1}"
3848,2,10,"{'Thursday': 1, 'Wednesday': 1}","{'February': 1, 'July': 1}"
955,2,10,"{'Wednesday': 1, 'Thursday': 1}","{'February': 1, 'December': 1}"
1545,2,10,"{'Thursday': 1, 'Tuesday': 1}","{'December': 1, 'May': 1}"
2751,2,10,"{'Saturday': 1, 'Thursday': 1}",{'March': 2}
4345,2,10,{'Thursday': 2},"{'September': 1, 'May': 1}"
3592,2,10,"{'Thursday': 1, 'Wednesday': 1}","{'September': 1, 'January': 1}"
8329,2,10,"{'Tuesday': 1, 'Thursday': 1}","{'September': 1, 'February': 1}"
5744,2,10,"{'Thursday': 1, 'Saturday': 1}",{'September': 2}
5101,2,10,"{'Monday': 1, 'Thursday': 1}","{'December': 1, 'January': 1}"
6255,2,10,"{'Thursday': 1, 'Monday': 1}","{'December': 1, 'May': 1}"
5500,2,10,"{'Thursday': 1, 'Saturday': 1}","{'December': 1, 'June': 1}"
1595,2,10,"{'Thursday': 1, 'Sunday': 1}","{'May': 1, 'August': 1}"
357,2,10,"{'Thursday': 1, 'Sunday': 1}",{'May': 2}
3535,2,10,"{'Monday': 1, 'Thursday': 1}","{'August': 1, 'March': 1}"
3679,2,10,"{'Thursday': 1, 'Tuesday': 1}","{'February': 1, 'March': 1}"
8146,2,10,"{'Friday': 1, 'Thursday': 1}","{'March': 1, 'December': 1}"
9203,2,10,"{'Thursday': 1, 'Sunday': 1}","{'March': 1, 'July': 1}"
8809,2,10,"{'Thursday': 1, 'Monday': 1}","{'March': 1, 'November': 1}"
8142,2,10,"{'Saturday': 1, 'Thursday': 1}","{'May': 1, 'August': 1}"
7970,2,10,"{'Thursday': 1, 'Monday': 1}","{'May': 1, 'June': 1}"
7239,2,10,"{'Thursday': 1, 'Sunday': 1}","{'February': 1, 'November': 1}"
6881,2,10,"{'Thursday': 1, 'Monday': 1}","{'February': 1, 'May': 1}"
4248,2,10,"{'Thursday': 1, 'Saturday': 1}","{'February': 1, 'October': 1}"
1809,2,10,"{'Thursday': 1, 'Friday': 1}","{'February': 1, 'July': 1}"
4120,2,10,"{'Wednesday': 1, 'Thursday': 1}","{'November': 1, 'September': 1}"
5544,2,10,"{'Saturday': 1, 'Thursday': 1}","{'September': 1, 'February': 1}"
3141,2,10,"{'Thursday': 1, 'Monday': 1}","{'September': 1, 'July': 1}"
5524,2,10,"{'Sunday': 1, 'Thursday': 1}","{'November': 1, 'September': 1}"
7094,2,10,"{'Thursday': 1, 'Sunday': 1}",{'March': 2}
7776,2,10,"{'Sunday': 1, 'Thursday': 1}","{'December': 1, 'May': 1}"
8648,2,10,"{'Thursday': 1, 'Wednesday': 1}","{'February': 1, 'August': 1}"
1948,2,10,"{'Saturday': 1, 'Thursday': 1}","{'August': 1, 'April': 1}"
824,2,10,"{'Friday': 1, 'Thursday': 1}","{'December': 1, 'August': 1}"
8083,2,10,"{'Thursday': 1, 'Wednesday': 1}","{'December': 1, 'February': 1}"
8766,2,10,"{'Friday': 1, 'Thursday': 1}","{'September': 1, 'July': 1}"
1302,2,10,"{'Monday': 1, 'Thursday': 1}","{'January': 1, 'July': 1}"
5765,2,10,{'Thursday': 2},{'January': 2}
4287,2,10,"{'Thursday': 1, 'Saturday': 1}","{'January': 1, 'December': 1}"
2356,2,10,"{'Thursday': 1, 'Tuesday': 1}","{'September': 1, 'January': 1}"
1794,2,10,{'Thursday': 2},{'September': 2}
6131,2,10,"{'Monday': 1, 'Thursday': 1}","{'March': 1, 'August': 1}"
2932,2,10,"{'Thursday': 1, 'Monday': 1}","{'December': 1, 'March': 1}"
2572,2,10,"{'Thursday': 1, 'Sunday': 1}","{'January': 1, 'July': 1}"
1660,2,10,"{'Thursday': 1, 'Monday': 1}",{'January': 2}
4947,2,10,"{'Wednesday': 1, 'Thursday': 1}","{'January': 1, 'April': 1}"
4558,2,10,{'Thursday': 2},"{'January': 1, 'February': 1}"
7169,2,10,"{'Tuesday': 1, 'Thursday': 1}","{'October': 1, 'May': 1}"
5905,2,10,"{'Saturday': 1, 'Thursday': 1}","{'November': 1, 'June': 1}"
1321,2,10,"{'Friday': 1, 'Thursday': 1}","{'May': 1, 'July': 1}"
9586,2,10,"{'Thursday': 1, 'Saturday': 1}","{'January': 1, 'November': 1}"
3061,2,10,"{'Thursday': 1, 'Monday': 1}",{'January': 2}
2251,2,10,"{'Thursday': 1, 'Sunday': 1}","{'January': 1, 'May': 1}"
42,2,10,{'Thursday': 2},"{'September': 1, 'June': 1}"
911,2,10,"{'Saturday': 1, 'Thursday': 1}","{'January': 1, 'February': 1}"
8452,2,10,"{'Thursday': 1, 'Wednesday': 1}","{'January': 1, 'November': 1}"
6713,2,10,"{'Monday': 1, 'Thursday': 1}","{'September': 1, 'August': 1}"
4198,2,10,"{'Wednesday': 1, 'Thursday': 1}","{'January': 1, 'June': 1}"
9761,2,10,"{'Wednesday': 1, 'Thursday': 1}","{'January': 1, 'June': 1}"
8773,2,10,"{'Wednesday': 1, 'Thursday': 1}","{'January': 1, 'April': 1}"
4737,2,10,"{'Tuesday': 1, 'Thursday': 1}","{'January': 1, 'March': 1}"
3169,2,10,"{'Tuesday': 1, 'Thursday': 1}","{'January': 1, 'April': 1}"
5037,2,10,"{'Thursday': 1, 'Wednesday': 1}","{'November': 1, 'October': 1}"
2115,2,10,"{'Friday': 1, 'Thursday': 1}","{'October': 1, 'July': 1}"
8539,2,10,"{'Monday': 1, 'Thursday': 1}","{'March': 1, 'November': 1}"
769,2,10,"{'Sunday': 1, 'Thursday': 1}","{'March': 1, 'April': 1}"
5705,2,10,"{'Sunday': 1, 'Thursday': 1}","{'January': 1, 'May': 1}"
6142,2,10,"{'Friday': 1, 'Thursday': 1}","{'January': 1, 'June': 1}"
9084,2,10,"{'Tuesday': 1, 'Thursday': 1}","{'January': 1, 'August': 1}"
7643,2,10,"{'Thursday': 1, 'Saturday': 1}","{'September': 1, 'March': 1}"
7258,2,10,"{'Thursday': 1, 'Friday': 1}","{'September': 1, 'December': 1}"
5908,2,10,"{'Thursday': 1, 'Monday': 1}","{'September': 1, 'May': 1}"
4645,2,10,"{'Thursday': 1, 'Saturday': 1}","{'September': 1, 'July': 1}"
8857,2,10,"{'Friday': 1, 'Thursday': 1}","{'January': 1, 'November': 1}"
6024,2,10,"{'Friday': 1, 'Thursday': 1}","{'October': 1, 'April': 1}"
3811,2,10,"{'Friday': 1, 'Thursday': 1}","{'October': 1, 'April': 1}"
4142,2,10,"{'Thursday': 1, 'Friday': 1}","{'October': 1, 'March': 1}"
7677,2,10,"{'Thursday': 1, 'Wednesday': 1}","{'February': 1, 'November': 1}"
2272,2,10,"{'Thursday': 1, 'Monday': 1}","{'February': 1, 'November': 1}"
3792,2,10,"{'Thursday': 1, 'Friday': 1}","{'September': 1, 'February': 1}"
5174,2,10,"{'Sunday': 1, 'Thursday': 1}","{'February': 1, 'May': 1}"
2636,2,10,"{'Thursday': 1, 'Friday': 1}","{'January': 1, 'December': 1}"
3700,2,10,"{'Monday': 1, 'Thursday': 1}","{'September': 1, 'June': 1}"
9421,2,10,"{'Thursday': 1, 'Sunday': 1}","{'September': 1, 'January': 1}"
8975,2,10,"{'Thursday': 1, 'Saturday': 1}","{'February': 1, 'June': 1}"
9742,2,10,{'Thursday': 2},"{'February': 1, 'March': 1}"
9407,2,10,"{'Thursday': 1, 'Friday': 1}","{'October': 1, 'April': 1}"
6703,2,10,"{'Thursday': 1, 'Saturday': 1}",{'October': 2}
3354,2,10,"{'Monday': 1, 'Thursday': 1}","{'January': 1, 'October': 1}"
9756,2,10,"{'Saturday': 1, 'Thursday': 1}","{'January': 1, 'November': 1}"
8504,2,10,"{'Thursday': 1, 'Monday': 1}","{'May': 1, 'November': 1}"
6607,2,10,"{'Thursday': 1, 'Friday': 1}","{'May': 1, 'April': 1}"
7355,2,10,"{'Tuesday': 1, 'Thursday': 1}","{'October': 1, 'November': 1}"
4807,2,10,"{'Friday': 1, 'Thursday': 1}","{'January': 1, 'August': 1}"
8567,2,10,"{'Friday': 1, 'Thursday': 1}",{'September': 2}
8747,2,10,"{'Monday': 1, 'Thursday': 1}","{'January': 1, 'May': 1}"
9759,2,10,"{'Thursday': 1, 'Sunday': 1}",{'January': 2}
3051,2,10,"{'Wednesday': 1, 'Thursday': 1}","{'February': 1, 'June': 1}"
9105,2,10,"{'Thursday': 1, 'Wednesday': 1}","{'February': 1, 'October': 1}"
2432,2,10,"{'Thursday': 1, 'Friday': 1}","{'February': 1, 'July': 1}"
2088,2,10,"{'Thursday': 1, 'Wednesday': 1}","{'February': 1, 'May': 1}"
8411,2,10,"{'Saturday': 1, 'Thursday': 1}","{'March': 1, 'August': 1}"
3750,2,10,"{'Saturday': 1, 'Thursday': 1}","{'March': 1, 'August': 1}"
6759,2,10,{'Thursday': 2},"{'January': 1, 'February': 1}"
949,2,10,"{'Friday': 1, 'Thursday': 1}",{'December': 2}
8247,2,10,"{'Thursday': 1, 'Monday': 1}",{'December': 2}
7208,2,10,"{'Saturday': 1, 'Thursday': 1}","{'October': 1, 'July': 1}"
375,2,10,"{'Thursday': 1, 'Saturday': 1}",{'October': 2}
6367,2,10,"{'Thursday': 1, 'Wednesday': 1}","{'December': 1, 'April': 1}"
5200,2,10,"{'Thursday': 1, 'Wednesday': 1}","{'December': 1, 'May': 1}"
7553,2,10,"{'Friday': 1, 'Thursday': 1}","{'September': 1, 'March': 1}"
1009,2,10,"{'Tuesday': 1, 'Thursday': 1}","{'September': 1, 'August': 1}"
1449,2,10,"{'Saturday': 1, 'Thursday': 1}","{'February': 1, 'October': 1}"
8687,2,10,"{'Thursday': 1, 'Monday': 1}","{'March': 1, 'June': 1}"
5611,2,10,"{'Thursday': 1, 'Sunday': 1}","{'March': 1, 'December': 1}"
5347,2,10,"{'Thursday': 1, 'Sunday': 1}","{'March': 1, 'February': 1}"
5613,2,10,"{'Thursday': 1, 'Friday': 1}","{'March': 1, 'October': 1}"
650,2,10,"{'Wednesday': 1, 'Thursday': 1}","{'September': 1, 'August': 1}"
2659,2,10,"{'Thursday': 1, 'Tuesday': 1}","{'September': 1, 'April': 1}"
8985,2,10,{'Thursday': 2},"{'December': 1, 'August': 1}"
3548,2,10,"{'Thursday': 1, 'Tuesday': 1}","{'October': 1, 'June': 1}"
3604,2,10,"{'Thursday': 1, 'Tuesday': 1}","{'June': 1, 'September': 1}"
1078,2,10,{'Thursday': 2},"{'June': 1, 'May': 1}"
9721,2,10,"{'Thursday': 1, 'Saturday': 1}","{'March': 1, 'September': 1}"
69,2,10,"{'Thursday': 1, 'Wednesday': 1}","{'March': 1, 'January': 1}"
3258,2,10,"{'Tuesday': 1, 'Thursday': 1}","{'March': 1, 'November': 1}"
3509,2,10,"{'Thursday': 1, 'Saturday': 1}","{'March': 1, 'September': 1}"
7446,2,10,"{'Thursday': 1, 'Tuesday': 1}","{'August': 1, 'June': 1}"
8244,2,10,"{'Tuesday': 1, 'Thursday': 1}","{'August': 1, 'September': 1}"
218,2,10,"{'Thursday': 1, 'Tuesday': 1}","{'September': 1, 'January': 1}"
9979,2,10,"{'Tuesday': 1, 'Thursday': 1}","{'September': 1, 'March': 1}"
803,2,10,"{'Thursday': 1, 'Friday': 1}","{'June': 1, 'August': 1}"
8144,2,10,"{'Wednesday': 1, 'Thursday': 1}",{'March': 2}
3767,2,10,"{'Saturday': 1, 'Thursday': 1}","{'June': 1, 'August': 1}"
8263,2,10,"{'Thursday': 1, 'Friday': 1}","{'December': 1, 'July': 1}"
5429,2,10,"{'Thursday': 1, 'Wednesday': 1}","{'December': 1, 'August': 1}"
5220,2,10,"{'Thursday': 1, 'Saturday': 1}","{'December': 1, 'April': 1}"
2870,2,10,"{'Friday': 1, 'Thursday': 1}","{'October': 1, 'December': 1}"
7095,2,10,"{'Friday': 1, 'Thursday': 1}",{'September': 2}
5720,2,10,"{'Saturday': 1, 'Thursday': 1}","{'December': 1, 'May': 1}"
5468,2,10,"{'Monday': 1, 'Thursday': 1}","{'June': 1, 'January': 1}"
5244,2,10,"{'Thursday': 1, 'Monday': 1}","{'March': 1, 'July': 1}"
9453,2,10,{'Thursday': 2},"{'September': 1, 'May': 1}"
1777,2,10,"{'Tuesday': 1, 'Thursday': 1}","{'September': 1, 'April': 1}"
1967,2,10,"{'Thursday': 1, 'Tuesday': 1}",{'September': 2}
9205,2,10,"{'Monday': 1, 'Thursday': 1}","{'December': 1, 'June': 1}"
9371,2,10,"{'Monday': 1, 'Thursday': 1}","{'November': 1, 'October': 1}"
8903,2,10,"{'Monday': 1, 'Thursday': 1}","{'November': 1, 'February': 1}"
2211,2,10,"{'Thursday': 1, 'Tuesday': 1}","{'December': 1, 'February': 1}"
8158,2,10,"{'Saturday': 1, 'Thursday': 1}","{'March': 1, 'December': 1}"
8666,2,10,"{'Thursday': 1, 'Tuesday': 1}","{'March': 1, 'April': 1}"
4376,2,10,"{'Tuesday': 1, 'Thursday': 1}","{'December': 1, 'November': 1}"
2966,2,10,"{'Tuesday': 1, 'Thursday': 1}","{'December': 1, 'November': 1}"
2498,2,10,"{'Monday': 1, 'Thursday': 1}","{'December': 1, 'November': 1}"
3585,2,10,"{'Wednesday': 1, 'Thursday': 1}","{'March': 1, 'July': 1}"
3386,2,10,"{'Saturday': 1, 'Thursday': 1}","{'September': 1, 'April': 1}"
3617,2,10,"{'Thursday': 1, 'Monday': 1}","{'September': 1, 'March': 1}"
1437,2,10,"{'Thursday': 1, 'Wednesday': 1}","{'September': 1, 'December': 1}"
3389,2,10,"{'Friday': 1, 'Thursday': 1}","{'June': 1, 'May': 1}"
8459,2,10,"{'Friday': 1, 'Thursday': 1}","{'March': 1, 'July': 1}"
9385,2,10,{'Thursday': 2},"{'April': 1, 'January': 1}"
9915,2,10,"{'Sunday': 1, 'Thursday': 1}","{'March': 1, 'June': 1}"
5961,2,10,"{'Tuesday': 1, 'Thursday': 1}","{'January': 1, 'September': 1}"
8393,2,10,"{'Saturday': 1, 'Thursday': 1}","{'September': 1, 'February': 1}"
4154,2,10,"{'Thursday': 1, 'Saturday': 1}","{'September': 1, 'June': 1}"
4579,2,10,"{'Tuesday': 1, 'Thursday': 1}","{'December': 1, 'May': 1}"
4882,2,10,"{'Thursday': 1, 'Saturday': 1}","{'March': 1, 'October': 1}"
8277,2,10,"{'Thursday': 1, 'Monday': 1}","{'February': 1, 'December': 1}"
2189,2,10,{'Thursday': 2},"{'February': 1, 'June': 1}"
361,2,10,"{'Thursday': 1, 'Sunday': 1}","{'February': 1, 'April': 1}"
3985,2,10,"{'Thursday': 1, 'Tuesday': 1}","{'April': 1, 'May': 1}"
2504,2,10,"{'Thursday': 1, 'Monday': 1}","{'April': 1, 'October': 1}"
9606,2,10,"{'Thursday': 1, 'Sunday': 1}","{'April': 1, 'November': 1}"
1341,2,10,"{'Thursday': 1, 'Tuesday': 1}","{'December': 1, 'February': 1}"
7705,2,10,"{'Tuesday': 1, 'Thursday': 1}","{'December': 1, 'June': 1}"
3793,2,10,{'Thursday': 2},"{'August': 1, 'January': 1}"
727,2,10,"{'Saturday': 1, 'Thursday': 1}","{'June': 1, 'August': 1}"
4063,2,10,"{'Thursday': 1, 'Monday': 1}","{'September': 1, 'November': 1}"
3489,2,10,"{'Thursday': 1, 'Wednesday': 1}",{'September': 2}
2342,2,10,{'Thursday': 2},"{'September': 1, 'March': 1}"
2186,2,10,{'Thursday': 2},"{'September': 1, 'December': 1}"
6101,2,10,"{'Thursday': 1, 'Friday': 1}","{'December': 1, 'September': 1}"
3268,2,10,"{'Wednesday': 1, 'Thursday': 1}","{'April': 1, 'August': 1}"
1307,2,10,"{'Friday': 1, 'Thursday': 1}","{'September': 1, 'October': 1}"
1544,2,10,"{'Tuesday': 1, 'Thursday': 1}","{'July': 1, 'December': 1}"
176,2,10,"{'Friday': 1, 'Thursday': 1}","{'October': 1, 'November': 1}"
6635,2,10,"{'Thursday': 1, 'Monday': 1}","{'April': 1, 'May': 1}"
4397,2,10,"{'Thursday': 1, 'Wednesday': 1}","{'April': 1, 'October': 1}"
4247,2,10,"{'Thursday': 1, 'Friday': 1}","{'April': 1, 'May': 1}"
354,2,10,"{'Thursday': 1, 'Wednesday': 1}","{'April': 1, 'August': 1}"
626,2,10,"{'Wednesday': 1, 'Thursday': 1}","{'January': 1, 'February': 1}"
1699,2,10,"{'Friday': 1, 'Thursday': 1}","{'December': 1, 'March': 1}"
902,2,10,"{'Friday': 1, 'Thursday': 1}","{'December': 1, 'September': 1}"
8442,2,10,"{'Thursday': 1, 'Friday': 1}","{'December': 1, 'June': 1}"
8349,2,10,"{'Thursday': 1, 'Sunday': 1}","{'April': 1, 'June': 1}"
6126,2,10,{'Thursday': 2},"{'September': 1, 'November': 1}"
870,2,10,"{'Thursday': 1, 'Sunday': 1}","{'September': 1, 'June': 1}"
5869,2,10,"{'Thursday': 1, 'Wednesday': 1}","{'November': 1, 'January': 1}"
7482,2,10,"{'Monday': 1, 'Thursday': 1}","{'November': 1, 'June': 1}"
3072,2,10,"{'Saturday': 1, 'Thursday': 1}","{'November': 1, 'January': 1}"
8386,2,10,"{'Sunday': 1, 'Thursday': 1}","{'April': 1, 'July': 1}"
458,2,10,"{'Monday': 1, 'Thursday': 1}","{'January': 1, 'June': 1}"
3526,2,10,"{'Thursday': 1, 'Sunday': 1}","{'April': 1, 'August': 1}"
1863,2,10,"{'Thursday': 1, 'Sunday': 1}","{'April': 1, 'June': 1}"
236,2,10,"{'Thursday': 1, 'Monday': 1}",{'March': 2}
5919,2,10,"{'Thursday': 1, 'Friday': 1}",{'May': 2}
3768,2,10,"{'Thursday': 1, 'Saturday': 1}","{'May': 1, 'April': 1}"
2727,2,10,"{'Thursday': 1, 'Friday': 1}","{'May': 1, 'December': 1}"
2139,2,10,"{'Tuesday': 1, 'Thursday': 1}","{'October': 1, 'December': 1}"
373,2,10,"{'Thursday': 1, 'Wednesday': 1}","{'October': 1, 'January': 1}"
8101,2,10,"{'Friday': 1, 'Thursday': 1}","{'November': 1, 'February': 1}"
1081,2,10,{'Thursday': 2},"{'May': 1, 'January': 1}"
455,2,10,"{'Wednesday': 1, 'Thursday': 1}","{'November': 1, 'March': 1}"
8220,2,10,"{'Thursday': 1, 'Sunday': 1}","{'October': 1, 'February': 1}"
7228,2,10,"{'Thursday': 1, 'Friday': 1}","{'November': 1, 'March': 1}"
7839,2,10,"{'Tuesday': 1, 'Thursday': 1}","{'March': 1, 'May': 1}"
3181,2,10,"{'Tuesday': 1, 'Thursday': 1}","{'March': 1, 'August': 1}"
6927,2,10,"{'Monday': 1, 'Thursday': 1}","{'March': 1, 'November': 1}"
9911,2,10,{'Thursday': 2},"{'August': 1, 'December': 1}"
183,2,10,"{'Thursday': 1, 'Monday': 1}","{'August': 1, 'February': 1}"
4849,2,10,{'Thursday': 2},"{'November': 1, 'July': 1}"
1018,2,10,"{'Thursday': 1, 'Monday': 1}","{'November': 1, 'March': 1}"
5040,2,10,"{'Saturday': 1, 'Thursday': 1}","{'May': 1, 'April': 1}"
5977,2,10,"{'Thursday': 1, 'Tuesday': 1}","{'May': 1, 'January': 1}"
9828,2,10,"{'Saturday': 1, 'Thursday': 1}","{'May': 1, 'April': 1}"
1925,2,10,"{'Monday': 1, 'Thursday': 1}","{'June': 1, 'October': 1}"
9247,2,10,{'Thursday': 2},{'June': 2}
8458,2,10,{'Thursday': 2},"{'June': 1, 'February': 1}"
1911,2,10,"{'Thursday': 1, 'Tuesday': 1}","{'June': 1, 'September': 1}"
6058,2,10,"{'Wednesday': 1, 'Thursday': 1}","{'May': 1, 'January': 1}"
7768,2,10,"{'Wednesday': 1, 'Thursday': 1}","{'April': 1, 'June': 1}"
6516,2,10,"{'Saturday': 1, 'Thursday': 1}","{'April': 1, 'August': 1}"
2207,2,10,"{'Tuesday': 1, 'Thursday': 1}","{'September': 1, 'October': 1}"
5982,2,10,"{'Saturday': 1, 'Thursday': 1}",{'November': 2}
5921,2,10,"{'Friday': 1, 'Thursday': 1}","{'October': 1, 'February': 1}"
7168,2,10,"{'Thursday': 1, 'Tuesday': 1}","{'August': 1, 'October': 1}"
225,2,10,"{'Tuesday': 1, 'Thursday': 1}","{'September': 1, 'June': 1}"
9019,2,10,"{'Thursday': 1, 'Sunday': 1}","{'November': 1, 'December': 1}"
4991,2,10,"{'Thursday': 1, 'Friday': 1}",{'November': 2}
5686,2,10,"{'Thursday': 1, 'Monday': 1}","{'June': 1, 'October': 1}"
4042,2,10,{'Thursday': 2},"{'June': 1, 'January': 1}"
1289,2,10,"{'Thursday': 1, 'Saturday': 1}","{'June': 1, 'May': 1}"
2489,2,10,"{'Monday': 1, 'Thursday': 1}","{'October': 1, 'May': 1}"
2691,2,10,"{'Tuesday': 1, 'Thursday': 1}","{'June': 1, 'December': 1}"
591,2,10,"{'Friday': 1, 'Thursday': 1}","{'June': 1, 'April': 1}"
3780,2,10,"{'Monday': 1, 'Thursday': 1}","{'September': 1, 'January': 1}"
3087,2,10,"{'Friday': 1, 'Thursday': 1}","{'June': 1, 'February': 1}"
5180,2,10,"{'Wednesday': 1, 'Thursday': 1}","{'November': 1, 'July': 1}"
6348,2,10,"{'Thursday': 1, 'Monday': 1}","{'June': 1, 'October': 1}"
2852,2,10,"{'Thursday': 1, 'Friday': 1}","{'June': 1, 'July': 1}"
8881,2,10,{'Thursday': 2},"{'May': 1, 'July': 1}"
3458,2,10,"{'Wednesday': 1, 'Thursday': 1}","{'May': 1, 'July': 1}"
1912,2,10,"{'Sunday': 1, 'Thursday': 1}","{'August': 1, 'July': 1}"
3601,2,10,{'Thursday': 2},"{'August': 1, 'February': 1}"
2242,2,10,"{'Thursday': 1, 'Saturday': 1}","{'October': 1, 'May': 1}"
8138,2,10,"{'Friday': 1, 'Thursday': 1}","{'January': 1, 'August': 1}"
7085,2,10,{'Thursday': 2},"{'June': 1, 'May': 1}"
337,2,10,"{'Thursday': 1, 'Monday': 1}","{'November': 1, 'May': 1}"
3656,2,10,"{'Thursday': 1, 'Wednesday': 1}","{'June': 1, 'August': 1}"
6954,2,10,"{'Wednesday': 1, 'Thursday': 1}","{'August': 1, 'December': 1}"
5041,2,10,"{'Thursday': 1, 'Tuesday': 1}","{'June': 1, 'March': 1}"
341,2,10,"{'Thursday': 1, 'Monday': 1}","{'July': 1, 'February': 1}"
7880,2,10,"{'Friday': 1, 'Thursday': 1}","{'August': 1, 'November': 1}"
7294,2,10,"{'Thursday': 1, 'Friday': 1}","{'August': 1, 'December': 1}"
2895,2,10,"{'Monday': 1, 'Thursday': 1}","{'June': 1, 'August': 1}"
1591,2,10,"{'Monday': 1, 'Thursday': 1}","{'June': 1, 'April': 1}"
1614,2,10,"{'Friday': 1, 'Thursday': 1}","{'June': 1, 'December': 1}"
3900,2,10,"{'Friday': 1, 'Thursday': 1}","{'October': 1, 'March': 1}"
8339,2,10,"{'Thursday': 1, 'Saturday': 1}","{'June': 1, 'August': 1}"
6637,2,10,"{'Monday': 1, 'Thursday': 1}","{'November': 1, 'September': 1}"
5517,2,10,"{'Friday': 1, 'Thursday': 1}","{'October': 1, 'August': 1}"
4584,2,10,"{'Friday': 1, 'Thursday': 1}","{'October': 1, 'January': 1}"
3785,2,10,"{'Monday': 1, 'Thursday': 1}","{'October': 1, 'September': 1}"
9358,2,10,"{'Thursday': 1, 'Sunday': 1}","{'July': 1, 'April': 1}"
3561,2,10,"{'Thursday': 1, 'Tuesday': 1}","{'October': 1, 'December': 1}"
8754,2,10,"{'Thursday': 1, 'Wednesday': 1}","{'October': 1, 'December': 1}"
7798,2,10,"{'Thursday': 1, 'Wednesday': 1}",{'October': 2}
5849,2,10,"{'Thursday': 1, 'Saturday': 1}","{'October': 1, 'December': 1}"
7591,2,10,"{'Saturday': 1, 'Thursday': 1}","{'October': 1, 'April': 1}"
2711,2,10,"{'Thursday': 1, 'Friday': 1}",{'May': 2}
4295,2,10,"{'Thursday': 1, 'Friday': 1}","{'August': 1, 'January': 1}"
4441,2,10,"{'Thursday': 1, 'Friday': 1}","{'July': 1, 'September': 1}"
147,2,10,{'Thursday': 2},"{'July': 1, 'June': 1}"
2077,2,10,"{'Thursday': 1, 'Sunday': 1}","{'October': 1, 'January': 1}"
836,2,10,"{'Thursday': 1, 'Monday': 1}","{'October': 1, 'September': 1}"
5671,2,10,"{'Wednesday': 1, 'Thursday': 1}","{'July': 1, 'September': 1}"
7796,2,10,"{'Thursday': 1, 'Tuesday': 1}","{'July': 1, 'August': 1}"
762,2,10,"{'Saturday': 1, 'Thursday': 1}","{'August': 1, 'September': 1}"
8834,2,10,"{'Sunday': 1, 'Thursday': 1}","{'June': 1, 'September': 1}"
1249,2,10,"{'Thursday': 1, 'Saturday': 1}","{'July': 1, 'April': 1}"
2448,2,10,"{'Thursday': 1, 'Monday': 1}","{'August': 1, 'September': 1}"
2155,2,10,"{'Thursday': 1, 'Tuesday': 1}",{'August': 2}
6779,2,10,"{'Sunday': 1, 'Thursday': 1}","{'July': 1, 'August': 1}"
6878,2,10,"{'Sunday': 1, 'Thursday': 1}","{'July': 1, 'August': 1}"
1067,2,10,"{'Wednesday': 1, 'Thursday': 1}","{'May': 1, 'July': 1}"
9760,2,10,"{'Thursday': 1, 'Friday': 1}","{'October': 1, 'May': 1}"
9222,2,10,"{'Sunday': 1, 'Thursday': 1}","{'June': 1, 'September': 1}"
8685,2,10,"{'Tuesday': 1, 'Thursday': 1}","{'August': 1, 'March': 1}"
4746,2,10,"{'Tuesday': 1, 'Thursday': 1}","{'August': 1, 'January': 1}"
5530,2,10,"{'Friday': 1, 'Thursday': 1}","{'August': 1, 'September': 1}"
4890,2,10,"{'Friday': 1, 'Thursday': 1}",{'August': 2}
6285,1,11,{'Thursday': 1},{'September': 1}
4578,1,11,{'Thursday': 1},{'July': 1}
1909,1,11,{'Thursday': 1},{'July': 1}
736,1,11,{'Thursday': 1},{'July': 1}
6937,1,11,{'Thursday': 1},{'August': 1}
1433,1,11,{'Thursday': 1},{'July': 1}
8218,1,11,{'Thursday': 1},{'July': 1}
5318,1,11,{'Thursday': 1},{'August': 1}
2130,1,11,{'Thursday': 1},{'August': 1}
3613,1,11,{'Thursday': 1},{'June': 1}
613,1,11,{'Thursday': 1},{'June': 1}
1199,1,11,{'Thursday': 1},{'July': 1}
8506,1,11,{'Thursday': 1},{'June': 1}
3032,1,11,{'Thursday': 1},{'August': 1}
8777,1,11,{'Thursday': 1},{'June': 1}
5588,1,11,{'Thursday': 1},{'June': 1}
130,1,11,{'Thursday': 1},{'June': 1}
745,1,11,{'Thursday': 1},{'August': 1}
2601,1,11,{'Thursday': 1},{'May': 1}
9357,1,11,{'Thursday': 1},{'May': 1}
1103,1,11,{'Thursday': 1},{'May': 1}
7068,1,11,{'Thursday': 1},{'April': 1}
1368,1,11,{'Thursday': 1},{'April': 1}
3431,1,11,{'Thursday': 1},{'September': 1}
2323,1,11,{'Thursday': 1},{'September': 1}
8374,1,11,{'Thursday': 1},{'September': 1}
5413,1,11,{'Thursday': 1},{'September': 1}
9901,1,11,{'Thursday': 1},{'March': 1}
3532,1,11,{'Thursday': 1},{'March': 1}
2036,1,11,{'Thursday': 1},{'April': 1}
1837,1,11,{'Thursday': 1},{'April': 1}
8887,1,11,{'Thursday': 1},{'September': 1}
6912,1,11,{'Thursday': 1},{'March': 1}
2687,1,11,{'Thursday': 1},{'March': 1}
8605,1,11,{'Thursday': 1},{'March': 1}
5970,1,11,{'Thursday': 1},{'March': 1}
5435,1,11,{'Thursday': 1},{'March': 1}
9188,1,11,{'Thursday': 1},{'February': 1}
3358,1,11,{'Thursday': 1},{'February': 1}
3499,1,11,{'Thursday': 1},{'February': 1}
1883,1,11,{'Thursday': 1},{'February': 1}
7685,1,11,{'Thursday': 1},{'November': 1}
4653,1,11,{'Thursday': 1},{'January': 1}
5482,1,11,{'Thursday': 1},{'November': 1}
778,1,11,{'Thursday': 1},{'November': 1}
9951,1,11,{'Thursday': 1},{'December': 1}
7988,1,11,{'Thursday': 1},{'December': 1}
6666,1,11,{'Thursday': 1},{'December': 1}
3438,1,11,{'Thursday': 1},{'December': 1}
664,1,11,{'Thursday': 1},{'December': 1}
9474,1,11,{'Thursday': 1},{'December': 1}
8528,1,11,{'Thursday': 1},{'November': 1}
6608,1,11,{'Thursday': 1},{'November': 1}
5781,1,11,{'Thursday': 1},{'November': 1}
8370,1,11,{'Thursday': 1},{'November': 1}
2410,1,11,{'Thursday': 1},{'November': 1}
4208,1,11,{'Thursday': 1},{'December': 1}
2705,1,11,{'Thursday': 1},{'December': 1}
4140,1,11,{'Thursday': 1},{'November': 1}
8493,1,11,{'Thursday': 1},{'November': 1}
1037,1,11,{'Thursday': 1},{'December': 1}
3948,1,11,{'Thursday': 1},{'November': 1}
8761,1,11,{'Thursday': 1},{'October': 1}
2766,1,11,{'Thursday': 1},{'December': 1}
2194,1,11,{'Thursday': 1},{'December': 1}
1666,1,11,{'Thursday': 1},{'December': 1}
9440,1,11,{'Thursday': 1},{'October': 1}
5286,1,11,{'Thursday': 1},{'October': 1}
1680,1,11,{'Thursday': 1},{'October': 1}
1776,1,11,{'Thursday': 1},{'October': 1}
2058,1,11,{'Thursday': 1},{'September': 1}
1724,1,11,{'Thursday': 1},{'December': 1}
3636,1,11,{'Thursday': 1},{'September': 1}
2765,1,11,{'Thursday': 1},{'September': 1}
6711,1,11,{'Thursday': 1},{'January': 1}
4623,1,11,{'Thursday': 1},{'August': 1}
4072,1,11,{'Thursday': 1},{'January': 1}
4377,1,11,{'Thursday': 1},{'July': 1}
2842,1,11,{'Thursday': 1},{'August': 1}
1031,1,11,{'Thursday': 1},{'July': 1}
8547,1,11,{'Thursday': 1},{'July': 1}
6942,1,11,{'Thursday': 1},{'August': 1}
7096,1,11,{'Thursday': 1},{'August': 1}
779,1,11,{'Thursday': 1},{'July': 1}
3856,1,11,{'Thursday': 1},{'January': 1}
9602,1,11,{'Thursday': 1},{'June': 1}
9833,1,11,{'Thursday': 1},{'January': 1}
2043,1,11,{'Thursday': 1},{'June': 1}
7539,1,11,{'Thursday': 1},{'June': 1}
1482,1,11,{'Thursday': 1},{'June': 1}
5594,1,11,{'Thursday': 1},{'May': 1}
7707,1,11,{'Thursday': 1},{'March': 1}
8713,1,11,{'Thursday': 1},{'May': 1}
5083,1,11,{'Thursday': 1},{'May': 1}
6264,1,11,{'Thursday': 1},{'February': 1}
9379,1,11,{'Thursday': 1},{'April': 1}
1999,1,11,{'Thursday': 1},{'April': 1}
1669,1,11,{'Thursday': 1},{'April': 1}
1594,1,11,{'Thursday': 1},{'April': 1}
1051,1,11,{'Thursday': 1},{'April': 1}
419,1,11,{'Thursday': 1},{'March': 1}
739,1,11,{'Thursday': 1},{'April': 1}
3907,1,11,{'Thursday': 1},{'March': 1}
5837,1,11,{'Thursday': 1},{'April': 1}
3012,1,11,{'Thursday': 1},{'April': 1}
6817,1,11,{'Thursday': 1},{'March': 1}
1705,1,11,{'Thursday': 1},{'March': 1}
1220,1,11,{'Thursday': 1},{'March': 1}
6402,1,11,{'Thursday': 1},{'April': 1}
4730,1,11,{'Thursday': 1},{'March': 1}
3481,1,11,{'Thursday': 1},{'August': 1}
3829,1,11,{'Thursday': 1},{'February': 1}
5236,1,11,{'Thursday': 1},{'April': 1}
4940,1,11,{'Thursday': 1},{'April': 1}
4622,1,11,{'Thursday': 1},{'February': 1}
2877,1,11,{'Thursday': 1},{'February': 1}
1294,1,11,{'Thursday': 1},{'February': 1}
9404,1,11,{'Thursday': 1},{'May': 1}
2050,1,11,{'Thursday': 1},{'May': 1}
8478,1,11,{'Thursday': 1},{'January': 1}
2648,1,11,{'Thursday': 1},{'May': 1}
5066,1,11,{'Thursday': 1},{'January': 1}
7848,1,11,{'Thursday': 1},{'May': 1}
5470,1,11,{'Thursday': 1},{'May': 1}
8199,1,11,{'Thursday': 1},{'June': 1}
4260,1,11,{'Thursday': 1},{'June': 1}
9716,1,11,{'Thursday': 1},{'December': 1}
7842,1,11,{'Thursday': 1},{'December': 1}
5115,1,11,{'Thursday': 1},{'December': 1}
9026,1,11,{'Thursday': 1},{'December': 1}
9525,1,11,{'Thursday': 1},{'December': 1}
749,1,11,{'Thursday': 1},{'September': 1}
5018,1,11,{'Thursday': 1},{'September': 1}
765,1,11,{'Thursday': 1},{'November': 1}
6376,1,11,{'Thursday': 1},{'November': 1}
7582,1,11,{'Thursday': 1},{'December': 1}
5002,1,11,{'Thursday': 1},{'July': 1}
2028,1,11,{'Thursday': 1},{'July': 1}
5484,1,11,{'Thursday': 1},{'November': 1}
6320,1,11,{'Thursday': 1},{'July': 1}
6487,1,11,{'Thursday': 1},{'July': 1}
7188,1,11,{'Thursday': 1},{'October': 1}
1756,1,11,{'Thursday': 1},{'October': 1}
7249,1,11,{'Thursday': 1},{'October': 1}
5374,1,11,{'Thursday': 1},{'October': 1}
3446,1,11,{'Thursday': 1},{'October': 1}
9304,1,11,{'Thursday': 1},{'September': 1}
8659,1,11,{'Thursday': 1},{'September': 1}
9333,1,11,{'Thursday': 1},{'August': 1}
6818,1,11,{'Thursday': 1},{'August': 1}
2893,1,11,{'Thursday': 1},{'August': 1}
1636,1,11,{'Thursday': 1},{'August': 1}
1378,1,11,{'Thursday': 1},{'September': 1}
4630,1,11,{'Thursday': 1},{'September': 1}
2876,1,11,{'Thursday': 1},{'August': 1}
3763,1,11,{'Thursday': 1},{'September': 1}
504,1,11,{'Thursday': 1},{'September': 1}
7227,1,11,{'Thursday': 1},{'September': 1}
942,1,11,{'Thursday': 1},{'September': 1}
1290,1,11,{'Thursday': 1},{'October': 1}
3644,1,11,{'Thursday': 1},{'September': 1}
6540,1,11,{'Thursday': 1},{'October': 1}
4894,1,11,{'Thursday': 1},{'October': 1}
464,1,11,{'Thursday': 1},{'February': 1}
6924,1,11,{'Thursday': 1},{'October': 1}
3669,1,11,{'Thursday': 1},{'October': 1}
433,1,11,{'Thursday': 1},{'October': 1}
6523,1,11,{'Thursday': 1},{'September': 1}
1744,1,11,{'Thursday': 1},{'September': 1}
6660,1,11,{'Thursday': 1},{'November': 1}
4468,1,11,{'Thursday': 1},{'November': 1}
3903,1,11,{'Thursday': 1},{'May': 1}
5312,1,11,{'Thursday': 1},{'November': 1}
7758,1,11,{'Thursday': 1},{'November': 1}
6735,1,11,{'Thursday': 1},{'April': 1}
1346,1,11,{'Thursday': 1},{'December': 1}
9855,1,11,{'Thursday': 1},{'December': 1}
1082,1,11,{'Thursday': 1},{'December': 1}
909,1,11,{'Thursday': 1},{'December': 1}
3687,1,11,{'Thursday': 1},{'April': 1}
2399,1,11,{'Thursday': 1},{'April': 1}
1691,1,11,{'Thursday': 1},{'April': 1}
9360,1,11,{'Thursday': 1},{'January': 1}
6946,1,11,{'Thursday': 1},{'January': 1}
563,1,11,{'Thursday': 1},{'April': 1}
3031,1,11,{'Thursday': 1},{'January': 1}
1375,1,11,{'Thursday': 1},{'February': 1}
9104,1,11,{'Thursday': 1},{'March': 1}
9003,1,11,{'Thursday': 1},{'February': 1}
5128,1,11,{'Thursday': 1},{'February': 1}
9018,1,11,{'Thursday': 1},{'March': 1}
8998,1,11,{'Thursday': 1},{'March': 1}
7253,1,11,{'Thursday': 1},{'March': 1}
9603,1,11,{'Thursday': 1},{'March': 1}
9653,1,11,{'Thursday': 1},{'March': 1}
9808,1,11,{'Thursday': 1},{'March': 1}
9939,1,11,{'Thursday': 1},{'April': 1}
3003,1,11,{'Thursday': 1},{'April': 1}
3956,1,11,{'Thursday': 1},{'March': 1}
1089,1,11,{'Thursday': 1},{'April': 1}
8272,1,11,{'Thursday': 1},{'April': 1}
934,1,11,{'Thursday': 1},{'April': 1}
9856,1,11,{'Thursday': 1},{'February': 1}
3701,1,11,{'Thursday': 1},{'April': 1}
5786,1,11,{'Thursday': 1},{'May': 1}
3664,1,11,{'Thursday': 1},{'February': 1}
1083,1,11,{'Thursday': 1},{'February': 1}
8625,1,11,{'Thursday': 1},{'May': 1}
9083,1,11,{'Thursday': 1},{'June': 1}
1285,1,11,{'Thursday': 1},{'June': 1}
6690,1,11,{'Thursday': 1},{'August': 1}
8595,1,11,{'Thursday': 1},{'July': 1}
9174,1,11,{'Thursday': 1},{'September': 1}
119,1,11,{'Thursday': 1},{'July': 1}
4712,1,11,{'Thursday': 1},{'August': 1}
222,1,11,{'Thursday': 1},{'August': 1}
4284,1,11,{'Thursday': 1},{'August': 1}
