date,unique_numbers_seen,avg_progress,top_avg_progress,top_numbers
2020-07-11,18,8.33,8.33,"0320,9542,9240,9216,8929,7774,7369,7009,6552,7736"
2020-07-12,18,8.33,8.33,"0320,9542,9240,9216,8929,7774,7369,7009,6552,7736"
2020-07-13,18,8.33,8.33,"0320,9542,9240,9216,8929,7774,7369,7009,6552,7736"
2020-07-14,18,8.33,8.33,"0320,9542,9240,9216,8929,7774,7369,7009,6552,7736"
2020-07-15,18,8.33,8.33,"0320,9542,9240,9216,8929,7774,7369,7009,6552,7736"
2020-07-16,18,8.33,8.33,"0320,9542,9240,9216,8929,7774,7369,7009,6552,7736"
2020-07-17,18,8.33,8.33,"0320,9542,9240,9216,8929,7774,7369,7009,6552,7736"
2020-07-18,36,8.33,8.33,"0320,9542,9240,9216,8929,7774,7369,7009,6552,7736"
2020-07-19,36,8.33,8.33,"0320,9542,9240,9216,8929,7774,7369,7009,6552,7736"
2020-07-20,36,8.33,8.33,"0320,9542,9240,9216,8929,7774,7369,7009,6552,7736"
2020-07-21,36,8.33,8.33,"0320,9542,9240,9216,8929,7774,7369,7009,6552,7736"
2020-07-22,36,8.33,8.33,"0320,9542,9240,9216,8929,7774,7369,7009,6552,7736"
2020-07-23,36,8.33,8.33,"0320,9542,9240,9216,8929,7774,7369,7009,6552,7736"
2020-07-24,36,8.33,8.33,"0320,9542,9240,9216,8929,7774,7369,7009,6552,7736"
2020-07-25,54,8.33,8.33,"0320,9542,9240,9216,8929,7774,7369,7009,6552,7736"
2020-07-26,54,8.33,8.33,"0320,9542,9240,9216,8929,7774,7369,7009,6552,7736"
2020-07-27,54,8.33,8.33,"0320,9542,9240,9216,8929,7774,7369,7009,6552,7736"
2020-07-28,54,8.33,8.33,"0320,9542,9240,9216,8929,7774,7369,7009,6552,7736"
2020-07-29,54,8.33,8.33,"0320,9542,9240,9216,8929,7774,7369,7009,6552,7736"
2020-07-30,54,8.33,8.33,"0320,9542,9240,9216,8929,7774,7369,7009,6552,7736"
2020-07-31,54,8.33,8.33,"0320,9542,9240,9216,8929,7774,7369,7009,6552,7736"
2020-08-01,72,8.33,8.33,"0320,9542,9240,9216,8929,7774,7369,7009,6552,7736"
2020-08-02,72,8.33,8.33,"0320,9542,9240,9216,8929,7774,7369,7009,6552,7736"
2020-08-03,90,8.33,8.33,"0320,9542,9240,9216,8929,7774,7369,7009,6552,7736"
2020-08-04,90,8.33,8.33,"0320,9542,9240,9216,8929,7774,7369,7009,6552,7736"
2020-08-05,108,8.33,8.33,"0320,9542,9240,9216,8929,7774,7369,7009,6552,7736"
2020-08-06,108,8.33,8.33,"0320,9542,9240,9216,8929,7774,7369,7009,6552,7736"
2020-08-07,126,8.33,8.33,"0320,9542,9240,9216,8929,7774,7369,7009,6552,7736"
2020-08-08,126,8.33,8.33,"0320,9542,9240,9216,8929,7774,7369,7009,6552,7736"
2020-08-09,126,8.33,8.33,"0320,9542,9240,9216,8929,7774,7369,7009,6552,7736"
2020-08-10,126,8.33,8.33,"0320,9542,9240,9216,8929,7774,7369,7009,6552,7736"
2020-08-11,144,8.33,8.33,"0320,9542,9240,9216,8929,7774,7369,7009,6552,7736"
2020-08-12,144,8.33,8.33,"0320,9542,9240,9216,8929,7774,7369,7009,6552,7736"
2020-08-13,162,8.33,8.33,"0320,9542,9240,9216,8929,7774,7369,7009,6552,7736"
2020-08-14,162,8.33,8.33,"0320,9542,9240,9216,8929,7774,7369,7009,6552,7736"
2020-08-15,162,8.33,8.33,"0320,9542,9240,9216,8929,7774,7369,7009,6552,7736"
2020-08-16,162,8.33,8.33,"0320,9542,9240,9216,8929,7774,7369,7009,6552,7736"
2020-08-17,180,8.33,8.33,"0320,9542,9240,9216,8929,7774,7369,7009,6552,7736"
2020-08-18,180,8.33,8.33,"0320,9542,9240,9216,8929,7774,7369,7009,6552,7736"
2020-08-19,197,8.38,9.17,"1124,9542,9240,9216,0320,7774,7369,7009,6552,7736"
2020-08-20,197,8.38,9.17,"1124,9542,9240,9216,0320,7774,7369,7009,6552,7736"
2020-08-21,215,8.37,9.17,"1124,9542,0320,9216,8929,7774,9240,7009,6552,7736"
2020-08-22,215,8.37,9.17,"1124,9542,0320,9216,8929,7774,9240,7009,6552,7736"
2020-08-23,215,8.37,9.17,"1124,9542,0320,9216,8929,7774,9240,7009,6552,7736"
2020-08-24,215,8.37,9.17,"1124,9542,0320,9216,8929,7774,9240,7009,6552,7736"
2020-08-25,233,8.37,9.17,"1124,9542,9240,9216,8929,7774,7369,7009,0320,7736"
2020-08-26,233,8.37,9.17,"1124,9542,9240,9216,8929,7774,7369,7009,0320,7736"
2020-08-27,251,8.37,9.17,"1124,9542,0320,9216,8929,7774,7369,7009,6552,7736"
2020-08-28,251,8.37,9.17,"1124,9542,0320,9216,8929,7774,7369,7009,6552,7736"
2020-08-29,269,8.36,9.17,"1124,9216,8929,7774,7369,7009,6552,7736,3941,3710"
2020-08-30,269,8.36,9.17,"1124,9216,8929,7774,7369,7009,6552,7736,3941,3710"
2020-08-31,269,8.36,9.17,"1124,9216,8929,7774,7369,7009,6552,7736,3941,3710"
2020-09-01,269,8.36,9.17,"1124,9216,8929,7774,7369,7009,6552,7736,3941,3710"
2020-09-02,287,8.36,9.17,"1124,7774,7369,7009,6552,7736,3941,3710,2654,1386"
2020-09-03,287,8.36,9.17,"1124,7774,7369,7009,6552,7736,3941,3710,2654,1386"
2020-09-04,304,8.39,10.0,"1124,5762,7497,7395,6527,6057,5053,0079,0322,0467"
2020-09-05,304,8.39,10.0,"1124,5762,7497,7395,6527,6057,5053,0079,0322,0467"
2020-09-06,304,8.39,10.0,"1124,5762,7497,7395,6527,6057,5053,0079,0322,0467"
2020-09-07,304,8.39,10.0,"1124,5762,7497,7395,6527,6057,5053,0079,0322,0467"
2020-09-08,321,8.41,10.83,"7296,1124,5762,6009,8823,8653,7577,7366,7186,5307"
2020-09-09,321,8.41,10.83,"7296,1124,5762,6009,8823,8653,7577,7366,7186,5307"
2020-09-10,339,8.41,10.83,"7296,1124,5762,5662,6503,0320,9048,9544,9927,5446"
2020-09-11,339,8.41,10.83,"7296,1124,5762,5662,6503,0320,9048,9544,9927,5446"
2020-09-12,357,8.4,10.83,"7296,1124,5762,6729,5882,7774,3214,8929,5859,5018"
2020-09-13,357,8.4,10.83,"7296,1124,5762,6729,5882,7774,3214,8929,5859,5018"
2020-09-14,373,8.45,12.5,"7296,1124,2327,9770,5762,3214,7774,2193,8929,5206"
2020-09-15,373,8.45,12.5,"7296,1124,2327,9770,5762,3214,7774,2193,8929,5206"
2020-09-16,391,8.44,12.5,"7296,9770,1124,2327,5762,7009,2921,0320,9542,9240"
2020-09-17,391,8.44,12.5,"7296,9770,1124,2327,5762,7009,2921,0320,9542,9240"
2020-09-18,408,8.46,13.33,"9770,2899,7296,1124,2327,5762,1510,0320,9542,9240"
2020-09-19,408,8.46,13.33,"9770,2899,7296,1124,2327,5762,1510,0320,9542,9240"
2020-09-20,408,8.46,13.33,"9770,2899,7296,1124,2327,5762,1510,0320,9542,9240"
2020-09-21,408,8.46,13.33,"9770,2899,7296,1124,2327,5762,1510,0320,9542,9240"
2020-09-22,426,8.45,13.33,"9770,2899,7296,1124,2327,5762,9542,9240,9216,8929"
2020-09-23,426,8.45,13.33,"9770,2899,7296,1124,2327,5762,9542,9240,9216,8929"
2020-09-24,442,8.48,15.0,"9770,2899,7296,1124,2327,5762,4252,1245,9216,8929"
2020-09-25,442,8.48,15.0,"9770,2899,7296,1124,2327,5762,4252,1245,9216,8929"
2020-09-26,459,8.5,15.83,"1124,2327,9770,2899,4169,7296,5762,4252,1245,8929"
2020-09-27,459,8.5,15.83,"1124,2327,9770,2899,4169,7296,5762,4252,1245,8929"
2020-09-28,477,8.49,15.83,"9770,2899,7296,1124,2327,5762,4252,1245,4169,7009"
2020-09-29,477,8.49,15.83,"9770,2899,7296,1124,2327,5762,4252,1245,4169,7009"
2020-09-30,493,8.52,16.67,"2327,1124,2774,5762,7296,9770,2899,4252,1245,3489"
2020-10-01,493,8.52,16.67,"2327,1124,2774,5762,7296,9770,2899,4252,1245,3489"
2020-10-02,493,8.52,16.67,"2327,1124,2774,5762,7296,9770,2899,4252,1245,3489"
2020-10-03,511,8.51,16.67,"9770,2899,4252,2774,5762,1124,2327,7296,1245,3489"
2020-10-04,511,8.51,16.67,"9770,2899,4252,2774,5762,1124,2327,7296,1245,3489"
2020-10-05,528,8.52,16.67,"4252,5762,1124,2327,7296,9770,2774,2899,1245,3489"
2020-10-06,528,8.52,16.67,"4252,5762,1124,2327,7296,9770,2774,2899,1245,3489"
2020-10-07,546,8.52,16.67,"7296,1124,2327,2774,1245,5762,9770,2899,4252,3489"
2020-10-08,546,8.52,16.67,"7296,1124,2327,2774,1245,5762,9770,2899,4252,3489"
2020-10-09,563,8.53,16.67,"7296,1124,2327,2774,1245,5762,9770,2899,4252,3489"
2020-10-10,580,8.53,16.67,"7296,1124,2327,2774,1245,5762,9770,2899,4252,3489"
2020-10-11,580,8.53,16.67,"7296,1124,2327,2774,1245,5762,9770,2899,4252,3489"
2020-10-12,596,8.56,16.67,"2774,2899,1811,1245,1124,2327,5762,9770,7296,4252"
2020-10-13,596,8.56,16.67,"2774,2899,1811,1245,1124,2327,5762,9770,7296,4252"
2020-10-14,613,8.56,16.67,"4252,1124,2327,1811,1245,7536,5762,9770,2774,2899"
2020-10-15,613,8.56,16.67,"4252,1124,2327,1811,1245,7536,5762,9770,2774,2899"
2020-10-16,630,8.57,16.67,"2899,1124,2327,5762,9770,4252,1651,1245,2774,7536"
2020-10-17,630,8.57,16.67,"2899,1124,2327,5762,9770,4252,1651,1245,2774,7536"
2020-10-18,630,8.57,16.67,"2899,1124,2327,5762,9770,4252,1651,1245,2774,7536"
2020-10-19,646,8.59,17.5,"4181,1124,2327,1651,1245,2774,7536,7296,8882,1811"
2020-10-20,646,8.59,17.5,"4181,1124,2327,1651,1245,2774,7536,7296,8882,1811"
2020-10-21,664,8.58,17.5,"4181,1124,2327,1651,1245,2774,7536,7296,8882,1811"
2020-10-22,664,8.58,17.5,"4181,1124,2327,1651,1245,2774,7536,7296,8882,1811"
2020-10-23,680,8.6,17.5,"4181,8882,7536,2774,1811,1124,2327,5762,4252,1651"
2020-10-24,680,8.6,17.5,"4181,8882,7536,2774,1811,1124,2327,5762,4252,1651"
2020-10-25,680,8.6,17.5,"4181,8882,7536,2774,1811,1124,2327,5762,4252,1651"
2020-10-26,696,8.62,17.5,"4181,7296,1124,2327,1245,7536,2899,4782,1811,6576"
2020-10-27,696,8.62,17.5,"4181,7296,1124,2327,1245,7536,2899,4782,1811,6576"
2020-10-28,714,8.61,17.5,"4181,7296,1124,2327,1245,7536,2899,4782,1811,6576"
2020-10-29,714,8.61,17.5,"4181,7296,1124,2327,1245,7536,2899,4782,1811,6576"
2020-10-30,731,8.62,17.5,"4181,7296,1124,2327,1245,7536,2899,4782,1811,6576"
2020-10-31,731,8.62,17.5,"4181,7296,1124,2327,1245,7536,2899,4782,1811,6576"
2020-11-01,731,8.62,17.5,"4181,7296,1124,2327,1245,7536,2899,4782,1811,6576"
2020-11-02,749,8.61,17.5,"4181,9770,6576,3489,1245,5436,5762,4252,2899,1124"
2020-11-03,749,8.61,17.5,"4181,9770,6576,3489,1245,5436,5762,4252,2899,1124"
2020-11-04,766,8.62,17.5,"4181,7296,1124,2327,1245,7536,2899,4782,1811,6576"
2020-11-05,766,8.62,17.5,"4181,7296,1124,2327,1245,7536,2899,4782,1811,6576"
2020-11-06,784,8.61,17.5,"4181,7296,1124,2327,1245,7536,2899,4782,1811,6576"
2020-11-07,784,8.61,17.5,"4181,7296,1124,2327,1245,7536,2899,4782,1811,6576"
2020-11-08,784,8.61,17.5,"4181,7296,1124,2327,1245,7536,2899,4782,1811,6576"
2020-11-09,800,8.62,17.5,"4181,0320,1124,2327,1245,7536,2899,4782,1811,6576"
2020-11-10,800,8.62,17.5,"4181,0320,1124,2327,1245,7536,2899,4782,1811,6576"
2020-11-11,818,8.62,17.5,"4181,7296,1124,2327,1245,7536,2899,4782,1811,6576"
2020-11-12,818,8.62,17.5,"4181,7296,1124,2327,1245,7536,2899,4782,1811,6576"
2020-11-13,834,8.63,17.5,"4181,1124,2327,1245,7536,2899,4782,1811,6576,5762"
2020-11-14,834,8.63,17.5,"4181,1124,2327,1245,7536,2899,4782,1811,6576,5762"
2020-11-15,834,8.63,17.5,"4181,1124,2327,1245,7536,2899,4782,1811,6576,5762"
2020-11-16,850,8.65,17.5,"4181,6576,3489,1245,5882,5762,4252,2899,1124,2327"
2020-11-17,850,8.65,17.5,"4181,6576,3489,1245,5882,5762,4252,2899,1124,2327"
2020-11-18,866,8.66,17.5,"4181,5762,9770,2899,6576,4252,8882,1651,5882,3489"
2020-11-19,866,8.66,17.5,"4181,5762,9770,2899,6576,4252,8882,1651,5882,3489"
2020-11-20,881,8.68,17.5,"4181,7009,9651,2774,0533,6166,8935,6631,5491,5436"
2020-11-21,881,8.68,17.5,"4181,7009,9651,2774,0533,6166,8935,6631,5491,5436"
2020-11-22,881,8.68,17.5,"4181,7009,9651,2774,0533,6166,8935,6631,5491,5436"
2020-11-23,897,8.7,17.5,"4181,7009,9651,7055,0533,2774,6166,1023,8935,6631"
2020-11-24,897,8.7,17.5,"4181,7009,9651,7055,0533,2774,6166,1023,8935,6631"
2020-11-25,912,8.72,17.5,"4181,8827,9522,2774,4782,9770,2010,7009,1510,7536"
2020-11-26,912,8.72,17.5,"4181,8827,9522,2774,4782,9770,2010,7009,1510,7536"
2020-11-27,928,8.73,17.5,"4181,1245,2774,9314,8882,1933,8827,7009,2010,5716"
2020-11-28,928,8.73,17.5,"4181,1245,2774,9314,8882,1933,8827,7009,2010,5716"
2020-11-29,928,8.73,17.5,"4181,1245,2774,9314,8882,1933,8827,7009,2010,5716"
2020-11-30,944,8.74,19.17,"9314,2774,4181,6576,5424,0320,5716,7009,1811,7296"
2020-12-01,958,8.77,20.0,"2774,4181,9314,4252,0164,0320,7055,6584,5902,6166"
2020-12-02,975,8.77,20.0,"2774,9314,4181,4252,8882,7296,1651,7009,2327,5882"
2020-12-03,975,8.77,20.0,"2774,9314,4181,4252,8882,7296,1651,7009,2327,5882"
2020-12-04,992,8.77,20.0,"4252,9314,4181,2774,5762,2899,9770,7009,1651,1933"
2020-12-05,1009,8.77,20.0,"9314,2774,4181,4252,1651,5716,9770,2899,5491,7009"
2020-12-06,1009,8.77,20.0,"9314,2774,4181,4252,1651,5716,9770,2899,5491,7009"
2020-12-07,1027,8.76,20.0,"2774,4181,9314,4252,7009,0533,7055,9651,0164,6584"
2020-12-08,1042,8.78,20.0,"9314,4252,4181,2774,1510,5424,7046,7536,5436,8827"
2020-12-09,1056,8.81,20.0,"4181,2774,4252,9314,1933,6576,2010,1510,5436,1176"
2020-12-10,1056,8.81,20.0,"4181,2774,4252,9314,1933,6576,2010,1510,5436,1176"
2020-12-11,1074,8.8,20.0,"4252,9314,4181,2774,8827,5716,5491,5213,1245,4169"
2020-12-12,1091,8.8,20.0,"4252,4181,9314,2774,8882,0320,1651,9522,5882,6576"
2020-12-13,1091,8.8,20.0,"4252,4181,9314,2774,8882,0320,1651,9522,5882,6576"
2020-12-14,1105,8.82,20.0,"2774,4181,9314,4252,6164,0164,9651,8979,4953,7055"
2020-12-15,1121,8.83,20.0,"2774,9314,4181,4252,3294,6164,0164,4953,8979,0533"
2020-12-16,1136,8.85,20.0,"9314,2774,4252,4181,4267,7296,2313,8882,2831,1637"
2020-12-17,1136,8.85,20.0,"9314,2774,4252,4181,4267,7296,2313,8882,2831,1637"
2020-12-18,1151,8.86,20.0,"9314,4252,2774,4181,0394,3294,9922,6900,6164,8979"
2020-12-19,1168,8.86,20.0,"4252,4181,2774,9314,5213,6631,8935,9927,1933,1811"
2020-12-20,1168,8.86,20.0,"4252,4181,2774,9314,5213,6631,8935,9927,1933,1811"
2020-12-21,1184,8.87,20.0,"4181,9314,2774,4252,3537,9522,1209,8870,0849,7536"
2020-12-22,1199,8.88,20.0,"4252,4181,9314,2774,0849,7046,1510,2313,5436,7009"
2020-12-23,1216,8.88,20.0,"2774,9314,4181,4252,1811,2899,1245,4676,3537,1209"
2020-12-24,1216,8.88,20.0,"2774,9314,4181,4252,1811,2899,1245,4676,3537,1209"
2020-12-25,1231,8.9,20.0,"2774,9314,4181,4252,0394,6164,2165,6197,2190,4256"
2020-12-26,1247,8.9,20.0,"9314,4181,4252,2774,1651,6576,3489,7009,6663,5882"
2020-12-27,1247,8.9,20.0,"9314,4181,4252,2774,1651,6576,3489,7009,6663,5882"
2020-12-28,1263,8.91,20.83,"1245,4181,9314,4252,2774,2831,1637,7046,7009,8935"
2020-12-29,1278,8.92,20.83,"1245,4181,2774,9314,4252,1023,8882,7536,1124,2327"
2020-12-30,1290,8.95,22.5,"4252,9314,1245,4181,2774,0533,1124,2327,0320,3525"
2020-12-31,1290,8.95,22.5,"4252,9314,1245,4181,2774,0533,1124,2327,0320,3525"
2021-01-01,1306,8.96,22.5,"4252,2774,1245,9314,4181,0533,5716,0320,8369,2383"
2021-01-02,1322,8.96,24.17,"4252,1245,4181,9314,2774,5902,8369,0533,4782,0320"
2021-01-03,1322,8.96,24.17,"4252,1245,4181,9314,2774,5902,8369,0533,4782,0320"
2021-01-04,1338,8.97,24.17,"4252,0533,8369,5902,2774,4181,1245,9314,3294,4914"
2021-01-05,1355,8.97,24.17,"4252,2774,0533,8369,4181,5902,9314,1245,6197,9922"
2021-01-06,1371,8.97,24.17,"4252,2774,0533,5902,9314,8369,4181,1245,9922,6197"
2021-01-07,1371,8.97,24.17,"4252,2774,0533,5902,9314,8369,4181,1245,9922,6197"
2021-01-08,1385,8.99,25.83,"4252,9314,8369,5902,4181,2774,1637,1245,0533,8874"
2021-01-09,1399,9.01,25.83,"4252,8369,2774,4181,5902,1245,9314,1637,0533,8874"
2021-01-10,1399,9.01,25.83,"4252,8369,2774,4181,5902,1245,9314,1637,0533,8874"
2021-01-11,1414,9.02,25.83,"4252,4181,5902,2774,1245,1637,8369,9314,0533,8874"
2021-01-12,1430,9.02,25.83,"4252,9314,4181,1245,5902,2774,1637,8369,0533,8874"
2021-01-13,1445,9.03,25.83,"4252,8369,2774,5902,1637,1245,9314,4181,0533,8874"
2021-01-14,1445,9.03,25.83,"4252,8369,2774,5902,1637,1245,9314,4181,0533,8874"
2021-01-15,1460,9.04,25.83,"4252,0533,5902,8874,1637,8369,9314,4181,2774,1245"
2021-01-16,1476,9.04,25.83,"4252,1637,4181,5902,2774,9314,1245,8369,0533,8874"
2021-01-17,1476,9.04,25.83,"4252,1637,4181,5902,2774,9314,1245,8369,0533,8874"
2021-01-18,1493,9.04,25.83,"4252,1245,9314,1637,4181,5902,2774,8369,0533,8874"
2021-01-19,1508,9.05,25.83,"4252,5902,4181,2774,9314,1637,8369,1245,0533,8874"
2021-01-20,1523,9.06,25.83,"4252,2774,4181,5902,9314,8369,1637,1245,0533,8874"
2021-01-21,1523,9.06,25.83,"4252,2774,4181,5902,9314,8369,1637,1245,0533,8874"
2021-01-22,1537,9.08,25.83,"4252,4914,5902,0533,2774,9314,8369,1637,1245,4181"
2021-01-23,1552,9.09,25.83,"4252,2774,1245,4181,5902,8369,1637,9314,0533,8874"
2021-01-24,1552,9.09,25.83,"4252,2774,1245,4181,5902,8369,1637,9314,0533,8874"
2021-01-25,1567,9.09,25.83,"4252,2774,9314,8369,8874,2190,5902,0533,4181,4914"
2021-01-26,1567,9.09,25.83,"4252,2774,9314,8369,8874,2190,5902,0533,4181,4914"
2021-01-27,1579,9.12,25.83,"4252,1637,4181,1245,9314,5902,2774,0533,8369,8874"
2021-01-28,1579,9.12,25.83,"4252,1637,4181,1245,9314,5902,2774,0533,8369,8874"
2021-01-29,1594,9.13,25.83,"4252,2774,0533,4181,8369,5902,2190,8874,4914,9314"
2021-01-30,1606,9.15,25.83,"4252,2774,9522,0533,1637,5902,1245,8369,9314,4181"
2021-01-31,1606,9.15,25.83,"4252,2774,9522,0533,1637,5902,1245,8369,9314,4181"
2021-02-01,1620,9.17,25.83,"4252,2774,1245,9522,8369,1637,5902,0533,9314,4181"
2021-02-02,1634,9.18,25.83,"4252,1245,5213,2774,4181,9522,0533,9314,1637,5902"
2021-02-03,1650,9.18,25.83,"4252,5213,1245,8369,9522,4181,1637,4680,2774,9314"
2021-02-04,1663,9.2,25.83,"4252,4181,0533,5902,9314,9522,8369,1245,5213,1637"
2021-02-05,1676,9.22,25.83,"4252,4914,5412,9314,5213,8369,1637,1245,9522,5902"
2021-02-06,1692,9.22,26.67,"4252,0533,4680,5902,9522,2774,5213,1245,4181,1637"
2021-02-07,1692,9.22,26.67,"4252,0533,4680,5902,9522,2774,5213,1245,4181,1637"
2021-02-08,1704,9.24,26.67,"4252,0533,2774,4914,2190,8874,5412,4680,5902,5213"
2021-02-09,1720,9.24,26.67,"4252,0533,4914,4181,9522,4680,2190,8874,2774,5412"
2021-02-10,1736,9.25,26.67,"0533,4252,9314,4181,1245,9522,1637,4680,2774,8369"
2021-02-11,1749,9.26,26.67,"0533,4252,2774,1245,1637,4914,5412,8874,4680,5902"
2021-02-12,1765,9.26,26.67,"0533,4252,5412,4914,5213,1637,1245,9314,9522,8874"
2021-02-13,1779,9.27,26.67,"0533,4252,5412,4914,2774,8874,4181,9314,5213,1245"
2021-02-14,1779,9.27,26.67,"0533,4252,5412,4914,2774,8874,4181,9314,5213,1245"
2021-02-15,1794,9.28,26.67,"4252,0533,1245,9314,1637,8369,2774,8874,9522,1810"
2021-02-16,1807,9.3,26.67,"4252,0533,2774,5412,8874,4680,5902,4953,2190,1810"
2021-02-17,1821,9.31,26.67,"0533,4252,1245,5902,9314,5213,9522,8369,8874,1637"
2021-02-18,1835,9.32,26.67,"4252,0533,2190,4914,5412,7627,8369,1245,1637,9314"
2021-02-19,1849,9.33,26.67,"4252,0533,2190,5412,4914,7627,7596,4181,8369,1245"
2021-02-20,1862,9.34,26.67,"0533,4252,1637,8369,4680,4953,1810,9522,8874,9770"
2021-02-21,1862,9.34,26.67,"0533,4252,1637,8369,4680,4953,1810,9522,8874,9770"
2021-02-22,1876,9.36,26.67,"0533,4252,2190,7597,2774,8874,7627,7596,1810,2795"
2021-02-23,1891,9.36,26.67,"4252,0533,2774,2190,4914,7597,7596,7627,1810,9522"
2021-02-24,1907,9.36,26.67,"0533,4252,2190,1637,2795,5902,4181,1810,9770,9314"
2021-02-25,1922,9.37,26.67,"4252,0533,7597,2774,4914,7596,7627,2190,8874,1810"
2021-02-26,1935,9.38,26.67,"0533,4252,7596,7597,8874,2795,2190,4914,2774,5902"
2021-02-27,1950,9.38,26.67,"4252,0533,2795,9770,2774,9314,4953,3525,4680,1810"
2021-02-28,1950,9.38,26.67,"4252,0533,2795,9770,2774,9314,4953,3525,4680,1810"
2021-03-01,1964,9.39,26.67,"0533,4252,4680,2190,8874,2774,3525,1810,2795,5902"
2021-03-02,1979,9.4,27.5,"0533,4252,9314,4680,9770,3525,8874,2774,8369,5902"
2021-03-03,1993,9.41,27.5,"4252,9314,0533,8369,2774,7596,2795,8874,1810,4680"
2021-03-04,2007,9.42,27.5,"4252,0533,9314,4680,2190,4953,8369,2774,9770,2795"
2021-03-05,2022,9.42,27.5,"0533,9314,4252,5902,5213,1637,9770,2795,2774,3525"
2021-03-06,2037,9.43,27.5,"4252,9314,0533,2190,2774,7597,4400,7627,7596,4914"
2021-03-07,2037,9.43,27.5,"4252,9314,0533,2190,2774,7597,4400,7627,7596,4914"
2021-03-08,2050,9.44,27.5,"4252,9314,0533,5412,7596,2795,1810,8874,2190,4914"
2021-03-09,2064,9.45,27.5,"9314,0533,4252,1879,8874,5213,1245,9770,2190,8369"
2021-03-10,2080,9.45,27.5,"9314,4252,0533,2774,2763,5412,7597,4400,2795,7596"
2021-03-11,2095,9.45,27.5,"4252,0533,9314,2795,1245,1810,2190,9770,3525,7627"
2021-03-12,2105,9.48,27.5,"4252,9314,0533,9770,4181,8369,8874,7596,4953,4914"
2021-03-13,2120,9.48,27.5,"4252,9314,0533,1245,5213,1879,7627,8369,4181,5902"
2021-03-14,2120,9.48,27.5,"4252,9314,0533,1245,5213,1879,7627,8369,4181,5902"
2021-03-15,2132,9.5,27.5,"0533,4252,9314,5412,7736,3915,4914,7596,1810,8874"
2021-03-16,2148,9.5,27.5,"9314,0533,4252,2774,4400,8369,1879,7736,7597,5213"
2021-03-17,2160,9.51,27.5,"4252,9314,0533,8369,4680,5902,1810,1637,2795,4953"
2021-03-18,2175,9.52,27.5,"9314,0533,4252,8369,1245,4400,7597,1933,3915,3525"
2021-03-19,2187,9.53,27.5,"0533,9314,4252,7597,4400,5412,2763,3915,2602,8448"
2021-03-20,2203,9.53,27.5,"9314,4252,0533,2774,4914,8369,1933,1245,8874,3525"
2021-03-21,2203,9.53,27.5,"9314,4252,0533,2774,4914,8369,1933,1245,8874,3525"
2021-03-22,2215,9.55,27.5,"4252,9314,0533,2190,1245,2795,8369,3525,1810,4953"
2021-03-23,2232,9.54,27.5,"9314,0533,4252,1637,3525,2774,5213,4181,4680,5902"
2021-03-24,2245,9.55,28.33,"3300,0533,4252,9314,7296,7596,2190,2763,7627,4914"
2021-03-25,2260,9.56,28.33,"9314,4252,0533,3300,8874,4953,1810,1245,4914,9522"
2021-03-26,2270,9.58,28.33,"3300,0533,4252,9314,2774,7597,4400,9770,7627,8369"
2021-03-27,2284,9.59,28.33,"9314,4252,0533,3300,1933,1810,3525,7296,7596,2362"
2021-03-28,2284,9.59,28.33,"9314,4252,0533,3300,1933,1810,3525,7296,7596,2362"
2021-03-29,2300,9.59,28.33,"3300,0533,4252,9314,7596,3915,2774,5412,4914,2763"
2021-03-30,2311,9.61,28.33,"9314,4252,3300,0533,7627,4181,2795,4914,3363,7296"
2021-03-31,2326,9.61,28.33,"9314,4252,3300,0533,4914,1637,7296,3525,2774,2795"
2021-04-01,2339,9.62,28.33,"9314,3300,0533,4252,6155,5412,7597,4400,7596,2763"
2021-04-02,2350,9.64,29.17,"3300,4914,0533,4252,9314,2763,8369,2774,3915,2602"
2021-04-03,2364,9.64,29.17,"3300,0533,9314,4914,4252,1810,3363,3272,7736,5902"
2021-04-04,2364,9.64,29.17,"3300,0533,9314,4914,4252,1810,3363,3272,7736,5902"
2021-04-05,2376,9.66,29.17,"9314,4914,3300,0533,4252,2602,7627,9770,2774,7597"
2021-04-06,2376,9.66,29.17,"9314,4914,3300,0533,4252,2602,7627,9770,2774,7597"
2021-04-07,2391,9.66,29.17,"4252,0533,3300,9314,4914,3363,4181,8448,1520,2602"
2021-04-08,2406,9.66,29.17,"3300,4914,4252,0533,9314,4400,1933,1879,9522,7596"
2021-04-09,2421,9.67,29.17,"4252,9314,3300,0533,4914,1520,7627,2190,2774,3525"
2021-04-10,2437,9.66,29.17,"3300,4914,9314,0533,4252,2774,5412,3363,7597,7296"
2021-04-11,2437,9.66,29.17,"3300,4914,9314,0533,4252,2774,5412,3363,7597,7296"
2021-04-12,2452,9.67,29.17,"4914,3300,4252,0533,9314,3363,3915,7597,4400,9522"
2021-04-13,2467,9.67,29.17,"9314,3300,4914,4252,0533,5213,4181,0461,2362,3525"
2021-04-14,2485,9.66,29.17,"9314,3300,4914,4252,0533,0461,4181,4680,3272,7736"
2021-04-15,2497,9.67,29.17,"9314,0533,4914,3300,4252,7736,4278,5213,4181,0461"
2021-04-16,2509,9.69,30.0,"9314,3300,4914,4252,0533,8800,5213,4181,0461,7736"
2021-04-17,2524,9.69,30.0,"4914,3300,8800,0533,4252,9314,2763,9770,3363,7596"
2021-04-18,2524,9.69,30.0,"4914,3300,8800,0533,4252,9314,2763,9770,3363,7596"
2021-04-19,2536,9.7,30.0,"0533,3300,8800,4914,9314,4252,2190,0461,1637,8448"
2021-04-20,2549,9.71,30.0,"4914,8800,3300,0533,9314,4252,7596,3272,7902,7296"
2021-04-21,2564,9.71,30.0,"3300,8800,4914,0533,9314,4252,8874,9522,1933,4953"
2021-04-22,2580,9.71,30.0,"8800,3300,4914,0533,9314,4252,1245,3363,1132,7902"
2021-04-23,2588,9.74,30.0,"8800,4252,3300,4914,0533,9314,2774,1520,4400,2044"
2021-04-24,2600,9.75,30.0,"0533,8800,4914,3300,9314,4252,3363,1933,8369,4181"
2021-04-25,2600,9.75,30.0,"0533,8800,4914,3300,9314,4252,3363,1933,8369,4181"
2021-04-26,2615,9.75,30.0,"3300,0533,4252,4914,9314,8800,1879,7620,1132,2190"
2021-04-27,2624,9.78,30.0,"3300,9314,4914,0533,4252,8800,2362,8874,0461,7627"
2021-04-28,2639,9.78,30.0,"3300,8800,4914,4252,0533,9314,7736,5412,3915,7296"
2021-04-29,2652,9.79,30.83,"9314,8800,0533,3306,3300,4914,4252,2362,1933,4181"
2021-04-30,2663,9.8,30.83,"8800,3300,4914,4252,3306,0533,9314,7597,6155,4400"
2021-05-01,2663,9.8,30.83,"8800,3300,4914,4252,3306,0533,9314,7597,6155,4400"
2021-05-02,2663,9.8,30.83,"8800,3300,4914,4252,3306,0533,9314,7597,6155,4400"
2021-05-03,2663,9.8,30.83,"8800,3300,4914,4252,3306,0533,9314,7597,6155,4400"
2021-05-04,2677,9.81,31.67,"4252,3300,4914,2795,8800,3306,0533,9314,7296,2774"
2021-05-05,2691,9.81,31.67,"4914,3300,8800,4252,2795,3306,0533,9314,3915,5213"
2021-05-06,2704,9.82,31.67,"0533,2795,3306,9314,4914,3300,4252,8800,1810,7296"
2021-05-07,2719,9.82,31.67,"3306,3300,9314,2795,4914,0533,4252,8800,1879,8979"
2021-05-08,2719,9.82,31.67,"3306,3300,9314,2795,4914,0533,4252,8800,1879,8979"
2021-05-09,2719,9.82,31.67,"3306,3300,9314,2795,4914,0533,4252,8800,1879,8979"
2021-05-10,2733,9.82,31.67,"9314,2795,3300,0533,4252,4914,8800,3306,5213,3272"
2021-05-11,2747,9.83,31.67,"9314,0533,3300,4252,2795,4914,8800,3306,8448,8426"
2021-05-12,2758,9.84,31.67,"4914,3300,4252,8800,3306,2795,0533,9314,2763,0787"
2021-05-13,2758,9.84,31.67,"4914,3300,4252,8800,3306,2795,0533,9314,2763,0787"
2021-05-14,2758,9.84,31.67,"4914,3300,4252,8800,3306,2795,0533,9314,2763,0787"
2021-05-15,2758,9.84,31.67,"4914,3300,4252,8800,3306,2795,0533,9314,2763,0787"
2021-05-16,2758,9.84,31.67,"4914,3300,4252,8800,3306,2795,0533,9314,2763,0787"
2021-05-17,2758,9.84,31.67,"4914,3300,4252,8800,3306,2795,0533,9314,2763,0787"
2021-05-18,2758,9.84,31.67,"4914,3300,4252,8800,3306,2795,0533,9314,2763,0787"
2021-05-19,2758,9.84,31.67,"4914,3300,4252,8800,3306,2795,0533,9314,2763,0787"
2021-05-20,2758,9.84,31.67,"4914,3300,4252,8800,3306,2795,0533,9314,2763,0787"
2021-05-21,2758,9.84,31.67,"4914,3300,4252,8800,3306,2795,0533,9314,2763,0787"
2021-05-22,2758,9.84,31.67,"4914,3300,4252,8800,3306,2795,0533,9314,2763,0787"
2021-05-23,2758,9.84,31.67,"4914,3300,4252,8800,3306,2795,0533,9314,2763,0787"
2021-05-24,2758,9.84,31.67,"4914,3300,4252,8800,3306,2795,0533,9314,2763,0787"
2021-05-25,2758,9.84,31.67,"4914,3300,4252,8800,3306,2795,0533,9314,2763,0787"
2021-05-26,2758,9.84,31.67,"4914,3300,4252,8800,3306,2795,0533,9314,2763,0787"
2021-05-27,2758,9.84,31.67,"4914,3300,4252,8800,3306,2795,0533,9314,2763,0787"
2021-05-28,2758,9.84,31.67,"4914,3300,4252,8800,3306,2795,0533,9314,2763,0787"
2021-05-29,2758,9.84,31.67,"4914,3300,4252,8800,3306,2795,0533,9314,2763,0787"
2021-05-30,2758,9.84,31.67,"4914,3300,4252,8800,3306,2795,0533,9314,2763,0787"
2021-05-31,2758,9.84,31.67,"4914,3300,4252,8800,3306,2795,0533,9314,2763,0787"
2021-06-01,2758,9.84,31.67,"4914,3300,4252,8800,3306,2795,0533,9314,2763,0787"
2021-06-02,2758,9.84,31.67,"4914,3300,4252,8800,3306,2795,0533,9314,2763,0787"
2021-06-03,2758,9.84,31.67,"4914,3300,4252,8800,3306,2795,0533,9314,2763,0787"
2021-06-04,2758,9.84,31.67,"4914,3300,4252,8800,3306,2795,0533,9314,2763,0787"
2021-06-05,2758,9.84,31.67,"4914,3300,4252,8800,3306,2795,0533,9314,2763,0787"
2021-06-06,2758,9.84,31.67,"4914,3300,4252,8800,3306,2795,0533,9314,2763,0787"
2021-06-07,2758,9.84,31.67,"4914,3300,4252,8800,3306,2795,0533,9314,2763,0787"
2021-06-08,2758,9.84,31.67,"4914,3300,4252,8800,3306,2795,0533,9314,2763,0787"
2021-06-09,2758,9.84,31.67,"4914,3300,4252,8800,3306,2795,0533,9314,2763,0787"
2021-06-10,2758,9.84,31.67,"4914,3300,4252,8800,3306,2795,0533,9314,2763,0787"
2021-06-11,2758,9.84,31.67,"4914,3300,4252,8800,3306,2795,0533,9314,2763,0787"
2021-06-12,2758,9.84,31.67,"4914,3300,4252,8800,3306,2795,0533,9314,2763,0787"
2021-06-13,2758,9.84,31.67,"4914,3300,4252,8800,3306,2795,0533,9314,2763,0787"
2021-06-14,2758,9.84,31.67,"4914,3300,4252,8800,3306,2795,0533,9314,2763,0787"
2021-06-15,2758,9.84,31.67,"4914,3300,4252,8800,3306,2795,0533,9314,2763,0787"
2021-06-16,2758,9.84,31.67,"4914,3300,4252,8800,3306,2795,0533,9314,2763,0787"
2021-06-17,2758,9.84,31.67,"4914,3300,4252,8800,3306,2795,0533,9314,2763,0787"
2021-06-18,2758,9.84,31.67,"4914,3300,4252,8800,3306,2795,0533,9314,2763,0787"
2021-06-19,2758,9.84,31.67,"4914,3300,4252,8800,3306,2795,0533,9314,2763,0787"
2021-06-20,2758,9.84,31.67,"4914,3300,4252,8800,3306,2795,0533,9314,2763,0787"
2021-06-21,2758,9.84,31.67,"4914,3300,4252,8800,3306,2795,0533,9314,2763,0787"
2021-06-22,2758,9.84,31.67,"4914,3300,4252,8800,3306,2795,0533,9314,2763,0787"
2021-06-23,2758,9.84,31.67,"4914,3300,4252,8800,3306,2795,0533,9314,2763,0787"
2021-06-24,2758,9.84,31.67,"4914,3300,4252,8800,3306,2795,0533,9314,2763,0787"
2021-06-25,2758,9.84,31.67,"4914,3300,4252,8800,3306,2795,0533,9314,2763,0787"
2021-06-26,2758,9.84,31.67,"4914,3300,4252,8800,3306,2795,0533,9314,2763,0787"
2021-06-27,2758,9.84,31.67,"4914,3300,4252,8800,3306,2795,0533,9314,2763,0787"
2021-06-28,2758,9.84,31.67,"4914,3300,4252,8800,3306,2795,0533,9314,2763,0787"
2021-06-29,2758,9.84,31.67,"4914,3300,4252,8800,3306,2795,0533,9314,2763,0787"
2021-06-30,2758,9.84,31.67,"4914,3300,4252,8800,3306,2795,0533,9314,2763,0787"
2021-07-01,2758,9.84,31.67,"4914,3300,4252,8800,3306,2795,0533,9314,2763,0787"
2021-07-02,2758,9.84,31.67,"4914,3300,4252,8800,3306,2795,0533,9314,2763,0787"
2021-07-03,2758,9.84,31.67,"4914,3300,4252,8800,3306,2795,0533,9314,2763,0787"
2021-07-04,2758,9.84,31.67,"4914,3300,4252,8800,3306,2795,0533,9314,2763,0787"
2021-07-05,2758,9.84,31.67,"4914,3300,4252,8800,3306,2795,0533,9314,2763,0787"
2021-07-06,2758,9.84,31.67,"4914,3300,4252,8800,3306,2795,0533,9314,2763,0787"
2021-07-07,2758,9.84,31.67,"4914,3300,4252,8800,3306,2795,0533,9314,2763,0787"
2021-07-08,2758,9.84,31.67,"4914,3300,4252,8800,3306,2795,0533,9314,2763,0787"
2021-07-09,2758,9.84,31.67,"4914,3300,4252,8800,3306,2795,0533,9314,2763,0787"
2021-07-10,2758,9.84,31.67,"4914,3300,4252,8800,3306,2795,0533,9314,2763,0787"
2021-07-11,2758,9.84,31.67,"4914,3300,4252,8800,3306,2795,0533,9314,2763,0787"
2021-07-12,2758,9.84,31.67,"4914,3300,4252,8800,3306,2795,0533,9314,2763,0787"
2021-07-13,2758,9.84,31.67,"4914,3300,4252,8800,3306,2795,0533,9314,2763,0787"
2021-07-14,2758,9.84,31.67,"4914,3300,4252,8800,3306,2795,0533,9314,2763,0787"
2021-07-15,2758,9.84,31.67,"4914,3300,4252,8800,3306,2795,0533,9314,2763,0787"
2021-07-16,2758,9.84,31.67,"4914,3300,4252,8800,3306,2795,0533,9314,2763,0787"
2021-07-17,2758,9.84,31.67,"4914,3300,4252,8800,3306,2795,0533,9314,2763,0787"
2021-07-18,2758,9.84,31.67,"4914,3300,4252,8800,3306,2795,0533,9314,2763,0787"
2021-07-19,2758,9.84,31.67,"4914,3300,4252,8800,3306,2795,0533,9314,2763,0787"
2021-07-20,2758,9.84,31.67,"4914,3300,4252,8800,3306,2795,0533,9314,2763,0787"
2021-07-21,2758,9.84,31.67,"4914,3300,4252,8800,3306,2795,0533,9314,2763,0787"
2021-07-22,2758,9.84,31.67,"4914,3300,4252,8800,3306,2795,0533,9314,2763,0787"
2021-07-23,2770,9.86,31.67,"3300,0533,9314,4914,4252,3306,8800,2795,1879,2742"
2021-07-24,2770,9.86,31.67,"3300,0533,9314,4914,4252,3306,8800,2795,1879,2742"
2021-07-25,2770,9.86,31.67,"3300,0533,9314,4914,4252,3306,8800,2795,1879,2742"
2021-07-26,2770,9.86,31.67,"3300,0533,9314,4914,4252,3306,8800,2795,1879,2742"
2021-07-27,2785,9.86,31.67,"4914,9314,0533,3300,4252,3306,8800,2795,1879,4680"
2021-07-28,2785,9.86,31.67,"4914,9314,0533,3300,4252,3306,8800,2795,1879,4680"
2021-07-29,2785,9.86,31.67,"4914,9314,0533,3300,4252,3306,8800,2795,1879,4680"
2021-07-30,2797,9.87,31.67,"4914,4252,9314,3300,8800,2795,3306,0533,6155,2602"
2021-07-31,2797,9.87,31.67,"4914,4252,9314,3300,8800,2795,3306,0533,6155,2602"
2021-08-01,2797,9.87,31.67,"4914,4252,9314,3300,8800,2795,3306,0533,6155,2602"
2021-08-02,2812,9.87,31.67,"0533,8800,3306,2795,3300,9314,4252,4914,3272,1879"
2021-08-03,2812,9.87,31.67,"0533,8800,3306,2795,3300,9314,4252,4914,3272,1879"
2021-08-04,2825,9.88,32.5,"3306,9314,2795,0533,3300,4252,8800,4914,2362,3363"
2021-08-05,2825,9.88,32.5,"3306,9314,2795,0533,3300,4252,8800,4914,2362,3363"
2021-08-06,2833,9.9,32.5,"3306,0533,9314,2795,4914,4252,8800,3300,4680,1933"
2021-08-07,2833,9.9,32.5,"3306,0533,9314,2795,4914,4252,8800,3300,4680,1933"
2021-08-08,2833,9.9,32.5,"3306,0533,9314,2795,4914,4252,8800,3300,4680,1933"
2021-08-09,2847,9.91,32.5,"3306,2795,0533,3300,9314,4914,4252,8800,9522,5902"
2021-08-10,2847,9.91,32.5,"3306,2795,0533,3300,9314,4914,4252,8800,9522,5902"
2021-08-11,2860,9.91,32.5,"3306,9314,2795,0533,4914,3300,4252,8800,5902,1933"
2021-08-12,2860,9.91,32.5,"3306,9314,2795,0533,4914,3300,4252,8800,5902,1933"
2021-08-13,2874,9.92,32.5,"3306,3300,9314,2795,4252,8800,4914,0533,9522,8882"
2021-08-14,2874,9.92,32.5,"3306,3300,9314,2795,4252,8800,4914,0533,9522,8882"
2021-08-15,2874,9.92,32.5,"3306,3300,9314,2795,4252,8800,4914,0533,9522,8882"
2021-08-16,2886,9.93,32.5,"3306,3300,9314,2795,4252,8800,4914,0533,9522,6197"
2021-08-17,2886,9.93,32.5,"3306,3300,9314,2795,4252,8800,4914,0533,9522,6197"
2021-08-18,2899,9.93,32.5,"3306,9314,2795,3300,4252,8800,4914,0533,1933,5412"
2021-08-19,2899,9.93,32.5,"3306,9314,2795,3300,4252,8800,4914,0533,1933,5412"
2021-08-20,2911,9.95,33.33,"3306,4252,9314,3300,2795,1933,8800,4914,0533,2763"
2021-08-21,2911,9.95,33.33,"3306,4252,9314,3300,2795,1933,8800,4914,0533,2763"
2021-08-22,2911,9.95,33.33,"3306,4252,9314,3300,2795,1933,8800,4914,0533,2763"
2021-08-23,2911,9.95,33.33,"3306,4252,9314,3300,2795,1933,8800,4914,0533,2763"
2021-08-24,2911,9.95,33.33,"3306,4252,9314,3300,2795,1933,8800,4914,0533,2763"
2021-08-25,2923,9.96,33.33,"3306,4914,9314,2795,1933,0533,8800,3300,4252,5902"
2021-08-26,2923,9.96,33.33,"3306,4914,9314,2795,1933,0533,8800,3300,4252,5902"
2021-08-27,2939,9.95,33.33,"3306,9314,1933,3300,4914,4252,2795,8800,0533,2362"
2021-08-28,2939,9.95,33.33,"3306,9314,1933,3300,4914,4252,2795,8800,0533,2362"
2021-08-29,2939,9.95,33.33,"3306,9314,1933,3300,4914,4252,2795,8800,0533,2362"
2021-08-30,2955,9.95,33.33,"3306,2795,9314,1933,3300,4914,4252,0533,8800,7902"
2021-08-31,2955,9.95,33.33,"3306,2795,9314,1933,3300,4914,4252,0533,8800,7902"
2021-09-01,2969,9.95,33.33,"3306,9314,4252,3300,8800,4914,0533,2795,1933,7736"
2021-09-02,2983,9.96,33.33,"3306,9314,4252,3300,8800,4914,2795,0533,1933,7736"
2021-09-03,2997,9.96,33.33,"3306,9314,8800,4252,1933,4914,0533,2795,3300,1520"
2021-09-04,3009,9.97,33.33,"3306,9314,4914,3300,4252,8800,2795,1933,0533,4181"
2021-09-05,3009,9.97,33.33,"3306,9314,4914,3300,4252,8800,2795,1933,0533,4181"
2021-09-06,3022,9.98,33.33,"3306,3300,8800,4252,4914,1933,2795,9314,0533,4278"
2021-09-07,3034,9.99,33.33,"3306,0533,9314,2795,4252,3300,4914,8800,1933,0461"
2021-09-08,3049,9.99,33.33,"3306,9314,0533,1933,4252,3300,8800,4914,2795,7736"
2021-09-09,3060,10.0,33.33,"3306,9314,0533,2795,4252,8800,4914,1933,3300,7736"
2021-09-10,3075,10.0,33.33,"3306,9314,4914,1933,2795,0533,4252,3300,8800,4181"
2021-09-11,3091,10.0,33.33,"3306,4252,3300,8800,4914,1933,2795,0533,9314,1746"
2021-09-12,3091,10.0,33.33,"3306,4252,3300,8800,4914,1933,2795,0533,9314,1746"
2021-09-13,3103,10.01,33.33,"3306,0533,1933,2795,9314,4252,8800,3300,4914,7736"
2021-09-14,3115,10.02,33.33,"3306,3300,0533,1933,2795,9314,4914,8800,4252,7736"
2021-09-15,3130,10.02,34.17,"3306,0533,6318,4252,8800,3300,9314,4914,2795,1933"
2021-09-16,3141,10.03,34.17,"3306,0533,6318,3300,4914,1933,2795,9314,8800,4252"
2021-09-17,3158,10.02,34.17,"3306,0533,9314,6318,3300,8800,2795,4252,4914,1933"
2021-09-18,3168,10.04,34.17,"3306,6318,4914,0533,3300,4252,9314,8800,2795,1933"
2021-09-19,3168,10.04,34.17,"3306,6318,4914,0533,3300,4252,9314,8800,2795,1933"
2021-09-20,3181,10.04,34.17,"3306,4914,9314,8800,1933,4252,0533,2795,6318,3300"
2021-09-21,3194,10.05,34.17,"3306,3300,6318,8800,4252,1933,4914,2795,9314,0533"
2021-09-22,3207,10.06,34.17,"3306,6318,8800,4914,4252,9314,0533,3300,2795,1933"
2021-09-23,3220,10.06,34.17,"3306,0533,2795,4914,9314,8800,4252,3300,6318,1933"
2021-09-24,3224,10.1,34.17,"3306,8800,3300,6318,0533,4252,4914,2795,1933,9314"
2021-09-25,3239,10.1,34.17,"3306,0533,2795,3300,8800,1933,4914,9314,6318,4252"
2021-09-26,3239,10.1,34.17,"3306,0533,2795,3300,8800,1933,4914,9314,6318,4252"
2021-09-27,3252,10.1,34.17,"3306,3300,4252,6318,2795,0533,8800,4914,1933,9314"
2021-09-28,3263,10.11,34.17,"3306,2795,0533,4252,6318,4914,8800,3300,1933,9314"
2021-09-29,3274,10.13,34.17,"3306,0533,2795,4252,3300,6318,8800,1933,4914,9314"
2021-09-30,3287,10.13,34.17,"3306,0533,2795,8800,4252,6318,3300,9314,1933,4914"
2021-10-01,3302,10.13,34.17,"3306,3300,8800,6318,4914,0533,4252,2795,1933,9314"
2021-10-02,3302,10.13,34.17,"3306,3300,8800,6318,4914,0533,4252,2795,1933,9314"
2021-10-03,3302,10.13,34.17,"3306,3300,8800,6318,4914,0533,4252,2795,1933,9314"
2021-10-04,3312,10.14,35.0,"3306,1933,0533,4914,4252,3300,6318,8800,2795,9314"
2021-10-05,3326,10.15,35.0,"3306,1933,2795,0533,8800,4252,3300,6318,4914,9314"
2021-10-06,3337,10.16,35.0,"3306,1933,2795,9314,0533,8800,4252,6318,3300,4914"
2021-10-07,3350,10.16,35.0,"3306,1933,3300,8800,6318,4252,2795,4914,9314,0533"
2021-10-08,3362,10.17,35.0,"3306,1933,2795,9314,4914,0533,8800,4252,6318,3300"
2021-10-09,3371,10.19,35.0,"1933,3306,3300,4252,8800,6318,9314,4914,2795,0533"
2021-10-10,3371,10.19,35.0,"1933,3306,3300,4252,8800,6318,9314,4914,2795,0533"
2021-10-11,3384,10.2,35.0,"3306,1933,3300,6318,8800,2795,4252,9314,0533,4914"
2021-10-12,3397,10.2,35.0,"1933,3306,8800,4252,3300,6318,9314,2795,4914,7596"
2021-10-13,3409,10.21,35.0,"1933,3306,4252,6318,8800,3300,9314,4914,2795,7596"
2021-10-14,3423,10.21,35.0,"3306,1933,4914,2795,7596,6318,8800,4252,9314,0533"
2021-10-15,3433,10.22,35.0,"3306,1933,0533,4914,7596,8800,6318,3300,4252,2795"
2021-10-16,3441,10.24,35.0,"1933,3306,3300,8800,6318,4252,9314,4914,7596,2795"
2021-10-17,3441,10.24,35.0,"1933,3306,3300,8800,6318,4252,9314,4914,7596,2795"
2021-10-18,3453,10.25,35.0,"3306,1933,0533,4914,7596,8800,9314,2795,4252,3300"
2021-10-19,3461,10.27,35.0,"3306,1933,0533,7596,4914,4252,9314,2795,8800,6318"
2021-10-20,3472,10.28,35.0,"1933,3306,6318,4252,8800,3300,9314,4914,7596,2795"
2021-10-21,3488,10.28,35.0,"1933,3306,7596,8800,2795,6318,3300,4914,4252,0533"
2021-10-22,3499,10.29,35.0,"3306,1933,7596,2795,4914,4252,8800,6318,3300,9314"
2021-10-23,3512,10.29,35.0,"1933,3306,8800,6318,3300,9533,4252,9314,4914,7596"
2021-10-24,3512,10.29,35.0,"1933,3306,8800,6318,3300,9533,4252,9314,4914,7596"
2021-10-25,3523,10.3,35.0,"3306,1933,2795,7596,4914,1131,0533,4252,8800,3300"
2021-10-26,3534,10.31,35.0,"3306,1933,2795,7736,4914,7596,1131,0533,6318,8800"
2021-10-27,3546,10.32,35.0,"1933,3306,4252,7296,9533,6318,9314,7736,3300,8800"
2021-10-28,3557,10.33,35.0,"1933,3306,3300,7736,4252,7296,1131,2795,9533,0533"
2021-10-29,3570,10.34,35.0,"3306,1933,7596,2795,4914,8800,0533,7736,9533,9314"
2021-10-30,3582,10.34,35.0,"3306,1933,0533,7596,2795,1131,7296,4252,7736,3300"
2021-10-31,3582,10.34,35.0,"3306,1933,0533,7596,2795,1131,7296,4252,7736,3300"
2021-11-01,3594,10.35,35.0,"3306,1933,1131,7296,8800,4914,0533,3300,4252,7596"
2021-11-02,3608,10.35,35.0,"3306,1933,1131,7296,4914,2795,4252,8800,7736,6318"
2021-11-03,3619,10.36,35.0,"3306,1933,1131,7596,7296,9533,4914,0533,9314,4252"
2021-11-04,3631,10.37,35.0,"3306,1933,7296,7736,4914,1131,7596,2795,8800,4252"
2021-11-05,3644,10.37,35.83,"1933,3306,7296,3300,8800,4252,9314,1131,9533,6318"
2021-11-06,3659,10.37,35.83,"1933,3306,4252,8800,7736,1131,6318,7296,9533,3300"
2021-11-07,3659,10.37,35.83,"1933,3306,4252,8800,7736,1131,6318,7296,9533,3300"
2021-11-08,3673,10.37,35.83,"1933,3306,9314,1131,8800,6318,7296,3300,4252,9533"
2021-11-09,3689,10.37,35.83,"1933,3306,2795,1131,4914,7596,7296,9533,9314,0533"
2021-11-10,3703,10.37,35.83,"1933,3306,0533,4252,9314,8800,7296,3300,6318,9533"
2021-11-11,3710,10.39,35.83,"1933,3306,7296,9533,8800,0533,7736,6318,4252,1131"
2021-11-12,3721,10.4,35.83,"1933,3306,7736,7596,2795,4914,7296,6318,3300,0533"
2021-11-13,3730,10.42,35.83,"1933,3306,3300,7296,8800,4252,4914,0533,1131,6318"
2021-11-14,3730,10.42,35.83,"1933,3306,3300,7296,8800,4252,4914,0533,1131,6318"
2021-11-15,3739,10.43,35.83,"1933,3306,3300,9314,6318,1131,4252,8800,7296,9533"
2021-11-16,3750,10.44,35.83,"1933,3306,0533,4914,8800,6318,1131,2795,6481,7296"
2021-11-17,3764,10.44,35.83,"1933,3306,7296,3300,0533,7596,6481,6318,4252,9533"
2021-11-18,3778,10.44,35.83,"1933,3306,7736,1131,0533,2795,7296,8369,8800,6318"
2021-11-19,3791,10.45,35.83,"1933,3306,1131,2795,9533,7296,4914,7596,8800,9314"
2021-11-20,3802,10.46,35.83,"1933,3306,6481,2795,1131,7596,0533,7296,4252,8800"
2021-11-21,3802,10.46,35.83,"1933,3306,6481,2795,1131,7596,0533,7296,4252,8800"
2021-11-22,3808,10.48,35.83,"1933,3306,2795,6481,6184,7296,3300,8369,1131,8800"
2021-11-23,3816,10.5,35.83,"1933,3306,1131,7296,7736,3300,8800,4252,8369,9314"
2021-11-24,3827,10.5,35.83,"1933,3306,8800,6318,1131,7296,4914,6184,6481,0533"
2021-11-25,3837,10.52,35.83,"1933,3306,0533,7296,1131,7736,4252,6481,4914,6184"
2021-11-26,3848,10.52,35.83,"1933,3306,9533,1131,8369,5213,8800,9314,4252,3300"
2021-11-27,3856,10.54,35.83,"1933,3306,9314,8369,6318,5213,1131,3300,4252,9533"
2021-11-28,3856,10.54,35.83,"1933,3306,9314,8369,6318,5213,1131,3300,4252,9533"
2021-11-29,3871,10.54,35.83,"1933,3306,8976,1131,8369,5213,2795,3300,8800,4252"
2021-11-30,3884,10.54,35.83,"1933,3306,8369,7736,9314,5213,8800,7296,4252,7596"
2021-12-01,3892,10.56,35.83,"1933,3306,2795,7736,1131,9314,6318,4691,2922,6184"
2021-12-02,3902,10.57,35.83,"1933,3306,7596,4914,0533,8976,6184,6481,9533,4691"
2021-12-03,3912,10.58,35.83,"1933,3306,8976,4914,1131,5213,2922,9314,8369,4252"
2021-12-04,3921,10.6,36.67,"3306,1933,2795,4914,7596,8976,7736,4691,8800,2922"
2021-12-05,3921,10.6,36.67,"3306,1933,2795,4914,7596,8976,7736,4691,8800,2922"
2021-12-06,3934,10.6,36.67,"3306,1933,2795,7596,4914,8976,7736,1131,0533,6481"
2021-12-07,3946,10.61,36.67,"3306,1933,2795,8976,1131,6481,0533,7296,8800,7596"
2021-12-08,3956,10.62,36.67,"1933,3306,3300,9533,2044,5213,8800,1131,7296,4252"
2021-12-09,3964,10.63,36.67,"1933,3306,6318,8369,9314,3300,2922,7296,9533,4252"
2021-12-10,3976,10.64,36.67,"3306,1933,1131,2795,4914,8976,3300,7596,6481,4691"
2021-12-11,3986,10.65,36.67,"1933,3306,9533,7296,2922,2044,6318,1131,8800,4252"
2021-12-12,3986,10.65,36.67,"1933,3306,9533,7296,2922,2044,6318,1131,8800,4252"
2021-12-13,4000,10.65,36.67,"1933,3306,8369,8800,3300,6481,4252,6318,1817,2795"
2021-12-14,4013,10.65,36.67,"3306,1933,7596,8976,4914,2795,1131,3300,8369,2044"
2021-12-15,4028,10.65,36.67,"3306,1933,7736,1131,2795,8976,4914,6318,9314,8369"
2021-12-16,4040,10.66,37.5,"3306,1933,2417,2795,8976,7596,6481,2044,9314,5213"
2021-12-17,4050,10.67,37.5,"3306,1933,2417,8976,2795,4914,7596,6481,2044,2922"
2021-12-18,4061,10.67,37.5,"3306,1933,2417,7596,7296,8976,7736,1131,2044,6318"
2021-12-19,4061,10.67,37.5,"3306,1933,2417,7596,7296,8976,7736,1131,2044,6318"
2021-12-20,4070,10.69,37.5,"1933,3306,2417,5213,8369,4252,6481,7596,7296,2044"
2021-12-21,4080,10.7,37.5,"3306,1933,2417,8976,2795,6184,4914,1131,7296,7596"
2021-12-22,4094,10.7,37.5,"3306,1933,2417,2795,6184,4914,0533,6481,9180,8976"
2021-12-23,4105,10.71,37.5,"3306,1933,2417,7736,6184,2795,8976,9533,0533,7296"
2021-12-24,4117,10.71,37.5,"3306,1933,2417,7736,2795,8976,6184,1817,0533,9180"
2021-12-25,4129,10.72,37.5,"1933,3306,2417,6184,8976,3300,9314,1131,2922,4252"
2021-12-26,4129,10.72,37.5,"1933,3306,2417,6184,8976,3300,9314,1131,2922,4252"
2021-12-27,4138,10.73,38.33,"3306,1933,2417,6318,6164,4914,6184,8976,9180,1817"
2021-12-28,4147,10.74,38.33,"3306,1933,2417,6318,7596,2795,9180,7736,6184,1817"
2021-12-29,4160,10.75,38.33,"1933,3306,6318,2417,8800,9180,9533,2044,1131,9314"
2021-12-30,4174,10.75,38.33,"3306,1933,2417,6318,6164,1131,8976,6184,2795,2044"
2021-12-31,4183,10.76,38.33,"1933,3306,2417,6318,2044,4252,4691,8369,7736,8800"
2022-01-01,4192,10.77,38.33,"3306,1933,6318,2417,6164,2795,6184,3300,2922,9314"
2022-01-02,4192,10.77,38.33,"3306,1933,6318,2417,6164,2795,6184,3300,2922,9314"
2022-01-03,4202,10.78,38.33,"1933,3306,6318,2417,9314,2922,4914,4252,8369,7296"
2022-01-04,4212,10.79,39.17,"1933,3306,6318,2417,7596,4252,5213,2044,3300,2922"
2022-01-05,4223,10.8,39.17,"1933,3306,6318,2417,7596,1131,2922,8800,3300,4252"
2022-01-06,4234,10.81,39.17,"1933,3306,7596,6318,2417,8976,7736,6184,5213,1131"
2022-01-07,4245,10.81,39.17,"1933,3306,6318,2417,7596,4252,9314,2922,5213,8369"
2022-01-08,4254,10.83,39.17,"3306,1933,6318,2417,7596,7296,6184,6164,7323,4914"
2022-01-09,4254,10.83,39.17,"3306,1933,6318,2417,7596,7296,6184,6164,7323,4914"
2022-01-10,4268,10.82,39.17,"3306,1933,2417,6318,7596,2795,6184,6164,4914,1131"
2022-01-11,4278,10.83,39.17,"1933,3306,6318,2417,7596,1131,8369,4691,5213,2922"
2022-01-12,4286,10.85,39.17,"1933,3306,2417,6318,7596,1131,7296,9314,2922,5213"
2022-01-13,4295,10.86,39.17,"1933,3306,6318,7596,2417,1131,4252,5213,9533,6184"
2022-01-14,4304,10.87,39.17,"1933,3306,7596,6318,2417,1131,8369,6164,2044,6184"
2022-01-15,4317,10.88,39.17,"3306,1933,7596,2417,6318,6184,7296,8976,2795,1131"
2022-01-16,4317,10.88,39.17,"3306,1933,7596,2417,6318,6184,7296,8976,2795,1131"
2022-01-17,4325,10.89,39.17,"3306,1933,7596,6318,2417,7323,7736,4914,7296,8976"
2022-01-18,4339,10.89,39.17,"3306,1933,7596,6318,2417,8800,4914,5213,1131,3300"
2022-01-19,4348,10.9,39.17,"3306,1933,2417,6318,7596,4914,8976,6184,1131,7323"
2022-01-20,4354,10.92,39.17,"3306,1933,7596,2417,6318,7296,8874,4914,2795,8976"
2022-01-21,4362,10.94,39.17,"3306,1933,6318,7596,2417,5213,8369,6164,8800,8874"
2022-01-22,4368,10.95,40.0,"3306,1933,6318,7596,2417,1131,8976,8874,4914,7323"
2022-01-23,4368,10.95,40.0,"3306,1933,6318,7596,2417,1131,8976,8874,4914,7323"
2022-01-24,4378,10.96,40.0,"3306,1933,7596,6318,2417,6164,3628,9180,2855,3300"
2022-01-25,4390,10.97,40.0,"3306,1933,7596,6318,2417,6164,3300,2922,2795,7736"
2022-01-26,4390,10.97,40.0,"3306,1933,7596,6318,2417,6164,3300,2922,2795,7736"
2022-01-27,4399,10.98,40.0,"3306,1933,6318,7596,2417,4914,9314,2922,2795,8800"
2022-01-28,4406,11.0,40.0,"3306,1933,2417,6318,7596,5213,2922,6291,6631,8800"
2022-01-29,4415,11.01,40.0,"3306,1933,2417,6318,7596,8874,1817,9180,9533,1131"
2022-01-30,4415,11.01,40.0,"3306,1933,2417,6318,7596,8874,1817,9180,9533,1131"
2022-01-31,4426,11.01,40.0,"3306,1933,2417,6318,7596,9180,2795,1817,2855,1131"
2022-02-01,4438,11.02,40.0,"3306,1933,7596,6318,2417,1131,7323,9180,8874,1817"
2022-02-02,4448,11.03,40.0,"3306,1933,6318,7596,2417,7296,8976,6164,6291,7736"
2022-02-03,4458,11.04,40.0,"3306,1933,6318,2417,7596,5213,2922,7296,7423,1131"
2022-02-04,4466,11.05,40.0,"3306,1933,6318,2417,7596,6291,4914,9180,9533,1817"
2022-02-05,4475,11.06,40.0,"3306,1933,7596,2417,6318,7736,6184,6291,8874,2795"
2022-02-06,4475,11.06,40.0,"3306,1933,7596,2417,6318,7736,6184,6291,8874,2795"
2022-02-07,4485,11.07,40.0,"3306,1933,6318,7596,2417,6164,1817,9533,4914,9180"
2022-02-08,4494,11.08,40.0,"3306,1933,7596,6318,2417,8369,6291,8800,3300,4914"
2022-02-09,4504,11.09,40.0,"3306,1933,6318,2417,7596,7423,3300,9314,8800,8369"
2022-02-10,4511,11.11,40.0,"3306,1933,6318,2417,7596,6291,6184,6164,1131,8874"
2022-02-11,4520,11.12,40.0,"3306,1933,2417,6318,7596,4914,3628,1817,9533,7296"
2022-02-12,4529,11.13,40.0,"3306,1933,6318,7596,2417,7296,7736,1131,9180,3628"
2022-02-13,4529,11.13,40.0,"3306,1933,6318,7596,2417,7296,7736,1131,9180,3628"
2022-02-14,4539,11.14,40.0,"3306,1933,2417,6318,7596,2922,6481,5213,1131,7296"
2022-02-15,4549,11.15,40.0,"3306,1933,7596,6318,2417,7296,1817,4914,6164,6291"
2022-02-16,4556,11.16,40.0,"3306,1933,7596,6318,2417,6164,7323,1817,2855,3300"
2022-02-17,4568,11.16,40.0,"3306,1933,2417,6318,7596,1131,6291,1879,8800,8369"
2022-02-18,4578,11.17,40.0,"3306,1933,6318,7596,2417,1817,9533,3628,8800,1131"
2022-02-19,4584,11.19,40.0,"3306,1933,6318,2417,7596,3525,1879,6631,7736,7296"
2022-02-20,4584,11.19,40.0,"3306,1933,6318,2417,7596,3525,1879,6631,7736,7296"
2022-02-21,4597,11.19,40.0,"3306,1933,2417,6318,7596,1131,6291,9314,2922,3525"
2022-02-22,4603,11.21,40.0,"3306,1933,6318,2417,7596,6481,4252,3525,1879,7296"
2022-02-23,4610,11.23,40.0,"3306,1933,6318,7596,2417,4914,2855,3300,1099,6184"
2022-02-24,4618,11.24,40.0,"3306,1933,7596,6318,2417,4914,8874,8800,2795,3628"
2022-02-25,4628,11.25,40.0,"3306,1933,2417,6318,7596,5213,3525,8800,8369,7323"
2022-02-26,4639,11.25,40.0,"3306,1933,7596,6318,2417,3300,8369,6291,2044,2855"
2022-02-27,4639,11.25,40.0,"3306,1933,7596,6318,2417,3300,8369,6291,2044,2855"
2022-02-28,4646,11.27,40.0,"3306,1933,2417,6318,7596,4691,7423,5902,9314,3300"
2022-03-01,4660,11.27,40.0,"3306,1933,6318,7596,2417,2855,3628,7296,2044,3300"
2022-03-02,4670,11.27,40.0,"3306,1933,2417,7596,6318,1131,2922,8369,6184,8800"
2022-03-03,4680,11.28,40.0,"3306,1933,2417,6318,7596,3525,5213,7736,7423,8800"
2022-03-04,4691,11.29,40.0,"3306,1933,7596,6318,2417,3628,7323,6164,2044,9180"
2022-03-05,4700,11.3,40.0,"3306,1933,6318,7596,2417,9180,6164,1099,2044,1817"
2022-03-06,4700,11.3,40.0,"3306,1933,6318,7596,2417,9180,6164,1099,2044,1817"
2022-03-07,4708,11.31,40.0,"3306,1933,7596,6318,2417,2855,2044,7736,7323,1817"
2022-03-08,4713,11.33,40.0,"3306,1933,6318,7596,2417,8369,2044,9533,7296,9180"
2022-03-09,4721,11.34,40.0,"3306,1933,7596,6318,2417,8874,2855,7296,6164,4914"
2022-03-10,4732,11.35,40.0,"3306,1933,6318,2417,7596,5213,5902,4252,7242,8800"
2022-03-11,4738,11.37,40.0,"3306,1933,2417,7596,6318,9804,1099,9314,2922,7153"
2022-03-12,4744,11.38,40.0,"3306,1933,6318,2417,7596,4691,9804,5213,7296,9595"
2022-03-13,4744,11.38,40.0,"3306,1933,6318,2417,7596,4691,9804,5213,7296,9595"
2022-03-14,4756,11.39,40.0,"3306,1933,6318,7596,2417,9804,5213,9314,3525,8800"
2022-03-15,4763,11.4,40.0,"3306,1933,7596,2417,6318,1099,5213,3525,9804,6631"
2022-03-16,4774,11.41,40.0,"3306,1933,7596,6318,2417,7296,6164,1817,6291,9533"
2022-03-17,4784,11.41,40.0,"3306,1933,6318,2417,7596,5902,6164,4739,6184,5213"
2022-03-18,4791,11.43,40.83,"3306,1933,6318,7296,2417,7596,2044,6020,4252,4739"
2022-03-19,4803,11.43,40.83,"3306,1933,7296,2417,7596,6318,5213,1131,9314,3525"
2022-03-20,4803,11.43,40.83,"3306,1933,7296,2417,7596,6318,5213,1131,9314,3525"
2022-03-21,4812,11.44,40.83,"3306,1933,7596,7296,6318,2417,7736,2855,9180,3300"
2022-03-22,4823,11.45,40.83,"3306,1933,6318,2417,7296,7596,5213,6631,4998,6663"
2022-03-23,4836,11.45,40.83,"3306,1933,6318,7296,7596,2417,9180,6164,6020,1817"
2022-03-24,4848,11.45,40.83,"3306,1933,7296,2417,6318,7596,1131,9595,5213,9804"
2022-03-25,4856,11.46,40.83,"3306,1933,2417,7296,7596,6318,9595,9804,5213,7153"
2022-03-26,4865,11.47,40.83,"3306,1933,2417,7296,7596,6318,1131,5213,3525,6631"
2022-03-27,4865,11.47,40.83,"3306,1933,2417,7296,7596,6318,1131,5213,3525,6631"
2022-03-28,4868,11.49,41.67,"3306,1933,2417,8976,7296,7596,6318,5213,9595,2922"
2022-03-29,4877,11.5,41.67,"3306,1933,7296,7596,6318,8976,2417,3525,4914,9220"
2022-03-30,4886,11.51,41.67,"3306,1933,6318,7596,7296,8976,2417,1131,7323,7736"
2022-03-31,4898,11.51,41.67,"3306,1933,2417,6318,8976,7296,7596,3525,9533,1817"
2022-04-01,4908,11.52,41.67,"3306,1933,7296,2417,6318,8976,7596,3525,6164,0593"
2022-04-02,4917,11.53,41.67,"3306,1933,7596,7296,8976,6318,2417,9220,9595,9180"
2022-04-03,4917,11.53,41.67,"3306,1933,7596,7296,8976,6318,2417,9220,9595,9180"
2022-04-04,4924,11.55,41.67,"3306,1933,7596,6318,7296,8976,2417,6291,6184,1817"
2022-04-05,4932,11.56,42.5,"3306,1933,7296,7596,6318,8976,7242,2417,6291,1131"
2022-04-06,4944,11.56,42.5,"3306,1933,7296,7596,8976,6318,7242,2417,7736,6184"
2022-04-07,4953,11.57,42.5,"3306,1933,7596,7296,8976,6318,7242,2417,6184,7597"
2022-04-08,4962,11.58,42.5,"3306,1933,2417,6318,7296,7242,8976,7596,6184,6164"
2022-04-09,4968,11.59,42.5,"3306,1933,7596,7296,6318,8976,7242,2417,3300,6291"
2022-04-10,4968,11.59,42.5,"3306,1933,7596,7296,6318,8976,7242,2417,3300,6291"
2022-04-11,4978,11.6,42.5,"3306,1933,7596,6318,7296,8976,7242,2417,4914,6291"
2022-04-12,4988,11.61,42.5,"3306,1933,6318,7296,7596,8976,7242,2417,9533,3628"
2022-04-13,4995,11.62,42.5,"3306,1933,7242,7296,2417,6318,8976,7596,6663,9314"
2022-04-14,5000,11.64,42.5,"3306,1933,7242,8976,2417,7596,7296,6318,1131,1817"
2022-04-15,5006,11.66,42.5,"3306,1933,7596,7296,6318,8976,7242,2417,7323,0877"
2022-04-16,5015,11.67,42.5,"3306,1933,7242,2417,6318,8976,7296,7596,5213,4691"
2022-04-17,5015,11.67,42.5,"3306,1933,7242,2417,6318,8976,7296,7596,5213,4691"
2022-04-18,5025,11.67,42.5,"3306,1933,2417,7596,8976,6318,7296,7242,9533,1817"
2022-04-19,5030,11.69,42.5,"3306,1933,6318,7296,7596,8976,7242,2417,7323,6291"
2022-04-20,5042,11.69,42.5,"3306,1933,6318,2417,7296,7596,8976,7242,6164,7620"
2022-04-21,5051,11.7,42.5,"3306,1933,7296,2417,6318,7242,8976,7596,6184,6020"
2022-04-22,5058,11.71,43.33,"3306,1933,8976,6318,7296,2417,9314,7242,7596,5902"
2022-04-23,5069,11.72,43.33,"3306,1933,2417,7242,7296,8976,9314,7596,6318,5213"
2022-04-24,5069,11.72,43.33,"3306,1933,2417,7242,7296,8976,9314,7596,6318,5213"
2022-04-25,5077,11.73,43.33,"3306,1933,2417,7242,8976,9314,7596,6318,7296,4691"
2022-04-26,5082,11.75,43.33,"3306,1933,8976,7596,7296,6318,7242,2417,9314,3300"
2022-04-27,5092,11.75,43.33,"3306,1933,9314,7242,8976,2417,7296,7596,6318,6631"
2022-04-28,5102,11.76,43.33,"3306,1933,6318,7296,7596,8976,7242,2417,9314,0877"
2022-04-29,5110,11.77,43.33,"3306,1933,7296,6318,7596,8976,7242,2417,9314,7736"
2022-04-30,5121,11.78,43.33,"3306,1933,7242,7296,7596,8976,6318,2417,9314,6455"
2022-05-01,5121,11.78,43.33,"3306,1933,7242,7296,7596,8976,6318,2417,9314,6455"
2022-05-02,5128,11.79,43.33,"3306,1933,2417,9314,8976,6318,7296,7242,7596,1131"
2022-05-03,5136,11.8,43.33,"3306,1933,7296,9314,8976,7242,7596,2417,6318,6522"
2022-05-04,5146,11.81,43.33,"3306,1933,9314,7242,2417,7596,8976,6318,7296,3525"
2022-05-05,5157,11.81,43.33,"3306,1933,7242,6318,7596,9314,7296,8976,2417,6291"
2022-05-06,5167,11.82,43.33,"3306,1933,2417,6318,9314,7296,7242,8976,7596,7597"
2022-05-07,5178,11.82,43.33,"3306,1933,6318,2417,9314,7242,8976,7596,7296,1131"
2022-05-08,5178,11.82,43.33,"3306,1933,6318,2417,9314,7242,8976,7596,7296,1131"
2022-05-09,5185,11.83,43.33,"3306,1933,7296,6318,7596,9314,8976,7242,2417,6020"
2022-05-10,5191,11.85,43.33,"3306,1933,8976,7296,6318,9314,7242,2417,7596,2922"
2022-05-11,5199,11.86,43.33,"3306,1933,2417,7296,9314,8976,6318,7596,7242,9533"
2022-05-12,5210,11.86,44.17,"3306,1933,6503,7242,9314,7596,6318,2417,8976,7296"
2022-05-13,5217,11.87,44.17,"3306,1933,9314,7242,6503,8976,6318,2417,7296,7596"
2022-05-14,5224,11.89,44.17,"3306,1933,9314,7242,6503,8976,6318,2417,7296,7596"
2022-05-15,5224,11.89,44.17,"3306,1933,9314,7242,6503,8976,6318,2417,7296,7596"
2022-05-16,5234,11.89,44.17,"3306,1933,6503,7296,2417,8976,7242,9314,7596,6318"
2022-05-17,5245,11.9,44.17,"3306,1933,8976,9314,6318,7296,6503,7596,7242,2417"
2022-05-18,5253,11.91,44.17,"3306,1933,9314,7596,8976,7242,2417,7296,6318,6503"
2022-05-19,5262,11.92,44.17,"3306,1933,6503,9314,2417,8976,7242,7596,6318,7296"
2022-05-20,5272,11.92,44.17,"3306,1933,9314,6503,2417,7242,6318,8976,7296,7596"
2022-05-21,5281,11.93,44.17,"3306,1933,9314,6318,7242,2417,7296,8976,6503,7596"
2022-05-22,5281,11.93,44.17,"3306,1933,9314,6318,7242,2417,7296,8976,6503,7596"
2022-05-23,5291,11.94,44.17,"3306,1933,2417,6503,7296,9314,6318,7596,7242,8976"
2022-05-24,5298,11.95,44.17,"3306,1933,8976,6318,7596,2417,7242,7296,6503,9314"
2022-05-25,5309,11.95,44.17,"3306,1933,9314,6318,7596,8976,7242,2417,7296,6503"
2022-05-26,5313,11.97,44.17,"3306,1933,7296,8976,7596,9533,2417,7242,6503,9314"
2022-05-27,5319,11.99,44.17,"3306,1933,7296,8976,9533,6318,7596,9314,7242,2417"
2022-05-28,5327,12.0,44.17,"3306,1933,2417,9533,9314,7296,7596,7242,8976,6503"
2022-05-29,5334,12.02,44.17,"3306,1933,9314,2417,6503,8976,7596,9533,7242,7296"
2022-05-30,5343,12.02,44.17,"3306,1933,4691,6318,7296,6503,8976,2417,7596,7242"
2022-05-31,5352,12.03,44.17,"3306,1933,8976,7296,7242,6503,9314,6318,4691,2417"
2022-06-01,5363,12.03,44.17,"3306,1933,9533,6318,7596,7296,8976,7242,2417,9314"
2022-06-02,5371,12.04,44.17,"3306,1933,6318,9533,7296,7596,8976,7242,4691,2417"
2022-06-03,5383,12.05,44.17,"3306,1933,6503,6318,9533,7296,8976,9314,7242,4691"
2022-06-04,5394,12.05,44.17,"3306,1933,7296,9533,6318,7596,8976,4691,7242,9314"
2022-06-05,5408,12.05,44.17,"3306,1933,9533,6318,6503,4691,8976,7242,7296,9314"
2022-06-06,5418,12.06,44.17,"3306,1933,4691,2417,7323,7296,7242,6318,9314,8976"
2022-06-07,5428,12.06,44.17,"3306,1933,2417,6318,8976,7596,7242,7296,9314,4691"
2022-06-08,5436,12.07,44.17,"3306,1933,9533,7296,7323,6318,6503,8976,7596,2417"
2022-06-09,5443,12.09,44.17,"3306,1933,7296,7596,2417,9314,6318,8976,4691,7323"
2022-06-10,5448,12.1,44.17,"3306,1933,7242,6503,7296,8816,6318,8976,1025,9314"
2022-06-11,5459,12.11,44.17,"3306,1933,7296,7242,4691,9314,8976,2417,1025,6318"
2022-06-12,5470,12.12,44.17,"3306,1933,7296,4691,9314,6503,7242,2417,1025,6318"
2022-06-13,5479,12.12,44.17,"3306,1933,4691,9314,8976,1025,7242,2417,7596,7323"
2022-06-14,5487,12.13,44.17,"3306,1933,9533,7296,7323,6318,7596,1025,8976,9314"
2022-06-15,5494,12.15,44.17,"3306,1933,2417,4691,7242,9314,8816,8976,1025,7596"
2022-06-16,5501,12.16,44.17,"3306,1933,7296,8816,6503,7323,9533,6318,1025,7596"
2022-06-17,5506,12.17,44.17,"3306,1933,7242,7296,2417,4691,6318,6503,8976,9314"
2022-06-18,5512,12.19,44.17,"3306,1933,2044,9314,7242,4691,8976,8816,6503,7323"
2022-06-19,5523,12.2,45.0,"3306,1933,7323,8816,9314,6503,2417,4691,1025,6318"
2022-06-20,5530,12.21,45.0,"3306,1933,7323,7296,7596,1025,6318,4691,7242,2417"
2022-06-21,5538,12.22,45.0,"3306,1933,7323,2417,9314,4691,2044,7242,9533,8816"
2022-06-22,5546,12.23,45.0,"3306,1933,7323,2417,7242,1025,8816,4691,8976,6503"
2022-06-23,5553,12.24,45.0,"3306,1933,7323,4691,1025,8976,2417,9314,6318,7596"
2022-06-24,5562,12.25,45.0,"3306,7323,1933,6503,9314,1025,8976,2417,7296,7596"
2022-06-25,5572,12.25,45.0,"3306,7323,1933,6318,2698,9533,2044,7296,8816,7596"
2022-06-26,5580,12.27,45.0,"3306,1933,7323,7242,2417,6503,1025,7296,2044,8976"
2022-06-27,5584,12.29,45.0,"3306,7323,1933,2698,9533,8816,7296,8976,2417,7242"
2022-06-28,5592,12.3,45.0,"3306,7323,1933,9180,6318,2698,7296,2044,9533,8816"
2022-06-29,5598,12.31,45.0,"3306,7323,1933,7242,2044,8816,6503,9220,8976,9314"
2022-06-30,5606,12.32,45.0,"3306,7323,1933,9220,2698,6318,9180,7296,9533,2044"
2022-07-01,5614,12.33,45.0,"3306,1933,7323,9314,1025,2044,4691,7242,8816,6503"
2022-07-02,5625,12.33,45.0,"3306,1933,7323,8976,2044,1025,8816,9220,9314,2417"
2022-07-03,5632,12.35,45.0,"3306,7323,1933,8816,1025,9220,9314,7242,2044,2417"
2022-07-04,5639,12.36,45.0,"3306,7323,1933,7242,8976,1025,7296,2044,9220,9314"
2022-07-05,5649,12.37,45.0,"3306,7323,1933,2417,7242,8976,9314,9220,2044,1025"
2022-07-06,5659,12.37,45.0,"3306,1933,7323,7242,4691,1025,9220,8976,2044,9314"
2022-07-07,5662,12.39,45.0,"3306,7323,1933,7296,9220,2417,6503,1025,9314,2044"
2022-07-08,5671,12.4,45.0,"3306,1933,7323,6503,9220,1025,9314,7242,8976,7296"
2022-07-09,5676,12.41,45.0,"3306,7323,1933,9533,9220,2698,8816,7296,6318,2044"
2022-07-10,5686,12.42,45.0,"3306,7323,1933,9533,0877,2417,8816,9220,2698,0188"
2022-07-11,5694,12.43,45.0,"3306,1933,7323,9314,8816,8976,7296,9220,1025,7596"
2022-07-12,5704,12.44,45.0,"3306,1933,7323,7242,2417,1025,8976,0533,9314,7596"
2022-07-13,5713,12.44,45.0,"3306,1933,7323,0533,7596,9314,4691,6318,1025,7242"
2022-07-14,5723,12.45,45.0,"3306,1933,7323,0533,9314,7242,7296,1025,4691,8976"
2022-07-15,5726,12.47,45.0,"3306,7323,1933,7296,0533,7596,9220,1025,9314,2417"
2022-07-16,5734,12.48,45.0,"3306,1933,7323,9220,0533,7596,0877,1025,7242,7296"
2022-07-17,5741,12.49,45.0,"3306,1933,7323,9220,2044,2698,0188,9180,7296,9533"
2022-07-18,5748,12.51,45.0,"3306,1933,7323,1025,8976,0533,6318,4691,9314,7296"
2022-07-19,5756,12.51,45.0,"3306,7323,1933,0877,9180,2417,2044,9533,6318,8816"
2022-07-20,5764,12.52,45.0,"3306,1933,7323,0877,6318,9180,9533,8816,7296,2417"
2022-07-21,5773,12.53,45.0,"3306,1933,7323,7242,1025,0877,9314,7596,7296,8976"
2022-07-22,5784,12.53,45.0,"3306,1933,7323,4691,0188,6318,8816,7296,9533,9180"
2022-07-23,5792,12.54,45.0,"3306,7323,1933,0533,4691,6503,7596,0877,7296,9314"
2022-07-24,5800,12.56,45.0,"3306,7323,1933,9180,7596,6503,0877,1025,8816,6318"
2022-07-25,5806,12.57,45.0,"3306,7323,1933,2044,7296,0188,0877,9533,9180,6455"
2022-07-26,5814,12.58,45.0,"3306,7323,1933,6318,0188,1025,6503,4691,6455,9220"
2022-07-27,5821,12.59,45.0,"3306,7323,1933,0533,1025,0877,2417,9314,7242,4691"
2022-07-28,5830,12.59,45.0,"3306,1933,7323,6455,7296,2044,2417,0877,8816,6318"
2022-07-29,5838,12.6,45.0,"3306,1933,7323,8976,6318,4691,2417,1025,7736,7596"
2022-07-30,5844,12.62,45.0,"3306,1933,7323,0877,8816,9533,7296,2044,9180,4691"
2022-07-31,5857,12.62,45.0,"3306,1933,7323,2044,2417,0877,6318,9533,6455,8816"
2022-08-01,5867,12.62,45.0,"3306,1933,7323,4691,0188,2044,0533,9220,0877,6318"
2022-08-02,5876,12.63,45.0,"3306,1933,7323,9314,7296,7242,4691,7596,9220,0533"
2022-08-03,5885,12.64,45.0,"3306,1933,7323,9180,8816,2417,6318,7296,0877,2044"
2022-08-04,5893,12.64,45.0,"3306,1933,7323,2044,8816,6455,9220,6318,9533,9180"
2022-08-05,5905,12.64,45.0,"3306,1933,7323,6455,9220,6503,9180,7296,7736,9533"
2022-08-06,5912,12.66,45.0,"3306,7323,1933,7736,0533,9220,9180,6455,8816,0877"
2022-08-07,5922,12.67,45.0,"3306,7323,1933,7242,6318,2417,0533,8976,0877,9220"
2022-08-08,5931,12.67,45.0,"3306,7323,1933,7242,6503,7736,0533,4691,1025,0877"
2022-08-09,5939,12.68,45.0,"3306,7323,1933,9533,6318,7736,2417,0533,4691,6503"
2022-08-10,5949,12.68,45.0,"3306,7323,1933,6318,9533,9220,2417,1025,7296,8976"
2022-08-11,5954,12.7,45.0,"3306,7323,1933,6455,9533,9180,2417,4691,8976,1025"
2022-08-12,5961,12.71,45.0,"3306,7323,1933,6455,7242,6503,2417,8976,1025,4691"
2022-08-13,5968,12.72,45.0,"3306,1933,7323,7596,7736,0362,2698,8976,1025,0533"
2022-08-14,5976,12.73,45.0,"3306,7323,1933,6503,6455,9180,7736,0533,2417,1025"
2022-08-15,5976,12.73,45.0,"3306,7323,1933,6503,6455,9180,7736,0533,2417,1025"
2022-08-16,5985,12.74,45.0,"3306,1933,7323,7736,1025,6318,0533,7596,7296,4739"
2022-08-17,5992,12.75,45.0,"3306,1933,7323,7242,2417,6318,7596,9314,0533,7736"
2022-08-18,6001,12.76,45.0,"3306,1933,7323,6318,7596,8976,6369,4691,7242,4739"
2022-08-19,6008,12.77,45.0,"3306,1933,7323,1025,6420,2417,7596,7242,7736,9314"
2022-08-20,6012,12.78,45.0,"3306,7323,1933,6369,1025,4739,4691,0533,2698,6318"
2022-08-21,6022,12.79,45.83,"3306,7736,1933,7323,2044,6503,6318,8816,3554,6369"
2022-08-22,6029,12.8,45.83,"3306,7323,1933,7736,7296,2417,0533,8976,6503,6420"
2022-08-23,6033,12.82,47.5,"3306,7323,1933,6503,7736,6369,0533,8976,7242,6420"
2022-08-24,6041,12.83,47.5,"3306,7323,1933,6503,7736,6369,1025,6420,0533,7242"
2022-08-25,6048,12.84,48.33,"3306,1933,6503,7323,7736,0533,1025,4691,2417,6369"
2022-08-26,6052,12.85,48.33,"3306,1933,7323,7736,6503,2044,6318,1060,0533,3554"
2022-08-27,6056,12.87,48.33,"3306,1933,7323,7736,6503,3554,9180,7242,9220,6420"
2022-08-28,6062,12.89,49.17,"3306,1933,6503,7323,7736,2044,4998,0877,6420,7296"
2022-08-29,6068,12.9,49.17,"3306,1933,6503,7323,2044,7736,9739,8874,7242,2417"
2022-08-30,6074,12.91,49.17,"3306,1933,7736,2044,7323,6503,8976,1060,9533,0877"
2022-08-31,6082,12.92,49.17,"3306,1933,7323,6503,7736,2044,1025,8976,0188,4739"
2022-09-01,6088,12.93,49.17,"3306,1933,7736,7323,2044,6503,8976,8874,0533,0877"
2022-09-02,6091,12.95,49.17,"3306,1933,7736,2044,7323,6503,9220,7296,9533,6369"
2022-09-03,6100,12.96,50.0,"1933,3306,2044,7736,7323,6503,9533,1060,6318,3554"
2022-09-04,6107,12.97,50.83,"3306,1933,2417,7323,2044,7736,6503,7242,4998,9739"
2022-09-05,6112,12.99,50.83,"3306,1933,7323,2044,2417,7736,6503,4998,0877,8976"
2022-09-06,6119,13.0,50.83,"1933,3306,6503,7736,7323,2044,2417,1060,8816,9220"
2022-09-07,6127,13.0,50.83,"3306,1933,2417,6503,7323,2044,7736,9739,1025,7296"
2022-09-08,6127,13.0,50.83,"3306,1933,2417,6503,7323,2044,7736,9739,1025,7296"
2022-09-09,6134,13.01,50.83,"1933,3306,6503,2044,7323,2417,7736,0533,6318,0877"
2022-09-10,6140,13.03,50.83,"3306,1933,6503,7323,7736,2417,2044,2698,0533,6318"
2022-09-11,6148,13.04,50.83,"3306,1933,7323,6503,2417,2044,7736,0877,9739,6420"
2022-09-12,6152,13.06,50.83,"3306,1933,2044,6503,7736,7323,2417,9220,8816,1060"
2022-09-13,6161,13.06,50.83,"3306,1933,7736,2044,2417,6503,7323,9739,0533,4998"
2022-09-14,6168,13.07,50.83,"3306,1933,6503,7323,2044,2417,7736,7242,0877,7596"
2022-09-15,6176,13.08,50.83,"3306,1933,2417,7323,6503,7736,2044,7242,7596,6369"
2022-09-16,6185,13.08,50.83,"3306,1933,6503,2044,7323,2417,7736,9180,8816,1060"
2022-09-17,6193,13.09,50.83,"3306,1933,6503,7323,2417,2044,7736,1060,0533,9314"
2022-09-18,6193,13.09,50.83,"3306,1933,6503,7323,2417,2044,7736,1060,0533,9314"
2022-09-19,6199,13.1,50.83,"1933,3306,2044,7736,6503,7323,2417,6318,9533,1060"
2022-09-20,6203,13.12,50.83,"3306,1933,7736,6503,2044,7323,2417,6369,9220,8816"
2022-09-21,6215,13.12,50.83,"3306,1933,6503,2417,7323,2044,7736,7296,4739,6420"
2022-09-22,6221,13.13,51.67,"3306,1933,7323,2417,6503,4739,7736,2044,0188,7296"
2022-09-23,6230,13.13,51.67,"3306,1933,4739,7323,2417,7736,2044,6503,7242,8976"
2022-09-24,6235,13.15,51.67,"3306,1933,7323,2417,4739,6503,7736,2044,7596,6420"
2022-09-25,6244,13.16,51.67,"3306,1933,7323,2417,2044,7736,4739,6503,1025,1060"
2022-09-26,6251,13.17,51.67,"1933,3306,6503,2044,2417,7736,7323,4739,0877,7296"
2022-09-27,6254,13.18,51.67,"1933,3306,7323,2417,4739,2044,7736,6503,9314,6318"
2022-09-28,6262,13.19,51.67,"3306,1933,7323,4739,6503,2417,2044,7736,0533,7296"
2022-09-29,6265,13.21,51.67,"1933,3306,2417,7323,4739,6503,7736,2044,6318,2698"
2022-09-30,6270,13.22,51.67,"3306,1933,6503,7323,4739,2417,2044,7736,6369,6420"
2022-10-01,6277,13.23,51.67,"1933,3306,6503,7323,7736,4739,2417,2044,6369,7596"
2022-10-02,6277,13.23,51.67,"1933,3306,6503,7323,7736,4739,2417,2044,6369,7596"
2022-10-03,6284,13.24,51.67,"3306,1933,4739,7736,2417,7323,6503,2044,6369,7242"
2022-10-04,6287,13.26,51.67,"3306,1933,4739,6503,2044,2417,7736,7323,8874,6727"
2022-10-05,6290,13.28,51.67,"3306,1933,7736,6503,2417,2044,7323,4739,0533,8874"
2022-10-06,6296,13.29,51.67,"1933,3306,7736,2417,7323,4739,2044,6503,7296,3554"
2022-10-07,6304,13.29,51.67,"3306,1933,4739,6503,2044,2417,7323,7736,7242,2698"
2022-10-08,6312,13.3,51.67,"3306,1933,7736,4739,2044,2417,7323,6503,6420,7242"
2022-10-09,6321,13.31,51.67,"3306,1933,7736,7323,4739,2417,6503,2044,7296,6420"
2022-10-10,6330,13.32,51.67,"3306,1933,7323,4739,7736,2044,2417,6503,6369,3554"
2022-10-11,6336,13.33,51.67,"3306,1933,7323,4739,6503,2044,2417,7736,4998,7242"
2022-10-12,6343,13.34,51.67,"3306,1933,2044,7323,4739,7736,6503,2417,9180,7296"
2022-10-13,6352,13.34,51.67,"3306,1933,4739,7736,2417,7323,2044,6503,2698,0188"
2022-10-14,6360,13.35,51.67,"3306,1933,6503,7323,4739,2417,7736,2044,6184,1025"
2022-10-15,6367,13.36,51.67,"3306,1933,7323,2044,2417,4739,7736,6503,6420,6184"
2022-10-16,6374,13.37,51.67,"1933,3306,6503,4739,7736,7323,2417,2044,9180,8874"
2022-10-17,6380,13.38,51.67,"3306,1933,7736,7323,2044,6503,2417,4739,3554,1025"
2022-10-18,6386,13.4,51.67,"3306,1933,6503,7736,2417,7323,4739,2044,6420,7296"
2022-10-19,6393,13.4,51.67,"3306,1933,4739,7323,2044,2417,7736,6503,8976,3554"
2022-10-20,6398,13.42,51.67,"3306,1933,7323,7736,6503,2044,2417,4739,1025,7296"
2022-10-21,6403,13.43,51.67,"3306,1933,2417,4739,7323,7736,2044,6503,0877,7296"
2022-10-22,6410,13.44,52.5,"1933,3306,6503,2044,7736,2417,6184,7323,4739,6318"
2022-10-23,6417,13.45,52.5,"1933,3306,2417,6184,6503,7323,2044,7736,4739,7596"
2022-10-24,6426,13.46,52.5,"3306,1933,7323,6184,2044,7736,2417,6503,4739,7596"
2022-10-25,6433,13.47,52.5,"3306,1933,4739,7736,7323,2044,2417,6184,6503,7296"
2022-10-26,6438,13.48,52.5,"3306,1933,6503,6184,4739,7323,7736,2417,2044,1025"
2022-10-27,6445,13.49,52.5,"3306,1933,4739,6184,7323,2417,7736,2044,6503,6420"
2022-10-28,6456,13.49,52.5,"3306,1933,7736,7323,2417,6503,4739,6184,2044,8874"
2022-10-29,6460,13.5,52.5,"3306,1933,6184,7323,4739,2044,7736,2417,6503,3554"
2022-10-30,6468,13.52,52.5,"3306,1933,6184,6503,4739,2044,2417,7323,7736,6727"
2022-10-31,6474,13.53,52.5,"3306,1933,6184,4739,2417,7323,2044,7736,6503,3554"
2022-11-01,6480,13.54,52.5,"3306,1933,4739,6503,6184,2417,7323,2044,7736,6727"
2022-11-02,6488,13.54,52.5,"1933,3306,6503,7736,2417,2044,6184,4739,7323,0362"
2022-11-03,6496,13.55,52.5,"1933,3306,6184,7736,6503,7323,4739,2044,2417,7451"
2022-11-04,6506,13.55,52.5,"3306,1933,2044,4739,6184,6503,7736,2417,7323,3554"
2022-11-05,6516,13.56,52.5,"3306,1933,4739,6184,7323,2417,7736,2044,6503,8976"
2022-11-06,6526,13.56,52.5,"3306,1933,6184,7323,2417,4739,2044,7736,6503,6420"
2022-11-07,6533,13.57,52.5,"1933,3306,2044,7736,2417,6184,6503,7323,4739,6369"
2022-11-08,6539,13.58,52.5,"3306,1933,7323,6184,2044,6503,2417,4739,7736,4998"
2022-11-09,6545,13.59,52.5,"1933,3306,7323,2044,6503,7736,2417,6184,4739,8369"
2022-11-10,6550,13.61,52.5,"3306,1933,6503,2044,4739,6184,7736,2417,7323,3554"
2022-11-11,6558,13.61,53.33,"1933,3306,7323,4739,6184,2417,6420,6503,2044,7736"
2022-11-12,6561,13.63,53.33,"3306,1933,6420,6184,7323,4739,2044,6503,2417,7736"
2022-11-13,6570,13.64,53.33,"3306,1933,7323,6184,6420,2417,4739,2044,6503,7736"
2022-11-14,6577,13.65,53.33,"3306,1933,7323,6184,6420,2417,4739,2044,7736,6503"
2022-11-15,6581,13.66,53.33,"3306,1933,7323,6184,6420,4739,2044,6503,2417,7736"
2022-11-16,6589,13.67,53.33,"3306,1933,7323,6503,6420,4739,2417,6184,2044,7736"
2022-11-17,6594,13.68,53.33,"3306,1933,7323,6503,6184,6420,2417,4739,2044,7736"
2022-11-18,6597,13.7,53.33,"3306,1933,7736,6503,6184,6420,2044,7323,2417,4739"
2022-11-19,6600,13.71,53.33,"3306,1933,4739,6184,7323,6420,6503,2417,7736,2044"
2022-11-20,6600,13.71,53.33,"3306,1933,4739,6184,7323,6420,6503,2417,7736,2044"
2022-11-21,6607,13.72,53.33,"3306,1933,7323,6420,4739,2417,7736,2044,6503,6184"
2022-11-22,6612,13.73,53.33,"3306,1933,7323,6420,6184,2044,7736,2417,6503,4739"
2022-11-23,6620,13.75,53.33,"1933,3306,7736,2044,6184,7323,6503,2417,4739,6420"
2022-11-24,6630,13.75,53.33,"1933,3306,7323,6184,9027,6503,7736,6420,4739,2417"
2022-11-25,6638,13.75,53.33,"1933,3306,6184,6503,7736,4739,2417,6420,7323,2044"
2022-11-26,6641,13.77,53.33,"1933,3306,6503,7736,2417,9027,2044,6420,6184,4739"
2022-11-27,6647,13.78,53.33,"1933,3306,7736,9027,2044,2417,6420,6503,6184,4739"
2022-11-28,6654,13.79,53.33,"1933,3306,9027,6420,2044,2417,6184,6503,7323,4739"
2022-11-29,6659,13.8,53.33,"1933,3306,7736,9027,0362,2044,2417,6420,6503,6184"
2022-11-30,6669,13.81,53.33,"1933,3306,2417,6503,9027,2044,0362,6420,6184,7323"
2022-12-01,6676,13.82,53.33,"1933,3306,6503,7323,6184,0362,2044,7736,2417,4998"
2022-12-02,6683,13.82,53.33,"3306,1933,6184,7736,7323,2044,6420,4998,2417,0362"
2022-12-03,6689,13.83,53.33,"1933,3306,2887,9027,0362,7736,8008,2044,2417,6420"
2022-12-04,6694,13.85,53.33,"3306,1933,9027,7736,4739,2044,8008,6503,2887,6184"
2022-12-05,6698,13.86,53.33,"3306,1933,6503,7736,2887,2044,6184,8008,9027,2417"
2022-12-06,6703,13.87,53.33,"1933,3306,7736,0362,9027,2887,6503,8008,6184,2044"
2022-12-07,6712,13.88,53.33,"3306,1933,6420,4998,6184,7323,6503,4739,2417,2044"
2022-12-08,6717,13.9,53.33,"1933,3306,4998,2887,0362,8008,2044,9027,2417,6420"
2022-12-09,6723,13.91,53.33,"1933,3306,9027,6184,0362,2044,8008,2417,7323,2887"
2022-12-10,6728,13.92,53.33,"1933,3306,2887,2417,0362,9027,8008,2044,6036,6420"
2022-12-11,6731,13.93,53.33,"1933,3306,7736,6036,0362,6503,6420,2417,6184,2044"
2022-12-12,6737,13.94,53.33,"3306,1933,8008,4739,6036,7323,7736,9027,2887,2417"
2022-12-13,6741,13.96,53.33,"1933,3306,7736,4739,7323,0362,2887,8008,9027,2417"
2022-12-14,6750,13.97,53.33,"3306,1933,4998,6184,7323,2417,4739,6420,2044,8008"
2022-12-15,6759,13.97,53.33,"3306,1933,0362,4998,6184,2417,7736,4739,6503,7323"
2022-12-16,6764,13.98,53.33,"1933,3306,8008,2044,9027,2417,6036,2887,0362,6420"
2022-12-17,6773,13.99,53.33,"3306,1933,4739,6184,7323,4998,6420,2044,8874,2417"
2022-12-18,6780,13.99,53.33,"3306,1933,6036,0362,6503,7323,4739,6184,2417,8008"
2022-12-19,6785,14.01,53.33,"1933,3306,4998,2417,6503,7736,7323,9027,6036,2887"
2022-12-20,6790,14.02,53.33,"3306,1933,7736,6184,7323,2417,8008,6036,4739,6503"
2022-12-21,6801,14.02,53.33,"3306,1933,6036,9027,4739,7323,8008,4998,8874,7736"
2022-12-22,6805,14.04,53.33,"1933,3306,0362,6420,7736,6036,2887,8008,6503,2417"
2022-12-23,6812,14.04,53.33,"3306,1933,6036,4739,6503,6184,7323,2044,8874,4998"
2022-12-24,6815,14.06,53.33,"3306,1933,2044,7323,6503,7736,6420,4739,8874,6036"
2022-12-25,6819,14.07,53.33,"3306,1933,7323,7736,0362,6036,9027,6420,8874,6503"
2022-12-26,6821,14.09,53.33,"1933,3306,6503,8008,7323,0362,9027,4739,2044,6420"
2022-12-27,6825,14.11,53.33,"3306,1933,4739,7323,2044,8874,4998,6184,7736,2887"
2022-12-28,6832,14.12,53.33,"3306,1933,7736,2887,8874,0362,7323,9027,4739,6036"
2022-12-29,6838,14.13,53.33,"3306,1933,8874,7736,4739,7323,6036,4998,6420,8008"
2022-12-30,6845,14.14,53.33,"1933,3306,7323,0362,6036,7736,2417,8008,9027,2887"
2022-12-31,6854,14.14,53.33,"1933,3306,2887,0392,6036,9027,2417,0362,6420,8008"
2023-01-01,6860,14.15,53.33,"3306,1933,7736,6184,9027,0362,2887,8008,4998,2417"
2023-01-02,6865,14.16,53.33,"1933,3306,6184,1005,2887,8874,6036,0392,6420,2044"
2023-01-03,6870,14.17,53.33,"3306,1933,7323,6184,2044,2417,8008,6036,0362,9027"
2023-01-04,6877,14.18,53.33,"1933,3306,6503,7323,9027,8008,2044,4998,0362,2417"
2023-01-05,6883,14.19,53.33,"1933,3306,8008,6503,6036,0392,2044,9027,2887,7736"
2023-01-06,6885,14.21,53.33,"1933,3306,0392,7736,2044,2887,6036,8008,7323,9027"
2023-01-07,6891,14.22,53.33,"3306,1933,0362,4739,8008,6420,2417,0392,4998,9027"
2023-01-08,6896,14.23,53.33,"1933,3306,7323,8874,6184,4739,6420,2417,1005,0392"
2023-01-09,6902,14.24,53.33,"3306,1933,6184,4739,6420,1005,4998,2417,8874,0392"
2023-01-10,6905,14.26,53.33,"1933,3306,7323,4739,8874,2044,0392,4998,1005,2417"
2023-01-11,6914,14.27,53.33,"1933,3306,7323,6184,2044,0392,4998,8008,1005,8874"
2023-01-12,6917,14.28,53.33,"3306,1933,4739,7736,6184,7323,8874,1005,7296,6036"
2023-01-13,6920,14.3,53.33,"1933,3306,6503,0362,7736,2417,2887,2044,8008,7296"
2023-01-14,6926,14.31,53.33,"3306,1933,9027,4739,7323,7296,0392,4998,8008,1005"
2023-01-15,6930,14.32,53.33,"1933,3306,0362,6184,7323,6036,4998,1005,9027,0392"
2023-01-16,6932,14.34,53.33,"3306,1933,0362,7323,6503,6184,4998,6036,1005,7807"
2023-01-17,6936,14.35,53.33,"1933,3306,0362,7736,6503,4739,9027,6420,2887,4998"
2023-01-18,6943,14.36,53.33,"1933,3306,0362,7736,6420,4998,6036,2417,4739,6184"
2023-01-19,6943,14.36,53.33,"1933,3306,0362,7736,6420,4998,6036,2417,4739,6184"
2023-01-20,6949,14.37,53.33,"3306,1933,4739,6184,7736,1005,7323,0362,2887,9027"
2023-01-21,6951,14.39,53.33,"1933,3306,6184,7736,0362,7323,0392,6503,7807,4998"
2023-01-22,6957,14.4,53.33,"1933,3306,7736,6503,0362,7323,6184,4739,7296,6420"
2023-01-23,6962,14.41,53.33,"3306,1933,8008,2887,7736,6036,6503,9027,9533,7296"
2023-01-24,6972,14.41,53.33,"1933,3306,7323,4739,6036,6503,7736,0362,2417,2887"
2023-01-25,6979,14.43,53.33,"1933,3306,6503,7323,2417,9027,0362,6420,4998,2887"
2023-01-26,6979,14.43,53.33,"1933,3306,6503,7323,2417,9027,0362,6420,4998,2887"
2023-01-27,6984,14.44,53.33,"3306,1933,7736,8874,2044,7296,4998,7807,9533,0392"
2023-01-28,6987,14.45,53.33,"1933,3306,0362,4739,8008,6036,2044,8874,1432,2887"
2023-01-29,6992,14.46,53.33,"1933,3306,0362,2417,7736,4998,9027,7296,1432,6036"
2023-01-30,6999,14.47,53.33,"1933,3306,7736,7296,0362,7323,6036,1005,6184,4998"
2023-01-31,7006,14.48,53.33,"1933,3306,2417,9027,6036,6420,4998,1432,0362,7296"
2023-02-01,7013,14.49,53.33,"1933,3306,6184,7323,0362,1005,6036,2044,8008,2887"
2023-02-02,7018,14.5,53.33,"3306,1933,1432,7296,6420,6503,0877,8874,9027,6036"
2023-02-03,7028,14.5,53.33,"1933,3306,0362,7323,0392,8874,7807,2044,8008,6036"
2023-02-04,7033,14.51,53.33,"3306,1933,8874,7296,6503,7807,9533,1005,0392,4739"
2023-02-05,7037,14.53,53.33,"3306,1933,7323,9533,8008,0392,8874,6420,6503,1432"
2023-02-06,7041,14.54,53.33,"3306,1933,6184,7736,7296,2417,0877,9027,4998,6420"
2023-02-07,7048,14.55,53.33,"1933,3306,7296,6184,2417,0877,9027,9220,6420,6503"
2023-02-08,7054,14.56,53.33,"1933,3306,6503,0362,7296,9533,6184,7323,8874,8008"
2023-02-09,7058,14.57,53.33,"3306,1933,6727,7323,8008,2044,6503,4739,9533,1432"
2023-02-10,7062,14.59,53.33,"3306,1933,4998,6036,9220,9027,6420,0362,0877,7736"
2023-02-11,7066,14.6,53.33,"3306,1933,1432,8008,7736,7807,2044,0392,4739,6036"
2023-02-12,7068,14.62,53.33,"1933,3306,7807,0362,6184,7736,7296,1005,8008,8874"
2023-02-13,7072,14.63,53.33,"1933,3306,2417,7807,7736,0362,9533,6727,9220,1432"
2023-02-14,7078,14.64,53.33,"1933,3306,7807,2417,0392,0877,1432,1005,4739,7323"
2023-02-15,7087,14.65,53.33,"1933,3306,6184,2417,0362,9533,0877,7807,1432,2044"
2023-02-16,7093,14.66,53.33,"1933,3306,8008,7296,4998,6420,7736,1432,6036,0877"
2023-02-17,7099,14.66,53.33,"1933,3306,0362,2417,6036,7736,8008,9220,6184,1432"
2023-02-18,7105,14.67,53.33,"1933,3306,7296,6503,7807,1879,2417,9533,0362,2887"
2023-02-19,7111,14.68,53.33,"1933,3306,7296,1879,0362,7807,2417,2044,6503,7736"
2023-02-20,7116,14.69,53.33,"1933,3306,7296,6184,7807,2417,1879,6503,0392,2044"
2023-02-21,7122,14.7,53.33,"3306,1933,6184,7807,1432,9533,2044,6727,4739,7323"
2023-02-22,7129,14.71,53.33,"1933,3306,4998,2417,6420,8874,7296,7323,6503,7736"
2023-02-23,7131,14.73,53.33,"3306,1933,2044,6727,2887,1005,7736,9533,7807,6184"
2023-02-24,7133,14.75,53.33,"1933,3306,2417,1879,9533,1005,7296,9220,9027,6503"
2023-02-25,7141,14.75,53.33,"1933,3306,2417,6503,6420,7296,4998,7736,0897,1879"
2023-02-26,7147,14.76,53.33,"1933,3306,6503,2417,6420,8874,4998,0362,1879,1432"
2023-02-27,7153,14.77,53.33,"3306,1933,7807,2044,1005,9533,7323,6184,4739,8008"
2023-02-28,7156,14.78,53.33,"1933,3306,4998,7296,6503,2417,6420,7807,6036,8874"
2023-03-01,7162,14.8,53.33,"1933,3306,6420,2417,7807,4998,1879,6184,0362,1005"
2023-03-02,7167,14.81,53.33,"1933,3306,2417,6036,7296,0362,1879,7807,4998,6420"
2023-03-03,7172,14.82,53.33,"1933,3306,7807,6036,6420,2417,4998,1879,2887,8874"
2023-03-04,7176,14.83,53.33,"1933,3306,1005,9533,7807,7296,7323,4739,2044,6727"
2023-03-05,7182,14.84,54.17,"1933,3306,7807,7736,2417,6420,4998,7296,0877,6036"
2023-03-06,7188,14.85,54.17,"1933,3306,7807,0362,6420,7296,8369,6036,1005,1879"
2023-03-07,7192,14.86,54.17,"3306,1933,7807,6184,8874,4739,2044,0392,7296,0877"
2023-03-08,7200,14.87,54.17,"3306,1933,7807,1879,2044,8369,4739,9220,1432,7323"
2023-03-09,7205,14.88,54.17,"3306,1933,7807,7296,9027,2887,0877,6727,7323,4739"
2023-03-10,7212,14.89,54.17,"1933,3306,7807,0362,7736,8369,6036,2417,4998,7296"
2023-03-11,7216,14.9,54.17,"1933,3306,7807,2417,4393,6420,1005,0392,6036,1879"
2023-03-12,7222,14.91,54.17,"1933,3306,7807,7296,2417,0362,8369,6420,4393,1005"
2023-03-13,7228,14.92,54.17,"1933,3306,7807,4393,0362,6420,6036,1005,0392,1879"
2023-03-14,7234,14.93,54.17,"1933,3306,7807,8369,1879,9533,6036,4998,4393,1005"
2023-03-15,7242,14.94,55.0,"1933,3306,7296,7807,0897,9533,0362,2417,1879,4998"
2023-03-16,7247,14.95,55.0,"1933,3306,7296,7807,9533,6503,8369,7736,6420,0897"
2023-03-17,7255,14.95,55.83,"1933,3306,2887,7296,7807,4393,0362,8369,6420,1879"
2023-03-18,7258,14.97,56.67,"3306,1933,7807,2887,7296,9220,6727,9027,1879,6036"
2023-03-19,7258,14.97,56.67,"3306,1933,7807,2887,7296,9220,6727,9027,1879,6036"
2023-03-20,7260,14.98,56.67,"1933,3306,9220,7296,2887,7807,1005,2417,6036,1879"
2023-03-21,7268,14.99,56.67,"1933,3306,9220,7296,2887,7807,6420,9533,6036,1879"
2023-03-22,7274,15.0,57.5,"3306,1933,9220,2887,7296,2417,7807,0877,6184,1432"
2023-03-23,7279,15.01,57.5,"3306,1933,7807,7296,2887,9220,2417,1005,8369,3739"
2023-03-24,7280,15.03,57.5,"1933,3306,2417,2887,7807,9220,7296,7896,1879,6036"
2023-03-25,7284,15.04,57.5,"3306,1933,2887,7296,9220,2417,7807,1432,2044,9533"
2023-03-26,7291,15.05,57.5,"3306,1933,9220,7296,7807,2887,2417,9027,9533,3739"
2023-03-27,7297,15.06,57.5,"1933,3306,2417,9220,7807,2887,7296,7736,7896,0897"
2023-03-28,7303,15.06,57.5,"1933,3306,7296,2417,9220,2887,7807,6036,9533,3739"
2023-03-29,7311,15.07,57.5,"1933,3306,2417,7296,2887,7807,9220,1879,0362,0897"
2023-03-30,7317,15.08,57.5,"1933,3306,7296,2887,7807,9220,2417,0897,0392,1432"
2023-03-31,7321,15.09,57.5,"1933,3306,2417,7296,9220,7807,2887,0392,6036,6420"
2023-04-01,7325,15.11,57.5,"1933,3306,7807,2417,9220,2887,7296,0362,0392,7242"
2023-04-02,7330,15.12,57.5,"1933,3306,2887,9220,7807,7296,2417,0897,7323,8008"
2023-04-03,7331,15.13,58.33,"1933,3306,2417,7296,6727,7807,2887,9220,6420,7242"
2023-04-04,7335,15.15,58.33,"1933,3306,2417,6727,2887,9220,7296,7807,6036,8369"
2023-04-05,7343,15.16,58.33,"1933,3306,7296,2417,6727,9220,2887,7807,7736,1879"
2023-04-06,7352,15.16,58.33,"3306,1933,7807,6727,2417,9220,2887,7296,3739,4739"
2023-04-07,7357,15.17,58.33,"3306,1933,7296,2417,9220,6727,2887,7807,8369,0897"
2023-04-08,7361,15.18,58.33,"3306,1933,2417,7807,6727,9220,2887,7296,7242,4998"
2023-04-09,7366,15.19,58.33,"3306,1933,7807,2417,2887,6727,7296,9220,7736,6420"
2023-04-10,7369,15.2,58.33,"1933,3306,7807,2887,6727,7296,9220,2417,9533,4739"
2023-04-11,7377,15.21,58.33,"1933,3306,7296,2417,7807,6727,9220,2887,0362,3739"
2023-04-12,7385,15.22,58.33,"3306,1933,7807,2417,7296,9220,6727,2887,7242,0362"
2023-04-13,7388,15.23,59.17,"3306,1933,7807,7296,2417,6727,9220,2887,7896,0897"
2023-04-14,7394,15.24,60.0,"1933,3306,7896,0897,2417,7296,6727,9220,2887,7807"
2023-04-15,7397,15.25,60.0,"3306,1933,2417,7296,7807,0897,6727,9220,2887,7896"
2023-04-16,7402,15.26,60.0,"1933,3306,2417,7807,7296,0897,7896,2887,9220,6727"
2023-04-17,7408,15.27,60.0,"1933,3306,0897,7807,2417,2887,7296,6727,7896,9220"
2023-04-18,7416,15.28,60.0,"1933,3306,7296,0897,7896,2417,7807,2887,9220,6727"
2023-04-19,7424,15.28,60.0,"3306,1933,7296,2417,0897,7896,6727,9220,2887,7807"
2023-04-20,7429,15.29,60.0,"3306,1933,0897,7896,7296,2417,6727,9220,2887,7807"
2023-04-21,7433,15.31,60.0,"3306,1933,9220,7896,2417,7807,0897,7296,2887,6727"
2023-04-22,7437,15.32,60.0,"1933,3306,2887,7807,9220,0897,7296,6727,7896,2417"
2023-04-23,7441,15.33,60.0,"1933,3306,6727,7896,2417,0897,7296,7807,9220,2887"
2023-04-24,7445,15.34,60.0,"1933,3306,7896,9220,2887,2417,7807,0897,6727,7296"
2023-04-25,7449,15.35,60.0,"3306,1933,2887,0897,2417,6727,7807,7296,9220,7896"
2023-04-26,7453,15.37,60.0,"1933,3306,2417,7296,2887,9220,0897,7896,7807,6727"
2023-04-27,7458,15.38,60.0,"3306,1933,6727,0897,2417,9220,7896,2887,7807,7296"
2023-04-28,7460,15.4,60.0,"3306,1933,2417,7896,7807,9220,6727,0897,2887,7296"
2023-04-29,7467,15.4,60.0,"3306,1933,2417,7896,2887,7807,9220,6727,7296,0897"
2023-04-30,7471,15.42,60.83,"0897,1933,3306,6727,7296,2417,9220,2887,7807,7896"
2023-05-01,7471,15.42,60.83,"0897,1933,3306,6727,7296,2417,9220,2887,7807,7896"
2023-05-02,7473,15.43,60.83,"1933,3306,0897,7896,9220,7807,6727,7296,2887,2417"
2023-05-03,7479,15.44,60.83,"3306,1933,0897,2887,2417,6727,9220,7296,7896,7807"
2023-05-04,7483,15.46,60.83,"3306,1933,0897,7296,2887,7807,7896,6727,2417,9220"
2023-05-05,7488,15.47,60.83,"3306,0897,1933,7807,2887,7296,6727,7896,2417,9220"
2023-05-06,7493,15.48,60.83,"0897,3306,1933,7896,2887,2417,6727,9220,7807,7296"
2023-05-07,7498,15.49,60.83,"3306,0897,1933,7896,6727,7807,7296,2887,2417,9220"
2023-05-08,7501,15.5,60.83,"1933,0897,3306,6727,9220,7807,7896,2887,7296,2417"
2023-05-09,7508,15.5,60.83,"3306,0897,1933,2417,7296,6727,7807,9220,2887,7896"
2023-05-10,7511,15.52,60.83,"1933,3306,0897,7296,2887,6727,7896,7807,9220,2417"
2023-05-11,7514,15.54,60.83,"1933,3306,0897,7807,2887,9220,7296,6727,7896,2417"
2023-05-12,7520,15.55,60.83,"0897,1933,3306,2417,9220,7807,2887,7896,7296,6727"
2023-05-13,7524,15.56,60.83,"0897,3306,1933,7296,2417,6727,7807,2887,7896,9220"
2023-05-14,7527,15.57,60.83,"0897,1933,3306,7896,9220,7296,7807,2887,6727,2417"
2023-05-15,7533,15.58,60.83,"3306,0897,1933,6727,2417,7296,7896,9220,2887,7807"
2023-05-16,7535,15.59,60.83,"3306,1933,0897,7296,2887,7896,7807,9220,6727,2417"
2023-05-17,7539,15.61,60.83,"1933,3306,0897,9220,7807,6727,7896,2887,2417,7296"
2023-05-18,7542,15.62,60.83,"3306,0897,1933,6727,7896,2887,7296,9220,2417,7807"
2023-05-19,7545,15.64,60.83,"1933,3306,0897,7296,2417,6727,7323,9220,7807,7896"
2023-05-20,7552,15.64,60.83,"3306,1933,0897,7896,2887,7296,6727,7323,2417,7807"
2023-05-21,7557,15.65,60.83,"1933,0897,3306,7896,7296,7323,9220,2887,6727,7807"
2023-05-22,7561,15.66,60.83,"0897,3306,1933,2887,2417,7896,7807,6727,7296,9220"
2023-05-23,7567,15.67,60.83,"1933,0897,3306,9220,7296,2417,2887,7896,7807,7323"
2023-05-24,7567,15.67,60.83,"1933,0897,3306,9220,7296,2417,2887,7896,7807,7323"
2023-05-25,7568,15.69,60.83,"0897,1933,3306,7896,7296,7323,7807,9220,6727,2887"
2023-05-26,7574,15.7,60.83,"1933,0897,3306,7296,2887,6727,7896,7807,9220,2417"
2023-05-27,7577,15.71,60.83,"0897,1933,3306,7296,2417,6727,7323,7896,9220,7807"
2023-05-28,7579,15.73,60.83,"1933,3306,0897,2417,2887,9220,7896,6727,7296,7323"
2023-05-29,7588,15.73,60.83,"0897,3306,1933,7296,2417,6727,7323,0362,7896,2887"
2023-05-30,7595,15.73,60.83,"3306,1933,0897,7807,7323,6727,9220,0362,2417,2887"
2023-05-31,7600,15.75,60.83,"3306,0897,1933,0362,6727,7807,7296,7323,7896,2417"
2023-06-01,7605,15.76,60.83,"0897,3306,1933,6727,7896,2887,0362,7323,2417,7296"
2023-06-02,7611,15.76,60.83,"1933,3306,0897,7323,6727,7896,0362,9220,7296,2417"
2023-06-03,7616,15.77,60.83,"0897,1933,3306,7807,0362,6727,7896,2887,7296,2417"
2023-06-04,7623,15.78,60.83,"1933,0897,3306,2417,0362,7896,7323,2887,6727,9220"
2023-06-05,7629,15.79,60.83,"0897,1933,3306,2417,7323,7896,0362,7807,9220,7296"
2023-06-06,7634,15.8,60.83,"3306,0897,1933,2887,2417,6727,7296,0362,7896,9220"
2023-06-07,7638,15.81,60.83,"0897,3306,1933,2417,7896,2887,6727,0362,7323,7807"
2023-06-08,7645,15.82,60.83,"3306,0897,1933,7323,7807,9220,7896,0362,6727,7296"
2023-06-09,7648,15.83,60.83,"0897,1933,3306,2887,7296,7807,2417,9220,7896,7323"
2023-06-10,7651,15.84,60.83,"3306,0897,1933,2417,7807,7296,2887,7323,6727,0362"
2023-06-11,7654,15.86,60.83,"0897,1933,3306,7296,2887,0362,7896,7323,6727,7807"
2023-06-12,7657,15.87,60.83,"3306,1933,0897,7896,2887,0362,6727,7323,9220,2417"
2023-06-13,7668,15.87,60.83,"0897,1933,3306,7807,9220,7323,0362,2417,7296,6727"
2023-06-14,7672,15.88,60.83,"1933,0897,3306,7323,0362,6727,9220,2887,2417,7807"
2023-06-15,7675,15.9,60.83,"3306,1933,0897,2887,7323,9220,7807,6727,0362,7296"
2023-06-16,7679,15.91,60.83,"3306,1933,0897,7296,2417,2887,0362,7896,7323,6727"
2023-06-17,7685,15.92,60.83,"3306,1933,0897,2887,0362,7896,6727,7323,9220,7296"
2023-06-18,7692,15.92,60.83,"3306,0897,1933,7323,7296,2417,6727,7807,0362,7896"
2023-06-19,7696,15.93,60.83,"3306,1933,0897,0362,2417,7296,6727,7323,7807,9220"
2023-06-20,7698,15.95,60.83,"3306,1933,0897,7296,6727,2417,0362,7807,9220,7323"
2023-06-21,7706,15.96,60.83,"3306,1933,0897,9220,0362,7296,2887,7807,2417,7323"
2023-06-22,7710,15.97,60.83,"3306,1933,0897,2417,2887,6727,7296,7323,0362,7896"
2023-06-23,7717,15.97,60.83,"3306,0897,1933,2417,2887,0362,7296,9220,7896,7323"
2023-06-24,7720,15.99,60.83,"3306,1933,0897,2887,7296,7323,0362,2417,6727,7896"
2023-06-25,7721,16.0,60.83,"3306,1933,0897,2887,9220,7896,7807,7323,6727,2417"
2023-06-26,7725,16.01,60.83,"1933,0897,3306,7896,7807,2417,0362,7323,2887,9220"
2023-06-27,7732,16.02,60.83,"0897,3306,1933,2417,6727,7296,0362,2887,7807,7896"
2023-06-28,7737,16.03,60.83,"3306,1933,0897,2417,2887,7323,9220,7896,7807,0362"
2023-06-29,7744,16.04,60.83,"0897,1933,3306,7296,0362,2417,6727,7323,7807,7896"
2023-06-30,7746,16.05,60.83,"3306,1933,0897,2417,7296,2887,0362,7896,7323,6727"
2023-07-01,7748,16.07,60.83,"3306,1933,0897,7296,2887,9220,6727,2417,7323,7807"
2023-07-02,7749,16.09,60.83,"1933,0897,3306,0362,7323,2417,7296,6727,7807,7896"
2023-07-03,7755,16.09,60.83,"3306,0897,1933,2417,7896,7807,7323,6727,9220,0362"
2023-07-04,7759,16.1,60.83,"3306,0897,1933,7296,9220,2887,7323,6727,0362,2417"
2023-07-05,7762,16.12,60.83,"3306,1933,0897,7296,2417,6727,0362,2887,9220,7323"
2023-07-06,7768,16.13,60.83,"3306,0897,1933,7296,2417,7807,6727,7323,7896,2887"
2023-07-07,7773,16.14,60.83,"3306,0897,1933,7296,9220,2417,7807,6727,7323,0362"
2023-07-08,7778,16.15,60.83,"3306,1933,0897,6727,7296,9220,2887,7807,7896,7323"
2023-07-09,7781,16.16,60.83,"3306,0897,1933,7296,6727,9027,9220,0362,7896,7807"
2023-07-10,7784,16.17,60.83,"3306,0897,1933,7323,2417,2887,9027,7296,9220,0362"
2023-07-11,7788,16.18,60.83,"3306,1933,0897,7296,7323,2887,2417,0362,9027,7896"
2023-07-12,7791,16.2,60.83,"3306,0897,1933,2417,9027,0362,9220,7296,7896,2887"
2023-07-13,7795,16.21,60.83,"3306,0897,1933,7296,9220,7323,2417,9027,7807,2887"
2023-07-14,7797,16.23,60.83,"3306,0897,1933,7807,2417,7323,0362,9220,7896,2887"
2023-07-15,7799,16.24,60.83,"3306,0897,1933,2417,9027,9220,6727,7296,7323,7807"
2023-07-16,7802,16.26,60.83,"1933,3306,0897,7807,9027,7896,7323,9220,2887,7296"
2023-07-17,7809,16.26,60.83,"3306,0897,1933,9220,9027,0362,6727,7323,7296,2417"
2023-07-18,7810,16.28,60.83,"3306,0897,1933,9220,9027,2417,2887,7323,0362,6727"
2023-07-19,7816,16.29,60.83,"3306,1933,0897,2417,7323,7896,9027,9220,0362,7807"
2023-07-20,7821,16.3,60.83,"0897,3306,1933,7296,2887,2417,7323,8369,7807,0362"
2023-07-21,7825,16.31,60.83,"3306,0897,1933,7296,2417,8369,0362,6727,7323,7807"
2023-07-22,7828,16.32,60.83,"0897,3306,1933,0362,8369,6727,7296,4998,2417,7323"
2023-07-23,7833,16.33,60.83,"3306,1933,0897,7296,2417,7807,6727,2887,9220,4998"
2023-07-24,7839,16.34,60.83,"3306,0897,1933,7296,2417,6727,2887,9027,8369,7807"
2023-07-25,7843,16.35,60.83,"3306,0897,1933,6727,7296,2417,7323,7807,8369,0362"
2023-07-26,7843,16.35,60.83,"3306,0897,1933,6727,7296,2417,7323,7807,8369,0362"
2023-07-27,7847,16.36,60.83,"3306,0897,1933,7296,9220,6727,2417,7323,9027,8369"
2023-07-28,7851,16.37,60.83,"3306,1933,0897,2417,6727,7807,0362,7896,9027,7323"
2023-07-29,7858,16.38,60.83,"3306,1933,0897,7896,7807,6727,2417,7323,7296,9027"
2023-07-30,7865,16.38,60.83,"1933,0897,3306,7296,9220,7896,9027,2887,8369,4998"
2023-07-31,7869,16.39,60.83,"1933,0897,3306,2887,7896,0362,9220,2417,8369,7807"
2023-08-01,7876,16.39,60.83,"3306,0897,1933,2417,7323,7807,0362,8369,9027,9220"
2023-08-02,7880,16.41,60.83,"1933,0897,3306,7896,9220,7807,0362,9027,8369,7323"
2023-08-03,7884,16.42,60.83,"3306,0897,1933,7296,2887,6727,9220,7323,2417,8369"
2023-08-04,7891,16.43,60.83,"1933,0897,3306,7896,9220,7296,8369,7807,9027,7323"
2023-08-05,7895,16.44,60.83,"3306,0897,1933,7296,6727,2417,9220,2887,7323,9027"
2023-08-06,7901,16.44,60.83,"3306,0897,1933,9027,7296,6727,2417,7896,2887,0362"
2023-08-07,7905,16.45,60.83,"3306,0897,1933,9220,4998,7296,6727,9027,7896,7807"
2023-08-08,7907,16.47,60.83,"3306,0897,1933,2887,9027,2417,9220,6727,4998,7807"
2023-08-09,7911,16.48,60.83,"1933,0897,3306,7896,7807,9220,9027,7296,0362,8369"
2023-08-10,7915,16.5,60.83,"1933,0897,3306,7807,8369,9027,9220,7896,7296,0362"
2023-08-11,7921,16.5,60.83,"3306,0897,1933,4998,9220,7296,2417,2887,6727,9027"
2023-08-12,7923,16.52,60.83,"1933,3306,0897,7807,9027,7296,9220,7896,2887,8369"
2023-08-13,7931,16.52,60.83,"3306,0897,1933,9027,7296,2417,9220,9173,7323,6727"
2023-08-14,7936,16.53,60.83,"3306,0897,1933,9173,9220,2417,2887,7296,7323,6727"
2023-08-15,7936,16.53,60.83,"3306,0897,1933,9173,9220,2417,2887,7296,7323,6727"
2023-08-16,7941,16.54,60.83,"3306,0897,1933,7323,7807,7896,7296,6727,2417,4998"
2023-08-17,7945,16.55,60.83,"3306,0897,1933,2887,4998,9027,2417,7296,6727,9173"
2023-08-18,7949,16.56,60.83,"1933,0897,3306,7296,2887,9220,9027,7323,9173,4998"
2023-08-19,7951,16.58,60.83,"0897,3306,1933,9220,9027,9173,4998,2417,6727,7323"
2023-08-20,7955,16.59,60.83,"3306,1933,0897,9173,4998,2887,9220,2417,0425,7323"
2023-08-21,7961,16.59,60.83,"3306,0897,1933,0425,2887,4998,9220,6727,2417,9027"
2023-08-22,7966,16.6,60.83,"0897,1933,3306,2417,4998,0425,8369,0362,7296,9173"
2023-08-23,7973,16.61,60.83,"0897,1933,3306,7807,9027,9220,0362,7296,2471,8369"
2023-08-24,7976,16.62,60.83,"0897,1933,3306,9220,4998,7296,7323,2887,2471,9027"
2023-08-25,7980,16.63,60.83,"0897,3306,1933,4998,7296,2887,2417,2471,0425,7323"
2023-08-26,7982,16.65,60.83,"3306,0897,1933,2887,9220,9027,7807,7323,2417,9173"
2023-08-27,7985,16.66,60.83,"3306,0897,1933,9220,4998,0425,6727,9173,7323,2417"
2023-08-28,7992,16.67,60.83,"0897,1933,3306,9173,2417,7296,0425,4998,7323,0362"
2023-08-29,7992,16.67,60.83,"0897,1933,3306,9173,2417,7296,0425,4998,7323,0362"
2023-08-30,7996,16.68,61.67,"0897,2417,3306,1933,7323,9220,4998,7296,0362,2471"
2023-08-31,7999,16.69,61.67,"2417,0897,1933,3306,4998,9173,7323,9027,2887,7296"
2023-09-01,8003,16.7,61.67,"3306,0897,2417,1933,7896,2471,7296,2887,9027,9220"
2023-09-02,8004,16.72,61.67,"2417,1933,3306,0897,8369,7296,0362,9027,7896,2471"
2023-09-03,8008,16.73,61.67,"0897,2417,3306,1933,7296,2471,4998,2887,0425,6727"
2023-09-04,8010,16.75,61.67,"3306,0897,2417,1933,4998,2887,7296,9027,6727,7323"
2023-09-05,8015,16.75,61.67,"1933,0897,2417,3306,9220,9027,7896,2887,2471,0362"
2023-09-06,8019,16.77,61.67,"2417,1933,0897,3306,4998,2471,7323,2887,6727,9173"
2023-09-07,8022,16.78,61.67,"2417,0897,1933,3306,6727,4998,8369,8800,7323,2887"
2023-09-08,8027,16.79,61.67,"3306,2417,1933,0897,2887,6727,2471,7323,7296,0362"
2023-09-09,8032,16.8,61.67,"2417,3306,1933,0897,2471,7323,2887,6727,0425,9027"
2023-09-10,8033,16.82,61.67,"3306,2417,1933,0897,9173,2471,4998,7296,7323,6727"
2023-09-11,8035,16.83,61.67,"2417,3306,1933,0897,2471,7323,6727,4998,2887,9173"
2023-09-12,8036,16.85,61.67,"3306,0897,1933,2417,8369,9220,9027,4998,7323,7807"
2023-09-13,8039,16.86,61.67,"2417,0897,1933,3306,7296,4998,7323,6727,2471,2887"
2023-09-14,8044,16.87,61.67,"0897,3306,2417,1933,4998,2471,6727,7296,7323,2887"
2023-09-15,8049,16.88,61.67,"1933,2417,3306,0897,8369,8800,9173,9027,6727,2471"
2023-09-16,8055,16.89,61.67,"3306,0897,2417,1933,9173,7296,4998,2471,6727,0425"
2023-09-17,8056,16.9,61.67,"0897,3306,2417,1933,7896,2471,7296,7807,9220,2887"
2023-09-18,8057,16.92,61.67,"3306,0897,2417,1933,7296,2471,4998,6727,7323,2887"
2023-09-19,8063,16.93,61.67,"3306,0897,2417,1933,9220,4998,0425,2471,7296,7323"
2023-09-20,8063,16.93,61.67,"3306,0897,2417,1933,9220,4998,0425,2471,7296,7323"
2023-09-21,8065,16.94,61.67,"3306,2417,1933,0897,6727,4998,7807,7896,2471,7323"
2023-09-22,8068,16.95,61.67,"2417,1933,0897,3306,9220,9027,2887,7296,6727,7323"
2023-09-23,8072,16.96,61.67,"3306,0897,2417,1933,9220,0425,4998,7296,6727,2471"
2023-09-24,8074,16.98,61.67,"1933,0897,2417,3306,8369,2887,0425,6727,9027,7807"
2023-09-25,8076,16.99,61.67,"2417,3306,0897,1933,8369,0425,2471,9027,4998,2887"
2023-09-26,8083,16.99,61.67,"1933,0897,2417,3306,7296,0362,0425,8800,2471,9220"
2023-09-27,8089,17.01,61.67,"1933,0897,2417,3306,9027,7296,9220,8800,2887,0362"
2023-09-28,8093,17.02,61.67,"2417,0897,3306,1933,8369,9173,7807,7896,6727,4998"
2023-09-29,8096,17.03,61.67,"3306,2417,0897,1933,8369,6727,0362,7896,9027,9173"
2023-09-30,8098,17.04,61.67,"1933,2417,3306,0897,0425,7323,8369,0362,9173,6727"
2023-10-01,8101,17.05,61.67,"3306,1933,2417,0897,8369,9173,9220,7896,0362,6727"
2023-10-02,8101,17.05,61.67,"3306,1933,2417,0897,8369,9173,9220,7896,0362,6727"
2023-10-03,8103,17.07,61.67,"2417,3306,0897,1933,2471,7896,7323,7807,6727,2887"
2023-10-04,8105,17.09,61.67,"1933,3306,2417,0897,8369,7296,6727,7896,0362,9027"
2023-10-05,8108,17.1,61.67,"2417,1933,0897,3306,2887,9027,0362,8369,9220,8800"
2023-10-06,8113,17.11,61.67,"1933,3306,2417,0897,2471,8800,6727,0362,9027,8369"
2023-10-07,8116,17.12,61.67,"2417,0897,3306,1933,8800,7323,6727,4998,0362,8369"
2023-10-08,8116,17.14,61.67,"1933,0897,3306,2417,8800,7807,2471,0362,9027,8369"
2023-10-09,8119,17.15,61.67,"3306,2417,1933,0897,0362,8369,7296,0425,9220,2887"
2023-10-10,8123,17.16,61.67,"2417,3306,1933,0897,8800,9027,2471,0362,7296,9173"
2023-10-11,8124,17.18,61.67,"2417,3306,0897,1933,7323,7296,0362,8800,8369,9173"
2023-10-12,8125,17.2,61.67,"3306,2417,1933,0897,7807,0425,7896,7323,9027,9220"
2023-10-13,8130,17.21,61.67,"2417,3306,0897,1933,4998,6727,9027,9220,2471,7296"
2023-10-14,8133,17.22,61.67,"0897,1933,3306,2417,7296,9220,0425,2471,2887,9027"
2023-10-15,8138,17.23,61.67,"3306,2417,0897,1933,9173,9027,0362,4998,6727,8369"
2023-10-16,8139,17.24,61.67,"3306,2417,1933,0897,9173,4998,7896,7807,0425,7323"
2023-10-17,8142,17.26,61.67,"1933,3306,0897,2417,8874,7323,7296,0425,8800,9027"
2023-10-18,8144,17.27,61.67,"1933,2417,3306,0897,2471,7296,8369,9027,8874,0362"
2023-10-19,8147,17.29,61.67,"1933,0897,2417,3306,8369,7896,9173,7323,9220,2887"
2023-10-20,8150,17.3,62.5,"0897,2417,9027,3306,1933,8369,6727,2471,0425,7323"
2023-10-21,8150,17.32,62.5,"3306,0897,9027,2417,1933,0425,4998,9220,6727,2471"
2023-10-22,8151,17.33,62.5,"3306,1933,2417,0897,9027,0362,8874,7323,8369,2471"
2023-10-23,8153,17.35,63.33,"1933,2887,9027,3306,0897,2417,6727,7296,7807,4998"
2023-10-24,8156,17.36,63.33,"9027,2887,1933,0897,2417,3306,8800,2471,0362,8369"
2023-10-25,8163,17.37,63.33,"2417,9027,2887,1933,0897,3306,0362,9220,7896,7807"
2023-10-26,8164,17.38,63.33,"3306,0897,9027,2417,1933,2887,7323,8874,9220,9173"
2023-10-27,8169,17.39,63.33,"2887,9027,3306,2417,1933,0897,9220,9460,7296,8874"
2023-10-28,8170,17.41,63.33,"3306,0897,9027,2417,2887,1933,0425,9460,4998,7807"
2023-10-29,8172,17.42,63.33,"9027,2417,0897,1933,2887,3306,8800,7807,0425,4998"
2023-10-30,8176,17.43,63.33,"1933,2417,2887,0897,3306,9027,7896,9220,8800,0362"
2023-10-31,8181,17.44,63.33,"2887,9027,0897,1933,3306,2417,2471,7296,7807,9460"
2023-11-01,8186,17.45,63.33,"1933,2887,2417,3306,9027,0897,0362,7909,7296,9220"
2023-11-02,8190,17.46,63.33,"1933,9027,3306,2417,0897,2887,7807,8874,0362,9460"
2023-11-03,8195,17.47,63.33,"2887,1933,0897,2417,3306,9027,9220,9173,7296,9460"
2023-11-04,8200,17.48,63.33,"2887,9027,0897,2417,3306,1933,4998,7896,8800,8369"
2023-11-05,8206,17.48,63.33,"0897,3306,2887,2417,9027,1933,6727,2471,9220,4998"
2023-11-06,8211,17.49,63.33,"3306,9027,1933,2887,0897,2417,8800,7807,0425,0362"
2023-11-07,8214,17.5,63.33,"2887,1933,0897,2417,3306,9027,8874,7323,9173,2471"
2023-11-08,8218,17.52,63.33,"1933,2417,0897,3306,9027,2887,2471,0425,7807,7896"
2023-11-09,8220,17.53,63.33,"0897,1933,2417,2887,9027,3306,7909,4393,2471,7296"
2023-11-10,8223,17.54,63.33,"3306,2417,9027,1933,2887,0897,9173,2620,7296,0425"
2023-11-11,8227,17.55,63.33,"0897,2887,1933,9027,3306,2417,7909,7296,8369,9220"
2023-11-12,8230,17.56,63.33,"1933,2417,3306,0897,2887,9027,7296,8369,9173,8800"
2023-11-13,8232,17.58,63.33,"2887,2417,0897,3306,9027,1933,7296,6727,2471,4393"
2023-11-14,8236,17.59,63.33,"1933,9027,3306,0897,2417,2887,7323,2620,2471,0362"
2023-11-15,8242,17.6,63.33,"2887,9027,1933,0897,2417,3306,0425,9460,7909,2471"
2023-11-16,8248,17.6,63.33,"1933,2887,9027,0897,3306,2417,4393,9220,2620,0425"
2023-11-17,8251,17.62,63.33,"2887,1933,9027,3306,2417,0897,0362,2471,6727,7296"
2023-11-18,8252,17.63,63.33,"2887,0897,1933,3306,2417,9027,7323,4998,4393,2471"
2023-11-19,8256,17.64,63.33,"3306,9027,2417,0897,1933,2887,7323,2471,7296,4393"
2023-11-20,8261,17.65,63.33,"1933,2887,9027,3306,0897,2417,7323,7296,0362,9460"
2023-11-21,8263,17.66,63.33,"9027,1933,3306,2887,2417,0897,7807,7296,8369,7323"
2023-11-22,8263,17.66,63.33,"9027,1933,3306,2887,2417,0897,7807,7296,8369,7323"
2023-11-23,8266,17.67,63.33,"0897,3306,9027,2417,2887,1933,7323,9173,0425,8874"
2023-11-24,8269,17.69,63.33,"2417,3306,9027,2887,0897,1933,4998,9173,8874,4393"
2023-11-25,8272,17.7,63.33,"2887,1933,9027,2417,0897,3306,7323,2471,6727,8369"
2023-11-26,8273,17.71,63.33,"2887,1933,0897,2417,9027,3306,0425,8845,7323,7909"
2023-11-27,8278,17.72,63.33,"2887,0897,3306,1933,9027,2417,1023,8845,9220,8800"
2023-11-28,8279,17.74,63.33,"3306,2417,9027,1933,2887,0897,6727,7807,7296,1023"
2023-11-29,8281,17.76,63.33,"2887,0897,9027,3306,1933,2417,6727,2471,9220,4393"
2023-11-30,8285,17.77,63.33,"2887,1933,0897,9027,2417,3306,0362,6727,7323,8800"
2023-12-01,8290,17.77,63.33,"0897,3306,1933,9027,2417,2887,7807,6727,9460,8874"
2023-12-02,8292,17.79,63.33,"9027,1933,2887,0897,3306,2417,9220,4393,8845,7896"
2023-12-03,8295,17.8,63.33,"3306,0897,1933,2887,9027,2417,9173,9460,6727,7323"
2023-12-04,8296,17.81,63.33,"3306,1933,2417,9027,0897,2887,7909,7323,4998,9173"
2023-12-05,8299,17.83,63.33,"0897,9027,2887,3306,1933,2417,6727,9220,5748,7296"
2023-12-06,8300,17.85,63.33,"1933,9027,0897,2887,2417,3306,7909,7296,9220,0362"
2023-12-07,8304,17.86,63.33,"0897,3306,2417,9027,2887,1933,5748,9173,7296,8800"
2023-12-08,8305,17.87,63.33,"0897,3306,2417,9027,2887,1933,7296,2620,9173,7909"
2023-12-09,8308,17.88,63.33,"1933,2417,3306,9027,0897,2887,9173,4393,8369,7296"
2023-12-10,8311,17.9,63.33,"9027,2887,0897,3306,1933,2417,2471,9220,7323,0362"
2023-12-11,8313,17.91,63.33,"2887,9027,0897,3306,1933,2417,2620,5748,9220,4998"
2023-12-12,8314,17.93,63.33,"1933,2417,2887,9027,3306,0897,7323,7296,4393,8369"
2023-12-13,8323,17.93,63.33,"2417,3306,2887,0897,9027,1933,7896,9173,7807,8874"
2023-12-14,8325,17.94,63.33,"9027,1933,2887,0897,2417,3306,7296,8008,8800,4393"
2023-12-15,8326,17.96,63.33,"2887,9027,1933,2417,0897,3306,2471,5748,8369,7909"
2023-12-16,8329,17.97,64.17,"3306,2417,2887,1933,7909,0897,9027,7296,5748,2471"
2023-12-17,8332,17.98,64.17,"7909,9027,2887,2417,0897,1933,3306,8369,5748,0425"
2023-12-18,8332,18.0,65.0,"1933,2887,0897,9027,7909,3306,9173,2417,8369,2471"
2023-12-19,8333,18.02,65.0,"7909,9027,1933,2887,3306,2417,9173,0897,8369,9220"
2023-12-20,8334,18.04,65.0,"3306,9173,0897,7909,2417,9027,1933,2887,6727,2471"
2023-12-21,8337,18.05,65.0,"9173,3306,1933,2887,9027,7909,0897,2417,7323,7807"
2023-12-22,8340,18.06,65.0,"1933,7909,9173,3306,2417,9027,2887,0897,1023,4998"
2023-12-23,8345,18.07,65.0,"1933,2887,7909,0897,9027,3306,2417,9173,9220,0425"
2023-12-24,8347,18.08,65.0,"7909,9027,2417,3306,2887,1933,9173,0897,4393,2471"
2023-12-25,8348,18.1,65.0,"7909,9027,2887,0897,9173,1933,2417,3306,9460,1023"
2023-12-26,8352,18.11,65.0,"0897,9027,3306,2417,1933,9173,7909,2887,7323,9460"
2023-12-27,8357,18.12,65.0,"0897,1933,9027,2887,2417,7909,3306,9173,4393,7736"
2023-12-28,8360,18.13,65.0,"9027,1933,2887,7909,2417,3306,0897,9173,9460,8800"
2023-12-29,8365,18.14,65.0,"0897,7909,2887,2417,1933,9173,3306,9027,0851,0425"
2023-12-30,8366,18.15,65.0,"1933,7909,2417,3306,9173,2887,9027,0897,4393,4998"
2023-12-31,8370,18.16,65.0,"1933,0897,2887,2417,7909,9027,9173,3306,2471,6727"
2024-01-01,8373,18.17,65.0,"1933,9027,7909,0897,2887,2417,3306,9173,8369,2471"
2024-01-02,8376,18.18,65.0,"2417,0897,3306,9173,7909,9027,2887,1933,0362,5748"
2024-01-03,8377,18.2,65.0,"1933,7909,2887,0897,9027,9173,3306,2417,5748,2471"
2024-01-04,8379,18.22,65.83,"1933,7296,9027,2887,0897,7909,3306,9173,2417,1023"
2024-01-05,8382,18.23,65.83,"7909,2887,1933,0897,2417,9173,3306,9027,7296,8008"
2024-01-06,8382,18.25,65.83,"1933,2887,2417,7296,7909,9173,3306,0897,9027,2471"
2024-01-07,8385,18.26,65.83,"9173,1933,7909,3306,2417,7296,2887,0897,9027,8874"
2024-01-08,8387,18.27,65.83,"7296,2887,0897,1933,7909,3306,9173,2417,9027,8874"
2024-01-09,8390,18.28,65.83,"7296,9173,3306,2887,2417,1933,0897,7909,9027,8874"
2024-01-10,8392,18.3,66.67,"1933,2417,7909,9027,7296,2887,0897,3306,9173,6318"
2024-01-11,8396,18.31,66.67,"1933,3306,7296,9173,0897,2417,7909,2887,9027,8845"
2024-01-12,8399,18.32,66.67,"1933,0897,7909,9027,2887,7296,2417,9173,3306,8369"
2024-01-13,8404,18.33,66.67,"1933,3306,9173,0897,7296,2417,2887,7909,9027,2471"
2024-01-14,8410,18.33,66.67,"1933,9027,2887,2417,7909,9173,7296,3306,0897,1023"
2024-01-15,8413,18.35,66.67,"1933,7296,2887,0897,9027,7909,3306,9173,2417,0425"
2024-01-16,8416,18.36,67.5,"1933,2417,9173,3306,7909,9027,2887,0897,8800,7296"
2024-01-17,8421,18.37,67.5,"1933,9027,8800,2887,2417,7296,0897,7909,3306,9173"
2024-01-18,8424,18.38,67.5,"1933,0897,7909,2417,2887,7296,9027,9173,3306,8800"
2024-01-19,8429,18.39,67.5,"1933,2417,7909,2887,9173,0897,8800,3306,7296,9027"
2024-01-20,8433,18.4,67.5,"1933,0897,7909,2887,2417,7296,8800,9027,3306,9173"
2024-01-21,8434,18.41,67.5,"1933,2417,3306,7909,9173,8800,0897,7296,9027,2887"
2024-01-22,8438,18.42,67.5,"1933,0897,7296,9027,7909,2417,2887,9173,8800,3306"
2024-01-23,8443,18.43,67.5,"1933,7296,9027,2887,7909,0897,2417,9173,8800,3306"
2024-01-24,8443,18.43,67.5,"1933,7296,9027,2887,7909,0897,2417,9173,8800,3306"
2024-01-25,8446,18.44,67.5,"1933,9027,7296,0897,2887,2417,7909,3306,9173,8800"
2024-01-26,8446,18.44,67.5,"1933,9027,7296,0897,2887,2417,7909,3306,9173,8800"
2024-01-27,8449,18.45,67.5,"1933,9027,0897,2417,7909,2887,8800,9173,7296,3306"
2024-01-28,8451,18.46,67.5,"1933,9027,2887,0897,7909,2417,7296,3306,9173,8800"
2024-01-29,8456,18.47,67.5,"1933,2417,7296,3306,9173,7909,8800,9027,0897,2887"
2024-01-30,8459,18.48,67.5,"1933,8800,7296,9173,3306,0897,2887,7909,2417,9027"
2024-01-31,8459,18.5,67.5,"1933,0897,7909,2417,7296,3306,8800,9027,9173,7736"
2024-02-01,8461,18.52,67.5,"1933,0897,7736,7296,2417,9027,7909,2887,3306,8800"
2024-02-02,8466,18.52,67.5,"1933,7296,3306,2887,7736,9027,7909,0897,2417,9173"
2024-02-03,8467,18.54,67.5,"1933,7736,2417,9027,0897,7909,2887,3306,7296,8800"
2024-02-04,8469,18.55,67.5,"1933,9173,7736,0897,9027,2417,7296,7909,2887,3306"
2024-02-05,8470,18.57,67.5,"1933,7296,7736,8800,2417,9027,2887,0897,7909,3306"
2024-02-06,8474,18.58,67.5,"1933,0897,9027,2887,7296,7909,2417,9173,3306,8800"
2024-02-07,8476,18.6,67.5,"1933,9027,7296,8800,0897,2417,7909,2887,7736,9173"
2024-02-08,8477,18.61,67.5,"1933,7296,2417,0897,9027,7736,2887,8800,7909,3306"
2024-02-09,8479,18.62,67.5,"1933,7909,7296,9027,2417,7736,8800,3306,0897,6420"
2024-02-10,8483,18.63,67.5,"1933,3306,0897,2417,9027,2887,9173,8800,7296,7736"
2024-02-11,8484,18.65,67.5,"1933,6420,0897,9173,7296,9027,7736,8800,3306,2887"
2024-02-12,8489,18.66,67.5,"1933,2887,7736,9027,2417,7296,0897,3306,8800,9173"
2024-02-13,8491,18.67,67.5,"1933,7296,0897,2887,2417,9027,7909,8800,7736,9173"
2024-02-14,8492,18.69,67.5,"1933,7909,2417,3306,7296,6420,9173,9027,0897,7736"
2024-02-15,8493,18.7,67.5,"1933,6420,3306,7909,0897,9027,7296,2417,2887,9173"
2024-02-16,8495,18.72,67.5,"1933,7736,6420,2887,7296,2417,9027,7909,0897,8800"
2024-02-17,8497,18.73,67.5,"1933,8800,7296,6420,7909,0897,7736,2417,9027,9173"
2024-02-18,8500,18.74,67.5,"1933,0897,3306,9027,7909,6420,2417,2887,7736,7296"
2024-02-19,8500,18.76,67.5,"1933,8800,7296,7736,2417,2887,9027,7909,3306,9173"
2024-02-20,8504,18.77,67.5,"1933,3306,2887,6420,0897,2417,9027,7909,7296,8800"
2024-02-21,8511,18.78,67.5,"1933,0897,2887,3306,7909,2417,9027,6420,8800,7736"
2024-02-22,8513,18.79,67.5,"1933,0897,2887,2417,6420,3306,9173,7296,9027,7736"
2024-02-23,8515,18.8,67.5,"1933,2887,2417,0897,8800,7909,9173,7296,3306,6420"
2024-02-24,8517,18.82,67.5,"1933,0897,7736,7909,2887,3306,2417,6420,9027,7296"
2024-02-25,8523,18.82,67.5,"1933,7736,7909,8800,9173,2417,0897,3306,2887,6420"
2024-02-26,8524,18.84,67.5,"1933,7736,8800,9027,3306,9173,7909,6420,7296,2417"
2024-02-27,8527,18.85,67.5,"1933,7736,0897,7296,6420,7909,9173,2887,3306,2417"
2024-02-28,8531,18.86,67.5,"1933,7736,3306,9173,2417,7909,6420,9027,0897,7296"
2024-02-29,8536,18.87,67.5,"1933,3306,9173,8800,7736,7909,6420,2887,7296,2417"
2024-03-01,8541,18.87,67.5,"1933,7296,3306,7736,0897,2887,6420,9173,7909,2417"
2024-03-02,8542,18.89,67.5,"1933,7296,2887,8800,9027,9173,3306,7909,6420,2417"
2024-03-03,8545,18.9,67.5,"1933,7736,0362,2887,8800,6420,0897,7909,3306,9173"
2024-03-04,8551,18.9,67.5,"1933,0897,7296,9027,9173,7736,2887,6420,7909,3306"
2024-03-05,8551,18.92,67.5,"1933,0362,6420,9027,7296,3306,7909,2417,2887,0897"
2024-03-06,8555,18.93,67.5,"1933,9027,6420,0897,9173,2887,2417,7736,7296,0362"
2024-03-07,8556,18.95,68.33,"0362,1933,7736,9027,6420,7909,3306,0897,2887,8800"
2024-03-08,8557,18.96,69.17,"1933,0362,2417,7909,2887,3306,7296,9027,6420,8800"
2024-03-09,8559,18.98,69.17,"1933,0362,7736,3306,8800,9027,2887,0897,7909,6420"
2024-03-10,8560,18.99,69.17,"1933,0362,2887,7296,3306,9173,6420,8800,7736,7909"
2024-03-11,8560,19.01,69.17,"1933,0362,7296,9027,2887,8800,0897,7909,2417,9173"
2024-03-12,8561,19.03,69.17,"1933,0362,0897,7296,9173,7909,6420,3306,2417,2887"
2024-03-13,8564,19.04,69.17,"1933,0362,2417,3306,2887,7909,9173,6420,9027,0897"
2024-03-14,8564,19.06,69.17,"1933,0362,6420,3306,7736,7296,0897,8800,2887,7909"
2024-03-15,8568,19.07,69.17,"1933,0362,7736,0897,7296,8800,9027,2887,2417,6420"
2024-03-16,8573,19.07,69.17,"1933,0362,2887,9027,3306,7909,0897,9173,8800,7296"
2024-03-17,8575,19.09,69.17,"1933,0362,0897,7296,6420,2417,7736,8800,7909,3306"
2024-03-18,8578,19.1,69.17,"1933,0362,7736,2417,9027,7296,1023,6420,7909,3306"
2024-03-19,8580,19.11,69.17,"1933,0362,7736,2417,6420,1023,0897,3306,9027,7909"
2024-03-20,8582,19.13,69.17,"1933,0362,7296,2417,9027,7736,7909,9220,8800,1023"
2024-03-21,8584,19.14,69.17,"1933,0362,7296,1023,3306,2417,6420,0897,7736,2887"
2024-03-22,8588,19.15,69.17,"1933,0362,1023,2417,9027,9173,7909,9220,6420,0897"
2024-03-23,8588,19.17,69.17,"1933,0362,2417,8800,1023,7296,9027,9220,3306,9173"
2024-03-24,8589,19.18,69.17,"1933,0362,1023,8800,7296,2417,9027,9220,7909,3306"
2024-03-25,8590,19.2,69.17,"1933,0362,1023,2887,8800,7296,7736,0897,6420,7909"
2024-03-26,8594,19.21,69.17,"1933,0362,6420,7296,9173,1023,8800,7909,3306,0897"
2024-03-27,8594,19.21,69.17,"1933,0362,6420,7296,9173,1023,8800,7909,3306,0897"
2024-03-28,8596,19.22,69.17,"1933,0362,0897,7736,2887,1023,2417,8800,9173,3306"
2024-03-29,8598,19.23,69.17,"1933,0362,7296,7736,7909,8800,1023,3306,9027,6420"
2024-03-30,8605,19.23,69.17,"1933,0362,0897,8800,1023,7909,7736,9220,9027,9173"
2024-03-31,8609,19.24,69.17,"1933,0362,7296,8800,7736,0897,2417,6420,9027,2887"
2024-04-01,8610,19.26,69.17,"1933,0362,0897,1023,8800,2417,2887,7909,9220,3306"
2024-04-02,8610,19.28,69.17,"1933,0362,2417,7909,0897,7736,8800,9220,6420,1023"
2024-04-03,8613,19.29,69.17,"1933,0362,9027,6420,0897,2417,8800,7736,7909,1023"
2024-04-04,8615,19.3,69.17,"1933,0362,2887,7296,7736,6420,0897,8800,7909,2417"
2024-04-05,8617,19.32,69.17,"1933,0362,9027,8369,2887,9220,7296,8800,8008,7909"
2024-04-06,8620,19.33,69.17,"1933,0362,7296,6420,0897,8800,8008,8369,2887,9220"
2024-04-07,8623,19.34,69.17,"1933,0362,6420,3306,7296,2417,2887,9027,7736,8800"
2024-04-08,8629,19.34,69.17,"1933,0362,8800,7909,1023,7736,7296,8008,8369,2887"
2024-04-09,8635,19.35,69.17,"1933,0362,7736,6420,9173,0897,7296,3306,8008,2887"
2024-04-10,8639,19.36,69.17,"1933,0362,7736,7296,9220,9027,0897,3306,2887,8008"
2024-04-11,8642,19.37,69.17,"1933,0362,7736,1023,6420,3306,0897,2417,7909,9027"
2024-04-12,8645,19.38,69.17,"1933,0362,2417,0897,9173,6420,3306,8008,7296,7736"
2024-04-13,8645,19.4,69.17,"1933,0362,7296,0897,8008,9173,6420,3306,1023,2417"
2024-04-14,8646,19.41,69.17,"1933,0362,2417,0897,7296,3306,6420,9173,7736,1023"
2024-04-15,8648,19.43,69.17,"1933,0362,2417,6420,9220,0897,7909,9027,3306,1023"
2024-04-16,8649,19.44,69.17,"1933,0362,1023,2417,7296,0897,6420,3306,9173,8008"
2024-04-17,8652,19.46,69.17,"1933,0362,8369,0897,7896,1023,6420,8008,9173,3306"
2024-04-18,8653,19.47,69.17,"1933,0362,0897,6420,7896,7296,8369,3306,7909,2887"
2024-04-19,8656,19.48,69.17,"1933,0362,7896,6420,1023,2417,8369,9220,9173,9027"
2024-04-20,8659,19.49,69.17,"1933,0362,7736,7909,7896,7296,9027,9220,3306,6420"
2024-04-21,8661,19.51,69.17,"1933,0362,2887,9220,9027,9173,7296,8008,0897,7736"
2024-04-22,8663,19.52,69.17,"1933,0362,7296,7909,0897,1023,9220,2417,8369,8800"
2024-04-23,8666,19.53,70.0,"1933,8800,0362,9027,7896,8008,2887,7296,7909,8369"
2024-04-24,8666,19.55,70.0,"1933,0362,8800,7736,2417,1023,7896,6420,0897,9027"
2024-04-25,8669,19.56,70.0,"1933,8800,0362,7896,7296,8369,7736,2887,8008,7909"
2024-04-26,8670,19.58,70.0,"1933,0362,8800,7296,2417,7909,9173,6420,1023,9220"
2024-04-27,8672,19.59,70.0,"1933,0362,8800,2471,6420,2417,7909,8008,0897,1023"
2024-04-28,8673,19.6,70.0,"1933,0362,8800,2471,7296,6420,7896,0897,7736,9220"
2024-04-29,8676,19.62,70.0,"1933,8800,0362,2887,3306,2417,1023,9220,7296,2471"
2024-04-30,8679,19.63,70.0,"1933,0362,8800,7296,9173,7736,7909,2887,7896,2417"
2024-05-01,8679,19.63,70.0,"1933,0362,8800,7296,9173,7736,7909,2887,7896,2417"
2024-05-02,8683,19.63,70.0,"1933,0362,8800,8369,7296,6420,2417,0897,9027,7909"
2024-05-03,8686,19.64,70.0,"1933,0362,8800,7296,2471,7736,1023,6420,0897,3306"
2024-05-04,8687,19.66,70.0,"1933,0362,8800,9173,6420,1023,7896,9220,2887,0897"
2024-05-05,8689,19.67,70.0,"1933,8800,0362,2471,0897,2417,2887,7296,7909,8008"
2024-05-06,8690,19.69,70.0,"1933,0362,8800,7296,2471,6420,3306,7896,2417,1023"
2024-05-07,8693,19.7,70.0,"1933,8800,0362,7736,0897,2887,2417,2471,8008,7909"
2024-05-08,8695,19.72,70.0,"1933,0362,8800,6668,2471,6420,7296,1023,7896,2417"
2024-05-09,8699,19.72,70.0,"1933,0362,8800,6668,2471,3306,6420,9027,7296,7896"
2024-05-10,8700,19.74,70.0,"1933,0362,8800,7296,6420,2471,7909,3306,7736,6668"
2024-05-11,8701,19.75,70.0,"1933,8800,0362,1023,7736,2471,9027,9220,0897,6420"
2024-05-12,8702,19.77,70.0,"1933,0362,8800,1023,6420,0897,9027,9220,3306,7296"
2024-05-13,8705,19.78,70.0,"1933,0362,8800,6668,2417,2471,3306,8369,7909,0897"
2024-05-14,8706,19.79,70.0,"1933,0362,8800,6420,2417,7736,6668,2471,2887,1005"
2024-05-15,8708,19.81,70.0,"1933,8800,0362,2887,6668,2417,8008,9220,0897,6420"
2024-05-16,8710,19.82,70.0,"1933,0362,8800,1005,0897,7896,2417,6420,3306,9220"
2024-05-17,8713,19.83,70.0,"1933,0362,8800,6668,1023,2471,7736,7296,2887,9173"
2024-05-18,8715,19.85,70.0,"1933,0362,8800,1023,6420,3306,9173,7296,6668,7909"
2024-05-19,8717,19.86,70.0,"1933,0362,8800,7736,3306,9173,6420,9027,2471,0897"
2024-05-20,8719,19.87,70.0,"1933,0362,8800,9173,7296,6668,3306,2471,2417,9220"
2024-05-21,8719,19.89,70.0,"1933,0362,8800,1023,9173,3306,7296,2471,7736,1005"
2024-05-22,8722,19.9,70.0,"1933,0362,8800,6668,1005,7736,3306,7896,7296,8008"
2024-05-23,8724,19.92,70.0,"1933,0362,8800,6668,2471,6420,3306,7909,7896,8369"
2024-05-24,8725,19.93,70.0,"1933,0362,8800,7296,1005,7736,2417,3306,9173,1023"
2024-05-25,8729,19.94,70.0,"1933,0362,8800,7736,2471,1005,7296,2887,9173,3306"
2024-05-26,8731,19.95,70.0,"1933,0362,8800,8008,8369,6420,9027,2887,6668,7909"
2024-05-27,8734,19.96,70.0,"1933,0362,8800,1023,3306,6668,0897,6420,7736,9173"
2024-05-28,8734,19.98,70.0,"1933,0362,8800,3306,1023,9173,6668,2417,1005,7296"
2024-05-29,8734,19.98,70.0,"1933,0362,8800,3306,1023,9173,6668,2417,1005,7296"
2024-05-30,8736,19.99,70.0,"1933,0362,8800,2471,8008,2887,6420,9220,1005,7896"
2024-05-31,8738,20.01,70.0,"1933,8800,0362,2471,9220,8008,9027,2887,7896,7736"
2024-06-01,8742,20.01,70.0,"1933,0362,8800,2417,7736,6668,2471,1023,0897,1005"
2024-06-02,8744,20.03,70.0,"1933,0362,8800,9173,7736,6420,0897,7296,1023,6668"
2024-06-03,8745,20.04,70.0,"1933,0362,8800,6668,7736,1023,0897,2471,7296,1005"
2024-06-04,8749,20.05,70.0,"1933,0362,8800,9173,2471,3306,6668,7896,7296,6420"
2024-06-05,8753,20.06,70.0,"1933,0362,8800,8369,7896,2417,9173,1023,6420,7736"
2024-06-06,8757,20.07,70.0,"1933,0362,8800,6668,2417,1005,3306,9173,2471,1023"
2024-06-07,8758,20.08,70.0,"1933,0362,8800,9027,7296,7896,1005,2471,0897,3306"
2024-06-08,8761,20.09,70.0,"1933,8800,0362,7296,9027,6318,9220,7736,6420,7896"
2024-06-09,8763,20.11,70.0,"1933,0362,8800,8008,7896,1005,9220,3306,9173,6318"
2024-06-10,8766,20.12,70.0,"1933,0362,8800,1005,6420,6668,0897,2471,3306,7296"
2024-06-11,8766,20.13,70.0,"1933,0362,8800,1023,6420,7296,6668,3306,2471,7896"
2024-06-12,8769,20.15,70.0,"1933,0362,8800,6420,6668,1023,7896,3306,9173,1005"
2024-06-13,8771,20.16,70.0,"1933,0362,8800,8008,9220,2471,7296,2887,1023,0897"
2024-06-14,8773,20.17,70.0,"1933,0362,8800,1023,7896,2471,8008,0897,3306,6318"
2024-06-15,8775,20.19,70.0,"1933,0362,8800,1005,2471,6668,1023,7896,9173,3306"
2024-06-16,8779,20.19,70.0,"1933,0362,8800,6420,7736,7896,6668,6318,9173,2471"
2024-06-17,8780,20.21,70.0,"1933,0362,8800,6420,3306,2471,2417,0897,7736,6668"
2024-06-18,8782,20.22,70.0,"1933,0362,8800,2417,2471,6668,3306,1005,7736,7896"
2024-06-19,8783,20.24,70.0,"1933,0362,8800,7296,1023,6668,2471,3306,6420,0897"
2024-06-20,8783,20.26,70.0,"1933,0362,8800,6668,3306,8008,2471,7896,7296,9173"
2024-06-21,8787,20.27,70.0,"1933,0362,8800,2471,2887,9220,9027,8008,7736,0897"
2024-06-22,8788,20.28,70.0,"1933,0362,8800,7736,2887,2471,9027,9220,8008,7896"
2024-06-23,8791,20.29,70.0,"1933,0362,8800,6420,7736,7296,9173,1023,1005,6668"
2024-06-24,8793,20.3,70.83,"1933,0362,9027,8800,7296,6420,0897,1005,7736,7896"
2024-06-25,8793,20.32,70.83,"1933,0362,8800,9027,7296,2471,6318,2417,9173,3306"
2024-06-26,8794,20.34,70.83,"1933,8800,0362,9027,7736,6420,3306,6318,6668,1023"
2024-06-27,8795,20.36,70.83,"1933,9027,8800,0362,8008,7736,7296,0897,7896,1023"
2024-06-28,8798,20.37,71.67,"1933,0362,6318,8800,9027,7896,1023,6668,1005,9173"
2024-06-29,8799,20.38,71.67,"1933,6318,0362,9027,8800,0897,7296,2417,1023,9121"
2024-06-30,8799,20.4,71.67,"1933,9027,6318,0362,8800,1005,7896,8369,7736,1023"
2024-07-01,8802,20.41,71.67,"1933,0362,6318,9027,8800,2417,6668,1023,7736,7296"
2024-07-02,8804,20.42,71.67,"1933,6318,9027,0362,8800,1023,2471,6668,6420,2887"
2024-07-03,8807,20.43,71.67,"1933,6318,0362,9027,8800,1005,1023,6668,2471,2417"
2024-07-04,8808,20.45,71.67,"1933,9027,6318,0362,8800,7296,2471,2887,9121,9220"
2024-07-05,8811,20.46,71.67,"1933,6318,9027,0362,8800,1005,9220,2887,9121,7896"
2024-07-06,8815,20.47,71.67,"1933,0362,6318,8800,9027,0897,2417,1023,6668,2471"
2024-07-07,8817,20.48,71.67,"1933,6318,0362,9027,8800,6668,7896,1005,1023,2417"
2024-07-08,8819,20.49,71.67,"1933,0362,9027,6318,8800,1005,3306,0897,2471,7736"
2024-07-09,8820,20.51,71.67,"1933,9027,0362,6318,8800,1023,6668,0897,2471,8008"
2024-07-10,8823,20.52,71.67,"1933,6318,9027,0362,8800,7736,2887,6668,1023,8008"
2024-07-11,8826,20.53,71.67,"1933,6318,9027,8800,0362,2887,7736,9220,2471,9121"
2024-07-12,8827,20.55,71.67,"1933,6318,8800,0362,9027,6420,2471,1023,0897,7896"
2024-07-13,8829,20.56,71.67,"1933,0362,8800,6318,9027,9220,9173,9121,6668,1005"
2024-07-14,8831,20.57,71.67,"1933,8800,6318,9027,0362,0897,2471,7296,1005,2887"
2024-07-15,8833,20.58,71.67,"1933,0362,9027,6318,8800,7909,2471,6668,0897,9173"
2024-07-16,8834,20.6,71.67,"1933,9027,6318,0362,8800,2471,0897,7896,2887,9121"
2024-07-17,8838,20.61,71.67,"1933,9027,6318,0362,8800,2471,2417,7909,9121,8008"
2024-07-18,8841,20.62,71.67,"1933,6318,9027,0362,8800,6668,2471,2417,1023,6420"
2024-07-19,8841,20.64,71.67,"1933,6318,9027,8800,0362,2471,1005,6668,7296,7736"
2024-07-20,8846,20.64,71.67,"1933,6318,0362,8800,9027,2887,9220,9121,1005,8008"
2024-07-21,8846,20.66,71.67,"1933,6318,8800,9027,0362,3306,6420,9173,2417,1023"
2024-07-22,8849,20.67,71.67,"1933,9027,6318,8800,0362,9173,9220,3306,5052,2887"
2024-07-23,8854,20.67,71.67,"1933,6318,9027,0362,8800,1023,7272,5052,3306,6420"
2024-07-24,8858,20.69,71.67,"1933,8800,9027,0362,6318,7272,8008,0897,6668,2417"
2024-07-25,8859,20.7,71.67,"1933,9027,8800,0362,6318,2887,7296,1005,9121,9220"
2024-07-26,8862,20.71,71.67,"1933,0362,6318,8800,9027,6668,2887,3306,9173,9220"
2024-07-27,8863,20.73,71.67,"1933,0362,8800,6318,9027,8369,9173,2471,7909,5052"
2024-07-28,8864,20.74,71.67,"1933,8800,0362,6318,9027,0897,7736,1023,7896,8008"
2024-07-29,8867,20.75,71.67,"1933,8800,9027,0362,6318,9173,8369,0897,7736,7296"
2024-07-30,8868,20.76,71.67,"1933,6318,0362,8800,9027,9173,5052,2471,9220,1023"
2024-07-31,8868,20.76,71.67,"1933,6318,0362,8800,9027,9173,5052,2471,9220,1023"
2024-08-01,8869,20.78,71.67,"1933,6318,0362,8800,9027,8008,2471,5052,6668,2417"
2024-08-02,8871,20.79,71.67,"1933,6318,0362,8800,9027,2887,5052,2471,9220,6668"
2024-08-03,8872,20.81,71.67,"1933,6318,8800,9027,0362,2471,0897,5052,2887,8008"
2024-08-04,8874,20.82,71.67,"1933,9027,6318,0362,8800,6420,7909,7272,2471,9173"
2024-08-05,8877,20.83,71.67,"1933,0362,8800,6318,9027,7272,7296,2887,7896,6420"
2024-08-06,8878,20.84,71.67,"1933,0362,8800,9027,6318,9173,0897,1005,9121,2471"
2024-08-07,8881,20.86,71.67,"1933,9027,0362,8800,6318,0897,6420,8369,7272,5052"
2024-08-08,8881,20.87,71.67,"1933,6318,9027,8800,0362,7296,7909,9220,2887,2471"
2024-08-09,8884,20.88,71.67,"1933,6318,8800,0362,9027,2471,6420,9121,7296,2887"
2024-08-10,8888,20.89,71.67,"1933,0362,9027,8800,6318,7736,3306,9173,9220,5052"
2024-08-11,8890,20.9,71.67,"1933,0362,9027,8800,6318,1023,7909,8369,8008,6668"
2024-08-12,8894,20.91,71.67,"1933,0362,8800,9027,6318,9173,6668,1005,1023,7296"
2024-08-13,8900,20.91,71.67,"1933,9027,8800,0362,6318,0897,7909,7272,5052,8008"
2024-08-14,8901,20.93,71.67,"1933,9027,6318,8800,0362,9121,2887,7296,1005,2471"
2024-08-15,8901,20.93,71.67,"1933,9027,6318,8800,0362,9121,2887,7296,1005,2471"
2024-08-16,8903,20.95,71.67,"1933,6318,8800,9027,0362,1023,2417,1005,7296,7896"
2024-08-17,8903,20.96,71.67,"1933,8800,0362,9027,6318,6668,8369,7909,9220,2887"
2024-08-18,8906,20.97,71.67,"1933,0362,6318,9027,8800,8369,7909,2471,7736,7896"
2024-08-19,8907,20.99,71.67,"1933,0362,9027,8800,6318,8369,6420,1005,7909,2417"
2024-08-20,8907,21.0,72.5,"1933,9027,0362,6318,8800,2471,7736,2887,9121,7272"
2024-08-21,8908,21.02,72.5,"1933,9027,0362,8800,6318,1005,5052,7296,7896,8008"
2024-08-22,8913,21.03,72.5,"1933,6318,9027,8800,0362,6420,3306,2471,0897,5052"
2024-08-23,8915,21.04,72.5,"1933,8800,0362,9027,6318,7909,9121,7896,8369,7296"
2024-08-24,8918,21.05,72.5,"1933,9027,8800,0362,6318,7296,2887,6232,8369,6668"
2024-08-25,8919,21.06,72.5,"1933,0362,9027,6318,8800,7296,7909,9173,2887,9121"
2024-08-26,8922,21.07,72.5,"1933,8800,6318,0362,9027,5052,2471,7272,0897,7896"
2024-08-27,8926,21.08,72.5,"1933,0362,6318,8800,9027,8008,5052,7909,0897,6232"
2024-08-28,8927,21.1,72.5,"1933,8800,0362,9027,6318,1005,7296,7909,3172,7736"
2024-08-29,8929,21.11,72.5,"1933,6318,0362,8800,9027,5052,7896,9173,7296,2887"
2024-08-30,8930,21.13,72.5,"1933,8800,0362,9027,6318,3172,2471,6232,8369,7272"
2024-08-31,8930,21.14,72.5,"1933,9027,0362,8800,6318,5052,3172,6668,9220,2471"
2024-09-01,8932,21.16,72.5,"1933,8800,9027,0362,6318,3172,7296,1023,7896,8369"
2024-09-02,8934,21.17,73.33,"1933,0362,9027,8800,0897,6318,8369,6668,1005,7909"
2024-09-03,8937,21.18,73.33,"1933,6318,0897,9027,8800,0362,8008,3306,7296,5052"
2024-09-04,8939,21.19,73.33,"1933,0362,9027,6318,0897,8800,8369,1023,6232,3306"
2024-09-05,8940,21.21,73.33,"1933,8800,0362,9027,6318,0897,7736,5052,2471,6420"
2024-09-06,8943,21.22,73.33,"1933,0362,6318,0897,9027,8800,8369,2357,9121,7272"
2024-09-07,8943,21.23,73.33,"1933,0897,0362,8800,9027,6318,7296,9173,2887,6420"
2024-09-08,8944,21.25,73.33,"1933,0362,9027,0897,8800,6318,1005,7896,9121,7296"
2024-09-09,8945,21.26,73.33,"1933,0362,6318,9027,8800,0897,9173,7296,7896,7272"
2024-09-10,8946,21.28,73.33,"1933,8800,9027,0362,6318,0897,7909,3172,7272,2357"
2024-09-11,8949,21.29,74.17,"1933,0897,0362,8800,6318,1023,9027,3172,7909,8369"
2024-09-12,8950,21.31,74.17,"1933,6318,9027,0897,8800,1023,0362,7296,9121,1005"
2024-09-13,8950,21.32,74.17,"1933,0362,9027,8800,1023,6318,0897,7896,1005,9173"
2024-09-14,8952,21.34,74.17,"1933,0897,8800,9027,6318,0362,1023,7896,2357,8496"
2024-09-15,8952,21.34,74.17,"1933,0897,8800,9027,6318,0362,1023,7896,2357,8496"
2024-09-16,8955,21.34,74.17,"1933,0362,9027,1023,0897,6318,8800,5052,6668,9220"
2024-09-17,8957,21.36,74.17,"1933,9027,0362,8800,6318,1023,0897,7296,8008,9121"
2024-09-18,8959,21.37,74.17,"1933,1023,8800,9027,0362,0897,6318,8369,1005,5052"
2024-09-19,8962,21.38,74.17,"1933,6318,9027,0897,8800,1023,0362,2887,8496,8369"
2024-09-20,8966,21.39,74.17,"1933,6318,9027,8800,0897,1023,0362,7296,3172,1005"
2024-09-21,8968,21.4,74.17,"1933,0362,0897,1023,8800,9027,6318,3172,3306,9173"
2024-09-22,8969,21.42,74.17,"1933,8800,0362,1023,9027,0897,6318,8496,3306,5711"
2024-09-23,8971,21.43,74.17,"1933,6318,0362,8800,0897,9027,1023,8008,7296,7272"
2024-09-24,8972,21.44,74.17,"1933,0362,9027,1023,8800,0897,6318,7296,2417,6668"
2024-09-25,8974,21.46,74.17,"1933,8800,6318,0897,0362,9027,1023,9173,3172,1005"
2024-09-26,8976,21.47,74.17,"1933,0362,0897,1023,8800,9027,6318,2471,7296,9173"
2024-09-27,8976,21.49,75.0,"1933,0362,0897,8800,4393,6318,1023,9027,2471,8008"
2024-09-28,8980,21.49,75.0,"1933,0897,0362,4393,1023,6318,8800,9027,7896,3306"
2024-09-29,8983,21.5,75.0,"1933,0362,8800,1023,0897,6318,4393,9027,8008,3306"
2024-09-30,8986,21.51,75.83,"1933,0362,1023,5052,0897,4393,8800,9027,6318,7736"
2024-10-01,8987,21.53,75.83,"1933,0897,0362,9027,1023,8800,5052,4393,6318,3306"
2024-10-02,8987,21.53,75.83,"1933,0897,0362,9027,1023,8800,5052,4393,6318,3306"
2024-10-03,8992,21.53,75.83,"1933,0362,8800,0897,9027,5052,1023,6318,4393,7272"
2024-10-04,8992,21.55,75.83,"1933,0897,1023,6318,9027,4393,5052,0362,8800,3306"
2024-10-05,8993,21.56,75.83,"1933,0897,1023,6318,9027,4393,5052,0362,8800,9173"
2024-10-06,8996,21.57,75.83,"1933,0362,0897,9027,1023,8800,5052,6318,4393,8008"
2024-10-07,8998,21.59,75.83,"1933,4393,0362,0897,1023,5052,9027,8800,6318,7296"
2024-10-08,9000,21.6,76.67,"1933,0362,5052,0897,8800,9027,6318,1023,4393,3306"
2024-10-09,9000,21.6,76.67,"1933,0362,5052,0897,8800,9027,6318,1023,4393,3306"
2024-10-10,9001,21.61,76.67,"1933,0362,9027,0897,6318,5052,1023,8800,4393,8369"
2024-10-11,9004,21.62,76.67,"1933,0362,8800,9027,6318,4393,1023,0897,5052,8496"
2024-10-12,9006,21.63,76.67,"1933,0362,5052,4393,6318,1023,9027,8800,0897,3306"
2024-10-13,9008,21.64,76.67,"1933,0362,6318,0897,4393,9027,5052,8800,1023,9460"
2024-10-14,9012,21.65,76.67,"1933,0362,9027,0897,1023,8800,6318,5052,4393,7736"
2024-10-15,9014,21.66,76.67,"1933,0362,1023,8800,6318,4393,0897,9027,5052,2887"
2024-10-16,9015,21.68,76.67,"1933,0362,9027,1023,0897,4393,6318,8800,5052,7296"
2024-10-17,9018,21.69,76.67,"1933,0362,1023,8800,9027,0897,5052,4393,6318,6668"
2024-10-18,9019,21.71,76.67,"1933,0362,0897,9027,5052,1023,6318,4393,8800,4998"
2024-10-19,9020,21.72,76.67,"1933,0362,0897,6318,4393,8800,5052,1023,9027,5711"
2024-10-20,9020,21.74,76.67,"1933,0362,1023,5052,8800,4393,0897,6318,9027,4998"
2024-10-21,9021,21.75,76.67,"1933,0362,4393,0897,6318,1023,8800,9027,5052,7909"
2024-10-22,9022,21.77,76.67,"1933,0362,9027,5052,8800,1023,6318,4393,0897,8008"
2024-10-23,9024,21.78,76.67,"1933,0362,0897,9027,5052,4393,8800,1023,6318,9220"
2024-10-24,9025,21.8,76.67,"1933,0362,9027,4393,5052,8800,1023,6318,0897,8008"
2024-10-25,9028,21.81,76.67,"1933,0362,9027,0897,5052,1023,8800,4393,6318,9121"
2024-10-26,9030,21.82,77.5,"1933,0362,4393,5052,8800,9027,6318,0897,1023,7896"
2024-10-27,9031,21.83,77.5,"1933,0362,4393,9027,5052,8800,1023,0897,6318,1005"
2024-10-28,9032,21.85,77.5,"1933,0362,4393,1023,8800,6318,5052,0897,9027,7909"
2024-10-29,9033,21.86,77.5,"1933,0362,4393,6318,0897,5052,1023,9027,8800,1005"
2024-10-30,9035,21.88,77.5,"1933,0362,4393,9027,0897,1023,6318,8800,5052,7736"
2024-10-31,9035,21.89,77.5,"1933,0362,4393,0897,5052,8800,1023,9027,6318,7909"
2024-11-01,9038,21.9,77.5,"1933,0362,4393,6318,1023,8800,0897,5052,9027,1005"
2024-11-02,9042,21.91,77.5,"1933,0362,4393,0897,5052,6318,8800,1023,9027,2357"
2024-11-03,9045,21.92,77.5,"1933,0362,4393,8800,1023,6318,5052,9027,0897,7896"
2024-11-04,9048,21.93,77.5,"1933,4393,0362,5052,1023,9027,0897,8800,6318,2471"
2024-11-05,9050,21.94,77.5,"1933,4393,0362,0897,8800,9027,6318,1023,5052,7296"
2024-11-06,9052,21.96,77.5,"1933,0362,4393,0897,1023,5052,8800,9027,6318,2471"
2024-11-07,9054,21.97,77.5,"1933,0362,4393,1023,5052,0897,8800,9027,6318,5711"
2024-11-08,9056,21.98,77.5,"1933,0362,4393,0897,6318,9027,5052,1023,8800,7296"
2024-11-09,9058,21.99,77.5,"1933,0362,4393,5052,8800,6318,1023,0897,9027,7896"
2024-11-10,9058,22.01,77.5,"1933,0362,4393,6318,8800,1023,9027,0897,5052,8008"
2024-11-11,9058,22.02,77.5,"1933,0362,4393,6318,5052,1023,8800,0897,9027,2887"
2024-11-12,9060,22.04,77.5,"1933,0362,4393,0897,1023,9027,8800,6318,5052,4829"
2024-11-13,9061,22.05,77.5,"1933,4393,0362,8800,0897,1023,5052,6318,9027,8369"
2024-11-14,9063,22.07,77.5,"1933,4393,0362,0897,1023,8800,6318,5052,9027,8369"
2024-11-15,9066,22.08,77.5,"1933,4393,0362,1023,9027,0897,6318,8800,5052,3070"
2024-11-16,9066,22.09,77.5,"1933,4393,0362,5052,1023,0897,6318,8800,9027,3070"
2024-11-17,9068,22.1,77.5,"1933,0362,4393,1023,5052,9027,8800,6318,0897,1005"
2024-11-18,9070,22.12,77.5,"1933,0362,4393,0897,6318,5052,8800,9027,1023,7896"
2024-11-19,9074,22.12,77.5,"1933,4393,0362,1023,5052,0897,6318,8800,9027,1005"
2024-11-20,9074,22.14,77.5,"1933,4393,0362,6318,0897,8800,1023,5052,9027,3306"
2024-11-21,9075,22.16,78.33,"4393,1933,0362,0897,8800,5052,1023,6318,9027,1005"
2024-11-22,9076,22.17,78.33,"4393,1933,0362,6318,0897,5052,1023,8800,9027,2417"
2024-11-23,9078,22.18,78.33,"1933,4393,0362,1023,0897,5052,9027,6318,8800,6668"
2024-11-24,9080,22.19,78.33,"4393,1933,0362,6318,9027,8800,1023,0897,5052,8369"
2024-11-25,9080,22.21,79.17,"4393,1933,0362,0897,8800,1023,9027,6318,5052,7736"
2024-11-26,9082,22.22,79.17,"1933,4393,0362,6318,0897,8800,7736,9027,5052,1023"
2024-11-27,9086,22.23,79.17,"1933,4393,0362,7736,1023,5052,6318,9027,0897,8800"
2024-11-28,9089,22.24,79.17,"4393,1933,0362,9027,5052,1023,7736,0897,8800,6318"
2024-11-29,9090,22.26,79.17,"1933,4393,0362,6318,9027,7736,1023,8800,0897,5052"
2024-11-30,9091,22.27,79.17,"4393,1933,0362,6318,0897,8800,5052,7736,9027,1023"
2024-12-01,9092,22.29,79.17,"4393,1933,0362,1023,0897,6318,9027,5052,7736,8800"
2024-12-02,9093,22.3,79.17,"1933,4393,0362,1023,8800,6318,9027,7736,0897,5052"
2024-12-03,9094,22.31,79.17,"1933,4393,0362,7736,9027,6318,0897,1023,5052,8800"
2024-12-04,9094,22.31,79.17,"1933,4393,0362,7736,9027,6318,0897,1023,5052,8800"
2024-12-05,9097,22.32,79.17,"4393,1933,0362,5052,1023,7736,9027,6318,0897,8800"
2024-12-06,9097,22.34,79.17,"1933,4393,0362,1023,9027,6318,7736,8800,5052,0897"
2024-12-07,9100,22.35,79.17,"4393,1933,0362,5052,1023,7736,0897,6318,9027,8800"
2024-12-08,9101,22.36,79.17,"1933,4393,0362,0897,6318,1023,9027,5052,8800,7736"
2024-12-09,9104,22.37,79.17,"4393,1933,0362,7736,8800,0897,6318,5052,1023,9027"
2024-12-10,9104,22.39,79.17,"4393,1933,0362,5052,9027,8800,1023,0897,6318,7736"
2024-12-11,9106,22.4,79.17,"1933,4393,0362,1023,5052,9027,6318,7736,0897,8800"
2024-12-12,9107,22.42,79.17,"4393,1933,0362,7736,1023,6318,9027,5052,8800,0897"
2024-12-13,9109,22.43,79.17,"1933,4393,0362,8800,9027,6318,1023,0897,7736,5052"
2024-12-14,9110,22.44,79.17,"1933,4393,0362,7736,0897,9027,8800,6318,1023,5052"
2024-12-15,9110,22.46,79.17,"1933,4393,0362,2268,7736,6318,1023,9027,0897,8800"
2024-12-16,9110,22.48,79.17,"1933,4393,0362,2268,6318,8800,1023,9027,0897,4829"
2024-12-17,9110,22.49,79.17,"1933,4393,0362,7736,1023,8800,5052,4829,6318,9027"
2024-12-18,9111,22.51,79.17,"1933,4393,0362,7736,5052,4829,9027,2268,6318,8800"
2024-12-19,9111,22.53,79.17,"4393,1933,0362,5052,0897,4829,6318,8800,1023,9027"
2024-12-20,9112,22.54,79.17,"1933,4393,0362,5052,9027,0897,2268,4829,6318,7736"
2024-12-21,9114,22.55,79.17,"1933,4393,0362,5052,9027,4829,1023,2268,8800,7736"
2024-12-22,9114,22.57,79.17,"1933,4393,0362,7736,1023,5052,9027,4829,6318,0897"
2024-12-23,9116,22.58,79.17,"1933,4393,0362,6318,9027,4829,0897,2268,7736,1023"
2024-12-24,9118,22.59,79.17,"1933,4393,0362,1023,7736,2268,4829,5052,9027,6318"
2024-12-25,9120,22.61,79.17,"1933,4393,0362,4829,2268,8800,9027,0897,7736,1023"
2024-12-26,9120,22.63,79.17,"1933,4393,0362,6318,0897,8800,9027,4829,1023,7736"
2024-12-27,9124,22.63,79.17,"1933,4393,0362,2268,4829,0897,5052,9027,1023,7736"
2024-12-28,9127,22.64,79.17,"4393,1933,0362,7736,1023,6318,8800,4829,9027,5052"
2024-12-29,9127,22.66,79.17,"4393,1933,0362,7736,1023,8800,0897,6318,2268,4829"
2024-12-30,9128,22.67,79.17,"1933,4393,0362,1023,7736,2268,8800,4829,5052,6318"
2024-12-31,9131,22.68,79.17,"4393,1933,0362,1023,7736,9027,2268,4829,5052,6318"
2025-01-01,9132,22.7,79.17,"4393,1933,0362,5052,1023,4829,7736,0897,8800,9027"
2025-01-02,9132,22.71,79.17,"4393,1933,0362,7736,2268,4829,0897,1023,6318,8800"
2025-01-03,9134,22.73,79.17,"4393,1933,0362,5052,1023,8800,9027,6318,0897,4829"
2025-01-04,9135,22.74,79.17,"1933,4393,0362,8800,0897,6318,4829,2268,9173,9027"
2025-01-05,9136,22.75,79.17,"1933,4393,0362,1023,7736,5052,6318,4829,9173,9027"
2025-01-06,9137,22.77,79.17,"1933,4393,0362,4829,1005,0897,2268,8800,5052,6318"
2025-01-07,9139,22.78,79.17,"4393,1933,0362,7736,1023,5052,8800,0897,4829,2268"
2025-01-08,9141,22.8,79.17,"1933,4393,0362,1005,9173,1023,2268,0897,5052,4829"
2025-01-09,9143,22.81,79.17,"4393,1933,0362,2268,1005,0897,4829,1023,6318,5052"
2025-01-10,9143,22.82,79.17,"1933,4393,0362,0897,1023,2490,1005,4829,5052,8800"
2025-01-11,9143,22.84,79.17,"1933,4393,0362,4829,0897,2490,1023,1005,8800,9173"
2025-01-12,9145,22.85,79.17,"1933,4393,0362,0897,4829,8800,2490,6318,5052,1005"
2025-01-13,9148,22.86,79.17,"1933,4393,0362,1023,7736,0897,6318,2268,1005,9173"
2025-01-14,9148,22.88,79.17,"4393,1933,0362,2490,1023,4829,0897,9027,8800,9173"
2025-01-15,9149,22.9,79.17,"1933,4393,0362,1023,2268,9173,4829,8800,6318,9027"
2025-01-16,9150,22.91,79.17,"4393,1933,0362,5052,2268,7736,4829,1023,9027,0897"
2025-01-17,9151,22.92,79.17,"4393,1933,0362,5052,2268,1005,9173,2490,9027,0897"
2025-01-18,9153,22.93,79.17,"4393,1933,0362,2268,4829,1005,9027,2357,9929,8800"
2025-01-19,9155,22.95,80.0,"4393,1933,9027,0362,2268,5052,1023,1005,7736,2490"
2025-01-20,9157,22.96,80.0,"1933,4393,9027,0362,7736,4829,2268,9173,0897,9929"
2025-01-21,9157,22.97,80.0,"4393,1933,9027,0362,1023,2268,9173,9929,5052,8800"
2025-01-22,9159,22.99,80.0,"4393,1933,0362,9027,2490,1023,5052,7736,4829,9173"
2025-01-23,9161,23.0,80.0,"1933,4393,9027,0362,2268,0897,2490,1005,2357,9929"
2025-01-24,9161,23.02,80.0,"1933,4393,9027,0362,0897,8800,2357,7736,4829,2490"
2025-01-25,9162,23.03,80.0,"4393,1933,0362,9027,9929,1005,1023,6318,2490,2357"
2025-01-26,9162,23.03,80.0,"4393,1933,0362,9027,9929,1005,1023,6318,2490,2357"
2025-01-27,9164,23.04,80.83,"1933,4393,0362,9027,9173,2268,1005,7736,2490,5052"
2025-01-28,9164,23.06,80.83,"4393,1933,9027,9173,0362,9929,0897,1005,2357,8800"
2025-01-29,9166,23.07,80.83,"4393,1933,9027,0362,9173,1023,8800,6318,1005,2490"
2025-01-30,9168,23.09,80.83,"4393,1933,0362,9027,9173,1023,4829,8800,6318,9929"
2025-01-31,9171,23.09,80.83,"1933,4393,9027,9173,0362,6318,5052,0897,2490,8800"
2025-02-01,9173,23.11,80.83,"1933,4393,9027,9173,0362,2268,0897,2357,7736,6318"
2025-02-02,9174,23.12,80.83,"1933,4393,9173,9027,0362,4829,1023,5052,2268,0897"
2025-02-03,9175,23.13,80.83,"1933,4393,9027,0362,9173,4829,7736,6318,9929,1023"
2025-02-04,9177,23.14,80.83,"4393,1933,9027,9173,0362,2268,4829,1023,6318,7736"
2025-02-05,9177,23.14,80.83,"4393,1933,9027,9173,0362,2268,4829,1023,6318,7736"
2025-02-06,9178,23.16,80.83,"4393,1933,9173,9027,0362,2490,4829,1023,2268,7736"
2025-02-07,9180,23.17,80.83,"1933,4393,9027,9173,0362,9929,6318,1005,5052,2268"
2025-02-08,9182,23.18,80.83,"4393,1933,9173,9027,0362,2490,9929,2268,1023,6318"
2025-02-09,9184,23.19,80.83,"4393,1933,9173,9027,0362,6318,4829,1023,0897,7736"
2025-02-10,9187,23.2,80.83,"4393,1933,9027,9173,0362,1005,2490,1023,5052,7736"
2025-02-11,9187,23.22,80.83,"4393,1933,0362,9027,9173,1023,0897,1005,2490,9929"
2025-02-12,9190,23.23,80.83,"4393,1933,9027,9173,0362,2490,5052,4278,1005,9929"
2025-02-13,9190,23.25,80.83,"4393,1933,0362,9173,9027,5052,2268,4278,4829,1023"
2025-02-14,9191,23.26,80.83,"1933,4393,9027,0362,9173,2268,7736,9929,4829,8800"
2025-02-15,9193,23.27,80.83,"1933,4393,0362,9173,9027,2268,8800,0897,1023,4278"
2025-02-16,9197,23.28,80.83,"1933,4393,9173,9027,0362,4278,6318,2490,7736,2268"
2025-02-17,9197,23.29,80.83,"1933,4393,9027,9173,0362,9929,2490,5052,6318,4829"
2025-02-18,9200,23.3,80.83,"4393,1933,9027,0362,9173,5052,4829,6318,4278,0897"
2025-02-19,9204,23.31,80.83,"1933,4393,9027,9173,0362,2490,9929,2357,6318,1005"
2025-02-20,9206,23.33,80.83,"4393,1933,9173,9027,0362,5052,7736,4278,2490,9929"
2025-02-21,9206,23.34,81.67,"4393,1933,0362,9173,9027,4829,1023,2268,2357,4278"
2025-02-22,9207,23.36,81.67,"4393,1933,9027,9173,0362,2357,0897,1005,2268,6318"
2025-02-23,9208,23.37,81.67,"4393,1933,0362,9027,9173,2268,4829,4278,5052,6318"
2025-02-24,9208,23.39,81.67,"4393,1933,0362,9027,9173,7736,4829,0897,5052,8369"
2025-02-25,9209,23.4,81.67,"4393,1933,9027,9173,0362,7736,5052,2268,6318,4278"
2025-02-26,9215,23.4,81.67,"4393,1933,9027,9173,0362,2357,1023,4278,5052,0897"
2025-02-27,9215,23.42,81.67,"4393,1933,0362,9173,9027,2357,2490,8800,1023,5052"
2025-02-28,9218,23.43,81.67,"4393,1933,9173,9027,0362,5052,1005,1023,2490,4278"
2025-03-01,9221,23.44,81.67,"4393,1933,9027,9173,0362,4278,1023,4829,2268,8800"
2025-03-02,9223,23.45,81.67,"4393,1933,0362,9027,9173,4829,4278,2268,1005,8800"
2025-03-03,9223,23.47,82.5,"4393,1933,0362,9027,9173,5052,2490,4278,2268,1005"
2025-03-04,9225,23.48,82.5,"4393,1933,0362,5052,9027,9173,4278,4829,2490,8800"
2025-03-05,9226,23.5,82.5,"4393,1933,0362,9027,5052,9173,2268,6318,7736,2357"
2025-03-06,9229,23.5,82.5,"4393,1933,0362,9027,9173,5052,2490,9929,8369,3172"
2025-03-07,9231,23.51,82.5,"4393,1933,9173,0362,9027,5052,7736,6668,0897,8369"
2025-03-08,9231,23.53,82.5,"4393,1933,0362,9027,5052,9173,2268,4278,1023,0897"
2025-03-09,9232,23.54,82.5,"4393,1933,9173,9027,0362,5052,3172,7736,2490,9929"
2025-03-10,9233,23.56,82.5,"4393,1933,9027,0362,9173,5052,2268,1023,6668,7736"
2025-03-11,9233,23.57,82.5,"4393,1933,0362,9027,5052,9173,8800,9929,1005,3172"
2025-03-12,9236,23.59,82.5,"4393,1933,9173,9027,0362,5052,9929,3172,1005,2357"
2025-03-13,9236,23.6,82.5,"4393,1933,9173,9027,0362,5052,3172,2490,7736,9929"
2025-03-14,9237,23.62,82.5,"4393,1933,9027,0362,9173,5052,6668,4278,0897,8369"
2025-03-15,9239,23.63,82.5,"4393,1933,9173,0362,9027,5052,7736,1023,6668,3172"
2025-03-16,9242,23.64,82.5,"4393,1933,0362,9027,5052,9173,1023,2490,0897,9929"
2025-03-17,9242,23.65,82.5,"4393,1933,9173,9027,0362,5052,2471,2268,4278,7736"
2025-03-18,9244,23.66,83.33,"4393,1933,8369,0362,9027,5052,9173,2268,0897,2490"
2025-03-19,9247,23.68,83.33,"4393,1933,0362,9173,8369,5052,9027,0897,2268,6318"
2025-03-20,9248,23.69,83.33,"4393,1933,8369,9027,5052,9173,0362,6668,2471,9929"
2025-03-21,9248,23.71,83.33,"4393,1933,5052,9027,9173,8369,0362,1005,9929,3172"
2025-03-22,9249,23.72,83.33,"4393,1933,5052,9027,0362,9173,8369,4278,0897,1005"
2025-03-23,9249,23.74,83.33,"4393,1933,9173,0362,5052,8369,9027,9929,4829,1005"
2025-03-24,9251,23.75,83.33,"4393,1933,5052,0362,8369,9027,9173,1005,2471,7736"
2025-03-25,9253,23.76,83.33,"4393,1933,0362,9173,5052,9027,8369,6668,6318,2268"
2025-03-26,9257,23.77,83.33,"4393,1933,8369,0362,9173,9027,5052,7736,4278,0897"
2025-03-27,9258,23.78,83.33,"4393,1933,8369,9173,0362,5052,9027,4278,7736,4829"
2025-03-28,9259,23.8,83.33,"4393,1933,5052,0362,9173,8369,9027,4829,2471,4278"
2025-03-29,9260,23.81,83.33,"4393,1933,8369,5052,0362,9173,9027,4829,0897,2471"
2025-03-30,9263,23.82,83.33,"4393,1933,9173,9027,5052,8369,0362,2471,2357,4829"
2025-03-31,9264,23.83,83.33,"4393,1933,9027,0362,9173,5052,8369,2471,4829,9929"
2025-04-01,9266,23.84,83.33,"4393,1933,9173,0362,8369,9027,5052,7736,1023,3172"
2025-04-02,9266,23.84,83.33,"4393,1933,9173,0362,8369,9027,5052,7736,1023,3172"
2025-04-03,9268,23.86,83.33,"4393,1933,8369,0362,9173,9027,5052,2268,2357,4829"
2025-04-04,9270,23.87,83.33,"4393,1933,9027,5052,0362,9173,8369,8496,4829,7896"
2025-04-05,9273,23.87,83.33,"4393,1933,9027,0362,5052,9173,8369,4829,2471,8800"
2025-04-06,9276,23.88,83.33,"4393,1933,8369,0362,9173,9027,5052,0897,2490,2357"
2025-04-07,9278,23.89,83.33,"4393,1933,0362,9173,5052,8369,9027,7896,2490,2357"
2025-04-08,9278,23.91,83.33,"4393,1933,8369,0362,9173,5052,9027,2471,9929,4829"
2025-04-09,9278,23.93,83.33,"4393,1933,9027,9173,5052,0362,8369,7896,3172,8800"
2025-04-10,9282,23.94,83.33,"4393,1933,5052,0362,9027,8369,9173,9929,7736,2357"
2025-04-11,9284,23.95,83.33,"4393,1933,0362,9173,9027,8369,5052,6668,1023,4278"
2025-04-12,9285,23.96,83.33,"4393,1933,5052,0362,9173,8369,9027,2471,1023,4829"
2025-04-13,9286,23.98,83.33,"4393,1933,0362,9027,5052,8369,9173,6668,0125,2471"
2025-04-14,9287,23.99,83.33,"4393,1933,9173,5052,0362,9027,8369,6668,1023,8800"
2025-04-15,9287,24.0,83.33,"4393,1933,9027,9173,0362,5052,8369,0897,2471,8496"
2025-04-16,9288,24.02,83.33,"4393,1933,9027,9173,0362,8369,5052,2471,1023,0897"
2025-04-17,9290,24.03,84.17,"4393,1933,5052,9173,9027,8369,2357,0362,6318,0125"
2025-04-18,9290,24.03,84.17,"4393,1933,5052,9173,9027,8369,2357,0362,6318,0125"
2025-04-19,9291,24.05,84.17,"4393,1933,9027,0362,9173,5052,2357,8369,9929,1005"
2025-04-20,9293,24.06,84.17,"4393,1933,2357,0362,8369,5052,9173,9027,6668,3172"
2025-04-21,9295,24.07,84.17,"4393,1933,0362,8369,5052,9173,2357,9027,2471,2490"
2025-04-22,9296,24.08,84.17,"4393,1933,8369,9173,2357,5052,0362,9027,1023,8496"
2025-04-23,9298,24.1,84.17,"4393,1933,9173,0362,5052,8369,9027,2357,0125,2471"
2025-04-24,9298,24.11,84.17,"4393,1933,9173,0362,5052,2357,8369,9027,7451,3172"
2025-04-25,9299,24.13,84.17,"4393,1933,5052,9173,0362,9027,2357,8369,2471,7896"
2025-04-26,9301,24.14,84.17,"4393,1933,9027,8369,0362,9173,5052,2357,6318,1023"
2025-04-27,9303,24.15,84.17,"4393,1933,9027,9173,2357,5052,8369,0362,6318,1023"
2025-04-28,9303,24.17,84.17,"4393,1933,2357,8369,9027,9173,0362,5052,6318,3172"
2025-04-29,9303,24.18,84.17,"4393,1933,8369,2357,0362,9173,5052,9027,9929,2471"
2025-04-30,9305,24.2,84.17,"4393,1933,9173,8369,0362,2357,5052,9027,2471,6668"
2025-05-01,9305,24.2,84.17,"4393,1933,9173,8369,0362,2357,5052,9027,2471,6668"
2025-05-02,9307,24.21,84.17,"4393,1933,8369,5052,9173,0362,2357,9027,1005,2268"
2025-05-03,9308,24.22,85.0,"4393,9173,1933,9027,0362,2357,8369,5052,2268,9929"
2025-05-04,9309,24.24,85.0,"4393,9173,1933,5052,9027,8369,0362,2357,4278,7736"
2025-05-05,9309,24.25,85.0,"4393,9173,1933,8369,9027,0362,5052,2357,2490,1023"
2025-05-06,9309,24.27,85.0,"4393,1933,9173,0362,2357,5052,9027,8369,2268,7896"
2025-05-07,9311,24.28,85.0,"4393,9173,1933,2357,5052,0362,9027,8369,1005,7896"
2025-05-08,9313,24.29,85.0,"4393,9173,1933,8369,0362,5052,2357,9027,1023,7736"
2025-05-09,9315,24.3,85.0,"4393,9173,1933,5052,0362,9027,2357,8369,1005,7896"
2025-05-10,9319,24.31,85.0,"4393,9173,1933,5052,9027,2357,0362,8369,2471,2490"
2025-05-11,9320,24.32,85.0,"4393,9173,1933,5052,9027,2357,0362,8369,2490,6318"
2025-05-12,9323,24.33,85.0,"4393,9173,1933,9027,2357,5052,8369,0362,2490,0897"
2025-05-13,9324,24.34,85.0,"4393,9173,1933,0362,5052,8369,9027,2357,2471,1005"
2025-05-14,9324,24.36,85.0,"4393,9173,1933,2357,9027,8369,0362,5052,7896,1005"
2025-05-15,9325,24.37,85.0,"4393,9173,1933,5052,2357,0362,8369,9027,2471,1023"
2025-05-16,9326,24.38,85.0,"4393,9173,1933,5052,9027,2357,0362,8369,3172,4278"
2025-05-17,9326,24.4,85.0,"4393,1933,9173,2357,5052,8369,9027,0362,8800,2490"
2025-05-18,9326,24.42,85.0,"4393,9173,1933,9027,0362,2357,5052,8369,2471,6668"
2025-05-19,9328,24.43,85.0,"4393,9173,1933,5052,8369,2357,0362,9027,9929,2417"
2025-05-20,9330,24.44,85.0,"4393,9173,1933,0362,2357,5052,9027,8369,0897,8496"
2025-05-21,9332,24.45,85.0,"4393,9173,1933,0362,9027,2357,5052,8369,1005,6668"
2025-05-22,9332,24.47,85.0,"4393,9173,1933,2357,9027,0362,8369,5052,2471,0125"
2025-05-23,9332,24.48,85.0,"4393,9173,1933,9027,8369,2357,0362,5052,0897,1005"
2025-05-24,9332,24.5,85.0,"4393,9173,1933,2357,0362,5052,8369,9027,2268,7451"
2025-05-25,9333,24.51,85.0,"4393,9173,1933,5052,0362,8369,9027,2357,2268,9929"
2025-05-26,9334,24.52,85.0,"4393,9173,1933,2357,8369,0362,5052,9027,9929,0897"
2025-05-27,9335,24.54,85.0,"4393,9173,1933,9027,2357,8369,0362,5052,1005,4829"
2025-05-28,9335,24.54,85.0,"4393,9173,1933,9027,2357,8369,0362,5052,1005,4829"
2025-05-29,9336,24.55,85.0,"4393,1933,9173,5052,9027,0362,2357,8369,2417,9220"
2025-05-30,9338,24.56,85.0,"4393,1933,9173,9027,5052,8369,0362,2357,7451,9929"
2025-05-31,9340,24.57,85.0,"4393,9173,1933,9027,8369,0362,2357,5052,1005,6668"
2025-06-01,9340,24.59,85.83,"4393,9173,1933,1005,8369,2357,5052,0362,9027,2417"
2025-06-02,9341,24.6,85.83,"4393,9173,1933,1005,0362,8369,2357,5052,9027,2417"
2025-06-03,9342,24.62,85.83,"4393,9173,1933,5052,0362,2357,9027,8369,1005,9929"
2025-06-04,9343,24.63,85.83,"4393,9173,1933,1005,9027,2357,8369,0362,5052,7896"
2025-06-05,9343,24.65,85.83,"4393,1933,9173,2357,1005,8369,0362,9027,5052,8800"
2025-06-06,9344,24.66,85.83,"4393,9173,1933,2357,1005,9027,0362,5052,8369,6318"
2025-06-07,9344,24.67,85.83,"4393,1933,9173,2357,0362,1005,9027,5052,8369,9220"
2025-06-08,9347,24.68,85.83,"4393,9173,1933,9027,5052,1005,0362,8369,2357,2268"
2025-06-09,9347,24.7,86.67,"4393,1005,1933,9173,9027,2357,0362,8369,5052,5748"
2025-06-10,9348,24.71,86.67,"4393,1005,1933,9173,8369,2357,5052,0362,9027,0125"
2025-06-11,9350,24.72,86.67,"4393,1005,1933,9173,5052,2357,8369,9027,0362,7896"
2025-06-12,9352,24.74,86.67,"4393,9173,1005,1933,8369,5052,2357,9027,0362,9739"
2025-06-13,9352,24.75,87.5,"4393,1005,1933,9173,0362,2357,8369,5052,9027,0125"
2025-06-14,9355,24.76,87.5,"4393,9173,1933,1005,5052,0362,2357,8369,0125,9027"
2025-06-15,9359,24.77,87.5,"4393,9173,1933,1005,9027,0125,2357,5052,8369,0362"
2025-06-16,9361,24.78,87.5,"4393,1005,1933,9173,2357,0362,0125,9027,5052,8369"
2025-06-17,9361,24.8,87.5,"4393,1005,1933,9173,9027,2357,5052,0125,0362,8369"
2025-06-18,9365,24.81,87.5,"4393,9173,1933,1005,0362,5052,0125,8369,2357,9027"
2025-06-19,9365,24.83,87.5,"4393,1933,9173,1005,0362,0125,8369,9027,5052,2357"
2025-06-20,9366,24.84,87.5,"4393,9173,1005,1933,8369,2357,4278,9027,0362,5052"
2025-06-21,9368,24.86,87.5,"4393,1005,9173,1933,0362,4278,8369,5052,9027,0125"
2025-06-22,9369,24.87,87.5,"4393,1933,9173,1005,8369,2357,0362,4278,5052,9027"
2025-06-23,9370,24.89,87.5,"4393,9173,1933,1005,0362,0125,2357,4278,5052,9027"
2025-06-24,9374,24.89,87.5,"4393,9173,1933,1005,5052,0125,8369,9027,4278,0362"
2025-06-25,9374,24.91,87.5,"4393,1005,9173,1933,8369,0125,9027,5052,2357,4278"
2025-06-26,9374,24.93,87.5,"4393,9173,1005,1933,2357,5052,9027,0125,0362,4278"
2025-06-27,9376,24.94,87.5,"4393,9173,1933,1005,2357,5052,8369,0125,0362,4278"
2025-06-28,9377,24.96,87.5,"4393,1005,9173,1933,9027,2357,5052,8369,4278,0362"
2025-06-29,9382,24.96,87.5,"4393,1005,9173,1933,4278,5052,9027,2357,8369,0125"
2025-06-30,9383,24.98,87.5,"4393,1933,9173,1005,4278,0125,8369,9027,5052,2357"
2025-07-01,9384,24.99,87.5,"4393,9173,1005,1933,5052,2357,4278,8369,0125,0362"
2025-07-02,9384,25.01,87.5,"4393,9173,1005,1933,8369,2357,4278,5052,0125,0362"
2025-07-03,9384,25.03,87.5,"4393,9173,1933,1005,8369,5052,9027,2357,0362,0125"
2025-07-04,9384,25.04,87.5,"4393,1933,1005,9173,0362,8369,2357,4278,9027,5052"
2025-07-05,9387,25.05,87.5,"4393,1933,1005,9173,0125,0362,2357,4278,8369,5052"
2025-07-06,9388,25.07,87.5,"4393,9173,1933,1005,9027,0125,8369,5052,4278,2357"
2025-07-07,9390,25.08,87.5,"4393,1005,9173,1933,8369,9027,0125,2357,4278,0362"
2025-07-08,9392,25.09,87.5,"4393,1933,1005,9173,0125,0362,2357,4278,8369,5052"
2025-07-09,9394,25.11,87.5,"4393,1005,9173,1933,0362,0125,9027,2357,8369,5052"
2025-07-10,9396,25.12,87.5,"4393,1933,9173,1005,4278,0362,5052,9027,8369,0125"
2025-07-11,9397,25.13,87.5,"4393,1933,1005,9173,5052,8369,0362,2357,0125,9027"
2025-07-12,9397,25.15,87.5,"4393,9173,1005,1933,2357,9027,5052,0125,4278,8369"
2025-07-13,9398,25.17,87.5,"4393,1005,9173,1933,0362,9027,0125,5052,8369,2357"
2025-07-14,9398,25.18,87.5,"4393,1005,9173,1933,0362,0125,2357,4278,5052,9027"
2025-07-15,9398,25.2,87.5,"4393,9173,1005,1933,0362,0125,9027,8369,5052,2357"
2025-07-16,9400,25.21,88.33,"4393,1933,1005,4278,9173,8369,5052,2357,0125,0362"
2025-07-17,9401,25.23,88.33,"4393,4278,1933,9173,1005,0125,0362,8369,5052,2357"
2025-07-18,9404,25.24,88.33,"4393,1933,4278,9173,1005,9027,8369,5052,0362,0125"
2025-07-19,9405,25.25,88.33,"4393,9173,1933,4278,1005,9098,2357,9027,5052,8369"
2025-07-20,9405,25.27,88.33,"4393,1933,9173,1005,4278,0125,0362,5052,8369,9098"
2025-07-21,9406,25.29,88.33,"4393,9173,4278,1005,1933,0125,8369,9027,0362,5052"
2025-07-22,9407,25.3,88.33,"4393,9173,4278,1005,1933,0125,9098,2357,9027,8369"
2025-07-23,9407,25.3,88.33,"4393,9173,4278,1005,1933,0125,9098,2357,9027,8369"
2025-07-24,9409,25.31,88.33,"4393,1933,4278,9173,1005,9098,9027,8369,0362,0125"
2025-07-25,9410,25.33,88.33,"4393,4278,1005,1933,9173,8369,0125,5052,9027,9098"
2025-07-26,9411,25.34,88.33,"4393,1933,9173,4278,1005,8369,2357,9027,0125,9098"
2025-07-27,9411,25.36,88.33,"4393,4278,9173,1933,1005,9098,8369,0362,5052,9027"
2025-07-28,9412,25.38,88.33,"4393,9173,1005,1933,4278,0125,8369,5052,2357,9098"
2025-07-29,9413,25.39,88.33,"4393,4278,9173,1005,1933,0125,0362,2357,9098,8369"
2025-07-30,9413,25.41,88.33,"4393,1005,9173,1933,4278,9098,0125,5052,0362,2357"
2025-07-31,9415,25.42,88.33,"4393,1933,9173,1005,4278,9098,0362,8369,9027,0125"
2025-08-01,9415,25.44,88.33,"4393,1005,9173,4278,1933,0125,9027,9098,2357,5052"
2025-08-02,9416,25.45,88.33,"4393,9173,1933,1005,4278,2357,0125,9027,0362,8369"
2025-08-03,9416,25.47,88.33,"4393,9173,1005,1933,4278,0125,0362,8369,9098,2357"
2025-08-04,9418,25.48,88.33,"4393,9173,4278,1005,1933,2357,8369,9098,5052,0125"
2025-08-05,9420,25.5,88.33,"4393,9173,4278,1005,1933,9027,0362,0125,5052,9098"
2025-08-06,9421,25.51,88.33,"4393,4278,1933,9173,1005,9027,5052,8369,0362,9098"
2025-08-07,9421,25.53,88.33,"4393,9173,1933,4278,1005,2357,5052,0362,8369,9027"
2025-08-08,9422,25.54,88.33,"4393,9173,1005,4278,1933,0125,2357,5052,0362,9027"
2025-08-09,9424,25.56,88.33,"4393,9173,4278,1933,1005,9098,9027,0125,0362,8369"
2025-08-10,9425,25.57,88.33,"4393,1933,9173,1005,4278,2357,8369,9027,0362,0125"
2025-08-11,9425,25.59,88.33,"4393,1933,9173,4278,1005,8369,5052,2357,0362,9098"
2025-08-12,9426,25.6,88.33,"4393,9173,1933,4278,1005,0362,5052,2357,9027,9098"
2025-08-13,9427,25.62,88.33,"4393,9173,1933,4278,1005,0362,9027,2357,0125,9098"
2025-08-14,9428,25.63,88.33,"4393,9173,1933,4278,1005,0362,5052,0125,2357,9098"
2025-08-15,9428,25.63,88.33,"4393,9173,1933,4278,1005,0362,5052,0125,2357,9098"
2025-08-16,9428,25.65,88.33,"4393,9173,1933,4278,1005,8369,9098,5052,2357,9027"
2025-08-17,9428,25.67,88.33,"4393,9173,4278,1933,1005,9098,0125,5052,8369,9027"
2025-08-18,9430,25.68,88.33,"4393,1933,1005,4278,9173,0362,8369,2357,0125,5052"
2025-08-19,9431,25.7,88.33,"4393,1933,9173,1005,4278,0362,0125,5052,9098,9027"
2025-08-20,9434,25.71,88.33,"4393,4278,1005,1933,9173,5052,8369,9098,0125,2357"
2025-08-21,9437,25.72,88.33,"4393,1933,4278,9173,1005,0362,8369,5052,9098,0125"
2025-08-22,9438,25.73,88.33,"4393,4278,1933,1005,9173,0362,5052,8369,2357,0125"
2025-08-23,9440,25.74,88.33,"4393,1933,1005,9173,4278,0362,8369,9027,9098,2357"
2025-08-24,9441,25.76,88.33,"4393,9173,1005,4278,1933,8369,0362,9027,2357,5052"
2025-08-25,9441,25.77,88.33,"4393,9173,1933,4278,1005,0125,5052,9098,0362,8369"
2025-08-26,9443,25.79,89.17,"4278,4393,1933,1005,9173,5052,0362,9098,0125,2357"
2025-08-27,9443,25.8,89.17,"4393,4278,1933,1005,9173,9027,0362,9220,5052,8369"
2025-08-28,9444,25.82,89.17,"4393,4278,1933,9173,1005,0362,0125,8369,9098,5052"
2025-08-29,9445,25.83,89.17,"4393,4278,9173,1933,1005,2357,8369,6668,0362,0125"
2025-08-30,9446,25.85,89.17,"4393,4278,1005,1933,9173,5052,2357,9098,6668,0125"
2025-08-31,9447,25.86,89.17,"4393,4278,1005,1933,9173,9220,0125,5052,9027,0362"
2025-09-01,9449,25.88,89.17,"4393,4278,9173,1933,1005,0362,0125,9220,9027,8369"
2025-09-02,9452,25.89,89.17,"4278,4393,1005,1933,9173,0362,0125,8369,9220,9027"
2025-09-03,9453,25.9,89.17,"4278,4393,1005,1933,9173,0125,8369,9098,2357,9220"
2025-09-04,9454,25.92,89.17,"4278,4393,1933,9173,1005,0125,2357,5052,0362,8369"
2025-09-05,9454,25.92,89.17,"4278,4393,1933,9173,1005,0125,2357,5052,0362,8369"
2025-09-06,9455,25.93,89.17,"4393,4278,1933,1005,9173,9220,9027,8369,5052,9098"
2025-09-07,9456,25.95,89.17,"4393,4278,1933,1005,9173,2357,0362,8369,9098,9220"
2025-09-08,9458,25.96,89.17,"4393,4278,1005,1933,9173,9220,9027,5052,2357,0362"
2025-09-09,9458,25.98,89.17,"4393,4278,9173,1933,1005,0362,5052,8369,0125,6668"
2025-09-10,9458,25.99,89.17,"4393,4278,9173,1933,1005,9098,9220,0125,6668,0362"
2025-09-11,9459,26.01,89.17,"4278,4393,1933,1005,9173,8496,8369,9027,9220,0362"
2025-09-12,9460,26.02,89.17,"4278,4393,1005,1933,9173,6668,9220,8369,0362,0125"
2025-09-13,9460,26.04,89.17,"4278,4393,1005,1933,9173,6668,9220,7909,0362,0125"
2025-09-14,9462,26.05,89.17,"4393,4278,1933,1005,9173,0362,9220,9098,9027,5052"
2025-09-15,9464,26.06,89.17,"4393,4278,9173,1933,1005,6668,5052,8369,7909,9220"
2025-09-16,9466,26.08,89.17,"4278,4393,9173,1933,1005,9098,5052,0125,0362,7909"
2025-09-17,9469,26.09,89.17,"4393,4278,1933,9173,1005,9098,9220,8369,7909,9027"
2025-09-18,9471,26.1,89.17,"4393,4278,1005,1933,9173,9220,7909,5052,2357,9098"
2025-09-19,9472,26.11,89.17,"4278,4393,1005,1933,9173,9098,8496,6668,5052,2357"
2025-09-20,9473,26.13,89.17,"4278,4393,1005,1933,9173,9098,8369,6503,0125,8496"
2025-09-21,9474,26.14,89.17,"4393,4278,1005,9173,1933,6503,8496,9098,0362,9220"
2025-09-22,9475,26.16,89.17,"4278,4393,9173,1005,1933,9027,9098,9220,6503,5052"
2025-09-23,9475,26.18,90.0,"4393,4278,1933,9220,9173,1005,9098,6503,8369,7909"
2025-09-24,9475,26.19,90.0,"4393,4278,1005,1933,9220,9173,6668,6503,8496,5052"
2025-09-25,9475,26.21,90.0,"4278,4393,1933,9220,1005,9173,5052,6668,6503,9098"
2025-09-26,9475,26.23,90.0,"4278,4393,9220,1933,1005,9173,6503,8496,6668,8369"
2025-09-27,9475,26.23,90.0,"4278,4393,9220,1933,1005,9173,6503,8496,6668,8369"
2025-09-28,9477,26.24,90.0,"4278,4393,1933,9173,9220,1005,9027,7909,9098,0362"
2025-09-29,9477,26.25,90.0,"4393,4278,9173,1933,1005,9220,6668,9098,0125,5052"
2025-09-30,9477,26.27,90.0,"4393,4278,1933,9220,9173,1005,6503,0362,7909,2357"
2025-10-01,9480,26.28,90.0,"4393,4278,1933,1005,9173,9220,7909,8369,0362,8496"
2025-10-02,9480,26.28,90.0,"4393,4278,1933,1005,9173,9220,7909,8369,0362,8496"
2025-10-03,9481,26.29,90.0,"4393,4278,9220,9173,1005,1933,0125,0362,8496,7909"
2025-10-04,9481,26.31,90.0,"4393,4278,1933,1005,9173,9220,8369,7909,9098,8496"
2025-10-05,9483,26.32,90.0,"4278,4393,1005,9173,1933,9220,9098,8369,0362,6668"
2025-10-06,9484,26.34,90.0,"4393,4278,1005,1933,9173,9220,7909,8369,0362,5052"
2025-10-07,9487,26.34,90.0,"4393,4278,1005,1933,9173,9220,7909,8369,0362,9098"
2025-10-08,9487,26.36,90.0,"4278,4393,9220,1005,9173,1933,6668,6503,8369,7909"
2025-10-09,9489,26.37,90.0,"4393,4278,9173,9220,1005,1933,0125,8369,0362,9098"
2025-10-10,9489,26.39,90.0,"4278,4393,9220,1933,9173,1005,6668,8496,9027,5052"
2025-10-11,9490,26.4,90.0,"4278,4393,1005,9173,1933,9220,7909,2357,5052,0125"
2025-10-12,9494,26.41,90.0,"4278,4393,1005,9173,9220,1933,8369,7909,0125,8496"
2025-10-13,9495,26.42,90.0,"4393,4278,9173,9220,1933,1005,9098,6503,9027,0362"
2025-10-14,9496,26.44,90.0,"4278,4393,1005,9173,1933,9220,8496,6503,0125,7909"
2025-10-15,9497,26.45,90.0,"4278,4393,9173,9220,1005,1933,6503,8496,5052,9098"
2025-10-16,9497,26.47,90.0,"4393,4278,1933,1005,9173,9220,0362,6503,6668,2357"
2025-10-17,9498,26.48,90.0,"4393,4278,9220,1005,1933,9173,0125,6668,8369,5052"
2025-10-18,9499,26.49,90.0,"4393,4278,1933,9220,1005,9173,8496,9027,7909,6668"
2025-10-19,9500,26.51,90.0,"4278,4393,1933,9220,1005,9173,9098,0125,5052,6503"
2025-10-20,9500,26.52,90.0,"4278,4393,9220,1005,1933,9173,5052,6503,0125,7909"
2025-10-21,9502,26.54,90.0,"4278,4393,9173,1933,1005,9220,6503,0125,9098,7909"
