Number,TotalHits,AvgPrize,LastSeenDate,CurrentGap,ThousandsDigit
7396,78,735.90,31/12/2023,26,7
2524,74,713.51,30/09/2020,12,2
8729,72,645.83,31/05/2023,2,8
0028,72,665.28,31/10/2024,16,0
0317,70,838.57,30/07/2024,23,0
9900,70,727.14,30/04/2024,0,9
7162,70,765.71,30/10/2024,3,7
6806,70,804.29,31/05/2023,9,6
9960,70,591.43,29/12/2023,4,9
6329,69,869.57,29/06/2024,14,6
9929,69,904.35,31/07/2023,9,9
6929,69,666.67,31/08/2025,1,6
9513,69,514.49,31/05/2025,10,9
2044,68,970.59,30/12/2020,3,2
2547,68,707.35,31/05/2025,36,2
6199,68,502.94,30/05/2025,7,6
7924,68,661.76,31/05/2022,89,7
3510,68,777.94,31/01/2023,4,3
2216,68,760.29,31/01/2025,0,2
7856,68,641.18,30/09/2024,23,7
4069,68,560.29,31/05/2025,5,4
2471,68,973.53,31/03/2023,13,2
3169,68,516.18,30/11/2024,20,3
7527,68,716.18,30/05/2025,13,7
8650,67,682.09,30/07/2024,48,8
7119,67,613.43,31/08/2023,4,7
4842,67,808.96,30/10/2024,12,4
5877,67,761.19,30/08/2023,7,5
7020,67,817.91,31/05/2022,28,7
3469,67,700.00,31/03/2025,32,3
8846,67,755.22,31/08/2024,0,8
9857,67,729.85,30/08/2021,11,9
9843,67,452.24,31/05/2022,20,9
3028,67,616.42,31/03/2023,84,3
7137,67,767.16,30/11/2024,8,7
7900,66,718.18,31/10/2022,20,7
5816,66,540.91,29/11/2023,13,5
8025,66,475.76,31/12/2021,1,8
7879,66,850.00,31/07/2022,18,7
9572,66,734.85,31/08/2025,18,9
8321,66,780.30,30/09/2025,17,8
7820,66,721.21,31/12/2024,12,7
8426,66,942.42,28/09/2024,14,8
9790,66,774.24,31/12/2024,0,9
7159,66,669.70,30/12/2023,42,7
7216,66,478.79,31/12/2022,14,7
7240,66,643.94,30/06/2025,2,7
5220,66,580.30,31/10/2022,0,5
1391,66,868.18,30/07/2025,1,1
9531,66,756.06,31/05/2025,13,9
7521,66,439.39,30/06/2025,4,7
6447,66,751.52,31/05/2023,15,6
6122,66,531.82,31/03/2021,35,6
7845,66,471.21,30/05/2025,22,7
8014,66,613.64,31/03/2024,7,8
8327,66,483.33,31/07/2022,76,8
8880,66,522.73,30/01/2023,21,8
3311,66,524.24,31/12/2021,8,3
0192,66,956.06,31/12/2024,9,0
5110,66,522.73,30/11/2024,10,5
9917,66,545.45,30/05/2022,8,9
7528,65,523.08,30/11/2023,14,7
0161,65,544.62,31/10/2025,5,0
7977,65,980.00,31/05/2025,76,7
3916,65,603.08,31/12/2024,17,3
9863,65,646.15,31/12/2023,26,9
6563,65,530.77,30/11/2025,15,6
3356,65,855.38,31/07/2022,12,3
7727,65,733.85,31/07/2025,2,7
2519,65,610.77,30/04/2025,0,2
9022,65,816.92,31/12/2024,14,9
7560,65,721.54,31/01/2024,5,7
3823,65,593.85,31/10/2025,23,3
2563,65,732.31,31/01/2025,17,2
2047,65,587.69,31/10/2023,20,2
7083,65,484.62,31/03/2025,14,7
0621,65,635.38,31/01/2024,0,0
9533,65,920.00,29/06/2023,29,9
3920,65,606.15,31/12/2021,113,3
3859,65,760.00,31/10/2022,4,3
4550,65,613.85,31/03/2023,53,4
2022,65,849.23,31/08/2022,3,2
7390,65,616.92,31/12/2022,11,7
3497,65,818.46,31/07/2025,5,3
7298,65,510.77,31/12/2023,1,7
8496,64,1039.06,31/08/2024,11,8
7071,64,635.94,31/10/2025,7,7
3577,64,671.88,31/07/2025,36,3
5017,64,470.31,31/12/2021,0,5
7047,64,820.31,31/10/2023,14,7
5831,64,687.50,31/03/2023,13,5
6116,64,860.94,28/07/2023,2,6
7844,64,676.56,30/10/2025,13,7
6427,64,625.00,31/05/2023,10,6
8211,64,739.06,31/01/2023,17,8
0848,64,398.44,31/08/2022,24,0
7276,64,468.75,31/07/2025,20,7
6516,64,575.00,31/12/2021,37,6
8851,64,535.94,30/12/2020,3,8
0563,64,337.50,31/05/2024,4,0
6822,64,504.69,31/07/2022,37,6
3551,64,593.75,31/01/2025,65,3
7801,64,801.56,31/03/2022,40,7
7323,64,929.69,29/12/2020,28,7
6513,64,725.00,30/10/2020,5,6
7164,64,795.31,31/08/2023,10,7
3876,64,926.56,31/05/2022,74,3
5336,64,657.81,31/03/2025,18,5
5366,64,784.38,30/08/2023,31,5
8934,64,637.50,30/09/2020,1,8
7550,64,698.44,30/09/2020,29,7
7420,64,793.75,31/08/2023,7,7
7370,64,595.31,31/08/2025,1,7
8214,64,640.63,29/09/2022,1,8
3993,64,807.81,31/05/2023,4,3
4011,64,710.94,30/11/2023,9,4
7038,64,590.63,31/12/2021,2,7
9536,63,546.03,31/05/2023,2,9
7046,63,780.95,30/06/2022,23,7
0874,63,815.87,31/12/2021,31,0
7006,63,868.25,31/12/2021,62,7
9026,63,417.46,31/10/2025,17,9
2515,63,612.70,31/12/2022,21,2
8117,63,719.05,31/01/2025,8,8
7928,63,734.92,31/07/2023,62,7
4017,63,738.10,30/05/2023,12,4
7469,63,593.65,31/03/2021,8,7
4049,63,446.03,30/05/2023,0,4
6052,63,873.02,31/12/2022,22,6
8299,63,830.16,29/09/2024,6,8
2909,63,695.24,31/05/2022,3,2
7320,63,657.14,31/07/2023,11,7
8161,63,420.63,31/05/2022,13,8
3126,63,874.60,31/05/2023,0,3
7519,63,812.70,31/08/2025,19,7
9239,63,646.03,31/10/2022,12,9
7135,63,861.90,31/12/2023,1,7
1506,63,730.16,31/05/2025,37,1
7901,63,607.94,31/08/2024,5,7
4920,63,820.63,30/09/2020,10,4
8224,63,655.56,31/08/2025,3,8
0570,63,561.90,30/05/2024,2,0
7280,63,669.84,31/10/2023,7,7
9926,63,723.81,31/03/2025,8,9
8870,63,560.32,31/01/2024,6,8
8800,63,1111.11,29/10/2023,18,8
7963,63,739.68,31/07/2025,60,7
5630,63,915.87,31/12/2021,27,5
6579,63,339.68,31/08/2025,10,6
8125,63,811.11,31/07/2025,2,8
3396,63,592.06,31/01/2023,0,3
9420,63,355.56,31/10/2022,3,9
7899,63,603.17,29/12/2022,8,7
9827,63,734.92,30/12/2022,12,9
5819,63,542.86,31/03/2024,15,5
5506,63,549.21,30/08/2022,22,5
2503,63,925.40,31/08/2022,20,2
9829,63,596.83,30/12/2020,0,9
6663,63,874.60,31/10/2025,35,6
2269,63,874.60,31/08/2022,26,2
2092,62,622.58,30/11/2025,19,2
2975,62,685.48,31/10/2024,34,2
9400,62,701.61,31/10/2025,55,9
2124,62,706.45,31/01/2023,10,2
7016,62,1000.00,31/10/2023,4,7
7579,62,603.23,31/05/2022,2,7
6437,62,708.06,29/11/2021,17,6
4571,62,750.00,29/12/2021,12,4
7596,62,832.26,30/12/2021,17,7
5862,62,825.81,31/08/2025,7,5
6191,62,633.87,31/08/2025,2,6
7210,62,627.42,31/03/2022,7,7
9558,62,585.48,31/10/2023,3,9
3001,62,582.26,31/05/2025,20,3
7221,62,732.26,31/08/2024,18,7
6347,62,488.71,31/10/2022,0,6
0081,62,777.42,30/11/2022,9,0
6291,62,772.58,31/10/2022,23,6
1217,62,619.35,30/04/2021,71,1
3535,62,458.06,31/03/2024,19,3
2925,62,753.23,31/12/2023,7,2
5929,62,780.65,31/05/2024,1,5
2469,62,533.87,31/08/2025,2,2
9027,62,1093.55,30/08/2024,15,9
3393,62,866.13,31/05/2022,4,3
8977,62,746.77,31/03/2022,31,8
5821,62,741.94,31/05/2023,5,5
5927,62,695.16,31/12/2021,2,5
7566,62,680.65,30/12/2021,3,7
8907,62,540.32,31/10/2025,2,8
7327,62,609.68,31/08/2025,3,7
6245,62,724.19,30/11/2020,0,6
8910,62,770.97,31/07/2022,15,8
7660,62,893.55,30/08/2025,45,7
4052,62,532.26,31/12/2022,16,4
7009,62,695.16,31/03/2022,48,7
7854,62,708.06,31/12/2022,38,7
6519,62,387.10,31/05/2022,2,6
8229,62,543.55,31/08/2023,3,8
2960,62,622.58,30/10/2022,40,2
6829,62,588.71,30/05/2023,16,6
7726,62,625.81,30/11/2025,2,7
7551,62,751.61,31/08/2025,2,7
3306,62,991.94,31/08/2022,9,3
9144,62,785.48,31/01/2023,12,9
1366,62,470.97,31/12/2022,3,1
5272,62,862.90,31/03/2023,95,5
8033,62,806.45,31/03/2023,6,8
6023,62,600.00,31/01/2023,66,6
3420,62,945.16,31/05/2022,18,3
8010,62,500.00,30/11/2022,15,8
7400,62,830.65,31/03/2025,15,7
7944,62,629.03,31/10/2025,22,7
8021,62,901.61,30/09/2022,14,8
9592,62,712.90,31/01/2022,16,9
6553,62,764.52,30/04/2023,12,6
2190,62,650.00,31/07/2025,45,2
0577,62,620.97,31/05/2022,25,0
8217,62,575.81,31/12/2022,6,8
8925,62,767.74,31/05/2024,12,8
5760,62,485.48,31/07/2022,37,5
4491,62,775.81,30/07/2025,41,4
7826,62,367.74,31/10/2023,3,7
6847,62,595.16,29/07/2025,14,6
2926,62,416.13,30/10/2020,29,2
3836,62,833.87,30/10/2020,10,3
6939,62,1022.58,31/01/2025,35,6
5019,62,614.52,31/05/2024,5,5
1996,62,309.68,31/05/2023,8,1
1425,61,609.84,31/03/2021,26,1
9422,61,754.10,31/12/2021,35,9
7563,61,336.07,31/05/2025,21,7
3569,61,385.25,31/03/2022,27,3
9429,61,832.79,30/12/2021,30,9
4045,61,467.21,31/12/2024,11,4
0188,61,900.00,30/12/2022,20,0
7628,61,486.89,31/10/2025,10,7
9361,61,400.00,30/09/2024,17,9
9122,61,619.67,31/12/2022,18,9
1322,61,783.61,30/07/2024,3,1
9820,61,585.25,31/10/2024,0,9
3343,61,681.97,30/10/2022,16,3
3633,61,698.36,31/05/2025,13,3
9460,61,1011.48,31/12/2024,117,9
3593,61,747.54,31/05/2023,21,3
4812,61,775.41,30/12/2021,1,4
6899,61,637.70,31/07/2025,8,6
6569,61,518.03,29/04/2025,1,6
9114,61,473.77,31/08/2025,36,9
4492,61,970.49,31/10/2025,3,4
9548,61,532.79,31/03/2024,36,9
9174,61,403.28,31/12/2022,0,9
5027,61,422.95,31/05/2023,7,5
8120,61,465.57,31/05/2023,27,8
4575,61,627.87,30/12/2024,10,4
8023,61,575.41,31/07/2025,6,8
9317,61,693.44,31/12/2022,10,9
6556,61,803.28,30/09/2021,21,6
1525,61,598.36,31/07/2022,1,1
7106,61,727.87,31/10/2024,22,7
6861,61,583.61,30/12/2021,29,6
6025,61,629.51,31/07/2023,12,6
8979,61,963.93,31/10/2024,44,8
3319,61,613.11,31/05/2025,16,3
6321,61,618.03,31/12/2023,17,6
6027,61,483.61,31/03/2024,26,6
6319,61,522.95,31/03/2025,10,6
5376,61,434.43,30/12/2023,65,5
9017,61,534.43,31/07/2022,2,9
7220,61,503.28,31/10/2024,4,7
6350,61,662.30,31/07/2025,6,6
2059,61,511.48,30/12/2024,23,2
7190,61,713.11,31/10/2023,1,7
2928,61,693.44,31/07/2022,4,2
8070,61,391.80,31/10/2025,19,8
3225,61,598.36,30/11/2023,10,3
4166,61,609.84,31/03/2025,6,4
8909,61,744.26,31/05/2024,3,8
8555,61,665.57,31/03/2021,3,8
6271,61,477.05,30/11/2025,1,6
5491,61,775.41,30/10/2021,4,5
6609,61,727.87,31/05/2025,29,6
6265,61,767.21,31/10/2024,32,6
5910,61,522.95,30/07/2024,5,5
7299,61,732.79,31/03/2021,3,7
6012,61,942.62,30/12/2020,49,6
8868,61,408.20,31/12/2023,22,8
8003,61,791.80,31/12/2021,9,8
8206,61,613.11,30/12/2024,0,8
7683,61,691.80,31/07/2023,44,7
7541,61,732.79,31/08/2024,10,7
3797,61,795.08,30/11/2022,4,3
7407,61,719.67,31/07/2025,22,7
8867,61,472.13,31/01/2024,12,8
8320,61,650.82,30/11/2021,4,8
4927,61,403.28,31/03/2021,12,4
9402,61,654.10,31/10/2022,34,9
9546,61,839.34,31/10/2022,9,9
7736,61,1047.54,31/07/2025,30,7
7863,61,619.67,31/03/2021,41,7
9038,61,563.93,31/01/2023,59,9
0849,61,731.15,31/05/2024,0,0
4516,60,810.00,29/09/2022,3,4
8855,60,658.33,31/05/2022,18,8
7211,60,425.00,31/12/2024,2,7
6425,60,740.00,31/08/2025,2,6
7996,60,741.67,31/12/2021,30,7
2529,60,781.67,30/11/2021,15,2
3924,60,723.33,31/08/2023,51,3
1863,60,555.00,31/12/2024,6,1
2508,60,361.67,31/07/2025,38,2
6464,60,531.67,31/10/2025,24,6
9850,60,1016.67,30/07/2021,58,9
7526,60,628.33,31/07/2023,115,7
6867,60,730.00,31/03/2021,16,6
4857,60,606.67,31/03/2023,6,4
9342,60,601.67,30/12/2022,16,9
4719,60,731.67,29/12/2024,24,4
6469,60,450.00,31/05/2024,24,6
7120,60,693.33,31/08/2025,0,7
7053,60,808.33,31/05/2024,1,7
5156,60,360.00,31/07/2025,1,5
8364,60,485.00,31/05/2023,11,8
6993,60,515.00,31/12/2023,61,6
6824,60,946.67,30/08/2024,34,6
5119,60,585.00,30/11/2023,15,5
4187,60,640.00,31/01/2023,30,4
3847,60,550.00,30/11/2020,6,3
7929,60,736.67,31/03/2022,34,7
5000,60,995.00,31/10/2023,33,5
8920,60,970.00,31/05/2025,43,8
8028,60,503.33,30/12/2021,11,8
6920,60,790.00,31/08/2022,8,6
2935,60,341.67,31/10/2022,3,2
7878,60,778.33,31/12/2024,23,7
8200,60,803.33,31/08/2024,11,8
6098,60,646.67,29/10/2023,1,6
0437,60,826.67,30/11/2025,17,0
8810,60,500.00,30/10/2021,11,8
7000,60,610.00,31/12/2022,13,7
9687,60,993.33,31/03/2024,35,9
5827,60,1015.00,29/10/2024,15,5
2854,60,783.33,31/08/2025,0,2
3219,60,560.00,31/01/2023,45,3
7922,60,570.00,31/12/2022,10,7
8009,60,618.33,31/01/2023,4,8
7903,60,751.67,31/05/2022,8,7
1229,60,465.00,31/08/2024,14,1
6358,60,726.67,30/01/2025,2,6
8939,60,830.00,30/10/2024,11,8
3024,60,763.33,30/04/2021,21,3
6130,60,835.00,30/11/2025,26,6
3023,60,781.67,31/12/2021,6,3
9356,60,746.67,31/12/2022,26,9
7497,60,666.67,31/03/2021,0,7
3594,60,408.33,30/11/2023,12,3
6793,60,520.00,31/01/2024,49,6
4904,60,775.00,31/07/2023,27,4
5277,60,708.33,31/12/2023,28,5
2026,60,696.67,31/05/2025,15,2
3698,60,1095.00,31/08/2023,30,3
6165,60,591.67,31/10/2023,29,6
0452,60,888.33,31/08/2022,0,0
8728,60,878.33,30/12/2023,30,8
5549,60,771.67,30/10/2022,13,5
2219,60,665.00,31/08/2025,17,2
7967,60,963.33,31/12/2023,14,7
7324,60,443.33,31/07/2023,2,7
8569,60,730.00,31/08/2025,19,8
5857,60,788.33,30/03/2022,16,5
7517,60,935.00,30/12/2022,6,7
6526,60,706.67,31/01/2025,34,6
7609,60,696.67,31/10/2025,10,7
4165,60,701.67,31/12/2024,5,4
7416,60,775.00,31/10/2025,10,7
3076,60,886.67,30/05/2025,42,3
7410,60,463.33,30/10/2024,48,7
6323,60,781.67,31/12/2024,19,6
0060,60,668.33,31/05/2024,30,0
8417,60,581.67,29/06/2022,5,8
9925,60,791.67,31/05/2025,5,9
8519,60,948.33,31/05/2025,28,8
8510,60,868.33,30/11/2025,23,8
8237,60,738.33,30/09/2025,6,8
2100,60,555.00,31/10/2023,19,2
7027,60,790.00,31/07/2025,58,7
2887,60,1000.00,31/03/2021,17,2
2819,60,703.33,31/03/2025,21,2
3964,60,805.00,30/12/2020,103,3
5813,60,421.67,30/12/2024,18,5
4929,60,543.33,31/01/2022,48,4
7219,60,650.00,31/12/2023,17,7
8325,60,575.00,31/07/2022,4,8
9220,60,1318.33,31/08/2022,26,9
8525,60,750.00,30/11/2022,28,8
1920,60,621.67,31/08/2023,14,1
2204,60,805.00,30/06/2025,13,2
8318,60,641.67,31/03/2025,0,8
1711,60,763.33,30/12/2021,4,1
1139,60,488.33,31/07/2023,52,1
2514,60,868.33,30/10/2022,8,2
7333,60,788.33,31/08/2024,0,7
2526,59,408.47,31/03/2022,18,2
7399,59,679.66,31/05/2025,6,7
1551,59,603.39,30/09/2022,24,1
3539,59,371.19,30/03/2023,19,3
9591,59,586.44,31/03/2021,6,9
9954,59,567.80,31/08/2025,37,9
0367,59,757.63,30/11/2022,13,0
7223,59,732.20,31/12/2022,47,7
9562,59,581.36,31/12/2023,20,9
5969,59,594.92,31/10/2022,16,5
2192,59,828.81,30/12/2021,70,2
5023,59,950.85,31/10/2025,53,5
1022,59,669.49,30/03/2021,20,1
7423,59,925.42,31/08/2025,113,7
5285,59,811.86,31/12/2023,12,5
5861,59,1084.75,30/12/2021,21,5
0376,59,896.61,30/12/2023,0,0
3125,59,613.56,29/08/2025,6,3
8598,59,876.27,29/04/2023,15,8
8376,59,764.41,31/12/2024,30,8
5938,59,716.95,31/12/2024,35,5
8269,59,644.07,31/12/2024,64,8
3039,59,615.25,31/03/2023,39,3
4091,59,625.42,31/03/2021,38,4
1027,59,647.46,30/10/2023,48,1
7270,59,781.36,31/10/2025,24,7
8543,59,649.15,29/11/2021,5,8
0438,59,784.75,31/08/2022,38,0
7422,59,667.80,31/10/2024,28,7
7067,59,735.59,30/05/2025,11,7
9669,59,520.34,31/05/2025,0,9
4829,59,1140.68,31/03/2023,48,4
7895,59,591.53,31/10/2022,0,7
8255,59,589.83,31/12/2022,20,8
7130,59,555.93,30/11/2025,26,7
6418,59,703.39,31/10/2024,1,6
6821,59,427.12,31/03/2022,24,6
3513,59,589.83,31/10/2023,18,3
7595,59,684.75,31/08/2024,7,7
7310,59,716.95,30/11/2020,13,7
8930,59,793.22,31/08/2025,16,8
0224,59,666.10,31/05/2025,4,0
9391,59,923.73,31/08/2024,15,9
9520,59,361.02,30/07/2021,33,9
8501,59,725.42,31/05/2022,14,8
5055,59,589.83,30/07/2022,71,5
7045,59,654.24,31/05/2024,23,7
5176,59,796.61,30/12/2022,12,5
8313,59,476.27,30/09/2024,32,8
7721,59,640.68,31/08/2023,2,7
3220,59,766.10,30/11/2023,27,3
3071,59,713.56,30/11/2025,26,3
8432,59,640.68,31/05/2025,75,8
7869,59,884.75,31/12/2023,4,7
2306,59,796.61,30/09/2020,1,2
2626,59,522.03,30/10/2025,6,2
0090,59,489.83,31/07/2025,3,0
5553,59,588.14,30/11/2025,21,5
3871,59,903.39,31/05/2025,4,3
9597,59,1076.27,31/08/2024,7,9
1626,59,464.41,31/01/2022,38,1
4090,59,694.92,31/05/2024,15,4
8944,59,620.34,30/07/2023,17,8
7786,59,605.08,31/01/2024,3,7
0290,59,789.83,31/08/2025,11,0
9910,59,786.44,31/01/2022,7,9
6147,59,759.32,31/10/2024,70,6
7982,59,1013.56,30/12/2024,0,7
5033,59,1016.95,31/05/2025,10,5
7019,59,766.10,31/10/2024,3,7
9313,59,649.15,30/11/2025,26,9
9540,59,772.88,29/01/2025,38,9
7140,59,750.85,30/01/2024,10,7
8262,59,474.58,31/03/2022,16,8
6543,59,618.64,30/12/2022,0,6
4529,59,811.86,31/12/2024,92,4
0655,59,784.75,31/08/2022,12,0
6669,59,584.75,30/11/2024,28,6
0126,59,825.42,28/11/2024,24,0
3042,59,630.51,30/11/2024,2,3
4953,59,883.05,31/10/2025,6,4
6085,59,876.27,31/08/2024,0,6
9862,59,759.32,31/07/2022,2,9
8400,59,403.39,31/12/2021,15,8
9595,59,1105.08,31/12/2023,1,9
7990,59,625.42,31/05/2022,0,7
1571,59,752.54,31/05/2023,91,1
8615,59,652.54,30/07/2025,5,8
6164,59,894.92,31/05/2025,14,6
8908,59,572.88,31/10/2023,14,8
1463,59,769.49,30/11/2023,46,1
9671,59,1069.49,31/10/2022,1,9
8419,59,796.61,30/10/2024,21,8
6559,59,928.81,31/07/2023,9,6
3120,59,650.85,31/10/2023,0,3
0096,59,727.12,31/08/2025,15,0
6814,59,608.47,30/08/2022,36,6
9277,59,647.46,31/07/2025,17,9
7097,59,852.54,30/09/2023,4,7
6500,59,513.56,30/06/2023,60,6
2615,59,589.83,30/09/2024,42,2
5993,59,545.76,31/01/2024,27,5
2461,59,671.19,31/10/2022,1,2
9394,59,532.20,31/10/2022,50,9
8039,59,674.58,31/05/2024,91,8
7039,59,850.85,31/10/2022,5,7
2109,59,764.41,31/08/2023,8,2
5126,59,532.20,31/05/2024,4,5
2629,59,671.19,30/03/2025,13,2
3228,59,786.44,31/12/2024,65,3
7699,59,610.17,30/10/2025,0,7
1093,59,577.97,30/11/2023,75,1
9942,59,759.32,31/12/2022,13,9
7367,59,666.10,31/01/2022,10,7
7171,59,794.92,31/03/2022,49,7
3091,59,766.10,30/06/2025,0,3
2552,59,891.53,31/05/2025,9,2
7187,59,552.54,30/12/2020,19,7
1039,59,652.54,30/11/2025,26,1
8079,59,896.61,30/11/2021,81,8
1021,59,594.92,31/12/2022,18,1
8416,58,570.69,30/10/2022,0,8
8185,58,625.86,31/12/2023,6,8
0426,58,396.55,31/07/2022,6,0
5092,58,929.31,30/11/2024,57,5
2535,58,632.76,31/05/2024,7,2
0429,58,374.14,30/08/2021,1,0
3122,58,618.97,31/10/2023,17,3
4022,58,618.97,30/08/2025,4,4
7235,58,594.83,31/08/2023,92,7
1547,58,789.66,31/01/2023,30,1
4366,58,784.48,31/03/2022,4,4
7057,58,786.21,31/08/2025,51,7
4393,58,1377.59,31/08/2025,22,4
8431,58,779.31,30/05/2024,7,8
3058,58,524.14,31/10/2025,13,3
9519,58,662.07,31/12/2024,0,9
8311,58,837.93,31/10/2024,37,8
7464,58,893.10,30/11/2021,37,7
9539,58,1156.90,31/12/2021,1,9
7657,58,560.34,31/12/2021,17,7
6386,58,777.59,29/10/2021,5,6
0851,58,962.07,31/10/2025,8,0
5986,58,560.34,29/07/2024,31,5
2809,58,768.97,31/10/2022,20,2
5847,58,646.55,30/08/2021,13,5
2045,58,703.45,31/08/2023,23,2
6287,58,701.72,31/05/2022,10,6
2126,58,970.69,31/12/2021,9,2
3523,58,548.28,31/08/2022,20,3
8222,58,746.55,30/09/2022,7,8
7949,58,725.86,30/10/2022,25,7
7876,58,520.69,31/10/2025,7,7
9927,58,732.76,31/10/2023,34,9
8322,58,493.10,30/04/2022,23,8
2012,58,632.76,30/06/2024,14,2
6894,58,937.93,31/03/2021,8,6
4417,58,712.07,30/05/2025,19,4
8008,58,1100.00,30/12/2023,41,8
2099,58,598.28,31/07/2022,54,2
7809,58,575.86,31/03/2021,9,7
8382,58,677.59,31/12/2021,11,8
2599,58,574.14,31/08/2024,6,2
6143,58,658.62,30/10/2022,11,6
9605,58,518.97,30/11/2025,13,9
2733,58,565.52,31/05/2023,6,2
4121,58,648.28,31/03/2023,3,4
5537,58,741.38,30/09/2021,32,5
8696,58,562.07,31/10/2025,55,8
9042,58,560.34,31/12/2023,0,9
1049,58,606.90,31/12/2023,10,1
9311,58,891.38,30/07/2024,33,9
9307,58,770.69,31/12/2023,35,9
6804,58,796.55,31/03/2023,1,6
4024,58,896.55,30/11/2020,7,4
6966,58,817.24,31/05/2024,80,6
9837,58,517.24,31/12/2023,9,9
9892,58,596.55,31/10/2023,44,9
9320,58,898.28,29/05/2023,17,9
9909,58,513.79,31/12/2024,30,9
1040,58,744.83,30/09/2021,5,1
7290,58,713.79,30/09/2020,36,7
9916,58,710.34,31/05/2022,3,9
3536,58,494.83,31/12/2022,13,3
0050,58,608.62,30/09/2022,15,0
7806,58,712.07,31/10/2024,14,7
4868,58,615.52,31/10/2025,1,4
0057,58,705.17,31/10/2023,31,0
8674,58,456.90,31/10/2023,27,8
8921,58,563.79,31/10/2022,16,8
7013,58,703.45,30/11/2020,74,7
7669,58,608.62,31/10/2022,59,7
1438,58,932.76,30/08/2025,0,1
4385,58,834.48,30/09/2022,36,4
6578,58,427.59,31/10/2025,12,6
2462,58,555.17,31/10/2022,14,2
2433,58,632.76,31/10/2025,14,2
1914,58,905.17,31/07/2025,5,1
4950,58,627.59,30/12/2023,23,4
0029,58,920.69,31/01/2024,8,0
8155,58,532.76,31/03/2024,8,8
0311,58,524.14,31/05/2025,40,0
8142,58,484.48,31/01/2023,20,8
9647,58,891.38,29/11/2025,11,9
4031,58,712.07,31/08/2023,17,4
6604,58,698.28,31/10/2025,55,6
7445,58,693.10,31/05/2025,14,7
7244,58,718.97,30/12/2024,0,7
2643,58,681.03,31/07/2025,5,2
9771,58,950.00,31/12/2024,95,9
6471,58,620.69,31/05/2024,20,6
2466,58,455.17,31/10/2024,6,2
8317,58,686.21,31/08/2024,25,8
5025,58,927.59,31/10/2023,37,5
6910,58,641.38,31/10/2024,6,6
1227,58,612.07,31/07/2023,93,1
0830,58,774.14,30/01/2021,17,0
4496,58,562.07,29/06/2022,5,4
9314,58,882.76,31/12/2023,8,9
9810,58,636.21,31/01/2024,5,9
8091,58,844.83,31/07/2023,2,8
7890,58,908.62,31/05/2024,8,7
7105,58,829.31,31/08/2024,0,7
9846,58,898.28,30/03/2024,12,9
3657,58,512.07,31/05/2022,2,3
9626,58,791.38,31/10/2024,41,9
6137,58,803.45,31/07/2022,20,6
8099,58,777.59,31/03/2021,24,8
4067,58,862.07,30/09/2022,1,4
0890,58,665.52,30/12/2020,14,0
6420,58,1024.14,30/11/2022,8,6
7839,58,591.38,31/12/2024,5,7
7962,58,513.79,30/07/2021,31,7
8250,58,736.21,31/10/2024,19,8
2820,58,512.07,31/08/2023,39,2
6173,58,872.41,31/08/2023,22,6
2499,58,487.93,31/08/2022,8,2
8332,58,813.79,30/10/2025,11,8
6411,58,686.21,30/09/2025,14,6
0034,58,605.17,31/05/2023,14,0
3040,58,531.03,31/08/2025,3,3
8019,58,624.14,30/12/2022,12,8
3370,58,448.28,31/08/2023,12,3
3206,58,718.97,31/01/2022,3,3
7008,58,356.90,31/10/2025,38,7
7925,58,712.07,31/12/2024,31,7
1064,58,658.62,30/04/2022,27,1
9499,58,643.10,31/05/2023,17,9
3130,58,579.31,30/04/2025,3,3
8448,58,832.76,31/03/2025,18,8
4315,58,324.14,31/12/2021,40,4
7619,58,755.17,31/08/2023,1,7
1221,58,851.72,29/04/2022,50,1
4301,58,813.79,31/10/2024,43,4
5196,58,805.17,31/05/2022,27,5
2342,58,581.03,31/01/2025,7,2
0512,58,487.93,31/07/2023,1,0
4348,58,275.86,30/12/2021,0,4
9552,58,522.41,30/08/2024,5,9
2131,58,634.48,30/10/2022,66,2
9749,58,531.03,30/04/2023,75,9
1549,58,736.21,30/04/2023,49,1
8570,58,762.07,30/08/2024,6,8
9173,58,1322.41,30/10/2025,31,9
4345,58,601.72,31/10/2025,55,4
7874,58,746.55,31/08/2024,61,7
3331,58,381.03,30/10/2020,1,3
9271,58,418.97,29/08/2025,25,9
5052,58,1079.31,30/09/2024,34,5
7940,58,918.97,30/12/2024,4,7
0020,58,687.93,31/03/2025,15,0
9727,57,663.16,30/10/2023,8,9
6249,57,619.30,29/06/2025,6,6
4269,57,608.77,30/10/2024,11,4
2341,57,882.46,31/10/2024,33,2
5475,57,807.02,29/11/2024,46,5
6054,57,559.65,31/12/2021,21,6
1410,57,464.91,31/12/2021,16,1
4555,57,614.04,31/08/2022,4,4
9950,57,591.23,31/08/2025,2,9
3412,57,652.63,30/09/2025,10,3
8017,57,694.74,30/10/2021,5,8
8756,57,594.74,30/01/2023,5,8
9992,57,494.74,29/10/2023,17,9
4225,57,842.11,30/01/2023,6,4
8407,57,803.51,30/11/2025,16,8
9517,57,889.47,30/07/2024,15,9
6275,57,438.60,31/10/2024,84,6
9117,57,1064.91,31/01/2024,101,9
2556,57,738.60,29/12/2021,10,2
2776,57,589.47,31/03/2025,3,2
8517,57,645.61,31/05/2023,6,8
2937,57,963.16,31/08/2022,5,2
9967,57,1000.00,31/07/2025,20,9
3817,57,766.67,30/07/2025,31,3
4907,57,550.88,30/07/2024,14,4
8829,57,633.33,31/08/2025,5,8
3400,57,543.86,30/09/2023,24,3
8176,57,836.84,31/08/2025,3,8
5907,57,414.04,31/08/2022,19,5
9378,57,892.98,28/04/2021,89,9
2196,57,615.79,30/03/2025,19,2
7080,57,733.33,30/05/2023,41,7
4993,57,536.84,29/03/2021,34,4
1569,57,685.96,31/10/2024,42,1
9544,57,654.39,31/10/2023,20,9
6200,57,543.86,30/07/2024,4,6
8904,57,778.95,31/10/2023,6,8
2327,57,715.79,30/12/2024,0,2
1919,57,350.88,31/05/2023,18,1
9800,57,491.23,30/12/2020,46,9
6217,57,589.47,30/10/2023,17,6
7631,57,864.91,31/01/2024,44,7
8026,57,612.28,31/10/2024,48,8
3845,57,643.86,30/11/2021,10,3
7710,57,728.07,30/11/2020,3,7
8212,57,449.12,30/06/2025,13,8
7674,57,785.96,30/12/2021,89,7
0556,57,584.21,30/08/2025,1,0
3567,57,700.00,31/03/2021,2,3
4317,57,584.21,30/11/2021,20,4
7117,57,794.74,31/01/2025,57,7
0883,57,924.56,31/03/2023,24,0
0527,57,649.12,31/07/2025,5,0
2050,57,617.54,30/05/2025,4,2
3624,57,677.19,31/12/2021,6,3
7022,57,501.75,31/05/2023,22,7
8897,57,689.47,30/08/2022,7,8
1028,57,615.79,31/08/2025,13,1
5069,57,738.60,31/05/2025,17,5
8302,57,678.95,31/03/2021,30,8
3869,57,726.32,31/03/2025,14,3
2162,57,963.16,30/04/2025,18,2
9424,57,747.37,31/03/2025,11,9
7014,57,515.79,30/12/2024,45,7
2588,57,889.47,31/05/2023,11,2
4037,57,685.96,30/09/2024,22,4
7134,57,703.51,31/08/2022,6,7
8210,57,610.53,30/08/2024,36,8
7881,57,608.77,30/05/2022,2,7
2833,57,798.25,30/12/2020,24,2
3450,57,656.14,31/03/2025,23,3
8460,57,794.74,30/11/2024,16,8
6107,57,747.37,31/12/2021,13,6
9538,57,480.70,31/07/2025,3,9
4224,57,598.25,30/10/2025,37,4
6028,57,528.07,31/07/2023,15,6
7397,57,564.91,30/09/2025,0,7
6796,57,370.18,31/07/2023,5,6
6043,57,831.58,31/12/2024,4,6
2027,57,742.11,31/07/2023,56,2
5129,57,673.68,31/08/2025,17,5
6536,57,833.33,29/02/2024,16,6
7959,57,1064.91,31/10/2025,31,7
8112,57,371.93,30/10/2021,18,8
7185,57,619.30,30/09/2025,6,7
3197,57,698.25,31/10/2024,33,3
7380,57,552.63,30/11/2020,78,7
7293,57,510.53,30/08/2021,7,7
9028,57,728.07,31/12/2022,1,9
3941,57,763.16,31/07/2022,19,3
6497,57,629.82,31/10/2024,91,6
6817,57,447.37,31/03/2022,26,6
8819,57,791.23,31/07/2025,44,8
3426,57,766.67,31/01/2025,11,3
8982,57,771.93,30/01/2024,34,8
0875,57,885.96,31/07/2025,6,0
6415,57,608.77,31/12/2022,17,6
3893,57,849.12,29/12/2021,2,3
4716,57,666.67,30/12/2020,23,4
3029,57,733.33,31/03/2025,13,3
6940,57,717.54,31/08/2024,2,6
2130,57,570.18,31/01/2022,4,2
8535,57,780.70,31/01/2024,40,8
9056,57,401.75,31/03/2022,1,9
2281,57,619.30,30/09/2020,28,2
9949,57,766.67,30/10/2024,22,9
7577,57,854.39,30/10/2024,11,7
5666,57,973.68,31/10/2025,2,5
9762,57,738.60,31/03/2025,13,9
2523,57,577.19,31/12/2023,11,2
2516,57,747.37,31/01/2025,16,2
6917,57,873.68,31/05/2023,13,6
9462,57,538.60,31/03/2023,20,9
0125,57,1089.47,31/08/2025,53,0
9860,57,635.09,31/07/2022,18,9
8150,57,466.67,30/11/2023,23,8
6925,57,596.49,31/10/2022,23,6
9129,57,671.93,31/01/2025,112,9
1526,57,668.42,31/01/2023,8,1
2634,57,396.49,30/11/2023,40,2
7024,57,605.26,31/12/2023,0,7
6994,57,684.21,31/08/2024,21,6
7823,57,635.09,31/08/2022,0,7
1866,57,657.89,31/05/2025,15,1
1355,57,563.16,31/10/2025,44,1
5462,57,936.84,31/05/2023,8,5
5079,57,777.19,31/08/2023,42,5
5349,57,942.11,31/08/2024,19,5
0273,57,571.93,30/10/2023,52,0
3052,57,828.07,29/10/2023,14,3
5591,57,612.28,31/07/2023,46,5
5528,57,605.26,30/11/2020,2,5
3543,57,814.04,31/10/2024,12,3
3269,57,801.75,30/10/2025,36,3
7715,57,373.68,31/07/2025,13,7
0392,57,857.89,30/10/2024,39,0
4564,57,1036.84,30/11/2022,0,4
6184,57,877.19,29/11/2021,23,6
8069,57,736.84,31/12/2021,1,8
8226,57,903.51,31/12/2024,29,8
7803,57,719.30,31/12/2023,1,7
3164,57,614.04,31/12/2022,5,3
3322,57,529.82,31/03/2022,24,3
7368,57,640.35,30/09/2022,10,7
9193,57,861.40,28/10/2022,52,9
7552,57,717.54,31/08/2023,5,7
0597,57,661.40,31/01/2022,18,0
8063,57,485.96,30/08/2025,7,8
5206,57,910.53,30/08/2021,37,5
5209,57,714.04,31/08/2025,7,5
4911,57,526.32,30/12/2024,2,4
7259,57,433.33,31/05/2024,34,7
8799,57,470.18,30/06/2024,2,8
9111,56,732.14,30/12/2023,70,9
2362,56,733.93,31/12/2024,17,2
8879,56,691.07,31/01/2024,11,8
5891,56,516.07,30/09/2024,34,5
6074,56,719.64,30/08/2021,31,6
7841,56,557.14,31/08/2025,43,7
4946,56,798.21,31/07/2025,33,4
7943,56,926.79,31/03/2021,4,7
3556,56,564.29,31/05/2024,17,3
3199,56,626.79,30/12/2022,59,3
7123,56,805.36,31/10/2025,38,7
3075,56,771.43,31/01/2024,0,3
3526,56,439.29,30/12/2022,44,3
1071,56,566.07,31/08/2023,20,1
4889,56,855.36,31/07/2025,7,4
8297,56,580.36,29/09/2024,24,8
8139,56,673.21,31/08/2023,3,8
8811,56,692.86,31/10/2022,16,8
4596,56,628.57,30/12/2020,14,4
1719,56,621.43,30/12/2023,15,1
2799,56,1100.00,31/10/2023,1,2
9593,56,682.14,30/11/2023,5,9
8397,56,725.00,31/03/2023,41,8
9905,56,421.43,31/10/2024,2,9
8465,56,675.00,31/05/2024,4,8
1311,56,882.14,30/10/2025,5,1
8974,56,594.64,31/12/2023,2,8
1823,56,526.79,31/10/2025,5,1
9139,56,605.36,30/08/2025,2,9
2321,56,380.36,31/01/2023,14,2
2579,56,469.64,30/09/2025,12,2
1950,56,510.71,30/09/2025,11,1
2410,56,496.43,31/07/2023,6,2
7725,56,755.36,31/12/2022,3,7
7953,56,682.14,30/11/2022,9,7
7076,56,928.57,30/12/2020,13,7
0528,56,855.36,30/10/2020,32,0
2078,56,780.36,30/12/2024,19,2
5926,56,446.43,31/01/2023,13,5
5855,56,1135.71,31/08/2025,9,5
7478,56,778.57,31/07/2023,29,7
6160,56,564.29,30/10/2023,0,6
3210,56,453.57,31/05/2025,3,3
7139,56,546.43,30/11/2020,7,7
7010,56,805.36,27/06/2025,15,7
2104,56,867.86,30/12/2023,0,2
8477,56,591.07,30/10/2025,2,8
4013,56,617.86,30/09/2023,8,4
9226,56,698.21,30/07/2022,29,9
7846,56,619.64,31/12/2023,9,7
5254,56,573.21,31/08/2024,7,5
7317,56,603.57,30/11/2021,2,7
7829,56,482.14,31/01/2023,36,7
5469,56,678.57,30/05/2023,21,5
9050,56,696.43,29/11/2021,62,9
6009,56,755.36,31/10/2025,21,6
9005,56,737.50,31/12/2021,10,9
2569,56,594.64,31/05/2023,31,2
3947,56,864.29,31/05/2022,29,3
7181,56,755.36,31/08/2022,28,7
2652,56,475.00,30/06/2022,12,2
8590,56,639.29,31/10/2025,55,8
6951,56,971.43,31/05/2025,9,6
5361,56,680.36,31/10/2025,12,5
1211,56,692.86,30/08/2022,10,1
3699,56,426.79,31/10/2023,9,3
9813,56,603.57,31/10/2025,13,9
7761,56,598.21,31/01/2024,37,7
5654,56,982.14,31/12/2024,4,5
7821,56,812.50,31/07/2023,18,7
3357,56,633.93,31/01/2023,53,3
7070,56,430.36,30/11/2022,46,7
6406,56,573.21,30/08/2025,18,6
9416,56,494.64,31/12/2022,19,9
5379,56,792.86,31/10/2022,23,5
0246,56,830.36,30/10/2025,27,0
2803,56,519.64,31/07/2022,2,2
3203,56,991.07,31/03/2021,13,3
7948,56,726.79,30/04/2024,19,7
8004,56,614.29,31/12/2021,1,8
7419,56,919.64,31/08/2025,87,7
7394,56,648.21,31/08/2025,6,7
2209,56,546.43,30/08/2025,73,2
5391,56,591.07,31/05/2025,9,5
4318,56,776.79,31/10/2024,5,4
2692,56,421.43,29/12/2022,15,2
8520,56,821.43,31/05/2024,1,8
0335,56,873.21,31/10/2022,20,0
1928,56,735.71,30/09/2021,2,1
5139,56,610.71,30/12/2022,30,5
9945,56,655.36,31/07/2025,18,9
7195,56,787.50,31/12/2023,38,7
7124,56,616.07,31/10/2023,3,7
4830,56,930.36,30/10/2025,10,4
7993,56,871.43,31/10/2022,3,7
8015,56,791.07,30/10/2024,32,8
7827,56,714.29,31/10/2023,18,7
9600,56,508.93,31/05/2025,50,9
0414,56,746.43,31/01/2024,43,0
1393,56,933.93,31/12/2021,23,1
2094,56,558.93,30/10/2024,70,2
7011,56,441.07,31/10/2024,10,7
7447,56,614.29,30/10/2025,3,7
6895,56,473.21,30/10/2025,12,6
6273,56,692.86,29/12/2021,6,6
1892,56,762.50,31/03/2023,5,1
3671,56,816.07,31/12/2022,1,3
7916,56,401.79,30/04/2025,13,7
3566,56,791.07,31/12/2024,53,3
4329,56,610.71,30/11/2025,26,4
2299,56,521.43,30/10/2020,7,2
0549,56,448.21,30/09/2025,71,0
0053,56,655.36,30/03/2025,145,0
8422,56,612.50,30/06/2025,1,8
9145,56,596.43,31/10/2024,25,9
8450,56,739.29,30/11/2020,8,8
3843,56,676.79,31/08/2024,43,3
4461,56,582.14,31/07/2023,13,4
0871,56,653.57,31/05/2025,7,0
2620,56,908.93,31/03/2023,35,2
7849,56,866.07,31/07/2022,13,7
7701,56,764.29,31/05/2024,10,7
8864,56,737.50,31/01/2025,38,8
4010,56,700.00,31/12/2023,45,4
4663,56,601.79,30/12/2022,59,4
6058,56,546.43,31/05/2023,95,6
0966,56,592.86,31/03/2023,35,0
5058,56,841.07,30/09/2020,6,5
6232,56,1021.43,30/01/2021,24,6
4870,56,521.43,31/12/2023,46,4
2035,56,896.43,30/07/2024,50,2
6215,56,766.07,31/10/2022,8,6
7911,56,644.64,31/12/2024,1,7
9035,56,658.93,29/11/2025,24,9
4211,56,714.29,30/10/2025,14,4
1326,56,526.79,31/10/2022,41,1
2120,56,976.79,29/11/2025,3,2
8180,56,598.21,31/08/2022,10,8
9752,56,801.79,31/05/2024,9,9
7112,56,705.36,31/07/2023,8,7
4038,56,630.36,31/12/2022,11,4
0391,56,600.00,30/10/2023,21,0
5916,56,571.43,31/12/2022,13,5
2021,56,841.07,30/05/2025,4,2
2069,56,939.29,30/12/2021,61,2
1038,56,362.50,31/08/2022,38,1
4392,56,808.93,31/10/2025,13,4
6882,56,812.50,30/06/2024,5,6
3237,56,582.14,31/07/2022,7,3
9589,56,833.93,31/05/2022,29,9
3864,56,719.64,31/12/2021,14,3
9250,56,726.79,31/03/2025,36,9
6914,56,755.36,31/12/2023,10,6
7508,56,642.86,31/12/2024,22,7
0142,56,526.79,31/05/2024,2,0
8312,56,501.79,31/07/2025,3,8
3573,56,764.29,31/08/2025,21,3
2494,56,553.57,31/10/2023,1,2
6476,56,510.71,31/07/2023,17,6
5852,56,357.14,30/10/2022,6,5
8896,56,716.07,31/08/2024,17,8
6810,56,760.71,30/11/2025,10,6
9845,56,605.36,31/10/2025,18,9
6103,56,896.43,31/08/2022,6,6
6857,56,930.36,30/07/2023,2,6
6491,56,639.29,31/12/2023,43,6
9287,56,867.86,30/07/2024,1,9
5529,56,591.07,31/10/2025,55,5
6828,56,842.86,31/10/2024,28,6
8466,56,846.43,31/03/2025,40,8
8370,56,612.50,30/07/2021,1,8
7496,56,608.93,31/10/2024,31,7
7266,56,600.00,31/10/2025,36,7
8077,56,923.21,31/07/2025,31,8
4609,56,639.29,30/10/2024,35,4
2506,56,826.79,31/05/2023,0,2
1430,56,585.71,30/11/2020,12,1
7919,56,755.36,30/05/2022,16,7
8589,56,769.64,31/05/2024,13,8
2591,56,580.36,31/03/2022,3,2
4539,56,403.57,29/11/2024,2,4
6924,56,544.64,30/12/2020,50,6
7843,56,517.86,30/09/2024,1,7
1186,56,760.71,31/08/2023,7,1
6866,56,673.21,31/03/2024,23,6
7590,56,535.71,31/10/2024,7,7
9714,56,801.79,31/01/2024,11,9
8626,56,673.21,31/08/2024,125,8
9024,56,680.36,31/08/2023,46,9
5517,56,432.14,31/12/2024,70,5
6836,56,998.21,31/10/2024,9,6
2396,56,835.71,30/06/2022,14,2
3691,56,555.36,31/07/2022,8,3
9213,56,496.43,31/12/2021,11,9
6964,56,669.64,31/07/2025,11,6
2497,56,928.57,30/06/2023,11,2
0330,56,705.36,30/07/2022,88,0
6843,56,605.36,31/05/2024,2,6
9816,56,592.86,30/11/2023,14,9
4850,56,639.29,31/05/2025,3,4
5716,56,782.14,30/11/2021,10,5
3477,56,776.79,30/05/2023,3,3
7971,56,760.71,31/01/2024,3,7
4185,56,744.64,30/09/2023,42,4
6379,56,953.57,30/11/2021,105,6
5468,56,548.21,30/12/2021,25,5
9599,56,566.07,31/01/2023,22,9
8600,56,635.71,31/12/2022,15,8
2357,56,1166.07,30/09/2021,40,2
4619,56,494.64,31/10/2024,12,4
8057,56,633.93,30/07/2024,47,8
0974,56,753.57,31/12/2022,9,0
7505,56,689.29,30/09/2021,25,7
8522,56,364.29,31/03/2021,35,8
0019,55,927.27,30/12/2024,6,0
7932,55,610.91,30/12/2024,37,7
8147,55,616.36,30/07/2025,10,8
8196,55,1060.00,31/07/2025,1,8
4462,55,976.36,31/08/2024,61,4
9055,55,883.64,31/10/2022,22,9
6046,55,609.09,30/07/2025,40,6
0127,55,454.55,31/07/2023,15,0
6737,55,570.91,31/07/2023,10,6
1869,55,670.91,30/11/2024,49,1
7001,55,781.82,30/10/2023,1,7
8330,55,860.00,31/08/2024,10,8
7285,55,954.55,30/11/2022,14,7
0929,55,565.45,31/03/2023,54,0
9121,55,1060.00,31/10/2024,20,9
3014,55,518.18,31/12/2024,6,3
0299,55,700.00,31/01/2025,0,0
2414,55,534.55,30/11/2022,19,2
2128,55,758.18,30/05/2022,50,2
7920,55,723.64,31/01/2023,11,7
7065,55,489.09,31/08/2024,18,7
0071,55,736.36,30/08/2025,47,0
1499,55,649.09,31/10/2025,6,1
6398,55,549.09,31/08/2025,5,6
8918,55,689.09,31/03/2025,12,8
1077,55,678.18,31/08/2024,0,1
8032,55,692.73,31/12/2022,8,8
9570,55,556.36,31/07/2025,3,9
6755,55,621.82,31/12/2021,9,6
7436,55,832.73,31/01/2023,5,7
8127,55,509.09,30/11/2025,7,8
6332,55,625.45,31/08/2024,4,6
1839,55,541.82,31/10/2023,7,1
2113,55,543.64,31/05/2025,16,2
6622,55,581.82,30/04/2022,20,6
1419,55,932.73,31/10/2024,35,1
1597,55,870.91,31/10/2024,0,1
5420,55,500.00,30/10/2023,12,5
6833,55,720.00,31/05/2023,12,6
1315,55,525.45,30/12/2022,7,1
7127,55,618.18,31/07/2023,5,7
2927,55,936.36,31/10/2024,7,2
8816,55,818.18,30/09/2020,49,8
6146,55,661.82,29/08/2024,32,6
4175,55,430.91,31/03/2024,32,4
6530,55,829.09,29/11/2021,6,6
8190,55,572.73,31/08/2024,77,8
2478,55,514.55,31/01/2024,21,2
1122,55,354.55,30/11/2025,1,1
2103,55,663.64,31/03/2022,24,2
0017,55,701.82,30/11/2024,8,0
2825,55,805.45,31/10/2025,37,2
8820,55,549.09,30/12/2020,14,8
7545,55,627.27,31/10/2022,10,7
2853,55,598.18,31/12/2024,38,2
1502,55,641.82,31/05/2024,88,1
7131,55,563.64,30/08/2022,45,7
8492,55,578.18,31/05/2025,46,8
7813,55,443.64,30/07/2023,8,7
3113,55,761.82,31/07/2025,2,3
4157,55,816.36,30/10/2025,2,4
0822,55,780.00,30/11/2022,39,0
6069,55,654.55,30/12/2022,63,6
2340,55,603.64,31/01/2024,30,2
0170,55,652.73,31/10/2025,10,0
4626,55,800.00,31/07/2025,11,4
7711,55,398.18,31/03/2025,10,7
4651,55,825.45,29/12/2020,4,4
1923,55,636.36,29/06/2023,2,1
7536,55,587.27,30/03/2022,5,7
3421,55,594.55,29/03/2024,31,3
1513,55,794.55,31/10/2024,34,1
4270,55,909.09,31/12/2023,16,4
4928,55,707.27,30/10/2021,5,4
8066,55,798.18,31/03/2025,13,8
0217,55,436.36,31/08/2025,4,0
0520,55,707.27,31/08/2025,79,0
5329,55,647.27,30/12/2022,19,5
3867,55,674.55,29/12/2024,6,3
9075,55,700.00,29/03/2023,5,9
8946,55,636.36,29/08/2025,10,8
8221,55,967.27,30/03/2022,24,8
2386,55,554.55,31/08/2022,31,2
7543,55,836.36,31/01/2025,18,7
1085,55,761.82,30/12/2022,12,1
5652,55,629.09,30/03/2022,16,5
7169,55,607.27,31/10/2023,47,7
4741,55,718.18,30/10/2025,23,4
3051,55,580.00,31/03/2024,8,3
2091,55,667.27,31/05/2024,2,2
3294,55,487.27,30/03/2022,29,3
8037,55,1172.73,31/08/2025,19,8
6463,55,625.45,31/05/2022,46,6
8307,55,901.82,30/10/2025,4,8
8999,55,885.45,31/07/2025,39,8
1936,55,669.09,31/08/2023,5,1
4975,55,770.91,31/07/2025,42,4
2011,55,634.55,31/08/2023,1,2
3304,55,636.36,31/07/2025,50,3
2689,55,618.18,31/08/2024,12,2
9284,55,501.82,30/11/2022,20,9
2105,55,805.45,30/09/2020,45,2
2818,55,818.18,31/03/2025,1,2
1966,55,770.91,31/03/2021,23,1
5325,55,590.91,31/05/2024,22,5
0221,55,867.27,31/01/2022,31,0
7918,55,483.64,31/12/2022,15,7
9569,55,703.64,31/07/2025,2,9
2393,55,418.18,30/01/2023,3,2
6410,55,678.18,28/07/2025,14,6
0522,55,738.18,31/10/2025,7,0
5147,55,620.00,30/09/2024,10,5
5274,55,563.64,30/09/2022,0,5
2307,55,621.82,31/05/2022,8,2
1993,55,643.64,29/06/2023,21,1
6202,55,836.36,31/05/2023,12,6
1541,55,461.82,30/06/2025,24,1
7513,55,732.73,31/08/2022,76,7
7304,55,638.18,30/11/2021,6,7
9086,55,641.82,31/10/2024,40,9
7514,55,543.64,31/12/2023,4,7
0623,55,561.82,30/12/2021,17,0
0258,55,434.55,30/09/2020,15,0
7689,55,538.18,31/12/2022,55,7
1677,55,610.91,31/10/2022,24,1
6841,55,380.00,31/01/2025,14,6
8823,55,780.00,31/08/2024,43,8
4019,55,912.73,31/12/2022,4,4
8542,55,467.27,30/07/2021,7,8
8616,55,434.55,31/08/2022,15,8
0721,55,727.27,30/05/2025,4,0
2557,55,901.82,31/10/2024,12,2
9040,55,567.27,31/10/2022,22,9
6233,55,614.55,30/07/2025,106,6
2066,55,816.36,30/05/2025,11,2
8324,55,256.36,31/07/2025,8,8
1929,55,438.18,31/05/2022,11,1
2813,55,583.64,31/10/2025,46,2
1980,55,494.55,30/10/2020,14,1
3434,55,514.55,31/03/2022,41,3
6700,55,856.36,31/10/2025,50,6
7694,55,774.55,31/12/2023,16,7
7440,55,574.55,31/10/2023,39,7
9444,55,820.00,31/05/2025,17,9
7092,55,547.27,31/03/2025,70,7
6047,55,530.91,30/11/2024,39,6
4590,55,581.82,30/12/2021,16,4
8411,55,550.91,31/10/2025,16,8
7296,55,1040.00,31/12/2023,27,7
3070,55,1103.64,31/12/2024,47,3
1443,55,807.27,31/03/2023,4,1
2171,55,785.45,30/06/2025,23,2
8089,55,670.91,31/01/2022,100,8
3074,55,872.73,31/10/2023,0,3
8197,55,696.36,31/01/2024,2,8
7790,55,1063.64,31/08/2025,11,7
9576,55,447.27,30/03/2023,4,9
3851,55,618.18,30/10/2025,11,3
7966,55,716.36,30/11/2021,38,7
5584,55,810.91,31/07/2023,63,5
8468,55,650.91,30/10/2020,14,8
5547,55,470.91,30/09/2024,18,5
3253,55,350.91,31/07/2022,39,3
4060,55,718.18,31/07/2025,4,4
6417,55,736.36,31/08/2022,1,6
6535,55,803.64,30/12/2023,0,6
5924,55,523.64,31/03/2024,36,5
1403,55,1020.00,31/10/2025,47,1
6930,55,834.55,31/07/2022,43,6
0814,55,529.09,30/05/2025,6,0
8874,55,1145.45,31/07/2022,2,8
6219,55,516.36,31/01/2023,22,6
7121,55,803.64,31/07/2025,11,7
0229,55,670.91,30/10/2021,5,0
0351,55,789.09,30/08/2024,3,0
6190,55,489.09,30/12/2020,33,6
8230,55,687.27,30/10/2024,4,8
3047,55,640.00,31/07/2023,63,3
7623,55,650.91,31/05/2025,40,7
8075,55,585.45,30/11/2024,14,8
5181,55,707.27,30/11/2025,26,5
9037,55,563.64,30/12/2020,5,9
7542,55,590.91,30/12/2022,60,7
3740,55,474.55,30/10/2020,7,3
5236,55,516.36,30/08/2025,45,5
8530,55,647.27,31/10/2022,33,8
9439,55,605.45,31/03/2022,1,9
5595,55,616.36,31/08/2023,47,5
9751,55,532.73,31/01/2025,9,9
8071,55,814.55,31/10/2022,20,8
6576,55,965.45,31/08/2023,36,6
4023,55,669.09,31/08/2024,0,4
1199,55,514.55,30/09/2025,41,1
6000,55,772.73,29/11/2025,4,6
6465,55,518.18,30/11/2025,15,6
6525,55,830.91,30/12/2023,9,6
9966,55,716.36,31/12/2022,5,9
5504,55,794.55,31/01/2025,26,5
2858,55,525.45,30/04/2024,14,2
2200,55,547.27,30/11/2024,8,2
7656,55,781.82,31/07/2023,20,7
6318,55,1092.73,31/01/2024,51,6
3453,55,823.64,30/07/2021,17,3
5556,55,723.64,30/09/2020,71,5
1494,55,665.45,29/12/2023,28,1
9265,55,618.18,31/12/2024,19,9
2053,55,787.27,30/11/2022,5,2
5314,55,870.91,30/12/2020,7,5
6277,55,718.18,31/05/2025,51,6
9045,55,638.18,31/10/2025,37,9
6729,55,640.00,30/09/2025,46,6
6489,55,732.73,31/12/2024,16,6
7369,55,1025.45,31/03/2023,68,7
4249,55,500.00,31/12/2023,28,4
9957,55,612.73,31/08/2023,6,9
8111,55,505.45,30/10/2025,34,8
9523,55,505.45,29/12/2021,36,9
6063,55,974.55,31/08/2025,70,6
2193,55,585.45,30/05/2024,6,2
5951,55,661.82,31/12/2024,24,5
8971,55,785.45,30/10/2021,28,8
8960,55,983.64,31/01/2024,37,8
5960,55,498.18,30/10/2024,8,5
7763,55,621.82,31/10/2023,8,7
9032,55,800.00,30/11/2020,1,9
9537,55,627.27,30/01/2024,0,9
0866,55,501.82,31/12/2022,5,0
9225,55,618.18,31/10/2024,50,9
9303,55,674.55,31/10/2022,75,9
3411,55,407.27,30/10/2024,6,3
7424,55,560.00,30/06/2023,20,7
5310,55,732.73,31/05/2024,1,5
4600,55,745.45,31/10/2024,3,4
0049,55,640.00,31/03/2024,7,0
7108,55,634.55,30/12/2023,43,7
5050,55,654.55,31/07/2025,7,5
7598,55,643.64,29/12/2020,16,7
9666,55,589.09,31/05/2023,11,9
5321,55,932.73,30/07/2025,18,5
7049,55,794.55,31/12/2023,90,7
9545,55,558.18,31/10/2025,11,9
9470,55,467.27,31/10/2023,30,9
9098,55,1183.64,31/08/2025,20,9
1291,55,565.45,31/08/2024,8,1
6262,55,527.27,30/12/2021,29,6
8427,55,609.09,31/03/2024,8,8
3930,55,585.45,30/11/2025,26,3
9924,55,989.09,31/07/2025,4,9
9442,55,690.91,31/08/2023,74,9
8505,55,1005.45,31/03/2023,28,8
8699,55,416.36,30/11/2025,3,8
5616,55,947.27,30/07/2021,84,5
6324,55,654.55,30/10/2023,2,6
7007,55,636.36,30/12/2021,3,7
1516,55,607.27,28/07/2025,108,1
0989,55,703.64,31/03/2022,10,0
5353,55,649.09,31/10/2023,16,5
4336,55,758.18,31/07/2022,10,4
6239,55,600.00,31/01/2022,16,6
1849,55,501.82,31/12/2023,21,1
9679,55,743.64,30/09/2022,12,9
6030,54,927.78,30/11/2023,38,6
0132,54,561.11,31/03/2021,17,0
2793,54,805.56,31/08/2022,17,2
7743,54,427.78,30/10/2023,17,7
4241,54,644.44,31/07/2022,10,4
5873,54,614.81,31/05/2023,3,5
4057,54,674.07,31/01/2023,13,4
8121,54,925.93,31/10/2022,5,8
2856,54,551.85,31/05/2024,57,2
2905,54,496.30,31/12/2024,6,2
1567,54,700.00,31/03/2023,0,1
7565,54,924.07,30/01/2024,48,7
9769,54,596.30,29/11/2024,33,9
5224,54,701.85,31/12/2022,37,5
7815,54,620.37,30/11/2024,27,7
7233,54,757.41,30/09/2025,3,7
4525,54,568.52,31/10/2025,14,4
6177,54,551.85,31/05/2025,103,6
8752,54,487.04,31/05/2022,0,8
7267,54,496.30,31/10/2024,27,7
8011,54,1070.37,31/05/2022,2,8
5439,54,816.67,31/10/2022,0,5
4482,54,870.37,30/05/2023,40,4
7037,54,477.78,31/12/2024,34,7
9212,54,812.96,28/09/2021,136,9
0313,54,601.85,30/11/2024,15,0
9020,54,727.78,31/08/2023,6,9
7215,54,648.15,31/08/2022,67,7
5659,54,866.67,31/12/2024,30,5
9943,54,796.30,31/07/2025,8,9
8067,54,850.00,31/07/2025,29,8
4192,54,759.26,31/10/2024,7,4
5895,54,809.26,31/05/2022,31,5
9090,54,811.11,28/11/2025,28,9
9136,54,781.48,28/12/2024,77,9
9449,54,429.63,30/10/2022,14,9
1047,54,429.63,31/03/2022,9,1
5158,54,453.70,30/03/2021,22,5
7909,54,1200.00,31/03/2022,0,7
5696,54,757.41,29/06/2025,1,5
2919,54,777.78,31/08/2022,2,2
6890,54,868.52,31/08/2024,7,6
6515,54,868.52,30/05/2025,20,6
2318,54,672.22,31/07/2025,107,2
3570,54,387.04,31/03/2024,6,3
7730,54,716.67,31/08/2025,2,7
6613,54,511.11,30/12/2021,8,6
0387,54,464.81,30/12/2024,5,0
6818,54,396.30,31/05/2024,6,6
9871,54,746.30,30/12/2022,8,9
6392,54,511.11,30/11/2022,9,6
7853,54,500.00,31/05/2022,52,7
3112,54,740.74,30/12/2022,3,3
6751,54,650.00,30/11/2024,1,6
2345,54,451.85,31/08/2024,24,2
3511,54,866.67,31/08/2024,25,3
3397,54,644.44,31/03/2022,24,3
0558,54,787.04,31/07/2025,71,0
8852,54,472.22,29/11/2025,7,8
1946,54,664.81,31/12/2024,8,1
7923,54,870.37,31/05/2025,30,7
4116,54,833.33,31/01/2024,8,4
6564,54,803.70,30/12/2024,2,6
3025,54,557.41,28/04/2024,7,3
0236,54,557.41,31/03/2024,14,0
3249,54,498.15,30/10/2023,43,3
8954,54,688.89,30/05/2025,15,8
5013,54,620.37,31/10/2024,30,5
6011,54,868.52,31/10/2024,26,6
6811,54,466.67,29/11/2025,5,6
5596,54,692.59,30/09/2022,11,5
4746,54,507.41,30/12/2020,10,4
4963,54,550.00,31/07/2022,5,4
1629,54,412.96,31/12/2021,32,1
8938,54,661.11,31/03/2021,0,8
8239,54,566.67,31/01/2022,8,8
4820,54,883.33,30/12/2020,62,4
8766,54,412.96,31/10/2022,4,8
2886,54,509.26,30/09/2025,12,2
7838,54,672.22,31/08/2023,9,7
7510,54,642.59,31/08/2025,75,7
8948,54,950.00,30/03/2021,47,8
4810,54,683.33,30/11/2025,0,4
5368,54,648.15,30/11/2022,45,5
8259,54,901.85,31/05/2023,18,8
7546,54,657.41,30/12/2024,35,7
7125,54,748.15,31/07/2022,1,7
4659,54,685.19,29/11/2024,0,4
4191,54,740.74,31/07/2025,29,4
3531,54,364.81,29/12/2021,22,3
2885,54,690.74,30/01/2025,11,2
5870,54,525.93,31/01/2022,41,5
3905,54,800.00,30/10/2023,15,3
9840,54,598.15,30/06/2022,30,9
1845,54,583.33,29/12/2024,40,1
9983,54,907.41,30/11/2023,6,9
0847,54,801.85,31/01/2025,7,0
7538,54,579.63,31/10/2022,26,7
0920,54,811.11,31/12/2021,20,0
6461,54,501.85,31/08/2024,25,6
6568,54,542.59,30/07/2025,43,6
9511,54,975.93,31/03/2021,93,9
5324,54,477.78,30/11/2020,5,5
6021,54,688.89,30/09/2023,16,6
3990,54,742.59,31/10/2025,8,3
7670,54,981.48,31/03/2021,21,7
1821,54,462.96,30/12/2022,2,1
9527,54,766.67,30/10/2024,2,9
2291,54,411.11,30/10/2025,25,2
6945,54,844.44,30/07/2025,10,6
1519,54,694.44,30/11/2024,29,1
6668,54,1155.56,30/03/2024,30,6
9713,54,964.81,31/12/2023,11,9
8090,54,574.07,30/09/2022,3,8
5885,54,650.00,31/08/2023,32,5
0915,54,683.33,31/08/2024,8,0
6154,54,531.48,31/10/2025,8,6
5296,54,864.81,30/07/2022,2,5
6254,54,640.74,31/08/2023,10,6
6462,54,657.41,31/08/2023,33,6
0575,54,683.33,29/07/2022,33,0
6310,54,575.93,31/07/2022,16,6
0677,54,1103.70,31/08/2024,7,0
1147,54,662.96,31/03/2023,0,1
5511,54,500.00,30/11/2021,20,5
3753,54,590.74,29/06/2022,7,3
0770,54,775.93,30/12/2021,6,0
6510,54,590.74,31/01/2024,5,6
2989,54,685.19,31/08/2024,128,2
7183,54,733.33,28/03/2023,5,7
6124,54,785.19,31/01/2024,8,6
9989,54,662.96,31/12/2023,61,9
7363,54,648.15,31/07/2025,2,7
1297,54,892.59,30/10/2021,34,1
4940,54,483.33,31/03/2021,45,4
7312,54,512.96,31/12/2021,2,7
8145,54,448.15,30/12/2021,24,8
2164,54,744.44,30/11/2024,8,2
9363,54,727.78,30/04/2022,9,9
5229,54,874.07,31/12/2021,3,5
3172,54,1083.33,31/08/2023,22,3
1365,54,444.44,30/11/2022,7,1
5111,54,718.52,30/09/2025,11,5
9228,54,490.74,31/10/2025,43,9
6230,54,479.63,30/09/2024,1,6
3621,54,531.48,29/11/2022,74,3
3913,54,624.07,30/08/2024,11,3
9066,54,787.04,31/10/2023,61,9
5617,54,416.67,29/06/2024,10,5
5990,54,668.52,31/12/2021,7,5
9792,54,535.19,30/12/2022,13,9
7417,54,837.04,31/12/2021,10,7
4827,54,805.56,30/03/2023,2,4
2005,54,677.78,30/09/2022,46,2
9877,54,525.93,31/10/2023,3,9
8168,54,757.41,31/07/2022,35,8
5954,54,442.59,30/09/2023,27,5
1067,54,477.78,31/03/2021,18,1
5053,54,677.78,30/09/2025,21,5
0286,54,929.63,29/05/2023,28,0
3283,54,824.07,31/07/2023,3,3
3515,54,562.96,31/12/2021,36,3
1900,54,420.37,31/03/2021,3,1
3493,54,944.44,30/11/2022,13,3
1159,54,485.19,30/08/2021,20,1
7558,54,785.19,29/12/2020,10,7
2220,54,601.85,31/07/2023,39,2
7493,54,587.04,30/12/2023,20,7
1069,54,583.33,31/08/2023,21,1
9564,54,920.37,31/10/2023,67,9
6293,54,451.85,29/12/2021,4,6
9368,54,425.93,30/11/2025,26,9
2420,54,577.78,30/03/2023,34,2
6459,54,801.85,30/11/2025,26,6
7914,54,768.52,31/05/2024,25,7
9365,54,522.22,30/03/2021,17,9
7834,54,638.89,31/10/2022,7,7
0129,54,601.85,29/04/2025,11,0
7680,54,583.33,31/05/2023,16,7
6344,54,572.22,30/12/2022,28,6
8561,54,742.59,31/01/2022,21,8
1524,54,975.93,30/10/2025,23,1
5377,54,514.81,31/07/2023,14,5
7060,54,490.74,31/08/2022,0,7
2589,54,922.22,31/01/2022,25,2
0174,54,644.44,30/07/2023,2,0
9581,54,768.52,30/07/2023,11,9
7272,54,1131.48,31/08/2022,1,7
3592,54,651.85,30/07/2023,19,3
2873,54,557.41,31/12/2024,38,2
8334,54,600.00,31/12/2024,45,8
5510,54,690.74,31/08/2023,5,5
7567,54,650.00,29/10/2025,6,7
3054,54,722.22,31/08/2022,0,3
8182,54,1022.22,31/03/2022,37,8
7997,54,879.63,31/03/2023,43,7
8534,54,394.44,29/12/2024,22,8
6327,54,625.93,31/10/2024,191,6
4599,54,535.19,26/06/2024,3,4
1364,54,598.15,31/07/2022,43,1
2610,54,627.78,29/06/2024,5,2
9753,54,690.74,30/12/2023,0,9
1129,54,885.19,31/12/2023,78,1
8621,54,511.11,31/12/2021,12,8
8409,54,764.81,30/09/2020,17,8
4797,54,646.30,31/07/2025,33,4
2395,54,750.00,31/08/2025,9,2
6837,54,572.22,31/05/2025,4,6
8779,54,768.52,31/08/2024,42,8
0595,54,388.89,31/12/2023,3,0
0326,54,900.00,29/01/2024,62,0
7174,54,694.44,31/12/2024,46,7
4323,54,837.04,31/10/2024,6,4
6304,54,692.59,30/09/2024,7,6
2443,54,357.41,30/12/2022,16,2
5004,54,590.74,31/03/2021,18,5
3394,54,777.78,31/08/2023,99,3
5216,54,479.63,31/03/2024,3,5
8915,54,544.44,30/09/2023,15,8
7794,54,544.44,31/05/2025,18,7
4519,54,738.89,31/12/2022,5,4
3721,54,612.96,31/05/2022,60,3
8805,54,1094.44,30/11/2025,26,8
2195,54,492.59,31/03/2023,28,2
3449,54,466.67,29/06/2025,9,3
7025,54,561.11,30/12/2024,41,7
3278,54,527.78,31/03/2024,36,3
6297,54,746.30,30/07/2025,8,6
0122,54,766.67,29/11/2023,33,0
2359,54,572.22,31/07/2022,7,2
0695,54,935.19,30/03/2025,32,0
7811,54,461.11,31/12/2021,47,7
6284,54,540.74,31/01/2025,38,6
3363,54,737.04,31/10/2025,3,3
7693,54,579.63,31/07/2023,19,7
3321,54,561.11,31/05/2024,8,3
5045,54,640.74,31/10/2025,53,5
7129,54,614.81,30/11/2020,15,7
2106,54,833.33,30/11/2024,33,2
6537,54,859.26,30/10/2025,13,6
4391,54,857.41,31/07/2022,2,4
4972,54,427.78,31/08/2024,31,4
0107,54,718.52,31/10/2023,42,0
4278,54,1450.00,30/11/2020,118,4
7893,54,831.48,30/12/2024,24,7
2859,54,840.74,31/10/2024,0,2
5316,54,472.22,31/07/2025,5,5
6812,54,696.30,30/11/2021,3,6
4798,54,901.85,31/12/2022,41,4
1814,54,635.19,30/12/2024,1,1
7090,54,759.26,31/05/2022,22,7
9039,54,487.04,31/10/2025,5,9
7776,54,605.56,31/12/2024,4,7
6246,54,546.30,31/01/2023,30,6
2186,54,598.15,31/12/2024,28,2
2241,54,814.81,31/12/2022,12,2
4325,54,833.33,31/10/2025,14,4
6434,54,477.78,31/12/2022,30,6
2212,54,792.59,31/08/2022,7,2
6053,54,646.30,29/11/2022,18,6
3529,54,716.67,31/01/2023,126,3
4324,54,838.89,31/08/2023,20,4
2944,54,583.33,31/10/2022,129,2
3914,54,564.81,30/12/2020,6,3
0521,54,601.85,29/10/2025,29,0
8201,54,433.33,31/10/2023,30,8
1025,54,781.48,31/07/2025,23,1
3938,54,900.00,31/07/2025,8,3
8698,54,805.56,30/08/2025,9,8
6869,54,666.67,30/12/2021,47,6
9928,54,850.00,31/08/2024,90,9
7334,54,911.11,29/10/2022,37,7
2823,54,585.19,31/01/2022,41,2
6295,54,896.30,31/10/2022,2,6
3229,54,562.96,31/01/2023,10,3
7969,54,837.04,31/12/2021,4,7
7599,54,472.22,30/10/2023,36,7
7979,54,716.67,31/08/2025,3,7
1157,54,383.33,31/08/2025,10,1
9436,54,535.19,31/12/2024,7,9
2679,53,681.13,31/08/2022,21,2
2612,53,969.81,31/07/2022,9,2
6763,53,652.83,30/04/2021,9,6
0268,53,847.17,30/04/2021,35,0
9676,53,486.79,30/05/2023,0,9
4617,53,716.98,31/05/2022,22,4
9550,53,569.81,31/12/2024,18,9
6987,53,716.98,31/05/2025,1,6
1504,53,420.75,29/04/2021,20,1
0944,53,675.47,31/07/2025,19,0
7021,53,443.40,31/03/2025,9,7
6632,53,949.06,31/07/2022,11,6
3831,53,894.34,31/03/2021,1,3
2238,53,722.64,31/01/2025,5,2
0275,53,583.02,31/08/2022,21,0
7819,53,735.85,30/03/2023,5,7
3003,53,454.72,31/10/2023,21,3
7331,53,686.79,31/01/2025,5,7
4319,53,649.06,31/10/2023,21,4
6923,53,635.85,31/08/2025,15,6
9095,53,779.25,31/05/2025,29,9
3937,53,979.25,31/05/2024,20,3
9001,53,369.81,30/04/2025,27,9
7462,53,894.34,31/08/2022,62,7
7957,53,407.55,31/12/2022,14,7
7051,53,594.34,31/12/2022,38,7
3382,53,847.17,31/08/2023,48,3
8576,53,807.55,30/05/2025,12,8
7522,53,532.08,30/09/2024,66,7
2755,53,758.49,30/07/2022,6,2
8414,53,737.74,30/10/2020,7,8
5395,53,649.06,31/08/2022,22,5
3227,53,818.87,31/10/2024,21,3
7800,53,588.68,30/10/2021,11,7
1173,53,481.13,31/08/2023,18,1
8444,53,864.15,30/11/2024,9,8
9664,53,481.13,30/08/2022,45,9
2628,53,450.94,30/04/2022,5,2
6997,53,486.79,30/05/2025,14,6
2810,53,958.49,31/07/2025,89,2
5598,53,835.85,30/05/2023,5,5
7460,53,643.40,30/10/2025,48,7
8256,53,426.42,31/10/2025,0,8
8286,53,501.89,30/06/2024,3,8
2366,53,598.11,31/03/2025,20,2
4424,53,822.64,31/10/2023,5,4
8044,53,977.36,31/12/2022,22,8
5601,53,641.51,31/07/2023,17,5
2835,53,437.74,31/08/2022,79,2
4542,53,581.13,31/12/2021,15,4
1915,53,988.68,31/05/2025,18,1
0969,53,462.26,30/10/2022,20,0
6024,53,669.81,31/07/2022,9,6
4501,53,632.08,31/01/2023,0,4
4624,53,558.49,29/12/2024,1,4
2376,53,700.00,31/08/2022,103,2
4579,53,554.72,30/11/2021,7,4
8539,53,475.47,31/12/2022,1,8
7249,53,458.49,30/09/2025,19,7
9229,53,545.28,30/01/2021,2,9
7910,53,683.02,31/12/2023,1,7
8136,53,818.87,31/10/2023,28,8
8660,53,764.15,30/10/2025,43,8
9279,53,743.40,31/05/2023,9,9
2972,53,769.81,31/01/2023,3,2
2698,53,1115.09,30/01/2023,2,2
7976,53,556.60,30/11/2024,41,7
8157,53,462.26,30/12/2024,13,8
4573,53,877.36,31/01/2025,37,4
2218,53,462.26,30/11/2025,9,2
5539,53,515.09,31/07/2022,6,5
2029,53,613.21,30/07/2021,60,2
7018,53,367.92,30/07/2025,12,7
4914,53,807.55,30/11/2021,11,4
4172,53,679.25,31/12/2021,8,4
5029,53,701.89,30/09/2021,9,5
9235,53,516.98,29/04/2025,18,9
4926,53,720.75,30/10/2023,10,4
3312,53,698.11,31/01/2022,13,3
9337,53,894.34,30/05/2022,32,9
7435,53,758.49,30/09/2025,49,7
6679,53,684.91,30/11/2020,8,6
9556,53,409.43,31/10/2024,42,9
6596,53,707.55,31/12/2021,17,6
4202,53,707.55,31/07/2025,17,4
8636,53,616.98,31/10/2024,9,8
2163,53,341.51,30/10/2024,6,2
4099,53,450.94,30/09/2020,89,4
7998,53,652.83,31/12/2022,9,7
3936,53,675.47,31/10/2023,13,3
0073,53,584.91,29/09/2022,13,0
1005,53,1303.77,29/12/2023,10,1
4061,53,537.74,31/12/2023,15,4
3078,53,683.02,31/08/2025,30,3
0628,53,543.40,30/12/2023,28,0
1692,53,554.72,31/05/2025,7,1
1321,53,558.49,30/07/2023,11,1
6969,53,790.57,31/08/2023,15,6
3240,53,545.28,30/11/2025,26,3
4179,53,305.66,30/08/2023,16,4
5514,53,462.26,31/10/2022,31,5
2811,53,666.04,31/07/2025,87,2
8453,53,881.13,31/01/2023,9,8
7504,53,824.53,30/08/2023,38,7
3777,53,590.57,31/07/2025,1,3
2084,53,784.91,31/08/2024,86,2
9099,53,873.58,31/10/2024,45,9
0727,53,577.36,31/12/2021,22,0
3603,53,590.57,30/11/2025,9,3
3693,53,596.23,31/05/2024,14,3
1399,53,615.09,31/05/2024,15,1
2165,53,926.42,31/03/2024,4,2
3265,53,662.26,31/10/2025,12,3
7150,53,437.74,31/07/2023,24,7
6995,53,441.51,31/12/2023,75,6
4902,53,501.89,31/01/2025,14,4
7463,53,564.15,31/05/2022,8,7
0454,53,749.06,31/07/2022,25,0
4026,53,613.21,31/10/2023,28,4
0714,53,541.51,30/08/2021,12,0
4086,53,709.43,30/11/2023,27,4
0205,53,671.70,30/09/2022,45,0
9624,53,773.58,31/08/2023,42,9
0459,53,603.77,31/10/2025,17,0
5920,53,626.42,30/04/2024,1,5
8274,53,615.09,31/03/2021,5,8
5063,53,484.91,31/01/2024,5,5
2329,53,633.96,31/10/2024,25,2
2583,53,507.55,30/11/2025,26,2
8498,53,473.58,31/08/2022,3,8
6421,53,818.87,28/07/2022,0,6
7074,53,666.04,31/03/2024,51,7
1065,53,954.72,31/05/2025,3,1
2474,53,556.60,29/04/2021,8,2
4970,53,633.96,30/11/2024,10,4
3257,53,398.11,31/10/2024,8,3
7709,53,492.45,31/08/2022,0,7
7002,53,605.66,31/12/2021,42,7
8098,53,598.11,31/10/2025,11,8
0948,53,815.09,31/08/2022,74,0
8027,53,820.75,31/05/2022,7,8
3035,53,845.28,31/05/2022,7,3
3033,53,603.77,30/10/2024,24,3
4117,53,620.75,29/11/2023,1,4
5016,53,852.83,31/12/2022,13,5
7500,53,886.79,30/08/2023,17,7
4530,53,794.34,31/05/2024,14,4
8205,53,722.64,31/08/2022,14,8
0839,53,807.55,31/10/2024,23,0
3518,53,888.68,31/10/2023,77,3
2609,53,375.47,31/10/2025,22,2
7054,53,611.32,31/03/2023,24,7
8056,53,820.75,30/09/2022,130,8
2311,53,620.75,31/05/2025,85,2
4852,53,726.42,31/10/2024,28,4
7812,53,1001.89,30/05/2025,42,7
4620,53,492.45,31/03/2024,61,4
2115,53,549.06,31/10/2025,55,2
3144,53,392.45,31/03/2025,2,3
0536,53,596.23,31/03/2022,8,0
6129,53,464.15,30/07/2024,23,6
7512,53,711.32,31/08/2025,33,7
4383,53,543.40,30/10/2023,62,4
5867,53,771.70,31/08/2025,17,5
1316,53,826.42,30/10/2020,73,1
3129,53,858.49,30/12/2021,25,3
7636,53,656.60,31/05/2023,6,7
7824,53,537.74,30/08/2023,13,7
9553,53,816.98,30/10/2022,76,9
6057,53,884.91,31/05/2022,39,6
8951,53,545.28,31/07/2022,24,8
6597,53,639.62,30/08/2022,35,6
0222,53,416.98,31/07/2023,2,0
9490,53,892.45,31/12/2023,28,9
9579,53,645.28,31/08/2022,68,9
4696,53,690.57,29/11/2024,9,4
3358,53,449.06,30/03/2023,2,3
4585,53,709.43,30/11/2025,15,4
9326,53,554.72,31/12/2024,22,9
9692,53,726.42,31/10/2022,22,9
8831,53,584.91,31/12/2021,32,8
6042,53,732.08,31/10/2025,19,6
7427,53,460.38,30/12/2023,16,7
6460,53,609.43,31/10/2022,16,6
7450,53,605.66,31/12/2024,80,7
1576,53,839.62,30/09/2022,25,1
0291,53,450.94,31/08/2023,4,0
2496,53,509.43,30/03/2021,6,2
3820,53,733.96,30/10/2024,0,3
0819,53,662.26,31/07/2025,36,0
8856,53,922.64,31/12/2022,31,8
2657,53,724.53,31/08/2025,109,2
4109,53,615.09,31/12/2024,38,4
8957,53,773.58,30/03/2021,34,8
8456,53,741.51,29/10/2024,40,8
6927,53,515.09,30/05/2025,6,6
4297,53,1079.25,30/12/2023,32,4
1693,53,764.15,30/07/2025,16,1
7026,53,452.83,30/10/2023,181,7
1094,53,871.70,31/07/2022,1,1
7837,53,501.89,31/05/2024,92,7
6926,53,841.51,31/10/2024,20,6
7351,53,428.30,30/11/2023,11,7
8264,53,586.79,29/04/2021,24,8
7518,53,713.21,31/05/2023,9,7
1589,53,711.32,31/10/2025,23,1
0973,53,630.19,31/03/2021,0,0
3296,53,671.70,30/08/2023,29,3
9906,53,613.21,31/10/2022,61,9
4826,53,692.45,30/11/2022,8,4
6072,53,926.42,30/11/2024,12,6
4033,53,650.94,30/09/2023,18,4
1888,53,605.66,31/08/2025,16,1
2958,53,366.04,31/03/2025,10,2
5825,53,498.11,29/10/2021,2,5
2389,53,737.74,30/08/2025,10,2
0085,53,679.25,30/12/2023,6,0
6355,53,809.43,31/01/2023,6,6
7206,53,543.40,31/12/2023,9,7
2388,53,588.68,29/10/2023,34,2
2160,53,784.91,30/10/2023,1,2
2493,53,679.25,31/05/2025,15,2
5872,53,592.45,31/08/2024,26,5
5020,53,988.68,31/08/2024,31,5
0342,53,405.66,30/10/2024,7,0
8018,53,537.74,30/08/2022,84,8
5688,53,443.40,30/11/2024,19,5
0697,53,796.23,31/07/2025,21,0
3021,53,396.23,30/11/2025,5,3
7430,53,741.51,31/10/2025,7,7
4469,53,494.34,29/04/2024,41,4
4339,53,692.45,30/12/2021,4,4
3815,53,794.34,30/09/2023,2,3
1195,53,552.83,30/12/2023,2,1
2095,53,558.49,30/06/2023,7,2
8349,53,537.74,31/08/2025,17,8
5415,53,707.55,30/09/2025,5,5
1023,53,1141.51,30/06/2024,33,1
2566,53,526.42,31/01/2023,10,2
9019,53,545.28,31/12/2021,7,9
7391,53,792.45,31/07/2022,39,7
7582,53,586.79,30/04/2022,51,7
6079,53,820.75,30/08/2025,14,6
9887,53,911.32,31/05/2024,0,9
6223,53,666.04,31/10/2022,32,6
3204,53,815.09,30/08/2025,4,3
5526,53,775.47,31/01/2024,32,5
8967,53,601.89,31/10/2025,14,8
7036,53,816.98,31/12/2023,46,7
3521,53,439.62,31/03/2022,3,3
4240,53,541.51,31/05/2024,12,4
6269,53,635.85,31/12/2022,24,6
5699,53,645.28,31/07/2022,8,5
0861,53,777.36,29/12/2023,31,0
4541,53,998.11,31/12/2023,8,4
5104,53,433.96,30/12/2024,20,5
2271,53,649.06,31/10/2024,16,2
5808,53,430.19,30/09/2024,7,5
0820,53,513.21,31/12/2024,5,0
6020,53,932.08,29/09/2025,34,6
9606,53,494.34,31/07/2022,15,9
0359,53,692.45,31/12/2024,11,0
8548,53,494.34,31/12/2022,8,8
2098,53,750.94,31/01/2024,24,2
6571,53,556.60,31/05/2023,6,6
8020,53,990.57,31/07/2022,7,8
3542,53,869.81,31/07/2022,24,3
9898,53,728.30,30/08/2024,3,9
7793,53,571.70,31/01/2023,8,7
9116,53,713.21,31/03/2025,5,9
9069,53,754.72,31/08/2025,40,9
7486,53,754.72,30/10/2024,73,7
9763,53,615.09,30/12/2021,22,9
9310,53,1028.30,31/05/2022,45,9
7277,53,584.91,30/10/2024,2,7
5270,53,654.72,30/08/2023,12,5
9590,53,767.92,31/08/2022,17,9
2369,53,584.91,31/08/2025,31,2
6240,53,956.60,30/10/2020,63,6
9571,53,783.02,31/12/2024,5,9
2987,53,867.92,30/10/2023,0,2
0294,53,681.13,31/08/2025,37,0
2168,53,679.25,30/05/2024,19,2
2816,53,390.57,30/07/2022,109,2
7069,53,688.68,31/05/2023,9,7
8055,53,586.79,29/12/2024,25,8
6800,53,530.19,30/06/2025,34,6
4330,53,520.75,31/12/2024,18,4
1646,53,833.96,30/05/2025,15,1
0231,53,733.96,31/07/2025,7,0
0649,53,528.30,30/08/2023,10,0
7115,53,575.47,29/12/2022,2,7
3840,53,656.60,31/12/2024,65,3
1829,53,433.96,29/09/2022,7,1
6854,53,692.45,30/12/2024,2,6
7557,53,539.62,31/08/2023,3,7
3952,53,671.70,31/10/2024,53,3
3884,53,618.87,30/07/2023,48,3
4447,53,352.83,29/01/2024,5,4
7349,53,769.81,31/07/2023,14,7
0051,53,594.34,31/10/2022,8,0
7629,53,688.68,30/04/2024,10,7
5534,53,1169.81,31/05/2023,3,5
2250,53,437.74,31/05/2024,4,2
2267,53,779.25,30/10/2022,1,2
8801,53,558.49,30/10/2025,0,8
4398,53,722.64,31/07/2023,14,4
1990,53,828.30,30/08/2022,11,1
6715,53,630.19,31/03/2024,3,6
6428,53,692.45,31/03/2021,17,6
6060,53,532.08,29/11/2021,20,6
9959,53,726.42,31/05/2023,33,9
8124,53,639.62,31/05/2022,6,8
7672,52,626.92,29/12/2021,7,7
1350,52,480.77,30/07/2025,4,1
7062,52,738.46,30/05/2024,28,7
8435,52,555.77,31/05/2024,10,8
0811,52,657.69,31/03/2022,95,0
8153,52,603.85,31/10/2022,13,8
2251,52,559.62,31/12/2022,1,2
8415,52,836.54,31/10/2025,55,8
3786,52,848.08,30/10/2025,5,3
2097,52,748.08,31/10/2024,14,2
5123,52,346.15,30/05/2025,80,5
9274,52,494.23,30/07/2021,53,9
0043,52,542.31,31/10/2023,7,0
2828,52,680.77,30/03/2022,25,2
0668,52,496.15,29/03/2025,6,0
7611,52,411.54,31/07/2025,34,7
1826,52,651.92,30/08/2022,23,1
0363,52,759.62,31/10/2023,6,0
6695,52,555.77,31/01/2025,31,6
6590,52,478.85,29/11/2024,35,6
7227,52,398.08,31/10/2023,8,7
3821,52,661.54,31/08/2022,92,3
6594,52,346.15,31/10/2024,15,6
8296,52,611.54,31/01/2022,2,8
6606,52,736.54,30/03/2022,41,6
4337,52,571.15,31/07/2023,13,4
2845,52,821.15,31/10/2023,27,2
4893,52,701.92,30/10/2022,0,4
2622,52,605.77,28/06/2025,1,2
8467,52,834.62,30/09/2025,45,8
4477,52,575.00,31/05/2025,25,4
3374,52,936.54,30/12/2021,10,3
1224,52,419.23,30/11/2020,18,1
6210,52,734.62,31/12/2021,4,6
7256,52,563.46,30/05/2022,33,7
0270,52,403.85,31/10/2023,0,0
7537,52,786.54,31/07/2023,50,7
1989,52,559.62,30/11/2025,20,1
1600,52,598.08,31/03/2024,7,1
4699,52,467.31,31/10/2022,10,4
4354,52,701.92,31/05/2024,5,4
6932,52,721.15,30/09/2025,43,6
2214,52,1228.85,31/12/2023,8,2
7936,52,632.69,31/08/2023,30,7
1426,52,623.08,30/01/2025,6,1
5192,52,582.69,31/08/2025,1,5
8845,52,1071.15,31/12/2021,30,8
0611,52,786.54,31/03/2025,31,0
6301,52,623.08,31/12/2021,15,6
8513,52,515.38,31/03/2024,47,8
7684,52,617.31,31/07/2025,5,7
7634,52,628.85,31/07/2025,20,7
5625,52,800.00,31/08/2024,1,5
4526,52,282.69,30/11/2025,26,4
4517,52,648.08,31/12/2022,34,4
3614,52,861.54,31/10/2022,19,3
6591,52,350.00,31/12/2024,43,6
2287,52,675.00,31/08/2025,113,2
9054,52,1009.62,31/03/2024,3,9
7682,52,875.00,31/07/2023,6,7
0618,52,738.46,31/03/2025,26,0
3802,52,619.23,27/09/2023,3,3
3092,52,840.38,30/10/2025,38,3
8889,52,411.54,31/08/2025,43,8
7279,52,576.92,31/12/2021,0,7
6029,52,400.00,31/07/2023,19,6
6325,52,538.46,31/12/2021,19,6
9995,52,1040.38,31/05/2022,38,9
7328,52,607.69,30/11/2022,24,7
3819,52,476.92,31/05/2025,30,3
6797,52,994.23,31/08/2024,46,6
6652,52,653.85,30/11/2023,51,6
6654,52,709.62,31/10/2025,11,6
9662,52,598.08,30/03/2021,2,9
5497,52,848.08,30/10/2022,37,5
9162,52,319.23,31/12/2024,12,9
0897,52,1157.69,31/01/2022,23,0
2728,52,650.00,30/10/2022,21,2
3651,52,486.54,31/07/2022,15,3
4500,52,467.31,30/09/2020,39,4
9306,52,605.77,31/05/2024,19,9
5429,52,553.85,30/05/2023,3,5
7502,52,830.77,31/03/2023,5,7
2347,52,576.92,31/03/2021,20,2
2596,52,484.62,30/07/2022,13,2
2865,52,821.15,30/08/2025,7,2
7814,52,765.38,30/09/2021,54,7
7902,52,825.00,30/12/2023,38,7
5502,52,769.23,29/10/2023,14,5
2513,52,467.31,30/07/2021,39,2
7501,52,400.00,31/12/2024,5,7
2750,52,586.54,30/11/2022,6,2
8169,52,694.23,30/07/2023,29,8
7352,52,557.69,31/03/2024,65,7
4601,52,690.38,30/10/2025,0,4
2754,52,875.00,31/10/2024,58,2
8521,52,771.15,31/07/2025,3,8
4041,52,501.92,31/07/2025,5,4
0749,52,407.69,30/12/2023,19,0
7203,52,511.54,30/03/2024,29,7
4295,52,519.23,31/12/2023,4,4
3638,52,834.62,29/11/2022,53,3
0400,52,598.08,31/08/2024,24,0
6853,52,786.54,31/05/2025,38,6
6727,52,1034.62,30/12/2021,0,6
6593,52,625.00,31/08/2024,0,6
7597,52,850.00,31/10/2025,1,7
5365,52,884.62,30/12/2022,14,5
0816,52,551.92,31/12/2021,62,0
0428,52,665.38,31/10/2022,48,0
7540,52,738.46,30/12/2020,8,7
7905,52,676.92,31/10/2025,2,7
6560,52,894.23,31/05/2023,3,6
1614,52,525.00,31/05/2025,7,1
6891,52,801.92,30/12/2022,7,6
5898,52,800.00,30/11/2025,26,5
6313,52,748.08,31/12/2023,2,6
7395,52,769.23,31/05/2022,58,7
9583,52,550.00,31/12/2024,81,9
2110,52,465.38,30/04/2025,104,2
2019,52,390.38,31/10/2022,11,2
5755,52,551.92,30/08/2021,3,5
2089,52,382.69,31/12/2024,0,2
4213,52,957.69,31/05/2025,5,4
9417,52,646.15,30/06/2023,54,9
1347,52,465.38,31/07/2025,4,1
9855,52,413.46,31/12/2022,72,9
1596,52,836.54,31/07/2023,2,1
2758,52,798.08,31/03/2021,10,2
8108,52,526.92,30/12/2023,5,8
5980,52,878.85,31/12/2022,5,5
5626,52,726.92,31/10/2022,44,5
4831,52,669.23,30/10/2020,121,4
0197,52,1055.77,31/01/2024,27,0
5337,52,915.38,31/10/2024,3,5
0329,52,505.77,31/12/2024,6,0
2666,52,659.62,31/03/2023,52,2
7316,52,307.69,30/08/2021,3,7
7079,52,851.92,31/12/2023,1,7
4604,52,692.31,31/12/2023,5,4
7198,52,655.77,31/12/2023,5,7
7040,52,836.54,31/10/2023,73,7
0115,52,623.08,30/09/2023,32,0
5014,52,675.00,31/08/2024,7,5
7470,52,661.54,31/10/2023,4,7
3560,52,459.62,31/12/2024,35,3
9922,52,953.85,30/04/2024,22,9
2003,52,942.31,31/05/2024,29,2
8549,52,632.69,31/08/2022,11,8
0097,52,865.38,31/10/2022,13,0
8319,52,578.85,31/08/2023,33,8
8131,52,1048.08,31/10/2025,41,8
9883,52,375.00,30/10/2020,7,9
6496,52,1000.00,31/07/2025,48,6
9298,52,490.38,31/10/2024,18,9
3729,52,725.00,31/10/2023,1,3
2454,52,1128.85,31/07/2022,8,2
3894,52,480.77,31/08/2024,3,3
7960,52,803.85,30/10/2022,67,7
8804,52,678.85,31/08/2025,49,8
9869,52,663.46,31/12/2022,10,9
2033,52,515.38,31/10/2023,37,2
4680,52,634.62,30/09/2024,2,4
4381,52,732.69,31/01/2024,28,4
6016,52,859.62,31/05/2023,8,6
1327,52,636.54,31/03/2024,20,1
4863,52,446.15,30/12/2020,16,4
1952,52,882.69,30/08/2021,18,1
8123,52,903.85,31/10/2025,34,8
9781,52,407.69,31/12/2022,29,9
5413,52,667.31,31/12/2024,33,5
7099,52,863.46,29/09/2022,42,7
4056,52,661.54,31/10/2024,43,4
3153,52,680.77,31/05/2024,16,3
9332,52,455.77,30/12/2023,34,9
4752,52,667.31,31/12/2022,16,4
0334,52,661.54,31/05/2025,73,0
3290,52,715.38,31/12/2024,7,3
7372,52,813.46,31/10/2025,55,7
2956,52,538.46,31/03/2022,56,2
2864,52,713.46,29/11/2025,27,2
7633,52,909.62,31/07/2023,53,7
0534,52,738.46,30/05/2025,1,0
9427,52,592.31,31/12/2024,22,9
7915,52,786.54,30/07/2021,19,7
3829,52,417.31,31/12/2024,40,3
6844,52,786.54,31/08/2024,25,6
0223,52,713.46,31/10/2025,35,0
3933,52,375.00,30/04/2025,4,3
6094,52,878.85,31/08/2025,12,6
3588,52,698.08,29/06/2025,12,3
6649,52,753.85,31/03/2025,6,6
5826,52,917.31,31/10/2025,20,5
9168,52,788.46,31/07/2025,4,9
8447,52,736.54,31/08/2023,24,8
0036,52,392.31,31/07/2023,20,0
6971,52,567.31,31/10/2024,90,6
3599,52,776.92,31/08/2025,31,3
3089,52,632.69,30/07/2023,12,3
7697,52,609.62,29/11/2021,11,7
8408,52,694.23,30/08/2021,21,8
3301,52,565.38,30/05/2025,0,3
4544,52,636.54,30/10/2024,4,4
2826,52,490.38,31/12/2021,34,2
4597,52,555.77,31/10/2022,15,4
6224,52,665.38,31/07/2023,17,6
5552,52,817.31,30/12/2020,5,5
4706,52,500.00,30/10/2025,36,4
1330,52,634.62,30/12/2024,54,1
6470,52,650.00,29/04/2025,73,6
0994,52,698.08,31/12/2022,52,0
3549,52,769.23,31/07/2022,40,3
6422,52,582.69,31/12/2023,8,6
8835,52,528.85,31/08/2022,26,8
1807,52,686.54,31/03/2023,21,1
4113,52,601.92,31/12/2023,26,4
3291,52,936.54,29/11/2021,13,3
7029,52,675.00,30/08/2025,10,7
1267,52,651.92,31/12/2023,39,1
6031,52,509.62,31/05/2022,16,6
5590,52,440.38,31/01/2022,68,5
7717,52,500.00,31/10/2025,10,7
8928,52,544.23,30/11/2023,62,8
7529,52,769.23,31/10/2025,1,7
2244,52,853.85,30/12/2023,20,2
1228,52,813.46,31/10/2024,2,1
5032,52,792.31,31/05/2025,1,5
6170,52,569.23,30/01/2024,14,6
5509,52,536.54,30/11/2023,9,5
1002,52,486.54,31/10/2024,41,1
0282,52,571.15,31/08/2023,35,0
8449,52,726.92,30/08/2025,0,8
8809,52,488.46,31/03/2024,0,8
6765,52,788.46,31/12/2021,1,6
7371,52,926.92,31/10/2024,27,7
3016,52,946.15,29/12/2020,41,3
0990,52,517.31,30/03/2024,19,0
2394,52,623.08,31/03/2023,22,2
2339,52,828.85,29/12/2024,0,2
6849,52,457.69,31/08/2024,4,6
6699,52,967.31,29/11/2024,20,6
1345,52,1105.77,31/08/2025,3,1
8578,52,553.85,30/10/2025,22,8
6723,52,717.31,31/12/2023,6,6
9153,52,425.00,30/04/2022,69,9
4956,52,836.54,31/03/2024,18,4
6362,52,800.00,31/08/2023,30,6
2951,52,742.31,31/01/2022,81,2
8029,52,571.15,30/10/2021,91,8
7028,52,748.08,30/09/2025,22,7
7337,52,792.31,31/12/2023,18,7
1962,52,536.54,28/08/2025,39,1
6316,52,557.69,30/11/2025,26,6
1927,52,796.15,31/01/2023,158,1
3036,52,884.62,27/05/2023,2,3
9969,52,636.54,30/06/2024,5,9
5010,52,894.23,30/09/2025,4,5
5523,52,546.15,31/10/2023,6,5
3266,52,757.69,31/03/2025,42,3
7615,52,1073.08,29/03/2023,64,7
4390,52,1026.92,30/12/2021,4,4
2424,52,551.92,31/12/2024,16,2
4692,52,626.92,31/07/2025,4,4
9426,52,459.62,31/07/2022,64,9
1510,52,859.62,31/05/2025,4,1
5198,52,1069.23,31/03/2025,2,5
7581,52,640.38,31/01/2022,18,7
6349,52,609.62,30/08/2023,3,6
1016,52,634.62,31/05/2022,7,1
9825,52,857.69,30/05/2023,23,9
5875,52,632.69,31/01/2024,7,5
7404,52,932.69,30/10/2022,10,7
7373,52,598.08,30/10/2020,15,7
2659,52,525.00,31/03/2023,28,2
8716,52,617.31,31/08/2025,13,8
7459,52,867.31,31/08/2022,9,7
3666,52,563.46,31/03/2023,37,3
5599,52,507.69,31/08/2023,16,5
9566,52,459.62,31/01/2022,1,9
3119,52,607.69,31/10/2023,36,3
7714,52,773.08,28/11/2022,51,7
3136,52,659.62,30/09/2020,6,3
5443,52,875.00,30/04/2023,3,5
9549,52,651.92,30/12/2021,7,9
5417,52,696.15,30/12/2023,22,5
5611,52,536.54,31/12/2024,22,5
7109,52,809.62,31/12/2021,29,7
3379,52,507.69,31/08/2024,10,3
5210,52,726.92,31/10/2023,1,5
5499,52,659.62,31/03/2024,11,5
1815,52,475.00,31/01/2023,2,1
3050,52,755.77,30/04/2021,45,3
8595,52,415.38,30/08/2025,6,8
0931,52,659.62,31/12/2023,1,0
7485,52,640.38,31/12/2023,78,7
3649,52,594.23,31/08/2023,20,3
9870,52,684.62,31/08/2024,73,9
9639,52,484.62,30/12/2021,60,9
5661,52,694.23,31/08/2023,27,5
1058,52,275.00,31/10/2025,4,1
1374,52,538.46,30/09/2020,29,1
7043,52,782.69,31/08/2022,35,7
5200,52,557.69,30/12/2021,2,5
2600,52,1084.62,31/10/2025,55,2
0513,52,651.92,31/01/2023,19,0
0027,52,717.31,31/05/2025,66,0
7868,52,592.31,31/07/2022,14,7
7950,52,926.92,30/04/2023,1,7
1356,52,834.62,31/10/2025,5,1
0277,52,653.85,31/12/2024,35,0
5099,52,740.38,30/11/2021,1,5
6294,52,284.62,31/03/2022,2,6
9248,52,1038.46,30/11/2022,31,9
8947,52,600.00,31/10/2022,18,8
9215,52,617.31,30/05/2022,17,9
7747,52,805.77,31/10/2024,32,7
6710,52,555.77,31/12/2022,18,6
4892,52,388.46,30/12/2022,7,4
8943,52,682.69,30/07/2024,15,8
5651,52,450.00,31/12/2024,1,5
0298,52,611.54,31/08/2025,8,0
1264,52,801.92,30/05/2025,0,1
1726,52,632.69,30/08/2024,24,1
7937,52,750.00,30/10/2020,4,7
8215,52,463.46,31/08/2024,0,8
8470,52,576.92,30/12/2023,10,8
9612,52,1092.31,31/01/2024,4,9
0478,52,578.85,31/10/2024,37,0
0812,52,465.38,30/12/2020,13,0
7479,52,851.92,31/10/2022,14,7
7364,52,667.31,30/12/2020,12,7
6647,52,855.77,31/01/2024,21,6
2064,52,650.00,31/08/2023,10,2
4352,52,709.62,29/10/2023,11,4
3392,52,503.85,30/06/2023,35,3
3391,52,642.31,30/06/2023,13,3
5264,52,763.46,31/08/2023,22,5
9067,52,886.54,31/05/2025,44,9
6813,52,948.08,31/01/2023,52,6
6322,52,703.85,31/08/2025,66,6
6003,52,715.38,30/11/2020,0,6
1239,52,821.15,31/05/2024,39,1
7520,52,546.15,27/11/2023,25,7
7438,52,701.92,31/10/2023,19,7
6664,52,753.85,31/08/2024,39,6
4139,52,796.15,30/09/2025,12,4
7592,52,778.85,31/08/2025,6,7
9459,52,805.77,30/08/2024,58,9
3839,52,750.00,30/12/2023,57,3
2511,52,623.08,30/06/2025,105,2
3239,52,592.31,31/12/2021,39,3
6898,52,809.62,31/05/2024,59,6
3921,52,657.69,31/08/2025,15,3
0525,52,821.15,30/10/2022,0,0
2577,52,776.92,30/09/2021,17,2
7321,52,498.08,31/12/2021,61,7
4210,52,596.15,31/08/2024,15,4
3187,51,435.29,29/10/2021,5,3
9301,51,576.47,31/01/2025,14,9
4709,51,609.80,30/08/2025,0,4
8420,51,615.69,31/10/2025,5,8
3328,51,586.27,31/01/2023,24,3
7555,51,727.45,31/10/2025,11,7
0030,51,756.86,29/09/2022,29,0
5473,51,666.67,30/05/2023,8,5
4453,51,482.35,30/08/2021,12,4
6221,51,609.80,30/11/2021,6,6
6354,51,649.02,31/05/2025,20,6
6651,51,723.53,31/08/2023,29,6
8916,51,990.20,31/08/2022,9,8
9507,51,800.00,30/09/2020,0,9
8813,51,903.92,30/12/2023,23,8
5073,51,392.16,30/10/2020,5,5
4608,51,662.75,30/10/2023,27,4
4399,51,905.88,31/10/2023,34,4
2208,51,886.27,30/12/2021,33,2
6626,51,601.96,30/10/2023,0,6
6149,51,782.35,30/01/2023,7,6
8514,51,525.49,31/05/2025,26,8
7799,51,843.14,31/12/2022,36,7
3069,51,762.75,30/12/2024,19,3
4961,51,494.12,30/04/2025,29,4
4910,51,837.25,31/08/2022,11,4
0927,51,733.33,29/09/2021,2,0
6430,51,627.45,31/12/2024,10,6
6090,51,566.67,30/10/2025,7,6
4557,51,474.51,30/03/2021,40,4
8012,51,923.53,31/05/2023,161,8
9223,51,700.00,30/10/2023,14,9
3580,51,849.02,31/08/2022,45,3
1242,51,776.47,31/07/2022,6,1
6257,51,768.63,31/01/2025,0,6
3063,51,784.31,31/12/2023,11,3
0780,51,615.69,29/04/2024,0,0
7649,51,650.98,30/09/2025,42,7
6115,51,764.71,31/08/2023,15,6
8092,51,558.82,29/10/2021,5,8
7269,51,700.00,31/07/2025,57,7
0074,51,690.20,31/10/2024,2,0
7439,51,764.71,28/07/2022,6,7
5913,51,572.55,31/01/2022,11,5
8927,51,831.37,31/01/2023,27,8
8591,51,762.75,31/07/2022,32,8
1540,51,666.67,30/10/2025,8,1
9340,51,662.75,30/10/2024,6,9
6534,51,976.47,29/10/2024,6,6
2549,51,521.57,31/12/2023,34,2
5085,51,703.92,31/12/2021,13,5
4420,51,470.59,31/08/2022,52,4
3097,51,752.94,31/12/2024,33,3
0699,51,601.96,31/08/2023,9,0
6913,51,798.04,31/05/2022,22,6
2868,51,486.27,31/08/2024,13,2
2712,51,623.53,31/10/2025,5,2
2963,51,513.73,31/12/2022,50,2
7499,51,1086.27,31/07/2025,24,7
1223,51,501.96,31/10/2022,46,1
7934,51,580.39,31/07/2022,33,7
2086,51,772.55,31/05/2024,52,2
8006,51,637.25,30/09/2021,3,8
4001,51,525.49,31/07/2022,65,4
7077,51,639.22,31/08/2023,26,7
8965,51,735.29,31/12/2021,14,8
3726,51,739.22,31/08/2023,17,3
7511,51,807.84,30/10/2022,110,7
2117,51,745.10,29/11/2021,0,2
3243,51,717.65,31/05/2024,4,3
9126,51,541.18,31/12/2022,18,9
2522,51,743.14,31/08/2025,6,2
7442,51,525.49,30/09/2024,43,7
4978,51,682.35,31/07/2022,24,4
6264,51,498.04,30/05/2023,62,6
2970,51,721.57,30/04/2024,62,2
5363,51,854.90,31/08/2024,28,5
4002,51,568.63,31/01/2024,27,4
4814,51,803.92,31/03/2021,25,4
3872,51,517.65,30/04/2024,23,3
8405,51,403.92,31/03/2021,10,8
1249,51,419.61,31/12/2021,63,1
4434,51,890.20,30/10/2022,33,4
4311,51,929.41,31/07/2025,6,4
8294,51,796.08,31/12/2021,15,8
8596,51,488.24,30/09/2023,6,8
7116,51,445.10,30/11/2021,15,7
1984,51,743.14,30/05/2023,5,1
2686,51,474.51,30/11/2021,60,2
1141,51,709.80,29/11/2021,60,1
7376,51,800.00,30/12/2022,45,7
9722,51,535.29,31/08/2024,12,9
8878,51,662.75,30/11/2025,26,8
6581,51,478.43,31/10/2024,86,6
2038,51,1058.82,31/12/2022,0,2
0629,51,694.12,30/07/2021,8,0
5290,51,733.33,30/12/2020,48,5
9118,51,701.96,31/12/2024,7,9
7453,51,547.06,31/08/2025,107,7
2959,51,949.02,31/12/2024,58,2
1059,51,739.22,30/11/2025,4,1
8955,51,725.49,31/10/2025,10,8
0972,51,937.25,31/07/2025,95,0
0362,51,1217.65,31/08/2025,51,0
9882,51,654.90,31/10/2025,13,9
3018,51,896.08,31/10/2023,23,3
3848,51,535.29,28/08/2025,8,3
8597,51,450.98,30/12/2020,21,8
0805,51,462.75,31/05/2023,4,0
5008,51,476.47,30/11/2024,59,5
3279,51,790.20,31/01/2023,12,3
8976,51,949.02,31/12/2024,17,8
6838,51,807.84,31/10/2022,15,6
7564,51,705.88,31/03/2025,17,7
7544,51,1056.86,31/10/2023,22,7
0996,51,605.88,30/08/2024,12,0
0010,51,507.84,31/10/2022,45,0
4371,51,860.78,30/09/2020,54,4
9006,51,419.61,29/07/2022,5,9
0109,51,605.88,31/03/2023,4,0
9057,51,856.86,31/08/2022,59,9
2399,51,449.02,31/05/2025,10,2
0495,51,633.33,30/01/2024,9,0
6438,51,713.73,31/10/2022,0,6
2458,51,572.55,30/11/2021,7,2
7042,51,454.90,31/05/2022,4,7
5615,51,537.25,30/01/2024,25,5
8618,51,739.22,31/05/2022,13,8
1183,51,756.86,31/08/2025,2,1
1269,51,609.80,29/03/2022,12,1
4813,51,762.75,31/05/2023,64,4
5561,51,670.59,31/05/2022,12,5
4066,51,1078.43,30/11/2021,0,4
8704,51,594.12,30/03/2023,7,8
2275,51,854.90,30/11/2022,32,2
5118,51,650.98,31/05/2022,43,5
6499,51,745.10,30/04/2025,2,6
6517,51,986.27,31/08/2022,9,6
4532,51,552.94,31/07/2022,36,4
5424,51,601.96,31/05/2022,9,5
6988,51,676.47,31/08/2024,63,6
7642,51,692.16,31/08/2023,33,7
4745,51,672.55,31/05/2022,8,4
4960,51,1135.29,31/10/2025,9,4
3779,51,515.69,31/05/2025,32,3
6377,51,1037.25,31/12/2021,15,6
8812,51,709.80,30/11/2020,37,8
1075,51,790.20,31/03/2021,15,1
4561,51,672.55,31/10/2022,1,4
4824,51,707.84,31/03/2024,18,4
5072,51,739.22,31/03/2025,67,5
8713,51,390.20,31/07/2025,10,8
7516,51,472.55,30/04/2025,29,7
2575,51,737.25,31/05/2023,0,2
2850,51,678.43,30/09/2023,21,2
5466,51,801.96,31/07/2025,30,5
9409,51,986.27,30/07/2025,17,9
6238,51,450.98,30/05/2025,45,6
4565,51,401.96,31/10/2022,58,4
7745,51,788.24,31/10/2025,8,7
5108,51,943.14,31/08/2022,4,5
9179,51,529.41,30/01/2024,15,9
3221,51,874.51,31/12/2024,114,3
8374,51,423.53,31/08/2023,101,8
3710,51,886.27,31/10/2023,18,3
6982,51,766.67,31/05/2025,32,6
2636,51,576.47,30/10/2021,2,2
7225,51,1205.88,31/01/2024,2,7
1517,51,711.76,29/11/2024,32,1
4000,51,507.84,30/12/2022,28,4
4627,51,460.78,31/07/2025,11,4
6099,51,590.20,31/05/2025,8,6
3209,51,641.18,31/08/2024,12,3
8457,51,625.49,31/08/2025,20,8
7842,51,590.20,31/10/2025,1,7
0418,51,645.10,31/10/2025,55,0
2184,51,692.16,31/03/2022,11,2
4126,51,543.14,28/08/2025,10,4
2739,51,741.18,31/12/2021,40,2
5097,51,398.04,31/08/2025,13,5
2023,51,562.75,30/07/2025,6,2
5858,51,613.73,31/12/2022,20,5
0108,51,992.16,30/10/2021,3,0
3276,51,603.92,31/03/2024,2,3
7263,51,560.78,30/10/2022,12,7
5393,51,837.25,31/07/2022,24,5
7004,51,554.90,31/08/2022,23,7
2822,51,572.55,30/10/2024,30,2
2794,51,715.69,30/06/2022,12,2
8893,51,319.61,31/08/2022,8,8
3073,51,700.00,31/01/2022,52,3
6546,51,682.35,29/11/2025,27,6
2797,51,658.82,31/05/2023,17,2
1310,51,672.55,29/12/2024,61,1
1212,51,794.12,31/12/2022,34,1
5397,51,660.78,31/05/2022,8,5
2077,51,531.37,30/06/2024,3,2
7772,51,641.18,31/03/2025,17,7
3006,51,600.00,30/09/2021,4,3
6696,51,825.49,31/03/2022,7,6
7822,51,845.10,30/05/2025,17,7
6989,51,568.63,31/07/2023,42,6
1935,51,768.63,30/09/2024,9,1
4268,51,356.86,30/10/2024,11,4
2377,51,890.20,31/08/2023,26,2
7986,51,719.61,30/11/2024,70,7
3002,51,615.69,29/09/2022,25,3
9868,51,915.69,31/05/2024,2,9
1427,51,947.06,31/07/2022,3,1
8254,51,533.33,31/08/2022,4,8
9812,51,760.78,31/08/2022,33,9
8013,51,556.86,31/12/2021,4,8
1480,51,466.67,30/06/2024,38,1
6367,51,509.80,31/10/2022,52,6
8247,51,539.22,31/05/2022,7,8
6607,51,607.84,31/12/2022,11,6
0365,51,501.96,30/12/2024,26,0
0935,51,831.37,31/03/2025,9,0
8379,51,819.61,31/10/2025,44,8
9300,51,786.27,30/12/2022,17,9
8273,51,688.24,30/09/2024,14,8
9346,51,798.04,30/10/2023,6,9
1473,51,678.43,30/09/2020,10,1
5868,51,741.18,30/01/2021,10,5
1011,51,747.06,31/07/2025,61,1
5071,51,429.41,31/10/2022,12,5
8035,51,690.20,31/08/2023,28,8
8087,51,847.06,31/03/2022,1,8
1020,51,680.39,31/05/2022,96,1
3652,51,515.69,30/11/2025,26,3
2878,51,578.43,30/05/2024,17,2
0877,51,1023.53,31/12/2022,5,0
6627,51,768.63,31/01/2023,49,6
9712,51,782.35,31/01/2024,24,9
6815,51,515.69,31/07/2022,12,6
8346,51,1064.71,30/10/2024,48,8
0914,51,705.88,31/10/2024,53,0
5945,51,398.04,31/01/2025,21,5
2578,51,950.98,31/05/2024,37,2
9186,51,860.78,30/10/2020,9,9
2699,51,319.61,29/07/2023,142,2
9897,51,598.04,30/10/2025,4,9
4054,51,1001.96,29/11/2025,6,4
7138,51,443.14,29/11/2025,27,7
3329,51,800.00,31/10/2022,8,3
9348,51,882.35,31/01/2023,3,9
6128,51,794.12,29/11/2023,9,6
3233,51,641.18,31/08/2025,5,3
3281,51,582.35,31/08/2023,26,3
4271,51,519.61,31/07/2025,11,4
4063,51,562.75,31/07/2023,3,4
3926,51,658.82,30/12/2020,1,3
9295,51,800.00,31/12/2024,54,9
4377,51,374.51,31/10/2025,10,4
4170,51,688.24,30/11/2023,2,4
2230,51,645.10,31/05/2023,10,2
2922,51,1188.24,31/08/2024,23,2
4053,51,890.20,31/12/2021,21,4
2226,51,725.49,29/11/2022,67,2
8480,51,682.35,30/11/2025,5,8
1429,51,586.27,31/12/2024,25,1
1006,51,731.37,31/01/2022,37,1
0951,51,574.51,31/05/2023,13,0
9180,51,862.75,31/12/2022,5,9
7132,51,498.04,31/08/2025,37,7
2315,51,852.94,31/03/2023,22,2
3273,51,819.61,31/05/2024,28,3
0620,51,674.51,30/08/2023,4,0
5860,51,835.29,31/12/2022,2,5
6903,51,831.37,29/04/2024,11,6
6840,51,454.90,31/01/2023,1,6
0001,51,1003.92,30/10/2025,3,0
4905,51,474.51,30/10/2024,7,4
3094,51,925.49,31/07/2022,134,3
2185,51,680.39,31/10/2025,33,2
9974,51,876.47,29/08/2025,97,9
7044,51,690.20,30/12/2023,41,7
3632,51,601.96,31/05/2025,2,3
0485,51,905.88,30/09/2024,0,0
7033,51,654.90,29/11/2024,6,7
8223,51,931.37,30/05/2024,37,8
7665,51,670.59,31/08/2025,8,7
8594,51,843.14,31/12/2022,7,8
6037,51,739.22,31/07/2022,3,6
1134,51,750.98,30/07/2024,10,1
7771,51,778.43,31/08/2023,34,7
7217,51,758.82,31/03/2025,75,7
5487,51,758.82,31/12/2021,0,5
5519,51,1145.10,31/12/2021,20,5
7601,51,919.61,31/10/2023,33,7
4847,51,660.78,31/03/2023,14,4
3212,51,815.69,29/12/2023,34,3
3524,51,903.92,30/03/2025,63,3
4844,51,670.59,31/03/2023,31,4
9142,51,1043.14,31/08/2023,66,9
4443,51,954.90,31/08/2022,13,4
8503,51,305.88,30/04/2021,1,8
4203,51,933.33,30/10/2021,44,4
7091,51,905.88,31/01/2023,44,7
4986,51,564.71,31/10/2023,1,4
8912,51,680.39,31/12/2024,28,8
5330,51,715.69,31/10/2024,6,5
7353,51,545.10,30/05/2022,81,7
4613,51,443.14,30/04/2021,24,4
5551,51,745.10,31/10/2024,19,5
9377,51,605.88,29/07/2025,91,9
6307,51,700.00,29/11/2023,6,6
2995,51,978.43,31/03/2025,25,2
9824,51,427.45,31/10/2023,13,9
7415,51,480.39,30/10/2020,11,7
5576,51,825.49,30/11/2025,13,5
6566,51,864.71,30/12/2022,10,6
0185,51,698.04,30/07/2021,29,0
1963,51,762.75,31/05/2022,83,1
7888,51,792.16,30/11/2025,26,7
1169,51,711.76,30/01/2024,20,1
8723,51,611.76,31/12/2022,10,8
2863,51,615.69,29/05/2022,14,2
7319,51,456.86,30/12/2024,64,7
5266,51,523.53,31/08/2023,203,5
2280,51,529.41,30/12/2023,24,2
7056,51,482.35,30/11/2022,4,7
8220,51,486.27,31/10/2025,1,8
7894,51,733.33,31/03/2024,3,7
3289,51,386.27,31/08/2022,41,3
1112,51,700.00,31/12/2021,26,1
4227,51,864.71,31/01/2023,0,4
1718,51,605.88,31/08/2025,1,1
9642,51,364.71,31/07/2025,6,9
3949,51,478.43,31/03/2021,7,3
1565,51,884.31,28/08/2025,13,1
3142,51,449.02,30/11/2025,26,3
2172,51,623.53,31/10/2025,55,2
0077,51,656.86,30/06/2025,1,0
5440,51,970.59,31/12/2023,9,5
8061,51,894.12,30/07/2024,14,8
5701,51,594.12,30/10/2023,20,5
8556,51,992.16,30/04/2021,11,8
5153,51,801.96,29/11/2025,1,5
0856,51,743.14,31/03/2023,4,0
7661,51,672.55,30/07/2025,7,7
6848,51,782.35,31/10/2022,36,6
8936,51,739.22,30/10/2023,11,8
8806,51,596.08,31/05/2025,48,8
2289,51,768.63,31/01/2025,114,2
7063,51,794.12,31/10/2025,17,7
6328,51,625.49,31/08/2024,48,6
8822,51,833.33,31/07/2022,8,8
6734,51,403.92,30/07/2025,31,6
0244,51,652.94,30/09/2025,8,0
7532,51,621.57,30/12/2021,37,7
4886,51,535.29,31/12/2023,73,4
0646,51,519.61,31/12/2024,2,0
8553,51,643.14,31/12/2023,23,8
5451,51,509.80,30/08/2024,28,5
0587,51,539.22,31/10/2022,84,0
6501,51,839.22,31/07/2022,0,6
3724,51,698.04,31/05/2023,11,3
4853,51,543.14,30/09/2025,1,4
9131,51,907.84,30/11/2020,40,9
2966,51,541.18,30/11/2023,32,2
2484,51,554.90,29/12/2024,25,2
6260,51,623.53,31/05/2022,86,6
7315,51,725.49,30/06/2025,19,7
8531,51,560.78,31/03/2022,49,8
7926,51,758.82,31/01/2022,22,7
2374,51,754.90,31/05/2022,9,2
6941,51,862.75,31/10/2024,99,6
7716,51,650.98,31/01/2022,15,7
0325,51,911.76,31/05/2023,27,0
8162,51,890.20,30/08/2024,10,8
5381,51,756.86,31/12/2024,12,5
9613,51,580.39,31/12/2024,17,9
9410,51,627.45,31/05/2024,14,9
4898,51,584.31,31/12/2022,4,4
9940,51,684.31,30/05/2022,1,9
5333,51,700.00,29/09/2024,3,5
5893,51,792.16,31/12/2024,24,5
4855,51,549.02,29/07/2025,0,4
3550,51,827.45,30/06/2025,36,3
7084,51,752.94,30/09/2025,25,7
6533,51,1017.65,30/12/2022,97,6
0373,51,454.90,30/03/2024,9,0
7831,51,611.76,31/05/2024,15,7
7898,51,925.49,31/05/2023,19,7
5269,51,560.78,29/10/2024,25,5
2618,51,966.67,30/07/2025,34,2
7075,51,888.24,30/07/2022,53,7
7379,51,901.96,31/08/2022,1,7
9222,51,598.04,30/11/2025,25,9
1903,51,576.47,30/01/2021,24,1
3522,51,905.88,31/12/2024,31,3
6300,51,631.37,30/11/2020,21,6
7700,51,882.35,30/10/2025,56,7
3044,51,839.22,31/08/2025,9,3
7679,51,570.59,31/05/2024,83,7
9398,50,1052.00,30/12/2023,27,9
0214,50,884.00,31/12/2023,40,0
0492,50,668.00,30/06/2022,65,0
3915,50,638.00,29/04/2021,9,3
7886,50,972.00,31/10/2024,49,7
9970,50,820.00,30/11/2025,15,9
2505,50,622.00,31/07/2025,13,2
5890,50,636.00,31/12/2023,39,5
9072,50,782.00,31/10/2023,15,9
0371,50,1044.00,30/01/2024,18,0
4510,50,404.00,30/05/2023,95,4
3902,50,682.00,31/01/2022,0,3
2479,50,828.00,30/10/2022,12,2
8195,50,964.00,30/11/2025,1,8
1146,50,620.00,30/10/2020,4,1
7170,50,832.00,31/01/2023,65,7
4479,50,832.00,29/11/2023,33,4
2537,50,784.00,31/12/2021,63,2
6026,50,866.00,31/08/2022,47,6
8563,50,878.00,30/11/2023,15,8
2736,50,682.00,31/12/2023,9,2
3162,50,366.00,31/08/2024,23,3
7248,50,964.00,30/10/2022,14,7
1530,50,1024.00,27/10/2021,5,1
7756,50,648.00,31/07/2023,7,7
6892,50,552.00,31/10/2022,38,6
3057,50,846.00,31/08/2024,20,3
0846,50,804.00,30/05/2025,4,0
2213,50,526.00,30/06/2025,10,2
1520,50,1072.00,30/09/2023,5,1
7994,50,684.00,30/04/2023,61,7
3330,50,538.00,31/01/2023,19,3
5287,50,680.00,31/08/2023,3,5
2325,50,830.00,31/12/2021,8,2
0463,50,614.00,31/10/2024,11,0
7561,50,574.00,31/10/2023,49,7
5372,50,538.00,31/08/2024,15,5
2260,50,762.00,30/12/2021,39,2
2348,50,864.00,30/09/2022,25,2
2101,50,602.00,30/05/2025,6,2
4180,50,1038.00,31/10/2023,32,4
7729,50,660.00,31/08/2024,140,7
4973,50,988.00,30/03/2025,0,4
0135,50,510.00,30/12/2021,14,0
0979,50,492.00,31/08/2022,14,0
5805,50,674.00,31/10/2025,39,5
7568,50,562.00,30/08/2021,37,7
8583,50,718.00,30/10/2021,0,8
0529,50,538.00,31/01/2023,6,0
3980,50,846.00,30/05/2023,33,3
7488,50,444.00,31/12/2024,39,7
1533,50,1058.00,31/03/2021,8,1
2544,50,558.00,31/12/2022,10,2
3591,50,812.00,31/10/2024,20,3
5629,50,918.00,30/11/2020,6,5
1029,50,900.00,30/09/2025,12,1
8761,50,348.00,31/01/2025,0,8
7594,50,920.00,31/08/2025,1,7
8140,50,708.00,31/01/2025,10,8
3381,50,652.00,31/12/2022,12,3
9996,50,514.00,29/01/2022,8,9
3942,50,1100.00,31/10/2025,25,3
2065,50,586.00,31/03/2023,39,2
9204,50,508.00,31/01/2023,4,9
9380,50,710.00,31/01/2024,36,9
1054,50,712.00,31/03/2022,13,1
3579,50,880.00,30/01/2025,40,3
6050,50,962.00,30/11/2024,29,6
3653,50,486.00,30/11/2022,34,3
8097,50,438.00,30/10/2025,35,8
0219,50,800.00,30/12/2020,3,0
2392,50,404.00,31/03/2023,4,2
3512,50,862.00,28/06/2025,3,3
9577,50,542.00,30/10/2025,4,9
3656,50,738.00,31/03/2021,7,3
3324,50,472.00,30/12/2024,40,3
1542,50,502.00,29/07/2025,41,1
6336,50,1002.00,31/07/2023,8,6
3147,50,720.00,31/01/2024,8,3
8129,50,636.00,30/05/2022,18,8
7653,50,678.00,30/05/2023,11,7
3355,50,828.00,31/05/2025,23,3
7262,50,1182.00,30/08/2021,68,7
1117,50,616.00,30/09/2024,25,1
0879,50,624.00,31/01/2025,29,0
6076,50,806.00,31/07/2025,24,6
2370,50,712.00,31/10/2022,68,2
5921,50,610.00,29/05/2022,11,5
9939,50,446.00,31/10/2022,111,9
3347,50,538.00,31/03/2024,9,3
2573,50,944.00,31/01/2024,7,2
2940,50,704.00,31/01/2023,53,2
2344,50,712.00,31/12/2021,58,2
2384,50,724.00,30/09/2020,12,2
8648,50,550.00,30/05/2025,12,8
2621,50,892.00,30/10/2022,78,2
9110,50,670.00,29/12/2020,15,9
9991,50,762.00,31/10/2023,21,9
2137,50,774.00,31/10/2025,21,2
9308,50,782.00,31/10/2025,4,9
1370,50,792.00,31/01/2023,48,1
0692,50,1038.00,30/12/2023,45,0
7655,50,964.00,30/09/2022,1,7
7573,50,722.00,30/04/2024,28,7
6361,50,780.00,30/07/2021,18,6
6263,50,472.00,31/05/2022,10,6
3833,50,744.00,31/12/2022,6,3
2961,50,518.00,29/11/2025,27,2
9620,50,486.00,31/07/2025,20,9
3442,50,528.00,30/12/2022,27,3
4743,50,676.00,31/10/2022,14,4
5840,50,820.00,30/08/2022,11,5
2467,50,550.00,30/09/2024,97,2
4551,50,500.00,30/12/2021,3,4
1096,50,464.00,31/12/2021,1,1
0139,50,668.00,31/10/2025,3,0
0054,50,676.00,30/11/2022,1,0
6851,50,748.00,31/12/2024,10,6
2114,50,892.00,31/10/2024,1,2
3372,50,374.00,31/07/2022,26,3
9437,50,618.00,31/12/2024,10,9
5172,50,388.00,30/11/2024,74,5
7429,50,460.00,29/10/2025,6,7
9944,50,338.00,31/05/2025,26,9
2423,50,880.00,31/03/2022,30,2
6441,50,644.00,29/08/2024,48,6
0491,50,558.00,31/10/2025,55,0
9094,50,676.00,31/05/2023,79,9
1436,50,682.00,30/11/2025,6,1
7651,50,712.00,31/12/2022,29,7
5575,50,808.00,31/07/2025,63,5
7974,50,352.00,31/05/2025,25,7
0113,50,794.00,30/10/2023,0,0
0924,50,1080.00,31/10/2025,3,0
9734,50,674.00,30/09/2022,22,9
9492,50,790.00,31/12/2022,14,9
6188,50,540.00,30/11/2021,63,6
2782,50,656.00,30/10/2024,6,2
0175,50,556.00,30/12/2020,7,0
0378,50,662.00,29/09/2022,23,0
2773,50,656.00,31/07/2025,28,2
8236,50,656.00,31/07/2023,45,8
7987,50,714.00,31/08/2025,19,7
7153,50,824.00,30/10/2023,15,7
9386,50,564.00,31/05/2023,57,9
3217,50,738.00,30/11/2025,26,3
7498,50,686.00,30/10/2025,14,7
3053,50,826.00,31/03/2024,6,3
3824,50,524.00,31/03/2023,6,3
9611,50,542.00,31/08/2025,36,9
9596,50,320.00,31/10/2024,14,9
2836,50,668.00,31/10/2025,16,2
4985,50,588.00,31/12/2022,9,4
7571,50,740.00,31/07/2025,111,7
7525,50,846.00,30/08/2023,77,7
6876,50,600.00,29/08/2025,31,6
0507,50,560.00,31/05/2024,31,0
8798,50,1186.00,30/10/2024,5,8
1537,50,716.00,30/08/2025,57,1
1939,50,718.00,28/10/2025,1,1
1178,50,598.00,31/07/2025,15,1
8393,50,558.00,29/09/2023,1,8
7101,50,614.00,31/01/2025,20,7
4527,50,608.00,30/09/2021,52,4
9353,50,600.00,31/03/2025,32,9
5386,50,664.00,30/11/2020,52,5
7173,50,340.00,30/09/2020,4,7
6061,50,628.00,30/05/2025,20,6
8007,50,558.00,31/03/2025,1,8
9373,50,492.00,30/04/2025,7,9
0340,50,740.00,31/10/2025,55,0
5814,50,876.00,31/10/2023,127,5
8990,50,618.00,31/10/2025,9,8
1999,50,448.00,31/07/2022,68,1
8199,50,392.00,30/10/2021,20,8
6498,50,874.00,30/01/2023,6,6
9013,50,500.00,31/05/2025,83,9
3428,50,674.00,31/07/2023,35,3
9653,50,462.00,31/12/2023,3,9
8053,50,596.00,30/12/2023,19,8
4543,50,554.00,31/07/2025,58,4
3929,50,670.00,30/05/2022,0,3
4888,50,806.00,31/10/2025,5,4
2945,50,634.00,31/10/2023,67,2
4568,50,668.00,30/09/2022,7,4
4825,50,810.00,30/12/2022,3,4
4072,50,556.00,30/12/2020,10,4
9233,50,692.00,31/12/2021,7,9
9879,50,504.00,31/01/2025,2,9
6135,50,570.00,31/01/2022,78,6
1034,50,722.00,31/10/2022,1,1
6852,50,352.00,31/08/2023,131,6
3889,50,614.00,31/12/2024,2,3
9934,50,430.00,31/10/2022,59,9
0023,50,772.00,30/11/2022,6,0
9195,50,650.00,31/12/2021,17,9
4322,50,726.00,30/04/2022,20,4
0554,50,504.00,31/08/2025,1,0
8866,50,524.00,31/07/2025,36,8
3173,50,1128.00,30/12/2023,38,3
8640,50,660.00,31/07/2023,5,8
5567,50,800.00,30/07/2022,27,5
2052,50,634.00,31/01/2023,72,2
6343,50,752.00,31/10/2025,43,6
8390,50,756.00,31/12/2024,0,8
8817,50,626.00,31/07/2022,12,8
5401,50,878.00,29/07/2025,54,5
9617,50,598.00,30/12/2024,11,9
2272,50,480.00,30/05/2024,28,2
1932,50,764.00,31/05/2023,4,1
3272,50,660.00,30/04/2025,22,3
0344,50,936.00,29/11/2021,9,0
3898,50,540.00,31/05/2024,1,3
7346,50,718.00,31/12/2021,46,7
9221,50,628.00,30/08/2023,11,9
7031,50,548.00,31/12/2023,10,7
9469,50,614.00,30/09/2021,68,9
4075,50,678.00,30/10/2020,3,4
2969,50,748.00,31/12/2024,5,2
8526,50,594.00,31/05/2025,37,8
4971,50,920.00,30/07/2024,15,4
9085,50,476.00,31/08/2022,29,9
0905,50,906.00,31/12/2022,10,0
4869,50,524.00,30/07/2025,4,4
6412,50,462.00,31/08/2024,40,6
1889,50,798.00,29/04/2022,18,1
0397,50,528.00,31/07/2023,6,0
0398,50,826.00,31/01/2024,23,0
3413,50,864.00,31/12/2024,28,3
0991,50,662.00,30/09/2023,25,0
7305,50,574.00,31/08/2022,22,7
1079,50,892.00,31/12/2023,93,1
4308,50,896.00,31/08/2024,2,4
9181,50,516.00,31/03/2021,27,9
5186,50,542.00,31/05/2025,17,5
6631,50,922.00,30/07/2025,8,6
8524,50,702.00,31/08/2022,51,8
7414,50,882.00,31/03/2022,12,7
4595,50,510.00,30/08/2024,3,4
7300,50,856.00,30/03/2023,57,7
1099,50,940.00,31/08/2024,38,1
8478,50,446.00,30/12/2024,86,8
7361,50,354.00,31/08/2024,47,7
2016,50,628.00,30/09/2025,8,2
8260,50,742.00,30/12/2022,0,8
0497,50,468.00,31/03/2023,0,0
4678,50,666.00,30/08/2021,57,4
5228,50,740.00,30/05/2025,25,5
3866,50,810.00,31/08/2024,8,3
9047,50,862.00,30/09/2025,19,9
2510,50,884.00,30/12/2024,16,2
2139,50,466.00,31/10/2025,45,2
0284,50,568.00,30/11/2022,16,0
5194,50,498.00,31/08/2025,61,5
6511,50,878.00,30/11/2022,4,6
2533,50,462.00,31/12/2024,1,2
0355,50,860.00,31/10/2022,10,0
7995,50,610.00,31/03/2021,7,7
6979,50,700.00,31/10/2025,55,6
2178,50,874.00,31/03/2021,8,2
9658,50,996.00,31/08/2023,30,9
6826,50,514.00,30/07/2025,27,6
9376,50,590.00,30/11/2025,4,9
0804,50,944.00,31/05/2025,6,0
9632,50,696.00,31/05/2024,2,9
9796,50,766.00,30/11/2025,26,9
2010,50,942.00,30/05/2023,167,2
6859,50,752.00,31/12/2021,20,6
6551,50,868.00,31/10/2024,33,6
2146,50,774.00,31/10/2022,57,2
6133,50,864.00,31/08/2025,72,6
2986,50,672.00,31/12/2023,15,2
7938,50,580.00,29/09/2021,10,7
2746,50,648.00,30/11/2023,29,2
3079,50,632.00,30/11/2025,26,3
0696,50,592.00,30/04/2023,89,0
9052,50,422.00,31/03/2022,11,9
9358,50,500.00,29/05/2025,9,9
3997,50,1260.00,30/10/2023,17,3
6360,50,376.00,30/08/2023,2,6
3584,50,506.00,30/11/2023,8,3
2663,50,406.00,30/12/2020,24,2
3409,50,546.00,31/12/2021,5,3
9893,50,760.00,30/01/2021,33,9
5233,50,594.00,31/03/2022,14,5
7017,50,752.00,31/12/2022,11,7
6281,50,838.00,31/01/2024,17,6
0703,50,676.00,31/05/2023,22,0
3565,50,256.00,31/10/2024,7,3
0815,50,658.00,29/11/2023,63,0
4864,50,666.00,30/04/2023,29,4
1334,50,680.00,31/03/2024,50,1
4470,50,1066.00,30/11/2023,46,4
7985,50,582.00,30/08/2023,11,7
4201,50,836.00,31/12/2022,8,4
6065,50,446.00,31/07/2023,14,6
6237,50,580.00,29/11/2022,43,6
3602,50,578.00,31/08/2022,19,3
1381,50,630.00,31/01/2022,17,1
6850,50,860.00,30/08/2025,19,6
0066,50,508.00,31/05/2022,15,0
5984,50,536.00,30/05/2024,45,5
1580,50,470.00,31/05/2025,30,1
3417,50,464.00,31/05/2023,18,3
6378,50,1016.00,30/10/2022,23,6
8629,50,696.00,31/01/2022,22,8
0687,50,1028.00,30/11/2021,0,0
4261,50,718.00,30/09/2021,17,4
3313,50,1216.00,30/10/2020,13,3
9853,50,908.00,31/03/2022,0,9
2253,50,654.00,31/12/2022,6,2
7731,50,632.00,31/12/2021,14,7
3627,50,876.00,30/12/2021,0,3
5319,50,420.00,30/09/2022,7,5
6521,50,448.00,31/12/2024,10,6
1256,50,702.00,31/05/2025,12,1
3108,50,564.00,31/12/2023,87,3
9609,50,466.00,29/11/2024,3,9
5103,50,546.00,31/05/2025,2,5
9155,50,708.00,30/08/2025,8,9
5823,50,404.00,30/09/2025,44,5
5715,50,1004.00,30/11/2025,26,5
7471,50,694.00,31/08/2023,28,7
6206,50,802.00,31/10/2022,19,6
3923,50,790.00,30/12/2024,13,3
6214,50,424.00,31/03/2023,7,6
3917,50,700.00,31/03/2022,26,3
3155,50,730.00,30/01/2021,6,3
3606,50,696.00,29/12/2023,1,3
2441,50,384.00,30/06/2023,14,2
2298,50,512.00,31/07/2023,48,2
6776,50,772.00,30/09/2021,34,6
6007,50,762.00,31/10/2022,8,6
7284,50,678.00,30/10/2020,0,7
4593,50,868.00,30/07/2025,9,4
1552,50,682.00,30/11/2022,1,1
6562,50,782.00,31/03/2024,101,6
5559,50,536.00,29/10/2021,25,5
2032,50,426.00,29/12/2021,3,2
8574,50,598.00,31/12/2022,1,8
2973,50,374.00,31/03/2021,73,2
2418,50,764.00,31/12/2021,2,2
8064,50,532.00,30/09/2020,6,8
9788,50,696.00,31/12/2023,28,9
9053,50,464.00,29/08/2025,2,9
6339,50,660.00,31/07/2025,66,6
5643,50,332.00,30/12/2024,36,5
8676,50,868.00,31/08/2025,14,8
8138,50,562.00,30/10/2021,9,8
0868,50,332.00,30/07/2021,58,0
0310,50,928.00,31/08/2025,2,0
6879,50,766.00,31/10/2024,46,6
4598,50,902.00,31/12/2024,7,4
9477,50,550.00,31/12/2023,15,9
3101,50,470.00,30/05/2025,3,3
7867,50,660.00,30/07/2022,0,7
4314,50,402.00,30/10/2023,190,4
6241,50,748.00,31/03/2022,0,6
4422,50,864.00,29/07/2023,18,4
6068,50,644.00,31/12/2023,10,6
1172,50,514.00,30/11/2022,7,1
2749,50,502.00,30/07/2024,3,2
8975,50,582.00,31/12/2021,32,8
3106,50,318.00,31/01/2023,33,3
7495,50,528.00,31/03/2023,45,7
5446,50,1000.00,30/10/2023,21,5
6100,50,608.00,30/06/2024,0,6
6196,50,628.00,30/05/2023,25,6
5227,50,626.00,30/04/2023,12,5
7354,50,684.00,30/06/2025,109,7
3334,50,508.00,31/08/2025,23,3
1603,50,644.00,30/12/2021,5,1
2096,50,676.00,31/12/2022,14,2
5297,50,534.00,30/12/2020,12,5
0370,50,572.00,31/03/2024,26,0
6572,50,626.00,31/10/2023,15,6
9623,50,648.00,30/10/2021,9,9
5973,50,858.00,30/10/2022,8,5
8034,50,780.00,29/10/2022,17,8
2617,50,496.00,30/12/2023,27,2
0837,50,776.00,31/07/2022,4,0
7191,50,598.00,31/12/2022,51,7
2559,50,636.00,31/05/2022,41,2
6874,50,942.00,30/07/2023,3,6
0136,50,852.00,31/07/2025,13,0
2430,50,924.00,31/10/2024,74,2
5261,50,922.00,30/09/2025,34,5
6619,50,686.00,31/01/2025,67,6
3701,50,568.00,28/08/2024,1,3
4509,50,544.00,30/12/2020,3,4
8167,50,664.00,30/08/2024,9,8
3664,50,536.00,31/05/2025,2,3
7387,50,814.00,31/10/2025,3,7
3448,50,752.00,30/07/2022,4,3
2771,50,874.00,31/05/2024,8,2
4229,50,700.00,30/07/2024,7,4
8329,50,586.00,31/01/2023,18,8
5080,50,686.00,30/11/2025,22,5
9559,50,694.00,31/12/2023,51,9
4252,50,836.00,31/10/2025,6,4
7784,50,288.00,31/10/2023,12,7
1279,50,602.00,30/11/2023,9,1
0239,50,568.00,30/09/2024,16,0
1336,50,882.00,31/10/2022,24,1
3214,50,682.00,31/10/2022,11,3
7524,50,918.00,31/12/2023,9,7
4415,50,620.00,29/03/2024,29,4
1123,50,604.00,29/04/2025,14,1
4689,50,774.00,31/05/2022,5,4
6112,50,650.00,31/08/2023,6,6
3000,50,1110.00,30/11/2025,3,3
8156,50,856.00,31/08/2022,20,8
1532,50,872.00,31/08/2022,7,1
8351,50,370.00,31/10/2023,2,8
6306,50,618.00,30/11/2022,10,6
3977,50,656.00,30/09/2020,10,3
0118,50,534.00,30/08/2025,9,0
2491,50,632.00,31/10/2025,31,2
2000,50,792.00,31/03/2021,59,2
8213,50,430.00,30/12/2021,6,8
3597,50,672.00,31/12/2024,6,3
6089,50,586.00,31/10/2025,55,6
7254,50,552.00,30/11/2025,0,7
8901,50,608.00,30/09/2020,11,8
8050,50,584.00,31/12/2021,12,8
6950,50,1220.00,30/09/2024,5,6
7931,50,874.00,30/09/2021,31,7
1917,50,702.00,30/12/2021,4,1
8638,50,692.00,31/12/2022,18,8
7613,50,354.00,31/07/2023,38,7
9068,50,492.00,31/10/2023,10,9
7509,50,868.00,31/10/2024,69,7
5627,50,560.00,31/10/2022,65,5
7466,50,468.00,31/08/2022,150,7
6967,50,678.00,31/07/2022,121,6
9002,50,726.00,31/12/2022,6,9
5371,50,720.00,31/08/2024,11,5
3635,50,568.00,30/04/2022,8,3
6446,50,508.00,31/12/2023,51,6
5817,50,586.00,31/07/2025,1,5
7850,50,804.00,31/03/2022,22,7
1254,50,314.00,31/08/2023,16,1
3509,50,542.00,30/12/2022,27,3
7870,50,970.00,31/05/2025,17,7
6151,50,488.00,31/08/2023,21,6
9663,50,888.00,30/11/2024,9,9
9097,50,738.00,31/08/2025,56,9
2737,50,554.00,30/10/2024,40,2
1273,50,834.00,30/09/2022,31,1
7012,50,740.00,31/05/2025,2,7
9670,50,590.00,31/07/2025,5,9
1062,50,444.00,30/10/2021,7,1
1324,50,682.00,31/12/2021,17,1
3143,50,910.00,31/03/2021,27,3
3967,50,478.00,30/07/2024,25,3
8369,50,1262.00,30/11/2024,45,8
1176,50,724.00,30/10/2025,20,1
1518,50,822.00,31/08/2025,84,1
8038,50,688.00,31/12/2023,73,8
9079,50,850.00,30/06/2025,34,9
4003,50,716.00,31/03/2024,17,4
2914,50,826.00,31/12/2022,23,2
0942,50,520.00,30/01/2025,12,0
5256,50,584.00,30/12/2021,15,5
2259,50,650.00,30/10/2022,40,2
2847,50,336.00,31/10/2025,49,2
9419,49,1004.08,31/10/2025,16,9
5098,49,597.96,29/08/2022,19,5
9283,49,761.22,31/08/2022,38,9
9889,49,634.69,30/10/2021,17,9
2923,49,818.37,31/08/2025,102,2
2127,49,442.86,31/08/2025,20,2
1450,49,587.76,30/05/2025,44,1
2639,49,730.61,31/01/2023,17,2
9431,49,804.08,31/12/2021,24,9
3939,49,853.06,31/10/2023,54,3
2338,49,1036.73,31/03/2025,13,2
2645,49,491.84,30/01/2025,20,2
7228,49,565.31,30/10/2025,29,7
8586,49,571.43,30/06/2022,27,8
4143,49,697.96,28/08/2022,13,4
1590,49,542.86,28/12/2021,5,1
6781,49,777.55,30/05/2024,15,6
4937,49,948.98,31/08/2025,64,4
1331,49,610.20,29/07/2025,45,1
4101,49,838.78,29/12/2024,11,4
5454,49,504.08,31/03/2022,18,5
0998,49,555.10,30/09/2020,20,0
6311,49,781.63,29/11/2021,19,6
2565,49,536.73,31/12/2023,48,2
2060,49,640.82,30/10/2022,6,2
3525,49,942.86,29/12/2020,60,3
9861,49,830.61,31/05/2024,17,9
3505,49,583.67,31/07/2025,14,3
2762,49,1126.53,31/12/2022,6,2
7072,49,614.29,30/11/2024,46,7
2757,49,610.20,31/07/2022,25,2
7778,49,769.39,31/10/2023,7,7
7078,49,581.63,31/12/2023,28,7
8289,49,775.51,30/10/2025,4,8
7437,49,565.31,29/06/2025,30,7
8100,49,506.12,30/11/2023,22,8
6880,49,397.96,31/05/2023,4,6
2561,49,716.33,31/10/2023,32,2
0547,49,687.76,31/10/2025,50,0
4215,49,536.73,30/12/2022,29,4
8959,49,875.51,31/03/2023,2,8
6714,49,720.41,31/01/2024,38,6
9899,49,491.84,31/12/2021,14,9
5922,49,591.84,30/04/2022,94,5
1994,49,438.78,31/01/2024,104,1
7576,49,767.35,31/03/2024,10,7
7992,49,767.35,30/01/2025,6,7
5525,49,881.63,31/03/2025,26,5
0605,49,836.73,30/12/2022,18,0
0870,49,585.71,31/05/2023,100,0
7126,49,965.31,31/07/2025,3,7
1395,49,659.18,31/10/2023,4,1
5474,49,1081.63,28/12/2024,9,5
1922,49,593.88,30/09/2024,43,1
7690,49,714.29,30/07/2022,8,7
7200,49,608.16,30/12/2022,3,7
7343,49,695.92,31/08/2024,72,7
6376,49,355.10,30/05/2022,8,6
8497,49,642.86,31/03/2025,123,8
4846,49,569.39,31/08/2024,9,4
4016,49,920.41,31/08/2025,0,4
9430,49,761.22,31/10/2025,28,9
3048,49,687.76,30/11/2023,18,3
3972,49,612.24,31/03/2024,17,3
0422,49,618.37,30/11/2023,36,0
4533,49,557.14,30/12/2020,35,4
6585,49,697.96,31/05/2024,16,6
0899,49,489.80,30/11/2022,5,0
3104,49,857.14,31/01/2025,52,3
2994,49,653.06,31/08/2025,25,2
2488,49,610.20,30/04/2022,48,2
7147,49,836.73,31/07/2025,29,7
1926,49,424.49,30/07/2025,0,1
7360,49,546.94,31/12/2022,16,7
8331,49,932.65,30/12/2020,1,8
9660,49,302.04,31/03/2024,29,9
7663,49,677.55,30/10/2025,1,7
8815,49,571.43,31/08/2025,0,8
7356,49,563.27,29/06/2024,60,7
4164,49,642.86,30/12/2021,8,4
8072,49,708.16,31/05/2025,110,8
8685,49,510.20,30/07/2025,44,8
6633,49,789.80,31/05/2024,20,6
9482,49,930.61,31/10/2025,1,9
9207,49,944.90,31/08/2025,32,9
2174,49,561.22,30/09/2022,16,2
2197,49,820.41,31/10/2025,24,2
7238,49,638.78,29/10/2025,16,7
6514,49,483.67,31/10/2024,11,6
2470,49,451.02,30/10/2023,5,2
5095,49,1065.31,31/08/2024,19,5
8512,49,500.00,30/11/2025,26,8
8438,49,634.69,31/08/2023,40,8
0881,49,587.76,30/12/2023,16,0
6225,49,959.18,30/10/2022,29,6
4518,49,485.71,30/10/2022,43,4
5326,49,697.96,30/07/2021,6,5
6228,49,546.94,30/07/2022,30,6
6399,49,648.98,31/01/2022,14,6
7241,49,632.65,30/09/2023,16,7
7111,49,434.69,31/05/2023,2,7
1887,49,614.29,31/08/2024,14,1
4524,49,553.06,30/10/2020,37,4
5364,49,732.65,31/01/2025,5,5
2048,49,491.84,31/05/2024,23,2
0615,49,589.80,31/05/2025,38,0
7851,49,520.41,30/10/2025,28,7
4837,49,622.45,31/08/2024,63,4
7196,49,808.16,31/01/2023,24,7
2372,49,467.35,30/11/2025,26,2
0150,49,738.78,29/12/2020,1,0
0035,49,708.16,30/03/2025,5,0
6900,49,589.80,30/10/2022,8,6
7375,49,718.37,30/03/2025,104,7
2309,49,540.82,31/08/2022,1,2
7148,49,748.98,31/05/2025,26,7
6368,49,773.47,31/12/2024,4,6
6794,49,638.78,28/11/2022,37,6
8126,49,612.24,31/08/2023,94,8
7644,49,840.82,31/12/2021,26,7
4965,49,793.88,31/12/2024,15,4
1257,49,683.67,30/12/2023,6,1
9369,49,630.61,31/10/2022,6,9
8395,49,644.90,30/08/2025,44,8
7403,49,765.31,30/12/2021,16,7
1562,49,753.06,31/01/2025,34,1
6548,49,824.49,29/08/2024,1,6
3554,49,744.90,30/08/2022,1,3
8560,49,767.35,30/12/2023,16,8
9516,49,383.67,31/08/2025,33,9
0693,49,818.37,30/11/2024,11,0
7695,49,757.14,30/11/2024,8,7
3690,49,826.53,31/08/2023,5,3
9447,49,532.65,31/10/2022,18,9
6719,49,610.20,30/07/2021,63,6
8970,49,391.84,31/12/2024,23,8
8249,49,463.27,30/04/2022,46,8
0300,49,685.71,29/09/2021,29,0
1290,49,483.67,31/10/2025,9,1
3009,49,846.94,31/08/2022,14,3
4197,49,644.90,29/06/2022,5,4
9236,49,651.02,30/08/2024,70,9
9190,49,746.94,31/08/2023,1,9
2518,49,838.78,31/08/2025,0,2
6342,49,418.37,31/12/2021,13,6
5018,49,606.12,30/10/2020,0,5
4921,49,640.82,30/10/2025,41,4
2525,49,614.29,30/11/2023,10,2
3440,49,604.08,30/08/2024,40,3
6038,49,638.78,30/11/2021,53,6
0252,49,1206.12,31/12/2024,4,0
6372,49,785.71,31/05/2025,46,6
2562,49,622.45,30/05/2022,36,2
3860,49,697.96,31/01/2022,21,3
3133,49,542.86,30/10/2022,21,3
3181,49,561.22,31/12/2024,14,3
5320,49,834.69,31/08/2023,24,5
0088,49,693.88,30/12/2022,4,0
0965,49,620.41,31/12/2022,6,0
4264,49,528.57,30/09/2020,1,4
7378,49,655.10,31/03/2022,63,7
7050,49,761.22,31/08/2024,23,7
0685,49,867.35,31/01/2022,4,0
9894,49,1002.04,31/12/2023,10,9
2498,49,744.90,31/05/2024,1,2
4141,49,810.20,30/12/2024,1,4
3697,49,665.31,30/11/2023,8,3
5768,49,806.12,30/12/2020,1,5
6860,49,691.84,31/08/2024,63,6
2125,49,1036.73,31/05/2025,40,2
7184,49,887.76,31/01/2025,51,7
1213,49,481.63,31/07/2023,33,1
8115,49,620.41,31/05/2025,32,8
9063,49,546.94,31/10/2023,2,9
6102,49,791.84,31/08/2024,13,6
2223,49,544.90,30/04/2025,3,2
9302,49,671.43,31/07/2023,2,9
9224,49,548.98,31/12/2023,9,9
2520,49,844.90,31/12/2023,7,2
4763,49,497.96,30/11/2024,34,4
4954,49,671.43,29/03/2023,121,4
1325,49,653.06,30/11/2024,11,1
9021,49,857.14,31/12/2021,106,9
0037,49,624.49,30/12/2024,0,0
0412,49,761.22,31/10/2025,16,0
0599,49,489.80,31/07/2023,11,0
4569,49,712.24,30/01/2023,3,4
5136,49,608.16,30/09/2020,10,5
1133,49,620.41,30/09/2023,21,1
0146,49,740.82,29/10/2022,127,0
2869,49,595.92,31/08/2025,3,2
0609,49,916.33,31/12/2021,28,0
7088,49,530.61,31/08/2022,82,7
9844,49,608.16,31/10/2025,3,9
7335,49,667.35,30/03/2023,7,7
6131,49,514.29,30/05/2022,77,6
0238,49,644.90,31/01/2025,8,0
2681,49,797.96,30/12/2023,4,2
3971,49,691.84,31/03/2023,88,3
3399,49,542.86,31/01/2023,7,3
9958,49,385.71,27/10/2024,37,9
1149,49,606.12,31/07/2022,25,1
2136,49,638.78,31/01/2023,61,2
0538,49,712.24,31/07/2025,22,0
6034,49,840.82,31/05/2023,32,6
0232,49,463.27,29/10/2025,21,0
1529,49,622.45,29/11/2024,20,1
2324,49,704.08,29/10/2024,16,2
9884,49,1081.63,29/08/2020,20,9
0937,49,628.57,31/10/2025,15,0
6252,49,595.92,30/09/2023,22,6
2849,49,795.92,31/03/2023,28,2
5125,49,555.10,29/08/2025,0,5
2656,49,830.61,30/11/2023,10,2
2844,49,332.65,31/03/2021,30,2
7250,49,622.45,30/05/2024,14,7
4065,49,632.65,30/08/2025,31,4
4514,49,679.59,26/12/2020,103,4
9276,49,400.00,31/08/2023,14,9
4009,49,785.71,31/08/2022,44,4
8841,49,632.65,31/05/2023,11,8
0465,49,900.00,31/07/2025,24,0
9984,49,675.51,30/10/2025,29,9
5694,49,920.41,31/12/2024,18,5
4941,49,667.35,31/08/2025,43,4
4429,49,738.78,31/08/2022,1,4
8690,49,883.67,31/12/2021,22,8
6296,49,993.88,31/07/2025,3,6
6308,49,530.61,30/07/2023,36,6
8627,49,720.41,31/01/2022,18,8
3516,49,659.18,31/05/2024,9,3
5856,49,957.14,31/05/2023,37,5
8906,49,606.12,30/12/2021,5,8
6522,49,704.08,29/12/2024,52,6
7229,49,708.16,31/10/2022,11,7
0152,49,579.59,31/12/2024,19,0
9765,49,934.69,30/03/2024,11,9
7411,49,744.90,29/10/2021,70,7
9652,49,422.45,31/08/2022,29,9
6870,49,734.69,31/07/2025,52,6
4945,49,863.27,29/10/2025,4,4
2397,49,577.55,30/11/2022,58,2
2087,49,808.16,30/11/2023,11,2
7457,49,936.73,31/10/2025,55,7
8506,49,430.61,31/07/2023,33,8
7292,49,442.86,30/10/2024,19,7
8430,49,795.92,31/07/2025,36,8
7409,49,869.39,31/03/2022,23,7
6114,49,885.71,31/03/2025,28,6
3150,49,667.35,30/08/2025,10,3
3208,49,779.59,31/12/2022,2,3
0216,49,859.18,31/12/2023,93,0
2655,49,606.12,31/12/2024,37,2
0353,49,800.00,31/12/2024,42,0
1545,49,557.14,30/09/2025,23,1
4289,49,710.20,30/06/2024,3,4
3390,49,530.61,31/05/2025,25,3
3891,49,842.86,31/08/2023,25,3
9551,49,873.47,30/08/2022,39,9
7089,49,846.94,31/07/2023,0,7
0691,49,536.73,29/09/2025,63,0
6916,49,602.04,30/12/2020,50,6
7652,49,357.14,31/10/2023,13,7
4272,49,638.78,30/06/2022,22,4
7857,49,934.69,30/11/2020,52,7
4283,49,675.51,30/11/2025,4,4
6456,49,626.53,30/04/2023,28,6
6792,49,740.82,31/10/2025,15,6
1916,49,793.88,30/08/2023,19,1
6858,49,604.08,31/08/2025,0,6
2576,49,724.49,31/10/2022,19,2
2585,49,838.78,29/11/2021,15,2
1105,49,812.24,31/08/2025,16,1
5012,49,397.96,31/07/2025,31,5
5011,49,812.24,30/09/2022,33,5
9809,49,732.65,31/10/2023,40,9
0350,49,404.08,30/12/2024,0,0
7309,49,461.22,31/03/2024,12,7
8372,49,767.35,30/11/2021,35,8
9101,49,393.88,31/12/2021,7,9
2333,49,718.37,30/08/2022,28,2
1086,49,834.69,29/12/2020,3,1
4376,49,555.10,30/10/2023,0,4
6875,49,628.57,29/10/2022,11,6
7345,49,775.51,31/12/2024,16,7
2795,49,961.22,30/09/2021,28,2
7113,49,753.06,29/07/2025,24,7
8564,49,1091.84,31/03/2025,42,8
6505,49,595.92,31/08/2022,24,6
6697,49,485.71,30/10/2023,12,6
3856,49,469.39,30/11/2025,8,3
4247,49,569.39,31/12/2024,6,4
5077,49,277.55,30/04/2024,52,5
0552,49,963.27,30/09/2025,5,0
8304,49,1063.27,31/03/2025,33,8
0633,49,834.69,31/10/2023,5,0
7322,49,738.78,31/10/2022,12,7
2447,49,471.43,31/01/2025,20,2
6193,49,828.57,31/01/2023,4,6
2647,49,679.59,31/08/2025,19,2
5864,49,281.63,30/09/2025,8,5
7291,49,704.08,31/03/2024,13,7
9043,49,844.90,31/01/2025,7,9
0919,49,785.71,30/08/2024,131,0
5490,49,483.67,30/12/2022,6,5
2971,49,759.18,29/07/2024,34,2
6567,49,591.84,30/12/2022,12,6
6125,49,579.59,30/08/2021,8,6
9237,49,681.63,30/12/2020,10,9
8860,49,667.35,31/08/2025,29,8
8973,49,979.59,30/12/2020,0,8
9793,49,675.51,31/01/2022,21,9
6201,49,612.24,30/03/2022,16,6
9529,49,622.45,31/12/2023,24,9
5202,49,851.02,30/11/2022,23,5
2717,49,851.02,31/05/2025,27,2
1300,49,734.69,30/12/2024,31,1
6041,49,626.53,30/10/2021,40,6
5251,49,589.80,31/01/2025,4,5
5667,49,744.90,29/09/2021,14,5
0511,49,600.00,31/01/2024,17,0
5204,49,504.08,31/12/2022,4,5
7366,49,630.61,31/08/2024,15,7
3395,49,1008.16,31/12/2022,0,3
2322,49,546.94,31/12/2022,49,2
5967,49,618.37,30/04/2025,24,5
7666,49,528.57,31/03/2024,4,7
9501,49,648.98,31/12/2022,42,9
6998,49,610.20,31/08/2023,16,6
3055,49,481.63,31/05/2022,14,3
2413,49,638.78,31/12/2023,5,2
3723,49,795.92,31/10/2024,3,3
6366,49,667.35,30/01/2021,3,6
4828,49,640.82,31/08/2025,1,4
4554,49,661.22,30/09/2021,13,4
8073,49,671.43,30/08/2021,36,8
5557,49,318.37,31/05/2023,2,5
0160,49,753.06,31/12/2022,3,0
2593,49,663.27,31/05/2025,23,2
3255,49,781.63,31/03/2025,28,3
4316,49,1018.37,31/12/2021,13,4
2412,49,371.43,30/11/2023,98,2
2245,49,665.31,30/08/2025,15,2
3198,49,646.94,30/09/2020,100,3
1313,49,722.45,31/01/2023,19,1
7646,49,855.10,31/08/2023,0,7
2581,49,671.43,31/12/2023,16,2
2425,49,1112.24,31/10/2025,13,2
5130,49,718.37,31/05/2024,24,5
8827,49,683.67,31/08/2025,41,8
1303,49,540.82,31/12/2024,41,1
4951,49,969.39,31/01/2024,43,4
4919,49,732.65,31/07/2022,17,4
0322,49,942.86,31/07/2023,80,0
6629,49,755.10,31/07/2023,7,6
8469,49,961.22,31/12/2022,0,8
2541,49,885.71,31/08/2023,10,2
1372,49,467.35,28/08/2023,33,1
6905,49,783.67,30/05/2022,64,6
0164,49,985.71,30/04/2022,15,0
3507,49,424.49,31/05/2024,3,3
5865,49,702.04,31/05/2024,13,5
2673,49,948.98,31/03/2025,7,2
3711,49,779.59,30/12/2022,15,3
7945,49,1079.59,31/07/2022,52,7
9919,49,1012.24,31/12/2023,53,9
0828,49,834.69,30/11/2021,11,0
7620,49,948.98,31/07/2025,6,7
3994,49,616.33,30/11/2025,11,3
6662,49,600.00,30/10/2025,32,6
6440,49,793.88,30/12/2022,170,6
0346,49,671.43,30/11/2021,17,0
9819,49,871.43,29/08/2022,1,9
6326,49,893.88,28/01/2025,16,6
1234,49,677.55,31/08/2024,11,1
2521,49,800.00,30/06/2022,37,2
9411,49,922.45,31/10/2024,93,9
7864,49,546.94,28/06/2025,15,7
5962,49,820.41,30/10/2023,6,5
5389,49,687.76,31/08/2025,59,5
2558,49,526.53,30/11/2021,0,2
9119,49,618.37,30/08/2024,41,9
3951,49,753.06,31/03/2021,92,3
0056,49,471.43,31/10/2023,61,0
9242,49,555.10,30/12/2021,46,9
7643,49,544.90,29/12/2022,38,7
4536,49,804.08,31/07/2025,67,4
5283,49,838.78,30/04/2025,65,5
6529,49,855.10,31/07/2023,79,6
8462,49,332.65,31/08/2024,5,8
0078,49,491.84,29/10/2025,12,0
0516,49,624.49,31/10/2024,76,0
1120,49,559.18,31/12/2022,0,1
9170,49,838.78,31/08/2022,3,9
1247,49,520.41,29/11/2023,8,1
8533,49,581.63,31/03/2024,131,8
7330,49,769.39,30/11/2025,13,7
8000,49,440.82,31/03/2024,20,8
0233,49,610.20,31/12/2023,11,0
3791,49,538.78,31/07/2025,13,3
6419,49,640.82,31/10/2022,111,6
6280,49,648.98,31/07/2023,15,6
9921,49,467.35,31/03/2024,18,9
3019,49,689.80,31/03/2022,13,3
8635,49,993.88,30/12/2021,8,8
7942,49,944.90,31/03/2023,26,7
9988,49,720.41,30/12/2021,5,9
7451,49,1208.16,31/10/2025,55,7
6209,49,793.88,30/09/2023,2,6
4160,49,720.41,31/07/2022,43,4
7908,49,367.35,30/10/2020,29,7
9737,49,1122.45,31/10/2023,13,9
1301,49,714.29,31/07/2025,14,1
4291,49,618.37,30/09/2025,2,4
1312,49,681.63,31/01/2025,3,1
0818,49,724.49,31/10/2025,19,0
0331,49,593.88,29/07/2022,1,0
0873,49,900.00,30/06/2023,12,0
5066,49,371.43,29/03/2024,81,5
7840,49,793.88,30/07/2021,99,7
8562,49,818.37,31/12/2024,5,8
5343,49,777.55,30/07/2022,15,5
0248,49,785.71,31/03/2023,31,0
7381,49,871.43,31/05/2024,6,7
7691,49,857.14,30/11/2020,6,7
2631,49,722.45,30/11/2024,44,2
9375,49,685.71,31/03/2023,43,9
8040,49,569.39,31/01/2024,0,8
2667,49,810.20,30/11/2023,22,2
9264,49,889.80,31/12/2022,36,9
9999,49,577.55,29/09/2024,19,9
0456,49,1024.49,29/12/2024,97,0
4018,49,689.80,30/06/2024,80,4
0026,49,659.18,30/12/2024,32,0
1642,49,946.94,31/12/2021,23,1
4306,49,1169.39,31/07/2022,2,4
7591,49,634.69,31/07/2022,3,7
9598,49,748.98,31/07/2022,27,9
0308,49,632.65,31/12/2024,8,0
0368,49,746.94,31/07/2023,38,0
7946,49,626.53,31/03/2022,51,7
9315,49,822.45,31/07/2025,7,9
3310,49,942.86,31/12/2023,14,3
1459,49,420.41,31/12/2022,41,1
2880,49,587.76,31/03/2024,1,2
1314,49,626.53,30/11/2024,2,1
4410,49,971.43,31/12/2023,0,4
9319,49,410.20,30/06/2025,27,9
5942,49,848.98,30/10/2024,62,5
8235,49,565.31,31/03/2021,21,8
8604,49,442.86,31/08/2022,58,8
3151,49,967.35,29/10/2024,31,3
7719,49,691.84,30/12/2023,17,7
3436,49,726.53,31/05/2022,3,3
3259,49,434.69,30/10/2020,1,3
1730,49,534.69,30/11/2021,3,1
8541,49,538.78,31/03/2022,29,8
7751,49,791.84,30/01/2025,11,7
5043,49,679.59,31/10/2023,48,5
4990,49,636.73,30/09/2024,3,4
6095,49,581.63,30/09/2022,46,6
3341,49,859.18,30/01/2024,1,3
5348,49,720.41,31/07/2022,4,5
6174,49,567.35,31/08/2025,2,6
2939,49,853.06,30/01/2024,5,2
7647,49,697.96,31/05/2025,40,7
1296,49,779.59,31/03/2023,42,1
6380,49,1159.18,31/08/2022,21,6
2353,49,879.59,31/10/2023,18,2
6479,49,953.06,30/06/2025,12,6
3090,49,512.24,29/12/2024,12,3
3501,49,791.84,31/12/2023,49,3
3368,49,567.35,30/10/2025,8,3
0179,49,597.96,31/08/2023,35,0
5485,49,342.86,31/10/2023,14,5
4149,49,600.00,30/09/2023,29,4
8119,49,614.29,31/10/2025,33,8
6126,49,563.27,31/10/2023,74,6
1563,49,448.98,31/10/2024,45,1
0031,48,806.25,30/09/2020,4,0
9030,48,802.08,31/05/2025,69,9
3365,48,545.83,31/05/2022,1,3
2943,48,758.33,30/05/2022,2,2
2690,48,854.17,30/01/2023,14,2
9011,48,708.33,31/03/2021,78,9
0193,48,581.25,30/01/2025,3,0
9046,48,925.00,31/07/2023,0,9
4199,48,689.58,31/07/2022,12,4
2217,48,1016.67,31/07/2023,5,2
3720,48,935.42,31/03/2023,52,3
0302,48,900.00,31/08/2023,1,0
7621,48,550.00,31/10/2024,43,7
2140,48,618.75,31/10/2025,55,2
5470,48,389.58,31/10/2023,66,5
3908,48,912.50,31/05/2022,43,3
2984,48,739.58,31/01/2022,16,2
7875,48,633.33,30/11/2020,14,7
6390,48,575.00,30/12/2024,16,6
3999,48,822.92,31/08/2024,83,3
1219,48,804.17,29/10/2023,14,1
7658,48,541.67,29/10/2024,21,7
8093,48,627.08,31/10/2025,32,8
4671,48,456.25,31/08/2022,5,4
0182,48,772.92,31/12/2024,50,0
3433,48,427.08,30/11/2025,26,3
9510,48,602.08,30/11/2025,25,9
6213,48,597.92,29/11/2023,37,6
6623,48,425.00,31/10/2023,30,6
4521,48,864.58,31/07/2025,4,4
0366,48,600.00,30/10/2020,4,0
6693,48,662.50,31/03/2023,2,6
7182,48,522.92,30/11/2025,13,7
9347,48,706.25,31/08/2025,3,9
6385,48,597.92,31/10/2023,77,6
8838,48,635.42,31/08/2025,47,8
1097,48,968.75,30/08/2025,7,1
3978,48,687.50,31/05/2022,40,3
5585,48,433.33,31/01/2024,10,5
2502,48,597.92,30/11/2025,26,2
8828,48,672.92,28/12/2020,11,8
0423,48,735.42,31/12/2023,102,0
6888,48,672.92,31/05/2023,5,6
7659,48,772.92,31/12/2022,19,7
3182,48,608.33,31/07/2022,68,3
4112,48,737.50,31/05/2022,71,4
2580,48,729.17,31/07/2023,4,2
4989,48,704.17,31/10/2022,21,4
0824,48,491.67,30/12/2022,3,0
8937,48,808.33,31/07/2025,0,8
0622,48,647.92,29/11/2024,16,0
3576,48,747.92,31/10/2025,7,3
8509,48,481.25,31/10/2024,15,8
8642,48,664.58,30/10/2021,90,8
6640,48,427.08,31/03/2023,45,6
5241,48,1104.17,31/12/2022,9,5
9247,48,556.25,28/10/2024,5,9
8619,48,695.83,30/07/2025,8,8
2528,48,902.08,30/08/2023,59,2
0596,48,706.25,30/12/2022,10,0
2616,48,593.75,30/04/2023,37,2
2264,48,610.42,31/07/2022,14,2
5252,48,845.83,31/01/2024,18,5
0674,48,516.67,30/12/2024,9,0
4440,48,956.25,30/11/2025,26,4
9325,48,1010.42,30/09/2024,24,9
5851,48,1220.83,31/12/2021,24,5
1044,48,770.83,29/10/2025,17,1
2276,48,716.67,31/10/2023,21,2
8849,48,820.83,31/03/2024,86,8
7855,48,825.00,30/09/2025,34,7
3669,48,472.92,30/09/2023,77,3
3371,48,800.00,30/07/2023,9,3
3922,48,737.50,30/09/2025,23,3
7632,48,650.00,31/03/2022,19,7
9076,48,479.17,29/12/2020,16,9
3895,48,641.67,30/03/2021,72,3
5225,48,547.92,31/03/2021,33,5
0379,48,514.58,31/12/2021,17,0
1216,48,589.58,30/10/2021,48,1
3344,48,739.58,30/12/2021,10,3
8187,48,352.08,31/05/2025,5,8
4413,48,443.75,31/08/2024,1,4
2709,48,543.75,31/10/2025,40,2
1651,48,856.25,31/05/2025,18,1
4677,48,854.17,30/03/2022,58,4
6641,48,1127.08,30/04/2024,25,6
8245,48,818.75,30/11/2025,3,8
4552,48,620.83,31/12/2023,31,4
4560,48,443.75,31/03/2025,4,4
2270,48,781.25,31/07/2025,19,2
9167,48,641.67,30/10/2025,0,9
3190,48,875.00,31/10/2023,69,3
2766,48,497.92,31/07/2025,10,2
0278,48,529.17,31/07/2025,7,0
1947,48,689.58,31/10/2022,6,1
3427,48,702.08,31/12/2024,21,3
3537,48,952.08,31/05/2025,35,3
4995,48,695.83,30/11/2023,12,4
2228,48,460.42,29/09/2025,34,2
5901,48,500.00,30/12/2021,63,5
2855,48,779.17,30/11/2025,13,2
0395,48,810.42,31/07/2022,18,0
9730,48,541.67,31/12/2023,5,9
6195,48,577.08,31/12/2024,0,6
9525,48,379.17,31/08/2025,6,9
9635,48,993.75,30/08/2022,28,9
2812,48,577.08,30/11/2024,8,2
7268,48,712.50,31/10/2024,22,7
0145,48,714.58,30/06/2025,2,0
7818,48,883.33,30/06/2025,10,7
1819,48,554.17,31/07/2025,7,1
5809,48,816.67,30/10/2022,27,5
8301,48,731.25,31/12/2024,37,8
8599,48,804.17,31/03/2021,42,8
2501,48,483.33,31/07/2025,1,2
1818,48,656.25,31/12/2022,9,1
3825,48,679.17,31/12/2024,0,3
4833,48,1152.08,30/11/2025,26,4
5249,48,560.42,31/12/2023,20,5
6081,48,660.42,30/12/2024,31,6
5121,48,864.58,30/05/2023,94,5
6973,48,841.67,31/10/2022,40,6
0921,48,629.17,31/10/2024,88,0
3678,48,695.83,30/12/2021,16,3
4769,48,752.08,30/11/2023,31,4
8391,48,581.25,31/05/2022,76,8
6070,48,597.92,31/05/2024,6,6
4239,48,952.08,31/05/2023,11,4
1769,48,920.83,31/12/2023,29,1
7912,48,483.33,31/01/2023,5,7
3776,48,666.67,30/04/2025,37,3
4394,48,754.17,31/10/2025,5,4
6862,48,452.08,31/05/2025,8,6
3327,48,983.33,29/01/2023,1,3
9808,48,470.83,31/03/2022,16,9
7041,48,1033.33,31/05/2022,2,7
2843,48,612.50,30/07/2021,50,2
8516,48,591.67,31/12/2023,14,8
3080,48,358.33,31/12/2021,2,3
1484,48,658.33,31/07/2025,9,1
4048,48,585.42,30/09/2025,4,4
6542,48,627.08,31/05/2024,18,6
9140,48,925.00,30/09/2020,1,9
9132,48,572.92,29/09/2025,13,9
4008,48,847.92,29/06/2022,37,4
6976,48,706.25,30/09/2025,76,6
1412,48,718.75,30/11/2025,26,1
9633,48,700.00,30/10/2022,40,9
1539,48,443.75,30/09/2025,5,1
5279,48,712.50,31/03/2021,0,5
5378,48,627.08,31/05/2023,10,5
1339,48,614.58,31/07/2022,62,1
4400,48,822.92,31/05/2023,83,4
4280,48,585.42,30/10/2025,1,4
8681,48,458.33,30/11/2022,54,8
6617,48,666.67,29/05/2023,12,6
4238,48,325.00,30/09/2020,2,4
3673,48,987.50,31/07/2022,10,3
2531,48,620.83,31/01/2022,1,2
2814,48,1062.50,31/10/2022,12,2
9987,48,458.33,31/07/2023,13,9
2839,48,422.92,30/07/2023,9,2
7548,48,477.08,31/01/2024,0,7
0997,48,562.50,31/10/2025,55,0
0750,48,677.08,31/01/2024,5,0
3256,48,918.75,30/12/2021,8,3
9164,48,612.50,31/10/2025,7,9
5444,48,1293.75,29/08/2025,3,5
4397,48,504.17,30/05/2025,27,4
5335,48,729.17,31/07/2023,0,5
2189,48,481.25,30/06/2022,24,2
4062,48,610.42,31/07/2025,48,4
1828,48,706.25,31/08/2022,6,1
1055,48,1145.83,30/06/2025,5,1
2385,48,425.00,31/07/2022,7,2
8808,48,454.17,31/03/2023,2,8
3095,48,687.50,31/10/2023,90,3
8613,48,581.25,30/12/2024,4,8
6820,48,662.50,31/10/2023,73,6
8926,48,916.67,29/06/2023,21,8
5232,48,633.33,30/09/2022,8,5
0276,48,654.17,31/08/2024,25,0
6691,48,645.83,30/10/2023,0,6
2067,48,897.92,31/12/2021,21,2
7602,48,437.50,31/07/2025,10,7
3957,48,718.75,29/12/2023,18,3
5168,48,745.83,31/07/2022,4,5
7989,48,970.83,30/10/2024,2,7
3814,48,672.92,30/07/2021,28,3
5355,48,870.83,31/10/2024,13,5
0827,48,664.58,31/01/2024,36,0
2830,48,993.75,31/08/2025,96,2
6636,48,658.33,30/05/2023,33,6
5268,48,522.92,31/03/2025,64,5
6624,48,568.75,31/07/2022,28,6
9268,48,843.75,27/02/2025,4,9
6946,48,456.25,30/11/2024,24,6
7858,48,495.83,31/08/2023,4,7
0766,48,1145.83,31/08/2025,32,0
9359,48,658.33,31/07/2022,1,9
2483,48,775.00,31/10/2025,55,2
6709,48,1343.75,30/05/2025,12,6
7476,48,318.75,31/01/2025,28,7
3096,48,700.00,31/05/2022,29,3
6928,48,333.33,31/10/2024,14,6
3733,48,675.00,30/03/2022,0,3
5803,48,639.58,30/11/2023,3,5
3813,48,864.58,29/10/2025,2,3
5024,48,1068.75,30/07/2022,0,5
4142,48,552.08,30/05/2025,1,4
1878,48,391.67,30/08/2022,16,1
2990,48,827.08,30/11/2020,107,2
5124,48,783.33,31/08/2024,10,5
0064,48,422.92,31/10/2023,1,0
1089,48,462.50,30/07/2025,57,1
4934,48,1027.08,31/05/2025,3,4
2231,48,550.00,30/07/2021,19,2
8863,48,772.92,30/12/2023,65,8
5815,48,543.75,30/12/2021,7,5
1848,48,847.92,31/08/2022,15,1
8739,48,631.25,31/12/2022,20,8
0141,48,681.25,31/01/2023,36,0
2062,48,716.67,29/11/2025,27,2
0163,48,645.83,31/12/2021,38,0
5656,48,787.50,31/03/2025,73,5
8843,48,772.92,30/08/2021,22,8
3168,48,829.17,30/01/2025,43,3
2598,48,981.25,30/09/2024,5,2
5392,48,891.67,30/08/2023,4,5
7236,48,541.67,31/10/2025,55,7
0404,48,552.08,30/07/2024,0,0
5162,48,675.00,31/10/2025,7,5
3005,48,831.25,31/08/2022,67,3
0592,48,741.67,30/08/2025,42,0
9309,48,647.92,31/03/2021,47,9
7535,48,762.50,31/08/2025,54,7
8461,48,602.08,31/03/2023,31,8
2313,48,595.83,31/08/2024,10,2
5284,48,462.50,30/11/2025,26,5
6136,48,706.25,31/07/2025,18,6
5057,48,683.33,30/10/2021,13,5
7064,48,800.00,31/07/2025,41,7
3309,48,883.33,30/03/2021,0,3
5988,48,708.33,30/12/2020,9,5
7336,48,550.00,30/07/2024,21,7
2890,48,339.58,30/11/2021,9,2
4456,48,837.50,31/05/2025,31,4
0898,48,441.67,31/12/2023,66,0
0208,48,675.00,29/09/2022,0,0
3414,48,489.58,31/05/2025,8,3
6375,48,641.67,30/11/2020,13,6
4764,48,554.17,30/12/2024,3,4
9100,48,1229.17,31/03/2025,8,9
7782,48,633.33,31/01/2023,7,7
5427,48,758.33,30/12/2021,28,5
7728,48,735.42,31/10/2022,23,7
9446,48,939.58,31/05/2024,20,9
0501,48,522.92,30/12/2022,9,0
0272,48,462.50,31/10/2024,23,0
6944,48,635.42,31/08/2024,87,6
4158,48,512.50,29/08/2025,10,4
9610,48,668.75,30/10/2020,118,9
2426,48,718.75,31/08/2023,108,2
9031,48,895.83,31/12/2022,31,9
9048,48,785.42,30/11/2025,3,9
8049,48,602.08,30/10/2020,28,8
6015,48,725.00,31/07/2023,10,6
5516,48,395.83,29/10/2025,23,5
7306,48,927.08,30/09/2022,13,7
2627,48,635.42,30/11/2025,26,2
6345,48,658.33,31/10/2023,43,6
0593,48,760.42,31/12/2023,29,0
9555,48,629.17,31/08/2023,22,9
7325,48,493.75,31/10/2023,26,7
5311,48,793.75,31/07/2025,41,5
1479,48,875.00,30/08/2025,22,1
5663,48,760.42,31/07/2025,8,5
1514,48,704.17,31/05/2025,42,1
3612,48,616.67,31/08/2022,14,3
1630,48,666.67,30/10/2025,10,1
5697,48,670.83,30/01/2024,9,5
3472,48,658.33,28/12/2024,9,3
4942,48,672.92,31/12/2021,45,4
7237,48,454.17,31/12/2021,1,7
1873,48,685.42,30/10/2021,17,1
2900,48,777.08,31/08/2025,22,2
6424,48,487.50,31/07/2023,58,6
1126,48,562.50,31/01/2022,25,1
6353,48,1077.08,30/08/2025,23,6
4802,48,679.17,30/07/2025,12,4
6614,48,689.58,31/08/2023,48,6
3907,48,422.92,30/12/2023,5,3
8992,48,695.83,31/10/2022,10,8
2225,48,725.00,31/07/2022,15,2
3167,48,575.00,30/05/2025,12,3
4487,48,733.33,31/03/2025,9,4
1842,48,566.67,31/03/2021,10,1
5560,48,750.00,31/10/2024,12,5
6863,48,802.08,31/10/2024,81,6
5133,48,952.08,31/07/2025,17,5
4363,48,462.50,31/12/2022,2,4
7168,48,579.17,31/08/2023,30,7
3056,48,545.83,31/08/2024,4,3
5091,48,658.33,31/10/2022,7,5
3686,48,497.92,31/07/2023,21,3
7122,48,362.50,31/12/2023,5,7
6661,48,558.33,29/11/2021,37,6
9719,48,762.50,31/05/2024,21,9
2623,48,770.83,30/11/2021,35,2
1781,48,693.75,29/09/2021,10,1
9464,48,727.08,31/08/2023,27,9
6118,48,881.25,31/10/2025,26,6
4766,48,827.08,29/04/2021,66,4
8347,48,558.33,30/04/2025,65,8
0356,48,600.00,31/10/2024,6,0
3808,48,883.33,31/10/2025,7,3
0895,48,916.67,31/07/2022,24,0
6292,48,537.50,31/08/2024,6,6
4254,48,618.75,30/11/2021,17,4
3514,48,645.83,30/06/2025,64,3
1349,48,1335.42,31/01/2024,0,1
4591,48,645.83,31/07/2025,40,4
8177,48,754.17,31/12/2024,49,8
1114,48,816.67,31/10/2023,106,1
7847,48,656.25,28/11/2022,23,7
8593,48,654.17,30/12/2021,78,8
4841,48,789.58,30/05/2025,13,4
9912,48,452.08,31/10/2025,37,9
7933,48,539.58,30/01/2024,32,7
0241,48,714.58,30/08/2025,2,0
8732,48,639.58,28/10/2025,49,8
7329,48,618.75,30/10/2022,29,7
6234,48,681.25,31/07/2022,24,6
1262,48,864.58,31/07/2023,0,1
3983,48,683.33,31/10/2025,30,3
1116,48,654.17,29/10/2021,68,1
6698,48,689.58,31/03/2025,18,6
6531,48,627.08,31/12/2022,3,6
6189,48,789.58,30/07/2021,12,6
8770,48,581.25,30/09/2024,7,8
1911,48,656.25,31/01/2025,1,1
8502,48,502.08,31/12/2024,34,8
1143,48,750.00,30/04/2024,10,1
4700,48,681.25,28/03/2024,35,4
2149,48,885.42,31/01/2024,35,2
2075,48,645.83,30/10/2023,2,2
1299,48,543.75,31/07/2023,2,1
2584,48,679.17,31/08/2025,27,2
6480,48,543.75,30/12/2020,34,6
8767,48,943.75,27/09/2024,12,8
3011,48,758.33,30/09/2021,8,3
2500,48,531.25,31/05/2025,11,2
7166,48,635.42,31/07/2023,98,7
9807,48,452.08,31/08/2025,27,9
2965,48,518.75,29/12/2022,1,2
6703,48,487.50,31/08/2025,11,6
1319,48,914.58,30/11/2024,35,1
6816,48,670.83,31/10/2022,37,6
0479,48,464.58,30/06/2022,17,0
3628,48,777.08,31/01/2025,2,3
3175,48,879.17,30/11/2020,3,3
7645,48,412.50,30/11/2024,96,7
6006,48,904.17,31/08/2025,51,6
9445,48,593.75,30/01/2024,17,9
5400,48,381.25,30/04/2025,70,5
7515,48,600.00,31/08/2025,103,7
4762,48,941.67,31/08/2025,9,4
9935,48,875.00,31/07/2022,70,9
0209,48,468.75,31/07/2025,33,0
6653,48,710.42,30/12/2023,25,6
3284,48,614.58,30/12/2024,12,3
7449,48,716.67,31/10/2023,24,7
4309,48,520.83,31/01/2024,33,4
5906,48,827.08,30/10/2024,24,5
9384,48,295.83,30/08/2022,0,9
1413,48,735.42,30/12/2021,4,1
0524,48,652.08,30/07/2024,36,0
1798,48,431.25,30/11/2025,3,1
0162,48,802.08,31/10/2024,47,0
9487,48,406.25,31/10/2024,41,9
8932,48,935.42,30/08/2025,2,8
8922,48,885.42,31/10/2022,41,8
2436,48,614.58,28/11/2023,12,2
3083,48,497.92,30/12/2021,18,3
2290,48,495.83,30/09/2024,11,2
1527,48,525.00,29/05/2025,66,1
8748,48,781.25,31/07/2022,33,8
8672,48,658.33,31/03/2022,16,8
8996,48,879.17,29/05/2022,49,8
9522,48,756.25,31/12/2022,18,9
5822,48,679.17,30/07/2021,15,5
3004,48,629.17,30/01/2024,8,3
6017,48,716.67,31/12/2021,10,6
5421,48,839.58,31/07/2025,54,5
9010,48,464.58,29/12/2024,0,9
8710,48,331.25,31/12/2021,18,8
3547,48,1220.83,30/11/2025,0,3
9374,48,581.25,30/11/2022,69,9
1439,48,885.42,31/10/2024,24,1
7402,48,545.83,31/12/2021,74,7
0259,48,656.25,31/10/2023,4,0
3364,48,531.25,31/01/2022,8,3
3608,48,616.67,30/12/2021,25,3
4068,48,870.83,30/11/2024,10,4
4894,48,589.58,31/07/2022,40,4
9739,48,1241.67,31/01/2022,0,9
5674,48,345.83,31/05/2022,2,5
3483,48,887.50,31/12/2023,8,3
9289,48,595.83,30/12/2022,14,9
8233,48,650.00,30/07/2024,3,8
5048,48,643.75,31/01/2023,107,5
4111,48,377.08,31/12/2024,2,4
6683,48,670.83,31/12/2021,52,6
1102,48,360.42,31/07/2023,19,1
4465,48,900.00,31/01/2022,13,4
6872,48,768.75,30/01/2025,11,6
7189,48,739.58,30/11/2022,72,7
4151,48,643.75,30/06/2022,9,4
0005,48,602.08,31/10/2022,47,0
7393,48,604.17,31/10/2025,9,7
7835,48,566.67,31/07/2025,23,7
6481,48,1093.75,31/01/2024,5,6
9256,48,683.33,31/10/2025,6,9
3590,48,543.75,31/05/2025,79,3
8751,48,414.58,31/07/2025,6,8
7086,48,872.92,29/08/2025,28,7
6175,48,687.50,30/10/2025,11,6
7734,48,556.25,31/10/2025,55,7
9644,48,510.42,31/08/2022,30,9
0626,48,683.33,29/04/2022,1,0
3082,48,425.00,31/08/2023,69,3
1373,48,818.75,31/03/2022,6,1
7587,48,716.67,30/09/2024,12,7
8691,48,566.67,30/07/2025,3,8
2135,48,622.92,31/05/2025,35,2
0201,48,681.25,31/10/2024,3,0
9895,48,512.50,31/10/2023,22,9
3504,48,647.92,31/03/2022,59,3
5231,48,606.25,30/09/2021,30,5
1622,48,606.25,31/07/2023,60,1
1284,48,564.58,31/05/2024,7,1
9150,48,725.00,31/10/2022,5,9
3027,48,531.25,31/10/2022,0,3
3376,48,395.83,31/01/2024,11,3
3085,48,312.50,31/10/2023,46,3
4198,48,537.50,30/03/2023,41,4
7255,48,725.00,29/12/2020,59,7
4756,48,306.25,31/08/2025,2,4
5998,48,683.33,29/04/2024,94,5
7559,48,852.08,30/12/2023,65,7
9890,48,768.75,29/04/2024,16,9
0220,48,341.67,31/10/2025,55,0
1624,48,577.08,30/09/2024,9,1
0759,48,652.08,30/09/2025,2,0
4540,48,879.17,30/04/2021,25,4
0413,48,577.08,31/10/2023,24,0
5513,48,568.75,30/09/2024,30,5
1835,48,881.25,31/12/2023,57,1
2545,48,797.92,30/08/2025,23,2
0627,48,754.17,29/08/2024,3,0
7677,48,743.75,30/03/2023,15,7
7970,48,577.08,30/09/2024,46,7
9321,48,479.17,31/07/2022,59,9
4923,48,916.67,30/07/2024,1,4
7347,48,762.50,31/05/2025,26,7
4098,48,558.33,27/10/2021,8,4
1260,48,627.08,31/03/2023,5,1
5545,48,741.67,30/07/2022,19,5
3404,48,729.17,31/12/2022,42,3
0315,48,902.08,31/08/2023,11,0
6507,48,335.42,30/07/2025,25,6
0559,48,868.75,30/11/2024,30,0
8721,48,597.92,30/04/2024,4,8
7339,48,552.08,31/01/2025,9,7
8309,48,675.00,30/03/2023,8,8
9514,48,831.25,30/11/2023,19,9
3463,48,575.00,31/03/2023,2,3
1925,48,583.33,31/12/2024,45,1
5522,48,464.58,30/08/2021,12,5
5068,48,883.33,30/10/2020,96,5
9327,48,775.00,31/01/2025,23,9
2175,48,714.58,31/12/2024,64,2
9650,48,697.92,31/10/2025,7,9
0206,48,616.67,29/12/2020,1,0
4119,48,745.83,29/12/2022,5,4
1424,48,787.50,30/11/2021,1,1
9986,48,791.67,31/10/2022,66,9
3333,48,806.25,31/05/2022,18,3
4015,48,658.33,31/08/2025,17,4
1723,48,485.42,30/11/2022,21,1
5177,48,512.50,31/03/2025,2,5
4742,48,947.92,29/12/2021,11,4
9964,48,912.50,30/12/2024,20,9
6192,48,691.67,31/10/2025,22,6
8463,48,479.17,31/07/2025,47,8
5318,48,425.00,30/10/2021,16,5
6397,48,725.00,31/07/2022,109,6
6002,48,833.33,29/10/2022,0,6
4409,48,847.92,30/12/2022,1,4
3339,48,797.92,31/05/2022,111,3
7287,48,493.75,30/01/2024,49,7
2261,48,437.50,30/11/2024,9,2
0912,48,487.50,30/09/2022,8,0
9830,48,677.08,30/03/2022,23,9
2604,48,806.25,30/08/2025,8,2
6439,48,1131.25,30/08/2021,1,6
0557,48,766.67,31/12/2024,9,0
6583,48,450.00,31/08/2025,16,6
6071,48,570.83,29/11/2024,13,6
3870,48,939.58,30/11/2021,71,3
9423,48,877.08,28/09/2024,12,9
2119,48,654.17,29/01/2023,35,2
9665,48,662.50,30/12/2020,44,9
4967,48,441.67,31/01/2022,49,4
5238,48,1060.42,31/12/2022,4,5
6643,48,606.25,31/10/2025,37,6
8575,48,650.00,31/05/2023,105,8
9147,48,720.83,31/08/2025,69,9
7015,48,579.17,30/09/2021,87,7
3117,48,541.67,31/05/2024,108,3
3349,48,362.50,31/12/2021,36,3
1468,48,481.25,31/08/2025,14,1
9203,48,606.25,30/09/2023,46,9
2974,48,831.25,31/12/2023,5,2
2221,48,552.08,30/12/2024,29,2
2967,48,877.08,31/05/2023,64,2
0283,48,729.17,30/03/2023,27,0
9494,47,453.19,31/08/2025,2,9
5175,47,1197.87,30/11/2021,7,5
6212,47,740.43,29/08/2025,0,6
6512,47,808.51,30/11/2022,38,6
7956,47,478.72,31/10/2025,24,7
3897,47,644.68,30/08/2021,14,3
9726,47,976.60,31/01/2024,7,9
2445,47,489.36,30/08/2025,2,2
8998,47,536.17,31/07/2022,20,8
6457,47,734.04,31/03/2025,37,6
7626,47,676.60,31/07/2023,16,7
3140,47,589.36,31/01/2022,2,3
9396,47,636.17,31/07/2022,58,9
5219,47,742.55,31/10/2022,44,5
8219,47,812.77,30/11/2024,18,8
5222,47,638.30,31/05/2025,60,5
3655,47,672.34,30/05/2023,23,3
5842,47,378.72,30/09/2023,151,5
0772,47,700.00,30/12/2021,3,0
8300,47,700.00,30/09/2021,58,8
9201,47,610.64,30/01/2025,31,9
9324,47,1040.43,30/04/2021,2,9
6943,47,682.98,28/12/2021,19,6
5076,47,493.62,30/07/2023,19,5
4349,47,861.70,31/12/2023,9,4
9573,47,363.83,30/06/2024,31,9
8267,47,808.51,31/07/2025,3,8
7208,47,608.51,30/07/2022,1,7
8871,47,829.79,31/07/2025,50,8
4216,47,782.98,31/07/2022,56,4
3498,47,702.13,31/10/2023,64,3
8886,47,674.47,26/04/2022,46,8
3756,47,719.15,30/11/2022,33,3
9049,47,434.04,31/05/2023,136,9
0970,47,740.43,31/12/2022,5,0
9328,47,395.74,31/08/2025,30,9
9074,47,470.21,31/01/2022,1,9
9146,47,706.38,30/09/2022,23,9
8935,47,529.79,29/12/2020,31,8
2274,47,976.60,30/07/2023,9,2
7491,47,723.40,31/10/2023,2,7
9874,47,519.15,30/08/2025,84,9
5459,47,653.19,31/03/2024,35,5
2465,47,355.32,31/12/2023,1,2
2650,47,800.00,31/10/2023,1,2
7917,47,821.28,29/12/2022,42,7
6839,47,904.26,30/12/2021,19,6
5689,47,793.62,28/12/2022,5,5
3031,47,438.30,31/12/2022,11,3
6798,47,761.70,31/12/2024,46,6
2014,47,704.26,31/07/2025,13,2
9502,47,957.45,31/07/2025,34,9
3877,47,1087.23,30/12/2020,95,3
2735,47,848.94,31/10/2022,73,2
5987,47,670.21,30/12/2024,47,5
5406,47,576.60,30/05/2023,12,5
3630,47,863.83,30/12/2023,32,3
7860,47,751.06,30/12/2022,5,7
2419,47,595.74,31/07/2022,114,2
0663,47,738.30,30/05/2023,7,0
4997,47,865.96,31/12/2022,26,4
0835,47,517.02,31/10/2022,17,0
0301,47,765.96,31/01/2024,8,0
2697,47,668.09,30/03/2025,6,2
7365,47,446.81,31/03/2024,1,7
0506,47,297.87,30/12/2020,13,0
9109,47,851.06,30/08/2022,0,9
2073,47,682.98,31/08/2023,0,2
3841,47,829.79,29/09/2025,34,3
7884,47,714.89,30/09/2020,5,7
6403,47,719.15,30/09/2020,1,6
7939,47,557.45,31/08/2025,44,7
7179,47,621.28,31/08/2025,49,7
0430,47,531.91,31/08/2025,45,0
2350,47,787.23,30/11/2025,26,2
1811,47,661.70,31/07/2023,37,1
0938,47,819.15,30/10/2023,30,0
2815,47,702.13,31/05/2023,46,2
2702,47,795.74,30/01/2024,9,2
2243,47,965.96,30/08/2022,40,2
8666,47,591.49,31/12/2024,20,8
7885,47,906.38,31/01/2024,20,7
9286,47,459.57,30/12/2023,21,9
9981,47,651.06,31/07/2025,58,9
8968,47,714.89,30/10/2025,18,8
4572,47,919.15,31/10/2022,25,4
6972,47,540.43,30/11/2021,21,6
5003,47,465.96,30/11/2023,0,5
2004,47,653.19,28/11/2024,47,2
7713,47,1117.02,30/12/2022,58,7
7975,47,853.19,31/01/2025,10,7
7723,47,678.72,31/05/2025,10,7
3958,47,995.74,31/10/2025,8,3
4367,47,517.02,31/10/2023,6,4
6393,47,355.32,31/12/2021,5,6
6947,47,523.40,30/11/2025,26,6
6207,47,538.30,30/09/2025,21,6
3065,47,829.79,30/11/2021,27,3
4629,47,927.66,31/10/2022,1,4
6883,47,861.70,31/01/2025,21,6
3503,47,627.66,31/01/2024,1,3
1912,47,646.81,30/04/2024,2,1
3263,47,746.81,30/03/2022,10,3
6157,47,870.21,30/10/2021,22,6
6400,47,685.11,31/05/2023,38,6
5859,47,680.85,29/03/2021,38,5
1720,47,689.36,31/10/2025,18,1
9036,47,1102.13,30/07/2024,86,9
6169,47,521.28,31/01/2024,2,6
7295,47,557.45,31/03/2021,21,7
1643,47,610.64,30/09/2025,1,1
1263,47,685.11,31/12/2024,75,1
8529,47,791.49,31/10/2023,6,8
5164,47,895.74,31/07/2022,43,5
5476,47,578.72,28/10/2023,19,5
9474,47,534.04,30/09/2023,49,9
9096,47,751.06,31/01/2025,2,9
7951,47,614.89,31/05/2024,8,7
9360,47,555.32,31/03/2023,44,9
7302,47,823.40,30/11/2024,44,7
8388,47,1068.09,31/10/2023,27,8
3318,47,787.23,30/10/2023,20,3
2841,47,812.77,30/09/2025,39,2
3844,47,697.87,30/09/2022,13,3
3677,47,859.57,31/01/2023,59,3
2323,47,397.87,30/12/2021,56,2
0250,47,648.94,31/10/2024,4,0
6961,47,438.30,30/09/2025,22,6
0070,47,565.96,30/12/2024,13,0
7549,47,738.30,31/12/2024,101,7
3755,47,542.55,30/10/2025,2,3
6731,47,576.60,29/10/2021,38,6
9661,47,553.19,28/11/2025,10,9
1342,47,680.85,30/06/2025,8,1
3277,47,791.49,29/10/2022,13,3
8241,47,529.79,30/11/2025,26,8
7610,47,602.13,31/12/2022,21,7
2360,47,853.19,30/11/2025,26,2
3235,47,663.83,30/11/2020,8,3
0740,47,597.87,31/07/2023,1,0
7492,47,842.55,31/08/2024,45,7
8080,47,342.55,30/07/2022,9,8
0450,47,997.87,31/08/2023,129,0
9849,47,819.15,31/07/2023,37,9
5044,47,831.91,31/07/2025,42,5
1797,47,582.98,31/08/2025,18,1
6256,47,734.04,27/06/2023,20,6
3984,47,846.81,31/12/2024,19,3
5777,47,542.55,30/08/2025,3,5
2391,47,461.70,31/08/2022,5,2
6032,47,604.26,31/01/2022,1,6
6713,47,787.23,28/08/2023,22,6
1045,47,582.98,31/08/2022,39,1
0551,47,504.26,31/05/2025,35,0
9503,47,425.53,30/01/2023,13,9
9534,47,423.40,30/11/2025,0,9
4194,47,729.79,31/12/2023,24,4
5356,47,785.11,27/11/2025,29,5
5065,47,617.02,30/09/2025,42,5
9923,47,468.09,31/01/2023,68,9
8421,47,710.64,29/09/2023,14,8
5889,47,514.89,31/08/2025,20,5
9338,47,676.60,31/12/2022,0,9
1550,47,725.53,31/05/2025,11,1
0121,47,789.36,31/12/2021,23,0
8612,47,625.53,30/06/2022,0,8
0809,47,665.96,30/06/2024,7,0
5772,47,461.70,30/05/2022,1,5
3307,47,634.04,29/11/2023,0,3
3336,47,700.00,31/12/2021,23,3
9366,47,959.57,30/08/2021,24,9
4556,47,755.32,31/05/2024,1,4
3508,47,587.23,31/10/2025,4,3
9560,47,789.36,30/04/2025,30,9
0855,47,714.89,30/08/2025,74,0
4915,47,344.68,30/10/2021,71,4
1689,47,712.77,31/10/2024,21,1
5051,47,561.70,31/12/2023,6,5
2871,47,774.47,29/08/2020,2,2
5742,47,1004.26,30/11/2025,26,5
0893,47,672.34,30/12/2023,75,0
1158,47,710.64,30/06/2025,2,1
9907,47,814.89,31/05/2025,78,9
4115,47,551.06,29/11/2021,5,4
7896,47,1200.00,31/03/2025,25,7
9041,47,721.28,31/08/2023,47,9
7480,47,787.23,31/12/2021,37,7
7757,47,1012.77,30/05/2024,22,7
3015,47,959.57,30/08/2025,44,3
8446,47,836.17,31/10/2024,22,8
9344,47,378.72,31/10/2024,10,9
4181,47,938.30,30/10/2022,13,4
2375,47,521.28,31/10/2024,109,2
4095,47,763.83,31/10/2025,2,4
3260,47,685.11,29/09/2024,28,3
7093,47,657.45,31/07/2025,21,7
1810,47,897.87,31/12/2021,21,1
1660,47,597.87,30/08/2025,34,1
9299,47,640.43,29/11/2024,23,9
1943,47,704.26,31/01/2025,1,1
4050,47,606.38,31/01/2023,1,4
9163,47,563.83,30/10/2023,2,9
0407,47,453.19,30/11/2021,20,0
6952,47,704.26,31/03/2024,22,6
5396,47,829.79,29/08/2024,22,5
5804,47,755.32,30/01/2024,32,5
8914,47,504.26,30/08/2025,42,8
5837,47,423.40,30/11/2023,20,5
8135,47,451.06,31/01/2025,1,8
2801,47,914.89,31/10/2024,3,2
6701,47,551.06,30/12/2023,3,6
0159,47,319.15,31/05/2025,17,0
3389,47,555.32,31/03/2024,76,3
9828,47,514.89,31/12/2024,48,9
9133,47,710.64,30/11/2024,7,9
1018,47,500.00,30/07/2025,6,1
7425,47,578.72,31/12/2021,14,7
8410,47,727.66,31/10/2024,25,8
1368,47,474.47,30/08/2024,0,1
7534,47,989.36,31/05/2022,117,7
4559,47,410.64,31/07/2022,11,4
7477,47,504.26,31/05/2023,56,7
4800,47,1010.64,31/05/2025,7,4
5503,47,680.85,30/09/2020,0,5
5482,47,442.55,31/12/2021,13,5
8565,47,991.49,31/12/2024,16,8
8116,47,576.60,31/07/2022,7,8
6544,47,438.30,31/12/2021,1,6
2199,47,821.28,31/08/2024,5,2
3484,47,719.15,31/08/2025,8,3
6429,47,774.47,31/07/2023,35,6
2448,47,619.15,31/12/2022,24,2
1560,47,874.47,31/10/2022,13,1
0063,47,497.87,31/08/2022,26,0
8270,47,782.98,31/01/2024,24,8
8113,47,621.28,31/08/2025,6,8
6123,47,476.60,30/08/2025,5,6
8528,47,572.34,31/10/2024,8,8
2896,47,642.55,30/04/2023,0,2
2198,47,727.66,31/07/2025,3,2
2459,47,731.91,31/05/2023,41,2
5234,47,444.68,31/08/2023,8,5
8652,47,1002.13,30/01/2025,11,8
3899,47,953.19,31/08/2023,21,3
1958,47,804.26,30/10/2021,3,1
4697,47,674.47,30/11/2025,22,4
8614,47,819.15,31/01/2024,2,8
8030,47,1004.26,30/04/2023,9,8
1265,47,1055.32,31/01/2022,35,1
5828,47,453.19,31/10/2022,3,5
1617,47,646.81,30/08/2025,4,1
1620,47,821.28,31/03/2023,50,1
2911,47,721.28,30/10/2023,23,2
3488,47,453.19,31/01/2024,31,3
3940,47,574.47,31/03/2022,52,3
7531,47,423.40,30/08/2023,77,7
5416,47,780.85,29/11/2023,6,5
1820,47,1085.11,31/03/2022,19,1
4790,47,721.28,28/10/2024,16,4
2660,47,897.87,31/05/2025,0,2
2154,47,725.53,30/10/2020,27,2
4581,47,536.17,30/06/2024,7,4
9061,47,778.72,30/03/2022,102,9
8523,47,774.47,26/02/2022,3,8
7230,47,319.15,31/08/2023,64,7
2402,47,585.11,30/06/2024,28,2
9961,47,761.70,31/08/2023,63,9
4535,47,748.94,31/12/2022,0,4
3205,47,776.60,30/12/2024,9,3
7412,47,429.79,31/03/2024,12,7
1659,47,642.55,31/10/2023,91,1
0095,47,685.11,30/11/2023,4,0
4084,47,338.30,31/12/2024,36,4
4328,47,459.57,30/09/2021,46,4
2351,47,502.13,31/05/2025,9,2
7107,47,602.13,31/10/2023,1,7
8378,47,406.38,31/05/2022,2,8
1376,47,417.02,30/10/2024,8,1
0922,47,442.55,31/01/2022,6,0
4412,47,425.53,31/08/2023,4,4
0572,47,553.19,31/07/2025,10,0
4489,47,806.38,30/08/2024,17,4
7865,47,744.68,30/11/2025,26,7
2866,47,336.17,31/03/2024,60,2
0625,47,359.57,30/11/2023,40,0
6492,47,831.91,30/11/2021,2,6
6575,47,812.77,31/07/2025,0,6
3559,47,780.85,31/10/2022,24,3
4839,47,465.96,31/01/2023,85,4
6474,47,744.68,30/09/2023,60,6
0722,47,557.45,31/10/2022,15,0
5090,47,602.13,31/08/2023,3,5
8862,47,534.04,30/04/2023,17,8
7392,47,721.28,31/12/2022,4,7
7968,47,710.64,31/03/2024,21,7
6611,47,834.04,30/09/2021,15,6
1667,47,982.98,31/01/2022,48,1
3252,47,725.53,31/12/2023,6,3
4466,47,278.72,31/01/2025,5,4
9183,47,540.43,30/12/2022,50,9
0394,47,942.55,30/11/2024,79,0
2665,47,904.26,29/05/2023,53,2
5810,47,370.21,31/12/2022,58,5
7362,47,853.19,31/01/2023,19,7
1437,47,551.06,30/11/2022,43,1
6250,47,738.30,31/08/2025,15,6
7887,47,887.23,30/10/2025,33,7
6749,47,400.00,31/10/2023,4,6
0332,47,672.34,30/09/2022,114,0
4703,47,525.53,31/07/2025,2,4
9815,47,1248.94,31/08/2023,2,9
7214,47,902.13,31/12/2023,24,7
7578,47,610.64,30/08/2025,2,7
7355,47,559.57,31/05/2023,27,7
9025,47,563.83,31/10/2024,8,9
0616,47,589.36,31/05/2023,30,0
7797,47,919.15,30/04/2022,6,7
9197,47,612.77,30/11/2024,14,9
6717,47,757.45,30/07/2025,23,6
0226,47,725.53,31/10/2023,8,0
1013,47,517.02,31/03/2024,70,1
2403,47,721.28,31/01/2022,31,2
4646,47,455.32,31/07/2022,71,4
1127,47,825.53,31/10/2025,9,1
6558,47,902.13,31/03/2021,3,6
9383,47,757.45,31/12/2024,0,9
1508,47,602.13,31/10/2022,22,1
6331,47,774.47,31/08/2022,13,6
3728,47,676.60,31/05/2024,158,3
8656,47,480.85,30/03/2023,0,8
4860,47,880.85,31/12/2024,4,4
8540,47,602.13,30/05/2023,30,8
6083,47,706.38,31/03/2023,58,6
6918,47,902.13,30/08/2024,15,6
8399,47,642.55,31/01/2022,31,8
0417,47,648.94,31/12/2022,60,0
7981,47,955.32,30/11/2020,1,7
6106,47,948.94,31/01/2025,11,6
7082,47,812.77,30/10/2023,10,7
5031,47,702.13,29/11/2025,11,5
2334,47,619.15,31/05/2024,48,2
5166,47,812.77,30/10/2024,14,5
4212,47,538.30,31/01/2025,4,4
3114,47,546.81,31/08/2023,53,3
1111,47,846.81,31/07/2022,34,1
5259,47,446.81,31/07/2025,8,5
3302,47,1055.32,30/05/2025,0,3
9918,47,1029.79,29/05/2023,18,9
9834,47,385.11,30/07/2025,9,9
1118,47,676.60,30/07/2025,62,1
9832,47,595.74,31/10/2023,58,9
5587,47,591.49,30/12/2021,20,5
5009,47,610.64,31/01/2023,15,5
6855,47,1012.77,29/07/2024,20,6
0120,47,414.89,30/05/2025,49,0
5569,47,508.51,30/10/2021,45,5
6305,47,640.43,31/12/2024,47,6
5382,47,770.21,30/10/2020,4,5
2156,47,789.36,30/06/2025,6,2
3402,47,678.72,31/07/2022,51,3
6335,47,757.45,30/11/2025,9,6
2071,47,600.00,30/08/2023,40,2
1130,47,574.47,31/07/2022,1,1
4411,47,723.40,30/10/2022,1,4
3862,47,623.40,31/01/2023,28,3
4110,47,727.66,31/08/2024,0,4
6045,47,842.55,29/01/2021,0,6
9694,47,565.96,31/10/2022,21,9
2568,47,736.17,31/05/2023,16,2
6896,47,500.00,31/03/2025,5,6
4976,47,561.70,30/12/2021,41,4
2400,47,559.57,30/05/2025,13,2
0212,47,512.77,31/03/2025,11,0
4819,47,876.60,31/10/2024,71,4
9120,47,653.19,31/03/2024,3,9
4182,47,900.00,30/05/2022,17,4
1434,47,1002.13,30/07/2023,95,1
1124,47,834.04,31/08/2024,0,1
4231,47,704.26,31/08/2023,31,4
6889,47,617.02,30/08/2022,38,6
4654,47,693.62,30/08/2021,39,4
8695,47,691.49,31/10/2025,17,8
0289,47,774.47,31/01/2023,24,0
3424,47,823.40,31/12/2022,16,3
8046,47,1055.32,30/12/2024,33,8
3064,47,878.72,30/12/2022,6,3
1460,47,963.83,30/09/2025,20,1
2509,47,706.38,29/04/2022,1,2
8807,47,436.17,31/08/2022,23,8
2170,47,491.49,31/01/2023,44,2
7158,47,534.04,31/10/2023,0,7
6666,47,495.74,31/01/2023,20,6
4236,47,744.68,31/05/2024,2,4
1969,47,682.98,30/12/2020,12,1
1416,47,921.28,31/03/2023,2,1
5905,47,591.49,30/12/2021,26,5
5866,47,538.30,30/12/2020,21,5
0936,47,410.64,31/08/2022,49,0
9497,47,727.66,31/10/2025,0,9
6033,47,631.91,30/04/2022,13,6
1218,47,582.98,30/10/2021,13,1
4506,47,857.45,31/10/2025,32,4
8499,47,425.53,31/12/2022,12,8
7569,47,634.04,31/10/2022,3,7
0825,47,831.91,31/12/2023,40,0
5494,47,838.30,29/12/2024,21,5
7707,47,436.17,30/07/2021,45,7
1161,47,889.36,31/08/2024,190,1
0055,47,780.85,29/12/2022,10,0
2892,47,768.09,31/07/2025,18,2
6657,47,680.85,29/03/2025,16,6
5720,47,555.32,30/01/2023,2,5
0607,47,627.66,30/07/2021,13,0
3195,47,651.06,30/05/2025,30,3
7749,47,595.74,31/01/2025,14,7
9023,47,487.23,31/01/2022,58,9
9412,47,612.77,31/10/2022,3,9
9124,47,395.74,31/10/2025,38,9
2530,47,634.04,30/11/2025,0,2
0288,47,876.60,31/08/2022,39,0
9584,47,621.28,29/09/2021,40,9
9217,47,476.60,31/05/2022,6,9
7753,47,472.34,31/05/2022,33,7
8875,47,565.96,30/11/2025,4,8
2373,47,842.55,31/01/2022,42,2
1390,47,648.94,31/08/2025,8,1
5347,47,608.51,31/12/2021,1,5
9152,47,614.89,31/12/2021,4,9
4372,47,597.87,30/03/2024,8,4
0189,47,372.34,31/08/2025,104,0
5565,47,646.81,30/10/2025,1,5
4035,47,989.36,31/12/2024,56,4
1375,47,459.57,30/05/2023,6,1
6922,47,651.06,31/08/2022,20,6
9227,47,625.53,31/10/2023,0,9
0926,47,636.17,31/08/2023,22,0
3124,47,842.55,31/12/2022,43,3
4076,47,725.53,30/07/2021,17,4
3805,47,636.17,30/10/2021,3,3
8894,47,606.38,30/11/2025,0,8
9761,47,695.74,31/08/2025,36,9
0237,47,959.57,30/09/2024,24,0
5911,47,725.53,31/07/2023,7,5
6503,47,1361.70,29/10/2021,14,6
7144,47,712.77,29/12/2022,15,7
1870,47,629.79,31/12/2022,58,1
4159,47,1027.66,30/09/2025,4,4
2013,47,855.32,30/05/2023,22,2
8877,47,540.43,31/10/2025,10,8
1959,47,940.43,30/07/2021,19,1
5060,47,363.83,30/04/2021,18,5
7058,47,617.02,31/10/2022,26,7
1507,47,523.40,31/05/2025,8,1
4286,47,568.09,31/10/2023,4,4
6547,47,929.79,31/03/2025,31,6
1377,47,597.87,30/09/2021,8,1
3116,47,623.40,31/03/2024,85,3
7468,47,470.21,31/07/2022,128,7
7825,47,604.26,31/12/2024,25,7
1534,47,1046.81,31/01/2024,6,1
2929,47,476.60,30/08/2023,5,2
7523,47,751.06,30/12/2022,7,7
2233,47,636.17,30/12/2022,4,2
2134,47,768.09,30/06/2024,33,2
3629,47,814.89,31/08/2025,8,3
8891,47,359.57,31/01/2022,47,8
6527,47,757.45,29/11/2025,4,6
0012,47,1048.94,30/05/2022,20,0
9804,47,902.13,31/12/2022,25,9
2437,47,927.66,31/12/2023,6,2
4854,47,680.85,31/08/2024,9,4
9234,47,838.30,31/07/2025,0,9
5946,47,744.68,30/11/2021,48,5
7340,47,382.98,31/07/2023,54,7
5046,47,968.09,31/05/2023,53,5
6431,47,844.68,30/11/2023,21,6
9339,47,493.62,31/05/2023,31,9
6080,47,504.26,30/11/2021,86,6
6391,47,685.11,30/12/2023,27,6
4310,47,704.26,30/06/2022,29,4
9177,47,559.57,30/10/2020,40,9
8354,47,829.79,31/01/2024,47,8
9690,47,682.98,29/08/2020,54,9
8047,47,591.49,27/01/2021,1,8
3300,47,882.98,31/03/2024,24,3
1031,47,448.94,30/11/2021,1,1
8110,47,802.13,31/10/2023,9,8
2614,47,723.40,30/12/2023,6,2
4683,47,780.85,31/05/2024,25,4
4097,47,687.23,31/07/2025,42,4
0144,47,606.38,31/10/2022,18,0
4811,47,480.85,31/10/2024,2,4
4512,47,1200.00,31/08/2025,7,4
9297,47,525.53,31/01/2024,29,9
0320,47,725.53,31/01/2023,56,0
2381,47,614.89,31/12/2021,41,2
8950,47,795.74,31/05/2023,8,8
0227,47,1065.96,30/05/2024,50,0
8857,47,540.43,31/10/2022,35,8
0461,47,974.47,30/10/2024,12,0
5373,47,972.34,30/11/2024,4,5
5994,47,406.38,30/11/2024,68,5
9018,47,740.43,31/03/2023,7,9
1649,47,636.17,31/03/2021,3,1
2553,47,1044.68,31/10/2025,0,2
5431,47,989.36,30/08/2022,20,5
4088,47,614.89,30/10/2020,61,4
6382,47,382.98,31/05/2023,15,6
1767,47,721.28,29/04/2025,16,1
4832,47,508.51,31/07/2022,7,4
1309,47,880.85,30/03/2023,12,1
1802,47,508.51,31/01/2023,8,1
8544,47,768.09,30/10/2022,0,8
3088,47,510.64,30/06/2022,62,3
7100,47,442.55,31/08/2023,22,7
9938,47,810.64,31/08/2023,17,9
9773,47,597.87,30/08/2022,86,9
4347,47,348.94,31/05/2022,28,4
2158,47,561.70,30/12/2024,22,2
1235,47,936.17,31/05/2023,6,1
4209,47,500.00,30/08/2025,2,4
2151,47,685.11,31/03/2024,4,2
6490,47,746.81,31/03/2024,18,6
8995,47,546.81,30/09/2023,16,8
2546,47,708.51,30/09/2020,17,2
2312,47,402.13,30/09/2025,28,2
7273,47,500.00,31/01/2024,50,7
7052,47,617.02,31/12/2023,37,7
7608,47,593.62,31/05/2023,28,7
9350,47,448.94,31/08/2023,28,9
5806,47,793.62,31/03/2023,18,5
5820,47,831.91,31/08/2025,14,5
4816,47,689.36,31/07/2022,4,4
8557,47,836.17,31/07/2025,6,8
9182,47,902.13,30/10/2025,14,9
7589,47,668.09,30/12/2023,11,7
7133,47,695.74,31/03/2023,14,7
8913,47,508.51,31/07/2025,7,8
3354,47,636.17,31/10/2022,54,3
7458,47,678.72,28/03/2024,16,7
9202,47,710.64,31/12/2023,6,9
6014,47,680.85,31/07/2023,12,6
0303,47,646.81,31/12/2022,51,0
7032,47,489.36,31/05/2023,1,7
3849,47,729.79,31/08/2025,63,3
7675,47,517.02,31/03/2025,36,7
4804,47,676.60,30/12/2021,1,4
3215,47,934.04,30/08/2021,8,3
3822,47,451.06,31/01/2022,18,3
2326,47,687.23,31/12/2023,1,2
3419,47,748.94,31/07/2025,11,3
8062,47,900.00,31/12/2021,38,8
8308,47,457.45,30/01/2023,28,8
5327,47,719.15,31/12/2021,1,5
2191,47,842.55,30/10/2025,56,2
6809,47,546.81,30/08/2025,22,6
3194,47,861.70,29/11/2025,27,3
4744,47,817.02,29/10/2022,48,4
4277,47,714.89,31/03/2024,10,4
8962,47,804.26,30/09/2020,9,8
3709,47,710.64,30/01/2025,2,3
4513,47,444.68,31/10/2025,48,4
9312,46,663.04,31/08/2025,32,9
1109,46,867.39,30/10/2021,35,1
8980,46,689.13,30/09/2024,67,8
3303,46,510.87,31/10/2023,30,3
3010,46,513.04,31/10/2025,6,3
8763,46,534.78,31/01/2024,0,8
3337,46,728.26,31/05/2025,83,3
0684,46,821.74,31/08/2025,12,0
6229,46,808.70,31/12/2022,0,6
8253,46,902.17,30/08/2025,41,8
9357,46,508.70,30/08/2023,22,9
4253,46,819.57,31/10/2025,3,4
7487,46,767.39,30/05/2023,9,7
5213,46,1060.87,29/11/2022,34,5
6592,46,747.83,30/10/2022,13,6
0878,46,330.43,30/01/2025,12,0
3459,46,780.43,31/10/2023,1,3
5846,46,402.17,30/05/2022,80,5
1119,46,852.17,30/12/2020,8,1
4757,46,926.09,31/07/2022,22,4
2453,46,336.96,30/10/2021,32,2
6357,46,732.61,31/08/2024,41,6
5203,46,1156.52,30/03/2021,8,5
7374,46,869.57,31/10/2025,11,7
4987,46,756.52,29/11/2025,27,4
7095,46,519.57,31/10/2024,64,7
3177,46,319.57,31/08/2024,7,3
8791,46,473.91,28/09/2022,54,8
2421,46,886.96,31/12/2023,2,2
3910,46,689.13,30/10/2022,4,3
0409,46,773.91,30/12/2020,29,0
6167,46,669.57,31/10/2023,25,6
6722,46,715.22,30/12/2020,14,6
1543,46,715.22,31/12/2022,8,1
6937,46,406.52,30/12/2023,20,6
5064,46,682.61,31/08/2025,4,5
7265,46,358.70,31/03/2023,10,7
4878,46,510.87,31/10/2025,43,4
3904,46,789.13,29/04/2025,2,3
4515,46,506.52,31/03/2021,23,4
5084,46,765.22,30/09/2020,7,5
9674,46,654.35,31/01/2025,43,9
0357,46,663.04,30/05/2025,22,0
2920,46,573.91,31/05/2023,22,2
7068,46,386.96,30/11/2024,3,7
1616,46,717.39,31/07/2025,19,1
0065,46,632.61,31/05/2024,32,0
3642,46,686.96,31/03/2021,44,3
7810,46,708.70,31/05/2024,88,7
8083,46,541.30,31/08/2023,30,8
3555,46,843.48,31/12/2023,3,3
3562,46,769.57,30/01/2025,27,3
1772,46,656.52,30/10/2025,41,1
5240,46,1106.52,31/03/2023,4,5
5078,46,465.22,31/03/2023,92,5
1446,46,634.78,30/11/2022,31,1
6013,46,778.26,31/12/2021,8,6
1528,46,717.39,30/03/2023,39,1
4534,46,865.22,31/12/2022,24,4
3231,46,747.83,31/03/2021,36,3
5789,46,582.61,31/01/2024,29,5
7607,46,328.26,31/08/2025,3,7
2422,46,536.96,29/06/2024,17,2
9735,46,521.74,30/08/2022,48,9
6686,46,541.30,31/07/2023,0,6
8825,46,365.22,31/08/2023,8,8
2764,46,606.52,31/03/2023,57,2
3950,46,795.65,30/06/2025,31,3
6303,46,873.91,31/01/2025,7,6
5771,46,510.87,30/10/2023,22,5
1801,46,584.78,29/07/2024,1,1
4407,46,747.83,31/07/2025,23,4
5708,46,641.30,31/01/2022,12,5
3059,46,510.87,30/06/2022,62,3
8144,46,643.48,30/11/2024,1,8
3502,46,558.70,31/12/2022,38,3
3179,46,765.22,30/12/2023,0,3
5445,46,863.04,31/03/2021,38,5
4511,46,963.04,31/08/2024,31,4
8361,46,443.48,31/03/2022,30,8
4219,46,782.61,31/03/2025,11,4
1599,46,754.35,30/07/2025,31,1
3295,46,913.04,27/08/2025,20,3
6139,46,639.13,28/07/2025,31,6
2417,46,1178.26,31/10/2025,20,2
4078,46,780.43,30/08/2023,13,4
8060,46,1039.13,31/10/2025,48,8
2827,46,936.96,29/12/2023,1,2
7483,46,1067.39,30/10/2025,29,7
3380,46,693.48,31/03/2023,14,3
9089,46,1106.52,31/03/2022,11,9
8701,46,760.87,31/01/2023,9,8
4712,46,482.61,31/07/2022,59,4
3020,46,623.91,29/03/2024,54,3
8558,46,869.57,31/07/2022,6,8
2229,46,978.26,31/05/2022,13,2
5762,46,1050.00,29/10/2023,2,5
2440,46,732.61,31/05/2022,30,2
0894,46,432.61,31/10/2025,0,0
6220,46,482.61,31/07/2022,137,6
1243,46,689.13,31/07/2025,39,1
8731,46,458.70,31/10/2025,34,8
5359,46,852.17,31/03/2025,72,5
2796,46,300.00,30/11/2025,26,2
3192,46,873.91,30/08/2023,8,3
9946,46,747.83,30/10/2022,37,9
7201,46,547.83,31/05/2024,13,7
0888,46,943.48,31/10/2025,17,0
3293,46,421.74,31/08/2025,61,3
2800,46,421.74,31/12/2022,32,2
4528,46,500.00,26/10/2023,69,4
2724,46,567.39,31/07/2025,14,2
1418,46,526.09,30/07/2025,23,1
5298,46,700.00,30/06/2022,27,5
0462,46,995.65,27/11/2022,9,0
3146,46,602.17,31/07/2025,10,3
8137,46,806.52,30/03/2022,46,8
4292,46,843.48,30/10/2025,24,4
4807,46,589.13,31/07/2025,27,4
4637,46,543.48,30/06/2022,15,4
1056,46,408.70,29/04/2021,10,1
4546,46,836.96,30/11/2021,4,4
5710,46,558.70,30/07/2025,23,5
7583,46,591.30,29/08/2025,10,7
6205,46,578.26,30/09/2025,25,6
3663,46,489.13,31/07/2022,4,3
4120,46,526.09,31/07/2022,22,4
2781,46,586.96,31/10/2025,55,2
1447,46,769.57,30/11/2025,26,1
5015,46,539.13,31/08/2025,9,5
4320,46,726.09,31/03/2022,5,4
5871,46,404.35,31/08/2024,20,5
7087,46,760.87,31/12/2024,5,7
9723,46,745.65,31/03/2023,9,9
7859,46,1158.70,31/12/2024,115,7
2006,46,871.74,29/07/2025,1,2
8853,46,780.43,31/10/2023,0,8
8744,46,721.74,31/07/2023,1,8
3297,46,573.91,31/12/2023,25,3
7766,46,634.78,30/09/2022,33,7
1385,46,878.26,29/12/2021,68,1
2720,46,591.30,31/03/2024,7,2
7606,46,589.13,31/07/2025,31,7
4014,46,610.87,30/01/2021,19,4
2036,46,571.74,31/07/2025,37,2
8733,46,786.96,31/05/2024,39,8
1804,46,654.35,31/10/2025,55,1
5746,46,304.35,31/07/2025,49,5
4523,46,747.83,30/11/2023,10,4
3369,46,726.09,30/10/2021,58,3
1827,46,991.30,31/05/2022,9,1
3186,46,584.78,31/01/2025,33,3
9466,46,636.96,31/10/2024,103,9
8383,46,928.26,31/03/2022,7,8
6766,46,802.17,31/12/2023,58,6
6166,46,965.22,31/01/2024,53,6
6216,46,676.09,29/05/2023,30,6
8581,46,686.96,31/07/2022,1,8
5039,46,939.13,31/08/2025,2,5
6096,46,817.39,29/04/2025,22,6
8836,46,710.87,30/12/2021,21,8
7861,46,550.00,31/01/2025,3,7
5178,46,578.26,30/01/2023,49,5
4267,46,589.13,30/10/2025,56,4
9948,46,769.57,30/07/2022,43,9
4468,46,536.96,31/10/2024,13,4
3026,46,734.78,31/01/2022,1,3
8899,46,730.43,31/12/2023,4,8
9210,46,608.70,30/07/2025,11,9
5190,46,873.91,31/10/2024,63,5
2268,46,1208.70,31/03/2023,18,2
9526,46,832.61,31/03/2023,52,9
9015,46,423.91,30/12/2021,3,9
3213,46,636.96,31/03/2022,8,3
3361,46,543.48,31/12/2021,78,3
1553,46,808.70,31/03/2022,17,1
1806,46,869.57,31/12/2023,25,1
0358,46,647.83,31/08/2023,4,0
0415,46,852.17,29/05/2023,17,0
8345,46,817.39,30/10/2025,56,8
5081,46,663.04,31/08/2025,0,5
7862,46,704.35,30/11/2022,19,7
3154,46,817.39,31/08/2022,9,3
8746,46,950.00,30/10/2025,3,8
9979,46,454.35,31/10/2023,37,9
3799,46,963.04,30/11/2020,9,3
9448,46,702.17,31/07/2023,11,9
7991,46,828.26,31/12/2022,5,7
6933,46,556.52,30/07/2023,59,6
3583,46,513.04,30/01/2025,37,3
3432,46,684.78,30/09/2021,118,3
7783,46,882.61,31/01/2023,47,7
2703,46,632.61,31/12/2021,15,2
5568,46,789.13,31/10/2025,46,5
7882,46,547.83,31/10/2025,28,7
9963,46,971.74,30/03/2023,59,9
5148,46,745.65,30/11/2022,4,5
6443,46,734.78,31/12/2023,7,6
3287,46,545.65,31/12/2021,14,3
3545,46,347.83,30/11/2025,4,3
1832,46,730.43,31/03/2021,5,1
8902,46,747.83,31/03/2023,33,8
8474,46,804.35,31/07/2022,13,8
2630,46,686.96,31/10/2025,24,2
7913,46,463.04,31/07/2022,30,7
5999,46,1082.61,31/08/2025,33,5
7807,46,1104.35,30/01/2025,30,7
4195,46,810.87,30/08/2024,21,4
2292,46,784.78,31/10/2025,0,2
8204,46,697.83,30/10/2021,8,8
3451,46,704.35,31/01/2022,2,3
2916,46,610.87,30/11/2023,2,2
2586,46,689.13,31/08/2023,25,2
4374,46,841.30,31/10/2025,10,4
3528,46,467.39,31/07/2025,6,3
2121,46,634.78,31/12/2021,31,2
9875,46,869.57,30/10/2020,10,9
8483,46,647.83,31/08/2024,51,8
3622,46,680.43,30/04/2025,31,3
5460,46,704.35,31/05/2022,5,5
7307,46,489.13,31/07/2025,42,7
7773,46,473.91,30/06/2022,28,7
8850,46,663.04,30/10/2025,13,8
5947,46,673.91,31/05/2025,3,5
6574,46,539.13,31/08/2025,38,6
3388,46,663.04,31/10/2024,7,3
4379,46,515.22,31/01/2023,18,4
9985,46,454.35,28/12/2024,63,9
3171,46,500.00,31/07/2025,91,3
1017,46,563.04,30/12/2024,8,1
3616,46,678.26,30/07/2022,23,3
6290,46,708.70,31/05/2025,9,6
7226,46,606.52,31/08/2023,37,7
4242,46,415.22,30/05/2024,65,4
4358,46,763.04,29/06/2023,35,4
9495,46,730.43,31/08/2025,2,9
2572,46,447.83,31/10/2025,14,2
9880,46,1041.30,29/09/2025,11,9
0826,46,534.78,31/12/2024,16,0
8793,46,421.74,31/10/2025,11,8
4114,46,350.00,30/05/2024,7,4
4822,46,921.74,31/01/2024,6,4
1812,46,552.17,31/12/2024,7,1
6073,46,426.09,31/03/2024,10,6
8628,46,339.13,31/08/2024,42,8
9512,46,793.48,30/10/2020,38,9
2921,46,534.78,31/08/2025,34,2
8171,46,836.96,31/05/2024,33,8
4426,46,667.39,30/11/2022,80,4
6750,46,958.70,31/01/2025,7,6
9847,46,921.74,31/08/2022,23,9
8773,46,536.96,29/03/2023,2,8
0496,46,808.70,31/10/2024,59,0
5093,46,289.13,31/10/2024,30,5
6990,46,947.83,30/12/2022,105,6
5928,46,539.13,30/06/2024,15,5
4428,46,773.91,31/03/2024,110,4
3935,46,745.65,30/11/2022,6,3
1214,46,665.22,30/12/2024,4,1
5273,46,1071.74,29/01/2023,79,5
9911,46,604.35,31/08/2023,95,9
1954,46,1206.52,31/12/2023,9,1
4404,46,700.00,30/10/2023,21,4
3325,46,752.17,30/04/2025,25,3
9491,46,700.00,29/08/2020,68,9
1699,46,515.22,31/07/2025,10,1
2211,46,519.57,31/08/2025,5,2
7213,46,532.61,29/02/2024,39,7
4174,46,621.74,31/12/2023,19,4
1317,46,617.39,30/12/2020,47,1
8357,46,995.65,31/03/2021,2,8
0263,46,858.70,30/06/2024,15,0
3405,46,847.83,31/05/2023,13,3
1481,46,836.96,30/11/2023,1,1
3447,46,882.61,29/12/2020,4,3
0535,46,710.87,31/03/2023,48,0
3067,46,954.35,30/08/2021,16,3
5208,46,663.04,30/11/2020,31,5
2371,46,623.91,30/11/2023,44,2
3658,46,571.74,31/01/2024,66,3
6650,46,458.70,30/12/2021,8,6
6226,46,456.52,28/08/2024,21,6
9854,46,852.17,31/12/2021,10,9
4913,46,795.65,30/09/2021,1,4
1456,46,573.91,31/12/2023,39,1
1035,46,782.61,31/03/2022,9,1
3533,46,839.13,31/01/2023,24,3
6760,46,800.00,30/11/2024,22,6
3043,46,769.57,30/10/2022,31,3
5183,46,869.57,30/04/2022,21,5
3596,46,660.87,29/09/2023,60,3
3611,46,702.17,30/06/2022,13,3
2992,46,586.96,31/07/2023,18,2
5564,46,665.22,31/08/2024,8,5
0583,46,900.00,31/05/2022,30,0
2150,46,650.00,30/11/2024,3,2
1584,46,563.04,31/01/2023,6,1
0852,46,730.43,29/11/2023,48,0
4631,46,317.39,31/10/2024,48,4
6881,46,573.91,30/10/2021,44,6
8367,46,789.13,30/11/2022,39,8
7880,46,558.70,29/11/2022,54,7
6539,46,719.57,28/02/2022,11,6
5230,46,576.09,30/11/2024,19,5
7605,46,484.78,29/10/2025,33,7
4104,46,850.00,30/11/2022,17,4
5257,46,336.96,31/07/2022,1,5
7274,46,519.57,31/08/2022,26,7
0889,46,436.96,31/07/2025,4,0
3878,46,789.13,30/01/2025,33,3
5736,46,747.83,30/11/2021,11,5
0424,46,752.17,31/08/2023,28,0
6248,46,1015.22,31/07/2022,23,6
9243,46,717.39,31/10/2022,0,9
4134,46,632.61,31/12/2021,8,4
2898,46,1041.30,31/05/2023,14,2
8900,46,658.70,30/05/2024,8,8
2017,46,623.91,31/10/2023,18,2
4645,46,667.39,30/06/2024,0,4
5540,46,586.96,31/12/2021,38,5
6758,46,732.61,31/03/2023,5,6
2821,46,613.04,30/11/2022,10,2
2043,46,539.13,31/07/2025,52,2
8036,46,1052.17,31/08/2025,93,8
8725,46,491.30,30/09/2022,16,8
1697,46,1023.91,29/06/2022,35,1
1402,46,695.65,30/11/2021,10,1
6416,46,747.83,30/09/2023,29,6
8175,46,865.22,30/06/2025,112,8
1369,46,643.48,30/11/2025,26,1
6957,46,795.65,31/05/2025,13,6
0918,46,508.70,30/05/2022,28,0
0600,46,826.09,31/07/2025,20,0
6371,46,354.35,31/05/2022,22,6
0523,46,634.78,31/12/2024,64,0
6835,46,804.35,31/05/2025,21,6
2861,46,771.74,31/05/2023,13,2
8114,46,689.13,30/10/2024,1,8
9288,46,960.87,31/03/2021,2,9
4483,46,650.00,31/12/2024,16,4
4642,46,317.39,31/05/2022,48,4
9352,46,800.00,30/05/2024,2,9
2314,46,552.17,30/08/2022,42,2
3223,46,780.43,31/08/2022,5,3
2807,46,797.83,31/07/2022,3,2
0978,46,791.30,31/07/2023,30,0
2768,46,654.35,30/12/2020,6,2
3780,46,543.48,31/10/2025,4,3
3007,46,767.39,31/05/2024,51,3
2979,46,878.26,30/12/2021,14,2
9826,46,576.09,31/05/2025,104,9
5054,46,671.74,30/08/2021,86,5
1113,46,845.65,31/01/2022,6,1
4136,46,532.61,30/09/2024,10,4
8783,46,597.83,31/03/2023,6,8
6823,46,523.91,31/07/2023,19,6
3037,46,936.96,31/10/2025,20,3
0307,46,650.00,30/07/2022,44,0
4445,46,743.48,30/03/2021,15,4
1353,46,786.96,30/04/2025,60,1
7465,46,623.91,30/06/2025,23,7
6365,46,1069.57,30/10/2024,18,6
9259,46,1023.91,31/07/2022,0,9
8282,46,1071.74,31/10/2024,2,8
9814,46,584.78,31/05/2024,116,9
0266,46,582.61,31/12/2023,7,0
8065,46,965.22,31/10/2023,14,8
4156,46,723.91,31/12/2024,43,4
0421,46,700.00,31/03/2025,44,0
5681,46,545.65,31/08/2024,7,5
7406,46,715.22,31/10/2024,13,7
7984,46,786.96,30/10/2021,8,7
3062,46,576.09,30/10/2024,1,3
1681,46,1158.70,28/10/2025,6,1
2788,46,756.52,29/03/2025,129,2
7927,46,854.35,31/10/2025,55,7
9561,46,734.78,31/03/2025,1,9
3798,46,658.70,31/07/2022,22,3
5247,46,976.09,30/10/2022,5,5
1090,46,682.61,30/01/2021,0,1
6268,46,497.83,31/05/2025,19,6
9088,46,530.43,30/11/2023,41,9
6414,46,613.04,29/04/2023,0,6
3267,46,1052.17,30/11/2022,25,3
6942,46,541.30,31/12/2021,35,6
2551,46,534.78,31/12/2024,34,2
3613,46,541.30,31/07/2022,6,3
8883,46,1091.30,31/05/2025,9,8
0343,46,734.78,30/07/2025,33,0
8380,46,460.87,30/07/2025,31,8
9077,46,508.70,29/12/2024,45,9
8882,46,615.22,31/08/2025,1,8
9272,46,652.17,29/05/2023,9,9
2031,46,700.00,31/03/2021,5,2
5896,46,893.48,31/08/2024,32,5
3274,46,765.22,30/11/2022,53,3
4939,46,526.09,31/10/2025,20,4
0718,46,802.17,31/05/2022,100,0
9316,46,793.48,31/12/2024,0,9
8022,46,693.48,31/03/2025,54,8
3643,46,830.43,31/10/2025,16,3
2769,46,730.43,31/12/2022,25,2
7848,46,408.70,30/12/2021,20,7
3903,46,571.74,31/08/2023,19,3
6671,46,576.09,28/11/2025,2,6
1942,46,680.43,30/09/2021,25,1
0840,46,669.57,29/12/2024,22,0
6745,46,658.70,30/05/2025,2,6
9976,46,708.70,30/08/2023,52,9
2661,46,434.78,31/08/2024,19,2
3948,46,508.70,31/03/2023,29,3
8433,46,989.13,28/12/2023,44,8
2651,46,784.78,30/11/2021,32,2
0067,46,541.30,31/10/2023,18,0
9408,46,478.26,31/03/2022,23,9
0416,46,919.57,31/08/2025,5,0
2295,46,541.30,31/10/2025,36,2
6036,46,1232.61,30/12/2020,48,6
7892,46,730.43,31/01/2024,8,7
3806,46,495.65,30/09/2025,30,3
6921,46,417.39,31/08/2024,74,6
1894,46,758.70,31/03/2022,56,1
5489,46,821.74,29/10/2024,9,5
8386,46,532.61,31/07/2025,15,8
9059,46,439.13,27/11/2024,9,9
2072,46,545.65,31/12/2021,43,2
2831,46,932.61,31/12/2024,29,2
2056,46,447.83,31/07/2022,3,2
9438,46,319.57,31/10/2023,44,9
8963,46,1034.78,31/03/2022,12,8
1144,46,832.61,31/05/2025,5,1
8584,46,680.43,30/12/2020,1,8
8059,46,680.43,31/07/2023,15,8
7759,46,495.65,31/05/2023,7,7
7741,46,745.65,31/12/2021,10,7
3954,46,434.78,31/01/2023,7,3
1202,46,617.39,30/05/2025,1,1
5344,46,617.39,30/11/2025,11,5
1736,46,560.87,31/07/2025,15,1
3832,46,556.52,31/08/2025,29,3
4823,46,802.17,31/03/2023,5,4
4259,46,597.83,31/03/2022,19,4
8278,46,502.17,31/03/2022,27,8
5189,46,730.43,31/12/2021,73,5
0076,46,717.39,31/07/2023,42,0
0712,46,821.74,30/11/2021,23,0
7891,46,643.48,29/09/2025,0,7
4070,46,560.87,29/12/2024,0,4
4138,46,639.13,31/08/2025,0,4
5634,46,700.00,30/12/2020,24,5
2161,46,917.39,30/10/2023,1,2
5530,46,556.52,29/10/2024,6,5
1275,46,841.30,31/05/2022,47,1
3552,46,743.48,31/12/2022,24,3
8929,46,947.83,31/03/2025,49,8
4834,46,669.57,31/03/2022,15,4
2148,46,756.52,31/03/2023,1,2
1948,46,552.17,31/05/2023,40,1
8377,46,719.57,30/09/2025,6,8
1160,46,839.13,30/04/2023,2,1
1051,46,458.70,30/05/2024,20,1
6181,46,543.48,31/03/2021,51,6
9364,46,371.74,31/08/2025,8,9
1457,46,1106.52,29/09/2025,13,1
6485,46,1006.52,29/03/2025,11,6
1559,46,728.26,31/08/2025,4,1
4969,46,652.17,31/08/2025,36,4
0945,46,541.30,31/01/2025,9,0
2079,46,750.00,31/05/2024,252,2
0904,46,678.26,30/10/2022,8,0
8953,46,893.48,31/03/2021,16,8
2256,46,467.39,31/08/2025,19,2
8148,46,467.39,30/09/2024,15,8
2009,46,810.87,31/08/2023,19,2
4589,46,628.26,29/12/2024,65,4
5362,46,615.22,31/12/2022,15,5
1882,46,673.91,31/07/2023,8,1
5800,46,1110.87,31/07/2022,3,5
3850,46,621.74,30/12/2023,28,3
3410,46,595.65,29/12/2024,13,3
2607,46,636.96,31/05/2025,7,2
2476,46,763.04,30/06/2025,13,2
3476,46,1071.74,31/12/2021,11,3
9770,46,767.39,31/01/2024,34,9
7035,46,521.74,30/10/2025,4,7
9014,46,730.43,31/10/2022,76,9
4982,46,778.26,30/12/2022,9,4
5734,46,995.65,31/10/2024,29,5
5436,46,619.57,30/10/2023,17,5
5138,46,302.17,30/12/2024,1,5
3625,46,741.30,28/10/2022,6,3
9695,46,643.48,31/08/2024,20,9
2527,46,608.70,31/12/2024,27,2
2300,46,560.87,31/08/2025,3,2
4040,46,454.35,31/03/2025,8,4
0348,46,619.57,31/05/2024,71,0
9515,46,884.78,31/12/2023,3,9
3494,46,1086.96,30/12/2022,4,3
9214,46,826.09,30/12/2022,43,9
8479,46,697.83,31/08/2025,8,8
5991,46,697.83,31/10/2022,8,5
7780,46,500.00,31/12/2022,70,7
9196,46,767.39,31/01/2025,13,9
2252,46,313.04,29/12/2021,24,2
8232,46,726.09,29/10/2025,8,8
3790,46,482.61,31/12/2024,27,3
0008,46,778.26,30/11/2021,50,0
7877,46,673.91,30/10/2021,13,7
2018,46,713.04,30/12/2024,16,2
5293,46,482.61,30/04/2021,62,5
9078,46,641.30,30/08/2021,6,9
9756,46,689.13,31/07/2025,31,9
2832,46,839.13,30/09/2021,6,2
2570,46,393.48,31/10/2025,0,2
8263,46,563.04,30/05/2025,5,8
6087,46,641.30,30/01/2023,2,6
8054,46,973.91,31/10/2022,0,8
8189,46,723.91,30/06/2025,22,8
2560,46,695.65,30/12/2022,2,2
9698,46,534.78,31/12/2024,27,9
9913,46,815.22,30/11/2024,0,9
4497,46,519.57,30/10/2025,1,4
3800,46,1073.91,30/07/2022,27,3
1411,46,541.30,30/10/2023,0,1
5978,46,754.35,31/01/2024,8,5
4698,46,910.87,31/01/2025,8,4
4290,46,734.78,31/10/2024,59,4
6067,46,984.78,31/08/2024,17,6
8622,46,617.39,31/12/2024,4,8
1200,46,482.61,29/07/2023,0,1
9081,45,535.56,30/12/2023,17,9
2083,45,573.33,31/03/2024,1,2
0952,45,697.78,30/03/2022,5,0
7735,45,495.56,31/03/2025,15,7
9253,45,548.89,31/12/2024,16,9
6444,45,791.11,31/12/2022,16,6
3148,45,424.44,31/07/2022,56,3
0604,45,840.00,30/07/2024,22,0
2112,45,746.67,30/10/2021,21,2
6692,45,493.33,30/11/2025,3,6
3443,45,980.00,31/05/2024,11,3
7686,45,684.44,31/05/2025,85,7
6907,45,662.22,31/08/2024,19,6
6740,45,606.67,31/08/2024,17,6
9093,45,526.67,30/09/2021,53,9
6616,45,624.44,30/12/2021,164,6
2438,45,848.89,31/10/2025,9,2
7348,45,400.00,30/01/2023,25,7
8697,45,437.78,31/12/2023,1,8
3725,45,948.89,29/06/2024,2,3
1509,45,500.00,30/07/2021,14,1
5006,45,597.78,30/08/2022,21,5
5807,45,666.67,30/11/2021,23,5
6244,45,546.67,31/03/2023,13,6
6508,45,542.22,30/03/2021,16,6
6182,45,793.33,31/05/2023,10,6
0360,45,328.89,31/03/2024,26,0
4690,45,688.89,30/05/2024,1,4
9496,45,660.00,31/08/2023,41,9
1656,45,546.67,30/03/2021,5,1
1817,45,873.33,26/06/2022,2,1
3487,45,571.11,31/05/2025,21,3
6721,45,522.22,31/08/2025,75,6
7251,45,542.22,30/07/2022,22,7
5944,45,813.33,27/04/2021,11,5
1924,45,397.78,30/01/2024,12,1
5171,45,620.00,30/03/2022,33,5
0102,45,508.89,31/08/2022,12,0
5971,45,648.89,29/11/2023,1,5
5109,45,560.00,31/12/2023,19,5
7983,45,953.33,30/08/2025,94,7
1498,45,537.78,30/10/2024,73,1
9244,45,775.56,29/04/2021,4,9
9245,45,564.44,30/07/2024,50,9
0480,45,613.33,31/03/2023,20,0
0515,45,511.11,31/03/2021,48,0
2543,45,500.00,31/03/2021,73,2
5116,45,666.67,31/03/2025,45,5
6298,45,551.11,31/05/2023,17,6
7570,45,580.00,31/01/2022,2,7
4467,45,602.22,30/09/2020,17,4
5558,45,597.78,31/12/2024,33,5
2912,45,962.22,31/08/2024,43,2
8511,45,568.89,30/11/2020,81,8
7432,45,428.89,31/12/2021,1,7
9034,45,493.33,31/05/2023,11,9
7980,45,720.00,30/12/2023,1,7
6148,45,726.67,31/03/2022,15,6
0196,45,444.44,31/05/2025,50,0
9778,45,455.56,29/08/2025,6,9
2227,45,568.89,31/01/2025,4,2
6495,45,422.22,29/08/2022,4,6
7955,45,1011.11,31/01/2024,0,7
8774,45,840.00,31/05/2024,14,8
7178,45,600.00,29/10/2021,0,7
0517,45,595.56,31/08/2023,0,0
1918,45,1064.44,30/10/2020,2,1
6528,45,588.89,31/08/2023,32,6
4096,45,862.22,31/07/2025,34,4
6887,45,575.56,31/12/2024,16,6
2383,45,957.78,31/12/2024,51,2
7110,45,580.00,31/05/2022,37,7
5550,45,660.00,30/09/2020,71,5
1177,45,946.67,31/12/2023,26,1
2132,45,602.22,31/05/2023,39,2
5486,45,531.11,31/12/2024,10,5
3712,45,775.56,31/03/2025,29,3
3141,45,546.67,31/12/2021,70,3
0106,45,806.67,30/10/2024,45,0
6488,45,855.56,30/07/2025,34,6
1844,45,742.22,29/10/2024,5,1
9997,45,951.11,30/11/2025,15,9
3764,45,980.00,31/12/2024,17,3
2760,45,660.00,31/10/2023,1,2
4333,45,762.22,31/03/2021,28,4
0992,45,740.00,31/10/2024,15,0
9688,45,397.78,31/03/2021,14,9
6552,45,1042.22,31/03/2022,24,6
5671,45,613.33,30/04/2024,27,5
8818,45,595.56,30/12/2022,4,8
2829,45,944.44,30/12/2024,18,2
7194,45,646.67,31/03/2022,0,7
6509,45,571.11,31/03/2024,4,6
2942,45,1006.67,30/11/2025,26,2
7377,45,468.89,31/08/2024,112,7
6493,45,693.33,31/08/2022,3,6
1469,45,840.00,31/12/2021,15,1
5848,45,946.67,31/08/2022,26,5
4983,45,717.78,31/10/2024,31,4
4313,45,602.22,31/03/2024,3,4
8458,45,591.11,31/10/2025,42,8
7739,45,597.78,31/03/2023,9,7
7760,45,722.22,30/10/2021,40,7
8160,45,722.22,31/03/2022,6,8
8292,45,568.89,31/05/2023,52,8
4867,45,620.00,30/07/2022,12,4
8741,45,384.44,30/07/2025,14,8
6484,45,551.11,31/08/2025,0,6
0116,45,620.00,31/07/2025,87,0
3196,45,546.67,31/10/2024,58,3
5880,45,666.67,31/10/2022,29,5
1293,45,622.22,31/12/2021,52,1
6445,45,526.67,30/07/2023,20,6
8997,45,780.00,30/09/2025,9,8
7161,45,933.33,29/08/2020,10,7
4840,45,584.44,31/03/2022,51,4
8749,45,935.56,31/10/2024,109,8
6620,45,973.33,30/07/2023,16,6
2487,45,533.33,31/03/2025,13,2
5750,45,608.89,31/03/2025,4,5
6599,45,1217.78,29/12/2024,3,6
5684,45,848.89,31/03/2022,47,5
5589,45,635.56,31/01/2025,42,5
0472,45,637.78,31/10/2024,32,0
1891,45,784.44,31/05/2024,21,1
1909,45,453.33,31/05/2022,32,1
6320,45,577.78,31/08/2022,10,6
9530,45,613.33,28/11/2024,16,9
8218,45,462.22,31/12/2021,17,8
0923,45,628.89,30/12/2024,51,0
3976,45,802.22,30/09/2025,17,3
3564,45,460.00,30/10/2020,37,3
4567,45,415.56,31/08/2022,44,4
9554,45,466.67,31/07/2025,23,9
3457,45,613.33,31/12/2024,13,3
8631,45,651.11,30/11/2020,15,8
3557,45,626.67,31/12/2023,5,3
4606,45,635.56,30/12/2023,28,4
0393,45,653.33,30/11/2023,6,0
7705,45,562.22,30/09/2025,31,7
1277,45,808.89,30/10/2023,14,1
5649,45,673.33,31/01/2024,26,5
7750,45,675.56,31/12/2023,30,7
5047,45,442.22,30/04/2022,11,5
4949,45,531.11,30/05/2022,14,4
6965,45,542.22,30/01/2021,1,6
2037,45,724.44,30/09/2024,11,2
0058,45,893.33,30/12/2022,24,0
9457,45,393.33,31/10/2023,32,9
9406,45,602.22,31/07/2022,68,9
5449,45,1280.00,29/05/2022,6,5
3314,45,597.78,29/10/2023,29,3
9972,45,748.89,30/06/2025,25,9
1679,45,562.22,30/01/2023,10,1
4655,45,613.33,30/11/2021,7,4
4459,45,1066.67,30/11/2021,28,4
3454,45,617.78,31/01/2025,3,3
0761,45,1148.89,30/09/2020,14,0
8303,45,748.89,30/07/2022,22,8
0059,45,711.11,31/12/2023,2,0
2884,45,317.78,30/12/2021,24,2
0672,45,504.44,31/07/2025,26,0
8834,45,473.33,31/03/2024,43,8
6059,45,802.22,30/12/2024,35,6
9390,45,871.11,31/10/2024,27,9
8385,45,682.22,31/08/2025,30,8
5739,45,611.11,31/08/2022,27,5
0571,45,644.44,30/09/2022,46,0
2567,45,762.22,29/12/2020,2,2
1531,45,1008.89,31/08/2022,3,1
9886,45,682.22,31/05/2025,10,9
4724,45,993.33,31/03/2025,8,4
4761,45,477.78,31/07/2023,1,4
0013,45,995.56,30/12/2024,40,0
5586,45,968.89,31/10/2023,5,5
7706,45,473.33,30/11/2021,4,7
6802,45,791.11,31/10/2024,42,6
3901,45,820.00,31/03/2024,130,3
8280,45,791.11,31/12/2023,6,8
9702,45,755.56,31/01/2022,14,9
4574,45,1091.11,31/08/2023,4,4
5185,45,622.22,30/07/2025,34,5
0025,45,922.22,30/12/2022,13,0
4386,45,835.56,30/07/2023,17,4
5918,45,433.33,29/09/2021,21,5
1392,45,584.44,31/12/2024,29,1
6121,45,973.33,31/12/2023,70,6
5484,45,477.78,31/05/2024,132,5
8869,45,622.22,31/08/2022,46,8
4140,45,495.56,30/03/2022,0,4
8643,45,608.89,31/03/2024,32,8
4222,45,820.00,29/11/2025,12,4
6909,45,531.11,30/07/2024,43,6
2049,45,573.33,31/05/2022,47,2
2879,45,646.67,31/07/2022,37,2
4092,45,864.44,30/12/2023,38,4
6602,45,375.56,30/07/2022,8,6
6665,45,833.33,31/08/2022,10,6
2725,45,862.22,31/08/2024,50,2
9717,45,668.89,31/12/2024,50,9
6782,45,557.78,31/12/2024,17,6
8315,45,600.00,31/10/2025,33,8
1433,45,437.78,31/01/2023,9,1
9489,45,653.33,30/05/2025,30,9
0539,45,757.78,30/07/2021,16,0
6113,45,655.56,31/03/2023,1,6
1650,45,668.89,31/05/2025,14,1
3030,45,728.89,31/01/2025,15,3
7061,45,762.22,30/06/2025,0,7
5542,45,546.67,30/10/2025,9,5
7816,45,595.56,30/10/2020,33,7
7593,45,713.33,30/09/2021,7,7
7775,45,813.33,29/12/2021,35,7
2378,45,882.22,29/05/2023,38,2
6243,45,651.11,31/03/2021,11,6
1564,45,884.44,30/05/2025,42,1
3835,45,620.00,29/09/2021,9,3
1673,45,980.00,31/10/2025,55,1
2368,45,400.00,31/07/2025,5,2
6407,45,577.78,31/12/2024,0,6
7754,45,433.33,30/07/2024,6,7
0124,45,604.44,29/06/2024,10,0
1783,45,648.89,31/10/2025,0,1
1466,45,913.33,30/07/2025,144,1
0493,45,475.56,30/09/2020,19,0
4378,45,813.33,31/12/2024,22,4
4485,45,617.78,31/03/2021,3,4
1036,45,500.00,30/09/2022,13,1
1546,45,622.22,31/12/2024,37,1
4770,45,382.22,30/11/2020,2,4
4815,45,508.89,29/12/2024,80,4
9112,45,622.22,31/05/2024,16,9
0361,45,508.89,30/11/2025,24,0
8141,45,540.00,29/07/2022,17,8
3615,45,553.33,30/06/2024,21,3
9896,45,782.22,29/12/2024,36,9
6035,45,606.67,31/12/2021,23,6
5450,45,635.56,31/07/2025,80,5
5756,45,935.56,30/08/2022,41,5
4661,45,680.00,31/08/2024,52,4
9450,45,733.33,31/10/2024,30,9
6231,45,713.33,30/11/2021,43,6
7177,45,655.56,31/05/2022,3,7
0084,45,586.67,31/12/2024,29,0
6864,45,797.78,31/12/2024,25,6
6004,45,488.89,31/03/2024,69,6
2952,45,515.56,30/12/2023,10,2
0573,45,460.00,31/10/2024,1,0
5592,45,564.44,31/12/2024,8,5
0910,45,811.11,30/05/2025,8,0
4676,45,484.44,28/08/2025,4,4
0114,45,517.78,30/05/2025,67,0
0624,45,484.44,29/10/2024,37,0
0498,45,691.11,31/07/2025,129,0
6897,45,848.89,31/10/2022,17,6
3620,45,617.78,30/12/2023,37,3
8573,45,855.56,30/09/2024,2,8
6258,45,602.22,30/05/2023,15,6
8550,45,928.89,30/12/2022,9,8
9888,45,713.33,31/01/2022,28,9
8884,45,686.67,31/12/2021,4,8
7318,45,777.78,31/03/2021,4,7
8343,45,751.11,30/03/2021,8,8
8491,45,991.11,29/05/2025,16,8
0396,45,540.00,31/05/2025,46,0
0123,45,764.44,31/01/2024,10,0
0736,45,493.33,31/10/2022,1,0
1493,45,695.56,30/11/2024,24,1
7192,45,548.89,31/12/2022,43,7
9318,45,526.67,31/10/2022,5,9
2296,45,606.67,31/03/2024,1,2
6141,45,546.67,30/12/2022,73,6
7817,45,533.33,31/12/2024,39,7
1357,45,668.89,30/11/2021,19,1
8919,45,633.33,31/10/2023,41,8
8488,45,635.56,30/07/2025,54,8
0872,45,644.44,30/11/2023,66,0
0381,45,406.67,31/03/2021,3,0
7978,45,720.00,30/04/2025,52,7
4607,45,644.44,31/10/2023,19,4
8094,45,573.33,31/10/2023,23,8
9776,45,666.67,31/03/2022,13,9
3804,45,640.00,31/01/2024,24,3
9852,45,655.56,31/12/2024,17,9
4245,45,371.11,31/12/2023,2,4
6716,45,728.89,30/09/2023,34,6
0542,45,742.22,31/01/2022,43,0
9143,45,720.00,29/11/2025,27,9
7246,45,806.67,31/10/2024,21,7
6902,45,602.22,30/10/2023,66,6
3659,45,633.33,30/09/2021,1,3
3127,45,686.67,31/01/2022,5,3
8184,45,857.78,30/05/2022,15,8
4425,45,624.44,31/07/2023,6,4
0863,45,542.22,31/01/2025,11,0
9218,45,573.33,31/10/2023,13,9
8159,45,364.44,31/10/2024,10,8
7744,45,268.89,30/08/2025,50,7
6639,45,746.67,30/09/2025,21,6
3538,45,384.44,31/01/2023,3,3
4715,45,384.44,31/01/2022,33,4
8724,45,580.00,30/10/2021,25,8
0482,45,926.67,31/07/2022,5,0
1073,45,500.00,31/05/2022,10,1
0044,45,395.56,31/05/2023,49,0
1695,45,553.33,31/05/2025,0,1
9285,45,262.22,31/07/2022,95,9
8687,45,453.33,31/03/2024,29,8
1877,45,311.11,29/05/2025,21,1
5914,45,515.56,31/10/2023,48,5
6981,45,886.67,31/05/2024,59,6
5263,45,904.44,30/11/2022,0,5
1623,45,722.22,30/03/2022,21,1
0681,45,733.33,30/05/2025,4,0
5850,45,755.56,30/07/2025,27,5
2349,45,775.56,31/10/2025,9,2
9304,45,475.56,31/05/2023,16,9
2988,45,700.00,31/08/2025,53,2
3466,45,693.33,31/01/2024,14,3
1822,45,655.56,31/03/2021,12,1
2481,45,673.33,31/08/2023,30,2
2889,45,862.22,31/05/2023,26,2
6104,45,942.22,31/08/2023,12,6
5403,45,580.00,31/12/2023,15,5
3316,45,742.22,30/10/2022,0,3
2180,45,837.78,31/08/2022,9,2
3353,45,620.00,31/10/2025,15,3
4955,45,820.00,31/05/2024,17,4
0293,45,822.22,31/08/2024,14,0
2444,45,537.78,30/06/2025,45,2
8149,45,760.00,31/05/2022,25,8
2637,45,597.78,30/04/2022,1,2
3462,45,600.00,31/05/2022,65,3
5566,45,602.22,31/10/2022,16,5
1834,45,524.44,29/08/2024,6,1
8623,45,471.11,30/09/2024,7,8
0364,45,731.11,31/08/2024,15,0
5260,45,837.78,31/10/2023,19,5
5244,45,544.44,30/11/2021,25,5
8128,45,795.56,30/07/2023,17,8
7048,45,800.00,31/01/2023,18,7
1268,45,668.89,31/03/2024,6,1
7973,45,866.67,30/09/2022,34,7
1024,45,437.78,30/12/2022,47,1
5646,45,553.33,30/03/2023,15,5
4493,45,813.33,31/05/2024,24,4
2851,45,480.00,30/04/2024,30,2
4083,45,724.44,31/08/2022,15,4
1774,45,846.67,30/08/2021,51,1
5107,45,715.56,31/08/2022,34,5
0530,45,597.78,31/07/2023,15,0
4169,45,1111.11,31/10/2025,52,4
2954,45,1220.00,31/08/2022,54,2
1194,45,837.78,31/01/2022,32,1
6197,45,891.11,31/10/2023,40,6
6795,45,431.11,31/12/2022,15,6
3631,45,1131.11,31/03/2025,12,3
1070,45,1073.33,31/12/2022,123,1
7692,45,835.56,30/04/2025,4,7
3973,45,500.00,29/06/2025,12,3
1956,45,1011.11,31/01/2024,29,1
2913,45,960.00,30/09/2025,20,2
0341,45,568.89,31/08/2023,21,0
2015,45,757.78,31/10/2025,9,2
7685,45,462.22,29/02/2024,31,7
5882,45,557.78,30/06/2025,91,5
6936,45,568.89,31/01/2025,13,6
4848,45,728.89,31/08/2024,43,4
0318,45,1033.33,30/11/2023,15,0
5112,45,757.78,31/10/2024,38,5
8041,45,795.56,30/06/2023,0,8
6351,45,697.78,31/03/2024,21,6
4331,45,417.78,30/08/2021,16,4
9859,45,766.67,31/05/2025,33,9
1483,45,762.22,30/07/2022,11,1
1383,45,700.00,31/12/2023,13,1
0917,45,620.00,31/10/2025,44,0
0821,45,551.11,30/08/2023,27,0
2138,45,582.22,31/08/2023,100,2
2669,45,1022.22,31/07/2022,0,2
5950,45,697.78,31/12/2023,69,5
5796,45,500.00,31/01/2025,6,5
7964,45,855.56,31/08/2025,48,7
7718,45,775.56,31/07/2023,15,7
0564,45,640.00,30/11/2024,3,0
1755,45,662.22,30/06/2022,27,1
5332,45,511.11,31/12/2024,3,5
5669,45,706.67,31/01/2022,20,5
9933,45,626.67,31/07/2025,85,9
9171,45,728.89,31/10/2022,52,9
6608,45,451.11,31/05/2025,5,6
4728,45,900.00,31/08/2023,7,4
8796,45,557.78,30/10/2025,7,8
6019,45,402.22,30/06/2024,7,6
1721,45,735.56,30/01/2025,0,1
1676,45,506.67,30/05/2023,40,1
8295,45,633.33,30/05/2025,3,8
6960,45,595.56,30/09/2020,66,6
0518,45,1102.22,31/05/2022,12,0
3801,45,680.00,31/05/2022,11,3
7484,45,562.22,29/09/2025,7,7
4897,45,746.67,29/04/2025,18,4
3211,45,602.22,30/03/2025,1,3
5062,45,824.44,28/10/2021,9,5
0781,45,266.67,31/12/2024,1,0
5282,45,351.11,30/10/2021,2,5
4695,45,1028.89,30/09/2022,36,4
2696,45,657.78,31/07/2022,1,2
0635,45,651.11,30/11/2023,45,0
8493,45,411.11,30/06/2023,40,8
7003,45,837.78,30/05/2025,6,7
7081,45,677.78,30/09/2023,16,7
0673,45,755.56,31/10/2022,53,0
8670,45,682.22,31/07/2022,6,8
0610,45,484.44,30/04/2022,27,0
9029,45,1337.78,30/06/2023,15,9
3595,45,624.44,30/07/2025,28,3
8261,45,377.78,31/01/2023,36,8
7283,45,1035.56,31/08/2025,3,7
5690,45,1046.67,31/08/2023,38,5
0380,45,808.89,31/05/2024,7,0
4093,45,935.56,30/12/2024,6,4
2840,45,595.56,29/06/2022,44,2
8657,45,664.44,30/07/2024,1,8
5146,45,613.33,30/12/2021,30,5
3446,45,457.78,31/01/2023,0,3
9393,45,422.22,28/04/2025,21,9
8500,45,766.67,29/10/2025,57,8
3695,45,1164.44,31/10/2023,63,3
8692,45,724.44,30/08/2025,76,8
5899,45,562.22,31/07/2025,41,5
3928,45,446.67,30/05/2025,29,3
0503,45,557.78,31/12/2024,4,0
7242,45,962.22,31/08/2023,73,7
1182,45,417.78,30/10/2024,21,1
1187,45,600.00,28/04/2025,13,1
1091,45,642.22,30/06/2023,19,1
3107,45,1011.11,31/03/2025,19,3
2838,45,891.11,30/01/2023,5,2
9932,45,806.67,30/12/2021,3,9
5134,45,982.22,30/07/2021,12,5
7907,45,864.44,30/11/2020,5,7
8966,45,935.56,30/01/2025,8,8
2743,45,1086.67,31/01/2024,49,2
0165,45,391.11,31/03/2025,10,0
3422,45,802.22,31/08/2025,12,3
0582,45,591.11,31/08/2025,9,0
3216,45,780.00,28/11/2025,28,3
6211,45,635.56,30/11/2020,96,6
4632,45,557.78,31/12/2023,1,4
0643,45,640.00,30/05/2022,1,0
5578,45,564.44,31/07/2023,3,5
5966,45,868.89,30/09/2022,47,5
5331,45,404.44,31/10/2025,1,5
4255,45,942.22,31/12/2024,10,4
0647,45,413.33,31/08/2023,0,0
7384,45,406.67,31/05/2024,93,7
5301,45,646.67,30/10/2022,19,5
7635,45,762.22,30/04/2024,23,7
4650,45,471.11,30/10/2025,6,4
4809,45,688.89,29/03/2025,15,4
7341,45,446.67,31/03/2023,14,7
8956,45,857.78,31/07/2022,71,8
3461,45,557.78,31/05/2025,21,3
9397,45,657.78,30/07/2024,16,9
5070,45,615.56,30/11/2025,26,5
8341,45,675.56,30/10/2022,12,8
0933,45,660.00,31/10/2025,17,0
2998,45,484.44,31/01/2024,9,2
0634,45,866.67,30/04/2025,3,0
7562,45,640.00,31/07/2025,8,7
4085,45,1073.33,31/10/2025,44,4
9091,45,951.11,31/08/2025,14,9
2789,45,1013.33,31/05/2023,10,2
1060,45,1146.67,29/11/2025,9,1
6956,45,571.11,31/12/2024,26,6
5135,45,724.44,31/08/2025,29,5
3375,45,617.78,31/12/2022,2,3
6075,45,491.11,29/12/2020,16,6
7804,45,715.56,31/12/2023,7,7
5042,45,771.11,31/01/2023,17,5
8688,45,804.44,30/04/2022,3,8
4623,45,413.33,31/05/2025,62,4
5212,45,926.67,30/12/2021,1,5
6172,45,724.44,31/05/2022,136,6
2129,45,400.00,31/12/2021,14,2
4821,45,451.11,31/10/2022,16,4
2282,45,780.00,29/06/2023,29,2
8109,45,426.67,30/09/2022,82,8
0983,45,293.33,29/09/2022,67,0
4129,45,640.00,31/10/2023,35,4
5101,45,555.56,31/01/2022,16,5
4932,45,584.44,31/10/2022,4,4
4520,45,697.78,30/11/2021,71,4
5647,45,573.33,31/01/2024,6,5
8096,45,748.89,30/06/2022,88,8
9937,45,704.44,30/08/2022,1,9
2993,45,611.11,28/07/2025,9,2
2895,45,548.89,30/11/2022,139,2
2817,45,820.00,31/01/2025,64,2
9169,45,524.44,30/12/2021,10,9
1451,45,544.44,27/11/2022,9,1
3423,45,797.78,31/12/2023,71,3
6341,45,693.33,30/08/2024,20,6
7556,45,617.78,31/08/2022,27,7
5292,45,484.44,31/07/2025,9,5
0531,45,591.11,30/05/2023,19,0
3200,45,375.56,30/07/2022,10,3
8592,45,777.78,30/07/2025,31,8
1462,45,1026.67,30/11/2022,21,1
1258,45,704.44,31/10/2023,18,1
4258,45,628.89,30/12/2024,8,4
3445,45,708.89,31/12/2022,50,3
0817,45,504.44,31/08/2022,24,0
3854,45,653.33,31/12/2021,1,3
7752,45,673.33,27/07/2021,12,7
5952,45,548.89,29/09/2021,10,5
9891,45,775.56,31/10/2022,35,9
3885,45,495.56,30/12/2024,6,3
0901,45,586.67,30/12/2021,136,0
3778,45,651.11,30/11/2021,7,3
6396,45,606.67,29/03/2022,3,6
2194,44,436.36,30/05/2025,60,2
8620,44,718.18,31/01/2023,9,8
8183,44,636.36,31/05/2024,7,8
3874,44,629.55,31/12/2024,62,3
7616,44,765.91,30/09/2025,8,7
0916,44,793.18,31/08/2024,103,0
0477,44,556.82,30/09/2023,27,0
8272,44,545.45,31/10/2023,49,8
6138,44,731.82,30/12/2022,37,6
8088,44,593.18,31/10/2022,19,8
4968,44,588.64,31/03/2025,13,4
3362,44,840.91,30/05/2023,75,3
1294,44,402.27,30/12/2020,9,1
3464,44,1038.64,30/07/2025,7,3
8969,44,665.91,30/10/2023,3,8
2934,44,927.27,30/08/2022,4,2
8048,44,538.64,31/10/2025,13,8
6682,44,804.55,30/12/2022,9,6
0024,44,436.36,29/12/2020,2,0
1538,44,663.64,30/12/2023,12,1
1010,44,540.91,31/12/2021,28,1
6082,44,825.00,30/11/2023,8,6
4305,44,959.09,31/12/2023,19,4
0247,44,645.45,29/11/2024,16,0
7930,44,886.36,30/12/2024,11,7
1945,44,529.55,31/05/2023,54,1
6092,44,536.36,31/07/2025,12,6
7506,44,622.73,31/05/2023,65,7
5086,44,725.00,30/07/2022,6,5
2202,44,679.55,30/09/2021,108,2
3682,44,490.91,31/07/2022,156,3
2731,44,529.55,31/12/2021,54,2
7639,44,654.55,30/08/2025,2,7
8076,44,763.64,31/03/2023,3,8
0383,44,890.91,31/10/2024,23,0
4992,44,484.09,30/11/2020,31,4
9123,44,940.91,30/09/2021,6,9
2297,44,611.36,31/03/2021,25,2
5520,44,845.45,30/07/2024,91,5
7770,44,563.64,30/10/2025,35,7
5235,44,854.55,30/08/2022,7,5
8669,44,754.55,30/11/2022,83,8
5154,44,936.36,30/12/2023,10,5
4502,44,340.91,31/01/2024,19,4
1470,44,659.09,29/11/2024,115,1
1165,44,400.00,31/03/2023,39,1
9428,44,554.55,30/10/2025,10,9
1867,44,650.00,30/11/2020,4,1
8865,44,995.45,29/06/2023,1,8
6712,44,945.45,31/10/2024,83,6
8373,44,702.27,30/12/2020,73,8
9282,44,679.55,29/08/2024,29,9
4495,44,768.18,31/01/2025,21,4
5360,44,609.09,31/08/2024,25,5
0644,44,711.36,29/08/2025,3,0
8839,44,475.00,30/10/2024,21,8
0667,44,727.27,31/10/2023,42,0
3264,44,863.64,31/03/2022,6,3
9682,44,593.18,31/08/2024,12,9
8826,44,920.45,31/03/2021,35,8
5131,44,729.55,31/08/2025,17,5
5521,44,531.82,31/05/2024,40,5
3544,44,681.82,31/05/2024,8,3
0446,44,820.45,30/01/2021,14,0
5056,44,527.27,31/03/2021,83,5
2571,44,690.91,31/12/2024,10,2
0617,44,761.36,31/01/2023,2,0
4614,44,356.82,30/10/2023,39,4
6856,44,638.64,31/05/2025,108,6
4362,44,445.45,30/09/2025,35,4
7207,44,970.45,29/04/2022,4,7
5571,44,615.91,31/03/2021,20,5
3326,44,513.64,31/12/2022,17,3
4326,44,440.91,31/10/2025,55,4
1131,44,800.00,30/07/2021,46,1
6747,44,845.45,31/10/2023,28,6
4237,44,522.73,30/05/2025,20,4
6557,44,572.73,30/03/2024,30,6
9322,44,636.36,31/12/2022,26,9
4380,44,447.73,28/10/2022,22,4
3880,44,761.36,31/10/2025,18,3
5769,44,645.45,30/04/2022,0,5
6659,44,870.45,31/10/2025,55,6
9455,44,475.00,31/10/2025,7,9
8258,44,702.27,31/12/2024,29,8
1930,44,1045.45,31/07/2025,52,1
8445,44,661.36,30/01/2025,51,8
3956,44,440.91,29/04/2023,19,3
3883,44,447.73,31/01/2023,30,3
3081,44,515.91,31/03/2025,22,3
5957,44,663.64,30/08/2024,1,5
9568,44,461.36,31/03/2021,41,9
2891,44,390.91,31/07/2023,26,2
5155,44,534.09,30/11/2025,26,5
7767,44,711.36,31/08/2024,17,7
6299,44,579.55,30/04/2025,52,6
9607,44,559.09,30/11/2021,5,9
1467,44,697.73,30/11/2025,10,1
3739,44,1025.00,31/05/2022,10,3
5323,44,447.73,31/10/2022,11,5
5854,44,963.64,30/12/2022,20,5
6908,44,763.64,31/07/2023,27,6
5812,44,627.27,29/09/2025,25,5
6455,44,963.64,31/07/2023,49,6
3770,44,879.55,31/07/2025,0,3
4979,44,331.82,31/01/2025,41,4
3012,44,477.27,30/08/2024,12,3
7243,44,693.18,30/11/2023,9,7
5423,44,661.36,30/05/2024,2,5
9266,44,631.82,30/12/2024,21,9
0798,44,1027.27,31/03/2023,34,0
4630,44,454.55,31/12/2024,1,4
1750,44,825.00,31/12/2021,55,1
3647,44,390.91,31/10/2025,5,3
5670,44,863.64,31/07/2025,26,5
2177,44,988.64,31/08/2024,109,2
1578,44,697.73,31/07/2025,112,1
0939,44,515.91,29/09/2025,3,0
3986,44,711.36,31/03/2025,4,3
0807,44,779.55,31/12/2024,11,0
2024,44,654.55,29/11/2023,3,2
9732,44,538.64,31/10/2024,10,9
6520,44,802.27,30/09/2023,3,6
4246,44,540.91,29/11/2021,41,4
3763,44,509.09,31/12/2022,6,3
5375,44,827.27,30/05/2025,46,5
4933,44,497.73,30/04/2022,49,4
5941,44,836.36,30/11/2023,28,5
3617,44,684.09,30/12/2021,59,3
0213,44,436.36,31/08/2025,62,0
6549,44,302.27,30/08/2025,0,6
2608,44,556.82,30/10/2024,6,2
4488,44,618.18,30/09/2022,33,4
5757,44,788.64,30/10/2020,7,5
3558,44,438.64,31/10/2025,16,3
7572,44,818.18,28/01/2025,3,7
9805,44,868.18,31/10/2025,39,9
7774,44,731.82,30/04/2024,24,7
2449,44,565.91,31/05/2024,29,2
2463,44,570.45,30/05/2023,10,2
8711,44,781.82,30/09/2022,100,8
5049,44,765.91,31/05/2022,30,5
3373,44,438.64,30/10/2021,60,3
7059,44,979.55,30/06/2025,49,7
4851,44,813.64,31/10/2025,24,4
9838,44,220.45,30/07/2022,6,9
3604,44,518.18,30/10/2022,8,3
7454,44,961.36,31/08/2025,2,7
1581,44,540.91,31/12/2022,35,1
3600,44,527.27,31/05/2022,7,3
3837,44,697.73,31/10/2024,3,3
4616,44,547.73,29/09/2021,8,4
8451,44,722.73,30/12/2021,58,8
8611,44,454.55,30/09/2020,93,8
4586,44,750.00,30/12/2021,7,4
8508,44,790.91,30/01/2025,20,8
9952,44,1097.73,30/10/2020,4,9
9476,44,675.00,30/08/2025,47,9
5636,44,511.36,30/06/2024,0,5
1610,44,611.36,31/07/2025,21,1
9841,44,827.27,30/05/2024,34,9
6337,44,902.27,29/09/2025,64,6
4670,44,943.18,31/12/2021,29,4
7421,44,554.55,30/04/2024,0,7
3754,44,652.27,31/07/2025,20,3
3226,44,654.55,31/05/2023,4,3
9822,44,588.64,31/08/2024,11,9
1323,44,677.27,30/08/2025,48,1
9260,44,859.09,30/12/2023,1,9
7769,44,695.45,31/07/2022,5,7
4931,44,659.09,31/12/2022,32,4
2649,44,413.64,31/01/2024,12,2
0079,44,645.45,30/11/2020,5,0
5258,44,1127.27,30/11/2021,49,5
8566,44,561.36,29/08/2024,13,8
1142,44,559.09,29/12/2023,38,1
3238,44,668.18,31/08/2025,37,3
0099,44,854.55,29/12/2020,61,0
2996,44,695.45,30/08/2023,2,2
4610,44,304.55,30/09/2021,31,4
8888,44,729.55,30/12/2022,28,8
0787,44,681.82,31/07/2022,34,0
5653,44,761.36,31/10/2023,4,5
5113,44,650.00,30/11/2021,10,5
0946,44,565.91,30/12/2020,21,0
9058,44,404.55,27/01/2022,38,9
4251,44,572.73,29/12/2022,32,4
5289,44,731.82,31/01/2022,15,5
7034,44,647.73,31/05/2024,2,7
6735,44,352.27,31/01/2024,3,6
9252,44,645.45,30/07/2022,15,9
1836,44,550.00,30/09/2024,6,1
3987,44,465.91,31/10/2023,41,3
2288,44,697.73,31/05/2024,26,2
0716,44,804.55,31/07/2025,13,0
7301,44,813.64,29/11/2025,0,7
3332,44,606.82,29/04/2021,11,3
4196,44,620.45,31/03/2023,18,4
5306,44,656.82,30/12/2023,24,5
3138,44,463.64,31/10/2023,0,3
9831,44,565.91,30/08/2021,5,9
3490,44,859.09,30/06/2022,41,3
3486,44,684.09,31/03/2024,38,3
1162,44,786.36,31/07/2022,23,1
3834,44,611.36,30/07/2025,88,3
4792,44,731.82,31/08/2022,1,4
1179,44,534.09,30/10/2022,34,1
0987,44,556.82,31/05/2022,0,0
9729,44,809.09,30/12/2024,4,9
0190,44,847.73,31/08/2025,7,0
9083,44,604.55,31/08/2023,6,9
9736,44,1209.09,31/12/2021,25,9
2590,44,1084.09,31/07/2025,41,2
0436,44,443.18,31/03/2024,54,0
8484,44,590.91,31/12/2021,16,8
7748,44,627.27,31/08/2024,20,7
6436,44,711.36,30/12/2020,67,6
4389,44,606.82,29/10/2025,19,4
4044,44,609.09,31/03/2023,30,4
2700,44,704.55,31/12/2024,20,2
1081,44,661.36,31/12/2021,42,1
1103,44,634.09,31/03/2025,29,1
1474,44,518.18,31/12/2024,145,1
3626,44,777.27,31/07/2022,54,3
6948,44,525.00,30/11/2021,5,6
1872,44,818.18,30/05/2025,19,1
4100,44,540.91,30/12/2024,0,4
1343,44,879.55,31/05/2023,8,1
8290,44,543.18,31/03/2021,3,8
0891,44,784.09,31/08/2023,5,0
4758,44,506.82,31/01/2022,21,4
5280,44,545.45,31/05/2024,1,5
7114,44,777.27,31/07/2025,37,7
0967,44,445.45,31/08/2025,84,0
2947,44,665.91,31/08/2025,6,2
5255,44,540.91,30/10/2020,36,5
6621,44,922.73,30/08/2025,17,6
8984,44,490.91,31/01/2024,7,8
4936,44,550.00,30/12/2023,22,4
9842,44,711.36,30/09/2023,11,9
5313,44,529.55,30/12/2023,28,5
8568,44,1168.18,28/10/2020,117,8
1084,44,640.91,31/10/2024,16,1
8275,44,788.64,30/03/2021,11,8
4577,44,784.09,28/08/2023,50,4
5894,44,884.09,31/10/2022,29,5
7539,44,411.36,29/12/2020,6,7
6637,44,586.36,30/11/2022,0,6
4361,44,895.45,31/05/2025,8,4
5100,44,497.73,31/05/2025,25,5
7958,44,452.27,29/06/2024,12,7
5087,44,745.45,30/08/2023,20,5
8464,44,438.64,31/05/2023,60,8
9137,44,765.91,31/07/2023,10,9
2779,44,679.55,31/05/2023,61,2
7085,44,738.64,30/05/2024,10,7
9016,44,595.45,30/11/2022,2,9
0104,44,718.18,31/10/2025,11,0
4356,44,720.45,30/12/2023,18,4
4368,44,572.73,31/10/2023,4,4
7326,44,829.55,30/01/2025,2,7
2316,44,500.00,27/04/2021,88,2
4359,44,800.00,31/03/2021,12,4
4998,44,1236.36,30/04/2021,24,4
6394,44,313.64,30/09/2023,5,6
3098,44,1190.91,30/11/2025,26,3
1825,44,981.82,30/06/2024,22,1
9629,44,1125.00,30/12/2021,29,9
7444,44,688.64,31/03/2024,94,7
9434,44,670.45,30/05/2022,5,9
6785,44,836.36,31/12/2021,27,6
4739,44,1040.91,31/01/2024,35,4
6453,44,1054.55,31/05/2025,9,6
0490,44,677.27,31/03/2024,17,0
6762,44,702.27,29/06/2022,6,6
2210,44,465.91,29/01/2024,73,2
7704,44,761.36,30/09/2022,9,7
3261,44,750.00,31/01/2024,35,3
4694,44,731.82,29/04/2025,33,4
5271,44,477.27,30/05/2022,1,5
0039,44,427.27,31/12/2023,35,0
8942,44,484.09,30/12/2020,75,8
2409,44,568.18,30/01/2024,37,2
4127,44,447.73,31/12/2024,18,4
9851,44,897.73,30/09/2020,7,9
1592,44,720.45,31/08/2023,14,1
4183,44,643.18,31/03/2025,23,4
9070,44,672.73,30/12/2022,36,9
4786,44,809.09,30/10/2021,14,4
8384,44,813.64,31/05/2024,39,8
0389,44,586.36,29/08/2025,8,0
1292,44,806.82,31/05/2022,1,1
9255,44,700.00,30/03/2022,45,9
3969,44,370.45,30/12/2024,30,3
9192,44,843.18,29/04/2025,58,9
8605,44,586.36,31/10/2025,3,8
9667,44,938.64,31/05/2023,11,9
3783,44,1186.36,31/12/2021,0,3
2670,44,459.09,30/07/2025,4,2
9915,44,731.82,30/03/2024,11,9
4162,44,556.82,31/05/2023,30,4
8750,44,752.27,29/09/2025,51,8
3128,44,700.00,31/12/2022,21,3
9159,44,197.73,31/05/2023,34,9
0853,44,856.82,31/10/2022,43,0
0943,44,450.00,30/11/2020,16,0
6279,44,300.00,31/12/2023,39,6
1890,44,690.91,30/08/2022,44,1
4710,44,947.73,31/05/2023,9,4
6873,44,920.45,31/07/2025,6,6
0137,44,463.64,31/05/2023,3,0
1854,44,534.09,31/10/2024,19,1
7441,44,1018.18,31/05/2023,4,7
4668,44,781.82,31/12/2022,20,4
5034,44,527.27,31/10/2024,31,5
5622,44,461.36,30/11/2023,8,5
0003,44,400.00,31/10/2025,4,0
4353,44,736.36,30/10/2021,6,4
5184,44,704.55,31/05/2024,26,5
7258,44,506.82,31/05/2025,120,7
0928,44,511.36,31/01/2023,15,0
3830,44,790.91,31/12/2024,9,3
4498,44,602.27,30/05/2022,37,4
2082,44,704.55,31/07/2025,12,2
1072,44,404.55,31/01/2023,42,1
1154,44,847.73,30/11/2021,2,1
5414,44,800.00,30/12/2022,18,5
4077,44,336.36,30/09/2023,80,4
6413,44,790.91,31/03/2021,4,6
3927,44,479.55,31/12/2024,69,3
2157,44,490.91,30/07/2023,10,2
2141,44,402.27,30/12/2021,21,2
6744,44,815.91,31/12/2022,14,6
4125,44,615.91,31/10/2023,9,4
6062,44,588.64,31/08/2023,71,6
8476,44,481.82,31/08/2025,73,8
0560,44,643.18,31/08/2025,7,0
7096,44,550.00,30/03/2023,65,7
2882,44,647.73,28/03/2023,100,2
7386,44,618.18,29/11/2021,13,7
9631,44,638.64,31/03/2025,39,9
4725,44,463.64,31/07/2025,24,4
8755,44,1000.00,30/07/2021,43,8
1860,44,772.73,31/10/2022,17,1
3953,44,384.09,31/12/2022,18,3
5748,44,1300.00,30/12/2023,36,5
9216,44,1045.45,30/04/2024,18,9
5410,44,679.55,31/10/2025,23,5
3158,44,818.18,31/10/2025,14,3
6970,44,561.36,30/12/2024,71,6
4605,44,434.09,31/01/2024,13,4
9267,44,509.09,31/08/2022,60,9
2790,44,459.09,31/12/2021,1,2
5535,44,397.73,30/09/2021,0,5
4080,44,1281.82,31/10/2024,32,4
8402,44,745.45,31/10/2023,118,8
0169,44,913.64,31/12/2023,24,0
1231,44,743.18,31/05/2023,22,1
8727,44,606.82,30/10/2023,5,8
2320,44,561.36,31/08/2023,97,2
5480,44,620.45,31/12/2024,13,5
5974,44,750.00,31/03/2022,6,5
7456,44,625.00,30/12/2024,10,7
0636,44,981.82,31/07/2025,15,0
6845,44,804.55,30/09/2022,27,6
9994,44,788.64,31/07/2022,38,9
4711,44,318.18,31/05/2022,15,4
1831,44,977.27,31/12/2021,3,1
8439,44,775.00,30/04/2025,24,8
0896,44,529.55,31/12/2023,7,0
0769,44,527.27,31/10/2025,8,0
6724,44,690.91,31/08/2025,64,6
0184,44,550.00,30/12/2020,131,0
9012,44,725.00,31/03/2021,18,9
4918,44,659.09,31/07/2022,51,4
2042,44,811.36,30/11/2024,2,2
7344,44,704.55,29/10/2025,16,7
6743,44,1009.09,31/03/2023,4,6
7418,44,1038.64,30/06/2025,23,7
4287,44,536.36,30/08/2024,9,4
7446,44,488.64,31/08/2022,74,7
0925,44,475.00,30/11/2025,2,0
0887,44,661.36,28/10/2022,106,0
7873,44,618.18,31/01/2025,24,7
7157,44,893.18,30/06/2025,8,7
1995,44,815.91,31/12/2024,4,1
9441,44,775.00,31/05/2025,29,9
6570,44,818.18,29/06/2024,51,6
0723,44,915.91,31/03/2021,14,0
5934,44,802.27,31/05/2022,4,5
0950,44,956.82,30/10/2024,19,0
4473,44,300.00,31/08/2024,129,4
4200,44,940.91,31/05/2025,4,4
4441,44,484.09,30/03/2022,1,4
6117,44,797.73,28/11/2025,0,6
4474,44,559.09,30/12/2023,14,4
1394,44,745.45,29/09/2025,7,1
5253,44,568.18,28/07/2025,0,5
2415,44,720.45,30/05/2024,5,2
0333,44,465.91,31/01/2024,27,0
7156,44,631.82,31/12/2023,12,7
0103,44,636.36,30/10/2020,19,0
0630,44,695.45,30/12/2021,3,0
8933,44,631.82,31/05/2024,7,8
2002,44,547.73,31/05/2025,3,2
4232,44,684.09,30/11/2021,8,4
8434,44,581.82,30/04/2024,47,8
9084,44,490.91,30/04/2023,16,9
2962,44,922.73,30/10/2021,96,2
8248,44,1054.55,31/10/2025,19,8
5658,44,775.00,30/12/2022,29,5
2881,44,352.27,30/04/2024,76,2
8165,44,1029.55,31/12/2024,9,8
3818,44,606.82,30/12/2020,16,3
9060,44,945.45,31/03/2022,18,9
0191,44,493.18,30/10/2023,11,0
6980,44,788.64,30/06/2022,89,6
1092,44,1006.82,30/09/2022,0,1
4633,44,322.73,30/07/2021,59,4
7222,44,427.27,30/12/2023,11,7
9689,44,440.91,31/10/2025,21,9
5496,44,702.27,31/05/2025,2,5
2361,44,893.18,31/07/2023,24,2
7603,44,388.64,31/12/2021,15,7
9567,44,736.36,31/07/2022,8,9
5887,44,679.55,30/10/2021,33,5
3746,44,670.45,30/09/2023,2,3
1198,44,609.09,31/01/2022,9,1
6504,44,790.91,30/11/2025,26,6
2090,44,506.82,29/08/2020,0,2
4454,44,615.91,30/08/2022,34,4
0110,44,545.45,31/12/2022,36,0
6999,44,447.73,29/11/2025,27,6
4603,44,429.55,31/08/2025,3,4
1150,44,593.18,31/12/2023,1,1
4862,44,475.00,30/01/2024,126,4
0713,44,761.36,27/12/2022,1,0
0639,44,697.73,30/11/2020,74,0
5370,44,695.45,31/07/2025,39,5
7073,44,393.18,31/12/2022,34,7
7448,44,688.64,31/07/2023,59,7
2550,44,709.09,31/01/2022,71,2
7098,44,838.64,30/10/2025,15,7
4047,44,820.45,31/07/2025,17,4
4338,44,727.27,31/08/2022,12,4
1627,44,509.09,30/10/2024,62,1
3398,44,961.36,31/10/2023,92,3
7433,44,522.73,31/12/2021,120,7
1880,44,629.55,30/07/2021,15,1
7681,44,700.00,31/01/2023,3,7
8821,44,684.09,31/12/2021,44,8
2331,44,570.45,30/11/2023,6,2
4082,44,622.73,31/05/2024,37,4
4912,44,820.45,30/10/2024,6,4
3102,44,965.91,31/05/2024,32,3
1107,44,650.00,31/12/2024,28,1
1830,44,790.91,31/01/2024,41,1
3749,44,888.64,28/06/2025,30,3
9680,44,672.73,31/12/2022,2,9
1379,44,779.55,29/11/2021,32,1
1794,44,715.91,31/07/2025,32,1
8861,44,761.36,31/10/2025,27,8
3858,44,563.64,31/07/2023,19,3
8355,44,1097.73,29/08/2022,48,8
1423,44,622.73,30/11/2025,26,1
3609,44,920.45,29/06/2022,49,3
7624,44,740.91,31/03/2021,34,7
4155,44,670.45,31/12/2023,12,4
5631,44,802.27,29/10/2025,5,5
7618,44,588.64,30/03/2025,54,7
6266,44,640.91,31/10/2023,103,6
2061,44,511.36,31/05/2022,10,2
4494,44,675.00,30/12/2022,36,4
2668,44,704.55,30/10/2022,0,2
3737,44,859.09,30/07/2024,20,3
6884,44,861.36,30/01/2023,2,6
1771,44,838.64,30/12/2022,29,1
1396,44,443.18,30/10/2023,8,1
3480,44,643.18,31/05/2023,33,3
4943,44,659.09,31/03/2025,26,4
2674,44,572.73,31/12/2023,1,2
7789,44,409.09,30/10/2021,14,7
0296,44,581.82,31/07/2025,21,0
5838,44,845.45,30/10/2024,10,5
7308,44,506.82,30/09/2022,35,7
5346,44,486.36,31/03/2025,34,5
6953,43,613.95,30/07/2025,2,6
6093,43,651.16,31/05/2025,13,6
0569,43,583.72,30/10/2025,31,0
0435,43,672.09,31/08/2025,79,0
7530,43,516.28,29/08/2020,17,7
3692,43,686.05,30/06/2024,8,3
6348,43,548.84,30/11/2020,6,6
7443,43,518.60,30/10/2021,5,7
1087,43,523.26,30/12/2022,18,1
8031,43,800.00,31/01/2023,70,8
8661,43,1037.21,30/06/2023,0,8
1694,43,548.84,30/11/2020,18,1
3519,43,783.72,30/03/2025,3,3
7768,43,486.05,29/10/2025,3,7
2147,43,597.67,31/07/2022,1,2
5094,43,546.51,29/10/2024,9,5
1555,43,586.05,30/12/2023,37,1
5218,43,497.67,31/07/2023,6,5
8306,43,409.30,31/03/2025,46,8
8266,43,455.81,31/03/2021,17,8
2025,43,779.07,31/07/2022,17,2
1883,43,458.14,29/02/2024,37,1
4087,43,846.51,31/05/2023,41,4
8353,43,693.02,31/08/2023,12,8
5477,43,520.93,30/04/2023,12,5
6086,43,504.65,30/12/2020,33,6
8680,43,625.58,30/11/2024,29,8
0269,43,865.12,28/11/2025,21,0
1007,43,539.53,31/03/2024,34,1
6603,43,1225.58,31/07/2023,3,6
9009,43,509.30,30/06/2022,5,9
2625,43,716.28,31/03/2025,89,2
5682,43,295.35,29/09/2022,8,5
9627,43,748.84,31/05/2024,87,9
0757,43,665.12,30/10/2020,16,0
7625,43,1037.21,28/12/2022,12,7
6707,43,381.40,30/12/2020,1,6
4664,43,581.40,30/07/2025,22,4
5541,43,767.44,30/12/2024,4,5
2888,43,455.81,30/03/2024,30,2
6808,43,288.37,30/09/2023,30,6
1233,43,541.86,30/03/2024,4,1
8903,43,604.65,31/12/2023,16,8
9856,43,511.63,31/10/2022,35,9
4917,43,1006.98,31/03/2025,11,4
6478,43,709.30,31/07/2022,73,6
9557,43,1286.05,30/11/2021,11,9
2108,43,646.51,31/12/2024,35,2
6064,43,909.30,31/10/2025,55,6
4647,43,353.49,30/12/2020,71,4
3008,43,941.86,30/08/2022,1,3
1505,43,767.44,31/12/2024,20,1
9425,43,844.19,31/12/2022,8,9
2638,43,544.19,30/11/2025,26,2
1004,43,676.74,29/10/2025,2,1
9759,43,565.12,31/10/2022,5,9
0207,43,711.63,27/11/2021,93,0
2475,43,672.09,30/07/2022,96,2
4118,43,741.86,30/04/2022,37,4
3610,43,665.12,31/07/2023,61,3
2055,43,460.47,31/03/2021,3,2
4147,43,825.58,31/10/2025,31,4
2806,43,704.65,31/03/2022,13,2
1362,43,790.70,30/08/2021,9,1
2319,43,897.67,31/05/2024,6,2
0471,43,760.47,31/07/2022,2,0
8454,43,972.09,30/10/2022,15,8
6142,43,597.67,29/11/2022,28,6
5467,43,565.12,31/08/2024,18,5
1019,43,434.88,31/03/2021,12,1
9102,43,625.58,31/03/2022,60,9
4124,43,837.21,30/09/2024,31,4
5686,43,623.26,31/05/2022,37,5
6601,43,641.86,31/12/2023,58,6
0508,43,616.28,29/01/2025,53,0
6799,43,713.95,31/12/2021,10,6
8840,43,809.30,31/10/2025,0,8
0590,43,518.60,31/12/2022,1,0
6423,43,500.00,31/01/2022,8,6
6227,43,681.40,30/04/2024,22,6
7332,43,869.77,30/10/2024,29,7
5919,43,572.09,31/01/2022,71,5
9542,43,660.47,31/08/2023,6,9
4615,43,383.72,30/07/2024,2,4
6545,43,634.88,30/09/2021,73,6
8802,43,653.49,31/10/2022,24,8
4789,43,518.60,31/01/2022,59,4
6150,43,455.81,29/11/2023,47,6
9291,43,918.60,30/03/2024,39,9
9044,43,1013.95,30/04/2021,82,9
1193,43,516.28,31/12/2021,0,1
9681,43,606.98,31/03/2022,5,9
3244,43,655.81,30/11/2024,48,3
6387,43,818.60,30/11/2021,45,6
1061,43,641.86,30/04/2021,13,1
6706,43,669.77,29/12/2021,9,6
1490,43,816.28,29/12/2024,19,1
1901,43,560.47,31/12/2021,40,1
8335,43,300.00,31/10/2024,5,8
6586,43,786.05,31/12/2024,9,6
0098,43,495.35,31/01/2024,62,0
0128,43,811.63,31/05/2025,45,0
3467,43,769.77,31/12/2022,1,3
0439,43,511.63,30/11/2023,1,0
1283,43,530.23,31/10/2025,17,1
8134,43,1030.23,31/07/2023,8,8
9782,43,593.02,28/07/2023,14,9
9608,43,502.33,30/12/2022,33,9
0336,43,616.28,31/03/2022,11,0
5351,43,762.79,31/12/2022,4,5
8186,43,544.19,30/12/2021,33,8
0794,43,702.33,31/12/2023,6,0
7231,43,979.07,29/03/2024,37,7
3909,43,532.56,29/04/2021,24,3
4265,43,448.84,30/10/2021,72,4
0562,43,1041.86,31/12/2021,15,0
0447,43,806.98,30/11/2021,28,0
2740,43,476.74,30/06/2023,25,2
0679,43,702.33,31/07/2022,44,0
1246,43,806.98,31/10/2022,25,1
4570,43,483.72,30/11/2024,14,4
5703,43,639.53,30/11/2024,43,5
2770,43,837.21,30/10/2023,45,2
2205,43,586.05,31/10/2024,15,2
5305,43,783.72,30/05/2025,9,5
1658,43,562.79,31/07/2025,4,1
4767,43,644.19,30/11/2024,7,4
6144,43,744.19,31/03/2023,33,6
9194,43,418.60,29/07/2025,28,9
3520,43,334.88,31/07/2023,12,3
6634,43,500.00,31/08/2025,33,6
4262,43,313.95,29/01/2025,50,4
5662,43,465.12,31/10/2025,51,5
6486,43,753.49,31/10/2025,55,6
1982,43,825.58,30/09/2021,105,1
4909,43,486.05,31/01/2025,32,4
2203,43,455.81,31/05/2023,7,2
6404,43,741.86,30/08/2025,12,6
8443,43,758.14,30/12/2022,26,8
0469,43,674.42,31/12/2023,18,0
2176,43,620.93,29/10/2025,57,2
6185,43,790.70,31/03/2023,33,6
7580,43,1090.70,29/10/2025,2,7
1850,43,1093.02,30/06/2025,3,1
4721,43,890.70,28/10/2022,6,4
4773,43,493.02,31/08/2025,3,4
0850,43,686.05,30/11/2025,10,0
1556,43,486.05,29/12/2020,13,1
8323,43,1041.86,30/08/2022,43,8
4036,43,648.84,31/08/2025,53,4
8961,43,586.05,30/12/2024,92,8
4298,43,702.33,31/03/2024,18,4
1696,43,425.58,30/10/2025,25,1
8653,43,623.26,31/01/2024,15,8
8314,43,683.72,30/09/2023,30,8
8854,43,688.37,31/05/2022,39,8
0941,43,809.30,31/12/2024,131,0
5624,43,590.70,31/10/2025,35,5
9616,43,490.70,31/12/2023,3,9
2464,43,667.44,31/10/2025,55,2
5223,43,344.19,31/05/2025,16,5
0092,43,965.12,31/08/2024,10,0
8814,43,669.77,31/10/2025,27,8
0732,43,469.77,31/05/2025,7,0
7586,43,576.74,30/11/2024,88,7
9257,43,1046.51,31/10/2025,2,9
2876,43,406.98,30/12/2022,52,2
9293,43,1023.26,31/03/2024,3,9
8191,43,572.09,30/11/2021,6,8
1352,43,797.67,31/10/2022,11,1
5001,43,616.28,31/12/2021,17,5
9208,43,811.63,31/05/2025,132,9
4891,43,709.30,31/07/2023,10,4
0786,43,837.21,30/10/2022,14,0
8348,43,848.84,30/08/2022,8,8
7260,43,611.63,30/07/2025,32,7
6773,43,748.84,31/12/2022,4,6
8663,43,532.56,31/10/2022,165,8
7965,43,520.93,30/12/2024,100,7
8518,43,869.77,30/12/2024,51,8
9403,43,634.88,30/09/2020,5,9
2460,43,816.28,31/12/2023,1,2
0374,43,695.35,31/12/2021,15,0
9127,43,800.00,31/03/2025,7,9
8782,43,744.19,30/10/2022,16,8
4484,43,509.30,31/08/2023,1,4
8872,43,672.09,31/10/2023,1,8
1975,43,397.67,30/04/2023,1,1
2780,43,448.84,31/10/2022,22,2
0773,43,837.21,31/05/2023,50,0
4806,43,776.74,30/12/2022,105,4
1780,43,532.56,30/08/2023,58,1
5909,43,576.74,30/11/2023,36,5
3499,43,574.42,29/12/2021,33,3
2877,43,448.84,29/12/2023,39,2
3887,43,539.53,31/05/2024,20,3
2495,43,813.95,31/08/2025,47,2
5005,43,751.16,31/12/2024,21,5
4722,43,402.33,31/01/2022,19,4
2429,43,451.16,29/09/2025,32,2
8413,43,930.23,31/10/2025,50,8
5028,43,569.77,31/08/2022,3,5
4881,43,476.74,31/03/2025,64,4
8130,43,741.86,31/05/2022,6,8
3439,43,769.77,30/01/2021,17,3
5367,43,881.40,30/04/2024,18,5
1444,43,446.51,31/03/2022,157,1
7118,43,609.30,29/03/2021,16,7
8016,43,446.51,31/12/2024,18,8
5788,43,665.12,30/07/2025,41,5
5996,43,765.12,27/12/2024,6,5
2173,43,316.28,30/08/2023,9,2
1201,43,681.40,30/12/2021,2,1
2480,43,806.98,30/07/2021,14,2
0467,43,793.02,30/09/2020,7,0
7452,43,560.47,30/08/2021,2,7
5884,43,644.19,31/01/2022,6,5
2938,43,616.28,30/07/2021,3,2
1851,43,613.95,31/03/2022,11,1
6912,43,572.09,30/11/2022,71,6
4576,43,260.47,30/09/2020,36,4
4859,43,755.81,31/05/2024,27,4
4059,43,444.19,30/09/2021,0,4
3109,43,874.42,31/10/2023,11,3
4285,43,872.09,31/10/2023,14,4
0369,43,967.44,31/05/2023,4,0
1747,43,1032.56,31/03/2021,24,1
9362,43,674.42,30/08/2024,6,9
3886,43,830.23,30/09/2022,119,3
9885,43,660.47,31/05/2025,32,9
5422,43,846.51,31/08/2024,11,5
8981,43,716.28,31/10/2025,55,8
1108,43,806.98,31/03/2023,8,1
5390,43,400.00,31/01/2023,28,5
5038,43,595.35,31/08/2024,14,5
2294,43,760.47,31/01/2022,17,2
7342,43,602.33,29/07/2023,0,7
7128,43,697.67,30/12/2024,77,7
0470,43,772.09,31/05/2025,24,0
5179,43,618.60,30/09/2020,51,5
5483,43,502.33,30/11/2022,4,5
4883,43,737.21,31/03/2021,9,4
0111,43,604.65,30/10/2023,35,0
6255,43,583.72,30/05/2022,33,6
3152,43,660.47,31/01/2025,7,3
9801,43,472.09,30/12/2023,24,9
0390,43,788.37,31/10/2022,7,0
9104,43,500.00,31/08/2025,5,9
1009,43,720.93,28/08/2022,72,1
0864,43,602.33,31/12/2023,23,0
4364,43,572.09,30/05/2024,15,4
0694,43,658.14,30/04/2021,9,0
0328,43,618.60,30/12/2021,0,0
7472,43,630.23,30/09/2020,0,7
0540,43,665.12,30/11/2021,1,0
7720,43,351.16,30/04/2022,0,7
8707,43,511.63,30/11/2023,0,8
9372,43,706.98,31/08/2025,33,9
3060,43,793.02,31/10/2022,14,3
3046,43,816.28,31/12/2024,12,3
2595,43,623.26,28/04/2024,6,2
1082,43,455.81,31/12/2024,10,1
7149,43,323.26,30/09/2023,13,7
0004,43,676.74,29/01/2025,20,0
0689,43,788.37,31/01/2023,0,0
2310,43,458.14,31/03/2024,62,2
1140,43,565.12,30/11/2020,89,1
2915,43,595.35,31/01/2024,24,2
9160,43,744.19,31/08/2024,6,9
9504,43,786.05,30/10/2025,20,9
1378,43,395.35,31/05/2025,6,1
6261,43,811.63,31/10/2022,21,6
0802,43,548.84,30/11/2025,26,0
7297,43,739.53,30/05/2022,14,7
5784,43,895.35,31/12/2023,51,5
9575,43,779.07,30/05/2025,18,9
9521,43,879.07,31/08/2022,4,9
8546,43,369.77,31/07/2025,36,8
1163,43,409.30,31/10/2023,6,1
2874,43,518.60,30/07/2024,41,2
5442,43,762.79,31/12/2021,42,5
6742,43,558.14,31/05/2022,5,6
0930,43,479.07,31/05/2023,2,0
9330,43,583.72,31/08/2022,101,9
4439,43,660.47,30/12/2023,68,4
0741,43,711.63,29/07/2024,47,0
6179,43,595.35,30/09/2023,6,6
4628,43,679.07,31/01/2025,33,4
2587,43,820.93,31/01/2023,10,2
8392,43,662.79,31/03/2025,50,8
3222,43,1118.60,30/08/2021,78,3
0546,43,1032.56,31/07/2025,24,0
5548,43,502.33,31/07/2025,4,5
7622,43,541.86,30/10/2024,66,7
3110,43,700.00,30/09/2024,35,3
1893,43,686.05,31/12/2022,31,1
9705,43,1039.53,30/12/2024,6,9
0253,43,593.02,31/01/2023,14,0
2265,43,751.16,30/07/2024,44,2
1492,43,809.30,30/07/2023,5,1
3540,43,641.86,29/11/2025,27,3
9839,43,965.12,31/12/2024,41,9
6846,43,600.00,31/08/2023,14,6
2640,43,490.70,31/05/2023,0,2
9176,43,881.40,29/12/2021,23,9
0706,43,411.63,30/08/2021,8,0
3500,43,1067.44,31/08/2025,37,3
8571,43,560.47,31/08/2025,5,8
2540,43,576.74,30/01/2024,22,2
8154,43,827.91,31/03/2025,0,8
4135,43,572.09,31/10/2025,30,4
4274,43,660.47,30/05/2022,5,4
1837,43,518.60,31/03/2023,18,1
8876,43,1067.44,30/03/2023,9,8
3931,43,653.49,31/03/2024,88,3
7889,43,667.44,30/11/2021,14,7
4071,43,634.88,30/10/2022,25,4
9073,43,565.12,31/10/2025,52,9
2317,43,1002.33,31/10/2025,29,2
5687,43,734.88,31/10/2025,9,5
3351,43,609.30,30/10/2022,9,3
6676,43,613.95,31/01/2024,20,6
1136,43,579.07,30/11/2024,28,1
7252,43,739.53,31/08/2025,3,7
8423,43,860.47,30/11/2020,24,8
4876,43,518.60,30/10/2022,0,4
9956,43,467.44,31/03/2021,11,9
2542,43,611.63,30/10/2024,36,2
9833,43,565.12,30/05/2023,7,9
7575,43,660.47,31/05/2023,0,7
6630,43,893.02,31/05/2022,22,6
6253,43,965.12,29/09/2022,14,6
4103,43,711.63,30/09/2020,6,4
7188,43,516.28,29/11/2023,3,7
9614,43,530.23,31/10/2024,27,9
9125,43,532.56,31/07/2022,18,9
4871,43,955.81,30/08/2023,19,4
6084,43,751.16,31/10/2022,14,6
6340,43,944.19,31/07/2025,12,6
4243,43,634.88,31/12/2023,72,4
3180,43,353.49,31/12/2021,15,3
9764,43,741.86,31/10/2024,64,9
4730,43,451.16,31/01/2025,16,4
3966,43,472.09,29/06/2023,60,3
9628,43,390.70,31/03/2022,0,9
0117,43,406.98,31/12/2023,20,0
1012,43,860.47,30/12/2023,14,1
2364,43,479.07,31/03/2021,15,2
0968,43,639.53,28/05/2022,109,0
3386,43,534.88,31/05/2024,51,3
0652,43,276.74,31/10/2024,11,0
0832,43,651.16,30/08/2022,2,0
2713,43,567.44,30/06/2025,53,2
9336,43,820.93,31/10/2024,38,9
0091,43,758.14,31/10/2024,47,0
1879,43,1079.07,28/05/2023,2,1
1155,43,700.00,31/12/2021,5,1
0052,43,541.86,30/11/2021,40,0
1974,43,748.84,30/11/2023,11,1
0264,43,734.88,31/01/2025,12,0
8743,43,906.98,31/12/2022,8,8
8859,43,688.37,30/10/2020,11,8
8105,43,411.63,31/08/2022,16,8
8078,43,788.37,28/10/2025,13,8
0823,43,437.21,31/07/2022,12,0
1613,43,853.49,31/05/2023,27,1
5546,43,637.21,31/05/2022,73,5
6309,43,330.23,31/10/2025,9,6
9404,43,500.00,30/09/2021,2,9
5580,43,900.00,31/08/2022,22,5
2687,43,488.37,29/10/2025,17,2
1859,43,367.44,31/03/2024,36,1
6502,43,762.79,30/01/2025,67,6
3748,43,448.84,31/08/2024,11,3
3360,43,606.98,29/10/2024,38,3
4922,43,681.40,30/03/2024,12,4
7553,43,539.53,30/11/2025,26,7
4321,43,727.91,31/03/2022,14,4
2982,43,706.98,30/10/2025,50,2
8328,43,674.42,30/11/2021,70,8
6051,43,688.37,31/10/2022,37,6
3323,43,604.65,30/10/2023,263,3
1397,43,651.16,31/10/2025,0,1
1523,43,416.28,31/10/2025,1,1
6049,43,511.63,31/01/2023,88,6
9275,43,632.56,31/05/2024,32,9
9914,43,713.95,31/05/2025,40,9
4957,43,695.35,31/12/2022,28,4
5959,43,755.81,31/12/2024,29,5
7777,43,583.72,30/12/2021,33,7
6236,43,486.05,30/07/2021,43,6
4275,43,739.53,30/11/2025,26,4
1639,43,460.47,30/12/2022,2,1
6784,43,658.14,30/12/2024,3,6
5776,43,476.74,31/12/2021,21,5
5834,43,490.70,31/08/2023,16,5
0756,43,555.81,28/08/2022,78,0
2398,43,337.21,30/09/2023,73,2
3995,43,295.35,31/07/2025,0,3
8042,43,765.12,31/07/2023,23,8
4281,43,579.07,31/07/2025,9,4
6155,43,951.16,30/04/2025,21,6
3696,43,660.47,31/08/2022,18,3
5650,43,432.56,30/11/2025,20,5
6518,43,690.70,30/12/2022,60,6
8895,43,653.49,27/09/2022,13,8
8559,43,700.00,29/10/2022,42,8
6532,43,611.63,30/11/2024,7,6
9493,43,753.49,31/01/2022,26,9
7401,43,781.40,31/08/2023,112,7
4204,43,416.28,28/05/2024,123,4
6728,43,758.14,31/01/2022,30,6
9656,43,718.60,27/12/2021,22,9
3170,43,704.65,31/10/2022,32,3
8712,43,848.84,31/08/2024,101,8
3268,43,567.44,31/08/2023,37,3
2030,43,486.05,31/01/2022,19,2
8437,43,702.33,31/08/2022,9,8
3681,43,527.91,31/05/2025,3,3
6156,43,334.88,31/10/2025,18,6
7614,43,809.30,31/12/2022,49,7
0321,43,362.79,29/12/2021,8,0
4749,43,844.19,31/01/2024,29,4
8735,43,1016.28,31/05/2022,29,8
2582,43,630.23,30/10/2022,28,2
2910,43,365.12,30/11/2023,2,2
4872,43,746.51,31/05/2022,22,4
2917,43,934.88,30/09/2025,33,2
9657,43,823.26,31/10/2022,11,9
8686,43,702.33,31/10/2024,27,8
0048,43,751.16,31/12/2024,1,0
6302,43,851.16,30/05/2023,42,6
0382,43,483.72,31/12/2022,43,0
1672,43,658.14,29/12/2022,60,1
5753,43,725.58,30/12/2021,105,5
6450,43,562.79,31/03/2025,4,6
2063,43,493.02,30/07/2022,36,2
0767,43,709.30,30/03/2022,3,0
2924,43,411.63,29/10/2022,100,2
1184,43,576.74,30/09/2020,27,1
4652,43,862.79,31/05/2024,62,4
0149,43,1006.98,30/12/2024,42,0
8243,43,646.51,30/04/2024,1,8
5692,43,541.86,31/03/2022,8,5
2428,43,939.53,30/05/2025,25,2
3574,43,488.37,29/09/2022,48,3
9187,43,904.65,30/03/2023,3,9
4449,43,462.79,31/07/2022,80,4
6039,43,453.49,30/12/2022,39,6
1733,43,437.21,30/12/2022,8,1
3911,43,504.65,28/10/2024,30,3
0339,43,544.19,31/05/2023,2,0
3157,43,946.51,30/01/2023,11,3
3892,43,641.86,31/03/2024,18,3
6789,43,737.21,31/10/2023,54,6
5508,43,683.72,30/12/2023,9,5
9677,43,711.63,31/10/2022,12,9
6805,43,1167.44,29/10/2022,16,6
2763,43,1058.14,30/04/2021,2,2
1042,43,855.81,31/10/2024,78,1
9305,43,986.05,31/03/2023,9,9
6187,43,313.95,30/11/2025,0,6
8358,43,839.53,31/03/2022,4,8
5900,43,923.26,31/12/2021,49,5
0086,43,660.47,29/11/2022,24,0
3049,43,565.12,31/05/2025,2,3
1586,43,683.72,30/01/2023,58,1
2899,43,802.33,31/03/2022,44,2
3707,43,437.21,31/12/2023,31,3
8709,43,525.58,31/01/2024,8,8
5711,43,1209.30,30/11/2023,47,5
0094,43,386.05,28/06/2025,11,0
6153,43,890.70,31/03/2025,30,6
6356,43,658.14,30/08/2024,22,6
8366,43,813.95,30/12/2020,14,8
9232,43,565.12,30/11/2021,13,9
4365,43,534.88,31/10/2025,55,4
4217,43,993.02,30/11/2024,30,4
5341,43,583.72,30/11/2022,3,5
5207,43,490.70,31/05/2025,15,5
7413,43,597.67,31/12/2021,16,7
0045,43,434.88,31/10/2023,76,0
0158,43,665.12,30/12/2022,53,0
6198,43,941.86,30/12/2024,50,6
7199,43,809.30,31/12/2021,55,7
3254,43,1130.23,30/11/2023,46,3
7257,43,623.26,31/12/2024,12,7
0218,43,560.47,31/08/2025,34,0
2991,43,860.47,30/09/2024,18,2
7489,43,981.40,30/08/2023,38,7
5955,43,504.65,30/12/2024,34,5
1773,43,983.72,31/12/2023,27,1
6825,43,823.26,30/05/2023,95,6
6625,43,523.26,30/11/2021,8,6
4611,43,1046.51,30/11/2023,152,4
1487,43,786.05,30/11/2020,40,1
4384,43,927.91,31/01/2023,31,4
1881,43,695.35,31/01/2025,31,1
6222,43,781.40,31/12/2023,6,6
8287,43,793.02,30/12/2021,38,8
2723,43,504.65,30/11/2023,4,2
1770,43,569.77,30/06/2025,7,1
8858,43,548.84,31/12/2022,18,8
0561,43,311.63,30/01/2024,17,0
3061,43,553.49,31/10/2023,4,3
1380,43,804.65,31/10/2025,11,1
6338,43,700.00,31/07/2023,22,6
0775,43,604.65,31/03/2022,12,0
4900,43,465.12,31/05/2022,62,4
7830,43,260.47,31/07/2022,14,7
9931,43,560.47,30/08/2024,17,9
5600,43,806.98,30/03/2025,20,5
4865,43,555.81,30/11/2020,6,4
3534,43,504.65,30/09/2023,32,3
1496,43,506.98,31/10/2025,55,1
5640,43,434.88,31/01/2024,4,5
3715,43,732.56,30/04/2022,19,3
5958,43,376.74,31/08/2025,23,5
9697,43,941.86,30/07/2022,12,9
1743,43,300.00,31/03/2023,14,1
0985,43,632.56,31/10/2024,119,0
8001,43,630.23,30/11/2021,35,8
3668,43,527.91,30/05/2023,1,3
5660,43,546.51,30/11/2025,14,5
9586,43,651.16,31/05/2025,25,9
6577,43,506.98,30/03/2021,3,6
4173,43,674.42,31/08/2023,0,4
2286,43,427.91,31/08/2025,4,2
1983,43,341.86,30/12/2020,6,1
0475,43,569.77,29/07/2024,82,0
3752,43,618.60,31/05/2025,8,3
4218,43,937.21,30/07/2023,2,4
8192,43,616.28,31/07/2022,5,8
1170,43,560.47,31/01/2024,22,1
6451,43,579.07,31/10/2024,21,6
1712,42,664.29,31/01/2025,44,1
2302,42,588.10,30/09/2020,30,2
9151,42,657.14,31/10/2024,9,9
4640,42,454.76,30/11/2022,29,4
2336,42,666.67,29/11/2025,16,2
4875,42,823.81,30/05/2025,20,4
3491,42,750.00,29/11/2021,50,3
4437,42,497.62,30/07/2025,3,4
6018,42,769.05,31/01/2025,29,6
1749,42,1000.00,31/12/2024,49,1
8679,42,690.48,31/01/2022,8,8
3955,42,369.05,31/01/2025,78,3
4131,42,673.81,31/08/2023,13,4
3865,42,459.52,31/10/2023,7,3
5985,42,369.05,31/08/2025,5,5
5992,42,480.95,29/11/2022,126,5
0654,42,954.76,31/03/2025,19,0
6363,42,690.48,31/05/2024,20,6
5841,42,790.48,30/04/2023,15,5
9878,42,797.62,31/12/2024,2,9
2683,42,721.43,31/07/2025,19,2
8772,42,383.33,31/12/2022,5,8
9246,42,550.00,30/11/2022,8,9
3975,42,257.14,29/07/2025,2,3
2266,42,609.52,31/05/2022,16,2
9273,42,1026.19,30/09/2024,22,9
9603,42,507.14,30/06/2022,2,9
9993,42,1011.90,30/06/2023,34,9
4643,42,350.00,31/01/2023,35,4
7172,42,630.95,30/11/2024,83,7
5026,42,495.24,30/07/2023,20,5
9387,42,602.38,31/08/2025,19,9
3742,42,985.71,31/07/2022,140,3
8398,42,778.57,30/08/2022,12,8
5722,42,440.48,31/01/2024,7,5
4622,42,419.05,30/11/2021,0,4
0280,42,916.67,30/10/2023,47,0
7947,42,1021.43,30/12/2023,25,7
3401,42,697.62,27/08/2022,97,3
4658,42,554.76,31/07/2023,41,4
4360,42,600.00,30/12/2023,5,4
6753,42,466.67,30/11/2021,8,6
2538,42,490.48,31/05/2022,1,2
5383,42,642.86,31/08/2022,32,5
9172,42,685.71,30/09/2022,80,9
1387,42,911.90,30/10/2022,36,1
8234,42,873.81,30/09/2022,10,8
9990,42,383.33,31/01/2025,7,9
0955,42,590.48,31/01/2022,32,0
4387,42,869.05,31/10/2024,14,4
1976,42,714.29,31/01/2025,88,1
8637,42,533.33,31/05/2025,17,8
5700,42,883.33,30/08/2023,1,5
2237,42,528.57,31/08/2025,0,2
0578,42,754.76,31/03/2024,3,0
5226,42,564.29,31/01/2025,32,5
9296,42,745.24,30/08/2022,65,9
5021,42,314.29,31/12/2021,35,5
8404,42,638.10,31/12/2022,15,8
4981,42,671.43,31/03/2025,9,4
5163,42,788.10,31/10/2024,6,5
3944,42,642.86,30/11/2022,29,3
1682,42,790.48,31/10/2023,19,1
4081,42,788.10,31/07/2022,0,4
1595,42,550.00,30/04/2023,34,1
6935,42,819.05,30/08/2024,3,6
3767,42,616.67,30/10/2021,0,3
9806,42,559.52,31/05/2024,5,9
5835,42,609.52,30/03/2024,61,5
5193,42,788.10,30/12/2024,7,5
6670,42,1435.71,30/06/2022,64,6
6978,42,619.05,31/12/2022,45,6
5303,42,780.95,31/03/2022,7,5
0981,42,859.52,30/03/2023,2,0
8440,42,526.19,31/10/2022,22,8
5083,42,411.90,31/08/2025,51,5
0405,42,611.90,28/07/2023,10,0
1491,42,583.33,29/06/2022,32,1
5479,42,959.52,28/04/2024,12,5
8985,42,578.57,31/03/2021,39,8
5174,42,511.90,30/08/2021,1,5
6673,42,852.38,31/08/2024,31,6
9700,42,559.52,31/10/2024,15,9
0186,42,607.14,29/03/2022,2,0
1033,42,547.62,29/03/2023,7,1
8284,42,742.86,29/11/2025,27,8
9240,42,785.71,30/11/2024,51,9
0292,42,1121.43,30/06/2025,35,0
3335,42,688.10,30/01/2025,19,3
4538,42,1052.38,30/10/2024,4,4
0267,42,633.33,31/05/2022,22,0
9818,42,516.67,31/12/2022,33,9
9290,42,707.14,31/12/2021,8,9
6598,42,840.48,30/05/2022,129,6
6161,42,476.19,31/08/2025,17,6
6830,42,557.14,31/08/2025,43,6
5811,42,680.95,31/05/2024,11,5
3963,42,619.05,31/01/2022,1,3
6974,42,1002.38,30/12/2023,3,6
9718,42,504.76,31/10/2025,6,9
9405,42,452.38,31/03/2024,10,9
1251,42,828.57,29/07/2024,2,1
8603,42,1228.57,30/11/2022,20,8
6077,42,895.24,30/07/2024,11,6
9930,42,847.62,31/01/2022,19,9
2901,42,383.33,30/07/2023,10,2
7094,42,559.52,31/05/2025,71,7
1253,42,750.00,31/12/2023,50,1
0606,42,680.95,31/03/2022,0,0
4455,42,890.48,31/10/2022,26,4
6968,42,871.43,31/10/2022,7,6
4925,42,511.90,30/12/2024,3,4
4679,42,509.52,31/12/2021,1,4
1088,42,395.24,31/01/2023,7,1
4193,42,702.38,31/01/2025,4,4
8645,42,833.33,30/11/2020,11,8
1151,42,335.71,31/08/2022,16,1
8316,42,592.86,31/10/2025,20,8
0675,42,535.71,31/10/2025,19,0
2365,42,885.71,30/12/2020,14,2
8178,42,628.57,31/05/2025,6,8
6690,42,480.95,31/10/2023,52,6
1865,42,354.76,29/10/2025,4,1
7507,42,1300.00,31/05/2022,61,7
4276,42,1061.90,30/07/2021,2,4
3996,42,976.19,31/10/2024,5,3
6494,42,747.62,31/10/2022,25,6
5818,42,578.57,31/08/2025,15,5
2603,42,461.90,31/10/2025,26,2
7154,42,740.48,31/05/2023,5,7
2846,42,759.52,28/09/2025,43,2
6506,42,614.29,31/01/2025,22,6
8668,42,607.14,30/12/2023,20,8
0962,42,471.43,30/11/2023,29,0
2729,42,752.38,31/01/2023,2,2
9901,42,442.86,30/07/2025,2,9
0015,42,783.33,31/03/2025,5,0
5456,42,442.86,30/03/2021,11,5
4558,42,542.86,31/12/2021,0,4
1816,42,507.14,31/12/2024,65,1
5493,42,1097.62,30/06/2023,40,5
7904,42,766.67,31/05/2022,13,7
6779,42,616.67,31/12/2021,35,6
7055,42,1000.00,30/11/2022,11,7
8291,42,392.86,30/12/2021,89,8
6110,42,945.24,30/12/2020,66,6
2301,42,788.10,31/12/2022,27,2
0833,42,385.71,31/03/2023,11,0
6618,42,395.24,31/01/2024,49,6
2662,42,454.76,30/10/2022,99,2
9634,42,452.38,31/01/2023,12,9
6134,42,809.52,30/07/2025,0,6
6612,42,759.52,31/05/2023,32,6
7585,42,535.71,30/11/2025,7,7
5074,42,516.67,30/12/2021,15,5
5035,42,647.62,29/11/2022,22,5
5982,42,533.33,28/05/2022,23,5
1501,42,828.57,31/08/2025,31,1
1048,42,1021.43,30/12/2021,31,1
2457,42,750.00,31/05/2023,14,2
1225,42,500.00,31/12/2023,37,1
6748,42,514.29,31/05/2024,79,6
9500,42,583.33,31/08/2022,51,9
3660,42,1128.57,31/03/2025,57,3
8362,42,1128.57,30/11/2025,19,8
0594,42,521.43,31/03/2025,7,0
2028,42,569.05,31/07/2022,39,2
8152,42,1002.38,31/08/2025,0,8
6145,42,630.95,30/10/2022,27,6
4885,42,530.95,31/05/2025,23,4
1497,42,835.71,31/01/2022,12,1
1276,42,828.57,31/07/2025,10,1
8428,42,583.33,31/05/2022,19,8
2678,42,640.48,31/07/2025,13,2
5965,42,807.14,28/11/2022,2,5
3137,42,602.38,31/12/2022,30,3
0949,42,571.43,31/12/2021,123,0
2088,42,792.86,31/12/2022,1,2
9505,42,507.14,31/03/2023,1,9
8086,42,795.24,31/01/2025,31,8
6140,42,502.38,31/12/2024,0,6
4991,42,690.48,30/11/2022,39,4
7102,42,838.10,30/11/2024,7,7
1304,42,557.14,31/12/2021,9,1
7554,42,683.33,29/11/2021,1,7
1511,42,947.62,29/12/2022,24,1
5512,42,854.76,31/10/2022,20,5
8738,42,904.76,31/10/2022,14,8
0533,42,1130.95,31/08/2025,67,0
8671,42,788.10,31/01/2025,11,8
1332,42,695.24,30/07/2023,105,1
0665,42,959.52,31/12/2023,3,0
9351,42,676.19,30/06/2025,3,9
0566,42,659.52,29/11/2021,24,0
8486,42,661.90,29/07/2023,53,8
4499,42,402.38,31/03/2021,85,4
2236,42,673.81,31/03/2021,10,2
3719,42,480.95,29/01/2021,17,3
9876,42,802.38,31/03/2021,1,9
6954,42,604.76,31/10/2025,7,6
3890,42,788.10,31/10/2024,40,3
9528,42,792.86,29/09/2024,9,9
8786,42,621.43,30/12/2020,13,8
9962,42,747.62,31/12/2023,33,9
1864,42,821.43,30/10/2024,116,1
3863,42,826.19,31/01/2024,5,3
8769,42,826.19,30/12/2024,3,8
7961,42,783.33,30/12/2022,3,7
4452,42,671.43,29/07/2023,28,4
8389,42,761.90,31/05/2024,21,8
2574,42,385.71,29/12/2024,21,2
9107,42,940.48,31/10/2022,16,9
6346,42,466.67,30/09/2020,28,6
2654,42,735.71,31/03/2021,7,2
3826,42,945.24,30/09/2020,19,3
6986,42,659.52,30/05/2022,44,6
4924,42,766.67,30/05/2025,95,4
7617,42,254.76,28/01/2022,3,7
3842,42,600.00,30/05/2025,6,3
8002,42,754.76,29/11/2025,13,8
5633,42,283.33,31/07/2022,54,5
2181,42,483.33,31/10/2022,35,2
8601,42,728.57,31/03/2023,57,8
9920,42,1221.43,29/10/2025,7,9
9189,42,533.33,31/03/2024,100,9
6388,42,980.95,31/12/2024,27,6
1700,42,992.86,31/01/2023,10,1
4849,42,566.67,30/11/2024,13,4
2490,42,1411.90,30/08/2024,8,2
9262,42,654.76,31/01/2025,0,9
3639,42,842.86,31/05/2025,43,3
1847,42,521.43,30/12/2020,31,1
8473,42,719.05,31/08/2025,0,8
8068,42,988.10,30/04/2025,16,8
7473,42,323.81,30/03/2023,121,7
6373,42,245.24,30/09/2023,32,6
0947,42,485.71,31/10/2022,26,0
2605,42,666.67,30/07/2025,92,2
4341,42,659.52,31/01/2023,1,4
7798,42,640.48,30/08/2022,13,7
8418,42,573.81,31/03/2024,59,8
1840,42,626.19,30/05/2025,30,1
3882,42,730.95,31/12/2023,55,3
6288,42,480.95,31/03/2024,11,6
4964,42,650.00,31/08/2025,29,4
0612,42,538.10,31/05/2025,12,0
1690,42,569.05,31/05/2025,42,1
4007,42,511.90,31/10/2022,4,4
3548,42,559.52,31/01/2023,45,3
0406,42,661.90,30/08/2022,1,0
9329,42,664.29,30/06/2024,6,9
0777,42,850.00,31/12/2024,47,0
8675,42,680.95,30/11/2024,4,8
0260,42,850.00,31/05/2023,35,0
9484,42,480.95,31/05/2022,13,9
0082,42,1028.57,31/08/2023,10,0
8803,42,521.43,31/08/2024,6,8
5685,42,933.33,31/01/2022,52,5
8547,42,461.90,29/11/2022,4,8
4403,42,595.24,30/06/2025,7,4
4233,42,759.52,29/12/2023,35,4
8504,42,550.00,30/12/2023,40,8
3982,42,900.00,31/08/2025,28,3
8163,42,571.43,29/09/2024,65,8
1977,42,442.86,30/11/2025,26,1
0650,42,616.67,31/10/2024,7,0
4028,42,495.24,30/05/2025,7,4
2641,42,573.81,29/10/2023,4,2
1986,42,647.62,31/05/2023,16,1
9858,42,457.14,31/08/2022,11,9
7833,42,688.10,31/03/2025,68,7
7288,42,947.62,31/08/2022,67,7
8665,42,723.81,30/11/2020,1,8
4545,42,623.81,30/09/2024,14,4
1137,42,578.57,30/03/2024,0,1
6523,42,557.14,31/03/2022,19,6
0800,42,576.19,30/09/2025,29,0
6754,42,683.33,30/04/2023,3,6
1972,42,464.29,30/09/2025,1,1
3689,42,766.67,31/01/2024,3,3
0831,42,478.57,30/03/2022,15,0
1568,42,750.00,31/05/2025,8,1
2235,42,733.33,31/10/2022,17,2
1241,42,654.76,30/10/2024,0,1
9392,42,609.52,30/11/2025,3,9
5215,42,669.05,31/05/2025,21,5
6524,42,754.76,31/07/2023,6,6
7671,42,830.95,30/09/2023,38,7
6678,42,790.48,28/02/2022,12,6
8268,42,633.33,30/12/2022,14,8
3038,42,433.33,31/10/2023,57,3
5150,42,790.48,30/09/2023,12,5
9973,42,1035.71,30/12/2021,31,9
9811,42,335.71,31/07/2025,23,9
8412,42,973.81,29/04/2023,93,8
5844,42,678.57,30/11/2022,33,5
1360,42,395.24,31/10/2023,106,1
4105,42,604.76,30/08/2022,16,4
2677,42,478.57,31/10/2022,84,2
4043,42,409.52,31/08/2025,88,4
8606,42,795.24,28/08/2025,4,8
5434,42,538.10,31/12/2024,48,5
1554,42,1021.43,31/01/2024,28,1
1757,42,683.33,31/05/2025,32,1
5723,42,916.67,30/09/2023,8,5
9130,42,566.67,30/11/2023,86,9
0476,42,288.10,31/05/2024,33,0
0352,42,671.43,31/05/2025,5,0
3245,42,478.57,31/03/2025,15,3
1759,42,654.76,29/03/2025,74,1
4074,42,1107.14,30/08/2024,7,4
6638,42,950.00,31/08/2024,22,6
9071,42,702.38,29/11/2023,16,9
0338,42,876.19,31/10/2025,21,0
5563,42,895.24,31/05/2024,18,5
5322,42,792.86,30/01/2024,0,5
7398,42,540.48,31/12/2024,11,7
3794,42,438.10,30/03/2025,21,3
7278,42,978.57,31/12/2023,24,7
6584,42,1016.67,31/10/2024,49,6
8174,42,619.05,30/10/2025,14,8
8344,42,947.62,31/12/2023,17,8
0018,42,559.52,31/12/2022,60,0
2653,42,1211.90,29/02/2024,6,2
4602,42,335.71,31/10/2024,12,4
1125,42,1238.10,31/05/2023,17,1
4784,42,519.05,30/09/2020,2,4
3868,42,557.14,30/11/2021,8,3
7588,42,638.10,30/08/2023,1,7
2007,42,800.00,31/10/2023,20,2
4346,42,845.24,31/01/2024,3,4
9645,42,1088.10,30/03/2024,58,9
1344,42,833.33,31/03/2021,1,1
8923,42,909.52,31/12/2024,97,8
2472,42,726.19,31/08/2025,51,2
9389,42,766.67,30/01/2024,1,9
3662,42,695.24,31/05/2025,0,3
6171,42,692.86,30/10/2024,25,6
9615,42,942.86,31/10/2023,47,9
0000,42,514.29,31/12/2023,31,0
1415,42,935.71,31/12/2022,5,1
3250,42,845.24,31/08/2025,15,3
3285,42,402.38,31/05/2025,21,3
8202,42,1078.57,30/12/2021,16,8
2664,42,411.90,31/10/2023,104,2
4312,42,838.10,31/01/2023,51,4
2285,42,442.86,31/07/2022,26,2
3224,42,647.62,31/10/2024,20,3
9766,42,726.19,31/08/2023,5,9
0911,42,628.57,31/05/2025,7,0
1790,42,700.00,30/12/2022,1,1
0869,42,571.43,31/12/2024,70,0
9135,42,533.33,31/12/2024,92,9
1998,42,633.33,30/11/2025,25,1
5515,42,497.62,31/03/2022,4,5
4660,42,352.38,27/05/2023,0,4
6904,42,650.00,31/08/2025,4,6
0854,42,469.05,31/10/2025,26,0
3458,42,692.86,30/08/2025,14,3
5743,42,971.43,31/01/2022,6,5
8442,42,635.71,31/12/2021,15,8
7490,42,750.00,28/10/2022,13,7
0797,42,347.62,31/05/2023,4,0
4029,42,826.19,28/10/2025,58,4
1968,42,483.33,30/12/2020,48,1
6757,42,819.05,31/03/2023,1,6
5117,42,664.29,31/10/2024,19,5
4666,42,621.43,27/10/2025,25,4
9881,42,647.62,31/07/2022,14,9
7641,42,492.86,30/01/2025,24,7
0580,42,947.62,30/05/2025,19,0
7405,42,873.81,31/05/2025,3,7
6587,42,478.57,30/11/2023,0,6
3232,42,842.86,31/03/2021,5,3
0375,42,514.29,31/03/2024,7,0
5140,42,790.48,31/12/2024,31,5
7193,42,890.48,31/03/2024,17,7
1320,42,688.10,31/05/2022,27,1
5953,42,602.38,30/01/2025,78,5
1382,42,711.90,30/09/2025,17,1
1371,42,650.00,31/10/2025,55,1
9715,42,545.24,30/09/2022,3,9
7676,42,550.00,31/10/2024,94,7
4901,42,445.24,30/06/2025,45,4
3853,42,890.48,31/07/2023,64,3
5888,42,828.57,31/10/2025,55,5
2680,42,504.76,29/12/2023,50,2
0287,42,492.86,29/11/2025,24,0
9161,42,650.00,30/12/2020,3,9
5267,42,864.29,30/11/2024,33,5
5923,42,719.05,31/03/2025,1,5
4396,42,311.90,28/12/2023,97,4
1886,42,802.38,30/10/2025,0,1
6259,42,623.81,28/12/2021,3,6
1949,42,750.00,31/10/2025,33,1
4284,42,376.19,31/08/2022,46,4
3959,42,428.57,30/06/2022,18,3
1318,42,585.71,30/03/2023,3,1
0173,42,845.24,30/04/2021,2,0
5609,42,880.95,31/03/2021,12,5
1664,42,730.95,31/05/2023,9,1
3563,42,792.86,31/07/2022,27,3
4042,42,580.95,31/03/2022,43,4
3553,42,466.67,29/03/2024,24,3
7638,42,742.86,31/12/2022,25,7
5221,42,423.81,31/08/2024,64,5
1799,42,523.81,31/01/2024,75,1
8983,42,654.76,31/12/2021,21,8
8515,42,542.86,29/05/2025,5,8
1985,42,652.38,31/03/2021,6,1
0083,42,638.10,29/06/2025,33,0
3789,42,807.14,31/10/2023,23,3
9582,42,483.33,30/11/2025,14,9
3587,42,723.81,31/01/2025,14,3
9754,42,811.90,31/10/2023,11,9
8892,42,738.10,31/08/2025,113,8
8567,42,564.29,31/03/2021,21,8
6097,42,804.76,30/08/2025,19,6
2431,42,859.52,31/05/2024,11,2
7234,42,528.57,28/09/2025,14,7
8132,42,788.10,31/01/2022,13,8
4430,42,564.29,30/08/2025,19,4
7906,42,592.86,31/08/2023,26,7
9333,42,409.52,31/03/2025,33,9
6208,42,488.10,31/10/2024,6,6
4051,42,876.19,30/06/2025,3,4
1575,42,978.57,31/10/2024,16,1
5623,42,676.19,30/05/2024,50,5
2701,42,988.10,31/12/2024,6,2
8745,42,511.90,30/10/2024,21,8
4771,42,904.76,31/12/2023,42,4
1588,42,595.24,30/11/2023,1,1
8790,42,645.24,30/03/2024,17,8
1220,42,478.57,31/08/2024,35,1
7954,42,907.14,31/08/2024,51,7
1615,42,733.33,31/03/2023,62,1
8194,42,752.38,30/12/2021,25,8
2343,42,785.71,31/08/2024,69,2
5642,42,321.43,30/07/2025,30,5
5766,42,602.38,31/07/2025,16,5
2263,42,516.67,30/10/2025,3,2
6369,42,1033.33,30/12/2021,42,6
4260,42,621.43,28/06/2024,33,4
2477,42,604.76,30/12/2021,2,2
3506,42,561.90,29/12/2021,19,3
8133,42,502.38,31/07/2025,70,8
2346,42,628.57,30/11/2025,17,2
7282,42,821.43,28/03/2022,25,7
1222,42,569.05,30/04/2025,15,1
0254,42,733.33,30/11/2021,4,0
8719,42,580.95,29/10/2024,96,8
8757,42,797.62,30/10/2023,32,8
5309,42,747.62,29/12/2021,1,5
4507,42,428.57,31/01/2022,4,4
8683,42,576.19,31/08/2025,13,8
1454,42,547.62,31/10/2025,27,1
3299,42,838.10,31/08/2022,71,3
2380,42,800.00,29/11/2021,41,2
0177,42,402.38,30/10/2020,28,0
4899,42,671.43,30/08/2025,23,4
9741,42,707.14,30/11/2025,26,9
5833,42,333.33,31/08/2022,4,5
8651,42,390.48,30/08/2023,16,8
5173,42,511.90,31/12/2022,49,5
5205,42,330.95,29/07/2022,73,5
5972,42,840.48,30/11/2022,13,5
8455,42,640.48,31/03/2025,62,8
4684,42,530.95,29/10/2022,23,4
5243,42,485.71,29/11/2023,79,5
5458,42,564.29,29/09/2024,49,5
6736,42,621.43,30/12/2023,15,6
0230,42,659.52,31/08/2023,24,0
5141,42,945.24,30/12/2022,42,5
2070,42,411.90,31/10/2023,31,2
2997,42,471.43,31/01/2024,21,2
2564,42,797.62,31/05/2024,13,2
9622,42,352.38,31/01/2023,50,9
2978,42,345.24,30/06/2022,50,2
2432,42,611.90,30/09/2025,80,2
0885,42,654.76,30/12/2024,70,0
9270,41,795.12,31/08/2025,20,9
2936,41,704.88,30/11/2021,22,2
8703,41,582.93,30/09/2025,27,8
5731,41,658.54,29/12/2021,21,5
6610,41,685.37,30/12/2024,79,6
3811,41,595.12,31/10/2024,62,3
5612,41,414.63,30/10/2025,56,5
0183,41,604.88,31/08/2023,7,0
6330,41,678.05,29/04/2025,89,6
6774,41,853.66,30/04/2021,7,6
5169,41,582.93,31/08/2024,12,5
5374,41,631.71,30/10/2022,57,5
7461,41,812.20,31/05/2024,29,7
0678,41,970.73,31/01/2022,6,0
8551,41,685.37,30/11/2020,10,8
3675,41,692.68,31/12/2024,30,3
7303,41,1200.00,31/08/2025,22,7
4128,41,539.02,30/07/2025,1,4
7204,41,590.24,29/08/2020,3,7
5237,41,543.90,31/10/2022,0,5
2068,41,758.54,30/12/2024,46,2
9465,41,441.46,30/12/2024,26,9
1684,41,780.49,31/10/2025,25,1
3619,41,531.71,30/05/2023,40,3
5102,41,821.95,31/01/2022,12,5
3320,41,785.37,31/10/2022,33,3
4351,41,863.41,31/10/2025,26,4
4343,41,1107.32,31/05/2024,10,4
2442,41,648.78,30/10/2025,56,2
3084,41,270.73,29/11/2024,8,3
0033,41,882.93,31/07/2025,20,0
0089,41,846.34,31/08/2024,41,0
2240,41,543.90,28/08/2025,63,2
8545,41,478.05,29/07/2025,2,8
2949,41,402.44,30/03/2023,15,2
3970,41,1051.22,31/08/2024,57,3
4373,41,612.20,30/08/2025,78,4
0345,41,670.73,29/08/2024,34,0
6877,41,1182.93,31/03/2022,72,6
0434,41,824.39,30/09/2024,19,0
0963,41,1065.85,30/09/2022,45,0
6919,41,524.39,29/03/2021,10,6
3934,41,700.00,31/05/2023,3,3
3271,41,419.51,29/11/2022,20,3
0789,41,548.78,31/05/2023,59,0
0834,41,417.07,31/10/2025,55,0
9103,41,778.05,31/07/2022,27,9
6842,41,724.39,30/10/2023,22,6
5937,41,929.27,30/09/2024,16,5
8338,41,1007.32,30/09/2021,3,8
3429,41,1141.46,31/05/2022,1,3
1585,41,509.76,29/12/2022,5,1
3460,41,992.68,30/10/2022,60,3
4621,41,704.88,30/12/2023,11,4
7434,41,519.51,31/01/2023,30,7
2611,41,768.29,31/07/2023,17,2
5773,41,756.10,30/09/2024,35,5
4896,41,929.27,30/01/2024,23,4
9636,41,526.83,29/06/2024,54,9
0543,41,492.68,30/08/2022,5,0
6044,41,495.12,29/05/2022,7,6
4563,41,536.59,31/12/2023,27,4
7737,41,495.12,31/12/2022,16,7
5030,41,636.59,31/08/2022,27,5
0707,41,770.73,30/10/2022,36,0
6655,41,631.71,30/06/2024,77,6
6127,41,795.12,31/12/2021,22,6
6048,41,765.85,30/05/2025,25,6
1337,41,402.44,31/03/2023,6,1
3315,41,704.88,31/10/2022,21,3
0178,41,492.68,31/12/2021,57,0
5621,41,502.44,29/06/2025,15,5
6730,41,592.68,29/12/2020,17,6
7988,41,351.22,27/03/2021,11,7
8694,41,595.12,27/09/2022,2,8
7474,41,836.59,31/01/2024,28,7
2257,41,643.90,31/03/2024,30,2
5248,41,607.32,30/06/2024,11,5
4653,41,560.98,31/07/2025,25,4
9238,41,695.12,30/11/2020,15,9
3919,41,1043.90,31/10/2025,14,3
2777,41,358.54,31/10/2023,57,2
5618,41,548.78,31/12/2021,8,5
1066,41,726.83,31/08/2025,47,1
1640,41,621.95,31/08/2025,9,1
2693,41,900.00,30/11/2020,34,2
9709,41,551.22,30/12/2021,21,9
8101,41,646.34,30/04/2021,25,8
0261,41,495.12,30/12/2021,28,0
9621,41,551.22,31/07/2023,8,9
5036,41,697.56,31/12/2021,95,5
6958,41,863.41,30/10/2025,56,6
1618,41,580.49,28/02/2024,4,1
9219,41,1007.32,29/05/2023,40,9
9797,41,675.61,27/12/2021,0,9
2714,41,609.76,30/07/2023,9,2
3735,41,841.46,30/03/2022,15,3
8490,41,958.54,31/10/2025,1,8
2752,41,551.22,30/11/2020,11,2
3618,41,695.12,31/03/2023,29,3
4549,41,734.15,30/08/2024,5,4
0040,41,729.27,30/09/2020,16,0
7796,41,609.76,30/10/2025,12,7
7197,41,273.17,31/07/2023,25,7
5211,41,802.44,30/05/2025,78,5
1354,41,804.88,31/12/2021,1,1
8084,41,619.51,31/10/2023,80,8
9588,41,1056.10,31/03/2024,10,9
2759,41,556.10,31/01/2023,1,2
4537,41,709.76,31/12/2024,48,4
7787,41,373.17,31/12/2024,36,7
0211,41,826.83,29/12/2022,82,0
2802,41,278.05,31/08/2025,35,2
9269,41,682.93,31/07/2025,19,9
4102,41,707.32,30/09/2020,28,4
0061,41,497.56,31/12/2023,20,0
5863,41,865.85,31/12/2021,10,5
1707,41,448.78,30/01/2024,14,1
2722,41,807.32,30/01/2021,8,2
8406,41,714.63,30/10/2021,54,8
2804,41,702.44,31/08/2025,20,2
2977,41,741.46,31/10/2023,68,2
1647,41,529.27,28/12/2022,77,1
3415,41,653.66,31/12/2021,23,3
1716,41,736.59,30/03/2023,32,1
5977,41,497.56,30/04/2025,5,5
8630,41,658.54,30/10/2025,4,8
2694,41,490.24,30/08/2021,39,2
5908,41,619.51,31/10/2023,68,5
3906,41,446.34,31/08/2023,69,3
9498,41,290.24,29/06/2024,123,9
5729,41,673.17,30/03/2022,48,5
9768,41,914.63,31/03/2025,5,9
1477,41,653.66,30/06/2025,32,1
5295,41,731.71,31/05/2025,2,5
0603,41,480.49,30/01/2023,7,0
2153,41,939.02,31/12/2023,12,2
6433,41,507.32,29/12/2022,35,6
0760,41,353.66,28/12/2024,5,0
0262,41,892.68,29/10/2025,16,0
4421,41,380.49,31/07/2025,11,4
1076,41,453.66,30/07/2021,2,1
7792,41,502.44,31/12/2024,62,7
1441,41,714.63,31/12/2023,41,1
5644,41,341.46,31/12/2024,10,5
7167,41,578.05,31/10/2024,79,7
0235,41,492.68,31/12/2021,19,0
3945,41,465.85,31/10/2025,17,3
5964,41,497.56,31/12/2021,9,5
1226,41,848.78,31/03/2022,10,1
5801,41,607.32,30/11/2021,22,5
3340,41,531.71,25/07/2023,4,3
1476,41,726.83,30/11/2024,47,1
4714,41,814.63,31/08/2023,8,4
9452,41,407.32,30/01/2023,61,9
0153,41,787.80,30/12/2021,2,0
9165,41,707.32,28/10/2020,16,9
8095,41,1148.78,31/05/2025,7,8
1335,41,317.07,27/06/2023,36,1
1156,41,663.41,31/05/2025,1,1
9461,41,360.98,31/03/2022,20,9
1970,41,963.41,30/11/2025,26,1
9008,41,458.54,30/08/2025,7,9
1657,41,300.00,31/12/2021,0,1
8277,41,507.32,30/09/2021,11,8
1838,41,687.80,31/01/2023,3,1
9108,41,785.37,28/12/2024,47,9
9413,41,980.49,30/11/2021,28,9
1670,41,519.51,30/11/2025,1,1
7712,41,785.37,30/11/2022,27,7
2034,41,780.49,31/12/2024,0,2
5302,41,514.63,31/10/2025,9,5
4406,41,604.88,31/12/2024,64,4
9354,41,1114.63,30/10/2025,13,9
4977,41,360.98,30/11/2021,30,4
8081,41,587.80,31/10/2024,69,8
3985,41,636.59,30/09/2021,83,3
0316,41,578.05,29/11/2024,15,0
1203,41,451.22,31/05/2024,25,1
3430,41,687.80,29/10/2023,105,3
0734,41,958.54,31/08/2025,18,0
1417,41,812.20,30/12/2021,65,1
7141,41,668.29,29/05/2023,22,7
3718,41,790.24,30/11/2025,26,3
7897,41,741.46,31/10/2022,91,7
0255,41,704.88,31/08/2023,57,0
5605,41,485.37,31/07/2022,21,5
0377,41,321.95,30/07/2025,96,0
0279,41,660.98,30/07/2025,13,0
3474,41,700.00,31/12/2021,42,3
7224,41,660.98,31/10/2025,23,7
1669,41,431.71,29/04/2021,10,1
0960,41,746.34,30/11/2021,9,0
5573,41,787.80,31/07/2025,36,5
4727,41,497.56,31/03/2023,6,4
8058,41,704.88,31/01/2023,36,8
6605,41,985.37,31/08/2022,9,6
9157,41,785.37,29/05/2022,35,9
7431,41,478.05,31/07/2022,8,7
5461,41,1158.54,30/04/2025,45,5
5902,41,1007.32,29/08/2025,9,5
3292,41,612.20,30/09/2020,40,3
2335,41,563.41,31/05/2023,38,2
3193,41,987.80,31/10/2023,54,3
6667,41,634.15,30/06/2024,31,6
1636,41,526.83,31/08/2024,2,1
1536,41,434.15,30/06/2022,34,1
2387,41,1080.49,31/03/2025,16,2
9472,41,431.71,30/09/2021,8,9
1764,41,329.27,31/12/2022,1,1
5981,41,614.63,30/03/2022,30,5
6538,41,551.22,31/10/2024,38,6
2658,41,1029.27,31/07/2023,85,2
1057,41,680.49,30/08/2023,6,1
6473,41,717.07,30/11/2025,17,6
2642,41,707.32,30/11/2020,12,2
4729,41,412.20,31/08/2022,86,4
1435,41,1053.66,29/10/2024,3,1
2076,41,1173.17,31/10/2023,14,2
4021,41,873.17,30/12/2020,28,4
1628,41,546.34,28/02/2022,95,1
0187,41,595.12,29/11/2025,27,0
8173,41,451.22,28/05/2024,0,8
8989,41,602.44,30/11/2023,5,8
7160,41,856.10,30/10/2024,23,7
9767,41,1012.20,30/07/2023,95,9
3991,41,656.10,30/07/2022,39,3
5735,41,926.83,30/10/2021,16,5
3962,41,590.24,31/01/2023,12,3
6893,41,1073.17,31/08/2022,11,6
6442,41,453.66,30/12/2024,58,6
1014,41,851.22,30/12/2023,94,1
4490,41,390.24,30/09/2021,3,4
3481,41,385.37,31/07/2023,25,3
5774,41,656.10,30/11/2025,26,5
3350,41,675.61,31/10/2024,9,3
5554,41,380.49,31/03/2021,8,5
6314,41,831.71,31/08/2022,60,6
0956,41,490.24,29/08/2025,112,0
6105,41,768.29,30/09/2025,49,6
6739,41,473.17,31/03/2024,7,6
2102,41,558.54,31/08/2022,109,2
1908,41,824.39,30/12/2024,1,1
8848,41,582.93,29/06/2024,72,8
7481,41,685.37,28/02/2023,0,7
4335,41,565.85,31/12/2022,33,4
6573,41,851.22,31/12/2023,0,6
8495,41,795.12,31/01/2023,22,8
5501,41,326.83,30/08/2021,27,5
9051,41,726.83,31/03/2021,5,9
3875,41,629.27,29/05/2022,60,3
8771,41,658.54,31/05/2025,20,8
4032,41,439.02,31/10/2025,55,4
1180,41,924.39,29/08/2025,24,1
8359,41,929.27,30/05/2025,7,8
5997,41,839.02,30/12/2020,3,5
9518,41,490.24,30/05/2023,98,9
6832,41,687.80,30/07/2024,43,6
7650,41,621.95,31/07/2023,19,7
4657,41,292.68,30/11/2021,5,4
6426,41,829.27,31/10/2024,33,6
0069,41,624.39,31/12/2022,12,0
1885,41,731.71,30/11/2025,18,1
6005,41,419.51,30/08/2025,46,6
4818,41,675.61,30/07/2024,20,4
5453,41,492.68,31/12/2023,133,5
7836,41,914.63,30/01/2023,3,7
5843,41,590.24,30/11/2023,54,5
5447,41,565.85,31/03/2022,48,5
3676,41,673.17,29/11/2025,16,3
2517,41,548.78,31/08/2023,20,2
7271,41,1046.34,31/01/2025,33,7
3683,41,982.93,29/09/2025,19,3
5250,41,648.78,30/08/2023,28,5
9625,41,965.85,30/12/2020,58,9
9630,41,934.15,31/07/2022,28,9
1232,41,853.66,30/09/2024,4,1
5132,41,426.83,30/10/2022,59,5
8485,41,536.59,31/01/2024,20,8
9379,41,470.73,29/03/2024,15,9
2834,41,712.20,31/05/2022,72,2
5352,41,904.88,31/12/2023,4,5
9355,41,1400.00,29/05/2025,2,9
7232,41,487.80,28/10/2023,36,7
3946,41,780.49,30/05/2025,4,3
2328,41,507.32,30/11/2025,26,2
4930,41,721.95,31/10/2023,1,4
5583,41,721.95,30/11/2020,24,5
0042,41,604.88,30/08/2025,21,0
1400,41,260.98,30/12/2022,71,1
3218,41,868.29,26/04/2021,7,3
8689,41,390.24,30/10/2023,15,8
2539,41,543.90,31/05/2024,11,2
1340,41,451.22,30/07/2024,10,1
7952,41,656.10,30/04/2025,19,7
1341,41,558.54,31/03/2023,38,1
3932,41,500.00,31/05/2025,2,3
2548,41,519.51,31/07/2022,26,2
5791,41,670.73,29/10/2025,3,5
9456,41,695.12,30/12/2021,52,9
9965,41,395.12,31/07/2023,135,9
6648,41,468.29,31/12/2023,5,6
7385,41,575.61,31/07/2023,5,7
5673,41,880.49,31/12/2024,68,5
2206,41,417.07,31/12/2021,3,2
2602,41,1165.85,29/10/2024,14,2
3161,41,639.02,31/07/2025,57,3
5727,41,463.41,30/06/2024,8,5
7359,41,624.39,30/12/2022,2,7
8333,41,812.20,30/10/2023,27,8
3812,41,468.29,31/10/2023,3,3
2074,41,814.63,31/10/2025,0,2
1748,41,602.44,31/08/2025,10,1
2719,41,519.51,31/07/2025,28,2
3377,41,607.32,30/06/2022,13,3
9395,41,731.71,31/10/2025,55,9
0203,41,1129.27,31/07/2022,87,0
4547,41,519.51,31/12/2023,63,4
6119,41,590.24,31/03/2025,25,6
8207,41,1136.59,31/05/2025,29,8
3407,41,392.68,31/10/2024,34,3
5588,41,521.95,29/12/2022,41,5
2051,41,804.88,31/12/2022,24,2
7746,41,495.12,31/08/2022,16,7
7866,41,682.93,31/12/2024,12,7
5917,41,814.63,30/10/2024,95,5
3585,41,643.90,30/08/2024,10,3
0537,41,660.98,30/04/2022,18,0
0810,41,617.07,30/08/2022,45,0
0504,41,497.56,31/10/2022,14,0
1729,41,760.98,31/03/2023,2,1
2008,41,553.66,31/10/2023,4,2
5543,41,765.85,31/10/2025,55,5
6333,41,619.51,31/12/2021,4,6
3827,41,736.59,31/10/2023,33,3
3761,41,607.32,30/06/2023,28,3
1008,41,956.10,31/10/2025,23,1
8429,41,885.37,31/05/2024,2,8
0474,41,429.27,31/03/2023,82,0
5719,41,380.49,31/12/2023,69,5
9467,41,651.22,29/03/2024,10,9
1209,41,892.68,30/12/2020,10,1
1609,41,704.88,31/10/2022,2,1
3943,41,848.78,29/01/2023,67,3
0038,41,514.63,30/12/2024,16,0
1363,41,387.80,31/05/2022,22,1
0323,41,817.07,31/08/2022,62,0
7175,41,985.37,29/09/2021,35,7
3598,41,690.24,30/06/2025,36,3
1742,41,702.44,28/08/2024,88,1
8754,41,560.98,30/04/2023,15,8
5105,41,734.15,30/09/2020,15,5
0751,41,768.29,31/05/2025,22,0
9381,41,485.37,30/09/2025,22,9
9580,41,582.93,30/12/2020,33,9
0041,41,731.71,31/12/2023,76,0
1471,41,458.54,30/07/2023,39,1
8662,41,631.71,31/12/2022,37,8
1655,41,524.39,31/01/2024,66,1
9349,41,1170.73,29/11/2025,27,9
4094,41,607.32,30/10/2025,2,4
1286,41,1131.71,30/12/2021,30,1
3961,41,968.29,31/08/2023,12,3
0954,41,821.95,31/01/2024,10,0
1855,41,917.07,29/06/2025,29,1
0637,41,465.85,30/11/2021,35,0
9738,41,582.93,30/09/2022,89,9
9787,41,609.76,30/08/2023,13,9
7852,41,646.34,30/12/2023,17,7
3132,41,758.54,30/06/2025,13,3
2613,41,441.46,31/05/2023,84,2
5199,41,365.85,30/03/2022,8,5
9587,41,778.05,31/10/2024,27,9
3912,41,548.78,30/10/2023,74,3
5426,41,919.51,31/12/2023,1,5
1032,41,570.73,31/12/2024,35,1
9064,41,853.66,29/05/2025,36,9
4025,41,380.49,31/10/2022,5,4
9745,41,846.34,27/12/2023,21,9
6315,41,621.95,31/07/2025,49,6
4760,41,704.88,31/03/2022,58,4
1858,41,678.05,31/07/2023,4,1
1308,41,753.66,31/08/2025,15,1
3468,41,1007.32,31/12/2021,3,3
2354,41,490.24,30/07/2022,12,2
2783,41,956.10,31/03/2024,15,2
3998,41,675.61,31/01/2025,4,3
5780,41,509.76,31/05/2023,28,5
4843,41,821.95,30/05/2022,27,4
4799,41,419.51,31/08/2025,5,4
0314,41,778.05,31/01/2023,30,0
7388,41,565.85,30/10/2023,172,7
5786,41,439.02,30/11/2023,9,5
6334,41,770.73,31/03/2022,133,6
4402,41,790.24,31/07/2025,26,4
6389,41,441.46,29/11/2023,10,6
7724,41,602.44,31/10/2024,128,7
7314,41,570.73,30/10/2024,79,7
5128,41,456.10,30/12/2023,14,5
3527,41,419.51,30/09/2022,6,3
8625,41,490.24,29/11/2025,27,8
9473,40,715.00,31/03/2021,24,9
3965,40,662.50,30/12/2023,41,3
0327,40,660.00,31/12/2022,20,0
0228,40,920.00,30/12/2021,1,0
5151,40,832.50,31/10/2025,37,5
4055,40,965.00,31/12/2022,95,4
8387,40,430.00,31/08/2025,5,8
3441,40,492.50,31/08/2024,49,3
9902,40,1027.50,30/05/2023,24,9
2999,40,862.50,31/12/2023,108,2
1248,40,540.00,30/11/2020,40,1
9451,40,582.50,30/09/2021,17,9
1625,40,930.00,31/05/2024,51,1
5307,40,890.00,31/03/2025,1,5
4553,40,772.50,31/10/2024,26,4
6040,40,710.00,31/10/2024,27,6
1874,40,782.50,31/05/2023,56,1
1921,40,577.50,31/01/2025,3,1
1282,40,557.50,31/05/2025,72,1
9646,40,627.50,30/11/2021,14,9
8024,40,755.00,28/10/2025,58,8
9458,40,862.50,31/08/2023,3,9
3366,40,830.00,30/12/2023,44,3
3068,40,752.50,29/11/2025,27,3
7883,40,470.00,31/08/2024,0,7
3408,40,752.50,31/08/2025,8,3
0171,40,1010.00,29/07/2025,58,0
4226,40,895.00,30/11/2025,11,4
5463,40,520.00,29/11/2024,141,5
0202,40,830.00,31/08/2022,8,0
1978,40,817.50,31/03/2025,21,1
0764,40,677.50,30/10/2022,17,0
9746,40,755.00,30/07/2022,9,9
0257,40,512.50,31/12/2021,61,0
8298,40,980.00,30/10/2021,46,8
0105,40,632.50,31/10/2024,22,0
1777,40,620.00,31/10/2025,32,1
4414,40,890.00,30/11/2021,0,4
3317,40,502.50,31/10/2023,9,3
1274,40,475.00,31/03/2023,83,1
2239,40,672.50,30/10/2025,22,2
1442,40,615.00,31/12/2023,41,1
4938,40,595.00,31/10/2024,16,4
5881,40,632.50,31/10/2023,1,5
6771,40,742.50,31/10/2022,9,6
4451,40,395.00,30/10/2021,7,4
6541,40,1042.50,30/12/2020,46,6
8251,40,987.50,31/07/2023,17,8
6959,40,882.50,30/03/2021,7,6
5159,40,347.50,31/10/2022,51,5
5500,40,617.50,31/12/2024,85,5
8371,40,640.00,31/08/2025,40,8
0265,40,645.00,31/05/2024,38,0
6752,40,942.50,30/11/2022,19,6
0701,40,555.00,31/03/2023,33,0
6868,40,712.50,30/10/2024,16,6
1298,40,900.00,31/07/2025,46,1
8987,40,637.50,31/07/2023,2,8
1289,40,642.50,30/06/2022,5,1
3485,40,335.00,30/10/2023,139,3
2248,40,602.50,31/12/2024,4,2
2976,40,577.50,27/07/2023,15,2
5385,40,827.50,30/08/2023,2,5
1003,40,685.00,29/10/2023,35,1
0585,40,462.50,31/07/2023,9,0
1899,40,565.00,29/09/2024,88,1
0215,40,787.50,30/01/2025,53,0
2159,40,825.00,29/01/2024,11,2
4531,40,347.50,31/08/2025,2,4
0550,40,712.50,30/01/2021,1,0
4235,40,782.50,31/12/2022,4,4
2277,40,870.00,30/11/2020,33,2
1604,40,672.50,31/12/2022,22,1
4433,40,777.50,29/06/2024,38,4
5394,40,637.50,30/12/2022,17,5
9263,40,465.00,30/12/2024,12,9
9175,40,592.50,31/10/2025,33,9
2352,40,847.50,30/09/2023,44,2
9080,40,1027.50,31/10/2025,38,9
5949,40,680.00,30/12/2023,45,5
5664,40,772.50,29/12/2024,43,5
1080,40,812.50,30/12/2020,63,1
1535,40,800.00,30/10/2023,12,1
5532,40,532.50,31/05/2025,37,5
4423,40,882.50,30/09/2024,16,4
8122,40,617.50,31/01/2024,2,8
3758,40,642.50,30/05/2023,4,3
0460,40,675.00,28/12/2022,1,0
2902,40,810.00,30/05/2025,17,2
1674,40,782.50,31/01/2023,41,1
3121,40,600.00,31/10/2025,7,3
4772,40,952.50,30/10/2024,47,4
2767,40,670.00,31/01/2024,10,2
2624,40,810.00,31/12/2024,10,2
9188,40,412.50,31/10/2024,23,9
6194,40,927.50,31/01/2022,14,6
4895,40,810.00,31/05/2024,0,4
6466,40,795.00,31/07/2025,9,6
3465,40,480.00,31/08/2025,26,3
1579,40,860.00,31/03/2023,18,1
3706,40,717.50,30/10/2025,8,3
4161,40,352.50,31/03/2025,66,4
2262,40,590.00,31/12/2024,68,2
0195,40,742.50,30/07/2021,14,0
8538,40,552.50,30/11/2023,45,8
7802,40,462.50,30/09/2025,27,7
4064,40,657.50,31/01/2024,45,4
6705,40,557.50,31/08/2023,42,6
1351,40,955.00,31/05/2024,0,1
7289,40,640.00,30/08/2023,0,7
2734,40,457.50,31/01/2022,29,2
9710,40,780.00,30/12/2020,66,9
8198,40,910.00,31/03/2021,6,8
1809,40,710.00,30/01/2025,6,1
3727,40,455.00,30/11/2023,5,3
4580,40,542.50,31/10/2025,53,4
9873,40,1045.00,30/05/2024,6,9
9757,40,515.00,31/10/2025,29,9
5142,40,1090.00,30/04/2021,27,5
1196,40,795.00,31/03/2023,2,1
0176,40,532.50,28/09/2020,48,0
6218,40,410.00,29/05/2025,9,6
7005,40,315.00,30/07/2022,66,7
5677,40,357.50,30/07/2022,33,5
5275,40,422.50,31/07/2022,3,5
1788,40,552.50,31/03/2025,22,1
5380,40,900.00,28/10/2020,8,5
0859,40,827.50,31/01/2023,51,0
7503,40,815.00,31/01/2024,68,7
4481,40,645.00,31/07/2022,5,4
3703,40,767.50,31/10/2024,23,3
6274,40,587.50,31/03/2022,2,6
1272,40,575.00,31/08/2022,6,1
8363,40,670.00,30/04/2025,3,8
0753,40,845.00,31/10/2025,55,0
5495,40,657.50,27/11/2021,21,5
8994,40,562.50,27/08/2024,11,8
3771,40,857.50,31/12/2022,37,3
5357,40,617.50,30/04/2021,18,5
4880,40,617.50,30/10/2021,28,4
9524,40,792.50,31/10/2025,0,9
2744,40,627.50,31/12/2023,27,2
2745,40,582.50,31/01/2024,107,2
8288,40,827.50,30/06/2023,32,8
0779,40,587.50,31/10/2025,31,0
2468,40,662.50,29/05/2023,30,2
8986,40,347.50,31/05/2025,20,8
4344,40,647.50,31/10/2024,22,4
7408,40,970.00,31/12/2022,2,7
2897,40,637.50,29/06/2025,4,2
4234,40,747.50,31/01/2022,3,4
6449,40,720.00,31/07/2025,0,6
8276,40,815.00,30/09/2022,15,8
0007,40,1005.00,31/07/2022,71,0
9547,40,820.00,31/08/2022,56,9
2597,40,735.00,31/10/2024,31,2
6383,40,852.50,31/07/2023,24,6
1744,40,502.50,29/01/2021,74,1
8722,40,337.50,31/10/2023,97,8
3645,40,465.00,31/12/2023,42,3
9648,40,795.00,29/07/2023,25,9
4785,40,717.50,31/12/2023,19,4
1937,40,610.00,30/08/2024,28,1
6878,40,580.00,31/10/2022,21,6
1805,40,692.50,30/11/2021,20,1
6756,40,1012.50,31/08/2024,3,6
5089,40,832.50,31/07/2025,29,5
0584,40,505.00,31/08/2025,32,0
3578,40,462.50,31/01/2025,68,3
7758,40,540.00,31/05/2022,80,7
5635,40,755.00,31/12/2022,4,5
5839,40,785.00,31/10/2025,15,5
6055,40,530.00,31/08/2023,3,6
3734,40,685.00,31/12/2023,60,3
8705,40,780.00,30/11/2021,11,8
8780,40,695.00,30/05/2023,36,8
7383,40,695.00,31/10/2025,3,7
7176,40,520.00,31/05/2023,94,7
0441,40,580.00,31/07/2025,31,0
8847,40,592.50,30/11/2020,9,8
5419,40,715.00,31/10/2023,22,5
3403,40,687.50,30/09/2022,10,3
3183,40,792.50,31/12/2023,0,3
5338,40,685.00,31/08/2022,114,5
6454,40,630.00,30/11/2021,16,6
3685,40,960.00,31/05/2023,9,3
5726,40,687.50,30/12/2022,75,5
3115,40,412.50,31/05/2022,0,3
3582,40,392.50,31/10/2023,25,3
9780,40,1070.00,30/08/2023,5,9
4073,40,640.00,31/12/2023,21,4
8238,40,1012.50,30/08/2025,14,8
3479,40,560.00,31/03/2025,48,3
9113,40,630.00,30/11/2023,78,9
8487,40,827.50,31/10/2023,12,8
7382,40,1055.00,30/10/2021,28,7
2950,40,1412.50,30/04/2025,38,2
6477,40,582.50,30/05/2022,6,6
3751,40,632.50,31/01/2025,15,3
3687,40,587.50,30/04/2021,7,3
6561,40,590.00,31/07/2025,31,6
9980,40,770.00,30/07/2023,17,9
4873,40,455.00,31/12/2023,38,4
7389,40,850.00,31/10/2022,21,7
6911,40,480.00,31/10/2025,9,6
9865,40,737.50,30/08/2024,11,9
1964,40,1077.50,31/12/2023,33,1
1938,40,885.00,30/09/2025,85,1
6718,40,577.50,31/12/2024,4,6
1240,40,952.50,31/03/2025,120,1
7247,40,520.00,30/08/2024,14,7
8360,40,685.00,31/03/2023,53,8
2852,40,562.50,29/12/2022,15,2
9772,40,860.00,30/10/2023,31,9
1612,40,657.50,30/10/2023,14,1
5995,40,710.00,31/08/2024,20,5
6963,40,602.50,31/03/2023,56,6
6702,40,880.00,30/10/2024,46,6
4342,40,395.00,30/06/2023,224,4
8356,40,627.50,31/05/2024,5,8
1148,40,617.50,31/12/2021,0,1
5300,40,692.50,30/05/2024,0,5
4418,40,710.00,30/04/2023,52,4
1951,40,1045.00,30/06/2022,28,1
4214,40,502.50,31/12/2021,21,4
1717,40,905.00,31/07/2023,11,1
0731,40,502.50,30/05/2022,41,0
4208,40,560.00,31/10/2024,12,4
5767,40,462.50,30/07/2023,9,5
9033,40,745.00,29/08/2024,66,9
1751,40,835.00,29/09/2022,3,1
1135,40,420.00,31/05/2023,18,1
3338,40,635.00,30/11/2022,27,3
8052,40,710.00,30/12/2023,127,8
1913,40,410.00,30/10/2021,30,1
4836,40,1047.50,30/08/2025,114,4
0181,40,492.50,31/12/2021,39,0
0021,40,770.00,30/10/2022,42,0
1189,40,732.50,30/03/2021,36,1
3280,40,510.00,29/10/2025,57,3
1053,40,905.00,31/03/2023,54,1
6949,40,875.00,31/03/2022,68,6
0984,40,550.00,29/10/2023,24,0
0801,40,240.00,31/08/2022,9,0
0977,40,555.00,31/03/2025,95,0
0574,40,937.50,29/08/2025,96,0
8726,40,962.50,31/10/2024,26,8
5792,40,577.50,31/03/2025,19,5
6646,40,442.50,29/08/2025,41,6
2930,40,1015.00,31/03/2023,15,2
6381,40,890.00,30/11/2021,21,6
6176,40,835.00,31/10/2023,78,6
4020,40,627.50,30/04/2025,65,4
0032,40,315.00,31/03/2021,33,0
4448,40,695.00,31/10/2025,8,4
1665,40,912.50,31/10/2022,7,1
1455,40,505.00,31/12/2024,44,1
6312,40,470.00,30/09/2020,4,6
5758,40,812.50,31/03/2025,66,5
2142,40,1217.50,30/11/2020,8,2
5778,40,940.00,29/11/2025,3,5
4858,40,567.50,30/01/2023,15,4
4759,40,387.50,31/10/2023,119,4
1574,40,567.50,31/10/2022,3,1
1287,40,812.50,31/08/2024,38,1
6364,40,1005.00,28/10/2022,23,6
7574,40,847.50,31/08/2023,81,7
6482,40,525.00,31/12/2023,1,6
6901,40,537.50,31/05/2022,56,6
9864,40,580.00,31/01/2024,11,9
8164,40,482.50,31/07/2025,66,8
6704,40,697.50,30/11/2022,34,6
7455,40,540.00,29/06/2025,19,7
5961,40,562.50,30/10/2024,61,5
6595,40,465.00,31/10/2025,17,6
2303,40,637.50,29/08/2022,11,2
3816,40,912.50,31/08/2025,95,3
1192,40,692.50,30/06/2023,42,1
4188,40,572.50,30/03/2023,12,4
3383,40,795.00,31/10/2024,0,3
6183,40,850.00,30/05/2022,10,6
2504,40,700.00,31/07/2022,1,2
6992,40,730.00,30/11/2023,62,6
4667,40,280.00,31/08/2025,5,4
3896,40,752.50,30/05/2022,9,3
0147,40,610.00,31/12/2023,18,0
8830,40,722.50,30/09/2022,9,8
5345,40,277.50,31/08/2025,5,5
6162,40,772.50,30/12/2020,103,6
7533,40,760.00,29/11/2024,12,7
4916,40,760.00,31/01/2025,32,4
2367,40,632.50,30/09/2025,6,2
6370,40,490.00,29/11/2025,13,6
1210,40,800.00,31/10/2023,40,1
1632,40,560.00,29/08/2024,1,1
1871,40,685.00,28/06/2025,13,1
5430,40,470.00,30/12/2024,30,5
0112,40,662.50,30/11/2023,36,0
5931,40,552.50,31/08/2025,2,5
8610,40,815.00,31/08/2025,11,8
3879,40,1010.00,31/10/2025,13,3
9779,40,1202.50,31/03/2024,16,9
6726,40,775.00,27/02/2024,5,6
8475,40,522.50,30/07/2021,3,8
4273,40,702.50,31/12/2022,18,4
8310,40,650.00,31/10/2022,91,8
4994,40,612.50,31/01/2023,44,4
2451,40,640.00,31/10/2023,49,2
0011,40,747.50,31/12/2022,54,0
5082,40,480.00,31/03/2024,7,5
6408,40,1000.00,30/08/2025,38,6
9334,40,487.50,30/08/2022,9,9
2606,40,725.00,31/07/2023,11,2
5342,40,787.50,30/07/2023,1,5
2232,40,1017.50,31/12/2024,16,2
3087,40,655.00,31/12/2022,9,3
8949,40,557.50,30/09/2023,16,8
1278,40,620.00,30/12/2020,8,1
2308,40,697.50,31/01/2022,16,2
3207,40,462.50,30/11/2021,6,3
1841,40,827.50,30/03/2021,3,1
3342,40,600.00,31/07/2025,77,3
5040,40,635.00,31/01/2025,18,5
2635,40,710.00,31/01/2023,2,2
2167,40,765.00,30/11/2021,3,2
7921,40,692.50,30/11/2022,3,7
4731,40,692.50,31/10/2025,55,4
0913,40,752.50,29/11/2025,27,0
6931,40,302.50,30/03/2024,5,6
5507,40,702.50,29/08/2020,39,5
9802,40,540.00,31/03/2025,5,9
6791,40,1020.00,30/10/2024,16,6
1280,40,505.00,31/07/2022,93,1
9149,40,535.00,30/05/2022,34,9
5059,40,530.00,30/08/2021,14,5
4693,40,752.50,31/10/2023,2,4
3532,40,417.50,31/10/2024,5,3
5505,40,792.50,29/03/2022,9,5
0934,40,452.50,31/08/2022,22,0
9003,40,440.00,30/11/2025,22,9
5845,40,917.50,31/03/2023,29,5
4732,40,607.50,30/10/2023,8,4
6395,40,742.50,29/11/2025,14,6
4634,40,690.00,31/10/2024,0,4
0876,40,625.00,31/05/2023,29,0
2123,40,600.00,31/12/2024,46,2
2046,40,800.00,30/07/2021,84,2
9659,40,912.50,31/01/2022,86,9
1967,40,525.00,29/11/2025,27,1
1856,40,705.00,31/12/2021,87,1
2904,40,665.00,30/04/2024,67,2
8577,40,692.50,30/08/2025,81,8
4079,40,767.50,31/08/2024,42,4
5730,40,800.00,30/06/2025,38,5
6435,40,525.00,30/05/2025,1,6
3979,40,635.00,30/10/2025,16,3
8740,40,517.50,29/07/2025,23,8
1422,40,555.00,31/12/2021,122,1
9848,40,547.50,31/01/2025,24,9
8718,40,760.00,31/03/2022,0,8
3176,40,947.50,28/11/2023,5,3
6384,40,655.00,31/01/2025,13,6
7467,40,520.00,30/09/2020,0,7
4334,40,445.00,31/10/2023,2,4
9454,40,400.00,31/03/2024,42,9
9475,40,387.50,31/12/2023,70,9
8489,40,545.00,28/07/2022,74,8
4122,40,595.00,31/07/2023,26,4
2040,40,832.50,31/10/2022,25,2
1478,40,497.50,30/09/2022,62,1
9191,40,862.50,31/12/2022,4,9
4152,40,547.50,30/10/2024,59,4
1875,40,832.50,30/05/2023,12,1
2705,40,475.00,30/10/2022,13,2
9335,40,537.50,31/05/2023,9,9
1486,40,700.00,30/04/2025,11,1
5358,40,597.50,30/12/2024,33,5
6694,40,895.00,27/12/2022,40,6
2434,40,1157.50,30/06/2024,18,2
0198,40,755.00,31/10/2023,6,0
1941,40,1255.00,30/04/2021,18,1
1407,40,490.00,30/03/2023,6,1
2057,40,1012.50,27/09/2023,124,2
6178,40,605.00,31/12/2021,72,6
1787,40,627.50,31/03/2021,3,1
2435,40,510.00,31/07/2023,0,2
0903,40,927.50,31/08/2025,20,0
5262,40,807.50,30/09/2021,65,5
6405,40,727.50,31/08/2023,126,6
8585,40,845.00,30/11/2020,5,8
5122,40,767.50,31/05/2024,7,5
2716,40,777.50,30/09/2023,40,2
5409,40,572.50,29/08/2025,9,5
8188,40,1155.00,30/12/2020,3,8
4230,40,530.00,31/08/2023,19,4
1453,40,562.50,30/04/2021,11,1
2507,40,717.50,31/12/2023,11,2
4266,40,620.00,30/10/2025,56,4
1687,40,747.50,30/09/2021,37,1
0337,40,520.00,30/12/2024,7,0
2792,40,1205.00,31/03/2023,2,2
2676,40,905.00,29/10/2023,8,2
3189,40,517.50,31/08/2023,4,3
5695,40,277.50,30/12/2022,7,5
5717,40,805.00,29/04/2023,6,5
5763,40,622.50,30/03/2021,32,5
2867,40,777.50,31/12/2022,8,2
6374,40,1017.50,30/08/2024,13,6
4221,40,872.50,31/05/2023,96,4
4163,40,802.50,31/03/2021,19,4
7205,40,637.50,31/01/2024,33,7
4592,40,725.00,31/03/2022,11,4
2305,40,820.00,30/10/2021,11,2
3242,40,632.50,31/12/2023,10,3
6996,40,600.00,31/12/2023,68,6
2751,40,540.00,31/01/2023,47,2
9578,40,1030.00,30/11/2022,1,9
9141,40,370.00,30/12/2020,24,9
9415,40,842.50,30/10/2024,10,9
0304,40,595.00,28/12/2023,34,0
7103,40,1002.50,30/10/2024,14,7
7765,40,317.50,30/11/2023,136,7
2411,40,795.00,31/12/2024,42,2
1168,40,712.50,31/10/2023,27,1
4248,40,602.50,31/07/2022,6,4
8580,39,579.49,30/04/2025,64,8
3230,39,517.95,31/12/2024,54,3
2332,39,325.64,30/08/2024,53,2
5432,39,576.92,31/07/2022,17,5
3769,39,666.67,31/05/2022,58,3
8911,39,553.85,31/12/2022,0,8
1197,39,917.95,30/12/2024,19,1
1661,39,482.05,30/06/2022,12,1
0900,39,597.44,29/11/2025,4,0
1905,39,541.03,31/07/2023,1,1
6746,39,689.74,30/11/2024,85,6
5562,39,651.28,31/01/2025,5,5
5979,39,507.69,30/07/2025,35,5
3149,39,651.28,30/09/2024,3,3
2234,39,446.15,30/11/2023,3,2
1868,39,694.87,29/07/2023,45,1
9941,39,753.85,31/05/2024,43,9
6101,39,723.08,29/02/2024,17,6
8118,39,469.23,30/11/2023,28,8
5425,39,1210.26,31/12/2023,150,5
1452,39,961.54,30/08/2022,47,1
9904,39,530.77,30/12/2020,1,9
0440,39,648.72,30/11/2021,3,0
4962,39,651.28,29/11/2022,14,4
4996,39,743.59,30/09/2025,16,4
9532,39,789.74,31/08/2023,51,9
0251,39,828.21,31/07/2025,0,0
0698,39,556.41,30/01/2021,15,0
0154,39,494.87,30/09/2021,6,0
1489,39,571.79,30/09/2025,10,1
2255,39,861.54,30/10/2022,17,2
0087,39,751.28,30/06/2023,0,0
7733,39,382.05,31/10/2023,7,7
5328,39,574.36,31/03/2021,21,5
9740,39,525.64,29/08/2022,20,9
6540,39,453.85,30/12/2021,36,6
9370,39,841.03,31/08/2024,52,9
0700,39,512.82,31/01/2025,35,0
8795,39,771.79,30/08/2024,4,8
9699,39,848.72,30/10/2020,81,9
9975,39,1053.85,30/06/2025,27,9
4787,39,876.92,30/11/2022,59,4
3561,39,666.67,31/08/2023,56,3
2682,39,746.15,31/07/2022,17,2
8917,39,597.44,31/08/2022,18,8
9672,39,479.49,29/09/2022,32,9
4835,39,574.36,31/05/2025,9,4
0225,39,553.85,29/08/2025,18,0
4303,39,723.08,31/07/2025,31,4
3105,39,846.15,31/01/2025,51,3
9421,39,512.82,31/12/2021,39,9
3495,39,723.08,31/01/2023,39,3
6955,39,753.85,29/09/2021,2,6
0658,39,689.74,29/11/2024,1,0
5448,39,964.10,31/03/2024,4,5
4793,39,956.41,31/10/2025,3,4
1594,39,461.54,29/11/2021,110,1
2985,39,753.85,31/08/2024,20,2
1083,39,617.95,30/07/2025,41,1
8193,39,835.90,31/12/2023,13,8
8179,39,446.15,31/03/2023,13,8
4148,39,443.59,31/05/2024,9,4
8964,39,879.49,30/07/2024,12,8
0589,39,582.05,30/06/2022,25,0
5188,39,546.15,30/09/2020,20,5
1461,39,674.36,30/10/2025,7,1
5464,39,510.26,31/07/2023,16,5
1440,39,528.21,31/08/2024,77,1
3605,39,664.10,30/11/2025,1,3
1593,39,987.18,31/12/2022,12,1
0180,39,364.10,29/11/2024,1,0
1405,39,458.97,30/11/2024,31,1
9685,39,1084.62,31/10/2022,38,9
9082,39,592.31,31/03/2025,100,9
8765,39,758.97,30/12/2022,30,8
7832,39,941.03,31/05/2024,0,7
7357,39,476.92,31/08/2025,10,7
1428,39,761.54,30/07/2025,130,1
8797,39,469.23,31/03/2025,4,8
5433,39,746.15,30/07/2021,176,5
3041,39,864.10,30/12/2020,4,3
0690,39,848.72,30/08/2025,9,0
4505,39,487.18,29/12/2024,23,4
4656,39,574.36,30/11/2024,43,4
3572,39,1276.92,31/08/2022,48,3
5286,39,461.54,31/08/2025,2,5
9433,39,348.72,30/10/2021,9,9
2085,39,917.95,28/04/2025,16,2
1795,39,582.05,31/10/2025,17,1
1431,39,364.10,30/01/2024,1,1
2784,39,361.54,31/10/2024,59,2
2918,39,794.87,30/10/2023,19,2
2968,39,946.15,31/08/2024,106,2
5114,39,492.31,31/05/2024,46,5
6186,39,776.92,30/11/2022,3,6
5402,39,497.44,30/12/2021,37,5
0408,39,900.00,29/11/2025,27,0
0464,39,541.03,31/12/2022,116,0
7428,39,530.77,30/05/2022,89,7
1401,39,684.62,30/12/2023,8,1
8785,39,669.23,31/12/2024,36,8
8737,39,533.33,31/08/2025,3,8
1398,39,741.03,31/07/2025,13,1
5619,39,607.69,31/07/2022,33,5
2512,39,407.69,31/12/2021,39,2
1992,39,587.18,31/07/2025,35,1
8924,39,797.44,31/10/2025,55,8
4726,39,735.90,27/12/2022,3,4
5874,39,669.23,31/08/2022,45,5
0803,39,666.67,30/08/2024,36,0
3530,39,705.13,29/06/2025,6,3
0514,39,423.08,31/01/2025,8,0
0009,39,446.15,30/12/2022,2,0
9463,39,458.97,31/12/2022,71,9
3163,39,641.03,30/11/2025,26,3
1713,39,502.56,31/03/2024,28,1
8209,39,464.10,31/10/2025,1,8
7294,39,571.79,31/01/2023,38,7
3201,39,471.79,29/08/2025,38,3
9062,39,1035.90,30/09/2024,2,9
3722,39,766.67,31/05/2025,15,3
1302,39,633.33,30/09/2021,9,1
0148,39,589.74,27/06/2023,4,0
7245,39,869.23,30/03/2024,66,7
6317,39,879.49,31/10/2023,4,6
8941,39,415.38,29/04/2021,6,8
0858,39,543.59,30/12/2022,59,0
8043,39,520.51,30/08/2025,7,8
6452,39,558.97,31/03/2022,80,6
1933,39,1669.23,29/07/2025,11,1
0892,39,679.49,30/08/2023,12,0
1654,39,858.97,30/11/2024,27,1
3541,39,579.49,30/10/2022,5,3
1582,39,1023.08,30/04/2022,81,1
8890,39,1305.13,30/08/2025,3,8
2883,39,638.46,31/01/2023,132,2
9872,39,651.28,31/08/2024,5,9
5795,39,928.21,28/11/2023,4,5
2805,39,1053.85,31/05/2024,0,2
1727,39,807.69,29/10/2025,57,1
9836,39,512.82,29/03/2025,8,9
5481,39,423.08,31/08/2025,10,5
3968,39,674.36,30/03/2023,39,3
2224,39,907.69,29/03/2025,17,2
0957,39,443.59,31/08/2025,52,0
3275,39,651.28,27/12/2023,7,3
1244,39,646.15,31/07/2025,42,1
5940,39,974.36,31/08/2023,11,5
2633,39,1035.90,28/12/2024,21,2
4395,39,987.18,29/09/2024,39,4
0657,39,343.59,30/12/2023,43,0
2644,39,707.69,31/03/2021,35,2
9867,39,1076.92,30/12/2021,3,9
4256,39,784.62,31/10/2023,15,4
9414,39,1043.59,30/10/2023,23,9
2933,39,876.92,31/03/2023,21,2
6807,39,912.82,31/10/2024,13,6
3855,39,592.31,31/01/2025,29,3
0157,39,1128.21,31/07/2025,22,0
2183,39,407.69,31/10/2023,48,2
5239,39,753.85,30/10/2022,28,5
9637,39,533.33,29/12/2020,14,9
7755,39,587.18,30/10/2020,8,7
4720,39,484.62,30/07/2025,52,4
1566,39,887.18,29/10/2023,11,1
2390,39,789.74,30/10/2024,6,2
2981,39,492.31,29/06/2025,107,2
0971,39,871.79,31/03/2024,10,0
0659,39,510.26,30/06/2022,106,0
9799,39,582.05,31/08/2023,12,9
3741,39,758.97,31/10/2025,0,3
0399,39,1143.59,30/11/2024,34,0
8532,39,333.33,30/10/2024,3,8
8655,39,466.67,31/08/2023,23,8
3672,39,871.79,31/10/2024,40,3
4794,39,1171.79,30/04/2024,1,4
3345,39,466.67,31/08/2022,36,3
0660,39,623.08,31/01/2025,18,0
2903,39,1000.00,31/08/2022,36,2
3174,39,1279.49,31/05/2022,64,3
0502,39,679.49,31/10/2023,52,0
4293,39,484.62,31/08/2023,2,4
9065,39,548.72,30/07/2024,27,9
6565,39,538.46,30/10/2024,8,6
0680,39,941.03,31/12/2024,5,0
7286,39,476.92,30/05/2023,1,7
2848,39,1035.90,30/10/2025,27,2
7732,39,687.18,31/12/2023,7,7
3732,39,620.51,30/10/2025,10,3
6801,39,753.85,30/05/2025,27,6
2080,39,830.77,30/05/2025,10,2
2450,39,517.95,31/10/2024,4,2
9206,39,805.13,30/01/2025,53,9
2862,39,579.49,31/07/2025,23,2
5853,39,602.56,30/11/2022,37,5
4845,39,915.38,30/12/2020,4,4
2672,39,471.79,30/05/2025,97,2
0388,39,456.41,30/10/2023,31,0
6780,39,1007.69,31/03/2023,8,6
0443,39,776.92,31/10/2022,25,0
6272,39,923.08,31/08/2025,26,6
1271,39,451.28,31/08/2022,6,1
4250,39,294.87,30/05/2023,14,4
1583,39,887.18,31/08/2022,16,1
5075,39,571.79,31/03/2022,24,5
0841,39,538.46,30/10/2020,7,0
3160,39,364.10,30/08/2023,15,3
4733,39,784.62,30/09/2023,43,4
1641,39,569.23,31/12/2024,33,1
3367,39,330.77,31/12/2024,11,3
0256,39,492.31,30/03/2025,14,0
9138,39,658.97,31/08/2025,107,9
7350,39,625.64,29/07/2022,8,7
9478,39,605.13,29/05/2025,47,9
9604,39,423.08,30/11/2024,0,9
4734,39,712.82,31/03/2024,5,4
0726,39,643.59,30/08/2024,7,0
6276,39,269.23,29/09/2022,4,6
6628,39,625.64,31/07/2023,30,6
2455,39,1092.31,31/10/2023,7,2
9601,39,741.03,30/09/2023,42,9
0014,39,735.90,31/12/2022,73,0
9673,39,641.03,30/09/2023,9,9
1746,39,689.74,31/05/2023,27,1
3846,39,587.18,30/12/2024,75,3
1270,39,376.92,31/05/2022,16,1
7218,39,584.62,31/12/2023,9,7
2747,39,633.33,30/08/2024,29,2
8978,39,597.44,30/10/2022,46,8
0867,39,938.46,29/10/2024,5,0
8240,39,710.26,31/03/2023,49,8
8632,39,933.33,31/08/2022,4,8
1548,39,661.54,30/05/2025,43,1
3679,39,607.69,31/01/2025,6,3
6938,39,451.28,30/11/2022,9,6
3517,39,728.21,31/01/2024,29,3
0857,39,802.56,30/10/2023,34,0
3185,39,669.23,31/12/2021,18,3
4450,39,566.67,31/05/2025,50,4
6680,39,935.90,30/09/2021,19,6
5582,39,482.05,31/03/2022,16,5
0419,39,548.72,30/05/2025,66,0
8837,39,505.13,31/07/2023,4,8
3247,39,743.59,28/11/2025,16,3
2824,39,766.67,31/07/2023,18,2
8507,39,905.13,31/12/2021,4,8
5217,39,569.23,31/12/2023,90,5
9693,39,789.74,30/06/2023,9,9
4890,39,735.90,31/12/2023,31,4
2363,39,389.74,31/08/2023,2,2
2808,39,787.18,30/10/2022,24,2
4444,39,723.08,31/10/2025,38,4
5665,39,874.36,28/12/2023,2,5
3731,39,810.26,29/12/2022,4,3
6278,39,1117.95,30/06/2025,5,6
2907,39,317.95,31/12/2022,192,2
4687,39,705.13,31/03/2021,4,4
6580,39,612.82,31/08/2022,44,6
1896,39,912.82,31/05/2024,48,1
1666,39,438.46,28/08/2025,4,1
1961,39,543.59,30/09/2023,10,1
7426,39,1161.54,30/12/2020,15,7
5983,39,569.23,30/10/2024,6,5
8759,39,800.00,30/05/2025,2,8
0669,39,694.87,30/11/2021,6,0
1153,39,438.46,31/03/2023,22,1
7637,39,635.90,28/11/2023,0,7
7779,39,951.28,30/10/2020,50,7
1152,39,684.62,30/11/2025,26,1
8337,39,500.00,31/12/2023,12,8
0565,39,728.21,28/11/2023,43,0
3032,39,502.56,30/11/2025,3,3
4718,39,648.72,31/08/2024,5,4
4548,39,1176.92,31/10/2023,79,4
8106,39,441.03,31/05/2023,10,8
6467,39,676.92,31/01/2025,53,6
2756,39,653.85,31/01/2023,45,2
3416,39,851.28,29/01/2023,21,3
6645,39,551.28,31/03/2025,2,6
8554,39,666.67,31/01/2025,6,8
0509,39,453.85,29/01/2021,5,0
7482,39,612.82,30/07/2021,34,7
3475,39,689.74,30/08/2022,18,3
4795,39,453.85,30/09/2021,9,4
6635,39,571.79,30/07/2021,7,6
0988,39,758.97,30/01/2025,2,0
0312,39,592.31,31/05/2022,5,0
0999,39,928.21,31/05/2023,77,0
6132,39,353.85,30/01/2023,8,6
4587,39,753.85,31/10/2024,11,4
4944,39,294.87,30/03/2024,83,4
7358,39,1097.44,29/12/2020,13,7
0022,39,920.51,31/10/2022,74,0
5242,39,579.49,30/06/2022,41,5
4648,39,376.92,31/03/2021,52,4
5787,39,728.21,30/09/2020,14,5
6688,39,807.69,29/09/2023,17,6
8579,39,920.51,30/05/2025,28,8
0532,39,564.10,31/08/2023,3,0
3473,39,889.74,31/10/2025,1,3
2594,39,541.03,29/06/2023,10,2
3571,39,671.79,31/03/2022,14,3
8425,39,712.82,30/11/2025,26,8
0774,39,748.72,31/05/2025,0,0
1852,39,389.74,30/11/2025,4,1
3581,39,1202.56,30/05/2025,39,3
1238,39,610.26,31/07/2025,38,1
0790,39,741.03,30/05/2022,84,0
0708,39,915.38,31/12/2021,6,0
1960,39,864.10,31/08/2025,92,1
5152,39,707.69,30/09/2024,67,5
2489,39,523.08,31/10/2023,15,2
1572,39,1123.08,30/09/2021,35,1
2058,39,402.56,30/10/2022,5,2
7664,39,815.38,30/10/2022,63,7
9750,39,651.28,31/07/2023,19,9
5187,39,284.62,30/09/2022,22,5
8225,39,702.56,30/11/2022,25,8
0862,39,1087.18,31/12/2021,12,0
3736,39,333.33,30/09/2023,7,3
0953,39,646.15,30/03/2021,15,0
1503,39,838.46,30/03/2021,12,1
9786,39,1005.13,31/12/2022,31,9
5294,39,679.49,31/08/2024,78,5
5939,39,782.05,31/08/2025,95,5
5022,39,715.38,30/09/2024,82,5
2169,39,710.26,27/01/2024,1,2
9618,39,538.46,30/08/2024,8,9
4958,39,1351.28,30/11/2023,17,4
1635,39,689.74,29/08/2024,4,1
4154,39,546.15,31/07/2023,23,4
4190,39,669.23,31/08/2023,7,4
2379,39,605.13,31/12/2021,19,2
1204,39,407.69,31/03/2024,11,1
4464,39,658.97,30/12/2024,24,4
4817,39,935.90,30/03/2024,0,4
5936,39,423.08,31/08/2022,51,5
3670,39,715.38,30/10/2025,27,3
5061,38,344.74,31/08/2023,62,5
9007,38,607.89,30/10/2025,28,9
8742,38,610.53,30/10/2025,1,8
8706,38,931.58,29/09/2024,2,8
3694,38,876.32,30/03/2021,31,3
3992,38,939.47,30/06/2024,13,3
1329,38,481.58,31/05/2024,2,1
6458,38,613.16,31/12/2022,23,6
4137,38,244.74,28/01/2023,63,4
8644,38,576.32,29/10/2025,18,8
1245,38,994.74,31/03/2023,10,1
7152,38,836.84,29/12/2023,16,7
9294,38,560.53,29/10/2021,36,9
1796,38,836.84,30/12/2022,62,1
0072,38,1160.53,28/10/2021,19,0
5970,38,597.37,31/10/2024,192,5
1762,38,931.58,30/10/2025,56,1
4768,38,513.16,30/05/2024,25,4
9574,38,1086.84,30/03/2025,11,9
0645,38,784.21,28/10/2025,3,0
5761,38,484.21,30/07/2025,4,5
4369,38,360.53,31/08/2024,23,4
5350,38,1065.79,31/12/2023,0,5
1573,38,826.32,30/03/2024,8,1
5956,38,873.68,31/05/2025,23,5
1104,38,652.63,31/08/2024,8,1
4682,38,678.95,30/10/2020,9,4
1472,38,602.63,30/01/2024,32,1
2695,38,621.05,31/08/2023,88,2
5465,38,507.89,30/11/2025,18,5
5904,38,902.63,30/12/2023,33,5
9231,38,718.42,31/08/2023,15,9
2337,38,457.89,31/08/2025,5,2
4882,38,673.68,31/10/2023,8,4
0806,38,802.63,31/10/2022,15,0
1261,38,555.26,31/08/2025,28,1
0719,38,576.32,31/05/2024,34,0
3022,38,428.95,31/12/2022,26,3
9371,38,573.68,30/09/2023,13,9
8792,38,378.95,30/10/2021,15,8
6741,38,573.68,31/12/2024,2,6
1725,38,571.05,30/12/2024,3,1
1997,38,642.11,31/10/2024,0,1
4223,38,876.32,31/12/2021,27,4
1611,38,502.63,30/09/2021,2,1
4877,38,678.95,30/11/2021,99,4
6962,38,478.95,30/10/2024,103,6
0466,38,802.63,31/12/2021,26,0
8537,38,684.21,31/05/2024,2,8
6204,38,550.00,30/11/2020,56,6
4436,38,752.63,31/05/2022,34,4
7708,38,831.58,27/11/2021,65,7
2860,38,881.58,31/07/2023,185,2
0427,38,447.37,30/12/2022,3,0
0411,38,697.37,30/05/2023,10,0
1728,38,623.68,31/10/2025,28,1
9668,38,428.95,30/11/2023,49,9
3714,38,486.84,31/12/2024,26,3
8208,38,755.26,30/08/2021,9,8
4186,38,823.68,31/08/2023,17,4
8784,38,710.53,31/08/2025,8,8
6819,38,702.63,30/11/2020,36,6
3348,38,555.26,31/10/2022,25,3
4774,38,1023.68,30/08/2022,6,4
0813,38,668.42,30/11/2021,33,0
5149,38,476.32,30/10/2024,6,5
9230,38,210.53,31/10/2023,50,9
4522,38,736.84,30/06/2025,30,4
5933,38,794.74,31/12/2021,0,5
0481,38,826.32,29/05/2023,199,0
4641,38,644.74,29/04/2024,99,4
2691,38,571.05,29/09/2023,61,2
3188,38,289.47,31/03/2021,0,3
4803,38,515.79,31/05/2024,10,4
0047,38,973.68,30/08/2024,52,0
1128,38,473.68,28/03/2024,13,1
2742,38,765.79,30/09/2024,1,2
0130,38,455.26,31/10/2024,75,0
9401,38,676.32,31/03/2025,33,9
5452,38,1115.79,31/01/2023,34,5
9744,38,1134.21,31/03/2025,18,9
2406,38,794.74,29/06/2023,21,2
0555,38,757.89,30/07/2021,47,0
6834,38,660.53,30/10/2025,13,6
4504,38,715.79,30/11/2025,26,4
8958,38,621.05,31/10/2022,34,8
1853,38,536.84,31/01/2022,22,1
0138,38,544.74,31/12/2023,21,0
3236,38,642.11,30/12/2022,17,3
8587,38,407.89,31/03/2022,10,8
0688,38,392.11,31/03/2025,110,0
2001,38,731.58,30/10/2024,76,2
2246,38,671.05,31/10/2023,19,2
4791,38,771.05,31/05/2025,41,4
9724,38,626.32,31/10/2025,55,9
5412,38,865.79,30/08/2025,96,5
2145,38,705.26,31/05/2024,15,2
9968,38,747.37,31/07/2023,3,9
0240,38,655.26,31/12/2024,78,0
9488,38,886.84,30/09/2025,19,9
3438,38,452.63,31/01/2025,14,3
1181,38,489.47,31/05/2023,42,1
9654,38,750.00,31/10/2024,17,9
3123,38,965.79,30/11/2021,3,3
3159,38,700.00,31/12/2024,49,3
0401,38,455.26,31/07/2025,0,0
7547,38,689.47,31/07/2023,88,7
1965,38,684.21,30/09/2022,28,1
0602,38,702.63,31/12/2022,37,0
5278,38,257.89,30/08/2025,2,5
7212,38,450.00,31/03/2023,0,7
4401,38,631.58,31/08/2024,22,4
1605,38,813.16,31/10/2025,19,1
7627,38,842.11,30/11/2022,99,7
5167,38,721.05,31/12/2024,31,5
8527,38,652.63,30/10/2025,18,8
2187,38,228.95,31/07/2025,1,2
8788,38,860.53,31/10/2022,52,8
1688,38,473.68,30/06/2024,5,1
6056,38,586.84,30/08/2025,25,6
9185,38,868.42,31/07/2022,9,9
1714,38,494.74,30/11/2025,26,1
8143,38,739.47,31/01/2023,39,8
5752,38,976.32,30/05/2024,5,5
3308,38,636.84,31/05/2025,33,3
2355,38,731.58,31/03/2024,68,2
5299,38,350.00,30/05/2022,62,5
5002,38,476.32,31/03/2022,40,5
0776,38,634.21,30/03/2024,30,0
8677,38,555.26,31/01/2022,54,8
4903,38,755.26,30/08/2025,9,4
1420,38,1028.95,29/10/2023,2,1
3135,38,655.26,30/07/2025,39,3
0134,38,707.89,30/10/2025,46,0
3118,38,750.00,31/08/2025,59,3
9731,38,760.53,31/05/2025,16,9
5603,38,831.58,31/03/2022,89,5
0204,38,944.74,30/10/2023,14,0
6656,38,707.89,30/09/2023,45,6
6977,38,634.21,31/08/2022,23,6
3251,38,710.53,30/06/2025,12,3
5435,38,444.74,31/10/2022,61,5
1100,38,526.32,29/10/2025,57,1
7762,38,684.21,31/07/2023,47,7
6886,38,428.95,30/09/2022,1,6
2188,38,881.58,30/12/2023,98,2
7066,38,313.16,30/03/2023,94,7
0771,38,710.53,31/05/2025,108,0
4176,38,405.26,30/05/2025,0,4
9435,38,1002.63,30/09/2025,4,9
4583,38,860.53,30/09/2025,9,4
6289,38,776.32,31/05/2024,14,6
0068,38,707.89,31/08/2025,22,0
5702,38,844.74,31/07/2025,8,5
1515,38,1207.89,30/06/2022,12,1
6088,38,760.53,29/04/2024,132,6
1495,38,734.21,30/11/2021,1,1
2093,38,1107.89,31/07/2023,63,2
3807,38,1044.74,31/03/2024,13,3
2732,38,439.47,28/03/2022,12,2
1734,38,747.37,30/11/2020,29,1
9483,38,594.74,27/03/2021,69,9
1691,38,473.68,28/06/2023,77,1
7275,38,239.47,31/05/2025,7,7
3435,38,618.42,30/11/2023,9,3
3099,38,1028.95,30/12/2022,83,3
8572,38,705.26,31/08/2025,16,8
6790,38,478.95,31/05/2022,43,6
8340,38,742.11,31/07/2025,14,8
0591,38,628.95,29/04/2024,17,0
1448,38,894.74,30/03/2023,9,1
9866,38,734.21,30/06/2024,3,9
5829,38,892.11,31/03/2021,22,5
0548,38,855.26,30/11/2021,40,0
8436,38,855.26,31/03/2024,15,8
3134,38,652.63,31/03/2025,9,3
5387,38,455.26,31/10/2025,18,5
2473,38,644.74,31/05/2023,1,2
8758,38,1226.32,30/05/2024,7,8
7030,38,355.26,30/08/2023,28,7
9087,38,976.32,31/07/2023,13,9
4738,38,863.16,30/12/2024,22,4
0309,38,434.21,31/10/2024,42,0
8940,38,402.63,31/05/2022,34,8
1857,38,663.16,30/05/2025,11,1
2592,38,757.89,28/07/2025,24,2
1902,38,642.11,31/08/2022,21,1
1558,38,507.89,29/11/2024,174,1
1910,38,1021.05,29/09/2022,4,1
7261,38,571.05,31/08/2025,25,7
5759,38,1052.63,31/03/2025,25,5
4288,38,523.68,31/10/2025,3,4
9292,38,657.89,29/12/2023,10,9
8649,38,468.42,29/10/2022,23,8
4294,38,723.68,30/06/2023,3,4
4649,38,644.74,30/04/2021,9,4
8639,38,907.89,31/10/2024,56,8
9791,38,952.63,30/09/2020,10,9
3960,38,497.37,27/05/2024,15,3
8293,38,657.89,30/10/2024,35,8
9280,38,968.42,31/03/2022,15,9
1215,38,855.26,30/07/2023,80,1
0425,38,1186.84,31/05/2022,150,0
2283,38,681.58,30/04/2024,41,2
0742,38,828.95,31/01/2025,15,0
0568,38,965.79,30/08/2021,18,0
6282,38,778.95,31/07/2025,56,6
2416,38,889.47,30/03/2025,104,2
9134,38,713.16,30/12/2023,170,9
0002,38,681.58,30/10/2022,31,0
8789,38,397.37,31/08/2025,22,8
7209,38,802.63,31/05/2025,28,7
6777,38,944.74,30/05/2025,2,6
9684,38,707.89,31/03/2024,82,9
8624,38,578.95,31/07/2023,5,8
3145,38,950.00,30/12/2022,32,3
6286,38,828.95,31/08/2022,28,6
4178,38,784.21,30/09/2025,72,4
1934,38,465.79,31/10/2022,19,1
1046,38,571.05,31/12/2024,34,1
5675,38,552.63,31/03/2022,18,5
0155,38,1157.89,31/08/2025,79,0
9794,38,447.37,30/12/2022,6,9
4220,38,539.47,30/11/2024,11,4
9200,38,531.58,31/12/2022,66,9
7338,38,913.16,30/06/2025,5,7
5398,38,781.58,31/03/2022,96,5
0167,38,636.84,30/10/2022,53,0
0648,38,852.63,31/05/2025,12,0
0908,38,713.16,30/07/2022,98,0
4673,38,928.95,31/07/2022,63,4
1445,38,571.05,30/11/2021,83,1
4674,38,836.84,31/08/2025,14,4
1752,38,557.89,30/09/2020,14,1
0544,38,623.68,31/05/2025,27,0
1944,38,571.05,31/01/2023,14,1
4780,38,684.21,29/12/2022,46,4
9783,38,1086.84,31/10/2025,21,9
1739,38,739.47,31/10/2022,40,1
5706,38,789.47,29/06/2024,59,5
3838,38,318.42,30/09/2020,115,3
1740,38,563.16,31/01/2024,2,1
6786,38,402.63,30/10/2022,22,6
3387,38,921.05,30/04/2025,4,3
2356,38,789.47,31/01/2023,86,2
3384,38,313.16,31/10/2025,2,3
7239,38,597.37,31/08/2024,7,7
8617,38,681.58,31/07/2022,0,8
4675,38,455.26,30/06/2023,58,4
6600,38,500.00,30/08/2025,35,6
0271,38,781.58,31/01/2022,46,0
3782,38,692.11,31/05/2022,24,3
7791,38,910.53,30/05/2022,87,7
1709,38,821.05,30/12/2020,38,1
2718,38,355.26,31/10/2025,12,2
0986,38,439.47,29/04/2021,91,0
5455,38,715.79,30/12/2021,31,5
9774,38,413.16,28/07/2022,1,9
9485,38,592.11,30/08/2022,27,9
4508,38,718.42,28/10/2023,15,4
2536,38,1118.42,31/10/2022,54,2
2166,38,465.79,30/10/2021,11,2
6642,38,673.68,28/11/2023,45,6
6247,38,728.95,30/11/2023,103,6
1663,38,373.68,30/12/2024,114,1
8702,38,734.21,30/11/2022,47,8
0880,38,478.95,31/08/2025,31,0
2555,38,650.00,30/12/2020,9,2
4145,38,773.68,30/07/2025,2,4
9199,38,718.42,30/06/2024,32,9
6109,38,586.84,30/10/2023,8,6
4691,38,1086.84,30/10/2025,56,4
8459,38,568.42,31/03/2023,93,8
8833,38,452.63,31/10/2022,3,8
4206,38,621.05,31/03/2023,16,4
3270,38,489.47,30/06/2022,3,3
1206,38,415.79,31/05/2023,61,1
9747,38,1010.53,29/07/2023,44,9
7155,38,665.79,30/12/2020,26,7
5637,38,807.89,30/09/2024,15,5
2619,38,847.37,30/10/2020,1,2
2242,38,539.47,30/03/2025,27,2
2684,38,757.89,29/10/2025,57,2
4582,38,465.79,30/01/2024,7,4
0080,38,447.37,30/12/2023,21,0
8764,38,642.11,29/02/2024,82,8
1971,38,755.26,31/03/2024,18,1
0526,38,413.16,31/03/2022,71,0
4171,38,942.11,31/01/2023,33,4
0976,38,465.79,31/08/2022,13,0
8170,38,584.21,30/07/2025,34,8
9156,38,823.68,30/09/2020,37,9
0420,38,1371.05,31/03/2025,96,0
9643,38,813.16,31/08/2023,35,9
2222,38,615.79,29/08/2020,23,2
8085,38,673.68,29/09/2025,20,8
9343,38,1171.05,27/11/2025,25,9
7311,38,647.37,31/01/2023,104,7
1897,38,552.63,28/03/2022,9,1
1710,38,478.95,29/09/2024,6,1
1607,38,502.63,29/04/2024,14,1
3974,38,697.37,31/03/2022,11,3
6772,38,342.11,31/08/2025,113,6
5707,38,934.21,30/08/2025,4,5
0980,38,310.53,31/05/2023,5,0
1188,38,842.11,31/08/2025,37,1
2152,38,660.53,31/05/2022,35,2
5607,38,502.63,31/08/2023,16,5
1895,38,857.89,29/10/2023,6,1
6487,38,563.16,30/07/2022,48,6
0725,38,373.68,31/08/2025,60,0
0884,38,810.53,31/05/2022,32,0
8252,38,778.95,30/11/2022,1,8
2837,38,1047.37,31/10/2022,26,2
4034,38,460.53,29/11/2022,47,4
9198,38,752.63,31/07/2025,111,9
5315,38,528.95,31/07/2025,78,5
9691,38,755.26,31/07/2023,70,9
1631,38,894.74,29/06/2022,13,1
4908,38,576.32,31/12/2024,3,4
9777,38,918.42,31/03/2021,16,9
1432,38,1155.26,30/04/2023,134,1
5704,38,265.79,31/01/2025,6,5
8424,38,1250.00,31/03/2025,4,8
8824,38,915.79,30/05/2025,33,8
3730,38,760.53,30/10/2022,48,3
4340,38,1215.79,31/08/2022,84,4
0886,38,781.58,30/01/2023,15,0
6934,38,1013.16,31/01/2022,132,6
3759,38,744.74,30/08/2021,1,3
4625,38,713.16,30/10/2025,56,4
4123,38,392.11,31/10/2024,85,4
7023,38,547.37,31/12/2023,11,7
9585,38,1028.95,31/05/2022,78,9
9703,38,857.89,31/07/2023,6,9
1255,38,794.74,31/03/2022,0,1
8682,38,710.53,30/12/2024,141,8
2407,38,750.00,30/11/2020,24,2
0131,38,928.95,30/03/2025,0,0
3857,38,578.95,30/10/2023,5,3
8375,38,578.95,29/07/2024,3,8
9205,38,673.68,31/01/2022,14,9
1652,38,810.53,29/11/2022,2,1
0458,38,497.37,31/07/2023,19,0
0484,38,471.05,28/12/2022,8,0
5161,38,557.89,30/06/2024,74,5
5544,38,584.21,30/10/2021,43,5
2279,38,636.84,30/07/2025,58,2
8365,38,750.00,31/03/2023,25,8
3744,38,928.95,30/06/2022,54,3
8753,38,747.37,31/03/2021,31,8
0305,38,865.79,30/10/2025,27,0
5728,38,826.32,30/10/2025,45,5
6732,38,405.26,29/11/2025,6,6
2870,38,652.63,29/04/2023,4,2
0808,38,707.89,30/06/2025,40,0
3111,37,837.84,31/12/2022,24,3
4189,37,937.84,31/12/2023,51,4
6432,37,616.22,30/11/2025,18,6
5732,37,827.03,31/05/2023,29,5
8172,37,718.92,30/11/2020,7,8
3743,37,345.95,31/05/2023,29,3
4304,37,529.73,31/12/2023,7,4
1167,37,767.57,29/04/2024,25,1
1115,37,427.03,31/05/2022,6,1
1285,37,405.41,31/12/2024,1,1
0975,37,748.65,30/03/2021,48,0
3305,37,556.76,31/01/2024,7,3
3489,37,737.84,31/05/2025,18,3
8381,37,1000.00,31/01/2025,11,8
4006,37,567.57,31/08/2023,6,4
7941,37,743.24,31/07/2023,30,7
8146,37,635.14,31/03/2024,29,8
1132,37,702.70,28/08/2022,37,1
1786,37,516.22,29/08/2020,16,1
9388,37,729.73,30/12/2021,59,9
0242,37,781.08,30/10/2021,114,0
0449,37,378.38,30/01/2021,112,0
2532,37,1145.95,31/08/2024,0,2
0453,37,870.27,31/12/2024,2,0
1745,37,689.19,30/10/2022,83,1
0385,37,413.51,30/09/2021,29,0
8257,37,681.08,31/03/2025,1,8
0829,37,556.76,31/08/2023,72,0
5165,37,708.11,30/10/2024,7,5
1981,37,659.46,31/08/2023,11,1
1768,37,621.62,31/10/2025,4,1
2054,37,491.89,31/08/2023,21,2
4106,37,545.95,29/04/2022,17,4
8552,37,321.62,31/07/2023,59,8
2704,37,775.68,31/10/2025,25,2
2980,37,445.95,30/08/2025,109,2
0545,37,456.76,29/09/2024,98,0
4662,37,737.84,31/05/2024,9,4
2906,37,972.97,30/11/2022,48,2
2293,37,1110.81,31/05/2023,95,2
2953,37,481.08,29/11/2025,27,2
5471,37,764.86,31/07/2025,7,5
8873,37,802.70,30/04/2024,47,8
4435,37,1110.81,30/07/2023,11,4
7654,37,683.78,31/12/2021,15,7
9903,37,691.89,30/04/2023,5,9
8005,37,835.14,31/12/2022,28,8
7972,37,735.14,30/09/2025,11,7
0909,37,440.54,30/11/2024,1,0
5655,37,1070.27,31/05/2024,72,5
2730,37,405.41,31/07/2023,0,2
1052,37,724.32,30/05/2023,32,1
4612,37,654.05,30/09/2025,66,4
1288,37,359.46,31/05/2024,25,1
5632,37,764.86,28/08/2022,14,5
0664,37,451.35,30/05/2025,8,0
5740,37,591.89,31/07/2025,6,5
4713,37,859.46,30/06/2022,34,4
8609,37,627.03,30/09/2023,35,8
6468,37,486.49,31/03/2024,93,6
9251,37,856.76,30/03/2023,27,9
2304,37,381.08,29/06/2024,42,2
8776,37,772.97,31/12/2022,1,8
0653,37,535.14,31/08/2022,61,0
3471,37,1172.97,30/09/2021,100,3
5195,37,294.59,31/07/2022,3,5
8708,37,651.35,31/10/2022,0,8
2155,37,697.30,30/11/2021,1,2
6158,37,500.00,31/08/2025,17,6
5106,37,381.08,31/10/2022,14,5
8988,37,310.81,31/05/2025,2,8
5790,37,627.03,30/11/2022,29,5
2111,37,548.65,30/08/2023,11,2
4039,37,635.14,31/03/2022,44,4
1634,37,843.24,31/10/2024,40,1
0319,37,343.24,31/12/2021,25,0
0746,37,781.08,30/10/2023,19,0
2946,37,1081.08,30/08/2022,45,2
8281,37,740.54,31/01/2023,29,8
3241,37,691.89,31/07/2025,25,3
5369,37,1167.57,31/12/2024,20,5
0702,37,1048.65,28/09/2023,2,0
1833,37,589.19,31/08/2025,15,1
2726,37,727.03,29/09/2022,3,2
5555,37,1067.57,30/06/2025,134,5
4736,37,1210.81,31/07/2025,18,4
5408,37,859.46,31/05/2022,147,5
1043,37,1102.70,30/08/2021,5,1
4838,37,535.14,29/12/2023,9,4
2908,37,410.81,30/10/2025,53,2
8104,37,608.11,31/08/2025,32,8
1760,37,440.54,31/10/2023,91,1
5245,37,537.84,30/12/2020,7,5
4801,37,372.97,31/03/2022,58,4
7702,37,651.35,31/10/2024,80,7
8271,37,648.65,31/01/2024,31,8
1754,37,716.22,30/12/2022,32,1
3288,37,913.51,31/10/2025,32,3
7872,37,489.19,30/09/2024,3,7
8326,37,432.43,31/10/2024,9,8
2706,37,491.89,28/04/2022,6,2
8654,37,686.49,30/04/2023,3,8
1991,37,535.14,31/03/2023,13,1
8844,37,359.46,31/08/2023,81,8
8993,37,713.51,31/12/2023,106,8
7281,37,564.86,30/12/2020,19,7
1722,37,1297.30,30/06/2022,37,1
0758,37,870.27,30/11/2023,15,0
4685,37,359.46,30/11/2025,26,4
4947,37,610.81,31/03/2021,54,4
7935,37,1154.05,30/04/2024,48,7
8228,37,659.46,30/12/2022,42,8
6831,37,640.54,31/12/2021,84,6
8588,37,840.54,31/10/2023,70,8
6778,37,1054.05,31/10/2025,47,6
5770,37,540.54,30/04/2025,24,5
1449,37,591.89,31/03/2021,46,1
0140,37,491.89,31/05/2025,100,0
4740,37,572.97,30/09/2024,8,4
8494,37,732.43,31/03/2021,65,8
6359,37,745.95,31/07/2025,7,6
4167,37,602.70,30/11/2022,17,4
9953,37,297.30,30/07/2024,4,9
5648,37,837.84,30/08/2025,2,5
8717,37,735.14,31/12/2022,19,8
1776,37,497.30,30/11/2023,2,1
3546,37,681.08,30/07/2025,106,3
1577,37,600.00,30/08/2021,10,1
7662,37,400.00,31/03/2023,90,7
7604,37,1040.54,31/05/2024,15,7
9508,37,654.05,29/08/2024,34,9
5876,37,740.54,29/11/2024,59,5
1988,37,751.35,30/03/2023,15,1
2932,37,686.49,30/07/2021,42,2
7805,37,510.81,27/12/2022,39,7
3086,37,683.78,29/09/2021,53,3
7630,37,572.97,30/12/2022,111,7
6203,37,781.08,31/05/2023,21,6
8664,37,1367.57,31/12/2022,7,8
0295,37,618.92,30/04/2021,11,0
4777,37,400.00,30/09/2023,7,4
3646,37,551.35,30/11/2023,5,3
8730,37,510.81,30/01/2025,59,8
4980,37,518.92,31/05/2022,76,4
1252,37,418.92,31/03/2025,17,1
1907,37,813.51,31/07/2022,73,1
9977,37,535.14,31/07/2022,68,9
7999,37,786.49,30/10/2020,25,7
4475,37,643.24,31/08/2023,114,4
5610,37,381.08,30/03/2024,7,5
2486,37,591.89,29/03/2021,28,2
1037,37,445.95,30/04/2022,25,1
5680,37,1029.73,31/01/2024,50,5
4644,37,618.92,30/08/2025,28,4
6554,37,729.73,31/12/2023,36,6
1078,37,656.76,31/03/2025,74,1
5892,37,1140.54,29/02/2024,12,5
9707,37,783.78,30/12/2024,27,9
6615,37,716.22,30/03/2025,6,6
5276,37,794.59,30/11/2020,57,5
0656,37,654.05,30/09/2022,39,0
9115,37,567.57,30/11/2023,36,9
1704,37,818.92,30/09/2024,50,1
1230,37,735.14,30/12/2022,6,1
9331,37,651.35,31/07/2022,22,9
1763,37,937.84,31/03/2025,37,1
1307,37,524.32,31/12/2024,56,1
1973,37,505.41,30/11/2025,26,1
6022,37,924.32,31/08/2024,44,6
2775,37,551.35,31/03/2024,72,2
2143,37,345.95,31/12/2023,36,2
9407,37,643.24,27/11/2023,5,9
1358,37,889.19,31/03/2025,24,1
7253,37,467.57,30/07/2024,44,7
8283,37,772.97,31/10/2022,5,8
8441,37,597.30,31/12/2022,42,8
0728,37,759.46,30/04/2022,12,0
2857,37,891.89,29/06/2025,64,2
5613,37,578.38,29/08/2024,9,5
5593,37,759.46,31/07/2025,16,5
8227,37,548.65,30/12/2021,33,8
6588,37,762.16,31/05/2022,15,6
4228,37,613.51,30/01/2025,57,4
5641,37,600.00,31/10/2025,55,5
6658,37,462.16,30/12/2020,5,6
4471,37,821.62,31/05/2024,61,4
8231,37,559.46,31/12/2023,104,8
3781,37,737.84,28/12/2021,43,3
5115,37,491.89,31/10/2024,13,5
4974,37,848.65,29/09/2024,78,4
9711,37,835.14,30/11/2024,14,9
1608,37,1078.38,29/12/2024,1,1
1702,37,581.08,30/10/2020,74,1
7186,37,778.38,30/03/2022,24,7
7687,37,791.89,31/03/2024,0,7
1738,37,710.81,31/10/2025,24,1
0075,37,910.81,31/10/2023,8,0
3013,37,578.38,31/12/2022,64,3
1500,37,562.16,31/03/2022,18,1
6827,37,1148.65,31/07/2025,95,6
9148,37,672.97,30/06/2024,48,9
7475,37,1221.62,31/12/2023,125,7
1306,37,835.14,30/11/2024,71,1
0016,37,894.59,30/06/2022,102,0
6409,37,656.76,31/03/2022,36,6
0842,37,805.41,30/07/2022,98,0
3346,37,548.65,31/01/2022,108,3
6871,37,840.54,30/05/2023,24,6
9594,37,659.46,30/09/2024,28,9
4108,37,605.41,31/10/2025,22,4
8265,37,951.35,31/07/2023,9,8
5799,37,562.16,28/07/2022,13,5
5628,37,432.43,31/07/2025,56,5
1644,37,883.78,28/04/2022,18,1
9835,37,705.41,30/11/2020,20,9
1098,37,672.97,30/10/2020,5,1
9281,37,875.68,31/10/2025,14,9
6550,37,264.86,28/02/2022,44,6
1732,37,356.76,31/12/2021,29,1
0432,37,451.35,31/05/2022,14,0
3888,37,1097.30,29/03/2022,31,3
5197,37,756.76,31/05/2024,13,5
2020,37,805.41,30/07/2023,118,2
5127,37,572.97,30/05/2025,91,5
4959,37,967.57,31/08/2025,27,4
6677,37,437.84,31/10/2024,9,6
8536,37,381.08,29/11/2024,3,8
5968,37,878.38,29/11/2023,5,5
0006,37,840.54,31/03/2023,26,0
7722,37,640.54,29/12/2024,82,7
9803,37,678.38,30/04/2021,16,9
1906,37,621.62,31/05/2022,26,1
5531,37,567.57,31/01/2022,67,5
0995,37,1035.14,31/08/2025,58,0
5869,37,629.73,31/12/2023,19,5
5041,37,548.65,30/07/2021,31,5
5405,37,845.95,30/12/2020,0,5
3444,37,672.97,31/03/2025,6,3
8720,37,662.16,31/03/2023,7,8
0614,37,545.95,31/03/2024,9,0
1384,37,410.81,30/10/2024,0,1
8403,37,762.16,30/08/2021,7,8
0274,37,521.62,30/05/2023,73,0
4999,37,462.16,30/11/2025,26,4
8285,37,500.00,31/07/2023,10,8
7612,37,662.16,31/08/2024,32,7
0410,37,535.14,31/12/2022,1,0
2330,37,1045.95,30/09/2025,8,2
4005,37,840.54,31/08/2025,21,4
5570,37,689.19,30/12/2023,3,5
2215,37,372.97,31/01/2025,28,2
4332,37,791.89,29/11/2022,11,4
2182,37,883.78,30/12/2023,2,2
3989,37,867.57,30/11/2022,31,3
7584,37,308.11,29/11/2022,16,7
7202,37,840.54,31/10/2024,36,7
8181,37,645.95,31/10/2022,86,8
0765,37,645.95,31/01/2023,4,0
3665,37,581.08,30/09/2024,7,3
1979,37,594.59,30/12/2020,24,1
0093,37,378.38,30/11/2021,8,0
5606,37,556.76,31/10/2024,9,5
4808,37,470.27,30/12/2022,30,4
5527,37,683.78,31/10/2023,20,5
1685,37,445.95,30/08/2025,72,1
1761,37,518.92,30/09/2023,23,1
2107,37,551.35,31/07/2022,25,2
8074,37,754.05,30/07/2025,20,8
9821,37,470.27,31/05/2025,15,9
3452,37,686.49,31/07/2025,37,3
0782,37,618.92,29/08/2024,4,0
7264,37,705.41,30/07/2021,22,7
1205,36,422.22,31/12/2021,53,1
3757,36,613.89,31/07/2025,38,3
3568,36,1016.67,30/10/2021,9,3
9092,36,552.78,29/11/2021,7,9
3601,36,658.33,31/05/2023,8,3
0457,36,522.22,28/04/2025,15,0
3774,36,652.78,29/08/2022,39,3
0486,36,1152.78,31/10/2023,34,0
2118,36,938.89,31/10/2024,41,2
5472,36,591.67,31/08/2025,87,5
6775,36,1047.22,30/11/2023,44,6
7142,36,638.89,31/10/2023,15,7
6725,36,636.11,31/07/2022,18,6
5418,36,675.00,30/01/2023,103,5
5246,36,680.56,31/03/2022,31,5
0619,36,766.67,30/08/2022,4,0
0729,36,705.56,28/07/2023,13,0
1621,36,630.56,30/12/2023,5,1
3248,36,683.33,31/01/2024,10,3
1792,36,847.22,31/08/2025,2,1
0601,36,413.89,30/09/2024,35,0
6163,36,411.11,31/08/2025,9,6
4205,36,869.44,30/11/2025,25,4
5930,36,469.44,30/06/2024,198,5
5437,36,377.78,29/04/2024,40,5
4442,36,619.44,31/01/2022,110,4
0541,36,408.33,30/05/2025,140,0
5340,36,605.56,31/08/2023,2,5
1637,36,1072.22,31/03/2025,18,1
7165,36,655.56,29/09/2022,45,7
0505,36,694.44,29/04/2025,17,0
2284,36,608.33,30/09/2025,11,2
1861,36,980.56,30/03/2025,39,1
1987,36,394.44,28/05/2022,78,1
0553,36,680.56,30/09/2023,8,0
0793,36,352.78,31/05/2024,22,0
3456,36,855.56,31/05/2024,0,3
4503,36,602.78,31/10/2024,37,4
4296,36,677.78,30/11/2024,21,4
3803,36,519.44,30/08/2025,28,3
9638,36,669.44,31/10/2024,75,9
4012,36,847.22,30/06/2022,3,4
2761,36,647.22,31/07/2025,31,2
0046,36,922.22,30/10/2020,15,0
8394,36,494.44,30/11/2020,20,8
2772,36,602.78,30/04/2022,23,2
5608,36,697.22,31/01/2025,7,5
0433,36,497.22,31/12/2024,9,0
1698,36,622.22,31/03/2022,13,1
3881,36,811.11,31/05/2023,35,3
3607,36,836.11,30/07/2024,35,3
8336,36,486.11,31/07/2025,0,8
2842,36,650.00,30/10/2025,22,2
0958,36,383.33,29/03/2024,139,0
9468,36,641.67,31/12/2021,2,9
6402,36,552.78,31/01/2023,106,6
3202,36,472.22,30/10/2024,12,3
3702,36,852.78,29/06/2024,32,3
3738,36,552.78,30/08/2023,5,3
9211,36,752.78,31/01/2022,16,9
5976,36,800.00,28/02/2022,70,5
8952,36,777.78,31/12/2024,126,8
0845,36,802.78,30/08/2025,47,0
8972,36,513.89,31/08/2023,48,8
8777,36,494.44,30/12/2023,12,8
5614,36,508.33,30/12/2021,21,5
7146,36,652.78,31/12/2023,14,7
3258,36,580.56,30/10/2020,24,3
6689,36,658.33,31/08/2025,46,6
7673,36,880.56,29/06/2023,131,7
2439,36,788.89,29/01/2023,69,2
4717,36,527.78,31/07/2025,23,4
5724,36,402.78,30/12/2024,13,5
9696,36,497.22,31/03/2024,107,9
0683,36,602.78,30/10/2022,15,0
8945,36,941.67,29/04/2021,21,8
2791,36,472.22,31/12/2021,52,2
3988,36,838.89,30/07/2023,37,3
0640,36,472.22,30/09/2022,72,0
0489,36,500.00,31/03/2022,61,0
8885,36,361.11,30/09/2021,44,8
9385,36,541.67,30/12/2023,84,9
5943,36,427.78,30/01/2024,12,5
0631,36,1000.00,30/10/2023,105,0
9166,36,463.89,31/01/2025,43,9
6242,36,663.89,30/07/2024,17,6
0743,36,483.33,31/07/2025,17,0
0297,36,755.56,31/03/2022,27,0
4723,36,975.00,31/10/2025,1,4
6352,36,780.56,31/10/2023,90,6
7740,36,936.11,31/12/2023,23,7
0143,36,883.33,30/11/2024,94,0
0372,36,758.33,31/12/2021,32,0
0133,36,538.89,31/10/2023,13,0
6681,36,525.00,31/08/2023,2,6
9655,36,950.00,30/12/2024,35,9
6235,36,1136.11,31/05/2022,145,6
0744,36,977.78,28/10/2024,35,0
2249,36,419.44,31/10/2024,36,2
1266,36,766.67,31/07/2023,13,1
3165,36,705.56,31/08/2023,66,3
8339,36,616.67,29/09/2024,18,8
7788,36,550.00,30/10/2024,12,7
9418,36,852.78,30/09/2025,10,9
5878,36,388.89,31/10/2025,50,5
9471,36,733.33,29/12/2022,78,9
2405,36,422.22,30/09/2025,5,2
4486,36,608.33,31/10/2022,25,4
8401,36,597.22,31/10/2025,34,8
5691,36,647.22,31/07/2025,95,5
2482,36,500.00,30/07/2024,6,2
5137,36,405.56,30/12/2021,0,5
4906,36,802.78,30/10/2021,13,4
9209,36,516.67,31/03/2022,9,9
5399,36,641.67,30/06/2022,27,5
1645,36,800.00,31/07/2022,13,1
3765,36,444.44,30/04/2023,43,3
5597,36,922.22,31/08/2022,3,5
4748,36,466.67,31/05/2025,13,4
1758,36,897.22,30/04/2021,8,1
6675,36,705.56,31/05/2025,44,6
3684,36,427.78,31/03/2023,37,3
1846,36,791.67,31/12/2024,16,1
2727,36,716.67,29/07/2024,39,2
4257,36,402.78,30/03/2024,8,4
5067,36,800.00,30/05/2023,10,5
5915,36,761.11,30/11/2021,8,5
7871,36,755.56,31/01/2022,62,7
9000,36,741.67,31/05/2023,66,9
4952,36,838.89,29/11/2022,5,4
4419,36,375.00,30/11/2025,26,4
0964,36,750.00,30/10/2021,70,0
1731,36,536.11,30/09/2022,17,1
6985,36,763.89,31/10/2024,96,6
9602,36,427.78,28/10/2023,13,9
5718,36,663.89,30/05/2025,15,5
2179,36,375.00,31/05/2022,20,2
5879,36,650.00,30/03/2025,29,5
2456,36,650.00,29/07/2022,38,2
6448,36,533.33,31/01/2024,2,6
3925,36,502.78,31/08/2025,48,3
1458,36,841.67,31/05/2025,6,1
4431,36,491.67,31/10/2022,7,4
5120,36,786.11,31/12/2023,69,5
0865,36,938.89,31/05/2022,10,0
6885,36,519.44,29/11/2024,22,6
8781,36,788.89,30/08/2024,3,8
9481,36,475.00,30/12/2021,28,9
3246,36,422.22,30/08/2025,28,3
1030,36,333.33,31/03/2024,16,1
5438,36,861.11,30/11/2024,40,5
4463,36,669.44,31/08/2022,14,4
4375,36,772.22,29/11/2022,14,4
6267,36,666.67,30/11/2025,26,6
4686,36,647.22,29/04/2024,7,4
2785,36,308.33,31/05/2023,6,2
2778,36,688.89,31/08/2023,5,2
4282,36,458.33,30/08/2024,20,4
5492,36,452.78,31/07/2022,6,5
4207,36,850.00,30/10/2023,3,4
9241,36,647.22,31/10/2024,18,9
8991,36,416.67,31/10/2025,6,8
1464,36,925.00,31/10/2022,11,1
6984,36,802.78,31/08/2025,32,6
3796,36,766.67,31/07/2025,10,3
3191,36,466.67,31/05/2025,58,3
7313,36,413.89,29/03/2023,34,7
3575,36,600.00,30/04/2023,93,3
1619,36,811.11,30/08/2021,79,1
1862,36,702.78,30/11/2023,0,1
5925,36,466.67,31/12/2024,32,5
3828,36,661.11,31/12/2022,4,3
2875,36,858.33,30/11/2025,7,2
7688,36,991.67,31/08/2022,89,7
5288,36,397.22,30/05/2025,2,5
6120,36,697.22,30/12/2020,3,6
8279,36,877.78,30/03/2025,47,8
8246,36,580.56,31/07/2023,0,8
0682,36,852.78,29/11/2023,210,0
9399,36,566.67,31/03/2025,6,9
5935,36,772.22,31/05/2022,20,5
9641,36,861.11,30/07/2024,27,9
1250,36,888.89,29/11/2024,42,1
7600,36,863.89,29/01/2023,25,7
0940,36,566.67,31/03/2022,2,0
7163,36,927.78,30/06/2022,92,7
9479,36,519.44,31/03/2021,147,9
0752,36,491.67,31/03/2023,26,0
9675,36,397.22,31/03/2021,25,9
3478,36,602.78,30/12/2021,19,3
5738,36,372.22,31/12/2024,84,5
1522,36,611.11,31/03/2025,7,1
9249,36,738.89,28/11/2024,13,9
2708,36,647.22,31/01/2024,13,2
1207,36,738.89,31/07/2025,35,1
1475,36,536.11,31/08/2024,2,1
4153,36,811.11,31/03/2025,79,4
3636,36,444.44,31/05/2022,39,3
1482,36,486.11,30/04/2024,8,1
3072,36,636.11,30/03/2024,1,3
1715,36,700.00,31/12/2024,26,1
4788,36,566.67,30/11/2024,12,4
0494,36,611.11,31/01/2025,105,0
2081,36,702.78,30/11/2025,2,2
3705,36,886.11,30/07/2025,74,3
6066,36,386.11,30/12/2021,59,6
2765,36,516.67,29/09/2024,121,2
4427,36,505.56,29/04/2023,38,4
0499,36,727.78,31/08/2024,67,0
5779,36,933.33,31/05/2022,25,5
8242,36,291.67,30/11/2022,7,8
6644,36,783.33,31/01/2022,1,6
0200,36,769.44,31/08/2024,48,0
2116,36,850.00,30/01/2021,57,2
5594,36,488.89,26/11/2025,23,5
4636,36,419.44,31/07/2023,19,4
2492,36,788.89,31/03/2021,29,2
0662,36,636.11,31/03/2023,85,0
3156,36,594.44,30/12/2024,21,3
1587,36,483.33,30/12/2024,40,1
3045,36,866.67,28/02/2023,42,3
3713,36,744.44,31/12/2021,105,3
4184,36,713.89,31/10/2024,12,4
5797,36,658.33,31/01/2023,1,5
4478,36,1122.22,31/07/2025,37,4
6991,36,741.67,30/05/2025,33,6
5312,36,469.44,29/07/2024,37,5
8787,36,516.67,31/07/2025,2,8
3298,36,638.89,31/05/2022,57,3
7143,36,866.67,30/06/2023,29,7
5754,36,1038.89,29/03/2022,9,5
9683,36,852.78,29/07/2025,37,9
3641,35,751.43,30/03/2022,120,3
8350,35,717.14,30/07/2024,44,8
0705,35,517.14,31/12/2024,0,0
9154,35,748.57,31/12/2021,18,9
9823,35,354.29,30/11/2021,17,9
5037,35,788.57,30/07/2025,36,5
1145,35,371.43,31/12/2024,36,1
2039,35,1068.57,31/08/2022,148,2
6764,35,454.29,29/12/2020,5,6
6684,35,794.29,30/09/2021,84,6
3496,35,388.57,30/04/2023,115,3
4737,35,740.00,31/08/2025,22,4
0101,35,368.57,30/11/2021,66,0
1110,35,585.71,31/03/2023,19,1
1063,35,854.29,30/11/2025,26,1
4887,35,768.57,31/03/2021,45,4
4307,35,851.43,31/12/2021,34,4
2707,35,445.71,30/10/2020,5,2
2798,35,1000.00,30/05/2024,14,2
0384,35,634.29,30/04/2021,2,0
4935,35,802.86,31/12/2024,139,4
4874,35,768.57,30/11/2023,24,4
1421,35,588.57,30/11/2021,73,1
9936,35,528.57,31/12/2021,5,9
0961,35,814.29,31/12/2023,149,0
4665,35,940.00,29/01/2023,19,4
1544,35,648.57,31/03/2022,19,1
4751,35,534.29,31/08/2023,31,4
2427,35,748.57,30/01/2025,14,2
3717,35,688.57,31/05/2022,21,3
6975,35,831.43,31/10/2022,13,6
1598,35,522.86,30/05/2022,3,1
0737,35,634.29,30/12/2022,23,0
9535,35,865.71,29/03/2025,89,9
3482,35,420.00,30/11/2021,44,3
3589,35,494.29,31/05/2022,1,3
9486,35,620.00,31/05/2024,50,9
3704,35,557.14,29/08/2020,0,3
0642,35,702.86,29/06/2022,61,0
6168,35,740.00,30/08/2021,2,6
0860,35,305.71,31/03/2021,5,0
5751,35,785.71,30/03/2021,50,5
1785,35,822.86,31/10/2023,141,1
4704,35,625.71,30/11/2021,54,4
6767,35,1000.00,29/04/2025,16,6
0249,35,537.14,30/09/2025,4,0
9106,35,551.43,30/10/2025,15,9
0402,35,317.14,28/07/2023,67,0
4779,35,742.86,31/03/2024,82,4
4177,35,697.14,27/08/2025,2,4
6555,35,1177.14,30/11/2025,26,6
1174,35,865.71,30/11/2020,5,1
5713,35,851.43,30/07/2021,23,5
5574,35,234.29,31/08/2025,87,5
4702,35,1128.57,30/06/2023,15,4
5638,35,682.86,31/12/2023,56,5
3775,35,914.29,29/12/2021,37,3
6108,35,462.86,30/07/2024,46,6
5679,35,734.29,31/03/2025,102,5
0720,35,1102.86,31/10/2023,29,0
8700,35,740.00,30/10/2022,48,8
5201,35,445.71,28/10/2025,3,5
1121,35,994.29,29/12/2023,0,1
3745,35,848.57,31/12/2022,8,3
6788,35,662.86,29/11/2022,58,6
1741,35,645.71,31/03/2021,1,1
5798,35,340.00,31/12/2023,10,5
4747,35,534.29,30/11/2025,4,4
0907,35,525.71,29/02/2024,12,0
3674,35,294.29,31/12/2021,4,3
6483,35,460.00,30/08/2021,98,6
9798,35,1020.00,31/03/2024,29,9
8216,35,614.29,28/12/2024,6,8
8715,35,440.00,30/04/2023,51,8
9720,35,320.00,30/07/2025,109,9
9158,35,614.29,31/10/2023,56,9
7742,35,702.86,31/10/2023,49,7
0671,35,791.43,31/01/2023,42,0
0724,35,757.14,31/10/2025,23,0
0354,35,662.86,31/12/2024,41,0
5832,35,754.29,31/03/2025,15,5
3103,35,865.71,31/10/2025,4,3
5143,35,682.86,30/10/2024,39,5
0488,35,442.86,29/11/2025,0,0
1561,35,880.00,31/03/2021,61,1
0473,35,957.14,30/11/2022,38,0
2671,35,1117.14,30/07/2025,2,2
0838,35,497.14,30/11/2025,0,0
5441,35,420.00,30/10/2021,20,5
2711,35,711.43,30/11/2020,64,2
1361,35,662.86,30/12/2024,7,1
1686,35,1180.00,30/08/2023,35,1
4130,35,814.29,31/03/2022,138,4
9971,35,597.14,31/07/2025,62,9
0151,35,642.86,31/08/2022,0,0
6270,35,1034.29,31/08/2022,34,6
7668,35,994.29,30/08/2025,2,7
2741,35,385.71,30/04/2025,27,2
9563,35,814.29,30/10/2020,40,9
4988,35,680.00,31/10/2023,11,4
3470,35,520.00,30/07/2025,72,3
5975,35,611.43,31/08/2024,51,5
0844,35,740.00,29/06/2022,31,0
3793,35,631.43,30/11/2021,7,3
4030,35,697.14,31/12/2022,5,4
3768,35,645.71,30/11/2025,26,3
9795,35,474.29,31/12/2024,32,9
2452,35,554.29,30/11/2022,6,2
0784,35,802.86,28/12/2023,58,0
9947,35,680.00,31/10/2024,67,9
9716,35,542.86,30/11/2025,26,9
5304,35,325.71,31/10/2025,55,5
2254,35,971.43,31/12/2024,6,2
9184,35,911.43,31/12/2021,57,9
0906,35,925.71,31/10/2022,61,0
0632,35,888.57,30/10/2025,56,0
5932,35,557.14,30/11/2021,1,5
1001,35,462.86,31/12/2021,95,1
3760,35,777.14,31/10/2022,6,3
8045,35,785.71,31/10/2023,45,8
6759,35,637.14,30/03/2023,32,6
9323,35,497.14,29/04/2025,9,9
6251,35,754.29,28/08/2024,171,6
3750,35,737.14,31/10/2025,52,3
3431,35,440.00,29/06/2022,38,3
5145,35,1062.86,31/12/2021,5,5
0062,35,522.86,31/03/2021,99,0
3378,35,540.00,30/01/2023,80,3
8342,35,528.57,28/07/2022,0,8
5384,35,1045.71,31/05/2024,13,5
6159,35,477.14,30/04/2023,17,6
5683,35,914.29,30/06/2022,99,5
4566,35,674.29,31/12/2021,21,4
1638,35,1191.43,31/03/2025,13,1
5645,35,774.29,30/11/2024,1,5
8107,35,745.71,30/07/2025,10,8
9789,35,594.29,29/07/2023,4,9
0739,35,528.57,30/08/2025,47,0
6672,35,622.86,30/11/2021,45,6
7104,35,865.71,29/12/2024,17,7
5538,35,525.71,31/01/2022,6,5
8151,35,988.57,31/08/2025,11,8
5339,35,880.00,30/12/2020,31,5
9701,35,354.29,30/11/2024,15,9
9565,35,511.43,30/11/2024,18,9
1671,35,722.86,31/08/2025,64,1
9367,35,688.57,30/12/2022,13,9
7136,35,877.14,31/10/2022,61,7
5903,35,708.57,30/10/2023,67,5
2404,35,708.57,31/08/2022,20,2
5602,35,800.00,31/10/2023,13,5
3385,35,1040.00,31/07/2023,117,3
5737,35,634.29,31/08/2024,9,5
1570,35,1214.29,31/12/2023,20,1
3873,35,557.14,27/08/2024,25,3
0324,35,482.86,30/11/2021,15,0
0785,35,1008.57,31/12/2024,52,0
5657,35,397.14,31/01/2023,49,5
4672,35,857.14,30/10/2022,138,4
0448,35,451.43,30/05/2024,11,0
0836,35,768.57,29/07/2024,35,0
8633,35,820.00,30/10/2024,95,8
8842,35,762.86,31/05/2022,4,8
5676,35,731.43,29/05/2025,47,5
4458,35,682.86,31/01/2022,11,4
1388,35,497.14,31/12/2024,4,1
6091,35,814.29,30/06/2024,29,6
2273,35,342.86,31/05/2025,5,2
5317,35,551.43,31/01/2023,75,5
9261,35,308.57,31/10/2023,15,9
0993,35,468.57,28/07/2023,0,0
9908,35,880.00,31/03/2023,2,9
5604,35,837.14,31/03/2021,111,5
6180,35,1062.86,30/07/2025,19,6
0666,35,897.14,31/08/2023,15,0
1824,35,677.14,31/07/2025,18,1
0210,35,591.43,31/07/2022,82,0
7696,35,1105.71,31/08/2022,22,7
4300,35,665.71,30/08/2025,37,4
8673,35,988.57,31/03/2024,51,8
7738,35,271.43,31/01/2023,8,7
3359,35,677.14,31/12/2022,47,3
2753,35,851.43,29/10/2025,29,2
5170,35,580.00,30/07/2024,49,5
6472,34,1058.82,30/01/2023,11,6
3093,34,632.35,30/11/2020,0,3
5725,34,826.47,31/10/2025,55,5
6582,34,591.18,30/01/2024,40,6
4388,34,764.71,30/10/2024,23,4
3286,34,773.53,30/12/2020,108,3
4594,34,1220.59,30/12/2022,11,4
6733,34,591.18,31/01/2025,22,6
1015,34,702.94,31/12/2022,10,1
0243,34,658.82,28/09/2023,37,0
1706,34,661.76,30/09/2022,1,1
7781,34,917.65,30/06/2023,18,7
5886,34,658.82,30/11/2025,4,5
0747,34,447.06,30/03/2024,1,0
1000,34,541.18,30/09/2020,2,1
4778,34,844.12,30/08/2025,9,4
2133,34,573.53,26/10/2022,7,2
8203,34,944.12,30/06/2024,50,8
9706,34,426.47,30/12/2022,98,9
6865,34,1032.35,29/07/2024,9,6
9649,34,764.71,30/08/2024,18,9
9178,34,500.00,30/06/2023,39,9
7828,34,635.29,31/12/2022,25,7
8734,34,561.76,29/09/2022,48,8
1557,34,894.12,30/04/2024,3,1
1957,34,791.18,31/10/2025,19,1
1779,34,685.29,29/11/2022,1,1
1101,34,767.65,30/08/2024,7,1
1884,34,838.24,30/08/2025,36,1
3282,34,452.94,30/09/2025,45,3
8602,34,861.76,31/10/2022,2,8
3623,34,817.65,30/07/2024,29,3
3788,34,829.41,31/01/2022,2,3
5180,34,717.65,31/07/2025,10,5
0172,34,1020.59,30/11/2025,26,0
4382,34,897.06,30/09/2021,19,4
3667,34,352.94,31/12/2023,10,3
1386,34,608.82,31/10/2025,13,1
2041,34,461.76,29/09/2021,142,2
8775,34,505.88,31/08/2025,37,8
4755,34,1000.00,30/06/2022,15,4
9978,34,647.06,30/08/2025,33,9
3034,34,497.06,31/05/2023,11,3
4327,34,570.59,30/03/2022,31,4
8472,34,1150.00,30/10/2022,14,8
1784,34,873.53,30/11/2024,31,1
9982,34,697.06,31/12/2024,13,9
0586,34,455.88,31/12/2021,10,0
3100,34,520.59,30/09/2020,7,3
0641,34,605.88,29/12/2022,31,0
8352,34,458.82,31/12/2022,107,8
4089,34,985.29,30/09/2020,67,4
2893,34,623.53,31/12/2022,42,2
1409,34,879.41,31/01/2023,25,1
1095,34,597.06,27/09/2022,46,1
4866,34,723.53,31/08/2023,31,4
9453,34,679.41,30/10/2020,23,9
5744,34,676.47,31/08/2025,90,5
8667,34,650.00,30/07/2022,22,8
5577,34,744.12,31/08/2022,12,5
2710,34,741.18,30/11/2022,33,2
8452,34,591.18,30/10/2025,19,8
1166,34,1041.18,29/07/2025,74,1
0799,34,832.35,28/02/2022,22,0
6285,34,432.35,29/05/2022,2,6
4355,34,564.71,31/10/2023,7,4
0613,34,479.41,30/11/2020,30,0
8368,34,655.88,31/05/2022,44,8
3634,34,950.00,31/05/2023,39,3
0608,34,982.35,31/05/2023,30,0
6906,34,702.94,31/12/2023,99,6
4688,34,917.65,28/06/2024,34,4
2685,34,667.65,30/01/2021,29,2
2721,34,785.29,30/10/2025,50,2
5407,34,600.00,31/10/2025,55,5
4357,34,814.71,31/08/2023,11,4
9725,34,905.88,31/08/2022,17,9
0168,34,741.18,29/11/2024,20,0
0483,34,364.71,31/05/2025,4,0
5849,34,755.88,30/12/2021,22,5
2382,34,811.76,31/12/2022,60,2
5714,34,1008.82,29/12/2020,7,5
8747,34,638.24,31/05/2024,61,8
4635,34,279.41,31/10/2025,37,4
5488,34,932.35,31/12/2023,9,5
9105,34,708.82,30/12/2024,26,9
5007,34,882.35,31/05/2025,20,5
1465,34,1070.59,30/10/2023,54,1
4753,34,744.12,31/01/2024,19,4
0166,34,688.24,30/10/2025,56,0
0194,34,817.65,31/05/2025,15,0
6738,34,779.41,30/09/2020,7,6
0755,34,794.12,28/04/2021,5,0
0788,34,532.35,31/10/2025,3,0
0843,34,505.88,31/07/2022,25,0
4046,34,770.59,30/11/2021,83,4
2964,34,497.06,31/03/2021,26,2
6783,34,929.41,30/12/2024,36,6
3810,34,585.29,29/10/2025,23,3
3700,34,626.47,31/12/2023,11,3
7151,34,750.00,31/07/2022,24,7
1735,34,788.24,31/03/2025,15,1
3716,34,800.00,31/05/2025,14,3
9278,34,538.24,29/09/2021,17,9
3640,34,782.35,31/03/2025,4,3
2201,34,838.24,30/10/2025,42,2
4027,34,717.65,31/07/2025,143,4
3166,34,726.47,29/05/2025,35,3
9440,34,447.06,30/05/2024,35,9
1389,34,573.53,31/12/2024,8,1
8244,34,670.59,27/10/2023,6,8
8658,34,1264.71,31/10/2023,9,8
8482,34,1126.47,31/01/2022,16,8
1782,34,547.06,30/10/2020,5,1
3654,34,588.24,31/12/2024,88,3
8684,34,608.82,31/05/2024,30,8
8762,34,858.82,30/05/2024,34,8
0783,34,844.12,30/09/2023,20,0
7764,34,952.94,30/12/2024,95,7
5265,34,720.59,31/10/2025,18,5
0285,34,738.24,31/07/2023,28,0
0451,34,676.47,28/09/2021,24,0
5388,34,844.12,30/09/2024,37,5
2258,34,567.65,29/09/2025,5,2
9728,34,476.47,31/12/2022,35,9
4781,34,505.88,30/11/2025,26,4
5963,34,435.29,31/08/2025,39,5
1074,34,261.76,31/01/2025,162,1
4750,34,470.59,31/03/2024,34,4
3650,34,638.24,31/12/2022,2,3
0581,34,638.24,30/10/2022,36,0
1333,34,888.24,31/03/2025,4,1
5781,34,550.00,28/07/2025,32,5
1955,34,511.76,29/10/2023,4,1
9686,34,373.53,30/12/2024,57,9
0791,34,776.47,31/08/2025,3,0
8905,34,867.65,30/04/2024,6,8
8634,34,729.41,30/04/2021,14,8
4168,34,482.35,31/12/2024,58,4
3586,34,608.82,29/09/2023,193,3
7667,34,502.94,31/08/2025,18,7
5620,34,1017.65,30/09/2025,80,5
9721,34,570.59,31/01/2024,3,9
1601,33,790.91,31/10/2023,7,1
4058,33,624.24,30/11/2025,16,4
1488,33,512.12,31/10/2022,28,1
9480,33,784.85,30/10/2020,30,9
3795,33,1421.21,30/09/2024,8,3
0156,33,793.94,30/11/2025,26,0
5308,33,775.76,31/12/2022,1,5
8659,33,606.06,30/09/2021,7,8
9004,33,996.97,30/09/2024,11,9
1876,33,1148.48,30/03/2021,5,1
3425,33,951.52,30/07/2025,144,3
2787,33,830.30,31/05/2024,14,2
3637,33,606.06,30/09/2021,25,3
2446,33,745.45,30/07/2023,23,2
1348,33,1151.52,29/09/2024,12,1
4948,33,560.61,30/03/2025,35,4
1259,33,906.06,30/08/2022,41,1
9733,33,860.61,30/10/2023,5,9
4754,33,530.30,30/03/2024,6,4
1662,33,784.85,29/07/2024,7,1
2278,33,736.36,31/05/2025,24,2
0306,33,781.82,29/05/2023,17,0
6915,33,360.61,31/01/2023,21,6
6475,33,845.45,31/03/2024,25,6
4618,33,690.91,30/05/2023,58,4
1705,33,500.00,31/03/2022,10,1
0715,33,775.76,29/04/2024,47,0
8396,33,327.27,29/11/2025,24,8
4638,33,457.58,29/07/2025,6,4
2786,33,878.79,30/10/2020,25,2
2601,33,460.61,29/11/2023,120,2
3787,33,712.12,31/01/2024,59,3
8760,33,1036.36,29/08/2025,19,8
0579,33,1042.42,30/08/2025,94,0
6770,33,666.67,30/07/2025,77,6
8832,33,306.06,31/07/2022,6,8
5498,33,390.91,31/10/2023,22,5
3455,33,675.76,29/08/2025,21,3
1843,33,412.12,31/05/2024,79,1
4144,33,703.03,31/05/2025,17,4
9817,33,936.36,31/01/2025,11,9
9704,33,251.52,30/05/2023,7,9
4879,33,609.09,30/09/2022,15,4
5518,33,706.06,30/10/2022,58,5
9743,33,954.55,29/03/2024,1,9
7640,33,769.70,30/07/2025,46,7
4133,33,445.45,31/12/2024,25,4
2632,33,512.12,30/07/2023,58,2
5785,33,754.55,30/03/2021,14,5
6010,33,596.97,30/03/2024,28,6
1953,33,530.30,31/05/2025,17,1
1633,33,806.06,31/07/2022,37,1
8102,33,581.82,31/08/2025,80,8
0442,33,751.52,30/11/2023,59,0
0510,33,924.24,30/10/2024,72,0
9543,33,1003.03,31/10/2022,5,9
2646,33,581.82,30/12/2022,46,2
5281,33,403.03,31/08/2024,3,5
8693,33,418.18,30/07/2025,7,8
4578,33,521.21,28/11/2022,73,4
5948,33,615.15,30/03/2025,23,5
4480,33,742.42,31/03/2023,11,4
1737,33,675.76,31/10/2023,12,1
6685,33,854.55,31/03/2022,2,6
5747,33,406.06,31/01/2023,1,5
1328,33,478.79,31/10/2023,60,1
1591,33,630.30,30/12/2024,120,1
5765,33,563.64,29/06/2023,88,5
1237,33,821.21,30/06/2025,8,1
5457,33,393.94,31/12/2023,13,5
0792,33,1254.55,30/11/2022,17,0
3437,33,669.70,29/01/2021,65,3
1485,33,563.64,30/04/2021,35,1
5334,33,324.24,31/03/2025,31,5
3066,33,272.73,30/11/2021,36,3
4150,33,518.18,29/11/2021,19,4
5354,33,724.24,31/12/2022,14,5
3418,33,739.39,30/05/2025,52,3
3785,33,630.30,29/03/2025,8,3
9506,33,412.12,28/09/2020,23,9
5404,33,669.70,27/07/2023,94,5
5775,33,327.27,29/11/2025,27,5
5572,33,806.06,30/01/2024,19,5
0468,33,454.55,31/01/2022,1,0
0661,33,881.82,31/03/2023,21,0
4279,33,642.42,30/09/2024,33,4
4302,33,927.27,30/11/2020,7,4
9443,33,727.27,29/12/2023,31,9
5144,33,681.82,30/04/2021,43,5
2554,33,751.52,31/12/2023,108,2
0796,33,727.27,30/09/2020,38,0
5802,33,600.00,30/09/2021,10,5
5912,33,457.58,31/12/2022,70,5
9775,33,581.82,30/04/2024,74,9
7795,33,1281.82,31/12/2024,6,7
4004,33,369.70,30/07/2024,2,4
1236,33,530.30,30/10/2022,68,1
3981,33,396.97,30/10/2025,37,3
3406,33,712.12,30/10/2021,60,3
1898,33,696.97,30/04/2025,30,1
9758,33,703.03,31/10/2023,3,9
4408,33,569.70,30/12/2020,23,4
0902,33,630.30,29/09/2022,22,0
7494,33,466.67,30/12/2023,6,7
4775,33,466.67,31/05/2022,12,4
4457,33,715.15,30/10/2024,21,4
1778,33,963.64,30/08/2025,4,1
1295,33,336.36,31/03/2023,63,1
1521,33,745.45,29/11/2023,4,1
3766,33,790.91,30/06/2022,21,3
3809,33,875.76,30/10/2020,19,3
5883,33,1048.48,29/07/2025,7,5
6711,33,454.55,30/10/2022,61,6
1789,33,324.24,30/12/2023,19,1
4884,33,921.21,30/07/2023,6,4
1512,33,436.36,31/05/2025,9,1
0959,33,1272.73,30/05/2023,87,0
0651,32,400.00,31/05/2023,5,0
5793,32,443.75,31/03/2022,22,5
2688,32,578.13,30/10/2025,56,2
1068,32,621.88,30/11/2021,115,1
1701,32,778.13,31/07/2023,35,1
9619,32,531.25,27/12/2023,46,9
8646,32,346.88,30/11/2025,26,8
5745,32,968.75,31/05/2025,80,5
1281,32,881.25,31/07/2022,100,1
6660,32,578.13,28/03/2023,77,6
4350,32,856.25,29/12/2021,38,4
6708,32,546.88,29/11/2023,80,6
1367,32,712.50,30/07/2025,68,1
1940,32,462.50,31/10/2024,18,1
4562,32,678.13,30/12/2022,21,4
8768,32,537.50,29/10/2025,6,8
4405,32,828.13,31/08/2022,45,4
4639,32,1078.13,29/09/2021,5,4
5214,32,581.25,27/09/2023,16,5
7785,32,675.00,30/10/2022,116,7
4984,32,456.25,30/10/2023,16,4
0487,32,871.88,31/08/2022,12,0
1359,32,481.25,31/03/2023,68,1
5741,32,675.00,29/06/2024,60,5
6769,32,525.00,31/07/2022,20,6
2675,32,700.00,31/07/2025,6,2
1414,32,731.25,30/11/2020,95,1
4966,32,640.63,30/03/2022,12,4
3352,32,862.50,31/01/2023,11,3
8608,32,478.13,29/06/2025,4,8
2872,32,925.00,31/08/2024,83,2
4796,32,450.00,30/08/2023,10,4
5672,32,706.25,31/05/2023,76,5
5639,32,818.75,31/05/2024,61,5
4776,32,468.75,31/01/2024,27,4
0445,32,415.63,31/05/2022,21,0
0882,32,590.63,31/05/2023,80,0
0795,32,634.38,30/12/2023,0,0
1668,32,937.50,31/01/2023,45,1
4132,32,265.63,27/09/2024,88,4
0403,32,487.50,29/12/2022,9,0
1190,32,840.63,31/03/2024,7,1
5794,32,593.75,30/11/2025,26,5
3184,32,1140.63,30/10/2024,12,3
2955,32,581.25,30/09/2025,85,2
2894,32,290.63,30/09/2025,18,2
5182,32,496.88,30/12/2024,5,5
3852,32,696.88,30/01/2023,57,3
7678,32,421.88,31/05/2023,5,7
5698,32,778.13,31/07/2022,83,5
1675,32,815.63,31/10/2024,8,1
5579,32,593.75,31/12/2022,18,5
0676,32,481.25,30/10/2022,4,0
0748,32,678.13,30/06/2022,3,0
9708,32,359.38,30/01/2021,25,9
2144,32,987.50,30/08/2025,13,2
0670,32,856.25,29/05/2025,41,0
5782,32,625.00,31/12/2021,8,5
3747,32,850.00,30/05/2024,61,3
4446,32,306.25,31/10/2024,68,4
9509,32,634.38,30/06/2025,19,9
9785,32,600.00,31/08/2022,7,9
1175,32,1031.25,30/09/2024,22,1
8794,32,409.38,30/11/2021,34,8
5733,32,637.50,30/10/2020,72,5
3077,32,493.75,30/11/2025,20,3
4701,32,659.38,30/09/2020,2,4
9678,32,515.63,30/07/2025,17,9
9128,32,731.25,30/12/2024,18,9
6768,32,562.50,30/09/2023,17,6
8103,32,462.50,31/12/2023,30,8
0347,32,615.63,31/08/2022,45,0
5693,32,765.63,30/12/2022,3,5
8481,32,678.13,29/12/2024,75,8
3648,32,590.63,31/12/2022,25,3
1803,32,750.00,30/07/2025,20,1
2774,32,1162.50,31/05/2024,16,2
4146,32,1053.13,29/06/2024,13,4
2941,32,843.75,31/12/2022,130,2
1708,32,481.25,31/03/2025,38,1
3861,32,893.75,30/03/2025,16,3
0733,32,875.00,31/12/2024,12,0
1026,32,887.50,27/12/2024,15,1
5721,32,712.50,28/07/2022,30,5
0704,32,1021.88,30/11/2021,142,0
4669,32,543.75,30/12/2021,28,4
1813,32,1150.00,30/08/2022,1,1
3661,32,565.63,31/08/2025,8,3
1904,32,918.75,30/10/2022,37,1
5824,32,368.75,29/04/2021,28,5
6674,32,865.63,30/03/2023,121,6
4370,32,615.63,30/09/2025,46,4
1406,32,559.38,26/12/2024,42,1
0763,32,1200.00,30/07/2025,40,0
4299,32,271.88,31/12/2024,0,4
0431,32,762.50,31/03/2024,62,0
8678,32,859.38,31/05/2024,3,8
8931,32,600.00,30/07/2021,18,8
1931,32,778.13,29/07/2022,76,1
6803,32,803.13,30/04/2022,59,6
3918,32,715.63,31/05/2024,83,3
5764,31,648.39,29/11/2021,48,5
1404,31,454.84,31/12/2022,20,1
0768,31,561.29,31/07/2022,40,0
3262,31,977.42,30/12/2020,27,3
2358,31,477.42,31/01/2025,35,2
5411,31,900.00,30/03/2023,8,5
9755,31,616.13,30/12/2023,64,9
6008,31,916.13,31/03/2024,23,6
1724,31,574.19,30/10/2020,9,1
0735,31,548.39,31/08/2024,64,0
1191,31,741.94,30/05/2024,4,1
0199,31,961.29,31/10/2023,10,0
0709,31,483.87,31/01/2023,0,0
3708,31,735.48,30/01/2021,11,3
4681,31,1070.97,31/10/2023,71,4
1185,31,703.23,30/05/2024,5,1
5478,31,667.74,28/07/2023,46,5
8582,31,332.26,31/01/2024,4,8
0730,31,764.52,31/05/2023,4,0
8647,31,458.06,30/10/2020,32,8
5157,31,612.90,29/10/2024,60,5
5897,31,638.71,30/08/2023,20,5
9345,31,603.23,30/08/2022,22,9
5428,31,764.52,30/09/2021,0,5
5668,31,887.10,31/01/2023,12,5
0588,31,461.29,31/08/2022,8,0
9541,31,432.26,31/10/2023,13,9
5536,31,512.90,31/07/2025,7,5
4708,31,480.65,30/07/2022,96,4
0982,31,487.10,30/10/2025,6,0
3234,31,674.19,31/12/2021,52,3
3792,31,745.16,31/07/2025,37,3
5524,31,716.13,31/12/2024,2,5
2931,31,506.45,31/12/2021,8,2
6687,31,761.29,27/05/2025,9,6
9651,31,1116.13,27/06/2022,6,9
8051,31,661.29,27/11/2023,6,8
1041,31,674.19,31/03/2023,23,1
8305,31,883.87,31/07/2023,20,8
6078,31,541.94,31/03/2024,118,6
1683,31,464.52,30/08/2024,97,1
5989,31,1151.61,31/03/2021,4,5
2247,31,967.74,31/03/2024,2,2
5096,31,296.77,31/05/2025,37,5
0349,31,967.74,30/05/2025,35,0
3772,31,754.84,30/09/2023,50,3
6001,31,645.16,31/05/2025,44,6
5830,31,874.19,30/11/2025,26,5
3773,31,454.84,31/12/2024,100,3
3784,31,880.65,28/10/2022,18,3
2401,31,612.90,31/12/2021,176,2
1765,31,803.23,30/10/2022,67,1
4584,31,664.52,31/01/2025,5,4
9341,31,429.03,30/11/2025,0,9
9955,31,529.03,31/10/2024,16,9
8898,31,525.81,30/11/2023,95,8
0444,31,609.68,28/06/2025,1,0
4765,31,532.26,31/10/2025,1,4
1791,31,509.68,30/10/2024,29,1
3017,31,596.77,30/07/2023,11,3
9742,31,651.61,29/10/2021,17,9
2534,31,477.42,31/10/2024,82,2
2122,31,783.87,29/10/2021,68,2
0598,30,323.33,29/03/2021,0,0
5712,30,706.67,29/11/2025,21,5
0762,30,676.67,29/04/2021,21,0
0754,30,716.67,26/02/2024,63,0
8166,30,1163.33,30/10/2022,116,8
5705,30,773.33,31/10/2025,45,5
5291,30,580.00,31/12/2022,32,5
9998,30,476.67,29/10/2025,8,9
0738,30,550.00,30/04/2022,44,0
1756,30,626.67,30/12/2022,22,1
6761,30,356.67,30/12/2020,2,6
9382,30,380.00,31/10/2023,44,9
4107,30,406.67,31/12/2023,6,4
8158,30,603.33,31/12/2021,35,8
4472,30,660.00,28/07/2025,11,4
2485,30,923.33,31/03/2024,9,2
7808,30,800.00,31/10/2022,21,7
1800,30,466.67,30/11/2025,18,1
4805,30,523.33,30/08/2022,22,4
0710,30,796.67,30/01/2021,11,0
9258,30,1060.00,30/08/2021,25,9
4782,30,956.67,31/01/2023,85,4
3131,30,696.67,29/09/2024,7,3
3178,30,763.33,31/05/2025,6,3
7180,30,776.67,31/03/2024,8,7
4432,30,623.33,31/08/2025,9,4
1680,30,576.67,31/10/2025,44,1
4856,30,763.33,29/12/2022,52,4
1208,30,1176.67,29/10/2024,14,1
7703,30,843.33,30/11/2025,26,7
1602,30,386.67,28/08/2023,39,1
2983,30,546.67,30/09/2022,3,2
5709,30,333.33,30/10/2024,28,5
1678,30,450.00,31/03/2024,19,1
8471,30,506.67,28/07/2022,20,8
2738,30,850.00,31/08/2022,25,2
0686,30,886.67,31/05/2025,79,0
6111,30,890.00,31/10/2023,47,6
5678,30,736.67,29/03/2023,47,5
2207,30,950.00,30/05/2023,38,2
5783,30,900.00,30/11/2023,11,5
8714,30,776.67,31/07/2025,26,8
3492,30,390.00,29/02/2024,20,3
8881,30,736.67,31/12/2024,78,8
7145,30,766.67,30/01/2024,15,7
1606,30,603.33,30/07/2021,33,1
9254,30,753.33,30/12/2021,77,9
3139,30,596.67,28/02/2025,32,3
4460,30,976.67,29/12/2022,22,4
4707,29,1031.03,31/07/2023,82,4
4263,29,348.28,30/06/2025,67,4
0500,29,1065.52,31/01/2025,42,0
4244,29,234.48,31/08/2022,12,4
6983,29,624.14,30/01/2023,12,6
5160,29,793.10,31/03/2023,107,5
1338,29,844.83,29/10/2025,57,1
1305,29,472.41,30/05/2023,20,1
5533,29,820.69,28/10/2022,15,5
5088,29,617.24,30/04/2021,45,5
8082,29,820.69,30/03/2024,22,8
0119,29,541.38,31/10/2024,11,0
1346,29,510.34,31/03/2023,20,1
6720,29,762.07,31/01/2025,42,6
2648,29,531.03,30/12/2023,9,2
7648,29,920.69,31/05/2025,19,7
1164,29,693.10,31/03/2023,125,1
8641,29,679.31,31/10/2024,68,8
1653,29,786.21,30/08/2025,9,1
0519,29,696.55,31/05/2024,129,0
9784,29,496.55,27/07/2023,8,9
0778,29,444.83,30/07/2024,5,0
3680,29,475.86,30/11/2020,22,3
4705,29,927.59,31/10/2025,55,4
5581,29,548.28,29/06/2025,0,5
2748,29,906.90,30/08/2025,46,2
4588,29,775.86,31/01/2025,52,4
2408,29,1068.97,28/08/2024,8,2
4416,29,482.76,28/09/2024,34,4
0281,29,534.48,31/07/2025,24,0
3644,29,551.72,31/01/2024,34,3
0932,29,400.00,30/06/2025,80,0
1171,28,657.14,31/07/2023,215,1
8778,28,553.57,31/01/2024,7,8
0717,28,1182.14,30/10/2021,5,0
1753,28,510.71,30/08/2024,28,1
1766,28,946.43,30/11/2024,0,1
4735,28,1032.14,30/07/2022,23,4
0245,28,778.57,30/08/2024,122,0
0234,28,946.43,30/07/2023,42,0
9432,28,357.14,31/12/2024,9,9
8607,28,782.14,31/12/2024,43,8
0745,28,596.43,31/12/2022,7,0
8736,28,978.57,30/09/2021,11,8
1648,28,421.43,28/06/2025,47,1
4438,28,525.00,30/11/2023,48,4
6152,28,846.43,31/10/2024,57,6
6589,28,342.86,31/07/2023,19,6
3900,28,757.14,31/12/2022,25,3
0711,28,635.71,31/10/2024,23,0
0386,28,485.71,30/01/2025,17,0
1138,27,848.15,26/09/2022,12,1
6283,27,462.96,31/12/2022,9,6
9760,27,688.89,30/03/2024,28,9
5749,27,577.78,31/03/2024,15,5
0455,27,781.48,31/03/2022,20,0
4861,27,607.41,30/10/2022,16,4
1106,27,788.89,27/01/2023,19,1
1408,27,703.70,31/10/2024,65,1
0567,26,880.77,28/10/2022,19,0
9748,26,692.31,28/11/2025,28,9
0576,26,1100.00,31/10/2022,72,0
1775,26,338.46,31/03/2022,28,1
6787,26,907.69,28/06/2022,6,6
5836,26,950.00,28/09/2023,81,5
0638,26,573.08,31/10/2024,20,0
7698,26,561.54,31/08/2022,5,7
1703,25,760.00,31/07/2025,26,1
1793,25,1112.00,31/05/2022,3,1
1050,25,740.00,31/10/2022,16,1
3762,25,924.00,31/07/2025,2,3
6401,25,260.00,30/11/2023,78,6
9951,25,544.00,30/12/2020,92,9
1808,24,570.83,29/01/2025,165,1
2715,24,475.00,30/09/2020,46,2
8887,24,629.17,28/05/2022,52,8
4783,24,437.50,30/12/2024,6,4
0100,24,1704.17,29/09/2025,18,0
9640,23,934.78,31/01/2025,15,9
3688,23,613.04,30/05/2025,77,3
2957,23,1200.00,29/01/2025,61,2
4476,22,1131.82,30/12/2024,0,4
2948,21,390.48,30/04/2024,94,2
5191,17,400.00,30/01/2023,43,5
