number,date,prev_day,prev_prize,last_prize_any,gap_from_last_prize_any,last_100_day,last_200_day,last_500_day,last_1000_day,last_2000_day,gap_100,gap_200,gap_500,gap_1000,gap_2000,has_100_within_7d,has_100_within_30d,has_100_within_90d,has_100_within_180d,has_200_within_7d,has_200_within_30d,has_200_within_90d,has_200_within_180d,has_500_within_7d,has_500_within_30d,has_500_within_90d,has_500_within_180d,has_1000_within_7d,has_1000_within_30d,has_1000_within_90d,has_1000_within_180d,has_2000_within_7d,has_2000_within_30d,has_2000_within_90d,has_2000_within_180d
0000,2021-10-05,2020-10-07,100.0,100.0,363.0,2020-10-07,,,,,363.0,,,,,False,False,False,False,False,False,False,False,False,False,False,False,False,False,False,False,False,False,False,False
0001,2021-01-23,2021-01-05,100.0,100.0,18.0,2021-01-05,,,,,18.0,,,,,False,True,True,True,False,False,False,False,False,False,False,False,False,False,False,False,False,False,False,False
0002,2021-11-03,2021-04-14,500.0,500.0,203.0,,,2021-04-14,2020-12-14,,,,203.0,324.0,,False,False,False,False,False,False,False,False,False,False,False,False,False,False,False,False,False,False,False,False
0005,2021-02-15,,,,,,,,,,,,,,,False,False,False,False,False,False,False,False,False,False,False,False,False,False,False,False,False,False,False,False
0007,2021-01-18,2020-10-19,100.0,100.0,91.0,2020-10-19,,,,,91.0,,,,,False,False,False,True,False,False,False,False,False,False,False,False,False,False,False,False,False,False,False,False
0008,2021-08-02,2021-03-17,500.0,500.0,138.0,2021-01-20,,2021-03-17,2021-02-05,,194.0,,138.0,178.0,,False,False,False,False,False,False,False,False,False,False,False,True,False,False,False,True,False,False,False,False
0011,2021-03-05,2020-09-14,100.0,100.0,172.0,2020-09-14,,,,,172.0,,,,,False,False,False,True,False,False,False,False,False,False,False,False,False,False,False,False,False,False,False,False
0012,2021-09-28,2021-09-18,100.0,100.0,10.0,2021-09-18,,2021-01-08,2021-02-05,,10.0,,263.0,235.0,,False,True,True,True,False,False,False,False,False,False,False,False,False,False,False,False,False,False,False,False
0014,2021-12-04,2021-11-19,500.0,500.0,15.0,2021-03-06,,2021-11-19,2021-04-16,,273.0,,15.0,232.0,,False,False,False,False,False,False,False,False,False,True,True,True,False,False,False,False,False,False,False,False
0015,2021-09-15,2021-08-06,1000.0,1000.0,40.0,,,2021-01-18,2021-08-06,,,,240.0,40.0,,False,False,False,False,False,False,False,False,False,False,False,False,False,False,True,True,False,False,False,False
0019,2021-04-21,2021-03-12,100.0,100.0,40.0,2021-03-12,,2021-01-02,,,40.0,,109.0,,,False,False,True,True,False,False,False,False,False,False,False,True,False,False,False,False,False,False,False,False
0023,2021-03-06,2021-02-03,500.0,500.0,31.0,,,2021-02-03,,,,,31.0,,,False,False,False,False,False,False,False,False,False,False,True,True,False,False,False,False,False,False,False,False
0023,2021-08-02,2021-03-16,500.0,500.0,139.0,,,2021-03-16,,,,,139.0,,,False,False,False,False,False,False,False,False,False,False,False,True,False,False,False,False,False,False,False,False
0028,2021-02-13,2020-11-13,1000.0,1000.0,92.0,2020-08-29,,,2020-11-13,,168.0,,,92.0,,False,False,False,True,False,False,False,False,False,False,False,False,False,False,False,True,False,False,False,False
0029,2021-02-09,2021-01-20,500.0,500.0,20.0,2020-09-26,2020-12-15,2021-01-20,,,136.0,56.0,20.0,,,False,False,False,True,False,False,True,True,False,True,True,True,False,False,False,False,False,False,False,False
0046,2021-04-17,2021-04-12,1000.0,1000.0,5.0,2021-03-16,,2021-03-25,2021-04-12,,32.0,,23.0,5.0,,False,False,True,True,False,False,False,False,False,True,True,True,True,True,True,True,False,False,False,False
0046,2021-04-29,2021-04-17,5000.0,1000.0,17.0,2021-03-16,,2021-03-25,2021-04-12,,44.0,,35.0,17.0,,False,False,True,True,False,False,False,False,False,False,True,True,False,True,True,True,False,False,False,False
0047,2021-03-12,2021-03-04,100.0,100.0,8.0,2021-03-04,,2020-10-09,,,8.0,,154.0,,,False,True,True,True,False,False,False,False,False,False,False,True,False,False,False,False,False,False,False,False
0047,2021-03-25,2021-03-17,500.0,500.0,8.0,2021-03-04,,2021-03-17,,,21.0,,8.0,,,False,True,True,True,False,False,False,False,False,True,True,True,False,False,False,False,False,False,False,False
0051,2021-03-31,2021-03-29,100.0,100.0,2.0,2021-03-29,,2020-11-23,2021-03-01,,2.0,,128.0,30.0,,True,True,True,True,False,False,False,False,False,False,False,True,False,True,True,True,False,False,False,False
0054,2021-01-15,2020-09-22,100.0,100.0,115.0,2020-09-22,,,,,115.0,,,,,False,False,False,True,False,False,False,False,False,False,False,False,False,False,False,False,False,False,False,False
0055,2021-04-26,2021-04-13,100.0,100.0,13.0,2021-04-13,,2021-01-25,,,13.0,,91.0,,,False,True,True,True,False,False,False,False,False,False,False,True,False,False,False,False,False,False,False,False
0056,2021-08-16,2021-08-06,100.0,100.0,10.0,2021-08-06,,2020-09-14,,,10.0,,336.0,,,False,True,True,True,False,False,False,False,False,False,False,False,False,False,False,False,False,False,False,False
0057,2021-03-27,2021-01-20,500.0,500.0,66.0,2020-12-02,,2021-01-20,,,115.0,,66.0,,,False,False,False,True,False,False,False,False,False,False,True,True,False,False,False,False,False,False,False,False
0058,2021-01-16,2020-12-02,100.0,100.0,45.0,2020-12-02,,,,,45.0,,,,,False,False,True,True,False,False,False,False,False,False,False,False,False,False,False,False,False,False,False,False
0062,2021-02-27,2021-01-23,500.0,500.0,35.0,,,2021-01-23,,,,,35.0,,,False,False,False,False,False,False,False,False,False,False,True,True,False,False,False,False,False,False,False,False
0066,2021-05-04,2021-04-22,500.0,500.0,12.0,2020-12-16,,2021-04-22,,,139.0,,12.0,,,False,False,False,True,False,False,False,False,False,True,True,True,False,False,False,False,False,False,False,False
0066,2021-12-09,2021-10-04,500.0,500.0,66.0,2020-12-16,,2021-10-04,,,358.0,,66.0,,,False,False,False,False,False,False,False,False,False,False,True,True,False,False,False,False,False,False,False,False
0068,2021-01-15,2021-01-12,2000.0,2000.0,3.0,,,,,2021-01-12,,,,,3.0,False,False,False,False,False,False,False,False,False,False,False,False,False,False,False,False,True,True,True,True
0069,2021-03-11,2021-02-16,200.0,200.0,23.0,,2021-02-16,2021-02-15,,,,23.0,24.0,,,False,False,False,False,False,True,True,True,False,True,True,True,False,False,False,False,False,False,False,False
0071,2021-03-11,2020-12-25,100.0,100.0,76.0,2020-12-25,,2020-12-07,,,76.0,,94.0,,,False,False,True,True,False,False,False,False,False,False,False,True,False,False,False,False,False,False,False,False
0075,2021-04-10,2021-01-15,100.0,100.0,85.0,2021-01-15,,2020-10-21,,,85.0,,171.0,,,False,False,True,True,False,False,False,False,False,False,False,True,False,False,False,False,False,False,False,False
0076,2021-10-01,2021-09-04,100.0,100.0,27.0,2021-09-04,,2020-11-30,,,27.0,,305.0,,,False,True,True,True,False,False,False,False,False,False,False,False,False,False,False,False,False,False,False,False
0077,2021-02-24,2021-02-13,100.0,100.0,11.0,2021-02-13,,2020-11-04,,,11.0,,112.0,,,False,True,True,True,False,False,False,False,False,False,False,True,False,False,False,False,False,False,False,False
0077,2021-12-27,2021-11-22,500.0,500.0,35.0,2021-11-20,,2021-11-22,2021-10-26,,37.0,,35.0,62.0,,False,False,True,True,False,False,False,False,False,False,True,True,False,False,True,True,False,False,False,False
0081,2021-10-15,2021-09-13,100.0,100.0,32.0,2021-09-13,2020-12-08,2021-04-17,,,32.0,311.0,181.0,,,False,False,True,True,False,False,False,False,False,False,False,False,False,False,False,False,False,False,False,False
0084,2021-04-16,2021-03-23,100.0,100.0,24.0,2021-03-23,,2021-02-08,,,24.0,,67.0,,,False,True,True,True,False,False,False,False,False,False,True,True,False,False,False,False,False,False,False,False
0085,2021-10-30,2021-09-02,100.0,100.0,58.0,2021-09-02,,,,,58.0,,,,,False,False,True,True,False,False,False,False,False,False,False,False,False,False,False,False,False,False,False,False
0087,2021-09-22,2021-04-26,500.0,500.0,149.0,,,2021-04-26,2021-01-15,,,,149.0,250.0,,False,False,False,False,False,False,False,False,False,False,False,True,False,False,False,False,False,False,False,False
0096,2021-11-02,2021-11-01,500.0,500.0,1.0,2021-08-27,,2021-11-01,,,67.0,,1.0,,,False,False,True,True,False,False,False,False,True,True,True,True,False,False,False,False,False,False,False,False
0096,2021-12-02,2021-11-02,5000.0,500.0,31.0,2021-08-27,,2021-11-01,,,97.0,,31.0,,,False,False,False,True,False,False,False,False,False,False,True,True,False,False,False,False,False,False,False,False
0097,2021-02-03,2020-09-14,500.0,500.0,142.0,,,2020-09-14,,,,,142.0,,,False,False,False,False,False,False,False,False,False,False,False,True,False,False,False,False,False,False,False,False
0098,2021-02-22,2021-02-10,100.0,100.0,12.0,2021-02-10,,,,,12.0,,,,,False,True,True,True,False,False,False,False,False,False,False,False,False,False,False,False,False,False,False,False
0100,2021-02-24,2020-08-13,1000.0,1000.0,195.0,,,,2020-08-13,,,,,195.0,,False,False,False,False,False,False,False,False,False,False,False,False,False,False,False,False,False,False,False,False
0100,2021-09-13,2021-02-24,5000.0,1000.0,396.0,,,,2020-08-13,,,,,396.0,,False,False,False,False,False,False,False,False,False,False,False,False,False,False,False,False,False,False,False,False
0100,2021-11-13,2021-10-09,500.0,500.0,35.0,,,2021-10-09,2020-08-13,,,,35.0,457.0,,False,False,False,False,False,False,False,False,False,False,True,True,False,False,False,False,False,False,False,False
0106,2021-12-09,2021-12-08,500.0,500.0,1.0,2021-11-19,2021-11-23,2021-12-08,2021-10-05,,20.0,16.0,1.0,65.0,,False,True,True,True,False,True,True,True,True,True,True,True,False,False,True,True,False,False,False,False
0108,2021-01-20,2020-10-26,500.0,500.0,86.0,2020-08-29,,2020-10-26,,,144.0,,86.0,,,False,False,False,True,False,False,False,False,False,False,True,True,False,False,False,False,False,False,False,False
0108,2021-12-06,2021-11-16,100.0,100.0,20.0,2021-11-16,,2021-10-30,,,20.0,,37.0,,,False,True,True,True,False,False,False,False,False,False,True,True,False,False,False,False,False,False,False,False
0112,2021-11-06,2021-10-29,500.0,500.0,8.0,2021-10-15,2021-02-23,2021-10-29,,,22.0,256.0,8.0,,,False,True,True,True,False,False,False,False,False,True,True,True,False,False,False,False,False,False,False,False
0113,2021-11-09,2021-10-28,1000.0,1000.0,12.0,2021-09-13,,2021-10-23,2021-10-28,,57.0,,17.0,12.0,,False,False,True,True,False,False,False,False,False,True,True,True,False,True,True,True,False,False,False,False
0114,2021-01-15,2020-10-14,5000.0,500.0,123.0,2020-08-03,,2020-09-14,,,165.0,,123.0,,,False,False,False,True,False,False,False,False,False,False,False,True,False,False,False,False,False,False,False,False
0115,2021-02-03,2020-10-10,500.0,500.0,116.0,2020-09-12,,2020-10-10,,,144.0,,116.0,,,False,False,False,True,False,False,False,False,False,False,False,True,False,False,False,False,False,False,False,False
0116,2021-02-10,2020-12-11,100.0,100.0,61.0,2020-12-11,,,,,61.0,,,,,False,False,True,True,False,False,False,False,False,False,False,False,False,False,False,False,False,False,False,False
0124,2021-07-23,2021-05-06,1000.0,1000.0,78.0,2021-01-13,,2020-08-13,2021-05-06,,191.0,,344.0,78.0,,False,False,False,False,False,False,False,False,False,False,False,False,False,False,True,True,False,False,False,False
0125,2021-04-21,2021-02-19,100.0,100.0,61.0,2021-02-19,,2020-10-05,,,61.0,,198.0,,,False,False,True,True,False,False,False,False,False,False,False,False,False,False,False,False,False,False,False,False
0126,2021-11-06,2021-11-02,100.0,100.0,4.0,2021-11-02,,,2021-08-18,,4.0,,,80.0,,True,True,True,True,False,False,False,False,False,False,False,False,False,False,True,True,False,False,False,False
0129,2021-08-04,2021-03-01,500.0,500.0,156.0,2021-02-27,,2021-03-01,2021-01-05,,158.0,,156.0,211.0,,False,False,False,True,False,False,False,False,False,False,False,True,False,False,False,False,False,False,False,False
0136,2021-02-05,2020-12-28,100.0,100.0,39.0,2020-12-28,,2020-11-11,,,39.0,,86.0,,,False,False,True,True,False,False,False,False,False,False,True,True,False,False,False,False,False,False,False,False
0139,2021-08-16,2021-02-01,500.0,500.0,196.0,2021-01-04,,2021-02-01,,,224.0,,196.0,,,False,False,False,False,False,False,False,False,False,False,False,False,False,False,False,False,False,False,False,False
0142,2021-09-25,2021-09-20,100.0,100.0,5.0,2021-09-20,,2021-09-10,,,5.0,,15.0,,,True,True,True,True,False,False,False,False,False,True,True,True,False,False,False,False,False,False,False,False
0145,2021-09-02,2021-02-16,200.0,200.0,198.0,2021-02-02,2021-02-16,2021-01-13,2021-01-20,,212.0,198.0,232.0,225.0,,False,False,False,False,False,False,False,False,False,False,False,False,False,False,False,False,False,False,False,False
0146,2021-02-26,2020-12-11,500.0,500.0,77.0,2020-10-19,,2020-12-11,,,130.0,,77.0,,,False,False,False,True,False,False,False,False,False,False,True,True,False,False,False,False,False,False,False,False
0150,2021-02-13,2021-02-09,100.0,100.0,4.0,2021-02-09,2020-12-22,,,,4.0,53.0,,,,True,True,True,True,False,False,True,True,False,False,False,False,False,False,False,False,False,False,False,False
0155,2021-01-04,2020-12-04,1000.0,1000.0,31.0,2020-11-30,,,2020-12-04,,35.0,,,31.0,,False,False,True,True,False,False,False,False,False,False,False,False,False,False,True,True,False,False,False,False
0160,2021-02-19,2021-02-10,500.0,500.0,9.0,2020-11-04,,2021-02-10,,,107.0,,9.0,,,False,False,False,True,False,False,False,False,False,True,True,True,False,False,False,False,False,False,False,False
0167,2021-12-11,2021-11-29,1000.0,1000.0,12.0,2021-09-24,,2021-09-18,2021-11-29,,78.0,,84.0,12.0,,False,False,True,True,False,False,False,False,False,False,True,True,False,True,True,True,False,False,False,False
0169,2021-03-11,2021-01-05,200.0,200.0,65.0,2020-08-29,2021-01-05,2020-11-30,,,194.0,65.0,101.0,,,False,False,False,False,False,False,True,True,False,False,False,True,False,False,False,False,False,False,False,False
0169,2021-12-20,2021-11-09,500.0,500.0,41.0,2021-03-19,2021-01-05,2021-11-09,,,276.0,349.0,41.0,,,False,False,False,False,False,False,False,False,False,False,True,True,False,False,False,False,False,False,False,False
0170,2021-01-01,2020-10-19,2000.0,2000.0,74.0,2020-09-04,,,,2020-10-19,119.0,,,,74.0,False,False,False,True,False,False,False,False,False,False,False,False,False,False,False,False,False,False,True,True
0174,2021-11-09,2021-09-06,500.0,500.0,64.0,,,2021-09-06,2021-08-20,,,,64.0,81.0,,False,False,False,False,False,False,False,False,False,False,True,True,False,False,True,True,False,False,False,False
0176,2021-10-01,2021-09-27,100.0,100.0,4.0,2021-09-27,,2021-08-04,,,4.0,,58.0,,,True,True,True,True,False,False,False,False,False,False,True,True,False,False,False,False,False,False,False,False
0181,2021-11-24,2021-11-08,100.0,100.0,16.0,2021-11-08,,2021-04-23,2020-10-30,,16.0,,215.0,390.0,,False,True,True,True,False,False,False,False,False,False,False,False,False,False,False,False,False,False,False,False
0188,2021-02-02,2021-01-23,1000.0,1000.0,10.0,2020-12-16,,2020-12-25,2021-01-23,,48.0,,39.0,10.0,,False,False,True,True,False,False,False,False,False,False,True,True,False,True,True,True,False,False,False,False
0188,2021-11-05,2021-08-09,500.0,500.0,88.0,2021-02-24,,2021-08-09,2021-01-23,,254.0,,88.0,286.0,,False,False,False,False,False,False,False,False,False,False,True,True,False,False,False,False,False,False,False,False
0190,2021-09-24,2021-02-05,500.0,500.0,231.0,2020-12-16,,2021-02-05,2020-09-16,,282.0,,231.0,373.0,,False,False,False,False,False,False,False,False,False,False,False,False,False,False,False,False,False,False,False,False
0192,2021-12-03,2021-11-24,500.0,500.0,9.0,2021-10-18,,2021-11-24,2021-02-11,2021-03-17,46.0,,9.0,295.0,261.0,False,False,True,True,False,False,False,False,False,True,True,True,False,False,False,False,False,False,False,False
0194,2021-01-11,2020-12-21,5000.0,100.0,177.0,2020-07-18,,,,,177.0,,,,,False,False,False,True,False,False,False,False,False,False,False,False,False,False,False,False,False,False,False,False
0195,2021-07-30,2021-05-11,200.0,200.0,80.0,2021-03-15,2021-05-11,2021-03-27,2021-02-16,,137.0,80.0,125.0,164.0,,False,False,False,True,False,False,True,True,False,False,False,True,False,False,False,True,False,False,False,False
0195,2021-09-24,2021-08-20,500.0,500.0,35.0,2021-08-09,2021-05-11,2021-08-20,2021-02-16,,46.0,136.0,35.0,220.0,,False,False,True,True,False,False,False,True,False,False,True,True,False,False,False,False,False,False,False,False
0201,2021-01-16,2020-12-01,500.0,500.0,46.0,2020-08-13,,2020-12-01,,,156.0,,46.0,,,False,False,False,True,False,False,False,False,False,False,True,True,False,False,False,False,False,False,False,False
0202,2021-03-16,2021-01-27,500.0,500.0,48.0,2020-10-05,,2021-01-27,2020-08-27,,162.0,,48.0,201.0,,False,False,False,True,False,False,False,False,False,False,True,True,False,False,False,False,False,False,False,False
0203,2021-10-01,2021-08-09,100.0,100.0,53.0,2021-08-09,2021-01-12,,,,53.0,262.0,,,,False,False,True,True,False,False,False,False,False,False,False,False,False,False,False,False,False,False,False,False
0204,2021-01-08,2021-01-01,100.0,100.0,7.0,2021-01-01,,2020-10-16,,,7.0,,84.0,,,True,True,True,True,False,False,False,False,False,False,True,True,False,False,False,False,False,False,False,False
0206,2021-02-02,2021-01-16,500.0,500.0,17.0,2020-11-23,,2021-01-16,,,71.0,,17.0,,,False,False,True,True,False,False,False,False,False,True,True,True,False,False,False,False,False,False,False,False
0207,2021-01-02,2020-09-14,500.0,500.0,110.0,2020-08-07,,2020-09-14,,,148.0,,110.0,,,False,False,False,True,False,False,False,False,False,False,False,True,False,False,False,False,False,False,False,False
0207,2021-03-05,2021-01-02,5000.0,500.0,172.0,2020-08-07,,2020-09-14,,,210.0,,172.0,,,False,False,False,False,False,False,False,False,False,False,False,True,False,False,False,False,False,False,False,False
0210,2021-04-01,2020-11-30,100.0,100.0,122.0,2020-11-30,,2020-11-16,,,122.0,,136.0,,,False,False,False,True,False,False,False,False,False,False,False,True,False,False,False,False,False,False,False,False
0214,2021-04-28,2021-03-13,500.0,500.0,46.0,2020-12-07,,2021-03-13,,,142.0,,46.0,,,False,False,False,True,False,False,False,False,False,False,True,True,False,False,False,False,False,False,False,False
0215,2021-04-14,2021-04-05,500.0,500.0,9.0,2021-02-17,,2021-04-05,,,56.0,,9.0,,,False,False,True,True,False,False,False,False,False,True,True,True,False,False,False,False,False,False,False,False
0216,2021-11-02,2021-09-27,1000.0,1000.0,36.0,2021-08-11,2021-09-21,2020-10-10,2021-09-27,,83.0,42.0,388.0,36.0,,False,False,True,True,False,False,True,True,False,False,False,False,False,False,True,True,False,False,False,False
0223,2021-12-30,2021-12-16,100.0,100.0,14.0,2021-12-16,,2021-12-15,,,14.0,,15.0,,,False,True,True,True,False,False,False,False,False,True,True,True,False,False,False,False,False,False,False,False
0227,2021-10-29,2021-10-22,500.0,500.0,7.0,,,2021-10-22,,,,,7.0,,,False,False,False,False,False,False,False,False,True,True,True,True,False,False,False,False,False,False,False,False
0229,2021-02-27,2021-02-17,2000.0,2000.0,10.0,2021-02-05,,,,2021-02-17,22.0,,,,10.0,False,True,True,True,False,False,False,False,False,False,False,False,False,False,False,False,False,True,True,True
0236,2021-03-04,2021-01-15,100.0,100.0,48.0,2021-01-15,,2020-08-25,,2020-12-21,48.0,,191.0,,73.0,False,False,True,True,False,False,False,False,False,False,False,False,False,False,False,False,False,False,True,True
0236,2021-03-22,2021-03-04,5000.0,100.0,66.0,2021-01-15,,2020-08-25,,2020-12-21,66.0,,209.0,,91.0,False,False,True,True,False,False,False,False,False,False,False,False,False,False,False,False,False,False,False,True
0237,2021-08-30,2021-04-19,500.0,500.0,133.0,2020-12-09,,2021-04-19,,2020-12-29,264.0,,133.0,,244.0,False,False,False,False,False,False,False,False,False,False,False,True,False,False,False,False,False,False,False,False
0239,2021-04-26,2021-04-03,100.0,100.0,23.0,2021-04-03,,,2021-01-08,,23.0,,,108.0,,False,True,True,True,False,False,False,False,False,False,False,False,False,False,False,True,False,False,False,False
0241,2021-04-07,2021-02-11,100.0,100.0,55.0,2021-02-11,2020-12-15,,,,55.0,113.0,,,,False,False,True,True,False,False,False,True,False,False,False,False,False,False,False,False,False,False,False,False
0242,2021-10-30,2021-10-26,100.0,100.0,4.0,2021-10-26,,2021-01-30,2021-02-18,,4.0,,273.0,254.0,,True,True,True,True,False,False,False,False,False,False,False,False,False,False,False,False,False,False,False,False
0244,2021-02-22,2021-01-27,500.0,500.0,26.0,2020-09-16,,2021-01-27,,,159.0,,26.0,,,False,False,False,True,False,False,False,False,False,True,True,True,False,False,False,False,False,False,False,False
0245,2021-01-18,2020-12-21,500.0,500.0,28.0,,,2020-12-21,,,,,28.0,,,False,False,False,False,False,False,False,False,False,True,True,True,False,False,False,False,False,False,False,False
0245,2021-08-04,2021-05-10,500.0,500.0,86.0,,,2021-05-10,,,,,86.0,,,False,False,False,False,False,False,False,False,False,False,True,True,False,False,False,False,False,False,False,False
0247,2021-03-16,2021-03-11,1000.0,1000.0,5.0,2020-12-07,,,2021-03-11,,99.0,,,5.0,,False,False,False,True,False,False,False,False,False,False,False,False,True,True,True,True,False,False,False,False
0252,2021-01-04,2020-11-23,5000.0,100.0,102.0,2020-09-24,,,,,102.0,,,,,False,False,False,True,False,False,False,False,False,False,False,False,False,False,False,False,False,False,False,False
0259,2021-02-05,2021-02-02,100.0,100.0,3.0,2021-02-02,2020-12-15,,,,3.0,52.0,,,,True,True,True,True,False,False,True,True,False,False,False,False,False,False,False,False,False,False,False,False
0262,2021-02-10,2021-01-06,100.0,100.0,35.0,2021-01-06,,2020-11-06,,,35.0,,96.0,,,False,False,True,True,False,False,False,False,False,False,False,True,False,False,False,False,False,False,False,False
0262,2021-09-01,2021-05-06,1000.0,1000.0,118.0,2021-01-06,,2020-11-06,2021-05-06,,238.0,,299.0,118.0,,False,False,False,False,False,False,False,False,False,False,False,False,False,False,False,True,False,False,False,False
0264,2021-04-02,2021-02-20,100.0,100.0,41.0,2021-02-20,,,,2021-01-04,41.0,,,,88.0,False,False,True,True,False,False,False,False,False,False,False,False,False,False,False,False,False,False,True,True
0265,2021-05-10,2021-04-16,100.0,100.0,24.0,2021-04-16,,2021-01-16,,,24.0,,114.0,,,False,True,True,True,False,False,False,False,False,False,False,True,False,False,False,False,False,False,False,False
0268,2021-03-08,2021-01-11,100.0,100.0,56.0,2021-01-11,,,,,56.0,,,,,False,False,True,True,False,False,False,False,False,False,False,False,False,False,False,False,False,False,False,False
0271,2021-12-17,2021-12-07,100.0,100.0,10.0,2021-12-07,,2021-08-02,,,10.0,,137.0,,,False,True,True,True,False,False,False,False,False,False,False,True,False,False,False,False,False,False,False,False
0272,2021-08-27,2021-04-26,500.0,500.0,123.0,2021-01-29,2021-02-02,2021-04-26,,2020-10-10,210.0,206.0,123.0,,321.0,False,False,False,False,False,False,False,False,False,False,False,True,False,False,False,False,False,False,False,False
0273,2021-08-25,2021-05-11,100.0,100.0,106.0,2021-05-11,,2021-04-17,,,106.0,,130.0,,,False,False,False,True,False,False,False,False,False,False,False,True,False,False,False,False,False,False,False,False
0276,2021-02-02,2020-08-07,100.0,100.0,179.0,2020-08-07,,,,,179.0,,,,,False,False,False,True,False,False,False,False,False,False,False,False,False,False,False,False,False,False,False,False
0279,2021-11-03,2021-09-29,100.0,100.0,35.0,2021-09-29,,2021-03-22,,,35.0,,226.0,,,False,False,True,True,False,False,False,False,False,False,False,False,False,False,False,False,False,False,False,False
0286,2021-11-02,2021-10-04,100.0,100.0,29.0,2021-10-04,,2021-01-25,2021-01-11,2020-09-08,29.0,,281.0,295.0,420.0,False,True,True,True,False,False,False,False,False,False,False,False,False,False,False,False,False,False,False,False
0288,2021-09-20,2021-03-15,500.0,500.0,189.0,2020-10-30,,2021-03-15,,2020-09-16,325.0,,189.0,,369.0,False,False,False,False,False,False,False,False,False,False,False,False,False,False,False,False,False,False,False,False
0290,2021-03-09,2020-10-19,500.0,500.0,141.0,,,2020-10-19,,,,,141.0,,,False,False,False,False,False,False,False,False,False,False,False,True,False,False,False,False,False,False,False,False
0292,2021-04-07,2021-03-26,100.0,100.0,12.0,2021-03-26,,2020-11-16,,,12.0,,142.0,,,False,True,True,True,False,False,False,False,False,False,False,True,False,False,False,False,False,False,False,False
0292,2021-12-09,2021-10-01,1000.0,1000.0,69.0,2021-03-26,,2020-11-16,2021-10-01,,258.0,,388.0,69.0,,False,False,False,False,False,False,False,False,False,False,False,False,False,False,True,True,False,False,False,False
0293,2021-02-01,,,,,,,,,,,,,,,False,False,False,False,False,False,False,False,False,False,False,False,False,False,False,False,False,False,False,False
0296,2021-04-14,2020-12-28,500.0,500.0,107.0,2020-11-16,,2020-12-28,,,149.0,,107.0,,,False,False,False,True,False,False,False,False,False,False,False,True,False,False,False,False,False,False,False,False
0298,2021-03-18,2021-03-10,100.0,100.0,8.0,2021-03-10,,2020-09-10,,,8.0,,189.0,,,False,True,True,True,False,False,False,False,False,False,False,False,False,False,False,False,False,False,False,False
0299,2021-12-18,2021-10-23,100.0,100.0,56.0,2021-10-23,,2021-10-22,,,56.0,,57.0,,,False,False,True,True,False,False,False,False,False,False,True,True,False,False,False,False,False,False,False,False
0303,2021-05-12,2021-04-26,2000.0,2000.0,16.0,2021-04-13,,2021-03-02,2020-10-26,2021-04-26,29.0,,71.0,198.0,16.0,False,True,True,True,False,False,False,False,False,False,True,True,False,False,False,False,False,True,True,True
0305,2021-09-03,2021-04-01,100.0,100.0,155.0,2021-04-01,,,,2020-12-15,155.0,,,,262.0,False,False,False,True,False,False,False,False,False,False,False,False,False,False,False,False,False,False,False,False
0305,2021-09-24,2021-09-03,5000.0,100.0,176.0,2021-04-01,,,,2020-12-15,176.0,,,,283.0,False,False,False,True,False,False,False,False,False,False,False,False,False,False,False,False,False,False,False,False
0307,2021-11-20,2021-10-22,100.0,100.0,29.0,2021-10-22,,,2020-10-12,,29.0,,,404.0,,False,True,True,True,False,False,False,False,False,False,False,False,False,False,False,False,False,False,False,False
0308,2021-11-25,2021-11-11,100.0,100.0,14.0,2021-11-11,,2020-11-23,2021-10-27,,14.0,,367.0,29.0,,False,True,True,True,False,False,False,False,False,False,False,False,False,True,True,True,False,False,False,False
0310,2021-11-02,2021-09-24,500.0,500.0,39.0,2020-10-30,2020-12-22,2021-09-24,2021-02-25,,368.0,315.0,39.0,250.0,,False,False,False,False,False,False,False,False,False,False,True,True,False,False,False,False,False,False,False,False
0312,2021-11-06,2021-03-31,500.0,500.0,220.0,2020-09-16,,2021-03-31,,,416.0,,220.0,,,False,False,False,False,False,False,False,False,False,False,False,False,False,False,False,False,False,False,False,False
0317,2021-10-01,2021-09-17,100.0,100.0,14.0,2021-09-17,2020-09-22,2021-02-16,2020-07-11,,14.0,374.0,227.0,447.0,,False,True,True,True,False,False,False,False,False,False,False,False,False,False,False,False,False,False,False,False
0318,2021-02-17,2020-09-14,100.0,100.0,156.0,2020-09-14,,,,,156.0,,,,,False,False,False,True,False,False,False,False,False,False,False,False,False,False,False,False,False,False,False,False
0318,2021-03-24,2021-03-15,100.0,100.0,9.0,2021-03-15,,,,,9.0,,,,,False,True,True,True,False,False,False,False,False,False,False,False,False,False,False,False,False,False,False,False
0318,2021-12-15,2021-03-24,5000.0,100.0,275.0,2021-03-15,,,,,275.0,,,,,False,False,False,False,False,False,False,False,False,False,False,False,False,False,False,False,False,False,False,False
0325,2021-01-23,2020-10-30,100.0,100.0,85.0,2020-10-30,,,,,85.0,,,,,False,False,True,True,False,False,False,False,False,False,False,False,False,False,False,False,False,False,False,False
0325,2021-04-16,2021-01-27,1000.0,1000.0,79.0,2020-10-30,,,2021-01-27,,168.0,,,79.0,,False,False,False,True,False,False,False,False,False,False,False,False,False,False,True,True,False,False,False,False
0325,2021-12-04,2021-11-26,100.0,100.0,8.0,2021-11-26,,2021-08-16,2021-10-01,,8.0,,110.0,64.0,,False,True,True,True,False,False,False,False,False,False,False,True,False,False,True,True,False,False,False,False
0328,2021-12-30,2021-12-27,100.0,100.0,3.0,2021-12-27,,,,,3.0,,,,,True,True,True,True,False,False,False,False,False,False,False,False,False,False,False,False,False,False,False,False
0331,2021-12-16,2021-09-27,100.0,100.0,80.0,2021-09-27,,2020-12-19,2020-08-17,,80.0,,362.0,486.0,,False,False,True,True,False,False,False,False,False,False,False,False,False,False,False,False,False,False,False,False
0334,2021-03-02,2020-12-22,100.0,100.0,70.0,2020-12-22,,2020-10-19,,,70.0,,134.0,,,False,False,True,True,False,False,False,False,False,False,False,True,False,False,False,False,False,False,False,False
0335,2021-11-27,2021-11-25,1000.0,1000.0,2.0,2021-05-10,,,2021-11-25,,201.0,,,2.0,,False,False,False,False,False,False,False,False,False,False,False,False,True,True,True,True,False,False,False,False
0337,2021-11-04,2021-09-23,100.0,100.0,42.0,2021-09-23,,2020-12-05,,,42.0,,334.0,,,False,False,True,True,False,False,False,False,False,False,False,False,False,False,False,False,False,False,False,False
0343,2021-10-23,2021-10-21,100.0,100.0,2.0,2021-10-21,,2021-10-12,,2021-08-11,2.0,,11.0,,73.0,True,True,True,True,False,False,False,False,False,True,True,True,False,False,False,False,False,False,True,True
0345,2021-01-23,2021-01-06,100.0,100.0,17.0,2021-01-06,,2020-11-27,,,17.0,,57.0,,,False,True,True,True,False,False,False,False,False,False,True,True,False,False,False,False,False,False,False,False
0345,2021-04-27,2021-02-20,100.0,100.0,66.0,2021-02-20,,2020-11-27,,,66.0,,151.0,,,False,False,True,True,False,False,False,False,False,False,False,True,False,False,False,False,False,False,False,False
0349,2021-01-19,2020-12-14,100.0,100.0,36.0,2020-12-14,,,2020-08-01,,36.0,,,171.0,,False,False,True,True,False,False,False,False,False,False,False,False,False,False,False,True,False,False,False,False
0349,2021-07-23,2021-04-01,500.0,500.0,113.0,2020-12-14,,2021-04-01,2021-03-10,,221.0,,113.0,135.0,,False,False,False,False,False,False,False,False,False,False,False,True,False,False,False,True,False,False,False,False
0350,2021-10-13,2021-03-26,100.0,100.0,201.0,2021-03-26,,2021-01-22,,,201.0,,264.0,,,False,False,False,False,False,False,False,False,False,False,False,False,False,False,False,False,False,False,False,False
0361,2021-02-18,2020-10-16,100.0,100.0,125.0,2020-10-16,,,,,125.0,,,,,False,False,False,True,False,False,False,False,False,False,False,False,False,False,False,False,False,False,False,False
0362,2021-10-30,2021-10-22,500.0,500.0,8.0,2021-10-07,2020-12-22,2021-10-22,,,23.0,312.0,8.0,,,False,True,True,True,False,False,False,False,False,True,True,True,False,False,False,False,False,False,False,False
0363,2021-03-22,2021-01-04,1000.0,1000.0,77.0,2020-10-19,,,2021-01-04,,154.0,,,77.0,,False,False,False,True,False,False,False,False,False,False,False,False,False,False,True,True,False,False,False,False
0368,2021-03-29,2021-03-26,1000.0,1000.0,3.0,2021-01-12,,2020-11-04,2021-03-26,,76.0,,145.0,3.0,,False,False,True,True,False,False,False,False,False,False,False,True,True,True,True,True,False,False,False,False
0371,2021-02-19,2021-02-16,100.0,100.0,3.0,2021-02-16,,2020-10-28,,,3.0,,114.0,,,True,True,True,True,False,False,False,False,False,False,False,True,False,False,False,False,False,False,False,False
0372,2021-03-23,2021-03-22,500.0,500.0,1.0,,,2021-03-22,,,,,1.0,,,False,False,False,False,False,False,False,False,True,True,True,True,False,False,False,False,False,False,False,False
0372,2021-12-31,2021-12-02,100.0,100.0,29.0,2021-12-02,,2021-03-22,,,29.0,,284.0,,,False,True,True,True,False,False,False,False,False,False,False,False,False,False,False,False,False,False,False,False
0373,2021-10-07,2021-09-29,100.0,100.0,8.0,2021-09-29,,2021-04-29,,,8.0,,161.0,,,False,True,True,True,False,False,False,False,False,False,False,True,False,False,False,False,False,False,False,False
0374,2021-04-02,2020-08-19,100.0,100.0,226.0,2020-08-19,,,,,226.0,,,,,False,False,False,False,False,False,False,False,False,False,False,False,False,False,False,False,False,False,False,False
0378,2021-03-12,2020-12-23,500.0,500.0,79.0,,,2020-12-23,,,,,79.0,,,False,False,False,False,False,False,False,False,False,False,True,True,False,False,False,False,False,False,False,False
0378,2021-08-06,2021-03-12,5000.0,500.0,226.0,,,2020-12-23,,,,,226.0,,,False,False,False,False,False,False,False,False,False,False,False,False,False,False,False,False,False,False,False,False
0385,2021-12-20,2021-12-04,100.0,100.0,16.0,2021-12-04,,,2021-09-30,,16.0,,,81.0,,False,True,True,True,False,False,False,False,False,False,False,False,False,False,True,True,False,False,False,False
0387,2021-05-07,2021-04-22,500.0,500.0,15.0,2021-04-02,,2021-04-22,,,35.0,,15.0,,,False,False,True,True,False,False,False,False,False,True,True,True,False,False,False,False,False,False,False,False
0389,2021-12-14,2021-12-03,100.0,100.0,11.0,2021-12-03,,2020-11-20,2021-11-08,,11.0,,389.0,36.0,,False,True,True,True,False,False,False,False,False,False,False,False,False,False,True,True,False,False,False,False
0393,2021-05-11,2021-04-23,100.0,100.0,18.0,2021-04-23,,,2021-02-02,,18.0,,,98.0,,False,True,True,True,False,False,False,False,False,False,False,False,False,False,False,True,False,False,False,False
0395,2021-01-15,2020-12-16,500.0,500.0,30.0,,,2020-12-16,,,,,30.0,,,False,False,False,False,False,False,False,False,False,True,True,True,False,False,False,False,False,False,False,False
0397,2021-03-25,2021-01-15,500.0,500.0,69.0,2021-01-02,,2021-01-15,,,82.0,,69.0,,,False,False,True,True,False,False,False,False,False,False,True,True,False,False,False,False,False,False,False,False
0398,2021-01-30,,,,,,,,,,,,,,,False,False,False,False,False,False,False,False,False,False,False,False,False,False,False,False,False,False,False,False
0399,2021-03-03,2021-01-29,100.0,100.0,33.0,2021-01-29,,,,,33.0,,,,,False,False,True,True,False,False,False,False,False,False,False,False,False,False,False,False,False,False,False,False
0404,2021-05-10,2021-01-13,100.0,100.0,117.0,2021-01-13,,,,2020-11-23,117.0,,,,168.0,False,False,False,True,False,False,False,False,False,False,False,False,False,False,False,False,False,False,False,True
0406,2021-12-17,2021-12-10,100.0,100.0,7.0,2021-12-10,,2021-09-15,2021-10-14,,7.0,,93.0,64.0,,True,True,True,True,False,False,False,False,False,False,False,True,False,False,True,True,False,False,False,False
0407,2021-02-15,2021-02-01,1000.0,1000.0,14.0,2020-12-18,,,2021-02-01,,59.0,,,14.0,,False,False,True,True,False,False,False,False,False,False,False,False,False,True,True,True,False,False,False,False
0409,2021-03-02,2021-02-22,100.0,100.0,8.0,2021-02-22,,2020-12-30,,,8.0,,62.0,,,False,True,True,True,False,False,False,False,False,False,True,True,False,False,False,False,False,False,False,False
0409,2021-12-24,2021-09-04,100.0,100.0,111.0,2021-09-04,,2021-03-25,,,111.0,,274.0,,,False,False,False,True,False,False,False,False,False,False,False,False,False,False,False,False,False,False,False,False
0410,2021-01-16,2021-01-04,100.0,100.0,12.0,2021-01-04,,,2020-11-13,,12.0,,,64.0,,False,True,True,True,False,False,False,False,False,False,False,False,False,False,True,True,False,False,False,False
0413,2021-10-13,2021-09-08,500.0,500.0,35.0,2021-03-02,,2021-09-08,,,225.0,,35.0,,,False,False,False,False,False,False,False,False,False,False,True,True,False,False,False,False,False,False,False,False
0415,2021-02-18,2021-02-16,100.0,100.0,2.0,2021-02-16,,,2021-01-08,,2.0,,,41.0,,True,True,True,True,False,False,False,False,False,False,False,False,False,False,True,True,False,False,False,False
0416,2021-01-27,2020-12-16,100.0,100.0,42.0,2020-12-16,,,,,42.0,,,,,False,False,True,True,False,False,False,False,False,False,False,False,False,False,False,False,False,False,False,False
0420,2021-03-30,2021-01-05,500.0,500.0,84.0,2020-11-02,,2021-01-05,2020-10-05,,148.0,,84.0,176.0,,False,False,False,True,False,False,False,False,False,False,True,True,False,False,False,True,False,False,False,False
0421,2021-09-06,2021-08-11,100.0,100.0,26.0,2021-08-11,,2021-07-23,,,26.0,,45.0,,,False,True,True,True,False,False,False,False,False,False,True,True,False,False,False,False,False,False,False,False
0425,2021-11-26,2021-10-27,500.0,500.0,30.0,2021-10-05,2020-12-01,2021-10-27,,,52.0,360.0,30.0,,,False,False,True,True,False,False,False,False,False,True,True,True,False,False,False,False,False,False,False,False
0428,2021-09-17,2021-07-27,100.0,100.0,52.0,2021-07-27,,2021-04-12,2020-10-16,,52.0,,158.0,336.0,,False,False,True,True,False,False,False,False,False,False,False,True,False,False,False,False,False,False,False,False
0434,2021-10-20,2021-10-12,1000.0,1000.0,8.0,2021-10-06,,2021-08-30,2021-10-12,,14.0,,51.0,8.0,,False,True,True,True,False,False,False,False,False,False,True,True,False,True,True,True,False,False,False,False
0435,2021-12-01,2021-11-04,500.0,500.0,27.0,2021-10-21,,2021-11-04,,,41.0,,27.0,,,False,False,True,True,False,False,False,False,False,True,True,True,False,False,False,False,False,False,False,False
0438,2021-10-16,2021-04-01,100.0,100.0,198.0,2021-04-01,,2021-03-29,,,198.0,,201.0,,,False,False,False,False,False,False,False,False,False,False,False,False,False,False,False,False,False,False,False,False
0440,2021-12-06,2021-12-01,100.0,100.0,5.0,2021-12-01,,2021-10-14,,,5.0,,53.0,,,True,True,True,True,False,False,False,False,False,False,True,True,False,False,False,False,False,False,False,False
0442,2021-01-01,,,,,,,,,,,,,,,False,False,False,False,False,False,False,False,False,False,False,False,False,False,False,False,False,False,False,False
0446,2021-11-04,2021-10-01,500.0,500.0,34.0,2021-01-30,2020-09-22,2021-10-01,2021-09-22,,278.0,408.0,34.0,43.0,,False,False,False,False,False,False,False,False,False,False,True,True,False,False,True,True,False,False,False,False
0453,2021-10-25,2021-10-01,500.0,500.0,24.0,2021-09-04,,2021-10-01,,,51.0,,24.0,,,False,False,True,True,False,False,False,False,False,True,True,True,False,False,False,False,False,False,False,False
0454,2021-01-06,2020-10-12,100.0,100.0,86.0,2020-10-12,,,,,86.0,,,,,False,False,True,True,False,False,False,False,False,False,False,False,False,False,False,False,False,False,False,False
0456,2021-12-07,2021-09-22,1000.0,1000.0,76.0,,,2021-03-10,2021-09-22,,,,272.0,76.0,,False,False,False,False,False,False,False,False,False,False,False,False,False,False,True,True,False,False,False,False
0458,2021-01-25,2020-10-07,100.0,100.0,110.0,2020-10-07,,,,,110.0,,,,,False,False,False,True,False,False,False,False,False,False,False,False,False,False,False,False,False,False,False,False
0460,2021-12-14,2021-10-19,500.0,500.0,56.0,2021-08-25,,2021-10-19,,,111.0,,56.0,,,False,False,False,True,False,False,False,False,False,False,True,True,False,False,False,False,False,False,False,False
0461,2021-01-22,2020-11-27,1000.0,1000.0,56.0,2020-11-13,,,2020-11-27,,70.0,,,56.0,,False,False,True,True,False,False,False,False,False,False,False,False,False,False,True,True,False,False,False,False
0461,2021-03-26,2021-02-05,100.0,100.0,49.0,2021-02-05,,,2020-11-27,,49.0,,,119.0,,False,False,True,True,False,False,False,False,False,False,False,False,False,False,False,True,False,False,False,False
0462,2021-09-04,2020-10-09,500.0,500.0,330.0,,,2020-10-09,,,,,330.0,,,False,False,False,False,False,False,False,False,False,False,False,False,False,False,False,False,False,False,False,False
0463,2021-08-11,2021-02-16,100.0,100.0,176.0,2021-02-16,,,2021-01-02,,176.0,,,221.0,,False,False,False,True,False,False,False,False,False,False,False,False,False,False,False,False,False,False,False,False
0464,2021-02-04,,,,,,,,,,,,,,,False,False,False,False,False,False,False,False,False,False,False,False,False,False,False,False,False,False,False,False
0465,2021-04-05,2021-02-20,100.0,100.0,44.0,2021-02-20,,2021-02-16,,,44.0,,48.0,,,False,False,True,True,False,False,False,False,False,False,True,True,False,False,False,False,False,False,False,False
0465,2021-08-18,2021-04-14,500.0,500.0,126.0,2021-02-20,,2021-04-14,,,179.0,,126.0,,,False,False,False,True,False,False,False,False,False,False,False,True,False,False,False,False,False,False,False,False
0469,2021-11-25,2021-10-20,100.0,100.0,36.0,2021-10-20,,2021-02-19,,,36.0,,279.0,,,False,False,True,True,False,False,False,False,False,False,False,False,False,False,False,False,False,False,False,False
0471,2021-09-17,2021-09-13,100.0,100.0,4.0,2021-09-13,,,,,4.0,,,,,True,True,True,True,False,False,False,False,False,False,False,False,False,False,False,False,False,False,False,False
0473,2021-03-25,2021-01-29,1000.0,1000.0,55.0,,,,2021-01-29,,,,,55.0,,False,False,False,False,False,False,False,False,False,False,False,False,False,False,True,True,False,False,False,False
0482,2021-04-30,2020-11-20,500.0,500.0,161.0,2020-10-05,,2020-11-20,,,207.0,,161.0,,,False,False,False,False,False,False,False,False,False,False,False,True,False,False,False,False,False,False,False,False
0487,2021-02-08,2020-12-21,1000.0,1000.0,49.0,,,,2020-12-21,,,,,49.0,,False,False,False,False,False,False,False,False,False,False,False,False,False,False,True,True,False,False,False,False
0489,2021-02-19,2020-12-30,100.0,100.0,51.0,2020-12-30,,2020-08-19,,,51.0,,184.0,,,False,False,True,True,False,False,False,False,False,False,False,False,False,False,False,False,False,False,False,False
0491,2021-08-11,2021-04-30,1000.0,1000.0,103.0,2021-03-13,,,2021-04-30,,151.0,,,103.0,,False,False,False,True,False,False,False,False,False,False,False,False,False,False,False,True,False,False,False,False
0494,2021-10-18,2021-09-24,1000.0,1000.0,24.0,2021-04-02,,2021-04-12,2021-09-24,,199.0,,189.0,24.0,,False,False,False,False,False,False,False,False,False,False,False,False,False,True,True,True,False,False,False,False
0496,2021-04-12,2020-12-25,500.0,500.0,108.0,,,2020-12-25,,,,,108.0,,,False,False,False,False,False,False,False,False,False,False,False,True,False,False,False,False,False,False,False,False
0496,2021-11-29,2021-10-27,500.0,500.0,33.0,,,2021-10-27,,,,,33.0,,,False,False,False,False,False,False,False,False,False,False,True,True,False,False,False,False,False,False,False,False
0504,2021-09-02,2020-12-18,100.0,100.0,258.0,2020-12-18,,,,,258.0,,,,,False,False,False,False,False,False,False,False,False,False,False,False,False,False,False,False,False,False,False,False
0510,2021-03-27,2021-03-19,100.0,100.0,8.0,2021-03-19,,2021-01-27,,,8.0,,59.0,,,False,True,True,True,False,False,False,False,False,False,True,True,False,False,False,False,False,False,False,False
0516,2021-03-04,,,,,,,,,,,,,,,False,False,False,False,False,False,False,False,False,False,False,False,False,False,False,False,False,False,False,False
0519,2021-09-18,2021-04-14,500.0,500.0,157.0,2021-03-10,,2021-04-14,,,192.0,,157.0,,,False,False,False,False,False,False,False,False,False,False,False,True,False,False,False,False,False,False,False,False
0520,2021-05-11,2021-05-04,100.0,100.0,7.0,2021-05-04,,2021-02-11,,,7.0,,89.0,,,True,True,True,True,False,False,False,False,False,False,True,True,False,False,False,False,False,False,False,False
0520,2021-12-29,2021-12-09,1000.0,1000.0,20.0,2021-09-25,,2021-02-11,2021-12-09,,95.0,,321.0,20.0,,False,False,False,True,False,False,False,False,False,False,False,False,False,True,True,True,False,False,False,False
0522,2021-10-07,2021-09-09,100.0,100.0,28.0,2021-09-09,,2021-03-20,,,28.0,,201.0,,,False,True,True,True,False,False,False,False,False,False,False,False,False,False,False,False,False,False,False,False
0524,2021-09-14,2021-09-10,100.0,100.0,4.0,2021-09-10,,2021-02-15,,,4.0,,211.0,,,True,True,True,True,False,False,False,False,False,False,False,False,False,False,False,False,False,False,False,False
0525,2021-03-09,2021-01-29,1000.0,1000.0,39.0,2020-12-11,,,2021-01-29,,88.0,,,39.0,,False,False,True,True,False,False,False,False,False,False,False,False,False,False,True,True,False,False,False,False
0526,2021-10-29,2021-04-14,100.0,100.0,198.0,2021-04-14,,2020-12-23,,,198.0,,310.0,,,False,False,False,False,False,False,False,False,False,False,False,False,False,False,False,False,False,False,False,False
0528,2021-08-09,2021-03-30,500.0,500.0,132.0,2021-03-26,,2021-03-30,,,136.0,,132.0,,,False,False,False,True,False,False,False,False,False,False,False,True,False,False,False,False,False,False,False,False
0528,2021-09-16,2021-08-09,5000.0,500.0,170.0,2021-03-26,,2021-03-30,,,174.0,,170.0,,,False,False,False,True,False,False,False,False,False,False,False,True,False,False,False,False,False,False,False,False
0528,2021-11-13,2021-09-16,5000.0,500.0,228.0,2021-03-26,,2021-03-30,,,232.0,,228.0,,,False,False,False,False,False,False,False,False,False,False,False,False,False,False,False,False,False,False,False,False
0531,2021-04-15,2021-03-17,100.0,100.0,29.0,2021-03-17,,2021-02-19,,,29.0,,55.0,,,False,True,True,True,False,False,False,False,False,False,True,True,False,False,False,False,False,False,False,False
0533,2021-02-06,2020-12-30,5000.0,100.0,115.0,2020-10-14,,,,,115.0,,,,,False,False,False,True,False,False,False,False,False,False,False,False,False,False,False,False,False,False,False,False
0539,2021-08-04,2021-07-30,100.0,100.0,5.0,2021-07-30,2020-08-25,2020-09-22,2021-03-25,,5.0,344.0,316.0,132.0,,True,True,True,True,False,False,False,False,False,False,False,False,False,False,False,True,False,False,False,False
0540,2021-02-11,2020-11-30,100.0,100.0,73.0,2020-11-30,,,2020-11-04,,73.0,,,99.0,,False,False,True,True,False,False,False,False,False,False,False,False,False,False,False,True,False,False,False,False
0547,2021-12-22,2021-05-05,100.0,100.0,231.0,2021-05-05,,,,2020-12-22,231.0,,,,365.0,False,False,False,False,False,False,False,False,False,False,False,False,False,False,False,False,False,False,False,False
0551,2021-07-23,2021-05-11,2000.0,2000.0,73.0,2021-05-07,,2021-01-23,,2021-05-11,77.0,,181.0,,73.0,False,False,True,True,False,False,False,False,False,False,False,False,False,False,False,False,False,False,True,True
0554,2021-01-15,2021-01-13,500.0,500.0,2.0,2020-11-30,,2021-01-13,,,46.0,,2.0,,,False,False,True,True,False,False,False,False,True,True,True,True,False,False,False,False,False,False,False,False
0559,2021-11-04,2021-10-28,100.0,100.0,7.0,2021-10-28,,2021-04-28,2020-09-02,2021-09-06,7.0,,190.0,428.0,59.0,True,True,True,True,False,False,False,False,False,False,False,False,False,False,False,False,False,False,True,True
0563,2021-04-01,2021-01-16,500.0,500.0,75.0,,,2021-01-16,,,,,75.0,,,False,False,False,False,False,False,False,False,False,False,True,True,False,False,False,False,False,False,False,False
0568,2021-03-23,2021-03-06,100.0,100.0,17.0,2021-03-06,,,2020-09-04,,17.0,,,200.0,,False,True,True,True,False,False,False,False,False,False,False,False,False,False,False,False,False,False,False,False
0571,2021-04-19,2021-01-25,500.0,500.0,84.0,2021-01-09,,2021-01-25,,,100.0,,84.0,,,False,False,False,True,False,False,False,False,False,False,True,True,False,False,False,False,False,False,False,False
0573,2021-01-16,2020-12-12,500.0,500.0,35.0,2020-08-25,,2020-12-12,,,144.0,,35.0,,,False,False,False,True,False,False,False,False,False,False,True,True,False,False,False,False,False,False,False,False
0575,2021-12-20,2021-11-27,500.0,500.0,23.0,2021-10-08,2021-02-02,2021-11-27,,,73.0,321.0,23.0,,,False,False,True,True,False,False,False,False,False,True,True,True,False,False,False,False,False,False,False,False
0580,2021-10-15,2021-03-15,100.0,100.0,214.0,2021-03-15,,,,,214.0,,,,,False,False,False,False,False,False,False,False,False,False,False,False,False,False,False,False,False,False,False,False
0582,2021-10-04,2021-04-12,100.0,100.0,175.0,2021-04-12,,2021-03-13,,,175.0,,205.0,,,False,False,False,True,False,False,False,False,False,False,False,False,False,False,False,False,False,False,False,False
0584,2021-04-20,,,,,,,,,,,,,,,False,False,False,False,False,False,False,False,False,False,False,False,False,False,False,False,False,False,False,False
0593,2021-02-02,2020-12-11,1000.0,1000.0,53.0,,,2020-11-09,2020-12-11,,,,85.0,53.0,,False,False,False,False,False,False,False,False,False,False,True,True,False,False,True,True,False,False,False,False
0596,2021-11-13,2021-11-10,500.0,500.0,3.0,2021-09-16,,2021-11-10,2021-05-05,,58.0,,3.0,192.0,,False,False,True,True,False,False,False,False,True,True,True,True,False,False,False,False,False,False,False,False
0604,2021-03-19,2020-09-14,5000.0,,,,,,,,,,,,,False,False,False,False,False,False,False,False,False,False,False,False,False,False,False,False,False,False,False,False
0605,2021-02-18,2021-01-19,200.0,200.0,30.0,,2021-01-19,2020-08-03,,,,30.0,199.0,,,False,False,False,False,False,True,True,True,False,False,False,False,False,False,False,False,False,False,False,False
0605,2021-12-25,2021-11-20,100.0,100.0,35.0,2021-11-20,2021-01-19,2020-08-03,,,35.0,340.0,509.0,,,False,False,True,True,False,False,False,False,False,False,False,False,False,False,False,False,False,False,False,False
0608,2021-12-15,2021-10-22,1000.0,1000.0,54.0,2021-10-04,,2021-04-10,2021-10-22,,72.0,,249.0,54.0,,False,False,True,True,False,False,False,False,False,False,False,False,False,False,True,True,False,False,False,False
0610,2021-04-13,2021-02-10,100.0,100.0,62.0,2021-02-10,,,,,62.0,,,,,False,False,True,True,False,False,False,False,False,False,False,False,False,False,False,False,False,False,False,False
0616,2021-02-06,2021-02-03,100.0,100.0,3.0,2021-02-03,,2021-01-19,,,3.0,,18.0,,,True,True,True,True,False,False,False,False,False,True,True,True,False,False,False,False,False,False,False,False
0616,2021-03-29,2021-02-06,5000.0,100.0,54.0,2021-02-03,,2021-01-19,,,54.0,,69.0,,,False,False,True,True,False,False,False,False,False,False,True,True,False,False,False,False,False,False,False,False
0617,2021-04-23,2021-02-10,1000.0,1000.0,72.0,2020-12-15,,2020-08-25,2021-02-10,,129.0,,241.0,72.0,,False,False,False,True,False,False,False,False,False,False,False,False,False,False,True,True,False,False,False,False
0618,2021-02-03,2021-01-12,100.0,100.0,22.0,2021-01-12,,2020-12-07,,,22.0,,58.0,,,False,True,True,True,False,False,False,False,False,False,True,True,False,False,False,False,False,False,False,False
0620,2021-09-28,2021-05-05,100.0,100.0,146.0,2021-05-05,,2021-04-27,,,146.0,,154.0,,,False,False,False,True,False,False,False,False,False,False,False,True,False,False,False,False,False,False,False,False
0623,2021-01-05,2020-11-30,500.0,500.0,36.0,,,2020-11-30,,,,,36.0,,,False,False,False,False,False,False,False,False,False,False,True,True,False,False,False,False,False,False,False,False
0623,2021-12-24,2021-11-08,500.0,500.0,46.0,2021-10-11,,2021-11-08,,,74.0,,46.0,,,False,False,True,True,False,False,False,False,False,False,True,True,False,False,False,False,False,False,False,False
0625,2021-09-25,2021-08-11,100.0,100.0,45.0,2021-08-11,,2020-12-11,,,45.0,,288.0,,,False,False,True,True,False,False,False,False,False,False,False,False,False,False,False,False,False,False,False,False
0626,2021-01-13,2020-09-10,500.0,500.0,125.0,,,2020-09-10,,,,,125.0,,,False,False,False,False,False,False,False,False,False,False,False,True,False,False,False,False,False,False,False,False
0630,2021-12-30,2021-09-01,500.0,500.0,120.0,2021-04-26,,2021-09-01,,,248.0,,120.0,,,False,False,False,False,False,False,False,False,False,False,False,True,False,False,False,False,False,False,False,False
0632,2021-03-29,2021-01-20,100.0,100.0,68.0,2021-01-20,2020-09-22,2020-11-23,,,68.0,188.0,126.0,,,False,False,True,True,False,False,False,False,False,False,False,True,False,False,False,False,False,False,False,False
0633,2021-02-20,2021-02-12,100.0,100.0,8.0,2021-02-12,,2020-10-26,,,8.0,,117.0,,,False,True,True,True,False,False,False,False,False,False,False,True,False,False,False,False,False,False,False,False
0637,2021-04-24,2021-02-26,100.0,100.0,57.0,2021-02-26,,2021-01-30,,,57.0,,84.0,,,False,False,True,True,False,False,False,False,False,False,True,True,False,False,False,False,False,False,False,False
0638,2021-10-12,2021-04-01,500.0,500.0,194.0,2021-02-05,,2021-04-01,,,249.0,,194.0,,,False,False,False,False,False,False,False,False,False,False,False,False,False,False,False,False,False,False,False,False
0639,2021-10-11,2021-03-03,100.0,100.0,222.0,2021-03-03,,,2020-12-11,,222.0,,,304.0,,False,False,False,False,False,False,False,False,False,False,False,False,False,False,False,False,False,False,False,False
0642,2021-10-26,2021-03-12,100.0,100.0,228.0,2021-03-12,,2020-11-23,,2021-02-13,228.0,,337.0,,255.0,False,False,False,False,False,False,False,False,False,False,False,False,False,False,False,False,False,False,False,False
0644,2021-10-08,2021-09-10,100.0,100.0,28.0,2021-09-10,,2021-04-07,,,28.0,,184.0,,,False,True,True,True,False,False,False,False,False,False,False,False,False,False,False,False,False,False,False,False
0646,2021-07-27,2021-03-27,500.0,500.0,122.0,2021-03-20,,2021-03-27,,,129.0,,122.0,,,False,False,False,True,False,False,False,False,False,False,False,True,False,False,False,False,False,False,False,False
0650,2021-09-22,2021-04-26,100.0,100.0,149.0,2021-04-26,,,2021-04-07,,149.0,,,168.0,,False,False,False,True,False,False,False,False,False,False,False,False,False,False,False,True,False,False,False,False
0663,2021-03-15,2020-10-26,500.0,500.0,140.0,2020-10-23,,2020-10-26,,,143.0,,140.0,,,False,False,False,True,False,False,False,False,False,False,False,True,False,False,False,False,False,False,False,False
0667,2021-12-22,2021-10-23,500.0,500.0,60.0,2021-07-30,,2021-10-23,2020-11-04,,145.0,,60.0,413.0,,False,False,False,True,False,False,False,False,False,False,True,True,False,False,False,False,False,False,False,False
0677,2021-04-12,2020-10-05,5000.0,,,,,,,,,,,,,False,False,False,False,False,False,False,False,False,False,False,False,False,False,False,False,False,False,False,False
0677,2021-12-20,2021-10-15,1000.0,1000.0,66.0,2021-09-03,,,2021-10-15,,108.0,,,66.0,,False,False,False,True,False,False,False,False,False,False,False,False,False,False,True,True,False,False,False,False
0680,2021-03-23,2021-03-05,500.0,500.0,18.0,,,2021-03-05,,,,,18.0,,,False,False,False,False,False,False,False,False,False,True,True,True,False,False,False,False,False,False,False,False
0681,2021-09-14,2021-03-15,500.0,500.0,183.0,2020-08-03,,2021-03-15,2021-01-29,,407.0,,183.0,228.0,,False,False,False,False,False,False,False,False,False,False,False,False,False,False,False,False,False,False,False,False
0684,2021-12-10,2021-11-16,200.0,200.0,24.0,2021-09-18,2021-11-16,2021-09-24,,,83.0,24.0,77.0,,,False,False,True,True,False,True,True,True,False,False,True,True,False,False,False,False,False,False,False,False
0685,2021-04-15,2021-04-10,100.0,100.0,5.0,2021-04-10,,2021-03-25,2021-03-12,,5.0,,21.0,34.0,,True,True,True,True,False,False,False,False,False,True,True,True,False,False,True,True,False,False,False,False
0685,2021-04-30,2021-04-15,5000.0,100.0,20.0,2021-04-10,,2021-03-25,2021-03-12,,20.0,,36.0,49.0,,False,True,True,True,False,False,False,False,False,False,True,True,False,False,True,True,False,False,False,False
0690,2021-12-24,2021-11-16,100.0,100.0,38.0,2021-11-16,,2021-10-16,2021-01-15,,38.0,,69.0,343.0,,False,False,True,True,False,False,False,False,False,False,True,True,False,False,False,False,False,False,False,False
0693,2021-11-29,2021-11-22,100.0,100.0,7.0,2021-11-22,,2021-09-06,,2021-02-01,7.0,,84.0,,301.0,True,True,True,True,False,False,False,False,False,False,True,True,False,False,False,False,False,False,False,False
0695,2021-10-22,2021-10-14,1000.0,1000.0,8.0,2021-09-11,,2021-04-23,2021-10-14,,41.0,,182.0,8.0,,False,False,True,True,False,False,False,False,False,False,False,False,False,True,True,True,False,False,False,False
0696,2021-09-20,2021-08-02,500.0,500.0,49.0,2021-05-11,,2021-08-02,,,132.0,,49.0,,,False,False,False,True,False,False,False,False,False,False,True,True,False,False,False,False,False,False,False,False
0697,2021-09-13,2021-07-27,500.0,500.0,48.0,2020-08-13,2021-04-20,2021-07-27,,,396.0,146.0,48.0,,,False,False,False,False,False,False,False,True,False,False,True,True,False,False,False,False,False,False,False,False
0702,2021-08-06,2021-04-28,100.0,100.0,100.0,2021-04-28,,,2021-04-27,,100.0,,,101.0,,False,False,False,True,False,False,False,False,False,False,False,False,False,False,False,True,False,False,False,False
0715,2021-07-23,2021-01-05,100.0,100.0,199.0,2021-01-05,,,,,199.0,,,,,False,False,False,False,False,False,False,False,False,False,False,False,False,False,False,False,False,False,False,False
0718,2021-04-17,2021-03-18,100.0,100.0,30.0,2021-03-18,,,,,30.0,,,,,False,True,True,True,False,False,False,False,False,False,False,False,False,False,False,False,False,False,False,False
0720,2021-12-02,2021-10-11,500.0,500.0,52.0,2021-03-03,,2021-10-11,2021-01-13,2020-11-30,274.0,,52.0,323.0,367.0,False,False,False,False,False,False,False,False,False,False,True,True,False,False,False,False,False,False,False,False
0729,2021-04-28,2021-03-02,100.0,100.0,57.0,2021-03-02,,,,,57.0,,,,,False,False,True,True,False,False,False,False,False,False,False,False,False,False,False,False,False,False,False,False
0730,2021-03-20,,,,,,,,,,,,,,,False,False,False,False,False,False,False,False,False,False,False,False,False,False,False,False,False,False,False,False
0733,2021-09-10,2021-04-20,100.0,100.0,143.0,2021-04-20,,2020-11-30,,,143.0,,284.0,,,False,False,False,True,False,False,False,False,False,False,False,False,False,False,False,False,False,False,False,False
0734,2021-08-04,2021-02-19,100.0,100.0,166.0,2021-02-19,,,,,166.0,,,,,False,False,False,True,False,False,False,False,False,False,False,False,False,False,False,False,False,False,False,False
0746,2021-08-02,2021-01-30,500.0,500.0,184.0,,,2021-01-30,,,,,184.0,,,False,False,False,False,False,False,False,False,False,False,False,False,False,False,False,False,False,False,False,False
0754,2021-04-02,,,,,,,,,,,,,,,False,False,False,False,False,False,False,False,False,False,False,False,False,False,False,False,False,False,False,False
0758,2021-08-13,2021-03-27,100.0,100.0,139.0,2021-03-27,,2021-02-20,2021-01-05,,139.0,,174.0,220.0,,False,False,False,True,False,False,False,False,False,False,False,True,False,False,False,False,False,False,False,False
0758,2021-10-22,2021-08-13,5000.0,100.0,209.0,2021-03-27,,2021-02-20,2021-01-05,,209.0,,244.0,290.0,,False,False,False,False,False,False,False,False,False,False,False,False,False,False,False,False,False,False,False,False
0759,2021-08-16,2021-08-02,1000.0,1000.0,14.0,2021-04-17,,,2021-08-02,,121.0,,,14.0,,False,False,False,True,False,False,False,False,False,False,False,False,False,True,True,True,False,False,False,False
0761,2021-12-17,2021-10-25,500.0,500.0,53.0,2020-11-02,2020-12-22,2021-10-25,2020-09-26,,410.0,360.0,53.0,447.0,,False,False,False,False,False,False,False,False,False,False,True,True,False,False,False,False,False,False,False,False
0763,2021-04-14,2021-03-10,100.0,100.0,35.0,2021-03-10,2021-02-02,,2021-01-05,,35.0,71.0,,99.0,,False,False,True,True,False,False,True,True,False,False,False,False,False,False,False,True,False,False,False,False
0764,2021-09-02,2020-10-10,100.0,100.0,327.0,2020-10-10,,,,,327.0,,,,,False,False,False,False,False,False,False,False,False,False,False,False,False,False,False,False,False,False,False,False
0764,2021-11-03,2021-10-04,100.0,100.0,30.0,2021-10-04,,,,,30.0,,,,,False,True,True,True,False,False,False,False,False,False,False,False,False,False,False,False,False,False,False,False
0765,2021-11-25,2021-11-12,100.0,100.0,13.0,2021-11-12,,2021-09-16,,,13.0,,70.0,,,False,True,True,True,False,False,False,False,False,False,True,True,False,False,False,False,False,False,False,False
0768,2021-10-04,2021-09-28,100.0,100.0,6.0,2021-09-28,,2021-04-08,,,6.0,,179.0,,,True,True,True,True,False,False,False,False,False,False,False,True,False,False,False,False,False,False,False,False
0770,2021-09-27,2021-09-08,1000.0,1000.0,19.0,2021-08-04,,,2021-09-08,,54.0,,,19.0,,False,False,True,True,False,False,False,False,False,False,False,False,False,True,True,True,False,False,False,False
0773,2021-10-04,2021-09-01,1000.0,1000.0,33.0,2021-04-23,,2020-12-26,2021-09-01,,164.0,,282.0,33.0,,False,False,False,True,False,False,False,False,False,False,False,False,False,False,True,True,False,False,False,False
0777,2021-09-24,2021-09-06,100.0,100.0,18.0,2021-09-06,,2020-12-14,,,18.0,,284.0,,,False,True,True,True,False,False,False,False,False,False,False,False,False,False,False,False,False,False,False,False
0786,2021-10-21,2021-09-25,500.0,500.0,26.0,2021-08-11,2021-05-04,2021-09-25,,,71.0,170.0,26.0,,,False,False,True,True,False,False,False,True,False,True,True,True,False,False,False,False,False,False,False,False
0786,2021-12-04,2021-10-26,1000.0,1000.0,39.0,2021-08-11,2021-05-04,2021-09-25,2021-10-26,,115.0,214.0,70.0,39.0,,False,False,False,True,False,False,False,False,False,False,True,True,False,False,True,True,False,False,False,False
0787,2021-02-03,2021-01-16,500.0,500.0,18.0,,,2021-01-16,,,,,18.0,,,False,False,False,False,False,False,False,False,False,True,True,True,False,False,False,False,False,False,False,False
0787,2021-03-31,2021-02-10,500.0,500.0,49.0,,,2021-02-10,,,,,49.0,,,False,False,False,False,False,False,False,False,False,False,True,True,False,False,False,False,False,False,False,False
0787,2021-05-06,2021-04-13,100.0,100.0,23.0,2021-04-13,,2021-02-10,,,23.0,,85.0,,,False,True,True,True,False,False,False,False,False,False,True,True,False,False,False,False,False,False,False,False
0792,2021-04-08,2021-02-25,500.0,500.0,42.0,,,2021-02-25,,,,,42.0,,,False,False,False,False,False,False,False,False,False,False,True,True,False,False,False,False,False,False,False,False
0796,2021-01-09,2020-11-13,100.0,100.0,57.0,2020-11-13,,,2020-09-30,,57.0,,,101.0,,False,False,True,True,False,False,False,False,False,False,False,False,False,False,False,True,False,False,False,False
0796,2021-02-15,2021-01-09,5000.0,100.0,94.0,2020-11-13,,,2020-09-30,,94.0,,,138.0,,False,False,False,True,False,False,False,False,False,False,False,False,False,False,False,True,False,False,False,False
0799,2021-03-04,2021-01-20,500.0,500.0,43.0,,,2021-01-20,,,,,43.0,,,False,False,False,False,False,False,False,False,False,False,True,True,False,False,False,False,False,False,False,False
0799,2021-12-06,2021-10-21,500.0,500.0,46.0,,2021-04-20,2021-10-21,,,,230.0,46.0,,,False,False,False,False,False,False,False,False,False,False,True,True,False,False,False,False,False,False,False,False
0807,2021-10-19,2021-04-23,500.0,500.0,179.0,2021-04-17,,2021-04-23,,,185.0,,179.0,,,False,False,False,False,False,False,False,False,False,False,False,True,False,False,False,False,False,False,False,False
0808,2021-10-01,2021-09-23,1000.0,1000.0,8.0,2021-09-03,,2021-01-18,2021-09-23,,28.0,,256.0,8.0,,False,True,True,True,False,False,False,False,False,False,False,False,False,True,True,True,False,False,False,False
0814,2021-04-10,2021-04-03,100.0,100.0,7.0,2021-04-03,,2021-02-16,,,7.0,,53.0,,,True,True,True,True,False,False,False,False,False,False,True,True,False,False,False,False,False,False,False,False
0815,2021-09-10,2021-04-12,500.0,500.0,151.0,2021-03-11,,2021-04-12,2021-04-07,,183.0,,151.0,156.0,,False,False,False,False,False,False,False,False,False,False,False,True,False,False,False,True,False,False,False,False
0816,2021-11-17,2021-10-06,500.0,500.0,42.0,2021-09-06,,2021-10-06,2021-03-25,2021-09-29,72.0,,42.0,237.0,49.0,False,False,True,True,False,False,False,False,False,False,True,True,False,False,False,False,False,False,True,True
0821,2021-09-21,2021-09-20,500.0,500.0,1.0,2021-04-15,,2021-09-20,,,159.0,,1.0,,,False,False,False,True,False,False,False,False,True,True,True,True,False,False,False,False,False,False,False,False
0828,2021-02-27,2020-12-02,100.0,100.0,87.0,2020-12-02,,2020-10-10,,,87.0,,140.0,,,False,False,True,True,False,False,False,False,False,False,False,True,False,False,False,False,False,False,False,False
0830,2021-01-19,2020-12-19,2000.0,2000.0,31.0,2020-08-17,,,,2020-12-19,155.0,,,,31.0,False,False,False,True,False,False,False,False,False,False,False,False,False,False,False,False,False,False,True,True
0836,2021-10-21,2021-09-27,100.0,100.0,24.0,2021-09-27,,2021-09-04,2021-03-26,,24.0,,47.0,209.0,,False,True,True,True,False,False,False,False,False,False,True,True,False,False,False,False,False,False,False,False
0845,2021-11-06,2021-08-02,100.0,100.0,96.0,2021-08-02,,2021-04-22,2021-03-16,2021-02-16,96.0,,198.0,235.0,263.0,False,False,False,True,False,False,False,False,False,False,False,False,False,False,False,False,False,False,False,False
0847,2021-05-06,2021-04-30,100.0,100.0,6.0,2021-04-30,,2021-03-25,2020-08-13,,6.0,,42.0,266.0,,True,True,True,True,False,False,False,False,False,False,True,True,False,False,False,False,False,False,False,False
0851,2021-03-01,2021-02-26,100.0,100.0,3.0,2021-02-26,,2020-10-03,,,3.0,,149.0,,,True,True,True,True,False,False,False,False,False,False,False,True,False,False,False,False,False,False,False,False
0853,2021-05-11,2021-04-30,500.0,500.0,11.0,,,2021-04-30,,2020-12-05,,,11.0,,157.0,False,False,False,False,False,False,False,False,False,True,True,True,False,False,False,False,False,False,False,True
0857,2021-11-17,2021-10-11,100.0,100.0,37.0,2021-10-11,,2021-10-08,,,37.0,,40.0,,,False,False,True,True,False,False,False,False,False,False,True,True,False,False,False,False,False,False,False,False
0861,2021-01-19,2020-12-29,100.0,100.0,21.0,2020-12-29,,,2020-12-01,,21.0,,,49.0,,False,True,True,True,False,False,False,False,False,False,False,False,False,False,True,True,False,False,False,False
0861,2021-10-16,2021-09-17,100.0,100.0,29.0,2021-09-17,,2021-04-15,2020-12-01,,29.0,,184.0,319.0,,False,True,True,True,False,False,False,False,False,False,False,False,False,False,False,False,False,False,False,False
0862,2021-02-24,2020-12-22,500.0,500.0,64.0,2020-12-01,,2020-12-22,,,85.0,,64.0,,,False,False,True,True,False,False,False,False,False,False,True,True,False,False,False,False,False,False,False,False
0874,2021-12-04,2021-10-12,500.0,500.0,53.0,2021-08-04,2021-09-14,2021-10-12,2021-09-08,2020-12-28,122.0,81.0,53.0,87.0,341.0,False,False,False,True,False,False,True,True,False,False,True,True,False,False,True,True,False,False,False,False
0875,2021-05-11,2021-03-15,100.0,100.0,57.0,2021-03-15,,2020-09-10,,,57.0,,243.0,,,False,False,True,True,False,False,False,False,False,False,False,False,False,False,False,False,False,False,False,False
0877,2021-04-07,2021-03-17,100.0,100.0,21.0,2021-03-17,,2021-02-26,,,21.0,,40.0,,,False,True,True,True,False,False,False,False,False,False,True,True,False,False,False,False,False,False,False,False
0877,2021-11-27,2021-11-04,500.0,500.0,23.0,2021-08-09,,2021-11-04,,,110.0,,23.0,,,False,False,False,True,False,False,False,False,False,True,True,True,False,False,False,False,False,False,False,False
0881,2021-12-29,2021-12-18,100.0,100.0,11.0,2021-12-18,,2021-11-12,2021-04-05,2020-12-12,11.0,,47.0,268.0,382.0,False,True,True,True,False,False,False,False,False,False,True,True,False,False,False,False,False,False,False,False
0886,2021-01-02,,,,,,,,,,,,,,,False,False,False,False,False,False,False,False,False,False,False,False,False,False,False,False,False,False,False,False
0888,2021-10-19,2021-01-05,100.0,100.0,287.0,2021-01-05,,2020-08-21,,,287.0,,424.0,,,False,False,False,False,False,False,False,False,False,False,False,False,False,False,False,False,False,False,False,False
0890,2021-12-28,2021-10-15,500.0,500.0,74.0,2021-05-07,,2021-10-15,,2021-01-30,235.0,,74.0,,332.0,False,False,False,False,False,False,False,False,False,False,True,True,False,False,False,False,False,False,False,False
0894,2021-12-10,2021-11-29,100.0,100.0,11.0,2021-11-29,,2020-12-26,,,11.0,,349.0,,,False,True,True,True,False,False,False,False,False,False,False,False,False,False,False,False,False,False,False,False
0895,2021-01-18,2020-11-20,100.0,100.0,59.0,2020-11-20,,2020-08-25,,,59.0,,146.0,,,False,False,True,True,False,False,False,False,False,False,False,True,False,False,False,False,False,False,False,False
0897,2021-11-27,2021-09-06,100.0,100.0,82.0,2021-09-06,,2021-09-04,,,82.0,,84.0,,,False,False,True,True,False,False,False,False,False,False,True,True,False,False,False,False,False,False,False,False
0899,2021-01-02,,,,,,,,,,,,,,,False,False,False,False,False,False,False,False,False,False,False,False,False,False,False,False,False,False,False,False
0900,2021-03-03,2021-02-18,100.0,100.0,13.0,2021-02-18,,2021-02-05,,,13.0,,26.0,,,False,True,True,True,False,False,False,False,False,True,True,True,False,False,False,False,False,False,False,False
0901,2021-09-13,2021-08-20,500.0,500.0,24.0,2021-04-17,,2021-08-20,2021-04-10,,149.0,,24.0,156.0,,False,False,False,True,False,False,False,False,False,True,True,True,False,False,False,True,False,False,False,False
0902,2021-12-03,2021-12-01,500.0,500.0,2.0,2021-09-24,,2021-12-01,,,70.0,,2.0,,,False,False,True,True,False,False,False,False,True,True,True,True,False,False,False,False,False,False,False,False
0903,2021-12-24,2021-09-18,100.0,100.0,97.0,2021-09-18,,2021-02-06,2020-12-16,2020-12-26,97.0,,321.0,373.0,363.0,False,False,False,True,False,False,False,False,False,False,False,False,False,False,False,False,False,False,False,False
0904,2021-01-04,2020-08-01,100.0,100.0,156.0,2020-08-01,,,,,156.0,,,,,False,False,False,True,False,False,False,False,False,False,False,False,False,False,False,False,False,False,False,False
0905,2021-03-26,2021-01-25,100.0,100.0,60.0,2021-01-25,,2020-11-02,,,60.0,,144.0,,,False,False,True,True,False,False,False,False,False,False,False,True,False,False,False,False,False,False,False,False
0913,2021-09-21,2021-05-11,100.0,100.0,133.0,2021-05-11,,2021-03-26,2020-10-28,,133.0,,179.0,328.0,,False,False,False,True,False,False,False,False,False,False,False,True,False,False,False,False,False,False,False,False
0915,2021-01-12,2020-12-01,500.0,500.0,42.0,,,2020-12-01,,,,,42.0,,,False,False,False,False,False,False,False,False,False,False,True,True,False,False,False,False,False,False,False,False
0919,2021-01-01,2020-12-26,100.0,100.0,6.0,2020-12-26,,2020-12-21,,2020-11-25,6.0,,11.0,,37.0,True,True,True,True,False,False,False,False,False,True,True,True,False,False,False,False,False,False,True,True
0919,2021-02-23,2021-02-15,2000.0,2000.0,8.0,2020-12-26,2021-01-19,2020-12-21,,2021-02-15,59.0,35.0,64.0,,8.0,False,False,True,True,False,False,True,True,False,False,True,True,False,False,False,False,False,True,True,True
0920,2021-04-09,2021-02-27,500.0,500.0,41.0,2021-02-09,,2021-02-27,,,59.0,,41.0,,,False,False,True,True,False,False,False,False,False,False,True,True,False,False,False,False,False,False,False,False
0920,2021-12-11,2021-11-02,100.0,100.0,39.0,2021-11-02,,2021-09-27,,,39.0,,75.0,,,False,False,True,True,False,False,False,False,False,False,True,True,False,False,False,False,False,False,False,False
0922,2021-10-16,2021-09-16,1000.0,1000.0,30.0,2021-09-11,,2021-09-06,2021-09-16,,35.0,,40.0,30.0,,False,False,True,True,False,False,False,False,False,False,True,True,False,True,True,True,False,False,False,False
0923,2021-03-09,2021-02-01,500.0,500.0,36.0,2020-10-16,2021-01-19,2021-02-01,,,144.0,49.0,36.0,,,False,False,False,True,False,False,True,True,False,False,True,True,False,False,False,False,False,False,False,False
0923,2021-11-19,2021-08-04,100.0,100.0,107.0,2021-08-04,2021-01-19,2021-02-01,,,107.0,304.0,291.0,,,False,False,False,True,False,False,False,False,False,False,False,False,False,False,False,False,False,False,False,False
0924,2021-02-13,2020-11-13,100.0,100.0,92.0,2020-11-13,,,,,92.0,,,,,False,False,False,True,False,False,False,False,False,False,False,False,False,False,False,False,False,False,False,False
0926,2021-02-23,2020-09-04,1000.0,1000.0,172.0,,,,2020-09-04,,,,,172.0,,False,False,False,False,False,False,False,False,False,False,False,False,False,False,False,True,False,False,False,False
0926,2021-11-03,2021-08-30,1000.0,1000.0,65.0,2021-03-11,,2021-03-05,2021-08-30,,237.0,,243.0,65.0,,False,False,False,False,False,False,False,False,False,False,False,False,False,False,True,True,False,False,False,False
0927,2021-09-29,2020-09-24,100.0,100.0,370.0,2020-09-24,,,,,370.0,,,,,False,False,False,False,False,False,False,False,False,False,False,False,False,False,False,False,False,False,False,False
0929,2021-01-22,2020-11-20,100.0,100.0,63.0,2020-11-20,,2020-07-11,,,63.0,,195.0,,,False,False,True,True,False,False,False,False,False,False,False,False,False,False,False,False,False,False,False,False
0932,2021-09-20,2021-04-30,1000.0,1000.0,143.0,2021-01-18,,2020-09-14,2021-04-30,,245.0,,371.0,143.0,,False,False,False,False,False,False,False,False,False,False,False,False,False,False,False,True,False,False,False,False
0937,2021-08-30,2021-04-05,2000.0,2000.0,147.0,2020-09-30,,2020-08-27,,2021-04-05,334.0,,368.0,,147.0,False,False,False,False,False,False,False,False,False,False,False,False,False,False,False,False,False,False,False,True
0938,2021-04-29,2021-04-28,500.0,500.0,1.0,2021-01-02,2020-08-11,2021-04-28,,,117.0,261.0,1.0,,,False,False,False,True,False,False,False,False,True,True,True,True,False,False,False,False,False,False,False,False
0948,2021-03-12,2021-01-22,100.0,100.0,49.0,2021-01-22,,,2021-01-15,,49.0,,,56.0,,False,False,True,True,False,False,False,False,False,False,False,False,False,False,True,True,False,False,False,False
0949,2021-12-31,2021-11-25,100.0,100.0,36.0,2021-11-25,,2021-11-10,,2021-11-03,36.0,,51.0,,58.0,False,False,True,True,False,False,False,False,False,False,True,True,False,False,False,False,False,False,True,True
0950,2021-10-15,2021-10-14,100.0,100.0,1.0,2021-10-14,,2021-09-24,,2021-07-27,1.0,,21.0,,80.0,True,True,True,True,False,False,False,False,False,True,True,True,False,False,False,False,False,False,True,True
0952,2021-04-21,2021-04-16,100.0,100.0,5.0,2021-04-16,,2020-10-12,2020-08-21,,5.0,,191.0,243.0,,True,True,True,True,False,False,False,False,False,False,False,False,False,False,False,False,False,False,False,False
0952,2021-08-06,2021-04-21,5000.0,100.0,112.0,2021-04-16,,2020-10-12,2020-08-21,,112.0,,298.0,350.0,,False,False,False,True,False,False,False,False,False,False,False,False,False,False,False,False,False,False,False,False
0956,2021-12-20,2021-12-08,500.0,500.0,12.0,2021-10-22,,2021-12-08,2021-01-12,,59.0,,12.0,342.0,,False,False,True,True,False,False,False,False,False,True,True,True,False,False,False,False,False,False,False,False
0959,2021-04-23,2021-01-20,100.0,100.0,93.0,2021-01-20,,,,,93.0,,,,,False,False,False,True,False,False,False,False,False,False,False,False,False,False,False,False,False,False,False,False
0963,2021-02-06,2020-11-16,500.0,500.0,82.0,,,2020-11-16,,,,,82.0,,,False,False,False,False,False,False,False,False,False,False,True,True,False,False,False,False,False,False,False,False
0963,2021-02-11,2021-02-06,5000.0,500.0,87.0,,,2020-11-16,,,,,87.0,,,False,False,False,False,False,False,False,False,False,False,True,True,False,False,False,False,False,False,False,False
0963,2021-10-14,2021-09-24,100.0,100.0,20.0,2021-09-24,,2020-11-16,,,20.0,,332.0,,,False,True,True,True,False,False,False,False,False,False,False,False,False,False,False,False,False,False,False,False
0964,2021-10-30,2021-04-05,2000.0,2000.0,208.0,2021-03-26,,2020-12-14,,2021-04-05,218.0,,320.0,,208.0,False,False,False,False,False,False,False,False,False,False,False,False,False,False,False,False,False,False,False,False
0974,2021-02-19,2021-02-08,500.0,500.0,11.0,,,2021-02-08,,,,,11.0,,,False,False,False,False,False,False,False,False,False,True,True,True,False,False,False,False,False,False,False,False
0974,2021-04-05,2021-02-20,100.0,100.0,44.0,2021-02-20,,2021-02-08,,,44.0,,56.0,,,False,False,True,True,False,False,False,False,False,False,True,True,False,False,False,False,False,False,False,False
0978,2021-10-26,2021-07-30,100.0,100.0,88.0,2021-07-30,,2021-04-26,,2021-05-10,88.0,,183.0,,169.0,False,False,True,True,False,False,False,False,False,False,False,False,False,False,False,False,False,False,False,True
0979,2021-05-07,2021-04-29,500.0,500.0,8.0,2020-12-29,,2021-04-29,,,129.0,,8.0,,,False,False,False,True,False,False,False,False,False,True,True,True,False,False,False,False,False,False,False,False
0981,2021-11-24,2021-04-01,100.0,100.0,237.0,2021-04-01,,,2021-02-12,,237.0,,,285.0,,False,False,False,False,False,False,False,False,False,False,False,False,False,False,False,False,False,False,False,False
0984,2021-09-03,2021-04-02,100.0,100.0,154.0,2021-04-02,,,,,154.0,,,,,False,False,False,True,False,False,False,False,False,False,False,False,False,False,False,False,False,False,False,False
0994,2021-10-01,2021-09-29,100.0,100.0,2.0,2021-09-29,,2021-08-30,2021-08-11,2021-08-16,2.0,,32.0,51.0,46.0,True,True,True,True,False,False,False,False,False,False,True,True,False,False,True,True,False,False,True,True
0995,2021-05-05,2021-03-08,100.0,100.0,58.0,2021-03-08,,,,,58.0,,,,,False,False,True,True,False,False,False,False,False,False,False,False,False,False,False,False,False,False,False,False
0995,2021-10-28,2021-05-05,5000.0,100.0,234.0,2021-03-08,,,,,234.0,,,,,False,False,False,False,False,False,False,False,False,False,False,False,False,False,False,False,False,False,False,False
0996,2021-05-04,2021-03-23,200.0,200.0,42.0,2020-09-08,2021-03-23,,,2021-02-23,238.0,42.0,,,70.0,False,False,False,False,False,False,True,True,False,False,False,False,False,False,False,False,False,False,True,True
1000,2021-01-01,2020-09-30,100.0,100.0,93.0,2020-09-30,,,,,93.0,,,,,False,False,False,True,False,False,False,False,False,False,False,False,False,False,False,False,False,False,False,False
1003,2021-01-25,2021-01-20,100.0,100.0,5.0,2021-01-20,,,,,5.0,,,,,True,True,True,True,False,False,False,False,False,False,False,False,False,False,False,False,False,False,False,False
1005,2021-02-01,2020-12-28,100.0,100.0,35.0,2020-12-28,,,,,35.0,,,,,False,False,True,True,False,False,False,False,False,False,False,False,False,False,False,False,False,False,False,False
1008,2021-03-17,2021-02-04,500.0,500.0,41.0,,,2021-02-04,,,,,41.0,,,False,False,False,False,False,False,False,False,False,False,True,True,False,False,False,False,False,False,False,False
1009,2021-09-21,2021-03-25,100.0,100.0,180.0,2021-03-25,,,2021-01-15,,180.0,,,249.0,,False,False,False,True,False,False,False,False,False,False,False,False,False,False,False,False,False,False,False,False
1011,2021-10-01,2021-09-20,100.0,100.0,11.0,2021-09-20,2021-02-09,2020-08-01,2020-11-18,2021-04-19,11.0,234.0,426.0,317.0,165.0,False,True,True,True,False,False,False,False,False,False,False,False,False,False,False,False,False,False,False,True
1015,2021-11-11,2021-08-30,100.0,100.0,73.0,2021-08-30,,2021-03-10,,,73.0,,246.0,,,False,False,True,True,False,False,False,False,False,False,False,False,False,False,False,False,False,False,False,False
1016,2021-11-25,2021-11-01,500.0,500.0,24.0,2021-10-27,2021-01-05,2021-11-01,2021-02-03,2021-10-11,29.0,324.0,24.0,295.0,45.0,False,True,True,True,False,False,False,False,False,True,True,True,False,False,False,False,False,False,True,True
1018,2021-11-18,2021-02-13,100.0,100.0,278.0,2021-02-13,,,2021-01-29,,278.0,,,293.0,,False,False,False,False,False,False,False,False,False,False,False,False,False,False,False,False,False,False,False,False
1019,2021-01-11,,,,,,,,,,,,,,,False,False,False,False,False,False,False,False,False,False,False,False,False,False,False,False,False,False,False,False
1025,2021-05-06,2021-03-17,100.0,100.0,50.0,2021-03-17,,2020-12-25,2021-01-30,,50.0,,132.0,96.0,,False,False,True,True,False,False,False,False,False,False,False,True,False,False,False,True,False,False,False,False
1025,2021-08-27,2021-08-16,100.0,100.0,11.0,2021-08-16,,2020-12-25,2021-01-30,,11.0,,245.0,209.0,,False,True,True,True,False,False,False,False,False,False,False,False,False,False,False,False,False,False,False,False
1026,2021-05-05,2021-03-17,500.0,500.0,49.0,2021-02-06,,2021-03-17,,2020-09-08,88.0,,49.0,,239.0,False,False,True,True,False,False,False,False,False,False,True,True,False,False,False,False,False,False,False,False
1028,2021-02-17,2021-01-22,1000.0,1000.0,26.0,,,2021-01-11,2021-01-22,,,,37.0,26.0,,False,False,False,False,False,False,False,False,False,False,True,True,False,True,True,True,False,False,False,False
1028,2021-11-18,2021-09-25,1000.0,1000.0,54.0,2021-08-18,2021-03-09,2021-01-11,2021-09-25,,92.0,254.0,311.0,54.0,,False,False,False,True,False,False,False,False,False,False,False,False,False,False,True,True,False,False,False,False
1033,2021-04-15,2020-12-18,5000.0,100.0,120.0,2020-12-16,,,,,120.0,,,,,False,False,False,True,False,False,False,False,False,False,False,False,False,False,False,False,False,False,False,False
1040,2021-03-08,2020-09-04,1000.0,1000.0,185.0,2020-09-02,,,2020-09-04,,187.0,,,185.0,,False,False,False,False,False,False,False,False,False,False,False,False,False,False,False,False,False,False,False,False
1043,2021-02-01,2021-01-11,2000.0,2000.0,21.0,2021-01-09,,,,2021-01-11,23.0,,,,21.0,False,True,True,True,False,False,False,False,False,False,False,False,False,False,False,False,False,True,True,True
1043,2021-10-20,2021-10-08,500.0,500.0,12.0,2021-08-30,,2021-10-08,,2021-01-11,51.0,,12.0,,282.0,False,False,True,True,False,False,False,False,False,True,True,True,False,False,False,False,False,False,False,False
1044,2021-01-29,2021-01-08,500.0,500.0,21.0,,,2021-01-08,2020-10-07,,,,21.0,114.0,,False,False,False,False,False,False,False,False,False,True,True,True,False,False,False,True,False,False,False,False
1045,2021-12-16,2021-09-25,100.0,100.0,82.0,2021-09-25,,2021-09-08,,,82.0,,99.0,,,False,False,True,True,False,False,False,False,False,False,False,True,False,False,False,False,False,False,False,False
1047,2021-10-05,2021-03-11,100.0,100.0,208.0,2021-03-11,,,,,208.0,,,,,False,False,False,False,False,False,False,False,False,False,False,False,False,False,False,False,False,False,False,False
1048,2021-04-22,2021-01-08,500.0,500.0,104.0,2021-01-04,,2021-01-08,,,108.0,,104.0,,,False,False,False,True,False,False,False,False,False,False,False,True,False,False,False,False,False,False,False,False
1053,2021-12-13,2021-10-21,100.0,100.0,53.0,2021-10-21,,2021-04-19,,,53.0,,238.0,,,False,False,True,True,False,False,False,False,False,False,False,False,False,False,False,False,False,False,False,False
1054,2021-03-12,2021-02-25,500.0,500.0,15.0,2020-12-28,,2021-02-25,,,74.0,,15.0,,,False,False,True,True,False,False,False,False,False,True,True,True,False,False,False,False,False,False,False,False
1059,2021-11-08,2021-09-14,100.0,100.0,55.0,2021-09-14,,2021-08-02,,,55.0,,98.0,,,False,False,True,True,False,False,False,False,False,False,False,True,False,False,False,False,False,False,False,False
1060,2021-03-12,2021-02-05,1000.0,1000.0,35.0,2020-09-28,,,2021-02-05,2020-09-22,165.0,,,35.0,171.0,False,False,False,True,False,False,False,False,False,False,False,False,False,False,True,True,False,False,False,True
1060,2021-09-24,2021-04-09,100.0,100.0,168.0,2021-04-09,,,2021-02-05,2020-09-22,168.0,,,231.0,367.0,False,False,False,True,False,False,False,False,False,False,False,False,False,False,False,False,False,False,False,False
1063,2021-04-30,2021-04-24,500.0,500.0,6.0,,,2021-04-24,,,,,6.0,,,False,False,False,False,False,False,False,False,True,True,True,True,False,False,False,False,False,False,False,False
1063,2021-10-08,2021-04-30,5000.0,500.0,167.0,,,2021-04-24,,,,,167.0,,,False,False,False,False,False,False,False,False,False,False,False,True,False,False,False,False,False,False,False,False
1064,2021-12-03,2021-11-01,2000.0,2000.0,32.0,2021-10-20,,2021-02-13,2021-10-16,2021-11-01,44.0,,293.0,48.0,32.0,False,False,True,True,False,False,False,False,False,False,False,False,False,False,True,True,False,False,True,True
1065,2021-07-30,2021-02-02,100.0,100.0,178.0,2021-02-02,,2021-02-01,,,178.0,,179.0,,,False,False,False,True,False,False,False,False,False,False,False,True,False,False,False,False,False,False,False,False
1070,2021-07-27,2021-03-30,500.0,500.0,119.0,2021-03-02,2021-02-23,2021-03-30,,,147.0,154.0,119.0,,,False,False,False,True,False,False,False,True,False,False,False,True,False,False,False,False,False,False,False,False
1071,2021-10-12,2021-10-09,100.0,100.0,3.0,2021-10-09,2020-09-22,2021-08-18,2021-09-29,,3.0,385.0,55.0,13.0,,True,True,True,True,False,False,False,False,False,False,True,True,False,True,True,True,False,False,False,False
1076,2021-07-30,2021-04-21,100.0,100.0,100.0,2021-04-21,,2021-04-14,,2020-10-14,100.0,,107.0,,289.0,False,False,False,True,False,False,False,False,False,False,False,True,False,False,False,False,False,False,False,False
1079,2021-01-18,2020-12-07,500.0,500.0,42.0,2020-09-30,,2020-12-07,,,110.0,,42.0,,,False,False,False,True,False,False,False,False,False,False,True,True,False,False,False,False,False,False,False,False
1079,2021-02-08,2021-01-18,5000.0,500.0,63.0,2020-09-30,,2020-12-07,,,131.0,,63.0,,,False,False,False,True,False,False,False,False,False,False,True,True,False,False,False,False,False,False,False,False
1079,2021-12-29,2021-10-25,500.0,500.0,65.0,2021-10-13,,2021-10-25,,,77.0,,65.0,,,False,False,True,True,False,False,False,False,False,False,True,True,False,False,False,False,False,False,False,False
1080,2021-11-16,2021-09-04,1000.0,1000.0,73.0,2021-02-09,,2021-04-08,2021-09-04,,280.0,,222.0,73.0,,False,False,False,False,False,False,False,False,False,False,False,False,False,False,True,True,False,False,False,False
1083,2021-02-25,2021-01-02,100.0,100.0,54.0,2021-01-02,,,2020-10-14,,54.0,,,134.0,,False,False,True,True,False,False,False,False,False,False,False,False,False,False,False,True,False,False,False,False
1085,2021-04-24,2021-04-20,200.0,200.0,4.0,2021-03-24,2021-04-20,2021-04-05,,,31.0,4.0,19.0,,,False,False,True,True,True,True,True,True,False,True,True,True,False,False,False,False,False,False,False,False
1086,2021-02-05,2020-12-29,5000.0,100.0,56.0,2020-12-11,,,,,56.0,,,,,False,False,True,True,False,False,False,False,False,False,False,False,False,False,False,False,False,False,False,False
1093,2021-10-23,2021-04-23,100.0,100.0,183.0,2021-04-23,2020-08-11,2021-04-09,2021-02-13,,183.0,438.0,197.0,252.0,,False,False,False,False,False,False,False,False,False,False,False,False,False,False,False,False,False,False,False,False
1095,2021-10-23,2021-09-23,500.0,500.0,30.0,,,2021-09-23,2021-04-12,,,,30.0,194.0,,False,False,False,False,False,False,False,False,False,True,True,True,False,False,False,False,False,False,False,False
1099,2021-01-18,2020-12-18,100.0,100.0,31.0,2020-12-18,,,,,31.0,,,,,False,False,True,True,False,False,False,False,False,False,False,False,False,False,False,False,False,False,False,False
1099,2021-04-02,2021-01-18,5000.0,100.0,105.0,2020-12-18,,,,,105.0,,,,,False,False,False,True,False,False,False,False,False,False,False,False,False,False,False,False,False,False,False,False
1105,2021-05-07,2021-02-24,1000.0,1000.0,72.0,2020-10-05,,2021-01-08,2021-02-24,,214.0,,119.0,72.0,,False,False,False,False,False,False,False,False,False,False,False,True,False,False,True,True,False,False,False,False
1106,2021-03-24,2021-03-20,100.0,100.0,4.0,2021-03-20,,2020-12-15,,,4.0,,99.0,,,True,True,True,True,False,False,False,False,False,False,False,True,False,False,False,False,False,False,False,False
1109,2021-03-12,2021-02-10,100.0,100.0,30.0,2021-02-10,,,,,30.0,,,,,False,True,True,True,False,False,False,False,False,False,False,False,False,False,False,False,False,False,False,False
1110,2021-05-05,2021-01-04,100.0,100.0,121.0,2021-01-04,,,,,121.0,,,,,False,False,False,True,False,False,False,False,False,False,False,False,False,False,False,False,False,False,False,False
1114,2021-10-04,2021-02-02,200.0,200.0,244.0,,2021-02-02,,2020-12-01,,,244.0,,307.0,,False,False,False,False,False,False,False,False,False,False,False,False,False,False,False,False,False,False,False,False
1116,2021-02-26,2020-08-17,100.0,100.0,193.0,2020-08-17,,,,,193.0,,,,,False,False,False,False,False,False,False,False,False,False,False,False,False,False,False,False,False,False,False,False
1117,2021-12-16,2021-11-25,500.0,500.0,21.0,2021-11-18,,2021-11-25,,2021-02-10,28.0,,21.0,,309.0,False,True,True,True,False,False,False,False,False,True,True,True,False,False,False,False,False,False,False,False
1118,2021-07-27,2020-08-27,5000.0,100.0,350.0,2020-08-11,,,,,350.0,,,,,False,False,False,False,False,False,False,False,False,False,False,False,False,False,False,False,False,False,False,False
1119,2021-02-08,2020-12-30,1000.0,1000.0,40.0,2020-08-17,,,2020-12-30,,175.0,,,40.0,,False,False,False,True,False,False,False,False,False,False,False,False,False,False,True,True,False,False,False,False
1119,2021-03-12,2021-03-03,100.0,100.0,9.0,2021-03-03,,,2020-12-30,,9.0,,,72.0,,False,True,True,True,False,False,False,False,False,False,False,False,False,False,True,True,False,False,False,False
1124,2021-08-13,2021-04-23,100.0,100.0,112.0,2021-04-23,,2021-03-29,,,112.0,,137.0,,,False,False,False,True,False,False,False,False,False,False,False,True,False,False,False,False,False,False,False,False
1127,2021-03-16,2021-03-10,100.0,100.0,6.0,2021-03-10,,2020-10-19,,,6.0,,148.0,,,True,True,True,True,False,False,False,False,False,False,False,True,False,False,False,False,False,False,False,False
1131,2021-02-15,2020-07-25,5000.0,,,,,,,,,,,,,False,False,False,False,False,False,False,False,False,False,False,False,False,False,False,False,False,False,False,False
1131,2021-07-30,2021-04-01,100.0,100.0,120.0,2021-04-01,,,,,120.0,,,,,False,False,False,True,False,False,False,False,False,False,False,False,False,False,False,False,False,False,False,False
1131,2021-10-25,2021-09-07,500.0,500.0,48.0,2021-04-01,,2021-09-07,,,207.0,,48.0,,,False,False,False,False,False,False,False,False,False,False,True,True,False,False,False,False,False,False,False,False
1132,2021-02-08,2020-11-25,100.0,100.0,75.0,2020-11-25,,,,,75.0,,,,,False,False,True,True,False,False,False,False,False,False,False,False,False,False,False,False,False,False,False,False
1132,2021-04-21,2021-04-12,100.0,100.0,9.0,2021-04-12,,,,,9.0,,,,,False,True,True,True,False,False,False,False,False,False,False,False,False,False,False,False,False,False,False,False
1134,2021-12-10,2021-10-12,500.0,500.0,59.0,,,2021-10-12,,2021-03-20,,,59.0,,265.0,False,False,False,False,False,False,False,False,False,False,True,True,False,False,False,False,False,False,False,False
1138,2021-01-09,2020-07-18,5000.0,,,,,,,,,,,,,False,False,False,False,False,False,False,False,False,False,False,False,False,False,False,False,False,False,False,False
1141,2021-01-04,2020-11-16,100.0,100.0,49.0,2020-11-16,,,,,49.0,,,,,False,False,True,True,False,False,False,False,False,False,False,False,False,False,False,False,False,False,False,False
1146,2021-12-07,2021-12-01,500.0,500.0,6.0,2021-10-19,,2021-12-01,2020-10-26,,49.0,,6.0,407.0,,False,False,True,True,False,False,False,False,True,True,True,True,False,False,False,False,False,False,False,False
1149,2021-03-25,2020-12-26,500.0,500.0,89.0,2020-10-14,,2020-12-26,2020-10-03,,162.0,,89.0,173.0,,False,False,False,True,False,False,False,False,False,False,True,True,False,False,False,True,False,False,False,False
1152,2021-01-09,2020-08-13,500.0,500.0,149.0,,,2020-08-13,,,,,149.0,,,False,False,False,False,False,False,False,False,False,False,False,True,False,False,False,False,False,False,False,False
1153,2021-01-20,2020-12-04,100.0,100.0,47.0,2020-12-04,,,2020-09-04,,47.0,,,138.0,,False,False,True,True,False,False,False,False,False,False,False,False,False,False,False,True,False,False,False,False
1161,2021-10-25,2021-10-11,100.0,100.0,14.0,2021-10-11,2021-02-23,2021-09-15,,,14.0,244.0,40.0,,,False,True,True,True,False,False,False,False,False,False,True,True,False,False,False,False,False,False,False,False
1162,2021-03-27,2021-02-18,100.0,100.0,37.0,2021-02-18,,2020-10-19,2020-12-02,,37.0,,159.0,115.0,,False,False,True,True,False,False,False,False,False,False,False,True,False,False,False,True,False,False,False,False
1166,2021-02-04,2021-01-20,500.0,500.0,15.0,2020-12-23,,2021-01-20,,,43.0,,15.0,,,False,False,True,True,False,False,False,False,False,True,True,True,False,False,False,False,False,False,False,False
1172,2021-03-05,2021-01-04,1000.0,1000.0,60.0,2020-09-16,,,2021-01-04,,170.0,,,60.0,,False,False,False,True,False,False,False,False,False,False,False,False,False,False,True,True,False,False,False,False
1173,2021-04-28,2021-04-24,100.0,100.0,4.0,2021-04-24,2021-02-23,2021-03-29,,,4.0,64.0,30.0,,,True,True,True,True,False,False,True,True,False,True,True,True,False,False,False,False,False,False,False,False
1175,2021-02-06,2020-09-24,100.0,100.0,135.0,2020-09-24,,,,,135.0,,,,,False,False,False,True,False,False,False,False,False,False,False,False,False,False,False,False,False,False,False,False
1175,2021-10-28,2021-04-01,100.0,100.0,210.0,2021-04-01,,,,,210.0,,,,,False,False,False,False,False,False,False,False,False,False,False,False,False,False,False,False,False,False,False,False
1177,2021-01-13,2020-08-05,500.0,500.0,161.0,,,2020-08-05,,,,,161.0,,,False,False,False,False,False,False,False,False,False,False,False,True,False,False,False,False,False,False,False,False
1177,2021-11-09,2021-05-11,100.0,100.0,182.0,2021-05-11,,2020-08-05,,,182.0,,461.0,,,False,False,False,False,False,False,False,False,False,False,False,False,False,False,False,False,False,False,False,False
1183,2021-11-03,2021-10-21,500.0,500.0,13.0,2021-08-18,,2021-10-21,2021-03-17,,77.0,,13.0,231.0,,False,False,True,True,False,False,False,False,False,True,True,True,False,False,False,False,False,False,False,False
1184,2021-03-23,2021-02-01,100.0,100.0,50.0,2021-02-01,,2020-12-26,,,50.0,,87.0,,,False,False,True,True,False,False,False,False,False,False,True,True,False,False,False,False,False,False,False,False
1186,2021-03-16,2020-12-21,100.0,100.0,85.0,2020-12-21,,,,,85.0,,,,,False,False,True,True,False,False,False,False,False,False,False,False,False,False,False,False,False,False,False,False
1189,2021-04-27,2021-04-22,500.0,500.0,5.0,2021-03-30,,2021-04-22,,,28.0,,5.0,,,False,True,True,True,False,False,False,False,True,True,True,True,False,False,False,False,False,False,False,False
1192,2021-04-13,2021-04-01,100.0,100.0,12.0,2021-04-01,,,,,12.0,,,,,False,True,True,True,False,False,False,False,False,False,False,False,False,False,False,False,False,False,False,False
1197,2021-04-24,2021-04-09,500.0,500.0,15.0,2021-01-13,,2021-04-09,,,101.0,,15.0,,,False,False,False,True,False,False,False,False,False,True,True,True,False,False,False,False,False,False,False,False
1206,2021-03-27,2021-03-26,500.0,500.0,1.0,2021-03-19,,2021-03-26,,,8.0,,1.0,,,False,True,True,True,False,False,False,False,True,True,True,True,False,False,False,False,False,False,False,False
1207,2021-11-02,2021-01-09,1000.0,1000.0,297.0,2020-11-20,,,2021-01-09,,347.0,,,297.0,,False,False,False,False,False,False,False,False,False,False,False,False,False,False,False,False,False,False,False,False
1208,2021-10-06,2020-08-11,100.0,100.0,421.0,2020-08-11,,,,,421.0,,,,,False,False,False,False,False,False,False,False,False,False,False,False,False,False,False,False,False,False,False,False
1213,2021-04-05,2021-03-29,100.0,100.0,7.0,2021-03-29,,2021-03-19,2020-08-29,,7.0,,17.0,219.0,,True,True,True,True,False,False,False,False,False,True,True,True,False,False,False,False,False,False,False,False
1221,2021-03-17,2021-03-12,1000.0,1000.0,5.0,2021-02-25,,2021-02-10,2021-03-12,,20.0,,35.0,5.0,,False,True,True,True,False,False,False,False,False,False,True,True,True,True,True,True,False,False,False,False
1222,2021-02-24,2020-12-05,500.0,500.0,81.0,2020-11-27,,2020-12-05,2020-12-04,,89.0,,81.0,82.0,,False,False,True,True,False,False,False,False,False,False,True,True,False,False,True,True,False,False,False,False
1231,2021-11-05,2021-10-07,500.0,500.0,29.0,2021-10-05,,2021-10-07,2020-12-30,,31.0,,29.0,310.0,,False,False,True,True,False,False,False,False,False,True,True,True,False,False,False,False,False,False,False,False
1239,2021-01-16,2021-01-05,500.0,500.0,11.0,2020-11-04,,2021-01-05,,2020-12-22,73.0,,11.0,,25.0,False,False,True,True,False,False,False,False,False,True,True,True,False,False,False,False,False,True,True,True
1241,2021-09-25,2021-09-07,500.0,500.0,18.0,2021-04-28,,2021-09-07,,,150.0,,18.0,,,False,False,False,True,False,False,False,False,False,True,True,True,False,False,False,False,False,False,False,False
1246,2021-10-27,2021-10-06,100.0,100.0,21.0,2021-10-06,,2021-09-13,,,21.0,,44.0,,,False,True,True,True,False,False,False,False,False,False,True,True,False,False,False,False,False,False,False,False
1248,2021-08-18,2021-04-03,500.0,500.0,137.0,2020-11-30,,2021-04-03,,,261.0,,137.0,,,False,False,False,False,False,False,False,False,False,False,False,True,False,False,False,False,False,False,False,False
1250,2021-08-20,2020-09-14,100.0,100.0,340.0,2020-09-14,,2020-09-12,,,340.0,,342.0,,,False,False,False,False,False,False,False,False,False,False,False,False,False,False,False,False,False,False,False,False
1251,2021-11-23,2021-09-28,500.0,500.0,56.0,2020-09-02,,2021-09-28,,,447.0,,56.0,,,False,False,False,False,False,False,False,False,False,False,True,True,False,False,False,False,False,False,False,False
1251,2021-12-01,2021-11-23,5000.0,500.0,64.0,2020-09-02,,2021-09-28,,,455.0,,64.0,,,False,False,False,False,False,False,False,False,False,False,True,True,False,False,False,False,False,False,False,False
1252,2021-12-06,2021-10-16,100.0,100.0,51.0,2021-10-16,,2021-04-26,2021-08-27,,51.0,,224.0,101.0,,False,False,True,True,False,False,False,False,False,False,False,False,False,False,False,True,False,False,False,False
1253,2021-02-17,2021-01-13,500.0,500.0,35.0,,,2021-01-13,,,,,35.0,,,False,False,False,False,False,False,False,False,False,False,True,True,False,False,False,False,False,False,False,False
1263,2021-03-03,2021-02-11,100.0,100.0,20.0,2021-02-11,,,,,20.0,,,,,False,True,True,True,False,False,False,False,False,False,False,False,False,False,False,False,False,False,False,False
1263,2021-12-10,2021-11-04,1000.0,1000.0,36.0,2021-09-10,,2021-09-21,2021-11-04,,91.0,,80.0,36.0,,False,False,False,True,False,False,False,False,False,False,True,True,False,False,True,True,False,False,False,False
1265,2021-02-09,2021-01-18,1000.0,1000.0,22.0,2021-01-16,,,2021-01-18,,24.0,,,22.0,,False,True,True,True,False,False,False,False,False,False,False,False,False,True,True,True,False,False,False,False
1265,2021-09-22,2021-08-27,100.0,100.0,26.0,2021-08-27,,,2021-04-30,,26.0,,,145.0,,False,True,True,True,False,False,False,False,False,False,False,False,False,False,False,True,False,False,False,False
1266,2021-01-29,2020-11-18,100.0,100.0,72.0,2020-11-18,,,,,72.0,,,,,False,False,True,True,False,False,False,False,False,False,False,False,False,False,False,False,False,False,False,False
1266,2021-03-02,2021-01-29,5000.0,100.0,104.0,2020-11-18,,,,,104.0,,,,,False,False,False,True,False,False,False,False,False,False,False,False,False,False,False,False,False,False,False,False
1267,2021-01-04,2021-01-02,500.0,500.0,2.0,,,2021-01-02,,,,,2.0,,,False,False,False,False,False,False,False,False,True,True,True,True,False,False,False,False,False,False,False,False
1267,2021-01-22,2021-01-04,5000.0,500.0,20.0,,,2021-01-02,,,,,20.0,,,False,False,False,False,False,False,False,False,False,True,True,True,False,False,False,False,False,False,False,False
1267,2021-12-31,2021-11-20,100.0,100.0,41.0,2021-11-20,,2021-11-13,,,41.0,,48.0,,,False,False,True,True,False,False,False,False,False,False,True,True,False,False,False,False,False,False,False,False
1275,2021-11-06,2021-11-04,100.0,100.0,2.0,2021-11-04,2020-12-29,2021-02-11,2021-09-30,,2.0,312.0,268.0,37.0,,True,True,True,True,False,False,False,False,False,False,False,False,False,False,True,True,False,False,False,False
1279,2021-09-10,2021-01-23,100.0,100.0,230.0,2021-01-23,,2020-08-03,,,230.0,,403.0,,,False,False,False,False,False,False,False,False,False,False,False,False,False,False,False,False,False,False,False,False
1286,2021-12-18,2021-11-27,500.0,500.0,21.0,2021-11-26,,2021-11-27,2021-01-27,,22.0,,21.0,325.0,,False,True,True,True,False,False,False,False,False,True,True,True,False,False,False,False,False,False,False,False
1286,2021-12-30,2021-12-18,5000.0,500.0,33.0,2021-11-26,,2021-11-27,2021-01-27,,34.0,,33.0,337.0,,False,False,True,True,False,False,False,False,False,False,True,True,False,False,False,False,False,False,False,False
1292,2021-09-07,2021-03-25,100.0,100.0,166.0,2021-03-25,,2020-12-26,2020-10-28,,166.0,,255.0,314.0,,False,False,False,True,False,False,False,False,False,False,False,False,False,False,False,False,False,False,False,False
1301,2021-09-10,2021-09-07,100.0,100.0,3.0,2021-09-07,,2021-02-20,2020-09-30,,3.0,,202.0,345.0,,True,True,True,True,False,False,False,False,False,False,False,False,False,False,False,False,False,False,False,False
1304,2021-08-02,2021-04-12,500.0,500.0,112.0,2021-03-01,,2021-04-12,,,154.0,,112.0,,,False,False,False,True,False,False,False,False,False,False,False,True,False,False,False,False,False,False,False,False
1304,2021-12-23,2021-11-03,100.0,100.0,50.0,2021-11-03,,2021-04-12,2021-10-08,,50.0,,255.0,76.0,,False,False,True,True,False,False,False,False,False,False,False,False,False,False,True,True,False,False,False,False
1306,2021-05-05,2021-03-24,100.0,100.0,42.0,2021-03-24,,,,,42.0,,,,,False,False,True,True,False,False,False,False,False,False,False,False,False,False,False,False,False,False,False,False
1308,2021-03-25,2021-02-26,500.0,500.0,27.0,2020-12-30,,2021-02-26,,,85.0,,27.0,,,False,False,True,True,False,False,False,False,False,True,True,True,False,False,False,False,False,False,False,False
1309,2021-10-28,2021-08-20,500.0,500.0,69.0,2020-08-03,,2021-08-20,2021-02-16,,451.0,,69.0,254.0,,False,False,False,False,False,False,False,False,False,False,True,True,False,False,False,False,False,False,False,False
1316,2021-10-09,2021-09-03,100.0,100.0,36.0,2021-09-03,,2021-02-12,,,36.0,,239.0,,,False,False,True,True,False,False,False,False,False,False,False,False,False,False,False,False,False,False,False,False
1320,2021-09-21,2021-09-20,100.0,100.0,1.0,2021-09-20,,2021-03-10,2021-03-27,,1.0,,195.0,178.0,,True,True,True,True,False,False,False,False,False,False,False,False,False,False,False,True,False,False,False,False
1323,2021-01-20,2020-12-21,100.0,100.0,30.0,2020-12-21,,2020-09-12,,,30.0,,130.0,,,False,True,True,True,False,False,False,False,False,False,False,True,False,False,False,False,False,False,False,False
1323,2021-03-12,2021-02-24,100.0,100.0,16.0,2021-02-24,,2020-09-12,,,16.0,,181.0,,,False,True,True,True,False,False,False,False,False,False,False,False,False,False,False,False,False,False,False,False
1324,2021-10-19,2021-09-11,100.0,100.0,38.0,2021-09-11,2020-12-15,2021-04-30,,,38.0,308.0,172.0,,,False,False,True,True,False,False,False,False,False,False,False,True,False,False,False,False,False,False,False,False
1330,2021-11-06,2021-03-12,500.0,500.0,239.0,2021-01-11,,2021-03-12,2021-01-05,,299.0,,239.0,305.0,,False,False,False,False,False,False,False,False,False,False,False,False,False,False,False,False,False,False,False,False
1332,2021-04-27,2021-04-22,500.0,500.0,5.0,2020-11-13,,2021-04-22,2021-04-09,,165.0,,5.0,18.0,,False,False,False,True,False,False,False,False,True,True,True,True,False,True,True,True,False,False,False,False
1333,2021-12-20,2021-01-22,100.0,100.0,332.0,2021-01-22,,,,,332.0,,,,,False,False,False,False,False,False,False,False,False,False,False,False,False,False,False,False,False,False,False,False
1334,2021-02-22,2020-12-26,1000.0,1000.0,58.0,,,2020-10-12,2020-12-26,,,,133.0,58.0,,False,False,False,False,False,False,False,False,False,False,False,True,False,False,True,True,False,False,False,False
1336,2021-01-12,2020-12-30,500.0,500.0,13.0,2020-12-29,,2020-12-30,2020-11-04,,14.0,,13.0,69.0,,False,True,True,True,False,False,False,False,False,True,True,True,False,False,True,True,False,False,False,False
1341,2021-12-09,2021-09-25,100.0,100.0,75.0,2021-09-25,,,2021-04-15,,75.0,,,238.0,,False,False,True,True,False,False,False,False,False,False,False,False,False,False,False,False,False,False,False,False
1343,2021-05-06,2021-02-08,500.0,500.0,87.0,2020-10-28,,2021-02-08,2020-10-19,,190.0,,87.0,199.0,,False,False,False,False,False,False,False,False,False,False,True,True,False,False,False,False,False,False,False,False
1344,2021-03-25,2021-02-22,500.0,500.0,31.0,,,2021-02-22,2021-02-17,,,,31.0,36.0,,False,False,False,False,False,False,False,False,False,False,True,True,False,False,True,True,False,False,False,False
1347,2021-02-06,2021-01-04,100.0,100.0,33.0,2021-01-04,,,2020-10-19,,33.0,,,110.0,,False,False,True,True,False,False,False,False,False,False,False,False,False,False,False,True,False,False,False,False
1348,2021-02-01,2020-12-16,500.0,500.0,47.0,,,2020-12-16,,,,,47.0,,,False,False,False,False,False,False,False,False,False,False,True,True,False,False,False,False,False,False,False,False
1349,2021-09-29,2021-03-04,1000.0,1000.0,209.0,,,2021-02-15,2021-03-04,2020-12-02,,,226.0,209.0,301.0,False,False,False,False,False,False,False,False,False,False,False,False,False,False,False,False,False,False,False,False
1352,2021-11-09,2021-09-02,100.0,100.0,68.0,2021-09-02,2020-12-22,2021-02-08,2020-11-09,,68.0,322.0,274.0,365.0,,False,False,True,True,False,False,False,False,False,False,False,False,False,False,False,False,False,False,False,False
1354,2021-09-15,2021-09-07,500.0,500.0,8.0,2021-08-09,,2021-09-07,2021-08-11,,37.0,,8.0,35.0,,False,False,True,True,False,False,False,False,False,True,True,True,False,False,True,True,False,False,False,False
1355,2021-01-25,2020-12-11,500.0,500.0,45.0,2020-11-16,2020-09-08,2020-12-11,,,70.0,139.0,45.0,,,False,False,True,True,False,False,False,True,False,False,True,True,False,False,False,False,False,False,False,False
1358,2021-03-20,,,,,,,,,,,,,,,False,False,False,False,False,False,False,False,False,False,False,False,False,False,False,False,False,False,False,False
1358,2021-05-04,2021-03-27,500.0,500.0,38.0,,,2021-03-27,,,,,38.0,,,False,False,False,False,False,False,False,False,False,False,True,True,False,False,False,False,False,False,False,False
1365,2021-03-27,2021-03-01,500.0,500.0,26.0,2021-01-05,,2021-03-01,,,81.0,,26.0,,,False,False,True,True,False,False,False,False,False,True,True,True,False,False,False,False,False,False,False,False
1369,2021-03-30,2021-01-08,500.0,500.0,81.0,,,2021-01-08,,,,,81.0,,,False,False,False,False,False,False,False,False,False,False,True,True,False,False,False,False,False,False,False,False
1370,2021-01-05,2020-12-12,100.0,100.0,24.0,2020-12-12,,2020-12-02,,,24.0,,34.0,,,False,True,True,True,False,False,False,False,False,False,True,True,False,False,False,False,False,False,False,False
1373,2021-01-11,2020-12-18,500.0,500.0,24.0,2020-12-05,,2020-12-18,2020-09-24,,37.0,,24.0,109.0,,False,False,True,True,False,False,False,False,False,True,True,True,False,False,False,True,False,False,False,False
1373,2021-02-19,2021-01-16,100.0,100.0,34.0,2021-01-16,,2020-12-18,2020-09-24,,34.0,,63.0,148.0,,False,False,True,True,False,False,False,False,False,False,True,True,False,False,False,True,False,False,False,False
1377,2021-01-04,2020-12-26,500.0,500.0,9.0,2020-10-05,,2020-12-26,,,91.0,,9.0,,,False,False,False,True,False,False,False,False,False,True,True,True,False,False,False,False,False,False,False,False
1378,2021-09-23,2021-09-17,100.0,100.0,6.0,2021-09-17,,2021-07-27,2021-02-02,,6.0,,58.0,233.0,,True,True,True,True,False,False,False,False,False,False,True,True,False,False,False,False,False,False,False,False
1387,2021-01-06,2020-11-23,500.0,500.0,44.0,,2020-09-08,2020-11-23,,,,120.0,44.0,,,False,False,False,False,False,False,False,True,False,False,True,True,False,False,False,False,False,False,False,False
1390,2021-09-11,2021-08-11,500.0,500.0,31.0,2021-01-25,2020-12-22,2021-08-11,,2020-11-30,229.0,263.0,31.0,,285.0,False,False,False,False,False,False,False,False,False,False,True,True,False,False,False,False,False,False,False,False
1391,2021-08-09,2021-08-02,2000.0,2000.0,7.0,2021-03-12,,2021-03-15,2021-03-25,2021-08-02,150.0,,147.0,137.0,7.0,False,False,False,True,False,False,False,False,False,False,False,True,False,False,False,True,True,True,True,True
1393,2021-03-08,2021-01-18,500.0,500.0,49.0,2020-11-11,,2021-01-18,2020-12-16,,117.0,,49.0,82.0,,False,False,False,True,False,False,False,False,False,False,True,True,False,False,True,True,False,False,False,False
1393,2021-12-31,2021-12-15,100.0,100.0,16.0,2021-12-15,,2021-01-18,2020-12-16,,16.0,,347.0,380.0,,False,True,True,True,False,False,False,False,False,False,False,False,False,False,False,False,False,False,False,False
1394,2021-11-10,2021-08-04,500.0,500.0,98.0,2021-02-08,,2021-08-04,,,275.0,,98.0,,,False,False,False,False,False,False,False,False,False,False,False,True,False,False,False,False,False,False,False,False
1395,2021-02-16,2021-01-25,100.0,100.0,22.0,2021-01-25,,2020-12-04,,,22.0,,74.0,,,False,True,True,True,False,False,False,False,False,False,True,True,False,False,False,False,False,False,False,False
1398,2021-12-27,2021-08-25,500.0,500.0,124.0,2020-11-11,2020-12-15,2021-08-25,2020-10-09,,411.0,377.0,124.0,444.0,,False,False,False,False,False,False,False,False,False,False,False,True,False,False,False,False,False,False,False,False
1401,2021-04-13,2021-04-02,100.0,100.0,11.0,2021-04-02,2021-01-12,,,,11.0,91.0,,,,False,True,True,True,False,False,False,True,False,False,False,False,False,False,False,False,False,False,False,False
1403,2021-04-26,2021-02-26,500.0,500.0,59.0,2020-12-26,,2021-02-26,,2020-12-16,121.0,,59.0,,131.0,False,False,False,True,False,False,False,False,False,False,True,True,False,False,False,False,False,False,False,True
1403,2021-11-27,2021-11-22,500.0,500.0,5.0,2021-05-05,,2021-11-22,,2020-12-16,206.0,,5.0,,346.0,False,False,False,False,False,False,False,False,True,True,True,True,False,False,False,False,False,False,False,False
1409,2021-12-22,2021-10-09,500.0,500.0,74.0,2021-09-11,,2021-10-09,2020-08-19,,102.0,,74.0,490.0,,False,False,False,True,False,False,False,False,False,False,True,True,False,False,False,False,False,False,False,False
1413,2021-12-30,2021-10-18,500.0,500.0,73.0,,,2021-10-18,2021-09-25,,,,73.0,96.0,,False,False,False,False,False,False,False,False,False,False,True,True,False,False,False,True,False,False,False,False
1416,2021-03-29,2021-02-22,500.0,500.0,35.0,2021-01-04,,2021-02-22,,,84.0,,35.0,,,False,False,True,True,False,False,False,False,False,False,True,True,False,False,False,False,False,False,False,False
1416,2021-04-27,2021-03-29,5000.0,500.0,64.0,2021-01-04,,2021-02-22,,,113.0,,64.0,,,False,False,False,True,False,False,False,False,False,False,True,True,False,False,False,False,False,False,False,False
1417,2021-12-30,2021-11-11,100.0,100.0,49.0,2021-11-11,,2021-09-24,2021-02-25,2021-01-18,49.0,,97.0,308.0,346.0,False,False,True,True,False,False,False,False,False,False,False,True,False,False,False,False,False,False,False,False
1419,2021-03-31,2021-03-04,1000.0,1000.0,27.0,,,2020-10-19,2021-03-04,,,,163.0,27.0,,False,False,False,False,False,False,False,False,False,False,False,True,False,True,True,True,False,False,False,False
1419,2021-11-12,2021-11-06,100.0,100.0,6.0,2021-11-06,,2020-10-19,2021-03-04,,6.0,,389.0,253.0,,True,True,True,True,False,False,False,False,False,False,False,False,False,False,False,False,False,False,False,False
1420,2021-01-22,2020-12-22,100.0,100.0,31.0,2020-12-22,,,,,31.0,,,,,False,False,True,True,False,False,False,False,False,False,False,False,False,False,False,False,False,False,False,False
1424,2021-03-24,2021-01-18,100.0,100.0,65.0,2021-01-18,,,,,65.0,,,,,False,False,True,True,False,False,False,False,False,False,False,False,False,False,False,False,False,False,False,False
1427,2021-05-04,2021-04-20,500.0,500.0,14.0,2021-03-03,,2021-04-20,2020-12-11,,62.0,,14.0,144.0,,False,False,True,True,False,False,False,False,False,True,True,True,False,False,False,True,False,False,False,False
1427,2021-12-09,2021-07-27,100.0,100.0,135.0,2021-07-27,,2021-04-20,2020-12-11,,135.0,,233.0,363.0,,False,False,False,True,False,False,False,False,False,False,False,False,False,False,False,False,False,False,False,False
1428,2021-12-11,2021-03-08,500.0,500.0,278.0,2020-08-03,,2021-03-08,,,495.0,,278.0,,,False,False,False,False,False,False,False,False,False,False,False,False,False,False,False,False,False,False,False,False
1432,2021-03-04,2020-08-11,100.0,100.0,205.0,2020-08-11,,,,,205.0,,,,,False,False,False,False,False,False,False,False,False,False,False,False,False,False,False,False,False,False,False,False
1434,2021-02-02,2020-12-29,200.0,200.0,35.0,,2020-12-29,,,,,35.0,,,,False,False,False,False,False,False,True,True,False,False,False,False,False,False,False,False,False,False,False,False
1434,2021-10-19,2021-10-04,100.0,100.0,15.0,2021-10-04,2020-12-29,2021-09-02,,,15.0,294.0,47.0,,,False,True,True,True,False,False,False,False,False,False,True,True,False,False,False,False,False,False,False,False
1437,2021-09-30,2021-09-15,100.0,100.0,15.0,2021-09-15,,2021-09-11,,,15.0,,19.0,,,False,True,True,True,False,False,False,False,False,True,True,True,False,False,False,False,False,False,False,False
1440,2021-05-04,2021-03-17,500.0,500.0,48.0,,,2021-03-17,,,,,48.0,,,False,False,False,False,False,False,False,False,False,False,True,True,False,False,False,False,False,False,False,False
1442,2021-08-18,2021-08-04,100.0,100.0,14.0,2021-08-04,,2021-03-29,,,14.0,,142.0,,,False,True,True,True,False,False,False,False,False,False,False,True,False,False,False,False,False,False,False,False
1446,2021-01-13,2020-11-30,500.0,500.0,44.0,,,2020-11-30,,,,,44.0,,,False,False,False,False,False,False,False,False,False,False,True,True,False,False,False,False,False,False,False,False
1448,2021-01-04,,,,,,,,,,,,,,,False,False,False,False,False,False,False,False,False,False,False,False,False,False,False,False,False,False,False,False
1448,2021-01-22,2021-01-04,5000.0,,,,,,,,,,,,,False,False,False,False,False,False,False,False,False,False,False,False,False,False,False,False,False,False,False,False
1448,2021-11-27,2021-11-10,100.0,100.0,17.0,2021-11-10,,2021-08-25,,,17.0,,94.0,,,False,True,True,True,False,False,False,False,False,False,False,True,False,False,False,False,False,False,False,False
1452,2021-02-23,2020-12-22,500.0,500.0,63.0,,,2020-12-22,,,,,63.0,,,False,False,False,False,False,False,False,False,False,False,True,True,False,False,False,False,False,False,False,False
1456,2021-04-24,2021-02-10,1000.0,1000.0,73.0,,,,2021-02-10,,,,,73.0,,False,False,False,False,False,False,False,False,False,False,False,False,False,False,True,True,False,False,False,False
1457,2021-09-21,2021-08-18,100.0,100.0,34.0,2021-08-18,,2021-04-17,2021-04-24,,34.0,,157.0,150.0,,False,False,True,True,False,False,False,False,False,False,False,True,False,False,False,True,False,False,False,False
1460,2021-10-18,2021-10-12,100.0,100.0,6.0,2021-10-12,,2021-03-08,2020-11-20,,6.0,,224.0,332.0,,True,True,True,True,False,False,False,False,False,False,False,False,False,False,False,False,False,False,False,False
1461,2021-01-23,2021-01-06,100.0,100.0,17.0,2021-01-06,,,,,17.0,,,,,False,True,True,True,False,False,False,False,False,False,False,False,False,False,False,False,False,False,False,False
1462,2021-02-16,,,,,,,,,,,,,,,False,False,False,False,False,False,False,False,False,False,False,False,False,False,False,False,False,False,False,False
1462,2021-04-03,2021-02-16,5000.0,,,,,,,,,,,,,False,False,False,False,False,False,False,False,False,False,False,False,False,False,False,False,False,False,False,False
1465,2021-04-26,2021-03-25,500.0,500.0,32.0,2020-11-11,,2021-03-25,,2020-11-23,166.0,,32.0,,154.0,False,False,False,True,False,False,False,False,False,False,True,True,False,False,False,False,False,False,False,True
1466,2021-11-26,2021-09-17,100.0,100.0,70.0,2021-09-17,,2021-03-25,2021-04-22,,70.0,,246.0,218.0,,False,False,True,True,False,False,False,False,False,False,False,False,False,False,False,False,False,False,False,False
1467,2021-04-28,2021-04-21,1000.0,1000.0,7.0,2021-02-03,,,2021-04-21,,84.0,,,7.0,,False,False,True,True,False,False,False,False,False,False,False,False,True,True,True,True,False,False,False,False
1469,2021-12-31,2021-12-13,100.0,100.0,18.0,2021-12-13,2021-12-07,2021-10-04,2020-10-23,,18.0,24.0,88.0,434.0,,False,True,True,True,False,True,True,True,False,False,True,True,False,False,False,False,False,False,False,False
1473,2021-11-27,2021-09-22,100.0,100.0,66.0,2021-09-22,,2021-04-28,,,66.0,,213.0,,,False,False,True,True,False,False,False,False,False,False,False,False,False,False,False,False,False,False,False,False
1473,2021-12-17,2021-11-27,5000.0,100.0,86.0,2021-09-22,,2021-04-28,,,86.0,,233.0,,,False,False,True,True,False,False,False,False,False,False,False,False,False,False,False,False,False,False,False,False
1481,2021-03-09,,,,,,,,,,,,,,,False,False,False,False,False,False,False,False,False,False,False,False,False,False,False,False,False,False,False,False
1492,2021-04-20,2021-04-17,100.0,100.0,3.0,2021-04-17,,2020-12-04,,,3.0,,137.0,,,True,True,True,True,False,False,False,False,False,False,False,True,False,False,False,False,False,False,False,False
1492,2021-09-04,2021-04-20,5000.0,100.0,140.0,2021-04-17,,2020-12-04,,,140.0,,274.0,,,False,False,False,True,False,False,False,False,False,False,False,False,False,False,False,False,False,False,False,False
1495,2021-11-11,2021-09-30,100.0,100.0,42.0,2021-09-30,,,2021-04-28,,42.0,,,197.0,,False,False,True,True,False,False,False,False,False,False,False,False,False,False,False,False,False,False,False,False
1497,2021-02-01,2020-12-30,100.0,100.0,33.0,2020-12-30,,,,,33.0,,,,,False,False,True,True,False,False,False,False,False,False,False,False,False,False,False,False,False,False,False,False
1497,2021-08-27,2021-03-12,100.0,100.0,168.0,2021-03-12,,2021-02-12,,,168.0,,196.0,,,False,False,False,True,False,False,False,False,False,False,False,False,False,False,False,False,False,False,False,False
1498,2021-08-04,2021-03-29,100.0,100.0,128.0,2021-03-29,,2021-03-03,,,128.0,,154.0,,,False,False,False,True,False,False,False,False,False,False,False,True,False,False,False,False,False,False,False,False
1500,2021-10-06,2021-09-14,100.0,100.0,22.0,2021-09-14,,2021-03-10,,,22.0,,210.0,,,False,True,True,True,False,False,False,False,False,False,False,False,False,False,False,False,False,False,False,False
1501,2021-09-06,2021-03-17,500.0,500.0,173.0,2021-01-04,,2021-03-17,2020-11-25,,245.0,,173.0,285.0,,False,False,False,False,False,False,False,False,False,False,False,True,False,False,False,False,False,False,False,False
1502,2021-08-18,2021-04-21,500.0,500.0,119.0,2020-09-22,,2021-04-21,,,330.0,,119.0,,,False,False,False,False,False,False,False,False,False,False,False,True,False,False,False,False,False,False,False,False
1508,2021-09-18,2021-09-13,100.0,100.0,5.0,2021-09-13,2021-05-04,2021-01-29,2020-10-03,,5.0,137.0,232.0,350.0,,True,True,True,True,False,False,False,True,False,False,False,False,False,False,False,False,False,False,False,False
1511,2021-03-09,2021-01-25,100.0,100.0,43.0,2021-01-25,,,,,43.0,,,,,False,False,True,True,False,False,False,False,False,False,False,False,False,False,False,False,False,False,False,False
1511,2021-12-14,2021-10-15,100.0,100.0,60.0,2021-10-15,,2021-10-04,,,60.0,,71.0,,,False,False,True,True,False,False,False,False,False,False,True,True,False,False,False,False,False,False,False,False
1513,2021-11-24,2021-09-20,100.0,100.0,65.0,2021-09-20,,2021-03-11,2020-10-21,,65.0,,258.0,399.0,,False,False,True,True,False,False,False,False,False,False,False,False,False,False,False,False,False,False,False,False
1516,2021-04-23,2021-03-15,100.0,100.0,39.0,2021-03-15,2021-02-16,2021-02-22,2020-08-27,,39.0,66.0,60.0,239.0,,False,False,True,True,False,False,True,True,False,False,True,True,False,False,False,False,False,False,False,False
1518,2021-09-08,2021-04-29,500.0,500.0,132.0,,2021-01-12,2021-04-29,2021-01-27,,,239.0,132.0,224.0,,False,False,False,False,False,False,False,False,False,False,False,True,False,False,False,False,False,False,False,False
1520,2021-01-06,2020-12-26,100.0,100.0,11.0,2020-12-26,,,2020-12-23,2020-11-23,11.0,,,14.0,44.0,False,True,True,True,False,False,False,False,False,False,False,False,False,True,True,True,False,False,True,True
1520,2021-04-07,2021-01-06,5000.0,100.0,102.0,2020-12-26,,,2020-12-23,2020-11-23,102.0,,,105.0,135.0,False,False,False,True,False,False,False,False,False,False,False,False,False,False,False,True,False,False,False,True
1521,2021-12-06,2021-10-01,100.0,100.0,66.0,2021-10-01,,2020-10-12,2021-03-12,,66.0,,420.0,269.0,,False,False,True,True,False,False,False,False,False,False,False,False,False,False,False,False,False,False,False,False
1523,2021-01-27,2020-12-16,100.0,100.0,42.0,2020-12-16,,,,,42.0,,,,,False,False,True,True,False,False,False,False,False,False,False,False,False,False,False,False,False,False,False,False
1525,2021-01-20,2020-12-09,500.0,500.0,42.0,,,2020-12-09,,,,,42.0,,,False,False,False,False,False,False,False,False,False,False,True,True,False,False,False,False,False,False,False,False
1530,2021-02-11,2021-01-20,100.0,100.0,22.0,2021-01-20,,,,,22.0,,,,,False,True,True,True,False,False,False,False,False,False,False,False,False,False,False,False,False,False,False,False
1530,2021-09-03,2021-04-08,500.0,500.0,148.0,2021-04-05,2021-02-23,2021-04-08,,,151.0,192.0,148.0,,,False,False,False,True,False,False,False,False,False,False,False,True,False,False,False,False,False,False,False,False
1533,2021-12-04,2021-10-08,500.0,500.0,57.0,2021-05-07,,2021-10-08,2021-01-16,,211.0,,57.0,322.0,,False,False,False,False,False,False,False,False,False,False,True,True,False,False,False,False,False,False,False,False
1535,2021-12-25,2021-12-15,100.0,100.0,10.0,2021-12-15,,2021-10-15,,,10.0,,71.0,,,False,True,True,True,False,False,False,False,False,False,True,True,False,False,False,False,False,False,False,False
1537,2021-11-22,2021-11-05,500.0,500.0,17.0,2021-09-08,,2021-11-05,,2021-05-11,75.0,,17.0,,195.0,False,False,True,True,False,False,False,False,False,True,True,True,False,False,False,False,False,False,False,False
1540,2021-12-16,2021-08-16,500.0,500.0,122.0,2021-03-19,2020-12-01,2021-08-16,2021-07-30,,272.0,380.0,122.0,139.0,,False,False,False,False,False,False,False,False,False,False,False,True,False,False,False,True,False,False,False,False
1542,2021-01-27,2021-01-22,500.0,500.0,5.0,2020-10-19,,2021-01-22,,,100.0,,5.0,,,False,False,False,True,False,False,False,False,True,True,True,True,False,False,False,False,False,False,False,False
1543,2021-05-11,2021-03-24,100.0,100.0,48.0,2021-03-24,,,,,48.0,,,,,False,False,True,True,False,False,False,False,False,False,False,False,False,False,False,False,False,False,False,False
1543,2021-10-30,2021-09-02,100.0,100.0,58.0,2021-09-02,,,,,58.0,,,,,False,False,True,True,False,False,False,False,False,False,False,False,False,False,False,False,False,False,False,False
1546,2021-04-19,2021-03-30,100.0,100.0,20.0,2021-03-30,,,,,20.0,,,,,False,True,True,True,False,False,False,False,False,False,False,False,False,False,False,False,False,False,False,False
1547,2021-11-15,2021-11-02,500.0,500.0,13.0,2021-10-11,,2021-11-02,,,35.0,,13.0,,,False,False,True,True,False,False,False,False,False,True,True,True,False,False,False,False,False,False,False,False
1548,2021-12-18,2021-09-18,100.0,100.0,91.0,2021-09-18,,,,,91.0,,,,,False,False,False,True,False,False,False,False,False,False,False,False,False,False,False,False,False,False,False,False
1550,2021-01-09,2020-12-12,500.0,500.0,28.0,2020-09-12,,2020-12-12,,,119.0,,28.0,,,False,False,False,True,False,False,False,False,False,True,True,True,False,False,False,False,False,False,False,False
1555,2021-12-03,2021-09-30,100.0,100.0,64.0,2021-09-30,,2021-09-27,,2021-04-10,64.0,,67.0,,237.0,False,False,True,True,False,False,False,False,False,False,True,True,False,False,False,False,False,False,False,False
1557,2021-04-19,2020-09-26,100.0,100.0,205.0,2020-09-26,,2020-09-04,,,205.0,,227.0,,,False,False,False,False,False,False,False,False,False,False,False,False,False,False,False,False,False,False,False,False
1557,2021-09-24,2021-07-27,500.0,500.0,59.0,2020-09-26,,2021-07-27,,,363.0,,59.0,,,False,False,False,False,False,False,False,False,False,False,True,True,False,False,False,False,False,False,False,False
1560,2021-03-01,2021-02-17,500.0,500.0,12.0,2021-01-15,,2021-02-17,,,45.0,,12.0,,,False,False,True,True,False,False,False,False,False,True,True,True,False,False,False,False,False,False,False,False
1564,2021-08-06,2021-08-04,500.0,500.0,2.0,2021-02-01,,2021-08-04,,,186.0,,2.0,,,False,False,False,False,False,False,False,False,True,True,True,True,False,False,False,False,False,False,False,False
1565,2021-09-04,2021-07-23,1000.0,1000.0,43.0,2020-08-13,,2021-02-22,2021-07-23,,387.0,,194.0,43.0,,False,False,False,False,False,False,False,False,False,False,False,False,False,False,True,True,False,False,False,False
1565,2021-09-14,2021-09-04,5000.0,1000.0,53.0,2020-08-13,,2021-02-22,2021-07-23,,397.0,,204.0,53.0,,False,False,False,False,False,False,False,False,False,False,False,False,False,False,True,True,False,False,False,False
1566,2021-12-15,2021-09-27,100.0,100.0,79.0,2021-09-27,,2021-08-02,,,79.0,,135.0,,,False,False,True,True,False,False,False,False,False,False,False,True,False,False,False,False,False,False,False,False
1567,2021-09-04,2021-08-04,100.0,100.0,31.0,2021-08-04,,2021-03-29,2020-11-02,2021-04-19,31.0,,159.0,306.0,138.0,False,False,True,True,False,False,False,False,False,False,False,True,False,False,False,False,False,False,False,True
1567,2021-10-22,2021-09-27,100.0,100.0,25.0,2021-09-27,,2021-03-29,2020-11-02,2021-04-19,25.0,,207.0,354.0,186.0,False,True,True,True,False,False,False,False,False,False,False,False,False,False,False,False,False,False,False,False
1569,2021-10-22,2021-09-16,100.0,100.0,36.0,2021-09-16,,2021-09-06,2021-04-14,,36.0,,46.0,191.0,,False,False,True,True,False,False,False,False,False,False,True,True,False,False,False,False,False,False,False,False
1569,2021-11-08,2021-10-22,5000.0,100.0,53.0,2021-09-16,,2021-09-06,2021-04-14,,53.0,,63.0,208.0,,False,False,True,True,False,False,False,False,False,False,True,True,False,False,False,False,False,False,False,False
1570,2021-02-17,2021-01-09,100.0,100.0,39.0,2021-01-09,,2020-09-26,,,39.0,,144.0,,,False,False,True,True,False,False,False,False,False,False,False,True,False,False,False,False,False,False,False,False
1570,2021-12-27,2021-11-23,100.0,100.0,34.0,2021-11-23,,2020-09-26,,2021-10-04,34.0,,457.0,,84.0,False,False,True,True,False,False,False,False,False,False,False,False,False,False,False,False,False,False,True,True
1571,2021-09-21,2021-09-16,100.0,100.0,5.0,2021-09-16,,2020-12-15,2020-12-25,2020-12-05,5.0,,280.0,270.0,290.0,True,True,True,True,False,False,False,False,False,False,False,False,False,False,False,False,False,False,False,False
1573,2021-03-19,2021-01-18,500.0,500.0,60.0,2021-01-04,,2021-01-18,,,74.0,,60.0,,,False,False,True,True,False,False,False,False,False,False,True,True,False,False,False,False,False,False,False,False
1573,2021-09-23,2021-08-18,100.0,100.0,36.0,2021-08-18,,2021-01-18,,,36.0,,248.0,,,False,False,True,True,False,False,False,False,False,False,False,False,False,False,False,False,False,False,False,False
1575,2021-01-02,,,,,,,,,,,,,,,False,False,False,False,False,False,False,False,False,False,False,False,False,False,False,False,False,False,False,False
1575,2021-02-24,2021-01-30,500.0,500.0,25.0,,,2021-01-30,,,,,25.0,,,False,False,False,False,False,False,False,False,False,True,True,True,False,False,False,False,False,False,False,False
1576,2021-03-23,2021-03-10,1000.0,1000.0,13.0,2020-11-18,2020-08-11,2020-08-13,2021-03-10,,125.0,224.0,222.0,13.0,,False,False,False,True,False,False,False,False,False,False,False,False,False,True,True,True,False,False,False,False
1579,2021-03-13,2021-01-04,500.0,500.0,68.0,2020-12-07,,2021-01-04,,,96.0,,68.0,,,False,False,False,True,False,False,False,False,False,False,True,True,False,False,False,False,False,False,False,False
1582,2021-10-29,2021-10-16,100.0,100.0,13.0,2021-10-16,,2020-09-28,2021-05-10,,13.0,,396.0,172.0,,False,True,True,True,False,False,False,False,False,False,False,False,False,False,False,True,False,False,False,False
1586,2021-04-16,2021-04-08,100.0,100.0,8.0,2021-04-08,,2020-11-16,,,8.0,,151.0,,,False,True,True,True,False,False,False,False,False,False,False,True,False,False,False,False,False,False,False,False
1597,2021-11-12,2021-10-12,500.0,500.0,31.0,2021-08-25,2021-02-23,2021-10-12,,,79.0,262.0,31.0,,,False,False,True,True,False,False,False,False,False,False,True,True,False,False,False,False,False,False,False,False
1600,2021-10-08,2021-08-25,100.0,100.0,44.0,2021-08-25,,2021-04-27,2020-09-18,,44.0,,164.0,385.0,,False,False,True,True,False,False,False,False,False,False,False,True,False,False,False,False,False,False,False,False
1605,2021-12-09,2021-10-11,2000.0,2000.0,59.0,2021-08-25,,,,2021-10-11,106.0,,,,59.0,False,False,False,True,False,False,False,False,False,False,False,False,False,False,False,False,False,False,True,True
1607,2021-01-11,,,,,,,,,,,,,,,False,False,False,False,False,False,False,False,False,False,False,False,False,False,False,False,False,False,False,False
1608,2021-10-14,2021-10-11,100.0,100.0,3.0,2021-10-11,,,,,3.0,,,,,True,True,True,True,False,False,False,False,False,False,False,False,False,False,False,False,False,False,False,False
1608,2021-11-16,2021-10-14,5000.0,100.0,36.0,2021-10-11,,,,,36.0,,,,,False,False,True,True,False,False,False,False,False,False,False,False,False,False,False,False,False,False,False,False
1610,2021-03-25,2021-03-13,100.0,100.0,12.0,2021-03-13,,2020-11-18,,,12.0,,127.0,,,False,True,True,True,False,False,False,False,False,False,False,True,False,False,False,False,False,False,False,False
1613,2021-11-02,2021-10-13,500.0,500.0,20.0,2021-09-27,,2021-10-13,,,36.0,,20.0,,,False,False,True,True,False,False,False,False,False,True,True,True,False,False,False,False,False,False,False,False
1615,2021-01-23,,,,,,,,,,,,,,,False,False,False,False,False,False,False,False,False,False,False,False,False,False,False,False,False,False,False,False
1617,2021-09-06,2021-07-30,500.0,500.0,38.0,,,2021-07-30,,,,,38.0,,,False,False,False,False,False,False,False,False,False,False,True,True,False,False,False,False,False,False,False,False
1620,2021-01-05,2020-08-07,500.0,500.0,151.0,,,2020-08-07,,,,,151.0,,,False,False,False,False,False,False,False,False,False,False,False,True,False,False,False,False,False,False,False,False
1620,2021-02-11,2021-01-05,5000.0,500.0,188.0,,,2020-08-07,,,,,188.0,,,False,False,False,False,False,False,False,False,False,False,False,False,False,False,False,False,False,False,False,False
1625,2021-09-11,2021-03-16,200.0,200.0,179.0,,2021-03-16,,2020-09-02,,,179.0,,374.0,,False,False,False,False,False,False,False,True,False,False,False,False,False,False,False,False,False,False,False,False
1629,2021-12-20,2021-09-20,100.0,100.0,91.0,2021-09-20,,2021-01-08,2021-01-01,,91.0,,346.0,353.0,,False,False,False,True,False,False,False,False,False,False,False,False,False,False,False,False,False,False,False,False
1630,2021-03-17,2021-03-10,100.0,100.0,7.0,2021-03-10,,,2021-01-20,,7.0,,,56.0,,True,True,True,True,False,False,False,False,False,False,False,False,False,False,True,True,False,False,False,False
1632,2021-09-13,2021-09-11,100.0,100.0,2.0,2021-09-11,2021-05-04,2021-04-10,,2021-04-13,2.0,132.0,156.0,,153.0,True,True,True,True,False,False,False,True,False,False,False,True,False,False,False,False,False,False,False,True
1635,2021-09-11,2021-04-21,100.0,100.0,143.0,2021-04-21,,2021-02-12,,,143.0,,211.0,,,False,False,False,True,False,False,False,False,False,False,False,False,False,False,False,False,False,False,False,False
1637,2021-01-08,2020-12-14,5000.0,,,,,,,,,,,,,False,False,False,False,False,False,False,False,False,False,False,False,False,False,False,False,False,False,False,False
1639,2021-10-13,2021-10-09,100.0,100.0,4.0,2021-10-09,,2021-09-18,,,4.0,,25.0,,,True,True,True,True,False,False,False,False,False,True,True,True,False,False,False,False,False,False,False,False
1648,2021-09-15,2021-02-19,100.0,100.0,208.0,2021-02-19,2020-12-08,2020-12-12,,,208.0,281.0,277.0,,,False,False,False,False,False,False,False,False,False,False,False,False,False,False,False,False,False,False,False,False
1653,2021-01-23,2020-11-27,100.0,100.0,57.0,2020-11-27,,,,,57.0,,,,,False,False,True,True,False,False,False,False,False,False,False,False,False,False,False,False,False,False,False,False
1653,2021-10-05,2021-08-02,100.0,100.0,64.0,2021-08-02,,2021-03-05,,,64.0,,214.0,,,False,False,True,True,False,False,False,False,False,False,False,False,False,False,False,False,False,False,False,False
1662,2021-11-20,2021-11-03,1000.0,1000.0,17.0,2021-03-25,2021-09-21,2020-07-11,2021-11-03,,240.0,60.0,497.0,17.0,,False,False,False,False,False,False,True,True,False,False,False,False,False,True,True,True,False,False,False,False
1664,2021-02-04,,,,,,,,,,,,,,,False,False,False,False,False,False,False,False,False,False,False,False,False,False,False,False,False,False,False,False
1665,2021-08-02,,,,,,,,,,,,,,,False,False,False,False,False,False,False,False,False,False,False,False,False,False,False,False,False,False,False,False
1667,2021-10-07,2021-09-04,100.0,100.0,33.0,2021-09-04,,2021-04-05,,,33.0,,185.0,,,False,False,True,True,False,False,False,False,False,False,False,False,False,False,False,False,False,False,False,False
1668,2021-10-21,2021-10-19,100.0,100.0,2.0,2021-10-19,,2020-11-04,,,2.0,,351.0,,,True,True,True,True,False,False,False,False,False,False,False,False,False,False,False,False,False,False,False,False
1674,2021-04-21,2021-03-02,200.0,200.0,50.0,2020-09-10,2021-03-02,,2021-02-15,,223.0,50.0,,65.0,,False,False,False,False,False,False,True,True,False,False,False,False,False,False,True,True,False,False,False,False
1679,2021-02-16,2021-02-10,100.0,100.0,6.0,2021-02-10,,2021-02-02,2020-12-23,,6.0,,14.0,55.0,,True,True,True,True,False,False,False,False,False,True,True,True,False,False,True,True,False,False,False,False
1682,2021-04-09,2020-10-14,500.0,500.0,177.0,,,2020-10-14,,,,,177.0,,,False,False,False,False,False,False,False,False,False,False,False,True,False,False,False,False,False,False,False,False
1683,2021-05-12,2021-03-06,500.0,500.0,67.0,,2020-12-22,2021-03-06,,,,141.0,67.0,,,False,False,False,False,False,False,False,True,False,False,True,True,False,False,False,False,False,False,False,False
1691,2021-04-08,,,,,,,,,,,,,,,False,False,False,False,False,False,False,False,False,False,False,False,False,False,False,False,False,False,False,False
1693,2021-02-12,2020-11-20,1000.0,1000.0,84.0,2020-11-06,,,2020-11-20,,98.0,,,84.0,,False,False,False,True,False,False,False,False,False,False,False,False,False,False,True,True,False,False,False,False
1697,2021-09-02,2021-04-21,100.0,100.0,134.0,2021-04-21,,,,,134.0,,,,,False,False,False,True,False,False,False,False,False,False,False,False,False,False,False,False,False,False,False,False
1699,2021-12-03,2021-11-24,500.0,500.0,9.0,2021-10-20,,2021-11-24,,,44.0,,9.0,,,False,False,True,True,False,False,False,False,False,True,True,True,False,False,False,False,False,False,False,False
1700,2021-08-27,2021-03-19,500.0,500.0,161.0,2021-01-30,,2021-03-19,,,209.0,,161.0,,,False,False,False,False,False,False,False,False,False,False,False,True,False,False,False,False,False,False,False,False
1703,2021-10-20,2021-10-12,100.0,100.0,8.0,2021-10-12,,2021-01-13,,,8.0,,280.0,,,False,True,True,True,False,False,False,False,False,False,False,False,False,False,False,False,False,False,False,False
1704,2021-02-15,,,,,,,,,,,,,,,False,False,False,False,False,False,False,False,False,False,False,False,False,False,False,False,False,False,False,False
1707,2021-11-06,2021-03-12,500.0,500.0,239.0,2021-03-09,,2021-03-12,,,242.0,,239.0,,,False,False,False,False,False,False,False,False,False,False,False,False,False,False,False,False,False,False,False,False
1708,2021-03-26,2020-12-14,100.0,100.0,102.0,2020-12-14,2020-12-08,,,,102.0,108.0,,,,False,False,False,True,False,False,False,True,False,False,False,False,False,False,False,False,False,False,False,False
1709,2021-04-12,2020-12-30,100.0,100.0,103.0,2020-12-30,,,,,103.0,,,,,False,False,False,True,False,False,False,False,False,False,False,False,False,False,False,False,False,False,False,False
1716,2021-12-14,2021-12-07,500.0,500.0,7.0,2021-10-14,,2021-12-07,,2021-02-15,61.0,,7.0,,302.0,False,False,True,True,False,False,False,False,True,True,True,True,False,False,False,False,False,False,False,False
1720,2021-02-02,2021-01-23,1000.0,1000.0,10.0,,,2021-01-15,2021-01-23,,,,18.0,10.0,,False,False,False,False,False,False,False,False,False,True,True,True,False,True,True,True,False,False,False,False
1721,2021-04-29,2021-04-26,100.0,100.0,3.0,2021-04-26,,2021-02-06,2021-03-26,,3.0,,82.0,34.0,,True,True,True,True,False,False,False,False,False,False,True,True,False,False,True,True,False,False,False,False
1722,2021-05-10,,,,,,,,,,,,,,,False,False,False,False,False,False,False,False,False,False,False,False,False,False,False,False,False,False,False,False
1722,2021-09-20,2021-08-09,500.0,500.0,42.0,,,2021-08-09,,,,,42.0,,,False,False,False,False,False,False,False,False,False,False,True,True,False,False,False,False,False,False,False,False
1723,2021-07-30,2021-04-26,500.0,500.0,95.0,2021-04-23,,2021-04-26,,,98.0,,95.0,,,False,False,False,True,False,False,False,False,False,False,False,True,False,False,False,False,False,False,False,False
1735,2021-04-05,2021-01-09,500.0,500.0,86.0,2020-12-05,,2021-01-09,,,121.0,,86.0,,,False,False,False,True,False,False,False,False,False,False,True,True,False,False,False,False,False,False,False,False
1738,2021-04-30,2021-03-22,100.0,100.0,39.0,2021-03-22,,2020-11-16,2020-10-23,,39.0,,165.0,189.0,,False,False,True,True,False,False,False,False,False,False,False,True,False,False,False,False,False,False,False,False
1746,2021-01-08,2020-10-16,500.0,500.0,84.0,,2020-09-22,2020-10-16,,,,108.0,84.0,,,False,False,False,False,False,False,False,True,False,False,True,True,False,False,False,False,False,False,False,False
1746,2021-02-22,2021-01-08,5000.0,500.0,129.0,,2020-09-22,2020-10-16,,,,153.0,129.0,,,False,False,False,False,False,False,False,True,False,False,False,True,False,False,False,False,False,False,False,False
1746,2021-09-06,2021-03-25,100.0,100.0,165.0,2021-03-25,2020-09-22,2020-10-16,,,165.0,349.0,325.0,,,False,False,False,True,False,False,False,False,False,False,False,False,False,False,False,False,False,False,False,False
1747,2021-08-20,2021-03-31,100.0,100.0,142.0,2021-03-31,2020-09-08,2021-03-06,2021-02-03,,142.0,346.0,167.0,198.0,,False,False,False,True,False,False,False,False,False,False,False,True,False,False,False,False,False,False,False,False
1749,2021-09-11,2021-08-27,100.0,100.0,15.0,2021-08-27,,,,,15.0,,,,,False,True,True,True,False,False,False,False,False,False,False,False,False,False,False,False,False,False,False,False
1750,2021-10-07,2021-09-10,100.0,100.0,27.0,2021-09-10,,,2020-12-04,,27.0,,,307.0,,False,True,True,True,False,False,False,False,False,False,False,False,False,False,False,False,False,False,False,False
1752,2021-08-06,2021-04-24,100.0,100.0,104.0,2021-04-24,,2020-09-30,2021-01-13,,104.0,,310.0,205.0,,False,False,False,True,False,False,False,False,False,False,False,False,False,False,False,False,False,False,False,False
1755,2021-10-29,2021-10-04,100.0,100.0,25.0,2021-10-04,,2020-12-25,2021-03-15,2020-11-02,25.0,,308.0,228.0,361.0,False,True,True,True,False,False,False,False,False,False,False,False,False,False,False,False,False,False,False,False
1756,2021-10-21,2021-05-05,100.0,100.0,169.0,2021-05-05,,2021-02-08,,2021-04-27,169.0,,255.0,,177.0,False,False,False,True,False,False,False,False,False,False,False,False,False,False,False,False,False,False,False,True
1757,2021-02-12,2021-01-09,100.0,100.0,34.0,2021-01-09,,,,,34.0,,,,,False,False,True,True,False,False,False,False,False,False,False,False,False,False,False,False,False,False,False,False
1757,2021-12-27,2021-10-30,100.0,100.0,58.0,2021-10-30,,,2021-05-07,,58.0,,,234.0,,False,False,True,True,False,False,False,False,False,False,False,False,False,False,False,False,False,False,False,False
1758,2021-09-11,2021-04-30,100.0,100.0,134.0,2021-04-30,,2021-03-18,,,134.0,,177.0,,,False,False,False,True,False,False,False,False,False,False,False,True,False,False,False,False,False,False,False,False
1758,2021-09-28,2021-09-11,5000.0,100.0,151.0,2021-04-30,,2021-03-18,,,151.0,,194.0,,,False,False,False,True,False,False,False,False,False,False,False,False,False,False,False,False,False,False,False,False
1759,2021-02-13,2020-12-28,100.0,100.0,47.0,2020-12-28,,,,,47.0,,,,,False,False,True,True,False,False,False,False,False,False,False,False,False,False,False,False,False,False,False,False
1765,2021-03-23,2021-01-13,100.0,100.0,69.0,2021-01-13,,2020-08-21,,,69.0,,214.0,,,False,False,True,True,False,False,False,False,False,False,False,False,False,False,False,False,False,False,False,False
1769,2021-05-05,2021-03-02,100.0,100.0,64.0,2021-03-02,,,,2020-07-18,64.0,,,,291.0,False,False,True,True,False,False,False,False,False,False,False,False,False,False,False,False,False,False,False,False
1771,2021-08-20,2021-03-18,100.0,100.0,155.0,2021-03-18,,,2021-03-10,,155.0,,,163.0,,False,False,False,True,False,False,False,False,False,False,False,False,False,False,False,True,False,False,False,False
1773,2021-09-07,2021-04-03,100.0,100.0,157.0,2021-04-03,2021-01-19,,,,157.0,231.0,,,,False,False,False,True,False,False,False,False,False,False,False,False,False,False,False,False,False,False,False,False
1774,2021-05-06,2021-04-29,100.0,100.0,7.0,2021-04-29,,2021-04-15,,,7.0,,21.0,,,True,True,True,True,False,False,False,False,False,True,True,True,False,False,False,False,False,False,False,False
1774,2021-12-22,2021-11-02,200.0,200.0,50.0,2021-08-30,2021-11-02,2021-08-06,,,114.0,50.0,138.0,,,False,False,False,True,False,False,True,True,False,False,False,True,False,False,False,False,False,False,False,False
1777,2021-09-28,2021-05-07,100.0,100.0,144.0,2021-05-07,,2021-04-03,,,144.0,,178.0,,,False,False,False,True,False,False,False,False,False,False,False,True,False,False,False,False,False,False,False,False
1779,2021-09-03,2021-08-13,100.0,100.0,21.0,2021-08-13,,2020-07-25,2021-08-04,,21.0,,405.0,30.0,,False,True,True,True,False,False,False,False,False,False,False,False,False,True,True,True,False,False,False,False
1780,2021-04-07,2021-03-15,500.0,500.0,23.0,2021-02-09,,2021-03-15,,,57.0,,23.0,,,False,False,True,True,False,False,False,False,False,True,True,True,False,False,False,False,False,False,False,False
1783,2021-04-05,2020-10-26,100.0,100.0,161.0,2020-10-26,,2020-10-12,2020-09-10,,161.0,,175.0,207.0,,False,False,False,True,False,False,False,False,False,False,False,True,False,False,False,False,False,False,False,False
1793,2021-12-13,2021-09-29,100.0,100.0,75.0,2021-09-29,,2021-08-18,,2021-02-13,75.0,,117.0,,303.0,False,False,True,True,False,False,False,False,False,False,False,True,False,False,False,False,False,False,False,False
1794,2021-09-09,2021-03-22,500.0,500.0,171.0,2021-03-04,,2021-03-22,,,189.0,,171.0,,,False,False,False,False,False,False,False,False,False,False,False,True,False,False,False,False,False,False,False,False
1796,2021-04-03,2020-12-19,1000.0,1000.0,105.0,2020-11-27,,,2020-12-19,,127.0,,,105.0,,False,False,False,True,False,False,False,False,False,False,False,False,False,False,False,True,False,False,False,False
1800,2021-01-30,2020-09-16,500.0,500.0,136.0,,,2020-09-16,,,,,136.0,,,False,False,False,False,False,False,False,False,False,False,False,True,False,False,False,False,False,False,False,False
1810,2021-01-09,2020-11-20,5000.0,,,,,,,,,,,,,False,False,False,False,False,False,False,False,False,False,False,False,False,False,False,False,False,False,False,False
1810,2021-02-10,2021-01-22,500.0,500.0,19.0,,,2021-01-22,,,,,19.0,,,False,False,False,False,False,False,False,False,False,True,True,True,False,False,False,False,False,False,False,False
1815,2021-09-11,2021-09-10,100.0,100.0,1.0,2021-09-10,,2021-02-19,2021-04-15,,1.0,,204.0,149.0,,True,True,True,True,False,False,False,False,False,False,False,False,False,False,False,True,False,False,False,False
1817,2021-02-05,2021-02-01,500.0,500.0,4.0,2020-12-15,,2021-02-01,,,52.0,,4.0,,,False,False,True,True,False,False,False,False,True,True,True,True,False,False,False,False,False,False,False,False
1817,2021-03-11,2021-02-05,5000.0,500.0,38.0,2020-12-15,,2021-02-01,,,86.0,,38.0,,,False,False,True,True,False,False,False,False,False,False,True,True,False,False,False,False,False,False,False,False
1817,2021-08-06,2021-03-11,5000.0,500.0,186.0,2020-12-15,,2021-02-01,,,234.0,,186.0,,,False,False,False,False,False,False,False,False,False,False,False,False,False,False,False,False,False,False,False,False
1817,2021-12-10,2021-08-06,5000.0,500.0,312.0,2020-12-15,,2021-02-01,,,360.0,,312.0,,,False,False,False,False,False,False,False,False,False,False,False,False,False,False,False,False,False,False,False,False
1818,2021-11-24,2021-10-28,1000.0,1000.0,27.0,,,2021-08-06,2021-10-28,,,,110.0,27.0,,False,False,False,False,False,False,False,False,False,False,False,True,False,True,True,True,False,False,False,False
1820,2021-12-06,2021-10-22,500.0,500.0,45.0,2021-10-20,,2021-10-22,2021-09-17,2020-09-26,47.0,,45.0,80.0,436.0,False,False,True,True,False,False,False,False,False,False,True,True,False,False,True,True,False,False,False,False
1822,2021-03-15,2021-03-09,500.0,500.0,6.0,2021-01-18,2020-09-08,2021-03-09,,,56.0,188.0,6.0,,,False,False,True,True,False,False,False,False,True,True,True,True,False,False,False,False,False,False,False,False
1823,2021-02-20,2021-01-02,500.0,500.0,49.0,,,2021-01-02,,,,,49.0,,,False,False,False,False,False,False,False,False,False,False,True,True,False,False,False,False,False,False,False,False
1824,2021-02-04,2021-01-05,100.0,100.0,30.0,2021-01-05,,,,,30.0,,,,,False,True,True,True,False,False,False,False,False,False,False,False,False,False,False,False,False,False,False,False
1825,2021-03-03,2021-02-09,100.0,100.0,22.0,2021-02-09,,2021-01-29,,,22.0,,33.0,,,False,True,True,True,False,False,False,False,False,False,True,True,False,False,False,False,False,False,False,False
1825,2021-10-04,2021-08-11,1000.0,1000.0,54.0,2021-02-09,,2021-01-29,2021-08-11,,237.0,,248.0,54.0,,False,False,False,False,False,False,False,False,False,False,False,False,False,False,True,True,False,False,False,False
1827,2021-12-11,2021-11-17,1000.0,1000.0,24.0,2021-08-30,,2020-12-23,2021-11-17,,103.0,,353.0,24.0,,False,False,False,True,False,False,False,False,False,False,False,False,False,True,True,True,False,False,False,False
1830,2021-03-01,2021-02-23,100.0,100.0,6.0,2021-02-23,,,,,6.0,,,,,True,True,True,True,False,False,False,False,False,False,False,False,False,False,False,False,False,False,False,False
1831,2021-04-22,2021-04-05,100.0,100.0,17.0,2021-04-05,,2020-10-26,,,17.0,,178.0,,,False,True,True,True,False,False,False,False,False,False,False,True,False,False,False,False,False,False,False,False
1831,2021-12-31,2021-09-07,100.0,100.0,115.0,2021-09-07,,2021-08-16,,,115.0,,137.0,,,False,False,False,True,False,False,False,False,False,False,False,True,False,False,False,False,False,False,False,False
1832,2021-04-05,2021-03-31,1000.0,1000.0,5.0,2021-03-18,,2021-01-11,2021-03-31,,18.0,,84.0,5.0,,False,True,True,True,False,False,False,False,False,False,True,True,True,True,True,True,False,False,False,False
1832,2021-11-12,2021-04-17,500.0,500.0,209.0,2021-03-18,,2021-04-17,2021-03-31,,239.0,,209.0,226.0,,False,False,False,False,False,False,False,False,False,False,False,False,False,False,False,False,False,False,False,False
1834,2021-01-22,2020-10-23,500.0,500.0,91.0,2020-09-12,,2020-10-23,,,132.0,,91.0,,,False,False,False,True,False,False,False,False,False,False,False,True,False,False,False,False,False,False,False,False
1840,2021-01-27,,,,,,,,,,,,,,,False,False,False,False,False,False,False,False,False,False,False,False,False,False,False,False,False,False,False,False
1841,2021-03-03,2020-09-28,5000.0,,,,,,,,,,,,,False,False,False,False,False,False,False,False,False,False,False,False,False,False,False,False,False,False,False,False
1842,2021-03-31,2021-03-11,500.0,500.0,20.0,2020-12-19,,2021-03-11,,,102.0,,20.0,,,False,False,False,True,False,False,False,False,False,True,True,True,False,False,False,False,False,False,False,False
1842,2021-11-03,2021-11-01,500.0,500.0,2.0,2021-10-14,,2021-11-01,,,20.0,,2.0,,,False,True,True,True,False,False,False,False,True,True,True,True,False,False,False,False,False,False,False,False
1845,2021-04-26,2021-04-16,100.0,100.0,10.0,2021-04-16,,2020-07-25,,2021-01-19,10.0,,275.0,,97.0,False,True,True,True,False,False,False,False,False,False,False,False,False,False,False,False,False,False,False,True
1849,2021-08-04,2021-05-07,1000.0,1000.0,89.0,2021-02-26,,2021-02-27,2021-05-07,,159.0,,158.0,89.0,,False,False,False,True,False,False,False,False,False,False,False,True,False,False,True,True,False,False,False,False
1856,2021-03-13,2020-08-25,200.0,200.0,200.0,2020-08-11,2020-08-25,,,,214.0,200.0,,,,False,False,False,False,False,False,False,False,False,False,False,False,False,False,False,False,False,False,False,False
1857,2021-01-12,2020-12-22,100.0,100.0,21.0,2020-12-22,,,,,21.0,,,,,False,True,True,True,False,False,False,False,False,False,False,False,False,False,False,False,False,False,False,False
1860,2021-02-08,2021-01-09,100.0,100.0,30.0,2021-01-09,,,,2020-10-28,30.0,,,,103.0,False,True,True,True,False,False,False,False,False,False,False,False,False,False,False,False,False,False,False,True
1862,2021-09-14,2021-04-05,500.0,500.0,162.0,,,2021-04-05,,,,,162.0,,,False,False,False,False,False,False,False,False,False,False,False,True,False,False,False,False,False,False,False,False
1864,2021-12-01,2021-11-19,100.0,100.0,12.0,2021-11-19,,,2021-02-01,,12.0,,,303.0,,False,True,True,True,False,False,False,False,False,False,False,False,False,False,False,False,False,False,False,False
1869,2021-01-11,2020-12-04,100.0,100.0,38.0,2020-12-04,,2020-09-04,,,38.0,,129.0,,,False,False,True,True,False,False,False,False,False,False,False,True,False,False,False,False,False,False,False,False
1869,2021-12-28,2021-12-15,1000.0,1000.0,13.0,2021-08-06,,2020-09-04,2021-12-15,,144.0,,480.0,13.0,,False,False,False,True,False,False,False,False,False,False,False,False,False,True,True,True,False,False,False,False
1870,2021-03-15,2021-01-15,100.0,100.0,59.0,2021-01-15,,2020-10-30,2020-10-14,,59.0,,136.0,152.0,,False,False,True,True,False,False,False,False,False,False,False,True,False,False,False,True,False,False,False,False
1870,2021-09-01,2021-08-18,500.0,500.0,14.0,2021-08-06,,2021-08-18,2021-04-19,,26.0,,14.0,135.0,,False,True,True,True,False,False,False,False,False,True,True,True,False,False,False,True,False,False,False,False
1876,2021-11-27,2021-11-23,200.0,200.0,4.0,2021-09-06,2021-11-23,2021-03-30,,,82.0,4.0,242.0,,,False,False,True,True,True,True,True,True,False,False,False,False,False,False,False,False,False,False,False,False
1879,2021-01-23,2021-01-22,100.0,100.0,1.0,2021-01-22,,,,,1.0,,,,,True,True,True,True,False,False,False,False,False,False,False,False,False,False,False,False,False,False,False,False
1879,2021-03-08,2021-01-23,5000.0,100.0,45.0,2021-01-22,,,,,45.0,,,,,False,False,True,True,False,False,False,False,False,False,False,False,False,False,False,False,False,False,False,False
1880,2021-09-17,2021-07-30,100.0,100.0,49.0,2021-07-30,,2021-03-09,,,49.0,,192.0,,,False,False,True,True,False,False,False,False,False,False,False,False,False,False,False,False,False,False,False,False
1882,2021-09-29,2021-09-15,100.0,100.0,14.0,2021-09-15,,,2021-03-25,,14.0,,,188.0,,False,True,True,True,False,False,False,False,False,False,False,False,False,False,False,False,False,False,False,False
1884,2021-08-25,2021-04-03,100.0,100.0,144.0,2021-04-03,,,,,144.0,,,,,False,False,False,True,False,False,False,False,False,False,False,False,False,False,False,False,False,False,False,False
1887,2021-10-11,2021-09-07,100.0,100.0,34.0,2021-09-07,,2021-02-25,,,34.0,,228.0,,,False,False,True,True,False,False,False,False,False,False,False,False,False,False,False,False,False,False,False,False
1890,2021-04-22,2021-02-08,100.0,100.0,73.0,2021-02-08,,2020-11-11,2021-01-15,,73.0,,162.0,97.0,,False,False,True,True,False,False,False,False,False,False,False,True,False,False,False,True,False,False,False,False
1891,2021-02-11,2021-01-08,500.0,500.0,34.0,2020-12-09,,2021-01-08,,,64.0,,34.0,,,False,False,True,True,False,False,False,False,False,False,True,True,False,False,False,False,False,False,False,False
1892,2021-04-10,2021-03-31,500.0,500.0,10.0,2021-03-30,2021-01-19,2021-03-31,,2020-10-05,11.0,81.0,10.0,,187.0,False,True,True,True,False,False,True,True,False,True,True,True,False,False,False,False,False,False,False,False
1895,2021-01-11,2020-12-23,2000.0,2000.0,19.0,2020-10-21,,2020-08-19,,2020-12-23,82.0,,145.0,,19.0,False,False,True,True,False,False,False,False,False,False,False,True,False,False,False,False,False,True,True,True
1898,2021-11-01,2021-10-19,100.0,100.0,13.0,2021-10-19,,2021-09-23,,,13.0,,39.0,,,False,True,True,True,False,False,False,False,False,False,True,True,False,False,False,False,False,False,False,False
1900,2021-03-10,2021-02-06,100.0,100.0,32.0,2021-02-06,,2020-12-05,,,32.0,,95.0,,,False,False,True,True,False,False,False,False,False,False,False,True,False,False,False,False,False,False,False,False
1901,2021-02-01,2021-01-12,500.0,500.0,20.0,2021-01-06,,2021-01-12,2020-10-30,,26.0,,20.0,94.0,,False,True,True,True,False,False,False,False,False,True,True,True,False,False,False,True,False,False,False,False
1903,2021-03-18,2021-03-06,100.0,100.0,12.0,2021-03-06,,2021-03-02,2020-08-13,,12.0,,16.0,217.0,,False,True,True,True,False,False,False,False,False,True,True,True,False,False,False,False,False,False,False,False
1914,2021-02-06,2021-02-05,1000.0,1000.0,1.0,,2020-12-08,2020-12-14,2021-02-05,,,60.0,54.0,1.0,,False,False,False,False,False,False,True,True,False,False,True,True,True,True,True,True,False,False,False,False
1914,2021-10-19,2021-04-23,500.0,500.0,179.0,2021-03-19,2020-12-08,2021-04-23,2021-02-05,,214.0,315.0,179.0,256.0,,False,False,False,False,False,False,False,False,False,False,False,True,False,False,False,False,False,False,False,False
1914,2021-12-10,2021-10-19,5000.0,500.0,231.0,2021-03-19,2020-12-08,2021-04-23,2021-02-05,,266.0,367.0,231.0,308.0,,False,False,False,False,False,False,False,False,False,False,False,False,False,False,False,False,False,False,False,False
1916,2021-10-05,2021-09-03,100.0,100.0,32.0,2021-09-03,,,2021-04-07,,32.0,,,181.0,,False,False,True,True,False,False,False,False,False,False,False,False,False,False,False,False,False,False,False,False
1917,2021-10-28,2021-08-30,500.0,500.0,59.0,2021-05-12,,2021-08-30,,,169.0,,59.0,,,False,False,False,True,False,False,False,False,False,False,True,True,False,False,False,False,False,False,False,False
1923,2021-10-06,2021-05-11,100.0,100.0,148.0,2021-05-11,,2021-04-24,2021-02-16,,148.0,,165.0,232.0,,False,False,False,True,False,False,False,False,False,False,False,True,False,False,False,False,False,False,False,False
1928,2021-09-28,2021-04-24,100.0,100.0,157.0,2021-04-24,,2021-02-18,,,157.0,,222.0,,,False,False,False,True,False,False,False,False,False,False,False,False,False,False,False,False,False,False,False,False
1931,2021-03-16,2021-02-15,100.0,100.0,29.0,2021-02-15,,,2020-12-16,,29.0,,,90.0,,False,True,True,True,False,False,False,False,False,False,False,False,False,False,True,True,False,False,False,False
1932,2021-05-07,2021-03-17,100.0,100.0,51.0,2021-03-17,,2020-09-02,,2020-10-21,51.0,,247.0,,198.0,False,False,True,True,False,False,False,False,False,False,False,False,False,False,False,False,False,False,False,False
1933,2021-03-17,2021-02-20,2000.0,2000.0,25.0,2021-01-02,,,,2021-02-20,74.0,,,,25.0,False,False,True,True,False,False,False,False,False,False,False,False,False,False,False,False,False,True,True,True
1933,2021-08-20,2021-03-17,5000.0,2000.0,181.0,2021-01-02,,,,2021-02-20,230.0,,,,181.0,False,False,False,False,False,False,False,False,False,False,False,False,False,False,False,False,False,False,False,False
1933,2021-10-04,2021-10-01,100.0,100.0,3.0,2021-10-01,,2021-09-22,,2021-02-20,3.0,,12.0,,226.0,True,True,True,True,False,False,False,False,False,True,True,True,False,False,False,False,False,False,False,False
1933,2021-11-05,2021-10-04,5000.0,100.0,35.0,2021-10-01,,2021-09-22,,2021-02-20,35.0,,44.0,,258.0,False,False,True,True,False,False,False,False,False,False,True,True,False,False,False,False,False,False,False,False
1939,2021-12-11,2021-11-02,500.0,500.0,39.0,2021-08-04,2021-04-20,2021-11-02,,,129.0,235.0,39.0,,,False,False,False,True,False,False,False,False,False,False,True,True,False,False,False,False,False,False,False,False
1941,2021-04-26,2021-03-23,100.0,100.0,34.0,2021-03-23,,,,,34.0,,,,,False,False,True,True,False,False,False,False,False,False,False,False,False,False,False,False,False,False,False,False
1941,2021-04-30,2021-04-26,5000.0,100.0,38.0,2021-03-23,,,,,38.0,,,,,False,False,True,True,False,False,False,False,False,False,False,False,False,False,False,False,False,False,False,False
1947,2021-03-29,2021-03-20,100.0,100.0,9.0,2021-03-20,,2021-02-15,,,9.0,,42.0,,,False,True,True,True,False,False,False,False,False,False,True,True,False,False,False,False,False,False,False,False
1951,2021-02-27,2021-02-17,100.0,100.0,10.0,2021-02-17,,,,,10.0,,,,,False,True,True,True,False,False,False,False,False,False,False,False,False,False,False,False,False,False,False,False
1951,2021-08-25,2021-04-17,500.0,500.0,130.0,2021-02-17,,2021-04-17,,,189.0,,130.0,,,False,False,False,False,False,False,False,False,False,False,False,True,False,False,False,False,False,False,False,False
1953,2021-03-27,2021-02-22,100.0,100.0,33.0,2021-02-22,,,,,33.0,,,,,False,False,True,True,False,False,False,False,False,False,False,False,False,False,False,False,False,False,False,False
1956,2021-03-16,,,,,,,,,,,,,,,False,False,False,False,False,False,False,False,False,False,False,False,False,False,False,False,False,False,False,False
1959,2021-10-11,2021-10-04,100.0,100.0,7.0,2021-10-04,,2021-07-30,2021-08-16,,7.0,,73.0,56.0,,True,True,True,True,False,False,False,False,False,False,True,True,False,False,True,True,False,False,False,False
1963,2021-10-29,2021-10-28,100.0,100.0,1.0,2021-10-28,,2021-04-05,,,1.0,,207.0,,,True,True,True,True,False,False,False,False,False,False,False,False,False,False,False,False,False,False,False,False
1964,2021-04-12,,,,,,,,,,,,,,,False,False,False,False,False,False,False,False,False,False,False,False,False,False,False,False,False,False,False,False
1965,2021-02-22,2021-02-01,100.0,100.0,21.0,2021-02-01,,,,,21.0,,,,,False,True,True,True,False,False,False,False,False,False,False,False,False,False,False,False,False,False,False,False
1968,2021-02-27,2020-12-30,100.0,100.0,59.0,2020-12-30,,,,,59.0,,,,,False,False,True,True,False,False,False,False,False,False,False,False,False,False,False,False,False,False,False,False
1970,2021-03-30,2020-11-20,500.0,500.0,130.0,2020-10-07,,2020-11-20,,,174.0,,130.0,,,False,False,False,True,False,False,False,False,False,False,False,True,False,False,False,False,False,False,False,False
1977,2021-01-27,2020-12-28,100.0,100.0,30.0,2020-12-28,,,,,30.0,,,,,False,True,True,True,False,False,False,False,False,False,False,False,False,False,False,False,False,False,False,False
1979,2021-12-25,2021-11-22,100.0,100.0,33.0,2021-11-22,,2021-04-03,,,33.0,,266.0,,,False,False,True,True,False,False,False,False,False,False,False,False,False,False,False,False,False,False,False,False
1985,2021-11-06,2021-10-19,500.0,500.0,18.0,2021-05-11,,2021-10-19,2020-08-21,2020-08-25,179.0,,18.0,442.0,438.0,False,False,False,True,False,False,False,False,False,True,True,True,False,False,False,False,False,False,False,False
1986,2021-10-25,2021-09-21,1000.0,1000.0,34.0,2020-08-21,,2021-02-20,2021-09-21,,430.0,,247.0,34.0,,False,False,False,False,False,False,False,False,False,False,False,False,False,False,True,True,False,False,False,False
1990,2021-09-24,2021-08-11,100.0,100.0,44.0,2021-08-11,,2021-04-24,,,44.0,,153.0,,,False,False,True,True,False,False,False,False,False,False,False,True,False,False,False,False,False,False,False,False
1998,2021-01-13,2021-01-12,100.0,100.0,1.0,2021-01-12,,2020-10-23,,2020-12-09,1.0,,82.0,,35.0,True,True,True,True,False,False,False,False,False,False,True,True,False,False,False,False,False,False,True,True
2000,2021-02-06,2021-01-18,100.0,100.0,19.0,2021-01-18,,2021-01-08,2020-10-07,,19.0,,29.0,122.0,,False,True,True,True,False,False,False,False,False,True,True,True,False,False,False,True,False,False,False,False
2001,2021-08-18,2020-11-25,100.0,100.0,266.0,2020-11-25,,,,,266.0,,,,,False,False,False,False,False,False,False,False,False,False,False,False,False,False,False,False,False,False,False,False
2006,2021-01-06,2020-09-10,500.0,500.0,118.0,,,2020-09-10,,,,,118.0,,,False,False,False,False,False,False,False,False,False,False,False,True,False,False,False,False,False,False,False,False
2007,2021-03-06,2021-02-10,100.0,100.0,24.0,2021-02-10,,,,,24.0,,,,,False,True,True,True,False,False,False,False,False,False,False,False,False,False,False,False,False,False,False,False
2021,2021-04-30,2021-04-14,500.0,500.0,16.0,2021-03-13,2021-03-30,2021-04-14,2021-01-01,,48.0,31.0,16.0,119.0,,False,False,True,True,False,False,True,True,False,True,True,True,False,False,False,True,False,False,False,False
2023,2021-11-22,2021-08-16,500.0,500.0,98.0,2021-04-10,2020-09-22,2021-08-16,,,226.0,426.0,98.0,,,False,False,False,False,False,False,False,False,False,False,False,True,False,False,False,False,False,False,False,False
2027,2021-02-23,2021-01-01,100.0,100.0,53.0,2021-01-01,,,,,53.0,,,,,False,False,True,True,False,False,False,False,False,False,False,False,False,False,False,False,False,False,False,False
2027,2021-09-08,2021-04-17,500.0,500.0,144.0,2021-01-01,,2021-04-17,,,250.0,,144.0,,,False,False,False,False,False,False,False,False,False,False,False,True,False,False,False,False,False,False,False,False
2038,2021-10-23,2021-09-21,1000.0,1000.0,32.0,2021-05-06,,2021-09-14,2021-09-21,,170.0,,39.0,32.0,,False,False,False,True,False,False,False,False,False,False,True,True,False,False,True,True,False,False,False,False
2039,2021-03-15,2020-12-19,100.0,100.0,86.0,2020-12-19,,,,,86.0,,,,,False,False,True,True,False,False,False,False,False,False,False,False,False,False,False,False,False,False,False,False
2042,2021-08-18,2021-04-17,500.0,500.0,123.0,2020-12-16,,2021-04-17,,,245.0,,123.0,,,False,False,False,False,False,False,False,False,False,False,False,True,False,False,False,False,False,False,False,False
2042,2021-09-09,2021-09-02,100.0,100.0,7.0,2021-09-02,,2021-04-17,,,7.0,,145.0,,,True,True,True,True,False,False,False,False,False,False,False,True,False,False,False,False,False,False,False,False
2044,2021-02-20,2021-02-02,200.0,200.0,18.0,2021-01-23,2021-02-02,2021-01-02,2020-11-25,,28.0,18.0,49.0,87.0,,False,True,True,True,False,True,True,True,False,False,True,True,False,False,True,True,False,False,False,False
2044,2021-04-03,2021-02-27,100.0,100.0,35.0,2021-02-27,2021-02-02,2021-01-02,2020-11-25,,35.0,60.0,91.0,129.0,,False,False,True,True,False,False,True,True,False,False,False,True,False,False,False,True,False,False,False,False
2044,2021-04-07,2021-04-03,5000.0,100.0,39.0,2021-02-27,2021-02-02,2021-01-02,2020-11-25,,39.0,64.0,95.0,133.0,,False,False,True,True,False,False,True,True,False,False,False,True,False,False,False,True,False,False,False,False
2044,2021-12-07,2021-12-03,100.0,100.0,4.0,2021-12-03,2021-02-02,2021-01-02,2020-11-25,,4.0,308.0,339.0,377.0,,True,True,True,True,False,False,False,False,False,False,False,False,False,False,False,False,False,False,False,False
2045,2021-10-01,2021-09-13,500.0,500.0,18.0,2021-07-30,,2021-09-13,,,63.0,,18.0,,,False,False,True,True,False,False,False,False,False,True,True,True,False,False,False,False,False,False,False,False
2047,2021-09-14,2021-09-04,500.0,500.0,10.0,2021-04-19,2021-04-20,2021-09-04,2020-12-01,,148.0,147.0,10.0,287.0,,False,False,False,True,False,False,False,True,False,True,True,True,False,False,False,False,False,False,False,False
2051,2021-01-05,2020-08-03,500.0,500.0,155.0,,,2020-08-03,,,,,155.0,,,False,False,False,False,False,False,False,False,False,False,False,True,False,False,False,False,False,False,False,False
2057,2021-02-09,2021-01-05,1000.0,1000.0,35.0,2020-10-03,,2020-08-21,2021-01-05,,129.0,,172.0,35.0,,False,False,False,True,False,False,False,False,False,False,False,True,False,False,True,True,False,False,False,False
2065,2021-02-16,2021-02-02,2000.0,2000.0,14.0,2020-08-03,,2020-09-24,2020-12-12,2021-02-02,197.0,,145.0,66.0,14.0,False,False,False,False,False,False,False,False,False,False,False,True,False,False,True,True,False,True,True,True
2066,2021-12-06,2021-11-23,200.0,200.0,13.0,2021-11-06,2021-11-23,2020-10-09,2021-02-24,,30.0,13.0,423.0,285.0,,False,True,True,True,False,True,True,True,False,False,False,False,False,False,False,False,False,False,False,False
2068,2021-11-27,2021-10-25,500.0,500.0,33.0,2021-09-11,,2021-10-25,,,77.0,,33.0,,,False,False,True,True,False,False,False,False,False,False,True,True,False,False,False,False,False,False,False,False
2069,2021-02-26,2020-12-22,1000.0,1000.0,66.0,2020-12-21,,,2020-12-22,,67.0,,,66.0,,False,False,True,True,False,False,False,False,False,False,False,False,False,False,True,True,False,False,False,False
2069,2021-09-06,2021-08-04,500.0,500.0,33.0,2020-12-21,,2021-08-04,2020-12-22,,259.0,,33.0,258.0,,False,False,False,False,False,False,False,False,False,False,True,True,False,False,False,False,False,False,False,False
2070,2021-12-11,2021-11-30,100.0,100.0,11.0,2021-11-30,,2021-04-05,,,11.0,,250.0,,,False,True,True,True,False,False,False,False,False,False,False,False,False,False,False,False,False,False,False,False
2076,2021-11-18,2021-09-01,500.0,500.0,78.0,2020-10-19,,2021-09-01,,,395.0,,78.0,,,False,False,False,False,False,False,False,False,False,False,True,True,False,False,False,False,False,False,False,False
2077,2021-10-21,2021-09-18,500.0,500.0,33.0,2021-01-06,,2021-09-18,2021-02-19,,288.0,,33.0,244.0,,False,False,False,False,False,False,False,False,False,False,True,True,False,False,False,False,False,False,False,False
2080,2021-08-27,2021-08-18,100.0,100.0,9.0,2021-08-18,,2021-02-05,,,9.0,,203.0,,,False,True,True,True,False,False,False,False,False,False,False,False,False,False,False,False,False,False,False,False
2081,2021-11-16,2021-09-10,100.0,100.0,67.0,2021-09-10,,2021-04-07,,,67.0,,223.0,,,False,False,True,True,False,False,False,False,False,False,False,False,False,False,False,False,False,False,False,False
2084,2021-02-13,2021-02-08,500.0,500.0,5.0,2021-02-01,,2021-02-08,2020-09-12,,12.0,,5.0,154.0,,False,True,True,True,False,False,False,False,True,True,True,True,False,False,False,True,False,False,False,False
2084,2021-12-28,2021-12-08,1000.0,1000.0,20.0,2021-09-01,,2021-02-08,2021-12-08,,118.0,,323.0,20.0,,False,False,False,True,False,False,False,False,False,False,False,False,False,True,True,True,False,False,False,False
2086,2021-11-13,2021-11-09,200.0,200.0,4.0,2021-11-03,2021-11-09,2021-10-20,2021-03-11,,10.0,4.0,24.0,247.0,,False,True,True,True,True,True,True,True,False,True,True,True,False,False,False,False,False,False,False,False
2086,2021-12-01,2021-11-13,5000.0,200.0,22.0,2021-11-03,2021-11-09,2021-10-20,2021-03-11,,28.0,22.0,42.0,265.0,,False,True,True,True,False,True,True,True,False,False,True,True,False,False,False,False,False,False,False,False
2087,2021-04-22,2021-03-10,500.0,500.0,43.0,2020-08-03,,2021-03-10,,,262.0,,43.0,,,False,False,False,False,False,False,False,False,False,False,True,True,False,False,False,False,False,False,False,False
2089,2021-12-15,2021-12-03,500.0,500.0,12.0,2021-11-01,2020-12-15,2021-12-03,2021-09-29,,44.0,365.0,12.0,77.0,,False,False,True,True,False,False,False,False,False,True,True,True,False,False,True,True,False,False,False,False
2092,2021-04-22,2020-11-13,100.0,100.0,160.0,2020-11-13,,2020-10-14,,,160.0,,190.0,,,False,False,False,True,False,False,False,False,False,False,False,False,False,False,False,False,False,False,False,False
2093,2021-01-01,2020-12-08,100.0,100.0,24.0,2020-12-08,,,,,24.0,,,,,False,True,True,True,False,False,False,False,False,False,False,False,False,False,False,False,False,False,False,False
2094,2021-12-08,2021-10-30,500.0,500.0,39.0,2021-04-17,,2021-10-30,2020-08-07,,235.0,,39.0,488.0,,False,False,False,False,False,False,False,False,False,False,True,True,False,False,False,False,False,False,False,False
2098,2021-03-09,2021-02-16,500.0,500.0,21.0,2021-01-15,,2021-02-16,,,53.0,,21.0,,,False,False,True,True,False,False,False,False,False,True,True,True,False,False,False,False,False,False,False,False
2104,2021-10-21,2021-10-13,100.0,100.0,8.0,2021-10-13,,,2021-10-05,,8.0,,,16.0,,False,True,True,True,False,False,False,False,False,False,False,False,False,True,True,True,False,False,False,False
2104,2021-11-16,2021-10-29,100.0,100.0,18.0,2021-10-29,,2021-10-25,2021-10-05,,18.0,,22.0,42.0,,False,True,True,True,False,False,False,False,False,True,True,True,False,False,True,True,False,False,False,False
2105,2021-12-04,2021-11-22,100.0,100.0,12.0,2021-11-22,,2021-10-01,2021-01-23,,12.0,,64.0,315.0,,False,True,True,True,False,False,False,False,False,False,True,True,False,False,False,False,False,False,False,False
2106,2021-10-26,2021-10-19,100.0,100.0,7.0,2021-10-19,,,,,7.0,,,,,True,True,True,True,False,False,False,False,False,False,False,False,False,False,False,False,False,False,False,False
2106,2021-10-27,2021-10-26,5000.0,100.0,8.0,2021-10-19,,,,,8.0,,,,,False,True,True,True,False,False,False,False,False,False,False,False,False,False,False,False,False,False,False,False
2110,2021-04-03,2021-01-25,100.0,100.0,68.0,2021-01-25,,2020-10-10,,2020-11-11,68.0,,175.0,,143.0,False,False,True,True,False,False,False,False,False,False,False,True,False,False,False,False,False,False,False,True
2112,2021-01-08,,,,,,,,,,,,,,,False,False,False,False,False,False,False,False,False,False,False,False,False,False,False,False,False,False,False,False
2112,2021-09-24,2021-04-29,100.0,100.0,148.0,2021-04-29,,2021-03-20,,,148.0,,188.0,,,False,False,False,True,False,False,False,False,False,False,False,False,False,False,False,False,False,False,False,False
2116,2021-01-30,2021-01-22,500.0,500.0,8.0,,,2021-01-22,,,,,8.0,,,False,False,False,False,False,False,False,False,False,True,True,True,False,False,False,False,False,False,False,False
2119,2021-11-12,2021-10-08,500.0,500.0,35.0,2021-04-17,,2021-10-08,2021-01-01,,209.0,,35.0,315.0,,False,False,False,False,False,False,False,False,False,False,True,True,False,False,False,False,False,False,False,False
2121,2021-09-22,2021-09-06,100.0,100.0,16.0,2021-09-06,2020-08-11,2021-02-13,,,16.0,407.0,221.0,,,False,True,True,True,False,False,False,False,False,False,False,False,False,False,False,False,False,False,False,False
2123,2021-11-17,2020-10-12,500.0,500.0,401.0,,,2020-10-12,,,,,401.0,,,False,False,False,False,False,False,False,False,False,False,False,False,False,False,False,False,False,False,False,False
2125,2021-03-31,2021-03-16,1000.0,1000.0,15.0,,,,2021-03-16,,,,,15.0,,False,False,False,False,False,False,False,False,False,False,False,False,False,True,True,True,False,False,False,False
2125,2021-08-06,2021-04-19,100.0,100.0,109.0,2021-04-19,,,2021-03-16,,109.0,,,143.0,,False,False,False,True,False,False,False,False,False,False,False,False,False,False,False,True,False,False,False,False
2126,2021-11-27,2021-11-24,500.0,500.0,3.0,2021-08-16,,2021-11-24,2021-11-22,2021-10-30,103.0,,3.0,5.0,28.0,False,False,False,True,False,False,False,False,True,True,True,True,True,True,True,True,False,True,True,True
2126,2021-12-31,2021-11-27,5000.0,500.0,37.0,2021-08-16,,2021-11-24,2021-11-22,2021-10-30,137.0,,37.0,39.0,62.0,False,False,False,True,False,False,False,False,False,False,True,True,False,False,True,True,False,False,True,True
2127,2021-03-09,2021-01-15,100.0,100.0,53.0,2021-01-15,2020-12-15,,,,53.0,84.0,,,,False,False,True,True,False,False,True,True,False,False,False,False,False,False,False,False,False,False,False,False
2128,2021-01-18,2021-01-04,100.0,100.0,14.0,2021-01-04,,2020-09-22,,,14.0,,118.0,,,False,True,True,True,False,False,False,False,False,False,False,True,False,False,False,False,False,False,False,False
2133,2021-04-01,2021-03-25,100.0,100.0,7.0,2021-03-25,,,,,7.0,,,,,True,True,True,True,False,False,False,False,False,False,False,False,False,False,False,False,False,False,False,False
2136,2021-01-25,2020-11-16,100.0,100.0,70.0,2020-11-16,,,2020-10-16,2020-08-03,70.0,,,101.0,175.0,False,False,True,True,False,False,False,False,False,False,False,False,False,False,False,True,False,False,False,True
2136,2021-04-05,2021-01-25,5000.0,100.0,140.0,2020-11-16,,,2020-10-16,2020-08-03,140.0,,,171.0,245.0,False,False,False,True,False,False,False,False,False,False,False,False,False,False,False,True,False,False,False,False
2137,2021-10-08,2021-09-29,100.0,100.0,9.0,2021-09-29,,,,,9.0,,,,,False,True,True,True,False,False,False,False,False,False,False,False,False,False,False,False,False,False,False,False
2139,2021-10-05,2021-09-14,100.0,100.0,21.0,2021-09-14,,2021-04-22,2021-03-31,,21.0,,166.0,188.0,,False,True,True,True,False,False,False,False,False,False,False,True,False,False,False,False,False,False,False,False
2139,2021-12-02,2021-10-05,5000.0,100.0,79.0,2021-09-14,,2021-04-22,2021-03-31,,79.0,,224.0,246.0,,False,False,True,True,False,False,False,False,False,False,False,False,False,False,False,False,False,False,False,False
2142,2021-02-22,2020-11-30,1000.0,1000.0,84.0,2020-11-11,,,2020-11-30,,103.0,,,84.0,,False,False,False,True,False,False,False,False,False,False,False,False,False,False,True,True,False,False,False,False
2148,2021-12-17,2021-10-11,500.0,500.0,67.0,2021-04-23,,2021-10-11,2021-04-07,,238.0,,67.0,254.0,,False,False,False,False,False,False,False,False,False,False,True,True,False,False,False,False,False,False,False,False
2149,2021-08-27,2021-07-23,500.0,500.0,35.0,2021-04-07,,2021-07-23,,,142.0,,35.0,,,False,False,False,True,False,False,False,False,False,False,True,True,False,False,False,False,False,False,False,False
2151,2021-09-08,2021-08-11,1000.0,1000.0,28.0,2021-04-12,2020-08-25,,2021-08-11,,149.0,379.0,,28.0,,False,False,False,True,False,False,False,False,False,False,False,False,False,True,True,True,False,False,False,False
2152,2021-08-20,2021-05-06,100.0,100.0,106.0,2021-05-06,,2021-04-29,2020-12-25,,106.0,,113.0,238.0,,False,False,False,True,False,False,False,False,False,False,False,True,False,False,False,False,False,False,False,False
2156,2021-09-16,2021-03-30,200.0,200.0,170.0,2021-01-06,2021-03-30,2020-08-17,,,253.0,170.0,395.0,,,False,False,False,False,False,False,False,True,False,False,False,False,False,False,False,False,False,False,False,False
2160,2021-05-10,2021-05-06,100.0,100.0,4.0,2021-05-06,,,2020-10-21,,4.0,,,201.0,,True,True,True,True,False,False,False,False,False,False,False,False,False,False,False,False,False,False,False,False
2160,2021-12-28,2021-12-10,100.0,100.0,18.0,2021-12-10,,,2021-10-01,,18.0,,,88.0,,False,True,True,True,False,False,False,False,False,False,False,False,False,False,True,True,False,False,False,False
2162,2021-04-24,2021-01-29,500.0,500.0,85.0,2020-12-21,,2021-01-29,,,124.0,,85.0,,,False,False,False,True,False,False,False,False,False,False,True,True,False,False,False,False,False,False,False,False
2177,2021-09-24,2021-09-07,100.0,100.0,17.0,2021-09-07,,2021-08-30,2021-02-11,,17.0,,25.0,225.0,,False,True,True,True,False,False,False,False,False,True,True,True,False,False,False,False,False,False,False,False
2180,2021-03-08,2021-02-19,100.0,100.0,17.0,2021-02-19,,2020-08-29,,,17.0,,191.0,,,False,True,True,True,False,False,False,False,False,False,False,False,False,False,False,False,False,False,False,False
2180,2021-12-16,2021-03-08,5000.0,100.0,300.0,2021-02-19,,2020-08-29,,,300.0,,474.0,,,False,False,False,False,False,False,False,False,False,False,False,False,False,False,False,False,False,False,False,False
2181,2021-11-17,2020-12-25,500.0,500.0,327.0,2020-11-06,,2020-12-25,,,376.0,,327.0,,,False,False,False,False,False,False,False,False,False,False,False,False,False,False,False,False,False,False,False,False
2186,2021-12-09,2021-12-02,500.0,500.0,7.0,2021-12-01,,2021-12-02,,,8.0,,7.0,,,False,True,True,True,False,False,False,False,True,True,True,True,False,False,False,False,False,False,False,False
2188,2021-09-27,2021-03-25,100.0,100.0,186.0,2021-03-25,,2021-02-10,,2020-09-08,186.0,,229.0,,384.0,False,False,False,False,False,False,False,False,False,False,False,False,False,False,False,False,False,False,False,False
2189,2021-02-18,2021-01-05,100.0,100.0,44.0,2021-01-05,,,,,44.0,,,,,False,False,True,True,False,False,False,False,False,False,False,False,False,False,False,False,False,False,False,False
2190,2021-01-23,2020-12-28,1000.0,1000.0,26.0,2020-12-21,,2020-08-17,2020-12-28,,33.0,,159.0,26.0,,False,False,True,True,False,False,False,False,False,False,False,True,False,True,True,True,False,False,False,False
2191,2021-04-09,2021-04-08,500.0,500.0,1.0,2021-03-17,,2021-04-08,2021-02-26,,23.0,,1.0,42.0,,False,True,True,True,False,False,False,False,True,True,True,True,False,False,True,True,False,False,False,False
2197,2021-05-11,2021-02-18,1000.0,1000.0,82.0,2020-12-29,,,2021-02-18,2020-12-30,133.0,,,82.0,132.0,False,False,False,True,False,False,False,False,False,False,False,False,False,False,True,True,False,False,False,True
2197,2021-11-15,2021-11-06,100.0,100.0,9.0,2021-11-06,,,2021-02-18,2020-12-30,9.0,,,270.0,320.0,False,True,True,True,False,False,False,False,False,False,False,False,False,False,False,False,False,False,False,False
2202,2021-01-04,2020-12-16,500.0,500.0,19.0,2020-12-11,,2020-12-16,,,24.0,,19.0,,,False,True,True,True,False,False,False,False,False,True,True,True,False,False,False,False,False,False,False,False
2204,2021-11-18,2021-10-26,100.0,100.0,23.0,2021-10-26,,,2021-02-02,,23.0,,,289.0,,False,True,True,True,False,False,False,False,False,False,False,False,False,False,False,False,False,False,False,False
2205,2021-09-25,2021-04-20,100.0,100.0,158.0,2021-04-20,,2021-04-09,,,158.0,,169.0,,,False,False,False,True,False,False,False,False,False,False,False,True,False,False,False,False,False,False,False,False
2211,2021-12-16,2021-12-06,500.0,500.0,10.0,2021-09-10,,2021-12-06,2021-04-21,,97.0,,10.0,239.0,,False,False,False,True,False,False,False,False,False,True,True,True,False,False,False,False,False,False,False,False
2216,2021-04-12,2021-03-26,1000.0,1000.0,17.0,2021-02-13,,,2021-03-26,,58.0,,,17.0,,False,False,True,True,False,False,False,False,False,False,False,False,False,True,True,True,False,False,False,False
2217,2021-12-29,2021-10-08,500.0,500.0,82.0,2021-04-24,,2021-10-08,2020-12-02,2021-03-06,249.0,,82.0,392.0,298.0,False,False,False,False,False,False,False,False,False,False,True,True,False,False,False,False,False,False,False,False
2219,2021-02-22,2021-02-04,500.0,500.0,18.0,2021-01-13,,2021-02-04,2020-12-11,,40.0,,18.0,73.0,,False,False,True,True,False,False,False,False,False,True,True,True,False,False,True,True,False,False,False,False
2222,2021-04-24,2021-04-21,100.0,100.0,3.0,2021-04-21,,,,,3.0,,,,,True,True,True,True,False,False,False,False,False,False,False,False,False,False,False,False,False,False,False,False
2226,2021-01-22,2021-01-19,100.0,100.0,3.0,2021-01-19,,2020-08-19,2020-08-07,,3.0,,156.0,168.0,,True,True,True,True,False,False,False,False,False,False,False,True,False,False,False,True,False,False,False,False
2226,2021-04-27,2021-04-09,1000.0,1000.0,18.0,2021-03-09,,2021-03-18,2021-04-09,,49.0,,40.0,18.0,,False,False,True,True,False,False,False,False,False,False,True,True,False,True,True,True,False,False,False,False
2228,2021-03-06,2021-01-12,100.0,100.0,53.0,2021-01-12,,,,2020-11-09,53.0,,,,117.0,False,False,True,True,False,False,False,False,False,False,False,False,False,False,False,False,False,False,False,True
2229,2021-10-08,2021-04-24,100.0,100.0,167.0,2021-04-24,,2021-03-19,2021-04-20,,167.0,,203.0,171.0,,False,False,False,True,False,False,False,False,False,False,False,False,False,False,False,True,False,False,False,False
2235,2021-01-05,2020-11-30,500.0,500.0,36.0,2020-11-11,,2020-11-30,,,55.0,,36.0,,,False,False,True,True,False,False,False,False,False,False,True,True,False,False,False,False,False,False,False,False
2235,2021-09-20,2021-03-11,100.0,100.0,193.0,2021-03-11,,2021-01-06,,,193.0,,257.0,,,False,False,False,False,False,False,False,False,False,False,False,False,False,False,False,False,False,False,False,False
2238,2021-03-29,2021-03-25,500.0,500.0,4.0,2020-09-12,,2021-03-25,,,198.0,,4.0,,,False,False,False,False,False,False,False,False,True,True,True,True,False,False,False,False,False,False,False,False
2238,2021-10-06,2021-04-20,100.0,100.0,169.0,2021-04-20,,2021-03-25,,,169.0,,195.0,,,False,False,False,True,False,False,False,False,False,False,False,False,False,False,False,False,False,False,False,False
2240,2021-04-14,2020-12-08,100.0,100.0,127.0,2020-12-08,,,,,127.0,,,,,False,False,False,True,False,False,False,False,False,False,False,False,False,False,False,False,False,False,False,False
2241,2021-04-19,2021-04-17,500.0,500.0,2.0,2021-04-05,,2021-04-17,,,14.0,,2.0,,,False,True,True,True,False,False,False,False,True,True,True,True,False,False,False,False,False,False,False,False
2242,2021-10-14,2021-09-18,100.0,100.0,26.0,2021-09-18,,2020-09-26,,,26.0,,383.0,,,False,True,True,True,False,False,False,False,False,False,False,False,False,False,False,False,False,False,False,False
2243,2021-11-27,2021-11-19,100.0,100.0,8.0,2021-11-19,2021-02-09,2021-11-03,2021-02-02,,8.0,291.0,24.0,298.0,,False,True,True,True,False,False,False,False,False,True,True,True,False,False,False,False,False,False,False,False
2244,2021-03-15,2021-02-19,100.0,100.0,24.0,2021-02-19,,2021-02-11,,,24.0,,32.0,,,False,True,True,True,False,False,False,False,False,False,True,True,False,False,False,False,False,False,False,False
2246,2021-03-05,2021-01-30,1000.0,1000.0,34.0,2020-09-28,,2021-01-08,2021-01-30,,158.0,,56.0,34.0,,False,False,False,True,False,False,False,False,False,False,True,True,False,False,True,True,False,False,False,False
2247,2021-02-23,2020-12-16,100.0,100.0,69.0,2020-12-16,,,,,69.0,,,,,False,False,True,True,False,False,False,False,False,False,False,False,False,False,False,False,False,False,False,False
2257,2021-01-05,2020-10-21,100.0,100.0,76.0,2020-10-21,,2020-10-05,,,76.0,,92.0,,,False,False,True,True,False,False,False,False,False,False,False,True,False,False,False,False,False,False,False,False
2257,2021-10-15,2021-04-22,1000.0,1000.0,176.0,2020-10-21,,2021-03-27,2021-04-22,,359.0,,202.0,176.0,,False,False,False,False,False,False,False,False,False,False,False,False,False,False,False,True,False,False,False,False
2268,2021-01-06,2020-12-07,500.0,500.0,30.0,2020-10-23,,2020-12-07,,,75.0,,30.0,,,False,False,True,True,False,False,False,False,False,True,True,True,False,False,False,False,False,False,False,False
2268,2021-04-17,2021-01-06,5000.0,500.0,131.0,2020-10-23,,2020-12-07,,,176.0,,131.0,,,False,False,False,True,False,False,False,False,False,False,False,True,False,False,False,False,False,False,False,False
2268,2021-12-16,2021-11-20,500.0,500.0,26.0,2021-11-09,,2021-11-20,,,37.0,,26.0,,,False,False,True,True,False,False,False,False,False,True,True,True,False,False,False,False,False,False,False,False
2274,2021-04-02,2021-03-15,1000.0,1000.0,18.0,,,2021-02-24,2021-03-15,2020-09-16,,,37.0,18.0,198.0,False,False,False,False,False,False,False,False,False,False,True,True,False,True,True,True,False,False,False,False
2275,2021-02-10,2021-01-25,100.0,100.0,16.0,2021-01-25,,,,,16.0,,,,,False,True,True,True,False,False,False,False,False,False,False,False,False,False,False,False,False,False,False,False
2276,2021-03-06,2021-03-05,1000.0,1000.0,1.0,2021-01-12,,2021-03-04,2021-03-05,,53.0,,2.0,1.0,,False,False,True,True,False,False,False,False,True,True,True,True,True,True,True,True,False,False,False,False
2277,2021-09-21,2021-09-17,500.0,500.0,4.0,,,2021-09-17,,,,,4.0,,,False,False,False,False,False,False,False,False,True,True,True,True,False,False,False,False,False,False,False,False
2287,2021-04-02,2021-02-24,500.0,500.0,37.0,2021-01-06,,2021-02-24,,,86.0,,37.0,,,False,False,True,True,False,False,False,False,False,False,True,True,False,False,False,False,False,False,False,False
2293,2021-01-29,2020-10-10,100.0,100.0,111.0,2020-10-10,,,,,111.0,,,,,False,False,False,True,False,False,False,False,False,False,False,False,False,False,False,False,False,False,False,False
2294,2021-11-05,2021-10-19,2000.0,2000.0,17.0,2021-10-04,,,,2021-10-19,32.0,,,,17.0,False,False,True,True,False,False,False,False,False,False,False,False,False,False,False,False,False,True,True,True
2294,2021-12-02,2021-11-05,5000.0,2000.0,44.0,2021-10-04,,,,2021-10-19,59.0,,,,44.0,False,False,True,True,False,False,False,False,False,False,False,False,False,False,False,False,False,False,True,True
2298,2021-02-22,2021-02-03,100.0,100.0,19.0,2021-02-03,,2020-10-03,,,19.0,,142.0,,,False,True,True,True,False,False,False,False,False,False,False,True,False,False,False,False,False,False,False,False
2300,2021-10-01,2021-09-29,100.0,100.0,2.0,2021-09-29,,2021-04-17,,,2.0,,167.0,,,True,True,True,True,False,False,False,False,False,False,False,True,False,False,False,False,False,False,False,False
2306,2021-11-11,2021-09-24,100.0,100.0,48.0,2021-09-24,,,,,48.0,,,,,False,False,True,True,False,False,False,False,False,False,False,False,False,False,False,False,False,False,False,False
2307,2021-09-18,2021-09-14,200.0,200.0,4.0,2021-09-13,2021-09-14,2020-12-15,,,5.0,4.0,277.0,,,True,True,True,True,True,True,True,True,False,False,False,False,False,False,False,False,False,False,False,False
2311,2021-10-18,2021-10-09,100.0,100.0,9.0,2021-10-09,2021-02-23,2021-04-01,,2020-08-19,9.0,237.0,200.0,,425.0,False,True,True,True,False,False,False,False,False,False,False,False,False,False,False,False,False,False,False,False
2318,2021-01-18,2021-01-05,200.0,200.0,13.0,2020-12-04,2021-01-05,2020-12-08,,,45.0,13.0,41.0,,,False,False,True,True,False,True,True,True,False,False,True,True,False,False,False,False,False,False,False,False
2324,2021-10-14,2021-09-25,500.0,500.0,19.0,2021-09-20,,2021-09-25,2020-09-16,,24.0,,19.0,393.0,,False,True,True,True,False,False,False,False,False,True,True,True,False,False,False,False,False,False,False,False
2325,2021-12-31,2021-11-17,100.0,100.0,44.0,2021-11-17,,2021-03-05,2020-12-15,,44.0,,301.0,381.0,,False,False,True,True,False,False,False,False,False,False,False,False,False,False,False,False,False,False,False,False
2336,2021-04-17,2021-03-12,1000.0,1000.0,36.0,2020-08-05,,,2021-03-12,,255.0,,,36.0,,False,False,False,False,False,False,False,False,False,False,False,False,False,False,True,True,False,False,False,False
2339,2021-11-25,2021-11-13,100.0,100.0,12.0,2021-11-13,,2020-12-28,,,12.0,,332.0,,,False,True,True,True,False,False,False,False,False,False,False,False,False,False,False,False,False,False,False,False
2340,2021-10-07,2021-09-09,100.0,100.0,28.0,2021-09-09,,2021-05-06,,,28.0,,154.0,,,False,True,True,True,False,False,False,False,False,False,False,True,False,False,False,False,False,False,False,False
2346,2021-12-22,2021-11-10,1000.0,1000.0,42.0,2021-02-18,,,2021-11-10,,307.0,,,42.0,,False,False,False,False,False,False,False,False,False,False,False,False,False,False,True,True,False,False,False,False
2349,2021-02-12,2021-02-10,1000.0,1000.0,2.0,,,2020-12-22,2021-02-10,,,,52.0,2.0,,False,False,False,False,False,False,False,False,False,False,True,True,True,True,True,True,False,False,False,False
2349,2021-03-12,2021-02-12,5000.0,1000.0,30.0,,,2020-12-22,2021-02-10,,,,80.0,30.0,,False,False,False,False,False,False,False,False,False,False,True,True,False,True,True,True,False,False,False,False
2350,2021-11-29,2021-09-09,500.0,500.0,81.0,2021-05-06,,2021-09-09,,,207.0,,81.0,,,False,False,False,False,False,False,False,False,False,False,True,True,False,False,False,False,False,False,False,False
2353,2021-03-31,2021-03-10,100.0,100.0,21.0,2021-03-10,,,,,21.0,,,,,False,True,True,True,False,False,False,False,False,False,False,False,False,False,False,False,False,False,False,False
2353,2021-10-20,2021-09-07,500.0,500.0,43.0,2021-04-21,,2021-09-07,,,182.0,,43.0,,,False,False,False,False,False,False,False,False,False,False,True,True,False,False,False,False,False,False,False,False
2356,2021-09-09,2021-03-13,100.0,100.0,180.0,2021-03-13,,,,,180.0,,,,,False,False,False,True,False,False,False,False,False,False,False,False,False,False,False,False,False,False,False,False
2357,2021-08-04,2021-03-05,1000.0,1000.0,152.0,2021-01-16,,,2021-03-05,2021-01-30,200.0,,,152.0,186.0,False,False,False,False,False,False,False,False,False,False,False,False,False,False,False,True,False,False,False,False
2360,2021-02-08,2021-01-30,2000.0,2000.0,9.0,2021-01-05,,2020-12-09,,2021-01-30,34.0,,61.0,,9.0,False,False,True,True,False,False,False,False,False,False,True,True,False,False,False,False,False,True,True,True
2361,2021-03-17,2021-02-20,100.0,100.0,25.0,2021-02-20,,2021-02-11,,,25.0,,34.0,,,False,True,True,True,False,False,False,False,False,False,True,True,False,False,False,False,False,False,False,False
2362,2021-02-09,2021-01-19,200.0,200.0,21.0,,2021-01-19,,,,,21.0,,,,False,False,False,False,False,True,True,True,False,False,False,False,False,False,False,False,False,False,False,False
2362,2021-03-26,2021-03-02,100.0,100.0,24.0,2021-03-02,2021-01-19,,,,24.0,66.0,,,,False,True,True,True,False,False,True,True,False,False,False,False,False,False,False,False,False,False,False,False
2364,2021-03-31,2021-03-20,1000.0,1000.0,11.0,2021-03-19,,,2021-03-20,,12.0,,,11.0,,False,True,True,True,False,False,False,False,False,False,False,False,False,True,True,True,False,False,False,False
2366,2021-08-27,2021-04-14,500.0,500.0,135.0,2021-03-03,,2021-04-14,,,177.0,,135.0,,,False,False,False,True,False,False,False,False,False,False,False,True,False,False,False,False,False,False,False,False
2368,2021-03-26,2021-02-06,100.0,100.0,48.0,2021-02-06,,2020-10-05,,,48.0,,172.0,,,False,False,True,True,False,False,False,False,False,False,False,True,False,False,False,False,False,False,False,False
2372,2021-02-20,2021-02-12,500.0,500.0,8.0,2021-01-08,,2021-02-12,,,43.0,,8.0,,,False,False,True,True,False,False,False,False,False,True,True,True,False,False,False,False,False,False,False,False
2374,2021-12-24,2021-10-26,100.0,100.0,59.0,2021-10-26,,2021-09-08,,,59.0,,107.0,,,False,False,True,True,False,False,False,False,False,False,False,True,False,False,False,False,False,False,False,False
2378,2021-02-17,,,,,,,,,,,,,,,False,False,False,False,False,False,False,False,False,False,False,False,False,False,False,False,False,False,False,False
2381,2021-12-31,2021-10-20,500.0,500.0,72.0,2021-08-20,,2021-10-20,,,133.0,,72.0,,,False,False,False,True,False,False,False,False,False,False,True,True,False,False,False,False,False,False,False,False
2387,2021-05-07,2021-02-10,1000.0,1000.0,86.0,,,,2021-02-10,,,,,86.0,,False,False,False,False,False,False,False,False,False,False,False,False,False,False,True,True,False,False,False,False
2388,2021-11-22,2021-11-16,1000.0,1000.0,6.0,2020-12-04,,2021-11-04,2021-11-16,,353.0,,18.0,6.0,,False,False,False,False,False,False,False,False,False,True,True,True,True,True,True,True,False,False,False,False
2390,2021-10-12,2021-09-22,100.0,100.0,20.0,2021-09-22,,2021-03-25,,,20.0,,201.0,,,False,True,True,True,False,False,False,False,False,False,False,False,False,False,False,False,False,False,False,False
2396,2021-02-15,2020-10-16,100.0,100.0,122.0,2020-10-16,,2020-08-11,,,122.0,,188.0,,,False,False,False,True,False,False,False,False,False,False,False,False,False,False,False,False,False,False,False,False
2399,2021-04-08,2021-03-29,500.0,500.0,10.0,2021-03-10,,2021-03-29,,,29.0,,10.0,,,False,True,True,True,False,False,False,False,False,True,True,True,False,False,False,False,False,False,False,False
2403,2021-11-10,2021-01-13,100.0,100.0,301.0,2021-01-13,,2020-11-20,,,301.0,,355.0,,,False,False,False,False,False,False,False,False,False,False,False,False,False,False,False,False,False,False,False,False
2408,2021-08-27,2021-03-24,100.0,100.0,156.0,2021-03-24,,2021-01-20,,,156.0,,219.0,,,False,False,False,True,False,False,False,False,False,False,False,False,False,False,False,False,False,False,False,False
2417,2021-02-20,2020-10-23,100.0,100.0,120.0,2020-10-23,,,,,120.0,,,,,False,False,False,True,False,False,False,False,False,False,False,False,False,False,False,False,False,False,False,False
2417,2021-10-18,2021-09-14,200.0,200.0,34.0,2021-03-17,2021-09-14,2021-04-03,,,215.0,34.0,198.0,,,False,False,False,False,False,False,True,True,False,False,False,False,False,False,False,False,False,False,False,False
2417,2021-12-13,2021-11-23,100.0,100.0,20.0,2021-11-23,2021-09-14,2021-11-15,,,20.0,90.0,28.0,,,False,True,True,True,False,False,True,True,False,True,True,True,False,False,False,False,False,False,False,False
2417,2021-12-16,2021-12-13,5000.0,100.0,23.0,2021-11-23,2021-09-14,2021-11-15,,,23.0,93.0,31.0,,,False,True,True,True,False,False,False,True,False,False,True,True,False,False,False,False,False,False,False,False
2418,2021-03-26,,,,,,,,,,,,,,,False,False,False,False,False,False,False,False,False,False,False,False,False,False,False,False,False,False,False,False
2421,2021-09-30,2021-09-23,500.0,500.0,7.0,2021-09-06,,2021-09-23,,,24.0,,7.0,,,False,True,True,True,False,False,False,False,True,True,True,True,False,False,False,False,False,False,False,False
2422,2021-09-28,2021-09-13,100.0,100.0,15.0,2021-09-13,,,,,15.0,,,,,False,True,True,True,False,False,False,False,False,False,False,False,False,False,False,False,False,False,False,False
2425,2021-03-29,2020-09-14,100.0,100.0,196.0,2020-09-14,,,,,196.0,,,,,False,False,False,False,False,False,False,False,False,False,False,False,False,False,False,False,False,False,False,False
2426,2021-10-14,2021-04-02,500.0,500.0,195.0,2020-12-14,,2021-04-02,2021-03-15,,304.0,,195.0,213.0,,False,False,False,False,False,False,False,False,False,False,False,False,False,False,False,False,False,False,False,False
2427,2021-04-03,2021-02-13,500.0,500.0,49.0,,,2021-02-13,,,,,49.0,,,False,False,False,False,False,False,False,False,False,False,True,True,False,False,False,False,False,False,False,False
2428,2021-03-02,2021-02-02,100.0,100.0,28.0,2021-02-02,2021-01-12,2020-12-05,,,28.0,49.0,87.0,,,False,True,True,True,False,False,True,True,False,False,True,True,False,False,False,False,False,False,False,False
2430,2021-09-14,2021-08-25,500.0,500.0,20.0,2021-04-16,,2021-08-25,2021-08-13,,151.0,,20.0,32.0,,False,False,False,True,False,False,False,False,False,True,True,True,False,False,True,True,False,False,False,False
2430,2021-11-05,2021-09-14,5000.0,500.0,72.0,2021-04-16,,2021-08-25,2021-08-13,,203.0,,72.0,84.0,,False,False,False,False,False,False,False,False,False,False,True,True,False,False,True,True,False,False,False,False
2431,2021-08-20,2021-04-20,1000.0,1000.0,122.0,2021-03-08,,2020-12-12,2021-04-20,,165.0,,251.0,122.0,,False,False,False,True,False,False,False,False,False,False,False,False,False,False,False,True,False,False,False,False
2434,2021-10-11,2021-02-23,500.0,500.0,230.0,2020-10-10,,2021-02-23,2021-02-19,,366.0,,230.0,234.0,,False,False,False,False,False,False,False,False,False,False,False,False,False,False,False,False,False,False,False,False
2437,2021-04-14,2021-03-09,100.0,100.0,36.0,2021-03-09,,2021-03-04,,,36.0,,41.0,,,False,False,True,True,False,False,False,False,False,False,True,True,False,False,False,False,False,False,False,False
2442,2021-02-09,2020-10-30,500.0,500.0,102.0,,,2020-10-30,2020-09-30,,,,102.0,132.0,,False,False,False,False,False,False,False,False,False,False,False,True,False,False,False,True,False,False,False,False
2450,2021-04-14,2021-03-23,500.0,500.0,22.0,2020-08-19,,2021-03-23,2020-10-03,,238.0,,22.0,193.0,,False,False,False,False,False,False,False,False,False,True,True,True,False,False,False,False,False,False,False,False
2454,2021-01-27,2021-01-15,100.0,100.0,12.0,2021-01-15,,2021-01-08,,,12.0,,19.0,,,False,True,True,True,False,False,False,False,False,True,True,True,False,False,False,False,False,False,False,False
2454,2021-03-22,2021-01-27,5000.0,100.0,66.0,2021-01-15,,2021-01-08,,,66.0,,73.0,,,False,False,True,True,False,False,False,False,False,False,True,True,False,False,False,False,False,False,False,False
2455,2021-04-28,2021-02-19,100.0,100.0,68.0,2021-02-19,,,,,68.0,,,,,False,False,True,True,False,False,False,False,False,False,False,False,False,False,False,False,False,False,False,False
2455,2021-11-25,2021-10-13,500.0,500.0,43.0,2021-10-08,,2021-10-13,,,48.0,,43.0,,,False,False,True,True,False,False,False,False,False,False,True,True,False,False,False,False,False,False,False,False
2456,2021-04-17,2021-02-06,500.0,500.0,70.0,,,2021-02-06,,,,,70.0,,,False,False,False,False,False,False,False,False,False,False,True,True,False,False,False,False,False,False,False,False
2457,2021-11-03,2021-09-21,2000.0,2000.0,43.0,,,2021-03-24,,2021-09-21,,,224.0,,43.0,False,False,False,False,False,False,False,False,False,False,False,False,False,False,False,False,False,False,True,True
2463,2021-04-09,2020-11-27,100.0,100.0,133.0,2020-11-27,,,,,133.0,,,,,False,False,False,True,False,False,False,False,False,False,False,False,False,False,False,False,False,False,False,False
2469,2021-01-08,2020-10-14,500.0,500.0,86.0,,,2020-10-14,,,,,86.0,,,False,False,False,False,False,False,False,False,False,False,True,True,False,False,False,False,False,False,False,False
2471,2021-04-01,2021-03-24,100.0,100.0,8.0,2021-03-24,,2020-12-12,,,8.0,,110.0,,,False,True,True,True,False,False,False,False,False,False,False,True,False,False,False,False,False,False,False,False
2472,2021-03-08,2021-01-01,100.0,100.0,66.0,2021-01-01,,,,,66.0,,,,,False,False,True,True,False,False,False,False,False,False,False,False,False,False,False,False,False,False,False,False
2476,2021-02-26,2021-02-03,500.0,500.0,23.0,2020-11-04,,2021-02-03,,,114.0,,23.0,,,False,False,False,True,False,False,False,False,False,True,True,True,False,False,False,False,False,False,False,False
2483,2021-09-06,2021-04-30,500.0,500.0,129.0,2021-04-07,,2021-04-30,,2020-10-05,152.0,,129.0,,336.0,False,False,False,True,False,False,False,False,False,False,False,True,False,False,False,False,False,False,False,False
2483,2021-09-15,2021-09-06,5000.0,500.0,138.0,2021-04-07,,2021-04-30,,2020-10-05,161.0,,138.0,,345.0,False,False,False,True,False,False,False,False,False,False,False,True,False,False,False,False,False,False,False,False
2485,2021-01-20,2020-10-12,500.0,500.0,100.0,2020-09-30,,2020-10-12,,,112.0,,100.0,,,False,False,False,True,False,False,False,False,False,False,False,True,False,False,False,False,False,False,False,False
2487,2021-02-06,2021-01-27,100.0,100.0,10.0,2021-01-27,,2020-10-12,,,10.0,,117.0,,,False,True,True,True,False,False,False,False,False,False,False,True,False,False,False,False,False,False,False,False
2488,2021-01-19,2020-08-03,1000.0,1000.0,169.0,,,,2020-08-03,,,,,169.0,,False,False,False,False,False,False,False,False,False,False,False,False,False,False,False,True,False,False,False,False
2489,2021-10-11,2021-04-20,100.0,100.0,174.0,2021-04-20,2021-01-19,,,,174.0,265.0,,,,False,False,False,True,False,False,False,False,False,False,False,False,False,False,False,False,False,False,False,False
2490,2021-09-14,2021-03-03,100.0,100.0,195.0,2021-03-03,,2020-08-21,,,195.0,,389.0,,,False,False,False,False,False,False,False,False,False,False,False,False,False,False,False,False,False,False,False,False
2495,2021-04-01,2021-02-19,500.0,500.0,41.0,,,2021-02-19,,2020-10-28,,,41.0,,155.0,False,False,False,False,False,False,False,False,False,False,True,True,False,False,False,False,False,False,False,True
2497,2021-01-11,2020-08-27,500.0,500.0,137.0,,,2020-08-27,2020-08-03,,,,137.0,161.0,,False,False,False,False,False,False,False,False,False,False,False,True,False,False,False,True,False,False,False,False
2497,2021-04-13,2021-04-05,500.0,500.0,8.0,2021-03-13,,2021-04-05,2020-08-03,,31.0,,8.0,253.0,,False,False,True,True,False,False,False,False,False,True,True,True,False,False,False,False,False,False,False,False
2498,2021-12-13,2021-11-30,100.0,100.0,13.0,2021-11-30,,,2021-09-29,,13.0,,,75.0,,False,True,True,True,False,False,False,False,False,False,False,False,False,False,True,True,False,False,False,False
2507,2021-02-27,2021-01-27,500.0,500.0,31.0,2020-09-24,,2021-01-27,,,156.0,,31.0,,,False,False,False,True,False,False,False,False,False,False,True,True,False,False,False,False,False,False,False,False
2509,2021-12-28,2021-11-17,500.0,500.0,41.0,2021-09-18,,2021-11-17,,,101.0,,41.0,,,False,False,False,True,False,False,False,False,False,False,True,True,False,False,False,False,False,False,False,False
2514,2021-02-20,2020-09-10,100.0,100.0,163.0,2020-09-10,,,,,163.0,,,,,False,False,False,True,False,False,False,False,False,False,False,False,False,False,False,False,False,False,False,False
2516,2021-04-17,2021-03-24,100.0,100.0,24.0,2021-03-24,,2021-01-18,2021-01-15,,24.0,,89.0,92.0,,False,True,True,True,False,False,False,False,False,False,True,True,False,False,False,True,False,False,False,False
2518,2021-03-01,2020-12-23,500.0,500.0,68.0,,,2020-12-23,2020-11-27,,,,68.0,94.0,,False,False,False,False,False,False,False,False,False,False,True,True,False,False,False,True,False,False,False,False
2529,2021-03-27,2021-03-24,100.0,100.0,3.0,2021-03-24,,2021-02-25,,,3.0,,30.0,,,True,True,True,True,False,False,False,False,False,True,True,True,False,False,False,False,False,False,False,False
2532,2021-11-05,2021-09-21,500.0,500.0,45.0,2021-03-31,2020-08-11,2021-09-21,,,219.0,451.0,45.0,,,False,False,False,False,False,False,False,False,False,False,True,True,False,False,False,False,False,False,False,False
2542,2021-03-26,2021-03-08,100.0,100.0,18.0,2021-03-08,,2020-11-02,,2021-03-02,18.0,,144.0,,24.0,False,True,True,True,False,False,False,False,False,False,False,True,False,False,False,False,False,True,True,True
2545,2021-03-04,2020-08-03,100.0,100.0,213.0,2020-08-03,,,,,213.0,,,,,False,False,False,False,False,False,False,False,False,False,False,False,False,False,False,False,False,False,False,False
2547,2021-11-17,2021-10-20,500.0,500.0,28.0,2021-10-14,2021-09-07,2021-10-20,2021-01-25,2021-10-06,34.0,71.0,28.0,296.0,42.0,False,False,True,True,False,False,True,True,False,True,True,True,False,False,False,False,False,False,True,True
2548,2021-10-19,2021-09-18,500.0,500.0,31.0,2021-08-11,,2021-09-18,,,69.0,,31.0,,,False,False,True,True,False,False,False,False,False,False,True,True,False,False,False,False,False,False,False,False
2552,2021-12-02,2021-10-22,500.0,500.0,41.0,2021-09-27,,2021-10-22,2020-12-12,,66.0,,41.0,355.0,,False,False,True,True,False,False,False,False,False,False,True,True,False,False,False,False,False,False,False,False
2552,2021-12-04,2021-12-02,5000.0,500.0,43.0,2021-09-27,,2021-10-22,2020-12-12,,68.0,,43.0,357.0,,False,False,True,True,False,False,False,False,False,False,True,True,False,False,False,False,False,False,False,False
2555,2021-07-27,2021-02-20,500.0,500.0,157.0,,,2021-02-20,2020-12-11,,,,157.0,228.0,,False,False,False,False,False,False,False,False,False,False,False,True,False,False,False,False,False,False,False,False
2556,2021-12-29,2021-11-13,100.0,100.0,46.0,2021-11-13,,2021-04-01,2021-04-05,,46.0,,272.0,268.0,,False,False,True,True,False,False,False,False,False,False,False,False,False,False,False,False,False,False,False,False
2557,2021-03-13,2021-02-24,100.0,100.0,17.0,2021-02-24,,,,,17.0,,,,,False,True,True,True,False,False,False,False,False,False,False,False,False,False,False,False,False,False,False,False
2559,2021-09-07,2021-08-16,500.0,500.0,22.0,2020-12-05,,2021-08-16,,,276.0,,22.0,,,False,False,False,False,False,False,False,False,False,True,True,True,False,False,False,False,False,False,False,False
2560,2021-01-09,,,,,,,,,,,,,,,False,False,False,False,False,False,False,False,False,False,False,False,False,False,False,False,False,False,False,False
2567,2021-12-17,2021-12-09,100.0,100.0,8.0,2021-12-09,,2021-09-15,2021-03-18,,8.0,,93.0,274.0,,False,True,True,True,False,False,False,False,False,False,False,True,False,False,False,False,False,False,False,False
2573,2021-02-24,2021-02-22,100.0,100.0,2.0,2021-02-22,,,,,2.0,,,,,True,True,True,True,False,False,False,False,False,False,False,False,False,False,False,False,False,False,False,False
2573,2021-10-13,2021-09-07,100.0,100.0,36.0,2021-09-07,,2021-04-10,,,36.0,,186.0,,,False,False,True,True,False,False,False,False,False,False,False,False,False,False,False,False,False,False,False,False
2575,2021-09-03,2021-04-29,1000.0,1000.0,127.0,2021-03-03,,2021-03-09,2021-04-29,,184.0,,178.0,127.0,,False,False,False,False,False,False,False,False,False,False,False,True,False,False,False,True,False,False,False,False
2578,2021-01-12,2021-01-11,500.0,500.0,1.0,2020-11-09,,2021-01-11,2020-10-28,,64.0,,1.0,76.0,,False,False,True,True,False,False,False,False,True,True,True,True,False,False,True,True,False,False,False,False
2581,2021-12-31,2021-12-04,1000.0,1000.0,27.0,2021-09-14,,2021-04-03,2021-12-04,,108.0,,272.0,27.0,,False,False,False,True,False,False,False,False,False,False,False,False,False,True,True,True,False,False,False,False
2584,2021-07-27,2021-03-23,500.0,500.0,126.0,,,2021-03-23,,,,,126.0,,,False,False,False,False,False,False,False,False,False,False,False,True,False,False,False,False,False,False,False,False
2585,2021-11-29,2021-11-12,500.0,500.0,17.0,2021-09-17,,2021-11-12,2020-12-18,,73.0,,17.0,346.0,,False,False,True,True,False,False,False,False,False,True,True,True,False,False,False,False,False,False,False,False
2589,2021-04-17,2021-03-29,100.0,100.0,19.0,2021-03-29,,2020-09-10,,,19.0,,219.0,,,False,True,True,True,False,False,False,False,False,False,False,False,False,False,False,False,False,False,False,False
2590,2021-11-26,2021-11-08,500.0,500.0,18.0,2021-04-26,,2021-11-08,2021-10-28,,214.0,,18.0,29.0,,False,False,False,False,False,False,False,False,False,True,True,True,False,True,True,True,False,False,False,False
2595,2021-04-19,2021-03-15,100.0,100.0,35.0,2021-03-15,,,2021-01-25,,35.0,,,84.0,,False,False,True,True,False,False,False,False,False,False,False,False,False,False,True,True,False,False,False,False
2596,2021-02-03,2021-01-25,100.0,100.0,9.0,2021-01-25,,2021-01-11,2020-11-27,,9.0,,23.0,68.0,,False,True,True,True,False,False,False,False,False,True,True,True,False,False,True,True,False,False,False,False
2597,2021-01-29,2021-01-15,100.0,100.0,14.0,2021-01-15,,,,,14.0,,,,,False,True,True,True,False,False,False,False,False,False,False,False,False,False,False,False,False,False,False,False
2597,2021-10-26,2021-05-12,1000.0,1000.0,167.0,2021-04-23,,,2021-05-12,,186.0,,,167.0,,False,False,False,False,False,False,False,False,False,False,False,False,False,False,False,True,False,False,False,False
2597,2021-12-27,2021-11-05,100.0,100.0,52.0,2021-11-05,,,2021-05-12,,52.0,,,229.0,,False,False,True,True,False,False,False,False,False,False,False,False,False,False,False,False,False,False,False,False
2598,2021-01-25,2020-12-18,500.0,500.0,38.0,2020-11-09,,2020-12-18,,,77.0,,38.0,,,False,False,True,True,False,False,False,False,False,False,True,True,False,False,False,False,False,False,False,False
2598,2021-08-16,2021-08-04,500.0,500.0,12.0,2021-03-05,,2021-08-04,,,164.0,,12.0,,,False,False,False,True,False,False,False,False,False,True,True,True,False,False,False,False,False,False,False,False
2602,2021-01-13,2020-12-22,5000.0,100.0,26.0,2020-12-18,,,,2020-12-15,26.0,,,,29.0,False,True,True,True,False,False,False,False,False,False,False,False,False,False,False,False,False,True,True,True
2602,2021-03-12,2021-02-26,500.0,500.0,14.0,2021-02-18,,2021-02-26,,2020-12-15,22.0,,14.0,,87.0,False,True,True,True,False,False,False,False,False,True,True,True,False,False,False,False,False,False,True,True
2607,2021-10-01,2021-08-06,100.0,100.0,56.0,2021-08-06,,2021-05-04,,,56.0,,150.0,,,False,False,True,True,False,False,False,False,False,False,False,True,False,False,False,False,False,False,False,False
2608,2021-08-30,2021-08-09,100.0,100.0,21.0,2021-08-09,,2020-10-23,,,21.0,,311.0,,,False,True,True,True,False,False,False,False,False,False,False,False,False,False,False,False,False,False,False,False
2610,2021-01-05,2020-12-15,200.0,200.0,21.0,,2020-12-15,2020-07-25,,,,21.0,164.0,,,False,False,False,False,False,True,True,True,False,False,False,True,False,False,False,False,False,False,False,False
2612,2021-03-11,2021-02-19,100.0,100.0,20.0,2021-02-19,,,,2021-01-11,20.0,,,,59.0,False,True,True,True,False,False,False,False,False,False,False,False,False,False,False,False,False,False,True,True
2612,2021-12-02,2021-10-19,200.0,200.0,44.0,2021-09-21,2021-10-19,2021-08-11,,2021-04-07,72.0,44.0,113.0,,239.0,False,False,True,True,False,False,True,True,False,False,False,True,False,False,False,False,False,False,False,False
2613,2021-11-09,2021-09-04,100.0,100.0,66.0,2021-09-04,,,2021-05-07,,66.0,,,186.0,,False,False,True,True,False,False,False,False,False,False,False,False,False,False,False,False,False,False,False,False
2615,2021-12-17,2021-12-11,100.0,100.0,6.0,2021-12-11,,2021-04-28,2021-07-23,,6.0,,233.0,147.0,,True,True,True,True,False,False,False,False,False,False,False,False,False,False,False,True,False,False,False,False
2616,2021-08-02,2021-04-09,1000.0,1000.0,115.0,2020-11-11,,2021-01-27,2021-04-09,,264.0,,187.0,115.0,,False,False,False,False,False,False,False,False,False,False,False,False,False,False,False,True,False,False,False,False
2618,2021-01-12,2021-01-06,100.0,100.0,6.0,2021-01-06,,,,2020-12-19,6.0,,,,24.0,True,True,True,True,False,False,False,False,False,False,False,False,False,False,False,False,False,True,True,True
2618,2021-01-19,2021-01-12,5000.0,100.0,13.0,2021-01-06,,,,2020-12-19,13.0,,,,31.0,False,True,True,True,False,False,False,False,False,False,False,False,False,False,False,False,False,False,True,True
2620,2021-02-09,2021-02-02,100.0,100.0,7.0,2021-02-02,,2020-09-12,,,7.0,,150.0,,,True,True,True,True,False,False,False,False,False,False,False,True,False,False,False,False,False,False,False,False
2620,2021-02-18,2021-02-09,5000.0,100.0,16.0,2021-02-02,,2020-09-12,,,16.0,,159.0,,,False,True,True,True,False,False,False,False,False,False,False,True,False,False,False,False,False,False,False,False
2621,2021-04-26,2020-12-18,500.0,500.0,129.0,,,2020-12-18,,,,,129.0,,,False,False,False,False,False,False,False,False,False,False,False,True,False,False,False,False,False,False,False,False
2623,2021-12-23,2021-11-30,100.0,100.0,23.0,2021-11-30,,2021-11-18,,,23.0,,35.0,,,False,True,True,True,False,False,False,False,False,False,True,True,False,False,False,False,False,False,False,False
2628,2021-04-08,2020-10-09,100.0,100.0,181.0,2020-10-09,,,,,181.0,,,,,False,False,False,False,False,False,False,False,False,False,False,False,False,False,False,False,False,False,False,False
2634,2021-10-09,2021-08-09,100.0,100.0,61.0,2021-08-09,,2021-07-30,,,61.0,,71.0,,,False,False,True,True,False,False,False,False,False,False,True,True,False,False,False,False,False,False,False,False
2640,2021-04-14,2021-02-27,100.0,100.0,46.0,2021-02-27,,2020-11-23,,,46.0,,142.0,,,False,False,True,True,False,False,False,False,False,False,False,True,False,False,False,False,False,False,False,False
2642,2021-08-20,2021-05-10,500.0,500.0,102.0,2021-04-05,,2021-05-10,2021-02-13,,137.0,,102.0,188.0,,False,False,False,True,False,False,False,False,False,False,False,True,False,False,False,False,False,False,False,False
2642,2021-09-06,2021-08-20,5000.0,500.0,119.0,2021-04-05,,2021-05-10,2021-02-13,,154.0,,119.0,205.0,,False,False,False,True,False,False,False,False,False,False,False,True,False,False,False,False,False,False,False,False
2644,2021-10-06,2021-03-31,500.0,500.0,189.0,2021-02-27,,2021-03-31,,,221.0,,189.0,,,False,False,False,False,False,False,False,False,False,False,False,False,False,False,False,False,False,False,False,False
2647,2021-12-27,2021-10-20,100.0,100.0,68.0,2021-10-20,2021-02-23,,2021-05-07,,68.0,307.0,,234.0,,False,False,True,True,False,False,False,False,False,False,False,False,False,False,False,False,False,False,False,False
2649,2021-11-13,2021-10-21,500.0,500.0,23.0,2021-10-15,,2021-10-21,,,29.0,,23.0,,,False,True,True,True,False,False,False,False,False,True,True,True,False,False,False,False,False,False,False,False
2650,2021-02-25,,,,,,,,,,,,,,,False,False,False,False,False,False,False,False,False,False,False,False,False,False,False,False,False,False,False,False
2650,2021-12-21,2021-10-11,500.0,500.0,71.0,2021-09-24,,2021-10-11,,,88.0,,71.0,,,False,False,True,True,False,False,False,False,False,False,True,True,False,False,False,False,False,False,False,False
2659,2021-09-23,2021-08-27,100.0,100.0,27.0,2021-08-27,,2021-04-24,,,27.0,,152.0,,,False,True,True,True,False,False,False,False,False,False,False,True,False,False,False,False,False,False,False,False
2660,2021-04-19,2021-04-17,100.0,100.0,2.0,2021-04-17,,2020-10-30,,,2.0,,171.0,,,True,True,True,True,False,False,False,False,False,False,False,True,False,False,False,False,False,False,False,False
2665,2021-03-15,2021-02-15,500.0,500.0,28.0,,,2021-02-15,,,,,28.0,,,False,False,False,False,False,False,False,False,False,True,True,True,False,False,False,False,False,False,False,False
2665,2021-11-24,2021-11-23,100.0,100.0,1.0,2021-11-23,,2021-10-11,,,1.0,,44.0,,,True,True,True,True,False,False,False,False,False,False,True,True,False,False,False,False,False,False,False,False
2666,2021-09-09,2021-04-27,100.0,100.0,135.0,2021-04-27,,2021-03-29,2021-03-08,2021-02-17,135.0,,164.0,185.0,204.0,False,False,False,True,False,False,False,False,False,False,False,True,False,False,False,False,False,False,False,False
2667,2021-12-21,2021-12-18,500.0,500.0,3.0,2021-11-06,,2021-12-18,2020-12-23,,45.0,,3.0,363.0,,False,False,True,True,False,False,False,False,True,True,True,True,False,False,False,False,False,False,False,False
2669,2021-01-16,,,,,,,,,,,,,,,False,False,False,False,False,False,False,False,False,False,False,False,False,False,False,False,False,False,False,False
2669,2021-10-07,2021-09-23,500.0,500.0,14.0,,,2021-09-23,,,,,14.0,,,False,False,False,False,False,False,False,False,False,True,True,True,False,False,False,False,False,False,False,False
2669,2021-11-15,2021-10-12,100.0,100.0,34.0,2021-10-12,,2021-09-23,,,34.0,,53.0,,,False,False,True,True,False,False,False,False,False,False,True,True,False,False,False,False,False,False,False,False
2670,2021-12-07,2021-10-21,1000.0,1000.0,47.0,2021-08-11,,,2021-10-21,,118.0,,,47.0,,False,False,False,True,False,False,False,False,False,False,False,False,False,False,True,True,False,False,False,False
2673,2021-12-20,2021-11-09,100.0,100.0,41.0,2021-11-09,,2021-11-06,2021-03-19,,41.0,,44.0,276.0,,False,False,True,True,False,False,False,False,False,False,True,True,False,False,False,False,False,False,False,False
2674,2021-10-11,2021-09-06,100.0,100.0,35.0,2021-09-06,,,2021-04-28,2021-04-26,35.0,,,166.0,168.0,False,False,True,True,False,False,False,False,False,False,False,False,False,False,False,True,False,False,False,True
2676,2021-04-03,2020-10-05,500.0,500.0,180.0,2020-09-04,,2020-10-05,,,211.0,,180.0,,,False,False,False,False,False,False,False,False,False,False,False,True,False,False,False,False,False,False,False,False
2683,2021-02-16,2020-10-12,100.0,100.0,127.0,2020-10-12,,,,,127.0,,,,,False,False,False,True,False,False,False,False,False,False,False,False,False,False,False,False,False,False,False,False
2683,2021-05-12,2021-02-16,5000.0,100.0,212.0,2020-10-12,,,,,212.0,,,,,False,False,False,False,False,False,False,False,False,False,False,False,False,False,False,False,False,False,False,False
2689,2021-10-04,2021-09-23,100.0,100.0,11.0,2021-09-23,,2021-04-29,,,11.0,,158.0,,,False,True,True,True,False,False,False,False,False,False,False,True,False,False,False,False,False,False,False,False
2702,2021-04-05,2021-03-29,100.0,100.0,7.0,2021-03-29,,,,,7.0,,,,,True,True,True,True,False,False,False,False,False,False,False,False,False,False,False,False,False,False,False,False
2713,2021-03-23,2021-01-15,500.0,500.0,67.0,2020-10-10,,2021-01-15,,,164.0,,67.0,,,False,False,False,True,False,False,False,False,False,False,True,True,False,False,False,False,False,False,False,False
2714,2021-08-11,2021-03-30,100.0,100.0,134.0,2021-03-30,,2021-03-01,,,134.0,,163.0,,,False,False,False,True,False,False,False,False,False,False,False,True,False,False,False,False,False,False,False,False
2716,2021-05-07,2021-04-08,1000.0,1000.0,29.0,2020-08-19,,2021-03-26,2021-04-08,,261.0,,42.0,29.0,,False,False,False,False,False,False,False,False,False,False,True,True,False,True,True,True,False,False,False,False
2717,2021-10-30,2021-02-15,100.0,100.0,257.0,2021-02-15,,2020-10-12,,,257.0,,383.0,,,False,False,False,False,False,False,False,False,False,False,False,False,False,False,False,False,False,False,False,False
2720,2021-07-27,,,,,,,,,,,,,,,False,False,False,False,False,False,False,False,False,False,False,False,False,False,False,False,False,False,False,False
2721,2021-09-21,2021-09-01,500.0,500.0,20.0,,2020-09-08,2021-09-01,2020-11-04,,,378.0,20.0,321.0,,False,False,False,False,False,False,False,False,False,True,True,True,False,False,False,False,False,False,False,False
2722,2021-01-30,2020-11-13,100.0,100.0,78.0,2020-11-13,,2020-08-05,,,78.0,,178.0,,,False,False,True,True,False,False,False,False,False,False,False,True,False,False,False,False,False,False,False,False
2723,2021-12-24,2021-12-17,500.0,500.0,7.0,2021-11-29,,2021-12-17,,,25.0,,7.0,,,False,True,True,True,False,False,False,False,True,True,True,True,False,False,False,False,False,False,False,False
2724,2021-09-01,2021-04-20,500.0,500.0,134.0,2021-03-13,,2021-04-20,,,172.0,,134.0,,,False,False,False,True,False,False,False,False,False,False,False,True,False,False,False,False,False,False,False,False
2725,2021-10-19,2021-09-29,100.0,100.0,20.0,2021-09-29,,2021-09-08,,,20.0,,41.0,,,False,True,True,True,False,False,False,False,False,False,True,True,False,False,False,False,False,False,False,False
2725,2021-12-06,2021-10-19,5000.0,100.0,68.0,2021-09-29,,2021-09-08,,,68.0,,89.0,,,False,False,True,True,False,False,False,False,False,False,True,True,False,False,False,False,False,False,False,False
2726,2021-12-28,2021-11-06,100.0,100.0,52.0,2021-11-06,,2021-09-28,,,52.0,,91.0,,,False,False,True,True,False,False,False,False,False,False,False,True,False,False,False,False,False,False,False,False
2736,2021-02-23,2020-08-07,100.0,100.0,200.0,2020-08-07,,,,,200.0,,,,,False,False,False,False,False,False,False,False,False,False,False,False,False,False,False,False,False,False,False,False
2737,2021-01-19,2020-12-02,100.0,100.0,48.0,2020-12-02,,2020-11-11,,,48.0,,69.0,,,False,False,True,True,False,False,False,False,False,False,True,True,False,False,False,False,False,False,False,False
2738,2021-04-22,2021-03-15,100.0,100.0,38.0,2021-03-15,,,,,38.0,,,,,False,False,True,True,False,False,False,False,False,False,False,False,False,False,False,False,False,False,False,False
2739,2021-12-31,2021-12-13,500.0,500.0,18.0,2021-11-01,2021-09-21,2021-12-13,,,60.0,101.0,18.0,,,False,False,True,True,False,False,False,True,False,True,True,True,False,False,False,False,False,False,False,False
2740,2021-08-16,2021-02-25,100.0,100.0,172.0,2021-02-25,2020-08-25,2020-12-05,,,172.0,356.0,254.0,,,False,False,False,True,False,False,False,False,False,False,False,False,False,False,False,False,False,False,False,False
2742,2021-03-08,2020-08-11,5000.0,,,,,,,,,,,,,False,False,False,False,False,False,False,False,False,False,False,False,False,False,False,False,False,False,False,False
2742,2021-04-27,2021-03-20,500.0,500.0,38.0,,,2021-03-20,,,,,38.0,,,False,False,False,False,False,False,False,False,False,False,True,True,False,False,False,False,False,False,False,False
2743,2021-04-12,2021-03-02,500.0,500.0,41.0,2021-01-02,,2021-03-02,,2020-11-02,100.0,,41.0,,161.0,False,False,False,True,False,False,False,False,False,False,True,True,False,False,False,False,False,False,False,True
2743,2021-11-24,2021-11-13,100.0,100.0,11.0,2021-11-13,,2021-10-27,,2020-11-02,11.0,,28.0,,387.0,False,True,True,True,False,False,False,False,False,True,True,True,False,False,False,False,False,False,False,False
2744,2021-09-18,2021-08-27,100.0,100.0,22.0,2021-08-27,,2021-02-22,,,22.0,,208.0,,,False,True,True,True,False,False,False,False,False,False,False,False,False,False,False,False,False,False,False,False
2751,2021-03-20,2021-02-15,500.0,500.0,33.0,2021-01-01,2020-08-25,2021-02-15,2020-10-21,,78.0,207.0,33.0,150.0,,False,False,True,True,False,False,False,False,False,False,True,True,False,False,False,True,False,False,False,False
2752,2021-10-23,2021-09-17,500.0,500.0,36.0,2021-08-20,,2021-09-17,,,64.0,,36.0,,,False,False,True,True,False,False,False,False,False,False,True,True,False,False,False,False,False,False,False,False
2753,2021-08-13,2021-04-02,500.0,500.0,133.0,2021-01-20,,2021-04-02,,,205.0,,133.0,,,False,False,False,False,False,False,False,False,False,False,False,True,False,False,False,False,False,False,False,False
2753,2021-10-11,2021-09-18,500.0,500.0,23.0,2021-01-20,,2021-09-18,,,264.0,,23.0,,,False,False,False,False,False,False,False,False,False,True,True,True,False,False,False,False,False,False,False,False
2753,2021-12-08,2021-10-11,5000.0,500.0,81.0,2021-01-20,,2021-09-18,,,322.0,,81.0,,,False,False,False,False,False,False,False,False,False,False,True,True,False,False,False,False,False,False,False,False
2754,2021-10-04,2021-05-12,1000.0,1000.0,145.0,2021-02-12,,2021-02-23,2021-05-12,,234.0,,223.0,145.0,,False,False,False,False,False,False,False,False,False,False,False,False,False,False,False,True,False,False,False,False
2759,2021-11-15,2021-11-03,100.0,100.0,12.0,2021-11-03,,2021-09-29,,,12.0,,47.0,,,False,True,True,True,False,False,False,False,False,False,True,True,False,False,False,False,False,False,False,False
2761,2021-04-02,2021-03-18,500.0,500.0,15.0,2021-01-19,,2021-03-18,,,73.0,,15.0,,,False,False,True,True,False,False,False,False,False,True,True,True,False,False,False,False,False,False,False,False
2762,2021-12-31,2021-12-27,500.0,500.0,4.0,2021-12-15,,2021-12-27,,,16.0,,4.0,,,False,True,True,True,False,False,False,False,True,True,True,True,False,False,False,False,False,False,False,False
2763,2021-01-04,,,,,,,,,,,,,,,False,False,False,False,False,False,False,False,False,False,False,False,False,False,False,False,False,False,False,False
2763,2021-03-01,2021-01-04,5000.0,,,,,,,,,,,,,False,False,False,False,False,False,False,False,False,False,False,False,False,False,False,False,False,False,False,False
2763,2021-03-10,2021-03-01,5000.0,,,,,,,,,,,,,False,False,False,False,False,False,False,False,False,False,False,False,False,False,False,False,False,False,False,False
2764,2021-09-27,2021-09-22,500.0,500.0,5.0,2021-08-25,2021-02-23,2021-09-22,,,33.0,216.0,5.0,,,False,False,True,True,False,False,False,False,True,True,True,True,False,False,False,False,False,False,False,False
2770,2021-01-12,,,,,,,,,,,,,,,False,False,False,False,False,False,False,False,False,False,False,False,False,False,False,False,False,False,False,False
2771,2021-10-07,2021-09-13,100.0,100.0,24.0,2021-09-13,,,,,24.0,,,,,False,True,True,True,False,False,False,False,False,False,False,False,False,False,False,False,False,False,False,False
2772,2021-02-05,2021-01-02,100.0,100.0,34.0,2021-01-02,,2020-08-03,2020-12-26,,34.0,,186.0,41.0,,False,False,True,True,False,False,False,False,False,False,False,False,False,False,True,True,False,False,False,False
2773,2021-12-02,2021-11-02,100.0,100.0,30.0,2021-11-02,,2021-04-29,2021-05-05,,30.0,,217.0,211.0,,False,True,True,True,False,False,False,False,False,False,False,False,False,False,False,False,False,False,False,False
2782,2021-01-22,2021-01-09,1000.0,1000.0,13.0,2020-09-10,,2020-07-11,2021-01-09,,134.0,,195.0,13.0,,False,False,False,True,False,False,False,False,False,False,False,False,False,True,True,True,False,False,False,False
2789,2021-12-03,2021-10-14,100.0,100.0,50.0,2021-10-14,,2020-09-30,2021-04-15,,50.0,,429.0,232.0,,False,False,True,True,False,False,False,False,False,False,False,False,False,False,False,False,False,False,False,False
2792,2021-08-13,2021-03-18,100.0,100.0,148.0,2021-03-18,,2021-02-26,,,148.0,,168.0,,,False,False,False,True,False,False,False,False,False,False,False,True,False,False,False,False,False,False,False,False
2795,2021-02-01,2021-01-19,500.0,500.0,13.0,,,2021-01-19,,,,,13.0,,,False,False,False,False,False,False,False,False,False,True,True,True,False,False,False,False,False,False,False,False
2795,2021-02-17,2021-02-11,500.0,500.0,6.0,,,2021-02-11,,,,,6.0,,,False,False,False,False,False,False,False,False,True,True,True,True,False,False,False,False,False,False,False,False
2795,2021-05-04,2021-04-23,100.0,100.0,11.0,2021-04-23,,2021-02-11,,,11.0,,82.0,,,False,True,True,True,False,False,False,False,False,False,True,True,False,False,False,False,False,False,False,False
2798,2021-01-18,2020-12-09,500.0,500.0,40.0,,,2020-12-09,,2020-07-25,,,40.0,,177.0,False,False,False,False,False,False,False,False,False,False,True,True,False,False,False,False,False,False,False,True
2798,2021-04-19,2021-03-08,2000.0,2000.0,42.0,,,2020-12-09,,2021-03-08,,,131.0,,42.0,False,False,False,False,False,False,False,False,False,False,False,True,False,False,False,False,False,False,True,True
2805,2021-03-02,2021-01-01,100.0,100.0,60.0,2021-01-01,,2020-09-14,,,60.0,,169.0,,,False,False,True,True,False,False,False,False,False,False,False,True,False,False,False,False,False,False,False,False
2807,2021-10-30,2021-09-01,100.0,100.0,59.0,2021-09-01,,,,,59.0,,,,,False,False,True,True,False,False,False,False,False,False,False,False,False,False,False,False,False,False,False,False
2810,2021-12-03,2021-12-02,500.0,500.0,1.0,2021-09-06,,2021-12-02,2021-11-12,2021-10-12,88.0,,1.0,21.0,52.0,False,False,True,True,False,False,False,False,True,True,True,True,False,True,True,True,False,False,True,True
2814,2021-11-04,2020-12-19,100.0,100.0,320.0,2020-12-19,,,,,320.0,,,,,False,False,False,False,False,False,False,False,False,False,False,False,False,False,False,False,False,False,False,False
2814,2021-12-30,2021-12-17,100.0,100.0,13.0,2021-12-17,,2021-11-12,,,13.0,,48.0,,,False,True,True,True,False,False,False,False,False,False,True,True,False,False,False,False,False,False,False,False
2815,2021-12-18,2021-07-27,100.0,100.0,144.0,2021-07-27,,,,,144.0,,,,,False,False,False,True,False,False,False,False,False,False,False,False,False,False,False,False,False,False,False,False
2818,2021-02-20,2020-09-02,1000.0,1000.0,171.0,,,,2020-09-02,,,,,171.0,,False,False,False,False,False,False,False,False,False,False,False,False,False,False,False,True,False,False,False,False
2821,2021-04-15,2021-02-01,100.0,100.0,73.0,2021-02-01,,,,,73.0,,,,,False,False,True,True,False,False,False,False,False,False,False,False,False,False,False,False,False,False,False,False
2828,2021-09-20,2021-03-22,100.0,100.0,182.0,2021-03-22,,,2021-03-11,,182.0,,,193.0,,False,False,False,False,False,False,False,False,False,False,False,False,False,False,False,False,False,False,False,False
2828,2021-11-22,2021-10-12,500.0,500.0,41.0,2021-03-22,,2021-10-12,2021-03-11,,245.0,,41.0,256.0,,False,False,False,False,False,False,False,False,False,False,True,True,False,False,False,False,False,False,False,False
2830,2021-08-16,2021-08-11,100.0,100.0,5.0,2021-08-11,,2021-04-29,,,5.0,,109.0,,,True,True,True,True,False,False,False,False,False,False,False,True,False,False,False,False,False,False,False,False
2830,2021-10-28,2021-08-16,5000.0,100.0,78.0,2021-08-11,,2021-04-29,,,78.0,,182.0,,,False,False,True,True,False,False,False,False,False,False,False,False,False,False,False,False,False,False,False,False
2831,2021-10-25,2021-09-20,100.0,100.0,35.0,2021-09-20,,2021-04-01,2021-07-23,,35.0,,207.0,94.0,,False,False,True,True,False,False,False,False,False,False,False,False,False,False,False,True,False,False,False,False
2834,2021-09-01,2021-08-09,100.0,100.0,23.0,2021-08-09,,2021-05-12,2021-02-11,,23.0,,112.0,202.0,,False,True,True,True,False,False,False,False,False,False,False,True,False,False,False,False,False,False,False,False
2837,2021-09-23,2021-04-19,500.0,500.0,157.0,2021-01-27,,2021-04-19,,,239.0,,157.0,,,False,False,False,False,False,False,False,False,False,False,False,True,False,False,False,False,False,False,False,False
2838,2021-09-18,2020-11-25,100.0,100.0,297.0,2020-11-25,,,,,297.0,,,,,False,False,False,False,False,False,False,False,False,False,False,False,False,False,False,False,False,False,False,False
2838,2021-10-13,2021-09-18,5000.0,100.0,322.0,2020-11-25,,,,,322.0,,,,,False,False,False,False,False,False,False,False,False,False,False,False,False,False,False,False,False,False,False,False
2846,2021-11-08,2021-10-23,500.0,500.0,16.0,2021-10-20,,2021-10-23,2020-10-05,,19.0,,16.0,399.0,,False,True,True,True,False,False,False,False,False,True,True,True,False,False,False,False,False,False,False,False
2855,2021-03-19,2021-02-19,100.0,100.0,28.0,2021-02-19,,,2020-08-07,,28.0,,,224.0,,False,True,True,True,False,False,False,False,False,False,False,False,False,False,False,False,False,False,False,False
2857,2021-09-28,2021-09-23,500.0,500.0,5.0,,,2021-09-23,2020-12-04,,,,5.0,298.0,,False,False,False,False,False,False,False,False,True,True,True,True,False,False,False,False,False,False,False,False
2858,2021-08-18,2021-02-03,500.0,500.0,196.0,2021-01-22,,2021-02-03,,,208.0,,196.0,,,False,False,False,False,False,False,False,False,False,False,False,False,False,False,False,False,False,False,False,False
2860,2021-01-05,,,,,,,,,,,,,,,False,False,False,False,False,False,False,False,False,False,False,False,False,False,False,False,False,False,False,False
2862,2021-03-29,2020-12-05,500.0,500.0,114.0,,,2020-12-05,2020-08-27,,,,114.0,214.0,,False,False,False,False,False,False,False,False,False,False,False,True,False,False,False,False,False,False,False,False
2863,2021-12-21,2021-12-20,500.0,500.0,1.0,2021-12-09,,2021-12-20,2021-10-08,,12.0,,1.0,74.0,,False,True,True,True,False,False,False,False,True,True,True,True,False,False,True,True,False,False,False,False
2869,2021-11-12,2021-10-14,100.0,100.0,29.0,2021-10-14,,2021-09-02,,,29.0,,71.0,,,False,True,True,True,False,False,False,False,False,False,True,True,False,False,False,False,False,False,False,False
2872,2021-10-07,2021-04-21,100.0,100.0,169.0,2021-04-21,,2020-08-13,,,169.0,,420.0,,,False,False,False,True,False,False,False,False,False,False,False,False,False,False,False,False,False,False,False,False
2873,2021-12-13,2021-11-25,1000.0,1000.0,18.0,2021-10-14,,,2021-11-25,2021-02-22,60.0,,,18.0,294.0,False,False,True,True,False,False,False,False,False,False,False,False,False,True,True,True,False,False,False,False
2878,2021-02-22,2020-12-28,1000.0,1000.0,56.0,,,2020-10-26,2020-12-28,,,,119.0,56.0,,False,False,False,False,False,False,False,False,False,False,False,True,False,False,True,True,False,False,False,False
2880,2021-03-10,2021-02-06,100.0,100.0,32.0,2021-02-06,,,,,32.0,,,,,False,False,True,True,False,False,False,False,False,False,False,False,False,False,False,False,False,False,False,False
2883,2021-05-07,2021-02-24,100.0,100.0,72.0,2021-02-24,,2020-12-23,,,72.0,,135.0,,,False,False,True,True,False,False,False,False,False,False,False,True,False,False,False,False,False,False,False,False
2887,2021-03-08,2021-03-01,100.0,100.0,7.0,2021-03-01,,,2020-10-07,2021-02-13,7.0,,,152.0,23.0,True,True,True,True,False,False,False,False,False,False,False,False,False,False,False,True,False,True,True,True
2887,2021-10-22,2021-09-22,100.0,100.0,30.0,2021-09-22,,2021-03-20,2021-03-26,2021-08-09,30.0,,216.0,210.0,74.0,False,True,True,True,False,False,False,False,False,False,False,False,False,False,False,False,False,False,True,True
2889,2021-01-27,2021-01-25,500.0,500.0,2.0,2020-12-14,,2021-01-25,,,44.0,,2.0,,,False,False,True,True,False,False,False,False,True,True,True,True,False,False,False,False,False,False,False,False
2896,2021-01-19,2020-12-14,100.0,100.0,36.0,2020-12-14,,,2020-10-16,,36.0,,,95.0,,False,False,True,True,False,False,False,False,False,False,False,False,False,False,False,True,False,False,False,False
2896,2021-03-27,2021-03-13,500.0,500.0,14.0,2020-12-14,,2021-03-13,2020-10-16,,103.0,,14.0,162.0,,False,False,False,True,False,False,False,False,False,True,True,True,False,False,False,True,False,False,False,False
2902,2021-03-05,2020-12-05,1000.0,1000.0,90.0,2020-08-25,,,2020-12-05,,192.0,,,90.0,,False,False,False,False,False,False,False,False,False,False,False,False,False,False,True,True,False,False,False,False
2903,2021-01-30,2021-01-02,100.0,100.0,28.0,2021-01-02,,,,,28.0,,,,,False,True,True,True,False,False,False,False,False,False,False,False,False,False,False,False,False,False,False,False
2903,2021-10-20,2021-08-30,1000.0,1000.0,51.0,2021-04-01,,2021-04-22,2021-08-30,,202.0,,181.0,51.0,,False,False,False,False,False,False,False,False,False,False,False,False,False,False,True,True,False,False,False,False
2905,2021-04-19,2021-03-27,100.0,100.0,23.0,2021-03-27,,2021-02-17,,,23.0,,61.0,,,False,True,True,True,False,False,False,False,False,False,True,True,False,False,False,False,False,False,False,False
2905,2021-10-18,2021-04-20,100.0,100.0,181.0,2021-04-20,,2021-02-17,,,181.0,,243.0,,,False,False,False,False,False,False,False,False,False,False,False,False,False,False,False,False,False,False,False,False
2911,2021-12-01,2021-10-08,500.0,500.0,54.0,2021-01-08,,2021-10-08,,,327.0,,54.0,,,False,False,False,False,False,False,False,False,False,False,True,True,False,False,False,False,False,False,False,False
2912,2021-12-24,2021-11-26,100.0,100.0,28.0,2021-11-26,,2021-11-06,2021-11-15,,28.0,,48.0,39.0,,False,True,True,True,False,False,False,False,False,False,True,True,False,False,True,True,False,False,False,False
2913,2021-01-20,2021-01-04,1000.0,1000.0,16.0,2020-11-23,,,2021-01-04,,58.0,,,16.0,,False,False,True,True,False,False,False,False,False,False,False,False,False,True,True,True,False,False,False,False
2914,2021-09-07,2021-08-11,100.0,100.0,27.0,2021-08-11,2020-12-01,2021-02-18,2021-04-16,,27.0,280.0,201.0,144.0,,False,True,True,True,False,False,False,False,False,False,False,False,False,False,False,True,False,False,False,False
2917,2021-11-09,2021-10-25,500.0,500.0,15.0,2021-08-09,,2021-10-25,2021-07-23,,92.0,,15.0,109.0,,False,False,False,True,False,False,False,False,False,True,True,True,False,False,False,True,False,False,False,False
2922,2021-03-22,2020-12-29,100.0,100.0,83.0,2020-12-29,,2020-12-05,,,83.0,,107.0,,,False,False,True,True,False,False,False,False,False,False,False,True,False,False,False,False,False,False,False,False
2922,2021-10-26,2021-10-18,1000.0,1000.0,8.0,2021-09-27,,2021-05-10,2021-10-18,,29.0,,169.0,8.0,,False,True,True,True,False,False,False,False,False,False,False,True,False,True,True,True,False,False,False,False
2922,2021-12-01,2021-10-26,5000.0,1000.0,44.0,2021-09-27,,2021-05-10,2021-10-18,,65.0,,205.0,44.0,,False,False,True,True,False,False,False,False,False,False,False,False,False,False,True,True,False,False,False,False
2925,2021-09-25,2021-03-25,500.0,500.0,184.0,2021-02-22,,2021-03-25,,,215.0,,184.0,,,False,False,False,False,False,False,False,False,False,False,False,False,False,False,False,False,False,False,False,False
2927,2021-10-13,2021-09-14,500.0,500.0,29.0,2021-02-25,,2021-09-14,2021-02-12,,230.0,,29.0,243.0,,False,False,False,False,False,False,False,False,False,True,True,True,False,False,False,False,False,False,False,False
2928,2021-04-16,2021-02-20,2000.0,2000.0,55.0,2021-02-10,,2020-10-26,,2021-02-20,65.0,,172.0,,55.0,False,False,True,True,False,False,False,False,False,False,False,True,False,False,False,False,False,False,True,True
2928,2021-04-28,2021-04-16,5000.0,2000.0,67.0,2021-02-10,,2020-10-26,,2021-02-20,77.0,,184.0,,67.0,False,False,True,True,False,False,False,False,False,False,False,False,False,False,False,False,False,False,True,True
2930,2021-04-14,2020-12-14,500.0,500.0,121.0,,,2020-12-14,2020-10-09,,,,121.0,187.0,,False,False,False,False,False,False,False,False,False,False,False,True,False,False,False,False,False,False,False,False
2931,2021-04-23,2021-01-23,500.0,500.0,90.0,2021-01-13,,2021-01-23,,,100.0,,90.0,,,False,False,False,True,False,False,False,False,False,False,True,True,False,False,False,False,False,False,False,False
2936,2021-10-15,2021-09-01,1000.0,1000.0,44.0,2021-04-21,,,2021-09-01,,177.0,,,44.0,,False,False,False,True,False,False,False,False,False,False,False,False,False,False,True,True,False,False,False,False
2939,2021-01-30,2020-11-11,100.0,100.0,80.0,2020-11-11,,2020-08-27,,,80.0,,156.0,,,False,False,True,True,False,False,False,False,False,False,False,True,False,False,False,False,False,False,False,False
2939,2021-04-20,2021-04-17,500.0,500.0,3.0,2020-11-11,,2021-04-17,,,160.0,,3.0,,,False,False,False,True,False,False,False,False,True,True,True,True,False,False,False,False,False,False,False,False
2942,2021-02-24,2021-02-18,100.0,100.0,6.0,2021-02-18,,,,,6.0,,,,,True,True,True,True,False,False,False,False,False,False,False,False,False,False,False,False,False,False,False,False
2943,2021-07-23,2021-04-09,100.0,100.0,105.0,2021-04-09,,,,,105.0,,,,,False,False,False,True,False,False,False,False,False,False,False,False,False,False,False,False,False,False,False,False
2946,2021-09-17,2021-02-19,100.0,100.0,210.0,2021-02-19,,2020-10-19,,2020-09-12,210.0,,333.0,,370.0,False,False,False,False,False,False,False,False,False,False,False,False,False,False,False,False,False,False,False,False
2951,2021-02-26,2021-01-23,100.0,100.0,34.0,2021-01-23,,,,,34.0,,,,,False,False,True,True,False,False,False,False,False,False,False,False,False,False,False,False,False,False,False,False
2956,2021-12-08,2021-11-17,100.0,100.0,21.0,2021-11-17,,2021-11-08,2021-08-06,2021-03-27,21.0,,30.0,124.0,256.0,False,True,True,True,False,False,False,False,False,True,True,True,False,False,False,True,False,False,False,False
2957,2021-01-01,,,,,,,,,,,,,,,False,False,False,False,False,False,False,False,False,False,False,False,False,False,False,False,False,False,False,False
2957,2021-01-27,2021-01-01,5000.0,,,,,,,,,,,,,False,False,False,False,False,False,False,False,False,False,False,False,False,False,False,False,False,False,False,False
2961,2021-09-17,2021-07-27,100.0,100.0,52.0,2021-07-27,,2020-12-19,,,52.0,,272.0,,,False,False,True,True,False,False,False,False,False,False,False,False,False,False,False,False,False,False,False,False
2962,2021-10-30,2021-10-11,100.0,100.0,19.0,2021-10-11,,2021-08-06,2020-12-05,,19.0,,85.0,329.0,,False,True,True,True,False,False,False,False,False,False,True,True,False,False,False,False,False,False,False,False
2966,2021-12-14,2021-11-25,100.0,100.0,19.0,2021-11-25,,2021-01-27,2021-11-12,,19.0,,321.0,32.0,,False,True,True,True,False,False,False,False,False,False,False,False,False,False,True,True,False,False,False,False
2967,2021-01-12,2020-12-07,500.0,500.0,36.0,,,2020-12-07,,,,,36.0,,,False,False,False,False,False,False,False,False,False,False,True,True,False,False,False,False,False,False,False,False
2967,2021-01-25,2021-01-12,5000.0,500.0,49.0,,,2020-12-07,,,,,49.0,,,False,False,False,False,False,False,False,False,False,False,True,True,False,False,False,False,False,False,False,False
2969,2021-05-04,2021-04-05,100.0,100.0,29.0,2021-04-05,,2020-08-13,,,29.0,,264.0,,,False,True,True,True,False,False,False,False,False,False,False,False,False,False,False,False,False,False,False,False
2971,2021-09-25,2021-04-03,1000.0,1000.0,175.0,2020-11-11,,2020-12-21,2021-04-03,,318.0,,278.0,175.0,,False,False,False,False,False,False,False,False,False,False,False,False,False,False,False,True,False,False,False,False
2976,2021-12-07,2021-03-23,100.0,100.0,259.0,2021-03-23,,2020-12-18,,2021-02-22,259.0,,354.0,,288.0,False,False,False,False,False,False,False,False,False,False,False,False,False,False,False,False,False,False,False,False
2984,2021-10-01,2020-10-14,100.0,100.0,352.0,2020-10-14,,,,,352.0,,,,,False,False,False,False,False,False,False,False,False,False,False,False,False,False,False,False,False,False,False,False
2986,2021-11-11,2021-10-14,100.0,100.0,28.0,2021-10-14,,2021-02-01,2021-05-07,,28.0,,283.0,188.0,,False,True,True,True,False,False,False,False,False,False,False,False,False,False,False,False,False,False,False,False
2987,2021-09-17,2021-09-03,1000.0,1000.0,14.0,2021-04-19,,2021-01-22,2021-09-03,,151.0,,238.0,14.0,,False,False,False,True,False,False,False,False,False,False,False,False,False,True,True,True,False,False,False,False
2989,2021-08-13,2021-04-03,500.0,500.0,132.0,2021-03-02,,2021-04-03,,,164.0,,132.0,,,False,False,False,True,False,False,False,False,False,False,False,True,False,False,False,False,False,False,False,False
2990,2021-09-14,2021-08-16,100.0,100.0,29.0,2021-08-16,,2021-01-12,,,29.0,,245.0,,,False,True,True,True,False,False,False,False,False,False,False,False,False,False,False,False,False,False,False,False
2995,2021-03-26,2021-03-24,500.0,500.0,2.0,,,2021-03-24,2021-02-24,,,,2.0,30.0,,False,False,False,False,False,False,False,False,True,True,True,True,False,True,True,True,False,False,False,False
2999,2021-11-29,2021-11-04,1000.0,1000.0,25.0,2021-10-13,,2021-09-09,2021-11-04,,47.0,,81.0,25.0,,False,False,True,True,False,False,False,False,False,False,True,True,False,True,True,True,False,False,False,False
3000,2021-03-26,2021-01-01,1000.0,1000.0,84.0,2020-11-30,,,2021-01-01,,116.0,,,84.0,,False,False,False,True,False,False,False,False,False,False,False,False,False,False,True,True,False,False,False,False
3002,2021-01-18,2020-12-15,100.0,100.0,34.0,2020-12-15,,2020-08-13,,2020-11-09,34.0,,158.0,,70.0,False,False,True,True,False,False,False,False,False,False,False,True,False,False,False,False,False,False,True,True
3005,2021-11-24,2021-09-25,100.0,100.0,60.0,2021-09-25,,2020-12-05,2020-09-22,,60.0,,354.0,428.0,,False,False,True,True,False,False,False,False,False,False,False,False,False,False,False,False,False,False,False,False
3008,2021-04-09,2021-03-05,1000.0,1000.0,35.0,2020-12-09,,2020-08-19,2021-03-05,2020-11-04,121.0,,233.0,35.0,156.0,False,False,False,True,False,False,False,False,False,False,False,False,False,False,True,True,False,False,False,True
3009,2021-02-05,2020-10-28,500.0,500.0,100.0,,,2020-10-28,2020-10-09,,,,100.0,119.0,,False,False,False,False,False,False,False,False,False,False,False,True,False,False,False,True,False,False,False,False
3015,2021-11-08,2021-11-06,100.0,100.0,2.0,2021-11-06,,2020-09-14,2021-09-24,,2.0,,420.0,45.0,,True,True,True,True,False,False,False,False,False,False,False,False,False,False,True,True,False,False,False,False
3016,2021-09-02,2021-04-08,500.0,500.0,147.0,2021-02-01,,2021-04-08,,,213.0,,147.0,,,False,False,False,False,False,False,False,False,False,False,False,True,False,False,False,False,False,False,False,False
3018,2021-08-06,2021-04-19,100.0,100.0,109.0,2021-04-19,,,,,109.0,,,,,False,False,False,True,False,False,False,False,False,False,False,False,False,False,False,False,False,False,False,False
3028,2021-03-23,2021-01-23,100.0,100.0,59.0,2021-01-23,,2020-12-29,2020-09-24,,59.0,,84.0,180.0,,False,False,True,True,False,False,False,False,False,False,True,True,False,False,False,True,False,False,False,False
3029,2021-08-16,2021-05-07,100.0,100.0,101.0,2021-05-07,,2021-03-12,,,101.0,,157.0,,,False,False,False,True,False,False,False,False,False,False,False,True,False,False,False,False,False,False,False,False
3029,2021-10-14,2021-09-29,100.0,100.0,15.0,2021-09-29,,2021-09-06,,,15.0,,38.0,,,False,True,True,True,False,False,False,False,False,False,True,True,False,False,False,False,False,False,False,False
3035,2021-11-22,2021-11-18,100.0,100.0,4.0,2021-11-18,,2021-09-21,2020-09-16,,4.0,,62.0,432.0,,True,True,True,True,False,False,False,False,False,False,True,True,False,False,False,False,False,False,False,False
3037,2021-08-04,2021-05-12,500.0,500.0,84.0,2020-09-30,,2021-05-12,,,308.0,,84.0,,,False,False,False,False,False,False,False,False,False,False,True,True,False,False,False,False,False,False,False,False
3038,2021-10-04,2021-09-15,1000.0,1000.0,19.0,2021-08-25,,2020-09-02,2021-09-15,,40.0,,397.0,19.0,,False,False,True,True,False,False,False,False,False,False,False,False,False,True,True,True,False,False,False,False
3041,2021-04-10,2021-04-02,100.0,100.0,8.0,2021-04-02,,2021-01-18,2020-09-08,2020-12-30,8.0,,82.0,214.0,101.0,False,True,True,True,False,False,False,False,False,False,True,True,False,False,False,False,False,False,False,True
3044,2021-03-04,2020-11-04,100.0,100.0,120.0,2020-11-04,,2020-07-25,,,120.0,,222.0,,,False,False,False,True,False,False,False,False,False,False,False,False,False,False,False,False,False,False,False,False
3047,2021-05-06,2021-04-27,100.0,100.0,9.0,2021-04-27,,2020-11-09,2020-08-11,,9.0,,178.0,268.0,,False,True,True,True,False,False,False,False,False,False,False,True,False,False,False,False,False,False,False,False
3050,2021-01-16,2020-10-21,500.0,500.0,87.0,2020-10-10,,2020-10-21,,,98.0,,87.0,,,False,False,False,True,False,False,False,False,False,False,True,True,False,False,False,False,False,False,False,False
3050,2021-04-15,2021-03-16,100.0,100.0,30.0,2021-03-16,,2020-10-21,,,30.0,,176.0,,,False,True,True,True,False,False,False,False,False,False,False,True,False,False,False,False,False,False,False,False
3053,2021-03-05,2021-02-16,200.0,200.0,17.0,2021-01-29,2021-02-16,,,,35.0,17.0,,,,False,False,True,True,False,True,True,True,False,False,False,False,False,False,False,False,False,False,False,False
3054,2021-11-17,2021-11-10,100.0,100.0,7.0,2021-11-10,,2021-11-05,,2021-09-07,7.0,,12.0,,71.0,True,True,True,True,False,False,False,False,False,True,True,True,False,False,False,False,False,False,True,True
3064,2021-11-05,2021-09-16,500.0,500.0,50.0,2021-09-14,,2021-09-16,,,52.0,,50.0,,,False,False,True,True,False,False,False,False,False,False,True,True,False,False,False,False,False,False,False,False
3067,2021-03-24,2021-03-16,500.0,500.0,8.0,2021-01-01,,2021-03-16,2020-12-18,2020-08-29,82.0,,8.0,96.0,207.0,False,False,True,True,False,False,False,False,False,True,True,True,False,False,False,True,False,False,False,False
3068,2021-09-01,2020-12-23,500.0,500.0,252.0,2020-10-09,,2020-12-23,,,327.0,,252.0,,,False,False,False,False,False,False,False,False,False,False,False,False,False,False,False,False,False,False,False,False
3069,2021-09-11,2021-03-27,100.0,100.0,168.0,2021-03-27,,2020-10-09,2020-10-05,,168.0,,337.0,341.0,,False,False,False,True,False,False,False,False,False,False,False,False,False,False,False,False,False,False,False,False
3069,2021-10-19,2021-09-11,5000.0,100.0,206.0,2021-03-27,,2020-10-09,2020-10-05,,206.0,,375.0,379.0,,False,False,False,False,False,False,False,False,False,False,False,False,False,False,False,False,False,False,False,False
3072,2021-11-27,2021-11-25,1000.0,1000.0,2.0,2021-11-11,,2021-09-23,2021-11-25,,16.0,,65.0,2.0,,False,True,True,True,False,False,False,False,False,False,True,True,True,True,True,True,False,False,False,False
3075,2021-01-29,2021-01-09,500.0,500.0,20.0,2020-12-02,,2021-01-09,2020-12-29,,58.0,,20.0,31.0,,False,False,True,True,False,False,False,False,False,True,True,True,False,False,True,True,False,False,False,False
3077,2021-12-15,2021-12-09,100.0,100.0,6.0,2021-12-09,,,,,6.0,,,,,True,True,True,True,False,False,False,False,False,False,False,False,False,False,False,False,False,False,False,False
3094,2021-03-25,2021-02-19,500.0,500.0,34.0,,,2021-02-19,2021-01-08,,,,34.0,76.0,,False,False,False,False,False,False,False,False,False,False,True,True,False,False,True,True,False,False,False,False
3098,2021-08-09,2021-04-01,100.0,100.0,130.0,2021-04-01,,2021-03-12,,,130.0,,150.0,,,False,False,False,True,False,False,False,False,False,False,False,True,False,False,False,False,False,False,False,False
3099,2021-02-08,2021-01-15,1000.0,1000.0,24.0,,,,2021-01-15,,,,,24.0,,False,False,False,False,False,False,False,False,False,False,False,False,False,True,True,True,False,False,False,False
3102,2021-08-30,2021-04-09,500.0,500.0,143.0,2020-08-11,,2021-04-09,,,384.0,,143.0,,,False,False,False,False,False,False,False,False,False,False,False,True,False,False,False,False,False,False,False,False
3103,2021-02-15,2021-01-05,2000.0,2000.0,41.0,,,2020-09-24,2020-12-07,2021-01-05,,,144.0,70.0,41.0,False,False,False,False,False,False,False,False,False,False,False,True,False,False,True,True,False,False,True,True
3104,2021-09-21,2021-03-11,100.0,100.0,194.0,2021-03-11,,,,,194.0,,,,,False,False,False,False,False,False,False,False,False,False,False,False,False,False,False,False,False,False,False,False
3107,2021-09-10,2021-05-06,100.0,100.0,127.0,2021-05-06,,,,,127.0,,,,,False,False,False,True,False,False,False,False,False,False,False,False,False,False,False,False,False,False,False,False
3109,2021-10-05,2021-02-27,500.0,500.0,220.0,2021-02-01,2020-12-22,2021-02-27,,,246.0,287.0,220.0,,,False,False,False,False,False,False,False,False,False,False,False,False,False,False,False,False,False,False,False,False
3111,2021-08-09,2021-04-22,1000.0,1000.0,109.0,2020-11-06,,2020-11-27,2021-04-22,,276.0,,255.0,109.0,,False,False,False,False,False,False,False,False,False,False,False,False,False,False,False,True,False,False,False,False
3112,2021-12-11,2021-09-21,100.0,100.0,81.0,2021-09-21,,,,,81.0,,,,,False,False,True,True,False,False,False,False,False,False,False,False,False,False,False,False,False,False,False,False
3113,2021-04-16,2021-03-25,100.0,100.0,22.0,2021-03-25,,,,,22.0,,,,,False,True,True,True,False,False,False,False,False,False,False,False,False,False,False,False,False,False,False,False
3114,2021-12-07,2021-10-30,500.0,500.0,38.0,2021-09-23,,2021-10-30,,,75.0,,38.0,,,False,False,True,True,False,False,False,False,False,False,True,True,False,False,False,False,False,False,False,False
3122,2021-02-19,2021-02-16,100.0,100.0,3.0,2021-02-16,,2021-02-03,,,3.0,,16.0,,,True,True,True,True,False,False,False,False,False,True,True,True,False,False,False,False,False,False,False,False
3123,2021-03-05,2021-02-25,1000.0,1000.0,8.0,2020-09-10,,,2021-02-25,,176.0,,,8.0,,False,False,False,True,False,False,False,False,False,False,False,False,False,True,True,True,False,False,False,False
3124,2021-03-01,2021-01-13,100.0,100.0,47.0,2021-01-13,,2020-12-12,,,47.0,,79.0,,,False,False,True,True,False,False,False,False,False,False,True,True,False,False,False,False,False,False,False,False
3129,2021-11-12,2021-11-08,2000.0,2000.0,4.0,2021-10-01,,2021-03-09,2020-07-25,2021-11-08,42.0,,248.0,475.0,4.0,False,False,True,True,False,False,False,False,False,False,False,False,False,False,False,False,True,True,True,True
3132,2021-02-19,2020-12-07,100.0,100.0,74.0,2020-12-07,,2020-08-03,,,74.0,,200.0,,,False,False,True,True,False,False,False,False,False,False,False,False,False,False,False,False,False,False,False,False
3141,2021-09-09,2021-07-30,500.0,500.0,41.0,2021-02-08,,2021-07-30,,,213.0,,41.0,,,False,False,False,False,False,False,False,False,False,False,True,True,False,False,False,False,False,False,False,False
3143,2021-03-31,2021-02-05,100.0,100.0,54.0,2021-02-05,,2020-12-21,2020-09-16,,54.0,,100.0,196.0,,False,False,True,True,False,False,False,False,False,False,False,True,False,False,False,False,False,False,False,False
3143,2021-10-16,2021-07-27,100.0,100.0,81.0,2021-07-27,,2020-12-21,2020-09-16,,81.0,,299.0,395.0,,False,False,True,True,False,False,False,False,False,False,False,False,False,False,False,False,False,False,False,False
3145,2021-11-20,2021-11-09,100.0,100.0,11.0,2021-11-09,2021-10-05,2021-03-16,,,11.0,46.0,249.0,,,False,True,True,True,False,False,True,True,False,False,False,False,False,False,False,False,False,False,False,False
3151,2021-12-25,2021-12-20,500.0,500.0,5.0,2021-03-17,,2021-12-20,2021-03-26,2020-12-05,283.0,,5.0,274.0,385.0,False,False,False,False,False,False,False,False,True,True,True,True,False,False,False,False,False,False,False,False
3152,2021-09-17,2021-03-20,500.0,500.0,181.0,2020-11-23,,2021-03-20,2020-10-07,,298.0,,181.0,345.0,,False,False,False,False,False,False,False,False,False,False,False,False,False,False,False,False,False,False,False,False
3153,2021-08-18,2021-08-02,500.0,500.0,16.0,2021-04-29,,2021-08-02,2020-08-03,,111.0,,16.0,380.0,,False,False,False,True,False,False,False,False,False,True,True,True,False,False,False,False,False,False,False,False
3154,2021-11-30,2021-09-22,100.0,100.0,69.0,2021-09-22,,,2021-09-17,,69.0,,,74.0,,False,False,True,True,False,False,False,False,False,False,False,False,False,False,True,True,False,False,False,False
3158,2021-12-14,2021-11-05,1000.0,1000.0,39.0,2021-10-05,,2021-08-11,2021-11-05,,70.0,,125.0,39.0,,False,False,True,True,False,False,False,False,False,False,False,True,False,False,True,True,False,False,False,False
3164,2021-03-31,2021-03-24,100.0,100.0,7.0,2021-03-24,,2021-01-15,,,7.0,,75.0,,,True,True,True,True,False,False,False,False,False,False,True,True,False,False,False,False,False,False,False,False
3165,2021-04-28,2021-04-21,100.0,100.0,7.0,2021-04-21,,2021-02-10,,,7.0,,77.0,,,True,True,True,True,False,False,False,False,False,False,True,True,False,False,False,False,False,False,False,False
3167,2021-10-05,2021-02-24,500.0,500.0,223.0,2020-10-16,,2021-02-24,,,354.0,,223.0,,,False,False,False,False,False,False,False,False,False,False,False,False,False,False,False,False,False,False,False,False
3170,2021-04-17,2021-04-05,500.0,500.0,12.0,2021-01-22,,2021-04-05,,,85.0,,12.0,,,False,False,True,True,False,False,False,False,False,True,True,True,False,False,False,False,False,False,False,False
3170,2021-12-03,2021-12-02,500.0,500.0,1.0,2021-10-07,,2021-12-02,,,57.0,,1.0,,,False,False,True,True,False,False,False,False,True,True,True,True,False,False,False,False,False,False,False,False
3170,2021-12-06,2021-12-03,5000.0,500.0,4.0,2021-10-07,,2021-12-02,,,60.0,,4.0,,,False,False,True,True,False,False,False,False,True,True,True,True,False,False,False,False,False,False,False,False
3174,2021-11-05,2021-10-30,500.0,500.0,6.0,,,2021-10-30,,,,,6.0,,,False,False,False,False,False,False,False,False,True,True,True,True,False,False,False,False,False,False,False,False
3174,2021-11-27,2021-11-05,5000.0,500.0,28.0,,,2021-10-30,,,,,28.0,,,False,False,False,False,False,False,False,False,False,True,True,True,False,False,False,False,False,False,False,False
3175,2021-05-12,2021-04-07,100.0,100.0,35.0,2021-04-07,,2021-02-27,,,35.0,,74.0,,,False,False,True,True,False,False,False,False,False,False,True,True,False,False,False,False,False,False,False,False
3175,2021-11-13,2021-09-22,500.0,500.0,52.0,2021-04-07,,2021-09-22,,,220.0,,52.0,,,False,False,False,False,False,False,False,False,False,False,True,True,False,False,False,False,False,False,False,False
3178,2021-04-01,,,,,,,,,,,,,,,False,False,False,False,False,False,False,False,False,False,False,False,False,False,False,False,False,False,False,False
3178,2021-11-01,2021-09-21,2000.0,2000.0,41.0,2021-09-07,,,,2021-09-21,55.0,,,,41.0,False,False,True,True,False,False,False,False,False,False,False,False,False,False,False,False,False,False,True,True
3180,2021-08-16,2021-03-06,100.0,100.0,163.0,2021-03-06,,,,,163.0,,,,,False,False,False,True,False,False,False,False,False,False,False,False,False,False,False,False,False,False,False,False
3181,2021-03-02,2021-02-22,500.0,500.0,8.0,2020-12-11,,2021-02-22,2021-02-02,,81.0,,8.0,28.0,,False,False,True,True,False,False,False,False,False,True,True,True,False,True,True,True,False,False,False,False
3184,2021-03-12,2021-02-22,500.0,500.0,18.0,,,2021-02-22,,,,,18.0,,,False,False,False,False,False,False,False,False,False,True,True,True,False,False,False,False,False,False,False,False
3184,2021-09-18,2021-08-16,100.0,100.0,33.0,2021-08-16,,2021-08-02,,,33.0,,47.0,,,False,False,True,True,False,False,False,False,False,False,True,True,False,False,False,False,False,False,False,False
3185,2021-04-16,2021-02-20,100.0,100.0,55.0,2021-02-20,2021-01-19,2020-10-19,,,55.0,87.0,179.0,,,False,False,True,True,False,False,True,True,False,False,False,True,False,False,False,False,False,False,False,False
3187,2021-12-08,2021-12-03,100.0,100.0,5.0,2021-12-03,,2021-10-29,2021-02-20,,5.0,,40.0,291.0,,True,True,True,True,False,False,False,False,False,False,True,True,False,False,False,False,False,False,False,False
3190,2021-01-09,2020-09-12,100.0,100.0,119.0,2020-09-12,,,,,119.0,,,,,False,False,False,True,False,False,False,False,False,False,False,False,False,False,False,False,False,False,False,False
3190,2021-02-16,2021-02-04,1000.0,1000.0,12.0,2020-09-12,,,2021-02-04,,157.0,,,12.0,,False,False,False,True,False,False,False,False,False,False,False,False,False,True,True,True,False,False,False,False
3193,2021-11-08,2021-10-21,100.0,100.0,18.0,2021-10-21,,,,,18.0,,,,,False,True,True,True,False,False,False,False,False,False,False,False,False,False,False,False,False,False,False,False
3194,2021-11-02,2021-10-29,100.0,100.0,4.0,2021-10-29,2021-05-11,2021-04-29,,,4.0,175.0,187.0,,,True,True,True,True,False,False,False,True,False,False,False,False,False,False,False,False,False,False,False,False
3195,2021-12-23,2021-12-18,100.0,100.0,5.0,2021-12-18,,2021-03-11,2021-01-09,,5.0,,287.0,348.0,,True,True,True,True,False,False,False,False,False,False,False,False,False,False,False,False,False,False,False,False
3198,2021-09-03,2021-02-09,200.0,200.0,206.0,2020-12-25,2021-02-09,,,,252.0,206.0,,,,False,False,False,False,False,False,False,False,False,False,False,False,False,False,False,False,False,False,False,False
3198,2021-09-22,2021-09-03,5000.0,200.0,225.0,2020-12-25,2021-02-09,,,,271.0,225.0,,,,False,False,False,False,False,False,False,False,False,False,False,False,False,False,False,False,False,False,False,False
3203,2021-04-29,2021-04-12,500.0,500.0,17.0,2021-04-03,,2021-04-12,,,26.0,,17.0,,,False,True,True,True,False,False,False,False,False,True,True,True,False,False,False,False,False,False,False,False
3205,2021-01-02,,,,,,,,,,,,,,,False,False,False,False,False,False,False,False,False,False,False,False,False,False,False,False,False,False,False,False
3215,2021-02-11,,,,,,,,,,,,,,,False,False,False,False,False,False,False,False,False,False,False,False,False,False,False,False,False,False,False,False
3217,2021-02-22,2020-12-11,100.0,100.0,73.0,2020-12-11,,,,,73.0,,,,,False,False,True,True,False,False,False,False,False,False,False,False,False,False,False,False,False,False,False,False
3217,2021-12-21,2021-09-24,1000.0,1000.0,88.0,2021-09-03,,,2021-09-24,,109.0,,,88.0,,False,False,False,True,False,False,False,False,False,False,False,False,False,False,True,True,False,False,False,False
3218,2021-04-26,2021-04-14,500.0,500.0,12.0,2021-02-03,,2021-04-14,,,82.0,,12.0,,,False,False,True,True,False,False,False,False,False,True,True,True,False,False,False,False,False,False,False,False
3220,2021-10-20,2021-10-19,200.0,200.0,1.0,2020-12-09,2021-10-19,2021-10-05,,,315.0,1.0,15.0,,,False,False,False,False,True,True,True,True,False,True,True,True,False,False,False,False,False,False,False,False
3220,2021-12-08,2021-12-04,100.0,100.0,4.0,2021-12-04,2021-10-19,2021-10-05,,,4.0,50.0,64.0,,,True,True,True,True,False,False,True,True,False,False,True,True,False,False,False,False,False,False,False,False
3221,2021-12-22,2021-11-18,100.0,100.0,34.0,2021-11-18,,2021-11-16,2021-09-14,,34.0,,36.0,99.0,,False,False,True,True,False,False,False,False,False,False,True,True,False,False,False,True,False,False,False,False
3223,2021-10-08,2021-09-07,200.0,200.0,31.0,2021-02-01,2021-09-07,2021-02-13,,2021-01-12,249.0,31.0,237.0,,269.0,False,False,False,False,False,False,True,True,False,False,False,False,False,False,False,False,False,False,False,False
3224,2021-10-01,2021-09-02,500.0,500.0,29.0,2021-02-04,,2021-09-02,,,239.0,,29.0,,,False,False,False,False,False,False,False,False,False,True,True,True,False,False,False,False,False,False,False,False
3225,2021-11-25,2021-11-13,500.0,500.0,12.0,2021-04-19,,2021-11-13,2020-12-25,,220.0,,12.0,335.0,,False,False,False,False,False,False,False,False,False,True,True,True,False,False,False,False,False,False,False,False
3233,2021-10-27,2021-04-22,1000.0,1000.0,188.0,2021-04-14,,2021-02-20,2021-04-22,,196.0,,249.0,188.0,,False,False,False,False,False,False,False,False,False,False,False,False,False,False,False,False,False,False,False,False
3237,2021-02-09,2020-12-29,2000.0,2000.0,42.0,2020-11-02,,2020-12-16,,2020-12-29,99.0,,55.0,,42.0,False,False,False,True,False,False,False,False,False,False,True,True,False,False,False,False,False,False,True,True
3238,2021-09-10,2021-08-06,1000.0,1000.0,35.0,,,2021-01-02,2021-08-06,,,,251.0,35.0,,False,False,False,False,False,False,False,False,False,False,False,False,False,False,True,True,False,False,False,False
3238,2021-09-24,2021-09-10,5000.0,1000.0,49.0,,,2021-01-02,2021-08-06,,,,265.0,49.0,,False,False,False,False,False,False,False,False,False,False,False,False,False,False,True,True,False,False,False,False
3239,2021-11-19,2021-11-01,100.0,100.0,18.0,2021-11-01,,2021-10-09,2021-04-30,,18.0,,41.0,203.0,,False,True,True,True,False,False,False,False,False,False,True,True,False,False,False,False,False,False,False,False
3243,2021-10-15,2021-09-30,100.0,100.0,15.0,2021-09-30,,2021-08-20,,,15.0,,56.0,,,False,True,True,True,False,False,False,False,False,False,True,True,False,False,False,False,False,False,False,False
3250,2021-11-10,2021-11-09,500.0,500.0,1.0,2021-04-29,,2021-11-09,2021-10-11,,195.0,,1.0,30.0,,False,False,False,False,False,False,False,False,True,True,True,True,False,True,True,True,False,False,False,False
3253,2021-05-12,2021-05-05,100.0,100.0,7.0,2021-05-05,,2021-04-17,,,7.0,,25.0,,,True,True,True,True,False,False,False,False,False,True,True,True,False,False,False,False,False,False,False,False
3256,2021-04-30,2021-01-15,1000.0,1000.0,105.0,,,2020-11-09,2021-01-15,,,,172.0,105.0,,False,False,False,False,False,False,False,False,False,False,False,True,False,False,False,True,False,False,False,False
3256,2021-10-15,2021-10-11,1000.0,1000.0,4.0,2021-07-23,,2020-11-09,2021-10-11,,84.0,,340.0,4.0,,False,False,True,True,False,False,False,False,False,False,False,False,True,True,True,True,False,False,False,False
3260,2021-02-02,,,,,,,,,,,,,,,False,False,False,False,False,False,False,False,False,False,False,False,False,False,False,False,False,False,False,False
3261,2021-04-23,2020-12-29,100.0,100.0,115.0,2020-12-29,,,2020-12-07,,115.0,,,137.0,,False,False,False,True,False,False,False,False,False,False,False,False,False,False,False,True,False,False,False,False
3262,2021-01-20,2020-12-30,500.0,500.0,21.0,2020-12-29,,2020-12-30,,,22.0,,21.0,,,False,True,True,True,False,False,False,False,False,True,True,True,False,False,False,False,False,False,False,False
3264,2021-04-16,2021-03-25,500.0,500.0,22.0,2020-12-09,,2021-03-25,,,128.0,,22.0,,,False,False,False,True,False,False,False,False,False,True,True,True,False,False,False,False,False,False,False,False
3265,2021-01-15,2020-12-28,500.0,500.0,18.0,2020-10-03,,2020-12-28,,,104.0,,18.0,,,False,False,False,True,False,False,False,False,False,True,True,True,False,False,False,False,False,False,False,False
3266,2021-03-27,2020-12-19,500.0,500.0,98.0,,,2020-12-19,,,,,98.0,,,False,False,False,False,False,False,False,False,False,False,False,True,False,False,False,False,False,False,False,False
3267,2021-11-20,2021-11-12,500.0,500.0,8.0,,,2021-11-12,2021-03-04,,,,8.0,261.0,,False,False,False,False,False,False,False,False,False,True,True,True,False,False,False,False,False,False,False,False
3269,2021-02-26,2021-02-17,500.0,500.0,9.0,2021-01-08,,2021-02-17,2021-01-01,,49.0,,9.0,56.0,,False,False,True,True,False,False,False,False,False,True,True,True,False,False,True,True,False,False,False,False
3272,2021-02-15,2020-10-16,5000.0,,,,,,,,,,,,,False,False,False,False,False,False,False,False,False,False,False,False,False,False,False,False,False,False,False,False
3272,2021-03-26,2021-02-15,5000.0,,,,,,,,,,,,,False,False,False,False,False,False,False,False,False,False,False,False,False,False,False,False,False,False,False,False
3273,2021-07-27,2021-04-10,100.0,100.0,108.0,2021-04-10,,2021-03-20,2021-01-22,2021-03-06,108.0,,129.0,186.0,143.0,False,False,False,True,False,False,False,False,False,False,False,True,False,False,False,False,False,False,False,True
3274,2021-01-25,2020-10-10,100.0,100.0,107.0,2020-10-10,,,,,107.0,,,,,False,False,False,True,False,False,False,False,False,False,False,False,False,False,False,False,False,False,False,False
3279,2021-10-11,2021-10-09,100.0,100.0,2.0,2021-10-09,,2021-10-08,,,2.0,,3.0,,,True,True,True,True,False,False,False,False,True,True,True,True,False,False,False,False,False,False,False,False
3280,2021-02-24,2020-09-22,100.0,100.0,155.0,2020-09-22,,,,,155.0,,,,,False,False,False,True,False,False,False,False,False,False,False,False,False,False,False,False,False,False,False,False
3288,2021-02-05,2021-01-30,100.0,100.0,6.0,2021-01-30,,2021-01-20,,,6.0,,16.0,,,True,True,True,True,False,False,False,False,False,True,True,True,False,False,False,False,False,False,False,False
3290,2021-02-05,2020-11-25,500.0,500.0,72.0,2020-09-18,,2020-11-25,,,140.0,,72.0,,,False,False,False,True,False,False,False,False,False,False,True,True,False,False,False,False,False,False,False,False
3291,2021-11-29,2021-11-26,100.0,100.0,3.0,2021-11-26,,,2020-11-02,2021-04-12,3.0,,,392.0,231.0,True,True,True,True,False,False,False,False,False,False,False,False,False,False,False,False,False,False,False,False
3299,2021-02-02,2020-08-05,1000.0,1000.0,181.0,,,,2020-08-05,,,,,181.0,,False,False,False,False,False,False,False,False,False,False,False,False,False,False,False,False,False,False,False,False
3299,2021-12-08,2021-08-18,1000.0,1000.0,112.0,2021-04-29,,,2021-08-18,,223.0,,,112.0,,False,False,False,False,False,False,False,False,False,False,False,False,False,False,False,True,False,False,False,False
3300,2021-01-11,2020-12-23,100.0,100.0,19.0,2020-12-23,,2020-12-16,,,19.0,,26.0,,,False,True,True,True,False,False,False,False,False,True,True,True,False,False,False,False,False,False,False,False
3300,2021-03-19,2021-02-25,500.0,500.0,22.0,2020-12-23,,2021-02-25,,,86.0,,22.0,,,False,False,True,True,False,False,False,False,False,True,True,True,False,False,False,False,False,False,False,False
3300,2021-03-24,2021-03-19,5000.0,500.0,27.0,2020-12-23,,2021-02-25,,,91.0,,27.0,,,False,False,False,True,False,False,False,False,False,True,True,True,False,False,False,False,False,False,False,False
3303,2021-08-09,2021-04-19,500.0,500.0,112.0,2021-02-05,,2021-04-19,,,185.0,,112.0,,,False,False,False,False,False,False,False,False,False,False,False,True,False,False,False,False,False,False,False,False
3305,2021-04-26,2020-09-30,1000.0,1000.0,208.0,,,,2020-09-30,,,,,208.0,,False,False,False,False,False,False,False,False,False,False,False,False,False,False,False,False,False,False,False,False
3306,2021-03-04,2021-02-23,500.0,500.0,9.0,2020-12-22,,2021-02-23,,,72.0,,9.0,,,False,False,True,True,False,False,False,False,False,True,True,True,False,False,False,False,False,False,False,False
3306,2021-04-23,2021-03-13,500.0,500.0,41.0,2020-12-22,,2021-03-13,,,122.0,,41.0,,,False,False,False,True,False,False,False,False,False,False,True,True,False,False,False,False,False,False,False,False
3306,2021-04-29,2021-04-23,5000.0,500.0,47.0,2020-12-22,,2021-03-13,,,128.0,,47.0,,,False,False,False,True,False,False,False,False,False,False,True,True,False,False,False,False,False,False,False,False
3306,2021-08-04,2021-04-29,5000.0,500.0,144.0,2020-12-22,,2021-03-13,,,225.0,,144.0,,,False,False,False,False,False,False,False,False,False,False,False,True,False,False,False,False,False,False,False,False
3306,2021-12-04,2021-11-02,500.0,500.0,32.0,2021-10-21,,2021-11-02,,,44.0,,32.0,,,False,False,True,True,False,False,False,False,False,False,True,True,False,False,False,False,False,False,False,False
3307,2021-02-17,2021-01-23,500.0,500.0,25.0,2020-10-07,,2021-01-23,,,133.0,,25.0,,,False,False,False,True,False,False,False,False,False,True,True,True,False,False,False,False,False,False,False,False
3310,2021-05-10,2021-04-03,2000.0,2000.0,37.0,2021-02-02,,2020-12-19,,2021-04-03,97.0,,142.0,,37.0,False,False,False,True,False,False,False,False,False,False,False,True,False,False,False,False,False,False,True,True
3313,2021-01-11,2020-10-30,500.0,500.0,73.0,2020-08-03,,2020-10-30,,,161.0,,73.0,,,False,False,False,True,False,False,False,False,False,False,True,True,False,False,False,False,False,False,False,False
3313,2021-12-11,2021-12-06,100.0,100.0,5.0,2021-12-06,,2021-03-18,,,5.0,,268.0,,,True,True,True,True,False,False,False,False,False,False,False,False,False,False,False,False,False,False,False,False
3315,2021-08-20,2021-07-23,100.0,100.0,28.0,2021-07-23,,2021-03-20,2021-03-04,,28.0,,153.0,169.0,,False,True,True,True,False,False,False,False,False,False,False,True,False,False,False,True,False,False,False,False
3318,2021-12-11,2021-10-05,100.0,100.0,67.0,2021-10-05,,2021-02-06,,,67.0,,308.0,,,False,False,True,True,False,False,False,False,False,False,False,False,False,False,False,False,False,False,False,False
3319,2021-03-20,2021-01-08,500.0,500.0,71.0,2020-11-18,,2021-01-08,2020-08-07,2020-12-02,122.0,,71.0,225.0,108.0,False,False,False,True,False,False,False,False,False,False,True,True,False,False,False,False,False,False,False,True
3319,2021-05-06,2021-04-17,500.0,500.0,19.0,2021-03-31,,2021-04-17,2020-08-07,2020-12-02,36.0,,19.0,272.0,155.0,False,False,True,True,False,False,False,False,False,True,True,True,False,False,False,False,False,False,False,True
3325,2021-11-25,2021-09-06,100.0,100.0,80.0,2021-09-06,,,,,80.0,,,,,False,False,True,True,False,False,False,False,False,False,False,False,False,False,False,False,False,False,False,False
3327,2021-11-11,2021-09-16,1000.0,1000.0,56.0,2021-09-13,,,2021-09-16,,59.0,,,56.0,,False,False,True,True,False,False,False,False,False,False,False,False,False,False,True,True,False,False,False,False
3328,2021-01-06,2020-09-26,100.0,100.0,102.0,2020-09-26,,,,,102.0,,,,,False,False,False,True,False,False,False,False,False,False,False,False,False,False,False,False,False,False,False,False
3333,2021-09-16,2021-09-13,100.0,100.0,3.0,2021-09-13,,2021-05-05,,,3.0,,134.0,,,True,True,True,True,False,False,False,False,False,False,False,True,False,False,False,False,False,False,False,False
3333,2021-12-20,2021-09-17,100.0,100.0,94.0,2021-09-17,,2021-05-05,,,94.0,,229.0,,,False,False,False,True,False,False,False,False,False,False,False,False,False,False,False,False,False,False,False,False
3335,2021-09-01,2021-05-10,100.0,100.0,114.0,2021-05-10,,,,,114.0,,,,,False,False,False,True,False,False,False,False,False,False,False,False,False,False,False,False,False,False,False,False
3339,2021-11-16,2021-10-14,100.0,100.0,33.0,2021-10-14,,2021-10-07,,2021-08-04,33.0,,40.0,,104.0,False,False,True,True,False,False,False,False,False,False,True,True,False,False,False,False,False,False,False,True
3341,2021-03-18,2021-02-18,500.0,500.0,28.0,2020-12-04,,2021-02-18,2020-08-05,,104.0,,28.0,225.0,,False,False,False,True,False,False,False,False,False,True,True,True,False,False,False,False,False,False,False,False
3342,2021-03-10,2021-01-09,100.0,100.0,60.0,2021-01-09,,,,,60.0,,,,,False,False,True,True,False,False,False,False,False,False,False,False,False,False,False,False,False,False,False,False
3343,2021-05-06,2021-04-08,100.0,100.0,28.0,2021-04-08,,2021-02-12,,,28.0,,83.0,,,False,True,True,True,False,False,False,False,False,False,True,True,False,False,False,False,False,False,False,False
3345,2021-12-07,2021-11-08,100.0,100.0,29.0,2021-11-08,,2021-03-27,2021-08-20,,29.0,,255.0,109.0,,False,True,True,True,False,False,False,False,False,False,False,False,False,False,False,True,False,False,False,False
3350,2021-04-23,2021-03-04,100.0,100.0,50.0,2021-03-04,,,2021-02-06,,50.0,,,76.0,,False,False,True,True,False,False,False,False,False,False,False,False,False,False,True,True,False,False,False,False
3351,2021-09-16,2021-04-10,100.0,100.0,159.0,2021-04-10,,,,,159.0,,,,,False,False,False,True,False,False,False,False,False,False,False,False,False,False,False,False,False,False,False,False
3351,2021-09-30,2021-09-16,5000.0,100.0,173.0,2021-04-10,,,,,173.0,,,,,False,False,False,True,False,False,False,False,False,False,False,False,False,False,False,False,False,False,False,False
3355,2021-01-12,2020-09-14,100.0,100.0,120.0,2020-09-14,,,,,120.0,,,,,False,False,False,True,False,False,False,False,False,False,False,False,False,False,False,False,False,False,False,False
3355,2021-08-06,2021-04-30,1000.0,1000.0,98.0,2021-04-08,,2021-03-31,2021-04-30,,120.0,,128.0,98.0,,False,False,False,True,False,False,False,False,False,False,False,True,False,False,False,True,False,False,False,False
3355,2021-08-16,2021-08-06,5000.0,1000.0,108.0,2021-04-08,,2021-03-31,2021-04-30,,130.0,,138.0,108.0,,False,False,False,True,False,False,False,False,False,False,False,True,False,False,False,True,False,False,False,False
3356,2021-11-13,2021-10-20,100.0,100.0,24.0,2021-10-20,,2021-08-13,2020-08-05,2021-04-10,24.0,,92.0,465.0,217.0,False,True,True,True,False,False,False,False,False,False,False,True,False,False,False,False,False,False,False,False
3363,2021-02-13,2021-02-04,1000.0,1000.0,9.0,,,,2021-02-04,,,,,9.0,,False,False,False,False,False,False,False,False,False,False,False,False,False,True,True,True,False,False,False,False
3363,2021-03-30,2021-03-20,100.0,100.0,10.0,2021-03-20,,,2021-02-04,,10.0,,,54.0,,False,True,True,True,False,False,False,False,False,False,False,False,False,False,True,True,False,False,False,False
3365,2021-09-04,2020-11-11,100.0,100.0,297.0,2020-11-11,,2020-08-07,2020-10-14,,297.0,,393.0,325.0,,False,False,False,False,False,False,False,False,False,False,False,False,False,False,False,False,False,False,False,False
3366,2021-03-23,2021-03-22,100.0,100.0,1.0,2021-03-22,,2021-02-24,2020-12-25,,1.0,,27.0,88.0,,True,True,True,True,False,False,False,False,False,True,True,True,False,False,True,True,False,False,False,False
3378,2021-04-12,2021-02-03,100.0,100.0,68.0,2021-02-03,,,,,68.0,,,,,False,False,True,True,False,False,False,False,False,False,False,False,False,False,False,False,False,False,False,False
3379,2021-11-16,2021-04-19,100.0,100.0,211.0,2021-04-19,,2020-09-12,2020-10-28,,211.0,,430.0,384.0,,False,False,False,False,False,False,False,False,False,False,False,False,False,False,False,False,False,False,False,False
3381,2021-09-29,2021-09-18,500.0,500.0,11.0,2021-02-09,,2021-09-18,,,232.0,,11.0,,,False,False,False,False,False,False,False,False,False,True,True,True,False,False,False,False,False,False,False,False
3383,2021-01-29,,,,,,,,,,,,,,,False,False,False,False,False,False,False,False,False,False,False,False,False,False,False,False,False,False,False,False
3385,2021-09-23,2021-03-31,100.0,100.0,176.0,2021-03-31,,,,,176.0,,,,,False,False,False,True,False,False,False,False,False,False,False,False,False,False,False,False,False,False,False,False
3387,2021-05-04,2021-03-01,1000.0,1000.0,64.0,2020-11-13,,,2021-03-01,,172.0,,,64.0,,False,False,False,True,False,False,False,False,False,False,False,False,False,False,True,True,False,False,False,False
3394,2021-11-08,2021-10-04,100.0,100.0,35.0,2021-10-04,2021-09-28,2021-09-25,2021-04-08,,35.0,41.0,44.0,214.0,,False,False,True,True,False,False,True,True,False,False,True,True,False,False,False,False,False,False,False,False
3397,2021-10-28,2021-04-29,500.0,500.0,182.0,2021-03-19,,2021-04-29,,,223.0,,182.0,,,False,False,False,False,False,False,False,False,False,False,False,False,False,False,False,False,False,False,False,False
3404,2021-03-10,2021-02-12,100.0,100.0,26.0,2021-02-12,,2020-12-12,2020-08-21,,26.0,,88.0,201.0,,False,True,True,True,False,False,False,False,False,False,True,True,False,False,False,False,False,False,False,False
3404,2021-11-15,2021-03-12,100.0,100.0,248.0,2021-03-12,,2020-12-12,2020-08-21,,248.0,,338.0,451.0,,False,False,False,False,False,False,False,False,False,False,False,False,False,False,False,False,False,False,False,False
3405,2021-08-20,2021-03-13,100.0,100.0,160.0,2021-03-13,,,,,160.0,,,,,False,False,False,True,False,False,False,False,False,False,False,False,False,False,False,False,False,False,False,False
3405,2021-10-19,2021-08-20,5000.0,100.0,220.0,2021-03-13,,,,,220.0,,,,,False,False,False,False,False,False,False,False,False,False,False,False,False,False,False,False,False,False,False,False
3405,2021-11-12,2021-10-19,5000.0,100.0,244.0,2021-03-13,,,,,244.0,,,,,False,False,False,False,False,False,False,False,False,False,False,False,False,False,False,False,False,False,False,False
3406,2021-02-05,,,,,,,,,,,,,,,False,False,False,False,False,False,False,False,False,False,False,False,False,False,False,False,False,False,False,False
3409,2021-08-11,2021-03-24,500.0,500.0,140.0,2021-03-22,,2021-03-24,,2020-08-17,142.0,,140.0,,359.0,False,False,False,True,False,False,False,False,False,False,False,True,False,False,False,False,False,False,False,False
3413,2021-01-23,2020-12-18,500.0,500.0,36.0,,,2020-12-18,,2020-12-07,,,36.0,,47.0,False,False,False,False,False,False,False,False,False,False,True,True,False,False,False,False,False,False,True,True
3415,2021-07-30,2021-04-09,100.0,100.0,112.0,2021-04-09,,2021-02-22,,,112.0,,158.0,,,False,False,False,True,False,False,False,False,False,False,False,True,False,False,False,False,False,False,False,False
3418,2021-04-28,2021-02-03,100.0,100.0,84.0,2021-02-03,,2020-11-04,,,84.0,,175.0,,,False,False,True,True,False,False,False,False,False,False,False,True,False,False,False,False,False,False,False,False
3420,2021-05-10,2021-03-04,1000.0,1000.0,67.0,2021-01-05,2020-09-22,,2021-03-04,,125.0,230.0,,67.0,,False,False,False,True,False,False,False,False,False,False,False,False,False,False,True,True,False,False,False,False
3423,2021-12-24,2021-11-05,500.0,500.0,49.0,2020-10-19,,2021-11-05,2020-12-05,,431.0,,49.0,384.0,,False,False,False,False,False,False,False,False,False,False,True,True,False,False,False,False,False,False,False,False
3426,2021-03-04,2021-02-23,100.0,100.0,9.0,2021-02-23,,2020-12-09,,,9.0,,85.0,,,False,True,True,True,False,False,False,False,False,False,True,True,False,False,False,False,False,False,False,False
3427,2021-11-15,2021-08-04,100.0,100.0,103.0,2021-08-04,,2020-10-09,,,103.0,,402.0,,,False,False,False,True,False,False,False,False,False,False,False,False,False,False,False,False,False,False,False,False
3428,2021-02-23,2020-12-28,100.0,100.0,57.0,2020-12-28,,,,,57.0,,,,,False,False,True,True,False,False,False,False,False,False,False,False,False,False,False,False,False,False,False,False
3429,2021-04-01,2021-02-10,1000.0,1000.0,50.0,2020-11-20,,2021-02-08,2021-02-10,,132.0,,52.0,50.0,,False,False,False,True,False,False,False,False,False,False,True,True,False,False,True,True,False,False,False,False
3430,2021-11-12,2021-11-08,100.0,100.0,4.0,2021-11-08,,2020-12-07,,2020-11-11,4.0,,340.0,,366.0,True,True,True,True,False,False,False,False,False,False,False,False,False,False,False,False,False,False,False,False
3432,2021-09-25,2021-04-29,500.0,500.0,149.0,2021-04-26,,2021-04-29,2020-10-10,,152.0,,149.0,350.0,,False,False,False,True,False,False,False,False,False,False,False,True,False,False,False,False,False,False,False,False
3432,2021-11-20,2021-09-30,500.0,500.0,51.0,2021-04-26,,2021-09-30,2020-10-10,,208.0,,51.0,406.0,,False,False,False,False,False,False,False,False,False,False,True,True,False,False,False,False,False,False,False,False
3436,2021-10-04,2021-04-24,500.0,500.0,163.0,2021-03-23,,2021-04-24,2021-02-24,,195.0,,163.0,222.0,,False,False,False,False,False,False,False,False,False,False,False,True,False,False,False,False,False,False,False,False
3439,2021-03-27,2021-01-30,100.0,100.0,56.0,2021-01-30,,2020-09-16,,,56.0,,192.0,,,False,False,True,True,False,False,False,False,False,False,False,False,False,False,False,False,False,False,False,False
3444,2021-09-14,2021-05-05,500.0,500.0,132.0,2021-01-18,,2021-05-05,2020-10-30,,239.0,,132.0,319.0,,False,False,False,False,False,False,False,False,False,False,False,True,False,False,False,False,False,False,False,False
3446,2021-10-07,2021-04-17,100.0,100.0,173.0,2021-04-17,,,,,173.0,,,,,False,False,False,True,False,False,False,False,False,False,False,False,False,False,False,False,False,False,False,False
3448,2021-05-05,2021-04-24,500.0,500.0,11.0,2020-12-16,2020-12-08,2021-04-24,2020-12-19,,140.0,148.0,11.0,137.0,,False,False,False,True,False,False,False,True,False,True,True,True,False,False,False,True,False,False,False,False
3450,2021-03-23,2021-02-24,500.0,500.0,27.0,2020-09-30,,2021-02-24,,,174.0,,27.0,,,False,False,False,True,False,False,False,False,False,True,True,True,False,False,False,False,False,False,False,False
3453,2021-03-09,2021-02-04,500.0,500.0,33.0,,,2021-02-04,2020-09-26,,,,33.0,164.0,,False,False,False,False,False,False,False,False,False,False,True,True,False,False,False,True,False,False,False,False
3453,2021-10-04,2021-08-16,500.0,500.0,49.0,2021-07-30,,2021-08-16,2021-03-11,,66.0,,49.0,207.0,,False,False,True,True,False,False,False,False,False,False,True,True,False,False,False,False,False,False,False,False
3454,2021-11-29,2021-11-03,100.0,100.0,26.0,2021-11-03,,2021-02-10,2021-03-27,,26.0,,292.0,247.0,,False,True,True,True,False,False,False,False,False,False,False,False,False,False,False,False,False,False,False,False
3459,2021-11-08,2021-10-18,100.0,100.0,21.0,2021-10-18,,2021-10-12,,,21.0,,27.0,,,False,True,True,True,False,False,False,False,False,True,True,True,False,False,False,False,False,False,False,False
3460,2021-03-16,2021-03-11,100.0,100.0,5.0,2021-03-11,,,2020-11-27,,5.0,,,109.0,,True,True,True,True,False,False,False,False,False,False,False,False,False,False,False,True,False,False,False,False
3464,2021-08-13,2021-04-15,100.0,100.0,120.0,2021-04-15,,,2021-03-16,,120.0,,,150.0,,False,False,False,True,False,False,False,False,False,False,False,False,False,False,False,True,False,False,False,False
3468,2021-02-03,2021-01-19,200.0,200.0,15.0,,2021-01-19,2020-10-07,,,,15.0,119.0,,,False,False,False,False,False,True,True,True,False,False,False,True,False,False,False,False,False,False,False,False
3471,2021-10-15,2021-10-13,500.0,500.0,2.0,2021-09-30,,2021-10-13,,,15.0,,2.0,,,False,True,True,True,False,False,False,False,True,True,True,True,False,False,False,False,False,False,False,False
3472,2021-04-16,2021-04-10,100.0,100.0,6.0,2021-04-10,,2021-02-22,2021-03-11,,6.0,,53.0,36.0,,True,True,True,True,False,False,False,False,False,False,True,True,False,False,True,True,False,False,False,False
3473,2021-12-21,2021-12-01,1000.0,1000.0,20.0,2021-11-19,,2021-03-26,2021-12-01,,32.0,,270.0,20.0,,False,False,True,True,False,False,False,False,False,False,False,False,False,True,True,True,False,False,False,False
3474,2021-04-29,2021-04-03,100.0,100.0,26.0,2021-04-03,,2021-03-25,2020-12-22,,26.0,,35.0,128.0,,False,True,True,True,False,False,False,False,False,False,True,True,False,False,False,True,False,False,False,False
3477,2021-09-07,2021-08-13,100.0,100.0,25.0,2021-08-13,,2020-09-16,,,25.0,,356.0,,,False,True,True,True,False,False,False,False,False,False,False,False,False,False,False,False,False,False,False,False
3479,2021-09-21,2020-12-29,5000.0,100.0,283.0,2020-12-12,,,,,283.0,,,,,False,False,False,False,False,False,False,False,False,False,False,False,False,False,False,False,False,False,False,False
3484,2021-11-11,2021-10-14,500.0,500.0,28.0,2021-03-19,,2021-10-14,,,237.0,,28.0,,,False,False,False,False,False,False,False,False,False,True,True,True,False,False,False,False,False,False,False,False
3487,2021-08-25,2021-02-19,100.0,100.0,187.0,2021-02-19,,2020-11-13,,,187.0,,285.0,,,False,False,False,False,False,False,False,False,False,False,False,False,False,False,False,False,False,False,False,False
3490,2021-12-04,2021-11-24,100.0,100.0,10.0,2021-11-24,2020-09-22,2021-08-16,,,10.0,438.0,110.0,,,False,True,True,True,False,False,False,False,False,False,False,True,False,False,False,False,False,False,False,False
3491,2021-11-29,2021-11-24,100.0,100.0,5.0,2021-11-24,,,,,5.0,,,,,True,True,True,True,False,False,False,False,False,False,False,False,False,False,False,False,False,False,False,False
3493,2021-02-12,2020-10-23,500.0,500.0,112.0,2020-08-05,,2020-10-23,,,191.0,,112.0,,,False,False,False,False,False,False,False,False,False,False,False,True,False,False,False,False,False,False,False,False
3493,2021-04-24,2021-02-27,100.0,100.0,56.0,2021-02-27,,2021-02-26,,,56.0,,57.0,,,False,False,True,True,False,False,False,False,False,False,True,True,False,False,False,False,False,False,False,False
3500,2021-12-23,2021-10-25,1000.0,1000.0,59.0,2020-12-28,,2020-09-04,2021-10-25,,360.0,,475.0,59.0,,False,False,False,False,False,False,False,False,False,False,False,False,False,False,True,True,False,False,False,False
3505,2021-02-10,2020-12-05,100.0,100.0,67.0,2020-12-05,,2020-07-25,,2020-11-11,67.0,,200.0,,91.0,False,False,True,True,False,False,False,False,False,False,False,False,False,False,False,False,False,False,False,True
3508,2021-03-04,2020-12-15,100.0,100.0,79.0,2020-12-15,,,,,79.0,,,,,False,False,True,True,False,False,False,False,False,False,False,False,False,False,False,False,False,False,False,False
3508,2021-10-06,2021-09-20,100.0,100.0,16.0,2021-09-20,,2021-09-11,,,16.0,,25.0,,,False,True,True,True,False,False,False,False,False,True,True,True,False,False,False,False,False,False,False,False
3510,2021-02-03,2021-01-25,2000.0,2000.0,9.0,2020-12-07,,,,2021-01-25,58.0,,,,9.0,False,False,True,True,False,False,False,False,False,False,False,False,False,False,False,False,False,True,True,True
3511,2021-08-02,2021-07-27,200.0,200.0,6.0,2021-05-10,2021-07-27,,2020-11-13,,84.0,6.0,,262.0,,False,False,True,True,True,True,True,True,False,False,False,False,False,False,False,False,False,False,False,False
3522,2021-09-07,2021-08-16,100.0,100.0,22.0,2021-08-16,,2021-04-16,2021-01-27,,22.0,,144.0,223.0,,False,True,True,True,False,False,False,False,False,False,False,True,False,False,False,False,False,False,False,False
3522,2021-11-04,2021-09-22,500.0,500.0,43.0,2021-08-16,,2021-09-22,2021-01-27,,80.0,,43.0,281.0,,False,False,True,True,False,False,False,False,False,False,True,True,False,False,False,False,False,False,False,False
3524,2021-08-18,2021-03-27,100.0,100.0,144.0,2021-03-27,,,2021-01-18,,144.0,,,212.0,,False,False,False,True,False,False,False,False,False,False,False,False,False,False,False,False,False,False,False,False
3525,2021-02-25,2021-02-11,100.0,100.0,14.0,2021-02-11,,,,,14.0,,,,,False,True,True,True,False,False,False,False,False,False,False,False,False,False,False,False,False,False,False,False
3529,2021-01-13,2021-01-12,500.0,500.0,1.0,2020-12-23,,2021-01-12,,,21.0,,1.0,,,False,True,True,True,False,False,False,False,True,True,True,True,False,False,False,False,False,False,False,False
3529,2021-10-14,2021-03-15,100.0,100.0,213.0,2021-03-15,,2021-01-12,,,213.0,,275.0,,,False,False,False,False,False,False,False,False,False,False,False,False,False,False,False,False,False,False,False,False
3530,2021-02-01,2021-01-08,500.0,500.0,24.0,2020-10-16,,2021-01-08,,,108.0,,24.0,,,False,False,False,True,False,False,False,False,False,True,True,True,False,False,False,False,False,False,False,False
3533,2021-12-29,2021-12-01,100.0,100.0,28.0,2021-12-01,,,,,28.0,,,,,False,True,True,True,False,False,False,False,False,False,False,False,False,False,False,False,False,False,False,False
3535,2021-03-11,2021-03-04,100.0,100.0,7.0,2021-03-04,,2021-01-09,2021-02-23,2020-09-02,7.0,,61.0,16.0,190.0,True,True,True,True,False,False,False,False,False,False,True,True,False,True,True,True,False,False,False,False
3537,2021-10-16,2021-10-07,1000.0,1000.0,9.0,2021-08-13,2021-05-11,,2021-10-07,,64.0,158.0,,9.0,,False,False,True,True,False,False,False,True,False,False,False,False,False,True,True,True,False,False,False,False
3540,2021-09-14,2021-02-18,500.0,500.0,208.0,2021-01-04,,2021-02-18,2021-01-16,,253.0,,208.0,241.0,,False,False,False,False,False,False,False,False,False,False,False,False,False,False,False,False,False,False,False,False
3541,2021-04-26,2020-11-04,500.0,500.0,173.0,2020-07-18,,2020-11-04,2020-08-13,,282.0,,173.0,256.0,,False,False,False,False,False,False,False,False,False,False,False,True,False,False,False,False,False,False,False,False
3547,2021-12-24,2021-12-01,500.0,500.0,23.0,2021-10-20,,2021-12-01,,2021-03-01,65.0,,23.0,,298.0,False,False,True,True,False,False,False,False,False,True,True,True,False,False,False,False,False,False,False,False
3549,2021-04-13,2021-04-09,500.0,500.0,4.0,2021-03-26,,2021-04-09,,,18.0,,4.0,,,False,True,True,True,False,False,False,False,True,True,True,True,False,False,False,False,False,False,False,False
3554,2021-03-03,2020-12-14,500.0,500.0,79.0,2020-09-12,,2020-12-14,,,172.0,,79.0,,,False,False,False,True,False,False,False,False,False,False,True,True,False,False,False,False,False,False,False,False
3558,2021-04-24,2021-02-25,500.0,500.0,58.0,2021-02-22,,2021-02-25,2021-01-13,,61.0,,58.0,101.0,,False,False,True,True,False,False,False,False,False,False,True,True,False,False,False,True,False,False,False,False
3559,2021-02-10,2021-01-30,500.0,500.0,11.0,2020-10-07,,2021-01-30,,,126.0,,11.0,,,False,False,False,True,False,False,False,False,False,True,True,True,False,False,False,False,False,False,False,False
3560,2021-08-09,2021-05-04,100.0,100.0,97.0,2021-05-04,,2020-09-26,,,97.0,,317.0,,,False,False,False,True,False,False,False,False,False,False,False,False,False,False,False,False,False,False,False,False
3561,2021-10-14,2021-02-24,500.0,500.0,232.0,2021-01-29,,2021-02-24,,,258.0,,232.0,,,False,False,False,False,False,False,False,False,False,False,False,False,False,False,False,False,False,False,False,False
3567,2021-03-31,2021-02-02,500.0,500.0,57.0,,,2021-02-02,,,,,57.0,,,False,False,False,False,False,False,False,False,False,False,True,True,False,False,False,False,False,False,False,False
3568,2021-01-13,2020-12-15,1000.0,1000.0,29.0,,,,2020-12-15,,,,,29.0,,False,False,False,False,False,False,False,False,False,False,False,False,False,True,True,True,False,False,False,False
3568,2021-09-18,2021-01-13,5000.0,1000.0,277.0,,,,2020-12-15,,,,,277.0,,False,False,False,False,False,False,False,False,False,False,False,False,False,False,False,False,False,False,False,False
3571,2021-01-02,2020-12-18,100.0,100.0,15.0,2020-12-18,,,,,15.0,,,,,False,True,True,True,False,False,False,False,False,False,False,False,False,False,False,False,False,False,False,False
3571,2021-05-04,2021-03-09,100.0,100.0,56.0,2021-03-09,,,,,56.0,,,,,False,False,True,True,False,False,False,False,False,False,False,False,False,False,False,False,False,False,False,False
3571,2021-10-29,2021-10-07,100.0,100.0,22.0,2021-10-07,,,,,22.0,,,,,False,True,True,True,False,False,False,False,False,False,False,False,False,False,False,False,False,False,False,False
3572,2021-04-09,2021-03-04,500.0,500.0,36.0,2020-12-14,,2021-03-04,2021-02-20,,116.0,,36.0,48.0,,False,False,False,True,False,False,False,False,False,False,True,True,False,False,True,True,False,False,False,False
3572,2021-12-09,2021-04-09,5000.0,500.0,280.0,2020-12-14,,2021-03-04,2021-02-20,,360.0,,280.0,292.0,,False,False,False,False,False,False,False,False,False,False,False,False,False,False,False,False,False,False,False,False
3573,2021-09-21,2021-07-23,500.0,500.0,60.0,2021-03-23,,2021-07-23,2021-04-22,,182.0,,60.0,152.0,,False,False,False,False,False,False,False,False,False,False,True,True,False,False,False,True,False,False,False,False
3576,2021-03-17,2020-12-05,100.0,100.0,102.0,2020-12-05,,,,,102.0,,,,,False,False,False,True,False,False,False,False,False,False,False,False,False,False,False,False,False,False,False,False
3576,2021-10-30,2021-05-06,500.0,500.0,177.0,2020-12-05,,2021-05-06,,,329.0,,177.0,,,False,False,False,False,False,False,False,False,False,False,False,True,False,False,False,False,False,False,False,False
3577,2021-04-28,2021-04-26,100.0,100.0,2.0,2021-04-26,,2021-04-14,,,2.0,,14.0,,,True,True,True,True,False,False,False,False,False,True,True,True,False,False,False,False,False,False,False,False
3577,2021-12-09,2021-08-27,100.0,100.0,104.0,2021-08-27,,2021-04-14,,,104.0,,239.0,,,False,False,False,True,False,False,False,False,False,False,False,False,False,False,False,False,False,False,False,False
3580,2021-12-02,2021-11-05,500.0,500.0,27.0,2021-10-23,,2021-11-05,2021-09-24,,40.0,,27.0,69.0,,False,False,True,True,False,False,False,False,False,True,True,True,False,False,True,True,False,False,False,False
3581,2021-03-24,2021-01-19,200.0,200.0,64.0,,2021-01-19,,2020-10-14,,,64.0,,161.0,,False,False,False,False,False,False,True,True,False,False,False,False,False,False,False,True,False,False,False,False
3581,2021-12-01,2021-11-16,500.0,500.0,15.0,2021-09-22,2021-01-19,2021-11-16,2020-10-14,,70.0,316.0,15.0,413.0,,False,False,True,True,False,False,False,False,False,True,True,True,False,False,False,False,False,False,False,False
3583,2021-09-03,2021-08-25,500.0,500.0,9.0,2021-05-12,,2021-08-25,,,114.0,,9.0,,,False,False,False,True,False,False,False,False,False,True,True,True,False,False,False,False,False,False,False,False
3587,2021-11-17,2021-09-28,100.0,100.0,50.0,2021-09-28,,2020-08-19,,,50.0,,455.0,,,False,False,True,True,False,False,False,False,False,False,False,False,False,False,False,False,False,False,False,False
3593,2021-03-24,2021-03-10,100.0,100.0,14.0,2021-03-10,,,,,14.0,,,,,False,True,True,True,False,False,False,False,False,False,False,False,False,False,False,False,False,False,False,False
3597,2021-02-13,2020-12-18,100.0,100.0,57.0,2020-12-18,,,2020-09-22,,57.0,,,144.0,,False,False,True,True,False,False,False,False,False,False,False,False,False,False,False,True,False,False,False,False
3597,2021-12-09,2021-09-04,500.0,500.0,96.0,2021-03-03,,2021-09-04,2021-07-30,,281.0,,96.0,132.0,,False,False,False,False,False,False,False,False,False,False,False,True,False,False,False,True,False,False,False,False
3600,2021-04-15,2021-03-09,200.0,200.0,37.0,2021-02-02,2021-03-09,,,,72.0,37.0,,,,False,False,True,True,False,False,True,True,False,False,False,False,False,False,False,False,False,False,False,False
3603,2021-08-06,2021-07-23,100.0,100.0,14.0,2021-07-23,,2021-04-05,,,14.0,,123.0,,,False,True,True,True,False,False,False,False,False,False,False,True,False,False,False,False,False,False,False,False
3605,2021-01-25,2020-12-14,1000.0,1000.0,42.0,2020-12-01,,,2020-12-14,,55.0,,,42.0,,False,False,True,True,False,False,False,False,False,False,False,False,False,False,True,True,False,False,False,False
3607,2021-01-20,2020-11-09,5000.0,,,,,,,,,,,,,False,False,False,False,False,False,False,False,False,False,False,False,False,False,False,False,False,False,False,False
3608,2021-03-19,2021-03-15,100.0,100.0,4.0,2021-03-15,2021-02-23,,,2021-02-20,4.0,24.0,,,27.0,True,True,True,True,False,True,True,True,False,False,False,False,False,False,False,False,False,True,True,True
3614,2021-03-23,2021-01-08,500.0,500.0,74.0,2020-10-26,,2021-01-08,,,148.0,,74.0,,,False,False,False,True,False,False,False,False,False,False,True,True,False,False,False,False,False,False,False,False
3615,2021-12-27,2021-09-24,500.0,500.0,94.0,2021-04-15,2021-09-14,2021-09-24,,2021-01-16,256.0,104.0,94.0,,345.0,False,False,False,False,False,False,False,True,False,False,False,True,False,False,False,False,False,False,False,False
3617,2021-09-30,2021-09-22,100.0,100.0,8.0,2021-09-22,,,,,8.0,,,,,False,True,True,True,False,False,False,False,False,False,False,False,False,False,False,False,False,False,False,False
3619,2021-11-20,2021-08-11,1000.0,1000.0,101.0,,,,2021-08-11,,,,,101.0,,False,False,False,False,False,False,False,False,False,False,False,False,False,False,False,True,False,False,False,False
3623,2021-02-27,2021-02-10,500.0,500.0,17.0,2021-01-19,,2021-02-10,,,39.0,,17.0,,,False,False,True,True,False,False,False,False,False,True,True,True,False,False,False,False,False,False,False,False
3628,2021-02-11,2021-02-02,100.0,100.0,9.0,2021-02-02,,2020-11-02,,,9.0,,101.0,,,False,True,True,True,False,False,False,False,False,False,False,True,False,False,False,False,False,False,False,False
3628,2021-02-18,2021-02-11,5000.0,100.0,16.0,2021-02-02,,2020-11-02,,,16.0,,108.0,,,False,True,True,True,False,False,False,False,False,False,False,True,False,False,False,False,False,False,False,False
3628,2021-08-18,2021-02-18,5000.0,100.0,197.0,2021-02-02,,2020-11-02,,,197.0,,289.0,,,False,False,False,False,False,False,False,False,False,False,False,False,False,False,False,False,False,False,False,False
3632,2021-04-19,2021-02-18,500.0,500.0,60.0,2021-01-15,2020-12-15,2021-02-18,,,94.0,125.0,60.0,,,False,False,False,True,False,False,False,True,False,False,True,True,False,False,False,False,False,False,False,False
3634,2021-04-21,2020-11-13,100.0,100.0,159.0,2020-11-13,,,,,159.0,,,,,False,False,False,True,False,False,False,False,False,False,False,False,False,False,False,False,False,False,False,False
3639,2021-12-23,2021-10-13,2000.0,2000.0,71.0,,,2021-10-01,2021-04-02,2021-10-13,,,83.0,265.0,71.0,False,False,False,False,False,False,False,False,False,False,True,True,False,False,False,False,False,False,True,True
3641,2021-01-11,2020-07-18,100.0,100.0,177.0,2020-07-18,,,,,177.0,,,,,False,False,False,True,False,False,False,False,False,False,False,False,False,False,False,False,False,False,False,False
3643,2021-11-10,2021-04-20,500.0,500.0,204.0,2021-03-01,,2021-04-20,2021-04-03,,254.0,,204.0,221.0,,False,False,False,False,False,False,False,False,False,False,False,False,False,False,False,False,False,False,False,False
3650,2021-11-01,2021-01-20,100.0,100.0,285.0,2021-01-20,,,,,285.0,,,,,False,False,False,False,False,False,False,False,False,False,False,False,False,False,False,False,False,False,False,False
3653,2021-01-23,,,,,,,,,,,,,,,False,False,False,False,False,False,False,False,False,False,False,False,False,False,False,False,False,False,False,False
3657,2021-07-27,2021-02-22,100.0,100.0,155.0,2021-02-22,,2021-02-16,,,155.0,,161.0,,,False,False,False,True,False,False,False,False,False,False,False,True,False,False,False,False,False,False,False,False
3659,2021-11-22,2021-10-01,1000.0,1000.0,52.0,2021-09-30,,2020-10-19,2021-10-01,,53.0,,399.0,52.0,,False,False,True,True,False,False,False,False,False,False,False,False,False,False,True,True,False,False,False,False
3664,2021-02-25,2021-02-17,100.0,100.0,8.0,2021-02-17,,,,,8.0,,,,,False,True,True,True,False,False,False,False,False,False,False,False,False,False,False,False,False,False,False,False
3666,2021-03-02,2021-02-16,1000.0,1000.0,14.0,2021-01-30,,,2021-02-16,,31.0,,,14.0,,False,False,True,True,False,False,False,False,False,False,False,False,False,True,True,True,False,False,False,False
3670,2021-03-23,2021-03-04,100.0,100.0,19.0,2021-03-04,,,2021-02-19,,19.0,,,32.0,,False,True,True,True,False,False,False,False,False,False,False,False,False,False,True,True,False,False,False,False
3672,2021-10-30,2021-10-26,100.0,100.0,4.0,2021-10-26,,,2021-08-09,,4.0,,,82.0,,True,True,True,True,False,False,False,False,False,False,False,False,False,False,True,True,False,False,False,False
3677,2021-03-02,2021-02-09,100.0,100.0,21.0,2021-02-09,,,,,21.0,,,,,False,True,True,True,False,False,False,False,False,False,False,False,False,False,False,False,False,False,False,False
3683,2021-01-05,2020-11-23,2000.0,2000.0,43.0,2020-09-10,,,,2020-11-23,117.0,,,,43.0,False,False,False,True,False,False,False,False,False,False,False,False,False,False,False,False,False,False,True,True
3685,2021-10-05,2021-03-06,2000.0,2000.0,213.0,,,2021-01-11,,2021-03-06,,,267.0,,213.0,False,False,False,False,False,False,False,False,False,False,False,False,False,False,False,False,False,False,False,False
3687,2021-04-08,2021-04-07,500.0,500.0,1.0,,,2021-04-07,,,,,1.0,,,False,False,False,False,False,False,False,False,True,True,True,True,False,False,False,False,False,False,False,False
3690,2021-10-08,2021-04-02,1000.0,1000.0,189.0,2020-09-14,,2021-03-04,2021-04-02,,389.0,,218.0,189.0,,False,False,False,False,False,False,False,False,False,False,False,False,False,False,False,False,False,False,False,False
3695,2021-11-17,2021-10-08,100.0,100.0,40.0,2021-10-08,,2021-03-15,2021-01-25,,40.0,,247.0,296.0,,False,False,True,True,False,False,False,False,False,False,False,False,False,False,False,False,False,False,False,False
3698,2021-04-27,2020-12-08,200.0,200.0,140.0,,2020-12-08,,,,,140.0,,,,False,False,False,False,False,False,False,True,False,False,False,False,False,False,False,False,False,False,False,False
3700,2021-09-13,2021-09-03,500.0,500.0,10.0,2020-09-12,,2021-09-03,2021-01-29,,366.0,,10.0,227.0,,False,False,False,False,False,False,False,False,False,True,True,True,False,False,False,False,False,False,False,False
3705,2021-10-05,2021-05-10,500.0,500.0,148.0,2021-05-05,2021-03-23,2021-05-10,,,153.0,196.0,148.0,,,False,False,False,True,False,False,False,False,False,False,False,True,False,False,False,False,False,False,False,False
3706,2021-08-25,2021-04-24,100.0,100.0,123.0,2021-04-24,,2020-12-23,,2020-12-28,123.0,,245.0,,240.0,False,False,False,True,False,False,False,False,False,False,False,False,False,False,False,False,False,False,False,False
3709,2021-03-20,2021-03-06,100.0,100.0,14.0,2021-03-06,,,,,14.0,,,,,False,True,True,True,False,False,False,False,False,False,False,False,False,False,False,False,False,False,False,False
3710,2021-01-30,2020-09-14,500.0,500.0,138.0,,,2020-09-14,,,,,138.0,,,False,False,False,False,False,False,False,False,False,False,False,True,False,False,False,False,False,False,False,False
3710,2021-12-16,2021-10-20,100.0,100.0,57.0,2021-10-20,,2021-02-04,,,57.0,,315.0,,,False,False,True,True,False,False,False,False,False,False,False,False,False,False,False,False,False,False,False,False
3712,2021-01-06,2020-09-02,100.0,100.0,126.0,2020-09-02,,,,,126.0,,,,,False,False,False,True,False,False,False,False,False,False,False,False,False,False,False,False,False,False,False,False
3713,2021-11-12,2021-09-17,500.0,500.0,56.0,2020-10-10,,2021-09-17,,2021-09-14,398.0,,56.0,,59.0,False,False,False,False,False,False,False,False,False,False,True,True,False,False,False,False,False,False,True,True
3715,2021-05-04,2021-04-19,500.0,500.0,15.0,,,2021-04-19,,,,,15.0,,,False,False,False,False,False,False,False,False,False,True,True,True,False,False,False,False,False,False,False,False
3716,2021-04-15,2021-03-09,100.0,100.0,37.0,2021-03-09,,,,,37.0,,,,,False,False,True,True,False,False,False,False,False,False,False,False,False,False,False,False,False,False,False,False
3718,2021-09-20,2021-09-02,100.0,100.0,18.0,2021-09-02,,2021-08-27,,,18.0,,24.0,,,False,True,True,True,False,False,False,False,False,True,True,True,False,False,False,False,False,False,False,False
3720,2021-10-12,2021-08-20,500.0,500.0,53.0,2021-04-15,,2021-08-20,2021-05-05,,180.0,,53.0,160.0,,False,False,False,True,False,False,False,False,False,False,True,True,False,False,False,True,False,False,False,False
3725,2021-04-02,2021-03-19,500.0,500.0,14.0,,2021-02-09,2021-03-19,,,,52.0,14.0,,,False,False,False,False,False,False,True,True,False,True,True,True,False,False,False,False,False,False,False,False
3733,2021-02-16,2020-12-28,100.0,100.0,50.0,2020-12-28,,,2020-07-18,,50.0,,,213.0,,False,False,True,True,False,False,False,False,False,False,False,False,False,False,False,False,False,False,False,False
3734,2021-04-13,2021-02-23,100.0,100.0,49.0,2021-02-23,,2021-02-01,,,49.0,,71.0,,,False,False,True,True,False,False,False,False,False,False,True,True,False,False,False,False,False,False,False,False
3739,2021-02-26,2020-10-30,100.0,100.0,119.0,2020-10-30,,,,,119.0,,,,,False,False,False,True,False,False,False,False,False,False,False,False,False,False,False,False,False,False,False,False
3739,2021-03-12,2021-02-26,5000.0,100.0,133.0,2020-10-30,,,,,133.0,,,,,False,False,False,True,False,False,False,False,False,False,False,False,False,False,False,False,False,False,False,False
3747,2021-09-09,2020-10-12,2000.0,2000.0,332.0,,,,,2020-10-12,,,,,332.0,False,False,False,False,False,False,False,False,False,False,False,False,False,False,False,False,False,False,False,False
3747,2021-10-16,2021-10-13,1000.0,1000.0,3.0,,,,2021-10-13,2020-10-12,,,,3.0,369.0,False,False,False,False,False,False,False,False,False,False,False,False,True,True,True,True,False,False,False,False
3750,2021-03-13,2021-02-27,500.0,500.0,14.0,,,2021-02-27,,,,,14.0,,,False,False,False,False,False,False,False,False,False,True,True,True,False,False,False,False,False,False,False,False
3756,2021-08-16,2021-03-12,100.0,100.0,157.0,2021-03-12,,,2021-02-26,,157.0,,,171.0,,False,False,False,True,False,False,False,False,False,False,False,False,False,False,False,True,False,False,False,False
3759,2021-05-06,2021-02-11,100.0,100.0,84.0,2021-02-11,,,,,84.0,,,,,False,False,True,True,False,False,False,False,False,False,False,False,False,False,False,False,False,False,False,False
3763,2021-09-02,2021-02-02,100.0,100.0,212.0,2021-02-02,,2020-12-23,,,212.0,,253.0,,,False,False,False,False,False,False,False,False,False,False,False,False,False,False,False,False,False,False,False,False
3764,2021-09-13,2021-04-16,100.0,100.0,150.0,2021-04-16,2020-12-01,2021-04-15,,,150.0,286.0,151.0,,,False,False,False,True,False,False,False,False,False,False,False,True,False,False,False,False,False,False,False,False
3764,2021-11-01,2021-10-21,100.0,100.0,11.0,2021-10-21,2020-12-01,2021-04-15,,,11.0,335.0,200.0,,,False,True,True,True,False,False,False,False,False,False,False,False,False,False,False,False,False,False,False,False
3766,2021-02-03,2020-09-04,100.0,100.0,152.0,2020-09-04,,,,,152.0,,,,,False,False,False,True,False,False,False,False,False,False,False,False,False,False,False,False,False,False,False,False
3769,2021-05-04,2021-02-04,500.0,500.0,89.0,2021-01-13,,2021-02-04,,,111.0,,89.0,,,False,False,False,True,False,False,False,False,False,False,True,True,False,False,False,False,False,False,False,False
3770,2021-10-09,2021-09-10,1000.0,1000.0,29.0,2021-03-31,,,2021-09-10,,192.0,,,29.0,,False,False,False,False,False,False,False,False,False,False,False,False,False,True,True,True,False,False,False,False
3774,2021-04-15,2021-02-23,100.0,100.0,51.0,2021-02-23,,,,2020-11-02,51.0,,,,164.0,False,False,True,True,False,False,False,False,False,False,False,False,False,False,False,False,False,False,False,True
3781,2021-08-25,2021-03-27,500.0,500.0,151.0,,,2021-03-27,2020-12-25,,,,151.0,243.0,,False,False,False,False,False,False,False,False,False,False,False,True,False,False,False,False,False,False,False,False
3781,2021-12-28,2021-12-13,100.0,100.0,15.0,2021-12-13,,2021-03-27,2020-12-25,,15.0,,276.0,368.0,,False,True,True,True,False,False,False,False,False,False,False,False,False,False,False,False,False,False,False,False
3782,2021-10-23,2020-10-23,500.0,500.0,365.0,2020-07-11,,2020-10-23,,,469.0,,365.0,,,False,False,False,False,False,False,False,False,False,False,False,False,False,False,False,False,False,False,False,False
3782,2021-12-25,2021-11-30,200.0,200.0,25.0,2021-10-28,2021-11-30,2020-10-23,,,58.0,25.0,428.0,,,False,False,True,True,False,True,True,True,False,False,False,False,False,False,False,False,False,False,False,False
3783,2021-11-15,2021-10-27,500.0,500.0,19.0,2021-09-23,,2021-10-27,2020-08-05,,53.0,,19.0,467.0,,False,False,True,True,False,False,False,False,False,True,True,True,False,False,False,False,False,False,False,False
3783,2021-12-31,2021-11-15,5000.0,500.0,65.0,2021-09-23,,2021-10-27,2020-08-05,,99.0,,65.0,513.0,,False,False,False,True,False,False,False,False,False,False,True,True,False,False,False,False,False,False,False,False
3785,2021-10-18,2021-03-06,100.0,100.0,226.0,2021-03-06,,,,,226.0,,,,,False,False,False,False,False,False,False,False,False,False,False,False,False,False,False,False,False,False,False,False
3786,2021-03-19,2020-12-14,100.0,100.0,95.0,2020-12-14,,,,,95.0,,,,,False,False,False,True,False,False,False,False,False,False,False,False,False,False,False,False,False,False,False,False
3786,2021-11-20,2021-04-16,1000.0,1000.0,218.0,2020-12-14,,,2021-04-16,,341.0,,,218.0,,False,False,False,False,False,False,False,False,False,False,False,False,False,False,False,False,False,False,False,False
3789,2021-04-12,2021-04-05,100.0,100.0,7.0,2021-04-05,,2021-03-10,,2020-08-11,7.0,,33.0,,244.0,True,True,True,True,False,False,False,False,False,False,True,True,False,False,False,False,False,False,False,False
3789,2021-12-07,2021-11-03,100.0,100.0,34.0,2021-11-03,,2021-03-10,,2020-08-11,34.0,,272.0,,483.0,False,False,True,True,False,False,False,False,False,False,False,False,False,False,False,False,False,False,False,False
3792,2021-09-16,2021-09-06,2000.0,2000.0,10.0,,,2020-10-10,,2021-09-06,,,341.0,,10.0,False,False,False,False,False,False,False,False,False,False,False,False,False,False,False,False,False,True,True,True
3796,2021-03-16,2021-02-22,500.0,500.0,22.0,2020-12-29,,2021-02-22,,,77.0,,22.0,,,False,False,True,True,False,False,False,False,False,True,True,True,False,False,False,False,False,False,False,False
3797,2021-01-23,2020-12-22,500.0,500.0,32.0,2020-08-01,,2020-12-22,,,175.0,,32.0,,,False,False,False,True,False,False,False,False,False,False,True,True,False,False,False,False,False,False,False,False
3797,2021-03-22,2021-01-29,100.0,100.0,52.0,2021-01-29,,2020-12-22,,,52.0,,90.0,,,False,False,True,True,False,False,False,False,False,False,True,True,False,False,False,False,False,False,False,False
3798,2021-09-13,2021-08-02,100.0,100.0,42.0,2021-08-02,,2021-07-30,,,42.0,,45.0,,,False,False,True,True,False,False,False,False,False,False,True,True,False,False,False,False,False,False,False,False
3799,2021-01-11,2020-11-30,500.0,500.0,42.0,2020-09-14,,2020-11-30,,,119.0,,42.0,,,False,False,False,True,False,False,False,False,False,False,True,True,False,False,False,False,False,False,False,False
3799,2021-11-23,2021-10-16,100.0,100.0,38.0,2021-10-16,,2021-03-06,,,38.0,,262.0,,,False,False,True,True,False,False,False,False,False,False,False,False,False,False,False,False,False,False,False,False
3799,2021-12-10,2021-11-23,5000.0,100.0,55.0,2021-10-16,,2021-03-06,,,55.0,,279.0,,,False,False,True,True,False,False,False,False,False,False,False,False,False,False,False,False,False,False,False,False
3805,2021-08-09,2021-07-27,200.0,200.0,13.0,2021-03-01,2021-07-27,2020-08-11,,,161.0,13.0,363.0,,,False,False,False,True,False,True,True,True,False,False,False,False,False,False,False,False,False,False,False,False
3813,2021-03-16,2021-02-11,100.0,100.0,33.0,2021-02-11,,,,2020-07-11,33.0,,,,248.0,False,False,True,True,False,False,False,False,False,False,False,False,False,False,False,False,False,False,False,False
3817,2021-12-04,2021-11-26,500.0,500.0,8.0,2021-04-26,2021-02-16,2021-11-26,2021-09-24,,222.0,291.0,8.0,71.0,,False,False,False,False,False,False,False,False,False,True,True,True,False,False,True,True,False,False,False,False
3817,2021-12-13,2021-12-04,5000.0,500.0,17.0,2021-04-26,2021-02-16,2021-11-26,2021-09-24,,231.0,300.0,17.0,80.0,,False,False,False,False,False,False,False,False,False,True,True,True,False,False,True,True,False,False,False,False
3818,2021-02-16,2020-12-30,5000.0,100.0,195.0,2020-08-05,,,,,195.0,,,,,False,False,False,False,False,False,False,False,False,False,False,False,False,False,False,False,False,False,False,False
3821,2021-05-06,2021-03-29,500.0,500.0,38.0,2020-09-30,2020-09-22,2021-03-29,,,218.0,226.0,38.0,,,False,False,False,False,False,False,False,False,False,False,True,True,False,False,False,False,False,False,False,False
3822,2021-03-08,2021-02-05,500.0,500.0,31.0,2021-01-15,,2021-02-05,,,52.0,,31.0,,,False,False,True,True,False,False,False,False,False,False,True,True,False,False,False,False,False,False,False,False
3823,2021-07-30,2021-04-13,100.0,100.0,108.0,2021-04-13,,2021-03-22,2021-02-18,,108.0,,130.0,162.0,,False,False,False,True,False,False,False,False,False,False,False,True,False,False,False,True,False,False,False,False
3825,2021-01-05,2020-10-23,500.0,500.0,74.0,,,2020-10-23,,,,,74.0,,,False,False,False,False,False,False,False,False,False,False,True,True,False,False,False,False,False,False,False,False
3826,2021-12-03,2021-09-22,500.0,500.0,72.0,2021-05-06,,2021-09-22,,2020-09-12,211.0,,72.0,,447.0,False,False,False,False,False,False,False,False,False,False,True,True,False,False,False,False,False,False,False,False
3831,2021-03-31,2021-01-23,100.0,100.0,67.0,2021-01-23,,,,,67.0,,,,,False,False,True,True,False,False,False,False,False,False,False,False,False,False,False,False,False,False,False,False
3832,2021-09-04,2021-05-12,100.0,100.0,115.0,2021-05-12,,,2020-12-05,2021-02-27,115.0,,,273.0,189.0,False,False,False,True,False,False,False,False,False,False,False,False,False,False,False,False,False,False,False,False
3833,2021-11-26,2021-11-10,500.0,500.0,16.0,2021-09-14,,2021-11-10,,,73.0,,16.0,,,False,False,True,True,False,False,False,False,False,True,True,True,False,False,False,False,False,False,False,False
3834,2021-05-12,2021-03-23,100.0,100.0,50.0,2021-03-23,,,,,50.0,,,,,False,False,True,True,False,False,False,False,False,False,False,False,False,False,False,False,False,False,False,False
3835,2021-04-22,2021-02-18,500.0,500.0,63.0,2020-08-27,,2021-02-18,,,238.0,,63.0,,,False,False,False,False,False,False,False,False,False,False,True,True,False,False,False,False,False,False,False,False
3835,2021-09-29,2021-09-20,100.0,100.0,9.0,2021-09-20,,2021-02-18,,,9.0,,223.0,,,False,True,True,True,False,False,False,False,False,False,False,False,False,False,False,False,False,False,False,False
3839,2021-01-18,2021-01-06,1000.0,1000.0,12.0,2021-01-02,,,2021-01-06,,16.0,,,12.0,,False,True,True,True,False,False,False,False,False,False,False,False,False,True,True,True,False,False,False,False
3839,2021-09-28,2021-03-18,1000.0,1000.0,194.0,2021-01-02,,2021-01-29,2021-03-18,,269.0,,242.0,194.0,,False,False,False,False,False,False,False,False,False,False,False,False,False,False,False,False,False,False,False,False
3844,2021-02-25,2021-02-11,100.0,100.0,14.0,2021-02-11,,2020-12-18,,,14.0,,69.0,,,False,True,True,True,False,False,False,False,False,False,True,True,False,False,False,False,False,False,False,False
3845,2021-10-15,2021-03-18,100.0,100.0,211.0,2021-03-18,,2020-08-13,,,211.0,,428.0,,,False,False,False,False,False,False,False,False,False,False,False,False,False,False,False,False,False,False,False,False
3850,2021-02-10,2020-10-03,5000.0,,,,,,,,,,,,,False,False,False,False,False,False,False,False,False,False,False,False,False,False,False,False,False,False,False,False
3853,2021-04-01,2021-03-06,100.0,100.0,26.0,2021-03-06,,2020-08-11,,,26.0,,233.0,,,False,True,True,True,False,False,False,False,False,False,False,False,False,False,False,False,False,False,False,False
3854,2021-03-02,2021-02-17,100.0,100.0,13.0,2021-02-17,,,,,13.0,,,,,False,True,True,True,False,False,False,False,False,False,False,False,False,False,False,False,False,False,False,False
3859,2021-01-04,2020-12-08,100.0,100.0,27.0,2020-12-08,,,,,27.0,,,,,False,True,True,True,False,False,False,False,False,False,False,False,False,False,False,False,False,False,False,False
3864,2021-03-08,2021-02-02,100.0,100.0,34.0,2021-02-02,,,,,34.0,,,,,False,False,True,True,False,False,False,False,False,False,False,False,False,False,False,False,False,False,False,False
3866,2021-09-22,2021-05-10,100.0,100.0,135.0,2021-05-10,,2021-04-09,,,135.0,,166.0,,,False,False,False,True,False,False,False,False,False,False,False,True,False,False,False,False,False,False,False,False
3869,2021-08-02,2021-05-05,2000.0,2000.0,89.0,2020-08-07,2021-03-16,2021-02-26,,2021-05-05,360.0,139.0,157.0,,89.0,False,False,False,False,False,False,False,True,False,False,False,True,False,False,False,False,False,False,True,True
3870,2021-03-09,2021-02-12,100.0,100.0,25.0,2021-02-12,,,,,25.0,,,,,False,True,True,True,False,False,False,False,False,False,False,False,False,False,False,False,False,False,False,False
3871,2021-12-24,2021-11-15,100.0,100.0,39.0,2021-11-15,,2021-10-28,,,39.0,,57.0,,,False,False,True,True,False,False,False,False,False,False,True,True,False,False,False,False,False,False,False,False
3875,2021-11-10,2021-09-15,1000.0,1000.0,56.0,2021-08-18,,2021-09-10,2021-09-15,,84.0,,61.0,56.0,,False,False,True,True,False,False,False,False,False,False,True,True,False,False,True,True,False,False,False,False
3882,2021-11-20,2021-11-08,100.0,100.0,12.0,2021-11-08,,2021-04-14,,,12.0,,220.0,,,False,True,True,True,False,False,False,False,False,False,False,False,False,False,False,False,False,False,False,False
3883,2021-09-27,2021-08-11,100.0,100.0,47.0,2021-08-11,,2021-04-24,2020-11-25,,47.0,,156.0,306.0,,False,False,True,True,False,False,False,False,False,False,False,True,False,False,False,False,False,False,False,False
3887,2021-03-19,2021-03-16,500.0,500.0,3.0,,,2021-03-16,,,,,3.0,,,False,False,False,False,False,False,False,False,True,True,True,True,False,False,False,False,False,False,False,False
3888,2021-12-04,2021-04-17,500.0,500.0,231.0,2021-01-08,,2021-04-17,2020-10-28,,330.0,,231.0,402.0,,False,False,False,False,False,False,False,False,False,False,False,False,False,False,False,False,False,False,False,False
3888,2021-12-18,2021-12-04,5000.0,500.0,245.0,2021-01-08,,2021-04-17,2020-10-28,,344.0,,245.0,416.0,,False,False,False,False,False,False,False,False,False,False,False,False,False,False,False,False,False,False,False,False
3896,2021-03-11,2020-11-20,500.0,500.0,111.0,,,2020-11-20,,,,,111.0,,,False,False,False,False,False,False,False,False,False,False,False,True,False,False,False,False,False,False,False,False
3896,2021-10-18,2021-10-04,500.0,500.0,14.0,2021-03-23,,2021-10-04,,,209.0,,14.0,,,False,False,False,False,False,False,False,False,False,True,True,True,False,False,False,False,False,False,False,False
3897,2021-08-30,2021-08-13,500.0,500.0,17.0,2021-03-05,,2021-08-13,,,178.0,,17.0,,,False,False,False,True,False,False,False,False,False,True,True,True,False,False,False,False,False,False,False,False
3897,2021-11-22,2021-08-30,5000.0,500.0,101.0,2021-03-05,,2021-08-13,,,262.0,,101.0,,,False,False,False,False,False,False,False,False,False,False,False,True,False,False,False,False,False,False,False,False
3903,2021-05-06,2021-03-12,500.0,500.0,55.0,2021-01-02,,2021-03-12,2021-03-05,,124.0,,55.0,62.0,,False,False,False,True,False,False,False,False,False,False,True,True,False,False,True,True,False,False,False,False
3904,2021-09-07,2021-03-29,500.0,500.0,162.0,2020-12-15,,2021-03-29,,,266.0,,162.0,,,False,False,False,False,False,False,False,False,False,False,False,True,False,False,False,False,False,False,False,False
3904,2021-11-27,2021-10-15,1000.0,1000.0,43.0,2020-12-15,,2021-03-29,2021-10-15,,347.0,,243.0,43.0,,False,False,False,False,False,False,False,False,False,False,False,False,False,False,True,True,False,False,False,False
3909,2021-09-15,2021-04-29,500.0,500.0,139.0,2020-10-21,,2021-04-29,,,329.0,,139.0,,,False,False,False,False,False,False,False,False,False,False,False,True,False,False,False,False,False,False,False,False
3910,2021-01-15,2021-01-04,500.0,500.0,11.0,,,2021-01-04,,,,,11.0,,,False,False,False,False,False,False,False,False,False,True,True,True,False,False,False,False,False,False,False,False
3915,2021-01-20,2021-01-09,500.0,500.0,11.0,2020-12-26,,2021-01-09,,,25.0,,11.0,,,False,True,True,True,False,False,False,False,False,True,True,True,False,False,False,False,False,False,False,False
3915,2021-03-10,2021-01-20,5000.0,500.0,60.0,2020-12-26,,2021-01-09,,,74.0,,60.0,,,False,False,True,True,False,False,False,False,False,False,True,True,False,False,False,False,False,False,False,False
3915,2021-03-15,2021-03-10,5000.0,500.0,65.0,2020-12-26,,2021-01-09,,,79.0,,65.0,,,False,False,True,True,False,False,False,False,False,False,True,True,False,False,False,False,False,False,False,False
3916,2021-04-29,2021-04-26,500.0,500.0,3.0,2021-03-29,,2021-04-26,,,31.0,,3.0,,,False,False,True,True,False,False,False,False,True,True,True,True,False,False,False,False,False,False,False,False
3919,2021-10-20,2021-09-11,100.0,100.0,39.0,2021-09-11,,2021-08-16,2020-12-23,,39.0,,65.0,301.0,,False,False,True,True,False,False,False,False,False,False,True,True,False,False,False,False,False,False,False,False
3919,2021-12-10,2021-10-29,500.0,500.0,42.0,2021-09-11,,2021-10-29,2020-12-23,,90.0,,42.0,352.0,,False,False,True,True,False,False,False,False,False,False,True,True,False,False,False,False,False,False,False,False
3920,2021-03-30,2021-02-22,100.0,100.0,36.0,2021-02-22,,,,,36.0,,,,,False,False,True,True,False,False,False,False,False,False,False,False,False,False,False,False,False,False,False,False
3920,2021-05-12,2021-04-28,100.0,100.0,14.0,2021-04-28,,,,,14.0,,,,,False,True,True,True,False,False,False,False,False,False,False,False,False,False,False,False,False,False,False,False
3922,2021-09-27,2021-09-15,100.0,100.0,12.0,2021-09-15,,,,,12.0,,,,,False,True,True,True,False,False,False,False,False,False,False,False,False,False,False,False,False,False,False,False
3923,2021-01-05,2020-12-22,200.0,200.0,14.0,2020-12-11,2020-12-22,,,,25.0,14.0,,,,False,True,True,True,False,True,True,True,False,False,False,False,False,False,False,False,False,False,False,False
3924,2021-04-12,2021-02-17,500.0,500.0,54.0,2020-12-18,,2021-02-17,,,115.0,,54.0,,,False,False,False,True,False,False,False,False,False,False,True,True,False,False,False,False,False,False,False,False
3926,2021-12-22,2021-12-20,100.0,100.0,2.0,2021-12-20,2021-11-23,2021-11-05,2020-12-30,,2.0,29.0,47.0,357.0,,True,True,True,True,False,True,True,True,False,False,True,True,False,False,False,False,False,False,False,False
3932,2021-01-02,,,,,,,,,,,,,,,False,False,False,False,False,False,False,False,False,False,False,False,False,False,False,False,False,False,False,False
3939,2021-02-12,,,,,,,,,,,,,,,False,False,False,False,False,False,False,False,False,False,False,False,False,False,False,False,False,False,False,False
3940,2021-11-08,2021-02-20,100.0,100.0,261.0,2021-02-20,,,,,261.0,,,,,False,False,False,False,False,False,False,False,False,False,False,False,False,False,False,False,False,False,False,False
3941,2021-01-23,2021-01-22,500.0,500.0,1.0,,,2021-01-22,2020-10-23,,,,1.0,92.0,,False,False,False,False,False,False,False,False,True,True,True,True,False,False,False,True,False,False,False,False
3942,2021-09-25,2021-03-01,500.0,500.0,208.0,2020-12-30,,2021-03-01,,,269.0,,208.0,,,False,False,False,False,False,False,False,False,False,False,False,False,False,False,False,False,False,False,False,False
3945,2021-03-17,2021-02-22,100.0,100.0,23.0,2021-02-22,,,,,23.0,,,,,False,True,True,True,False,False,False,False,False,False,False,False,False,False,False,False,False,False,False,False
3947,2021-10-13,2021-10-05,500.0,500.0,8.0,2021-05-05,,2021-10-05,,,161.0,,8.0,,,False,False,False,True,False,False,False,False,False,True,True,True,False,False,False,False,False,False,False,False
3951,2021-01-11,2020-11-20,1000.0,1000.0,52.0,,,,2020-11-20,,,,,52.0,,False,False,False,False,False,False,False,False,False,False,False,False,False,False,True,True,False,False,False,False
3952,2021-01-25,2020-10-19,500.0,500.0,98.0,,,2020-10-19,,,,,98.0,,,False,False,False,False,False,False,False,False,False,False,False,True,False,False,False,False,False,False,False,False
3956,2021-03-11,2021-03-08,100.0,100.0,3.0,2021-03-08,,,,,3.0,,,,,True,True,True,True,False,False,False,False,False,False,False,False,False,False,False,False,False,False,False,False
3958,2021-03-31,2021-02-18,100.0,100.0,41.0,2021-02-18,,2020-09-26,,,41.0,,186.0,,,False,False,True,True,False,False,False,False,False,False,False,False,False,False,False,False,False,False,False,False
3959,2021-10-29,2021-09-20,100.0,100.0,39.0,2021-09-20,,2021-03-27,,,39.0,,216.0,,,False,False,True,True,False,False,False,False,False,False,False,False,False,False,False,False,False,False,False,False
3960,2021-04-23,2020-12-01,500.0,500.0,143.0,2020-09-16,,2020-12-01,,,219.0,,143.0,,,False,False,False,False,False,False,False,False,False,False,False,True,False,False,False,False,False,False,False,False
3961,2021-10-27,2021-09-17,500.0,500.0,40.0,2021-09-08,,2021-09-17,,,49.0,,40.0,,,False,False,True,True,False,False,False,False,False,False,True,True,False,False,False,False,False,False,False,False
3963,2021-10-06,2021-09-20,500.0,500.0,16.0,2021-09-14,,2021-09-20,,,22.0,,16.0,,,False,True,True,True,False,False,False,False,False,True,True,True,False,False,False,False,False,False,False,False
3964,2021-11-26,2021-11-20,1000.0,1000.0,6.0,2021-11-01,,2021-11-06,2021-11-20,,25.0,,20.0,6.0,,False,True,True,True,False,False,False,False,False,True,True,True,True,True,True,True,False,False,False,False
3965,2021-01-29,2020-12-25,1000.0,1000.0,35.0,,,,2020-12-25,,,,,35.0,,False,False,False,False,False,False,False,False,False,False,False,False,False,False,True,True,False,False,False,False
3966,2021-02-27,2021-02-16,100.0,100.0,11.0,2021-02-16,,,2021-02-12,,11.0,,,15.0,,False,True,True,True,False,False,False,False,False,False,False,False,False,True,True,True,False,False,False,False
3970,2021-09-09,2021-02-09,200.0,200.0,212.0,2020-11-23,2021-02-09,,,,290.0,212.0,,,,False,False,False,False,False,False,False,False,False,False,False,False,False,False,False,False,False,False,False,False
3972,2021-09-28,2021-08-27,500.0,500.0,32.0,2021-04-16,,2021-08-27,,,165.0,,32.0,,,False,False,False,True,False,False,False,False,False,False,True,True,False,False,False,False,False,False,False,False
3974,2021-10-27,2021-10-25,100.0,100.0,2.0,2021-10-25,,2021-04-19,2020-09-28,,2.0,,191.0,394.0,,True,True,True,True,False,False,False,False,False,False,False,False,False,False,False,False,False,False,False,False
3977,2021-01-23,2020-10-14,100.0,100.0,101.0,2020-10-14,,2020-09-30,,,101.0,,115.0,,,False,False,False,True,False,False,False,False,False,False,False,True,False,False,False,False,False,False,False,False
3978,2021-12-06,2021-11-26,100.0,100.0,10.0,2021-11-26,,2021-08-13,,,10.0,,115.0,,,False,True,True,True,False,False,False,False,False,False,False,True,False,False,False,False,False,False,False,False
3988,2021-08-18,2021-04-03,100.0,100.0,137.0,2021-04-03,,,,,137.0,,,,,False,False,False,True,False,False,False,False,False,False,False,False,False,False,False,False,False,False,False,False
3992,2021-03-30,2020-10-03,500.0,500.0,178.0,2020-09-18,,2020-10-03,,,193.0,,178.0,,,False,False,False,False,False,False,False,False,False,False,False,True,False,False,False,False,False,False,False,False
3993,2021-03-25,2021-03-19,500.0,500.0,6.0,2021-02-05,,2021-03-19,,2020-11-09,48.0,,6.0,,136.0,False,False,True,True,False,False,False,False,True,True,True,True,False,False,False,False,False,False,False,True
3993,2021-09-14,2021-04-28,500.0,500.0,139.0,2021-02-05,,2021-04-28,,2020-11-09,221.0,,139.0,,309.0,False,False,False,False,False,False,False,False,False,False,False,True,False,False,False,False,False,False,False,False
3997,2021-04-05,2021-03-08,500.0,500.0,28.0,,,2021-03-08,2021-02-18,,,,28.0,46.0,,False,False,False,False,False,False,False,False,False,True,True,True,False,False,True,True,False,False,False,False
4002,2021-04-03,2021-03-26,500.0,500.0,8.0,2020-11-02,,2021-03-26,,,152.0,,8.0,,,False,False,False,True,False,False,False,False,False,True,True,True,False,False,False,False,False,False,False,False
4005,2021-09-10,2021-04-12,2000.0,2000.0,151.0,2020-10-14,,2021-01-12,2020-12-18,2021-04-12,331.0,,241.0,266.0,151.0,False,False,False,False,False,False,False,False,False,False,False,False,False,False,False,False,False,False,False,True
4008,2021-02-15,2020-11-20,100.0,100.0,87.0,2020-11-20,,,,,87.0,,,,,False,False,True,True,False,False,False,False,False,False,False,False,False,False,False,False,False,False,False,False
4013,2021-09-27,2021-09-14,500.0,500.0,13.0,2021-02-09,,2021-09-14,2021-05-06,,230.0,,13.0,144.0,,False,False,False,False,False,False,False,False,False,True,True,True,False,False,False,True,False,False,False,False
4016,2021-04-02,2021-03-25,100.0,100.0,8.0,2021-03-25,,,,,8.0,,,,,False,True,True,True,False,False,False,False,False,False,False,False,False,False,False,False,False,False,False,False
4021,2021-09-13,2021-09-02,100.0,100.0,11.0,2021-09-02,,2021-03-23,,,11.0,,174.0,,,False,True,True,True,False,False,False,False,False,False,False,True,False,False,False,False,False,False,False,False
4023,2021-03-06,2020-12-14,100.0,100.0,82.0,2020-12-14,,2020-08-01,,,82.0,,217.0,,,False,False,True,True,False,False,False,False,False,False,False,False,False,False,False,False,False,False,False,False
4024,2021-11-23,2021-11-01,100.0,100.0,22.0,2021-11-01,,,,,22.0,,,,,False,True,True,True,False,False,False,False,False,False,False,False,False,False,False,False,False,False,False,False
4028,2021-01-30,2020-10-03,100.0,100.0,119.0,2020-10-03,,,,,119.0,,,,,False,False,False,True,False,False,False,False,False,False,False,False,False,False,False,False,False,False,False,False
4029,2021-10-20,2021-10-04,500.0,500.0,16.0,2021-08-25,,2021-10-04,2021-04-28,,56.0,,16.0,175.0,,False,False,True,True,False,False,False,False,False,True,True,True,False,False,False,True,False,False,False,False
4030,2021-04-09,2021-03-31,100.0,100.0,9.0,2021-03-31,,,,,9.0,,,,,False,True,True,True,False,False,False,False,False,False,False,False,False,False,False,False,False,False,False,False
4031,2021-03-15,2021-01-08,100.0,100.0,66.0,2021-01-08,,2020-08-27,2020-11-27,,66.0,,200.0,108.0,,False,False,True,True,False,False,False,False,False,False,False,False,False,False,False,True,False,False,False,False
4050,2021-04-03,2021-01-19,1000.0,1000.0,74.0,,,2020-11-18,2021-01-19,,,,136.0,74.0,,False,False,False,False,False,False,False,False,False,False,False,True,False,False,True,True,False,False,False,False
4051,2021-04-12,2020-11-16,100.0,100.0,147.0,2020-11-16,,,,,147.0,,,,,False,False,False,True,False,False,False,False,False,False,False,False,False,False,False,False,False,False,False,False
4054,2021-12-23,2021-11-04,500.0,500.0,49.0,2021-04-13,,2021-11-04,2021-10-15,2020-11-02,254.0,,49.0,69.0,416.0,False,False,False,False,False,False,False,False,False,False,True,True,False,False,True,True,False,False,False,False
4060,2021-03-30,2021-03-25,100.0,100.0,5.0,2021-03-25,,2020-09-04,,,5.0,,207.0,,,True,True,True,True,False,False,False,False,False,False,False,False,False,False,False,False,False,False,False,False
4061,2021-09-25,2021-09-22,500.0,500.0,3.0,2021-09-01,,2021-09-22,,,24.0,,3.0,,,False,True,True,True,False,False,False,False,True,True,True,True,False,False,False,False,False,False,False,False
4064,2021-03-17,2021-03-16,200.0,200.0,1.0,2020-12-30,2021-03-16,,,,77.0,1.0,,,,False,False,True,True,True,True,True,True,False,False,False,False,False,False,False,False,False,False,False,False
4065,2021-12-13,2021-09-10,100.0,100.0,94.0,2021-09-10,,2021-08-18,2021-04-19,,94.0,,117.0,238.0,,False,False,False,True,False,False,False,False,False,False,False,True,False,False,False,False,False,False,False,False
4066,2021-09-15,2021-05-05,500.0,500.0,133.0,2021-04-10,,2021-05-05,,,158.0,,133.0,,,False,False,False,True,False,False,False,False,False,False,False,True,False,False,False,False,False,False,False,False
4068,2021-11-03,2021-09-29,100.0,100.0,35.0,2021-09-29,,,,,35.0,,,,,False,False,True,True,False,False,False,False,False,False,False,False,False,False,False,False,False,False,False,False
4069,2021-09-23,2021-05-10,100.0,100.0,136.0,2021-05-10,,,,,136.0,,,,,False,False,False,True,False,False,False,False,False,False,False,False,False,False,False,False,False,False,False,False
4080,2021-02-04,2020-12-18,5000.0,2000.0,201.0,,,,,2020-07-18,,,,,201.0,False,False,False,False,False,False,False,False,False,False,False,False,False,False,False,False,False,False,False,False
4080,2021-08-20,2021-07-23,100.0,100.0,28.0,2021-07-23,,2021-03-30,,2020-07-18,28.0,,143.0,,398.0,False,True,True,True,False,False,False,False,False,False,False,True,False,False,False,False,False,False,False,False
4082,2021-09-17,2021-08-16,1000.0,1000.0,32.0,2021-02-27,,2021-02-03,2021-08-16,,202.0,,226.0,32.0,,False,False,False,False,False,False,False,False,False,False,False,False,False,False,True,True,False,False,False,False
4083,2021-02-25,2020-10-16,500.0,500.0,132.0,2020-08-25,,2020-10-16,,,184.0,,132.0,,,False,False,False,False,False,False,False,False,False,False,False,True,False,False,False,False,False,False,False,False
4085,2021-02-15,2021-02-09,100.0,100.0,6.0,2021-02-09,,,,,6.0,,,,,True,True,True,True,False,False,False,False,False,False,False,False,False,False,False,False,False,False,False,False
4086,2021-04-07,2021-04-05,100.0,100.0,2.0,2021-04-05,,2021-03-03,2021-01-29,,2.0,,35.0,68.0,,True,True,True,True,False,False,False,False,False,False,True,True,False,False,True,True,False,False,False,False
4090,2021-10-07,2021-04-10,500.0,500.0,180.0,2021-02-16,,2021-04-10,,,233.0,,180.0,,,False,False,False,False,False,False,False,False,False,False,False,True,False,False,False,False,False,False,False,False
4090,2021-11-26,2021-10-07,5000.0,500.0,230.0,2021-02-16,,2021-04-10,,,283.0,,230.0,,,False,False,False,False,False,False,False,False,False,False,False,False,False,False,False,False,False,False,False,False
4091,2021-02-09,2021-01-02,500.0,500.0,38.0,2020-12-11,,2021-01-02,2020-12-22,,60.0,,38.0,49.0,,False,False,True,True,False,False,False,False,False,False,True,True,False,False,True,True,False,False,False,False
4092,2021-09-04,2021-09-03,500.0,500.0,1.0,2021-03-20,,2021-09-03,,,168.0,,1.0,,,False,False,False,True,False,False,False,False,True,True,True,True,False,False,False,False,False,False,False,False
4093,2021-04-30,2021-04-20,100.0,100.0,10.0,2021-04-20,,2021-03-18,,,10.0,,43.0,,,False,True,True,True,False,False,False,False,False,False,True,True,False,False,False,False,False,False,False,False
4093,2021-09-09,2021-04-30,5000.0,100.0,142.0,2021-04-20,,2021-03-18,,,142.0,,175.0,,,False,False,False,True,False,False,False,False,False,False,False,True,False,False,False,False,False,False,False,False
4093,2021-11-18,2021-09-09,5000.0,100.0,212.0,2021-04-20,,2021-03-18,,,212.0,,245.0,,,False,False,False,False,False,False,False,False,False,False,False,False,False,False,False,False,False,False,False,False
4094,2021-09-20,2021-04-22,500.0,500.0,151.0,2021-02-25,,2021-04-22,,,207.0,,151.0,,,False,False,False,False,False,False,False,False,False,False,False,True,False,False,False,False,False,False,False,False
4097,2021-11-13,2021-03-26,100.0,100.0,232.0,2021-03-26,,2021-03-13,,,232.0,,245.0,,,False,False,False,False,False,False,False,False,False,False,False,False,False,False,False,False,False,False,False,False
4098,2021-10-27,2021-03-20,500.0,500.0,221.0,2021-02-05,,2021-03-20,,,264.0,,221.0,,,False,False,False,False,False,False,False,False,False,False,False,False,False,False,False,False,False,False,False,False
4102,2021-03-13,2020-12-04,500.0,500.0,99.0,2020-09-30,,2020-12-04,2020-11-13,,164.0,,99.0,120.0,,False,False,False,True,False,False,False,False,False,False,False,True,False,False,False,True,False,False,False,False
4104,2021-11-25,2021-11-12,100.0,100.0,13.0,2021-11-12,2021-10-19,2021-08-13,2020-10-30,,13.0,37.0,104.0,391.0,,False,True,True,True,False,False,True,True,False,False,False,True,False,False,False,False,False,False,False,False
4115,2021-08-02,2021-04-29,100.0,100.0,95.0,2021-04-29,,2020-10-07,,,95.0,,299.0,,,False,False,False,True,False,False,False,False,False,False,False,False,False,False,False,False,False,False,False,False
4118,2021-12-21,2021-11-03,100.0,100.0,48.0,2021-11-03,,2020-08-29,,,48.0,,479.0,,,False,False,True,True,False,False,False,False,False,False,False,False,False,False,False,False,False,False,False,False
4121,2021-09-11,2021-08-06,100.0,100.0,36.0,2021-08-06,,2021-02-15,,,36.0,,208.0,,,False,False,True,True,False,False,False,False,False,False,False,False,False,False,False,False,False,False,False,False
4123,2021-09-08,2021-04-16,500.0,500.0,145.0,2020-09-18,,2021-04-16,,,355.0,,145.0,,,False,False,False,False,False,False,False,False,False,False,False,True,False,False,False,False,False,False,False,False
4124,2021-05-11,2021-01-20,500.0,500.0,111.0,2021-01-19,,2021-01-20,,,112.0,,111.0,,,False,False,False,True,False,False,False,False,False,False,False,True,False,False,False,False,False,False,False,False
4124,2021-08-06,2021-05-11,5000.0,500.0,198.0,2021-01-19,,2021-01-20,,,199.0,,198.0,,,False,False,False,False,False,False,False,False,False,False,False,False,False,False,False,False,False,False,False,False
4131,2021-05-06,2021-02-22,100.0,100.0,73.0,2021-02-22,,2020-11-04,2020-08-11,,73.0,,183.0,268.0,,False,False,True,True,False,False,False,False,False,False,False,False,False,False,False,False,False,False,False,False
4134,2021-01-27,2020-12-05,100.0,100.0,53.0,2020-12-05,,,,,53.0,,,,,False,False,True,True,False,False,False,False,False,False,False,False,False,False,False,False,False,False,False,False
4134,2021-11-11,2021-08-09,500.0,500.0,94.0,2020-12-05,,2021-08-09,,,341.0,,94.0,,,False,False,False,False,False,False,False,False,False,False,False,True,False,False,False,False,False,False,False,False
4139,2021-04-15,2021-01-22,500.0,500.0,83.0,2020-11-09,,2021-01-22,,,157.0,,83.0,,,False,False,False,True,False,False,False,False,False,False,True,True,False,False,False,False,False,False,False,False
4139,2021-04-16,2021-04-15,5000.0,500.0,84.0,2020-11-09,,2021-01-22,,,158.0,,84.0,,,False,False,False,True,False,False,False,False,False,False,True,True,False,False,False,False,False,False,False,False
4141,2021-11-09,2021-11-04,100.0,100.0,5.0,2021-11-04,,2020-12-05,,,5.0,,339.0,,,True,True,True,True,False,False,False,False,False,False,False,False,False,False,False,False,False,False,False,False
4143,2021-02-02,2020-12-05,100.0,100.0,59.0,2020-12-05,2020-08-25,,,,59.0,161.0,,,,False,False,True,True,False,False,False,True,False,False,False,False,False,False,False,False,False,False,False,False
4144,2021-02-10,2020-09-02,500.0,500.0,161.0,,,2020-09-02,,,,,161.0,,,False,False,False,False,False,False,False,False,False,False,False,True,False,False,False,False,False,False,False,False
4147,2021-04-09,2021-01-20,500.0,500.0,79.0,,,2021-01-20,2020-08-27,,,,79.0,225.0,,False,False,False,False,False,False,False,False,False,False,True,True,False,False,False,False,False,False,False,False
4149,2021-11-23,2021-10-06,100.0,100.0,48.0,2021-10-06,,,,,48.0,,,,,False,False,True,True,False,False,False,False,False,False,False,False,False,False,False,False,False,False,False,False
4151,2021-02-02,2021-01-22,100.0,100.0,11.0,2021-01-22,,,,,11.0,,,,,False,True,True,True,False,False,False,False,False,False,False,False,False,False,False,False,False,False,False,False
4153,2021-04-13,2021-03-20,500.0,500.0,24.0,2021-03-08,,2021-03-20,,,36.0,,24.0,,,False,False,True,True,False,False,False,False,False,True,True,True,False,False,False,False,False,False,False,False
4154,2021-09-30,2021-04-26,2000.0,2000.0,157.0,2021-02-08,,2021-03-04,,2021-04-26,234.0,,210.0,,157.0,False,False,False,False,False,False,False,False,False,False,False,False,False,False,False,False,False,False,False,True
4163,2021-04-26,2021-03-31,100.0,100.0,26.0,2021-03-31,,,,,26.0,,,,,False,True,True,True,False,False,False,False,False,False,False,False,False,False,False,False,False,False,False,False
4165,2021-09-03,2021-03-24,100.0,100.0,163.0,2021-03-24,,,,,163.0,,,,,False,False,False,True,False,False,False,False,False,False,False,False,False,False,False,False,False,False,False,False
4166,2021-03-20,2021-02-24,100.0,100.0,24.0,2021-02-24,,,,,24.0,,,,,False,True,True,True,False,False,False,False,False,False,False,False,False,False,False,False,False,False,False,False
4171,2021-02-16,,,,,,,,,,,,,,,False,False,False,False,False,False,False,False,False,False,False,False,False,False,False,False,False,False,False,False
4173,2021-02-13,2021-02-08,100.0,100.0,5.0,2021-02-08,,,,,5.0,,,,,True,True,True,True,False,False,False,False,False,False,False,False,False,False,False,False,False,False,False,False
4175,2021-03-24,2021-03-22,500.0,500.0,2.0,2021-02-23,,2021-03-22,,,29.0,,2.0,,,False,True,True,True,False,False,False,False,True,True,True,True,False,False,False,False,False,False,False,False
4177,2021-11-23,2021-11-03,100.0,100.0,20.0,2021-11-03,2021-10-19,,,,20.0,35.0,,,,False,True,True,True,False,False,True,True,False,False,False,False,False,False,False,False,False,False,False,False
4180,2021-08-25,2021-08-20,100.0,100.0,5.0,2021-08-20,,2021-02-11,2020-10-09,,5.0,,195.0,320.0,,True,True,True,True,False,False,False,False,False,False,False,False,False,False,False,False,False,False,False,False
4182,2021-09-07,2021-03-10,100.0,100.0,181.0,2021-03-10,,,2020-10-21,,181.0,,,321.0,,False,False,False,False,False,False,False,False,False,False,False,False,False,False,False,False,False,False,False,False
4183,2021-04-29,2020-10-30,100.0,100.0,181.0,2020-10-30,,,,,181.0,,,,,False,False,False,False,False,False,False,False,False,False,False,False,False,False,False,False,False,False,False,False
4184,2021-03-08,2020-11-30,1000.0,1000.0,98.0,2020-10-19,,,2020-11-30,,140.0,,,98.0,,False,False,False,True,False,False,False,False,False,False,False,False,False,False,False,True,False,False,False,False
4185,2021-12-10,2021-10-26,100.0,100.0,45.0,2021-10-26,,2020-08-29,,,45.0,,468.0,,,False,False,True,True,False,False,False,False,False,False,False,False,False,False,False,False,False,False,False,False
4186,2021-09-02,2021-04-29,100.0,100.0,126.0,2021-04-29,,,,,126.0,,,,,False,False,False,True,False,False,False,False,False,False,False,False,False,False,False,False,False,False,False,False
4187,2021-09-20,2021-09-18,500.0,500.0,2.0,2021-05-10,,2021-09-18,,,133.0,,2.0,,,False,False,False,True,False,False,False,False,True,True,True,True,False,False,False,False,False,False,False,False
4189,2021-12-15,2021-11-27,100.0,100.0,18.0,2021-11-27,,2021-11-05,,,18.0,,40.0,,,False,True,True,True,False,False,False,False,False,False,True,True,False,False,False,False,False,False,False,False
4190,2021-03-25,2021-01-06,500.0,500.0,78.0,2020-08-21,,2021-01-06,,,216.0,,78.0,,,False,False,False,False,False,False,False,False,False,False,True,True,False,False,False,False,False,False,False,False
4191,2021-02-03,2021-01-01,500.0,500.0,33.0,2020-08-29,,2021-01-01,,,158.0,,33.0,,,False,False,False,True,False,False,False,False,False,False,True,True,False,False,False,False,False,False,False,False
4193,2021-12-25,2021-10-14,500.0,500.0,72.0,2020-12-02,,2021-10-14,,,388.0,,72.0,,,False,False,False,False,False,False,False,False,False,False,True,True,False,False,False,False,False,False,False,False
4195,2021-02-09,2021-01-23,100.0,100.0,17.0,2021-01-23,2020-09-08,2020-12-05,,,17.0,154.0,66.0,,,False,True,True,True,False,False,False,True,False,False,True,True,False,False,False,False,False,False,False,False
4198,2021-01-06,2020-12-07,100.0,100.0,30.0,2020-12-07,,2020-09-12,,,30.0,,116.0,,,False,True,True,True,False,False,False,False,False,False,False,True,False,False,False,False,False,False,False,False
4199,2021-09-21,2021-08-20,100.0,100.0,32.0,2021-08-20,,,,,32.0,,,,,False,False,True,True,False,False,False,False,False,False,False,False,False,False,False,False,False,False,False,False
4200,2021-02-25,2021-02-22,100.0,100.0,3.0,2021-02-22,,2020-12-18,,,3.0,,69.0,,,True,True,True,True,False,False,False,False,False,False,True,True,False,False,False,False,False,False,False,False
4202,2021-11-10,2021-10-08,500.0,500.0,33.0,2021-09-25,,2021-10-08,,,46.0,,33.0,,,False,False,True,True,False,False,False,False,False,False,True,True,False,False,False,False,False,False,False,False
4210,2021-11-19,2021-01-12,200.0,200.0,311.0,2020-08-21,2021-01-12,,2020-08-03,,455.0,311.0,,473.0,,False,False,False,False,False,False,False,False,False,False,False,False,False,False,False,False,False,False,False,False
4210,2021-12-21,2021-11-19,5000.0,200.0,343.0,2020-08-21,2021-01-12,,2020-08-03,,487.0,343.0,,505.0,,False,False,False,False,False,False,False,False,False,False,False,False,False,False,False,False,False,False,False,False
4211,2021-01-20,,,,,,,,,,,,,,,False,False,False,False,False,False,False,False,False,False,False,False,False,False,False,False,False,False,False,False
4217,2021-02-12,2020-12-14,100.0,100.0,60.0,2020-12-14,,,,,60.0,,,,,False,False,True,True,False,False,False,False,False,False,False,False,False,False,False,False,False,False,False,False
4218,2021-01-01,2020-11-27,1000.0,1000.0,35.0,,,,2020-11-27,,,,,35.0,,False,False,False,False,False,False,False,False,False,False,False,False,False,False,True,True,False,False,False,False
4218,2021-09-27,2021-04-29,100.0,100.0,151.0,2021-04-29,,2021-03-30,2020-11-27,,151.0,,181.0,304.0,,False,False,False,True,False,False,False,False,False,False,False,False,False,False,False,False,False,False,False,False
4223,2021-08-20,2021-02-05,500.0,500.0,196.0,2020-10-16,,2021-02-05,2021-01-13,,308.0,,196.0,219.0,,False,False,False,False,False,False,False,False,False,False,False,False,False,False,False,False,False,False,False,False
4224,2021-10-11,2021-10-08,500.0,500.0,3.0,2021-02-04,,2021-10-08,,2021-04-21,249.0,,3.0,,173.0,False,False,False,False,False,False,False,False,True,True,True,True,False,False,False,False,False,False,False,True
4226,2021-01-18,,,,,,,,,,,,,,,False,False,False,False,False,False,False,False,False,False,False,False,False,False,False,False,False,False,False,False
4228,2021-11-06,2021-10-09,100.0,100.0,28.0,2021-10-09,,,,,28.0,,,,,False,True,True,True,False,False,False,False,False,False,False,False,False,False,False,False,False,False,False,False
4232,2021-10-22,2021-10-12,100.0,100.0,10.0,2021-10-12,,,,2021-04-27,10.0,,,,178.0,False,True,True,True,False,False,False,False,False,False,False,False,False,False,False,False,False,False,False,True
4235,2021-04-20,2021-02-01,500.0,500.0,78.0,,,2021-02-01,2020-12-04,,,,78.0,137.0,,False,False,False,False,False,False,False,False,False,False,True,True,False,False,False,True,False,False,False,False
4236,2021-05-11,2021-01-23,100.0,100.0,108.0,2021-01-23,,2021-01-02,,,108.0,,129.0,,,False,False,False,True,False,False,False,False,False,False,False,True,False,False,False,False,False,False,False,False
4240,2021-09-27,2021-09-18,100.0,100.0,9.0,2021-09-18,,2021-07-30,2020-08-17,,9.0,,59.0,406.0,,False,True,True,True,False,False,False,False,False,False,True,True,False,False,False,False,False,False,False,False
4241,2021-11-03,2021-04-28,100.0,100.0,189.0,2021-04-28,,2021-04-24,,,189.0,,193.0,,,False,False,False,False,False,False,False,False,False,False,False,False,False,False,False,False,False,False,False,False
4253,2021-09-11,2021-03-12,500.0,500.0,183.0,,,2021-03-12,,,,,183.0,,,False,False,False,False,False,False,False,False,False,False,False,False,False,False,False,False,False,False,False,False
4257,2021-10-12,2021-03-23,100.0,100.0,203.0,2021-03-23,,,,,203.0,,,,,False,False,False,False,False,False,False,False,False,False,False,False,False,False,False,False,False,False,False,False
4258,2021-12-06,2021-09-30,100.0,100.0,67.0,2021-09-30,2021-09-21,2020-10-26,2021-04-09,,67.0,76.0,406.0,241.0,,False,False,True,True,False,False,True,True,False,False,False,False,False,False,False,False,False,False,False,False
4259,2021-05-04,2021-04-08,100.0,100.0,26.0,2021-04-08,,,2021-04-03,2020-12-28,26.0,,,31.0,127.0,False,True,True,True,False,False,False,False,False,False,False,False,False,False,True,True,False,False,False,True
4269,2021-11-08,2021-10-08,500.0,500.0,31.0,2021-09-16,,2021-10-08,2021-08-13,,53.0,,31.0,87.0,,False,False,True,True,False,False,False,False,False,False,True,True,False,False,True,True,False,False,False,False
4269,2021-12-27,2021-11-08,5000.0,500.0,80.0,2021-09-16,,2021-10-08,2021-08-13,,102.0,,80.0,136.0,,False,False,False,True,False,False,False,False,False,False,True,True,False,False,False,True,False,False,False,False
4270,2021-04-27,2021-03-23,2000.0,2000.0,35.0,2021-03-12,,2021-03-17,,2021-03-23,46.0,,41.0,,35.0,False,False,True,True,False,False,False,False,False,False,True,True,False,False,False,False,False,False,True,True
4271,2021-01-13,2020-09-02,100.0,100.0,133.0,2020-09-02,,,,,133.0,,,,,False,False,False,True,False,False,False,False,False,False,False,False,False,False,False,False,False,False,False,False
4274,2021-01-08,2020-08-07,100.0,100.0,154.0,2020-08-07,,,,,154.0,,,,,False,False,False,True,False,False,False,False,False,False,False,False,False,False,False,False,False,False,False,False
4275,2021-01-13,2020-11-18,1000.0,1000.0,56.0,,,2020-09-26,2020-11-18,,,,109.0,56.0,,False,False,False,False,False,False,False,False,False,False,False,True,False,False,True,True,False,False,False,False
4277,2021-12-14,2021-11-27,100.0,100.0,17.0,2021-11-27,,,,,17.0,,,,,False,True,True,True,False,False,False,False,False,False,False,False,False,False,False,False,False,False,False,False
4278,2021-03-01,2021-02-15,100.0,100.0,14.0,2021-02-15,,2020-12-19,,,14.0,,72.0,,,False,True,True,True,False,False,False,False,False,False,True,True,False,False,False,False,False,False,False,False
4278,2021-04-01,2021-03-25,1000.0,1000.0,7.0,2021-02-15,,2020-12-19,2021-03-25,,45.0,,103.0,7.0,,False,False,True,True,False,False,False,False,False,False,False,True,True,True,True,True,False,False,False,False
4278,2021-04-15,2021-04-01,5000.0,1000.0,21.0,2021-02-15,,2020-12-19,2021-03-25,,59.0,,117.0,21.0,,False,False,True,True,False,False,False,False,False,False,False,True,False,True,True,True,False,False,False,False
4285,2021-04-22,2021-04-02,100.0,100.0,20.0,2021-04-02,,,,,20.0,,,,,False,True,True,True,False,False,False,False,False,False,False,False,False,False,False,False,False,False,False,False
4290,2021-03-20,2021-02-18,1000.0,1000.0,30.0,2020-09-26,,2021-02-17,2021-02-18,2021-01-06,175.0,,31.0,30.0,73.0,False,False,False,True,False,False,False,False,False,False,True,True,False,True,True,True,False,False,True,True
4291,2021-03-12,2021-01-23,100.0,100.0,48.0,2021-01-23,,,,,48.0,,,,,False,False,True,True,False,False,False,False,False,False,False,False,False,False,False,False,False,False,False,False
4303,2021-11-30,2021-10-08,100.0,100.0,53.0,2021-10-08,,2020-12-04,,,53.0,,361.0,,,False,False,True,True,False,False,False,False,False,False,False,False,False,False,False,False,False,False,False,False
4305,2021-09-10,2021-08-25,500.0,500.0,16.0,2021-05-10,,2021-08-25,,,123.0,,16.0,,,False,False,False,True,False,False,False,False,False,True,True,True,False,False,False,False,False,False,False,False
4306,2021-01-15,2020-12-11,1000.0,1000.0,35.0,,,2020-11-09,2020-12-11,,,,67.0,35.0,,False,False,False,False,False,False,False,False,False,False,True,True,False,False,True,True,False,False,False,False
4306,2021-11-11,2021-03-30,100.0,100.0,226.0,2021-03-30,,2020-11-09,2020-12-11,,226.0,,367.0,335.0,,False,False,False,False,False,False,False,False,False,False,False,False,False,False,False,False,False,False,False,False
4308,2021-11-19,2021-01-11,100.0,100.0,312.0,2021-01-11,,2020-08-03,2020-10-05,,312.0,,473.0,410.0,,False,False,False,False,False,False,False,False,False,False,False,False,False,False,False,False,False,False,False,False
4318,2021-02-11,2021-01-05,200.0,200.0,37.0,,2021-01-05,,,2020-09-22,,37.0,,,142.0,False,False,False,False,False,False,True,True,False,False,False,False,False,False,False,False,False,False,False,True
4324,2021-10-18,2021-02-19,1000.0,1000.0,241.0,2021-02-18,,2020-11-25,2021-02-19,,242.0,,327.0,241.0,,False,False,False,False,False,False,False,False,False,False,False,False,False,False,False,False,False,False,False,False
4327,2021-12-24,2021-09-03,1000.0,1000.0,112.0,2021-08-18,,2021-03-05,2021-09-03,,128.0,,294.0,112.0,,False,False,False,True,False,False,False,False,False,False,False,False,False,False,False,True,False,False,False,False
4330,2021-03-27,2021-02-24,500.0,500.0,31.0,2021-01-04,,2021-02-24,,,82.0,,31.0,,,False,False,True,True,False,False,False,False,False,False,True,True,False,False,False,False,False,False,False,False
4332,2021-11-17,2021-11-02,100.0,100.0,15.0,2021-11-02,,2021-04-20,2020-11-27,,15.0,,211.0,355.0,,False,True,True,True,False,False,False,False,False,False,False,False,False,False,False,False,False,False,False,False
4335,2021-11-20,2021-10-30,500.0,500.0,21.0,2021-10-23,,2021-10-30,,,28.0,,21.0,,,False,True,True,True,False,False,False,False,False,True,True,True,False,False,False,False,False,False,False,False
4336,2021-11-22,2021-11-11,500.0,500.0,11.0,2021-11-05,,2021-11-11,,,17.0,,11.0,,,False,True,True,True,False,False,False,False,False,True,True,True,False,False,False,False,False,False,False,False
4337,2021-03-03,2020-07-11,500.0,500.0,235.0,,,2020-07-11,,,,,235.0,,,False,False,False,False,False,False,False,False,False,False,False,False,False,False,False,False,False,False,False,False
4339,2021-04-14,2020-09-02,500.0,500.0,224.0,,,2020-09-02,,,,,224.0,,,False,False,False,False,False,False,False,False,False,False,False,False,False,False,False,False,False,False,False,False
4346,2021-04-10,2021-03-23,100.0,100.0,18.0,2021-03-23,,,,2020-10-03,18.0,,,,189.0,False,True,True,True,False,False,False,False,False,False,False,False,False,False,False,False,False,False,False,False
4346,2021-09-14,2021-09-11,1000.0,1000.0,3.0,2021-08-06,,2021-05-11,2021-09-11,2020-10-03,39.0,,126.0,3.0,346.0,False,False,True,True,False,False,False,False,False,False,False,True,True,True,True,True,False,False,False,False
4351,2021-11-10,2021-10-19,100.0,100.0,22.0,2021-10-19,,,,,22.0,,,,,False,True,True,True,False,False,False,False,False,False,False,False,False,False,False,False,False,False,False,False
4353,2021-01-29,2020-09-26,1000.0,1000.0,125.0,,,,2020-09-26,,,,,125.0,,False,False,False,False,False,False,False,False,False,False,False,False,False,False,False,True,False,False,False,False
4354,2021-08-06,2021-04-01,100.0,100.0,127.0,2021-04-01,,2021-01-25,,2021-02-16,127.0,,193.0,,171.0,False,False,False,True,False,False,False,False,False,False,False,False,False,False,False,False,False,False,False,True
4361,2021-12-22,2021-12-01,500.0,500.0,21.0,2021-09-09,,2021-12-01,2020-10-03,,104.0,,21.0,445.0,,False,False,False,True,False,False,False,False,False,True,True,True,False,False,False,False,False,False,False,False
4365,2021-04-20,2021-04-12,500.0,500.0,8.0,2021-02-01,,2021-04-12,,,78.0,,8.0,,,False,False,True,True,False,False,False,False,False,True,True,True,False,False,False,False,False,False,False,False
4366,2021-03-30,2020-12-16,100.0,100.0,104.0,2020-12-16,,2020-11-09,,,104.0,,141.0,,,False,False,False,True,False,False,False,False,False,False,False,True,False,False,False,False,False,False,False,False
4366,2021-11-19,2021-11-11,100.0,100.0,8.0,2021-11-11,,2021-10-05,,,8.0,,45.0,,,False,True,True,True,False,False,False,False,False,False,True,True,False,False,False,False,False,False,False,False
4367,2021-09-27,2021-09-23,500.0,500.0,4.0,2021-03-26,,2021-09-23,2020-10-16,,185.0,,4.0,346.0,,False,False,False,False,False,False,False,False,True,True,True,True,False,False,False,False,False,False,False,False
4370,2021-04-14,2021-03-16,2000.0,2000.0,29.0,,,2020-10-23,,2021-03-16,,,173.0,,29.0,False,False,False,False,False,False,False,False,False,False,False,True,False,False,False,False,False,True,True,True
4371,2021-09-07,2021-09-06,500.0,500.0,1.0,2021-08-18,,2021-09-06,2021-08-16,2020-09-30,20.0,,1.0,22.0,342.0,False,True,True,True,False,False,False,False,True,True,True,True,False,True,True,True,False,False,False,False
4371,2021-11-23,2021-09-14,500.0,500.0,70.0,2021-08-18,,2021-09-14,2021-08-16,2020-09-30,97.0,,70.0,99.0,419.0,False,False,False,True,False,False,False,False,False,False,True,True,False,False,False,True,False,False,False,False
4372,2021-02-23,2021-02-16,200.0,200.0,7.0,,2021-02-16,2020-08-13,2021-02-13,,,7.0,194.0,10.0,,False,False,False,False,True,True,True,True,False,False,False,False,False,True,True,True,False,False,False,False
4375,2021-10-06,2021-02-02,200.0,200.0,246.0,2020-12-25,2021-02-02,,,,285.0,246.0,,,,False,False,False,False,False,False,False,False,False,False,False,False,False,False,False,False,False,False,False,False
4376,2021-12-14,2021-12-13,100.0,100.0,1.0,2021-12-13,,2021-10-29,2021-10-08,,1.0,,46.0,67.0,,True,True,True,True,False,False,False,False,False,False,True,True,False,False,True,True,False,False,False,False
4381,2021-01-02,2020-12-28,100.0,100.0,5.0,2020-12-28,,2020-07-18,,,5.0,,168.0,,,True,True,True,True,False,False,False,False,False,False,False,True,False,False,False,False,False,False,False,False
4388,2021-12-18,2021-11-16,500.0,500.0,32.0,2020-09-26,,2021-11-16,2021-03-12,,448.0,,32.0,281.0,,False,False,False,False,False,False,False,False,False,False,True,True,False,False,False,False,False,False,False,False
4390,2021-04-03,2021-03-26,500.0,500.0,8.0,,,2021-03-26,2020-07-25,,,,8.0,252.0,,False,False,False,False,False,False,False,False,False,True,True,True,False,False,False,False,False,False,False,False
4393,2021-09-08,2021-03-11,500.0,500.0,181.0,,,2021-03-11,2021-02-18,,,,181.0,202.0,,False,False,False,False,False,False,False,False,False,False,False,False,False,False,False,False,False,False,False,False
4394,2021-11-10,2021-04-02,100.0,100.0,222.0,2021-04-02,,2020-11-16,2020-12-28,,222.0,,359.0,317.0,,False,False,False,False,False,False,False,False,False,False,False,False,False,False,False,False,False,False,False,False
4395,2021-02-06,2020-09-02,100.0,100.0,157.0,2020-09-02,,,,,157.0,,,,,False,False,False,True,False,False,False,False,False,False,False,False,False,False,False,False,False,False,False,False
4395,2021-03-02,2021-02-11,1000.0,1000.0,19.0,2020-09-02,,,2021-02-11,,181.0,,,19.0,,False,False,False,False,False,False,False,False,False,False,False,False,False,True,True,True,False,False,False,False
4398,2021-04-07,2020-11-18,100.0,100.0,140.0,2020-11-18,,,,,140.0,,,,,False,False,False,True,False,False,False,False,False,False,False,False,False,False,False,False,False,False,False,False
4399,2021-05-10,2021-04-29,500.0,500.0,11.0,2021-02-24,,2021-04-29,2020-09-22,,75.0,,11.0,230.0,,False,False,True,True,False,False,False,False,False,True,True,True,False,False,False,False,False,False,False,False
4400,2021-01-25,2021-01-05,500.0,500.0,20.0,2020-10-12,,2021-01-05,,,105.0,,20.0,,,False,False,False,True,False,False,False,False,False,True,True,True,False,False,False,False,False,False,False,False
4400,2021-02-08,2021-01-25,5000.0,500.0,34.0,2020-10-12,,2021-01-05,,,119.0,,34.0,,,False,False,False,True,False,False,False,False,False,False,True,True,False,False,False,False,False,False,False,False
4400,2021-03-01,2021-02-08,5000.0,500.0,55.0,2020-10-12,,2021-01-05,,,140.0,,55.0,,,False,False,False,True,False,False,False,False,False,False,True,True,False,False,False,False,False,False,False,False
4403,2021-10-13,2021-04-26,500.0,500.0,170.0,,,2021-04-26,,,,,170.0,,,False,False,False,False,False,False,False,False,False,False,False,True,False,False,False,False,False,False,False,False
4404,2021-04-20,2021-04-02,500.0,500.0,18.0,,,2021-04-02,,,,,18.0,,,False,False,False,False,False,False,False,False,False,True,True,True,False,False,False,False,False,False,False,False
4405,2021-03-04,2020-12-23,500.0,500.0,71.0,2020-11-16,,2020-12-23,,,108.0,,71.0,,,False,False,False,True,False,False,False,False,False,False,True,True,False,False,False,False,False,False,False,False
4406,2021-10-30,2021-10-06,100.0,100.0,24.0,2021-10-06,2021-02-23,2021-04-13,,,24.0,249.0,200.0,,,False,True,True,True,False,False,False,False,False,False,False,False,False,False,False,False,False,False,False,False
4409,2021-09-09,2021-08-11,1000.0,1000.0,29.0,2021-04-17,,,2021-08-11,,145.0,,,29.0,,False,False,False,True,False,False,False,False,False,False,False,False,False,True,True,True,False,False,False,False
4409,2021-09-27,2021-09-09,5000.0,1000.0,47.0,2021-04-17,,,2021-08-11,,163.0,,,47.0,,False,False,False,True,False,False,False,False,False,False,False,False,False,False,True,True,False,False,False,False
4410,2021-02-15,2020-12-15,100.0,100.0,62.0,2020-12-15,,2020-10-28,,,62.0,,110.0,,,False,False,True,True,False,False,False,False,False,False,False,True,False,False,False,False,False,False,False,False
4412,2021-09-15,2021-09-07,100.0,100.0,8.0,2021-09-07,,2021-01-11,2021-03-10,,8.0,,247.0,189.0,,False,True,True,True,False,False,False,False,False,False,False,False,False,False,False,False,False,False,False,False
4414,2021-11-30,2021-11-25,500.0,500.0,5.0,2021-11-22,,2021-11-25,,2021-10-18,8.0,,5.0,,43.0,False,True,True,True,False,False,False,False,True,True,True,True,False,False,False,False,False,False,True,True
4415,2021-08-11,2021-03-15,100.0,100.0,149.0,2021-03-15,,,2020-08-25,,149.0,,,351.0,,False,False,False,True,False,False,False,False,False,False,False,False,False,False,False,False,False,False,False,False
4418,2021-09-20,2021-08-20,500.0,500.0,31.0,,,2021-08-20,,,,,31.0,,,False,False,False,False,False,False,False,False,False,False,True,True,False,False,False,False,False,False,False,False
4420,2021-09-21,2021-08-27,1000.0,1000.0,25.0,2020-11-11,,2021-04-13,2021-08-27,,314.0,,161.0,25.0,,False,False,False,False,False,False,False,False,False,False,False,True,False,True,True,True,False,False,False,False
4422,2021-03-24,2021-03-15,100.0,100.0,9.0,2021-03-15,,2020-09-10,,,9.0,,195.0,,,False,True,True,True,False,False,False,False,False,False,False,False,False,False,False,False,False,False,False,False
4422,2021-12-09,2021-09-10,100.0,100.0,90.0,2021-09-10,,2020-09-10,,,90.0,,455.0,,,False,False,True,True,False,False,False,False,False,False,False,False,False,False,False,False,False,False,False,False
4423,2021-12-18,2021-12-10,500.0,500.0,8.0,2021-02-24,,2021-12-10,2021-05-05,,297.0,,8.0,227.0,,False,False,False,False,False,False,False,False,False,True,True,True,False,False,False,False,False,False,False,False
4426,2021-04-10,2021-02-16,100.0,100.0,53.0,2021-02-16,,,,,53.0,,,,,False,False,True,True,False,False,False,False,False,False,False,False,False,False,False,False,False,False,False,False
4429,2021-12-10,2021-10-15,100.0,100.0,56.0,2021-10-15,,2021-07-23,,,56.0,,140.0,,,False,False,True,True,False,False,False,False,False,False,False,True,False,False,False,False,False,False,False,False
4433,2021-10-06,2021-09-02,100.0,100.0,34.0,2021-09-02,,2021-08-04,,,34.0,,63.0,,,False,False,True,True,False,False,False,False,False,False,True,True,False,False,False,False,False,False,False,False
4435,2021-05-04,2021-03-23,100.0,100.0,42.0,2021-03-23,,2020-07-11,,,42.0,,297.0,,,False,False,True,True,False,False,False,False,False,False,False,False,False,False,False,False,False,False,False,False
4439,2021-01-01,2020-12-02,100.0,100.0,30.0,2020-12-02,,,,,30.0,,,,,False,True,True,True,False,False,False,False,False,False,False,False,False,False,False,False,False,False,False,False
4440,2021-02-06,2021-01-18,500.0,500.0,19.0,,,2021-01-18,,,,,19.0,,,False,False,False,False,False,False,False,False,False,True,True,True,False,False,False,False,False,False,False,False
4440,2021-09-02,2021-08-30,100.0,100.0,3.0,2021-08-30,,2021-05-04,2021-04-03,,3.0,,121.0,152.0,,True,True,True,True,False,False,False,False,False,False,False,True,False,False,False,True,False,False,False,False
4445,2021-01-15,2021-01-11,100.0,100.0,4.0,2021-01-11,,,,,4.0,,,,,True,True,True,True,False,False,False,False,False,False,False,False,False,False,False,False,False,False,False,False
4445,2021-08-02,2021-03-30,100.0,100.0,125.0,2021-03-30,,,2021-02-03,,125.0,,,180.0,,False,False,False,True,False,False,False,False,False,False,False,False,False,False,False,True,False,False,False,False
4448,2021-02-10,2021-02-08,500.0,500.0,2.0,,,2021-02-08,,,,,2.0,,,False,False,False,False,False,False,False,False,True,True,True,True,False,False,False,False,False,False,False,False
4455,2021-02-19,2021-02-02,100.0,100.0,17.0,2021-02-02,,,,,17.0,,,,,False,True,True,True,False,False,False,False,False,False,False,False,False,False,False,False,False,False,False,False
4458,2021-11-06,2021-10-11,500.0,500.0,26.0,2020-10-16,,2021-10-11,2021-04-16,,386.0,,26.0,204.0,,False,False,False,False,False,False,False,False,False,True,True,True,False,False,False,False,False,False,False,False
4459,2021-02-03,,,,,,,,,,,,,,,False,False,False,False,False,False,False,False,False,False,False,False,False,False,False,False,False,False,False,False
4460,2021-11-19,2021-10-28,100.0,100.0,22.0,2021-10-28,,2020-10-28,2020-09-10,,22.0,,387.0,435.0,,False,True,True,True,False,False,False,False,False,False,False,False,False,False,False,False,False,False,False,False
4462,2021-12-28,2021-12-27,2000.0,2000.0,1.0,2021-03-01,2021-11-16,2021-11-29,2021-01-25,2021-12-27,302.0,42.0,29.0,337.0,1.0,False,False,False,False,False,False,True,True,False,True,True,True,False,False,False,False,True,True,True,True
4474,2021-03-15,2020-11-27,500.0,500.0,108.0,,,2020-11-27,,,,,108.0,,,False,False,False,False,False,False,False,False,False,False,False,True,False,False,False,False,False,False,False,False
4477,2021-02-02,2020-12-18,100.0,100.0,46.0,2020-12-18,,2020-08-17,,,46.0,,169.0,,,False,False,True,True,False,False,False,False,False,False,False,True,False,False,False,False,False,False,False,False
4479,2021-05-05,2021-04-03,100.0,100.0,32.0,2021-04-03,,2021-03-27,,,32.0,,39.0,,,False,False,True,True,False,False,False,False,False,False,True,True,False,False,False,False,False,False,False,False
4488,2021-04-20,2021-03-20,100.0,100.0,31.0,2021-03-20,,,2020-10-05,,31.0,,,197.0,,False,False,True,True,False,False,False,False,False,False,False,False,False,False,False,False,False,False,False,False
4489,2021-03-03,2021-02-24,100.0,100.0,7.0,2021-02-24,,2020-08-27,,,7.0,,188.0,,,True,True,True,True,False,False,False,False,False,False,False,False,False,False,False,False,False,False,False,False
4493,2021-04-23,2021-03-23,100.0,100.0,31.0,2021-03-23,,2021-01-18,2021-03-10,,31.0,,95.0,44.0,,False,False,True,True,False,False,False,False,False,False,False,True,False,False,True,True,False,False,False,False
4498,2021-03-05,2021-02-27,100.0,100.0,6.0,2021-02-27,,,,,6.0,,,,,True,True,True,True,False,False,False,False,False,False,False,False,False,False,False,False,False,False,False,False
4502,2021-01-30,2020-12-26,100.0,100.0,35.0,2020-12-26,,,,,35.0,,,,,False,False,True,True,False,False,False,False,False,False,False,False,False,False,False,False,False,False,False,False
4506,2021-12-07,2021-10-05,100.0,100.0,63.0,2021-10-05,,2021-04-24,,,63.0,,227.0,,,False,False,True,True,False,False,False,False,False,False,False,False,False,False,False,False,False,False,False,False
4509,2021-09-28,2021-09-10,100.0,100.0,18.0,2021-09-10,,2020-12-30,2021-01-06,,18.0,,272.0,265.0,,False,True,True,True,False,False,False,False,False,False,False,False,False,False,False,False,False,False,False,False
4511,2021-01-06,2020-12-11,500.0,500.0,26.0,2020-08-11,,2020-12-11,,,148.0,,26.0,,,False,False,False,True,False,False,False,False,False,True,True,True,False,False,False,False,False,False,False,False
4520,2021-01-29,2020-09-30,100.0,100.0,121.0,2020-09-30,,,,,121.0,,,,,False,False,False,True,False,False,False,False,False,False,False,False,False,False,False,False,False,False,False,False
4521,2021-05-07,2021-03-13,500.0,500.0,55.0,2020-09-28,,2021-03-13,,,221.0,,55.0,,,False,False,False,False,False,False,False,False,False,False,True,True,False,False,False,False,False,False,False,False
4529,2021-03-22,2021-02-17,100.0,100.0,33.0,2021-02-17,,2020-10-26,,,33.0,,147.0,,,False,False,True,True,False,False,False,False,False,False,False,True,False,False,False,False,False,False,False,False
4529,2021-09-09,2021-04-27,100.0,100.0,135.0,2021-04-27,,2020-10-26,,,135.0,,318.0,,,False,False,False,True,False,False,False,False,False,False,False,False,False,False,False,False,False,False,False,False
4536,2021-12-30,2021-10-26,2000.0,2000.0,65.0,2021-09-13,,2021-09-23,,2021-10-26,108.0,,98.0,,65.0,False,False,False,True,False,False,False,False,False,False,False,True,False,False,False,False,False,False,True,True
4537,2021-09-16,2021-03-01,100.0,100.0,199.0,2021-03-01,,2021-01-25,,,199.0,,234.0,,,False,False,False,False,False,False,False,False,False,False,False,False,False,False,False,False,False,False,False,False
4538,2021-01-19,2021-01-18,500.0,500.0,1.0,,,2021-01-18,,,,,1.0,,,False,False,False,False,False,False,False,False,True,True,True,True,False,False,False,False,False,False,False,False
4540,2021-04-30,2021-04-10,100.0,100.0,20.0,2021-04-10,,2020-12-07,,,20.0,,144.0,,,False,True,True,True,False,False,False,False,False,False,False,True,False,False,False,False,False,False,False,False
4541,2021-12-13,2021-12-09,500.0,500.0,4.0,2021-10-25,,2021-12-09,,,49.0,,4.0,,,False,False,True,True,False,False,False,False,True,True,True,True,False,False,False,False,False,False,False,False
4542,2021-02-04,2021-01-12,100.0,100.0,23.0,2021-01-12,,,2020-11-09,,23.0,,,87.0,,False,True,True,True,False,False,False,False,False,False,False,False,False,False,True,True,False,False,False,False
4542,2021-03-06,2021-03-05,500.0,500.0,1.0,2021-02-24,,2021-03-05,2020-11-09,,10.0,,1.0,117.0,,False,True,True,True,False,False,False,False,True,True,True,True,False,False,False,True,False,False,False,False
4543,2021-04-26,2021-04-22,1000.0,1000.0,4.0,2021-04-16,,2021-01-01,2021-04-22,,10.0,,115.0,4.0,,False,True,True,True,False,False,False,False,False,False,False,True,True,True,True,True,False,False,False,False
4546,2021-03-16,2021-01-22,1000.0,1000.0,53.0,2020-11-13,,,2021-01-22,,123.0,,,53.0,,False,False,False,True,False,False,False,False,False,False,False,False,False,False,True,True,False,False,False,False
4547,2021-05-11,2021-04-27,100.0,100.0,14.0,2021-04-27,,,2020-08-05,,14.0,,,279.0,,False,True,True,True,False,False,False,False,False,False,False,False,False,False,False,False,False,False,False,False
4548,2021-03-22,2020-11-16,100.0,100.0,126.0,2020-11-16,,,,,126.0,,,,,False,False,False,True,False,False,False,False,False,False,False,False,False,False,False,False,False,False,False,False
4548,2021-05-05,2021-03-22,5000.0,100.0,170.0,2020-11-16,,,,,170.0,,,,,False,False,False,True,False,False,False,False,False,False,False,False,False,False,False,False,False,False,False,False
4552,2021-12-23,2021-10-22,100.0,100.0,62.0,2021-10-22,,2021-03-23,2020-11-20,,62.0,,275.0,398.0,,False,False,True,True,False,False,False,False,False,False,False,False,False,False,False,False,False,False,False,False
4553,2021-10-25,2021-10-08,500.0,500.0,17.0,2021-02-23,,2021-10-08,,,244.0,,17.0,,,False,False,False,False,False,False,False,False,False,True,True,True,False,False,False,False,False,False,False,False
4556,2021-03-08,,,,,,,,,,,,,,,False,False,False,False,False,False,False,False,False,False,False,False,False,False,False,False,False,False,False,False
4560,2021-12-27,2021-12-24,500.0,500.0,3.0,2021-11-16,,2021-12-24,,,41.0,,3.0,,,False,False,True,True,False,False,False,False,True,True,True,True,False,False,False,False,False,False,False,False
4566,2021-04-08,2021-01-12,100.0,100.0,86.0,2021-01-12,,,2020-09-18,,86.0,,,202.0,,False,False,True,True,False,False,False,False,False,False,False,False,False,False,False,False,False,False,False,False
4567,2021-12-03,2021-11-30,100.0,100.0,3.0,2021-11-30,,2021-11-10,2020-09-04,,3.0,,23.0,455.0,,True,True,True,True,False,False,False,False,False,True,True,True,False,False,False,False,False,False,False,False
4568,2021-09-07,2021-05-10,100.0,100.0,120.0,2021-05-10,,2021-02-04,,,120.0,,215.0,,,False,False,False,True,False,False,False,False,False,False,False,False,False,False,False,False,False,False,False,False
4571,2021-10-26,2021-10-21,100.0,100.0,5.0,2021-10-21,,2021-04-21,2021-02-06,2021-03-23,5.0,,188.0,262.0,217.0,True,True,True,True,False,False,False,False,False,False,False,False,False,False,False,False,False,False,False,False
4572,2021-02-27,2021-01-08,100.0,100.0,50.0,2021-01-08,,,,,50.0,,,,,False,False,True,True,False,False,False,False,False,False,False,False,False,False,False,False,False,False,False,False
4572,2021-04-08,2021-02-27,5000.0,100.0,90.0,2021-01-08,,,,,90.0,,,,,False,False,True,True,False,False,False,False,False,False,False,False,False,False,False,False,False,False,False,False
4579,2021-12-07,2021-11-30,500.0,500.0,7.0,2021-10-08,2021-04-27,2021-11-30,,,60.0,224.0,7.0,,,False,False,True,True,False,False,False,False,True,True,True,True,False,False,False,False,False,False,False,False
4583,2021-12-06,2021-03-26,100.0,100.0,255.0,2021-03-26,,2021-01-23,,,255.0,,317.0,,,False,False,False,False,False,False,False,False,False,False,False,False,False,False,False,False,False,False,False,False
4584,2021-10-29,,,,,,,,,,,,,,,False,False,False,False,False,False,False,False,False,False,False,False,False,False,False,False,False,False,False,False
4585,2021-02-10,2021-01-16,100.0,100.0,25.0,2021-01-16,,2020-12-14,,,25.0,,58.0,,,False,True,True,True,False,False,False,False,False,False,True,True,False,False,False,False,False,False,False,False
4586,2021-01-04,2020-10-23,100.0,100.0,73.0,2020-10-23,,,,,73.0,,,,,False,False,True,True,False,False,False,False,False,False,False,False,False,False,False,False,False,False,False,False
4587,2021-11-26,2021-10-04,500.0,500.0,53.0,2021-09-27,,2021-10-04,,,60.0,,53.0,,,False,False,True,True,False,False,False,False,False,False,True,True,False,False,False,False,False,False,False,False
4590,2021-04-07,2021-03-08,500.0,500.0,30.0,2021-01-19,,2021-03-08,,,78.0,,30.0,,,False,False,True,True,False,False,False,False,False,True,True,True,False,False,False,False,False,False,False,False
4591,2021-12-04,2021-03-30,200.0,200.0,249.0,2020-09-22,2021-03-30,,,,438.0,249.0,,,,False,False,False,False,False,False,False,False,False,False,False,False,False,False,False,False,False,False,False,False
4593,2021-02-20,2020-10-10,500.0,500.0,133.0,,,2020-10-10,,,,,133.0,,,False,False,False,False,False,False,False,False,False,False,False,True,False,False,False,False,False,False,False,False
4594,2021-09-17,2021-04-22,500.0,500.0,148.0,2020-12-26,,2021-04-22,,,265.0,,148.0,,,False,False,False,False,False,False,False,False,False,False,False,True,False,False,False,False,False,False,False,False
4595,2021-08-30,2021-08-02,500.0,500.0,28.0,2021-02-10,,2021-08-02,,,201.0,,28.0,,,False,False,False,False,False,False,False,False,False,True,True,True,False,False,False,False,False,False,False,False
4596,2021-03-05,2021-02-23,100.0,100.0,10.0,2021-02-23,,2021-02-03,2020-09-08,,10.0,,30.0,178.0,,False,True,True,True,False,False,False,False,False,True,True,True,False,False,False,True,False,False,False,False
4597,2021-09-18,2021-04-13,100.0,100.0,158.0,2021-04-13,,2020-09-18,,,158.0,,365.0,,,False,False,False,True,False,False,False,False,False,False,False,False,False,False,False,False,False,False,False,False
4598,2021-02-01,2020-12-18,100.0,100.0,45.0,2020-12-18,,,2020-09-02,,45.0,,,152.0,,False,False,True,True,False,False,False,False,False,False,False,False,False,False,False,True,False,False,False,False
4599,2021-02-03,2021-01-04,500.0,500.0,30.0,2020-10-05,,2021-01-04,,,121.0,,30.0,,,False,False,False,True,False,False,False,False,False,True,True,True,False,False,False,False,False,False,False,False
4603,2021-03-06,2021-03-01,500.0,500.0,5.0,2021-01-23,,2021-03-01,,,42.0,,5.0,,,False,False,True,True,False,False,False,False,True,True,True,True,False,False,False,False,False,False,False,False
4604,2021-10-19,2021-10-16,100.0,100.0,3.0,2021-10-16,2021-02-16,2021-10-04,2021-02-12,,3.0,245.0,15.0,249.0,,True,True,True,True,False,False,False,False,False,True,True,True,False,False,False,False,False,False,False,False
4606,2021-12-01,2021-11-18,1000.0,1000.0,13.0,2021-03-01,,2021-09-24,2021-11-18,2020-08-25,275.0,,68.0,13.0,463.0,False,False,False,False,False,False,False,False,False,False,True,True,False,True,True,True,False,False,False,False
4607,2021-04-24,2021-01-02,100.0,100.0,112.0,2021-01-02,,,,,112.0,,,,,False,False,False,True,False,False,False,False,False,False,False,False,False,False,False,False,False,False,False,False
4619,2021-05-04,2021-03-26,500.0,500.0,39.0,2021-03-08,,2021-03-26,,,57.0,,39.0,,,False,False,True,True,False,False,False,False,False,False,True,True,False,False,False,False,False,False,False,False
4626,2021-10-18,2021-04-05,100.0,100.0,196.0,2021-04-05,2020-12-15,2020-12-05,2020-08-01,,196.0,307.0,317.0,443.0,,False,False,False,False,False,False,False,False,False,False,False,False,False,False,False,False,False,False,False,False
4626,2021-10-19,2021-10-18,5000.0,100.0,197.0,2021-04-05,2020-12-15,2020-12-05,2020-08-01,,197.0,308.0,318.0,444.0,,False,False,False,False,False,False,False,False,False,False,False,False,False,False,False,False,False,False,False,False
4630,2021-09-23,2021-09-20,500.0,500.0,3.0,2021-03-20,,2021-09-20,2021-03-10,,187.0,,3.0,197.0,,False,False,False,False,False,False,False,False,True,True,True,True,False,False,False,False,False,False,False,False
4639,2021-03-15,2020-10-10,5000.0,,,,,,,,,,,,,False,False,False,False,False,False,False,False,False,False,False,False,False,False,False,False,False,False,False,False
4639,2021-09-29,2021-04-13,2000.0,2000.0,169.0,,,,,2021-04-13,,,,,169.0,False,False,False,False,False,False,False,False,False,False,False,False,False,False,False,False,False,False,False,True
4645,2021-09-16,2021-04-26,500.0,500.0,143.0,2021-03-12,,2021-04-26,2020-12-25,,188.0,,143.0,265.0,,False,False,False,False,False,False,False,False,False,False,False,True,False,False,False,False,False,False,False,False
4650,2021-04-21,2021-02-19,100.0,100.0,61.0,2021-02-19,,2020-09-24,,,61.0,,209.0,,,False,False,True,True,False,False,False,False,False,False,False,False,False,False,False,False,False,False,False,False
4654,2021-01-08,2020-12-14,100.0,100.0,25.0,2020-12-14,,,,,25.0,,,,,False,True,True,True,False,False,False,False,False,False,False,False,False,False,False,False,False,False,False,False
4658,2021-02-24,2020-12-04,500.0,500.0,82.0,,,2020-12-04,,,,,82.0,,,False,False,False,False,False,False,False,False,False,False,True,True,False,False,False,False,False,False,False,False
4659,2021-11-01,2021-05-06,100.0,100.0,179.0,2021-05-06,,2020-08-19,,2020-12-01,179.0,,439.0,,335.0,False,False,False,True,False,False,False,False,False,False,False,False,False,False,False,False,False,False,False,False
4662,2021-03-16,2021-01-02,100.0,100.0,73.0,2021-01-02,,,,,73.0,,,,,False,False,True,True,False,False,False,False,False,False,False,False,False,False,False,False,False,False,False,False
4665,2021-02-04,,,,,,,,,,,,,,,False,False,False,False,False,False,False,False,False,False,False,False,False,False,False,False,False,False,False,False
4669,2021-12-18,2021-12-06,100.0,100.0,12.0,2021-12-06,,2021-04-20,,,12.0,,242.0,,,False,True,True,True,False,False,False,False,False,False,False,False,False,False,False,False,False,False,False,False
4670,2021-09-30,2021-04-26,100.0,100.0,157.0,2021-04-26,,2021-01-23,,2021-01-27,157.0,,250.0,,246.0,False,False,False,True,False,False,False,False,False,False,False,False,False,False,False,False,False,False,False,False
4678,2021-03-30,2021-01-18,100.0,100.0,71.0,2021-01-18,,,,,71.0,,,,,False,False,True,True,False,False,False,False,False,False,False,False,False,False,False,False,False,False,False,False
4678,2021-10-04,2021-09-22,500.0,500.0,12.0,2021-08-30,2021-09-14,2021-09-22,,,35.0,20.0,12.0,,,False,False,True,True,False,True,True,True,False,True,True,True,False,False,False,False,False,False,False,False
4680,2021-01-30,2021-01-25,100.0,100.0,5.0,2021-01-25,,,,,5.0,,,,,True,True,True,True,False,False,False,False,False,False,False,False,False,False,False,False,False,False,False,False
4681,2021-11-17,2021-11-15,1000.0,1000.0,2.0,2021-04-10,,2021-08-11,2021-11-15,,221.0,,98.0,2.0,,False,False,False,False,False,False,False,False,False,False,False,True,True,True,True,True,False,False,False,False
4681,2021-11-22,2021-11-17,5000.0,1000.0,7.0,2021-04-10,,2021-08-11,2021-11-15,,226.0,,103.0,7.0,,False,False,False,False,False,False,False,False,False,False,False,True,True,True,True,True,False,False,False,False
4689,2021-09-18,2021-03-09,500.0,500.0,193.0,2020-09-04,,2021-03-09,,,379.0,,193.0,,,False,False,False,False,False,False,False,False,False,False,False,False,False,False,False,False,False,False,False,False
4690,2021-03-03,2021-01-19,100.0,100.0,43.0,2021-01-19,,2020-10-09,,,43.0,,145.0,,,False,False,True,True,False,False,False,False,False,False,False,True,False,False,False,False,False,False,False,False
4691,2021-05-10,2021-01-22,100.0,100.0,108.0,2021-01-22,,,,,108.0,,,,,False,False,False,True,False,False,False,False,False,False,False,False,False,False,False,False,False,False,False,False
4691,2021-09-24,2021-08-20,100.0,100.0,35.0,2021-08-20,,,,,35.0,,,,,False,False,True,True,False,False,False,False,False,False,False,False,False,False,False,False,False,False,False,False
4691,2021-12-01,2021-11-08,100.0,100.0,23.0,2021-11-08,,,,,23.0,,,,,False,True,True,True,False,False,False,False,False,False,False,False,False,False,False,False,False,False,False,False
4693,2021-01-19,2020-08-01,100.0,100.0,171.0,2020-08-01,,,,,171.0,,,,,False,False,False,True,False,False,False,False,False,False,False,False,False,False,False,False,False,False,False,False
4697,2021-01-11,2020-09-16,100.0,100.0,117.0,2020-09-16,,,,,117.0,,,,,False,False,False,True,False,False,False,False,False,False,False,False,False,False,False,False,False,False,False,False
4697,2021-02-11,2021-01-11,5000.0,100.0,148.0,2020-09-16,,,,,148.0,,,,,False,False,False,True,False,False,False,False,False,False,False,False,False,False,False,False,False,False,False,False
4697,2021-09-01,2021-05-12,500.0,500.0,112.0,2021-04-12,,2021-05-12,,,142.0,,112.0,,,False,False,False,True,False,False,False,False,False,False,False,True,False,False,False,False,False,False,False,False
4698,2021-03-17,2021-02-16,200.0,200.0,29.0,2021-01-20,2021-02-16,,2020-08-21,,56.0,29.0,,208.0,,False,False,True,True,False,True,True,True,False,False,False,False,False,False,False,False,False,False,False,False
4698,2021-03-22,2021-03-17,5000.0,200.0,34.0,2021-01-20,2021-02-16,,2020-08-21,,61.0,34.0,,213.0,,False,False,True,True,False,False,True,True,False,False,False,False,False,False,False,False,False,False,False,False
4701,2021-02-05,2020-09-30,5000.0,,,,,,,,,,,,,False,False,False,False,False,False,False,False,False,False,False,False,False,False,False,False,False,False,False,False
4703,2021-11-30,2021-11-13,100.0,100.0,17.0,2021-11-13,,2021-07-30,2020-12-25,,17.0,,123.0,340.0,,False,True,True,True,False,False,False,False,False,False,False,True,False,False,False,False,False,False,False,False
4706,2021-01-12,2020-12-22,200.0,200.0,21.0,2020-09-14,2020-12-22,2020-11-20,,,120.0,21.0,53.0,,,False,False,False,True,False,True,True,True,False,False,True,True,False,False,False,False,False,False,False,False
4708,2021-04-28,2021-03-19,100.0,100.0,40.0,2021-03-19,,2020-10-14,,,40.0,,196.0,,,False,False,True,True,False,False,False,False,False,False,False,False,False,False,False,False,False,False,False,False
4710,2021-04-10,2021-03-02,100.0,100.0,39.0,2021-03-02,,,,,39.0,,,,,False,False,True,True,False,False,False,False,False,False,False,False,False,False,False,False,False,False,False,False
4713,2021-12-21,2021-10-26,100.0,100.0,56.0,2021-10-26,,2020-11-06,,,56.0,,410.0,,,False,False,True,True,False,False,False,False,False,False,False,False,False,False,False,False,False,False,False,False
4715,2021-04-12,2021-04-08,100.0,100.0,4.0,2021-04-08,,,,,4.0,,,,,True,True,True,True,False,False,False,False,False,False,False,False,False,False,False,False,False,False,False,False
4716,2021-03-12,2020-12-30,100.0,100.0,72.0,2020-12-30,,,2020-09-14,,72.0,,,179.0,,False,False,True,True,False,False,False,False,False,False,False,False,False,False,False,True,False,False,False,False
4719,2021-01-09,2020-12-22,500.0,500.0,18.0,2020-12-15,,2020-12-22,,,25.0,,18.0,,,False,True,True,True,False,False,False,False,False,True,True,True,False,False,False,False,False,False,False,False
4724,2021-02-10,2021-02-06,500.0,500.0,4.0,2020-10-09,,2021-02-06,2021-01-02,,124.0,,4.0,39.0,,False,False,False,True,False,False,False,False,True,True,True,True,False,False,True,True,False,False,False,False
4724,2021-04-05,2021-03-22,100.0,100.0,14.0,2021-03-22,,2021-02-06,2021-01-02,,14.0,,58.0,93.0,,False,True,True,True,False,False,False,False,False,False,True,True,False,False,False,True,False,False,False,False
4725,2021-05-05,2021-04-10,100.0,100.0,25.0,2021-04-10,,2020-12-28,,,25.0,,128.0,,,False,True,True,True,False,False,False,False,False,False,False,True,False,False,False,False,False,False,False,False
4727,2021-09-08,2021-08-09,500.0,500.0,30.0,2021-02-05,,2021-08-09,,,215.0,,30.0,,,False,False,False,False,False,False,False,False,False,True,True,True,False,False,False,False,False,False,False,False
4734,2021-09-08,2021-09-06,100.0,100.0,2.0,2021-09-06,2021-01-12,2021-02-04,2020-12-02,,2.0,239.0,216.0,280.0,,True,True,True,True,False,False,False,False,False,False,False,False,False,False,False,False,False,False,False,False
4735,2021-12-29,2021-12-13,500.0,500.0,16.0,,,2021-12-13,2020-08-07,,,,16.0,509.0,,False,False,False,False,False,False,False,False,False,True,True,True,False,False,False,False,False,False,False,False
4738,2021-10-09,2021-03-27,100.0,100.0,196.0,2021-03-27,,,,,196.0,,,,,False,False,False,False,False,False,False,False,False,False,False,False,False,False,False,False,False,False,False,False
4739,2021-03-17,2020-12-21,5000.0,,,,,,,,,,,,,False,False,False,False,False,False,False,False,False,False,False,False,False,False,False,False,False,False,False,False
4739,2021-09-10,2021-03-17,5000.0,,,,,,,,,,,,,False,False,False,False,False,False,False,False,False,False,False,False,False,False,False,False,False,False,False,False
4740,2021-04-17,2020-09-22,100.0,100.0,207.0,2020-09-22,,,,,207.0,,,,,False,False,False,False,False,False,False,False,False,False,False,False,False,False,False,False,False,False,False,False
4741,2021-02-25,2020-11-18,100.0,100.0,99.0,2020-11-18,,,,,99.0,,,,,False,False,False,True,False,False,False,False,False,False,False,False,False,False,False,False,False,False,False,False
4741,2021-04-24,2021-04-14,100.0,100.0,10.0,2021-04-14,,,,,10.0,,,,,False,True,True,True,False,False,False,False,False,False,False,False,False,False,False,False,False,False,False,False
4742,2021-11-16,2021-10-23,100.0,100.0,24.0,2021-10-23,,2021-01-19,,,24.0,,301.0,,,False,True,True,True,False,False,False,False,False,False,False,False,False,False,False,False,False,False,False,False
4743,2021-01-18,2020-12-22,500.0,500.0,27.0,2020-12-11,,2020-12-22,,,38.0,,27.0,,,False,False,True,True,False,False,False,False,False,True,True,True,False,False,False,False,False,False,False,False
4744,2021-03-23,2021-03-22,500.0,500.0,1.0,,,2021-03-22,2021-02-11,,,,1.0,40.0,,False,False,False,False,False,False,False,False,True,True,True,True,False,False,True,True,False,False,False,False
4745,2021-09-29,2021-09-06,100.0,100.0,23.0,2021-09-06,,2021-02-24,,2021-03-17,23.0,,217.0,,196.0,False,True,True,True,False,False,False,False,False,False,False,False,False,False,False,False,False,False,False,False
4747,2021-03-22,,,,,,,,,,,,,,,False,False,False,False,False,False,False,False,False,False,False,False,False,False,False,False,False,False,False,False
4749,2021-04-07,2021-01-13,100.0,100.0,84.0,2021-01-13,,,2020-12-16,,84.0,,,112.0,,False,False,True,True,False,False,False,False,False,False,False,False,False,False,False,True,False,False,False,False
4753,2021-11-20,2020-12-02,5000.0,,,,,,,,,,,,,False,False,False,False,False,False,False,False,False,False,False,False,False,False,False,False,False,False,False,False
4758,2021-09-03,2021-08-13,500.0,500.0,21.0,2021-01-25,2021-02-02,2021-08-13,,,221.0,213.0,21.0,,,False,False,False,False,False,False,False,False,False,True,True,True,False,False,False,False,False,False,False,False
4766,2021-11-13,2021-11-12,100.0,100.0,1.0,2021-11-12,,2021-04-29,,,1.0,,198.0,,,True,True,True,True,False,False,False,False,False,False,False,False,False,False,False,False,False,False,False,False
4769,2021-09-27,2021-09-23,500.0,500.0,4.0,2021-09-07,,2021-09-23,2020-12-18,,20.0,,4.0,283.0,,False,True,True,True,False,False,False,False,True,True,True,True,False,False,False,False,False,False,False,False
4770,2021-09-18,2021-05-12,100.0,100.0,129.0,2021-05-12,,2021-02-06,,2020-12-21,129.0,,224.0,,271.0,False,False,False,True,False,False,False,False,False,False,False,False,False,False,False,False,False,False,False,False
4771,2021-11-15,2021-10-27,500.0,500.0,19.0,2021-04-12,,2021-10-27,,2020-09-30,217.0,,19.0,,411.0,False,False,False,False,False,False,False,False,False,True,True,True,False,False,False,False,False,False,False,False
4772,2021-01-06,,,,,,,,,,,,,,,False,False,False,False,False,False,False,False,False,False,False,False,False,False,False,False,False,False,False,False
4774,2021-09-01,2021-04-15,500.0,500.0,139.0,2021-04-05,,2021-04-15,,,149.0,,139.0,,,False,False,False,True,False,False,False,False,False,False,False,True,False,False,False,False,False,False,False,False
4780,2021-11-10,2021-04-26,500.0,500.0,198.0,2021-03-11,,2021-04-26,,,244.0,,198.0,,,False,False,False,False,False,False,False,False,False,False,False,False,False,False,False,False,False,False,False,False
4785,2021-09-15,2021-04-02,500.0,500.0,166.0,2020-11-16,,2021-04-02,2021-03-22,,303.0,,166.0,177.0,,False,False,False,False,False,False,False,False,False,False,False,True,False,False,False,True,False,False,False,False
4788,2021-02-04,2020-08-27,100.0,100.0,161.0,2020-08-27,,,,,161.0,,,,,False,False,False,True,False,False,False,False,False,False,False,False,False,False,False,False,False,False,False,False
4790,2021-12-04,2021-11-25,100.0,100.0,9.0,2021-11-25,,2021-08-20,,,9.0,,106.0,,,False,True,True,True,False,False,False,False,False,False,False,True,False,False,False,False,False,False,False,False
4791,2021-10-04,2021-04-28,100.0,100.0,159.0,2021-04-28,,,,2021-04-14,159.0,,,,173.0,False,False,False,True,False,False,False,False,False,False,False,False,False,False,False,False,False,False,False,True
4791,2021-10-08,2021-10-04,5000.0,100.0,163.0,2021-04-28,,,,2021-04-14,163.0,,,,177.0,False,False,False,True,False,False,False,False,False,False,False,False,False,False,False,False,False,False,False,True
4794,2021-02-24,2020-11-18,5000.0,,,,,,,,,,,,,False,False,False,False,False,False,False,False,False,False,False,False,False,False,False,False,False,False,False,False
4799,2021-03-03,2020-12-11,500.0,500.0,82.0,2020-09-30,,2020-12-11,2020-10-16,,154.0,,82.0,138.0,,False,False,False,True,False,False,False,False,False,False,True,True,False,False,False,True,False,False,False,False
4805,2021-11-20,2021-04-01,1000.0,1000.0,233.0,,,2021-03-19,2021-04-01,,,,246.0,233.0,,False,False,False,False,False,False,False,False,False,False,False,False,False,False,False,False,False,False,False,False
4806,2021-03-11,2021-02-15,100.0,100.0,24.0,2021-02-15,,2020-12-16,,,24.0,,85.0,,,False,True,True,True,False,False,False,False,False,False,True,True,False,False,False,False,False,False,False,False
4807,2021-01-29,2020-12-15,100.0,100.0,45.0,2020-12-15,,,,,45.0,,,,,False,False,True,True,False,False,False,False,False,False,False,False,False,False,False,False,False,False,False,False
4812,2021-09-09,2021-04-20,100.0,100.0,142.0,2021-04-20,,,2020-12-15,,142.0,,,268.0,,False,False,False,True,False,False,False,False,False,False,False,False,False,False,False,False,False,False,False,False
4819,2021-10-23,2021-08-27,500.0,500.0,57.0,,,2021-08-27,2021-01-08,,,,57.0,288.0,,False,False,False,False,False,False,False,False,False,False,True,True,False,False,False,False,False,False,False,False
4820,2021-02-15,2020-12-30,500.0,500.0,47.0,,,2020-12-30,,,,,47.0,,,False,False,False,False,False,False,False,False,False,False,True,True,False,False,False,False,False,False,False,False
4820,2021-03-13,2021-02-15,5000.0,500.0,73.0,,,2020-12-30,,,,,73.0,,,False,False,False,False,False,False,False,False,False,False,True,True,False,False,False,False,False,False,False,False
4822,2021-12-01,2021-11-30,100.0,100.0,1.0,2021-11-30,,2021-04-16,2021-11-26,,1.0,,229.0,5.0,,True,True,True,True,False,False,False,False,False,False,False,False,True,True,True,True,False,False,False,False
4823,2021-02-09,2021-01-19,500.0,500.0,21.0,2020-09-16,,2021-01-19,,,146.0,,21.0,,,False,False,False,True,False,False,False,False,False,True,True,True,False,False,False,False,False,False,False,False
4823,2021-10-12,2021-09-20,100.0,100.0,22.0,2021-09-20,2021-03-30,2021-07-27,,,22.0,196.0,77.0,,,False,True,True,True,False,False,False,False,False,False,True,True,False,False,False,False,False,False,False,False
4825,2021-03-09,2021-02-17,100.0,100.0,20.0,2021-02-17,,,,,20.0,,,,,False,True,True,True,False,False,False,False,False,False,False,False,False,False,False,False,False,False,False,False
4829,2021-11-05,2021-09-03,100.0,100.0,63.0,2021-09-03,,2021-01-04,,,63.0,,305.0,,,False,False,True,True,False,False,False,False,False,False,False,False,False,False,False,False,False,False,False,False
4829,2021-12-02,2021-11-23,500.0,500.0,9.0,2021-09-03,,2021-11-23,,,90.0,,9.0,,,False,False,True,True,False,False,False,False,False,True,True,True,False,False,False,False,False,False,False,False
4830,2021-12-17,2021-08-16,500.0,500.0,123.0,2021-04-19,,2021-08-16,,,242.0,,123.0,,,False,False,False,False,False,False,False,False,False,False,False,True,False,False,False,False,False,False,False,False
4832,2021-12-28,2021-12-24,100.0,100.0,4.0,2021-12-24,,2021-12-17,,,4.0,,11.0,,,True,True,True,True,False,False,False,False,False,True,True,True,False,False,False,False,False,False,False,False
4836,2021-10-20,2021-09-17,500.0,500.0,33.0,2021-04-08,,2021-09-17,2021-08-20,,195.0,,33.0,61.0,,False,False,False,False,False,False,False,False,False,False,True,True,False,False,True,True,False,False,False,False
4841,2021-02-03,2020-12-11,1000.0,1000.0,54.0,2020-12-08,,,2020-12-11,,57.0,,,54.0,,False,False,True,True,False,False,False,False,False,False,False,False,False,False,True,True,False,False,False,False
4842,2021-10-09,2021-09-21,100.0,100.0,18.0,2021-09-21,,2021-04-28,2021-03-11,,18.0,,164.0,212.0,,False,True,True,True,False,False,False,False,False,False,False,True,False,False,False,False,False,False,False,False
4844,2021-03-17,2021-03-03,100.0,100.0,14.0,2021-03-03,,,,,14.0,,,,,False,True,True,True,False,False,False,False,False,False,False,False,False,False,False,False,False,False,False,False
4849,2021-11-18,2021-09-03,100.0,100.0,76.0,2021-09-03,,2020-12-04,,,76.0,,349.0,,,False,False,True,True,False,False,False,False,False,False,False,False,False,False,False,False,False,False,False,False
4850,2021-03-13,2021-02-04,500.0,500.0,37.0,2020-11-06,,2021-02-04,,,127.0,,37.0,,,False,False,False,True,False,False,False,False,False,False,True,True,False,False,False,False,False,False,False,False
4851,2021-04-20,2020-12-21,1000.0,1000.0,120.0,,,,2020-12-21,,,,,120.0,,False,False,False,False,False,False,False,False,False,False,False,False,False,False,False,True,False,False,False,False
4852,2021-04-28,2021-04-23,1000.0,1000.0,5.0,2020-12-29,,,2021-04-23,,120.0,,,5.0,,False,False,False,True,False,False,False,False,False,False,False,False,True,True,True,True,False,False,False,False
4853,2021-10-08,2021-04-24,500.0,500.0,167.0,2021-01-29,,2021-04-24,2021-01-01,,252.0,,167.0,280.0,,False,False,False,False,False,False,False,False,False,False,False,True,False,False,False,False,False,False,False,False
4859,2021-10-09,,,,,,,,,,,,,,,False,False,False,False,False,False,False,False,False,False,False,False,False,False,False,False,False,False,False,False
4860,2021-03-13,2021-02-25,1000.0,1000.0,16.0,,,2020-12-25,2021-02-25,,,,78.0,16.0,,False,False,False,False,False,False,False,False,False,False,True,True,False,True,True,True,False,False,False,False
4861,2021-10-09,,,,,,,,,,,,,,,False,False,False,False,False,False,False,False,False,False,False,False,False,False,False,False,False,False,False,False
4867,2021-01-18,2021-01-13,100.0,100.0,5.0,2021-01-13,,2020-07-25,,,5.0,,177.0,,,True,True,True,True,False,False,False,False,False,False,False,True,False,False,False,False,False,False,False,False
4867,2021-04-29,2021-01-18,5000.0,100.0,106.0,2021-01-13,,2020-07-25,,,106.0,,278.0,,,False,False,False,True,False,False,False,False,False,False,False,False,False,False,False,False,False,False,False,False
4870,2021-04-09,2021-03-27,100.0,100.0,13.0,2021-03-27,,2021-01-27,,,13.0,,72.0,,,False,True,True,True,False,False,False,False,False,False,True,True,False,False,False,False,False,False,False,False
4870,2021-09-22,2021-04-23,1000.0,1000.0,152.0,2021-04-20,,2021-01-27,2021-04-23,,155.0,,238.0,152.0,,False,False,False,True,False,False,False,False,False,False,False,False,False,False,False,True,False,False,False,False
4872,2021-02-24,2020-10-07,500.0,500.0,140.0,,,2020-10-07,,,,,140.0,,,False,False,False,False,False,False,False,False,False,False,False,True,False,False,False,False,False,False,False,False
4873,2021-03-22,2020-11-27,100.0,100.0,115.0,2020-11-27,,,,,115.0,,,,,False,False,False,True,False,False,False,False,False,False,False,False,False,False,False,False,False,False,False,False
4874,2021-04-13,2021-02-25,500.0,500.0,47.0,2020-12-04,,2021-02-25,2020-12-15,,130.0,,47.0,119.0,,False,False,False,True,False,False,False,False,False,False,True,True,False,False,False,True,False,False,False,False
4875,2021-02-19,,,,,,,,,,,,,,,False,False,False,False,False,False,False,False,False,False,False,False,False,False,False,False,False,False,False,False
4876,2021-09-25,2021-03-03,100.0,100.0,206.0,2021-03-03,,,,,206.0,,,,,False,False,False,False,False,False,False,False,False,False,False,False,False,False,False,False,False,False,False,False
4877,2021-02-27,2020-09-28,500.0,500.0,152.0,,,2020-09-28,,,,,152.0,,,False,False,False,False,False,False,False,False,False,False,False,True,False,False,False,False,False,False,False,False
4882,2021-03-04,2021-02-04,100.0,100.0,28.0,2021-02-04,,,2020-09-12,,28.0,,,173.0,,False,True,True,True,False,False,False,False,False,False,False,False,False,False,False,True,False,False,False,False
4884,2021-02-23,2020-12-04,100.0,100.0,81.0,2020-12-04,,,,,81.0,,,,,False,False,True,True,False,False,False,False,False,False,False,False,False,False,False,False,False,False,False,False
4884,2021-02-26,2021-02-23,5000.0,100.0,84.0,2020-12-04,,,,,84.0,,,,,False,False,True,True,False,False,False,False,False,False,False,False,False,False,False,False,False,False,False,False
4885,2021-01-23,2021-01-01,100.0,100.0,22.0,2021-01-01,,,2020-08-21,,22.0,,,155.0,,False,True,True,True,False,False,False,False,False,False,False,False,False,False,False,True,False,False,False,False
4893,2021-01-08,2020-12-26,100.0,100.0,13.0,2020-12-26,,2020-10-28,,,13.0,,72.0,,,False,True,True,True,False,False,False,False,False,False,True,True,False,False,False,False,False,False,False,False
4895,2021-01-09,2020-12-01,100.0,100.0,39.0,2020-12-01,,,,,39.0,,,,,False,False,True,True,False,False,False,False,False,False,False,False,False,False,False,False,False,False,False,False
4898,2021-01-08,2020-10-05,100.0,100.0,95.0,2020-10-05,,,,,95.0,,,,,False,False,False,True,False,False,False,False,False,False,False,False,False,False,False,False,False,False,False,False
4898,2021-02-05,2021-01-08,5000.0,100.0,123.0,2020-10-05,,,,,123.0,,,,,False,False,False,True,False,False,False,False,False,False,False,False,False,False,False,False,False,False,False,False
4900,2021-10-13,2021-04-13,1000.0,1000.0,183.0,2021-03-18,,2021-02-23,2021-04-13,,209.0,,232.0,183.0,,False,False,False,False,False,False,False,False,False,False,False,False,False,False,False,False,False,False,False,False
4903,2021-12-29,2021-10-07,100.0,100.0,83.0,2021-10-07,,2021-05-07,,,83.0,,236.0,,,False,False,True,True,False,False,False,False,False,False,False,False,False,False,False,False,False,False,False,False
4904,2021-09-30,2021-04-07,100.0,100.0,176.0,2021-04-07,,2020-11-23,,,176.0,,311.0,,,False,False,False,True,False,False,False,False,False,False,False,False,False,False,False,False,False,False,False,False
4907,2021-01-08,2020-09-18,100.0,100.0,112.0,2020-09-18,,,,,112.0,,,,,False,False,False,True,False,False,False,False,False,False,False,False,False,False,False,False,False,False,False,False
4909,2021-03-05,2021-01-18,100.0,100.0,46.0,2021-01-18,,2020-10-21,,,46.0,,135.0,,,False,False,True,True,False,False,False,False,False,False,False,True,False,False,False,False,False,False,False,False
4910,2021-12-01,2021-11-05,100.0,100.0,26.0,2021-11-05,,2021-03-13,2020-11-13,,26.0,,263.0,383.0,,False,True,True,True,False,False,False,False,False,False,False,False,False,False,False,False,False,False,False,False
4912,2021-10-29,2021-10-15,100.0,100.0,14.0,2021-10-15,,2020-10-07,,2020-07-25,14.0,,387.0,,461.0,False,True,True,True,False,False,False,False,False,False,False,False,False,False,False,False,False,False,False,False
4914,2021-01-19,2021-01-05,100.0,100.0,14.0,2021-01-05,,,2020-10-21,,14.0,,,90.0,,False,True,True,True,False,False,False,False,False,False,False,False,False,False,True,True,False,False,False,False
4914,2021-04-02,2021-02-17,100.0,100.0,44.0,2021-02-17,,,2020-10-21,2021-02-09,44.0,,,163.0,52.0,False,False,True,True,False,False,False,False,False,False,False,False,False,False,False,True,False,False,True,True
4919,2021-09-03,2021-09-01,100.0,100.0,2.0,2021-09-01,,2021-02-17,,,2.0,,198.0,,,True,True,True,True,False,False,False,False,False,False,False,False,False,False,False,False,False,False,False,False
4928,2021-08-27,2021-08-09,100.0,100.0,18.0,2021-08-09,,2021-04-08,,2021-04-20,18.0,,141.0,,129.0,False,True,True,True,False,False,False,False,False,False,False,True,False,False,False,False,False,False,False,True
4930,2021-01-09,2020-10-16,100.0,100.0,85.0,2020-10-16,,,,,85.0,,,,,False,False,True,True,False,False,False,False,False,False,False,False,False,False,False,False,False,False,False,False
4934,2021-09-29,2021-08-04,1000.0,1000.0,56.0,2021-05-07,,,2021-08-04,,145.0,,,56.0,,False,False,False,True,False,False,False,False,False,False,False,False,False,False,True,True,False,False,False,False
4937,2021-03-12,2021-02-26,100.0,100.0,14.0,2021-02-26,,2020-12-16,2021-02-04,,14.0,,86.0,36.0,,False,True,True,True,False,False,False,False,False,False,True,True,False,False,True,True,False,False,False,False
4938,2021-08-11,2021-04-24,500.0,500.0,109.0,,,2021-04-24,,,,,109.0,,,False,False,False,False,False,False,False,False,False,False,False,True,False,False,False,False,False,False,False,False
4939,2021-11-24,2021-03-17,100.0,100.0,252.0,2021-03-17,,2021-03-16,,,252.0,,253.0,,,False,False,False,False,False,False,False,False,False,False,False,False,False,False,False,False,False,False,False,False
4945,2021-12-03,2021-09-04,100.0,100.0,90.0,2021-09-04,,2021-04-21,2021-03-18,,90.0,,226.0,260.0,,False,False,True,True,False,False,False,False,False,False,False,False,False,False,False,False,False,False,False,False
4949,2021-09-03,2020-12-26,100.0,100.0,251.0,2020-12-26,,,,,251.0,,,,,False,False,False,False,False,False,False,False,False,False,False,False,False,False,False,False,False,False,False,False
4952,2021-10-15,2021-02-08,500.0,500.0,249.0,2020-09-04,,2021-02-08,,,406.0,,249.0,,,False,False,False,False,False,False,False,False,False,False,False,False,False,False,False,False,False,False,False,False
4952,2021-11-01,2021-10-15,5000.0,500.0,266.0,2020-09-04,,2021-02-08,,,423.0,,266.0,,,False,False,False,False,False,False,False,False,False,False,False,False,False,False,False,False,False,False,False,False
4953,2021-02-11,2021-02-09,100.0,100.0,2.0,2021-02-09,,2021-01-29,,,2.0,,13.0,,,True,True,True,True,False,False,False,False,False,True,True,True,False,False,False,False,False,False,False,False
4954,2021-09-15,2021-04-14,100.0,100.0,154.0,2021-04-14,,,2021-02-25,,154.0,,,202.0,,False,False,False,True,False,False,False,False,False,False,False,False,False,False,False,False,False,False,False,False
4955,2021-09-20,2021-04-17,1000.0,1000.0,156.0,,2020-12-22,,2021-04-17,,,272.0,,156.0,,False,False,False,False,False,False,False,False,False,False,False,False,False,False,False,True,False,False,False,False
4955,2021-10-08,2021-10-06,500.0,500.0,2.0,2021-09-21,2020-12-22,2021-10-06,2021-04-17,,17.0,290.0,2.0,174.0,,False,True,True,True,False,False,False,False,True,True,True,True,False,False,False,True,False,False,False,False
4964,2021-09-30,2021-09-07,100.0,100.0,23.0,2021-09-07,,2021-04-28,,,23.0,,155.0,,,False,True,True,True,False,False,False,False,False,False,False,True,False,False,False,False,False,False,False,False
4965,2021-01-02,2020-09-22,200.0,200.0,102.0,,2020-09-22,,,,,102.0,,,,False,False,False,False,False,False,False,True,False,False,False,False,False,False,False,False,False,False,False,False
4965,2021-09-06,2021-04-17,500.0,500.0,142.0,2021-01-16,2020-09-22,2021-04-17,,,233.0,349.0,142.0,,,False,False,False,False,False,False,False,False,False,False,False,True,False,False,False,False,False,False,False,False
4966,2021-02-26,2021-02-24,100.0,100.0,2.0,2021-02-24,,,,,2.0,,,,,True,True,True,True,False,False,False,False,False,False,False,False,False,False,False,False,False,False,False,False
4971,2021-05-05,2020-11-06,100.0,100.0,180.0,2020-11-06,,,,,180.0,,,,,False,False,False,True,False,False,False,False,False,False,False,False,False,False,False,False,False,False,False,False
4973,2021-09-15,2021-09-11,500.0,500.0,4.0,2021-02-24,,2021-09-11,,,203.0,,4.0,,,False,False,False,False,False,False,False,False,True,True,True,True,False,False,False,False,False,False,False,False
4974,2021-10-05,2021-09-20,1000.0,1000.0,15.0,2020-10-03,,2020-12-18,2021-09-20,,367.0,,291.0,15.0,,False,False,False,False,False,False,False,False,False,False,False,False,False,True,True,True,False,False,False,False
4975,2021-01-02,2020-12-23,100.0,100.0,10.0,2020-12-23,,2020-09-24,2020-11-04,,10.0,,100.0,59.0,,False,True,True,True,False,False,False,False,False,False,False,True,False,False,True,True,False,False,False,False
4976,2021-08-02,2021-01-30,500.0,500.0,184.0,,,2021-01-30,,,,,184.0,,,False,False,False,False,False,False,False,False,False,False,False,False,False,False,False,False,False,False,False,False
4978,2021-09-24,2021-01-23,500.0,500.0,244.0,2021-01-11,,2021-01-23,,,256.0,,244.0,,,False,False,False,False,False,False,False,False,False,False,False,False,False,False,False,False,False,False,False,False
4985,2021-03-27,2020-11-02,100.0,100.0,145.0,2020-11-02,,2020-10-26,,,145.0,,152.0,,,False,False,False,True,False,False,False,False,False,False,False,True,False,False,False,False,False,False,False,False
4989,2021-04-17,2021-04-16,1000.0,1000.0,1.0,2021-01-27,,,2021-04-16,,80.0,,,1.0,,False,False,True,True,False,False,False,False,False,False,False,False,True,True,True,True,False,False,False,False
4990,2021-10-06,2021-04-30,500.0,500.0,159.0,2020-09-24,,2021-04-30,2020-08-19,2021-02-02,377.0,,159.0,413.0,246.0,False,False,False,False,False,False,False,False,False,False,False,True,False,False,False,False,False,False,False,False
4991,2021-11-11,2021-11-10,100.0,100.0,1.0,2021-11-10,,2021-01-23,,,1.0,,292.0,,,True,True,True,True,False,False,False,False,False,False,False,False,False,False,False,False,False,False,False,False
4994,2021-10-11,2021-08-13,100.0,100.0,59.0,2021-08-13,,,,,59.0,,,,,False,False,True,True,False,False,False,False,False,False,False,False,False,False,False,False,False,False,False,False
4998,2021-08-25,2021-04-30,500.0,500.0,117.0,2021-02-06,,2021-04-30,,,200.0,,117.0,,,False,False,False,False,False,False,False,False,False,False,False,True,False,False,False,False,False,False,False,False
4998,2021-11-19,2021-11-02,100.0,100.0,17.0,2021-11-02,,2021-04-30,,,17.0,,203.0,,,False,True,True,True,False,False,False,False,False,False,False,False,False,False,False,False,False,False,False,False
5003,2021-11-09,2021-04-07,100.0,100.0,216.0,2021-04-07,,2021-04-02,,,216.0,,221.0,,,False,False,False,False,False,False,False,False,False,False,False,False,False,False,False,False,False,False,False,False
5006,2021-03-01,2021-02-23,500.0,500.0,6.0,,,2021-02-23,,,,,6.0,,,False,False,False,False,False,False,False,False,True,True,True,True,False,False,False,False,False,False,False,False
5010,2021-02-08,2020-12-23,500.0,500.0,47.0,2020-12-09,,2020-12-23,2020-10-21,,61.0,,47.0,110.0,,False,False,True,True,False,False,False,False,False,False,True,True,False,False,False,True,False,False,False,False
5014,2021-11-01,2021-10-27,100.0,100.0,5.0,2021-10-27,2021-09-21,2020-12-23,2020-10-30,,5.0,41.0,313.0,367.0,,True,True,True,True,False,False,True,True,False,False,False,False,False,False,False,False,False,False,False,False
5020,2021-12-08,2021-11-17,500.0,500.0,21.0,2021-09-16,,2021-11-17,,2020-12-30,83.0,,21.0,,343.0,False,False,True,True,False,False,False,False,False,True,True,True,False,False,False,False,False,False,False,False
5022,2021-09-22,2021-04-15,100.0,100.0,160.0,2021-04-15,,,,,160.0,,,,,False,False,False,True,False,False,False,False,False,False,False,False,False,False,False,False,False,False,False,False
5024,2021-05-05,2021-03-27,100.0,100.0,39.0,2021-03-27,,2021-01-16,,,39.0,,109.0,,,False,False,True,True,False,False,False,False,False,False,False,True,False,False,False,False,False,False,False,False
5034,2021-08-20,2021-03-29,100.0,100.0,144.0,2021-03-29,,,,,144.0,,,,,False,False,False,True,False,False,False,False,False,False,False,False,False,False,False,False,False,False,False,False
5036,2021-03-22,2020-12-25,100.0,100.0,87.0,2020-12-25,,2020-11-13,,,87.0,,129.0,,,False,False,True,True,False,False,False,False,False,False,False,True,False,False,False,False,False,False,False,False
5044,2021-02-09,2020-08-13,100.0,100.0,180.0,2020-08-13,,,,,180.0,,,,,False,False,False,True,False,False,False,False,False,False,False,False,False,False,False,False,False,False,False,False
5053,2021-02-22,2021-01-19,500.0,500.0,34.0,2021-01-16,,2021-01-19,,,37.0,,34.0,,,False,False,True,True,False,False,False,False,False,False,True,True,False,False,False,False,False,False,False,False
5053,2021-04-20,2021-02-22,5000.0,500.0,91.0,2021-01-16,,2021-01-19,,,94.0,,91.0,,,False,False,False,True,False,False,False,False,False,False,False,True,False,False,False,False,False,False,False,False
5054,2021-08-30,2021-08-18,500.0,500.0,12.0,2021-08-02,,2021-08-18,,,28.0,,12.0,,,False,True,True,True,False,False,False,False,False,True,True,True,False,False,False,False,False,False,False,False
5056,2021-04-15,2021-03-31,100.0,100.0,15.0,2021-03-31,,2021-02-11,,,15.0,,63.0,,,False,True,True,True,False,False,False,False,False,False,True,True,False,False,False,False,False,False,False,False
5058,2021-09-15,2021-07-23,500.0,500.0,54.0,2021-05-12,,2021-07-23,,2020-09-30,126.0,,54.0,,350.0,False,False,False,True,False,False,False,False,False,False,True,True,False,False,False,False,False,False,False,False
5062,2021-03-25,2021-03-13,100.0,100.0,12.0,2021-03-13,,2020-12-11,2021-01-11,,12.0,,104.0,73.0,,False,True,True,True,False,False,False,False,False,False,False,True,False,False,True,True,False,False,False,False
5062,2021-04-28,2021-03-25,5000.0,100.0,46.0,2021-03-13,,2020-12-11,2021-01-11,,46.0,,138.0,107.0,,False,False,True,True,False,False,False,False,False,False,False,True,False,False,False,True,False,False,False,False
5068,2021-03-24,2021-01-25,2000.0,2000.0,58.0,2020-10-30,,2020-08-17,,2021-01-25,145.0,,219.0,,58.0,False,False,False,True,False,False,False,False,False,False,False,False,False,False,False,False,False,False,True,True
5069,2021-10-08,2021-09-01,100.0,100.0,37.0,2021-09-01,,2021-04-24,,2021-03-08,37.0,,167.0,,214.0,False,False,True,True,False,False,False,False,False,False,False,True,False,False,False,False,False,False,False,False
5072,2021-09-16,2021-01-13,500.0,500.0,246.0,,,2021-01-13,,,,,246.0,,,False,False,False,False,False,False,False,False,False,False,False,False,False,False,False,False,False,False,False,False
5072,2021-12-20,2021-11-30,200.0,200.0,20.0,,2021-11-30,2021-01-13,,,,20.0,341.0,,,False,False,False,False,False,True,True,True,False,False,False,False,False,False,False,False,False,False,False,False
5076,2021-01-19,2021-01-02,100.0,100.0,17.0,2021-01-02,,,,,17.0,,,,,False,True,True,True,False,False,False,False,False,False,False,False,False,False,False,False,False,False,False,False
5076,2021-10-13,2021-09-10,500.0,500.0,33.0,2021-05-05,,2021-09-10,,,161.0,,33.0,,,False,False,False,True,False,False,False,False,False,False,True,True,False,False,False,False,False,False,False,False
5079,2021-02-17,2021-02-03,100.0,100.0,14.0,2021-02-03,,2021-01-06,,2021-01-27,14.0,,42.0,,21.0,False,True,True,True,False,False,False,False,False,False,True,True,False,False,False,False,False,True,True,True
5081,2021-01-04,2020-08-29,1000.0,1000.0,128.0,2020-07-25,,,2020-08-29,,163.0,,,128.0,,False,False,False,True,False,False,False,False,False,False,False,False,False,False,False,True,False,False,False,False
5081,2021-09-16,2021-08-09,100.0,100.0,38.0,2021-08-09,,2021-04-17,2020-08-29,,38.0,,152.0,383.0,,False,False,True,True,False,False,False,False,False,False,False,True,False,False,False,False,False,False,False,False
5085,2021-12-06,2021-11-15,2000.0,2000.0,21.0,2020-10-19,,2021-09-22,,2021-11-15,413.0,,75.0,,21.0,False,False,False,False,False,False,False,False,False,False,True,True,False,False,False,False,False,True,True,True
5087,2021-09-23,2021-09-18,500.0,500.0,5.0,2021-08-20,,2021-09-18,,,34.0,,5.0,,,False,False,True,True,False,False,False,False,True,True,True,True,False,False,False,False,False,False,False,False
5092,2021-09-01,2021-04-16,500.0,500.0,138.0,,,2021-04-16,,,,,138.0,,,False,False,False,False,False,False,False,False,False,False,False,True,False,False,False,False,False,False,False,False
5098,2021-10-13,2021-09-17,100.0,100.0,26.0,2021-09-17,,2021-09-13,,,26.0,,30.0,,,False,True,True,True,False,False,False,False,False,True,True,True,False,False,False,False,False,False,False,False
5107,2021-02-12,,,,,,,,,,,,,,,False,False,False,False,False,False,False,False,False,False,False,False,False,False,False,False,False,False,False,False
5108,2021-03-11,2021-03-02,100.0,100.0,9.0,2021-03-02,2021-02-23,,,,9.0,16.0,,,,False,True,True,True,False,True,True,True,False,False,False,False,False,False,False,False,False,False,False,False
5109,2021-08-11,2021-05-11,100.0,100.0,92.0,2021-05-11,,,,,92.0,,,,,False,False,False,True,False,False,False,False,False,False,False,False,False,False,False,False,False,False,False,False
5111,2021-09-11,2021-08-25,1000.0,1000.0,17.0,2021-05-06,2020-12-15,2021-04-26,2021-08-25,2021-05-12,128.0,270.0,138.0,17.0,122.0,False,False,False,True,False,False,False,False,False,False,False,True,False,True,True,True,False,False,False,True
5113,2021-11-30,2021-10-25,100.0,100.0,36.0,2021-10-25,,2021-04-05,,,36.0,,239.0,,,False,False,True,True,False,False,False,False,False,False,False,False,False,False,False,False,False,False,False,False
5115,2021-12-16,2021-01-18,100.0,100.0,332.0,2021-01-18,,,2020-10-28,,332.0,,,414.0,,False,False,False,False,False,False,False,False,False,False,False,False,False,False,False,False,False,False,False,False
5116,2021-10-27,2021-10-20,100.0,100.0,7.0,2021-10-20,,2021-02-11,,,7.0,,258.0,,,True,True,True,True,False,False,False,False,False,False,False,False,False,False,False,False,False,False,False,False
5121,2021-01-02,2020-12-15,100.0,100.0,18.0,2020-12-15,2020-09-22,2020-08-29,2020-09-24,,18.0,102.0,126.0,100.0,,False,True,True,True,False,False,False,True,False,False,False,True,False,False,False,True,False,False,False,False
5121,2021-02-23,2021-01-29,1000.0,1000.0,25.0,2020-12-15,2020-09-22,2020-08-29,2021-01-29,,70.0,154.0,178.0,25.0,,False,False,True,True,False,False,False,True,False,False,False,True,False,True,True,True,False,False,False,False
5130,2021-03-02,2021-03-01,100.0,100.0,1.0,2021-03-01,,2020-10-30,2020-09-04,,1.0,,123.0,179.0,,True,True,True,True,False,False,False,False,False,False,False,True,False,False,False,True,False,False,False,False
5134,2021-04-17,2021-03-25,500.0,500.0,23.0,2021-03-05,,2021-03-25,,,43.0,,23.0,,,False,False,True,True,False,False,False,False,False,True,True,True,False,False,False,False,False,False,False,False
5134,2021-09-20,2021-09-03,500.0,500.0,17.0,2021-07-30,,2021-09-03,,,52.0,,17.0,,,False,False,True,True,False,False,False,False,False,True,True,True,False,False,False,False,False,False,False,False
5134,2021-12-06,2021-11-12,1000.0,1000.0,24.0,2021-07-30,,2021-09-03,2021-11-12,,129.0,,94.0,24.0,,False,False,False,True,False,False,False,False,False,False,False,True,False,True,True,True,False,False,False,False
5135,2021-09-08,2021-04-08,100.0,100.0,153.0,2021-04-08,,,2021-03-17,,153.0,,,175.0,,False,False,False,True,False,False,False,False,False,False,False,False,False,False,False,True,False,False,False,False
5135,2021-09-20,2021-09-08,5000.0,100.0,165.0,2021-04-08,,,2021-03-17,,165.0,,,187.0,,False,False,False,True,False,False,False,False,False,False,False,False,False,False,False,False,False,False,False,False
5141,2021-11-30,2021-10-18,1000.0,1000.0,43.0,2021-02-13,2021-01-12,2021-02-22,2021-10-18,,290.0,322.0,281.0,43.0,,False,False,False,False,False,False,False,False,False,False,False,False,False,False,True,True,False,False,False,False
5145,2021-04-20,2021-04-05,100.0,100.0,15.0,2021-04-05,,,,2021-02-09,15.0,,,,70.0,False,True,True,True,False,False,False,False,False,False,False,False,False,False,False,False,False,False,True,True
5147,2021-12-14,2021-11-24,500.0,500.0,20.0,2021-08-20,,2021-11-24,2021-04-07,,116.0,,20.0,251.0,,False,False,False,True,False,False,False,False,False,True,True,True,False,False,False,False,False,False,False,False
5150,2021-09-25,2021-03-24,1000.0,1000.0,185.0,2020-08-01,,2021-01-18,2021-03-24,,420.0,,250.0,185.0,,False,False,False,False,False,False,False,False,False,False,False,False,False,False,False,False,False,False,False,False
5160,2021-11-26,2021-11-02,100.0,100.0,24.0,2021-11-02,,,2020-08-05,,24.0,,,478.0,,False,True,True,True,False,False,False,False,False,False,False,False,False,False,False,False,False,False,False,False
5164,2021-12-01,2021-11-17,500.0,500.0,14.0,2021-10-30,,2021-11-17,2020-12-14,,32.0,,14.0,352.0,,False,False,True,True,False,False,False,False,False,True,True,True,False,False,False,False,False,False,False,False
5165,2021-11-19,2021-08-30,500.0,500.0,81.0,,2020-09-22,2021-08-30,2020-08-19,,,423.0,81.0,457.0,,False,False,False,False,False,False,False,False,False,False,True,True,False,False,False,False,False,False,False,False
5166,2021-04-20,2021-04-03,100.0,100.0,17.0,2021-04-03,,2021-03-11,,,17.0,,40.0,,,False,True,True,True,False,False,False,False,False,False,True,True,False,False,False,False,False,False,False,False
5167,2021-04-03,2020-08-21,500.0,500.0,225.0,,,2020-08-21,,,,,225.0,,,False,False,False,False,False,False,False,False,False,False,False,False,False,False,False,False,False,False,False,False
5168,2021-10-23,2021-10-22,500.0,500.0,1.0,2021-05-07,,2021-10-22,,,169.0,,1.0,,,False,False,False,True,False,False,False,False,True,True,True,True,False,False,False,False,False,False,False,False
5171,2021-11-11,2021-09-28,500.0,500.0,44.0,2021-09-06,,2021-09-28,2020-12-22,,66.0,,44.0,324.0,,False,False,True,True,False,False,False,False,False,False,True,True,False,False,False,False,False,False,False,False
5175,2021-10-21,2021-10-05,200.0,200.0,16.0,,2021-10-05,,,,,16.0,,,,False,False,False,False,False,True,True,True,False,False,False,False,False,False,False,False,False,False,False,False
5175,2021-11-30,2021-11-10,1000.0,1000.0,20.0,,2021-10-05,,2021-11-10,,,56.0,,20.0,,False,False,False,False,False,False,True,True,False,False,False,False,False,True,True,True,False,False,False,False
5176,2021-08-27,2021-08-16,500.0,500.0,11.0,2021-08-02,,2021-08-16,2021-05-07,,25.0,,11.0,112.0,,False,True,True,True,False,False,False,False,False,True,True,True,False,False,False,True,False,False,False,False
5178,2021-09-11,2021-01-29,1000.0,1000.0,225.0,,,,2021-01-29,,,,,225.0,,False,False,False,False,False,False,False,False,False,False,False,False,False,False,False,False,False,False,False,False
5179,2021-10-26,2021-10-22,500.0,500.0,4.0,2021-08-02,,2021-10-22,2021-09-28,,85.0,,4.0,28.0,,False,False,True,True,False,False,False,False,True,True,True,True,False,True,True,True,False,False,False,False
5179,2021-11-10,2021-10-26,5000.0,500.0,19.0,2021-08-02,,2021-10-22,2021-09-28,,100.0,,19.0,43.0,,False,False,False,True,False,False,False,False,False,True,True,True,False,False,True,True,False,False,False,False
5180,2021-11-10,2021-10-19,100.0,100.0,22.0,2021-10-19,,2021-03-13,2020-12-09,,22.0,,242.0,336.0,,False,True,True,True,False,False,False,False,False,False,False,False,False,False,False,False,False,False,False,False
5181,2021-11-06,2021-10-19,200.0,200.0,18.0,2021-10-13,2021-10-19,2021-08-20,2021-09-17,2020-12-26,24.0,18.0,78.0,50.0,315.0,False,True,True,True,False,True,True,True,False,False,True,True,False,False,True,True,False,False,False,False
5183,2021-08-09,2021-03-27,2000.0,2000.0,135.0,2021-02-23,,,,2021-03-27,167.0,,,,135.0,False,False,False,True,False,False,False,False,False,False,False,False,False,False,False,False,False,False,False,True
5185,2021-09-06,2021-03-29,500.0,500.0,161.0,2021-03-16,,2021-03-29,,,174.0,,161.0,,,False,False,False,True,False,False,False,False,False,False,False,True,False,False,False,False,False,False,False,False
5188,2021-03-29,2020-10-28,500.0,500.0,152.0,,,2020-10-28,,,,,152.0,,,False,False,False,False,False,False,False,False,False,False,False,True,False,False,False,False,False,False,False,False
5198,2021-02-11,2021-02-08,100.0,100.0,3.0,2021-02-08,,2021-02-01,2020-10-09,,3.0,,10.0,125.0,,True,True,True,True,False,False,False,False,False,True,True,True,False,False,False,True,False,False,False,False
5200,2021-12-30,2021-12-21,500.0,500.0,9.0,2021-10-12,,2021-12-21,2021-12-06,,79.0,,9.0,24.0,,False,False,True,True,False,False,False,False,False,True,True,True,False,True,True,True,False,False,False,False
5202,2021-10-08,2021-04-03,100.0,100.0,188.0,2021-04-03,,2020-11-13,,,188.0,,329.0,,,False,False,False,False,False,False,False,False,False,False,False,False,False,False,False,False,False,False,False,False
5203,2021-10-11,2021-07-27,100.0,100.0,76.0,2021-07-27,2021-03-30,2020-10-09,,,76.0,195.0,367.0,,,False,False,True,True,False,False,False,False,False,False,False,False,False,False,False,False,False,False,False,False
5203,2021-12-13,2021-10-11,5000.0,100.0,139.0,2021-07-27,2021-03-30,2020-10-09,,,139.0,258.0,430.0,,,False,False,False,True,False,False,False,False,False,False,False,False,False,False,False,False,False,False,False,False
5204,2021-11-26,2021-09-03,100.0,100.0,84.0,2021-09-03,2021-04-27,,,,84.0,213.0,,,,False,False,True,True,False,False,False,False,False,False,False,False,False,False,False,False,False,False,False,False
5206,2021-08-11,2021-08-06,100.0,100.0,5.0,2021-08-06,,2021-07-23,2021-04-01,,5.0,,19.0,132.0,,True,True,True,True,False,False,False,False,False,True,True,True,False,False,False,True,False,False,False,False
5206,2021-12-01,2021-10-20,500.0,500.0,42.0,2021-08-30,,2021-10-20,2021-04-01,,93.0,,42.0,244.0,,False,False,False,True,False,False,False,False,False,False,True,True,False,False,False,False,False,False,False,False
5207,2021-03-19,2021-02-23,200.0,200.0,24.0,,2021-02-23,2021-02-19,,,,24.0,28.0,,,False,False,False,False,False,True,True,True,False,True,True,True,False,False,False,False,False,False,False,False
5210,2021-04-19,,,,,,,,,,,,,,,False,False,False,False,False,False,False,False,False,False,False,False,False,False,False,False,False,False,False,False
5212,2021-11-15,2020-12-30,5000.0,2000.0,383.0,2020-09-12,,,,2020-10-28,429.0,,,,383.0,False,False,False,False,False,False,False,False,False,False,False,False,False,False,False,False,False,False,False,False
5213,2021-02-02,2021-01-09,100.0,100.0,24.0,2021-01-09,,,,,24.0,,,,,False,True,True,True,False,False,False,False,False,False,False,False,False,False,False,False,False,False,False,False
5213,2021-11-26,2021-05-11,100.0,100.0,199.0,2021-05-11,,,,,199.0,,,,,False,False,False,False,False,False,False,False,False,False,False,False,False,False,False,False,False,False,False,False
5219,2021-03-04,,,,,,,,,,,,,,,False,False,False,False,False,False,False,False,False,False,False,False,False,False,False,False,False,False,False,False
5219,2021-12-10,2021-11-05,500.0,500.0,35.0,2021-10-08,,2021-11-05,,,63.0,,35.0,,,False,False,True,True,False,False,False,False,False,False,True,True,False,False,False,False,False,False,False,False
5220,2021-12-16,2021-12-14,500.0,500.0,2.0,2020-12-16,2021-03-09,2021-12-14,2021-03-05,,365.0,282.0,2.0,286.0,,False,False,False,False,False,False,False,False,True,True,True,True,False,False,False,False,False,False,False,False
5224,2021-01-02,,,,,,,,,,,,,,,False,False,False,False,False,False,False,False,False,False,False,False,False,False,False,False,False,False,False,False
5226,2021-04-28,2020-10-26,1000.0,1000.0,184.0,,,,2020-10-26,,,,,184.0,,False,False,False,False,False,False,False,False,False,False,False,False,False,False,False,False,False,False,False,False
5227,2021-09-16,2021-09-13,100.0,100.0,3.0,2021-09-13,,2020-12-05,,,3.0,,285.0,,,True,True,True,True,False,False,False,False,False,False,False,False,False,False,False,False,False,False,False,False
5238,2021-07-30,2021-02-10,500.0,500.0,170.0,2021-01-18,,2021-02-10,,,193.0,,170.0,,,False,False,False,False,False,False,False,False,False,False,False,True,False,False,False,False,False,False,False,False
5239,2021-02-27,2021-01-01,500.0,500.0,57.0,2020-12-02,,2021-01-01,,,87.0,,57.0,,,False,False,True,True,False,False,False,False,False,False,True,True,False,False,False,False,False,False,False,False
5239,2021-03-13,2021-02-27,5000.0,500.0,71.0,2020-12-02,,2021-01-01,,,101.0,,71.0,,,False,False,False,True,False,False,False,False,False,False,True,True,False,False,False,False,False,False,False,False
5240,2021-12-30,2021-12-28,500.0,500.0,2.0,2021-09-11,,2021-12-28,,,110.0,,2.0,,,False,False,False,True,False,False,False,False,True,True,True,True,False,False,False,False,False,False,False,False
5241,2021-10-18,2021-09-11,500.0,500.0,37.0,2021-03-12,,2021-09-11,,,220.0,,37.0,,,False,False,False,False,False,False,False,False,False,False,True,True,False,False,False,False,False,False,False,False
5241,2021-10-29,2021-10-18,5000.0,500.0,48.0,2021-03-12,,2021-09-11,,,231.0,,48.0,,,False,False,False,False,False,False,False,False,False,False,True,True,False,False,False,False,False,False,False,False
5241,2021-12-23,2021-11-23,200.0,200.0,30.0,2021-03-12,2021-11-23,2021-09-11,2021-11-19,,286.0,30.0,103.0,34.0,,False,False,False,False,False,True,True,True,False,False,False,True,False,False,True,True,False,False,False,False
5246,2021-10-13,2021-05-06,500.0,500.0,160.0,2021-04-13,,2021-05-06,,,183.0,,160.0,,,False,False,False,False,False,False,False,False,False,False,False,True,False,False,False,False,False,False,False,False
5247,2021-03-05,2021-01-09,500.0,500.0,55.0,2020-12-29,2020-08-11,2021-01-09,,,66.0,206.0,55.0,,,False,False,True,True,False,False,False,False,False,False,True,True,False,False,False,False,False,False,False,False
5250,2021-10-22,2021-03-18,100.0,100.0,218.0,2021-03-18,,,,,218.0,,,,,False,False,False,False,False,False,False,False,False,False,False,False,False,False,False,False,False,False,False,False
5251,2021-11-08,2021-09-20,100.0,100.0,49.0,2021-09-20,,2020-12-19,,2021-05-04,49.0,,324.0,,188.0,False,False,True,True,False,False,False,False,False,False,False,False,False,False,False,False,False,False,False,False
5253,2021-04-14,2020-12-08,100.0,100.0,127.0,2020-12-08,,,,,127.0,,,,,False,False,False,True,False,False,False,False,False,False,False,False,False,False,False,False,False,False,False,False
5254,2021-04-07,2020-11-25,500.0,500.0,133.0,,,2020-11-25,,,,,133.0,,,False,False,False,False,False,False,False,False,False,False,False,True,False,False,False,False,False,False,False,False
5258,2021-12-17,2021-11-30,100.0,100.0,17.0,2021-11-30,2020-08-11,2021-11-26,,,17.0,493.0,21.0,,,False,True,True,True,False,False,False,False,False,True,True,True,False,False,False,False,False,False,False,False
5262,2021-02-05,2021-01-11,500.0,500.0,25.0,2020-11-13,2020-12-22,2021-01-11,,,84.0,45.0,25.0,,,False,False,True,True,False,False,True,True,False,True,True,True,False,False,False,False,False,False,False,False
5262,2021-03-30,2021-03-11,100.0,100.0,19.0,2021-03-11,2020-12-22,2021-01-11,,,19.0,98.0,78.0,,,False,True,True,True,False,False,False,True,False,False,True,True,False,False,False,False,False,False,False,False
5262,2021-11-22,2021-10-16,500.0,500.0,37.0,2021-09-30,2020-12-22,2021-10-16,,,53.0,335.0,37.0,,,False,False,True,True,False,False,False,False,False,False,True,True,False,False,False,False,False,False,False,False
5264,2021-10-05,2021-09-22,100.0,100.0,13.0,2021-09-22,,2021-02-11,2021-04-28,,13.0,,236.0,160.0,,False,True,True,True,False,False,False,False,False,False,False,False,False,False,False,True,False,False,False,False
5267,2021-01-09,2020-11-20,100.0,100.0,50.0,2020-11-20,,,2020-11-16,,50.0,,,54.0,,False,False,True,True,False,False,False,False,False,False,False,False,False,False,True,True,False,False,False,False
5267,2021-12-17,2021-12-04,500.0,500.0,13.0,2021-11-24,,2021-12-04,2020-11-16,,23.0,,13.0,396.0,,False,True,True,True,False,False,False,False,False,True,True,True,False,False,False,False,False,False,False,False
5272,2021-03-15,2021-02-11,100.0,100.0,32.0,2021-02-11,,,2021-01-20,,32.0,,,54.0,,False,False,True,True,False,False,False,False,False,False,False,False,False,False,True,True,False,False,False,False
5273,2021-04-23,2021-04-19,1000.0,1000.0,4.0,2021-03-25,,,2021-04-19,2021-01-05,29.0,,,4.0,108.0,False,True,True,True,False,False,False,False,False,False,False,False,True,True,True,True,False,False,False,True
5273,2021-12-01,2021-09-14,100.0,100.0,78.0,2021-09-14,,2021-05-10,2021-04-19,2021-07-27,78.0,,205.0,226.0,127.0,False,False,True,True,False,False,False,False,False,False,False,False,False,False,False,False,False,False,False,True
5274,2021-08-16,2021-08-11,100.0,100.0,5.0,2021-08-11,,,,2020-10-19,5.0,,,,301.0,True,True,True,True,False,False,False,False,False,False,False,False,False,False,False,False,False,False,False,False
5276,2021-03-29,2020-11-30,100.0,100.0,119.0,2020-11-30,2020-08-25,2020-11-27,,,119.0,216.0,122.0,,,False,False,False,True,False,False,False,False,False,False,False,True,False,False,False,False,False,False,False,False
5295,2021-02-19,2021-01-23,500.0,500.0,27.0,,,2021-01-23,,,,,27.0,,,False,False,False,False,False,False,False,False,False,True,True,True,False,False,False,False,False,False,False,False
5301,2021-04-22,2021-04-09,100.0,100.0,13.0,2021-04-09,,,,,13.0,,,,,False,True,True,True,False,False,False,False,False,False,False,False,False,False,False,False,False,False,False,False
5301,2021-09-29,2021-04-22,5000.0,100.0,173.0,2021-04-09,,,,,173.0,,,,,False,False,False,True,False,False,False,False,False,False,False,False,False,False,False,False,False,False,False,False
5313,2021-10-04,2021-03-08,100.0,100.0,210.0,2021-03-08,,2021-02-19,2020-11-27,,210.0,,227.0,311.0,,False,False,False,False,False,False,False,False,False,False,False,False,False,False,False,False,False,False,False,False
5320,2021-04-02,2021-02-23,1000.0,1000.0,38.0,2020-12-04,,2020-10-26,2021-02-23,,119.0,,158.0,38.0,,False,False,False,True,False,False,False,False,False,False,False,True,False,False,True,True,False,False,False,False
5321,2021-01-25,2020-08-29,2000.0,2000.0,149.0,,,,,2020-08-29,,,,,149.0,False,False,False,False,False,False,False,False,False,False,False,False,False,False,False,False,False,False,False,True
5321,2021-07-30,2021-03-11,1000.0,1000.0,141.0,,,,2021-03-11,2020-08-29,,,,141.0,335.0,False,False,False,False,False,False,False,False,False,False,False,False,False,False,False,True,False,False,False,False
5325,2021-09-10,2021-08-18,500.0,500.0,23.0,2021-07-30,,2021-08-18,,,42.0,,23.0,,,False,False,True,True,False,False,False,False,False,True,True,True,False,False,False,False,False,False,False,False
5326,2021-11-24,2021-08-06,100.0,100.0,110.0,2021-08-06,,2021-04-24,2021-05-05,,110.0,,214.0,203.0,,False,False,False,True,False,False,False,False,False,False,False,False,False,False,False,False,False,False,False,False
5339,2021-03-03,2021-01-29,100.0,100.0,33.0,2021-01-29,,2021-01-16,,,33.0,,46.0,,,False,False,True,True,False,False,False,False,False,False,True,True,False,False,False,False,False,False,False,False
5341,2021-12-06,2021-11-10,100.0,100.0,26.0,2021-11-10,,2021-09-08,,,26.0,,89.0,,,False,True,True,True,False,False,False,False,False,False,True,True,False,False,False,False,False,False,False,False
5344,2021-01-19,2020-12-29,100.0,100.0,21.0,2020-12-29,,2020-11-25,,,21.0,,55.0,,,False,True,True,True,False,False,False,False,False,False,True,True,False,False,False,False,False,False,False,False
5346,2021-04-15,2021-03-19,1000.0,1000.0,27.0,2020-08-05,,2020-08-07,2021-03-19,,253.0,,251.0,27.0,,False,False,False,False,False,False,False,False,False,False,False,False,False,True,True,True,False,False,False,False
5349,2021-12-23,2021-10-15,100.0,100.0,69.0,2021-10-15,,2021-09-03,,2021-02-08,69.0,,111.0,,318.0,False,False,True,True,False,False,False,False,False,False,False,True,False,False,False,False,False,False,False,False
5350,2021-10-05,2021-09-29,500.0,500.0,6.0,2021-04-14,,2021-09-29,,,174.0,,6.0,,,False,False,False,True,False,False,False,False,True,True,True,True,False,False,False,False,False,False,False,False
5359,2021-01-12,2020-12-21,5000.0,500.0,158.0,,,2020-08-07,,,,,158.0,,,False,False,False,False,False,False,False,False,False,False,False,True,False,False,False,False,False,False,False,False
5361,2021-11-09,2021-10-04,500.0,500.0,36.0,2021-09-25,2020-09-08,2021-10-04,,2021-09-27,45.0,427.0,36.0,,43.0,False,False,True,True,False,False,False,False,False,False,True,True,False,False,False,False,False,False,True,True
5363,2021-12-09,2021-12-01,100.0,100.0,8.0,2021-12-01,,2021-11-23,,,8.0,,16.0,,,False,True,True,True,False,False,False,False,False,True,True,True,False,False,False,False,False,False,False,False
5363,2021-12-18,2021-12-09,5000.0,100.0,17.0,2021-12-01,,2021-11-23,,,17.0,,25.0,,,False,True,True,True,False,False,False,False,False,True,True,True,False,False,False,False,False,False,False,False
5366,2021-02-02,2020-12-23,100.0,100.0,41.0,2020-12-23,,2020-10-26,2020-09-26,,41.0,,99.0,129.0,,False,False,True,True,False,False,False,False,False,False,False,True,False,False,False,True,False,False,False,False
5367,2021-10-18,2021-08-09,500.0,500.0,70.0,2021-04-23,,2021-08-09,,,178.0,,70.0,,,False,False,False,True,False,False,False,False,False,False,True,True,False,False,False,False,False,False,False,False
5368,2021-11-19,2021-11-18,500.0,500.0,1.0,2021-11-12,,2021-11-18,,,7.0,,1.0,,,True,True,True,True,False,False,False,False,True,True,True,True,False,False,False,False,False,False,False,False
5373,2021-03-02,2020-10-03,100.0,100.0,150.0,2020-10-03,,,,,150.0,,,,,False,False,False,True,False,False,False,False,False,False,False,False,False,False,False,False,False,False,False,False
5374,2021-10-07,2021-08-02,100.0,100.0,66.0,2021-08-02,,,2020-12-11,,66.0,,,300.0,,False,False,True,True,False,False,False,False,False,False,False,False,False,False,False,False,False,False,False,False
5375,2021-10-13,2021-10-04,1000.0,1000.0,9.0,2021-04-05,2021-02-16,2021-09-29,2021-10-04,,191.0,239.0,14.0,9.0,,False,False,False,False,False,False,False,False,False,True,True,True,False,True,True,True,False,False,False,False
5379,2021-01-20,2020-12-09,500.0,500.0,42.0,2020-08-19,,2020-12-09,,,154.0,,42.0,,,False,False,False,True,False,False,False,False,False,False,True,True,False,False,False,False,False,False,False,False
5380,2021-12-16,2021-11-10,100.0,100.0,36.0,2021-11-10,,2021-02-27,2021-04-15,,36.0,,292.0,245.0,,False,False,True,True,False,False,False,False,False,False,False,False,False,False,False,False,False,False,False,False
5383,2021-10-27,2021-09-21,200.0,200.0,36.0,2021-03-30,2021-09-21,,2020-11-23,,211.0,36.0,,338.0,,False,False,False,False,False,False,True,True,False,False,False,False,False,False,False,False,False,False,False,False
5396,2021-11-19,2021-09-28,100.0,100.0,52.0,2021-09-28,,,,,52.0,,,,,False,False,True,True,False,False,False,False,False,False,False,False,False,False,False,False,False,False,False,False
5399,2021-01-02,2020-11-13,100.0,100.0,50.0,2020-11-13,,,,,50.0,,,,,False,False,True,True,False,False,False,False,False,False,False,False,False,False,False,False,False,False,False,False
5401,2021-04-02,2020-08-27,100.0,100.0,218.0,2020-08-27,,,,,218.0,,,,,False,False,False,False,False,False,False,False,False,False,False,False,False,False,False,False,False,False,False,False
5405,2021-04-22,2021-03-15,500.0,500.0,38.0,,,2021-03-15,2020-12-30,,,,38.0,113.0,,False,False,False,False,False,False,False,False,False,False,True,True,False,False,False,True,False,False,False,False
5410,2021-11-05,2021-10-28,500.0,500.0,8.0,2021-09-01,2021-10-26,2021-10-28,,2021-08-02,65.0,10.0,8.0,,95.0,False,False,True,True,False,True,True,True,False,True,True,True,False,False,False,False,False,False,False,True
5412,2021-01-04,2020-12-23,100.0,100.0,12.0,2020-12-23,,2020-11-18,2020-12-19,,12.0,,47.0,16.0,,False,True,True,True,False,False,False,False,False,False,True,True,False,True,True,True,False,False,False,False
5412,2021-01-20,2021-01-04,5000.0,100.0,28.0,2020-12-23,,2020-11-18,2020-12-19,,28.0,,63.0,32.0,,False,True,True,True,False,False,False,False,False,False,True,True,False,False,True,True,False,False,False,False
5412,2021-02-01,2021-01-20,5000.0,100.0,40.0,2020-12-23,,2020-11-18,2020-12-19,,40.0,,75.0,44.0,,False,False,True,True,False,False,False,False,False,False,True,True,False,False,True,True,False,False,False,False
5415,2021-12-03,2021-04-15,100.0,100.0,232.0,2021-04-15,,2020-07-18,2021-03-18,,232.0,,503.0,260.0,,False,False,False,False,False,False,False,False,False,False,False,False,False,False,False,False,False,False,False,False
5417,2021-02-22,2021-02-01,100.0,100.0,21.0,2021-02-01,,,2020-11-09,,21.0,,,105.0,,False,True,True,True,False,False,False,False,False,False,False,False,False,False,False,True,False,False,False,False
5421,2021-03-31,2021-01-12,500.0,500.0,78.0,2020-11-18,,2021-01-12,,,133.0,,78.0,,,False,False,False,True,False,False,False,False,False,False,True,True,False,False,False,False,False,False,False,False
5422,2021-12-13,2021-09-03,1000.0,1000.0,101.0,,,2021-07-23,2021-09-03,,,,143.0,101.0,,False,False,False,False,False,False,False,False,False,False,False,True,False,False,False,True,False,False,False,False
5429,2021-12-16,2021-11-09,500.0,500.0,37.0,2021-09-09,,2021-11-09,,,98.0,,37.0,,,False,False,False,True,False,False,False,False,False,False,True,True,False,False,False,False,False,False,False,False
5434,2021-04-01,2021-03-27,100.0,100.0,5.0,2021-03-27,,,,,5.0,,,,,True,True,True,True,False,False,False,False,False,False,False,False,False,False,False,False,False,False,False,False
5439,2021-01-06,2020-12-08,100.0,100.0,29.0,2020-12-08,,2020-09-28,,,29.0,,100.0,,,False,True,True,True,False,False,False,False,False,False,False,True,False,False,False,False,False,False,False,False
5439,2021-03-04,2021-02-13,100.0,100.0,19.0,2021-02-13,,2020-09-28,,,19.0,,157.0,,,False,True,True,True,False,False,False,False,False,False,False,True,False,False,False,False,False,False,False,False
5441,2021-10-30,2021-09-20,100.0,100.0,40.0,2021-09-20,,,,,40.0,,,,,False,False,True,True,False,False,False,False,False,False,False,False,False,False,False,False,False,False,False,False
5443,2021-11-16,2021-11-06,2000.0,2000.0,10.0,2021-09-04,,2021-03-22,,2021-11-06,73.0,,239.0,,10.0,False,False,True,True,False,False,False,False,False,False,False,False,False,False,False,False,False,True,True,True
5448,2021-01-25,2021-01-11,100.0,100.0,14.0,2021-01-11,,2020-08-21,,,14.0,,157.0,,,False,True,True,True,False,False,False,False,False,False,False,True,False,False,False,False,False,False,False,False
5449,2021-11-24,2021-09-07,100.0,100.0,78.0,2021-09-07,,2021-04-22,,,78.0,,216.0,,,False,False,True,True,False,False,False,False,False,False,False,False,False,False,False,False,False,False,False,False
5450,2021-04-29,2021-03-03,100.0,100.0,57.0,2021-03-03,,,,2021-02-23,57.0,,,,65.0,False,False,True,True,False,False,False,False,False,False,False,False,False,False,False,False,False,False,True,True
5457,2021-09-03,2021-04-30,500.0,500.0,126.0,,2021-02-02,2021-04-30,,,,213.0,126.0,,,False,False,False,False,False,False,False,False,False,False,False,True,False,False,False,False,False,False,False,False
5461,2021-07-27,2021-04-23,100.0,100.0,95.0,2021-04-23,2021-01-05,,,,95.0,203.0,,,,False,False,False,True,False,False,False,False,False,False,False,False,False,False,False,False,False,False,False,False
5462,2021-09-13,2021-04-03,100.0,100.0,163.0,2021-04-03,,2021-03-31,,,163.0,,166.0,,,False,False,False,True,False,False,False,False,False,False,False,True,False,False,False,False,False,False,False,False
5469,2021-03-13,2021-03-03,100.0,100.0,10.0,2021-03-03,,,2020-08-11,,10.0,,,214.0,,False,True,True,True,False,False,False,False,False,False,False,False,False,False,False,False,False,False,False,False
5469,2021-10-01,2021-04-20,1000.0,1000.0,164.0,2021-04-13,,,2021-04-20,,171.0,,,164.0,,False,False,False,True,False,False,False,False,False,False,False,False,False,False,False,True,False,False,False,False
5471,2021-02-18,,,,,,,,,,,,,,,False,False,False,False,False,False,False,False,False,False,False,False,False,False,False,False,False,False,False,False
5473,2021-05-06,2021-05-05,100.0,100.0,1.0,2021-05-05,,2021-04-13,2020-09-10,,1.0,,23.0,238.0,,True,True,True,True,False,False,False,False,False,True,True,True,False,False,False,False,False,False,False,False
5474,2021-12-13,2021-11-01,500.0,500.0,42.0,2021-10-27,,2021-11-01,2021-09-06,,47.0,,42.0,98.0,,False,False,True,True,False,False,False,False,False,False,True,True,False,False,False,True,False,False,False,False
5480,2021-10-22,2021-09-02,100.0,100.0,50.0,2021-09-02,,2021-08-16,,,50.0,,67.0,,,False,False,True,True,False,False,False,False,False,False,True,True,False,False,False,False,False,False,False,False
5484,2021-11-04,2021-05-11,100.0,100.0,177.0,2021-05-11,,2021-01-18,,,177.0,,290.0,,,False,False,False,True,False,False,False,False,False,False,False,False,False,False,False,False,False,False,False,False
5486,2021-10-26,2021-10-15,500.0,500.0,11.0,2020-12-26,,2021-10-15,2021-01-27,2020-12-14,304.0,,11.0,272.0,316.0,False,False,False,False,False,False,False,False,False,True,True,True,False,False,False,False,False,False,False,False
5487,2021-12-31,2021-10-12,100.0,100.0,80.0,2021-10-12,,2021-01-09,,,80.0,,356.0,,,False,False,True,True,False,False,False,False,False,False,False,False,False,False,False,False,False,False,False,False
5488,2021-08-27,2021-07-30,500.0,500.0,28.0,2021-04-28,,2021-07-30,,,121.0,,28.0,,,False,False,False,True,False,False,False,False,False,True,True,True,False,False,False,False,False,False,False,False
5489,2021-11-02,2021-02-18,500.0,500.0,257.0,,,2021-02-18,,,,,257.0,,,False,False,False,False,False,False,False,False,False,False,False,False,False,False,False,False,False,False,False,False
5489,2021-12-07,2021-12-03,100.0,100.0,4.0,2021-12-03,,2021-02-18,,,4.0,,292.0,,,True,True,True,True,False,False,False,False,False,False,False,False,False,False,False,False,False,False,False,False
5492,2021-10-25,2021-04-02,100.0,100.0,206.0,2021-04-02,,2020-12-04,,,206.0,,325.0,,,False,False,False,False,False,False,False,False,False,False,False,False,False,False,False,False,False,False,False,False
5493,2021-01-16,,,,,,,,,,,,,,,False,False,False,False,False,False,False,False,False,False,False,False,False,False,False,False,False,False,False,False
5506,2021-12-10,2021-11-20,1000.0,1000.0,20.0,2021-04-16,,2021-08-18,2021-11-20,,238.0,,114.0,20.0,,False,False,False,False,False,False,False,False,False,False,False,True,False,True,True,True,False,False,False,False
5507,2021-03-25,2020-09-10,100.0,100.0,196.0,2020-09-10,,,,,196.0,,,,,False,False,False,False,False,False,False,False,False,False,False,False,False,False,False,False,False,False,False,False
5510,2021-02-15,2020-11-09,100.0,100.0,98.0,2020-11-09,,,,2020-08-29,98.0,,,,170.0,False,False,False,True,False,False,False,False,False,False,False,False,False,False,False,False,False,False,False,True
5517,2021-10-29,2021-09-06,100.0,100.0,53.0,2021-09-06,,,,,53.0,,,,,False,False,True,True,False,False,False,False,False,False,False,False,False,False,False,False,False,False,False,False
5518,2021-04-17,2021-04-14,100.0,100.0,3.0,2021-04-14,2021-03-02,2020-12-05,,,3.0,46.0,133.0,,,True,True,True,True,False,False,True,True,False,False,False,True,False,False,False,False,False,False,False,False
5519,2021-09-28,2021-09-20,500.0,500.0,8.0,2021-09-06,,2021-09-20,2020-11-18,,22.0,,8.0,314.0,,False,True,True,True,False,False,False,False,False,True,True,True,False,False,False,False,False,False,False,False
5525,2021-08-02,2021-04-17,100.0,100.0,107.0,2021-04-17,,2021-02-15,2021-02-13,,107.0,,168.0,170.0,,False,False,False,True,False,False,False,False,False,False,False,True,False,False,False,True,False,False,False,False
5525,2021-10-07,2021-09-30,500.0,500.0,7.0,2021-04-17,,2021-09-30,2021-02-13,,173.0,,7.0,236.0,,False,False,False,True,False,False,False,False,True,True,True,True,False,False,False,False,False,False,False,False
5527,2021-02-01,2020-12-23,1000.0,1000.0,40.0,2020-10-16,,2020-10-26,2020-12-23,,108.0,,98.0,40.0,,False,False,False,True,False,False,False,False,False,False,False,True,False,False,True,True,False,False,False,False
5527,2021-10-09,2021-04-24,500.0,500.0,168.0,2021-02-09,,2021-04-24,2020-12-23,,242.0,,168.0,290.0,,False,False,False,False,False,False,False,False,False,False,False,True,False,False,False,False,False,False,False,False
5528,2021-01-19,2021-01-11,100.0,100.0,8.0,2021-01-11,,2020-12-15,,,8.0,,35.0,,,False,True,True,True,False,False,False,False,False,False,True,True,False,False,False,False,False,False,False,False
5529,2021-08-11,2021-02-24,100.0,100.0,168.0,2021-02-24,,2020-10-12,,,168.0,,303.0,,,False,False,False,True,False,False,False,False,False,False,False,False,False,False,False,False,False,False,False,False
5533,2021-09-10,2021-03-25,1000.0,1000.0,169.0,2021-03-12,,,2021-03-25,,182.0,,,169.0,,False,False,False,False,False,False,False,False,False,False,False,False,False,False,False,True,False,False,False,False
5534,2021-09-29,2021-08-13,100.0,100.0,47.0,2021-08-13,,2021-03-31,2021-05-04,,47.0,,182.0,148.0,,False,False,True,True,False,False,False,False,False,False,False,False,False,False,False,True,False,False,False,False
5537,2021-11-26,2021-11-11,100.0,100.0,15.0,2021-11-11,,2021-03-25,2021-11-10,,15.0,,246.0,16.0,,False,True,True,True,False,False,False,False,False,False,False,False,False,True,True,True,False,False,False,False
5539,2021-11-12,2021-09-24,500.0,500.0,49.0,,,2021-09-24,2020-11-11,,,,49.0,366.0,,False,False,False,False,False,False,False,False,False,False,True,True,False,False,False,False,False,False,False,False
5541,2021-03-10,2021-02-26,100.0,100.0,12.0,2021-02-26,,2020-09-24,,,12.0,,167.0,,,False,True,True,True,False,False,False,False,False,False,False,True,False,False,False,False,False,False,False,False
5541,2021-12-07,2021-10-21,100.0,100.0,47.0,2021-10-21,,2020-09-24,,,47.0,,439.0,,,False,False,True,True,False,False,False,False,False,False,False,False,False,False,False,False,False,False,False,False
5544,2021-09-04,2021-04-22,1000.0,1000.0,135.0,2021-03-09,2020-08-11,,2021-04-22,,179.0,389.0,,135.0,,False,False,False,True,False,False,False,False,False,False,False,False,False,False,False,True,False,False,False,False
5545,2021-11-22,2021-09-18,100.0,100.0,65.0,2021-09-18,2021-09-14,2021-04-03,,,65.0,69.0,233.0,,,False,False,True,True,False,False,True,True,False,False,False,False,False,False,False,False,False,False,False,False
5551,2021-10-28,2021-09-16,1000.0,1000.0,42.0,2021-02-19,2020-09-22,2021-09-09,2021-09-16,2020-10-21,251.0,401.0,49.0,42.0,372.0,False,False,False,False,False,False,False,False,False,False,True,True,False,False,True,True,False,False,False,False
5553,2021-04-14,2021-03-17,500.0,500.0,28.0,2021-03-03,,2021-03-17,,,42.0,,28.0,,,False,False,True,True,False,False,False,False,False,True,True,True,False,False,False,False,False,False,False,False
5555,2021-10-18,2021-04-17,100.0,100.0,184.0,2021-04-17,,2021-02-23,,,184.0,,237.0,,,False,False,False,False,False,False,False,False,False,False,False,False,False,False,False,False,False,False,False,False
5559,2021-11-23,2021-10-29,100.0,100.0,25.0,2021-10-29,2021-01-19,2021-08-25,,,25.0,308.0,90.0,,,False,True,True,True,False,False,False,False,False,False,True,True,False,False,False,False,False,False,False,False
5560,2021-03-22,2020-12-05,100.0,100.0,107.0,2020-12-05,,,,,107.0,,,,,False,False,False,True,False,False,False,False,False,False,False,False,False,False,False,False,False,False,False,False
5560,2021-12-28,2021-12-21,200.0,200.0,7.0,2020-12-05,2021-12-21,2021-12-18,,,388.0,7.0,10.0,,,False,False,False,False,True,True,True,True,False,True,True,True,False,False,False,False,False,False,False,False
5562,2021-01-05,2020-10-28,100.0,100.0,69.0,2020-10-28,,,,,69.0,,,,,False,False,True,True,False,False,False,False,False,False,False,False,False,False,False,False,False,False,False,False
5564,2021-03-01,2020-11-23,100.0,100.0,98.0,2020-11-23,,,,,98.0,,,,,False,False,False,True,False,False,False,False,False,False,False,False,False,False,False,False,False,False,False,False
5567,2021-03-09,2021-03-02,100.0,100.0,7.0,2021-03-02,,,,,7.0,,,,,True,True,True,True,False,False,False,False,False,False,False,False,False,False,False,False,False,False,False,False
5570,2021-11-15,,,,,,,,,,,,,,,False,False,False,False,False,False,False,False,False,False,False,False,False,False,False,False,False,False,False,False
5575,2021-11-16,2021-11-12,100.0,100.0,4.0,2021-11-12,,2021-10-27,,,4.0,,20.0,,,True,True,True,True,False,False,False,False,False,True,True,True,False,False,False,False,False,False,False,False
5581,2021-10-06,2021-02-25,500.0,500.0,223.0,,,2021-02-25,,,,,223.0,,,False,False,False,False,False,False,False,False,False,False,False,False,False,False,False,False,False,False,False,False
5584,2021-09-01,2021-01-19,200.0,200.0,225.0,2020-12-29,2021-01-19,2020-11-09,,,246.0,225.0,296.0,,,False,False,False,False,False,False,False,False,False,False,False,False,False,False,False,False,False,False,False,False
5586,2021-01-01,2020-11-09,2000.0,2000.0,53.0,,,,,2020-11-09,,,,,53.0,False,False,False,False,False,False,False,False,False,False,False,False,False,False,False,False,False,False,True,True
5587,2021-01-18,2020-12-02,500.0,500.0,47.0,2020-11-04,,2020-12-02,,,75.0,,47.0,,,False,False,True,True,False,False,False,False,False,False,True,True,False,False,False,False,False,False,False,False
5587,2021-12-01,2021-03-24,500.0,500.0,252.0,2020-11-04,,2021-03-24,,2021-02-23,392.0,,252.0,,281.0,False,False,False,False,False,False,False,False,False,False,False,False,False,False,False,False,False,False,False,False
5600,2021-04-28,2021-02-15,500.0,500.0,72.0,,2020-08-11,2021-02-15,,,,260.0,72.0,,,False,False,False,False,False,False,False,False,False,False,True,True,False,False,False,False,False,False,False,False
5602,2021-02-18,2020-12-23,100.0,100.0,57.0,2020-12-23,,2020-11-06,2020-12-16,,57.0,,104.0,64.0,,False,False,True,True,False,False,False,False,False,False,False,True,False,False,True,True,False,False,False,False
5602,2021-04-19,2021-03-19,100.0,100.0,31.0,2021-03-19,,2020-11-06,2020-12-16,,31.0,,164.0,124.0,,False,False,True,True,False,False,False,False,False,False,False,True,False,False,False,True,False,False,False,False
5603,2021-02-27,2021-01-05,500.0,500.0,53.0,2020-12-09,,2021-01-05,,,80.0,,53.0,,,False,False,True,True,False,False,False,False,False,False,True,True,False,False,False,False,False,False,False,False
5604,2021-09-04,2021-03-31,500.0,500.0,157.0,2021-01-25,,2021-03-31,,,222.0,,157.0,,,False,False,False,False,False,False,False,False,False,False,False,True,False,False,False,False,False,False,False,False
5606,2021-04-05,2021-04-02,100.0,100.0,3.0,2021-04-02,,2021-02-20,2020-10-07,2020-10-05,3.0,,44.0,180.0,182.0,True,True,True,True,False,False,False,False,False,False,True,True,False,False,False,True,False,False,False,False
5607,2021-04-19,2021-01-09,100.0,100.0,100.0,2021-01-09,,,,,100.0,,,,,False,False,False,True,False,False,False,False,False,False,False,False,False,False,False,False,False,False,False,False
5608,2021-03-27,2020-10-14,100.0,100.0,164.0,2020-10-14,,,2020-09-30,,164.0,,,178.0,,False,False,False,True,False,False,False,False,False,False,False,False,False,False,False,True,False,False,False,False
5608,2021-12-20,2021-08-25,100.0,100.0,117.0,2021-08-25,,,2020-09-30,,117.0,,,446.0,,False,False,False,True,False,False,False,False,False,False,False,False,False,False,False,False,False,False,False,False
5609,2021-03-29,2021-01-27,500.0,500.0,61.0,2021-01-06,,2021-01-27,,,82.0,,61.0,,,False,False,True,True,False,False,False,False,False,False,True,True,False,False,False,False,False,False,False,False
5613,2021-03-11,2020-11-13,500.0,500.0,118.0,2020-08-25,,2020-11-13,,,198.0,,118.0,,,False,False,False,False,False,False,False,False,False,False,False,True,False,False,False,False,False,False,False,False
5616,2021-01-30,2020-11-25,1000.0,1000.0,66.0,,,,2020-11-25,2020-07-11,,,,66.0,203.0,False,False,False,False,False,False,False,False,False,False,False,False,False,False,True,True,False,False,False,False
5618,2021-03-13,2021-03-01,500.0,500.0,12.0,2020-12-21,,2021-03-01,2020-08-25,,82.0,,12.0,200.0,,False,False,True,True,False,False,False,False,False,True,True,True,False,False,False,False,False,False,False,False
5619,2021-02-03,2020-10-26,500.0,500.0,100.0,2020-10-07,,2020-10-26,,,119.0,,100.0,,,False,False,False,True,False,False,False,False,False,False,False,True,False,False,False,False,False,False,False,False
5623,2021-01-06,2020-09-28,500.0,500.0,100.0,,,2020-09-28,,,,,100.0,,,False,False,False,False,False,False,False,False,False,False,False,True,False,False,False,False,False,False,False,False
5624,2021-01-11,,,,,,,,,,,,,,,False,False,False,False,False,False,False,False,False,False,False,False,False,False,False,False,False,False,False,False
5629,2021-01-29,2020-11-30,2000.0,2000.0,60.0,,,2020-10-14,,2020-11-30,,,107.0,,60.0,False,False,False,False,False,False,False,False,False,False,False,True,False,False,False,False,False,False,True,True
5630,2021-08-04,2021-04-17,100.0,100.0,109.0,2021-04-17,,2020-11-20,,,109.0,,257.0,,,False,False,False,True,False,False,False,False,False,False,False,False,False,False,False,False,False,False,False,False
5630,2021-12-31,2021-11-26,1000.0,1000.0,35.0,2021-10-23,,2021-11-22,2021-11-26,,69.0,,39.0,35.0,,False,False,True,True,False,False,False,False,False,False,True,True,False,False,True,True,False,False,False,False
5635,2021-04-07,2021-01-20,100.0,100.0,77.0,2021-01-20,,2020-12-26,,,77.0,,102.0,,,False,False,True,True,False,False,False,False,False,False,False,True,False,False,False,False,False,False,False,False
5637,2021-09-02,2021-07-27,200.0,200.0,37.0,2021-02-13,2021-07-27,,,,201.0,37.0,,,,False,False,False,False,False,False,True,True,False,False,False,False,False,False,False,False,False,False,False,False
5648,2021-01-16,2020-10-14,1000.0,1000.0,94.0,,,,2020-10-14,,,,,94.0,,False,False,False,False,False,False,False,False,False,False,False,False,False,False,False,True,False,False,False,False
5649,2021-02-09,2020-08-27,500.0,500.0,166.0,,,2020-08-27,,,,,166.0,,,False,False,False,False,False,False,False,False,False,False,False,True,False,False,False,False,False,False,False,False
5652,2021-02-06,2020-12-18,500.0,500.0,50.0,,,2020-12-18,,,,,50.0,,,False,False,False,False,False,False,False,False,False,False,True,True,False,False,False,False,False,False,False,False
5654,2021-08-20,2021-03-25,100.0,100.0,148.0,2021-03-25,,2020-10-19,,,148.0,,305.0,,,False,False,False,True,False,False,False,False,False,False,False,False,False,False,False,False,False,False,False,False
5655,2021-12-03,2021-11-04,100.0,100.0,29.0,2021-11-04,,2021-02-05,,,29.0,,301.0,,,False,True,True,True,False,False,False,False,False,False,False,False,False,False,False,False,False,False,False,False
5656,2021-09-21,2021-09-15,100.0,100.0,6.0,2021-09-15,,2021-01-30,2021-01-18,,6.0,,234.0,246.0,,True,True,True,True,False,False,False,False,False,False,False,False,False,False,False,False,False,False,False,False
5659,2021-03-24,2021-02-19,100.0,100.0,33.0,2021-02-19,,2021-01-30,2021-02-17,,33.0,,53.0,35.0,,False,False,True,True,False,False,False,False,False,False,True,True,False,False,True,True,False,False,False,False
5659,2021-10-11,2021-08-27,500.0,500.0,45.0,2021-02-19,,2021-08-27,2021-05-06,,234.0,,45.0,158.0,,False,False,False,False,False,False,False,False,False,False,True,True,False,False,False,True,False,False,False,False
5662,2021-08-11,2021-04-19,100.0,100.0,114.0,2021-04-19,,2020-09-18,2020-12-04,,114.0,,327.0,250.0,,False,False,False,True,False,False,False,False,False,False,False,False,False,False,False,False,False,False,False,False
5663,2021-02-18,2021-01-23,500.0,500.0,26.0,,,2021-01-23,,,,,26.0,,,False,False,False,False,False,False,False,False,False,True,True,True,False,False,False,False,False,False,False,False
5666,2021-09-21,2021-09-11,100.0,100.0,10.0,2021-09-11,2021-01-12,2021-01-27,,,10.0,252.0,237.0,,,False,True,True,True,False,False,False,False,False,False,False,False,False,False,False,False,False,False,False,False
5668,2021-03-05,2021-03-01,100.0,100.0,4.0,2021-03-01,,,,,4.0,,,,,True,True,True,True,False,False,False,False,False,False,False,False,False,False,False,False,False,False,False,False
5670,2021-10-15,2021-09-06,500.0,500.0,39.0,2021-03-20,,2021-09-06,,,209.0,,39.0,,,False,False,False,False,False,False,False,False,False,False,True,True,False,False,False,False,False,False,False,False
5675,2021-01-09,,,,,,,,,,,,,,,False,False,False,False,False,False,False,False,False,False,False,False,False,False,False,False,False,False,False,False
5676,2021-11-01,2021-09-17,500.0,500.0,45.0,2020-12-16,,2021-09-17,,,320.0,,45.0,,,False,False,False,False,False,False,False,False,False,False,True,True,False,False,False,False,False,False,False,False
5679,2021-12-20,2021-12-13,500.0,500.0,7.0,2021-11-19,2021-03-23,2021-12-13,2020-09-18,,31.0,272.0,7.0,458.0,,False,False,True,True,False,False,False,False,True,True,True,True,False,False,False,False,False,False,False,False
5685,2021-10-23,2021-08-11,500.0,500.0,73.0,,,2021-08-11,,2021-01-18,,,73.0,,278.0,False,False,False,False,False,False,False,False,False,False,True,True,False,False,False,False,False,False,False,False
5689,2021-05-10,2021-02-20,100.0,100.0,79.0,2021-02-20,,,2021-01-02,,79.0,,,128.0,,False,False,True,True,False,False,False,False,False,False,False,False,False,False,False,True,False,False,False,False
5690,2021-01-05,2020-10-23,500.0,500.0,74.0,,,2020-10-23,2020-10-09,,,,74.0,88.0,,False,False,False,False,False,False,False,False,False,False,True,True,False,False,True,True,False,False,False,False
5691,2021-09-06,2021-04-29,500.0,500.0,130.0,2021-03-25,,2021-04-29,,,165.0,,130.0,,,False,False,False,True,False,False,False,False,False,False,False,True,False,False,False,False,False,False,False,False
5694,2021-03-24,2021-02-04,1000.0,1000.0,48.0,,,2020-12-25,2021-02-04,2020-07-25,,,89.0,48.0,242.0,False,False,False,False,False,False,False,False,False,False,True,True,False,False,True,True,False,False,False,False
5694,2021-10-12,2021-10-09,500.0,500.0,3.0,2021-09-07,,2021-10-09,2021-02-04,2020-07-25,35.0,,3.0,250.0,444.0,False,False,True,True,False,False,False,False,True,True,True,True,False,False,False,False,False,False,False,False
5697,2021-12-21,2021-11-27,500.0,500.0,24.0,2021-09-18,2021-09-14,2021-11-27,2021-10-21,,94.0,98.0,24.0,61.0,,False,False,False,True,False,False,False,True,False,True,True,True,False,False,True,True,False,False,False,False
5700,2021-10-09,2021-03-11,500.0,500.0,212.0,,,2021-03-11,,,,,212.0,,,False,False,False,False,False,False,False,False,False,False,False,False,False,False,False,False,False,False,False,False
5700,2021-10-28,2021-10-09,5000.0,500.0,231.0,,,2021-03-11,,,,,231.0,,,False,False,False,False,False,False,False,False,False,False,False,False,False,False,False,False,False,False,False,False
5706,2021-10-25,2021-09-24,1000.0,1000.0,31.0,2021-05-04,,2020-12-04,2021-09-24,,174.0,,325.0,31.0,,False,False,False,True,False,False,False,False,False,False,False,False,False,False,True,True,False,False,False,False
5707,2021-02-02,2020-12-23,500.0,500.0,41.0,,,2020-12-23,,,,,41.0,,,False,False,False,False,False,False,False,False,False,False,True,True,False,False,False,False,False,False,False,False
5710,2021-01-02,2020-11-18,100.0,100.0,45.0,2020-11-18,,,,,45.0,,,,,False,False,True,True,False,False,False,False,False,False,False,False,False,False,False,False,False,False,False,False
5711,2021-01-06,2020-12-05,100.0,100.0,32.0,2020-12-05,,,,,32.0,,,,,False,False,True,True,False,False,False,False,False,False,False,False,False,False,False,False,False,False,False,False
5711,2021-09-01,2021-03-06,100.0,100.0,179.0,2021-03-06,2021-01-19,,,,179.0,225.0,,,,False,False,False,True,False,False,False,False,False,False,False,False,False,False,False,False,False,False,False,False
5712,2021-03-19,2021-01-01,500.0,500.0,77.0,2020-12-05,,2021-01-01,,,104.0,,77.0,,,False,False,False,True,False,False,False,False,False,False,True,True,False,False,False,False,False,False,False,False
5715,2021-02-12,2021-01-19,200.0,200.0,24.0,,2021-01-19,2020-07-18,,,,24.0,209.0,,,False,False,False,False,False,True,True,True,False,False,False,False,False,False,False,False,False,False,False,False
5715,2021-02-13,2021-02-12,5000.0,200.0,25.0,,2021-01-19,2020-07-18,,,,25.0,210.0,,,False,False,False,False,False,True,True,True,False,False,False,False,False,False,False,False,False,False,False,False
5720,2021-12-18,2021-10-01,100.0,100.0,78.0,2021-10-01,,2021-09-08,,2020-08-29,78.0,,101.0,,476.0,False,False,True,True,False,False,False,False,False,False,False,True,False,False,False,False,False,False,False,False
5726,2021-07-23,2021-03-27,500.0,500.0,118.0,2021-03-22,,2021-03-27,,,123.0,,118.0,,,False,False,False,True,False,False,False,False,False,False,False,True,False,False,False,False,False,False,False,False
5727,2021-10-06,2021-04-24,100.0,100.0,165.0,2021-04-24,,2020-08-25,2021-02-18,,165.0,,407.0,230.0,,False,False,False,True,False,False,False,False,False,False,False,False,False,False,False,False,False,False,False,False
5729,2021-08-13,2021-04-20,100.0,100.0,115.0,2021-04-20,,2021-03-27,,,115.0,,139.0,,,False,False,False,True,False,False,False,False,False,False,False,True,False,False,False,False,False,False,False,False
5729,2021-11-25,2021-10-11,1000.0,1000.0,45.0,2021-04-20,,2021-03-27,2021-10-11,,219.0,,243.0,45.0,,False,False,False,False,False,False,False,False,False,False,False,False,False,False,True,True,False,False,False,False
5731,2021-11-17,2021-11-12,100.0,100.0,5.0,2021-11-12,2021-01-19,2021-02-08,,2021-08-04,5.0,302.0,282.0,,105.0,True,True,True,True,False,False,False,False,False,False,False,False,False,False,False,False,False,False,False,True
5734,2021-09-16,2021-03-30,100.0,100.0,170.0,2021-03-30,,,2021-02-19,2020-12-19,170.0,,,209.0,271.0,False,False,False,True,False,False,False,False,False,False,False,False,False,False,False,False,False,False,False,False
5735,2021-10-30,2021-08-27,100.0,100.0,64.0,2021-08-27,,2021-04-16,2021-01-30,,64.0,,197.0,273.0,,False,False,True,True,False,False,False,False,False,False,False,False,False,False,False,False,False,False,False,False
5735,2021-11-18,2021-10-30,5000.0,100.0,83.0,2021-08-27,,2021-04-16,2021-01-30,,83.0,,216.0,292.0,,False,False,True,True,False,False,False,False,False,False,False,False,False,False,False,False,False,False,False,False
5736,2021-09-08,2021-04-17,1000.0,1000.0,144.0,2021-01-23,,,2021-04-17,,228.0,,,144.0,,False,False,False,False,False,False,False,False,False,False,False,False,False,False,False,True,False,False,False,False
5742,2021-12-23,2021-10-30,500.0,500.0,54.0,2021-10-09,,2021-10-30,2020-10-23,,75.0,,54.0,426.0,,False,False,True,True,False,False,False,False,False,False,True,True,False,False,False,False,False,False,False,False
5750,2021-08-02,2020-12-15,500.0,500.0,230.0,,,2020-12-15,,,,,230.0,,,False,False,False,False,False,False,False,False,False,False,False,False,False,False,False,False,False,False,False,False
5751,2021-02-09,2021-02-04,500.0,500.0,5.0,2020-09-24,,2021-02-04,2020-09-10,,138.0,,5.0,152.0,,False,False,False,True,False,False,False,False,True,True,True,True,False,False,False,True,False,False,False,False
5752,2021-10-15,2021-08-11,500.0,500.0,65.0,2020-10-21,,2021-08-11,2021-01-15,,359.0,,65.0,273.0,,False,False,False,False,False,False,False,False,False,False,True,True,False,False,False,False,False,False,False,False
5755,2021-09-25,2021-08-30,100.0,100.0,26.0,2021-08-30,,2021-07-30,,,26.0,,57.0,,,False,True,True,True,False,False,False,False,False,False,True,True,False,False,False,False,False,False,False,False
5758,2021-05-07,2021-04-19,100.0,100.0,18.0,2021-04-19,,2020-10-26,2020-12-04,,18.0,,193.0,154.0,,False,True,True,True,False,False,False,False,False,False,False,False,False,False,False,True,False,False,False,False
5758,2021-08-20,2021-05-07,5000.0,100.0,123.0,2021-04-19,,2020-10-26,2020-12-04,,123.0,,298.0,259.0,,False,False,False,True,False,False,False,False,False,False,False,False,False,False,False,False,False,False,False,False
5762,2021-05-12,2021-04-10,100.0,100.0,32.0,2021-04-10,,2021-02-10,,,32.0,,91.0,,,False,False,True,True,False,False,False,False,False,False,False,True,False,False,False,False,False,False,False,False
5767,2021-03-22,2021-03-03,100.0,100.0,19.0,2021-03-03,,,,,19.0,,,,,False,True,True,True,False,False,False,False,False,False,False,False,False,False,False,False,False,False,False,False
5768,2021-12-10,2021-03-29,100.0,100.0,256.0,2021-03-29,,2021-01-11,,,256.0,,333.0,,,False,False,False,False,False,False,False,False,False,False,False,False,False,False,False,False,False,False,False,False
5777,2021-04-29,2021-01-30,1000.0,1000.0,89.0,2020-07-18,,2020-12-21,2021-01-30,,285.0,,129.0,89.0,,False,False,False,False,False,False,False,False,False,False,False,True,False,False,True,True,False,False,False,False
5779,2021-12-15,2021-12-14,500.0,500.0,1.0,2021-12-04,,2021-12-14,2021-05-06,,11.0,,1.0,223.0,,False,True,True,True,False,False,False,False,True,True,True,True,False,False,False,False,False,False,False,False
5783,2021-10-08,2021-09-01,100.0,100.0,37.0,2021-09-01,,2020-09-18,2020-09-26,2021-01-30,37.0,,385.0,377.0,251.0,False,False,True,True,False,False,False,False,False,False,False,False,False,False,False,False,False,False,False,False
5783,2021-11-03,2021-10-08,5000.0,100.0,63.0,2021-09-01,,2020-09-18,2020-09-26,2021-01-30,63.0,,411.0,403.0,277.0,False,False,True,True,False,False,False,False,False,False,False,False,False,False,False,False,False,False,False,False
5789,2021-03-15,2021-02-13,500.0,500.0,30.0,2020-09-12,,2021-02-13,,,184.0,,30.0,,,False,False,False,False,False,False,False,False,False,True,True,True,False,False,False,False,False,False,False,False
5790,2021-03-20,2021-03-13,500.0,500.0,7.0,,,2021-03-13,,,,,7.0,,,False,False,False,False,False,False,False,False,True,True,True,True,False,False,False,False,False,False,False,False
5791,2021-09-28,2021-07-27,1000.0,1000.0,63.0,2021-01-25,,,2021-07-27,,246.0,,,63.0,,False,False,False,False,False,False,False,False,False,False,False,False,False,False,True,True,False,False,False,False
5794,2021-09-18,2021-03-15,100.0,100.0,187.0,2021-03-15,,,,,187.0,,,,,False,False,False,False,False,False,False,False,False,False,False,False,False,False,False,False,False,False,False,False
5795,2021-12-25,2021-12-10,100.0,100.0,15.0,2021-12-10,,2021-12-03,,,15.0,,22.0,,,False,True,True,True,False,False,False,False,False,True,True,True,False,False,False,False,False,False,False,False
5796,2021-04-10,2021-04-08,100.0,100.0,2.0,2021-04-08,,2020-11-06,2021-03-19,,2.0,,155.0,22.0,,True,True,True,True,False,False,False,False,False,False,False,True,False,True,True,True,False,False,False,False
5797,2021-11-13,2021-10-07,100.0,100.0,37.0,2021-10-07,,2021-04-08,,2021-09-01,37.0,,219.0,,73.0,False,False,True,True,False,False,False,False,False,False,False,False,False,False,False,False,False,False,True,True
5803,2021-08-18,2021-04-21,100.0,100.0,119.0,2021-04-21,,,,,119.0,,,,,False,False,False,True,False,False,False,False,False,False,False,False,False,False,False,False,False,False,False,False
5804,2021-02-23,2021-01-08,500.0,500.0,46.0,,,2021-01-08,,,,,46.0,,,False,False,False,False,False,False,False,False,False,False,True,True,False,False,False,False,False,False,False,False
5809,2021-03-09,2020-12-26,100.0,100.0,73.0,2020-12-26,,2020-09-30,,,73.0,,160.0,,,False,False,True,True,False,False,False,False,False,False,False,True,False,False,False,False,False,False,False,False
5815,2021-03-13,2021-02-27,500.0,500.0,14.0,2020-10-10,,2021-02-27,2020-09-12,,154.0,,14.0,182.0,,False,False,False,True,False,False,False,False,False,True,True,True,False,False,False,False,False,False,False,False
5822,2021-03-11,2020-10-28,500.0,500.0,134.0,2020-08-03,,2020-10-28,,,220.0,,134.0,,,False,False,False,False,False,False,False,False,False,False,False,True,False,False,False,False,False,False,False,False
5822,2021-07-30,2021-03-29,100.0,100.0,123.0,2021-03-29,,2020-10-28,,,123.0,,275.0,,,False,False,False,True,False,False,False,False,False,False,False,False,False,False,False,False,False,False,False,False
5826,2021-09-29,2021-03-09,200.0,200.0,204.0,,2021-03-09,,2020-11-25,2021-03-02,,204.0,,308.0,211.0,False,False,False,False,False,False,False,False,False,False,False,False,False,False,False,False,False,False,False,False
5827,2021-11-12,2021-10-21,100.0,100.0,22.0,2021-10-21,,2020-12-02,2021-09-29,,22.0,,345.0,44.0,,False,True,True,True,False,False,False,False,False,False,False,False,False,False,True,True,False,False,False,False
5829,2021-03-26,2021-02-23,200.0,200.0,31.0,,2021-02-23,2020-12-21,2021-02-10,,,31.0,95.0,44.0,,False,False,False,False,False,False,True,True,False,False,False,True,False,False,True,True,False,False,False,False
5829,2021-04-17,2021-03-31,500.0,500.0,17.0,,2021-02-23,2021-03-31,2021-02-10,,,53.0,17.0,66.0,,False,False,False,False,False,False,True,True,False,True,True,True,False,False,True,True,False,False,False,False
5832,2021-04-17,2021-03-18,500.0,500.0,30.0,2021-01-20,,2021-03-18,2020-08-19,,87.0,,30.0,241.0,,False,False,True,True,False,False,False,False,False,True,True,True,False,False,False,False,False,False,False,False
5835,2021-02-24,2021-02-04,500.0,500.0,20.0,2020-12-28,,2021-02-04,,,58.0,,20.0,,,False,False,True,True,False,False,False,False,False,True,True,True,False,False,False,False,False,False,False,False
5835,2021-09-14,2021-08-25,1000.0,1000.0,20.0,2020-12-28,,2021-04-10,2021-08-25,,260.0,,157.0,20.0,,False,False,False,False,False,False,False,False,False,False,False,True,False,True,True,True,False,False,False,False
5838,2021-12-08,2021-08-11,100.0,100.0,119.0,2021-08-11,,2021-01-16,2021-02-23,,119.0,,326.0,288.0,,False,False,False,True,False,False,False,False,False,False,False,False,False,False,False,False,False,False,False,False
5840,2021-02-25,2021-01-12,200.0,200.0,44.0,2020-12-25,2021-01-12,,,,62.0,44.0,,,,False,False,True,True,False,False,True,True,False,False,False,False,False,False,False,False,False,False,False,False
5847,2021-10-21,2021-09-15,100.0,100.0,36.0,2021-09-15,,2021-08-30,,,36.0,,52.0,,,False,False,True,True,False,False,False,False,False,False,True,True,False,False,False,False,False,False,False,False
5849,2021-10-28,2021-10-26,500.0,500.0,2.0,2021-09-21,,2021-10-26,,,37.0,,2.0,,,False,False,True,True,False,False,False,False,True,True,True,True,False,False,False,False,False,False,False,False
5853,2021-10-06,2021-01-30,500.0,500.0,249.0,,,2021-01-30,,,,,249.0,,,False,False,False,False,False,False,False,False,False,False,False,False,False,False,False,False,False,False,False,False
5854,2021-07-30,2021-04-12,100.0,100.0,109.0,2021-04-12,,2021-04-07,,,109.0,,114.0,,,False,False,False,True,False,False,False,False,False,False,False,True,False,False,False,False,False,False,False,False
5861,2021-12-30,2021-12-27,100.0,100.0,3.0,2021-12-27,,2021-04-13,2021-04-15,2021-11-06,3.0,,261.0,259.0,54.0,True,True,True,True,False,False,False,False,False,False,False,False,False,False,False,False,False,False,True,True
5862,2021-12-28,2021-08-11,100.0,100.0,139.0,2021-08-11,2020-08-11,2021-05-05,,,139.0,504.0,237.0,,,False,False,False,True,False,False,False,False,False,False,False,False,False,False,False,False,False,False,False,False
5865,2021-05-05,2021-04-22,500.0,500.0,13.0,2021-04-17,,2021-04-22,,,18.0,,13.0,,,False,True,True,True,False,False,False,False,False,True,True,True,False,False,False,False,False,False,False,False
5867,2021-11-29,2021-11-24,100.0,100.0,5.0,2021-11-24,2021-02-16,,,,5.0,286.0,,,,True,True,True,True,False,False,False,False,False,False,False,False,False,False,False,False,False,False,False,False
5868,2021-11-29,2021-03-18,100.0,100.0,256.0,2021-03-18,2020-09-22,2021-03-11,,,256.0,433.0,263.0,,,False,False,False,False,False,False,False,False,False,False,False,False,False,False,False,False,False,False,False,False
5869,2021-11-25,2021-09-24,100.0,100.0,62.0,2021-09-24,,2021-03-03,,,62.0,,267.0,,,False,False,True,True,False,False,False,False,False,False,False,False,False,False,False,False,False,False,False,False
5876,2021-11-10,2021-11-09,200.0,200.0,1.0,2021-08-25,2021-11-09,2021-09-23,,,77.0,1.0,48.0,,,False,False,True,True,True,True,True,True,False,False,True,True,False,False,False,False,False,False,False,False
5885,2021-10-27,2021-10-14,500.0,500.0,13.0,2021-05-06,,2021-10-14,,2020-08-11,174.0,,13.0,,442.0,False,False,False,True,False,False,False,False,False,True,True,True,False,False,False,False,False,False,False,False
5887,2021-12-15,2021-12-08,100.0,100.0,7.0,2021-12-08,,2021-04-02,2021-10-08,,7.0,,257.0,68.0,,True,True,True,True,False,False,False,False,False,False,False,False,False,False,True,True,False,False,False,False
5888,2021-08-16,2021-04-26,500.0,500.0,112.0,2020-11-27,,2021-04-26,,,262.0,,112.0,,,False,False,False,False,False,False,False,False,False,False,False,True,False,False,False,False,False,False,False,False
5892,2021-10-18,2021-09-14,500.0,500.0,34.0,,2021-09-07,2021-09-14,,,,41.0,34.0,,,False,False,False,False,False,False,True,True,False,False,True,True,False,False,False,False,False,False,False,False
5895,2021-09-30,2021-09-10,100.0,100.0,20.0,2021-09-10,,2021-04-19,,,20.0,,164.0,,,False,True,True,True,False,False,False,False,False,False,False,True,False,False,False,False,False,False,False,False
5895,2021-11-06,2021-10-21,100.0,100.0,16.0,2021-10-21,,2021-04-19,,,16.0,,201.0,,,False,True,True,True,False,False,False,False,False,False,False,False,False,False,False,False,False,False,False,False
5896,2021-04-20,2021-03-24,500.0,500.0,27.0,2020-12-21,,2021-03-24,2021-01-12,,120.0,,27.0,98.0,,False,False,False,True,False,False,False,False,False,True,True,True,False,False,False,True,False,False,False,False
5901,2021-09-17,2021-09-14,100.0,100.0,3.0,2021-09-14,,2020-11-20,,,3.0,,301.0,,,True,True,True,True,False,False,False,False,False,False,False,False,False,False,False,False,False,False,False,False
5902,2021-01-02,2020-11-25,5000.0,,,,,,,,,,,,,False,False,False,False,False,False,False,False,False,False,False,False,False,False,False,False,False,False,False,False
5904,2021-09-07,2021-03-30,200.0,200.0,161.0,,2021-03-30,2021-03-04,,,,161.0,187.0,,,False,False,False,False,False,False,False,True,False,False,False,False,False,False,False,False,False,False,False,False
5904,2021-10-26,2021-10-22,1000.0,1000.0,4.0,2021-10-13,2021-03-30,2021-09-23,2021-10-22,,13.0,210.0,33.0,4.0,,False,True,True,True,False,False,False,False,False,False,True,True,True,True,True,True,False,False,False,False
5906,2021-02-03,2021-01-19,100.0,100.0,15.0,2021-01-19,,,,,15.0,,,,,False,True,True,True,False,False,False,False,False,False,False,False,False,False,False,False,False,False,False,False
5908,2021-09-16,2021-08-06,100.0,100.0,41.0,2021-08-06,,2021-03-23,,,41.0,,177.0,,,False,False,True,True,False,False,False,False,False,False,False,True,False,False,False,False,False,False,False,False
5909,2021-01-12,2020-12-22,500.0,500.0,21.0,2020-10-14,,2020-12-22,,,90.0,,21.0,,,False,False,True,True,False,False,False,False,False,True,True,True,False,False,False,False,False,False,False,False
5915,2021-04-01,2021-03-13,2000.0,2000.0,19.0,2021-02-26,,,,2021-03-13,34.0,,,,19.0,False,False,True,True,False,False,False,False,False,False,False,False,False,False,False,False,False,True,True,True
5915,2021-04-24,2021-04-01,5000.0,2000.0,42.0,2021-02-26,,,,2021-03-13,57.0,,,,42.0,False,False,True,True,False,False,False,False,False,False,False,False,False,False,False,False,False,False,True,True
5916,2021-10-26,2021-05-04,500.0,500.0,175.0,2021-04-27,,2021-05-04,,2020-10-05,182.0,,175.0,,386.0,False,False,False,False,False,False,False,False,False,False,False,True,False,False,False,False,False,False,False,False
5918,2021-09-29,2021-09-06,500.0,500.0,23.0,2021-08-13,,2021-09-06,2021-01-20,,47.0,,23.0,252.0,,False,False,True,True,False,False,False,False,False,True,True,True,False,False,False,False,False,False,False,False
5921,2021-10-08,2021-05-05,100.0,100.0,156.0,2021-05-05,,2021-03-27,2020-11-20,,156.0,,195.0,322.0,,False,False,False,True,False,False,False,False,False,False,False,False,False,False,False,False,False,False,False,False
5922,2021-01-11,2020-11-23,100.0,100.0,49.0,2020-11-23,,,,,49.0,,,,,False,False,True,True,False,False,False,False,False,False,False,False,False,False,False,False,False,False,False,False
5922,2021-03-05,2021-01-11,5000.0,100.0,102.0,2020-11-23,,,,,102.0,,,,,False,False,False,True,False,False,False,False,False,False,False,False,False,False,False,False,False,False,False,False
5933,2021-01-23,2020-11-04,500.0,500.0,80.0,,,2020-11-04,,,,,80.0,,,False,False,False,False,False,False,False,False,False,False,True,True,False,False,False,False,False,False,False,False
5937,2021-05-10,2021-05-04,100.0,100.0,6.0,2021-05-04,,2021-04-28,,,6.0,,12.0,,,True,True,True,True,False,False,False,False,False,True,True,True,False,False,False,False,False,False,False,False
5938,2021-02-24,2020-12-16,100.0,100.0,70.0,2020-12-16,,,,,70.0,,,,,False,False,True,True,False,False,False,False,False,False,False,False,False,False,False,False,False,False,False,False
5940,2021-04-21,2021-02-04,100.0,100.0,76.0,2021-02-04,,,,,76.0,,,,,False,False,True,True,False,False,False,False,False,False,False,False,False,False,False,False,False,False,False,False
5946,2021-11-30,2021-08-13,100.0,100.0,109.0,2021-08-13,,2020-11-25,2021-04-28,,109.0,,370.0,216.0,,False,False,False,True,False,False,False,False,False,False,False,False,False,False,False,False,False,False,False,False
5948,2021-12-22,2021-11-15,500.0,500.0,37.0,2020-10-16,,2021-11-15,,,432.0,,37.0,,,False,False,False,False,False,False,False,False,False,False,True,True,False,False,False,False,False,False,False,False
5951,2021-03-01,2021-01-16,100.0,100.0,44.0,2021-01-16,,2021-01-15,2020-12-11,,44.0,,45.0,80.0,,False,False,True,True,False,False,False,False,False,False,True,True,False,False,True,True,False,False,False,False
5951,2021-03-26,2021-03-01,5000.0,100.0,69.0,2021-01-16,,2021-01-15,2020-12-11,,69.0,,70.0,105.0,,False,False,True,True,False,False,False,False,False,False,True,True,False,False,False,True,False,False,False,False
5954,2021-02-03,2021-01-08,500.0,500.0,26.0,2020-12-08,,2021-01-08,,,57.0,,26.0,,,False,False,True,True,False,False,False,False,False,True,True,True,False,False,False,False,False,False,False,False
5960,2021-02-19,2021-01-23,100.0,100.0,27.0,2021-01-23,,2020-08-19,,,27.0,,184.0,,,False,True,True,True,False,False,False,False,False,False,False,False,False,False,False,False,False,False,False,False
5961,2021-01-12,2020-12-21,100.0,100.0,22.0,2020-12-21,,2020-11-06,,,22.0,,67.0,,,False,True,True,True,False,False,False,False,False,False,True,True,False,False,False,False,False,False,False,False
5963,2021-04-19,2021-04-03,100.0,100.0,16.0,2021-04-03,,2021-02-26,,,16.0,,52.0,,,False,True,True,True,False,False,False,False,False,False,True,True,False,False,False,False,False,False,False,False
5965,2021-11-16,2021-08-04,100.0,100.0,104.0,2021-08-04,,2021-03-09,2021-01-18,2021-03-15,104.0,,252.0,302.0,246.0,False,False,False,True,False,False,False,False,False,False,False,False,False,False,False,False,False,False,False,False
5974,2021-03-06,2021-02-16,100.0,100.0,18.0,2021-02-16,,2020-08-17,2020-12-25,,18.0,,201.0,71.0,,False,True,True,True,False,False,False,False,False,False,False,False,False,False,True,True,False,False,False,False
5978,2021-05-10,2021-03-02,100.0,100.0,69.0,2021-03-02,,,,,69.0,,,,,False,False,True,True,False,False,False,False,False,False,False,False,False,False,False,False,False,False,False,False
5978,2021-12-29,2021-05-10,5000.0,100.0,302.0,2021-03-02,,,,,302.0,,,,,False,False,False,False,False,False,False,False,False,False,False,False,False,False,False,False,False,False,False,False
5979,2021-03-03,,,,,,,,,,,,,,,False,False,False,False,False,False,False,False,False,False,False,False,False,False,False,False,False,False,False,False
5979,2021-07-23,2021-04-20,500.0,500.0,94.0,,,2021-04-20,,,,,94.0,,,False,False,False,False,False,False,False,False,False,False,False,True,False,False,False,False,False,False,False,False
5982,2021-11-13,2021-09-16,100.0,100.0,58.0,2021-09-16,,,,,58.0,,,,,False,False,True,True,False,False,False,False,False,False,False,False,False,False,False,False,False,False,False,False
5983,2021-04-07,2021-02-17,100.0,100.0,49.0,2021-02-17,2021-02-09,,,,49.0,57.0,,,,False,False,True,True,False,False,True,True,False,False,False,False,False,False,False,False,False,False,False,False
5988,2021-09-22,2021-04-17,100.0,100.0,158.0,2021-04-17,,2020-12-04,2020-11-25,,158.0,,292.0,301.0,,False,False,False,True,False,False,False,False,False,False,False,False,False,False,False,False,False,False,False,False
5990,2021-12-31,2021-11-13,100.0,100.0,48.0,2021-11-13,,2021-03-26,,2020-12-09,48.0,,280.0,,387.0,False,False,True,True,False,False,False,False,False,False,False,False,False,False,False,False,False,False,False,False
5995,2021-08-30,2021-03-17,500.0,500.0,166.0,2021-03-04,,2021-03-17,2021-02-11,,179.0,,166.0,200.0,,False,False,False,True,False,False,False,False,False,False,False,True,False,False,False,False,False,False,False,False
5996,2021-10-20,,,,,,,,,,,,,,,False,False,False,False,False,False,False,False,False,False,False,False,False,False,False,False,False,False,False,False
6000,2021-09-08,2021-07-23,1000.0,1000.0,47.0,,2021-04-20,2021-04-12,2021-07-23,2020-11-23,,141.0,149.0,47.0,289.0,False,False,False,False,False,False,False,True,False,False,False,True,False,False,True,True,False,False,False,False
6003,2021-10-23,2021-10-09,500.0,500.0,14.0,2021-04-14,,2021-10-09,,,192.0,,14.0,,,False,False,False,False,False,False,False,False,False,True,True,True,False,False,False,False,False,False,False,False
6011,2021-11-30,2021-03-10,100.0,100.0,265.0,2021-03-10,,,,,265.0,,,,,False,False,False,False,False,False,False,False,False,False,False,False,False,False,False,False,False,False,False,False
6012,2021-04-24,2021-02-20,500.0,500.0,63.0,2020-12-30,,2021-02-20,2020-10-16,,115.0,,63.0,190.0,,False,False,False,True,False,False,False,False,False,False,True,True,False,False,False,False,False,False,False,False
6013,2021-04-02,2020-10-26,2000.0,2000.0,158.0,2020-09-10,,2020-10-03,,2020-10-26,204.0,,181.0,,158.0,False,False,False,False,False,False,False,False,False,False,False,False,False,False,False,False,False,False,False,True
6020,2021-08-18,2021-04-02,100.0,100.0,138.0,2021-04-02,,,,,138.0,,,,,False,False,False,True,False,False,False,False,False,False,False,False,False,False,False,False,False,False,False,False
6022,2021-05-06,2021-03-24,100.0,100.0,43.0,2021-03-24,,2020-12-12,2020-10-12,2020-12-22,43.0,,145.0,206.0,135.0,False,False,True,True,False,False,False,False,False,False,False,True,False,False,False,False,False,False,False,True
6022,2021-12-18,2021-09-11,100.0,100.0,98.0,2021-09-11,,2020-12-12,2020-10-12,2020-12-22,98.0,,371.0,432.0,361.0,False,False,False,True,False,False,False,False,False,False,False,False,False,False,False,False,False,False,False,False
6026,2021-08-09,2020-12-30,100.0,100.0,222.0,2020-12-30,,2020-11-23,,,222.0,,259.0,,,False,False,False,False,False,False,False,False,False,False,False,False,False,False,False,False,False,False,False,False
6031,2021-07-27,2021-05-04,200.0,200.0,84.0,2021-03-24,2021-05-04,2021-03-08,,,125.0,84.0,141.0,,,False,False,False,True,False,False,True,True,False,False,False,True,False,False,False,False,False,False,False,False
6032,2021-12-07,2021-11-27,100.0,100.0,10.0,2021-11-27,,2021-09-17,,2020-08-05,10.0,,81.0,,489.0,False,True,True,True,False,False,False,False,False,False,True,True,False,False,False,False,False,False,False,False
6036,2021-09-16,2021-07-30,1000.0,1000.0,48.0,2021-03-09,,2021-03-04,2021-07-30,,191.0,,196.0,48.0,,False,False,False,False,False,False,False,False,False,False,False,False,False,False,True,True,False,False,False,False
6036,2021-09-28,2021-09-16,5000.0,1000.0,60.0,2021-03-09,,2021-03-04,2021-07-30,,203.0,,208.0,60.0,,False,False,False,False,False,False,False,False,False,False,False,False,False,False,True,True,False,False,False,False
6036,2021-11-23,2021-10-15,100.0,100.0,39.0,2021-10-15,,2021-03-04,2021-07-30,,39.0,,264.0,116.0,,False,False,True,True,False,False,False,False,False,False,False,False,False,False,False,True,False,False,False,False
6038,2021-11-30,2021-11-19,100.0,100.0,11.0,2021-11-19,,2020-11-25,2021-04-28,,11.0,,370.0,216.0,,False,True,True,True,False,False,False,False,False,False,False,False,False,False,False,False,False,False,False,False
6045,2021-01-19,2021-01-13,100.0,100.0,6.0,2021-01-13,,2020-07-11,,,6.0,,192.0,,,True,True,True,True,False,False,False,False,False,False,False,False,False,False,False,False,False,False,False,False
6047,2021-10-13,2021-05-07,500.0,500.0,159.0,2021-04-28,,2021-05-07,2021-04-02,,168.0,,159.0,194.0,,False,False,False,True,False,False,False,False,False,False,False,True,False,False,False,False,False,False,False,False
6049,2021-11-13,2021-10-23,100.0,100.0,21.0,2021-10-23,,2021-10-05,2021-02-11,,21.0,,39.0,275.0,,False,True,True,True,False,False,False,False,False,False,True,True,False,False,False,False,False,False,False,False
6053,2021-04-10,2021-03-29,100.0,100.0,12.0,2021-03-29,,,2020-10-23,,12.0,,,169.0,,False,True,True,True,False,False,False,False,False,False,False,False,False,False,False,True,False,False,False,False
6062,2021-03-17,2021-01-18,500.0,500.0,58.0,,,2021-01-18,,,,,58.0,,,False,False,False,False,False,False,False,False,False,False,True,True,False,False,False,False,False,False,False,False
6067,2021-04-27,2021-04-20,100.0,100.0,7.0,2021-04-20,,2021-02-19,,,7.0,,67.0,,,True,True,True,True,False,False,False,False,False,False,True,True,False,False,False,False,False,False,False,False
6067,2021-10-05,2021-04-27,5000.0,100.0,168.0,2021-04-20,,2021-02-19,,,168.0,,228.0,,,False,False,False,True,False,False,False,False,False,False,False,False,False,False,False,False,False,False,False,False
6072,2021-05-07,2021-02-04,100.0,100.0,92.0,2021-02-04,,2021-01-16,,,92.0,,111.0,,,False,False,False,True,False,False,False,False,False,False,False,True,False,False,False,False,False,False,False,False
6072,2021-10-01,2021-05-07,5000.0,100.0,239.0,2021-02-04,,2021-01-16,,,239.0,,258.0,,,False,False,False,False,False,False,False,False,False,False,False,False,False,False,False,False,False,False,False,False
6074,2021-08-30,2021-08-09,100.0,100.0,21.0,2021-08-09,,2020-12-23,,2021-08-04,21.0,,250.0,,26.0,False,True,True,True,False,False,False,False,False,False,False,False,False,False,False,False,False,True,True,True
6076,2021-03-09,2021-02-15,500.0,500.0,22.0,2021-01-29,,2021-02-15,,,39.0,,22.0,,,False,False,True,True,False,False,False,False,False,True,True,True,False,False,False,False,False,False,False,False
6076,2021-04-15,2021-03-09,5000.0,500.0,59.0,2021-01-29,,2021-02-15,,,76.0,,59.0,,,False,False,True,True,False,False,False,False,False,False,True,True,False,False,False,False,False,False,False,False
6079,2021-03-10,2021-03-08,1000.0,1000.0,2.0,2021-02-02,,2021-03-04,2021-03-08,,36.0,,6.0,2.0,,False,False,True,True,False,False,False,False,True,True,True,True,True,True,True,True,False,False,False,False
6081,2021-04-15,2021-03-06,100.0,100.0,40.0,2021-03-06,,,,,40.0,,,,,False,False,True,True,False,False,False,False,False,False,False,False,False,False,False,False,False,False,False,False
6081,2021-05-07,2021-04-15,5000.0,100.0,62.0,2021-03-06,,,,,62.0,,,,,False,False,True,True,False,False,False,False,False,False,False,False,False,False,False,False,False,False,False,False
6081,2021-10-23,2021-10-16,500.0,500.0,7.0,2021-09-24,,2021-10-16,,,29.0,,7.0,,,False,True,True,True,False,False,False,False,True,True,True,True,False,False,False,False,False,False,False,False
6083,2021-01-01,2020-09-22,100.0,100.0,101.0,2020-09-22,,,,,101.0,,,,,False,False,False,True,False,False,False,False,False,False,False,False,False,False,False,False,False,False,False,False
6083,2021-11-23,2021-04-17,500.0,500.0,220.0,2021-03-23,,2021-04-17,,,245.0,,220.0,,,False,False,False,False,False,False,False,False,False,False,False,False,False,False,False,False,False,False,False,False
6085,2021-03-26,2020-09-10,100.0,100.0,197.0,2020-09-10,,,,,197.0,,,,,False,False,False,False,False,False,False,False,False,False,False,False,False,False,False,False,False,False,False,False
6086,2021-08-25,2020-12-30,500.0,500.0,238.0,2020-12-14,,2020-12-30,,,254.0,,238.0,,,False,False,False,False,False,False,False,False,False,False,False,False,False,False,False,False,False,False,False,False
6094,2021-10-29,2021-10-14,1000.0,1000.0,15.0,2021-09-03,,2021-09-28,2021-10-14,,56.0,,31.0,15.0,,False,False,True,True,False,False,False,False,False,False,True,True,False,True,True,True,False,False,False,False
6094,2021-12-14,2021-12-13,100.0,100.0,1.0,2021-12-13,,2021-09-28,2021-10-14,,1.0,,77.0,61.0,,True,True,True,True,False,False,False,False,False,False,True,True,False,False,True,True,False,False,False,False
6096,2021-12-10,2021-12-04,500.0,500.0,6.0,2021-12-02,,2021-12-04,,,8.0,,6.0,,,False,True,True,True,False,False,False,False,True,True,True,True,False,False,False,False,False,False,False,False
6097,2021-02-25,2020-09-28,100.0,100.0,150.0,2020-09-28,,,,,150.0,,,,,False,False,False,True,False,False,False,False,False,False,False,False,False,False,False,False,False,False,False,False
6099,2021-11-16,2021-09-06,100.0,100.0,71.0,2021-09-06,2021-02-23,2021-02-22,,,71.0,266.0,267.0,,,False,False,True,True,False,False,False,False,False,False,False,False,False,False,False,False,False,False,False,False
6101,2021-12-02,2021-08-20,100.0,100.0,104.0,2021-08-20,,,,,104.0,,,,,False,False,False,True,False,False,False,False,False,False,False,False,False,False,False,False,False,False,False,False
6102,2021-08-30,2021-04-19,1000.0,1000.0,133.0,2021-03-15,,,2021-04-19,,168.0,,,133.0,,False,False,False,True,False,False,False,False,False,False,False,False,False,False,False,True,False,False,False,False
6107,2021-09-16,2021-04-14,100.0,100.0,155.0,2021-04-14,,2020-11-16,2021-01-22,2021-03-27,155.0,,304.0,237.0,173.0,False,False,False,True,False,False,False,False,False,False,False,False,False,False,False,False,False,False,False,True
6110,2021-10-25,2021-10-20,100.0,100.0,5.0,2021-10-20,,2021-03-17,,,5.0,,222.0,,,True,True,True,True,False,False,False,False,False,False,False,False,False,False,False,False,False,False,False,False
6111,2021-03-20,2021-01-09,100.0,100.0,70.0,2021-01-09,,,,,70.0,,,,,False,False,True,True,False,False,False,False,False,False,False,False,False,False,False,False,False,False,False,False
6112,2021-02-25,2020-11-13,500.0,500.0,104.0,,,2020-11-13,,,,,104.0,,,False,False,False,False,False,False,False,False,False,False,False,True,False,False,False,False,False,False,False,False
6114,2021-09-17,2021-09-13,100.0,100.0,4.0,2021-09-13,,2020-10-26,2021-04-02,,4.0,,326.0,168.0,,True,True,True,True,False,False,False,False,False,False,False,False,False,False,False,True,False,False,False,False
6129,2021-09-13,2021-09-01,100.0,100.0,12.0,2021-09-01,,2021-02-09,,,12.0,,216.0,,,False,True,True,True,False,False,False,False,False,False,False,False,False,False,False,False,False,False,False,False
6133,2021-01-04,2020-12-05,1000.0,1000.0,30.0,2020-08-19,,2020-11-30,2020-12-05,,138.0,,35.0,30.0,,False,False,False,True,False,False,False,False,False,False,True,True,False,True,True,True,False,False,False,False
6134,2021-11-24,2021-11-13,100.0,100.0,11.0,2021-11-13,2020-08-11,2021-03-26,2021-04-10,,11.0,470.0,243.0,228.0,,False,True,True,True,False,False,False,False,False,False,False,False,False,False,False,False,False,False,False,False
6149,2021-02-15,2021-01-20,500.0,500.0,26.0,2020-10-23,,2021-01-20,2020-10-09,2020-09-08,115.0,,26.0,129.0,160.0,False,False,False,True,False,False,False,False,False,True,True,True,False,False,False,True,False,False,False,True
6152,2021-12-21,2021-12-10,500.0,500.0,11.0,2021-09-16,,2021-12-10,,,96.0,,11.0,,,False,False,False,True,False,False,False,False,False,True,True,True,False,False,False,False,False,False,False,False
6155,2021-02-09,2020-09-22,500.0,500.0,140.0,,,2020-09-22,,,,,140.0,,,False,False,False,False,False,False,False,False,False,False,False,True,False,False,False,False,False,False,False,False
6155,2021-03-04,2021-02-09,5000.0,500.0,163.0,,,2020-09-22,,,,,163.0,,,False,False,False,False,False,False,False,False,False,False,False,True,False,False,False,False,False,False,False,False
6155,2021-03-30,2021-03-04,5000.0,500.0,189.0,,,2020-09-22,,,,,189.0,,,False,False,False,False,False,False,False,False,False,False,False,False,False,False,False,False,False,False,False,False
6157,2021-08-13,2021-04-10,500.0,500.0,125.0,2021-03-19,,2021-04-10,2021-02-05,,147.0,,125.0,189.0,,False,False,False,True,False,False,False,False,False,False,False,True,False,False,False,False,False,False,False,False
6158,2021-02-19,2021-02-12,100.0,100.0,7.0,2021-02-12,,,2020-10-23,,7.0,,,119.0,,True,True,True,True,False,False,False,False,False,False,False,False,False,False,False,True,False,False,False,False
6163,2021-08-09,2021-03-12,1000.0,1000.0,150.0,2020-10-14,,2021-01-30,2021-03-12,,299.0,,191.0,150.0,,False,False,False,False,False,False,False,False,False,False,False,False,False,False,False,True,False,False,False,False
6164,2021-11-24,2021-11-12,1000.0,1000.0,12.0,2021-09-25,2021-02-16,2021-09-09,2021-11-12,,60.0,281.0,76.0,12.0,,False,False,True,True,False,False,False,False,False,False,True,True,False,True,True,True,False,False,False,False
6164,2021-12-27,2021-12-10,500.0,500.0,17.0,2021-09-25,2021-02-16,2021-12-10,2021-11-12,,93.0,314.0,17.0,45.0,,False,False,False,True,False,False,False,False,False,True,True,True,False,False,True,True,False,False,False,False
6169,2021-04-10,2020-12-19,500.0,500.0,112.0,2020-09-22,,2020-12-19,,,200.0,,112.0,,,False,False,False,False,False,False,False,False,False,False,False,True,False,False,False,False,False,False,False,False
6171,2021-05-12,2021-01-20,100.0,100.0,112.0,2021-01-20,,2020-12-12,,,112.0,,151.0,,,False,False,False,True,False,False,False,False,False,False,False,True,False,False,False,False,False,False,False,False
6173,2021-03-15,2021-03-01,500.0,500.0,14.0,2020-11-30,2021-02-02,2021-03-01,,,105.0,41.0,14.0,,,False,False,False,True,False,False,True,True,False,True,True,True,False,False,False,False,False,False,False,False
6173,2021-03-27,2021-03-15,5000.0,500.0,26.0,2020-11-30,2021-02-02,2021-03-01,,,117.0,53.0,26.0,,,False,False,False,True,False,False,True,True,False,True,True,True,False,False,False,False,False,False,False,False
6173,2021-12-28,2021-10-15,100.0,100.0,74.0,2021-10-15,2021-05-04,2021-04-08,,2021-04-05,74.0,238.0,264.0,,267.0,False,False,True,True,False,False,False,False,False,False,False,False,False,False,False,False,False,False,False,False
6174,2021-01-22,2020-12-28,5000.0,100.0,72.0,2020-11-11,,,,,72.0,,,,,False,False,True,True,False,False,False,False,False,False,False,False,False,False,False,False,False,False,False,False
6175,2021-10-30,2021-09-25,500.0,500.0,35.0,2021-09-23,,2021-09-25,,,37.0,,35.0,,,False,False,True,True,False,False,False,False,False,False,True,True,False,False,False,False,False,False,False,False
6179,2021-09-01,2021-07-30,100.0,100.0,33.0,2021-07-30,,,2021-03-30,,33.0,,,155.0,,False,False,True,True,False,False,False,False,False,False,False,False,False,False,False,True,False,False,False,False
6180,2021-03-09,,,,,,,,,,,,,,,False,False,False,False,False,False,False,False,False,False,False,False,False,False,False,False,False,False,False,False
6183,2021-01-22,2021-01-20,100.0,100.0,2.0,2021-01-20,,,,,2.0,,,,,True,True,True,True,False,False,False,False,False,False,False,False,False,False,False,False,False,False,False,False
6184,2021-09-18,2021-09-16,100.0,100.0,2.0,2021-09-16,,,2020-09-16,,2.0,,,367.0,,True,True,True,True,False,False,False,False,False,False,False,False,False,False,False,False,False,False,False,False
6184,2021-11-03,2021-09-20,500.0,500.0,44.0,2021-09-16,,2021-09-20,2020-09-16,,48.0,,44.0,413.0,,False,False,True,True,False,False,False,False,False,False,True,True,False,False,False,False,False,False,False,False
6184,2021-11-22,2021-11-03,5000.0,500.0,63.0,2021-09-16,,2021-09-20,2020-09-16,,67.0,,63.0,432.0,,False,False,True,True,False,False,False,False,False,False,True,True,False,False,False,False,False,False,False,False
6185,2021-01-06,2020-12-14,100.0,100.0,23.0,2020-12-14,,,,,23.0,,,,,False,True,True,True,False,False,False,False,False,False,False,False,False,False,False,False,False,False,False,False
6189,2021-07-30,2021-05-11,100.0,100.0,80.0,2021-05-11,,2021-03-01,2020-12-04,,80.0,,151.0,238.0,,False,False,True,True,False,False,False,False,False,False,False,True,False,False,False,False,False,False,False,False
6196,2021-12-15,2021-10-16,100.0,100.0,60.0,2021-10-16,,2021-05-04,2020-11-13,,60.0,,225.0,397.0,,False,False,True,True,False,False,False,False,False,False,False,False,False,False,False,False,False,False,False,False
6197,2021-04-30,2021-02-09,500.0,500.0,80.0,2020-08-13,,2021-02-09,,,260.0,,80.0,,,False,False,False,False,False,False,False,False,False,False,True,True,False,False,False,False,False,False,False,False
6201,2021-09-23,2021-08-16,100.0,100.0,38.0,2021-08-16,,,,,38.0,,,,,False,False,True,True,False,False,False,False,False,False,False,False,False,False,False,False,False,False,False,False
6202,2021-01-13,2020-10-07,1000.0,1000.0,98.0,,,,2020-10-07,,,,,98.0,,False,False,False,False,False,False,False,False,False,False,False,False,False,False,False,True,False,False,False,False
6205,2021-09-01,2021-04-24,100.0,100.0,130.0,2021-04-24,,2021-01-01,,,130.0,,243.0,,,False,False,False,True,False,False,False,False,False,False,False,False,False,False,False,False,False,False,False,False
6212,2021-01-29,2020-12-14,500.0,500.0,46.0,2020-10-16,,2020-12-14,,,105.0,,46.0,,,False,False,False,True,False,False,False,False,False,False,True,True,False,False,False,False,False,False,False,False
6225,2021-12-29,2021-10-12,200.0,200.0,78.0,2021-09-21,2021-10-12,2021-08-20,2021-02-08,,99.0,78.0,131.0,324.0,,False,False,False,True,False,False,True,True,False,False,False,True,False,False,False,False,False,False,False,False
6229,2021-12-11,2020-12-26,500.0,500.0,350.0,,,2020-12-26,,,,,350.0,,,False,False,False,False,False,False,False,False,False,False,False,False,False,False,False,False,False,False,False,False
6233,2021-12-11,2021-11-13,100.0,100.0,28.0,2021-11-13,,2021-04-14,,,28.0,,241.0,,,False,True,True,True,False,False,False,False,False,False,False,False,False,False,False,False,False,False,False,False
6237,2021-12-11,2021-11-23,200.0,200.0,18.0,2021-10-26,2021-11-23,2021-10-21,,,46.0,18.0,51.0,,,False,False,True,True,False,True,True,True,False,False,True,True,False,False,False,False,False,False,False,False
6241,2021-04-16,2021-04-08,500.0,500.0,8.0,2021-01-12,,2021-04-08,,,94.0,,8.0,,,False,False,False,True,False,False,False,False,False,True,True,True,False,False,False,False,False,False,False,False
6243,2021-04-28,2021-03-31,1000.0,1000.0,28.0,2021-02-02,,,2021-03-31,,85.0,,,28.0,,False,False,True,True,False,False,False,False,False,False,False,False,False,True,True,True,False,False,False,False
6243,2021-11-26,2021-11-05,100.0,100.0,21.0,2021-11-05,,2021-08-06,2021-03-31,,21.0,,112.0,240.0,,False,True,True,True,False,False,False,False,False,False,False,True,False,False,False,False,False,False,False,False
6247,2021-10-14,2021-09-04,500.0,500.0,40.0,2020-12-14,,2021-09-04,,,304.0,,40.0,,,False,False,False,False,False,False,False,False,False,False,True,True,False,False,False,False,False,False,False,False
6248,2021-02-19,2021-02-15,100.0,100.0,4.0,2021-02-15,,2020-08-29,,,4.0,,174.0,,,True,True,True,True,False,False,False,False,False,False,False,True,False,False,False,False,False,False,False,False
6248,2021-11-02,2021-10-04,100.0,100.0,29.0,2021-10-04,,2021-09-02,2021-03-05,,29.0,,61.0,242.0,,False,True,True,True,False,False,False,False,False,False,True,True,False,False,False,False,False,False,False,False
6253,2021-02-04,2021-01-04,100.0,100.0,31.0,2021-01-04,,,,,31.0,,,,,False,False,True,True,False,False,False,False,False,False,False,False,False,False,False,False,False,False,False,False
6254,2021-03-11,2020-12-05,100.0,100.0,96.0,2020-12-05,,2020-10-14,2020-10-23,,96.0,,148.0,139.0,,False,False,False,True,False,False,False,False,False,False,False,True,False,False,False,True,False,False,False,False
6256,2021-11-16,2021-03-15,100.0,100.0,246.0,2021-03-15,,,,2020-10-03,246.0,,,,409.0,False,False,False,False,False,False,False,False,False,False,False,False,False,False,False,False,False,False,False,False
6259,2021-12-28,2021-12-22,500.0,500.0,6.0,2021-12-11,,2021-12-22,,,17.0,,6.0,,,False,True,True,True,False,False,False,False,True,True,True,True,False,False,False,False,False,False,False,False
6260,2021-02-06,2020-11-23,100.0,100.0,75.0,2020-11-23,,2020-08-07,2020-08-19,,75.0,,183.0,171.0,,False,False,True,True,False,False,False,False,False,False,False,False,False,False,False,True,False,False,False,False
6260,2021-05-06,2021-04-10,500.0,500.0,26.0,2021-02-23,,2021-04-10,2020-08-19,,72.0,,26.0,260.0,,False,False,True,True,False,False,False,False,False,True,True,True,False,False,False,False,False,False,False,False
6266,2021-10-16,2021-10-07,500.0,500.0,9.0,2021-03-26,,2021-10-07,2020-10-16,2021-09-15,204.0,,9.0,365.0,31.0,False,False,False,False,False,False,False,False,False,True,True,True,False,False,False,False,False,False,True,True
6274,2021-04-17,2021-03-18,100.0,100.0,30.0,2021-03-18,,2021-02-19,,,30.0,,57.0,,,False,True,True,True,False,False,False,False,False,False,True,True,False,False,False,False,False,False,False,False
6277,2021-11-04,2021-10-07,100.0,100.0,28.0,2021-10-07,2021-05-04,2021-03-26,,,28.0,184.0,223.0,,,False,True,True,True,False,False,False,False,False,False,False,False,False,False,False,False,False,False,False,False
6283,2021-05-10,2021-04-29,1000.0,1000.0,11.0,2020-12-15,,2021-02-10,2021-04-29,,146.0,,89.0,11.0,,False,False,False,True,False,False,False,False,False,False,True,True,False,True,True,True,False,False,False,False
6288,2021-11-23,2021-10-15,100.0,100.0,39.0,2021-10-15,,2020-09-18,,,39.0,,431.0,,,False,False,True,True,False,False,False,False,False,False,False,False,False,False,False,False,False,False,False,False
6291,2021-08-16,2021-08-11,500.0,500.0,5.0,2021-04-08,,2021-08-11,2021-01-29,2021-02-02,130.0,,5.0,199.0,195.0,False,False,False,True,False,False,False,False,True,True,True,True,False,False,False,False,False,False,False,False
6291,2021-08-25,2021-08-16,5000.0,500.0,14.0,2021-04-08,,2021-08-11,2021-01-29,2021-02-02,139.0,,14.0,208.0,204.0,False,False,False,True,False,False,False,False,False,True,True,True,False,False,False,False,False,False,False,False
6292,2021-04-27,2021-04-26,500.0,500.0,1.0,2021-03-30,,2021-04-26,,,28.0,,1.0,,,False,True,True,True,False,False,False,False,True,True,True,True,False,False,False,False,False,False,False,False
6293,2021-04-10,2021-02-18,1000.0,1000.0,51.0,,,,2021-02-18,,,,,51.0,,False,False,False,False,False,False,False,False,False,False,False,False,False,False,True,True,False,False,False,False
6295,2021-01-19,2020-12-16,100.0,100.0,34.0,2020-12-16,,2020-12-09,2020-07-25,,34.0,,41.0,178.0,,False,False,True,True,False,False,False,False,False,False,True,True,False,False,False,True,False,False,False,False
6296,2021-09-09,2021-08-09,100.0,100.0,31.0,2021-08-09,,,,2020-12-07,31.0,,,,276.0,False,False,True,True,False,False,False,False,False,False,False,False,False,False,False,False,False,False,False,False
6297,2021-01-13,2021-01-09,500.0,500.0,4.0,2020-10-12,,2021-01-09,2020-09-02,,93.0,,4.0,133.0,,False,False,False,True,False,False,False,False,True,True,True,True,False,False,False,True,False,False,False,False
6298,2021-11-22,2021-10-18,2000.0,2000.0,35.0,2021-09-02,,,2021-05-07,2021-10-18,81.0,,,199.0,35.0,False,False,True,True,False,False,False,False,False,False,False,False,False,False,False,False,False,False,True,True
6301,2021-09-10,2021-08-06,1000.0,1000.0,35.0,2021-05-11,,2020-12-28,2021-08-06,,122.0,,256.0,35.0,,False,False,False,True,False,False,False,False,False,False,False,False,False,False,True,True,False,False,False,False
6302,2021-02-15,2020-12-12,500.0,500.0,65.0,,,2020-12-12,,,,,65.0,,,False,False,False,False,False,False,False,False,False,False,True,True,False,False,False,False,False,False,False,False
6304,2021-10-12,2020-12-21,100.0,100.0,295.0,2020-12-21,2020-12-01,,2020-08-27,,295.0,315.0,,411.0,,False,False,False,False,False,False,False,False,False,False,False,False,False,False,False,False,False,False,False,False
6313,2021-09-08,2021-09-03,1000.0,1000.0,5.0,2021-02-17,,2021-04-21,2021-09-03,,203.0,,140.0,5.0,,False,False,False,False,False,False,False,False,False,False,False,True,True,True,True,True,False,False,False,False
6313,2021-09-13,2021-09-08,5000.0,1000.0,10.0,2021-02-17,,2021-04-21,2021-09-03,,208.0,,145.0,10.0,,False,False,False,False,False,False,False,False,False,False,False,True,False,True,True,True,False,False,False,False
6314,2021-09-24,2021-09-06,2000.0,2000.0,18.0,2021-04-16,,2021-01-23,,2021-09-06,161.0,,244.0,,18.0,False,False,False,True,False,False,False,False,False,False,False,False,False,False,False,False,False,True,True,True
6318,2021-09-07,2021-09-04,100.0,100.0,3.0,2021-09-04,,2021-04-29,,2020-09-26,3.0,,131.0,,346.0,True,True,True,True,False,False,False,False,False,False,False,True,False,False,False,False,False,False,False,False
6318,2021-09-15,2021-09-07,5000.0,100.0,11.0,2021-09-04,,2021-04-29,,2020-09-26,11.0,,139.0,,354.0,False,True,True,True,False,False,False,False,False,False,False,True,False,False,False,False,False,False,False,False
6318,2021-12-27,2021-11-10,500.0,500.0,47.0,2021-09-04,,2021-11-10,,2020-09-26,114.0,,47.0,,457.0,False,False,False,True,False,False,False,False,False,False,True,True,False,False,False,False,False,False,False,False
6322,2021-09-03,2021-07-30,500.0,500.0,35.0,2021-05-12,2020-09-08,2021-07-30,,,114.0,360.0,35.0,,,False,False,False,True,False,False,False,False,False,False,True,True,False,False,False,False,False,False,False,False
6322,2021-10-21,2021-09-03,5000.0,500.0,83.0,2021-05-12,2020-09-08,2021-07-30,,,162.0,408.0,83.0,,,False,False,False,True,False,False,False,False,False,False,True,True,False,False,False,False,False,False,False,False
6323,2021-09-30,2021-09-29,1000.0,1000.0,1.0,2021-04-07,2021-01-05,2020-11-25,2021-09-29,2021-02-10,176.0,268.0,309.0,1.0,232.0,False,False,False,True,False,False,False,False,False,False,False,False,True,True,True,True,False,False,False,False
6324,2021-04-14,2021-04-03,100.0,100.0,11.0,2021-04-03,,2021-01-05,,,11.0,,99.0,,,False,True,True,True,False,False,False,False,False,False,False,True,False,False,False,False,False,False,False,False
6327,2021-11-18,2021-11-02,100.0,100.0,16.0,2021-11-02,,2021-03-30,2020-10-30,,16.0,,233.0,384.0,,False,True,True,True,False,False,False,False,False,False,False,False,False,False,False,False,False,False,False,False
6328,2021-10-21,2021-02-22,100.0,100.0,241.0,2021-02-22,,,,,241.0,,,,,False,False,False,False,False,False,False,False,False,False,False,False,False,False,False,False,False,False,False,False
6329,2021-03-20,2021-02-22,100.0,100.0,26.0,2021-02-22,,2020-09-28,2021-02-06,,26.0,,173.0,42.0,,False,True,True,True,False,False,False,False,False,False,False,True,False,False,True,True,False,False,False,False
6329,2021-04-13,2021-03-20,5000.0,100.0,50.0,2021-02-22,,2020-09-28,2021-02-06,,50.0,,197.0,66.0,,False,False,True,True,False,False,False,False,False,False,False,False,False,False,True,True,False,False,False,False
6332,2021-12-25,2021-11-04,500.0,500.0,51.0,2021-03-25,2020-12-15,2021-11-04,,,275.0,375.0,51.0,,,False,False,False,False,False,False,False,False,False,False,True,True,False,False,False,False,False,False,False,False
6335,2021-04-12,2021-03-27,100.0,100.0,16.0,2021-03-27,,2021-03-06,,,16.0,,37.0,,,False,True,True,True,False,False,False,False,False,False,True,True,False,False,False,False,False,False,False,False
6335,2021-04-27,2021-04-12,5000.0,100.0,31.0,2021-03-27,,2021-03-06,,,31.0,,52.0,,,False,False,True,True,False,False,False,False,False,False,True,True,False,False,False,False,False,False,False,False
6336,2021-03-10,2020-12-01,100.0,100.0,99.0,2020-12-01,,2020-10-05,,,99.0,,156.0,,,False,False,False,True,False,False,False,False,False,False,False,True,False,False,False,False,False,False,False,False
6339,2021-11-25,2021-11-05,500.0,500.0,20.0,2020-11-06,,2021-11-05,2021-04-02,,384.0,,20.0,237.0,,False,False,False,False,False,False,False,False,False,True,True,True,False,False,False,False,False,False,False,False
6341,2021-11-01,2021-08-04,500.0,500.0,89.0,,,2021-08-04,,,,,89.0,,,False,False,False,False,False,False,False,False,False,False,True,True,False,False,False,False,False,False,False,False
6347,2021-08-02,2021-02-06,100.0,100.0,177.0,2021-02-06,,,,,177.0,,,,,False,False,False,True,False,False,False,False,False,False,False,False,False,False,False,False,False,False,False,False
6350,2021-02-05,2021-01-05,100.0,100.0,31.0,2021-01-05,,,,,31.0,,,,,False,False,True,True,False,False,False,False,False,False,False,False,False,False,False,False,False,False,False,False
6352,2021-11-26,2021-08-13,100.0,100.0,105.0,2021-08-13,2021-02-02,,,,105.0,297.0,,,,False,False,False,True,False,False,False,False,False,False,False,False,False,False,False,False,False,False,False,False
6355,2021-02-05,2021-01-15,1000.0,1000.0,21.0,2020-11-11,,2020-07-25,2021-01-15,,86.0,,195.0,21.0,,False,False,True,True,False,False,False,False,False,False,False,False,False,True,True,True,False,False,False,False
6362,2021-05-05,2021-04-02,100.0,100.0,33.0,2021-04-02,,,,,33.0,,,,,False,False,True,True,False,False,False,False,False,False,False,False,False,False,False,False,False,False,False,False
6364,2021-09-23,2021-08-27,100.0,100.0,27.0,2021-08-27,2021-05-11,2021-08-25,2021-05-04,,27.0,135.0,29.0,142.0,,False,True,True,True,False,False,False,True,False,True,True,True,False,False,False,True,False,False,False,False
6365,2021-01-12,2020-12-01,500.0,500.0,42.0,2020-08-01,,2020-12-01,,,164.0,,42.0,,,False,False,False,True,False,False,False,False,False,False,True,True,False,False,False,False,False,False,False,False
6365,2021-03-06,2021-01-12,5000.0,500.0,95.0,2020-08-01,,2020-12-01,,,217.0,,95.0,,,False,False,False,False,False,False,False,False,False,False,False,True,False,False,False,False,False,False,False,False
6367,2021-12-30,2021-12-04,100.0,100.0,26.0,2021-12-04,,2021-03-20,2021-10-27,,26.0,,285.0,64.0,,False,True,True,True,False,False,False,False,False,False,False,False,False,False,True,True,False,False,False,False
6368,2021-02-16,2021-01-15,500.0,500.0,32.0,2020-10-05,,2021-01-15,,,134.0,,32.0,,,False,False,False,True,False,False,False,False,False,False,True,True,False,False,False,False,False,False,False,False
6369,2021-12-25,2021-11-13,100.0,100.0,42.0,2021-11-13,,2020-12-22,,,42.0,,368.0,,,False,False,True,True,False,False,False,False,False,False,False,False,False,False,False,False,False,False,False,False
6372,2021-10-12,2021-10-06,1000.0,1000.0,6.0,2021-02-22,,2021-02-24,2021-10-06,,232.0,,230.0,6.0,,False,False,False,False,False,False,False,False,False,False,False,False,True,True,True,True,False,False,False,False
6372,2021-10-27,2021-10-16,100.0,100.0,11.0,2021-10-16,,2021-02-24,2021-10-06,,11.0,,245.0,21.0,,False,True,True,True,False,False,False,False,False,False,False,False,False,True,True,True,False,False,False,False
6376,2021-11-25,2021-10-21,100.0,100.0,35.0,2021-10-21,,2021-04-01,,,35.0,,238.0,,,False,False,True,True,False,False,False,False,False,False,False,False,False,False,False,False,False,False,False,False
6377,2021-10-26,2021-10-25,100.0,100.0,1.0,2021-10-25,,2021-07-23,2021-09-22,,1.0,,95.0,34.0,,True,True,True,True,False,False,False,False,False,False,False,True,False,False,True,True,False,False,False,False
6378,2021-01-09,2020-10-26,500.0,500.0,75.0,2020-10-21,,2020-10-26,,,80.0,,75.0,,,False,False,True,True,False,False,False,False,False,False,True,True,False,False,False,False,False,False,False,False
6379,2021-09-22,2021-09-20,100.0,100.0,2.0,2021-09-20,,,2020-08-13,,2.0,,,405.0,,True,True,True,True,False,False,False,False,False,False,False,False,False,False,False,False,False,False,False,False
6386,2021-12-15,2021-12-13,100.0,100.0,2.0,2021-12-13,2020-12-15,2021-09-22,2021-09-20,,2.0,365.0,84.0,86.0,,True,True,True,True,False,False,False,False,False,False,True,True,False,False,True,True,False,False,False,False
6387,2021-11-30,2021-11-24,100.0,100.0,6.0,2021-11-24,,2021-03-26,2021-11-01,,6.0,,249.0,29.0,,True,True,True,True,False,False,False,False,False,False,False,False,False,True,True,True,False,False,False,False
6389,2021-08-13,2021-02-25,100.0,100.0,169.0,2021-02-25,,2021-01-25,,,169.0,,200.0,,,False,False,False,True,False,False,False,False,False,False,False,False,False,False,False,False,False,False,False,False
6399,2021-03-11,2020-12-22,100.0,100.0,79.0,2020-12-22,,,,,79.0,,,,,False,False,True,True,False,False,False,False,False,False,False,False,False,False,False,False,False,False,False,False
6399,2021-12-22,2021-12-15,100.0,100.0,7.0,2021-12-15,,2021-10-28,,,7.0,,55.0,,,True,True,True,True,False,False,False,False,False,False,True,True,False,False,False,False,False,False,False,False
6400,2021-01-09,2020-08-19,100.0,100.0,143.0,2020-08-19,,,,,143.0,,,,,False,False,False,True,False,False,False,False,False,False,False,False,False,False,False,False,False,False,False,False
6400,2021-10-25,2021-09-15,500.0,500.0,40.0,2021-03-29,,2021-09-15,,,210.0,,40.0,,,False,False,False,False,False,False,False,False,False,False,True,True,False,False,False,False,False,False,False,False
6406,2021-02-25,2020-10-28,100.0,100.0,120.0,2020-10-28,,,,,120.0,,,,,False,False,False,True,False,False,False,False,False,False,False,False,False,False,False,False,False,False,False,False
6410,2021-04-05,2021-03-04,100.0,100.0,32.0,2021-03-04,,2020-12-12,,,32.0,,114.0,,,False,False,True,True,False,False,False,False,False,False,False,True,False,False,False,False,False,False,False,False
6415,2021-11-18,2021-09-03,100.0,100.0,76.0,2021-09-03,,2021-08-13,2021-03-05,2020-12-15,76.0,,97.0,258.0,338.0,False,False,True,True,False,False,False,False,False,False,False,True,False,False,False,False,False,False,False,False
6418,2021-11-01,2021-08-09,100.0,100.0,84.0,2021-08-09,,2020-07-25,,,84.0,,464.0,,,False,False,True,True,False,False,False,False,False,False,False,False,False,False,False,False,False,False,False,False
6420,2021-05-10,2021-04-10,2000.0,2000.0,30.0,,,2021-03-13,,2021-04-10,,,58.0,,30.0,False,False,False,False,False,False,False,False,False,False,True,True,False,False,False,False,False,True,True,True
6421,2021-03-22,2021-03-15,1000.0,1000.0,7.0,,,,2021-03-15,,,,,7.0,,False,False,False,False,False,False,False,False,False,False,False,False,True,True,True,True,False,False,False,False
6421,2021-11-24,2021-11-10,100.0,100.0,14.0,2021-11-10,,,2021-03-15,,14.0,,,254.0,,False,True,True,True,False,False,False,False,False,False,False,False,False,False,False,False,False,False,False,False
6425,2021-03-31,2020-12-23,500.0,500.0,98.0,,,2020-12-23,,,,,98.0,,,False,False,False,False,False,False,False,False,False,False,False,True,False,False,False,False,False,False,False,False
6427,2021-09-02,2021-08-27,500.0,500.0,6.0,2021-03-05,,2021-08-27,2021-02-22,2021-03-15,181.0,,6.0,192.0,171.0,False,False,False,False,False,False,False,False,True,True,True,True,False,False,False,False,False,False,False,True
6428,2021-12-29,2021-12-18,100.0,100.0,11.0,2021-12-18,,2021-12-06,2021-03-18,,11.0,,23.0,286.0,,False,True,True,True,False,False,False,False,False,True,True,True,False,False,False,False,False,False,False,False
6430,2021-09-18,2021-08-18,500.0,500.0,31.0,2020-11-18,2021-05-11,2021-08-18,,,304.0,130.0,31.0,,,False,False,False,False,False,False,False,True,False,False,True,True,False,False,False,False,False,False,False,False
6431,2021-02-09,2021-01-12,500.0,500.0,28.0,,,2021-01-12,,,,,28.0,,,False,False,False,False,False,False,False,False,False,True,True,True,False,False,False,False,False,False,False,False
6432,2021-10-06,,,,,,,,,,,,,,,False,False,False,False,False,False,False,False,False,False,False,False,False,False,False,False,False,False,False,False
6433,2021-10-20,2021-10-18,100.0,100.0,2.0,2021-10-18,,2021-07-27,2021-04-24,,2.0,,85.0,179.0,,True,True,True,True,False,False,False,False,False,False,True,True,False,False,False,True,False,False,False,False
6436,2021-11-01,2021-09-06,1000.0,1000.0,56.0,,2020-12-22,2021-08-06,2021-09-06,,,314.0,87.0,56.0,,False,False,False,False,False,False,False,False,False,False,True,True,False,False,True,True,False,False,False,False
6439,2021-03-09,2021-02-11,100.0,100.0,26.0,2021-02-11,,2021-01-01,,,26.0,,67.0,,,False,True,True,True,False,False,False,False,False,False,True,True,False,False,False,False,False,False,False,False
6439,2021-09-17,2021-08-30,100.0,100.0,18.0,2021-08-30,,2021-01-01,,,18.0,,259.0,,,False,True,True,True,False,False,False,False,False,False,False,False,False,False,False,False,False,False,False,False
6442,2021-04-14,2021-04-13,1000.0,1000.0,1.0,2021-02-19,,,2021-04-13,,54.0,,,1.0,,False,False,True,True,False,False,False,False,False,False,False,False,True,True,True,True,False,False,False,False
6443,2021-12-22,2021-10-22,1000.0,1000.0,61.0,,,2021-02-12,2021-10-22,,,,313.0,61.0,,False,False,False,False,False,False,False,False,False,False,False,False,False,False,True,True,False,False,False,False
6453,2021-03-19,2020-08-19,100.0,100.0,212.0,2020-08-19,,,,,212.0,,,,,False,False,False,False,False,False,False,False,False,False,False,False,False,False,False,False,False,False,False,False
6455,2021-01-27,,,,,,,,,,,,,,,False,False,False,False,False,False,False,False,False,False,False,False,False,False,False,False,False,False,False,False
6455,2021-04-30,2021-02-12,500.0,500.0,77.0,2021-02-09,,2021-02-12,,,80.0,,77.0,,,False,False,True,True,False,False,False,False,False,False,True,True,False,False,False,False,False,False,False,False
6456,2021-12-24,2021-09-17,500.0,500.0,98.0,2020-09-10,2021-09-14,2021-09-17,,,470.0,101.0,98.0,,,False,False,False,False,False,False,False,True,False,False,False,True,False,False,False,False,False,False,False,False
6457,2021-04-07,2021-02-05,500.0,500.0,61.0,2020-11-18,,2021-02-05,,,140.0,,61.0,,,False,False,False,True,False,False,False,False,False,False,True,True,False,False,False,False,False,False,False,False
6457,2021-09-04,2021-08-25,1000.0,1000.0,10.0,2021-08-11,2021-04-27,2021-02-05,2021-08-25,,24.0,130.0,211.0,10.0,,False,True,True,True,False,False,False,True,False,False,False,False,False,True,True,True,False,False,False,False
6461,2021-03-29,2021-03-16,100.0,100.0,13.0,2021-03-16,2021-02-16,2021-01-12,,,13.0,41.0,76.0,,,False,True,True,True,False,False,True,True,False,False,True,True,False,False,False,False,False,False,False,False
6467,2021-11-16,2021-11-13,100.0,100.0,3.0,2021-11-13,2020-09-08,,2020-09-30,,3.0,434.0,,412.0,,True,True,True,True,False,False,False,False,False,False,False,False,False,False,False,False,False,False,False,False
6470,2021-10-21,2021-09-23,500.0,500.0,28.0,2021-08-25,,2021-09-23,,,57.0,,28.0,,,False,False,True,True,False,False,False,False,False,True,True,True,False,False,False,False,False,False,False,False
6472,2021-09-23,2021-03-20,100.0,100.0,187.0,2021-03-20,,,,,187.0,,,,,False,False,False,False,False,False,False,False,False,False,False,False,False,False,False,False,False,False,False,False
6479,2021-10-15,2021-10-14,1000.0,1000.0,1.0,2021-10-07,,,2021-10-14,,8.0,,,1.0,,False,True,True,True,False,False,False,False,False,False,False,False,True,True,True,True,False,False,False,False
6481,2021-07-23,2021-04-08,100.0,100.0,106.0,2021-04-08,,,2021-02-05,2021-03-23,106.0,,,168.0,122.0,False,False,False,True,False,False,False,False,False,False,False,False,False,False,False,True,False,False,False,True
6481,2021-09-28,2021-07-23,5000.0,100.0,173.0,2021-04-08,,,2021-02-05,2021-03-23,173.0,,,235.0,189.0,False,False,False,True,False,False,False,False,False,False,False,False,False,False,False,False,False,False,False,False
6481,2021-11-15,2021-10-13,100.0,100.0,33.0,2021-10-13,,,2021-02-05,2021-03-23,33.0,,,283.0,237.0,False,False,True,True,False,False,False,False,False,False,False,False,False,False,False,False,False,False,False,False
6485,2021-03-05,,,,,,,,,,,,,,,False,False,False,False,False,False,False,False,False,False,False,False,False,False,False,False,False,False,False,False
6489,2021-10-06,2021-09-20,1000.0,1000.0,16.0,2021-08-16,,2021-01-15,2021-09-20,,51.0,,264.0,16.0,,False,False,True,True,False,False,False,False,False,False,False,False,False,True,True,True,False,False,False,False
6490,2021-09-22,2021-09-13,100.0,100.0,9.0,2021-09-13,,,,,9.0,,,,,False,True,True,True,False,False,False,False,False,False,False,False,False,False,False,False,False,False,False,False
6490,2021-11-29,2021-11-09,100.0,100.0,20.0,2021-11-09,,2021-10-12,,,20.0,,48.0,,,False,True,True,True,False,False,False,False,False,False,True,True,False,False,False,False,False,False,False,False
6490,2021-12-17,2021-11-30,100.0,100.0,17.0,2021-11-30,,2021-10-12,,,17.0,,66.0,,,False,True,True,True,False,False,False,False,False,False,True,True,False,False,False,False,False,False,False,False
6492,2021-12-01,2021-11-30,100.0,100.0,1.0,2021-11-30,,2021-10-22,2021-08-30,,1.0,,40.0,93.0,,True,True,True,True,False,False,False,False,False,False,True,True,False,False,False,True,False,False,False,False
6494,2021-11-18,2021-04-27,100.0,100.0,205.0,2021-04-27,,2021-03-25,,,205.0,,238.0,,,False,False,False,False,False,False,False,False,False,False,False,False,False,False,False,False,False,False,False,False
6496,2021-11-23,2021-11-17,1000.0,1000.0,6.0,2021-10-16,,2021-04-26,2021-11-17,,38.0,,211.0,6.0,,False,False,True,True,False,False,False,False,False,False,False,False,True,True,True,True,False,False,False,False
6497,2021-12-15,2021-12-03,100.0,100.0,12.0,2021-12-03,,2020-11-18,,,12.0,,392.0,,,False,True,True,True,False,False,False,False,False,False,False,False,False,False,False,False,False,False,False,False
6498,2021-12-29,2021-11-16,100.0,100.0,43.0,2021-11-16,,2021-02-22,,,43.0,,310.0,,,False,False,True,True,False,False,False,False,False,False,False,False,False,False,False,False,False,False,False,False
6499,2021-02-04,2020-10-12,1000.0,1000.0,115.0,,,,2020-10-12,,,,,115.0,,False,False,False,False,False,False,False,False,False,False,False,False,False,False,False,True,False,False,False,False
6500,2021-12-03,2021-11-09,100.0,100.0,24.0,2021-11-09,2021-02-16,2020-11-27,,,24.0,290.0,371.0,,,False,True,True,True,False,False,False,False,False,False,False,False,False,False,False,False,False,False,False,False
6501,2021-02-13,2020-12-29,100.0,100.0,46.0,2020-12-29,,,,,46.0,,,,,False,False,True,True,False,False,False,False,False,False,False,False,False,False,False,False,False,False,False,False
6502,2021-12-09,2021-12-08,100.0,100.0,1.0,2021-12-08,,2021-09-08,,2020-10-07,1.0,,92.0,,428.0,True,True,True,True,False,False,False,False,False,False,False,True,False,False,False,False,False,False,False,False
6503,2021-08-04,2021-01-25,100.0,100.0,191.0,2021-01-25,,2020-12-23,,,191.0,,224.0,,,False,False,False,False,False,False,False,False,False,False,False,False,False,False,False,False,False,False,False,False
6503,2021-09-20,2021-08-04,5000.0,100.0,238.0,2021-01-25,,2020-12-23,,,238.0,,271.0,,,False,False,False,False,False,False,False,False,False,False,False,False,False,False,False,False,False,False,False,False
6511,2021-12-25,2021-12-24,500.0,500.0,1.0,2020-11-27,,2021-12-24,,,393.0,,1.0,,,False,False,False,False,False,False,False,False,True,True,True,True,False,False,False,False,False,False,False,False
6513,2021-12-03,2021-08-30,100.0,100.0,95.0,2021-08-30,,2021-01-11,2021-07-30,,95.0,,326.0,126.0,,False,False,False,True,False,False,False,False,False,False,False,False,False,False,False,True,False,False,False,False
6514,2021-11-29,2021-09-14,500.0,500.0,76.0,2021-04-15,,2021-09-14,2020-12-29,2021-03-24,228.0,,76.0,335.0,250.0,False,False,False,False,False,False,False,False,False,False,True,True,False,False,False,False,False,False,False,False
6515,2021-11-18,2021-11-08,2000.0,2000.0,10.0,2021-07-23,2021-10-26,,2021-08-27,2021-11-08,118.0,23.0,,83.0,10.0,False,False,False,True,False,True,True,True,False,False,False,False,False,False,True,True,False,True,True,True
6522,2021-04-12,2021-04-02,100.0,100.0,10.0,2021-04-02,,2021-02-11,,,10.0,,60.0,,,False,True,True,True,False,False,False,False,False,False,True,True,False,False,False,False,False,False,False,False
6522,2021-10-22,2021-08-18,500.0,500.0,65.0,2021-04-02,,2021-08-18,,,203.0,,65.0,,,False,False,False,False,False,False,False,False,False,False,True,True,False,False,False,False,False,False,False,False
6528,2021-04-26,2021-03-23,100.0,100.0,34.0,2021-03-23,2020-08-11,,,,34.0,258.0,,,,False,False,True,True,False,False,False,False,False,False,False,False,False,False,False,False,False,False,False,False
6529,2021-11-06,2021-09-30,500.0,500.0,37.0,2021-01-20,,2021-09-30,2020-12-04,2021-09-08,290.0,,37.0,337.0,59.0,False,False,False,False,False,False,False,False,False,False,True,True,False,False,False,False,False,False,True,True
6530,2021-03-05,2021-02-20,100.0,100.0,13.0,2021-02-20,,,2020-11-20,,13.0,,,105.0,,False,True,True,True,False,False,False,False,False,False,False,False,False,False,False,True,False,False,False,False
6530,2021-11-22,2021-08-27,100.0,100.0,87.0,2021-08-27,,2021-04-09,2020-11-20,,87.0,,227.0,367.0,,False,False,True,True,False,False,False,False,False,False,False,False,False,False,False,False,False,False,False,False
6534,2021-12-08,2021-11-22,100.0,100.0,16.0,2021-11-22,2021-10-19,2021-10-21,2021-03-18,,16.0,50.0,48.0,265.0,,False,True,True,True,False,False,True,True,False,False,True,True,False,False,False,False,False,False,False,False
6534,2021-12-21,2021-12-08,5000.0,100.0,29.0,2021-11-22,2021-10-19,2021-10-21,2021-03-18,,29.0,63.0,61.0,278.0,,False,True,True,True,False,False,True,True,False,False,True,True,False,False,False,False,False,False,False,False
6534,2021-12-25,2021-12-21,5000.0,100.0,33.0,2021-11-22,2021-10-19,2021-10-21,2021-03-18,,33.0,67.0,65.0,282.0,,False,False,True,True,False,False,True,True,False,False,True,True,False,False,False,False,False,False,False,False
6535,2021-04-10,2021-03-03,100.0,100.0,38.0,2021-03-03,,,,,38.0,,,,,False,False,True,True,False,False,False,False,False,False,False,False,False,False,False,False,False,False,False,False
6535,2021-11-16,2021-09-22,1000.0,1000.0,55.0,2021-09-17,2021-04-27,2021-04-30,2021-09-22,,60.0,203.0,200.0,55.0,,False,False,True,True,False,False,False,False,False,False,False,False,False,False,True,True,False,False,False,False
6536,2021-08-20,2021-05-11,200.0,200.0,101.0,2021-02-13,2021-05-11,2021-02-18,,,188.0,101.0,183.0,,,False,False,False,False,False,False,False,True,False,False,False,False,False,False,False,False,False,False,False,False
6541,2021-04-03,2021-01-05,500.0,500.0,88.0,2020-12-21,,2021-01-05,2020-12-30,,103.0,,88.0,94.0,,False,False,False,True,False,False,False,False,False,False,True,True,False,False,False,True,False,False,False,False
6543,2021-11-02,2021-10-19,100.0,100.0,14.0,2021-10-19,,2021-08-25,2020-12-11,,14.0,,69.0,326.0,,False,True,True,True,False,False,False,False,False,False,True,True,False,False,False,False,False,False,False,False
6545,2021-04-27,2020-12-01,500.0,500.0,147.0,2020-10-10,,2020-12-01,,,199.0,,147.0,,,False,False,False,False,False,False,False,False,False,False,False,True,False,False,False,False,False,False,False,False
6546,2021-12-08,2021-12-02,1000.0,1000.0,6.0,2021-10-19,,2021-10-28,2021-12-02,,50.0,,41.0,6.0,,False,False,True,True,False,False,False,False,False,False,True,True,True,True,True,True,False,False,False,False
6547,2021-10-29,2021-10-04,100.0,100.0,25.0,2021-10-04,2021-04-20,2021-09-04,,,25.0,192.0,55.0,,,False,True,True,True,False,False,False,False,False,False,True,True,False,False,False,False,False,False,False,False
6555,2021-10-23,2021-09-11,500.0,500.0,42.0,,,2021-09-11,2020-12-25,,,,42.0,302.0,,False,False,False,False,False,False,False,False,False,False,True,True,False,False,False,False,False,False,False,False
6556,2021-01-30,2020-12-26,500.0,500.0,35.0,,,2020-12-26,,,,,35.0,,,False,False,False,False,False,False,False,False,False,False,True,True,False,False,False,False,False,False,False,False
6559,2021-11-01,2021-10-22,500.0,500.0,10.0,2021-04-23,,2021-10-22,2020-10-28,,192.0,,10.0,369.0,,False,False,False,False,False,False,False,False,False,True,True,True,False,False,False,False,False,False,False,False
6560,2021-02-10,2021-02-02,500.0,500.0,8.0,2020-11-20,,2021-02-02,,2021-01-06,82.0,,8.0,,35.0,False,False,True,True,False,False,False,False,False,True,True,True,False,False,False,False,False,False,True,True
6560,2021-02-26,2021-02-10,5000.0,500.0,24.0,2020-11-20,,2021-02-02,,2021-01-06,98.0,,24.0,,51.0,False,False,False,True,False,False,False,False,False,True,True,True,False,False,False,False,False,False,True,True
6561,2021-04-05,2021-03-24,100.0,100.0,12.0,2021-03-24,,2020-10-28,2020-12-26,,12.0,,159.0,100.0,,False,True,True,True,False,False,False,False,False,False,False,True,False,False,False,True,False,False,False,False
6562,2021-04-05,2021-04-02,100.0,100.0,3.0,2021-04-02,2021-02-16,2020-12-19,,2021-01-11,3.0,48.0,107.0,,84.0,True,True,True,True,False,False,True,True,False,False,False,True,False,False,False,False,False,False,True,True
6562,2021-12-07,2021-11-24,100.0,100.0,13.0,2021-11-24,2021-02-16,2021-09-06,,2021-01-11,13.0,294.0,92.0,,330.0,False,True,True,True,False,False,False,False,False,False,False,True,False,False,False,False,False,False,False,False
6564,2021-01-05,2020-12-19,500.0,500.0,17.0,2020-11-09,,2020-12-19,,,57.0,,17.0,,,False,False,True,True,False,False,False,False,False,True,True,True,False,False,False,False,False,False,False,False
6564,2021-04-02,2021-03-13,100.0,100.0,20.0,2021-03-13,,2020-12-19,,,20.0,,104.0,,,False,True,True,True,False,False,False,False,False,False,False,True,False,False,False,False,False,False,False,False
6569,2021-02-08,,,,,,,,,,,,,,,False,False,False,False,False,False,False,False,False,False,False,False,False,False,False,False,False,False,False,False
6570,2021-04-21,2021-03-18,1000.0,1000.0,34.0,2021-03-13,,,2021-03-18,,39.0,,,34.0,,False,False,True,True,False,False,False,False,False,False,False,False,False,False,True,True,False,False,False,False
6573,2021-04-03,2021-02-19,100.0,100.0,43.0,2021-02-19,,,,,43.0,,,,,False,False,True,True,False,False,False,False,False,False,False,False,False,False,False,False,False,False,False,False
6574,2021-09-13,2021-05-11,500.0,500.0,125.0,2021-01-25,2021-03-09,2021-05-11,,,231.0,188.0,125.0,,,False,False,False,False,False,False,False,False,False,False,False,True,False,False,False,False,False,False,False,False
6575,2021-11-19,2021-11-08,500.0,500.0,11.0,2021-02-10,,2021-11-08,,,282.0,,11.0,,,False,False,False,False,False,False,False,False,False,True,True,True,False,False,False,False,False,False,False,False
6581,2021-04-15,2021-01-18,100.0,100.0,87.0,2021-01-18,,,,,87.0,,,,,False,False,True,True,False,False,False,False,False,False,False,False,False,False,False,False,False,False,False,False
6584,2021-10-06,2021-10-04,100.0,100.0,2.0,2021-10-04,,2021-09-08,,2021-01-27,2.0,,28.0,,252.0,True,True,True,True,False,False,False,False,False,True,True,True,False,False,False,False,False,False,False,False
6585,2021-09-08,2021-09-02,100.0,100.0,6.0,2021-09-02,,2021-08-04,,,6.0,,35.0,,,True,True,True,True,False,False,False,False,False,False,True,True,False,False,False,False,False,False,False,False
6586,2021-02-11,2020-12-05,500.0,500.0,68.0,2020-10-23,,2020-12-05,,,111.0,,68.0,,,False,False,False,True,False,False,False,False,False,False,True,True,False,False,False,False,False,False,False,False
6593,2021-03-09,2021-01-12,1000.0,1000.0,56.0,,,,2021-01-12,,,,,56.0,,False,False,False,False,False,False,False,False,False,False,False,False,False,False,True,True,False,False,False,False
6599,2021-11-23,2021-10-22,500.0,500.0,32.0,2021-08-27,,2021-10-22,2021-09-10,,88.0,,32.0,74.0,,False,False,True,True,False,False,False,False,False,False,True,True,False,False,True,True,False,False,False,False
6604,2021-09-06,2021-08-13,500.0,500.0,24.0,2021-04-12,2021-02-09,2021-08-13,2020-12-16,,147.0,209.0,24.0,264.0,,False,False,False,True,False,False,False,False,False,True,True,True,False,False,False,False,False,False,False,False
6605,2021-01-09,2020-11-02,5000.0,,,,,,,,,,,,,False,False,False,False,False,False,False,False,False,False,False,False,False,False,False,False,False,False,False,False
6611,2021-02-27,2021-01-30,100.0,100.0,28.0,2021-01-30,,2021-01-29,,,28.0,,29.0,,,False,True,True,True,False,False,False,False,False,True,True,True,False,False,False,False,False,False,False,False
6617,2021-02-10,2020-12-26,100.0,100.0,46.0,2020-12-26,,,,,46.0,,,,,False,False,True,True,False,False,False,False,False,False,False,False,False,False,False,False,False,False,False,False
6617,2021-10-25,2021-09-25,100.0,100.0,30.0,2021-09-25,,,,,30.0,,,,,False,True,True,True,False,False,False,False,False,False,False,False,False,False,False,False,False,False,False,False
6630,2021-03-24,2021-01-12,200.0,200.0,71.0,,2021-01-12,2020-09-22,,,,71.0,183.0,,,False,False,False,False,False,False,True,True,False,False,False,False,False,False,False,False,False,False,False,False
6630,2021-09-22,2021-04-30,500.0,500.0,145.0,,2021-01-12,2021-04-30,,,,253.0,145.0,,,False,False,False,False,False,False,False,False,False,False,False,True,False,False,False,False,False,False,False,False
6631,2021-12-13,2021-11-02,100.0,100.0,41.0,2021-11-02,,2021-03-16,2021-01-22,,41.0,,272.0,325.0,,False,False,True,True,False,False,False,False,False,False,False,False,False,False,False,False,False,False,False,False
6634,2021-02-16,2020-12-09,100.0,100.0,69.0,2020-12-09,,,,,69.0,,,,,False,False,True,True,False,False,False,False,False,False,False,False,False,False,False,False,False,False,False,False
6637,2021-11-01,2021-03-11,100.0,100.0,235.0,2021-03-11,,2020-10-16,,,235.0,,381.0,,,False,False,False,False,False,False,False,False,False,False,False,False,False,False,False,False,False,False,False,False
6638,2021-04-24,2021-02-02,100.0,100.0,81.0,2021-02-02,,2020-09-10,,,81.0,,226.0,,,False,False,True,True,False,False,False,False,False,False,False,False,False,False,False,False,False,False,False,False
6647,2021-02-05,2021-01-23,100.0,100.0,13.0,2021-01-23,,2021-01-20,,2020-12-02,13.0,,16.0,,65.0,False,True,True,True,False,False,False,False,False,True,True,True,False,False,False,False,False,False,True,True
6650,2021-11-16,2021-11-13,100.0,100.0,3.0,2021-11-13,,2021-09-14,,,3.0,,63.0,,,True,True,True,True,False,False,False,False,False,False,True,True,False,False,False,False,False,False,False,False
6659,2021-11-17,2021-09-24,100.0,100.0,54.0,2021-09-24,2021-05-11,2021-07-23,2021-04-23,,54.0,190.0,117.0,208.0,,False,False,True,True,False,False,False,False,False,False,False,True,False,False,False,False,False,False,False,False
6663,2021-11-13,2021-11-12,100.0,100.0,1.0,2021-11-12,,2021-10-07,,,1.0,,37.0,,,True,True,True,True,False,False,False,False,False,False,True,True,False,False,False,False,False,False,False,False
6664,2021-10-01,2020-12-15,100.0,100.0,290.0,2020-12-15,,2020-09-26,,,290.0,,370.0,,,False,False,False,False,False,False,False,False,False,False,False,False,False,False,False,False,False,False,False,False
6667,2021-09-21,2021-09-07,200.0,200.0,14.0,2021-03-22,2021-09-07,2020-12-02,2020-11-20,,183.0,14.0,293.0,305.0,,False,False,False,False,False,True,True,True,False,False,False,False,False,False,False,False,False,False,False,False
6669,2021-02-04,2020-12-07,100.0,100.0,59.0,2020-12-07,,2020-08-13,,,59.0,,175.0,,,False,False,True,True,False,False,False,False,False,False,False,True,False,False,False,False,False,False,False,False
6670,2021-10-12,2021-04-22,500.0,500.0,173.0,2021-04-02,,2021-04-22,,2021-01-02,193.0,,173.0,,283.0,False,False,False,False,False,False,False,False,False,False,False,True,False,False,False,False,False,False,False,False
6671,2021-01-15,2021-01-04,500.0,500.0,11.0,2020-08-11,,2021-01-04,,,157.0,,11.0,,,False,False,False,True,False,False,False,False,False,True,True,True,False,False,False,False,False,False,False,False
6672,2021-11-08,2020-12-04,1000.0,1000.0,339.0,,,,2020-12-04,,,,,339.0,,False,False,False,False,False,False,False,False,False,False,False,False,False,False,False,False,False,False,False,False
6673,2021-02-09,2021-02-06,100.0,100.0,3.0,2021-02-06,,,,,3.0,,,,,True,True,True,True,False,False,False,False,False,False,False,False,False,False,False,False,False,False,False,False
6673,2021-04-08,2021-02-26,100.0,100.0,41.0,2021-02-26,,,,,41.0,,,,,False,False,True,True,False,False,False,False,False,False,False,False,False,False,False,False,False,False,False,False
6674,2021-12-28,2021-12-09,500.0,500.0,19.0,2021-04-19,,2021-12-09,,,253.0,,19.0,,,False,False,False,False,False,False,False,False,False,True,True,True,False,False,False,False,False,False,False,False
6684,2021-04-22,2020-09-22,1000.0,1000.0,212.0,,,,2020-09-22,,,,,212.0,,False,False,False,False,False,False,False,False,False,False,False,False,False,False,False,False,False,False,False,False
6693,2021-10-11,2021-09-22,500.0,500.0,19.0,2021-09-14,,2021-09-22,,,27.0,,19.0,,,False,True,True,True,False,False,False,False,False,True,True,True,False,False,False,False,False,False,False,False
6694,2021-10-21,2021-10-15,1000.0,1000.0,6.0,2021-09-09,,2021-09-20,2021-10-15,2021-02-08,42.0,,31.0,6.0,255.0,False,False,True,True,False,False,False,False,False,False,True,True,True,True,True,True,False,False,False,False
6695,2021-09-02,2021-05-06,100.0,100.0,119.0,2021-05-06,,2021-02-06,2021-02-05,,119.0,,208.0,209.0,,False,False,False,True,False,False,False,False,False,False,False,False,False,False,False,False,False,False,False,False
6695,2021-10-22,2021-09-02,5000.0,100.0,169.0,2021-05-06,,2021-02-06,2021-02-05,,169.0,,258.0,259.0,,False,False,False,True,False,False,False,False,False,False,False,False,False,False,False,False,False,False,False,False
6696,2021-02-26,2021-02-06,100.0,100.0,20.0,2021-02-06,,2020-12-18,,,20.0,,70.0,,,False,True,True,True,False,False,False,False,False,False,True,True,False,False,False,False,False,False,False,False
6698,2021-10-25,2020-11-06,100.0,100.0,353.0,2020-11-06,,2020-10-14,,,353.0,,376.0,,,False,False,False,False,False,False,False,False,False,False,False,False,False,False,False,False,False,False,False,False
6700,2021-02-02,2021-01-25,500.0,500.0,8.0,2021-01-15,,2021-01-25,,,18.0,,8.0,,,False,True,True,True,False,False,False,False,False,True,True,True,False,False,False,False,False,False,False,False
6700,2021-12-23,2021-12-06,100.0,100.0,17.0,2021-12-06,,2021-03-08,2021-05-06,,17.0,,290.0,231.0,,False,True,True,True,False,False,False,False,False,False,False,False,False,False,False,False,False,False,False,False
6702,2021-11-25,2021-10-23,2000.0,2000.0,33.0,2021-03-24,,2021-01-22,,2021-10-23,246.0,,307.0,,33.0,False,False,False,False,False,False,False,False,False,False,False,False,False,False,False,False,False,False,True,True
6708,2021-12-15,2021-10-15,100.0,100.0,61.0,2021-10-15,2021-04-20,2020-12-23,,,61.0,239.0,357.0,,,False,False,True,True,False,False,False,False,False,False,False,False,False,False,False,False,False,False,False,False
6709,2021-03-22,2021-03-19,100.0,100.0,3.0,2021-03-19,,,,2020-09-08,3.0,,,,195.0,True,True,True,True,False,False,False,False,False,False,False,False,False,False,False,False,False,False,False,False
6713,2021-09-13,2021-02-26,500.0,500.0,199.0,2021-01-18,,2021-02-26,,,238.0,,199.0,,,False,False,False,False,False,False,False,False,False,False,False,False,False,False,False,False,False,False,False,False
6714,2021-05-10,2021-04-29,100.0,100.0,11.0,2021-04-29,,2021-04-15,,,11.0,,25.0,,,False,True,True,True,False,False,False,False,False,True,True,True,False,False,False,False,False,False,False,False
6727,2021-02-08,2020-12-16,5000.0,,,,,,,,,,,,,False,False,False,False,False,False,False,False,False,False,False,False,False,False,False,False,False,False,False,False
6727,2021-09-18,2021-09-17,100.0,100.0,1.0,2021-09-17,,,,,1.0,,,,,True,True,True,True,False,False,False,False,False,False,False,False,False,False,False,False,False,False,False,False
6735,2021-04-29,2021-04-15,500.0,500.0,14.0,2020-09-24,,2021-04-15,,,217.0,,14.0,,,False,False,False,False,False,False,False,False,False,True,True,True,False,False,False,False,False,False,False,False
6741,2021-10-13,2021-08-25,100.0,100.0,49.0,2021-08-25,,2021-04-19,,,49.0,,177.0,,,False,False,True,True,False,False,False,False,False,False,False,True,False,False,False,False,False,False,False,False
6743,2021-12-27,2021-12-10,100.0,100.0,17.0,2021-12-10,,2021-09-27,,,17.0,,91.0,,,False,True,True,True,False,False,False,False,False,False,False,True,False,False,False,False,False,False,False,False
6745,2021-09-13,2021-04-16,500.0,500.0,150.0,2021-03-22,,2021-04-16,,2021-04-10,175.0,,150.0,,156.0,False,False,False,True,False,False,False,False,False,False,False,True,False,False,False,False,False,False,False,True
6750,2021-02-08,2021-01-30,100.0,100.0,9.0,2021-01-30,,,,,9.0,,,,,False,True,True,True,False,False,False,False,False,False,False,False,False,False,False,False,False,False,False,False
6751,2021-12-20,2021-09-06,500.0,500.0,105.0,2021-03-09,,2021-09-06,,,286.0,,105.0,,,False,False,False,False,False,False,False,False,False,False,False,True,False,False,False,False,False,False,False,False
6754,2021-11-18,2021-11-05,500.0,500.0,13.0,2021-10-12,2020-12-22,2021-11-05,2021-10-06,,37.0,331.0,13.0,43.0,,False,False,True,True,False,False,False,False,False,True,True,True,False,False,True,True,False,False,False,False
6756,2021-02-08,2020-11-13,500.0,500.0,87.0,,,2020-11-13,,,,,87.0,,,False,False,False,False,False,False,False,False,False,False,True,True,False,False,False,False,False,False,False,False
6760,2021-01-30,,,,,,,,,,,,,,,False,False,False,False,False,False,False,False,False,False,False,False,False,False,False,False,False,False,False,False
6764,2021-03-22,2021-01-29,1000.0,1000.0,52.0,2020-12-29,,,2021-01-29,,83.0,,,52.0,,False,False,True,True,False,False,False,False,False,False,False,False,False,False,True,True,False,False,False,False
6766,2021-03-05,2021-01-16,500.0,500.0,48.0,2020-12-23,,2021-01-16,,,72.0,,48.0,,,False,False,True,True,False,False,False,False,False,False,True,True,False,False,False,False,False,False,False,False
6767,2021-04-13,2021-02-12,500.0,500.0,60.0,,,2021-02-12,2020-12-22,,,,60.0,112.0,,False,False,False,False,False,False,False,False,False,False,True,True,False,False,False,True,False,False,False,False
6776,2021-12-24,2021-11-29,100.0,100.0,25.0,2021-11-29,,2021-11-13,,,25.0,,41.0,,,False,True,True,True,False,False,False,False,False,False,True,True,False,False,False,False,False,False,False,False
6780,2021-08-30,2020-09-02,500.0,500.0,362.0,,,2020-09-02,,,,,362.0,,,False,False,False,False,False,False,False,False,False,False,False,False,False,False,False,False,False,False,False,False
6781,2021-11-05,2021-10-15,100.0,100.0,21.0,2021-10-15,,2021-09-11,2021-05-10,,21.0,,55.0,179.0,,False,True,True,True,False,False,False,False,False,False,True,True,False,False,False,True,False,False,False,False
6785,2021-09-17,2021-03-23,500.0,500.0,178.0,2020-12-15,,2021-03-23,,,276.0,,178.0,,,False,False,False,False,False,False,False,False,False,False,False,True,False,False,False,False,False,False,False,False
6787,2021-01-27,,,,,,,,,,,,,,,False,False,False,False,False,False,False,False,False,False,False,False,False,False,False,False,False,False,False,False
6792,2021-11-06,2021-04-22,100.0,100.0,198.0,2021-04-22,,2021-03-09,,,198.0,,242.0,,,False,False,False,False,False,False,False,False,False,False,False,False,False,False,False,False,False,False,False,False
6792,2021-12-21,2021-12-04,100.0,100.0,17.0,2021-12-04,,2021-03-09,,,17.0,,287.0,,,False,True,True,True,False,False,False,False,False,False,False,False,False,False,False,False,False,False,False,False
6793,2021-10-04,2021-09-16,100.0,100.0,18.0,2021-09-16,,2021-08-09,,,18.0,,56.0,,,False,True,True,True,False,False,False,False,False,False,True,True,False,False,False,False,False,False,False,False
6794,2021-09-02,2021-04-22,500.0,500.0,133.0,2021-04-13,,2021-04-22,2020-10-28,,142.0,,133.0,309.0,,False,False,False,True,False,False,False,False,False,False,False,True,False,False,False,False,False,False,False,False
6799,2021-03-17,2021-01-04,2000.0,2000.0,72.0,,,2020-08-01,,2021-01-04,,,228.0,,72.0,False,False,False,False,False,False,False,False,False,False,False,False,False,False,False,False,False,False,True,True
6800,2021-04-28,2021-03-26,100.0,100.0,33.0,2021-03-26,,,,,33.0,,,,,False,False,True,True,False,False,False,False,False,False,False,False,False,False,False,False,False,False,False,False
6804,2021-09-15,2021-02-10,100.0,100.0,217.0,2021-02-10,,2021-02-06,2020-10-26,,217.0,,221.0,324.0,,False,False,False,False,False,False,False,False,False,False,False,False,False,False,False,False,False,False,False,False
6805,2021-01-22,2020-12-04,100.0,100.0,49.0,2020-12-04,,2020-11-16,,,49.0,,67.0,,,False,False,True,True,False,False,False,False,False,False,True,True,False,False,False,False,False,False,False,False
6805,2021-04-09,2021-03-08,500.0,500.0,32.0,2020-12-04,,2021-03-08,,,126.0,,32.0,,,False,False,False,True,False,False,False,False,False,False,True,True,False,False,False,False,False,False,False,False
6805,2021-10-13,2021-04-28,100.0,100.0,168.0,2021-04-28,,2021-04-16,,,168.0,,180.0,,,False,False,False,True,False,False,False,False,False,False,False,True,False,False,False,False,False,False,False,False
6806,2021-02-10,2020-10-19,500.0,500.0,114.0,2020-08-27,,2020-10-19,,,167.0,,114.0,,,False,False,False,True,False,False,False,False,False,False,False,True,False,False,False,False,False,False,False,False
6807,2021-12-08,2021-10-05,100.0,100.0,64.0,2021-10-05,2021-03-23,2021-09-20,,,64.0,260.0,79.0,,,False,False,True,True,False,False,False,False,False,False,True,True,False,False,False,False,False,False,False,False
6807,2021-12-17,2021-12-08,5000.0,100.0,73.0,2021-10-05,2021-03-23,2021-09-20,,,73.0,269.0,88.0,,,False,False,True,True,False,False,False,False,False,False,True,True,False,False,False,False,False,False,False,False
6809,2021-01-04,2020-12-26,100.0,100.0,9.0,2020-12-26,,,,2020-11-04,9.0,,,,61.0,False,True,True,True,False,False,False,False,False,False,False,False,False,False,False,False,False,False,True,True
6812,2021-08-02,2021-04-27,100.0,100.0,97.0,2021-04-27,,2020-08-27,2021-02-04,,97.0,,340.0,179.0,,False,False,False,True,False,False,False,False,False,False,False,False,False,False,False,True,False,False,False,False
6813,2021-09-08,,,,,,,,,,,,,,,False,False,False,False,False,False,False,False,False,False,False,False,False,False,False,False,False,False,False,False
6813,2021-11-23,2021-11-11,500.0,500.0,12.0,,,2021-11-11,,,,,12.0,,,False,False,False,False,False,False,False,False,False,True,True,True,False,False,False,False,False,False,False,False
6825,2021-02-25,2020-12-12,500.0,500.0,75.0,,,2020-12-12,,,,,75.0,,,False,False,False,False,False,False,False,False,False,False,True,True,False,False,False,False,False,False,False,False
6826,2021-03-20,2021-03-05,1000.0,1000.0,15.0,2020-10-10,,2020-12-08,2021-03-05,,161.0,,102.0,15.0,,False,False,False,True,False,False,False,False,False,False,False,True,False,True,True,True,False,False,False,False
6826,2021-10-12,2021-09-29,100.0,100.0,13.0,2021-09-29,,2020-12-08,2021-03-05,,13.0,,308.0,221.0,,False,True,True,True,False,False,False,False,False,False,False,False,False,False,False,False,False,False,False,False
6828,2021-03-06,2021-01-30,100.0,100.0,35.0,2021-01-30,,,2020-11-30,,35.0,,,96.0,,False,False,True,True,False,False,False,False,False,False,False,False,False,False,False,True,False,False,False,False
6828,2021-10-20,2021-10-09,500.0,500.0,11.0,2021-01-30,,2021-10-09,2020-11-30,2021-08-16,263.0,,11.0,324.0,65.0,False,False,False,False,False,False,False,False,False,True,True,True,False,False,False,False,False,False,True,True
6829,2021-08-16,2021-03-04,100.0,100.0,165.0,2021-03-04,2021-01-05,2020-10-16,,,165.0,223.0,304.0,,,False,False,False,True,False,False,False,False,False,False,False,False,False,False,False,False,False,False,False,False
6831,2021-12-17,2021-11-02,200.0,200.0,45.0,2021-05-12,2021-11-02,2021-09-07,,,219.0,45.0,101.0,,,False,False,False,False,False,False,True,True,False,False,False,True,False,False,False,False,False,False,False,False
6838,2021-08-09,2021-01-19,100.0,100.0,202.0,2021-01-19,,,,,202.0,,,,,False,False,False,False,False,False,False,False,False,False,False,False,False,False,False,False,False,False,False,False
6838,2021-10-30,2021-08-18,500.0,500.0,73.0,2021-01-19,,2021-08-18,,,284.0,,73.0,,,False,False,False,False,False,False,False,False,False,False,True,True,False,False,False,False,False,False,False,False
6847,2021-11-09,2021-10-11,100.0,100.0,29.0,2021-10-11,,2021-09-02,,,29.0,,68.0,,,False,True,True,True,False,False,False,False,False,False,True,True,False,False,False,False,False,False,False,False
6848,2021-09-15,2021-02-13,100.0,100.0,214.0,2021-02-13,,2020-12-16,,,214.0,,273.0,,,False,False,False,False,False,False,False,False,False,False,False,False,False,False,False,False,False,False,False,False
6851,2021-08-30,2021-03-06,500.0,500.0,177.0,2021-02-17,2021-01-05,2021-03-06,,,194.0,237.0,177.0,,,False,False,False,False,False,False,False,False,False,False,False,True,False,False,False,False,False,False,False,False
6859,2021-01-16,2021-01-04,500.0,500.0,12.0,2020-12-15,,2021-01-04,,,32.0,,12.0,,,False,False,True,True,False,False,False,False,False,True,True,True,False,False,False,False,False,False,False,False
6864,2021-09-04,2021-08-16,500.0,500.0,19.0,2020-08-05,,2021-08-16,,,395.0,,19.0,,,False,False,False,False,False,False,False,False,False,True,True,True,False,False,False,False,False,False,False,False
6865,2021-09-24,2021-09-23,500.0,500.0,1.0,2021-09-04,,2021-09-23,2021-03-27,,20.0,,1.0,181.0,,False,True,True,True,False,False,False,False,True,True,True,True,False,False,False,False,False,False,False,False
6871,2021-09-29,2021-09-18,500.0,500.0,11.0,,,2021-09-18,2021-08-27,,,,11.0,33.0,,False,False,False,False,False,False,False,False,False,True,True,True,False,False,True,True,False,False,False,False
6873,2021-10-01,2021-03-02,100.0,100.0,213.0,2021-03-02,,2021-02-15,,,213.0,,228.0,,,False,False,False,False,False,False,False,False,False,False,False,False,False,False,False,False,False,False,False,False
6873,2021-12-30,2021-10-19,1000.0,1000.0,72.0,2021-03-02,,2021-02-15,2021-10-19,,303.0,,318.0,72.0,,False,False,False,False,False,False,False,False,False,False,False,False,False,False,True,True,False,False,False,False
6874,2021-08-13,2021-08-04,100.0,100.0,9.0,2021-08-04,,2021-02-16,2021-02-26,,9.0,,178.0,168.0,,False,True,True,True,False,False,False,False,False,False,False,True,False,False,False,True,False,False,False,False
6874,2021-11-22,2021-10-22,500.0,500.0,31.0,2021-08-04,,2021-10-22,2021-02-26,,110.0,,31.0,269.0,,False,False,False,True,False,False,False,False,False,False,True,True,False,False,False,False,False,False,False,False
6877,2021-05-07,2021-03-17,1000.0,1000.0,51.0,2021-03-04,,,2021-03-17,,64.0,,,51.0,,False,False,True,True,False,False,False,False,False,False,False,False,False,False,True,True,False,False,False,False
6877,2021-11-23,2021-09-24,500.0,500.0,60.0,2021-03-04,,2021-09-24,2021-03-17,,264.0,,60.0,251.0,,False,False,False,False,False,False,False,False,False,False,True,True,False,False,False,False,False,False,False,False
6882,2021-11-11,2021-04-24,100.0,100.0,201.0,2021-04-24,,2021-02-18,2021-02-22,,201.0,,266.0,262.0,,False,False,False,False,False,False,False,False,False,False,False,False,False,False,False,False,False,False,False,False
6884,2021-10-05,2021-02-20,500.0,500.0,227.0,2020-10-12,,2021-02-20,,,358.0,,227.0,,,False,False,False,False,False,False,False,False,False,False,False,False,False,False,False,False,False,False,False,False
6891,2021-01-15,2020-10-07,1000.0,1000.0,100.0,2020-09-14,,2020-08-07,2020-10-07,,123.0,,161.0,100.0,,False,False,False,True,False,False,False,False,False,False,False,True,False,False,False,True,False,False,False,False
6891,2021-11-26,2021-11-17,100.0,100.0,9.0,2021-11-17,,2021-04-26,2020-10-07,,9.0,,214.0,415.0,,False,True,True,True,False,False,False,False,False,False,False,False,False,False,False,False,False,False,False,False
6893,2021-09-15,2021-08-04,100.0,100.0,42.0,2021-08-04,,2020-12-15,,,42.0,,274.0,,,False,False,True,True,False,False,False,False,False,False,False,False,False,False,False,False,False,False,False,False
6894,2021-02-25,2021-02-15,100.0,100.0,10.0,2021-02-15,2020-08-25,,,,10.0,184.0,,,,False,True,True,True,False,False,False,False,False,False,False,False,False,False,False,False,False,False,False,False
6894,2021-12-08,2021-11-12,1000.0,1000.0,26.0,2021-10-04,2020-08-25,,2021-11-12,2021-03-23,65.0,470.0,,26.0,260.0,False,False,True,True,False,False,False,False,False,False,False,False,False,True,True,True,False,False,False,False
6905,2021-08-25,2021-05-05,1000.0,1000.0,112.0,,,2021-03-22,2021-05-05,2021-04-13,,,156.0,112.0,134.0,False,False,False,False,False,False,False,False,False,False,False,True,False,False,False,True,False,False,False,True
6906,2021-09-15,2021-08-20,100.0,100.0,26.0,2021-08-20,,2021-03-10,,,26.0,,189.0,,,False,True,True,True,False,False,False,False,False,False,False,False,False,False,False,False,False,False,False,False
6910,2021-03-18,2021-01-30,100.0,100.0,47.0,2021-01-30,,2020-12-14,,,47.0,,94.0,,,False,False,True,True,False,False,False,False,False,False,False,True,False,False,False,False,False,False,False,False
6914,2021-09-20,2021-03-15,100.0,100.0,189.0,2021-03-15,,2021-02-05,,,189.0,,227.0,,,False,False,False,False,False,False,False,False,False,False,False,False,False,False,False,False,False,False,False,False
6918,2021-03-23,2020-12-19,100.0,100.0,94.0,2020-12-19,,,,,94.0,,,,,False,False,False,True,False,False,False,False,False,False,False,False,False,False,False,False,False,False,False,False
6918,2021-08-25,2021-04-28,100.0,100.0,119.0,2021-04-28,,,,,119.0,,,,,False,False,False,True,False,False,False,False,False,False,False,False,False,False,False,False,False,False,False,False
6918,2021-09-10,2021-08-25,5000.0,100.0,135.0,2021-04-28,,,,,135.0,,,,,False,False,False,True,False,False,False,False,False,False,False,False,False,False,False,False,False,False,False,False
6920,2021-02-16,2020-09-26,500.0,500.0,143.0,2020-08-03,,2020-09-26,,,197.0,,143.0,,,False,False,False,False,False,False,False,False,False,False,False,True,False,False,False,False,False,False,False,False
6920,2021-11-17,2021-10-01,500.0,500.0,47.0,2021-08-30,,2021-10-01,,,79.0,,47.0,,,False,False,True,True,False,False,False,False,False,False,True,True,False,False,False,False,False,False,False,False
6927,2021-03-01,2021-02-06,100.0,100.0,23.0,2021-02-06,,2020-12-26,2020-09-04,,23.0,,65.0,178.0,,False,True,True,True,False,False,False,False,False,False,True,True,False,False,False,True,False,False,False,False
6927,2021-11-11,2021-11-06,100.0,100.0,5.0,2021-11-06,,2021-08-25,2020-09-04,,5.0,,78.0,433.0,,True,True,True,True,False,False,False,False,False,False,True,True,False,False,False,False,False,False,False,False
6934,2021-03-01,2021-01-22,1000.0,1000.0,38.0,2020-08-11,,,2021-01-22,,202.0,,,38.0,,False,False,False,False,False,False,False,False,False,False,False,False,False,False,True,True,False,False,False,False
6935,2021-04-10,2021-03-10,500.0,500.0,31.0,2021-03-04,,2021-03-10,,,37.0,,31.0,,,False,False,True,True,False,False,False,False,False,False,True,True,False,False,False,False,False,False,False,False
6936,2021-03-03,2021-02-05,500.0,500.0,26.0,2020-10-14,,2021-02-05,,,140.0,,26.0,,,False,False,False,True,False,False,False,False,False,True,True,True,False,False,False,False,False,False,False,False
6939,2021-01-01,2020-10-19,100.0,100.0,74.0,2020-10-19,,,,,74.0,,,,,False,False,True,True,False,False,False,False,False,False,False,False,False,False,False,False,False,False,False,False
6941,2021-02-19,2020-09-04,100.0,100.0,168.0,2020-09-04,2020-08-11,,,,168.0,192.0,,,,False,False,False,True,False,False,False,False,False,False,False,False,False,False,False,False,False,False,False,False
6945,2021-12-17,2021-03-30,500.0,500.0,262.0,2021-03-11,,2021-03-30,,,281.0,,262.0,,,False,False,False,False,False,False,False,False,False,False,False,False,False,False,False,False,False,False,False,False
6950,2021-09-13,2021-08-04,500.0,500.0,40.0,2021-04-28,,2021-08-04,,,138.0,,40.0,,,False,False,False,True,False,False,False,False,False,False,True,True,False,False,False,False,False,False,False,False
6951,2021-11-10,2021-09-28,200.0,200.0,43.0,2021-03-15,2021-09-28,2021-08-04,,2021-01-05,240.0,43.0,98.0,,309.0,False,False,False,False,False,False,True,True,False,False,False,True,False,False,False,False,False,False,False,False
6952,2021-04-26,2020-12-29,500.0,500.0,118.0,,,2020-12-29,,,,,118.0,,,False,False,False,False,False,False,False,False,False,False,False,True,False,False,False,False,False,False,False,False
6955,2021-12-06,2021-09-29,100.0,100.0,68.0,2021-09-29,,,,,68.0,,,,,False,False,True,True,False,False,False,False,False,False,False,False,False,False,False,False,False,False,False,False
6957,2021-04-23,2021-04-02,1000.0,1000.0,21.0,2020-12-22,,,2021-04-02,,122.0,,,21.0,,False,False,False,True,False,False,False,False,False,False,False,False,False,True,True,True,False,False,False,False
6957,2021-10-22,2021-09-09,100.0,100.0,43.0,2021-09-09,,,2021-04-02,,43.0,,,203.0,,False,False,True,True,False,False,False,False,False,False,False,False,False,False,False,False,False,False,False,False
6958,2021-04-19,2021-02-02,100.0,100.0,76.0,2021-02-02,,,2020-08-21,,76.0,,,241.0,,False,False,True,True,False,False,False,False,False,False,False,False,False,False,False,False,False,False,False,False
6963,2021-11-24,2021-11-11,1000.0,1000.0,13.0,2021-04-08,,,2021-11-11,,230.0,,,13.0,,False,False,False,False,False,False,False,False,False,False,False,False,False,True,True,True,False,False,False,False
6964,2021-09-16,2021-04-30,1000.0,1000.0,139.0,2021-01-19,,2020-11-13,2021-04-30,,240.0,,307.0,139.0,,False,False,False,False,False,False,False,False,False,False,False,False,False,False,False,True,False,False,False,False
6969,2021-02-24,2021-01-13,100.0,100.0,42.0,2021-01-13,,,2020-12-23,,42.0,,,63.0,,False,False,True,True,False,False,False,False,False,False,False,False,False,False,True,True,False,False,False,False
6969,2021-03-19,2021-03-17,100.0,100.0,2.0,2021-03-17,,2021-03-09,2020-12-23,,2.0,,10.0,86.0,,True,True,True,True,False,False,False,False,False,True,True,True,False,False,True,True,False,False,False,False
6969,2021-09-16,2021-03-19,5000.0,100.0,183.0,2021-03-17,,2021-03-09,2020-12-23,,183.0,,191.0,267.0,,False,False,False,False,False,False,False,False,False,False,False,False,False,False,False,False,False,False,False,False
6975,2021-10-16,2021-10-12,500.0,500.0,4.0,2021-05-07,,2021-10-12,,,162.0,,4.0,,,False,False,False,True,False,False,False,False,True,True,True,True,False,False,False,False,False,False,False,False
6976,2021-03-29,2021-01-06,500.0,500.0,82.0,,,2021-01-06,2021-01-01,,,,82.0,87.0,,False,False,False,False,False,False,False,False,False,False,True,True,False,False,True,True,False,False,False,False
6978,2021-09-08,2021-08-20,100.0,100.0,19.0,2021-08-20,,2020-11-04,,,19.0,,308.0,,,False,True,True,True,False,False,False,False,False,False,False,False,False,False,False,False,False,False,False,False
6980,2021-09-08,2021-08-02,100.0,100.0,37.0,2021-08-02,,2021-03-13,,,37.0,,179.0,,,False,False,True,True,False,False,False,False,False,False,False,True,False,False,False,False,False,False,False,False
6982,2021-09-11,2021-08-02,100.0,100.0,40.0,2021-08-02,,2020-10-14,,,40.0,,332.0,,,False,False,True,True,False,False,False,False,False,False,False,False,False,False,False,False,False,False,False,False
6983,2021-09-24,2021-01-11,500.0,500.0,256.0,,,2021-01-11,,,,,256.0,,,False,False,False,False,False,False,False,False,False,False,False,False,False,False,False,False,False,False,False,False
6984,2021-12-29,2021-11-12,500.0,500.0,47.0,2020-09-22,,2021-11-12,2021-11-10,,463.0,,47.0,49.0,,False,False,False,False,False,False,False,False,False,False,True,True,False,False,True,True,False,False,False,False
6986,2021-01-12,,,,,,,,,,,,,,,False,False,False,False,False,False,False,False,False,False,False,False,False,False,False,False,False,False,False,False
6989,2021-03-17,2021-02-27,100.0,100.0,18.0,2021-02-27,,2020-09-14,,,18.0,,184.0,,,False,True,True,True,False,False,False,False,False,False,False,False,False,False,False,False,False,False,False,False
6989,2021-04-23,2021-03-30,100.0,100.0,24.0,2021-03-30,,2020-09-14,,,24.0,,221.0,,,False,True,True,True,False,False,False,False,False,False,False,False,False,False,False,False,False,False,False,False
6990,2021-10-09,2021-09-15,500.0,500.0,24.0,2020-12-11,,2021-09-15,,,302.0,,24.0,,,False,False,False,False,False,False,False,False,False,True,True,True,False,False,False,False,False,False,False,False
6996,2021-04-09,2021-02-18,1000.0,1000.0,50.0,2020-12-08,,,2021-02-18,,122.0,,,50.0,,False,False,False,True,False,False,False,False,False,False,False,False,False,False,True,True,False,False,False,False
6998,2021-04-27,2021-04-09,100.0,100.0,18.0,2021-04-09,,2021-03-26,,,18.0,,32.0,,,False,True,True,True,False,False,False,False,False,False,True,True,False,False,False,False,False,False,False,False
7003,2021-04-28,2020-12-15,100.0,100.0,134.0,2020-12-15,,,,,134.0,,,,,False,False,False,True,False,False,False,False,False,False,False,False,False,False,False,False,False,False,False,False
7006,2021-10-12,2021-02-24,100.0,100.0,230.0,2021-02-24,,2020-12-16,,,230.0,,300.0,,,False,False,False,False,False,False,False,False,False,False,False,False,False,False,False,False,False,False,False,False
7010,2021-04-23,2021-03-02,200.0,200.0,52.0,,2021-03-02,2021-02-08,,2020-12-23,,52.0,74.0,,121.0,False,False,False,False,False,False,True,True,False,False,True,True,False,False,False,False,False,False,False,True
7012,2021-12-30,2021-12-29,500.0,500.0,1.0,2021-09-06,,2021-12-29,2021-03-26,,115.0,,1.0,279.0,,False,False,False,True,False,False,False,False,True,True,True,True,False,False,False,False,False,False,False,False
7013,2021-10-14,2021-10-13,100.0,100.0,1.0,2021-10-13,,2021-04-10,,,1.0,,187.0,,,True,True,True,True,False,False,False,False,False,False,False,False,False,False,False,False,False,False,False,False
7016,2021-03-03,2020-12-11,500.0,500.0,82.0,2020-11-30,,2020-12-11,,,93.0,,82.0,,,False,False,False,True,False,False,False,False,False,False,True,True,False,False,False,False,False,False,False,False
7016,2021-10-08,2021-09-03,100.0,100.0,35.0,2021-09-03,,2021-08-27,,,35.0,,42.0,,,False,False,True,True,False,False,False,False,False,False,True,True,False,False,False,False,False,False,False,False
7018,2021-12-21,2021-12-18,100.0,100.0,3.0,2021-12-18,2021-09-21,2021-12-06,2020-12-08,,3.0,91.0,15.0,378.0,,True,True,True,True,False,False,False,True,False,True,True,True,False,False,False,False,False,False,False,False
7020,2021-04-09,2021-03-09,200.0,200.0,31.0,2020-12-12,2021-03-09,,,,118.0,31.0,,,,False,False,False,True,False,False,True,True,False,False,False,False,False,False,False,False,False,False,False,False
7024,2021-08-25,2021-05-07,500.0,500.0,110.0,2021-02-05,,2021-05-07,2020-08-19,2021-02-02,201.0,,110.0,371.0,204.0,False,False,False,False,False,False,False,False,False,False,False,True,False,False,False,False,False,False,False,False
7038,2021-11-12,2021-11-06,100.0,100.0,6.0,2021-11-06,,2021-10-07,2021-04-17,,6.0,,36.0,209.0,,True,True,True,True,False,False,False,False,False,False,True,True,False,False,False,False,False,False,False,False
7039,2021-02-26,2021-02-19,100.0,100.0,7.0,2021-02-19,,2020-10-19,2021-02-17,,7.0,,130.0,9.0,,True,True,True,True,False,False,False,False,False,False,False,True,False,True,True,True,False,False,False,False
7040,2021-01-01,2020-11-20,500.0,500.0,42.0,2020-11-18,,2020-11-20,,,44.0,,42.0,,,False,False,True,True,False,False,False,False,False,False,True,True,False,False,False,False,False,False,False,False
7040,2021-03-09,2021-02-17,100.0,100.0,20.0,2021-02-17,,2020-11-20,,,20.0,,109.0,,,False,True,True,True,False,False,False,False,False,False,False,True,False,False,False,False,False,False,False,False
7041,2021-04-02,2021-03-26,100.0,100.0,7.0,2021-03-26,,2021-01-08,,2020-11-25,7.0,,84.0,,128.0,True,True,True,True,False,False,False,False,False,False,True,True,False,False,False,False,False,False,False,True
7043,2021-11-10,2021-08-20,1000.0,1000.0,82.0,2021-04-14,,2021-02-18,2021-08-20,,210.0,,265.0,82.0,,False,False,False,False,False,False,False,False,False,False,False,False,False,False,True,True,False,False,False,False
7044,2021-11-15,2021-10-11,500.0,500.0,35.0,2020-12-09,,2021-10-11,,,341.0,,35.0,,,False,False,False,False,False,False,False,False,False,False,True,True,False,False,False,False,False,False,False,False
7045,2021-01-29,2020-11-23,100.0,100.0,67.0,2020-11-23,,,,,67.0,,,,,False,False,True,True,False,False,False,False,False,False,False,False,False,False,False,False,False,False,False,False
7046,2021-09-22,2021-09-09,500.0,500.0,13.0,2020-12-29,,2021-09-09,2021-04-27,,267.0,,13.0,148.0,,False,False,False,False,False,False,False,False,False,True,True,True,False,False,False,True,False,False,False,False
7048,2021-02-02,2020-12-19,100.0,100.0,45.0,2020-12-19,,,,,45.0,,,,,False,False,True,True,False,False,False,False,False,False,False,False,False,False,False,False,False,False,False,False
7049,2021-08-11,2021-04-05,100.0,100.0,128.0,2021-04-05,,2021-03-15,,2020-12-22,128.0,,149.0,,232.0,False,False,False,True,False,False,False,False,False,False,False,True,False,False,False,False,False,False,False,False
7051,2021-02-27,2020-12-12,500.0,500.0,77.0,2020-12-02,,2020-12-12,,,87.0,,77.0,,,False,False,True,True,False,False,False,False,False,False,True,True,False,False,False,False,False,False,False,False
7051,2021-10-26,2021-08-30,500.0,500.0,57.0,2021-04-21,,2021-08-30,,,188.0,,57.0,,,False,False,False,False,False,False,False,False,False,False,True,True,False,False,False,False,False,False,False,False
7054,2021-12-23,2021-12-18,100.0,100.0,5.0,2021-12-18,,2021-08-11,,,5.0,,134.0,,,True,True,True,True,False,False,False,False,False,False,False,True,False,False,False,False,False,False,False,False
7060,2021-09-22,2021-04-13,500.0,500.0,162.0,2020-11-02,,2021-04-13,,,324.0,,162.0,,,False,False,False,False,False,False,False,False,False,False,False,True,False,False,False,False,False,False,False,False
7063,2021-08-09,2021-04-22,500.0,500.0,109.0,,,2021-04-22,,,,,109.0,,,False,False,False,False,False,False,False,False,False,False,False,True,False,False,False,False,False,False,False,False
7071,2021-04-03,2021-01-09,100.0,100.0,84.0,2021-01-09,,,,,84.0,,,,,False,False,True,True,False,False,False,False,False,False,False,False,False,False,False,False,False,False,False,False
7080,2021-03-16,2021-01-16,1000.0,1000.0,59.0,2020-11-20,,2020-08-29,2021-01-16,,116.0,,199.0,59.0,,False,False,False,True,False,False,False,False,False,False,False,False,False,False,True,True,False,False,False,False
7082,2021-04-30,2021-04-03,500.0,500.0,27.0,2021-01-12,,2021-04-03,,,108.0,,27.0,,,False,False,False,True,False,False,False,False,False,True,True,True,False,False,False,False,False,False,False,False
7086,2021-11-03,2020-11-04,100.0,100.0,364.0,2020-11-04,2020-08-25,,,,364.0,435.0,,,,False,False,False,False,False,False,False,False,False,False,False,False,False,False,False,False,False,False,False,False
7086,2021-11-13,2021-11-11,500.0,500.0,2.0,2020-11-04,2020-08-25,2021-11-11,,,374.0,445.0,2.0,,,False,False,False,False,False,False,False,False,True,True,True,True,False,False,False,False,False,False,False,False
7087,2021-04-13,2021-03-19,500.0,500.0,25.0,2020-12-28,,2021-03-19,,,106.0,,25.0,,,False,False,False,True,False,False,False,False,False,True,True,True,False,False,False,False,False,False,False,False
7088,2021-02-24,2021-01-23,500.0,500.0,32.0,2020-12-21,,2021-01-23,,,65.0,,32.0,,,False,False,True,True,False,False,False,False,False,False,True,True,False,False,False,False,False,False,False,False
7089,2021-12-11,2021-11-30,100.0,100.0,11.0,2021-11-30,2021-09-07,,,,11.0,95.0,,,,False,True,True,True,False,False,False,True,False,False,False,False,False,False,False,False,False,False,False,False
7090,2021-03-13,2021-03-04,100.0,100.0,9.0,2021-03-04,,2020-09-14,2021-02-08,,9.0,,180.0,33.0,,False,True,True,True,False,False,False,False,False,False,False,True,False,False,True,True,False,False,False,False
7091,2021-09-30,2021-08-13,100.0,100.0,48.0,2021-08-13,2020-09-08,,,,48.0,387.0,,,,False,False,True,True,False,False,False,False,False,False,False,False,False,False,False,False,False,False,False,False
7094,2021-03-18,2021-03-02,100.0,100.0,16.0,2021-03-02,,2020-09-14,,,16.0,,185.0,,,False,True,True,True,False,False,False,False,False,False,False,False,False,False,False,False,False,False,False,False
7097,2021-02-27,2021-01-04,100.0,100.0,54.0,2021-01-04,,2020-09-18,,,54.0,,162.0,,,False,False,True,True,False,False,False,False,False,False,False,True,False,False,False,False,False,False,False,False
7099,2021-11-08,2021-08-11,500.0,500.0,89.0,2021-04-05,,2021-08-11,,,217.0,,89.0,,,False,False,False,False,False,False,False,False,False,False,True,True,False,False,False,False,False,False,False,False
7101,2021-11-19,2021-11-08,500.0,500.0,11.0,2021-01-11,2020-12-22,2021-11-08,2020-12-16,,312.0,332.0,11.0,338.0,,False,False,False,False,False,False,False,False,False,True,True,True,False,False,False,False,False,False,False,False
7102,2021-04-08,2021-02-24,100.0,100.0,43.0,2021-02-24,,,,,43.0,,,,,False,False,True,True,False,False,False,False,False,False,False,False,False,False,False,False,False,False,False,False
7103,2021-02-06,2021-01-27,100.0,100.0,10.0,2021-01-27,,2020-12-14,,,10.0,,54.0,,,False,True,True,True,False,False,False,False,False,False,True,True,False,False,False,False,False,False,False,False
7112,2021-11-18,2021-04-29,100.0,100.0,203.0,2021-04-29,,,,,203.0,,,,,False,False,False,False,False,False,False,False,False,False,False,False,False,False,False,False,False,False,False,False
7113,2021-01-27,2021-01-23,500.0,500.0,4.0,2020-10-21,,2021-01-23,2020-10-19,,98.0,,4.0,100.0,,False,False,False,True,False,False,False,False,True,True,True,True,False,False,False,True,False,False,False,False
7116,2021-11-03,2021-09-20,100.0,100.0,44.0,2021-09-20,2021-04-13,,2020-12-23,,44.0,204.0,,315.0,,False,False,True,True,False,False,False,False,False,False,False,False,False,False,False,False,False,False,False,False
7118,2021-11-17,2021-09-28,100.0,100.0,50.0,2021-09-28,,2021-04-08,2020-08-05,,50.0,,223.0,469.0,,False,False,True,True,False,False,False,False,False,False,False,False,False,False,False,False,False,False,False,False
7121,2021-03-18,2020-10-12,100.0,100.0,157.0,2020-10-12,,2020-09-28,2020-10-09,,157.0,,171.0,160.0,,False,False,False,True,False,False,False,False,False,False,False,True,False,False,False,True,False,False,False,False
7124,2021-10-04,2021-08-04,1000.0,1000.0,61.0,2021-04-15,2020-12-22,,2021-08-04,,172.0,286.0,,61.0,,False,False,False,True,False,False,False,False,False,False,False,False,False,False,True,True,False,False,False,False
7126,2021-09-17,2021-08-09,100.0,100.0,39.0,2021-08-09,,,,2021-03-10,39.0,,,,191.0,False,False,True,True,False,False,False,False,False,False,False,False,False,False,False,False,False,False,False,False
7132,2021-09-28,2021-09-16,500.0,500.0,12.0,2021-04-28,,2021-09-16,,2020-10-03,153.0,,12.0,,360.0,False,False,False,True,False,False,False,False,False,True,True,True,False,False,False,False,False,False,False,False
7134,2021-12-17,2021-11-08,100.0,100.0,39.0,2021-11-08,,2021-11-01,2021-08-04,2020-12-26,39.0,,46.0,135.0,356.0,False,False,True,True,False,False,False,False,False,False,True,True,False,False,False,True,False,False,False,False
7135,2021-03-11,2020-12-08,200.0,200.0,93.0,,2020-12-08,2020-09-02,2020-08-19,,,93.0,190.0,204.0,,False,False,False,False,False,False,False,True,False,False,False,False,False,False,False,False,False,False,False,False
7137,2021-09-03,2021-07-23,100.0,100.0,42.0,2021-07-23,,2021-03-05,2020-12-09,,42.0,,182.0,268.0,,False,False,True,True,False,False,False,False,False,False,False,False,False,False,False,False,False,False,False,False
7137,2021-09-23,2021-09-03,5000.0,100.0,62.0,2021-07-23,,2021-03-05,2020-12-09,,62.0,,202.0,288.0,,False,False,True,True,False,False,False,False,False,False,False,False,False,False,False,False,False,False,False,False
7139,2021-11-23,2021-11-22,1000.0,1000.0,1.0,2021-11-15,,2021-09-22,2021-11-22,,8.0,,62.0,1.0,,False,True,True,True,False,False,False,False,False,False,True,True,True,True,True,True,False,False,False,False
7146,2021-09-20,2021-09-03,100.0,100.0,17.0,2021-09-03,,2021-01-13,2020-07-18,,17.0,,250.0,429.0,,False,True,True,True,False,False,False,False,False,False,False,False,False,False,False,False,False,False,False,False
7147,2021-10-16,2021-08-04,2000.0,2000.0,73.0,2020-11-13,,,,2021-08-04,337.0,,,,73.0,False,False,False,False,False,False,False,False,False,False,False,False,False,False,False,False,False,False,True,True
7147,2021-11-24,2021-10-16,5000.0,2000.0,112.0,2020-11-13,,,,2021-08-04,376.0,,,,112.0,False,False,False,False,False,False,False,False,False,False,False,False,False,False,False,False,False,False,False,True
7153,2021-01-08,2020-10-16,5000.0,,,,,,,,,,,,,False,False,False,False,False,False,False,False,False,False,False,False,False,False,False,False,False,False,False,False
7153,2021-12-21,2021-12-15,100.0,100.0,6.0,2021-12-15,,,2021-08-04,,6.0,,,139.0,,True,True,True,True,False,False,False,False,False,False,False,False,False,False,False,True,False,False,False,False
7158,2021-12-17,2021-11-18,100.0,100.0,29.0,2021-11-18,,2021-08-30,2021-03-12,,29.0,,109.0,280.0,,False,True,True,True,False,False,False,False,False,False,False,True,False,False,False,False,False,False,False,False
7161,2021-11-06,2021-03-11,500.0,500.0,240.0,2020-12-15,,2021-03-11,,,326.0,,240.0,,,False,False,False,False,False,False,False,False,False,False,False,False,False,False,False,False,False,False,False,False
7163,2021-11-04,2021-10-11,500.0,500.0,24.0,,,2021-10-11,2021-01-20,,,,24.0,288.0,,False,False,False,False,False,False,False,False,False,True,True,True,False,False,False,False,False,False,False,False
7171,2021-01-18,2020-12-19,1000.0,1000.0,30.0,,,,2020-12-19,,,,,30.0,,False,False,False,False,False,False,False,False,False,False,False,False,False,True,True,True,False,False,False,False
7171,2021-09-25,2021-09-06,100.0,100.0,19.0,2021-09-06,,,2021-03-25,,19.0,,,184.0,,False,True,True,True,False,False,False,False,False,False,False,False,False,False,False,False,False,False,False,False
7172,2021-11-18,2021-11-01,500.0,500.0,17.0,2021-03-23,,2021-11-01,,,240.0,,17.0,,,False,False,False,False,False,False,False,False,False,True,True,True,False,False,False,False,False,False,False,False
7178,2021-03-08,2021-02-18,100.0,100.0,18.0,2021-02-18,,,2020-09-16,,18.0,,,173.0,,False,True,True,True,False,False,False,False,False,False,False,False,False,False,False,True,False,False,False,False
7179,2021-04-03,2021-01-06,100.0,100.0,87.0,2021-01-06,,,,,87.0,,,,,False,False,True,True,False,False,False,False,False,False,False,False,False,False,False,False,False,False,False,False
7184,2021-12-02,2021-11-27,500.0,500.0,5.0,2021-04-29,2021-01-12,2021-11-27,,,217.0,324.0,5.0,,,False,False,False,False,False,False,False,False,True,True,True,True,False,False,False,False,False,False,False,False
7185,2021-02-12,2021-01-11,500.0,500.0,32.0,,,2021-01-11,,2020-10-05,,,32.0,,130.0,False,False,False,False,False,False,False,False,False,False,True,True,False,False,False,False,False,False,False,True
7185,2021-10-28,2021-09-25,100.0,100.0,33.0,2021-09-25,,2021-09-22,,2020-10-05,33.0,,36.0,,388.0,False,False,True,True,False,False,False,False,False,False,True,True,False,False,False,False,False,False,False,False
7188,2021-10-14,2021-08-27,100.0,100.0,48.0,2021-08-27,,,2021-03-19,2021-08-25,48.0,,,209.0,50.0,False,False,True,True,False,False,False,False,False,False,False,False,False,False,False,False,False,False,True,True
7190,2021-02-12,2021-01-13,500.0,500.0,30.0,2020-12-05,,2021-01-13,,,69.0,,30.0,,,False,False,True,True,False,False,False,False,False,True,True,True,False,False,False,False,False,False,False,False
7195,2021-12-29,2021-12-25,100.0,100.0,4.0,2021-12-25,,2021-09-03,2020-11-11,,4.0,,117.0,413.0,,True,True,True,True,False,False,False,False,False,False,False,True,False,False,False,False,False,False,False,False
7196,2021-04-27,2021-02-12,500.0,500.0,74.0,2020-09-04,,2021-02-12,,,235.0,,74.0,,,False,False,False,False,False,False,False,False,False,False,True,True,False,False,False,False,False,False,False,False
7196,2021-10-29,2021-04-27,5000.0,500.0,259.0,2020-09-04,,2021-02-12,,,420.0,,259.0,,,False,False,False,False,False,False,False,False,False,False,False,False,False,False,False,False,False,False,False,False
7207,2021-04-13,2021-04-10,100.0,100.0,3.0,2021-04-10,,2020-11-13,,,3.0,,151.0,,,True,True,True,True,False,False,False,False,False,False,False,True,False,False,False,False,False,False,False,False
7209,2021-04-16,2021-03-18,1000.0,1000.0,29.0,2021-02-22,,,2021-03-18,,53.0,,,29.0,,False,False,True,True,False,False,False,False,False,False,False,False,False,True,True,True,False,False,False,False
7210,2021-04-21,2021-03-24,100.0,100.0,28.0,2021-03-24,,2021-02-16,2020-11-20,,28.0,,64.0,152.0,,False,True,True,True,False,False,False,False,False,False,True,True,False,False,False,True,False,False,False,False
7216,2021-09-01,2021-05-05,500.0,500.0,119.0,2021-03-12,,2021-05-05,2020-11-30,2021-03-02,173.0,,119.0,275.0,183.0,False,False,False,True,False,False,False,False,False,False,False,True,False,False,False,False,False,False,False,False
7217,2021-03-31,2021-03-22,100.0,100.0,9.0,2021-03-22,,2020-12-26,,,9.0,,95.0,,,False,True,True,True,False,False,False,False,False,False,False,True,False,False,False,False,False,False,False,False
7217,2021-11-11,2021-11-01,100.0,100.0,10.0,2021-11-01,,2020-12-26,,,10.0,,320.0,,,False,True,True,True,False,False,False,False,False,False,False,False,False,False,False,False,False,False,False,False
7220,2021-01-15,2021-01-06,1000.0,1000.0,9.0,2020-12-05,,2021-01-01,2021-01-06,,41.0,,14.0,9.0,,False,False,True,True,False,False,False,False,False,True,True,True,False,True,True,True,False,False,False,False
7221,2021-08-04,2021-03-29,2000.0,2000.0,128.0,2020-12-08,,2021-03-24,2021-02-10,2021-03-29,239.0,,133.0,175.0,128.0,False,False,False,False,False,False,False,False,False,False,False,True,False,False,False,True,False,False,False,True
7224,2021-08-04,2021-03-20,100.0,100.0,137.0,2021-03-20,,,,,137.0,,,,,False,False,False,True,False,False,False,False,False,False,False,False,False,False,False,False,False,False,False,False
7227,2021-09-02,2021-07-23,500.0,500.0,41.0,2021-04-30,2021-01-05,2021-07-23,,,125.0,240.0,41.0,,,False,False,False,True,False,False,False,False,False,False,True,True,False,False,False,False,False,False,False,False
7228,2021-11-18,2021-10-21,500.0,500.0,28.0,2021-09-25,,2021-10-21,,,54.0,,28.0,,,False,False,True,True,False,False,False,False,False,True,True,True,False,False,False,False,False,False,False,False
7231,2021-11-19,2021-09-03,1000.0,1000.0,77.0,2021-04-24,,2021-04-26,2021-09-03,,209.0,,207.0,77.0,,False,False,False,False,False,False,False,False,False,False,False,False,False,False,True,True,False,False,False,False
7233,2021-11-04,2021-11-01,500.0,500.0,3.0,2020-08-03,2021-10-05,2021-11-01,,,458.0,30.0,3.0,,,False,False,False,False,False,True,True,True,True,True,True,True,False,False,False,False,False,False,False,False
7242,2021-11-15,2021-09-14,200.0,200.0,62.0,2021-03-22,2021-09-14,2021-04-27,2021-04-21,,238.0,62.0,202.0,208.0,,False,False,False,False,False,False,True,True,False,False,False,False,False,False,False,False,False,False,False,False
7243,2021-10-22,2021-09-17,100.0,100.0,35.0,2021-09-17,,,2021-01-13,2020-10-19,35.0,,,282.0,368.0,False,False,True,True,False,False,False,False,False,False,False,False,False,False,False,False,False,False,False,False
7245,2021-03-30,2021-03-13,100.0,100.0,17.0,2021-03-13,,,,,17.0,,,,,False,True,True,True,False,False,False,False,False,False,False,False,False,False,False,False,False,False,False,False
7248,2021-12-01,2021-11-10,100.0,100.0,21.0,2021-11-10,2021-03-30,2021-02-11,,,21.0,246.0,293.0,,,False,True,True,True,False,False,False,False,False,False,False,False,False,False,False,False,False,False,False,False
7249,2021-10-07,2021-09-03,100.0,100.0,34.0,2021-09-03,2021-03-16,2020-11-27,,,34.0,205.0,314.0,,,False,False,True,True,False,False,False,False,False,False,False,False,False,False,False,False,False,False,False,False
7254,2021-09-11,2021-08-16,100.0,100.0,26.0,2021-08-16,,,2020-07-18,,26.0,,,420.0,,False,True,True,True,False,False,False,False,False,False,False,False,False,False,False,False,False,False,False,False
7254,2021-12-18,2021-12-13,500.0,500.0,5.0,2021-11-24,,2021-12-13,2020-07-18,2021-12-07,24.0,,5.0,518.0,11.0,False,True,True,True,False,False,False,False,True,True,True,True,False,False,False,False,False,True,True,True
7258,2021-09-16,2021-09-02,1000.0,1000.0,14.0,2020-10-09,2021-03-02,2021-03-19,2021-09-02,,342.0,198.0,181.0,14.0,,False,False,False,False,False,False,False,False,False,False,False,False,False,True,True,True,False,False,False,False
7262,2021-08-30,2021-05-07,100.0,100.0,115.0,2021-05-07,,2021-04-03,,,115.0,,149.0,,,False,False,False,True,False,False,False,False,False,False,False,True,False,False,False,False,False,False,False,False
7262,2021-12-17,2021-08-30,5000.0,100.0,224.0,2021-05-07,,2021-04-03,,,224.0,,258.0,,,False,False,False,False,False,False,False,False,False,False,False,False,False,False,False,False,False,False,False,False
7263,2021-11-22,2021-10-27,100.0,100.0,26.0,2021-10-27,,2021-04-09,2020-12-25,,26.0,,227.0,332.0,,False,True,True,True,False,False,False,False,False,False,False,False,False,False,False,False,False,False,False,False
7269,2021-10-19,2021-10-06,500.0,500.0,13.0,2021-09-03,,2021-10-06,,,46.0,,13.0,,,False,False,True,True,False,False,False,False,False,True,True,True,False,False,False,False,False,False,False,False
7272,2021-08-13,2021-04-23,500.0,500.0,112.0,2021-04-16,,2021-04-23,2021-02-04,,119.0,,112.0,190.0,,False,False,False,True,False,False,False,False,False,False,False,True,False,False,False,False,False,False,False,False
7279,2021-02-24,2021-02-08,100.0,100.0,16.0,2021-02-08,,,,,16.0,,,,,False,True,True,True,False,False,False,False,False,False,False,False,False,False,False,False,False,False,False,False
7279,2021-08-06,2021-05-12,100.0,100.0,86.0,2021-05-12,,,,,86.0,,,,,False,False,True,True,False,False,False,False,False,False,False,False,False,False,False,False,False,False,False,False
7280,2021-11-09,2021-11-02,1000.0,1000.0,7.0,2021-01-30,,2021-03-06,2021-11-02,,283.0,,248.0,7.0,,False,False,False,False,False,False,False,False,False,False,False,False,True,True,True,True,False,False,False,False
7282,2021-05-05,2021-03-12,1000.0,1000.0,54.0,,,,2021-03-12,,,,,54.0,,False,False,False,False,False,False,False,False,False,False,False,False,False,False,True,True,False,False,False,False
7285,2021-02-13,2021-01-12,100.0,100.0,32.0,2021-01-12,,,2020-11-18,,32.0,,,87.0,,False,False,True,True,False,False,False,False,False,False,False,False,False,False,True,True,False,False,False,False
7285,2021-10-05,2021-09-07,100.0,100.0,28.0,2021-09-07,,2021-08-02,2020-11-18,,28.0,,64.0,321.0,,False,True,True,True,False,False,False,False,False,False,True,True,False,False,False,False,False,False,False,False
7289,2021-09-04,2021-08-04,500.0,500.0,31.0,2021-03-19,,2021-08-04,,,169.0,,31.0,,,False,False,False,True,False,False,False,False,False,False,True,True,False,False,False,False,False,False,False,False
7290,2021-12-18,2021-12-11,100.0,100.0,7.0,2021-12-11,,2021-08-02,2021-12-10,2020-09-30,7.0,,138.0,8.0,444.0,True,True,True,True,False,False,False,False,False,False,False,True,False,True,True,True,False,False,False,False
7291,2021-12-27,2021-09-22,100.0,100.0,96.0,2021-09-22,,2021-08-02,,,96.0,,147.0,,,False,False,False,True,False,False,False,False,False,False,False,True,False,False,False,False,False,False,False,False
7296,2021-03-15,2020-11-13,100.0,100.0,122.0,2020-11-13,,,,,122.0,,,,,False,False,False,True,False,False,False,False,False,False,False,False,False,False,False,False,False,False,False,False
7296,2021-10-27,2021-09-11,100.0,100.0,46.0,2021-09-11,,2021-08-20,,,46.0,,68.0,,,False,False,True,True,False,False,False,False,False,False,True,True,False,False,False,False,False,False,False,False
7297,2021-03-12,2021-03-10,100.0,100.0,2.0,2021-03-10,,2020-08-07,,,2.0,,217.0,,,True,True,True,True,False,False,False,False,False,False,False,False,False,False,False,False,False,False,False,False
7302,2021-01-22,2021-01-20,100.0,100.0,2.0,2021-01-20,,2020-07-18,2021-01-11,,2.0,,188.0,11.0,,True,True,True,True,False,False,False,False,False,False,False,False,False,True,True,True,False,False,False,False
7304,2021-03-30,2021-02-23,100.0,100.0,35.0,2021-02-23,,2021-02-13,,2020-10-12,35.0,,45.0,,169.0,False,False,True,True,False,False,False,False,False,False,True,True,False,False,False,False,False,False,False,True
7304,2021-10-05,2021-03-30,5000.0,100.0,224.0,2021-02-23,,2021-02-13,,2020-10-12,224.0,,234.0,,358.0,False,False,False,False,False,False,False,False,False,False,False,False,False,False,False,False,False,False,False,False
7305,2021-07-30,2021-03-29,1000.0,1000.0,123.0,2021-01-27,2020-09-22,2020-11-13,2021-03-29,,184.0,311.0,259.0,123.0,,False,False,False,False,False,False,False,False,False,False,False,False,False,False,False,True,False,False,False,False
7310,2021-10-19,2021-09-27,2000.0,2000.0,22.0,2021-09-06,2020-12-08,2021-08-20,,2021-09-27,43.0,315.0,60.0,,22.0,False,False,True,True,False,False,False,False,False,False,True,True,False,False,False,False,False,True,True,True
7317,2021-12-29,2021-11-30,100.0,100.0,29.0,2021-11-30,,2020-12-02,,,29.0,,392.0,,,False,True,True,True,False,False,False,False,False,False,False,False,False,False,False,False,False,False,False,False
7320,2021-11-08,2021-10-11,500.0,500.0,28.0,2021-04-29,2021-02-16,2021-10-11,,,193.0,265.0,28.0,,,False,False,False,False,False,False,False,False,False,True,True,True,False,False,False,False,False,False,False,False
7321,2021-10-26,2021-02-13,100.0,100.0,255.0,2021-02-13,,2020-10-28,,,255.0,,363.0,,,False,False,False,False,False,False,False,False,False,False,False,False,False,False,False,False,False,False,False,False
7323,2021-07-23,2021-04-27,100.0,100.0,87.0,2021-04-27,,2021-04-12,2021-02-06,,87.0,,102.0,167.0,,False,False,True,True,False,False,False,False,False,False,False,True,False,False,False,True,False,False,False,False
7323,2021-10-15,2021-07-23,5000.0,100.0,171.0,2021-04-27,,2021-04-12,2021-02-06,,171.0,,186.0,251.0,,False,False,False,True,False,False,False,False,False,False,False,False,False,False,False,False,False,False,False,False
7326,2021-10-19,2021-10-07,100.0,100.0,12.0,2021-10-07,,2021-03-29,,,12.0,,204.0,,,False,True,True,True,False,False,False,False,False,False,False,False,False,False,False,False,False,False,False,False
7326,2021-11-25,2021-11-11,500.0,500.0,14.0,2021-11-06,,2021-11-11,,,19.0,,14.0,,,False,True,True,True,False,False,False,False,False,True,True,True,False,False,False,False,False,False,False,False
7327,2021-09-22,2021-09-03,100.0,100.0,19.0,2021-09-03,,2021-04-24,2020-09-28,,19.0,,151.0,359.0,,False,True,True,True,False,False,False,False,False,False,False,True,False,False,False,False,False,False,False,False
7330,2021-11-17,2021-10-25,500.0,500.0,23.0,,,2021-10-25,,,,,23.0,,,False,False,False,False,False,False,False,False,False,True,True,True,False,False,False,False,False,False,False,False
7333,2021-02-18,2021-01-06,1000.0,1000.0,43.0,,,,2021-01-06,,,,,43.0,,False,False,False,False,False,False,False,False,False,False,False,False,False,False,True,True,False,False,False,False
7333,2021-07-30,2021-04-20,200.0,200.0,101.0,2021-04-12,2021-04-20,,2021-03-03,,109.0,101.0,,149.0,,False,False,False,True,False,False,False,True,False,False,False,False,False,False,False,True,False,False,False,False
7334,2021-04-05,2021-03-23,500.0,500.0,13.0,2021-03-11,,2021-03-23,2021-03-05,,25.0,,13.0,31.0,,False,True,True,True,False,False,False,False,False,True,True,True,False,False,True,True,False,False,False,False
7337,2021-01-25,2020-12-30,100.0,100.0,26.0,2020-12-30,,,,,26.0,,,,,False,True,True,True,False,False,False,False,False,False,False,False,False,False,False,False,False,False,False,False
7342,2021-08-18,2021-03-24,100.0,100.0,147.0,2021-03-24,2021-02-16,2021-02-26,,,147.0,183.0,173.0,,,False,False,False,True,False,False,False,False,False,False,False,True,False,False,False,False,False,False,False,False
7344,2021-05-10,2021-05-07,100.0,100.0,3.0,2021-05-07,,,,,3.0,,,,,True,True,True,True,False,False,False,False,False,False,False,False,False,False,False,False,False,False,False,False
7346,2021-03-18,2020-07-25,500.0,500.0,236.0,,,2020-07-25,,,,,236.0,,,False,False,False,False,False,False,False,False,False,False,False,False,False,False,False,False,False,False,False,False
7347,2021-04-21,2021-04-03,500.0,500.0,18.0,2021-04-01,,2021-04-03,2020-09-24,,20.0,,18.0,209.0,,False,True,True,True,False,False,False,False,False,True,True,True,False,False,False,False,False,False,False,False
7352,2021-11-01,2021-10-23,500.0,500.0,9.0,2021-04-01,,2021-10-23,2021-04-15,,214.0,,9.0,200.0,,False,False,False,False,False,False,False,False,False,True,True,True,False,False,False,False,False,False,False,False
7353,2021-04-13,2021-03-08,100.0,100.0,36.0,2021-03-08,,2021-01-01,,,36.0,,102.0,,,False,False,True,True,False,False,False,False,False,False,False,True,False,False,False,False,False,False,False,False
7358,2021-03-10,2020-12-29,1000.0,1000.0,71.0,,,2020-09-28,2020-12-29,,,,163.0,71.0,,False,False,False,False,False,False,False,False,False,False,False,True,False,False,True,True,False,False,False,False
7358,2021-09-07,2021-05-07,500.0,500.0,123.0,,,2021-05-07,2020-12-29,,,,123.0,252.0,,False,False,False,False,False,False,False,False,False,False,False,True,False,False,False,False,False,False,False,False
7359,2021-11-02,2021-10-08,500.0,500.0,25.0,2021-03-06,,2021-10-08,2021-02-04,,241.0,,25.0,271.0,,False,False,False,False,False,False,False,False,False,True,True,True,False,False,False,False,False,False,False,False
7360,2021-12-28,2021-12-15,100.0,100.0,13.0,2021-12-15,,2020-12-23,,,13.0,,370.0,,,False,True,True,True,False,False,False,False,False,False,False,False,False,False,False,False,False,False,False,False
7367,2021-02-10,2021-02-04,500.0,500.0,6.0,,,2021-02-04,2020-09-02,,,,6.0,161.0,,False,False,False,False,False,False,False,False,True,True,True,True,False,False,False,True,False,False,False,False
7371,2021-10-16,2021-10-07,1000.0,1000.0,9.0,2021-09-03,2021-02-09,2021-05-12,2021-10-07,2020-12-28,43.0,249.0,157.0,9.0,292.0,False,False,True,True,False,False,False,False,False,False,False,True,False,True,True,True,False,False,False,False
7375,2021-12-18,2021-11-12,1000.0,1000.0,36.0,2021-02-16,,2020-09-26,2021-11-12,,305.0,,448.0,36.0,,False,False,False,False,False,False,False,False,False,False,False,False,False,False,True,True,False,False,False,False
7379,2021-02-25,2021-01-09,100.0,100.0,47.0,2021-01-09,,,,,47.0,,,,,False,False,True,True,False,False,False,False,False,False,False,False,False,False,False,False,False,False,False,False
7379,2021-03-01,2021-02-25,5000.0,100.0,51.0,2021-01-09,,,,,51.0,,,,,False,False,True,True,False,False,False,False,False,False,False,False,False,False,False,False,False,False,False,False
7380,2021-11-09,2021-08-11,100.0,100.0,90.0,2021-08-11,,2020-10-14,2021-03-19,,90.0,,391.0,235.0,,False,False,True,True,False,False,False,False,False,False,False,False,False,False,False,False,False,False,False,False
7381,2021-09-17,2021-04-12,500.0,500.0,158.0,2021-01-20,,2021-04-12,2020-12-09,,240.0,,158.0,282.0,,False,False,False,False,False,False,False,False,False,False,False,True,False,False,False,False,False,False,False,False
7387,2021-02-04,2020-08-19,100.0,100.0,169.0,2020-08-19,,,,,169.0,,,,,False,False,False,True,False,False,False,False,False,False,False,False,False,False,False,False,False,False,False,False
7389,2021-02-20,2021-02-10,100.0,100.0,10.0,2021-02-10,,,,,10.0,,,,,False,True,True,True,False,False,False,False,False,False,False,False,False,False,False,False,False,False,False,False
7389,2021-09-07,2021-09-06,100.0,100.0,1.0,2021-09-06,,,,,1.0,,,,,True,True,True,True,False,False,False,False,False,False,False,False,False,False,False,False,False,False,False,False
7392,2021-02-18,2020-10-30,500.0,500.0,111.0,2020-09-28,,2020-10-30,,,143.0,,111.0,,,False,False,False,True,False,False,False,False,False,False,False,True,False,False,False,False,False,False,False,False
7394,2021-10-23,2021-08-13,100.0,100.0,71.0,2021-08-13,,2021-07-30,,2020-08-17,71.0,,85.0,,432.0,False,False,True,True,False,False,False,False,False,False,True,True,False,False,False,False,False,False,False,False
7394,2021-12-04,2021-11-19,500.0,500.0,15.0,2021-08-13,,2021-11-19,,2020-08-17,113.0,,15.0,,474.0,False,False,False,True,False,False,False,False,False,True,True,True,False,False,False,False,False,False,False,False
7396,2021-04-17,2021-01-19,500.0,500.0,88.0,2020-11-23,,2021-01-19,,,145.0,,88.0,,,False,False,False,True,False,False,False,False,False,False,True,True,False,False,False,False,False,False,False,False
7399,2021-10-20,2021-09-30,100.0,100.0,20.0,2021-09-30,2021-03-09,2020-07-11,,,20.0,225.0,466.0,,,False,True,True,True,False,False,False,False,False,False,False,False,False,False,False,False,False,False,False,False
7400,2021-10-15,2021-08-09,100.0,100.0,67.0,2021-08-09,,2020-12-07,,,67.0,,312.0,,,False,False,True,True,False,False,False,False,False,False,False,False,False,False,False,False,False,False,False,False
7401,2021-01-16,2020-12-16,100.0,100.0,31.0,2020-12-16,,,,,31.0,,,,,False,False,True,True,False,False,False,False,False,False,False,False,False,False,False,False,False,False,False,False
7406,2021-03-08,2021-02-03,100.0,100.0,33.0,2021-02-03,,,2021-01-22,,33.0,,,45.0,,False,False,True,True,False,False,False,False,False,False,False,False,False,False,True,True,False,False,False,False
7407,2021-02-05,2021-01-20,100.0,100.0,16.0,2021-01-20,2020-08-11,2020-12-18,2020-11-04,,16.0,178.0,49.0,93.0,,False,True,True,True,False,False,False,True,False,False,True,True,False,False,False,True,False,False,False,False
7407,2021-04-27,2021-03-25,500.0,500.0,33.0,2021-01-20,2020-08-11,2021-03-25,2020-11-04,,97.0,259.0,33.0,174.0,,False,False,False,True,False,False,False,False,False,False,True,True,False,False,False,True,False,False,False,False
7407,2021-11-23,2021-10-23,100.0,100.0,31.0,2021-10-23,2020-08-11,2021-03-25,2020-11-04,,31.0,469.0,243.0,384.0,,False,False,True,True,False,False,False,False,False,False,False,False,False,False,False,False,False,False,False,False
7409,2021-10-14,2021-10-09,100.0,100.0,5.0,2021-10-09,,2021-04-24,2021-04-09,,5.0,,173.0,188.0,,True,True,True,True,False,False,False,False,False,False,False,True,False,False,False,False,False,False,False,False
7410,2021-12-06,2021-10-26,500.0,500.0,41.0,2021-10-15,,2021-10-26,2021-09-02,,52.0,,41.0,95.0,,False,False,True,True,False,False,False,False,False,False,True,True,False,False,False,True,False,False,False,False
7411,2021-11-04,2021-10-29,100.0,100.0,6.0,2021-10-29,2021-03-23,2021-02-12,2021-05-11,,6.0,226.0,265.0,177.0,,True,True,True,True,False,False,False,False,False,False,False,False,False,False,False,True,False,False,False,False
7419,2021-11-13,2021-10-29,100.0,100.0,15.0,2021-10-29,,2021-09-06,2021-04-28,,15.0,,68.0,199.0,,False,True,True,True,False,False,False,False,False,False,True,True,False,False,False,False,False,False,False,False
7419,2021-12-11,2021-12-09,100.0,100.0,2.0,2021-12-09,,2021-09-06,2021-04-28,,2.0,,96.0,227.0,,True,True,True,True,False,False,False,False,False,False,False,True,False,False,False,False,False,False,False,False
7422,2021-09-11,2021-09-03,1000.0,1000.0,8.0,2021-08-11,,,2021-09-03,,31.0,,,8.0,,False,False,True,True,False,False,False,False,False,False,False,False,False,True,True,True,False,False,False,False
7423,2021-04-30,2021-04-14,100.0,100.0,16.0,2021-04-14,,2021-04-08,,,16.0,,22.0,,,False,True,True,True,False,False,False,False,False,True,True,True,False,False,False,False,False,False,False,False
7423,2021-10-09,2021-10-06,500.0,500.0,3.0,2021-04-14,,2021-10-06,,,178.0,,3.0,,,False,False,False,True,False,False,False,False,True,True,True,True,False,False,False,False,False,False,False,False
7423,2021-12-04,2021-11-10,500.0,500.0,24.0,2021-04-14,,2021-11-10,,,234.0,,24.0,,,False,False,False,False,False,False,False,False,False,True,True,True,False,False,False,False,False,False,False,False
7430,2021-03-30,2021-02-13,100.0,100.0,45.0,2021-02-13,,2020-12-16,,,45.0,,104.0,,,False,False,True,True,False,False,False,False,False,False,False,True,False,False,False,False,False,False,False,False
7430,2021-04-13,2021-03-30,5000.0,100.0,59.0,2021-02-13,,2020-12-16,,,59.0,,118.0,,,False,False,True,True,False,False,False,False,False,False,False,True,False,False,False,False,False,False,False,False
7432,2021-11-09,2021-09-06,100.0,100.0,64.0,2021-09-06,,2021-08-27,,,64.0,,74.0,,,False,False,True,True,False,False,False,False,False,False,True,True,False,False,False,False,False,False,False,False
7433,2021-01-29,2020-12-19,100.0,100.0,41.0,2020-12-19,,,,,41.0,,,,,False,False,True,True,False,False,False,False,False,False,False,False,False,False,False,False,False,False,False,False
7439,2021-09-04,2021-08-09,100.0,100.0,26.0,2021-08-09,,2021-01-09,,,26.0,,238.0,,,False,True,True,True,False,False,False,False,False,False,False,False,False,False,False,False,False,False,False,False
7445,2021-05-12,2021-03-27,1000.0,1000.0,46.0,2021-01-20,2020-12-29,2021-01-30,2021-03-27,,112.0,134.0,102.0,46.0,,False,False,False,True,False,False,False,True,False,False,False,True,False,False,True,True,False,False,False,False
7449,2021-03-15,2021-03-11,100.0,100.0,4.0,2021-03-11,,,,,4.0,,,,,True,True,True,True,False,False,False,False,False,False,False,False,False,False,False,False,False,False,False,False
7450,2021-02-19,2020-11-02,100.0,100.0,109.0,2020-11-02,,,,,109.0,,,,,False,False,False,True,False,False,False,False,False,False,False,False,False,False,False,False,False,False,False,False
7451,2021-02-10,2021-02-04,100.0,100.0,6.0,2021-02-04,,,,,6.0,,,,,True,True,True,True,False,False,False,False,False,False,False,False,False,False,False,False,False,False,False,False
7451,2021-05-12,2021-04-24,100.0,100.0,18.0,2021-04-24,,2021-03-18,,,18.0,,55.0,,,False,True,True,True,False,False,False,False,False,False,True,True,False,False,False,False,False,False,False,False
7452,2021-08-30,2021-04-20,100.0,100.0,132.0,2021-04-20,,2021-03-24,,2020-08-05,132.0,,159.0,,390.0,False,False,False,True,False,False,False,False,False,False,False,True,False,False,False,False,False,False,False,False
7455,2021-02-10,2021-02-04,1000.0,1000.0,6.0,,,2020-10-10,2021-02-04,,,,123.0,6.0,,False,False,False,False,False,False,False,False,False,False,False,True,True,True,True,True,False,False,False,False
7458,2021-03-25,2021-02-19,500.0,500.0,34.0,,,2021-02-19,,2020-09-08,,,34.0,,198.0,False,False,False,False,False,False,False,False,False,False,True,True,False,False,False,False,False,False,False,False
7458,2021-09-03,2021-05-05,500.0,500.0,121.0,,,2021-05-05,,2020-09-08,,,121.0,,360.0,False,False,False,False,False,False,False,False,False,False,False,True,False,False,False,False,False,False,False,False
7461,2021-08-30,2021-05-04,100.0,100.0,118.0,2021-05-04,,,,,118.0,,,,,False,False,False,True,False,False,False,False,False,False,False,False,False,False,False,False,False,False,False,False
7469,2021-05-11,2021-04-24,500.0,500.0,17.0,2021-03-31,2021-03-23,2021-04-24,2021-01-08,,41.0,49.0,17.0,123.0,,False,False,True,True,False,False,True,True,False,True,True,True,False,False,False,True,False,False,False,False
7472,2021-12-23,2021-12-02,100.0,100.0,21.0,2021-12-02,,,,2021-10-12,21.0,,,,72.0,False,True,True,True,False,False,False,False,False,False,False,False,False,False,False,False,False,False,True,True
7474,2021-03-29,2021-01-27,1000.0,1000.0,61.0,2020-12-28,,,2021-01-27,,91.0,,,61.0,,False,False,False,True,False,False,False,False,False,False,False,False,False,False,True,True,False,False,False,False
7474,2021-10-19,2021-09-03,100.0,100.0,46.0,2021-09-03,,,2021-01-27,,46.0,,,265.0,,False,False,True,True,False,False,False,False,False,False,False,False,False,False,False,False,False,False,False,False
7475,2021-09-28,2020-12-23,1000.0,1000.0,279.0,,,2020-11-02,2020-12-23,,,,330.0,279.0,,False,False,False,False,False,False,False,False,False,False,False,False,False,False,False,False,False,False,False,False
7475,2021-10-04,2021-09-28,5000.0,1000.0,285.0,,,2020-11-02,2020-12-23,,,,336.0,285.0,,False,False,False,False,False,False,False,False,False,False,False,False,False,False,False,False,False,False,False,False
7478,2021-03-02,2021-02-11,500.0,500.0,19.0,,,2021-02-11,,,,,19.0,,,False,False,False,False,False,False,False,False,False,True,True,True,False,False,False,False,False,False,False,False
7482,2021-11-29,2021-11-11,100.0,100.0,18.0,2021-11-11,2021-04-20,2021-07-30,2021-04-29,,18.0,223.0,122.0,214.0,,False,True,True,True,False,False,False,False,False,False,False,True,False,False,False,False,False,False,False,False
7483,2021-12-25,2021-12-13,100.0,100.0,12.0,2021-12-13,,2021-09-04,2021-02-23,,12.0,,112.0,305.0,,False,True,True,True,False,False,False,False,False,False,False,True,False,False,False,False,False,False,False,False
7485,2021-07-27,2021-04-29,500.0,500.0,89.0,,,2021-04-29,,,,,89.0,,,False,False,False,False,False,False,False,False,False,False,True,True,False,False,False,False,False,False,False,False
7486,2021-11-12,2021-10-21,500.0,500.0,22.0,2020-09-18,,2021-10-21,2021-09-13,2020-12-28,420.0,,22.0,60.0,319.0,False,False,False,False,False,False,False,False,False,True,True,True,False,False,True,True,False,False,False,False
7487,2021-03-30,2021-03-22,500.0,500.0,8.0,2020-12-08,,2021-03-22,,,112.0,,8.0,,,False,False,False,True,False,False,False,False,False,True,True,True,False,False,False,False,False,False,False,False
7487,2021-10-28,2021-03-30,5000.0,500.0,220.0,2020-12-08,,2021-03-22,,,324.0,,220.0,,,False,False,False,False,False,False,False,False,False,False,False,False,False,False,False,False,False,False,False,False
7490,2021-09-01,2021-02-03,500.0,500.0,210.0,,2020-12-08,2021-02-03,,,,267.0,210.0,,,False,False,False,False,False,False,False,False,False,False,False,False,False,False,False,False,False,False,False,False
7495,2021-11-10,2021-10-22,100.0,100.0,19.0,2021-10-22,,2021-01-02,,2021-04-28,19.0,,312.0,,196.0,False,True,True,True,False,False,False,False,False,False,False,False,False,False,False,False,False,False,False,False
7499,2021-04-01,2021-03-30,100.0,100.0,2.0,2021-03-30,2021-03-02,,2021-03-01,,2.0,30.0,,31.0,,True,True,True,True,False,True,True,True,False,False,False,False,False,False,True,True,False,False,False,False
7500,2021-02-27,2021-02-15,500.0,500.0,12.0,2021-01-06,,2021-02-15,,,52.0,,12.0,,,False,False,True,True,False,False,False,False,False,True,True,True,False,False,False,False,False,False,False,False
7503,2021-01-05,2020-11-11,500.0,500.0,55.0,,,2020-11-11,,,,,55.0,,,False,False,False,False,False,False,False,False,False,False,True,True,False,False,False,False,False,False,False,False
7507,2021-02-03,2020-11-04,1000.0,1000.0,91.0,,,2020-09-14,2020-11-04,,,,142.0,91.0,,False,False,False,False,False,False,False,False,False,False,False,True,False,False,False,True,False,False,False,False
7507,2021-10-29,2021-09-17,500.0,500.0,42.0,2021-02-23,,2021-09-17,2021-04-16,,248.0,,42.0,196.0,,False,False,False,False,False,False,False,False,False,False,True,True,False,False,False,False,False,False,False,False
7509,2021-10-23,2021-10-19,100.0,100.0,4.0,2021-10-19,2021-05-04,2021-09-24,2021-03-19,,4.0,172.0,29.0,218.0,,True,True,True,True,False,False,False,True,False,True,True,True,False,False,False,False,False,False,False,False
7512,2021-11-30,2021-11-29,500.0,500.0,1.0,2021-10-23,,2021-11-29,2021-09-17,2021-09-21,38.0,,1.0,74.0,70.0,False,False,True,True,False,False,False,False,True,True,True,True,False,False,True,True,False,False,True,True
7514,2021-11-03,2021-10-05,500.0,500.0,29.0,2021-02-16,,2021-10-05,,2021-08-18,260.0,,29.0,,77.0,False,False,False,False,False,False,False,False,False,True,True,True,False,False,False,False,False,False,True,True
7515,2021-01-20,2020-12-09,500.0,500.0,42.0,2020-11-20,,2020-12-09,2020-10-14,,61.0,,42.0,98.0,,False,False,True,True,False,False,False,False,False,False,True,True,False,False,False,True,False,False,False,False
7519,2021-03-10,2021-01-02,100.0,100.0,67.0,2021-01-02,,2020-11-02,2020-10-09,,67.0,,128.0,152.0,,False,False,True,True,False,False,False,False,False,False,False,True,False,False,False,True,False,False,False,False
7522,2021-09-10,2021-03-22,500.0,500.0,172.0,2021-02-23,,2021-03-22,,,199.0,,172.0,,,False,False,False,False,False,False,False,False,False,False,False,True,False,False,False,False,False,False,False,False
7523,2021-10-25,2021-04-07,1000.0,1000.0,201.0,2020-09-22,,2021-03-23,2021-04-07,2020-09-30,398.0,,216.0,201.0,390.0,False,False,False,False,False,False,False,False,False,False,False,False,False,False,False,False,False,False,False,False
7529,2021-04-15,2021-01-25,500.0,500.0,80.0,2021-01-23,,2021-01-25,,,82.0,,80.0,,,False,False,True,True,False,False,False,False,False,False,True,True,False,False,False,False,False,False,False,False
7529,2021-11-18,2021-09-17,500.0,500.0,62.0,2021-09-06,,2021-09-17,,,73.0,,62.0,,,False,False,True,True,False,False,False,False,False,False,True,True,False,False,False,False,False,False,False,False
7534,2021-09-30,2021-09-02,100.0,100.0,28.0,2021-09-02,,2020-12-16,,,28.0,,288.0,,,False,True,True,True,False,False,False,False,False,False,False,False,False,False,False,False,False,False,False,False
7537,2021-03-06,2020-08-03,500.0,500.0,215.0,2020-07-18,,2020-08-03,,,231.0,,215.0,,,False,False,False,False,False,False,False,False,False,False,False,False,False,False,False,False,False,False,False,False
7540,2021-12-01,2021-11-02,500.0,500.0,29.0,2021-04-29,,2021-11-02,,,216.0,,29.0,,,False,False,False,False,False,False,False,False,False,True,True,True,False,False,False,False,False,False,False,False
7541,2021-09-29,2021-08-30,500.0,500.0,30.0,2021-05-10,,2021-08-30,,,142.0,,30.0,,,False,False,False,True,False,False,False,False,False,True,True,True,False,False,False,False,False,False,False,False
7543,2021-12-03,2021-11-11,100.0,100.0,22.0,2021-11-11,,2021-09-24,2020-09-18,,22.0,,70.0,441.0,,False,True,True,True,False,False,False,False,False,False,True,True,False,False,False,False,False,False,False,False
7544,2021-09-18,2021-09-07,500.0,500.0,11.0,2021-04-21,,2021-09-07,,2020-11-23,150.0,,11.0,,299.0,False,False,False,True,False,False,False,False,False,True,True,True,False,False,False,False,False,False,False,False
7550,2021-02-08,2021-01-25,500.0,500.0,14.0,2020-10-23,,2021-01-25,,2020-10-10,108.0,,14.0,,121.0,False,False,False,True,False,False,False,False,False,True,True,True,False,False,False,False,False,False,False,True
7551,2021-02-23,2020-09-26,100.0,100.0,150.0,2020-09-26,,2020-09-18,,,150.0,,158.0,,,False,False,False,True,False,False,False,False,False,False,False,True,False,False,False,False,False,False,False,False
7551,2021-03-19,2021-03-08,100.0,100.0,11.0,2021-03-08,,2020-09-18,,,11.0,,182.0,,,False,True,True,True,False,False,False,False,False,False,False,False,False,False,False,False,False,False,False,False
7551,2021-05-12,2021-03-19,5000.0,100.0,65.0,2021-03-08,,2020-09-18,,,65.0,,236.0,,,False,False,True,True,False,False,False,False,False,False,False,False,False,False,False,False,False,False,False,False
7553,2021-09-17,2020-07-25,500.0,500.0,419.0,,,2020-07-25,,,,,419.0,,,False,False,False,False,False,False,False,False,False,False,False,False,False,False,False,False,False,False,False,False
7558,2021-12-02,2021-11-26,100.0,100.0,6.0,2021-11-26,,2020-12-29,,,6.0,,338.0,,,True,True,True,True,False,False,False,False,False,False,False,False,False,False,False,False,False,False,False,False
7559,2021-02-13,2020-12-22,5000.0,100.0,74.0,2020-12-01,,2020-08-17,2020-08-05,,74.0,,180.0,192.0,,False,False,True,True,False,False,False,False,False,False,False,True,False,False,False,False,False,False,False,False
7562,2021-07-23,2021-04-16,100.0,100.0,98.0,2021-04-16,,2020-08-27,,,98.0,,330.0,,,False,False,False,True,False,False,False,False,False,False,False,False,False,False,False,False,False,False,False,False
7565,2021-11-24,2021-11-23,100.0,100.0,1.0,2021-11-23,,2020-12-12,2021-10-09,,1.0,,347.0,46.0,,True,True,True,True,False,False,False,False,False,False,False,False,False,False,True,True,False,False,False,False
7566,2021-12-30,2021-12-23,500.0,500.0,7.0,2021-12-22,2021-10-05,2021-12-23,2021-10-27,,8.0,86.0,7.0,64.0,,False,True,True,True,False,False,True,True,True,True,True,True,False,False,True,True,False,False,False,False
7569,2021-01-30,2020-12-08,200.0,200.0,53.0,,2020-12-08,,,,,53.0,,,,False,False,False,False,False,False,True,True,False,False,False,False,False,False,False,False,False,False,False,False
7571,2021-05-04,2021-04-16,100.0,100.0,18.0,2021-04-16,,2020-12-26,2021-03-15,2021-03-02,18.0,,129.0,50.0,63.0,False,True,True,True,False,False,False,False,False,False,False,True,False,False,True,True,False,False,True,True
7573,2021-03-03,2020-11-13,500.0,500.0,110.0,,,2020-11-13,,,,,110.0,,,False,False,False,False,False,False,False,False,False,False,False,True,False,False,False,False,False,False,False,False
7577,2021-02-18,2021-02-05,100.0,100.0,13.0,2021-02-05,,2021-01-30,2021-01-16,,13.0,,19.0,33.0,,False,True,True,True,False,False,False,False,False,True,True,True,False,False,True,True,False,False,False,False
7580,2021-02-17,2020-10-16,1000.0,1000.0,124.0,,,,2020-10-16,,,,,124.0,,False,False,False,False,False,False,False,False,False,False,False,False,False,False,False,True,False,False,False,False
7580,2021-08-18,2021-03-05,500.0,500.0,166.0,,,2021-03-05,2020-10-16,,,,166.0,306.0,,False,False,False,False,False,False,False,False,False,False,False,True,False,False,False,False,False,False,False,False
7581,2021-01-01,2020-10-16,500.0,500.0,77.0,,,2020-10-16,,,,,77.0,,,False,False,False,False,False,False,False,False,False,False,True,True,False,False,False,False,False,False,False,False
7581,2021-08-13,2021-05-04,100.0,100.0,101.0,2021-05-04,,2021-01-12,2021-04-07,,101.0,,213.0,128.0,,False,False,False,True,False,False,False,False,False,False,False,False,False,False,False,True,False,False,False,False
7582,2021-12-02,2021-12-01,100.0,100.0,1.0,2021-12-01,,2020-11-04,2021-11-26,,1.0,,393.0,6.0,,True,True,True,True,False,False,False,False,False,False,False,False,True,True,True,True,False,False,False,False
7588,2021-03-06,,,,,,,,,,,,,,,False,False,False,False,False,False,False,False,False,False,False,False,False,False,False,False,False,False,False,False
7590,2021-04-22,2021-03-27,100.0,100.0,26.0,2021-03-27,2020-09-22,2021-03-11,2020-08-07,,26.0,212.0,42.0,258.0,,False,True,True,True,False,False,False,False,False,False,True,True,False,False,False,False,False,False,False,False
7591,2021-10-23,2021-07-30,100.0,100.0,85.0,2021-07-30,,2021-04-19,,,85.0,,187.0,,,False,False,True,True,False,False,False,False,False,False,False,False,False,False,False,False,False,False,False,False
7592,2021-02-12,2020-12-18,500.0,500.0,56.0,2020-10-05,,2020-12-18,,,130.0,,56.0,,,False,False,False,True,False,False,False,False,False,False,True,True,False,False,False,False,False,False,False,False
7592,2021-12-08,2021-10-28,500.0,500.0,41.0,2021-10-25,,2021-10-28,,,44.0,,41.0,,,False,False,True,True,False,False,False,False,False,False,True,True,False,False,False,False,False,False,False,False
7593,2021-08-11,2021-04-12,100.0,100.0,121.0,2021-04-12,,2021-01-05,,,121.0,,218.0,,,False,False,False,True,False,False,False,False,False,False,False,False,False,False,False,False,False,False,False,False
7594,2021-04-22,2021-01-01,100.0,100.0,111.0,2021-01-01,,2020-09-24,,,111.0,,210.0,,,False,False,False,True,False,False,False,False,False,False,False,False,False,False,False,False,False,False,False,False
7594,2021-11-04,2021-10-28,500.0,500.0,7.0,2021-09-21,,2021-10-28,,,44.0,,7.0,,,False,False,True,True,False,False,False,False,True,True,True,True,False,False,False,False,False,False,False,False
7596,2021-02-13,2021-01-09,1000.0,1000.0,35.0,2020-12-28,,2020-11-30,2021-01-09,,47.0,,75.0,35.0,,False,False,True,True,False,False,False,False,False,False,True,True,False,False,True,True,False,False,False,False
7596,2021-02-19,2021-02-13,5000.0,1000.0,41.0,2020-12-28,,2020-11-30,2021-01-09,,53.0,,81.0,41.0,,False,False,True,True,False,False,False,False,False,False,True,True,False,False,True,True,False,False,False,False
7596,2021-10-12,2021-03-02,100.0,100.0,224.0,2021-03-02,,2020-11-30,2021-01-09,,224.0,,316.0,276.0,,False,False,False,False,False,False,False,False,False,False,False,False,False,False,False,False,False,False,False,False
7597,2021-01-25,2020-08-17,500.0,500.0,161.0,,,2020-08-17,,,,,161.0,,,False,False,False,False,False,False,False,False,False,False,False,True,False,False,False,False,False,False,False,False
7597,2021-01-30,2021-01-25,5000.0,500.0,166.0,,,2020-08-17,,,,,166.0,,,False,False,False,False,False,False,False,False,False,False,False,True,False,False,False,False,False,False,False,False
7597,2021-02-17,2021-01-30,5000.0,500.0,184.0,,,2020-08-17,,,,,184.0,,,False,False,False,False,False,False,False,False,False,False,False,False,False,False,False,False,False,False,False,False
7604,2021-12-07,2021-11-29,100.0,100.0,8.0,2021-11-29,2021-09-28,,,,8.0,70.0,,,,False,True,True,True,False,False,True,True,False,False,False,False,False,False,False,False,False,False,False,False
7613,2021-04-20,2021-03-20,100.0,100.0,31.0,2021-03-20,,,2020-09-18,,31.0,,,214.0,,False,False,True,True,False,False,False,False,False,False,False,False,False,False,False,False,False,False,False,False
7614,2021-11-30,2021-04-27,500.0,500.0,217.0,,,2021-04-27,,,,,217.0,,,False,False,False,False,False,False,False,False,False,False,False,False,False,False,False,False,False,False,False,False
7615,2021-02-22,2020-10-03,500.0,500.0,142.0,,,2020-10-03,,,,,142.0,,,False,False,False,False,False,False,False,False,False,False,False,True,False,False,False,False,False,False,False,False
7620,2021-04-20,2020-12-30,5000.0,100.0,122.0,2020-12-19,,,,,122.0,,,,,False,False,False,True,False,False,False,False,False,False,False,False,False,False,False,False,False,False,False,False
7623,2021-04-29,2021-04-16,100.0,100.0,13.0,2021-04-16,,,,,13.0,,,,,False,True,True,True,False,False,False,False,False,False,False,False,False,False,False,False,False,False,False,False
7624,2021-09-21,2021-04-19,500.0,500.0,155.0,2021-03-31,,2021-04-19,2021-03-19,,174.0,,155.0,186.0,,False,False,False,True,False,False,False,False,False,False,False,True,False,False,False,False,False,False,False,False
7626,2021-02-06,2021-01-30,100.0,100.0,7.0,2021-01-30,,,,,7.0,,,,,True,True,True,True,False,False,False,False,False,False,False,False,False,False,False,False,False,False,False,False
7627,2021-02-04,2021-01-18,100.0,100.0,17.0,2021-01-18,,,,,17.0,,,,,False,True,True,True,False,False,False,False,False,False,False,False,False,False,False,False,False,False,False,False
7627,2021-02-16,2021-02-04,5000.0,100.0,29.0,2021-01-18,,,,,29.0,,,,,False,True,True,True,False,False,False,False,False,False,False,False,False,False,False,False,False,False,False,False
7628,2021-08-09,2021-04-27,100.0,100.0,104.0,2021-04-27,,2021-04-15,,,104.0,,116.0,,,False,False,False,True,False,False,False,False,False,False,False,True,False,False,False,False,False,False,False,False
7631,2021-02-23,2020-12-08,500.0,500.0,77.0,2020-11-18,,2020-12-08,2020-09-02,,97.0,,77.0,174.0,,False,False,False,True,False,False,False,False,False,False,True,True,False,False,False,True,False,False,False,False
7633,2021-08-27,2021-04-15,500.0,500.0,134.0,,,2021-04-15,,,,,134.0,,,False,False,False,False,False,False,False,False,False,False,False,True,False,False,False,False,False,False,False,False
7638,2021-12-16,2021-12-11,500.0,500.0,5.0,,2020-09-22,2021-12-11,2020-08-21,,,450.0,5.0,482.0,,False,False,False,False,False,False,False,False,True,True,True,True,False,False,False,False,False,False,False,False
7639,2021-01-11,,,,,,,,,,,,,,,False,False,False,False,False,False,False,False,False,False,False,False,False,False,False,False,False,False,False,False
7646,2021-09-13,2021-09-09,100.0,100.0,4.0,2021-09-09,,,2020-12-09,2020-12-16,4.0,,,278.0,271.0,True,True,True,True,False,False,False,False,False,False,False,False,False,False,False,False,False,False,False,False
7648,2021-05-12,2020-11-02,100.0,100.0,191.0,2020-11-02,,,,,191.0,,,,,False,False,False,False,False,False,False,False,False,False,False,False,False,False,False,False,False,False,False,False
7655,2021-08-27,2021-07-30,500.0,500.0,28.0,2021-03-15,,2021-07-30,,,165.0,,28.0,,,False,False,False,True,False,False,False,False,False,True,True,True,False,False,False,False,False,False,False,False
7660,2021-11-12,2021-09-11,1000.0,1000.0,62.0,2021-04-17,,2020-10-28,2021-09-11,,209.0,,380.0,62.0,,False,False,False,False,False,False,False,False,False,False,False,False,False,False,True,True,False,False,False,False
7661,2021-11-10,2021-10-23,100.0,100.0,18.0,2021-10-23,2021-02-02,,,,18.0,281.0,,,,False,True,True,True,False,False,False,False,False,False,False,False,False,False,False,False,False,False,False,False
7665,2021-03-06,2021-02-18,100.0,100.0,16.0,2021-02-18,,,,,16.0,,,,,False,True,True,True,False,False,False,False,False,False,False,False,False,False,False,False,False,False,False,False
7666,2021-09-27,2021-09-25,100.0,100.0,2.0,2021-09-25,,2021-09-16,2021-02-13,,2.0,,11.0,226.0,,True,True,True,True,False,False,False,False,False,True,True,True,False,False,False,False,False,False,False,False
7668,2021-02-12,2021-01-18,100.0,100.0,25.0,2021-01-18,,,2021-01-13,,25.0,,,30.0,,False,True,True,True,False,False,False,False,False,False,False,False,False,True,True,True,False,False,False,False
7670,2021-12-14,2021-03-31,500.0,500.0,258.0,2020-10-03,,2021-03-31,2021-02-24,,437.0,,258.0,293.0,,False,False,False,False,False,False,False,False,False,False,False,False,False,False,False,False,False,False,False,False
7673,2021-11-20,2021-09-18,500.0,500.0,63.0,2020-12-08,,2021-09-18,,,347.0,,63.0,,,False,False,False,False,False,False,False,False,False,False,True,True,False,False,False,False,False,False,False,False
7674,2021-12-30,2021-08-20,100.0,100.0,132.0,2021-08-20,,2021-05-11,2021-02-12,,132.0,,233.0,321.0,,False,False,False,True,False,False,False,False,False,False,False,False,False,False,False,False,False,False,False,False
7679,2021-05-06,2021-04-23,500.0,500.0,13.0,2021-03-19,,2021-04-23,,,48.0,,13.0,,,False,False,True,True,False,False,False,False,False,True,True,True,False,False,False,False,False,False,False,False
7681,2021-10-27,2021-09-03,500.0,500.0,54.0,2020-09-02,,2021-09-03,2020-10-21,,420.0,,54.0,371.0,,False,False,False,False,False,False,False,False,False,False,True,True,False,False,False,False,False,False,False,False
7683,2021-08-18,2021-03-29,1000.0,1000.0,142.0,2021-02-19,,2021-03-24,2021-03-29,,180.0,,147.0,142.0,,False,False,False,True,False,False,False,False,False,False,False,True,False,False,False,True,False,False,False,False
7683,2021-11-08,2021-09-01,500.0,500.0,68.0,2021-02-19,,2021-09-01,2021-03-29,,262.0,,68.0,224.0,,False,False,False,False,False,False,False,False,False,False,True,True,False,False,False,False,False,False,False,False
7686,2021-02-02,2020-11-30,100.0,100.0,64.0,2020-11-30,,2020-11-13,,,64.0,,81.0,,,False,False,True,True,False,False,False,False,False,False,True,True,False,False,False,False,False,False,False,False
7686,2021-12-02,2021-11-19,500.0,500.0,13.0,2021-09-22,,2021-11-19,2021-11-12,,71.0,,13.0,20.0,,False,False,True,True,False,False,False,False,False,True,True,True,False,True,True,True,False,False,False,False
7688,2021-04-19,2021-02-20,1000.0,1000.0,58.0,2020-09-28,,,2021-02-20,,203.0,,,58.0,,False,False,False,False,False,False,False,False,False,False,False,False,False,False,True,True,False,False,False,False
7694,2021-02-13,2020-12-05,100.0,100.0,70.0,2020-12-05,,2020-10-12,,,70.0,,124.0,,,False,False,True,True,False,False,False,False,False,False,False,True,False,False,False,False,False,False,False,False
7694,2021-02-20,2021-02-13,5000.0,100.0,77.0,2020-12-05,,2020-10-12,,,77.0,,131.0,,,False,False,True,True,False,False,False,False,False,False,False,True,False,False,False,False,False,False,False,False
7695,2021-11-08,2021-10-25,100.0,100.0,14.0,2021-10-25,,2020-11-06,,,14.0,,367.0,,,False,True,True,True,False,False,False,False,False,False,False,False,False,False,False,False,False,False,False,False
7696,2021-11-20,2021-11-11,100.0,100.0,9.0,2021-11-11,,2021-10-08,,2021-10-04,9.0,,43.0,,47.0,False,True,True,True,False,False,False,False,False,False,True,True,False,False,False,False,False,False,True,True
7696,2021-12-04,2021-11-20,5000.0,100.0,23.0,2021-11-11,,2021-10-08,,2021-10-04,23.0,,57.0,,61.0,False,True,True,True,False,False,False,False,False,False,True,True,False,False,False,False,False,False,True,True
7699,2021-01-01,2020-08-17,2000.0,2000.0,137.0,2020-08-13,,,,2020-08-17,141.0,,,,137.0,False,False,False,True,False,False,False,False,False,False,False,False,False,False,False,False,False,False,False,True
7700,2021-01-20,2020-09-10,500.0,500.0,132.0,,,2020-09-10,,,,,132.0,,,False,False,False,False,False,False,False,False,False,False,False,True,False,False,False,False,False,False,False,False
7700,2021-10-18,2021-03-06,100.0,100.0,226.0,2021-03-06,,2020-09-10,,,226.0,,403.0,,,False,False,False,False,False,False,False,False,False,False,False,False,False,False,False,False,False,False,False,False
7701,2021-10-26,2021-09-23,100.0,100.0,33.0,2021-09-23,,2021-01-22,2021-04-29,2021-04-24,33.0,,277.0,180.0,185.0,False,False,True,True,False,False,False,False,False,False,False,False,False,False,False,True,False,False,False,False
7704,2021-03-24,2021-03-12,500.0,500.0,12.0,2021-02-27,,2021-03-12,,,25.0,,12.0,,,False,True,True,True,False,False,False,False,False,True,True,True,False,False,False,False,False,False,False,False
7705,2021-12-07,2021-10-08,500.0,500.0,60.0,,,2021-10-08,2021-03-11,,,,60.0,271.0,,False,False,False,False,False,False,False,False,False,False,True,True,False,False,False,False,False,False,False,False
7706,2021-11-30,2021-11-13,500.0,500.0,17.0,2021-09-07,,2021-11-13,2021-11-12,,84.0,,17.0,18.0,,False,False,True,True,False,False,False,False,False,True,True,True,False,True,True,True,False,False,False,False
7711,2021-05-05,2021-04-29,1000.0,1000.0,6.0,2021-03-30,2020-09-08,,2021-04-29,,36.0,239.0,,6.0,,False,False,True,True,False,False,False,False,False,False,False,False,True,True,True,True,False,False,False,False
7713,2021-11-08,2021-10-06,2000.0,2000.0,33.0,2021-04-13,,2021-04-10,,2021-10-06,209.0,,212.0,,33.0,False,False,False,False,False,False,False,False,False,False,False,False,False,False,False,False,False,False,True,True
7713,2021-11-30,2021-11-10,100.0,100.0,20.0,2021-11-10,,2021-04-10,,2021-10-06,20.0,,234.0,,55.0,False,True,True,True,False,False,False,False,False,False,False,False,False,False,False,False,False,False,True,True
7716,2021-12-22,2021-11-05,500.0,500.0,47.0,2021-04-08,,2021-11-05,2021-08-27,,258.0,,47.0,117.0,,False,False,False,False,False,False,False,False,False,False,True,True,False,False,False,True,False,False,False,False
7717,2021-04-13,2021-01-27,100.0,100.0,76.0,2021-01-27,,,2020-08-27,,76.0,,,229.0,,False,False,True,True,False,False,False,False,False,False,False,False,False,False,False,False,False,False,False,False
7719,2021-01-18,2020-11-13,100.0,100.0,66.0,2020-11-13,,,,2020-09-16,66.0,,,,124.0,False,False,True,True,False,False,False,False,False,False,False,False,False,False,False,False,False,False,False,True
7732,2021-11-04,2021-10-04,100.0,100.0,31.0,2021-10-04,,,,,31.0,,,,,False,False,True,True,False,False,False,False,False,False,False,False,False,False,False,False,False,False,False,False
7736,2021-02-17,2021-01-25,100.0,100.0,23.0,2021-01-25,,2021-01-02,2020-08-17,,23.0,,46.0,184.0,,False,True,True,True,False,False,False,False,False,False,True,True,False,False,False,False,False,False,False,False
7736,2021-03-13,2021-02-17,5000.0,100.0,47.0,2021-01-25,,2021-01-02,2020-08-17,,47.0,,70.0,208.0,,False,False,True,True,False,False,False,False,False,False,True,True,False,False,False,False,False,False,False,False
7736,2021-10-23,2021-08-30,500.0,500.0,54.0,2021-01-25,,2021-08-30,2020-08-17,,271.0,,54.0,432.0,,False,False,False,False,False,False,False,False,False,False,True,True,False,False,False,False,False,False,False,False
7741,2021-03-10,2020-12-04,100.0,100.0,96.0,2020-12-04,,2020-09-30,,2020-09-28,96.0,,161.0,,163.0,False,False,False,True,False,False,False,False,False,False,False,True,False,False,False,False,False,False,False,True
7749,2021-11-09,2021-10-01,500.0,500.0,39.0,2021-09-07,,2021-10-01,2021-01-05,,63.0,,39.0,308.0,,False,False,True,True,False,False,False,False,False,False,True,True,False,False,False,False,False,False,False,False
7752,2021-03-17,2021-03-10,500.0,500.0,7.0,2021-01-02,2021-01-05,2021-03-10,,2021-01-16,74.0,71.0,7.0,,60.0,False,False,True,True,False,False,True,True,True,True,True,True,False,False,False,False,False,False,True,True
7757,2021-09-11,2021-03-17,100.0,100.0,178.0,2021-03-17,,,,,178.0,,,,,False,False,False,True,False,False,False,False,False,False,False,False,False,False,False,False,False,False,False,False
7760,2021-07-23,2021-03-12,100.0,100.0,133.0,2021-03-12,2020-08-25,,,,133.0,332.0,,,,False,False,False,True,False,False,False,False,False,False,False,False,False,False,False,False,False,False,False,False
7763,2021-11-26,2021-10-14,100.0,100.0,43.0,2021-10-14,,2021-04-26,,,43.0,,214.0,,,False,False,True,True,False,False,False,False,False,False,False,False,False,False,False,False,False,False,False,False
7766,2021-01-23,2020-12-22,100.0,100.0,32.0,2020-12-22,,,,,32.0,,,,,False,False,True,True,False,False,False,False,False,False,False,False,False,False,False,False,False,False,False,False
7767,2021-01-16,2021-01-02,100.0,100.0,14.0,2021-01-02,,2020-09-04,,,14.0,,134.0,,,False,True,True,True,False,False,False,False,False,False,False,True,False,False,False,False,False,False,False,False
7769,2021-12-28,2021-04-17,500.0,500.0,255.0,2021-02-02,2020-12-15,2021-04-17,,,329.0,378.0,255.0,,,False,False,False,False,False,False,False,False,False,False,False,False,False,False,False,False,False,False,False,False
7775,2021-10-07,2021-03-25,100.0,100.0,196.0,2021-03-25,2021-03-16,,,,196.0,205.0,,,,False,False,False,False,False,False,False,False,False,False,False,False,False,False,False,False,False,False,False,False
7783,2021-02-26,2020-12-25,1000.0,1000.0,63.0,,,,2020-12-25,,,,,63.0,,False,False,False,False,False,False,False,False,False,False,False,False,False,False,True,True,False,False,False,False
7788,2021-12-20,2021-09-29,100.0,100.0,82.0,2021-09-29,,2021-03-02,,,82.0,,293.0,,,False,False,True,True,False,False,False,False,False,False,False,False,False,False,False,False,False,False,False,False
7790,2021-03-13,2021-03-08,500.0,500.0,5.0,2021-02-04,,2021-03-08,,,37.0,,5.0,,,False,False,True,True,False,False,False,False,True,True,True,True,False,False,False,False,False,False,False,False
7791,2021-10-22,2021-02-05,1000.0,1000.0,259.0,2020-12-04,,,2021-02-05,,322.0,,,259.0,,False,False,False,False,False,False,False,False,False,False,False,False,False,False,False,False,False,False,False,False
7793,2021-01-22,2020-12-09,100.0,100.0,44.0,2020-12-09,,2020-11-09,,,44.0,,74.0,,,False,False,True,True,False,False,False,False,False,False,True,True,False,False,False,False,False,False,False,False
7794,2021-02-04,2020-10-10,100.0,100.0,117.0,2020-10-10,,,2020-08-05,,117.0,,,183.0,,False,False,False,True,False,False,False,False,False,False,False,False,False,False,False,False,False,False,False,False
7795,2021-03-18,2021-01-23,100.0,100.0,54.0,2021-01-23,,,,,54.0,,,,,False,False,True,True,False,False,False,False,False,False,False,False,False,False,False,False,False,False,False,False
7798,2021-10-28,2021-10-06,1000.0,1000.0,22.0,2021-02-10,2021-04-20,2021-03-12,2021-10-06,,260.0,191.0,230.0,22.0,,False,False,False,False,False,False,False,False,False,False,False,False,False,True,True,True,False,False,False,False
7799,2021-03-23,2021-02-08,500.0,500.0,43.0,2021-01-12,,2021-02-08,,,70.0,,43.0,,,False,False,True,True,False,False,False,False,False,False,True,True,False,False,False,False,False,False,False,False
7799,2021-11-20,2021-11-11,500.0,500.0,9.0,2021-01-12,,2021-11-11,2021-04-08,,312.0,,9.0,226.0,,False,False,False,False,False,False,False,False,False,True,True,True,False,False,False,False,False,False,False,False
7800,2021-03-05,2021-02-01,100.0,100.0,32.0,2021-02-01,2020-09-22,2020-07-18,,,32.0,164.0,230.0,,,False,False,True,True,False,False,False,True,False,False,False,False,False,False,False,False,False,False,False,False
7801,2021-04-03,2021-01-18,100.0,100.0,75.0,2021-01-18,,,2021-01-05,,75.0,,,88.0,,False,False,True,True,False,False,False,False,False,False,False,False,False,False,True,True,False,False,False,False
7803,2021-10-11,2021-09-18,100.0,100.0,23.0,2021-09-18,2021-02-09,2021-05-10,,,23.0,244.0,154.0,,,False,True,True,True,False,False,False,False,False,False,False,True,False,False,False,False,False,False,False,False
7806,2021-12-23,2021-11-19,100.0,100.0,34.0,2021-11-19,2021-02-02,2021-05-05,2021-02-11,,34.0,324.0,232.0,315.0,,False,False,True,True,False,False,False,False,False,False,False,False,False,False,False,False,False,False,False,False
7807,2021-01-20,2021-01-19,100.0,100.0,1.0,2021-01-19,,2020-08-17,,,1.0,,156.0,,,True,True,True,True,False,False,False,False,False,False,False,True,False,False,False,False,False,False,False,False
7807,2021-04-24,2021-03-15,100.0,100.0,40.0,2021-03-15,,2020-08-17,,,40.0,,250.0,,,False,False,True,True,False,False,False,False,False,False,False,False,False,False,False,False,False,False,False,False
7810,2021-03-24,2021-03-13,100.0,100.0,11.0,2021-03-13,2020-12-22,2021-02-02,2021-02-03,,11.0,92.0,50.0,49.0,,False,True,True,True,False,False,False,True,False,False,True,True,False,False,True,True,False,False,False,False
7812,2021-09-08,2021-04-21,500.0,500.0,140.0,2020-08-07,,2021-04-21,2020-10-07,,397.0,,140.0,336.0,,False,False,False,False,False,False,False,False,False,False,False,True,False,False,False,False,False,False,False,False
7812,2021-09-25,2021-09-08,5000.0,500.0,157.0,2020-08-07,,2021-04-21,2020-10-07,,414.0,,157.0,353.0,,False,False,False,False,False,False,False,False,False,False,False,True,False,False,False,False,False,False,False,False
7815,2021-03-04,2021-01-27,100.0,100.0,36.0,2021-01-27,,,,,36.0,,,,,False,False,True,True,False,False,False,False,False,False,False,False,False,False,False,False,False,False,False,False
7816,2021-04-10,2021-03-15,500.0,500.0,26.0,2021-03-05,,2021-03-15,,,36.0,,26.0,,,False,False,True,True,False,False,False,False,False,True,True,True,False,False,False,False,False,False,False,False
7817,2021-02-08,2021-02-03,100.0,100.0,5.0,2021-02-03,,,,,5.0,,,,,True,True,True,True,False,False,False,False,False,False,False,False,False,False,False,False,False,False,False,False
7819,2021-10-05,2021-04-23,100.0,100.0,165.0,2021-04-23,,2021-04-17,,,165.0,,171.0,,,False,False,False,True,False,False,False,False,False,False,False,True,False,False,False,False,False,False,False,False
7823,2021-03-03,2021-02-23,500.0,500.0,8.0,,,2021-02-23,,,,,8.0,,,False,False,False,False,False,False,False,False,False,True,True,True,False,False,False,False,False,False,False,False
7823,2021-04-16,2021-03-03,5000.0,500.0,52.0,,,2021-02-23,,,,,52.0,,,False,False,False,False,False,False,False,False,False,False,True,True,False,False,False,False,False,False,False,False
7825,2021-04-07,2021-03-23,200.0,200.0,15.0,2020-11-27,2021-03-23,,2021-03-12,,131.0,15.0,,26.0,,False,False,False,True,False,True,True,True,False,False,False,False,False,True,True,True,False,False,False,False
7831,2021-02-09,2020-10-12,100.0,100.0,120.0,2020-10-12,,,,,120.0,,,,,False,False,False,True,False,False,False,False,False,False,False,False,False,False,False,False,False,False,False,False
7836,2021-12-18,2021-11-09,200.0,200.0,39.0,2021-10-15,2021-11-09,2021-03-23,,,64.0,39.0,270.0,,,False,False,True,True,False,False,True,True,False,False,False,False,False,False,False,False,False,False,False,False
7839,2021-03-02,,,,,,,,,,,,,,,False,False,False,False,False,False,False,False,False,False,False,False,False,False,False,False,False,False,False,False
7840,2021-04-16,2021-04-09,100.0,100.0,7.0,2021-04-09,2021-02-09,2020-12-15,,,7.0,66.0,122.0,,,True,True,True,True,False,False,True,True,False,False,False,True,False,False,False,False,False,False,False,False
7840,2021-11-01,2021-09-29,100.0,100.0,33.0,2021-09-29,2021-02-09,2020-12-15,,,33.0,265.0,321.0,,,False,False,True,True,False,False,False,False,False,False,False,False,False,False,False,False,False,False,False,False
7842,2021-12-16,2021-12-15,100.0,100.0,1.0,2021-12-15,,2020-12-14,,,1.0,,367.0,,,True,True,True,True,False,False,False,False,False,False,False,False,False,False,False,False,False,False,False,False
7846,2021-09-09,2021-09-02,100.0,100.0,7.0,2021-09-02,,2021-04-05,2020-11-18,,7.0,,157.0,295.0,,True,True,True,True,False,False,False,False,False,False,False,True,False,False,False,False,False,False,False,False
7847,2021-09-28,2021-09-13,100.0,100.0,15.0,2021-09-13,,,2021-08-27,,15.0,,,32.0,,False,True,True,True,False,False,False,False,False,False,False,False,False,False,True,True,False,False,False,False
7849,2021-10-21,2021-07-23,100.0,100.0,90.0,2021-07-23,2020-08-25,,,2021-02-09,90.0,422.0,,,254.0,False,False,True,True,False,False,False,False,False,False,False,False,False,False,False,False,False,False,False,False
7850,2021-02-13,2021-02-12,100.0,100.0,1.0,2021-02-12,,2020-12-07,,,1.0,,68.0,,,True,True,True,True,False,False,False,False,False,False,True,True,False,False,False,False,False,False,False,False
7853,2021-05-07,2020-12-23,100.0,100.0,135.0,2020-12-23,2020-09-08,,,,135.0,241.0,,,,False,False,False,True,False,False,False,False,False,False,False,False,False,False,False,False,False,False,False,False
7856,2021-08-27,2021-05-07,100.0,100.0,112.0,2021-05-07,,2021-03-06,,2020-12-01,112.0,,174.0,,269.0,False,False,False,True,False,False,False,False,False,False,False,True,False,False,False,False,False,False,False,False
7861,2021-03-13,2021-03-09,100.0,100.0,4.0,2021-03-09,,,2020-12-04,,4.0,,,99.0,,True,True,True,True,False,False,False,False,False,False,False,False,False,False,False,True,False,False,False,False
7864,2021-01-16,,,,,,,,,,,,,,,False,False,False,False,False,False,False,False,False,False,False,False,False,False,False,False,False,False,False,False
7869,2021-08-11,2021-04-14,100.0,100.0,119.0,2021-04-14,,2021-04-01,,,119.0,,132.0,,,False,False,False,True,False,False,False,False,False,False,False,True,False,False,False,False,False,False,False,False
7874,2021-02-23,2021-02-20,100.0,100.0,3.0,2021-02-20,,,,,3.0,,,,,True,True,True,True,False,False,False,False,False,False,False,False,False,False,False,False,False,False,False,False
7874,2021-09-14,2021-03-23,500.0,500.0,175.0,2021-02-20,,2021-03-23,,,206.0,,175.0,,,False,False,False,False,False,False,False,False,False,False,False,True,False,False,False,False,False,False,False,False
7879,2021-09-17,2021-05-07,100.0,100.0,133.0,2021-05-07,2020-12-29,2020-09-08,,,133.0,262.0,374.0,,,False,False,False,True,False,False,False,False,False,False,False,False,False,False,False,False,False,False,False,False
7879,2021-12-09,2021-10-12,100.0,100.0,58.0,2021-10-12,2020-12-29,2021-09-23,,,58.0,345.0,77.0,,,False,False,True,True,False,False,False,False,False,False,True,True,False,False,False,False,False,False,False,False
7881,2021-11-05,2021-11-02,200.0,200.0,3.0,2021-08-16,2021-11-02,2021-05-10,2021-04-27,2020-07-18,81.0,3.0,179.0,192.0,475.0,False,False,True,True,True,True,True,True,False,False,False,True,False,False,False,False,False,False,False,False
7892,2021-12-15,2021-10-25,500.0,500.0,51.0,2021-09-15,,2021-10-25,2021-04-16,,91.0,,51.0,243.0,,False,False,False,True,False,False,False,False,False,False,True,True,False,False,False,False,False,False,False,False
7893,2021-11-04,2021-09-15,1000.0,1000.0,50.0,2021-01-15,,2021-09-10,2021-09-15,,293.0,,55.0,50.0,,False,False,False,False,False,False,False,False,False,False,True,True,False,False,True,True,False,False,False,False
7894,2021-01-19,2020-08-13,500.0,500.0,159.0,,,2020-08-13,,,,,159.0,,,False,False,False,False,False,False,False,False,False,False,False,True,False,False,False,False,False,False,False,False
7894,2021-09-03,2021-04-27,2000.0,2000.0,129.0,2021-03-31,,2020-08-13,,2021-04-27,156.0,,386.0,,129.0,False,False,False,True,False,False,False,False,False,False,False,False,False,False,False,False,False,False,False,True
7896,2021-02-01,2020-07-11,100.0,100.0,205.0,2020-07-11,,,,,205.0,,,,,False,False,False,False,False,False,False,False,False,False,False,False,False,False,False,False,False,False,False,False
7897,2021-04-13,2021-03-02,100.0,100.0,42.0,2021-03-02,,2020-12-11,,,42.0,,123.0,,,False,False,True,True,False,False,False,False,False,False,False,True,False,False,False,False,False,False,False,False
7898,2021-05-07,2021-03-30,1000.0,1000.0,38.0,,,,2021-03-30,,,,,38.0,,False,False,False,False,False,False,False,False,False,False,False,False,False,False,True,True,False,False,False,False
7898,2021-08-25,2021-05-07,5000.0,1000.0,148.0,,,,2021-03-30,,,,,148.0,,False,False,False,False,False,False,False,False,False,False,False,False,False,False,False,True,False,False,False,False
7901,2021-04-29,2021-03-22,100.0,100.0,38.0,2021-03-22,,2020-09-24,,,38.0,,217.0,,,False,False,True,True,False,False,False,False,False,False,False,False,False,False,False,False,False,False,False,False
7902,2021-01-06,2021-01-02,100.0,100.0,4.0,2021-01-02,,2020-09-16,,,4.0,,112.0,,,True,True,True,True,False,False,False,False,False,False,False,True,False,False,False,False,False,False,False,False
7902,2021-03-26,2021-01-06,5000.0,100.0,83.0,2021-01-02,,2020-09-16,,,83.0,,191.0,,,False,False,True,True,False,False,False,False,False,False,False,False,False,False,False,False,False,False,False,False
7907,2021-09-03,2021-04-24,500.0,500.0,132.0,2020-12-02,,2021-04-24,,,275.0,,132.0,,,False,False,False,False,False,False,False,False,False,False,False,True,False,False,False,False,False,False,False,False
7909,2021-02-03,2021-02-01,100.0,100.0,2.0,2021-02-01,,2020-12-05,,,2.0,,60.0,,,True,True,True,True,False,False,False,False,False,False,True,True,False,False,False,False,False,False,False,False
7914,2021-08-04,2021-04-24,1000.0,1000.0,102.0,2021-04-19,,2021-03-06,2021-04-24,2021-03-03,107.0,,151.0,102.0,154.0,False,False,False,True,False,False,False,False,False,False,False,True,False,False,False,True,False,False,False,True
7919,2021-11-29,2021-10-16,500.0,500.0,44.0,2020-12-09,,2021-10-16,,,355.0,,44.0,,,False,False,False,False,False,False,False,False,False,False,True,True,False,False,False,False,False,False,False,False
7921,2021-11-23,2021-04-23,100.0,100.0,214.0,2021-04-23,,,2021-04-12,,214.0,,,225.0,,False,False,False,False,False,False,False,False,False,False,False,False,False,False,False,False,False,False,False,False
7922,2021-12-25,2021-11-30,100.0,100.0,25.0,2021-11-30,,2020-12-09,2020-12-07,,25.0,,381.0,383.0,,False,True,True,True,False,False,False,False,False,False,False,False,False,False,False,False,False,False,False,False
7923,2021-11-02,2021-09-06,500.0,500.0,57.0,2020-12-09,,2021-09-06,2021-04-14,2021-04-17,328.0,,57.0,202.0,199.0,False,False,False,False,False,False,False,False,False,False,True,True,False,False,False,False,False,False,False,False
7929,2021-12-22,2021-12-17,1000.0,1000.0,5.0,2021-07-30,2021-05-04,2021-12-15,2021-12-17,,145.0,232.0,7.0,5.0,,False,False,False,True,False,False,False,False,True,True,True,True,True,True,True,True,False,False,False,False
7930,2021-10-07,2021-10-05,100.0,100.0,2.0,2021-10-05,,,,,2.0,,,,,True,True,True,True,False,False,False,False,False,False,False,False,False,False,False,False,False,False,False,False
7931,2021-02-13,2021-01-19,500.0,500.0,25.0,,,2021-01-19,2020-11-25,2021-01-02,,,25.0,80.0,42.0,False,False,False,False,False,False,False,False,False,True,True,True,False,False,True,True,False,False,True,True
7933,2021-07-27,2021-04-19,1000.0,1000.0,99.0,2021-03-17,,2020-11-16,2021-04-19,,132.0,,253.0,99.0,,False,False,False,True,False,False,False,False,False,False,False,False,False,False,False,True,False,False,False,False
7934,2021-02-17,2021-02-06,500.0,500.0,11.0,,,2021-02-06,,,,,11.0,,,False,False,False,False,False,False,False,False,False,True,True,True,False,False,False,False,False,False,False,False
7935,2021-10-25,2021-03-13,500.0,500.0,226.0,2020-10-16,,2021-03-13,2021-01-11,,374.0,,226.0,287.0,,False,False,False,False,False,False,False,False,False,False,False,False,False,False,False,False,False,False,False,False
7935,2021-11-16,2021-11-08,500.0,500.0,8.0,2020-10-16,,2021-11-08,2021-01-11,,396.0,,8.0,309.0,,False,False,False,False,False,False,False,False,False,True,True,True,False,False,False,False,False,False,False,False
7936,2021-03-09,2021-03-06,1000.0,1000.0,3.0,2021-02-20,,2021-02-02,2021-03-06,,17.0,,35.0,3.0,,False,True,True,True,False,False,False,False,False,False,True,True,True,True,True,True,False,False,False,False
7940,2021-03-08,2020-11-16,500.0,500.0,112.0,2020-08-13,,2020-11-16,,,207.0,,112.0,,,False,False,False,False,False,False,False,False,False,False,False,True,False,False,False,False,False,False,False,False
7940,2021-11-01,2021-10-19,100.0,100.0,13.0,2021-10-19,,2021-08-04,2021-09-23,,13.0,,89.0,39.0,,False,True,True,True,False,False,False,False,False,False,True,True,False,False,True,True,False,False,False,False
7942,2021-03-20,2021-03-13,100.0,100.0,7.0,2021-03-13,,,2021-02-26,,7.0,,,22.0,,True,True,True,True,False,False,False,False,False,False,False,False,False,True,True,True,False,False,False,False
7946,2021-02-08,2021-02-04,1000.0,1000.0,4.0,,,,2021-02-04,,,,,4.0,,False,False,False,False,False,False,False,False,False,False,False,False,True,True,True,True,False,False,False,False
7950,2021-11-02,2021-10-21,100.0,100.0,12.0,2021-10-21,,,,2020-11-02,12.0,,,,365.0,False,True,True,True,False,False,False,False,False,False,False,False,False,False,False,False,False,False,False,False
7950,2021-11-25,2021-11-11,100.0,100.0,14.0,2021-11-11,,,,2020-11-02,14.0,,,,388.0,False,True,True,True,False,False,False,False,False,False,False,False,False,False,False,False,False,False,False,False
7954,2021-02-20,2021-02-16,100.0,100.0,4.0,2021-02-16,,2021-02-03,,,4.0,,17.0,,,True,True,True,True,False,False,False,False,False,True,True,True,False,False,False,False,False,False,False,False
7959,2021-03-30,2020-10-19,1000.0,1000.0,162.0,,,2020-08-03,2020-10-19,,,,239.0,162.0,,False,False,False,False,False,False,False,False,False,False,False,False,False,False,False,True,False,False,False,False
7969,2021-04-22,2021-04-16,100.0,100.0,6.0,2021-04-16,,2020-12-16,,,6.0,,127.0,,,True,True,True,True,False,False,False,False,False,False,False,True,False,False,False,False,False,False,False,False
7972,2021-04-07,2021-01-23,500.0,500.0,74.0,2020-12-19,,2021-01-23,,,109.0,,74.0,,,False,False,False,True,False,False,False,False,False,False,True,True,False,False,False,False,False,False,False,False
7975,2021-10-01,2021-09-02,100.0,100.0,29.0,2021-09-02,,2020-10-09,,,29.0,,357.0,,,False,True,True,True,False,False,False,False,False,False,False,False,False,False,False,False,False,False,False,False
7980,2021-03-13,2020-12-22,100.0,100.0,81.0,2020-12-22,,2020-08-25,,,81.0,,200.0,,,False,False,True,True,False,False,False,False,False,False,False,False,False,False,False,False,False,False,False,False
7980,2021-11-27,2021-08-20,100.0,100.0,99.0,2021-08-20,,2020-08-25,,,99.0,,459.0,,,False,False,False,True,False,False,False,False,False,False,False,False,False,False,False,False,False,False,False,False
7982,2021-01-30,,,,,,,,,,,,,,,False,False,False,False,False,False,False,False,False,False,False,False,False,False,False,False,False,False,False,False
7982,2021-09-27,2021-04-01,500.0,500.0,179.0,,,2021-04-01,2021-02-26,,,,179.0,213.0,,False,False,False,False,False,False,False,False,False,False,False,True,False,False,False,False,False,False,False,False
7983,2021-11-19,2021-09-01,100.0,100.0,79.0,2021-09-01,,2021-03-19,2021-08-20,,79.0,,245.0,91.0,,False,False,True,True,False,False,False,False,False,False,False,False,False,False,False,True,False,False,False,False
7984,2021-10-29,2021-10-14,1000.0,1000.0,15.0,2021-08-20,,2020-08-29,2021-10-14,,70.0,,426.0,15.0,,False,False,True,True,False,False,False,False,False,False,False,False,False,True,True,True,False,False,False,False
7984,2021-10-30,2021-10-29,5000.0,1000.0,16.0,2021-08-20,,2020-08-29,2021-10-14,,71.0,,427.0,16.0,,False,False,True,True,False,False,False,False,False,False,False,False,False,True,True,True,False,False,False,False
7987,2021-09-20,2021-05-11,200.0,200.0,132.0,2021-04-03,2021-05-11,2020-12-21,2020-10-28,,170.0,132.0,273.0,327.0,,False,False,False,True,False,False,False,True,False,False,False,False,False,False,False,False,False,False,False,False
7989,2021-03-24,2021-02-03,500.0,500.0,49.0,2020-12-18,,2021-02-03,,,96.0,,49.0,,,False,False,False,True,False,False,False,False,False,False,True,True,False,False,False,False,False,False,False,False
7990,2021-10-21,2021-09-15,100.0,100.0,36.0,2021-09-15,,2021-04-16,2020-10-26,,36.0,,188.0,360.0,,False,False,True,True,False,False,False,False,False,False,False,False,False,False,False,False,False,False,False,False
7991,2021-02-17,2021-01-01,100.0,100.0,47.0,2021-01-01,,,2020-12-09,,47.0,,,70.0,,False,False,True,True,False,False,False,False,False,False,False,False,False,False,True,True,False,False,False,False
7997,2021-11-30,2021-10-18,1000.0,1000.0,43.0,2021-04-17,,2021-09-01,2021-10-18,,227.0,,90.0,43.0,,False,False,False,False,False,False,False,False,False,False,True,True,False,False,True,True,False,False,False,False
8004,2021-09-11,2021-08-11,100.0,100.0,31.0,2021-08-11,2021-03-09,2021-08-06,2021-05-11,,31.0,186.0,36.0,123.0,,False,False,True,True,False,False,False,False,False,False,True,True,False,False,False,True,False,False,False,False
8005,2021-10-29,2021-10-09,100.0,100.0,20.0,2021-10-09,,2021-09-06,2020-08-21,,20.0,,53.0,434.0,,False,True,True,True,False,False,False,False,False,False,True,True,False,False,False,False,False,False,False,False
8008,2021-03-01,2020-12-04,500.0,500.0,87.0,2020-11-20,,2020-12-04,,,101.0,,87.0,,,False,False,False,True,False,False,False,False,False,False,True,True,False,False,False,False,False,False,False,False
8008,2021-03-26,2021-03-01,5000.0,500.0,112.0,2020-11-20,,2020-12-04,,,126.0,,112.0,,,False,False,False,True,False,False,False,False,False,False,False,True,False,False,False,False,False,False,False,False
8009,2021-09-29,2021-09-16,1000.0,1000.0,13.0,2021-08-30,,2021-03-25,2021-09-16,,30.0,,188.0,13.0,,False,True,True,True,False,False,False,False,False,False,False,False,False,True,True,True,False,False,False,False
8009,2021-12-25,2021-12-14,500.0,500.0,11.0,2021-08-30,,2021-12-14,2021-09-16,2021-11-23,117.0,,11.0,100.0,32.0,False,False,False,True,False,False,False,False,False,True,True,True,False,False,False,True,False,False,True,True
8010,2021-04-12,2021-04-01,1000.0,1000.0,11.0,2021-02-25,2020-08-11,2021-02-26,2021-04-01,,46.0,244.0,45.0,11.0,,False,False,True,True,False,False,False,False,False,False,True,True,False,True,True,True,False,False,False,False
8011,2021-04-23,2021-04-16,500.0,500.0,7.0,2021-04-05,,2021-04-16,,,18.0,,7.0,,,False,True,True,True,False,False,False,False,True,True,True,True,False,False,False,False,False,False,False,False
8012,2021-12-13,2021-10-21,500.0,500.0,53.0,,,2021-10-21,2021-09-17,,,,53.0,87.0,,False,False,False,False,False,False,False,False,False,False,True,True,False,False,True,True,False,False,False,False
8013,2021-01-16,2020-12-15,100.0,100.0,32.0,2020-12-15,,,2020-12-02,,32.0,,,45.0,,False,False,True,True,False,False,False,False,False,False,False,False,False,False,True,True,False,False,False,False
8015,2021-03-10,2021-02-06,500.0,500.0,32.0,2021-02-04,,2021-02-06,2020-12-04,,34.0,,32.0,96.0,,False,False,True,True,False,False,False,False,False,False,True,True,False,False,False,True,False,False,False,False
8017,2021-01-12,2020-09-16,100.0,100.0,118.0,2020-09-16,,,,,118.0,,,,,False,False,False,True,False,False,False,False,False,False,False,False,False,False,False,False,False,False,False,False
8017,2021-04-26,2021-01-12,5000.0,100.0,222.0,2020-09-16,,,,,222.0,,,,,False,False,False,False,False,False,False,False,False,False,False,False,False,False,False,False,False,False,False,False
8018,2021-10-15,2021-10-06,100.0,100.0,9.0,2021-10-06,,2021-09-10,2021-02-20,,9.0,,35.0,237.0,,False,True,True,True,False,False,False,False,False,False,True,True,False,False,False,False,False,False,False,False
8025,2021-11-13,2021-09-28,500.0,500.0,46.0,2021-09-27,,2021-09-28,,,47.0,,46.0,,,False,False,True,True,False,False,False,False,False,False,True,True,False,False,False,False,False,False,False,False
8027,2021-02-09,2021-01-16,100.0,100.0,24.0,2021-01-16,,,,,24.0,,,,,False,True,True,True,False,False,False,False,False,False,False,False,False,False,False,False,False,False,False,False
8027,2021-04-23,2021-03-01,100.0,100.0,53.0,2021-03-01,,,,,53.0,,,,,False,False,True,True,False,False,False,False,False,False,False,False,False,False,False,False,False,False,False,False
8028,2021-02-16,2020-08-17,100.0,100.0,183.0,2020-08-17,,,,,183.0,,,,,False,False,False,False,False,False,False,False,False,False,False,False,False,False,False,False,False,False,False,False
8030,2021-09-23,2021-04-19,100.0,100.0,157.0,2021-04-19,,,,,157.0,,,,,False,False,False,True,False,False,False,False,False,False,False,False,False,False,False,False,False,False,False,False
8036,2021-09-11,2020-11-06,5000.0,,,,,,,,,,,,,False,False,False,False,False,False,False,False,False,False,False,False,False,False,False,False,False,False,False,False
8037,2021-04-23,2021-04-15,100.0,100.0,8.0,2021-04-15,,2020-10-05,2020-11-13,2021-03-16,8.0,,200.0,161.0,38.0,False,True,True,True,False,False,False,False,False,False,False,False,False,False,False,True,False,False,True,True
8037,2021-09-28,2021-09-15,100.0,100.0,13.0,2021-09-15,,2020-10-05,2020-11-13,2021-03-16,13.0,,358.0,319.0,196.0,False,True,True,True,False,False,False,False,False,False,False,False,False,False,False,False,False,False,False,False
8038,2021-11-05,2021-09-17,500.0,500.0,49.0,2021-04-15,2021-01-19,2021-09-17,,,204.0,290.0,49.0,,,False,False,False,False,False,False,False,False,False,False,True,True,False,False,False,False,False,False,False,False
8041,2021-04-09,2021-03-25,100.0,100.0,15.0,2021-03-25,,,,,15.0,,,,,False,True,True,True,False,False,False,False,False,False,False,False,False,False,False,False,False,False,False,False
8044,2021-09-01,2021-08-04,100.0,100.0,28.0,2021-08-04,,,,,28.0,,,,,False,True,True,True,False,False,False,False,False,False,False,False,False,False,False,False,False,False,False,False
8046,2021-09-14,2021-04-15,100.0,100.0,152.0,2021-04-15,,,,,152.0,,,,,False,False,False,True,False,False,False,False,False,False,False,False,False,False,False,False,False,False,False,False
8051,2021-02-17,2020-10-14,100.0,100.0,126.0,2020-10-14,,,,,126.0,,,,,False,False,False,True,False,False,False,False,False,False,False,False,False,False,False,False,False,False,False,False
8052,2021-01-15,2021-01-09,100.0,100.0,6.0,2021-01-09,,,,,6.0,,,,,True,True,True,True,False,False,False,False,False,False,False,False,False,False,False,False,False,False,False,False
8053,2021-09-01,2021-04-27,500.0,500.0,127.0,2021-04-01,,2021-04-27,2020-10-26,,153.0,,127.0,310.0,,False,False,False,True,False,False,False,False,False,False,False,True,False,False,False,False,False,False,False,False
8054,2021-04-01,2020-10-05,5000.0,100.0,205.0,2020-09-08,,,,,205.0,,,,,False,False,False,False,False,False,False,False,False,False,False,False,False,False,False,False,False,False,False,False
8063,2021-07-23,2021-04-03,500.0,500.0,111.0,2020-08-03,,2021-04-03,2020-12-22,,354.0,,111.0,213.0,,False,False,False,False,False,False,False,False,False,False,False,True,False,False,False,False,False,False,False,False
8068,2021-02-15,,,,,,,,,,,,,,,False,False,False,False,False,False,False,False,False,False,False,False,False,False,False,False,False,False,False,False
8076,2021-01-18,2021-01-13,100.0,100.0,5.0,2021-01-13,,,,,5.0,,,,,True,True,True,True,False,False,False,False,False,False,False,False,False,False,False,False,False,False,False,False
8077,2021-04-08,2020-12-22,100.0,100.0,107.0,2020-12-22,,,,,107.0,,,,,False,False,False,True,False,False,False,False,False,False,False,False,False,False,False,False,False,False,False,False
8077,2021-10-30,2021-08-02,100.0,100.0,89.0,2021-08-02,,,,,89.0,,,,,False,False,True,True,False,False,False,False,False,False,False,False,False,False,False,False,False,False,False,False
8078,2021-10-22,2021-09-20,100.0,100.0,32.0,2021-09-20,,2020-10-23,,,32.0,,364.0,,,False,False,True,True,False,False,False,False,False,False,False,False,False,False,False,False,False,False,False,False
8078,2021-12-14,2021-11-27,2000.0,2000.0,17.0,2021-11-10,,2020-10-23,,2021-11-27,34.0,,417.0,,17.0,False,False,True,True,False,False,False,False,False,False,False,False,False,False,False,False,False,True,True,True
8079,2021-05-06,2021-03-15,100.0,100.0,52.0,2021-03-15,,2020-09-24,2021-02-04,,52.0,,224.0,91.0,,False,False,True,True,False,False,False,False,False,False,False,False,False,False,False,True,False,False,False,False
8086,2021-04-28,2021-01-18,100.0,100.0,100.0,2021-01-18,,2020-12-21,,,100.0,,128.0,,,False,False,False,True,False,False,False,False,False,False,False,True,False,False,False,False,False,False,False,False
8087,2021-12-06,2021-09-04,2000.0,2000.0,93.0,2021-08-16,,2021-04-28,,2021-09-04,112.0,,222.0,,93.0,False,False,False,True,False,False,False,False,False,False,False,False,False,False,False,False,False,False,False,True
8089,2021-02-06,2021-01-19,500.0,500.0,18.0,2020-12-18,,2021-01-19,,,50.0,,18.0,,,False,False,True,True,False,False,False,False,False,True,True,True,False,False,False,False,False,False,False,False
8090,2021-12-25,2021-10-07,500.0,500.0,79.0,2021-09-29,,2021-10-07,2021-02-19,2021-01-09,87.0,,79.0,309.0,350.0,False,False,True,True,False,False,False,False,False,False,True,True,False,False,False,False,False,False,False,False
8091,2021-11-02,2021-10-25,500.0,500.0,8.0,2021-09-28,2020-12-29,2021-10-25,2020-11-06,,35.0,308.0,8.0,361.0,,False,False,True,True,False,False,False,False,False,True,True,True,False,False,False,False,False,False,False,False
8095,2021-02-20,2021-02-13,100.0,100.0,7.0,2021-02-13,,,2020-12-21,,7.0,,,61.0,,True,True,True,True,False,False,False,False,False,False,False,False,False,False,True,True,False,False,False,False
8101,2021-11-19,2021-11-09,500.0,500.0,10.0,2021-04-30,,2021-11-09,2021-09-02,,203.0,,10.0,78.0,,False,False,False,False,False,False,False,False,False,True,True,True,False,False,True,True,False,False,False,False
8107,2021-10-16,2021-09-06,100.0,100.0,40.0,2021-09-06,,,,,40.0,,,,,False,False,True,True,False,False,False,False,False,False,False,False,False,False,False,False,False,False,False,False
8112,2021-02-15,2020-11-13,100.0,100.0,94.0,2020-11-13,,2020-10-05,,,94.0,,133.0,,,False,False,False,True,False,False,False,False,False,False,False,True,False,False,False,False,False,False,False,False
8123,2021-04-19,2021-02-16,1000.0,1000.0,62.0,,,,2021-02-16,,,,,62.0,,False,False,False,False,False,False,False,False,False,False,False,False,False,False,True,True,False,False,False,False
8123,2021-10-18,2021-09-04,500.0,500.0,44.0,,,2021-09-04,2021-02-16,,,,44.0,244.0,,False,False,False,False,False,False,False,False,False,False,True,True,False,False,False,False,False,False,False,False
8124,2021-09-22,2021-03-26,100.0,100.0,180.0,2021-03-26,,,,,180.0,,,,,False,False,False,True,False,False,False,False,False,False,False,False,False,False,False,False,False,False,False,False
8125,2021-09-06,2021-07-27,100.0,100.0,41.0,2021-07-27,,2021-05-04,2021-03-19,,41.0,,125.0,171.0,,False,False,True,True,False,False,False,False,False,False,False,True,False,False,False,True,False,False,False,False
8127,2021-10-26,2021-10-20,100.0,100.0,6.0,2021-10-20,,2021-02-26,,2020-09-22,6.0,,242.0,,399.0,True,True,True,True,False,False,False,False,False,False,False,False,False,False,False,False,False,False,False,False
8132,2021-09-07,2021-08-20,100.0,100.0,18.0,2021-08-20,,,2021-05-07,,18.0,,,123.0,,False,True,True,True,False,False,False,False,False,False,False,False,False,False,False,True,False,False,False,False
8136,2021-03-18,2021-01-08,1000.0,1000.0,69.0,2020-11-25,,,2021-01-08,,113.0,,,69.0,,False,False,False,True,False,False,False,False,False,False,False,False,False,False,True,True,False,False,False,False
8138,2021-01-22,2020-11-27,1000.0,1000.0,56.0,2020-11-25,,,2020-11-27,,58.0,,,56.0,,False,False,True,True,False,False,False,False,False,False,False,False,False,False,True,True,False,False,False,False
8140,2021-10-08,2021-04-19,500.0,500.0,172.0,2021-04-10,,2021-04-19,,,181.0,,172.0,,,False,False,False,False,False,False,False,False,False,False,False,True,False,False,False,False,False,False,False,False
8144,2021-03-10,2020-11-11,100.0,100.0,119.0,2020-11-11,,,,,119.0,,,,,False,False,False,True,False,False,False,False,False,False,False,False,False,False,False,False,False,False,False,False
8144,2021-03-18,2021-03-10,5000.0,100.0,127.0,2020-11-11,,,,,127.0,,,,,False,False,False,True,False,False,False,False,False,False,False,False,False,False,False,False,False,False,False,False
8146,2021-03-19,2021-03-16,100.0,100.0,3.0,2021-03-16,2020-12-29,,,,3.0,80.0,,,,True,True,True,True,False,False,True,True,False,False,False,False,False,False,False,False,False,False,False,False
8146,2021-12-23,2021-04-01,500.0,500.0,266.0,2021-03-16,2020-12-29,2021-04-01,,,282.0,359.0,266.0,,,False,False,False,False,False,False,False,False,False,False,False,False,False,False,False,False,False,False,False,False
8149,2021-05-05,2021-03-29,100.0,100.0,37.0,2021-03-29,,2021-02-24,,,37.0,,70.0,,,False,False,True,True,False,False,False,False,False,False,True,True,False,False,False,False,False,False,False,False
8150,2021-01-01,2020-07-18,100.0,100.0,167.0,2020-07-18,,,,,167.0,,,,,False,False,False,True,False,False,False,False,False,False,False,False,False,False,False,False,False,False,False,False
8156,2021-09-10,2021-05-05,100.0,100.0,128.0,2021-05-05,,2021-02-12,,,128.0,,210.0,,,False,False,False,True,False,False,False,False,False,False,False,False,False,False,False,False,False,False,False,False
8158,2021-03-06,2021-02-10,100.0,100.0,24.0,2021-02-10,,2020-09-12,,,24.0,,175.0,,,False,True,True,True,False,False,False,False,False,False,False,True,False,False,False,False,False,False,False,False
8162,2021-01-12,2020-11-20,100.0,100.0,53.0,2020-11-20,,2020-09-22,,,53.0,,112.0,,,False,False,True,True,False,False,False,False,False,False,False,True,False,False,False,False,False,False,False,False
8166,2021-12-03,2021-09-04,100.0,100.0,90.0,2021-09-04,,2021-04-19,,,90.0,,228.0,,,False,False,True,True,False,False,False,False,False,False,False,False,False,False,False,False,False,False,False,False
8168,2021-09-02,2021-05-06,500.0,500.0,119.0,2021-04-29,,2021-05-06,2021-02-04,,126.0,,119.0,210.0,,False,False,False,True,False,False,False,False,False,False,False,True,False,False,False,False,False,False,False,False
8171,2021-10-19,2021-09-02,500.0,500.0,47.0,,,2021-09-02,2020-08-13,,,,47.0,432.0,,False,False,False,False,False,False,False,False,False,False,True,True,False,False,False,False,False,False,False,False
8178,2021-11-03,2021-03-20,500.0,500.0,228.0,2021-02-27,,2021-03-20,,2020-09-14,249.0,,228.0,,415.0,False,False,False,False,False,False,False,False,False,False,False,False,False,False,False,False,False,False,False,False
8180,2021-01-16,2021-01-04,2000.0,2000.0,12.0,2020-08-27,,,,2021-01-04,142.0,,,,12.0,False,False,False,True,False,False,False,False,False,False,False,False,False,False,False,False,False,True,True,True
8184,2021-02-12,2020-08-11,100.0,100.0,185.0,2020-08-11,,,2020-07-18,,185.0,,,209.0,,False,False,False,False,False,False,False,False,False,False,False,False,False,False,False,False,False,False,False,False
8185,2021-01-29,2020-12-05,100.0,100.0,55.0,2020-12-05,,,2020-10-07,,55.0,,,114.0,,False,False,True,True,False,False,False,False,False,False,False,False,False,False,False,True,False,False,False,False
8192,2021-09-27,2021-09-21,2000.0,2000.0,6.0,2021-03-19,,,2021-02-10,2021-09-21,192.0,,,229.0,6.0,False,False,False,False,False,False,False,False,False,False,False,False,False,False,False,False,True,True,True,True
8195,2021-02-01,2020-11-18,5000.0,,,,,,,,,,,,,False,False,False,False,False,False,False,False,False,False,False,False,False,False,False,False,False,False,False,False
8196,2021-09-14,2021-09-02,100.0,100.0,12.0,2021-09-02,,,2020-12-04,,12.0,,,284.0,,False,True,True,True,False,False,False,False,False,False,False,False,False,False,False,False,False,False,False,False
8198,2021-02-01,2021-01-29,1000.0,1000.0,3.0,2020-12-01,,2020-11-02,2021-01-29,,62.0,,91.0,3.0,,False,False,True,True,False,False,False,False,False,False,False,True,True,True,True,True,False,False,False,False
8200,2021-01-22,2020-12-18,100.0,100.0,35.0,2020-12-18,,2020-11-11,,,35.0,,72.0,,,False,False,True,True,False,False,False,False,False,False,True,True,False,False,False,False,False,False,False,False
8203,2021-05-04,2020-10-26,100.0,100.0,190.0,2020-10-26,,,,,190.0,,,,,False,False,False,False,False,False,False,False,False,False,False,False,False,False,False,False,False,False,False,False
8203,2021-09-07,2021-05-04,5000.0,100.0,316.0,2020-10-26,,,,,316.0,,,,,False,False,False,False,False,False,False,False,False,False,False,False,False,False,False,False,False,False,False,False
8205,2021-12-14,2021-09-24,100.0,100.0,81.0,2021-09-24,,2021-02-01,,,81.0,,316.0,,,False,False,True,True,False,False,False,False,False,False,False,False,False,False,False,False,False,False,False,False
8206,2021-05-11,2021-04-15,100.0,100.0,26.0,2021-04-15,,2021-03-06,,,26.0,,66.0,,,False,True,True,True,False,False,False,False,False,False,True,True,False,False,False,False,False,False,False,False
8208,2021-03-12,2021-03-11,100.0,100.0,1.0,2021-03-11,,,,2021-01-20,1.0,,,,51.0,True,True,True,True,False,False,False,False,False,False,False,False,False,False,False,False,False,False,True,True
8211,2021-07-27,2021-05-07,500.0,500.0,81.0,2021-03-26,,2021-05-07,,,123.0,,81.0,,,False,False,False,True,False,False,False,False,False,False,True,True,False,False,False,False,False,False,False,False
8214,2021-01-09,2020-12-23,500.0,500.0,17.0,,,2020-12-23,,,,,17.0,,,False,False,False,False,False,False,False,False,False,True,True,True,False,False,False,False,False,False,False,False
8216,2021-08-25,2021-03-15,100.0,100.0,163.0,2021-03-15,,2020-08-19,2020-08-27,,163.0,,371.0,363.0,,False,False,False,True,False,False,False,False,False,False,False,False,False,False,False,False,False,False,False,False
8220,2021-10-07,2021-09-25,100.0,100.0,12.0,2021-09-25,,2020-08-03,2021-04-20,,12.0,,430.0,170.0,,False,True,True,True,False,False,False,False,False,False,False,False,False,False,False,True,False,False,False,False
8221,2021-09-04,2021-02-13,100.0,100.0,203.0,2021-02-13,,,,,203.0,,,,,False,False,False,False,False,False,False,False,False,False,False,False,False,False,False,False,False,False,False,False
8223,2021-07-23,2021-04-02,100.0,100.0,112.0,2021-04-02,,2021-01-27,2020-10-14,,112.0,,177.0,282.0,,False,False,False,True,False,False,False,False,False,False,False,True,False,False,False,False,False,False,False,False
8223,2021-10-25,2021-10-01,500.0,500.0,24.0,2021-04-02,,2021-10-01,2020-10-14,,206.0,,24.0,376.0,,False,False,False,False,False,False,False,False,False,True,True,True,False,False,False,False,False,False,False,False
8232,2021-10-23,2021-10-13,2000.0,2000.0,10.0,2021-02-02,,2021-10-09,2021-03-19,2021-10-13,263.0,,14.0,218.0,10.0,False,False,False,False,False,False,False,False,False,True,True,True,False,False,False,False,False,True,True,True
8233,2021-03-10,2021-02-27,500.0,500.0,11.0,2020-12-14,,2021-02-27,2020-12-25,,86.0,,11.0,75.0,,False,False,True,True,False,False,False,False,False,True,True,True,False,False,True,True,False,False,False,False
8234,2021-04-20,2021-04-13,100.0,100.0,7.0,2021-04-13,,,,,7.0,,,,,True,True,True,True,False,False,False,False,False,False,False,False,False,False,False,False,False,False,False,False
8235,2021-12-02,2021-08-11,100.0,100.0,113.0,2021-08-11,,2021-04-26,,,113.0,,220.0,,,False,False,False,True,False,False,False,False,False,False,False,False,False,False,False,False,False,False,False,False
8237,2021-04-15,2021-03-18,500.0,500.0,28.0,2021-02-08,,2021-03-18,2021-03-12,,66.0,,28.0,34.0,,False,False,True,True,False,False,False,False,False,True,True,True,False,False,True,True,False,False,False,False
8239,2021-02-11,,,,,,,,,,,,,,,False,False,False,False,False,False,False,False,False,False,False,False,False,False,False,False,False,False,False,False
8239,2021-10-16,2021-10-07,100.0,100.0,9.0,2021-10-07,,,,,9.0,,,,,False,True,True,True,False,False,False,False,False,False,False,False,False,False,False,False,False,False,False,False
8240,2021-03-04,2021-02-26,100.0,100.0,6.0,2021-02-26,,,,,6.0,,,,,True,True,True,True,False,False,False,False,False,False,False,False,False,False,False,False,False,False,False,False
8247,2021-12-30,2021-12-28,500.0,500.0,2.0,2021-09-07,,2021-12-28,,,114.0,,2.0,,,False,False,False,True,False,False,False,False,True,True,True,True,False,False,False,False,False,False,False,False
8248,2021-10-14,2021-10-06,100.0,100.0,8.0,2021-10-06,,,,,8.0,,,,,False,True,True,True,False,False,False,False,False,False,False,False,False,False,False,False,False,False,False,False
8250,2021-02-05,2021-02-02,500.0,500.0,3.0,2020-12-22,,2021-02-02,,,45.0,,3.0,,,False,False,True,True,False,False,False,False,True,True,True,True,False,False,False,False,False,False,False,False
8252,2021-10-05,2021-08-16,100.0,100.0,50.0,2021-08-16,,2021-04-20,2021-05-11,,50.0,,168.0,147.0,,False,False,True,True,False,False,False,False,False,False,False,True,False,False,False,True,False,False,False,False
8253,2021-08-11,2021-07-27,1000.0,1000.0,15.0,2021-04-22,,,2021-07-27,,111.0,,,15.0,,False,False,False,True,False,False,False,False,False,False,False,False,False,True,True,True,False,False,False,False
8254,2021-04-02,2021-03-27,1000.0,1000.0,6.0,2021-03-02,,2020-11-30,2021-03-27,,31.0,,123.0,6.0,,False,False,True,True,False,False,False,False,False,False,False,True,True,True,True,True,False,False,False,False
8256,2021-11-09,2021-09-25,500.0,500.0,45.0,2021-08-27,,2021-09-25,,,74.0,,45.0,,,False,False,True,True,False,False,False,False,False,False,True,True,False,False,False,False,False,False,False,False
8263,2021-12-16,2021-11-18,100.0,100.0,28.0,2021-11-18,,2021-03-05,,,28.0,,286.0,,,False,True,True,True,False,False,False,False,False,False,False,False,False,False,False,False,False,False,False,False
8265,2021-12-08,2021-11-27,500.0,500.0,11.0,2021-04-19,,2021-11-27,,,233.0,,11.0,,,False,False,False,False,False,False,False,False,False,True,True,True,False,False,False,False,False,False,False,False
8276,2021-11-19,2021-11-15,100.0,100.0,4.0,2021-11-15,,2021-10-05,,,4.0,,45.0,,,True,True,True,True,False,False,False,False,False,False,True,True,False,False,False,False,False,False,False,False
8277,2021-02-18,2021-02-04,100.0,100.0,14.0,2021-02-04,,2021-01-06,2020-10-23,,14.0,,43.0,118.0,,False,True,True,True,False,False,False,False,False,False,True,True,False,False,False,True,False,False,False,False
8289,2021-02-03,2021-01-11,1000.0,1000.0,23.0,2020-08-21,,2020-12-21,2021-01-11,,166.0,,44.0,23.0,,False,False,False,True,False,False,False,False,False,False,True,True,False,True,True,True,False,False,False,False
8294,2021-02-15,2021-01-18,500.0,500.0,28.0,2020-09-04,,2021-01-18,,,164.0,,28.0,,,False,False,False,True,False,False,False,False,False,True,True,True,False,False,False,False,False,False,False,False
8295,2021-05-07,2021-04-17,500.0,500.0,20.0,2020-10-07,,2021-04-17,2021-02-19,,212.0,,20.0,77.0,,False,False,False,False,False,False,False,False,False,True,True,True,False,False,True,True,False,False,False,False
8297,2021-05-06,2021-03-17,500.0,500.0,50.0,,2021-02-09,2021-03-17,,,,86.0,50.0,,,False,False,False,False,False,False,True,True,False,False,True,True,False,False,False,False,False,False,False,False
8301,2021-08-04,2021-04-08,100.0,100.0,118.0,2021-04-08,,2021-03-27,,,118.0,,130.0,,,False,False,False,True,False,False,False,False,False,False,False,True,False,False,False,False,False,False,False,False
8304,2021-03-17,2021-03-09,100.0,100.0,8.0,2021-03-09,,,,2020-10-05,8.0,,,,163.0,False,True,True,True,False,False,False,False,False,False,False,False,False,False,False,False,False,False,False,True
8305,2021-01-25,,,,,,,,,,,,,,,False,False,False,False,False,False,False,False,False,False,False,False,False,False,False,False,False,False,False,False
8305,2021-09-27,2021-04-13,1000.0,1000.0,167.0,2021-04-09,,,2021-04-13,,171.0,,,167.0,,False,False,False,True,False,False,False,False,False,False,False,False,False,False,False,True,False,False,False,False
8311,2021-09-23,2021-09-10,500.0,500.0,13.0,2021-02-23,2021-03-23,2021-09-10,,,212.0,184.0,13.0,,,False,False,False,False,False,False,False,False,False,True,True,True,False,False,False,False,False,False,False,False
8312,2021-03-10,2020-12-08,100.0,100.0,92.0,2020-12-08,,,,,92.0,,,,,False,False,False,True,False,False,False,False,False,False,False,False,False,False,False,False,False,False,False,False
8315,2021-09-29,2021-09-08,100.0,100.0,21.0,2021-09-08,,,,2021-07-27,21.0,,,,64.0,False,True,True,True,False,False,False,False,False,False,False,False,False,False,False,False,False,False,True,True
8317,2021-04-08,2021-03-13,100.0,100.0,26.0,2021-03-13,2021-03-02,2021-02-03,2020-08-29,,26.0,37.0,64.0,222.0,,False,True,True,True,False,False,True,True,False,False,True,True,False,False,False,False,False,False,False,False
8317,2021-08-20,2021-08-04,100.0,100.0,16.0,2021-08-04,2021-03-02,2021-02-03,2021-04-23,,16.0,171.0,198.0,119.0,,False,True,True,True,False,False,False,True,False,False,False,False,False,False,False,True,False,False,False,False
8321,2021-01-15,2020-10-10,100.0,100.0,97.0,2020-10-10,,2020-10-05,,,97.0,,102.0,,,False,False,False,True,False,False,False,False,False,False,False,True,False,False,False,False,False,False,False,False
8322,2021-01-08,,,,,,,,,,,,,,,False,False,False,False,False,False,False,False,False,False,False,False,False,False,False,False,False,False,False,False
8323,2021-08-18,2021-05-11,500.0,500.0,99.0,2020-12-14,,2021-05-11,,,247.0,,99.0,,,False,False,False,False,False,False,False,False,False,False,False,True,False,False,False,False,False,False,False,False
8330,2021-04-21,2021-03-17,100.0,100.0,35.0,2021-03-17,2021-02-02,,,,35.0,78.0,,,,False,False,True,True,False,False,True,True,False,False,False,False,False,False,False,False,False,False,False,False
8333,2021-08-27,2021-07-27,100.0,100.0,31.0,2021-07-27,,2021-02-19,,,31.0,,189.0,,,False,False,True,True,False,False,False,False,False,False,False,False,False,False,False,False,False,False,False,False
8341,2021-12-20,2021-12-14,200.0,200.0,6.0,2021-12-03,2021-12-14,2021-11-02,,,17.0,6.0,48.0,,,False,True,True,True,True,True,True,True,False,False,True,True,False,False,False,False,False,False,False,False
8343,2021-04-15,2021-03-30,200.0,200.0,16.0,2021-02-08,2021-03-30,2021-01-29,,,66.0,16.0,76.0,,,False,False,True,True,False,True,True,True,False,False,True,True,False,False,False,False,False,False,False,False
8344,2021-02-24,2020-12-30,100.0,100.0,56.0,2020-12-30,,,2020-11-20,,56.0,,,96.0,,False,False,True,True,False,False,False,False,False,False,False,False,False,False,False,True,False,False,False,False
8347,2021-04-30,2021-02-22,500.0,500.0,67.0,2020-12-09,2020-08-25,2021-02-22,,,142.0,248.0,67.0,,,False,False,False,True,False,False,False,False,False,False,True,True,False,False,False,False,False,False,False,False
8348,2021-02-16,2020-10-14,100.0,100.0,125.0,2020-10-14,,2020-08-01,,,125.0,,199.0,,,False,False,False,True,False,False,False,False,False,False,False,False,False,False,False,False,False,False,False,False
8354,2021-12-04,2021-11-09,1000.0,1000.0,25.0,,,,2021-11-09,,,,,25.0,,False,False,False,False,False,False,False,False,False,False,False,False,False,True,True,True,False,False,False,False
8355,2021-09-02,2021-04-03,100.0,100.0,152.0,2021-04-03,,2020-10-09,,,152.0,,328.0,,,False,False,False,True,False,False,False,False,False,False,False,False,False,False,False,False,False,False,False,False
8355,2021-11-11,2021-09-02,5000.0,100.0,222.0,2021-04-03,,2020-10-09,,,222.0,,398.0,,,False,False,False,False,False,False,False,False,False,False,False,False,False,False,False,False,False,False,False,False
8357,2021-02-27,2021-01-08,100.0,100.0,50.0,2021-01-08,,2020-09-24,,,50.0,,156.0,,,False,False,True,True,False,False,False,False,False,False,False,True,False,False,False,False,False,False,False,False
8360,2021-11-20,2021-11-12,100.0,100.0,8.0,2021-11-12,,2021-09-27,,,8.0,,54.0,,,False,True,True,True,False,False,False,False,False,False,True,True,False,False,False,False,False,False,False,False
8369,2021-01-02,2020-12-25,5000.0,100.0,116.0,2020-09-08,,,,,116.0,,,,,False,False,False,True,False,False,False,False,False,False,False,False,False,False,False,False,False,False,False,False
8369,2021-11-17,2021-08-06,500.0,500.0,103.0,2021-07-30,,2021-08-06,,,110.0,,103.0,,,False,False,False,True,False,False,False,False,False,False,False,True,False,False,False,False,False,False,False,False
8371,2021-10-09,2021-03-26,100.0,100.0,197.0,2021-03-26,,2021-01-11,,,197.0,,271.0,,,False,False,False,False,False,False,False,False,False,False,False,False,False,False,False,False,False,False,False,False
8373,2021-08-04,2021-02-22,500.0,500.0,163.0,2021-02-03,,2021-02-22,,,182.0,,163.0,,,False,False,False,False,False,False,False,False,False,False,False,True,False,False,False,False,False,False,False,False
8381,2021-01-27,2020-12-23,100.0,100.0,35.0,2020-12-23,,,,,35.0,,,,,False,False,True,True,False,False,False,False,False,False,False,False,False,False,False,False,False,False,False,False
8383,2021-03-08,2021-01-15,100.0,100.0,52.0,2021-01-15,,,,,52.0,,,,,False,False,True,True,False,False,False,False,False,False,False,False,False,False,False,False,False,False,False,False
8385,2021-09-10,2021-03-19,500.0,500.0,175.0,2021-02-04,2021-01-19,2021-03-19,,,218.0,234.0,175.0,,,False,False,False,False,False,False,False,False,False,False,False,True,False,False,False,False,False,False,False,False
8385,2021-11-24,2021-11-02,500.0,500.0,22.0,2021-10-25,2021-01-19,2021-11-02,,,30.0,309.0,22.0,,,False,True,True,True,False,False,False,False,False,True,True,True,False,False,False,False,False,False,False,False
8388,2021-10-29,2021-10-01,100.0,100.0,28.0,2021-10-01,,,2020-10-09,,28.0,,,385.0,,False,True,True,True,False,False,False,False,False,False,False,False,False,False,False,False,False,False,False,False
8388,2021-11-25,2021-10-29,5000.0,100.0,55.0,2021-10-01,,,2020-10-09,,55.0,,,412.0,,False,False,True,True,False,False,False,False,False,False,False,False,False,False,False,False,False,False,False,False
8389,2021-08-02,2021-04-12,100.0,100.0,112.0,2021-04-12,,2021-02-06,,,112.0,,177.0,,,False,False,False,True,False,False,False,False,False,False,False,True,False,False,False,False,False,False,False,False
8391,2021-01-01,2020-10-05,500.0,500.0,88.0,2020-08-17,,2020-10-05,,,137.0,,88.0,,,False,False,False,True,False,False,False,False,False,False,True,True,False,False,False,False,False,False,False,False
8398,2021-11-04,2021-09-06,100.0,100.0,59.0,2021-09-06,,2021-02-27,,,59.0,,250.0,,,False,False,True,True,False,False,False,False,False,False,False,False,False,False,False,False,False,False,False,False
8399,2021-10-27,2021-09-23,100.0,100.0,34.0,2021-09-23,,2021-02-15,2020-12-30,,34.0,,254.0,301.0,,False,False,True,True,False,False,False,False,False,False,False,False,False,False,False,False,False,False,False,False
8402,2021-10-16,2021-10-07,100.0,100.0,9.0,2021-10-07,,2021-02-19,,,9.0,,239.0,,,False,True,True,True,False,False,False,False,False,False,False,False,False,False,False,False,False,False,False,False
8405,2021-03-26,2020-11-04,100.0,100.0,142.0,2020-11-04,,2020-09-12,,,142.0,,195.0,,,False,False,False,True,False,False,False,False,False,False,False,False,False,False,False,False,False,False,False,False
8407,2021-11-22,2021-10-07,500.0,500.0,46.0,2021-02-11,,2021-10-07,2021-09-10,2021-08-30,284.0,,46.0,73.0,84.0,False,False,False,False,False,False,False,False,False,False,True,True,False,False,True,True,False,False,True,True
8409,2021-12-09,2021-10-23,1000.0,1000.0,47.0,2021-01-02,,2021-10-16,2021-10-23,,341.0,,54.0,47.0,,False,False,False,False,False,False,False,False,False,False,True,True,False,False,True,True,False,False,False,False
8412,2021-11-12,2021-10-04,500.0,500.0,39.0,2021-09-07,,2021-10-04,,,66.0,,39.0,,,False,False,True,True,False,False,False,False,False,False,True,True,False,False,False,False,False,False,False,False
8413,2021-04-17,2020-12-21,100.0,100.0,117.0,2020-12-21,,,,,117.0,,,,,False,False,False,True,False,False,False,False,False,False,False,False,False,False,False,False,False,False,False,False
8417,2021-03-19,2021-01-27,1000.0,1000.0,51.0,2021-01-02,,,2021-01-27,,76.0,,,51.0,,False,False,True,True,False,False,False,False,False,False,False,False,False,False,True,True,False,False,False,False
8418,2021-04-08,2021-03-27,100.0,100.0,12.0,2021-03-27,,2021-01-05,2020-08-25,,12.0,,93.0,226.0,,False,True,True,True,False,False,False,False,False,False,False,True,False,False,False,False,False,False,False,False
8418,2021-10-18,2021-09-16,1000.0,1000.0,32.0,2021-03-27,,2021-01-05,2021-09-16,,205.0,,286.0,32.0,,False,False,False,False,False,False,False,False,False,False,False,False,False,False,True,True,False,False,False,False
8419,2021-12-07,2021-10-09,100.0,100.0,59.0,2021-10-09,,2021-01-04,2020-08-27,,59.0,,337.0,467.0,,False,False,True,True,False,False,False,False,False,False,False,False,False,False,False,False,False,False,False,False
8421,2021-12-10,2021-11-19,100.0,100.0,21.0,2021-11-19,,2021-11-03,,,21.0,,37.0,,,False,True,True,True,False,False,False,False,False,False,True,True,False,False,False,False,False,False,False,False
8423,2021-02-23,2021-01-06,100.0,100.0,48.0,2021-01-06,,2020-11-11,,,48.0,,104.0,,,False,False,True,True,False,False,False,False,False,False,False,True,False,False,False,False,False,False,False,False
8424,2021-02-24,2021-01-20,2000.0,2000.0,35.0,2021-01-16,,2020-12-15,,2021-01-20,39.0,,71.0,,35.0,False,False,True,True,False,False,False,False,False,False,True,True,False,False,False,False,False,False,True,True
8424,2021-10-09,2021-10-07,100.0,100.0,2.0,2021-10-07,,2021-10-04,,2021-01-20,2.0,,5.0,,262.0,True,True,True,True,False,False,False,False,True,True,True,True,False,False,False,False,False,False,False,False
8426,2021-03-08,2020-11-23,500.0,500.0,105.0,2020-09-26,,2020-11-23,,,163.0,,105.0,,,False,False,False,True,False,False,False,False,False,False,False,True,False,False,False,False,False,False,False,False
8426,2021-05-11,2021-04-15,1000.0,1000.0,26.0,2021-04-12,,2020-11-23,2021-04-15,,29.0,,169.0,26.0,,False,True,True,True,False,False,False,False,False,False,False,True,False,True,True,True,False,False,False,False
8429,2021-08-13,2021-04-29,500.0,500.0,106.0,2021-04-16,,2021-04-29,,,119.0,,106.0,,,False,False,False,True,False,False,False,False,False,False,False,True,False,False,False,False,False,False,False,False
8430,2021-10-20,2021-09-25,100.0,100.0,25.0,2021-09-25,2021-07-27,,,,25.0,85.0,,,,False,True,True,True,False,False,True,True,False,False,False,False,False,False,False,False,False,False,False,False
8430,2021-10-27,2021-10-20,5000.0,100.0,32.0,2021-09-25,2021-07-27,,,,32.0,92.0,,,,False,False,True,True,False,False,False,True,False,False,False,False,False,False,False,False,False,False,False,False
8431,2021-09-23,2021-09-21,100.0,100.0,2.0,2021-09-21,,2021-02-01,2021-02-22,,2.0,,234.0,213.0,,True,True,True,True,False,False,False,False,False,False,False,False,False,False,False,False,False,False,False,False
8432,2021-10-11,2021-09-22,100.0,100.0,19.0,2021-09-22,,2020-08-05,2020-09-24,,19.0,,432.0,382.0,,False,True,True,True,False,False,False,False,False,False,False,False,False,False,False,False,False,False,False,False
8432,2021-11-20,2021-10-11,5000.0,100.0,59.0,2021-09-22,,2020-08-05,2020-09-24,,59.0,,472.0,422.0,,False,False,True,True,False,False,False,False,False,False,False,False,False,False,False,False,False,False,False,False
8436,2021-11-15,2021-07-27,500.0,500.0,111.0,2021-02-11,,2021-07-27,,,277.0,,111.0,,,False,False,False,False,False,False,False,False,False,False,False,True,False,False,False,False,False,False,False,False
8438,2021-12-29,2021-12-28,200.0,200.0,1.0,2021-12-17,2021-12-28,2021-12-23,,,12.0,1.0,6.0,,,False,True,True,True,True,True,True,True,True,True,True,True,False,False,False,False,False,False,False,False
8442,2021-12-02,2021-11-24,500.0,500.0,8.0,2020-09-16,,2021-11-24,2021-10-14,,442.0,,8.0,49.0,,False,False,False,False,False,False,False,False,False,True,True,True,False,False,True,True,False,False,False,False
8444,2021-12-17,2021-09-06,100.0,100.0,102.0,2021-09-06,,,2021-08-20,,102.0,,,119.0,,False,False,False,True,False,False,False,False,False,False,False,False,False,False,False,True,False,False,False,False
8445,2021-02-12,2021-02-06,1000.0,1000.0,6.0,2020-09-10,,,2021-02-06,,155.0,,,6.0,,False,False,False,True,False,False,False,False,False,False,False,False,True,True,True,True,False,False,False,False
8446,2021-04-24,2021-04-23,100.0,100.0,1.0,2021-04-23,,2021-01-11,,,1.0,,103.0,,,True,True,True,True,False,False,False,False,False,False,False,True,False,False,False,False,False,False,False,False
8448,2021-03-18,2021-03-06,1000.0,1000.0,12.0,2021-01-13,,,2021-03-06,,64.0,,,12.0,,False,False,True,True,False,False,False,False,False,False,False,False,False,True,True,True,False,False,False,False
8450,2021-07-30,2021-04-05,500.0,500.0,116.0,2021-02-20,,2021-04-05,,,160.0,,116.0,,,False,False,False,True,False,False,False,False,False,False,False,True,False,False,False,False,False,False,False,False
8453,2021-08-06,2021-03-22,500.0,500.0,137.0,2020-10-23,2021-03-02,2021-03-22,,,287.0,157.0,137.0,,,False,False,False,False,False,False,False,True,False,False,False,True,False,False,False,False,False,False,False,False
8454,2021-03-18,2020-08-19,1000.0,1000.0,211.0,2020-08-13,,,2020-08-19,,217.0,,,211.0,,False,False,False,False,False,False,False,False,False,False,False,False,False,False,False,False,False,False,False,False
8454,2021-12-02,2021-11-08,100.0,100.0,24.0,2021-11-08,,,2020-08-19,,24.0,,,470.0,,False,True,True,True,False,False,False,False,False,False,False,False,False,False,False,False,False,False,False,False
8464,2021-02-08,2021-01-09,100.0,100.0,30.0,2021-01-09,,2020-10-05,,,30.0,,126.0,,,False,True,True,True,False,False,False,False,False,False,False,True,False,False,False,False,False,False,False,False
8467,2021-12-08,2021-11-04,100.0,100.0,34.0,2021-11-04,2021-02-09,2020-08-01,2021-03-25,2020-12-12,34.0,302.0,494.0,258.0,361.0,False,False,True,True,False,False,False,False,False,False,False,False,False,False,False,False,False,False,False,False
8468,2021-02-17,2020-11-11,100.0,100.0,98.0,2020-11-11,,2020-10-23,,,98.0,,117.0,,,False,False,False,True,False,False,False,False,False,False,False,True,False,False,False,False,False,False,False,False
8469,2021-03-03,2021-02-16,200.0,200.0,15.0,2021-02-01,2021-02-16,2020-09-04,,,30.0,15.0,180.0,,,False,True,True,True,False,True,True,True,False,False,False,True,False,False,False,False,False,False,False,False
8472,2021-11-16,2021-07-27,100.0,100.0,112.0,2021-07-27,,2021-03-11,,,112.0,,250.0,,,False,False,False,True,False,False,False,False,False,False,False,False,False,False,False,False,False,False,False,False
8472,2021-11-17,2021-11-16,5000.0,100.0,113.0,2021-07-27,,2021-03-11,,,113.0,,251.0,,,False,False,False,True,False,False,False,False,False,False,False,False,False,False,False,False,False,False,False,False
8475,2021-07-30,2021-04-20,100.0,100.0,101.0,2021-04-20,,2021-04-17,,,101.0,,104.0,,,False,False,False,True,False,False,False,False,False,False,False,True,False,False,False,False,False,False,False,False
8480,2021-10-09,2021-10-05,100.0,100.0,4.0,2021-10-05,,2021-09-29,,,4.0,,10.0,,,True,True,True,True,False,False,False,False,False,True,True,True,False,False,False,False,False,False,False,False
8482,2021-12-24,2021-09-29,500.0,500.0,86.0,2021-04-22,,2021-09-29,,,246.0,,86.0,,,False,False,False,False,False,False,False,False,False,False,True,True,False,False,False,False,False,False,False,False
8487,2021-02-04,2020-09-16,5000.0,,,,,,,,,,,,,False,False,False,False,False,False,False,False,False,False,False,False,False,False,False,False,False,False,False,False
8488,2021-08-16,2021-05-12,500.0,500.0,96.0,2021-04-27,,2021-05-12,2021-02-03,,111.0,,96.0,194.0,,False,False,False,True,False,False,False,False,False,False,False,True,False,False,False,False,False,False,False,False
8492,2021-01-13,2021-01-08,1000.0,1000.0,5.0,,,,2021-01-08,,,,,5.0,,False,False,False,False,False,False,False,False,False,False,False,False,True,True,True,True,False,False,False,False
8494,2021-10-28,2021-04-29,500.0,500.0,182.0,2021-02-18,2021-04-13,2021-04-29,,,252.0,198.0,182.0,,,False,False,False,False,False,False,False,False,False,False,False,False,False,False,False,False,False,False,False,False
8497,2021-03-12,2021-02-25,100.0,100.0,15.0,2021-02-25,,2020-10-16,,,15.0,,147.0,,,False,True,True,True,False,False,False,False,False,False,False,True,False,False,False,False,False,False,False,False
8509,2021-03-05,2020-12-15,1000.0,1000.0,80.0,2020-10-28,,,2020-12-15,,128.0,,,80.0,,False,False,False,True,False,False,False,False,False,False,False,False,False,False,True,True,False,False,False,False
8511,2021-12-25,2021-11-18,1000.0,1000.0,37.0,2021-09-13,,2021-03-29,2021-11-18,,103.0,,271.0,37.0,,False,False,False,True,False,False,False,False,False,False,False,False,False,False,True,True,False,False,False,False
8513,2021-01-25,2021-01-05,500.0,500.0,20.0,2020-12-14,,2021-01-05,,,42.0,,20.0,,,False,False,True,True,False,False,False,False,False,True,True,True,False,False,False,False,False,False,False,False
8517,2021-04-22,2021-02-26,100.0,100.0,55.0,2021-02-26,,2020-12-26,,,55.0,,117.0,,,False,False,True,True,False,False,False,False,False,False,False,True,False,False,False,False,False,False,False,False
8520,2021-08-11,2021-04-27,2000.0,2000.0,106.0,2021-04-05,,2021-02-25,,2021-04-27,128.0,,167.0,,106.0,False,False,False,True,False,False,False,False,False,False,False,True,False,False,False,False,False,False,False,True
8524,2021-10-28,2021-10-21,100.0,100.0,7.0,2021-10-21,,2021-03-30,,,7.0,,212.0,,,True,True,True,True,False,False,False,False,False,False,False,False,False,False,False,False,False,False,False,False
8526,2021-04-09,2021-03-22,100.0,100.0,18.0,2021-03-22,,,2021-02-12,,18.0,,,56.0,,False,True,True,True,False,False,False,False,False,False,False,False,False,False,True,True,False,False,False,False
8537,2021-11-01,2021-10-09,100.0,100.0,23.0,2021-10-09,,,,,23.0,,,,,False,True,True,True,False,False,False,False,False,False,False,False,False,False,False,False,False,False,False,False
8539,2021-03-15,2021-02-25,100.0,100.0,18.0,2021-02-25,,,,,18.0,,,,,False,True,True,True,False,False,False,False,False,False,False,False,False,False,False,False,False,False,False,False
8540,2021-02-01,2020-12-28,500.0,500.0,35.0,,,2020-12-28,,,,,35.0,,,False,False,False,False,False,False,False,False,False,False,True,True,False,False,False,False,False,False,False,False
8543,2021-03-20,2021-03-11,1000.0,1000.0,9.0,2020-12-21,2020-12-08,2020-08-17,2021-03-11,,89.0,102.0,215.0,9.0,,False,False,True,True,False,False,False,True,False,False,False,False,False,True,True,True,False,False,False,False
8543,2021-10-16,2021-09-02,500.0,500.0,44.0,2021-04-20,2020-12-08,2021-09-02,2021-03-11,,179.0,312.0,44.0,219.0,,False,False,False,True,False,False,False,False,False,False,True,True,False,False,False,False,False,False,False,False
8548,2021-04-24,2021-04-10,100.0,100.0,14.0,2021-04-10,,2020-09-04,,,14.0,,232.0,,,False,True,True,True,False,False,False,False,False,False,False,False,False,False,False,False,False,False,False,False
8549,2021-12-28,2021-11-11,500.0,500.0,47.0,2021-09-11,,2021-11-11,2021-01-02,,108.0,,47.0,360.0,,False,False,False,True,False,False,False,False,False,False,True,True,False,False,False,False,False,False,False,False
8550,2021-09-06,2021-04-17,100.0,100.0,142.0,2021-04-17,,,,,142.0,,,,,False,False,False,True,False,False,False,False,False,False,False,False,False,False,False,False,False,False,False,False
8556,2021-04-02,2021-03-05,1000.0,1000.0,28.0,2021-02-12,,2021-01-02,2021-03-05,,49.0,,90.0,28.0,,False,False,True,True,False,False,False,False,False,False,True,True,False,True,True,True,False,False,False,False
8556,2021-04-30,2021-04-15,100.0,100.0,15.0,2021-04-15,,2021-01-02,2021-03-05,,15.0,,118.0,56.0,,False,True,True,True,False,False,False,False,False,False,False,True,False,False,True,True,False,False,False,False
8556,2021-10-11,2021-04-30,5000.0,100.0,179.0,2021-04-15,,2021-01-02,2021-03-05,,179.0,,282.0,220.0,,False,False,False,True,False,False,False,False,False,False,False,False,False,False,False,False,False,False,False,False
8557,2021-10-22,2021-10-11,100.0,100.0,11.0,2021-10-11,,,2021-02-15,,11.0,,,249.0,,False,True,True,True,False,False,False,False,False,False,False,False,False,False,False,False,False,False,False,False
8558,2021-04-14,,,,,,,,,,,,,,,False,False,False,False,False,False,False,False,False,False,False,False,False,False,False,False,False,False,False,False
8559,2021-03-10,2020-11-23,2000.0,2000.0,107.0,,,,,2020-11-23,,,,,107.0,False,False,False,False,False,False,False,False,False,False,False,False,False,False,False,False,False,False,False,True
8562,2021-05-12,2021-04-24,500.0,500.0,18.0,,,2021-04-24,2021-02-16,,,,18.0,85.0,,False,False,False,False,False,False,False,False,False,True,True,True,False,False,True,True,False,False,False,False
8562,2021-10-06,2021-05-12,5000.0,500.0,165.0,,,2021-04-24,2021-02-16,,,,165.0,232.0,,False,False,False,False,False,False,False,False,False,False,False,True,False,False,False,False,False,False,False,False
8564,2021-11-29,2021-02-08,100.0,100.0,294.0,2021-02-08,,2020-11-06,,,294.0,,388.0,,,False,False,False,False,False,False,False,False,False,False,False,False,False,False,False,False,False,False,False,False
8565,2021-01-22,2020-12-08,200.0,200.0,45.0,2020-12-01,2020-12-08,,,,52.0,45.0,,,,False,False,True,True,False,False,True,True,False,False,False,False,False,False,False,False,False,False,False,False
8567,2021-09-17,2021-05-11,100.0,100.0,129.0,2021-05-11,,2021-03-31,,,129.0,,170.0,,,False,False,False,True,False,False,False,False,False,False,False,True,False,False,False,False,False,False,False,False
8567,2021-09-30,2021-09-17,5000.0,100.0,142.0,2021-05-11,,2021-03-31,,,142.0,,183.0,,,False,False,False,True,False,False,False,False,False,False,False,False,False,False,False,False,False,False,False,False
8575,2021-09-22,2021-08-30,500.0,500.0,23.0,2021-08-20,,2021-08-30,,,33.0,,23.0,,,False,False,True,True,False,False,False,False,False,True,True,True,False,False,False,False,False,False,False,False
8577,2021-07-30,2021-03-27,2000.0,2000.0,125.0,,,2021-03-04,2020-08-03,2021-03-27,,,148.0,361.0,125.0,False,False,False,False,False,False,False,False,False,False,False,True,False,False,False,False,False,False,False,True
8577,2021-08-09,2021-07-30,5000.0,2000.0,135.0,,,2021-03-04,2020-08-03,2021-03-27,,,158.0,371.0,135.0,False,False,False,False,False,False,False,False,False,False,False,True,False,False,False,False,False,False,False,True
8581,2021-09-11,2021-01-29,500.0,500.0,225.0,2020-11-04,,2021-01-29,,,311.0,,225.0,,,False,False,False,False,False,False,False,False,False,False,False,False,False,False,False,False,False,False,False,False
8586,2021-04-22,2021-04-07,100.0,100.0,15.0,2021-04-07,,2020-09-28,,,15.0,,206.0,,,False,True,True,True,False,False,False,False,False,False,False,False,False,False,False,False,False,False,False,False
8589,2021-12-18,2021-12-03,100.0,100.0,15.0,2021-12-03,,2021-11-22,2021-01-22,,15.0,,26.0,330.0,,False,True,True,True,False,False,False,False,False,True,True,True,False,False,False,False,False,False,False,False
8590,2021-09-15,2021-07-27,200.0,200.0,50.0,2021-04-05,2021-07-27,2021-03-23,,,163.0,50.0,176.0,,,False,False,False,True,False,False,True,True,False,False,False,True,False,False,False,False,False,False,False,False
8591,2021-12-08,2021-11-16,500.0,500.0,22.0,2021-10-30,2021-03-23,2021-11-16,,,39.0,260.0,22.0,,,False,False,True,True,False,False,False,False,False,True,True,True,False,False,False,False,False,False,False,False
8598,2021-11-20,2021-09-13,500.0,500.0,68.0,2021-02-13,,2021-09-13,2021-09-01,,280.0,,68.0,80.0,,False,False,False,False,False,False,False,False,False,False,True,True,False,False,True,True,False,False,False,False
8599,2021-03-31,2020-12-22,100.0,100.0,99.0,2020-12-22,,,,,99.0,,,,,False,False,False,True,False,False,False,False,False,False,False,False,False,False,False,False,False,False,False,False
8603,2021-01-04,2020-08-19,500.0,500.0,138.0,,,2020-08-19,,,,,138.0,,,False,False,False,False,False,False,False,False,False,False,False,True,False,False,False,False,False,False,False,False
8603,2021-12-18,2021-12-14,100.0,100.0,4.0,2021-12-14,,2021-09-02,,,4.0,,107.0,,,True,True,True,True,False,False,False,False,False,False,False,True,False,False,False,False,False,False,False,False
8606,2021-07-23,2021-02-25,100.0,100.0,148.0,2021-02-25,,2021-01-05,,,148.0,,199.0,,,False,False,False,True,False,False,False,False,False,False,False,False,False,False,False,False,False,False,False,False
8614,2021-10-14,2021-09-03,500.0,500.0,41.0,,,2021-09-03,,2020-12-08,,,41.0,,310.0,False,False,False,False,False,False,False,False,False,False,True,True,False,False,False,False,False,False,False,False
8615,2021-02-17,2020-12-04,100.0,100.0,75.0,2020-12-04,,2020-11-25,,,75.0,,84.0,,,False,False,True,True,False,False,False,False,False,False,True,True,False,False,False,False,False,False,False,False
8619,2021-04-20,2021-04-15,500.0,500.0,5.0,2020-08-05,,2021-04-15,2021-03-12,,258.0,,5.0,39.0,,False,False,False,False,False,False,False,False,True,True,True,True,False,False,True,True,False,False,False,False
8622,2021-08-27,2020-12-18,500.0,500.0,252.0,,,2020-12-18,,,,,252.0,,,False,False,False,False,False,False,False,False,False,False,False,False,False,False,False,False,False,False,False,False
8622,2021-11-06,2021-08-27,5000.0,500.0,323.0,,,2020-12-18,,,,,323.0,,,False,False,False,False,False,False,False,False,False,False,False,False,False,False,False,False,False,False,False,False
8626,2021-04-21,2021-03-12,500.0,500.0,40.0,2020-10-19,,2021-03-12,,,184.0,,40.0,,,False,False,False,False,False,False,False,False,False,False,True,True,False,False,False,False,False,False,False,False
8629,2021-01-20,2020-10-19,100.0,100.0,93.0,2020-10-19,,,,,93.0,,,,,False,False,False,True,False,False,False,False,False,False,False,False,False,False,False,False,False,False,False,False
8634,2021-09-04,2021-08-09,100.0,100.0,26.0,2021-08-09,,,2021-02-05,,26.0,,,211.0,,False,True,True,True,False,False,False,False,False,False,False,False,False,False,False,False,False,False,False,False
8635,2021-09-25,,,,,,,,,,,,,,,False,False,False,False,False,False,False,False,False,False,False,False,False,False,False,False,False,False,False,False
8635,2021-10-25,2021-10-13,500.0,500.0,12.0,,,2021-10-13,,,,,12.0,,,False,False,False,False,False,False,False,False,False,True,True,True,False,False,False,False,False,False,False,False
8639,2021-02-23,2021-02-13,100.0,100.0,10.0,2021-02-13,,2020-12-12,,,10.0,,73.0,,,False,True,True,True,False,False,False,False,False,False,True,True,False,False,False,False,False,False,False,False
8639,2021-03-27,2021-03-05,100.0,100.0,22.0,2021-03-05,,2020-12-12,,,22.0,,105.0,,,False,True,True,True,False,False,False,False,False,False,False,True,False,False,False,False,False,False,False,False
8643,2021-09-06,2021-04-20,500.0,500.0,139.0,2021-01-16,,2021-04-20,,,233.0,,139.0,,,False,False,False,False,False,False,False,False,False,False,False,True,False,False,False,False,False,False,False,False
8645,2021-09-01,2021-04-23,100.0,100.0,131.0,2021-04-23,,,2021-01-15,,131.0,,,229.0,,False,False,False,True,False,False,False,False,False,False,False,False,False,False,False,False,False,False,False,False
8645,2021-09-06,2021-09-01,5000.0,100.0,136.0,2021-04-23,,,2021-01-15,,136.0,,,234.0,,False,False,False,True,False,False,False,False,False,False,False,False,False,False,False,False,False,False,False,False
8649,2021-03-26,2021-02-03,100.0,100.0,51.0,2021-02-03,,,,,51.0,,,,,False,False,True,True,False,False,False,False,False,False,False,False,False,False,False,False,False,False,False,False
8652,2021-03-18,2021-02-09,100.0,100.0,37.0,2021-02-09,,2020-12-19,,,37.0,,89.0,,,False,False,True,True,False,False,False,False,False,False,True,True,False,False,False,False,False,False,False,False
8652,2021-12-03,2021-09-03,100.0,100.0,91.0,2021-09-03,,2020-12-19,,2021-08-25,91.0,,349.0,,100.0,False,False,False,True,False,False,False,False,False,False,False,False,False,False,False,False,False,False,False,True
8654,2021-10-08,2021-04-23,500.0,500.0,168.0,2020-10-10,,2021-04-23,2021-03-13,,363.0,,168.0,209.0,,False,False,False,False,False,False,False,False,False,False,False,True,False,False,False,False,False,False,False,False
8658,2021-11-12,2021-02-20,100.0,100.0,265.0,2021-02-20,,,,,265.0,,,,,False,False,False,False,False,False,False,False,False,False,False,False,False,False,False,False,False,False,False,False
8659,2021-09-30,2021-05-10,100.0,100.0,143.0,2021-05-10,,2020-12-14,,,143.0,,290.0,,,False,False,False,True,False,False,False,False,False,False,False,False,False,False,False,False,False,False,False,False
8670,2021-09-14,2021-08-09,500.0,500.0,36.0,2021-03-29,,2021-08-09,,,169.0,,36.0,,,False,False,False,True,False,False,False,False,False,False,True,True,False,False,False,False,False,False,False,False
8678,2021-11-08,2021-10-11,100.0,100.0,28.0,2021-10-11,,,,,28.0,,,,,False,True,True,True,False,False,False,False,False,False,False,False,False,False,False,False,False,False,False,False
8679,2021-09-10,2021-09-09,100.0,100.0,1.0,2021-09-09,,,,,1.0,,,,,True,True,True,True,False,False,False,False,False,False,False,False,False,False,False,False,False,False,False,False
8683,2021-04-21,2021-02-17,100.0,100.0,63.0,2021-02-17,,2020-12-21,2021-01-09,,63.0,,121.0,102.0,,False,False,True,True,False,False,False,False,False,False,False,True,False,False,False,True,False,False,False,False
8688,2021-05-12,2021-05-06,100.0,100.0,6.0,2021-05-06,,2020-10-05,,,6.0,,219.0,,,True,True,True,True,False,False,False,False,False,False,False,False,False,False,False,False,False,False,False,False
8692,2021-03-27,2021-03-17,100.0,100.0,10.0,2021-03-17,,2020-12-04,2020-11-06,,10.0,,113.0,141.0,,False,True,True,True,False,False,False,False,False,False,False,True,False,False,False,True,False,False,False,False
8696,2021-01-09,2020-10-03,500.0,500.0,98.0,,,2020-10-03,,,,,98.0,,,False,False,False,False,False,False,False,False,False,False,False,True,False,False,False,False,False,False,False,False
8698,2021-04-27,2021-03-18,500.0,500.0,40.0,2020-12-01,,2021-03-18,,2020-12-14,147.0,,40.0,,134.0,False,False,False,True,False,False,False,False,False,False,True,True,False,False,False,False,False,False,False,True
8702,2021-09-07,2021-07-27,100.0,100.0,42.0,2021-07-27,,,,,42.0,,,,,False,False,True,True,False,False,False,False,False,False,False,False,False,False,False,False,False,False,False,False
8702,2021-11-09,2021-09-07,5000.0,100.0,105.0,2021-07-27,,,,,105.0,,,,,False,False,False,True,False,False,False,False,False,False,False,False,False,False,False,False,False,False,False,False
8705,2021-01-04,,,,,,,,,,,,,,,False,False,False,False,False,False,False,False,False,False,False,False,False,False,False,False,False,False,False,False
8705,2021-01-16,2021-01-04,5000.0,,,,,,,,,,,,,False,False,False,False,False,False,False,False,False,False,False,False,False,False,False,False,False,False,False,False
8712,2021-02-11,2020-10-19,500.0,500.0,115.0,,,2020-10-19,,,,,115.0,,,False,False,False,False,False,False,False,False,False,False,False,True,False,False,False,False,False,False,False,False
8720,2021-10-11,2021-05-11,500.0,500.0,153.0,,,2021-05-11,,,,,153.0,,,False,False,False,False,False,False,False,False,False,False,False,True,False,False,False,False,False,False,False,False
8724,2021-08-20,2021-01-29,100.0,100.0,203.0,2021-01-29,,2020-08-07,,,203.0,,378.0,,,False,False,False,False,False,False,False,False,False,False,False,False,False,False,False,False,False,False,False,False
8725,2021-11-12,2021-09-24,100.0,100.0,49.0,2021-09-24,,2021-08-27,,,49.0,,77.0,,,False,False,True,True,False,False,False,False,False,False,True,True,False,False,False,False,False,False,False,False
8726,2021-07-27,2020-09-08,100.0,100.0,322.0,2020-09-08,,,,,322.0,,,,,False,False,False,False,False,False,False,False,False,False,False,False,False,False,False,False,False,False,False,False
8726,2021-08-25,2021-07-27,5000.0,100.0,351.0,2020-09-08,,,,,351.0,,,,,False,False,False,False,False,False,False,False,False,False,False,False,False,False,False,False,False,False,False,False
8732,2021-01-04,,,,,,,,,,,,,,,False,False,False,False,False,False,False,False,False,False,False,False,False,False,False,False,False,False,False,False
8732,2021-03-25,2021-03-18,500.0,500.0,7.0,2021-01-05,,2021-03-18,,,79.0,,7.0,,,False,False,True,True,False,False,False,False,True,True,True,True,False,False,False,False,False,False,False,False
8735,2021-02-13,,,,,,,,,,,,,,,False,False,False,False,False,False,False,False,False,False,False,False,False,False,False,False,False,False,False,False
8736,2021-02-17,,,,,,,,,,,,,,,False,False,False,False,False,False,False,False,False,False,False,False,False,False,False,False,False,False,False,False
8739,2021-12-15,2021-11-26,100.0,100.0,19.0,2021-11-26,,2021-10-12,,,19.0,,64.0,,,False,True,True,True,False,False,False,False,False,False,True,True,False,False,False,False,False,False,False,False
8740,2021-02-13,2021-02-03,500.0,500.0,10.0,,,2021-02-03,,,,,10.0,,,False,False,False,False,False,False,False,False,False,True,True,True,False,False,False,False,False,False,False,False
8744,2021-08-30,2021-08-02,1000.0,1000.0,28.0,2020-09-12,,2021-04-16,2021-08-02,,352.0,,136.0,28.0,,False,False,False,False,False,False,False,False,False,False,False,True,False,True,True,True,False,False,False,False
8754,2021-10-28,2021-10-27,100.0,100.0,1.0,2021-10-27,,2021-02-06,2020-11-16,,1.0,,264.0,346.0,,True,True,True,True,False,False,False,False,False,False,False,False,False,False,False,False,False,False,False,False
8755,2021-02-26,2020-11-09,5000.0,100.0,114.0,2020-11-04,,,,,114.0,,,,,False,False,False,True,False,False,False,False,False,False,False,False,False,False,False,False,False,False,False,False
8758,2021-03-13,2020-11-13,100.0,100.0,120.0,2020-11-13,,,,,120.0,,,,,False,False,False,True,False,False,False,False,False,False,False,False,False,False,False,False,False,False,False,False
8758,2021-10-09,2021-10-05,100.0,100.0,4.0,2021-10-05,,2021-03-16,,,4.0,,207.0,,,True,True,True,True,False,False,False,False,False,False,False,False,False,False,False,False,False,False,False,False
8759,2021-11-18,2021-09-11,100.0,100.0,68.0,2021-09-11,,,2021-08-27,,68.0,,,83.0,,False,False,True,True,False,False,False,False,False,False,False,False,False,False,True,True,False,False,False,False
8762,2021-09-29,2021-08-18,100.0,100.0,42.0,2021-08-18,,,2021-04-30,,42.0,,,152.0,,False,False,True,True,False,False,False,False,False,False,False,False,False,False,False,True,False,False,False,False
8765,2021-02-26,,,,,,,,,,,,,,,False,False,False,False,False,False,False,False,False,False,False,False,False,False,False,False,False,False,False,False
8766,2021-09-10,2021-04-05,100.0,100.0,158.0,2021-04-05,,2020-10-19,2021-03-26,,158.0,,326.0,168.0,,False,False,False,True,False,False,False,False,False,False,False,False,False,False,False,True,False,False,False,False
8767,2021-09-14,2020-11-16,500.0,500.0,302.0,,,2020-11-16,,,,,302.0,,,False,False,False,False,False,False,False,False,False,False,False,False,False,False,False,False,False,False,False,False
8768,2021-03-08,2020-10-10,100.0,100.0,149.0,2020-10-10,,,,,149.0,,,,,False,False,False,True,False,False,False,False,False,False,False,False,False,False,False,False,False,False,False,False
8776,2021-03-18,2020-11-11,500.0,500.0,127.0,,,2020-11-11,,,,,127.0,,,False,False,False,False,False,False,False,False,False,False,False,True,False,False,False,False,False,False,False,False
8779,2021-01-05,2020-11-13,5000.0,500.0,60.0,,,2020-11-06,,,,,60.0,,,False,False,False,False,False,False,False,False,False,False,True,True,False,False,False,False,False,False,False,False
8784,2021-02-22,2020-12-01,500.0,500.0,83.0,2020-11-27,,2020-12-01,,,87.0,,83.0,,,False,False,True,True,False,False,False,False,False,False,True,True,False,False,False,False,False,False,False,False
8790,2021-03-24,2021-01-22,500.0,500.0,61.0,2021-01-08,,2021-01-22,2020-11-20,,75.0,,61.0,124.0,,False,False,True,True,False,False,False,False,False,False,True,True,False,False,False,True,False,False,False,False
8795,2021-03-16,2021-02-09,100.0,100.0,35.0,2021-02-09,,,,,35.0,,,,,False,False,True,True,False,False,False,False,False,False,False,False,False,False,False,False,False,False,False,False
8796,2021-04-16,2021-03-29,500.0,500.0,18.0,2021-02-18,,2021-03-29,,,57.0,,18.0,,,False,False,True,True,False,False,False,False,False,True,True,True,False,False,False,False,False,False,False,False
8798,2021-10-18,2021-09-06,100.0,100.0,42.0,2021-09-06,,2021-01-25,,2021-04-05,42.0,,266.0,,196.0,False,False,True,True,False,False,False,False,False,False,False,False,False,False,False,False,False,False,False,False
8800,2021-03-17,2021-03-15,100.0,100.0,2.0,2021-03-15,,2021-03-05,,,2.0,,12.0,,,True,True,True,True,False,False,False,False,False,True,True,True,False,False,False,False,False,False,False,False
8800,2021-04-10,2021-03-17,5000.0,100.0,26.0,2021-03-15,,2021-03-05,,,26.0,,36.0,,,False,True,True,True,False,False,False,False,False,False,True,True,False,False,False,False,False,False,False,False
8800,2021-04-16,2021-04-10,5000.0,100.0,32.0,2021-03-15,,2021-03-05,,,32.0,,42.0,,,False,False,True,True,False,False,False,False,False,False,True,True,False,False,False,False,False,False,False,False
8809,2021-03-18,2021-01-25,2000.0,2000.0,52.0,2020-08-27,,,,2021-01-25,203.0,,,,52.0,False,False,False,False,False,False,False,False,False,False,False,False,False,False,False,False,False,False,True,True
8809,2021-11-15,2021-10-16,100.0,100.0,30.0,2021-10-16,,,,2021-01-25,30.0,,,,294.0,False,True,True,True,False,False,False,False,False,False,False,False,False,False,False,False,False,False,False,False
8812,2021-04-21,2021-04-05,2000.0,2000.0,16.0,2021-02-15,,2021-03-22,,2021-04-05,65.0,,30.0,,16.0,False,False,True,True,False,False,False,False,False,True,True,True,False,False,False,False,False,True,True,True
8813,2021-01-13,2020-12-18,100.0,100.0,26.0,2020-12-18,2020-12-08,,,,26.0,36.0,,,,False,True,True,True,False,False,True,True,False,False,False,False,False,False,False,False,False,False,False,False
8813,2021-09-24,2021-09-21,100.0,100.0,3.0,2021-09-21,2020-12-08,2021-02-15,,2021-09-07,3.0,290.0,221.0,,17.0,True,True,True,True,False,False,False,False,False,False,False,False,False,False,False,False,False,True,True,True
8816,2021-02-25,2021-01-08,100.0,100.0,48.0,2021-01-08,,,,,48.0,,,,,False,False,True,True,False,False,False,False,False,False,False,False,False,False,False,False,False,False,False,False
8816,2021-12-11,2021-11-25,1000.0,1000.0,16.0,2021-05-05,,,2021-11-25,,220.0,,,16.0,,False,False,False,False,False,False,False,False,False,False,False,False,False,True,True,True,False,False,False,False
8818,2021-05-04,2021-01-18,100.0,100.0,106.0,2021-01-18,,,,,106.0,,,,,False,False,False,True,False,False,False,False,False,False,False,False,False,False,False,False,False,False,False,False
8819,2021-04-05,2021-03-06,500.0,500.0,30.0,,,2021-03-06,,,,,30.0,,,False,False,False,False,False,False,False,False,False,True,True,True,False,False,False,False,False,False,False,False
8819,2021-09-24,2021-04-27,500.0,500.0,150.0,,,2021-04-27,,,,,150.0,,,False,False,False,False,False,False,False,False,False,False,False,True,False,False,False,False,False,False,False,False
8820,2021-09-27,2021-04-22,100.0,100.0,158.0,2021-04-22,,2020-12-30,2021-01-22,,158.0,,271.0,248.0,,False,False,False,True,False,False,False,False,False,False,False,False,False,False,False,False,False,False,False,False
8822,2021-02-20,2021-02-02,200.0,200.0,18.0,2020-12-21,2021-02-02,2020-10-26,2020-09-18,,61.0,18.0,117.0,155.0,,False,False,True,True,False,True,True,True,False,False,False,True,False,False,False,True,False,False,False,False
8824,2021-04-26,2021-04-20,100.0,100.0,6.0,2021-04-20,,2021-02-22,,,6.0,,63.0,,,True,True,True,True,False,False,False,False,False,False,True,True,False,False,False,False,False,False,False,False
8826,2021-12-30,2021-11-18,100.0,100.0,42.0,2021-11-18,,2021-11-13,2021-04-20,2021-10-23,42.0,,47.0,254.0,68.0,False,False,True,True,False,False,False,False,False,False,True,True,False,False,False,False,False,False,True,True
8830,2021-09-06,2021-04-28,500.0,500.0,131.0,2020-12-25,,2021-04-28,,,255.0,,131.0,,,False,False,False,False,False,False,False,False,False,False,False,True,False,False,False,False,False,False,False,False
8835,2021-01-11,2021-01-05,200.0,200.0,6.0,2020-10-05,2021-01-05,2020-09-16,2020-11-27,,98.0,6.0,117.0,45.0,,False,False,False,True,True,True,True,True,False,False,False,True,False,False,True,True,False,False,False,False
8837,2021-01-13,2020-12-14,500.0,500.0,30.0,,,2020-12-14,,,,,30.0,,,False,False,False,False,False,False,False,False,False,True,True,True,False,False,False,False,False,False,False,False
8838,2021-03-11,2021-02-02,100.0,100.0,37.0,2021-02-02,,,,,37.0,,,,,False,False,True,True,False,False,False,False,False,False,False,False,False,False,False,False,False,False,False,False
8843,2021-08-30,2021-04-24,500.0,500.0,128.0,2021-03-02,,2021-04-24,,,181.0,,128.0,,,False,False,False,False,False,False,False,False,False,False,False,True,False,False,False,False,False,False,False,False
8845,2021-02-10,2021-01-18,100.0,100.0,23.0,2021-01-18,,2020-10-10,,,23.0,,123.0,,,False,True,True,True,False,False,False,False,False,False,False,True,False,False,False,False,False,False,False,False
8845,2021-10-09,2021-08-20,500.0,500.0,50.0,2021-03-09,,2021-08-20,2021-03-30,,214.0,,50.0,193.0,,False,False,False,False,False,False,False,False,False,False,True,True,False,False,False,False,False,False,False,False
8846,2021-02-18,2020-12-26,500.0,500.0,54.0,2020-12-18,,2020-12-26,2020-08-21,,62.0,,54.0,181.0,,False,False,True,True,False,False,False,False,False,False,True,True,False,False,False,False,False,False,False,False
8847,2021-02-20,2021-02-02,100.0,100.0,18.0,2021-02-02,,2020-09-24,,,18.0,,149.0,,,False,True,True,True,False,False,False,False,False,False,False,True,False,False,False,False,False,False,False,False
8850,2021-04-01,2021-03-23,100.0,100.0,9.0,2021-03-23,,2020-12-05,2021-03-12,,9.0,,117.0,20.0,,False,True,True,True,False,False,False,False,False,False,False,True,False,True,True,True,False,False,False,False
8851,2021-09-20,2021-09-01,100.0,100.0,19.0,2021-09-01,,,,,19.0,,,,,False,True,True,True,False,False,False,False,False,False,False,False,False,False,False,False,False,False,False,False
8854,2021-12-29,2021-11-08,100.0,100.0,51.0,2021-11-08,,,2021-11-04,2020-10-12,51.0,,,55.0,443.0,False,False,True,True,False,False,False,False,False,False,False,False,False,False,True,True,False,False,False,False
8856,2021-10-16,2021-09-09,100.0,100.0,37.0,2021-09-09,,2021-08-02,,,37.0,,75.0,,,False,False,True,True,False,False,False,False,False,False,True,True,False,False,False,False,False,False,False,False
8864,2021-08-16,2021-05-05,2000.0,2000.0,103.0,,2020-12-15,2021-04-23,,2021-05-05,,244.0,115.0,,103.0,False,False,False,False,False,False,False,False,False,False,False,True,False,False,False,False,False,False,False,True
8866,2021-10-27,2021-04-23,100.0,100.0,187.0,2021-04-23,,2020-11-02,,,187.0,,359.0,,,False,False,False,False,False,False,False,False,False,False,False,False,False,False,False,False,False,False,False,False
8871,2021-03-31,2021-03-22,500.0,500.0,9.0,,,2021-03-22,2021-02-22,,,,9.0,37.0,,False,False,False,False,False,False,False,False,False,True,True,True,False,False,True,True,False,False,False,False
8874,2021-01-08,2020-12-26,5000.0,500.0,21.0,,,2020-12-18,,,,,21.0,,,False,False,False,False,False,False,False,False,False,True,True,True,False,False,False,False,False,False,False,False
8878,2021-12-07,2021-11-24,100.0,100.0,13.0,2021-11-24,,2021-11-03,,,13.0,,34.0,,,False,True,True,True,False,False,False,False,False,False,True,True,False,False,False,False,False,False,False,False
8882,2021-05-12,2021-04-20,100.0,100.0,22.0,2021-04-20,,2020-12-12,,,22.0,,151.0,,,False,True,True,True,False,False,False,False,False,False,False,True,False,False,False,False,False,False,False,False
8883,2021-09-25,2021-03-19,100.0,100.0,190.0,2021-03-19,,2021-03-05,2020-10-30,,190.0,,204.0,330.0,,False,False,False,False,False,False,False,False,False,False,False,False,False,False,False,False,False,False,False,False
8890,2021-03-16,2021-03-11,100.0,100.0,5.0,2021-03-11,,,,,5.0,,,,,True,True,True,True,False,False,False,False,False,False,False,False,False,False,False,False,False,False,False,False
8892,2021-02-22,2020-12-29,100.0,100.0,55.0,2020-12-29,,,,,55.0,,,,,False,False,True,True,False,False,False,False,False,False,False,False,False,False,False,False,False,False,False,False
8896,2021-01-25,2021-01-11,500.0,500.0,14.0,2021-01-01,,2021-01-11,,,24.0,,14.0,,,False,True,True,True,False,False,False,False,False,True,True,True,False,False,False,False,False,False,False,False
8896,2021-02-04,2021-01-25,5000.0,500.0,24.0,2021-01-01,,2021-01-11,,,34.0,,24.0,,,False,False,True,True,False,False,False,False,False,True,True,True,False,False,False,False,False,False,False,False
8897,2021-04-07,2021-03-26,500.0,500.0,12.0,2021-02-12,,2021-03-26,,2021-01-02,54.0,,12.0,,95.0,False,False,True,True,False,False,False,False,False,True,True,True,False,False,False,False,False,False,False,True
8899,2021-11-29,2021-10-21,100.0,100.0,39.0,2021-10-21,,2021-10-13,2021-03-18,,39.0,,47.0,256.0,,False,False,True,True,False,False,False,False,False,False,True,True,False,False,False,False,False,False,False,False
8901,2021-04-26,2021-04-20,100.0,100.0,6.0,2021-04-20,,2021-01-09,,,6.0,,107.0,,,True,True,True,True,False,False,False,False,False,False,False,True,False,False,False,False,False,False,False,False
8904,2021-07-27,2021-04-10,100.0,100.0,108.0,2021-04-10,,2020-08-21,,2020-12-29,108.0,,340.0,,210.0,False,False,False,True,False,False,False,False,False,False,False,False,False,False,False,False,False,False,False,False
8905,2021-03-20,2021-03-17,2000.0,2000.0,3.0,2020-12-22,,,,2021-03-17,88.0,,,,3.0,False,False,True,True,False,False,False,False,False,False,False,False,False,False,False,False,True,True,True,True
8908,2021-03-04,2021-02-09,100.0,100.0,23.0,2021-02-09,,2020-12-30,,,23.0,,64.0,,,False,True,True,True,False,False,False,False,False,False,True,True,False,False,False,False,False,False,False,False
8909,2021-12-14,2021-11-26,500.0,500.0,18.0,2021-10-22,,2021-11-26,,,53.0,,18.0,,,False,False,True,True,False,False,False,False,False,True,True,True,False,False,False,False,False,False,False,False
8912,2021-09-18,2021-03-17,100.0,100.0,185.0,2021-03-17,,,,,185.0,,,,,False,False,False,False,False,False,False,False,False,False,False,False,False,False,False,False,False,False,False,False
8914,2021-09-03,2021-04-10,100.0,100.0,146.0,2021-04-10,,2020-12-08,,,146.0,,269.0,,,False,False,False,True,False,False,False,False,False,False,False,False,False,False,False,False,False,False,False,False
8916,2021-03-02,2021-02-10,500.0,500.0,20.0,,,2021-02-10,,,,,20.0,,,False,False,False,False,False,False,False,False,False,True,True,True,False,False,False,False,False,False,False,False
8916,2021-04-05,2021-03-12,100.0,100.0,24.0,2021-03-12,,2021-02-10,,,24.0,,54.0,,,False,True,True,True,False,False,False,False,False,False,True,True,False,False,False,False,False,False,False,False
8920,2021-11-05,2021-09-17,100.0,100.0,49.0,2021-09-17,,2021-09-09,,,49.0,,57.0,,,False,False,True,True,False,False,False,False,False,False,True,True,False,False,False,False,False,False,False,False
8922,2021-10-22,2021-04-23,100.0,100.0,182.0,2021-04-23,,,2021-03-31,,182.0,,,205.0,,False,False,False,False,False,False,False,False,False,False,False,False,False,False,False,False,False,False,False,False
8922,2021-11-11,2021-10-22,5000.0,100.0,202.0,2021-04-23,,,2021-03-31,,202.0,,,225.0,,False,False,False,False,False,False,False,False,False,False,False,False,False,False,False,False,False,False,False,False
8925,2021-12-09,2021-11-30,100.0,100.0,9.0,2021-11-30,2020-12-29,2021-10-05,,,9.0,345.0,65.0,,,False,True,True,True,False,False,False,False,False,False,True,True,False,False,False,False,False,False,False,False
8926,2021-12-20,2021-11-11,1000.0,1000.0,39.0,2021-05-05,,2021-02-06,2021-11-11,,229.0,,317.0,39.0,,False,False,False,False,False,False,False,False,False,False,False,False,False,False,True,True,False,False,False,False
8927,2021-10-08,2020-12-26,5000.0,500.0,319.0,,,2020-11-23,,,,,319.0,,,False,False,False,False,False,False,False,False,False,False,False,False,False,False,False,False,False,False,False,False
8929,2021-01-27,2020-08-03,500.0,500.0,177.0,,,2020-08-03,,,,,177.0,,,False,False,False,False,False,False,False,False,False,False,False,True,False,False,False,False,False,False,False,False
8934,2021-10-21,2021-04-22,500.0,500.0,182.0,2021-04-21,,2021-04-22,2021-01-30,,183.0,,182.0,264.0,,False,False,False,False,False,False,False,False,False,False,False,False,False,False,False,False,False,False,False,False
8938,2021-04-12,2021-03-31,1000.0,1000.0,12.0,,,2021-03-13,2021-03-31,,,,30.0,12.0,,False,False,False,False,False,False,False,False,False,True,True,True,False,True,True,True,False,False,False,False
8943,2021-01-27,2020-12-16,5000.0,1000.0,91.0,2020-09-26,,,2020-10-28,,123.0,,,91.0,,False,False,False,True,False,False,False,False,False,False,False,False,False,False,False,True,False,False,False,False
8947,2021-04-08,2020-12-16,100.0,100.0,113.0,2020-12-16,,2020-10-23,,,113.0,,167.0,,,False,False,False,True,False,False,False,False,False,False,False,True,False,False,False,False,False,False,False,False
8948,2021-09-27,2021-03-30,500.0,500.0,181.0,,,2021-03-30,,,,,181.0,,,False,False,False,False,False,False,False,False,False,False,False,False,False,False,False,False,False,False,False,False
8950,2021-04-19,2021-02-13,100.0,100.0,65.0,2021-02-13,,2020-12-12,,,65.0,,128.0,,,False,False,True,True,False,False,False,False,False,False,False,True,False,False,False,False,False,False,False,False
8952,2021-03-01,,,,,,,,,,,,,,,False,False,False,False,False,False,False,False,False,False,False,False,False,False,False,False,False,False,False,False
8953,2021-10-21,2021-10-14,100.0,100.0,7.0,2021-10-14,,2021-04-30,,,7.0,,174.0,,,True,True,True,True,False,False,False,False,False,False,False,True,False,False,False,False,False,False,False,False
8954,2021-07-27,2021-04-30,100.0,100.0,88.0,2021-04-30,2020-09-22,2021-02-01,2021-01-29,,88.0,308.0,176.0,179.0,,False,False,True,True,False,False,False,False,False,False,False,True,False,False,False,True,False,False,False,False
8955,2021-11-09,2021-10-26,500.0,500.0,14.0,2021-10-11,,2021-10-26,,,29.0,,14.0,,,False,True,True,True,False,False,False,False,False,True,True,True,False,False,False,False,False,False,False,False
8957,2021-09-09,2021-03-30,100.0,100.0,163.0,2021-03-30,,2021-03-06,2021-03-16,,163.0,,187.0,177.0,,False,False,False,True,False,False,False,False,False,False,False,False,False,False,False,True,False,False,False,False
8959,2021-09-21,2021-04-22,1000.0,1000.0,152.0,2021-04-20,,2020-12-01,2021-04-22,2021-02-22,154.0,,294.0,152.0,211.0,False,False,False,True,False,False,False,False,False,False,False,False,False,False,False,True,False,False,False,False
8963,2021-07-27,2021-04-27,200.0,200.0,91.0,2020-08-03,2021-04-27,2021-04-02,,,358.0,91.0,116.0,,,False,False,False,False,False,False,False,True,False,False,False,True,False,False,False,False,False,False,False,False
8966,2021-05-11,2021-02-24,100.0,100.0,76.0,2021-02-24,,,,,76.0,,,,,False,False,True,True,False,False,False,False,False,False,False,False,False,False,False,False,False,False,False,False
8966,2021-10-07,2021-10-06,500.0,500.0,1.0,2021-09-22,,2021-10-06,,,15.0,,1.0,,,False,True,True,True,False,False,False,False,True,True,True,True,False,False,False,False,False,False,False,False
8968,2021-11-13,2021-11-06,100.0,100.0,7.0,2021-11-06,,2021-08-11,,,7.0,,94.0,,,True,True,True,True,False,False,False,False,False,False,False,True,False,False,False,False,False,False,False,False
8971,2021-02-27,2021-02-16,100.0,100.0,11.0,2021-02-16,2020-09-08,,,,11.0,172.0,,,,False,True,True,True,False,False,False,True,False,False,False,False,False,False,False,False,False,False,False,False
8971,2021-07-23,2021-02-27,5000.0,100.0,157.0,2021-02-16,2020-09-08,,,,157.0,318.0,,,,False,False,False,True,False,False,False,False,False,False,False,False,False,False,False,False,False,False,False,False
8971,2021-08-16,2021-07-23,5000.0,100.0,181.0,2021-02-16,2020-09-08,,,,181.0,342.0,,,,False,False,False,False,False,False,False,False,False,False,False,False,False,False,False,False,False,False,False,False
8976,2021-04-02,2021-03-04,100.0,100.0,29.0,2021-03-04,,2020-12-25,,,29.0,,98.0,,,False,True,True,True,False,False,False,False,False,False,False,True,False,False,False,False,False,False,False,False
8976,2021-11-15,2021-11-04,500.0,500.0,11.0,2021-09-27,,2021-11-04,,,49.0,,11.0,,,False,False,True,True,False,False,False,False,False,True,True,True,False,False,False,False,False,False,False,False
8976,2021-11-26,2021-11-15,5000.0,500.0,22.0,2021-09-27,,2021-11-04,,,60.0,,22.0,,,False,False,True,True,False,False,False,False,False,True,True,True,False,False,False,False,False,False,False,False
8977,2021-12-25,2021-12-24,500.0,500.0,1.0,2021-04-28,,2021-12-24,,,241.0,,1.0,,,False,False,False,False,False,False,False,False,True,True,True,True,False,False,False,False,False,False,False,False
8979,2021-04-17,2021-04-03,2000.0,2000.0,14.0,2021-03-12,,,,2021-04-03,36.0,,,,14.0,False,False,True,True,False,False,False,False,False,False,False,False,False,False,False,False,False,True,True,True
8980,2021-05-05,2021-04-26,2000.0,2000.0,9.0,2021-04-23,,2021-03-02,,2021-04-26,12.0,,64.0,,9.0,False,True,True,True,False,False,False,False,False,False,True,True,False,False,False,False,False,True,True,True
8982,2021-04-13,2021-03-22,500.0,500.0,22.0,,,2021-03-22,,,,,22.0,,,False,False,False,False,False,False,False,False,False,True,True,True,False,False,False,False,False,False,False,False
8982,2021-11-04,2021-10-29,1000.0,1000.0,6.0,,,2021-10-07,2021-10-29,,,,28.0,6.0,,False,False,False,False,False,False,False,False,False,True,True,True,True,True,True,True,False,False,False,False
8985,2021-12-23,2021-12-06,500.0,500.0,17.0,2021-09-28,,2021-12-06,,,86.0,,17.0,,,False,False,True,True,False,False,False,False,False,True,True,True,False,False,False,False,False,False,False,False
8992,2021-03-11,2021-02-01,100.0,100.0,38.0,2021-02-01,,2020-12-11,,,38.0,,90.0,,,False,False,True,True,False,False,False,False,False,False,True,True,False,False,False,False,False,False,False,False
8992,2021-09-30,2021-03-11,5000.0,100.0,241.0,2021-02-01,,2020-12-11,,,241.0,,293.0,,,False,False,False,False,False,False,False,False,False,False,False,False,False,False,False,False,False,False,False,False
8993,2021-04-03,2020-11-27,100.0,100.0,127.0,2020-11-27,,,,,127.0,,,,,False,False,False,True,False,False,False,False,False,False,False,False,False,False,False,False,False,False,False,False
8997,2021-12-29,2021-12-27,100.0,100.0,2.0,2021-12-27,,2021-12-01,,2020-09-28,2.0,,28.0,,457.0,True,True,True,True,False,False,False,False,False,True,True,True,False,False,False,False,False,False,False,False
8999,2021-10-18,2021-10-12,500.0,500.0,6.0,2021-09-13,,2021-10-12,,,35.0,,6.0,,,False,False,True,True,False,False,False,False,True,True,True,True,False,False,False,False,False,False,False,False
9000,2021-02-19,2020-12-29,100.0,100.0,52.0,2020-12-29,,,,,52.0,,,,,False,False,True,True,False,False,False,False,False,False,False,False,False,False,False,False,False,False,False,False
9002,2021-08-11,2021-03-01,500.0,500.0,163.0,2020-11-27,,2021-03-01,,,257.0,,163.0,,,False,False,False,False,False,False,False,False,False,False,False,True,False,False,False,False,False,False,False,False
9004,2021-04-29,2021-04-27,100.0,100.0,2.0,2021-04-27,,,,,2.0,,,,,True,True,True,True,False,False,False,False,False,False,False,False,False,False,False,False,False,False,False,False
9005,2021-03-29,2021-03-22,100.0,100.0,7.0,2021-03-22,,2020-08-19,,,7.0,,222.0,,,True,True,True,True,False,False,False,False,False,False,False,False,False,False,False,False,False,False,False,False
9009,2021-12-15,2021-09-14,1000.0,1000.0,92.0,2021-03-24,,,2021-09-14,2021-01-18,266.0,,,92.0,331.0,False,False,False,False,False,False,False,False,False,False,False,False,False,False,False,True,False,False,False,False
9010,2021-03-23,2020-12-16,100.0,100.0,97.0,2020-12-16,,,,,97.0,,,,,False,False,False,True,False,False,False,False,False,False,False,False,False,False,False,False,False,False,False,False
9013,2021-11-24,2021-11-13,100.0,100.0,11.0,2021-11-13,,,2021-09-23,,11.0,,,62.0,,False,True,True,True,False,False,False,False,False,False,False,False,False,False,True,True,False,False,False,False
9016,2021-12-24,2021-11-09,100.0,100.0,45.0,2021-11-09,,2021-10-04,,,45.0,,81.0,,,False,False,True,True,False,False,False,False,False,False,True,True,False,False,False,False,False,False,False,False
9019,2021-11-11,2021-11-06,500.0,500.0,5.0,2021-03-13,,2021-11-06,,,243.0,,5.0,,,False,False,False,False,False,False,False,False,True,True,True,True,False,False,False,False,False,False,False,False
9021,2021-02-16,2021-02-01,500.0,500.0,15.0,2020-12-21,,2021-02-01,,,57.0,,15.0,,,False,False,True,True,False,False,False,False,False,True,True,True,False,False,False,False,False,False,False,False
9025,2021-08-11,2021-04-29,500.0,500.0,104.0,2021-01-06,,2021-04-29,,,217.0,,104.0,,,False,False,False,False,False,False,False,False,False,False,False,True,False,False,False,False,False,False,False,False
9026,2021-12-23,2021-12-13,500.0,500.0,10.0,2021-11-05,,2021-12-13,,,48.0,,10.0,,,False,False,True,True,False,False,False,False,False,True,True,True,False,False,False,False,False,False,False,False
9027,2021-03-29,2021-02-08,100.0,100.0,49.0,2021-02-08,,2020-11-25,,2020-12-12,49.0,,124.0,,107.0,False,False,True,True,False,False,False,False,False,False,False,True,False,False,False,False,False,False,False,True
9027,2021-11-20,2021-03-29,5000.0,100.0,285.0,2021-02-08,,2020-11-25,,2020-12-12,285.0,,360.0,,343.0,False,False,False,False,False,False,False,False,False,False,False,False,False,False,False,False,False,False,False,False
9028,2021-04-03,2021-03-22,100.0,100.0,12.0,2021-03-22,,2020-12-01,,,12.0,,123.0,,,False,True,True,True,False,False,False,False,False,False,False,True,False,False,False,False,False,False,False,False
9028,2021-12-14,2021-11-18,100.0,100.0,26.0,2021-11-18,,2021-10-16,2021-08-20,,26.0,,59.0,116.0,,False,True,True,True,False,False,False,False,False,False,True,True,False,False,False,True,False,False,False,False
9034,2021-05-11,2021-04-16,100.0,100.0,25.0,2021-04-16,,2020-09-28,,,25.0,,225.0,,,False,True,True,True,False,False,False,False,False,False,False,False,False,False,False,False,False,False,False,False
9038,2021-11-05,2021-10-25,100.0,100.0,11.0,2021-10-25,,2021-04-01,2021-04-16,,11.0,,218.0,203.0,,False,True,True,True,False,False,False,False,False,False,False,False,False,False,False,False,False,False,False,False
9041,2021-02-05,2020-09-28,500.0,500.0,130.0,,,2020-09-28,,,,,130.0,,,False,False,False,False,False,False,False,False,False,False,False,True,False,False,False,False,False,False,False,False
9043,2021-10-15,2021-09-18,100.0,100.0,27.0,2021-09-18,,,,,27.0,,,,,False,True,True,True,False,False,False,False,False,False,False,False,False,False,False,False,False,False,False,False
9043,2021-11-02,2021-10-15,5000.0,100.0,45.0,2021-09-18,,,,,45.0,,,,,False,False,True,True,False,False,False,False,False,False,False,False,False,False,False,False,False,False,False,False
9047,2021-11-29,2021-10-06,500.0,500.0,54.0,2021-03-12,,2021-10-06,2020-09-24,,262.0,,54.0,431.0,,False,False,False,False,False,False,False,False,False,False,True,True,False,False,False,False,False,False,False,False
9051,2021-11-02,2021-10-13,1000.0,1000.0,20.0,,,2021-02-17,2021-10-13,,,,258.0,20.0,,False,False,False,False,False,False,False,False,False,False,False,False,False,True,True,True,False,False,False,False
9054,2021-11-03,2021-08-20,1000.0,1000.0,75.0,2021-01-16,,2021-04-23,2021-08-20,2021-02-01,291.0,,194.0,75.0,275.0,False,False,False,False,False,False,False,False,False,False,False,False,False,False,True,True,False,False,False,False
9060,2021-01-08,2020-12-29,200.0,200.0,10.0,,2020-12-29,2020-09-04,,,,10.0,126.0,,,False,False,False,False,False,True,True,True,False,False,False,True,False,False,False,False,False,False,False,False
9061,2021-10-12,2021-09-08,500.0,500.0,34.0,2021-09-03,,2021-09-08,2021-02-08,,39.0,,34.0,246.0,,False,False,True,True,False,False,False,False,False,False,True,True,False,False,False,False,False,False,False,False
9065,2021-12-18,2021-12-09,100.0,100.0,9.0,2021-12-09,,2020-09-22,2021-11-03,,9.0,,452.0,45.0,,False,True,True,True,False,False,False,False,False,False,False,False,False,False,True,True,False,False,False,False
9069,2021-03-19,2021-03-08,100.0,100.0,11.0,2021-03-08,,2020-12-18,,,11.0,,91.0,,,False,True,True,True,False,False,False,False,False,False,False,True,False,False,False,False,False,False,False,False
9077,2021-04-09,2021-02-06,2000.0,2000.0,62.0,2020-12-19,,,,2021-02-06,111.0,,,,62.0,False,False,False,True,False,False,False,False,False,False,False,False,False,False,False,False,False,False,True,True
9078,2021-12-27,2021-11-20,100.0,100.0,37.0,2021-11-20,,2021-02-12,2021-04-15,,37.0,,318.0,256.0,,False,False,True,True,False,False,False,False,False,False,False,False,False,False,False,False,False,False,False,False
9079,2021-03-06,2021-02-24,100.0,100.0,10.0,2021-02-24,,,,,10.0,,,,,False,True,True,True,False,False,False,False,False,False,False,False,False,False,False,False,False,False,False,False
9079,2021-12-20,2021-12-16,500.0,500.0,4.0,2021-09-14,,2021-12-16,,,97.0,,4.0,,,False,False,False,True,False,False,False,False,True,True,True,True,False,False,False,False,False,False,False,False
9082,2021-08-25,2021-04-15,500.0,500.0,132.0,2021-01-29,,2021-04-15,,,208.0,,132.0,,,False,False,False,False,False,False,False,False,False,False,False,True,False,False,False,False,False,False,False,False
9087,2021-01-20,2020-08-11,500.0,500.0,162.0,,,2020-08-11,,,,,162.0,,,False,False,False,False,False,False,False,False,False,False,False,True,False,False,False,False,False,False,False,False
9087,2021-07-27,2021-03-15,100.0,100.0,134.0,2021-03-15,,2021-02-19,,,134.0,,158.0,,,False,False,False,True,False,False,False,False,False,False,False,True,False,False,False,False,False,False,False,False
9091,2021-09-06,2021-04-02,500.0,500.0,157.0,2021-03-22,,2021-04-02,2021-02-17,,168.0,,157.0,201.0,,False,False,False,True,False,False,False,False,False,False,False,True,False,False,False,False,False,False,False,False
9092,2021-10-12,2021-10-09,100.0,100.0,3.0,2021-10-09,,2021-04-28,2021-04-16,,3.0,,167.0,179.0,,True,True,True,True,False,False,False,False,False,False,False,True,False,False,False,True,False,False,False,False
9093,2021-04-20,2021-04-13,100.0,100.0,7.0,2021-04-13,,2021-04-03,2021-03-04,,7.0,,17.0,47.0,,True,True,True,True,False,False,False,False,False,True,True,True,False,False,True,True,False,False,False,False
9097,2021-12-28,2021-12-23,100.0,100.0,5.0,2021-12-23,2021-05-04,2021-03-18,,,5.0,238.0,285.0,,,True,True,True,True,False,False,False,False,False,False,False,False,False,False,False,False,False,False,False,False
9098,2021-01-13,2020-12-01,5000.0,100.0,82.0,2020-10-23,,,,,82.0,,,,,False,False,True,True,False,False,False,False,False,False,False,False,False,False,False,False,False,False,False,False
9100,2021-03-06,2021-02-13,500.0,500.0,21.0,2020-08-07,,2021-02-13,2020-11-13,,211.0,,21.0,113.0,,False,False,False,False,False,False,False,False,False,True,True,True,False,False,False,True,False,False,False,False
9103,2021-02-18,2021-02-08,1000.0,1000.0,10.0,2020-12-09,,2020-12-30,2021-02-08,,71.0,,50.0,10.0,,False,False,True,True,False,False,False,False,False,False,True,True,False,True,True,True,False,False,False,False
9104,2021-03-25,2021-02-01,100.0,100.0,52.0,2021-02-01,,,,,52.0,,,,,False,False,True,True,False,False,False,False,False,False,False,False,False,False,False,False,False,False,False,False
9107,2021-11-09,2021-10-07,100.0,100.0,33.0,2021-10-07,,,2021-03-25,,33.0,,,229.0,,False,False,True,True,False,False,False,False,False,False,False,False,False,False,False,False,False,False,False,False
9110,2021-04-09,2021-02-26,100.0,100.0,42.0,2021-02-26,,2020-11-13,,,42.0,,147.0,,,False,False,True,True,False,False,False,False,False,False,False,True,False,False,False,False,False,False,False,False
9113,2021-08-09,2021-04-08,100.0,100.0,123.0,2021-04-08,,2021-02-22,,,123.0,,168.0,,,False,False,False,True,False,False,False,False,False,False,False,True,False,False,False,False,False,False,False,False
9115,2021-11-08,2021-07-30,100.0,100.0,101.0,2021-07-30,,2020-11-02,,,101.0,,371.0,,,False,False,False,True,False,False,False,False,False,False,False,False,False,False,False,False,False,False,False,False
9117,2021-10-25,2021-10-16,100.0,100.0,9.0,2021-10-16,,2021-04-14,,,9.0,,194.0,,,False,True,True,True,False,False,False,False,False,False,False,False,False,False,False,False,False,False,False,False
9118,2021-04-30,2021-04-22,100.0,100.0,8.0,2021-04-22,,2020-10-26,,,8.0,,186.0,,,False,True,True,True,False,False,False,False,False,False,False,False,False,False,False,False,False,False,False,False
9121,2021-01-01,2020-09-04,500.0,500.0,119.0,2020-07-25,,2020-09-04,,2020-09-02,160.0,,119.0,,121.0,False,False,False,True,False,False,False,False,False,False,False,True,False,False,False,False,False,False,False,True
9121,2021-10-16,2021-08-16,500.0,500.0,61.0,2021-04-29,,2021-08-16,,2020-09-02,170.0,,61.0,,409.0,False,False,False,True,False,False,False,False,False,False,True,True,False,False,False,False,False,False,False,False
9122,2021-04-23,2021-04-15,500.0,500.0,8.0,2021-02-13,,2021-04-15,,,69.0,,8.0,,,False,False,True,True,False,False,False,False,False,True,True,True,False,False,False,False,False,False,False,False
9123,2021-01-15,2020-10-12,5000.0,500.0,167.0,,,2020-08-01,,,,,167.0,,,False,False,False,False,False,False,False,False,False,False,False,True,False,False,False,False,False,False,False,False
9125,2021-03-19,2021-02-01,100.0,100.0,46.0,2021-02-01,2020-08-25,,,,46.0,206.0,,,,False,False,True,True,False,False,False,False,False,False,False,False,False,False,False,False,False,False,False,False
9127,2021-02-20,2020-08-07,100.0,100.0,197.0,2020-08-07,,,,,197.0,,,,,False,False,False,False,False,False,False,False,False,False,False,False,False,False,False,False,False,False,False,False
9127,2021-05-10,2021-03-19,100.0,100.0,52.0,2021-03-19,,,,,52.0,,,,,False,False,True,True,False,False,False,False,False,False,False,False,False,False,False,False,False,False,False,False
9128,2021-12-22,2021-11-15,500.0,500.0,37.0,2021-11-04,,2021-11-15,,,48.0,,37.0,,,False,False,True,True,False,False,False,False,False,False,True,True,False,False,False,False,False,False,False,False
9135,2021-11-05,2021-09-27,100.0,100.0,39.0,2021-09-27,,2020-08-01,2021-05-04,,39.0,,461.0,185.0,,False,False,True,True,False,False,False,False,False,False,False,False,False,False,False,False,False,False,False,False
9136,2021-04-08,2021-03-23,1000.0,1000.0,16.0,,,,2021-03-23,,,,,16.0,,False,False,False,False,False,False,False,False,False,False,False,False,False,True,True,True,False,False,False,False
9136,2021-04-23,2021-04-08,5000.0,1000.0,31.0,,,,2021-03-23,,,,,31.0,,False,False,False,False,False,False,False,False,False,False,False,False,False,False,True,True,False,False,False,False
9139,2021-01-25,2021-01-23,500.0,500.0,2.0,,,2021-01-23,,,,,2.0,,,False,False,False,False,False,False,False,False,True,True,True,True,False,False,False,False,False,False,False,False
9142,2021-02-17,2021-01-05,500.0,500.0,43.0,,,2021-01-05,,,,,43.0,,,False,False,False,False,False,False,False,False,False,False,True,True,False,False,False,False,False,False,False,False
9142,2021-09-07,2021-03-16,200.0,200.0,175.0,2021-02-22,2021-03-16,2021-01-05,2021-03-03,,197.0,175.0,245.0,188.0,,False,False,False,False,False,False,False,True,False,False,False,False,False,False,False,False,False,False,False,False
9144,2021-02-11,2021-01-05,200.0,200.0,37.0,2020-12-11,2021-01-05,,,,62.0,37.0,,,,False,False,True,True,False,False,True,True,False,False,False,False,False,False,False,False,False,False,False,False
9144,2021-02-12,2021-02-11,5000.0,200.0,38.0,2020-12-11,2021-01-05,,,,63.0,38.0,,,,False,False,True,True,False,False,True,True,False,False,False,False,False,False,False,False,False,False,False,False
9144,2021-11-15,2021-10-18,100.0,100.0,28.0,2021-10-18,2021-01-05,2021-08-11,,,28.0,314.0,96.0,,,False,True,True,True,False,False,False,False,False,False,False,True,False,False,False,False,False,False,False,False
9146,2021-02-20,2020-11-06,500.0,500.0,106.0,2020-09-02,,2020-11-06,,,171.0,,106.0,,,False,False,False,True,False,False,False,False,False,False,False,True,False,False,False,False,False,False,False,False
9151,2021-02-12,2021-01-13,500.0,500.0,30.0,2020-11-25,,2021-01-13,,,79.0,,30.0,,,False,False,True,True,False,False,False,False,False,True,True,True,False,False,False,False,False,False,False,False
9152,2021-08-18,2021-04-14,100.0,100.0,126.0,2021-04-14,2021-02-09,2021-03-09,,,126.0,190.0,162.0,,,False,False,False,True,False,False,False,False,False,False,False,True,False,False,False,False,False,False,False,False
9156,2021-11-19,2021-11-01,100.0,100.0,18.0,2021-11-01,,2021-08-09,2021-05-04,,18.0,,102.0,199.0,,False,True,True,True,False,False,False,False,False,False,False,True,False,False,False,False,False,False,False,False
9158,2021-02-11,2020-08-25,100.0,100.0,170.0,2020-08-25,,,,,170.0,,,,,False,False,False,True,False,False,False,False,False,False,False,False,False,False,False,False,False,False,False,False
9164,2021-11-27,2021-11-06,500.0,500.0,21.0,,,2021-11-06,2020-12-30,,,,21.0,332.0,,False,False,False,False,False,False,False,False,False,True,True,True,False,False,False,False,False,False,False,False
9168,2021-10-27,2021-05-12,500.0,500.0,168.0,2021-04-26,,2021-05-12,2020-11-13,,184.0,,168.0,348.0,,False,False,False,False,False,False,False,False,False,False,False,True,False,False,False,False,False,False,False,False
9170,2021-02-20,2021-02-11,500.0,500.0,9.0,,,2021-02-11,,,,,9.0,,,False,False,False,False,False,False,False,False,False,True,True,True,False,False,False,False,False,False,False,False
9171,2021-12-08,2021-03-24,100.0,100.0,259.0,2021-03-24,,2021-01-06,,,259.0,,336.0,,,False,False,False,False,False,False,False,False,False,False,False,False,False,False,False,False,False,False,False,False
9176,2021-04-12,2021-03-27,100.0,100.0,16.0,2021-03-27,,,,,16.0,,,,,False,True,True,True,False,False,False,False,False,False,False,False,False,False,False,False,False,False,False,False
9179,2021-04-26,2021-03-20,100.0,100.0,37.0,2021-03-20,,,2021-01-01,2020-10-03,37.0,,,115.0,205.0,False,False,True,True,False,False,False,False,False,False,False,False,False,False,False,True,False,False,False,False
9180,2021-02-04,2020-12-25,100.0,100.0,41.0,2020-12-25,,,,,41.0,,,,,False,False,True,True,False,False,False,False,False,False,False,False,False,False,False,False,False,False,False,False
9180,2021-04-08,2021-03-20,100.0,100.0,19.0,2021-03-20,,,,,19.0,,,,,False,True,True,True,False,False,False,False,False,False,False,False,False,False,False,False,False,False,False,False
9180,2021-08-11,2021-04-08,5000.0,100.0,144.0,2021-03-20,,,,,144.0,,,,,False,False,False,True,False,False,False,False,False,False,False,False,False,False,False,False,False,False,False,False
9180,2021-12-14,2021-11-10,100.0,100.0,34.0,2021-11-10,,,,,34.0,,,,,False,False,True,True,False,False,False,False,False,False,False,False,False,False,False,False,False,False,False,False
9181,2021-10-11,2021-08-20,1000.0,1000.0,52.0,2021-02-11,,2021-05-10,2021-08-20,,242.0,,154.0,52.0,,False,False,False,False,False,False,False,False,False,False,False,True,False,False,True,True,False,False,False,False
9182,2021-04-21,2021-02-05,500.0,500.0,75.0,2020-11-13,,2021-02-05,,,159.0,,75.0,,,False,False,False,True,False,False,False,False,False,False,True,True,False,False,False,False,False,False,False,False
9182,2021-11-22,2021-09-08,1000.0,1000.0,75.0,2021-04-30,,2021-05-07,2021-09-08,,206.0,,199.0,75.0,,False,False,False,False,False,False,False,False,False,False,False,False,False,False,True,True,False,False,False,False
9184,2021-05-10,2020-10-09,100.0,100.0,213.0,2020-10-09,,,,,213.0,,,,,False,False,False,False,False,False,False,False,False,False,False,False,False,False,False,False,False,False,False,False
9184,2021-12-31,2021-11-12,500.0,500.0,49.0,2020-10-09,,2021-11-12,,,448.0,,49.0,,,False,False,False,False,False,False,False,False,False,False,True,True,False,False,False,False,False,False,False,False
9185,2021-04-16,2021-03-22,100.0,100.0,25.0,2021-03-22,,,,,25.0,,,,,False,True,True,True,False,False,False,False,False,False,False,False,False,False,False,False,False,False,False,False
9189,2021-11-02,2021-10-12,100.0,100.0,21.0,2021-10-12,,2021-03-16,,,21.0,,231.0,,,False,True,True,True,False,False,False,False,False,False,False,False,False,False,False,False,False,False,False,False
9190,2021-12-24,2021-11-15,1000.0,1000.0,39.0,2021-10-13,,2021-10-06,2021-11-15,2021-02-01,72.0,,79.0,39.0,326.0,False,False,True,True,False,False,False,False,False,False,True,True,False,False,True,True,False,False,False,False
9191,2021-01-30,2021-01-11,100.0,100.0,19.0,2021-01-11,,,,,19.0,,,,,False,True,True,True,False,False,False,False,False,False,False,False,False,False,False,False,False,False,False,False
9193,2021-02-12,2020-10-09,500.0,500.0,126.0,,,2020-10-09,,,,,126.0,,,False,False,False,False,False,False,False,False,False,False,False,True,False,False,False,False,False,False,False,False
9203,2021-03-18,2021-01-12,100.0,100.0,65.0,2021-01-12,,,,,65.0,,,,,False,False,True,True,False,False,False,False,False,False,False,False,False,False,False,False,False,False,False,False
9205,2021-12-13,2021-11-02,200.0,200.0,41.0,,2021-11-02,2021-04-08,2020-09-24,,,41.0,249.0,445.0,,False,False,False,False,False,False,True,True,False,False,False,False,False,False,False,False,False,False,False,False
9207,2021-02-22,2020-12-08,500.0,500.0,76.0,2020-12-04,,2020-12-08,2020-11-09,,80.0,,76.0,105.0,,False,False,True,True,False,False,False,False,False,False,True,True,False,False,False,True,False,False,False,False
9208,2021-03-25,2021-02-04,100.0,100.0,49.0,2021-02-04,,2021-01-12,,,49.0,,72.0,,,False,False,True,True,False,False,False,False,False,False,True,True,False,False,False,False,False,False,False,False
9211,2021-03-23,2021-01-15,100.0,100.0,67.0,2021-01-15,,,,2020-09-26,67.0,,,,178.0,False,False,True,True,False,False,False,False,False,False,False,False,False,False,False,False,False,False,False,True
9214,2021-03-19,2021-01-27,100.0,100.0,51.0,2021-01-27,,,,,51.0,,,,,False,False,True,True,False,False,False,False,False,False,False,False,False,False,False,False,False,False,False,False
9215,2021-01-20,2021-01-19,1000.0,1000.0,1.0,,,,2021-01-19,,,,,1.0,,False,False,False,False,False,False,False,False,False,False,False,False,True,True,True,True,False,False,False,False
9216,2021-12-15,2021-11-15,500.0,500.0,30.0,2021-03-17,,2021-11-15,,,273.0,,30.0,,,False,False,False,False,False,False,False,False,False,True,True,True,False,False,False,False,False,False,False,False
9217,2021-03-15,2020-10-05,100.0,100.0,161.0,2020-10-05,,2020-09-30,,,161.0,,166.0,,,False,False,False,True,False,False,False,False,False,False,False,True,False,False,False,False,False,False,False,False
9219,2021-01-19,2021-01-16,100.0,100.0,3.0,2021-01-16,,2020-11-16,,,3.0,,64.0,,,True,True,True,True,False,False,False,False,False,False,True,True,False,False,False,False,False,False,False,False
9220,2021-03-25,2021-02-24,1000.0,1000.0,29.0,2021-02-09,,2020-12-02,2021-02-24,,44.0,,113.0,29.0,,False,False,True,True,False,False,False,False,False,False,False,True,False,True,True,True,False,False,False,False
9220,2021-10-06,2021-09-01,500.0,500.0,35.0,2021-02-09,,2021-09-01,2021-04-14,,239.0,,35.0,175.0,,False,False,False,False,False,False,False,False,False,False,True,True,False,False,False,True,False,False,False,False
9227,2021-04-30,2021-04-02,100.0,100.0,28.0,2021-04-02,,2021-02-17,2021-01-23,,28.0,,72.0,97.0,,False,True,True,True,False,False,False,False,False,False,True,True,False,False,False,True,False,False,False,False
9229,2021-01-19,2020-12-01,100.0,100.0,49.0,2020-12-01,,2020-10-21,2020-10-16,,49.0,,90.0,95.0,,False,False,True,True,False,False,False,False,False,False,True,True,False,False,False,True,False,False,False,False
9229,2021-12-22,2021-09-28,500.0,500.0,85.0,2020-12-01,,2021-09-28,2020-10-16,,386.0,,85.0,432.0,,False,False,False,False,False,False,False,False,False,False,True,True,False,False,False,False,False,False,False,False
9231,2021-03-16,2021-02-27,2000.0,2000.0,17.0,2021-02-24,,,,2021-02-27,20.0,,,,17.0,False,True,True,True,False,False,False,False,False,False,False,False,False,False,False,False,False,True,True,True
9238,2021-04-24,2021-02-11,500.0,500.0,72.0,2020-12-22,,2021-02-11,,,123.0,,72.0,,,False,False,False,True,False,False,False,False,False,False,True,True,False,False,False,False,False,False,False,False
9242,2021-04-08,2020-12-23,100.0,100.0,106.0,2020-12-23,,,,2020-12-07,106.0,,,,122.0,False,False,False,True,False,False,False,False,False,False,False,False,False,False,False,False,False,False,False,True
9248,2021-01-22,2020-11-09,500.0,500.0,74.0,2020-10-23,,2020-11-09,,,91.0,,74.0,,,False,False,False,True,False,False,False,False,False,False,True,True,False,False,False,False,False,False,False,False
9249,2021-04-16,2021-03-09,200.0,200.0,38.0,2020-10-26,2021-03-09,,,,172.0,38.0,,,,False,False,False,True,False,False,True,True,False,False,False,False,False,False,False,False,False,False,False,False
9250,2021-10-20,2021-04-21,500.0,500.0,182.0,2021-03-31,2021-02-09,2021-04-21,,,203.0,253.0,182.0,,,False,False,False,False,False,False,False,False,False,False,False,False,False,False,False,False,False,False,False,False
9255,2021-01-29,2021-01-23,100.0,100.0,6.0,2021-01-23,,2020-12-19,,,6.0,,41.0,,,True,True,True,True,False,False,False,False,False,False,True,True,False,False,False,False,False,False,False,False
9256,2021-01-27,2021-01-16,500.0,500.0,11.0,2020-11-16,2021-01-12,2021-01-16,,,72.0,15.0,11.0,,,False,False,True,True,False,True,True,True,False,True,True,True,False,False,False,False,False,False,False,False
9258,2021-03-22,2021-03-04,500.0,500.0,18.0,2020-10-19,,2021-03-04,,,154.0,,18.0,,,False,False,False,True,False,False,False,False,False,True,True,True,False,False,False,False,False,False,False,False
9260,2021-04-29,2021-01-08,500.0,500.0,111.0,2020-12-19,,2021-01-08,,,131.0,,111.0,,,False,False,False,True,False,False,False,False,False,False,False,True,False,False,False,False,False,False,False,False
9264,2021-03-18,2021-03-01,100.0,100.0,17.0,2021-03-01,,2020-09-08,,,17.0,,191.0,,,False,True,True,True,False,False,False,False,False,False,False,False,False,False,False,False,False,False,False,False
9273,2021-01-08,2020-12-01,100.0,100.0,38.0,2020-12-01,,,,,38.0,,,,,False,False,True,True,False,False,False,False,False,False,False,False,False,False,False,False,False,False,False,False
9274,2021-03-20,2021-03-16,100.0,100.0,4.0,2021-03-16,,2020-12-18,,,4.0,,92.0,,,True,True,True,True,False,False,False,False,False,False,False,True,False,False,False,False,False,False,False,False
9274,2021-07-30,2021-07-23,100.0,100.0,7.0,2021-07-23,,2021-04-02,,,7.0,,119.0,,,True,True,True,True,False,False,False,False,False,False,False,True,False,False,False,False,False,False,False,False
9275,2021-02-20,2021-01-19,100.0,100.0,32.0,2021-01-19,,2021-01-01,,,32.0,,50.0,,,False,False,True,True,False,False,False,False,False,False,True,True,False,False,False,False,False,False,False,False
9278,2021-11-27,2021-11-24,100.0,100.0,3.0,2021-11-24,,2021-09-22,2021-09-29,,3.0,,66.0,59.0,,True,True,True,True,False,False,False,False,False,False,True,True,False,False,True,True,False,False,False,False
9279,2021-03-15,2021-03-12,100.0,100.0,3.0,2021-03-12,2021-03-02,2020-12-08,,,3.0,13.0,97.0,,,True,True,True,True,False,True,True,True,False,False,False,True,False,False,False,False,False,False,False,False
9280,2021-12-27,2021-11-11,1000.0,1000.0,46.0,2021-09-30,,2021-08-16,2021-11-11,,88.0,,133.0,46.0,,False,False,True,True,False,False,False,False,False,False,False,True,False,False,True,True,False,False,False,False
9282,2021-04-21,2021-04-19,1000.0,1000.0,2.0,2020-07-18,2021-02-09,2021-03-18,2021-04-19,2021-04-17,277.0,71.0,34.0,2.0,4.0,False,False,False,False,False,False,True,True,False,False,True,True,True,True,True,True,True,True,True,True
9288,2021-12-10,2021-04-30,100.0,100.0,224.0,2021-04-30,,2021-03-29,,,224.0,,256.0,,,False,False,False,False,False,False,False,False,False,False,False,False,False,False,False,False,False,False,False,False
9290,2021-08-13,2021-04-01,500.0,500.0,134.0,2021-03-05,,2021-04-01,2020-09-16,,161.0,,134.0,331.0,,False,False,False,True,False,False,False,False,False,False,False,True,False,False,False,False,False,False,False,False
9292,2021-04-08,2021-03-10,500.0,500.0,29.0,2021-02-01,,2021-03-10,,,66.0,,29.0,,,False,False,True,True,False,False,False,False,False,True,True,True,False,False,False,False,False,False,False,False
9292,2021-08-06,2021-05-06,100.0,100.0,92.0,2021-05-06,,2021-03-10,,,92.0,,149.0,,,False,False,False,True,False,False,False,False,False,False,False,True,False,False,False,False,False,False,False,False
9293,2021-02-02,,,,,,,,,,,,,,,False,False,False,False,False,False,False,False,False,False,False,False,False,False,False,False,False,False,False,False
9293,2021-03-01,2021-02-06,2000.0,2000.0,23.0,,,,,2021-02-06,,,,,23.0,False,False,False,False,False,False,False,False,False,False,False,False,False,False,False,False,False,True,True,True
9300,2021-10-19,2021-10-14,1000.0,1000.0,5.0,2021-09-17,,2021-05-06,2021-10-14,,32.0,,166.0,5.0,,False,False,True,True,False,False,False,False,False,False,False,True,True,True,True,True,False,False,False,False
9304,2021-09-30,2021-04-05,500.0,500.0,178.0,2021-03-16,,2021-04-05,,,198.0,,178.0,,,False,False,False,False,False,False,False,False,False,False,False,True,False,False,False,False,False,False,False,False
9306,2021-11-26,2021-11-09,500.0,500.0,17.0,2021-04-07,,2021-11-09,,,233.0,,17.0,,,False,False,False,False,False,False,False,False,False,True,True,True,False,False,False,False,False,False,False,False
9308,2021-08-06,2021-04-02,500.0,500.0,126.0,,,2021-04-02,,,,,126.0,,,False,False,False,False,False,False,False,False,False,False,False,True,False,False,False,False,False,False,False,False
9310,2021-02-16,2020-12-09,5000.0,,,,,,,,,,,,,False,False,False,False,False,False,False,False,False,False,False,False,False,False,False,False,False,False,False,False
9311,2021-04-24,2021-02-19,500.0,500.0,64.0,2021-01-04,,2021-02-19,,,110.0,,64.0,,,False,False,False,True,False,False,False,False,False,False,True,True,False,False,False,False,False,False,False,False
9312,2021-08-09,2021-04-15,500.0,500.0,116.0,,,2021-04-15,,,,,116.0,,,False,False,False,False,False,False,False,False,False,False,False,True,False,False,False,False,False,False,False,False
9314,2021-03-02,2020-12-02,100.0,100.0,90.0,2020-12-02,,2020-10-30,2020-10-23,,90.0,,123.0,130.0,,False,False,True,True,False,False,False,False,False,False,False,True,False,False,False,True,False,False,False,False
9320,2021-04-22,2021-04-20,100.0,100.0,2.0,2021-04-20,,2021-04-03,2021-02-01,,2.0,,19.0,80.0,,True,True,True,True,False,False,False,False,False,True,True,True,False,False,True,True,False,False,False,False
9323,2021-12-14,2021-10-08,500.0,500.0,67.0,2021-04-13,,2021-10-08,,,245.0,,67.0,,,False,False,False,False,False,False,False,False,False,False,True,True,False,False,False,False,False,False,False,False
9324,2021-02-25,2020-10-12,100.0,100.0,136.0,2020-10-12,,2020-09-08,,,136.0,,170.0,,,False,False,False,True,False,False,False,False,False,False,False,True,False,False,False,False,False,False,False,False
9325,2021-03-16,2020-12-12,500.0,500.0,94.0,,,2020-12-12,,,,,94.0,,,False,False,False,False,False,False,False,False,False,False,False,True,False,False,False,False,False,False,False,False
9325,2021-10-20,2021-04-28,1000.0,1000.0,175.0,,,2020-12-12,2021-04-28,,,,312.0,175.0,,False,False,False,False,False,False,False,False,False,False,False,False,False,False,False,True,False,False,False,False
9331,2021-08-25,2021-07-27,500.0,500.0,29.0,2021-04-09,,2021-07-27,,,138.0,,29.0,,,False,False,False,True,False,False,False,False,False,True,True,True,False,False,False,False,False,False,False,False
9331,2021-10-20,2021-08-25,5000.0,500.0,85.0,2021-04-09,,2021-07-27,,,194.0,,85.0,,,False,False,False,False,False,False,False,False,False,False,True,True,False,False,False,False,False,False,False,False
9332,2021-03-20,2021-03-17,100.0,100.0,3.0,2021-03-17,,2020-12-12,2020-10-09,,3.0,,98.0,162.0,,True,True,True,True,False,False,False,False,False,False,False,True,False,False,False,True,False,False,False,False
9336,2021-02-08,2020-11-13,1000.0,1000.0,87.0,,,,2020-11-13,,,,,87.0,,False,False,False,False,False,False,False,False,False,False,False,False,False,False,True,True,False,False,False,False
9337,2021-04-27,2021-04-19,500.0,500.0,8.0,,,2021-04-19,,,,,8.0,,,False,False,False,False,False,False,False,False,False,True,True,True,False,False,False,False,False,False,False,False
9338,2021-10-30,2021-07-27,100.0,100.0,95.0,2021-07-27,,2021-04-28,,,95.0,,185.0,,,False,False,False,True,False,False,False,False,False,False,False,False,False,False,False,False,False,False,False,False
9345,2021-04-12,2021-03-02,100.0,100.0,41.0,2021-03-02,,,,,41.0,,,,,False,False,True,True,False,False,False,False,False,False,False,False,False,False,False,False,False,False,False,False
9348,2021-08-13,2021-03-30,500.0,500.0,136.0,,,2021-03-30,2021-03-24,,,,136.0,142.0,,False,False,False,False,False,False,False,False,False,False,False,True,False,False,False,True,False,False,False,False
9348,2021-09-29,2021-08-13,5000.0,500.0,183.0,,,2021-03-30,2021-03-24,,,,183.0,189.0,,False,False,False,False,False,False,False,False,False,False,False,False,False,False,False,False,False,False,False,False
9349,2021-11-25,2021-11-08,1000.0,1000.0,17.0,,,2021-10-08,2021-11-08,2021-11-06,,,48.0,17.0,19.0,False,False,False,False,False,False,False,False,False,False,True,True,False,True,True,True,False,True,True,True
9350,2021-12-13,2021-10-06,500.0,500.0,68.0,2021-09-04,,2021-10-06,2021-02-12,,100.0,,68.0,304.0,,False,False,False,True,False,False,False,False,False,False,True,True,False,False,False,False,False,False,False,False
9353,2021-11-03,2021-10-23,100.0,100.0,11.0,2021-10-23,,2021-04-13,2021-04-27,2021-04-03,11.0,,204.0,190.0,214.0,False,True,True,True,False,False,False,False,False,False,False,False,False,False,False,False,False,False,False,False
9354,2021-05-12,2021-04-14,100.0,100.0,28.0,2021-04-14,,2021-03-09,,2020-08-01,28.0,,64.0,,284.0,False,True,True,True,False,False,False,False,False,False,True,True,False,False,False,False,False,False,False,False
9355,2021-01-06,2021-01-02,500.0,500.0,4.0,2020-08-05,,2021-01-02,,,154.0,,4.0,,,False,False,False,True,False,False,False,False,True,True,True,True,False,False,False,False,False,False,False,False
9355,2021-04-10,2021-01-06,5000.0,500.0,98.0,2020-08-05,,2021-01-02,,,248.0,,98.0,,,False,False,False,False,False,False,False,False,False,False,False,True,False,False,False,False,False,False,False,False
9356,2021-01-22,2020-12-18,1000.0,1000.0,35.0,2020-09-24,,2020-11-18,2020-12-18,,120.0,,65.0,35.0,,False,False,False,True,False,False,False,False,False,False,True,True,False,False,True,True,False,False,False,False
9356,2021-09-09,2021-09-02,1000.0,1000.0,7.0,2021-09-01,,2020-11-18,2021-09-02,,8.0,,295.0,7.0,,False,True,True,True,False,False,False,False,False,False,False,False,True,True,True,True,False,False,False,False
9359,2021-10-01,2021-09-20,500.0,500.0,11.0,2021-03-25,,2021-09-20,2021-03-12,,190.0,,11.0,203.0,,False,False,False,False,False,False,False,False,False,True,True,True,False,False,False,False,False,False,False,False
9364,2021-04-30,2021-03-22,100.0,100.0,39.0,2021-03-22,,2020-08-03,,,39.0,,270.0,,,False,False,True,True,False,False,False,False,False,False,False,False,False,False,False,False,False,False,False,False
9365,2021-12-27,2021-12-09,1000.0,1000.0,18.0,2021-11-22,,2021-05-11,2021-12-09,,35.0,,230.0,18.0,,False,False,True,True,False,False,False,False,False,False,False,False,False,True,True,True,False,False,False,False
9366,2021-12-11,2021-09-25,1000.0,1000.0,77.0,2020-07-25,,2021-08-30,2021-09-25,,504.0,,103.0,77.0,,False,False,False,False,False,False,False,False,False,False,False,True,False,False,True,True,False,False,False,False
9367,2021-10-26,2021-09-29,100.0,100.0,27.0,2021-09-29,,,2021-03-10,,27.0,,,230.0,,False,True,True,True,False,False,False,False,False,False,False,False,False,False,False,False,False,False,False,False
9369,2021-01-30,2021-01-27,100.0,100.0,3.0,2021-01-27,,,,,3.0,,,,,True,True,True,True,False,False,False,False,False,False,False,False,False,False,False,False,False,False,False,False
9370,2021-02-26,2021-01-30,500.0,500.0,27.0,2020-10-23,,2021-01-30,2020-10-21,,126.0,,27.0,128.0,,False,False,False,True,False,False,False,False,False,True,True,True,False,False,False,True,False,False,False,False
9374,2021-02-01,2020-09-22,100.0,100.0,132.0,2020-09-22,,,,,132.0,,,,,False,False,False,True,False,False,False,False,False,False,False,False,False,False,False,False,False,False,False,False
9374,2021-05-05,2021-04-26,1000.0,1000.0,9.0,2021-04-13,,,2021-04-26,,22.0,,,9.0,,False,True,True,True,False,False,False,False,False,False,False,False,False,True,True,True,False,False,False,False
9375,2021-03-25,2021-03-17,100.0,100.0,8.0,2021-03-17,2021-03-09,2021-02-24,,,8.0,16.0,29.0,,,False,True,True,True,False,True,True,True,False,True,True,True,False,False,False,False,False,False,False,False
9378,2021-08-06,2021-05-10,100.0,100.0,88.0,2021-05-10,2020-09-22,2020-09-26,2021-02-24,,88.0,318.0,314.0,163.0,,False,False,True,True,False,False,False,False,False,False,False,False,False,False,False,True,False,False,False,False
9378,2021-11-06,2021-11-02,100.0,100.0,4.0,2021-11-02,2020-09-22,2020-09-26,2021-10-14,,4.0,410.0,406.0,23.0,,True,True,True,True,False,False,False,False,False,False,False,False,False,True,True,True,False,False,False,False
9380,2021-03-27,2021-03-25,500.0,500.0,2.0,2020-09-22,,2021-03-25,2021-02-13,,186.0,,2.0,42.0,,False,False,False,False,False,False,False,False,True,True,True,True,False,False,True,True,False,False,False,False
9380,2021-10-09,2021-09-07,100.0,100.0,32.0,2021-09-07,,2021-03-25,2021-02-13,,32.0,,198.0,238.0,,False,False,True,True,False,False,False,False,False,False,False,False,False,False,False,False,False,False,False,False
9388,2021-12-11,2021-10-28,100.0,100.0,44.0,2021-10-28,,,,,44.0,,,,,False,False,True,True,False,False,False,False,False,False,False,False,False,False,False,False,False,False,False,False
9389,2021-07-23,2021-03-08,500.0,500.0,137.0,2020-09-22,,2021-03-08,,,304.0,,137.0,,,False,False,False,False,False,False,False,False,False,False,False,True,False,False,False,False,False,False,False,False
9391,2021-01-13,2020-12-21,100.0,100.0,23.0,2020-12-21,,2020-08-27,,,23.0,,139.0,,,False,True,True,True,False,False,False,False,False,False,False,True,False,False,False,False,False,False,False,False
9393,2021-12-10,2021-04-28,100.0,100.0,226.0,2021-04-28,,,2021-03-18,,226.0,,,267.0,,False,False,False,False,False,False,False,False,False,False,False,False,False,False,False,False,False,False,False,False
9394,2021-09-04,2021-08-04,100.0,100.0,31.0,2021-08-04,,2021-03-23,,,31.0,,165.0,,,False,False,True,True,False,False,False,False,False,False,False,True,False,False,False,False,False,False,False,False
9395,2021-10-20,2021-10-16,500.0,500.0,4.0,2021-04-23,,2021-10-16,,,180.0,,4.0,,,False,False,False,True,False,False,False,False,True,True,True,True,False,False,False,False,False,False,False,False
9397,2021-10-26,2021-08-16,1000.0,1000.0,71.0,2021-04-09,,,2021-08-16,,200.0,,,71.0,,False,False,False,False,False,False,False,False,False,False,False,False,False,False,True,True,False,False,False,False
9399,2021-01-11,,,,,,,,,,,,,,,False,False,False,False,False,False,False,False,False,False,False,False,False,False,False,False,False,False,False,False
9406,2021-04-05,2021-03-30,100.0,100.0,6.0,2021-03-30,,,2021-02-23,,6.0,,,41.0,,True,True,True,True,False,False,False,False,False,False,False,False,False,False,True,True,False,False,False,False
9408,2021-08-27,2021-04-13,500.0,500.0,136.0,,,2021-04-13,,,,,136.0,,,False,False,False,False,False,False,False,False,False,False,False,True,False,False,False,False,False,False,False,False
9413,2021-10-28,2021-07-23,100.0,100.0,97.0,2021-07-23,,2020-12-12,,,97.0,,320.0,,,False,False,False,True,False,False,False,False,False,False,False,False,False,False,False,False,False,False,False,False
9415,2021-12-22,2021-12-20,100.0,100.0,2.0,2021-12-20,2021-04-13,2021-09-03,,,2.0,253.0,110.0,,,True,True,True,True,False,False,False,False,False,False,False,True,False,False,False,False,False,False,False,False
9417,2021-10-15,2020-07-11,500.0,500.0,461.0,,,2020-07-11,,,,,461.0,,,False,False,False,False,False,False,False,False,False,False,False,False,False,False,False,False,False,False,False,False
9417,2021-12-22,2021-10-15,5000.0,500.0,529.0,,,2020-07-11,,,,,529.0,,,False,False,False,False,False,False,False,False,False,False,False,False,False,False,False,False,False,False,False,False
9418,2021-11-27,2020-12-11,5000.0,,,,,,,,,,,,,False,False,False,False,False,False,False,False,False,False,False,False,False,False,False,False,False,False,False,False
9419,2021-08-16,2021-04-23,500.0,500.0,115.0,,,2021-04-23,,,,,115.0,,,False,False,False,False,False,False,False,False,False,False,False,True,False,False,False,False,False,False,False,False
9421,2021-09-16,2021-08-25,100.0,100.0,22.0,2021-08-25,,2021-03-03,,2020-12-01,22.0,,197.0,,289.0,False,True,True,True,False,False,False,False,False,False,False,False,False,False,False,False,False,False,False,False
9422,2021-10-27,2021-03-22,100.0,100.0,219.0,2021-03-22,,,,,219.0,,,,,False,False,False,False,False,False,False,False,False,False,False,False,False,False,False,False,False,False,False,False
9428,2021-02-04,2020-11-27,100.0,100.0,69.0,2020-11-27,,2020-11-09,,,69.0,,87.0,,,False,False,True,True,False,False,False,False,False,False,True,True,False,False,False,False,False,False,False,False
9429,2021-03-04,2020-12-29,100.0,100.0,65.0,2020-12-29,,2020-09-30,,,65.0,,155.0,,,False,False,True,True,False,False,False,False,False,False,False,True,False,False,False,False,False,False,False,False
9429,2021-04-09,2021-03-18,500.0,500.0,22.0,2020-12-29,,2021-03-18,,,101.0,,22.0,,,False,False,False,True,False,False,False,False,False,True,True,True,False,False,False,False,False,False,False,False
9434,2021-10-09,2021-09-16,100.0,100.0,23.0,2021-09-16,,,2020-10-21,,23.0,,,353.0,,False,True,True,True,False,False,False,False,False,False,False,False,False,False,False,False,False,False,False,False
9435,2021-10-07,2021-08-27,500.0,500.0,41.0,2020-12-26,,2021-08-27,,,285.0,,41.0,,,False,False,False,False,False,False,False,False,False,False,True,True,False,False,False,False,False,False,False,False
9437,2021-03-23,2021-02-26,1000.0,1000.0,25.0,2021-01-09,,2020-09-28,2021-02-26,,73.0,,176.0,25.0,,False,False,True,True,False,False,False,False,False,False,False,True,False,True,True,True,False,False,False,False
9439,2021-03-27,2021-01-02,100.0,100.0,84.0,2021-01-02,,,2020-10-07,2020-11-18,84.0,,,171.0,129.0,False,False,True,True,False,False,False,False,False,False,False,False,False,False,False,True,False,False,False,True
9442,2021-08-04,2021-04-16,100.0,100.0,110.0,2021-04-16,,2021-04-12,,,110.0,,114.0,,,False,False,False,True,False,False,False,False,False,False,False,True,False,False,False,False,False,False,False,False
9444,2021-02-11,2021-02-04,100.0,100.0,7.0,2021-02-04,,,,,7.0,,,,,True,True,True,True,False,False,False,False,False,False,False,False,False,False,False,False,False,False,False,False
9446,2021-12-10,2021-10-22,1000.0,1000.0,49.0,2021-07-30,2021-02-16,2021-08-06,2021-10-22,,133.0,297.0,126.0,49.0,,False,False,False,True,False,False,False,False,False,False,False,True,False,False,True,True,False,False,False,False
9449,2021-12-25,2021-12-15,100.0,100.0,10.0,2021-12-15,,2021-11-04,2021-04-14,,10.0,,51.0,255.0,,False,True,True,True,False,False,False,False,False,False,True,True,False,False,False,False,False,False,False,False
9450,2021-09-30,2021-09-23,100.0,100.0,7.0,2021-09-23,,,2021-02-04,2021-02-22,7.0,,,238.0,220.0,True,True,True,True,False,False,False,False,False,False,False,False,False,False,False,False,False,False,False,False
9451,2021-04-14,2021-03-23,500.0,500.0,22.0,2021-01-11,,2021-03-23,,,93.0,,22.0,,,False,False,False,True,False,False,False,False,False,True,True,True,False,False,False,False,False,False,False,False
9452,2021-04-19,2021-04-07,100.0,100.0,12.0,2021-04-07,,2021-03-25,,,12.0,,25.0,,,False,True,True,True,False,False,False,False,False,True,True,True,False,False,False,False,False,False,False,False
9453,2021-09-23,2021-08-27,1000.0,1000.0,27.0,2021-02-24,,2021-03-25,2021-08-27,,211.0,,182.0,27.0,,False,False,False,False,False,False,False,False,False,False,False,False,False,True,True,True,False,False,False,False
9455,2021-01-05,2020-12-12,100.0,100.0,24.0,2020-12-12,,,,,24.0,,,,,False,True,True,True,False,False,False,False,False,False,False,False,False,False,False,False,False,False,False,False
9457,2021-02-16,2021-02-05,100.0,100.0,11.0,2021-02-05,,,,,11.0,,,,,False,True,True,True,False,False,False,False,False,False,False,False,False,False,False,False,False,False,False,False
9458,2021-01-13,2021-01-12,100.0,100.0,1.0,2021-01-12,,,,,1.0,,,,,True,True,True,True,False,False,False,False,False,False,False,False,False,False,False,False,False,False,False,False
9459,2021-10-28,2021-04-29,100.0,100.0,182.0,2021-04-29,,,,,182.0,,,,,False,False,False,False,False,False,False,False,False,False,False,False,False,False,False,False,False,False,False,False
9460,2021-05-04,2021-04-30,100.0,100.0,4.0,2021-04-30,,2021-04-07,2021-04-22,,4.0,,27.0,12.0,,True,True,True,True,False,False,False,False,False,True,True,True,False,True,True,True,False,False,False,False
9464,2021-11-06,2021-04-30,1000.0,1000.0,190.0,2020-12-12,,2020-11-23,2021-04-30,,329.0,,348.0,190.0,,False,False,False,False,False,False,False,False,False,False,False,False,False,False,False,False,False,False,False,False
9473,2021-04-13,2021-03-31,500.0,500.0,13.0,2020-12-04,,2021-03-31,,,130.0,,13.0,,,False,False,False,True,False,False,False,False,False,True,True,True,False,False,False,False,False,False,False,False
9482,2021-11-16,2021-11-05,100.0,100.0,11.0,2021-11-05,,2021-09-14,2021-02-12,,11.0,,63.0,277.0,,False,True,True,True,False,False,False,False,False,False,True,True,False,False,False,False,False,False,False,False
9490,2021-08-13,2021-02-25,100.0,100.0,169.0,2021-02-25,,2021-01-12,,,169.0,,213.0,,,False,False,False,True,False,False,False,False,False,False,False,False,False,False,False,False,False,False,False,False
9502,2021-08-20,2021-08-06,100.0,100.0,14.0,2021-08-06,,,2021-03-24,2021-08-02,14.0,,,149.0,18.0,False,True,True,True,False,False,False,False,False,False,False,False,False,False,False,True,False,True,True,True
9502,2021-12-27,2021-08-20,5000.0,100.0,143.0,2021-08-06,,,2021-03-24,2021-08-02,143.0,,,278.0,147.0,False,False,False,True,False,False,False,False,False,False,False,False,False,False,False,False,False,False,False,True
9505,2021-03-29,2021-03-05,100.0,100.0,24.0,2021-03-05,,2021-01-18,,,24.0,,70.0,,,False,True,True,True,False,False,False,False,False,False,True,True,False,False,False,False,False,False,False,False
9514,2021-02-23,2021-02-12,500.0,500.0,11.0,2021-01-06,,2021-02-12,,,48.0,,11.0,,,False,False,True,True,False,False,False,False,False,True,True,True,False,False,False,False,False,False,False,False
9515,2021-01-27,,,,,,,,,,,,,,,False,False,False,False,False,False,False,False,False,False,False,False,False,False,False,False,False,False,False,False
9515,2021-04-01,2021-01-27,5000.0,,,,,,,,,,,,,False,False,False,False,False,False,False,False,False,False,False,False,False,False,False,False,False,False,False,False
9516,2021-08-13,2021-03-22,100.0,100.0,144.0,2021-03-22,,2021-03-06,,,144.0,,160.0,,,False,False,False,True,False,False,False,False,False,False,False,True,False,False,False,False,False,False,False,False
9517,2021-10-14,2021-05-04,500.0,500.0,163.0,2021-04-20,,2021-05-04,,,177.0,,163.0,,,False,False,False,True,False,False,False,False,False,False,False,True,False,False,False,False,False,False,False,False
9521,2021-11-30,2021-10-05,200.0,200.0,56.0,2021-09-22,2021-10-05,,,,69.0,56.0,,,,False,False,True,True,False,False,True,True,False,False,False,False,False,False,False,False,False,False,False,False
9522,2021-01-29,2020-11-25,5000.0,,,,,,,,,,,,,False,False,False,False,False,False,False,False,False,False,False,False,False,False,False,False,False,False,False,False
9524,2021-09-22,2020-10-14,100.0,100.0,343.0,2020-10-14,,,,,343.0,,,,,False,False,False,False,False,False,False,False,False,False,False,False,False,False,False,False,False,False,False,False
9524,2021-12-08,2021-09-22,5000.0,100.0,420.0,2020-10-14,,,,,420.0,,,,,False,False,False,False,False,False,False,False,False,False,False,False,False,False,False,False,False,False,False,False
9525,2021-12-09,2021-08-04,100.0,100.0,127.0,2021-08-04,,2021-02-10,2020-11-18,,127.0,,302.0,386.0,,False,False,False,True,False,False,False,False,False,False,False,False,False,False,False,False,False,False,False,False
9527,2021-03-06,2021-03-05,100.0,100.0,1.0,2021-03-05,,,,,1.0,,,,,True,True,True,True,False,False,False,False,False,False,False,False,False,False,False,False,False,False,False,False
9529,2021-08-27,2021-01-27,100.0,100.0,212.0,2021-01-27,,2020-12-12,,,212.0,,258.0,,,False,False,False,False,False,False,False,False,False,False,False,False,False,False,False,False,False,False,False,False
9532,2021-08-30,2021-05-10,100.0,100.0,112.0,2021-05-10,,2021-04-17,,,112.0,,135.0,,,False,False,False,True,False,False,False,False,False,False,False,True,False,False,False,False,False,False,False,False
9533,2021-02-06,2021-01-25,500.0,500.0,12.0,2020-12-01,,2021-01-25,,,67.0,,12.0,,,False,False,True,True,False,False,False,False,False,True,True,True,False,False,False,False,False,False,False,False
9533,2021-03-03,2021-02-23,500.0,500.0,8.0,2020-12-01,,2021-02-23,,,92.0,,8.0,,,False,False,False,True,False,False,False,False,False,True,True,True,False,False,False,False,False,False,False,False
9533,2021-05-11,2021-05-10,500.0,500.0,1.0,2021-04-07,2021-03-09,2021-05-10,2021-04-22,,34.0,63.0,1.0,19.0,,False,False,True,True,False,False,True,True,True,True,True,True,False,True,True,True,False,False,False,False
9533,2021-10-23,2021-09-18,100.0,100.0,35.0,2021-09-18,2021-03-09,2021-05-10,2021-09-16,,35.0,228.0,166.0,37.0,,False,False,True,True,False,False,False,False,False,False,False,True,False,False,True,True,False,False,False,False
9535,2021-04-14,2020-08-19,100.0,100.0,238.0,2020-08-19,,2020-08-11,,,238.0,,246.0,,,False,False,False,False,False,False,False,False,False,False,False,False,False,False,False,False,False,False,False,False
9545,2021-04-16,2021-03-23,100.0,100.0,24.0,2021-03-23,,2021-01-04,,,24.0,,102.0,,,False,True,True,True,False,False,False,False,False,False,False,True,False,False,False,False,False,False,False,False
9546,2021-07-23,2021-03-04,1000.0,1000.0,141.0,2020-09-30,,,2021-03-04,,296.0,,,141.0,,False,False,False,False,False,False,False,False,False,False,False,False,False,False,False,True,False,False,False,False
9546,2021-11-05,2021-08-02,100.0,100.0,95.0,2021-08-02,,,2021-03-04,,95.0,,,246.0,,False,False,False,True,False,False,False,False,False,False,False,False,False,False,False,False,False,False,False,False
9557,2021-04-29,2021-04-21,100.0,100.0,8.0,2021-04-21,,,2020-12-01,,8.0,,,149.0,,False,True,True,True,False,False,False,False,False,False,False,False,False,False,False,True,False,False,False,False
9557,2021-10-19,2021-08-11,100.0,100.0,69.0,2021-08-11,,,2020-12-01,,69.0,,,322.0,,False,False,True,True,False,False,False,False,False,False,False,False,False,False,False,False,False,False,False,False
9557,2021-11-30,2021-10-19,5000.0,100.0,111.0,2021-08-11,,,2020-12-01,,111.0,,,364.0,,False,False,False,True,False,False,False,False,False,False,False,False,False,False,False,False,False,False,False,False
9561,2021-02-06,2021-01-20,1000.0,1000.0,17.0,2021-01-13,,,2021-01-20,,24.0,,,17.0,,False,True,True,True,False,False,False,False,False,False,False,False,False,True,True,True,False,False,False,False
9564,2021-04-10,2021-03-20,100.0,100.0,21.0,2021-03-20,2021-02-09,,,,21.0,60.0,,,,False,True,True,True,False,False,True,True,False,False,False,False,False,False,False,False,False,False,False,False
9564,2021-11-19,2021-09-17,500.0,500.0,63.0,2021-04-26,2021-02-09,2021-09-17,,,207.0,283.0,63.0,,,False,False,False,False,False,False,False,False,False,False,True,True,False,False,False,False,False,False,False,False
9571,2021-03-22,2021-03-03,100.0,100.0,19.0,2021-03-03,,,,,19.0,,,,,False,True,True,True,False,False,False,False,False,False,False,False,False,False,False,False,False,False,False,False
9589,2021-11-04,2021-11-03,100.0,100.0,1.0,2021-11-03,,2021-10-29,,,1.0,,6.0,,,True,True,True,True,False,False,False,False,True,True,True,True,False,False,False,False,False,False,False,False
9591,2021-01-15,2020-08-05,100.0,100.0,163.0,2020-08-05,,,,,163.0,,,,,False,False,False,True,False,False,False,False,False,False,False,False,False,False,False,False,False,False,False,False
9592,2021-12-15,2021-11-03,100.0,100.0,42.0,2021-11-03,,2021-01-29,,,42.0,,320.0,,,False,False,True,True,False,False,False,False,False,False,False,False,False,False,False,False,False,False,False,False
9595,2021-01-08,2020-12-30,500.0,500.0,9.0,2020-11-27,,2020-12-30,,2020-10-19,42.0,,9.0,,81.0,False,False,True,True,False,False,False,False,False,True,True,True,False,False,False,False,False,False,True,True
9595,2021-10-16,2021-08-20,500.0,500.0,57.0,2021-04-01,,2021-08-20,,2021-04-07,198.0,,57.0,,192.0,False,False,False,False,False,False,False,False,False,False,True,True,False,False,False,False,False,False,False,False
9597,2021-10-25,2021-09-21,100.0,100.0,34.0,2021-09-21,,2021-04-30,,,34.0,,178.0,,,False,False,True,True,False,False,False,False,False,False,False,True,False,False,False,False,False,False,False,False
9599,2021-11-04,2021-11-03,500.0,500.0,1.0,2021-10-28,,2021-11-03,,2021-02-20,7.0,,1.0,,257.0,True,True,True,True,False,False,False,False,True,True,True,True,False,False,False,False,False,False,False,False
9603,2021-03-18,2020-12-21,500.0,500.0,87.0,2020-10-19,,2020-12-21,,,150.0,,87.0,,,False,False,False,True,False,False,False,False,False,False,True,True,False,False,False,False,False,False,False,False
9608,2021-02-12,2020-11-20,100.0,100.0,84.0,2020-11-20,,,,,84.0,,,,,False,False,True,True,False,False,False,False,False,False,False,False,False,False,False,False,False,False,False,False
9609,2021-09-06,2021-04-02,100.0,100.0,157.0,2021-04-02,,2021-01-27,,,157.0,,222.0,,,False,False,False,True,False,False,False,False,False,False,False,False,False,False,False,False,False,False,False,False
9610,2021-09-30,2021-09-23,500.0,500.0,7.0,2021-01-11,,2021-09-23,,,262.0,,7.0,,,False,False,False,False,False,False,False,False,True,True,True,True,False,False,False,False,False,False,False,False
9612,2021-03-02,2020-10-28,2000.0,2000.0,125.0,2020-10-03,,2020-08-03,,2020-10-28,150.0,,211.0,,125.0,False,False,False,True,False,False,False,False,False,False,False,False,False,False,False,False,False,False,False,True
9615,2021-05-12,2020-12-18,100.0,100.0,145.0,2020-12-18,,,,,145.0,,,,,False,False,False,True,False,False,False,False,False,False,False,False,False,False,False,False,False,False,False,False
9616,2021-01-06,2020-09-04,500.0,500.0,124.0,,,2020-09-04,,,,,124.0,,,False,False,False,False,False,False,False,False,False,False,False,True,False,False,False,False,False,False,False,False
9617,2021-12-15,2021-11-17,100.0,100.0,28.0,2021-11-17,2021-05-04,2021-04-13,,,28.0,225.0,246.0,,,False,True,True,True,False,False,False,False,False,False,False,False,False,False,False,False,False,False,False,False
9619,2021-01-01,2020-08-27,100.0,100.0,127.0,2020-08-27,,,,,127.0,,,,,False,False,False,True,False,False,False,False,False,False,False,False,False,False,False,False,False,False,False,False
9624,2021-12-21,2021-12-08,100.0,100.0,13.0,2021-12-08,,2020-11-06,,,13.0,,410.0,,,False,True,True,True,False,False,False,False,False,False,False,False,False,False,False,False,False,False,False,False
9626,2021-03-30,2021-01-30,100.0,100.0,59.0,2021-01-30,,2020-11-13,,2021-01-02,59.0,,137.0,,87.0,False,False,True,True,False,False,False,False,False,False,False,True,False,False,False,False,False,False,True,True
9627,2021-05-11,2021-02-11,1000.0,1000.0,89.0,2020-09-28,,,2021-02-11,,225.0,,,89.0,,False,False,False,False,False,False,False,False,False,False,False,False,False,False,True,True,False,False,False,False
9629,2021-03-29,2021-03-19,100.0,100.0,10.0,2021-03-19,,2021-03-05,,,10.0,,24.0,,,False,True,True,True,False,False,False,False,False,True,True,True,False,False,False,False,False,False,False,False
9633,2021-09-27,2021-09-06,1000.0,1000.0,21.0,2021-03-13,,,2021-09-06,,198.0,,,21.0,,False,False,False,False,False,False,False,False,False,False,False,False,False,True,True,True,False,False,False,False
9635,2021-12-24,2021-11-25,100.0,100.0,29.0,2021-11-25,,,,,29.0,,,,,False,True,True,True,False,False,False,False,False,False,False,False,False,False,False,False,False,False,False,False
9645,2021-02-06,2021-01-12,100.0,100.0,25.0,2021-01-12,,,,,25.0,,,,,False,True,True,True,False,False,False,False,False,False,False,False,False,False,False,False,False,False,False,False
9645,2021-03-20,2021-02-06,5000.0,100.0,67.0,2021-01-12,,,,,67.0,,,,,False,False,True,True,False,False,False,False,False,False,False,False,False,False,False,False,False,False,False,False
9648,2021-04-10,2021-03-20,100.0,100.0,21.0,2021-03-20,,,,2020-12-23,21.0,,,,108.0,False,True,True,True,False,False,False,False,False,False,False,False,False,False,False,False,False,False,False,True
9648,2021-08-02,2021-04-10,5000.0,100.0,135.0,2021-03-20,,,,2020-12-23,135.0,,,,222.0,False,False,False,True,False,False,False,False,False,False,False,False,False,False,False,False,False,False,False,False
9651,2021-11-17,2021-03-08,100.0,100.0,254.0,2021-03-08,,2020-12-25,,,254.0,,327.0,,,False,False,False,False,False,False,False,False,False,False,False,False,False,False,False,False,False,False,False,False
9654,2021-01-12,,,,,,,,,,,,,,,False,False,False,False,False,False,False,False,False,False,False,False,False,False,False,False,False,False,False,False
9655,2021-09-23,2021-09-13,500.0,500.0,10.0,2021-03-30,,2021-09-13,,,177.0,,10.0,,,False,False,False,True,False,False,False,False,False,True,True,True,False,False,False,False,False,False,False,False
9656,2021-09-25,2021-09-14,100.0,100.0,11.0,2021-09-14,,2021-03-09,,,11.0,,200.0,,,False,True,True,True,False,False,False,False,False,False,False,False,False,False,False,False,False,False,False,False
9658,2021-12-23,2021-11-27,100.0,100.0,26.0,2021-11-27,,2021-01-11,,,26.0,,346.0,,,False,True,True,True,False,False,False,False,False,False,False,False,False,False,False,False,False,False,False,False
9659,2021-11-13,2021-10-26,100.0,100.0,18.0,2021-10-26,2021-02-02,,,,18.0,284.0,,,,False,True,True,True,False,False,False,False,False,False,False,False,False,False,False,False,False,False,False,False
9665,2021-08-02,2021-01-22,500.0,500.0,192.0,2020-12-30,,2021-01-22,,,215.0,,192.0,,,False,False,False,False,False,False,False,False,False,False,False,False,False,False,False,False,False,False,False,False
9667,2021-12-13,2021-09-03,100.0,100.0,101.0,2021-09-03,,2021-03-26,,,101.0,,262.0,,,False,False,False,True,False,False,False,False,False,False,False,False,False,False,False,False,False,False,False,False
9671,2021-09-25,2021-04-03,2000.0,2000.0,175.0,2021-01-12,,2021-02-19,,2021-04-03,256.0,,218.0,,175.0,False,False,False,False,False,False,False,False,False,False,False,False,False,False,False,False,False,False,False,True
9672,2021-10-26,2021-09-13,500.0,500.0,43.0,2020-08-25,,2021-09-13,2021-02-12,,427.0,,43.0,256.0,,False,False,False,False,False,False,False,False,False,False,True,True,False,False,False,False,False,False,False,False
9673,2021-10-21,2021-04-20,100.0,100.0,184.0,2021-04-20,,,,,184.0,,,,,False,False,False,False,False,False,False,False,False,False,False,False,False,False,False,False,False,False,False,False
9677,2021-01-06,2020-12-04,500.0,500.0,33.0,,,2020-12-04,,2020-11-30,,,33.0,,37.0,False,False,False,False,False,False,False,False,False,False,True,True,False,False,False,False,False,False,True,True
9677,2021-12-16,2021-11-30,100.0,100.0,16.0,2021-11-30,,2021-11-15,,2020-11-30,16.0,,31.0,,381.0,False,True,True,True,False,False,False,False,False,False,True,True,False,False,False,False,False,False,False,False
9678,2021-01-23,2020-12-16,100.0,100.0,38.0,2020-12-16,,,,,38.0,,,,,False,False,True,True,False,False,False,False,False,False,False,False,False,False,False,False,False,False,False,False
9680,2021-04-09,2021-03-09,1000.0,1000.0,31.0,2021-01-12,,2020-12-28,2021-03-09,,87.0,,102.0,31.0,,False,False,True,True,False,False,False,False,False,False,False,True,False,False,True,True,False,False,False,False
9681,2021-10-14,2021-08-27,100.0,100.0,48.0,2021-08-27,,2021-04-19,2021-04-20,,48.0,,178.0,177.0,,False,False,True,True,False,False,False,False,False,False,False,True,False,False,False,True,False,False,False,False
9682,2021-01-08,2021-01-02,100.0,100.0,6.0,2021-01-02,,2020-12-29,,,6.0,,10.0,,,True,True,True,True,False,False,False,False,False,True,True,True,False,False,False,False,False,False,False,False
9684,2021-04-27,2021-04-01,100.0,100.0,26.0,2021-04-01,,,,,26.0,,,,,False,True,True,True,False,False,False,False,False,False,False,False,False,False,False,False,False,False,False,False
9685,2021-03-16,2020-08-27,100.0,100.0,201.0,2020-08-27,,,2020-08-13,,201.0,,,215.0,,False,False,False,False,False,False,False,False,False,False,False,False,False,False,False,False,False,False,False,False
9691,2021-01-09,2020-10-30,500.0,500.0,71.0,,,2020-10-30,,,,,71.0,,,False,False,False,False,False,False,False,False,False,False,True,True,False,False,False,False,False,False,False,False
9693,2021-04-20,,,,,,,,,,,,,,,False,False,False,False,False,False,False,False,False,False,False,False,False,False,False,False,False,False,False,False
9695,2021-03-20,2021-02-12,100.0,100.0,36.0,2021-02-12,,2020-10-05,,,36.0,,166.0,,,False,False,True,True,False,False,False,False,False,False,False,True,False,False,False,False,False,False,False,False
9699,2021-01-13,2020-10-30,100.0,100.0,75.0,2020-10-30,,,,,75.0,,,,,False,False,True,True,False,False,False,False,False,False,False,False,False,False,False,False,False,False,False,False
9699,2021-02-25,2021-02-12,1000.0,1000.0,13.0,2020-10-30,,,2021-02-12,,118.0,,,13.0,,False,False,False,True,False,False,False,False,False,False,False,False,False,True,True,True,False,False,False,False
9705,2021-05-07,2021-03-30,200.0,200.0,38.0,2021-03-10,2021-03-30,2020-08-27,2021-03-06,,58.0,38.0,253.0,62.0,,False,False,True,True,False,False,True,True,False,False,False,False,False,False,True,True,False,False,False,False
9713,2021-02-26,2021-02-01,100.0,100.0,25.0,2021-02-01,,2021-01-30,,,25.0,,27.0,,,False,True,True,True,False,False,False,False,False,True,True,True,False,False,False,False,False,False,False,False
9714,2021-01-02,2020-12-25,100.0,100.0,8.0,2020-12-25,,2020-11-27,,,8.0,,36.0,,,False,True,True,True,False,False,False,False,False,False,True,True,False,False,False,False,False,False,False,False
9716,2021-12-16,2021-07-30,500.0,500.0,139.0,2021-02-23,,2021-07-30,,2020-10-14,296.0,,139.0,,428.0,False,False,False,False,False,False,False,False,False,False,False,True,False,False,False,False,False,False,False,False
9726,2021-02-18,2020-12-22,1000.0,1000.0,58.0,,,,2020-12-22,,,,,58.0,,False,False,False,False,False,False,False,False,False,False,False,False,False,False,True,True,False,False,False,False
9726,2021-09-04,2021-08-11,100.0,100.0,24.0,2021-08-11,,,2020-12-22,,24.0,,,256.0,,False,True,True,True,False,False,False,False,False,False,False,False,False,False,False,False,False,False,False,False
9726,2021-11-04,2021-09-22,1000.0,1000.0,43.0,2021-08-11,,,2021-09-22,,85.0,,,43.0,,False,False,True,True,False,False,False,False,False,False,False,False,False,False,True,True,False,False,False,False
9729,2021-03-17,2021-01-09,500.0,500.0,67.0,2020-12-09,,2021-01-09,,,98.0,,67.0,,,False,False,False,True,False,False,False,False,False,False,True,True,False,False,False,False,False,False,False,False
9732,2021-02-22,2020-08-03,100.0,100.0,203.0,2020-08-03,,,,,203.0,,,,,False,False,False,False,False,False,False,False,False,False,False,False,False,False,False,False,False,False,False,False
9733,2021-01-12,2020-11-20,500.0,500.0,53.0,,,2020-11-20,,,,,53.0,,,False,False,False,False,False,False,False,False,False,False,True,True,False,False,False,False,False,False,False,False
9736,2021-09-08,2021-05-06,100.0,100.0,125.0,2021-05-06,,,,,125.0,,,,,False,False,False,True,False,False,False,False,False,False,False,False,False,False,False,False,False,False,False,False
9737,2021-05-11,2021-05-04,100.0,100.0,7.0,2021-05-04,,,,,7.0,,,,,True,True,True,True,False,False,False,False,False,False,False,False,False,False,False,False,False,False,False,False
9739,2021-12-24,2021-11-12,500.0,500.0,42.0,2021-09-04,,2021-11-12,,,111.0,,42.0,,,False,False,False,True,False,False,False,False,False,False,True,True,False,False,False,False,False,False,False,False
9740,2021-03-19,2021-03-17,500.0,500.0,2.0,2020-12-22,,2021-03-17,,2020-08-03,87.0,,2.0,,228.0,False,False,True,True,False,False,False,False,True,True,True,True,False,False,False,False,False,False,False,False
9741,2021-10-12,2021-04-30,500.0,500.0,165.0,2020-11-16,,2021-04-30,2021-03-05,,330.0,,165.0,221.0,,False,False,False,False,False,False,False,False,False,False,False,True,False,False,False,False,False,False,False,False
9743,2021-09-15,2021-07-27,1000.0,1000.0,50.0,2021-01-11,,2021-01-01,2021-07-27,,247.0,,257.0,50.0,,False,False,False,False,False,False,False,False,False,False,False,False,False,False,True,True,False,False,False,False
9744,2021-03-30,2021-01-15,1000.0,1000.0,74.0,2021-01-01,,,2021-01-15,,88.0,,,74.0,,False,False,True,True,False,False,False,False,False,False,False,False,False,False,True,True,False,False,False,False
9745,2021-12-09,2021-09-18,500.0,500.0,82.0,2021-03-08,,2021-09-18,2021-02-24,,276.0,,82.0,288.0,,False,False,False,False,False,False,False,False,False,False,True,True,False,False,False,False,False,False,False,False
9746,2021-07-23,2020-10-16,100.0,100.0,280.0,2020-10-16,,2020-08-07,,,280.0,,350.0,,,False,False,False,False,False,False,False,False,False,False,False,False,False,False,False,False,False,False,False,False
9747,2021-10-27,2021-10-09,500.0,500.0,18.0,2021-03-06,2020-12-08,2021-10-09,2021-09-09,,235.0,323.0,18.0,48.0,,False,False,False,False,False,False,False,False,False,True,True,True,False,False,True,True,False,False,False,False
9750,2021-04-12,2021-03-11,500.0,500.0,32.0,2020-12-14,2021-01-12,2021-03-11,,,119.0,90.0,32.0,,,False,False,False,True,False,False,True,True,False,False,True,True,False,False,False,False,False,False,False,False
9753,2021-11-03,2021-10-06,100.0,100.0,28.0,2021-10-06,,2021-01-01,,,28.0,,306.0,,,False,True,True,True,False,False,False,False,False,False,False,False,False,False,False,False,False,False,False,False
9755,2021-11-15,2021-10-30,100.0,100.0,16.0,2021-10-30,,2021-04-07,2020-12-01,,16.0,,222.0,349.0,,False,True,True,True,False,False,False,False,False,False,False,False,False,False,False,False,False,False,False,False
9757,2021-01-08,,,,,,,,,,,,,,,False,False,False,False,False,False,False,False,False,False,False,False,False,False,False,False,False,False,False,False
9760,2021-10-21,2021-03-30,100.0,100.0,205.0,2021-03-30,,,2020-10-09,,205.0,,,377.0,,False,False,False,False,False,False,False,False,False,False,False,False,False,False,False,False,False,False,False,False
9762,2021-10-22,2021-09-15,100.0,100.0,37.0,2021-09-15,,2020-10-03,,,37.0,,384.0,,,False,False,True,True,False,False,False,False,False,False,False,False,False,False,False,False,False,False,False,False
9766,2021-08-04,2021-02-26,100.0,100.0,159.0,2021-02-26,,,,,159.0,,,,,False,False,False,True,False,False,False,False,False,False,False,False,False,False,False,False,False,False,False,False
9767,2021-01-15,2020-10-26,100.0,100.0,81.0,2020-10-26,,,,2020-08-11,81.0,,,,157.0,False,False,True,True,False,False,False,False,False,False,False,False,False,False,False,False,False,False,False,True
9769,2021-09-02,2021-04-21,500.0,500.0,134.0,2021-01-22,2020-09-08,2021-04-21,,,223.0,359.0,134.0,,,False,False,False,False,False,False,False,False,False,False,False,True,False,False,False,False,False,False,False,False
9770,2021-02-19,2021-02-08,1000.0,1000.0,11.0,2021-01-16,,,2021-02-08,,34.0,,,11.0,,False,False,True,True,False,False,False,False,False,False,False,False,False,True,True,True,False,False,False,False
9775,2021-10-04,2021-04-24,100.0,100.0,163.0,2021-04-24,,2021-01-29,2021-03-03,,163.0,,248.0,215.0,,False,False,False,True,False,False,False,False,False,False,False,False,False,False,False,False,False,False,False,False
9777,2021-10-12,2021-09-01,500.0,500.0,41.0,2021-02-13,,2021-09-01,,2021-03-31,241.0,,41.0,,195.0,False,False,False,False,False,False,False,False,False,False,True,True,False,False,False,False,False,False,False,False
9780,2021-12-21,2021-12-20,500.0,500.0,1.0,2021-11-18,,2021-12-20,,,33.0,,1.0,,,False,False,True,True,False,False,False,False,True,True,True,True,False,False,False,False,False,False,False,False
9782,2021-04-01,2020-12-23,100.0,100.0,99.0,2020-12-23,,,,,99.0,,,,,False,False,False,True,False,False,False,False,False,False,False,False,False,False,False,False,False,False,False,False
9782,2021-09-02,2021-05-10,100.0,100.0,115.0,2021-05-10,,,,,115.0,,,,,False,False,False,True,False,False,False,False,False,False,False,False,False,False,False,False,False,False,False,False
9783,2021-12-14,2021-07-30,100.0,100.0,137.0,2021-07-30,,2020-10-23,2020-08-21,2021-02-03,137.0,,417.0,480.0,314.0,False,False,False,True,False,False,False,False,False,False,False,False,False,False,False,False,False,False,False,False
9784,2021-08-06,2021-05-11,100.0,100.0,87.0,2021-05-11,,2020-12-05,,,87.0,,244.0,,,False,False,True,True,False,False,False,False,False,False,False,False,False,False,False,False,False,False,False,False
9786,2021-02-26,2021-02-11,100.0,100.0,15.0,2021-02-11,,2020-11-06,,,15.0,,112.0,,,False,True,True,True,False,False,False,False,False,False,False,True,False,False,False,False,False,False,False,False
9786,2021-11-11,2021-10-11,100.0,100.0,31.0,2021-10-11,,2021-09-16,2021-08-18,,31.0,,56.0,85.0,,False,False,True,True,False,False,False,False,False,False,True,True,False,False,True,True,False,False,False,False
9788,2021-05-11,2021-04-28,100.0,100.0,13.0,2021-04-28,2021-03-30,2021-04-22,,,13.0,42.0,19.0,,,False,True,True,True,False,False,True,True,False,True,True,True,False,False,False,False,False,False,False,False
9792,2021-01-23,2020-12-22,100.0,100.0,32.0,2020-12-22,,,2020-09-04,,32.0,,,141.0,,False,False,True,True,False,False,False,False,False,False,False,False,False,False,False,True,False,False,False,False
9796,2021-04-29,2021-02-25,100.0,100.0,63.0,2021-02-25,,,2021-01-04,,63.0,,,115.0,,False,False,True,True,False,False,False,False,False,False,False,False,False,False,False,True,False,False,False,False
9804,2021-01-15,2020-12-11,500.0,500.0,35.0,2020-11-11,,2020-12-11,,,65.0,,35.0,,,False,False,True,True,False,False,False,False,False,False,True,True,False,False,False,False,False,False,False,False
9804,2021-09-23,2021-01-15,5000.0,500.0,286.0,2020-11-11,,2020-12-11,,,316.0,,286.0,,,False,False,False,False,False,False,False,False,False,False,False,False,False,False,False,False,False,False,False,False
9805,2021-04-08,2020-11-16,100.0,100.0,143.0,2020-11-16,,,,,143.0,,,,,False,False,False,True,False,False,False,False,False,False,False,False,False,False,False,False,False,False,False,False
9808,2021-03-11,2021-01-23,100.0,100.0,47.0,2021-01-23,,,,,47.0,,,,,False,False,True,True,False,False,False,False,False,False,False,False,False,False,False,False,False,False,False,False
9810,2021-01-16,2020-12-30,100.0,100.0,17.0,2020-12-30,,,2020-10-16,,17.0,,,92.0,,False,True,True,True,False,False,False,False,False,False,False,False,False,False,False,True,False,False,False,False
9812,2021-11-10,2021-09-24,100.0,100.0,47.0,2021-09-24,,2021-04-10,,,47.0,,214.0,,,False,False,True,True,False,False,False,False,False,False,False,False,False,False,False,False,False,False,False,False
9813,2021-03-01,2021-02-26,500.0,500.0,3.0,2021-01-11,,2021-02-26,,,49.0,,3.0,,,False,False,True,True,False,False,False,False,True,True,True,True,False,False,False,False,False,False,False,False
9819,2021-10-13,2021-03-23,1000.0,1000.0,204.0,2020-12-11,,2020-12-15,2021-03-23,,306.0,,302.0,204.0,,False,False,False,False,False,False,False,False,False,False,False,False,False,False,False,False,False,False,False,False
9819,2021-10-16,2021-10-13,5000.0,1000.0,207.0,2020-12-11,,2020-12-15,2021-03-23,,309.0,,305.0,207.0,,False,False,False,False,False,False,False,False,False,False,False,False,False,False,False,False,False,False,False,False
9825,2021-03-24,2021-01-16,100.0,100.0,67.0,2021-01-16,2020-08-11,,,,67.0,225.0,,,,False,False,True,True,False,False,False,False,False,False,False,False,False,False,False,False,False,False,False,False
9825,2021-09-18,2021-09-02,500.0,500.0,16.0,2021-08-09,2020-08-11,2021-09-02,,,40.0,403.0,16.0,,,False,False,True,True,False,False,False,False,False,True,True,True,False,False,False,False,False,False,False,False
9827,2021-09-02,2021-04-23,100.0,100.0,132.0,2021-04-23,,,,,132.0,,,,,False,False,False,True,False,False,False,False,False,False,False,False,False,False,False,False,False,False,False,False
9827,2021-09-24,2021-09-02,5000.0,100.0,154.0,2021-04-23,,,,,154.0,,,,,False,False,False,True,False,False,False,False,False,False,False,False,False,False,False,False,False,False,False,False
9827,2021-12-21,2021-12-06,100.0,100.0,15.0,2021-12-06,,2021-10-29,,,15.0,,53.0,,,False,True,True,True,False,False,False,False,False,False,True,True,False,False,False,False,False,False,False,False
9832,2021-10-28,2021-09-02,100.0,100.0,56.0,2021-09-02,,2021-04-23,2021-09-01,,56.0,,188.0,57.0,,False,False,True,True,False,False,False,False,False,False,False,False,False,False,True,True,False,False,False,False
9835,2021-11-26,2021-10-13,500.0,500.0,44.0,2020-12-08,,2021-10-13,,2020-11-30,353.0,,44.0,,361.0,False,False,False,False,False,False,False,False,False,False,True,True,False,False,False,False,False,False,False,False
9841,2021-04-21,2021-03-08,100.0,100.0,44.0,2021-03-08,,2020-11-23,2020-09-12,,44.0,,149.0,221.0,,False,False,True,True,False,False,False,False,False,False,False,True,False,False,False,False,False,False,False,False
9841,2021-09-13,2021-04-24,100.0,100.0,142.0,2021-04-24,,2020-11-23,2020-09-12,,142.0,,294.0,366.0,,False,False,False,True,False,False,False,False,False,False,False,False,False,False,False,False,False,False,False,False
9844,2021-05-07,2021-04-24,100.0,100.0,13.0,2021-04-24,,2020-11-02,,,13.0,,186.0,,,False,True,True,True,False,False,False,False,False,False,False,False,False,False,False,False,False,False,False,False
9846,2021-08-09,2021-04-05,500.0,500.0,126.0,2021-02-11,,2021-04-05,2020-11-02,,179.0,,126.0,280.0,,False,False,False,True,False,False,False,False,False,False,False,True,False,False,False,False,False,False,False,False
9846,2021-10-13,2021-08-09,5000.0,500.0,191.0,2021-02-11,,2021-04-05,2020-11-02,,244.0,,191.0,345.0,,False,False,False,False,False,False,False,False,False,False,False,False,False,False,False,False,False,False,False,False
9848,2021-02-01,2020-08-17,100.0,100.0,168.0,2020-08-17,,,,,168.0,,,,,False,False,False,True,False,False,False,False,False,False,False,False,False,False,False,False,False,False,False,False
9851,2021-01-05,2020-11-13,500.0,500.0,53.0,2020-10-12,,2020-11-13,,,85.0,,53.0,,,False,False,True,True,False,False,False,False,False,False,True,True,False,False,False,False,False,False,False,False
9851,2021-03-16,2021-03-11,1000.0,1000.0,5.0,2020-10-12,,2020-11-13,2021-03-11,,155.0,,123.0,5.0,,False,False,False,True,False,False,False,False,False,False,False,True,True,True,True,True,False,False,False,False
9851,2021-12-02,2021-09-25,500.0,500.0,68.0,2020-10-12,,2021-09-25,2021-03-11,,416.0,,68.0,266.0,,False,False,False,False,False,False,False,False,False,False,True,True,False,False,False,False,False,False,False,False
9853,2021-12-20,2021-10-01,500.0,500.0,80.0,2021-07-23,,2021-10-01,2020-08-21,,150.0,,80.0,486.0,,False,False,False,True,False,False,False,False,False,False,True,True,False,False,False,False,False,False,False,False
9854,2021-12-31,2021-11-06,100.0,100.0,55.0,2021-11-06,,2021-09-20,2021-10-06,,55.0,,102.0,86.0,,False,False,True,True,False,False,False,False,False,False,False,True,False,False,True,True,False,False,False,False
9856,2021-02-18,2021-02-13,100.0,100.0,5.0,2021-02-13,,,,,5.0,,,,,True,True,True,True,False,False,False,False,False,False,False,False,False,False,False,False,False,False,False,False
9857,2021-04-01,2021-01-22,500.0,500.0,69.0,2020-09-14,2020-12-15,2021-01-22,,,199.0,107.0,69.0,,,False,False,False,False,False,False,False,True,False,False,True,True,False,False,False,False,False,False,False,False
9861,2021-02-23,2020-08-21,500.0,500.0,186.0,,,2020-08-21,,,,,186.0,,,False,False,False,False,False,False,False,False,False,False,False,False,False,False,False,False,False,False,False,False
9865,2021-09-09,2021-07-23,100.0,100.0,48.0,2021-07-23,,2021-02-10,,,48.0,,211.0,,,False,False,True,True,False,False,False,False,False,False,False,False,False,False,False,False,False,False,False,False
9865,2021-11-23,2021-09-22,100.0,100.0,62.0,2021-09-22,,2021-02-10,,,62.0,,286.0,,,False,False,True,True,False,False,False,False,False,False,False,False,False,False,False,False,False,False,False,False
9868,2021-11-29,2021-11-27,500.0,500.0,2.0,2021-10-28,,2021-11-27,2020-11-06,,32.0,,2.0,388.0,,False,False,True,True,False,False,False,False,True,True,True,True,False,False,False,False,False,False,False,False
9868,2021-12-11,2021-12-06,100.0,100.0,5.0,2021-12-06,,2021-11-27,2020-11-06,,5.0,,14.0,400.0,,True,True,True,True,False,False,False,False,False,True,True,True,False,False,False,False,False,False,False,False
9869,2021-02-11,2020-12-11,5000.0,100.0,69.0,2020-12-04,,,,,69.0,,,,,False,False,True,True,False,False,False,False,False,False,False,False,False,False,False,False,False,False,False,False
9875,2021-04-07,2021-02-10,1000.0,1000.0,56.0,2020-10-30,,2021-01-30,2021-02-10,,159.0,,67.0,56.0,,False,False,False,True,False,False,False,False,False,False,True,True,False,False,True,True,False,False,False,False
9877,2021-08-09,2021-03-25,500.0,500.0,137.0,2020-08-11,,2021-03-25,,,363.0,,137.0,,,False,False,False,False,False,False,False,False,False,False,False,True,False,False,False,False,False,False,False,False
9880,2021-09-09,2021-09-07,2000.0,2000.0,2.0,2021-04-21,,2021-08-09,,2021-09-07,141.0,,31.0,,2.0,False,False,False,True,False,False,False,False,False,False,True,True,False,False,False,False,True,True,True,True
9880,2021-10-14,2021-09-09,5000.0,2000.0,37.0,2021-04-21,,2021-08-09,,2021-09-07,176.0,,66.0,,37.0,False,False,False,True,False,False,False,False,False,False,True,True,False,False,False,False,False,False,True,True
9881,2021-10-12,2021-10-01,100.0,100.0,11.0,2021-10-01,,2021-09-01,,,11.0,,41.0,,,False,True,True,True,False,False,False,False,False,False,True,True,False,False,False,False,False,False,False,False
9882,2021-01-18,2020-11-02,500.0,500.0,77.0,,,2020-11-02,,,,,77.0,,,False,False,False,False,False,False,False,False,False,False,True,True,False,False,False,False,False,False,False,False
9884,2021-10-22,2021-10-13,500.0,500.0,9.0,2020-10-19,2021-10-12,2021-10-13,,,368.0,10.0,9.0,,,False,False,False,False,False,True,True,True,False,True,True,True,False,False,False,False,False,False,False,False
9884,2021-11-10,2021-10-22,5000.0,500.0,28.0,2020-10-19,2021-10-12,2021-10-13,,,387.0,29.0,28.0,,,False,False,False,False,False,True,True,True,False,True,True,True,False,False,False,False,False,False,False,False
9890,2021-12-21,2021-12-09,1000.0,1000.0,12.0,2021-08-20,,2021-04-03,2021-12-09,,123.0,,262.0,12.0,,False,False,False,True,False,False,False,False,False,False,False,False,False,True,True,True,False,False,False,False
9890,2021-12-27,2021-12-21,5000.0,1000.0,18.0,2021-08-20,,2021-04-03,2021-12-09,,129.0,,268.0,18.0,,False,False,False,True,False,False,False,False,False,False,False,False,False,True,True,True,False,False,False,False
9891,2021-02-01,2020-09-08,500.0,500.0,146.0,,,2020-09-08,,,,,146.0,,,False,False,False,False,False,False,False,False,False,False,False,True,False,False,False,False,False,False,False,False
9894,2021-04-03,2021-03-15,100.0,100.0,19.0,2021-03-15,,2021-03-01,2020-12-11,,19.0,,33.0,113.0,,False,True,True,True,False,False,False,False,False,False,True,True,False,False,False,True,False,False,False,False
9896,2021-01-16,2021-01-06,500.0,500.0,10.0,2020-12-28,,2021-01-06,,,19.0,,10.0,,,False,True,True,True,False,False,False,False,False,True,True,True,False,False,False,False,False,False,False,False
9900,2021-12-04,2021-11-23,100.0,100.0,11.0,2021-11-23,,2021-09-09,2021-05-05,,11.0,,86.0,213.0,,False,True,True,True,False,False,False,False,False,False,True,True,False,False,False,False,False,False,False,False
9919,2021-02-18,2020-11-06,100.0,100.0,104.0,2020-11-06,,,2020-09-18,,104.0,,,153.0,,False,False,False,True,False,False,False,False,False,False,False,False,False,False,False,True,False,False,False,False
9921,2021-09-04,2021-05-07,100.0,100.0,120.0,2021-05-07,,2021-03-31,2021-01-08,,120.0,,157.0,239.0,,False,False,False,True,False,False,False,False,False,False,False,True,False,False,False,False,False,False,False,False
9925,2021-10-14,2021-09-25,500.0,500.0,19.0,2021-01-27,,2021-09-25,,,260.0,,19.0,,,False,False,False,False,False,False,False,False,False,True,True,True,False,False,False,False,False,False,False,False
9929,2021-01-29,2021-01-09,500.0,500.0,20.0,2020-10-07,,2021-01-09,,,114.0,,20.0,,,False,False,False,True,False,False,False,False,False,True,True,True,False,False,False,False,False,False,False,False
9929,2021-09-18,2021-09-14,200.0,200.0,4.0,2021-05-07,2021-09-14,2021-09-11,,,134.0,4.0,7.0,,,False,False,False,True,True,True,True,True,True,True,True,True,False,False,False,False,False,False,False,False
9931,2021-04-01,2020-11-16,100.0,100.0,136.0,2020-11-16,,,,,136.0,,,,,False,False,False,True,False,False,False,False,False,False,False,False,False,False,False,False,False,False,False,False
9934,2021-05-07,2021-04-22,100.0,100.0,15.0,2021-04-22,,,2021-01-29,,15.0,,,98.0,,False,True,True,True,False,False,False,False,False,False,False,False,False,False,False,True,False,False,False,False
9943,2021-04-22,2021-02-12,500.0,500.0,69.0,,,2021-02-12,,,,,69.0,,,False,False,False,False,False,False,False,False,False,False,True,True,False,False,False,False,False,False,False,False
9945,2021-03-06,2021-01-09,1000.0,1000.0,56.0,,,,2021-01-09,,,,,56.0,,False,False,False,False,False,False,False,False,False,False,False,False,False,False,True,True,False,False,False,False
9946,2021-03-26,2021-02-18,100.0,100.0,36.0,2021-02-18,,,,,36.0,,,,,False,False,True,True,False,False,False,False,False,False,False,False,False,False,False,False,False,False,False,False
9949,2021-02-22,2021-02-20,100.0,100.0,2.0,2021-02-20,,2020-10-07,,,2.0,,138.0,,,True,True,True,True,False,False,False,False,False,False,False,True,False,False,False,False,False,False,False,False
9956,2021-03-31,2021-02-08,500.0,500.0,51.0,2021-02-03,,2021-02-08,2020-12-29,,56.0,,51.0,92.0,,False,False,True,True,False,False,False,False,False,False,True,True,False,False,False,True,False,False,False,False
9962,2021-04-14,2021-03-26,100.0,100.0,19.0,2021-03-26,,,,,19.0,,,,,False,True,True,True,False,False,False,False,False,False,False,False,False,False,False,False,False,False,False,False
9963,2021-09-08,2021-08-04,500.0,500.0,35.0,2020-12-29,,2021-08-04,2021-03-18,,253.0,,35.0,174.0,,False,False,False,False,False,False,False,False,False,False,True,True,False,False,False,True,False,False,False,False
9964,2021-05-10,2021-02-22,100.0,100.0,77.0,2021-02-22,,2020-12-21,,,77.0,,140.0,,,False,False,True,True,False,False,False,False,False,False,False,True,False,False,False,False,False,False,False,False
9966,2021-01-27,2020-12-23,5000.0,500.0,36.0,2020-12-14,,2020-12-22,,2020-10-14,44.0,,36.0,,105.0,False,False,True,True,False,False,False,False,False,False,True,True,False,False,False,False,False,False,False,True
9967,2021-03-10,2021-01-09,100.0,100.0,60.0,2021-01-09,,2020-12-11,2020-09-10,,60.0,,89.0,181.0,,False,False,True,True,False,False,False,False,False,False,True,True,False,False,False,False,False,False,False,False
9968,2021-11-18,2021-10-11,100.0,100.0,38.0,2021-10-11,,2021-01-23,,,38.0,,299.0,,,False,False,True,True,False,False,False,False,False,False,False,False,False,False,False,False,False,False,False,False
9969,2021-11-02,2021-08-20,500.0,500.0,74.0,2021-05-12,,2021-08-20,2021-01-01,,174.0,,74.0,305.0,,False,False,False,True,False,False,False,False,False,False,True,True,False,False,False,False,False,False,False,False
9970,2021-12-13,2021-11-11,500.0,500.0,32.0,2021-09-17,2021-05-04,2021-11-11,,,87.0,223.0,32.0,,,False,False,True,True,False,False,False,False,False,False,True,True,False,False,False,False,False,False,False,False
9972,2021-11-27,2021-10-22,100.0,100.0,36.0,2021-10-22,,2021-01-12,2021-08-11,,36.0,,319.0,108.0,,False,False,True,True,False,False,False,False,False,False,False,False,False,False,False,True,False,False,False,False
9973,2021-09-13,2021-05-04,500.0,500.0,132.0,2021-03-04,,2021-05-04,,,193.0,,132.0,,,False,False,False,False,False,False,False,False,False,False,False,True,False,False,False,False,False,False,False,False
9974,2021-11-01,2021-09-06,100.0,100.0,56.0,2021-09-06,,2020-08-11,2021-02-12,,56.0,,447.0,262.0,,False,False,True,True,False,False,False,False,False,False,False,False,False,False,False,False,False,False,False,False
9980,2021-12-22,2021-10-21,100.0,100.0,62.0,2021-10-21,,,,,62.0,,,,,False,False,True,True,False,False,False,False,False,False,False,False,False,False,False,False,False,False,False,False
9982,2021-01-02,2020-09-22,500.0,500.0,102.0,,,2020-09-22,,,,,102.0,,,False,False,False,False,False,False,False,False,False,False,False,True,False,False,False,False,False,False,False,False
9983,2021-08-13,2020-12-09,100.0,100.0,247.0,2020-12-09,,2020-10-10,,,247.0,,307.0,,,False,False,False,False,False,False,False,False,False,False,False,False,False,False,False,False,False,False,False,False
9985,2021-03-02,2020-08-19,1000.0,1000.0,195.0,,,,2020-08-19,,,,,195.0,,False,False,False,False,False,False,False,False,False,False,False,False,False,False,False,False,False,False,False,False
9988,2021-12-13,2021-12-09,500.0,500.0,4.0,2021-11-23,,2021-12-09,,,20.0,,4.0,,,False,True,True,True,False,False,False,False,True,True,True,True,False,False,False,False,False,False,False,False
9991,2021-09-09,2021-03-02,1000.0,1000.0,191.0,2020-12-04,,,2021-03-02,,279.0,,,191.0,,False,False,False,False,False,False,False,False,False,False,False,False,False,False,False,False,False,False,False,False
9993,2021-11-12,2021-11-04,500.0,500.0,8.0,2021-09-16,,2021-11-04,2021-01-12,,57.0,,8.0,304.0,,False,False,True,True,False,False,False,False,False,True,True,True,False,False,False,False,False,False,False,False
9995,2021-11-11,2021-10-21,500.0,500.0,21.0,2021-08-18,2021-03-30,2021-10-21,2020-08-27,,85.0,226.0,21.0,441.0,,False,False,True,True,False,False,False,False,False,True,True,True,False,False,False,False,False,False,False,False
9997,2021-11-05,2021-10-01,100.0,100.0,35.0,2021-10-01,,,,,35.0,,,,,False,False,True,True,False,False,False,False,False,False,False,False,False,False,False,False,False,False,False,False
