number,date,prev_day,prev_prize,has_lower_before,immediate_prev_is_lower,last_lower_day,last_lower_prize,gap_days_from_last_lower,gap_days_from_prev,same_day_lower,has_lower_within_7d,has_lower_within_30d,has_lower_within_90d,has_lower_within_180d
0004,2020-08-27,,,False,False,,,,,False,False,False,False,False
0020,2020-10-16,2020-10-12,100.0,True,True,2020-10-12,100,4.0,4.0,False,True,True,True,True
0021,2020-10-05,,,False,False,,,,,False,False,False,False,False
0025,2020-12-07,2020-11-18,500.0,True,True,2020-11-18,500,19.0,19.0,False,False,True,True,True
0040,2020-09-30,,,False,False,,,,,False,False,False,False,False
0070,2020-12-16,,,False,False,,,,,False,False,False,False,False
0079,2020-09-02,,,False,False,,,,,False,False,False,False,False
0081,2020-09-26,2020-09-14,500.0,True,True,2020-09-14,500,12.0,12.0,False,False,True,True,True
0106,2020-10-26,2020-08-19,1000.0,True,True,2020-08-19,1000,68.0,68.0,False,False,False,True,True
0114,2020-10-14,2020-09-14,500.0,True,True,2020-09-14,500,30.0,30.0,False,False,True,True,True
0131,2020-11-23,,,False,False,,,,,False,False,False,False,False
0133,2020-10-21,,,False,False,,,,,False,False,False,False,False
0164,2020-11-16,2020-10-19,100.0,True,True,2020-10-19,100,28.0,28.0,False,False,True,True,True
0164,2020-11-27,2020-11-16,5000.0,True,False,2020-10-19,100,39.0,11.0,False,False,False,True,True
0182,2020-07-25,,,False,False,,,,,False,False,False,False,False
0188,2020-12-28,2020-12-25,500.0,True,True,2020-12-25,500,3.0,3.0,False,True,True,True,True
0190,2020-09-10,2020-08-11,500.0,True,True,2020-08-11,500,30.0,30.0,False,False,True,True,True
0192,2020-07-25,,,False,False,,,,,False,False,False,False,False
0194,2020-12-21,2020-07-18,100.0,True,True,2020-07-18,100,156.0,156.0,False,False,False,False,True
0211,2020-11-20,2020-10-12,500.0,True,True,2020-10-12,500,39.0,39.0,False,False,False,True,True
0216,2020-09-30,2020-09-16,100.0,True,True,2020-09-16,100,14.0,14.0,False,False,True,True,True
0218,2020-09-24,2020-09-14,100.0,True,True,2020-09-14,100,10.0,10.0,False,False,True,True,True
0225,2020-09-22,,,False,False,,,,,False,False,False,False,False
0227,2020-12-09,,,False,False,,,,,False,False,False,False,False
0229,2020-12-28,2020-09-12,2000.0,True,True,2020-09-12,2000,107.0,107.0,False,False,False,False,True
0230,2020-10-16,2020-10-14,2000.0,True,True,2020-10-14,2000,2.0,2.0,False,True,True,True,True
0237,2020-09-12,,,False,False,,,,,False,False,False,False,False
0240,2020-12-04,2020-08-07,100.0,True,True,2020-08-07,100,119.0,119.0,False,False,False,False,True
0250,2020-10-28,,,False,False,,,,,False,False,False,False,False
0252,2020-11-23,2020-09-24,100.0,True,True,2020-09-24,100,60.0,60.0,False,False,False,True,True
0267,2020-10-10,2020-09-18,500.0,True,True,2020-09-18,500,22.0,22.0,False,False,True,True,True
0282,2020-10-30,2020-10-10,100.0,True,True,2020-10-10,100,20.0,20.0,False,False,True,True,True
0286,2020-12-25,2020-10-21,100.0,True,True,2020-10-21,100,65.0,65.0,False,False,False,True,True
0299,2020-08-13,,,False,False,,,,,False,False,False,False,False
0301,2020-08-01,,,False,False,,,,,False,False,False,False,False
0308,2020-12-22,2020-11-23,500.0,True,True,2020-11-23,500,29.0,29.0,False,False,True,True,True
0320,2020-07-11,,,False,False,,,,,False,False,False,False,False
0320,2020-11-09,2020-07-11,5000.0,False,False,,,,121.0,False,False,False,False,False
0322,2020-09-02,,,False,False,,,,,False,False,False,False,False
0331,2020-12-05,2020-10-10,100.0,True,True,2020-10-10,100,56.0,56.0,False,False,False,True,True
0338,2020-09-26,,,False,False,,,,,False,False,False,False,False
0343,2020-12-21,2020-08-29,100.0,True,True,2020-08-29,100,114.0,114.0,False,False,False,False,True
0346,2020-10-03,,,False,False,,,,,False,False,False,False,False
0352,2020-10-03,,,False,False,,,,,False,False,False,False,False
0358,2020-12-07,,,False,False,,,,,False,False,False,False,False
0362,2020-09-24,2020-08-01,100.0,True,True,2020-08-01,100,54.0,54.0,False,False,False,True,True
0369,2020-08-05,,,False,False,,,,,False,False,False,False,False
0369,2020-12-26,2020-09-22,500.0,True,True,2020-09-22,500,95.0,95.0,False,False,False,False,True
0378,2020-08-27,,,False,False,,,,,False,False,False,False,False
0383,2020-09-08,,,False,False,,,,,False,False,False,False,False
0394,2020-07-11,,,False,False,,,,,False,False,False,False,False
0394,2020-11-13,2020-09-30,100.0,True,True,2020-09-30,100,44.0,44.0,False,False,False,True,True
0399,2020-08-13,,,False,False,,,,,False,False,False,False,False
0431,2020-12-30,,,False,False,,,,,False,False,False,False,False
0443,2020-12-11,2020-12-04,1000.0,True,True,2020-12-04,1000,7.0,7.0,False,True,True,True,True
0444,2020-12-16,,,False,False,,,,,False,False,False,False,False
0453,2020-07-11,,,False,False,,,,,False,False,False,False,False
0455,2020-11-25,,,False,False,,,,,False,False,False,False,False
0461,2020-10-03,2020-09-16,100.0,True,True,2020-09-16,100,17.0,17.0,False,False,True,True,True
0467,2020-09-02,,,False,False,,,,,False,False,False,False,False
0475,2020-10-12,,,False,False,,,,,False,False,False,False,False
0477,2020-12-01,,,False,False,,,,,False,False,False,False,False
0495,2020-11-23,,,False,False,,,,,False,False,False,False,False
0507,2020-12-25,2020-11-25,1000.0,True,True,2020-11-25,1000,30.0,30.0,False,False,True,True,True
0513,2020-09-08,,,False,False,,,,,False,False,False,False,False
0518,2020-12-05,2020-09-12,100.0,True,True,2020-09-12,100,84.0,84.0,False,False,False,True,True
0533,2020-11-06,2020-10-14,100.0,True,True,2020-10-14,100,23.0,23.0,False,False,True,True,True
0533,2020-11-18,2020-11-06,5000.0,True,False,2020-10-14,100,35.0,12.0,False,False,False,True,True
0533,2020-12-30,2020-11-18,5000.0,True,False,2020-10-14,100,77.0,42.0,False,False,False,True,True
0548,2020-08-05,,,False,False,,,,,False,False,False,False,False
0558,2020-10-28,2020-08-19,500.0,True,True,2020-08-19,500,70.0,70.0,False,False,False,True,True
0567,2020-12-23,,,False,False,,,,,False,False,False,False,False
0577,2020-10-03,,,False,False,,,,,False,False,False,False,False
0580,2020-10-19,2020-08-19,100.0,True,True,2020-08-19,100,61.0,61.0,False,False,False,True,True
0593,2020-08-27,,,False,False,,,,,False,False,False,False,False
0596,2020-09-30,,,False,False,,,,,False,False,False,False,False
0604,2020-09-14,,,False,False,,,,,False,False,False,False,False
0606,2020-10-16,,,False,False,,,,,False,False,False,False,False
0611,2020-12-02,,,False,False,,,,,False,False,False,False,False
0617,2020-12-14,2020-08-25,500.0,True,True,2020-08-25,500,111.0,111.0,False,False,False,False,True
0618,2020-10-21,2020-08-17,500.0,True,True,2020-08-17,500,65.0,65.0,False,False,False,True,True
0620,2020-11-18,2020-10-07,500.0,True,True,2020-10-07,500,42.0,42.0,False,False,False,True,True
0624,2020-12-04,,,False,False,,,,,False,False,False,False,False
0630,2020-08-17,,,False,False,,,,,False,False,False,False,False
0630,2020-12-22,2020-08-17,5000.0,False,False,,,,127.0,False,False,False,False,False
0631,2020-10-21,2020-07-18,500.0,True,True,2020-07-18,500,95.0,95.0,False,False,False,False,True
0654,2020-11-25,2020-09-22,2000.0,True,True,2020-09-22,2000,64.0,64.0,False,False,False,True,True
0655,2020-11-23,2020-11-13,1000.0,True,True,2020-11-13,1000,10.0,10.0,False,False,True,True,True
0663,2020-10-07,2020-08-29,100.0,True,True,2020-08-29,100,39.0,39.0,False,False,False,True,True
0666,2020-11-04,2020-10-16,500.0,True,True,2020-10-16,500,19.0,19.0,False,False,True,True,True
0670,2020-12-01,,,False,False,,,,,False,False,False,False,False
0675,2020-08-17,,,False,False,,,,,False,False,False,False,False
0677,2020-10-05,,,False,False,,,,,False,False,False,False,False
0744,2020-12-18,,,False,False,,,,,False,False,False,False,False
0749,2020-09-10,,,False,False,,,,,False,False,False,False,False
0757,2020-08-19,,,False,False,,,,,False,False,False,False,False
0758,2020-09-12,,,False,False,,,,,False,False,False,False,False
0761,2020-12-04,2020-11-06,500.0,True,True,2020-11-06,500,28.0,28.0,False,False,True,True,True
0766,2020-08-11,,,False,False,,,,,False,False,False,False,False
0835,2020-12-04,,,False,False,,,,,False,False,False,False,False
0842,2020-09-02,,,False,False,,,,,False,False,False,False,False
0844,2020-09-02,,,False,False,,,,,False,False,False,False,False
0849,2020-08-05,,,False,False,,,,,False,False,False,False,False
0849,2020-12-16,2020-10-14,100.0,True,True,2020-10-14,100,63.0,63.0,False,False,False,True,True
0869,2020-10-05,2020-08-25,100.0,True,True,2020-08-25,100,41.0,41.0,False,False,False,True,True
0872,2020-12-07,2020-09-22,100.0,True,True,2020-09-22,100,76.0,76.0,False,False,False,True,True
0874,2020-07-11,,,False,False,,,,,False,False,False,False,False
0883,2020-09-28,2020-09-02,100.0,True,True,2020-09-02,100,26.0,26.0,False,False,True,True,True
0888,2020-12-21,2020-08-21,500.0,True,True,2020-08-21,500,122.0,122.0,False,False,False,False,True
0903,2020-10-10,2020-08-29,2000.0,True,True,2020-08-29,2000,42.0,42.0,False,False,False,True,True
0905,2020-09-18,,,False,False,,,,,False,False,False,False,False
0912,2020-09-30,2020-09-08,200.0,True,True,2020-09-08,200,22.0,22.0,False,False,True,True,True
0921,2020-10-26,2020-09-14,1000.0,True,True,2020-09-14,1000,42.0,42.0,False,False,False,True,True
0931,2020-11-16,,,False,False,,,,,False,False,False,False,False
0946,2020-12-30,2020-12-07,100.0,True,True,2020-12-07,100,23.0,23.0,False,False,True,True,True
0950,2020-10-03,2020-09-26,100.0,True,True,2020-09-26,100,7.0,7.0,False,True,True,True,True
0970,2020-09-18,2020-09-04,500.0,True,True,2020-09-04,500,14.0,14.0,False,False,True,True,True
0970,2020-12-14,2020-09-26,500.0,True,True,2020-09-26,500,79.0,79.0,False,False,False,True,True
0978,2020-12-29,2020-12-26,500.0,True,True,2020-12-26,500,3.0,3.0,False,True,True,True,True
0988,2020-08-25,,,False,False,,,,,False,False,False,False,False
0991,2020-10-19,,,False,False,,,,,False,False,False,False,False
0995,2020-11-02,,,False,False,,,,,False,False,False,False,False
0996,2020-12-19,2020-09-08,100.0,True,True,2020-09-08,100,102.0,102.0,False,False,False,False,True
0999,2020-12-11,2020-11-06,100.0,True,True,2020-11-06,100,35.0,35.0,False,False,False,True,True
1002,2020-10-12,2020-10-10,500.0,True,True,2020-10-10,500,2.0,2.0,False,True,True,True,True
1011,2020-08-17,2020-08-01,500.0,True,True,2020-08-01,500,16.0,16.0,False,False,True,True,True
1012,2020-11-06,2020-11-04,100.0,True,True,2020-11-04,100,2.0,2.0,False,True,True,True,True
1015,2020-09-26,,,False,False,,,,,False,False,False,False,False
1016,2020-08-21,,,False,False,,,,,False,False,False,False,False
1023,2020-10-12,,,False,False,,,,,False,False,False,False,False
1023,2020-11-23,2020-10-12,5000.0,False,False,,,,42.0,False,False,False,False,False
1025,2020-11-20,2020-09-22,100.0,True,True,2020-09-22,100,59.0,59.0,False,False,False,True,True
1027,2020-08-01,,,False,False,,,,,False,False,False,False,False
1029,2020-11-16,,,False,False,,,,,False,False,False,False,False
1033,2020-12-18,2020-12-16,100.0,True,True,2020-12-16,100,2.0,2.0,False,True,True,True,True
1035,2020-12-04,,,False,False,,,,,False,False,False,False,False
1052,2020-09-22,,,False,False,,,,,False,False,False,False,False
1055,2020-12-02,,,False,False,,,,,False,False,False,False,False
1066,2020-12-19,,,False,False,,,,,False,False,False,False,False
1077,2020-10-07,,,False,False,,,,,False,False,False,False,False
1086,2020-12-29,2020-12-11,100.0,True,True,2020-12-11,100,18.0,18.0,False,False,True,True,True
1097,2020-09-28,,,False,False,,,,,False,False,False,False,False
1098,2020-11-02,2020-10-30,100.0,True,True,2020-10-30,100,3.0,3.0,False,True,True,True,True
1107,2020-12-29,2020-09-30,100.0,True,True,2020-09-30,100,90.0,90.0,False,False,False,True,True
1108,2020-09-12,,,False,False,,,,,False,False,False,False,False
1111,2020-10-12,,,False,False,,,,,False,False,False,False,False
1114,2020-12-09,2020-12-01,1000.0,True,True,2020-12-01,1000,8.0,8.0,False,False,True,True,True
1115,2020-09-30,2020-08-13,100.0,True,True,2020-08-13,100,48.0,48.0,False,False,False,True,True
1118,2020-08-27,2020-08-11,100.0,True,True,2020-08-11,100,16.0,16.0,False,False,True,True,True
1121,2020-11-18,,,False,False,,,,,False,False,False,False,False
1124,2020-08-07,,,False,False,,,,,False,False,False,False,False
1124,2020-08-19,2020-08-07,5000.0,False,False,,,,12.0,False,False,False,False,False
1131,2020-07-25,,,False,False,,,,,False,False,False,False,False
1132,2020-09-10,,,False,False,,,,,False,False,False,False,False
1136,2020-12-23,2020-09-22,100.0,True,True,2020-09-22,100,92.0,92.0,False,False,False,False,True
1138,2020-07-18,,,False,False,,,,,False,False,False,False,False
1144,2020-08-13,,,False,False,,,,,False,False,False,False,False
1176,2020-08-03,,,False,False,,,,,False,False,False,False,False
1176,2020-12-09,2020-09-14,500.0,True,True,2020-09-14,500,86.0,86.0,False,False,False,True,True
1196,2020-08-01,,,False,False,,,,,False,False,False,False,False
1209,2020-09-12,,,False,False,,,,,False,False,False,False,False
1209,2020-12-16,2020-11-06,500.0,True,True,2020-11-06,500,40.0,40.0,False,False,False,True,True
1221,2020-12-07,2020-12-02,100.0,True,True,2020-12-02,100,5.0,5.0,False,True,True,True,True
1223,2020-12-01,2020-10-12,500.0,True,True,2020-10-12,500,50.0,50.0,False,False,False,True,True
1224,2020-11-30,2020-08-13,100.0,True,True,2020-08-13,100,109.0,109.0,False,False,False,False,True
1232,2020-09-24,2020-08-11,500.0,True,True,2020-08-11,500,44.0,44.0,False,False,False,True,True
1241,2020-08-07,,,False,False,,,,,False,False,False,False,False
1245,2020-08-29,,,False,False,,,,,False,False,False,False,False
1245,2020-09-24,2020-08-29,5000.0,False,False,,,,26.0,False,False,False,False,False
1245,2020-12-28,2020-09-24,5000.0,False,False,,,,95.0,False,False,False,False,False
1268,2020-11-23,2020-09-28,1000.0,True,True,2020-09-28,1000,56.0,56.0,False,False,False,True,True
1274,2020-08-25,,,False,False,,,,,False,False,False,False,False
1277,2020-09-14,2020-08-05,100.0,True,True,2020-08-05,100,40.0,40.0,False,False,False,True,True
1283,2020-09-22,2020-09-18,100.0,True,True,2020-09-18,100,4.0,4.0,False,True,True,True,True
1297,2020-12-19,2020-10-28,500.0,True,True,2020-10-28,500,52.0,52.0,False,False,False,True,True
1308,2020-11-13,2020-07-18,500.0,True,True,2020-07-18,500,118.0,118.0,False,False,False,False,True
1316,2020-10-30,2020-10-16,100.0,True,True,2020-10-16,100,14.0,14.0,False,False,True,True,True
1324,2020-09-22,2020-08-07,100.0,True,True,2020-08-07,100,46.0,46.0,False,False,False,True,True
1336,2020-08-17,,,False,False,,,,,False,False,False,False,False
1339,2020-08-19,,,False,False,,,,,False,False,False,False,False
1345,2020-12-11,2020-10-30,500.0,True,True,2020-10-30,500,42.0,42.0,False,False,False,True,True
1353,2020-12-26,,,False,False,,,,,False,False,False,False,False
1354,2020-08-11,,,False,False,,,,,False,False,False,False,False
1379,2020-11-18,,,False,False,,,,,False,False,False,False,False
1381,2020-11-23,2020-10-03,100.0,True,True,2020-10-03,100,51.0,51.0,False,False,False,True,True
1386,2020-07-11,,,False,False,,,,,False,False,False,False,False
1388,2020-11-16,2020-09-08,500.0,True,True,2020-09-08,500,69.0,69.0,False,False,False,True,True
1391,2020-12-09,,,False,False,,,,,False,False,False,False,False
1402,2020-11-04,2020-09-14,500.0,True,True,2020-09-14,500,51.0,51.0,False,False,False,True,True
1403,2020-10-07,,,False,False,,,,,False,False,False,False,False
1419,2020-08-13,,,False,False,,,,,False,False,False,False,False
1424,2020-12-01,2020-11-30,100.0,True,True,2020-11-30,100,1.0,1.0,False,True,True,True,True
1425,2020-09-16,2020-08-25,100.0,True,True,2020-08-25,100,22.0,22.0,False,False,True,True,True
1426,2020-09-12,2020-08-01,500.0,True,True,2020-08-01,500,42.0,42.0,False,False,False,True,True
1432,2020-08-07,,,False,False,,,,,False,False,False,False,False
1447,2020-12-14,,,False,False,,,,,False,False,False,False,False
1450,2020-09-12,,,False,False,,,,,False,False,False,False,False
1457,2020-12-12,2020-09-12,500.0,True,True,2020-09-12,500,91.0,91.0,False,False,False,False,True
1464,2020-10-28,,,False,False,,,,,False,False,False,False,False
1466,2020-11-16,,,False,False,,,,,False,False,False,False,False
1468,2020-08-11,,,False,False,,,,,False,False,False,False,False
1499,2020-09-08,2020-07-18,100.0,True,True,2020-07-18,100,52.0,52.0,False,False,False,True,True
1510,2020-09-18,,,False,False,,,,,False,False,False,False,False
1510,2020-11-20,2020-09-18,5000.0,False,False,,,,63.0,False,False,False,False,False
1520,2020-07-18,,,False,False,,,,,False,False,False,False,False
1524,2020-12-12,2020-11-13,100.0,True,True,2020-11-13,100,29.0,29.0,False,False,True,True,True
1533,2020-12-26,2020-11-09,500.0,True,True,2020-11-09,500,47.0,47.0,False,False,False,True,True
1537,2020-10-05,,,False,False,,,,,False,False,False,False,False
1543,2020-12-28,2020-12-02,100.0,True,True,2020-12-02,100,26.0,26.0,False,False,True,True,True
1559,2020-11-16,2020-11-02,1000.0,True,True,2020-11-02,1000,14.0,14.0,False,False,True,True,True
1564,2020-11-11,2020-10-05,500.0,True,True,2020-10-05,500,37.0,37.0,False,False,False,True,True
1567,2020-11-27,2020-11-06,100.0,True,True,2020-11-06,100,21.0,21.0,False,False,True,True,True
1573,2020-09-14,,,False,False,,,,,False,False,False,False,False
1597,2020-12-16,,,False,False,,,,,False,False,False,False,False
1599,2020-09-18,2020-07-18,100.0,True,True,2020-07-18,100,62.0,62.0,False,False,False,True,True
1619,2020-12-14,2020-09-08,100.0,True,True,2020-09-08,100,97.0,97.0,False,False,False,False,True
1624,2020-12-26,2020-12-18,500.0,True,True,2020-12-18,500,8.0,8.0,False,False,True,True,True
1637,2020-09-02,,,False,False,,,,,False,False,False,False,False
1637,2020-12-14,2020-09-02,5000.0,False,False,,,,103.0,False,False,False,False,False
1638,2020-09-24,,,False,False,,,,,False,False,False,False,False
1646,2020-10-23,2020-10-05,100.0,True,True,2020-10-05,100,18.0,18.0,False,False,True,True,True
1649,2020-08-29,,,False,False,,,,,False,False,False,False,False
1651,2020-08-27,,,False,False,,,,,False,False,False,False,False
1651,2020-10-16,2020-08-27,5000.0,False,False,,,,50.0,False,False,False,False,False
1673,2020-12-07,2020-09-02,100.0,True,True,2020-09-02,100,96.0,96.0,False,False,False,False,True
1686,2020-11-16,,,False,False,,,,,False,False,False,False,False
1696,2020-10-21,,,False,False,,,,,False,False,False,False,False
1706,2020-12-16,2020-08-27,500.0,True,True,2020-08-27,500,111.0,111.0,False,False,False,False,True
1709,2020-09-28,,,False,False,,,,,False,False,False,False,False
1750,2020-10-19,2020-09-28,100.0,True,True,2020-09-28,100,21.0,21.0,False,False,True,True,True
1763,2020-11-27,,,False,False,,,,,False,False,False,False,False
1767,2020-12-21,2020-09-26,2000.0,True,True,2020-09-26,2000,86.0,86.0,False,False,False,True,True
1768,2020-12-18,2020-12-09,500.0,True,True,2020-12-09,500,9.0,9.0,False,False,True,True,True
1770,2020-08-27,,,False,False,,,,,False,False,False,False,False
1771,2020-12-11,,,False,False,,,,,False,False,False,False,False
1773,2020-07-25,,,False,False,,,,,False,False,False,False,False
1774,2020-11-20,2020-08-27,100.0,True,True,2020-08-27,100,85.0,85.0,False,False,False,True,True
1786,2020-08-03,,,False,False,,,,,False,False,False,False,False
1810,2020-11-20,,,False,False,,,,,False,False,False,False,False
1811,2020-08-29,,,False,False,,,,,False,False,False,False,False
1811,2020-10-12,2020-08-29,5000.0,False,False,,,,44.0,False,False,False,False,False
1813,2020-08-11,,,False,False,,,,,False,False,False,False,False
1841,2020-09-28,,,False,False,,,,,False,False,False,False,False
1847,2020-08-29,,,False,False,,,,,False,False,False,False,False
1861,2020-12-23,,,False,False,,,,,False,False,False,False,False
1864,2020-10-19,,,False,False,,,,,False,False,False,False,False
1869,2020-09-08,2020-09-04,500.0,True,True,2020-09-04,500,4.0,4.0,False,True,True,True,True
1870,2020-11-11,2020-10-30,500.0,True,True,2020-10-30,500,12.0,12.0,False,False,True,True,True
1873,2020-09-28,,,False,False,,,,,False,False,False,False,False
1876,2020-08-29,,,False,False,,,,,False,False,False,False,False
1879,2020-09-14,,,False,False,,,,,False,False,False,False,False
1881,2020-08-03,,,False,False,,,,,False,False,False,False,False
1894,2020-10-03,,,False,False,,,,,False,False,False,False,False
1904,2020-09-04,2020-08-21,500.0,True,True,2020-08-21,500,14.0,14.0,False,False,True,True,True
1923,2020-12-15,,,False,False,,,,,False,False,False,False,False
1927,2020-10-10,2020-10-05,1000.0,True,True,2020-10-05,1000,5.0,5.0,False,True,True,True,True
1933,2020-09-16,,,False,False,,,,,False,False,False,False,False
1933,2020-11-18,2020-09-16,5000.0,False,False,,,,63.0,False,False,False,False,False
1935,2020-12-14,2020-12-08,100.0,True,True,2020-12-08,100,6.0,6.0,False,True,True,True,True
1939,2020-12-04,,,False,False,,,,,False,False,False,False,False
1948,2020-08-29,,,False,False,,,,,False,False,False,False,False
1950,2020-12-21,2020-11-18,100.0,True,True,2020-11-18,100,33.0,33.0,False,False,False,True,True
1954,2020-12-05,2020-09-08,100.0,True,True,2020-09-08,100,88.0,88.0,False,False,False,True,True
1967,2020-09-24,,,False,False,,,,,False,False,False,False,False
1972,2020-11-02,2020-08-25,100.0,True,True,2020-08-25,100,69.0,69.0,False,False,False,True,True
1976,2020-12-01,2020-09-28,1000.0,True,True,2020-09-28,1000,64.0,64.0,False,False,False,True,True
1990,2020-12-23,2020-08-17,100.0,True,True,2020-08-17,100,128.0,128.0,False,False,False,False,True
1997,2020-12-12,2020-09-02,100.0,True,True,2020-09-02,100,101.0,101.0,False,False,False,False,True
2010,2020-09-24,,,False,False,,,,,False,False,False,False,False
2010,2020-11-09,2020-09-24,5000.0,False,False,,,,46.0,False,False,False,False,False
2013,2020-10-16,2020-09-14,2000.0,True,True,2020-09-14,2000,32.0,32.0,False,False,False,True,True
2035,2020-10-19,2020-08-25,100.0,True,True,2020-08-25,100,55.0,55.0,False,False,False,True,True
2068,2020-08-07,,,False,False,,,,,False,False,False,False,False
2073,2020-12-12,2020-08-07,100.0,True,True,2020-08-07,100,127.0,127.0,False,False,False,False,True
2074,2020-11-18,,,False,False,,,,,False,False,False,False,False
2075,2020-09-30,2020-08-29,500.0,True,True,2020-08-29,500,32.0,32.0,False,False,False,True,True
2078,2020-12-15,2020-09-22,200.0,True,True,2020-09-22,200,84.0,84.0,False,False,False,True,True
2079,2020-10-16,,,False,False,,,,,False,False,False,False,False
2085,2020-08-27,,,False,False,,,,,False,False,False,False,False
2097,2020-08-19,,,False,False,,,,,False,False,False,False,False
2109,2020-12-26,,,False,False,,,,,False,False,False,False,False
2115,2020-10-23,,,False,False,,,,,False,False,False,False,False
2116,2020-12-08,2020-09-28,500.0,True,True,2020-09-28,500,71.0,71.0,False,False,False,True,True
2118,2020-09-12,,,False,False,,,,,False,False,False,False,False
2124,2020-12-22,2020-11-16,100.0,True,True,2020-11-16,100,36.0,36.0,False,False,False,True,True
2125,2020-12-01,,,False,False,,,,,False,False,False,False,False
2142,2020-09-04,2020-08-07,1000.0,True,True,2020-08-07,1000,28.0,28.0,False,False,True,True,True
2150,2020-12-11,2020-11-27,500.0,True,True,2020-11-27,500,14.0,14.0,False,False,True,True,True
2151,2020-12-02,2020-08-25,200.0,True,True,2020-08-25,200,99.0,99.0,False,False,False,False,True
2165,2020-12-11,,,False,False,,,,,False,False,False,False,False
2165,2020-12-25,2020-12-11,5000.0,False,False,,,,14.0,False,False,False,False,False
2169,2020-10-03,2020-09-14,100.0,True,True,2020-09-14,100,19.0,19.0,False,False,True,True,True
2182,2020-07-18,,,False,False,,,,,False,False,False,False,False
2185,2020-08-01,,,False,False,,,,,False,False,False,False,False
2186,2020-09-10,2020-07-18,100.0,True,True,2020-07-18,100,54.0,54.0,False,False,False,True,True
2190,2020-11-25,2020-08-17,500.0,True,True,2020-08-17,500,100.0,100.0,False,False,False,False,True
2190,2020-12-25,2020-12-21,100.0,True,True,2020-12-21,100,4.0,4.0,False,True,True,True,True
2193,2020-09-14,,,False,False,,,,,False,False,False,False,False
2200,2020-08-19,2020-08-11,500.0,True,True,2020-08-11,500,8.0,8.0,False,False,True,True,True
2207,2020-09-22,,,False,False,,,,,False,False,False,False,False
2222,2020-09-02,2020-08-29,100.0,True,True,2020-08-29,100,4.0,4.0,False,True,True,True,True
2241,2020-10-28,,,False,False,,,,,False,False,False,False,False
2264,2020-10-07,2020-09-26,500.0,True,True,2020-09-26,500,11.0,11.0,False,False,True,True,True
2271,2020-09-28,2020-08-25,100.0,True,True,2020-08-25,100,34.0,34.0,False,False,False,True,True
2279,2020-10-05,2020-09-16,100.0,True,True,2020-09-16,100,19.0,19.0,False,False,True,True,True
2293,2020-09-22,,,False,False,,,,,False,False,False,False,False
2296,2020-11-16,,,False,False,,,,,False,False,False,False,False
2306,2020-09-30,2020-07-25,100.0,True,True,2020-07-25,100,67.0,67.0,False,False,False,True,True
2313,2020-08-25,,,False,False,,,,,False,False,False,False,False
2313,2020-12-04,2020-08-25,5000.0,False,False,,,,101.0,False,False,False,False,False
2327,2020-08-07,,,False,False,,,,,False,False,False,False,False
2327,2020-09-14,2020-08-07,5000.0,False,False,,,,38.0,False,False,False,False,False
2330,2020-11-11,2020-09-28,500.0,True,True,2020-09-28,500,44.0,44.0,False,False,False,True,True
2342,2020-09-10,,,False,False,,,,,False,False,False,False,False
2354,2020-09-18,,,False,False,,,,,False,False,False,False,False
2357,2020-08-25,2020-07-11,100.0,True,True,2020-07-11,100,45.0,45.0,False,False,False,True,True
2362,2020-10-05,,,False,False,,,,,False,False,False,False,False
2370,2020-12-15,,,False,False,,,,,False,False,False,False,False
2375,2020-12-15,2020-12-08,500.0,True,True,2020-12-08,500,7.0,7.0,False,True,True,True,True
2383,2020-08-01,,,False,False,,,,,False,False,False,False,False
2383,2020-12-16,2020-10-16,1000.0,True,True,2020-10-16,1000,61.0,61.0,False,False,False,True,True
2384,2020-09-30,,,False,False,,,,,False,False,False,False,False
2387,2020-08-19,,,False,False,,,,,False,False,False,False,False
2417,2020-10-16,,,False,False,,,,,False,False,False,False,False
2423,2020-11-02,2020-10-19,100.0,True,True,2020-10-19,100,14.0,14.0,False,False,True,True,True
2424,2020-12-14,,,False,False,,,,,False,False,False,False,False
2436,2020-10-19,,,False,False,,,,,False,False,False,False,False
2458,2020-08-21,,,False,False,,,,,False,False,False,False,False
2471,2020-08-05,2020-07-18,100.0,True,True,2020-07-18,100,18.0,18.0,False,False,True,True,True
2484,2020-08-17,,,False,False,,,,,False,False,False,False,False
2492,2020-10-09,2020-08-05,100.0,True,True,2020-08-05,100,65.0,65.0,False,False,False,True,True
2493,2020-09-14,,,False,False,,,,,False,False,False,False,False
2512,2020-09-02,,,False,False,,,,,False,False,False,False,False
2515,2020-08-01,,,False,False,,,,,False,False,False,False,False
2529,2020-07-25,,,False,False,,,,,False,False,False,False,False
2531,2020-10-19,2020-09-16,100.0,True,True,2020-09-16,100,33.0,33.0,False,False,False,True,True
2531,2020-12-09,2020-10-21,100.0,True,True,2020-10-21,100,49.0,49.0,False,False,False,True,True
2565,2020-12-23,,,False,False,,,,,False,False,False,False,False
2587,2020-08-17,,,False,False,,,,,False,False,False,False,False
2590,2020-11-23,2020-09-22,500.0,True,True,2020-09-22,500,62.0,62.0,False,False,False,True,True
2598,2020-11-02,2020-10-21,100.0,True,True,2020-10-21,100,12.0,12.0,False,False,True,True,True
2602,2020-12-22,2020-12-18,100.0,True,True,2020-12-18,100,4.0,4.0,False,True,True,True,True
2654,2020-07-11,,,False,False,,,,,False,False,False,False,False
2660,2020-11-04,2020-10-30,500.0,True,True,2020-10-30,500,5.0,5.0,False,True,True,True,True
2661,2020-12-22,,,False,False,,,,,False,False,False,False,False
2666,2020-11-02,2020-10-10,500.0,True,True,2020-10-10,500,23.0,23.0,False,False,True,True,True
2673,2020-11-06,,,False,False,,,,,False,False,False,False,False
2690,2020-08-03,,,False,False,,,,,False,False,False,False,False
2693,2020-11-30,,,False,False,,,,,False,False,False,False,False
2698,2020-12-23,2020-10-10,1000.0,True,True,2020-10-10,1000,74.0,74.0,False,False,False,True,True
2703,2020-11-23,2020-09-02,500.0,True,True,2020-09-02,500,82.0,82.0,False,False,False,True,True
2716,2020-09-18,2020-08-19,100.0,True,True,2020-08-19,100,30.0,30.0,False,False,True,True,True
2721,2020-10-23,2020-09-08,200.0,True,True,2020-09-08,200,45.0,45.0,False,False,False,True,True
2742,2020-08-11,,,False,False,,,,,False,False,False,False,False
2748,2020-12-21,2020-10-26,100.0,True,True,2020-10-26,100,56.0,56.0,False,False,False,True,True
2750,2020-10-23,2020-08-11,2000.0,True,True,2020-08-11,2000,73.0,73.0,False,False,False,True,True
2754,2020-09-04,2020-08-03,500.0,True,True,2020-08-03,500,32.0,32.0,False,False,False,True,True
2758,2020-12-08,2020-11-16,2000.0,True,True,2020-11-16,2000,22.0,22.0,False,False,True,True,True
2760,2020-12-12,2020-11-30,500.0,True,True,2020-11-30,500,12.0,12.0,False,False,True,True,True
2762,2020-08-05,,,False,False,,,,,False,False,False,False,False
2772,2020-09-28,2020-08-03,500.0,True,True,2020-08-03,500,56.0,56.0,False,False,False,True,True
2774,2020-07-18,,,False,False,,,,,False,False,False,False,False
2774,2020-09-30,2020-07-18,5000.0,False,False,,,,74.0,False,False,False,False,False
2774,2020-11-30,2020-09-30,5000.0,False,False,,,,61.0,False,False,False,False,False
2778,2020-11-09,,,False,False,,,,,False,False,False,False,False
2783,2020-08-03,,,False,False,,,,,False,False,False,False,False
2795,2020-11-18,2020-08-01,500.0,True,True,2020-08-01,500,109.0,109.0,False,False,False,False,True
2799,2020-08-03,,,False,False,,,,,False,False,False,False,False
2810,2020-10-30,,,False,False,,,,,False,False,False,False,False
2813,2020-11-27,,,False,False,,,,,False,False,False,False,False
2815,2020-09-16,,,False,False,,,,,False,False,False,False,False
2822,2020-08-17,,,False,False,,,,,False,False,False,False,False
2824,2020-10-10,2020-09-26,500.0,True,True,2020-09-26,500,14.0,14.0,False,False,True,True,True
2831,2020-09-02,,,False,False,,,,,False,False,False,False,False
2831,2020-12-09,2020-10-10,100.0,True,True,2020-10-10,100,60.0,60.0,False,False,False,True,True
2835,2020-12-18,,,False,False,,,,,False,False,False,False,False
2838,2020-08-11,,,False,False,,,,,False,False,False,False,False
2845,2020-11-27,,,False,False,,,,,False,False,False,False,False
2848,2020-10-07,2020-08-13,100.0,True,True,2020-08-13,100,55.0,55.0,False,False,False,True,True
2849,2020-10-23,2020-09-22,200.0,True,True,2020-09-22,200,31.0,31.0,False,False,False,True,True
2855,2020-12-02,2020-08-13,100.0,True,True,2020-08-13,100,111.0,111.0,False,False,False,False,True
2859,2020-12-05,2020-09-10,500.0,True,True,2020-09-10,500,86.0,86.0,False,False,False,True,True
2870,2020-10-16,2020-09-26,100.0,True,True,2020-09-26,100,20.0,20.0,False,False,True,True,True
2872,2020-09-30,2020-08-13,500.0,True,True,2020-08-13,500,48.0,48.0,False,False,False,True,True
2889,2020-10-14,,,False,False,,,,,False,False,False,False,False
2892,2020-12-11,,,False,False,,,,,False,False,False,False,False
2899,2020-08-13,2020-08-03,500.0,True,True,2020-08-03,500,10.0,10.0,False,False,True,True,True
2899,2020-09-18,2020-08-13,5000.0,True,False,2020-08-03,500,46.0,36.0,False,False,False,True,True
2900,2020-10-07,,,False,False,,,,,False,False,False,False,False
2903,2020-07-25,,,False,False,,,,,False,False,False,False,False
2904,2020-08-27,,,False,False,,,,,False,False,False,False,False
2921,2020-09-16,,,False,False,,,,,False,False,False,False,False
2922,2020-09-24,,,False,False,,,,,False,False,False,False,False
2927,2020-09-10,,,False,False,,,,,False,False,False,False,False
2933,2020-12-12,2020-07-18,500.0,True,True,2020-07-18,500,147.0,147.0,False,False,False,False,True
2936,2020-11-11,,,False,False,,,,,False,False,False,False,False
2937,2020-11-11,2020-10-05,100.0,True,True,2020-10-05,100,37.0,37.0,False,False,False,True,True
2947,2020-11-06,2020-10-28,100.0,True,True,2020-10-28,100,9.0,9.0,False,False,True,True,True
2972,2020-11-11,2020-10-21,100.0,True,True,2020-10-21,100,21.0,21.0,False,False,True,True,True
2974,2020-11-06,2020-10-21,100.0,True,True,2020-10-21,100,16.0,16.0,False,False,True,True,True
2988,2020-12-11,2020-12-07,100.0,True,True,2020-12-07,100,4.0,4.0,False,True,True,True,True
2994,2020-09-14,2020-08-29,500.0,True,True,2020-08-29,500,16.0,16.0,False,False,True,True,True
2995,2020-11-11,,,False,False,,,,,False,False,False,False,False
3011,2020-12-25,2020-12-22,500.0,True,True,2020-12-22,500,3.0,3.0,False,True,True,True,True
3016,2020-12-29,2020-11-25,100.0,True,True,2020-11-25,100,34.0,34.0,False,False,False,True,True
3023,2020-09-26,,,False,False,,,,,False,False,False,False,False
3057,2020-12-09,2020-10-23,100.0,True,True,2020-10-23,100,47.0,47.0,False,False,False,True,True
3071,2020-12-09,2020-09-04,1000.0,True,True,2020-09-04,1000,96.0,96.0,False,False,False,False,True
3081,2020-10-19,,,False,False,,,,,False,False,False,False,False
3086,2020-11-25,2020-09-22,200.0,True,True,2020-09-22,200,64.0,64.0,False,False,False,True,True
3093,2020-12-04,2020-11-30,100.0,True,True,2020-11-30,100,4.0,4.0,False,True,True,True,True
3098,2020-08-29,,,False,False,,,,,False,False,False,False,False
3113,2020-12-07,,,False,False,,,,,False,False,False,False,False
3120,2020-12-28,2020-12-11,100.0,True,True,2020-12-11,100,17.0,17.0,False,False,True,True,True
3126,2020-10-09,,,False,False,,,,,False,False,False,False,False
3129,2020-11-27,2020-11-16,500.0,True,True,2020-11-16,500,11.0,11.0,False,False,True,True,True
3131,2020-12-28,2020-11-16,100.0,True,True,2020-11-16,100,42.0,42.0,False,False,False,True,True
3146,2020-09-12,,,False,False,,,,,False,False,False,False,False
3149,2020-12-02,2020-09-28,100.0,True,True,2020-09-28,100,65.0,65.0,False,False,False,True,True
3157,2020-10-07,2020-08-25,200.0,True,True,2020-08-25,200,43.0,43.0,False,False,False,True,True
3174,2020-11-02,,,False,False,,,,,False,False,False,False,False
3192,2020-11-18,,,False,False,,,,,False,False,False,False,False
3195,2020-09-10,,,False,False,,,,,False,False,False,False,False
3203,2020-08-11,,,False,False,,,,,False,False,False,False,False
3206,2020-09-18,,,False,False,,,,,False,False,False,False,False
3207,2020-11-30,2020-11-25,100.0,True,True,2020-11-25,100,5.0,5.0,False,True,True,True,True
3214,2020-09-12,,,False,False,,,,,False,False,False,False,False
3216,2020-10-12,,,False,False,,,,,False,False,False,False,False
3216,2020-12-01,2020-10-12,5000.0,False,False,,,,50.0,False,False,False,False,False
3228,2020-08-01,,,False,False,,,,,False,False,False,False,False
3232,2020-12-30,2020-12-01,200.0,True,True,2020-12-01,200,29.0,29.0,False,False,True,True,True
3245,2020-12-25,2020-11-20,100.0,True,True,2020-11-20,100,35.0,35.0,False,False,False,True,True
3249,2020-11-11,,,False,False,,,,,False,False,False,False,False
3255,2020-08-11,,,False,False,,,,,False,False,False,False,False
3256,2020-09-04,,,False,False,,,,,False,False,False,False,False
3269,2020-10-16,2020-10-03,100.0,True,True,2020-10-03,100,13.0,13.0,False,False,True,True,True
3272,2020-10-16,,,False,False,,,,,False,False,False,False,False
3273,2020-11-30,2020-10-07,500.0,True,True,2020-10-07,500,54.0,54.0,False,False,False,True,True
3279,2020-09-22,,,False,False,,,,,False,False,False,False,False
3283,2020-08-05,,,False,False,,,,,False,False,False,False,False
3294,2020-12-02,2020-10-23,100.0,True,True,2020-10-23,100,40.0,40.0,False,False,False,True,True
3294,2020-12-14,2020-12-07,100.0,True,True,2020-12-07,100,7.0,7.0,False,True,True,True,True
3295,2020-12-23,2020-10-14,500.0,True,True,2020-10-14,500,70.0,70.0,False,False,False,True,True
3300,2020-08-13,,,False,False,,,,,False,False,False,False,False
3306,2020-11-16,,,False,False,,,,,False,False,False,False,False
3309,2020-09-10,,,False,False,,,,,False,False,False,False,False
3332,2020-09-24,2020-09-16,100.0,True,True,2020-09-16,100,8.0,8.0,False,False,True,True,True
3339,2020-08-07,,,False,False,,,,,False,False,False,False,False
3348,2020-10-26,2020-10-21,500.0,True,True,2020-10-21,500,5.0,5.0,False,True,True,True,True
3351,2020-11-06,,,False,False,,,,,False,False,False,False,False
3356,2020-12-15,2020-08-27,100.0,True,True,2020-08-27,100,110.0,110.0,False,False,False,False,True
3363,2020-07-25,,,False,False,,,,,False,False,False,False,False
3371,2020-12-25,,,False,False,,,,,False,False,False,False,False
3385,2020-10-30,,,False,False,,,,,False,False,False,False,False
3401,2020-08-05,,,False,False,,,,,False,False,False,False,False
3415,2020-11-25,,,False,False,,,,,False,False,False,False,False
3444,2020-08-05,,,False,False,,,,,False,False,False,False,False
3445,2020-10-03,,,False,False,,,,,False,False,False,False,False
3448,2020-07-25,,,False,False,,,,,False,False,False,False,False
3453,2020-09-22,,,False,False,,,,,False,False,False,False,False
3459,2020-09-26,,,False,False,,,,,False,False,False,False,False
3464,2020-08-01,,,False,False,,,,,False,False,False,False,False
3465,2020-11-30,,,False,False,,,,,False,False,False,False,False
3470,2020-11-06,2020-11-04,100.0,True,True,2020-11-04,100,2.0,2.0,False,True,True,True,True
3474,2020-10-23,2020-09-26,500.0,True,True,2020-09-26,500,27.0,27.0,False,False,True,True,True
3479,2020-12-29,2020-12-12,100.0,True,True,2020-12-12,100,17.0,17.0,False,False,True,True,True
3481,2020-08-27,,,False,False,,,,,False,False,False,False,False
3489,2020-09-10,,,False,False,,,,,False,False,False,False,False
3489,2020-09-30,2020-09-10,5000.0,False,False,,,,20.0,False,False,False,False,False
3513,2020-12-28,2020-11-20,100.0,True,True,2020-11-20,100,38.0,38.0,False,False,False,True,True
3523,2020-08-11,,,False,False,,,,,False,False,False,False,False
3525,2020-09-26,,,False,False,,,,,False,False,False,False,False
3525,2020-12-29,2020-10-19,100.0,True,True,2020-10-19,100,71.0,71.0,False,False,False,True,True
3530,2020-08-07,,,False,False,,,,,False,False,False,False,False
3535,2020-08-03,,,False,False,,,,,False,False,False,False,False
3537,2020-09-26,2020-09-16,100.0,True,True,2020-09-16,100,10.0,10.0,False,False,True,True,True
3537,2020-12-21,2020-10-12,1000.0,True,True,2020-10-12,1000,70.0,70.0,False,False,False,True,True
3547,2020-12-18,2020-10-07,100.0,True,True,2020-10-07,100,72.0,72.0,False,False,False,True,True
3554,2020-08-07,,,False,False,,,,,False,False,False,False,False
3562,2020-10-26,,,False,False,,,,,False,False,False,False,False
3577,2020-10-14,2020-07-18,500.0,True,True,2020-07-18,500,88.0,88.0,False,False,False,True,True
3586,2020-12-05,2020-09-26,500.0,True,True,2020-09-26,500,70.0,70.0,False,False,False,True,True
3595,2020-11-02,,,False,False,,,,,False,False,False,False,False
3607,2020-11-09,,,False,False,,,,,False,False,False,False,False
3614,2020-11-04,2020-10-26,100.0,True,True,2020-10-26,100,9.0,9.0,False,False,True,True,True
3620,2020-11-13,2020-11-11,500.0,True,True,2020-11-11,500,2.0,2.0,False,True,True,True,True
3622,2020-10-05,2020-09-14,2000.0,True,True,2020-09-14,2000,21.0,21.0,False,False,True,True,True
3625,2020-12-19,2020-12-16,500.0,True,True,2020-12-16,500,3.0,3.0,False,True,True,True,True
3634,2020-10-23,,,False,False,,,,,False,False,False,False,False
3643,2020-10-09,2020-09-28,500.0,True,True,2020-09-28,500,11.0,11.0,False,False,True,True,True
3652,2020-11-27,2020-10-09,100.0,True,True,2020-10-09,100,49.0,49.0,False,False,False,True,True
3655,2020-10-26,,,False,False,,,,,False,False,False,False,False
3659,2020-12-14,2020-10-19,500.0,True,True,2020-10-19,500,56.0,56.0,False,False,False,True,True
3671,2020-10-09,,,False,False,,,,,False,False,False,False,False
3698,2020-09-28,,,False,False,,,,,False,False,False,False,False
3699,2020-12-14,,,False,False,,,,,False,False,False,False,False
3702,2020-10-19,2020-07-11,100.0,True,True,2020-07-11,100,100.0,100.0,False,False,False,False,True
3710,2020-07-11,,,False,False,,,,,False,False,False,False,False
3725,2020-12-08,,,False,False,,,,,False,False,False,False,False
3730,2020-08-05,,,False,False,,,,,False,False,False,False,False
3743,2020-11-27,2020-10-19,100.0,True,True,2020-10-19,100,39.0,39.0,False,False,False,True,True
3749,2020-12-26,2020-12-23,100.0,True,True,2020-12-23,100,3.0,3.0,False,True,True,True,True
3754,2020-11-27,2020-08-07,100.0,True,True,2020-08-07,100,112.0,112.0,False,False,False,False,True
3755,2020-12-04,2020-11-09,2000.0,True,True,2020-11-09,2000,25.0,25.0,False,False,True,True,True
3758,2020-12-19,2020-12-05,100.0,True,True,2020-12-05,100,14.0,14.0,False,False,True,True,True
3762,2020-07-18,,,False,False,,,,,False,False,False,False,False
3764,2020-10-10,2020-08-11,100.0,True,True,2020-08-11,100,60.0,60.0,False,False,False,True,True
3770,2020-12-23,2020-08-27,100.0,True,True,2020-08-27,100,118.0,118.0,False,False,False,False,True
3771,2020-10-03,2020-08-01,500.0,True,True,2020-08-01,500,63.0,63.0,False,False,False,True,True
3780,2020-09-14,2020-07-18,100.0,True,True,2020-07-18,100,58.0,58.0,False,False,False,True,True
3784,2020-09-16,,,False,False,,,,,False,False,False,False,False
3807,2020-09-04,,,False,False,,,,,False,False,False,False,False
3818,2020-12-30,2020-08-05,100.0,True,True,2020-08-05,100,147.0,147.0,False,False,False,False,True
3826,2020-08-17,,,False,False,,,,,False,False,False,False,False
3850,2020-10-03,,,False,False,,,,,False,False,False,False,False
3859,2020-09-08,,,False,False,,,,,False,False,False,False,False
3870,2020-10-03,,,False,False,,,,,False,False,False,False,False
3881,2020-11-18,2020-09-08,100.0,True,True,2020-09-08,100,71.0,71.0,False,False,False,True,True
3885,2020-09-26,,,False,False,,,,,False,False,False,False,False
3899,2020-11-06,,,False,False,,,,,False,False,False,False,False
3900,2020-10-30,,,False,False,,,,,False,False,False,False,False
3937,2020-12-26,2020-09-22,100.0,True,True,2020-09-22,100,95.0,95.0,False,False,False,False,True
3941,2020-07-11,,,False,False,,,,,False,False,False,False,False
3967,2020-08-19,,,False,False,,,,,False,False,False,False,False
3970,2020-12-18,2020-11-23,100.0,True,True,2020-11-23,100,25.0,25.0,False,False,True,True,True
3984,2020-09-16,,,False,False,,,,,False,False,False,False,False
3992,2020-09-14,,,False,False,,,,,False,False,False,False,False
3996,2020-10-26,,,False,False,,,,,False,False,False,False,False
3996,2020-12-21,2020-10-26,5000.0,False,False,,,,56.0,False,False,False,False,False
4011,2020-10-19,2020-10-14,500.0,True,True,2020-10-14,500,5.0,5.0,False,True,True,True,True
4035,2020-08-19,2020-07-25,500.0,True,True,2020-07-25,500,25.0,25.0,False,False,True,True,True
4052,2020-08-05,,,False,False,,,,,False,False,False,False,False
4054,2020-12-16,2020-11-02,2000.0,True,True,2020-11-02,2000,44.0,44.0,False,False,False,True,True
4063,2020-09-10,,,False,False,,,,,False,False,False,False,False
4064,2020-11-13,2020-09-12,100.0,True,True,2020-09-12,100,62.0,62.0,False,False,False,True,True
4068,2020-12-08,2020-12-02,100.0,True,True,2020-12-02,100,6.0,6.0,False,True,True,True,True
4080,2020-12-18,2020-07-18,2000.0,True,True,2020-07-18,2000,153.0,153.0,False,False,False,False,True
4089,2020-11-20,2020-09-30,100.0,True,True,2020-09-30,100,51.0,51.0,False,False,False,True,True
4095,2020-11-09,2020-09-22,100.0,True,True,2020-09-22,100,48.0,48.0,False,False,False,True,True
4097,2020-08-05,,,False,False,,,,,False,False,False,False,False
4101,2020-11-02,2020-09-14,100.0,True,True,2020-09-14,100,49.0,49.0,False,False,False,True,True
4106,2020-08-21,2020-07-25,100.0,True,True,2020-07-25,100,27.0,27.0,False,False,True,True,True
4116,2020-08-01,,,False,False,,,,,False,False,False,False,False
4118,2020-12-25,2020-12-04,100.0,True,True,2020-12-04,100,21.0,21.0,False,False,True,True,True
4156,2020-12-15,2020-10-12,100.0,True,True,2020-10-12,100,64.0,64.0,False,False,False,True,True
4161,2020-08-05,,,False,False,,,,,False,False,False,False,False
4169,2020-09-24,,,False,False,,,,,False,False,False,False,False
4169,2020-09-26,2020-09-24,5000.0,False,False,,,,2.0,False,False,False,False,False
4177,2020-11-18,,,False,False,,,,,False,False,False,False,False
4181,2020-09-30,,,False,False,,,,,False,False,False,False,False
4181,2020-10-05,2020-09-30,5000.0,False,False,,,,5.0,False,False,False,False,False
4181,2020-10-19,2020-10-05,5000.0,False,False,,,,14.0,False,False,False,False,False
4184,2020-10-05,,,False,False,,,,,False,False,False,False,False
4203,2020-12-09,2020-08-25,200.0,True,True,2020-08-25,200,106.0,106.0,False,False,False,False,True
4212,2020-12-07,2020-11-13,500.0,True,True,2020-11-13,500,24.0,24.0,False,False,True,True,True
4213,2020-12-05,,,False,False,,,,,False,False,False,False,False
4216,2020-12-08,2020-09-22,200.0,True,True,2020-09-22,200,77.0,77.0,False,False,False,True,True
4235,2020-12-02,,,False,False,,,,,False,False,False,False,False
4251,2020-08-13,,,False,False,,,,,False,False,False,False,False
4252,2020-08-27,2020-08-21,100.0,True,True,2020-08-21,100,6.0,6.0,False,True,True,True,True
4252,2020-09-24,2020-09-08,500.0,True,True,2020-09-08,500,16.0,16.0,False,False,True,True,True
4252,2020-12-01,2020-09-24,5000.0,True,False,2020-09-08,500,84.0,68.0,False,False,False,True,True
4252,2020-12-30,2020-12-01,5000.0,True,False,2020-09-08,500,113.0,29.0,False,False,False,False,True
4256,2020-11-16,2020-11-11,500.0,True,True,2020-11-11,500,5.0,5.0,False,True,True,True,True
4256,2020-12-08,2020-11-16,5000.0,True,False,2020-11-11,500,27.0,22.0,False,False,True,True,True
4267,2020-08-11,,,False,False,,,,,False,False,False,False,False
4267,2020-12-15,2020-11-09,100.0,True,True,2020-11-09,100,36.0,36.0,False,False,False,True,True
4270,2020-10-12,2020-08-29,100.0,True,True,2020-08-29,100,44.0,44.0,False,False,False,True,True
4281,2020-12-21,2020-08-27,1000.0,True,True,2020-08-27,1000,116.0,116.0,False,False,False,False,True
4285,2020-08-27,,,False,False,,,,,False,False,False,False,False
4286,2020-08-13,,,False,False,,,,,False,False,False,False,False
4292,2020-10-19,,,False,False,,,,,False,False,False,False,False
4301,2020-11-30,2020-08-27,100.0,True,True,2020-08-27,100,95.0,95.0,False,False,False,False,True
4317,2020-11-27,2020-10-30,1000.0,True,True,2020-10-30,1000,28.0,28.0,False,False,True,True,True
4320,2020-12-15,2020-07-11,100.0,True,True,2020-07-11,100,157.0,157.0,False,False,False,False,True
4323,2020-12-01,2020-10-16,500.0,True,True,2020-10-16,500,46.0,46.0,False,False,False,True,True
4329,2020-08-21,2020-08-13,100.0,True,True,2020-08-13,100,8.0,8.0,False,False,True,True,True
4336,2020-12-14,2020-11-02,100.0,True,True,2020-11-02,100,42.0,42.0,False,False,False,True,True
4354,2020-08-13,,,False,False,,,,,False,False,False,False,False
4357,2020-11-06,,,False,False,,,,,False,False,False,False,False
4374,2020-11-11,2020-08-17,100.0,True,True,2020-08-17,100,86.0,86.0,False,False,False,True,True
4375,2020-09-10,,,False,False,,,,,False,False,False,False,False
4378,2020-08-25,,,False,False,,,,,False,False,False,False,False
4385,2020-08-21,,,False,False,,,,,False,False,False,False,False
4387,2020-11-06,2020-09-10,100.0,True,True,2020-09-10,100,57.0,57.0,False,False,False,True,True
4411,2020-10-09,,,False,False,,,,,False,False,False,False,False
4414,2020-08-27,,,False,False,,,,,False,False,False,False,False
4422,2020-12-01,2020-09-18,100.0,True,True,2020-09-18,100,74.0,74.0,False,False,False,True,True
4436,2020-12-09,,,False,False,,,,,False,False,False,False,False
4437,2020-11-02,2020-09-14,100.0,True,True,2020-09-14,100,49.0,49.0,False,False,False,True,True
4439,2020-11-09,,,False,False,,,,,False,False,False,False,False
4450,2020-10-05,,,False,False,,,,,False,False,False,False,False
4462,2020-11-04,2020-08-05,2000.0,True,True,2020-08-05,2000,91.0,91.0,False,False,False,False,True
4463,2020-12-21,,,False,False,,,,,False,False,False,False,False
4464,2020-10-14,2020-10-12,100.0,True,True,2020-10-12,100,2.0,2.0,False,True,True,True,True
4467,2020-12-09,2020-11-18,100.0,True,True,2020-11-18,100,21.0,21.0,False,False,True,True,True
4476,2020-10-03,2020-08-25,100.0,True,True,2020-08-25,100,39.0,39.0,False,False,False,True,True
4493,2020-10-21,2020-10-07,100.0,True,True,2020-10-07,100,14.0,14.0,False,False,True,True,True
4494,2020-08-19,,,False,False,,,,,False,False,False,False,False
4504,2020-07-25,,,False,False,,,,,False,False,False,False,False
4516,2020-09-24,2020-09-02,500.0,True,True,2020-09-02,500,22.0,22.0,False,False,True,True,True
4523,2020-12-19,2020-12-01,100.0,True,True,2020-12-01,100,18.0,18.0,False,False,True,True,True
4549,2020-08-19,,,False,False,,,,,False,False,False,False,False
4564,2020-09-08,,,False,False,,,,,False,False,False,False,False
4592,2020-08-01,,,False,False,,,,,False,False,False,False,False
4618,2020-09-08,,,False,False,,,,,False,False,False,False,False
4621,2020-12-19,,,False,False,,,,,False,False,False,False,False
4639,2020-10-10,,,False,False,,,,,False,False,False,False,False
4663,2020-12-29,2020-12-18,100.0,True,True,2020-12-18,100,11.0,11.0,False,False,True,True,True
4676,2020-10-09,,,False,False,,,,,False,False,False,False,False
4676,2020-12-19,2020-10-09,5000.0,False,False,,,,71.0,False,False,False,False,False
4680,2020-10-12,,,False,False,,,,,False,False,False,False,False
4680,2020-12-09,2020-10-12,5000.0,False,False,,,,58.0,False,False,False,False,False
4691,2020-10-14,,,False,False,,,,,False,False,False,False,False
4695,2020-10-10,2020-08-05,100.0,True,True,2020-08-05,100,66.0,66.0,False,False,False,True,True
4701,2020-09-30,,,False,False,,,,,False,False,False,False,False
4722,2020-07-18,,,False,False,,,,,False,False,False,False,False
4723,2020-10-21,2020-08-17,500.0,True,True,2020-08-17,500,65.0,65.0,False,False,False,True,True
4738,2020-09-16,,,False,False,,,,,False,False,False,False,False
4739,2020-12-21,,,False,False,,,,,False,False,False,False,False
4753,2020-12-02,,,False,False,,,,,False,False,False,False,False
4757,2020-08-27,,,False,False,,,,,False,False,False,False,False
4762,2020-10-09,,,False,False,,,,,False,False,False,False,False
4782,2020-08-11,,,False,False,,,,,False,False,False,False,False
4782,2020-10-23,2020-08-11,5000.0,False,False,,,,73.0,False,False,False,False,False
4784,2020-11-13,2020-09-30,100.0,True,True,2020-09-30,100,44.0,44.0,False,False,False,True,True
4793,2020-12-08,2020-10-23,500.0,True,True,2020-10-23,500,46.0,46.0,False,False,False,True,True
4794,2020-11-18,,,False,False,,,,,False,False,False,False,False
4804,2020-12-30,2020-11-30,500.0,True,True,2020-11-30,500,30.0,30.0,False,False,True,True,True
4810,2020-12-12,2020-12-11,100.0,True,True,2020-12-11,100,1.0,1.0,False,True,True,True,True
4824,2020-12-14,2020-09-08,100.0,True,True,2020-09-08,100,97.0,97.0,False,False,False,False,True
4827,2020-12-25,2020-11-02,100.0,True,True,2020-11-02,100,53.0,53.0,False,False,False,True,True
4846,2020-10-26,2020-10-23,100.0,True,True,2020-10-23,100,3.0,3.0,False,True,True,True,True
4865,2020-10-28,2020-10-19,100.0,True,True,2020-10-19,100,9.0,9.0,False,False,True,True,True
4871,2020-10-14,2020-09-14,100.0,True,True,2020-09-14,100,30.0,30.0,False,False,True,True,True
4904,2020-07-18,,,False,False,,,,,False,False,False,False,False
4910,2020-12-08,2020-11-13,1000.0,True,True,2020-11-13,1000,25.0,25.0,False,False,True,True,True
4914,2020-12-07,2020-10-21,1000.0,True,True,2020-10-21,1000,47.0,47.0,False,False,False,True,True
4914,2020-12-22,2020-12-07,5000.0,True,False,2020-10-21,1000,62.0,15.0,False,False,False,True,True
4929,2020-12-16,2020-10-23,500.0,True,True,2020-10-23,500,54.0,54.0,False,False,False,True,True
4930,2020-10-12,2020-09-04,100.0,True,True,2020-09-04,100,38.0,38.0,False,False,False,True,True
4934,2020-08-03,2020-07-25,100.0,True,True,2020-07-25,100,9.0,9.0,False,False,True,True,True
4941,2020-12-18,2020-12-08,100.0,True,True,2020-12-08,100,10.0,10.0,False,False,True,True,True
4943,2020-11-09,,,False,False,,,,,False,False,False,False,False
4946,2020-10-30,,,False,False,,,,,False,False,False,False,False
4951,2020-12-04,2020-11-18,100.0,True,True,2020-11-18,100,16.0,16.0,False,False,True,True,True
4953,2020-11-09,,,False,False,,,,,False,False,False,False,False
4953,2020-11-25,2020-11-09,5000.0,False,False,,,,16.0,False,False,False,False,False
4960,2020-10-30,2020-09-28,1000.0,True,True,2020-09-28,1000,32.0,32.0,False,False,False,True,True
4978,2020-10-07,2020-09-04,100.0,True,True,2020-09-04,100,33.0,33.0,False,False,False,True,True
4983,2020-12-08,2020-12-01,200.0,True,True,2020-12-01,200,7.0,7.0,False,True,True,True,True
4998,2020-11-04,,,False,False,,,,,False,False,False,False,False
5000,2020-11-13,2020-07-25,1000.0,True,True,2020-07-25,1000,111.0,111.0,False,False,False,False,True
5011,2020-08-03,,,False,False,,,,,False,False,False,False,False
5018,2020-09-10,,,False,False,,,,,False,False,False,False,False
5023,2020-12-16,2020-08-17,1000.0,True,True,2020-08-17,1000,121.0,121.0,False,False,False,False,True
5029,2020-12-28,2020-12-02,1000.0,True,True,2020-12-02,1000,26.0,26.0,False,False,True,True,True
5035,2020-10-07,2020-09-28,100.0,True,True,2020-09-28,100,9.0,9.0,False,False,True,True,True
5053,2020-09-02,,,False,False,,,,,False,False,False,False,False
5068,2020-11-11,2020-10-30,100.0,True,True,2020-10-30,100,12.0,12.0,False,False,True,True,True
5084,2020-10-03,2020-09-30,500.0,True,True,2020-09-30,500,3.0,3.0,False,True,True,True,True
5084,2020-12-23,2020-12-14,500.0,True,True,2020-12-14,500,9.0,9.0,False,False,True,True,True
5090,2020-12-22,2020-12-04,500.0,True,True,2020-12-04,500,18.0,18.0,False,False,True,True,True
5101,2020-12-07,2020-09-18,100.0,True,True,2020-09-18,100,80.0,80.0,False,False,False,True,True
5105,2020-12-07,2020-09-30,100.0,True,True,2020-09-30,100,68.0,68.0,False,False,False,True,True
5108,2020-09-12,,,False,False,,,,,False,False,False,False,False
5111,2020-12-01,2020-10-12,500.0,True,True,2020-10-12,500,50.0,50.0,False,False,False,True,True
5116,2020-08-03,,,False,False,,,,,False,False,False,False,False
5133,2020-12-19,2020-08-19,500.0,True,True,2020-08-19,500,122.0,122.0,False,False,False,False,True
5139,2020-11-04,,,False,False,,,,,False,False,False,False,False
5142,2020-11-04,,,False,False,,,,,False,False,False,False,False
5161,2020-10-14,2020-08-19,100.0,True,True,2020-08-19,100,56.0,56.0,False,False,False,True,True
5163,2020-07-25,2020-07-11,500.0,True,True,2020-07-11,500,14.0,14.0,False,False,True,True,True
5166,2020-09-08,2020-08-21,500.0,True,True,2020-08-21,500,18.0,18.0,False,False,True,True,True
5168,2020-10-26,,,False,False,,,,,False,False,False,False,False
5179,2020-09-08,,,False,False,,,,,False,False,False,False,False
5189,2020-07-18,,,False,False,,,,,False,False,False,False,False
5190,2020-08-17,,,False,False,,,,,False,False,False,False,False
5194,2020-08-25,,,False,False,,,,,False,False,False,False,False
5202,2020-08-29,2020-08-11,100.0,True,True,2020-08-11,100,18.0,18.0,False,False,True,True,True
5203,2020-12-26,2020-12-22,100.0,True,True,2020-12-22,100,4.0,4.0,False,True,True,True,True
5206,2020-09-12,2020-09-02,500.0,True,True,2020-09-02,500,10.0,10.0,False,False,True,True,True
5212,2020-11-06,2020-10-28,2000.0,True,True,2020-10-28,2000,9.0,9.0,False,False,True,True,True
5212,2020-12-30,2020-11-06,5000.0,True,False,2020-10-28,2000,63.0,54.0,False,False,False,True,True
5213,2020-09-28,,,False,False,,,,,False,False,False,False,False
5213,2020-11-27,2020-09-28,5000.0,False,False,,,,60.0,False,False,False,False,False
5221,2020-10-23,,,False,False,,,,,False,False,False,False,False
5227,2020-10-05,,,False,False,,,,,False,False,False,False,False
5228,2020-11-04,,,False,False,,,,,False,False,False,False,False
5237,2020-09-18,2020-07-18,100.0,True,True,2020-07-18,100,62.0,62.0,False,False,False,True,True
5261,2020-11-02,2020-10-19,100.0,True,True,2020-10-19,100,14.0,14.0,False,False,True,True,True
5273,2020-11-23,2020-10-21,100.0,True,True,2020-10-21,100,33.0,33.0,False,False,False,True,True
5274,2020-12-19,2020-10-19,2000.0,True,True,2020-10-19,2000,61.0,61.0,False,False,False,True,True
5279,2020-09-26,,,False,False,,,,,False,False,False,False,False
5289,2020-10-28,2020-10-05,500.0,True,True,2020-10-05,500,23.0,23.0,False,False,True,True,True
5297,2020-08-07,2020-07-11,100.0,True,True,2020-07-11,100,27.0,27.0,False,False,True,True,True
5298,2020-08-17,,,False,False,,,,,False,False,False,False,False
5307,2020-09-04,,,False,False,,,,,False,False,False,False,False
5310,2020-12-14,2020-11-30,100.0,True,True,2020-11-30,100,14.0,14.0,False,False,True,True,True
5313,2020-11-25,2020-07-25,100.0,True,True,2020-07-25,100,123.0,123.0,False,False,False,False,True
5314,2020-12-30,2020-12-08,100.0,True,True,2020-12-08,100,22.0,22.0,False,False,True,True,True
5320,2020-08-25,,,False,False,,,,,False,False,False,False,False
5326,2020-08-07,,,False,False,,,,,False,False,False,False,False
5333,2020-08-05,2020-08-01,100.0,True,True,2020-08-01,100,4.0,4.0,False,True,True,True,True
5335,2020-11-04,2020-09-02,500.0,True,True,2020-09-02,500,63.0,63.0,False,False,False,True,True
5349,2020-10-07,,,False,False,,,,,False,False,False,False,False
5359,2020-12-21,2020-08-07,500.0,True,True,2020-08-07,500,136.0,136.0,False,False,False,False,True
5366,2020-12-01,2020-10-26,500.0,True,True,2020-10-26,500,36.0,36.0,False,False,False,True,True
5370,2020-10-30,2020-07-18,500.0,True,True,2020-07-18,500,104.0,104.0,False,False,False,False,True
5372,2020-09-18,2020-09-04,1000.0,True,True,2020-09-04,1000,14.0,14.0,False,False,True,True,True
5376,2020-12-05,2020-07-11,100.0,True,True,2020-07-11,100,147.0,147.0,False,False,False,False,True
5378,2020-12-09,2020-10-19,500.0,True,True,2020-10-19,500,51.0,51.0,False,False,False,True,True
5381,2020-11-27,2020-08-25,100.0,True,True,2020-08-25,100,94.0,94.0,False,False,False,False,True
5395,2020-09-04,,,False,False,,,,,False,False,False,False,False
5397,2020-10-09,2020-09-12,500.0,True,True,2020-09-12,500,27.0,27.0,False,False,True,True,True
5401,2020-07-18,,,False,False,,,,,False,False,False,False,False
5403,2020-08-27,,,False,False,,,,,False,False,False,False,False
5424,2020-08-17,,,False,False,,,,,False,False,False,False,False
5424,2020-11-20,2020-08-17,5000.0,False,False,,,,95.0,False,False,False,False,False
5425,2020-07-25,,,False,False,,,,,False,False,False,False,False
5426,2020-12-12,2020-10-07,500.0,True,True,2020-10-07,500,66.0,66.0,False,False,False,True,True
5431,2020-12-22,2020-12-12,100.0,True,True,2020-12-12,100,10.0,10.0,False,False,True,True,True
5433,2020-09-24,,,False,False,,,,,False,False,False,False,False
5436,2020-09-28,,,False,False,,,,,False,False,False,False,False
5436,2020-10-23,2020-10-05,100.0,True,True,2020-10-05,100,18.0,18.0,False,False,True,True,True
5442,2020-12-02,2020-08-27,500.0,True,True,2020-08-27,500,97.0,97.0,False,False,False,False,True
5446,2020-09-08,,,False,False,,,,,False,False,False,False,False
5453,2020-08-05,,,False,False,,,,,False,False,False,False,False
5458,2020-09-04,,,False,False,,,,,False,False,False,False,False
5462,2020-12-02,2020-09-28,100.0,True,True,2020-09-28,100,65.0,65.0,False,False,False,True,True
5467,2020-08-19,,,False,False,,,,,False,False,False,False,False
5483,2020-08-03,,,False,False,,,,,False,False,False,False,False
5491,2020-09-28,,,False,False,,,,,False,False,False,False,False
5491,2020-10-10,2020-09-28,5000.0,False,False,,,,12.0,False,False,False,False,False
5495,2020-09-26,2020-08-27,100.0,True,True,2020-08-27,100,30.0,30.0,False,False,True,True,True
5497,2020-12-19,2020-11-18,100.0,True,True,2020-11-18,100,31.0,31.0,False,False,False,True,True
5502,2020-11-23,2020-08-17,100.0,True,True,2020-08-17,100,98.0,98.0,False,False,False,False,True
5504,2020-10-10,,,False,False,,,,,False,False,False,False,False
5509,2020-10-21,2020-10-09,500.0,True,True,2020-10-09,500,12.0,12.0,False,False,True,True,True
5519,2020-09-26,2020-08-21,1000.0,True,True,2020-08-21,1000,36.0,36.0,False,False,False,True,True
5526,2020-12-18,2020-11-09,100.0,True,True,2020-11-09,100,39.0,39.0,False,False,False,True,True
5528,2020-11-30,2020-09-12,100.0,True,True,2020-09-12,100,79.0,79.0,False,False,False,True,True
5534,2020-12-05,2020-08-13,100.0,True,True,2020-08-13,100,114.0,114.0,False,False,False,False,True
5545,2020-08-11,,,False,False,,,,,False,False,False,False,False
5567,2020-11-11,,,False,False,,,,,False,False,False,False,False
5568,2020-08-21,,,False,False,,,,,False,False,False,False,False
5586,2020-09-24,,,False,False,,,,,False,False,False,False,False
5591,2020-11-04,2020-09-14,100.0,True,True,2020-09-14,100,51.0,51.0,False,False,False,True,True
5593,2020-12-18,2020-11-09,500.0,True,True,2020-11-09,500,39.0,39.0,False,False,False,True,True
5620,2020-11-04,2020-08-05,500.0,True,True,2020-08-05,500,91.0,91.0,False,False,False,False,True
5626,2020-10-21,,,False,False,,,,,False,False,False,False,False
5648,2020-07-11,,,False,False,,,,,False,False,False,False,False
5655,2020-12-07,2020-11-30,100.0,True,True,2020-11-30,100,7.0,7.0,False,True,True,True,True
5656,2020-12-12,2020-10-10,500.0,True,True,2020-10-10,500,63.0,63.0,False,False,False,True,True
5661,2020-12-26,2020-11-27,100.0,True,True,2020-11-27,100,29.0,29.0,False,False,True,True,True
5662,2020-09-08,2020-08-03,500.0,True,True,2020-08-03,500,36.0,36.0,False,False,False,True,True
5683,2020-12-29,2020-12-28,500.0,True,True,2020-12-28,500,1.0,1.0,False,True,True,True,True
5696,2020-11-27,2020-08-21,1000.0,True,True,2020-08-21,1000,98.0,98.0,False,False,False,False,True
5716,2020-09-28,,,False,False,,,,,False,False,False,False,False
5716,2020-10-12,2020-09-28,5000.0,False,False,,,,14.0,False,False,False,False,False
5717,2020-09-12,2020-08-25,500.0,True,True,2020-08-25,500,18.0,18.0,False,False,True,True,True
5718,2020-11-06,2020-09-16,1000.0,True,True,2020-09-16,1000,51.0,51.0,False,False,False,True,True
5734,2020-12-28,2020-12-19,2000.0,True,True,2020-12-19,2000,9.0,9.0,False,False,True,True,True
5736,2020-11-18,2020-09-24,100.0,True,True,2020-09-24,100,55.0,55.0,False,False,False,True,True
5748,2020-08-01,,,False,False,,,,,False,False,False,False,False
5754,2020-12-05,,,False,False,,,,,False,False,False,False,False
5756,2020-12-28,2020-08-03,500.0,True,True,2020-08-03,500,147.0,147.0,False,False,False,False,True
5759,2020-11-30,,,False,False,,,,,False,False,False,False,False
5760,2020-11-13,2020-10-19,100.0,True,True,2020-10-19,100,25.0,25.0,False,False,True,True,True
5762,2020-08-27,,,False,False,,,,,False,False,False,False,False
5762,2020-09-04,2020-08-27,5000.0,False,False,,,,8.0,False,False,False,False,False
5787,2020-09-30,,,False,False,,,,,False,False,False,False,False
5799,2020-07-25,,,False,False,,,,,False,False,False,False,False
5813,2020-12-23,2020-12-07,100.0,True,True,2020-12-07,100,16.0,16.0,False,False,True,True,True
5820,2020-11-23,2020-08-29,500.0,True,True,2020-08-29,500,86.0,86.0,False,False,False,True,True
5826,2020-08-29,,,False,False,,,,,False,False,False,False,False
5856,2020-11-06,,,False,False,,,,,False,False,False,False,False
5857,2020-11-25,2020-11-09,100.0,True,True,2020-11-09,100,16.0,16.0,False,False,True,True,True
5859,2020-09-10,,,False,False,,,,,False,False,False,False,False
5862,2020-10-14,2020-09-30,500.0,True,True,2020-09-30,500,14.0,14.0,False,False,True,True,True
5877,2020-11-23,2020-08-17,100.0,True,True,2020-08-17,100,98.0,98.0,False,False,False,False,True
5877,2020-12-29,2020-12-25,100.0,True,True,2020-12-25,100,4.0,4.0,False,True,True,True,True
5882,2020-09-12,2020-08-17,100.0,True,True,2020-08-17,100,26.0,26.0,False,False,True,True,True
5882,2020-11-16,2020-09-12,5000.0,True,False,2020-08-17,100,91.0,65.0,False,False,False,False,True
5887,2020-08-19,,,False,False,,,,,False,False,False,False,False
5902,2020-10-21,,,False,False,,,,,False,False,False,False,False
5902,2020-11-25,2020-10-21,5000.0,False,False,,,,35.0,False,False,False,False,False
5913,2020-08-29,2020-08-11,1000.0,True,True,2020-08-11,1000,18.0,18.0,False,False,True,True,True
5920,2020-09-22,,,False,False,,,,,False,False,False,False,False
5941,2020-10-30,2020-08-11,100.0,True,True,2020-08-11,100,80.0,80.0,False,False,False,True,True
5968,2020-12-28,2020-12-16,500.0,True,True,2020-12-16,500,12.0,12.0,False,False,True,True,True
5980,2020-08-07,,,False,False,,,,,False,False,False,False,False
6009,2020-09-08,,,False,False,,,,,False,False,False,False,False
6016,2020-12-16,2020-12-15,100.0,True,True,2020-12-15,100,1.0,1.0,False,True,True,True,True
6018,2020-09-18,,,False,False,,,,,False,False,False,False,False
6020,2020-12-21,2020-08-17,100.0,True,True,2020-08-17,100,126.0,126.0,False,False,False,False,True
6021,2020-12-04,,,False,False,,,,,False,False,False,False,False
6028,2020-10-14,2020-09-02,1000.0,True,True,2020-09-02,1000,42.0,42.0,False,False,False,True,True
6040,2020-09-26,,,False,False,,,,,False,False,False,False,False
6040,2020-12-22,2020-10-23,100.0,True,True,2020-10-23,100,60.0,60.0,False,False,False,True,True
6042,2020-11-13,2020-10-03,100.0,True,True,2020-10-03,100,41.0,41.0,False,False,False,True,True
6057,2020-09-02,,,False,False,,,,,False,False,False,False,False
6087,2020-12-09,2020-11-16,500.0,True,True,2020-11-16,500,23.0,23.0,False,False,True,True,True
6117,2020-09-28,,,False,False,,,,,False,False,False,False,False
6135,2020-08-25,,,False,False,,,,,False,False,False,False,False
6150,2020-09-16,,,False,False,,,,,False,False,False,False,False
6151,2020-11-20,2020-09-04,1000.0,True,True,2020-09-04,1000,77.0,77.0,False,False,False,True,True
6153,2020-12-29,2020-11-16,2000.0,True,True,2020-11-16,2000,43.0,43.0,False,False,False,True,True
6164,2020-12-11,,,False,False,,,,,False,False,False,False,False
6164,2020-12-14,2020-12-11,5000.0,False,False,,,,3.0,False,False,False,False,False
6166,2020-10-16,2020-09-26,500.0,True,True,2020-09-26,500,20.0,20.0,False,False,True,True,True
6166,2020-10-26,2020-10-16,5000.0,True,False,2020-09-26,500,30.0,10.0,False,False,True,True,True
6168,2020-12-29,2020-12-25,100.0,True,True,2020-12-25,100,4.0,4.0,False,True,True,True,True
6172,2020-08-05,,,False,False,,,,,False,False,False,False,False
6174,2020-12-28,2020-11-11,100.0,True,True,2020-11-11,100,47.0,47.0,False,False,False,True,True
6184,2020-12-28,2020-12-01,100.0,True,True,2020-12-01,100,27.0,27.0,False,False,True,True,True
6192,2020-10-19,,,False,False,,,,,False,False,False,False,False
6197,2020-12-01,2020-10-03,500.0,True,True,2020-10-03,500,59.0,59.0,False,False,False,True,True
6197,2020-12-18,2020-12-01,5000.0,True,False,2020-10-03,500,76.0,17.0,False,False,False,True,True
6199,2020-12-05,2020-09-28,100.0,True,True,2020-09-28,100,68.0,68.0,False,False,False,True,True
6222,2020-12-16,,,False,False,,,,,False,False,False,False,False
6232,2020-10-10,2020-08-19,100.0,True,True,2020-08-19,100,52.0,52.0,False,False,False,True,True
6234,2020-12-29,2020-11-27,100.0,True,True,2020-11-27,100,32.0,32.0,False,False,False,True,True
6237,2020-10-23,,,False,False,,,,,False,False,False,False,False
6262,2020-10-21,2020-10-16,100.0,True,True,2020-10-16,100,5.0,5.0,False,True,True,True,True
6263,2020-10-26,,,False,False,,,,,False,False,False,False,False
6280,2020-12-19,2020-12-16,100.0,True,True,2020-12-16,100,3.0,3.0,False,True,True,True,True
6286,2020-10-05,2020-08-17,2000.0,True,True,2020-08-17,2000,49.0,49.0,False,False,False,True,True
6291,2020-12-18,2020-11-02,100.0,True,True,2020-11-02,100,46.0,46.0,False,False,False,True,True
6292,2020-08-29,,,False,False,,,,,False,False,False,False,False
6297,2020-11-02,2020-10-12,100.0,True,True,2020-10-12,100,21.0,21.0,False,False,True,True,True
6300,2020-10-09,,,False,False,,,,,False,False,False,False,False
6306,2020-08-03,,,False,False,,,,,False,False,False,False,False
6310,2020-10-10,,,False,False,,,,,False,False,False,False,False
6315,2020-08-13,,,False,False,,,,,False,False,False,False,False
6318,2020-08-13,,,False,False,,,,,False,False,False,False,False
6318,2020-12-01,2020-09-26,2000.0,True,True,2020-09-26,2000,66.0,66.0,False,False,False,True,True
6337,2020-08-03,,,False,False,,,,,False,False,False,False,False
6338,2020-07-18,,,False,False,,,,,False,False,False,False,False
6357,2020-09-22,,,False,False,,,,,False,False,False,False,False
6358,2020-09-16,,,False,False,,,,,False,False,False,False,False
6369,2020-08-03,,,False,False,,,,,False,False,False,False,False
6377,2020-09-08,2020-08-01,100.0,True,True,2020-08-01,100,38.0,38.0,False,False,False,True,True
6381,2020-10-26,,,False,False,,,,,False,False,False,False,False
6384,2020-10-12,,,False,False,,,,,False,False,False,False,False
6385,2020-11-25,2020-10-23,100.0,True,True,2020-10-23,100,33.0,33.0,False,False,False,True,True
6395,2020-09-16,2020-09-02,500.0,True,True,2020-09-02,500,14.0,14.0,False,False,True,True,True
6420,2020-10-30,,,False,False,,,,,False,False,False,False,False
6434,2020-08-25,2020-08-17,100.0,True,True,2020-08-17,100,8.0,8.0,False,False,True,True,True
6458,2020-10-26,2020-09-22,500.0,True,True,2020-09-22,500,34.0,34.0,False,False,False,True,True
6467,2020-08-21,,,False,False,,,,,False,False,False,False,False
6473,2020-10-10,2020-09-14,500.0,True,True,2020-09-14,500,26.0,26.0,False,False,True,True,True
6475,2020-12-21,2020-08-19,500.0,True,True,2020-08-19,500,124.0,124.0,False,False,False,False,True
6481,2020-10-19,2020-08-21,100.0,True,True,2020-08-21,100,59.0,59.0,False,False,False,True,True
6498,2020-08-25,,,False,False,,,,,False,False,False,False,False
6500,2020-12-08,2020-11-27,500.0,True,True,2020-11-27,500,11.0,11.0,False,False,True,True,True
6503,2020-07-18,,,False,False,,,,,False,False,False,False,False
6512,2020-12-19,2020-09-02,1000.0,True,True,2020-09-02,1000,108.0,108.0,False,False,False,False,True
6522,2020-09-16,,,False,False,,,,,False,False,False,False,False
6526,2020-11-04,2020-09-30,100.0,True,True,2020-09-30,100,35.0,35.0,False,False,False,True,True
6527,2020-09-02,2020-07-18,100.0,True,True,2020-07-18,100,46.0,46.0,False,False,False,True,True
6528,2020-11-04,2020-08-11,200.0,True,True,2020-08-11,200,85.0,85.0,False,False,False,True,True
6533,2020-08-21,,,False,False,,,,,False,False,False,False,False
6536,2020-08-13,,,False,False,,,,,False,False,False,False,False
6539,2020-11-09,,,False,False,,,,,False,False,False,False,False
6541,2020-08-27,,,False,False,,,,,False,False,False,False,False
6542,2020-11-09,,,False,False,,,,,False,False,False,False,False
6546,2020-12-16,,,False,False,,,,,False,False,False,False,False
6551,2020-11-11,,,False,False,,,,,False,False,False,False,False
6552,2020-07-11,,,False,False,,,,,False,False,False,False,False
6562,2020-11-27,2020-10-14,2000.0,True,True,2020-10-14,2000,44.0,44.0,False,False,False,True,True
6563,2020-09-10,2020-08-19,100.0,True,True,2020-08-19,100,22.0,22.0,False,False,True,True,True
6576,2020-08-07,,,False,False,,,,,False,False,False,False,False
6576,2020-10-26,2020-09-08,200.0,True,True,2020-09-08,200,48.0,48.0,False,False,False,True,True
6584,2020-10-26,,,False,False,,,,,False,False,False,False,False
6584,2020-12-01,2020-10-26,5000.0,False,False,,,,36.0,False,False,False,False,False
6599,2020-08-29,2020-07-11,100.0,True,True,2020-07-11,100,49.0,49.0,False,False,False,True,True
6605,2020-11-02,,,False,False,,,,,False,False,False,False,False
6606,2020-09-08,,,False,False,,,,,False,False,False,False,False
6631,2020-10-09,2020-08-13,500.0,True,True,2020-08-13,500,57.0,57.0,False,False,False,True,True
6631,2020-11-04,2020-10-09,5000.0,True,False,2020-08-13,500,83.0,26.0,False,False,False,True,True
6647,2020-10-21,,,False,False,,,,,False,False,False,False,False
6651,2020-09-18,,,False,False,,,,,False,False,False,False,False
6663,2020-10-16,,,False,False,,,,,False,False,False,False,False
6663,2020-12-08,2020-10-26,100.0,True,True,2020-10-26,100,43.0,43.0,False,False,False,True,True
6668,2020-10-12,,,False,False,,,,,False,False,False,False,False
6669,2020-10-23,2020-08-13,500.0,True,True,2020-08-13,500,71.0,71.0,False,False,False,True,True
6673,2020-11-27,,,False,False,,,,,False,False,False,False,False
6675,2020-10-23,,,False,False,,,,,False,False,False,False,False
6682,2020-11-25,2020-10-07,100.0,True,True,2020-10-07,100,49.0,49.0,False,False,False,True,True
6715,2020-11-09,2020-11-02,500.0,True,True,2020-11-02,500,7.0,7.0,False,True,True,True,True
6727,2020-12-16,,,False,False,,,,,False,False,False,False,False
6729,2020-09-12,,,False,False,,,,,False,False,False,False,False
6736,2020-11-23,,,False,False,,,,,False,False,False,False,False
6740,2020-08-07,2020-08-05,500.0,True,True,2020-08-05,500,2.0,2.0,False,True,True,True,True
6744,2020-11-18,2020-11-06,100.0,True,True,2020-11-06,100,12.0,12.0,False,False,True,True,True
6748,2020-09-12,,,False,False,,,,,False,False,False,False,False
6750,2020-10-30,,,False,False,,,,,False,False,False,False,False
6751,2020-10-21,2020-09-28,500.0,True,True,2020-09-28,500,23.0,23.0,False,False,True,True,True
6752,2020-08-17,,,False,False,,,,,False,False,False,False,False
6756,2020-07-18,,,False,False,,,,,False,False,False,False,False
6757,2020-12-25,,,False,False,,,,,False,False,False,False,False
6765,2020-11-25,2020-09-12,100.0,True,True,2020-09-12,100,74.0,74.0,False,False,False,True,True
6798,2020-09-14,,,False,False,,,,,False,False,False,False,False
6802,2020-11-09,,,False,False,,,,,False,False,False,False,False
6819,2020-10-16,,,False,False,,,,,False,False,False,False,False
6827,2020-10-28,2020-10-07,100.0,True,True,2020-10-07,100,21.0,21.0,False,False,True,True,True
6830,2020-10-07,,,False,False,,,,,False,False,False,False,False
6831,2020-09-04,,,False,False,,,,,False,False,False,False,False
6836,2020-12-04,2020-12-01,500.0,True,True,2020-12-01,500,3.0,3.0,False,True,True,True,True
6851,2020-08-25,,,False,False,,,,,False,False,False,False,False
6858,2020-12-01,2020-09-14,100.0,True,True,2020-09-14,100,78.0,78.0,False,False,False,True,True
6863,2020-12-12,,,False,False,,,,,False,False,False,False,False
6864,2020-09-28,2020-08-05,100.0,True,True,2020-08-05,100,54.0,54.0,False,False,False,True,True
6865,2020-08-19,,,False,False,,,,,False,False,False,False,False
6882,2020-11-09,2020-09-24,100.0,True,True,2020-09-24,100,46.0,46.0,False,False,False,True,True
6885,2020-09-26,,,False,False,,,,,False,False,False,False,False
6890,2020-09-24,,,False,False,,,,,False,False,False,False,False
6894,2020-12-14,2020-11-04,100.0,True,True,2020-11-04,100,40.0,40.0,False,False,False,True,True
6900,2020-12-09,2020-11-16,2000.0,True,True,2020-11-16,2000,23.0,23.0,False,False,True,True,True
6900,2020-12-18,2020-12-09,5000.0,True,False,2020-11-16,2000,32.0,9.0,False,False,False,True,True
6901,2020-12-26,2020-11-11,500.0,True,True,2020-11-11,500,45.0,45.0,False,False,False,True,True
6904,2020-12-22,2020-12-19,100.0,True,True,2020-12-19,100,3.0,3.0,False,True,True,True,True
6919,2020-08-07,,,False,False,,,,,False,False,False,False,False
6942,2020-08-13,,,False,False,,,,,False,False,False,False,False
6957,2020-12-02,,,False,False,,,,,False,False,False,False,False
6964,2020-10-16,2020-08-11,500.0,True,True,2020-08-11,500,66.0,66.0,False,False,False,True,True
6966,2020-12-29,2020-12-19,100.0,True,True,2020-12-19,100,10.0,10.0,False,False,True,True,True
6966,2020-12-30,2020-12-29,5000.0,True,False,2020-12-19,100,11.0,1.0,False,False,True,True,True
6981,2020-10-21,,,False,False,,,,,False,False,False,False,False
6995,2020-12-07,2020-09-24,100.0,True,True,2020-09-24,100,74.0,74.0,False,False,False,True,True
7004,2020-11-09,2020-10-12,100.0,True,True,2020-10-12,100,28.0,28.0,False,False,True,True,True
7006,2020-07-18,,,False,False,,,,,False,False,False,False,False
7009,2020-07-11,,,False,False,,,,,False,False,False,False,False
7009,2020-11-20,2020-11-13,100.0,True,True,2020-11-13,100,7.0,7.0,False,True,True,True,True
7010,2020-12-22,2020-10-21,2000.0,True,True,2020-10-21,2000,62.0,62.0,False,False,False,True,True
7019,2020-10-14,,,False,False,,,,,False,False,False,False,False
7020,2020-12-25,2020-12-12,100.0,True,True,2020-12-12,100,13.0,13.0,False,False,True,True,True
7025,2020-08-17,,,False,False,,,,,False,False,False,False,False
7039,2020-12-05,2020-12-02,1000.0,True,True,2020-12-02,1000,3.0,3.0,False,True,True,True,True
7046,2020-09-12,2020-08-21,100.0,True,True,2020-08-21,100,22.0,22.0,False,False,True,True,True
7046,2020-12-05,2020-10-23,100.0,True,True,2020-10-23,100,43.0,43.0,False,False,False,True,True
7047,2020-09-16,2020-09-14,100.0,True,True,2020-09-14,100,2.0,2.0,False,True,True,True,True
7049,2020-08-19,,,False,False,,,,,False,False,False,False,False
7055,2020-11-06,,,False,False,,,,,False,False,False,False,False
7055,2020-11-23,2020-11-06,5000.0,False,False,,,,17.0,False,False,False,False,False
7063,2020-09-28,,,False,False,,,,,False,False,False,False,False
7069,2020-10-09,2020-09-12,500.0,True,True,2020-09-12,500,27.0,27.0,False,False,True,True,True
7072,2020-11-13,2020-08-27,1000.0,True,True,2020-08-27,1000,78.0,78.0,False,False,False,True,True
7080,2020-10-09,2020-08-29,500.0,True,True,2020-08-29,500,41.0,41.0,False,False,False,True,True
7089,2020-12-08,2020-09-26,100.0,True,True,2020-09-26,100,73.0,73.0,False,False,False,True,True
7091,2020-10-16,2020-09-08,200.0,True,True,2020-09-08,200,38.0,38.0,False,False,False,True,True
7096,2020-08-13,,,False,False,,,,,False,False,False,False,False
7105,2020-12-08,2020-09-30,2000.0,True,True,2020-09-30,2000,69.0,69.0,False,False,False,True,True
7110,2020-10-30,2020-09-04,100.0,True,True,2020-09-04,100,56.0,56.0,False,False,False,True,True
7114,2020-10-28,2020-09-24,1000.0,True,True,2020-09-24,1000,34.0,34.0,False,False,False,True,True
7115,2020-07-18,,,False,False,,,,,False,False,False,False,False
7120,2020-08-21,,,False,False,,,,,False,False,False,False,False
7128,2020-09-14,,,False,False,,,,,False,False,False,False,False
7131,2020-08-17,,,False,False,,,,,False,False,False,False,False
7134,2020-09-18,2020-09-14,100.0,True,True,2020-09-14,100,4.0,4.0,False,True,True,True,True
7136,2020-10-28,,,False,False,,,,,False,False,False,False,False
7140,2020-09-04,2020-08-19,100.0,True,True,2020-08-19,100,16.0,16.0,False,False,True,True,True
7153,2020-10-16,,,False,False,,,,,False,False,False,False,False
7157,2020-12-02,2020-10-21,100.0,True,True,2020-10-21,100,42.0,42.0,False,False,False,True,True
7171,2020-09-30,,,False,False,,,,,False,False,False,False,False
7174,2020-10-05,2020-09-22,100.0,True,True,2020-09-22,100,13.0,13.0,False,False,True,True,True
7177,2020-10-05,2020-09-24,100.0,True,True,2020-09-24,100,11.0,11.0,False,False,True,True,True
7182,2020-11-11,2020-10-30,100.0,True,True,2020-10-30,100,12.0,12.0,False,False,True,True,True
7183,2020-08-13,,,False,False,,,,,False,False,False,False,False
7185,2020-08-11,,,False,False,,,,,False,False,False,False,False
7186,2020-09-04,,,False,False,,,,,False,False,False,False,False
7195,2020-09-14,2020-09-08,100.0,True,True,2020-09-08,100,6.0,6.0,False,True,True,True,True
7204,2020-08-01,,,False,False,,,,,False,False,False,False,False
7240,2020-10-03,,,False,False,,,,,False,False,False,False,False
7242,2020-10-30,,,False,False,,,,,False,False,False,False,False
7251,2020-12-08,,,False,False,,,,,False,False,False,False,False
7257,2020-08-21,,,False,False,,,,,False,False,False,False,False
7267,2020-10-21,,,False,False,,,,,False,False,False,False,False
7270,2020-12-25,2020-12-02,100.0,True,True,2020-12-02,100,23.0,23.0,False,False,True,True,True
7277,2020-12-19,,,False,False,,,,,False,False,False,False,False
7296,2020-08-05,,,False,False,,,,,False,False,False,False,False
7296,2020-09-08,2020-08-05,5000.0,False,False,,,,34.0,False,False,False,False,False
7297,2020-08-11,2020-08-07,500.0,True,True,2020-08-07,500,4.0,4.0,False,True,True,True,True
7300,2020-11-13,,,False,False,,,,,False,False,False,False,False
7320,2020-08-25,,,False,False,,,,,False,False,False,False,False
7323,2020-12-22,,,False,False,,,,,False,False,False,False,False
7337,2020-10-30,2020-10-07,100.0,True,True,2020-10-07,100,23.0,23.0,False,False,True,True,True
7344,2020-11-02,,,False,False,,,,,False,False,False,False,False
7345,2020-08-07,,,False,False,,,,,False,False,False,False,False
7349,2020-08-25,,,False,False,,,,,False,False,False,False,False
7366,2020-09-04,,,False,False,,,,,False,False,False,False,False
7369,2020-07-11,,,False,False,,,,,False,False,False,False,False
7370,2020-12-07,2020-09-24,100.0,True,True,2020-09-24,100,74.0,74.0,False,False,False,True,True
7371,2020-12-12,,,False,False,,,,,False,False,False,False,False
7378,2020-11-11,2020-09-26,100.0,True,True,2020-09-26,100,46.0,46.0,False,False,False,True,True
7390,2020-08-25,2020-07-11,100.0,True,True,2020-07-11,100,45.0,45.0,False,False,False,True,True
7395,2020-09-02,2020-08-13,500.0,True,True,2020-08-13,500,20.0,20.0,False,False,True,True,True
7399,2020-12-30,2020-10-21,100.0,True,True,2020-10-21,100,70.0,70.0,False,False,False,True,True
7400,2020-12-05,2020-12-01,100.0,True,True,2020-12-01,100,4.0,4.0,False,True,True,True,True
7408,2020-12-15,,,False,False,,,,,False,False,False,False,False
7414,2020-07-25,,,False,False,,,,,False,False,False,False,False
7426,2020-12-30,2020-10-09,500.0,True,True,2020-10-09,500,82.0,82.0,False,False,False,True,True
7430,2020-12-14,2020-10-14,100.0,True,True,2020-10-14,100,61.0,61.0,False,False,False,True,True
7431,2020-10-30,,,False,False,,,,,False,False,False,False,False
7433,2020-10-28,2020-10-03,100.0,True,True,2020-10-03,100,25.0,25.0,False,False,True,True,True
7437,2020-10-16,2020-09-22,200.0,True,True,2020-09-22,200,24.0,24.0,False,False,True,True,True
7439,2020-10-07,,,False,False,,,,,False,False,False,False,False
7440,2020-08-21,,,False,False,,,,,False,False,False,False,False
7444,2020-09-22,,,False,False,,,,,False,False,False,False,False
7445,2020-10-12,,,False,False,,,,,False,False,False,False,False
7449,2020-09-28,,,False,False,,,,,False,False,False,False,False
7467,2020-11-09,2020-09-30,500.0,True,True,2020-09-30,500,40.0,40.0,False,False,False,True,True
7470,2020-12-29,,,False,False,,,,,False,False,False,False,False
7479,2020-08-13,2020-07-11,500.0,True,True,2020-07-11,500,33.0,33.0,False,False,False,True,True
7493,2020-08-11,,,False,False,,,,,False,False,False,False,False
7497,2020-09-02,2020-08-13,100.0,True,True,2020-08-13,100,20.0,20.0,False,False,True,True,True
7500,2020-10-07,2020-09-18,100.0,True,True,2020-09-18,100,19.0,19.0,False,False,True,True,True
7515,2020-10-10,2020-07-18,500.0,True,True,2020-07-18,500,84.0,84.0,False,False,False,True,True
7517,2020-10-26,2020-10-03,100.0,True,True,2020-10-03,100,23.0,23.0,False,False,True,True,True
7521,2020-12-19,2020-10-28,100.0,True,True,2020-10-28,100,52.0,52.0,False,False,False,True,True
7529,2020-12-05,2020-10-12,100.0,True,True,2020-10-12,100,54.0,54.0,False,False,False,True,True
7530,2020-08-29,,,False,False,,,,,False,False,False,False,False
7536,2020-08-29,2020-08-11,100.0,True,True,2020-08-11,100,18.0,18.0,False,False,True,True,True
7536,2020-10-14,2020-10-03,500.0,True,True,2020-10-03,500,11.0,11.0,False,False,True,True,True
7555,2020-12-16,,,False,False,,,,,False,False,False,False,False
7559,2020-12-22,2020-12-01,100.0,True,True,2020-12-01,100,21.0,21.0,False,False,True,True,True
7569,2020-09-26,,,False,False,,,,,False,False,False,False,False
7572,2020-09-10,,,False,False,,,,,False,False,False,False,False
7577,2020-09-04,,,False,False,,,,,False,False,False,False,False
7596,2020-12-04,2020-12-02,100.0,True,True,2020-12-02,100,2.0,2.0,False,True,True,True,True
7615,2020-08-17,,,False,False,,,,,False,False,False,False,False
7616,2020-12-15,,,False,False,,,,,False,False,False,False,False
7620,2020-07-18,,,False,False,,,,,False,False,False,False,False
7620,2020-12-30,2020-12-19,100.0,True,True,2020-12-19,100,11.0,11.0,False,False,True,True,True
7624,2020-08-19,,,False,False,,,,,False,False,False,False,False
7626,2020-12-25,,,False,False,,,,,False,False,False,False,False
7627,2020-12-07,2020-08-01,100.0,True,True,2020-08-01,100,128.0,128.0,False,False,False,False,True
7643,2020-09-24,2020-08-13,100.0,True,True,2020-08-13,100,42.0,42.0,False,False,False,True,True
7650,2020-10-03,,,False,False,,,,,False,False,False,False,False
7654,2020-12-05,2020-11-20,100.0,True,True,2020-11-20,100,15.0,15.0,False,False,True,True,True
7658,2020-09-18,,,False,False,,,,,False,False,False,False,False
7661,2020-12-11,2020-10-07,100.0,True,True,2020-10-07,100,65.0,65.0,False,False,False,True,True
7665,2020-10-07,,,False,False,,,,,False,False,False,False,False
7666,2020-12-18,2020-12-15,500.0,True,True,2020-12-15,500,3.0,3.0,False,True,True,True,True
7692,2020-09-24,2020-08-27,100.0,True,True,2020-08-27,100,28.0,28.0,False,False,True,True,True
7696,2020-09-22,,,False,False,,,,,False,False,False,False,False
7714,2020-07-18,,,False,False,,,,,False,False,False,False,False
7729,2020-11-30,2020-11-25,100.0,True,True,2020-11-25,100,5.0,5.0,False,True,True,True,True
7730,2020-12-07,,,False,False,,,,,False,False,False,False,False
7736,2020-07-11,,,False,False,,,,,False,False,False,False,False
7774,2020-07-11,,,False,False,,,,,False,False,False,False,False
7785,2020-12-21,2020-12-15,100.0,True,True,2020-12-15,100,6.0,6.0,False,True,True,True,True
7800,2020-12-25,2020-09-22,200.0,True,True,2020-09-22,200,94.0,94.0,False,False,False,False,True
7804,2020-12-08,,,False,False,,,,,False,False,False,False,False
7821,2020-12-30,2020-10-16,100.0,True,True,2020-10-16,100,75.0,75.0,False,False,False,True,True
7834,2020-11-13,2020-10-09,100.0,True,True,2020-10-09,100,35.0,35.0,False,False,False,True,True
7838,2020-11-11,2020-09-28,500.0,True,True,2020-09-28,500,44.0,44.0,False,False,False,True,True
7844,2020-10-09,,,False,False,,,,,False,False,False,False,False
7849,2020-08-17,,,False,False,,,,,False,False,False,False,False
7857,2020-11-06,2020-09-26,100.0,True,True,2020-09-26,100,41.0,41.0,False,False,False,True,True
7870,2020-10-28,2020-10-05,500.0,True,True,2020-10-05,500,23.0,23.0,False,False,True,True,True
7870,2020-12-28,2020-12-26,100.0,True,True,2020-12-26,100,2.0,2.0,False,True,True,True,True
7874,2020-08-01,,,False,False,,,,,False,False,False,False,False
7889,2020-10-14,,,False,False,,,,,False,False,False,False,False
7893,2020-12-11,2020-11-09,100.0,True,True,2020-11-09,100,32.0,32.0,False,False,False,True,True
7902,2020-11-16,2020-10-28,100.0,True,True,2020-10-28,100,19.0,19.0,False,False,True,True,True
7907,2020-12-05,2020-12-02,100.0,True,True,2020-12-02,100,3.0,3.0,False,True,True,True,True
7909,2020-09-14,2020-09-12,100.0,True,True,2020-09-12,100,2.0,2.0,False,True,True,True,True
7926,2020-09-26,2020-09-24,500.0,True,True,2020-09-24,500,2.0,2.0,False,True,True,True,True
7945,2020-08-19,2020-07-25,100.0,True,True,2020-07-25,100,25.0,25.0,False,False,True,True,True
7947,2020-11-30,2020-11-23,100.0,True,True,2020-11-23,100,7.0,7.0,False,True,True,True,True
7949,2020-08-01,,,False,False,,,,,False,False,False,False,False
7969,2020-11-06,,,False,False,,,,,False,False,False,False,False
7971,2020-10-10,,,False,False,,,,,False,False,False,False,False
7976,2020-12-05,,,False,False,,,,,False,False,False,False,False
7977,2020-12-07,2020-09-10,100.0,True,True,2020-09-10,100,88.0,88.0,False,False,False,True,True
7981,2020-11-23,2020-09-24,100.0,True,True,2020-09-24,100,60.0,60.0,False,False,False,True,True
7985,2020-08-25,,,False,False,,,,,False,False,False,False,False
7991,2020-08-25,,,False,False,,,,,False,False,False,False,False
7997,2020-09-30,2020-09-16,500.0,True,True,2020-09-16,500,14.0,14.0,False,False,True,True,True
7998,2020-10-28,2020-10-21,500.0,True,True,2020-10-21,500,7.0,7.0,False,True,True,True,True
8003,2020-10-14,,,False,False,,,,,False,False,False,False,False
8007,2020-10-12,,,False,False,,,,,False,False,False,False,False
8011,2020-12-15,2020-11-06,100.0,True,True,2020-11-06,100,39.0,39.0,False,False,False,True,True
8021,2020-12-23,2020-09-24,100.0,True,True,2020-09-24,100,90.0,90.0,False,False,False,True,True
8036,2020-11-06,,,False,False,,,,,False,False,False,False,False
8047,2020-09-22,,,False,False,,,,,False,False,False,False,False
8049,2020-12-14,2020-12-05,100.0,True,True,2020-12-05,100,9.0,9.0,False,False,True,True,True
8054,2020-10-05,2020-09-08,100.0,True,True,2020-09-08,100,27.0,27.0,False,False,True,True,True
8058,2020-11-16,,,False,False,,,,,False,False,False,False,False
8059,2020-12-30,2020-10-26,100.0,True,True,2020-10-26,100,65.0,65.0,False,False,False,True,True
8064,2020-09-30,2020-09-10,100.0,True,True,2020-09-10,100,20.0,20.0,False,False,True,True,True
8066,2020-08-17,,,False,False,,,,,False,False,False,False,False
8069,2020-10-10,2020-09-04,100.0,True,True,2020-09-04,100,36.0,36.0,False,False,False,True,True
8078,2020-08-21,,,False,False,,,,,False,False,False,False,False
8090,2020-12-28,2020-09-10,100.0,True,True,2020-09-10,100,109.0,109.0,False,False,False,False,True
8095,2020-11-06,,,False,False,,,,,False,False,False,False,False
8114,2020-09-10,,,False,False,,,,,False,False,False,False,False
8121,2020-11-20,2020-10-19,100.0,True,True,2020-10-19,100,32.0,32.0,False,False,False,True,True
8123,2020-10-21,,,False,False,,,,,False,False,False,False,False
8136,2020-07-25,,,False,False,,,,,False,False,False,False,False
8147,2020-11-11,2020-10-23,100.0,True,True,2020-10-23,100,19.0,19.0,False,False,True,True,True
8163,2020-08-21,,,False,False,,,,,False,False,False,False,False
8166,2020-12-04,2020-09-10,100.0,True,True,2020-09-10,100,85.0,85.0,False,False,False,True,True
8171,2020-10-21,2020-08-13,1000.0,True,True,2020-08-13,1000,69.0,69.0,False,False,False,True,True
8172,2020-11-30,2020-09-16,100.0,True,True,2020-09-16,100,75.0,75.0,False,False,False,True,True
8177,2020-12-26,2020-12-25,1000.0,True,True,2020-12-25,1000,1.0,1.0,False,True,True,True,True
8181,2020-08-29,,,False,False,,,,,False,False,False,False,False
8182,2020-10-30,2020-08-01,100.0,True,True,2020-08-01,100,90.0,90.0,False,False,False,True,True
8182,2020-12-02,2020-10-30,5000.0,True,False,2020-08-01,100,123.0,33.0,False,False,False,False,True
8186,2020-09-16,,,False,False,,,,,False,False,False,False,False
8189,2020-12-19,2020-12-04,100.0,True,True,2020-12-04,100,15.0,15.0,False,False,True,True,True
8190,2020-10-28,,,False,False,,,,,False,False,False,False,False
8195,2020-11-18,,,False,False,,,,,False,False,False,False,False
8208,2020-11-20,,,False,False,,,,,False,False,False,False,False
8215,2020-08-21,,,False,False,,,,,False,False,False,False,False
8224,2020-10-28,2020-07-25,100.0,True,True,2020-07-25,100,95.0,95.0,False,False,False,False,True
8269,2020-11-20,2020-11-13,500.0,True,True,2020-11-13,500,7.0,7.0,False,True,True,True,True
8278,2020-08-11,2020-07-18,500.0,True,True,2020-07-18,500,24.0,24.0,False,False,True,True,True
8286,2020-09-28,,,False,False,,,,,False,False,False,False,False
8288,2020-09-18,,,False,False,,,,,False,False,False,False,False
8301,2020-09-02,,,False,False,,,,,False,False,False,False,False
8304,2020-10-07,2020-10-05,2000.0,True,True,2020-10-05,2000,2.0,2.0,False,True,True,True,True
8310,2020-12-23,2020-10-28,100.0,True,True,2020-10-28,100,56.0,56.0,False,False,False,True,True
8316,2020-09-02,,,False,False,,,,,False,False,False,False,False
8319,2020-11-18,,,False,False,,,,,False,False,False,False,False
8323,2020-10-05,2020-09-16,100.0,True,True,2020-09-16,100,19.0,19.0,False,False,True,True,True
8340,2020-11-30,,,False,False,,,,,False,False,False,False,False
8343,2020-12-01,2020-11-04,100.0,True,True,2020-11-04,100,27.0,27.0,False,False,True,True,True
8357,2020-12-04,2020-09-24,500.0,True,True,2020-09-24,500,71.0,71.0,False,False,False,True,True
8365,2020-08-11,,,False,False,,,,,False,False,False,False,False
8366,2020-12-30,2020-09-14,500.0,True,True,2020-09-14,500,107.0,107.0,False,False,False,False,True
8369,2020-09-14,2020-09-08,100.0,True,True,2020-09-08,100,6.0,6.0,False,True,True,True,True
8369,2020-12-25,2020-09-14,5000.0,True,False,2020-09-08,100,108.0,102.0,False,False,False,False,True
8381,2020-10-23,,,False,False,,,,,False,False,False,False,False
8383,2020-10-05,2020-09-28,100.0,True,True,2020-09-28,100,7.0,7.0,False,True,True,True,True
8384,2020-12-16,2020-11-13,1000.0,True,True,2020-11-13,1000,33.0,33.0,False,False,False,True,True
8387,2020-10-26,2020-10-21,2000.0,True,True,2020-10-21,2000,5.0,5.0,False,True,True,True,True
8390,2020-12-28,2020-09-26,100.0,True,True,2020-09-26,100,93.0,93.0,False,False,False,False,True
8404,2020-12-15,2020-08-05,1000.0,True,True,2020-08-05,1000,132.0,132.0,False,False,False,False,True
8408,2020-10-21,2020-10-10,2000.0,True,True,2020-10-10,2000,11.0,11.0,False,False,True,True,True
8415,2020-12-22,,,False,False,,,,,False,False,False,False,False
8419,2020-12-25,2020-08-27,1000.0,True,True,2020-08-27,1000,120.0,120.0,False,False,False,False,True
8422,2020-10-14,,,False,False,,,,,False,False,False,False,False
8426,2020-11-20,2020-09-26,100.0,True,True,2020-09-26,100,55.0,55.0,False,False,False,True,True
8435,2020-11-23,2020-10-16,100.0,True,True,2020-10-16,100,38.0,38.0,False,False,False,True,True
8440,2020-08-25,,,False,False,,,,,False,False,False,False,False
8443,2020-12-04,2020-11-09,500.0,True,True,2020-11-09,500,25.0,25.0,False,False,True,True,True
8446,2020-12-23,,,False,False,,,,,False,False,False,False,False
8448,2020-11-25,,,False,False,,,,,False,False,False,False,False
8448,2020-12-30,2020-12-15,1000.0,True,True,2020-12-15,1000,15.0,15.0,False,False,True,True,True
8455,2020-12-02,2020-09-22,500.0,True,True,2020-09-22,500,71.0,71.0,False,False,False,True,True
8470,2020-11-13,2020-10-09,100.0,True,True,2020-10-09,100,35.0,35.0,False,False,False,True,True
8477,2020-12-11,2020-09-26,500.0,True,True,2020-09-26,500,76.0,76.0,False,False,False,True,True
8482,2020-09-14,,,False,False,,,,,False,False,False,False,False
8484,2020-12-26,2020-10-03,100.0,True,True,2020-10-03,100,84.0,84.0,False,False,False,True,True
8487,2020-09-16,,,False,False,,,,,False,False,False,False,False
8490,2020-11-16,,,False,False,,,,,False,False,False,False,False
8505,2020-10-28,2020-08-05,500.0,True,True,2020-08-05,500,84.0,84.0,False,False,False,True,True
8518,2020-10-16,2020-10-07,2000.0,True,True,2020-10-07,2000,9.0,9.0,False,False,True,True,True
8520,2020-08-07,,,False,False,,,,,False,False,False,False,False
8523,2020-11-04,2020-08-11,100.0,True,True,2020-08-11,100,85.0,85.0,False,False,False,True,True
8524,2020-11-27,2020-11-11,500.0,True,True,2020-11-11,500,16.0,16.0,False,False,True,True,True
8524,2020-12-29,2020-11-27,5000.0,True,False,2020-11-11,500,48.0,32.0,False,False,False,True,True
8537,2020-12-21,,,False,False,,,,,False,False,False,False,False
8543,2020-10-28,2020-10-26,100.0,True,True,2020-10-26,100,2.0,2.0,False,True,True,True,True
8549,2020-10-10,,,False,False,,,,,False,False,False,False,False
8551,2020-11-20,2020-08-17,100.0,True,True,2020-08-17,100,95.0,95.0,False,False,False,False,True
8554,2020-12-14,2020-09-10,500.0,True,True,2020-09-10,500,95.0,95.0,False,False,False,False,True
8564,2020-09-22,2020-09-02,500.0,True,True,2020-09-02,500,20.0,20.0,False,False,True,True,True
8566,2020-10-14,,,False,False,,,,,False,False,False,False,False
8570,2020-08-05,,,False,False,,,,,False,False,False,False,False
8573,2020-11-13,2020-10-05,500.0,True,True,2020-10-05,500,39.0,39.0,False,False,False,True,True
8576,2020-10-09,2020-10-07,100.0,True,True,2020-10-07,100,2.0,2.0,False,True,True,True,True
8584,2020-08-21,,,False,False,,,,,False,False,False,False,False
8591,2020-09-12,,,False,False,,,,,False,False,False,False,False
8609,2020-12-25,2020-12-11,100.0,True,True,2020-12-11,100,14.0,14.0,False,False,True,True,True
8612,2020-10-26,2020-09-14,100.0,True,True,2020-09-14,100,42.0,42.0,False,False,False,True,True
8631,2020-11-30,,,False,False,,,,,False,False,False,False,False
8653,2020-09-04,2020-08-27,500.0,True,True,2020-08-27,500,8.0,8.0,False,False,True,True,True
8658,2020-11-02,,,False,False,,,,,False,False,False,False,False
8665,2020-12-23,2020-11-30,500.0,True,True,2020-11-30,500,23.0,23.0,False,False,True,True,True
8676,2020-12-04,2020-07-18,100.0,True,True,2020-07-18,100,139.0,139.0,False,False,False,False,True
8679,2020-12-22,2020-10-23,100.0,True,True,2020-10-23,100,60.0,60.0,False,False,False,True,True
8691,2020-12-12,2020-11-27,500.0,True,True,2020-11-27,500,15.0,15.0,False,False,True,True,True
8699,2020-12-18,,,False,False,,,,,False,False,False,False,False
8700,2020-08-07,,,False,False,,,,,False,False,False,False,False
8703,2020-12-21,,,False,False,,,,,False,False,False,False,False
8706,2020-08-01,,,False,False,,,,,False,False,False,False,False
8721,2020-12-21,2020-11-18,500.0,True,True,2020-11-18,500,33.0,33.0,False,False,False,True,True
8727,2020-10-14,2020-09-12,500.0,True,True,2020-09-12,500,32.0,32.0,False,False,False,True,True
8728,2020-12-09,2020-12-08,100.0,True,True,2020-12-08,100,1.0,1.0,False,True,True,True,True
8729,2020-11-11,2020-10-21,500.0,True,True,2020-10-21,500,21.0,21.0,False,False,True,True,True
8731,2020-12-23,2020-12-05,100.0,True,True,2020-12-05,100,18.0,18.0,False,False,True,True,True
8734,2020-11-11,2020-10-14,500.0,True,True,2020-10-14,500,28.0,28.0,False,False,True,True,True
8749,2020-12-18,2020-11-16,100.0,True,True,2020-11-16,100,32.0,32.0,False,False,False,True,True
8750,2020-12-23,2020-12-08,100.0,True,True,2020-12-08,100,15.0,15.0,False,False,True,True,True
8751,2020-10-14,,,False,False,,,,,False,False,False,False,False
8753,2020-12-19,2020-12-01,100.0,True,True,2020-12-01,100,18.0,18.0,False,False,True,True,True
8755,2020-11-09,2020-11-04,100.0,True,True,2020-11-04,100,5.0,5.0,False,True,True,True,True
8756,2020-11-25,2020-11-09,100.0,True,True,2020-11-09,100,16.0,16.0,False,False,True,True,True
8760,2020-12-26,2020-08-17,100.0,True,True,2020-08-17,100,131.0,131.0,False,False,False,False,True
8779,2020-11-13,2020-11-06,500.0,True,True,2020-11-06,500,7.0,7.0,False,True,True,True,True
8785,2020-12-26,2020-10-28,100.0,True,True,2020-10-28,100,59.0,59.0,False,False,False,True,True
8786,2020-12-28,2020-10-19,100.0,True,True,2020-10-19,100,70.0,70.0,False,False,False,True,True
8787,2020-10-09,,,False,False,,,,,False,False,False,False,False
8800,2020-09-02,,,False,False,,,,,False,False,False,False,False
8811,2020-12-29,2020-09-10,100.0,True,True,2020-09-10,100,110.0,110.0,False,False,False,False,True
8819,2020-07-18,,,False,False,,,,,False,False,False,False,False
8822,2020-11-30,2020-10-26,500.0,True,True,2020-10-26,500,35.0,35.0,False,False,False,True,True
8823,2020-09-04,2020-09-02,100.0,True,True,2020-09-02,100,2.0,2.0,False,True,True,True,True
8827,2020-09-26,2020-08-17,1000.0,True,True,2020-08-17,1000,40.0,40.0,False,False,False,True,True
8827,2020-10-30,2020-10-12,100.0,True,True,2020-10-12,100,18.0,18.0,False,False,True,True,True
8829,2020-12-22,2020-09-12,100.0,True,True,2020-09-12,100,101.0,101.0,False,False,False,False,True
8831,2020-10-26,2020-10-14,100.0,True,True,2020-10-14,100,12.0,12.0,False,False,True,True,True
8850,2020-09-18,,,False,False,,,,,False,False,False,False,False
8852,2020-09-02,,,False,False,,,,,False,False,False,False,False
8863,2020-12-11,2020-11-11,100.0,True,True,2020-11-11,100,30.0,30.0,False,False,True,True,True
8864,2020-12-25,2020-12-15,200.0,True,True,2020-12-15,200,10.0,10.0,False,False,True,True,True
8870,2020-09-18,,,False,False,,,,,False,False,False,False,False
8870,2020-12-15,2020-12-05,100.0,True,True,2020-12-05,100,10.0,10.0,False,False,True,True,True
8872,2020-12-12,2020-11-02,2000.0,True,True,2020-11-02,2000,40.0,40.0,False,False,False,True,True
8874,2020-11-23,,,False,False,,,,,False,False,False,False,False
8874,2020-12-26,2020-12-18,500.0,True,True,2020-12-18,500,8.0,8.0,False,False,True,True,True
8882,2020-08-17,,,False,False,,,,,False,False,False,False,False
8882,2020-10-19,2020-08-17,5000.0,False,False,,,,63.0,False,False,False,False,False
8888,2020-09-10,2020-08-17,100.0,True,True,2020-08-17,100,24.0,24.0,False,False,True,True,True
8895,2020-12-04,2020-10-26,100.0,True,True,2020-10-26,100,39.0,39.0,False,False,False,True,True
8903,2020-11-02,,,False,False,,,,,False,False,False,False,False
8912,2020-09-28,,,False,False,,,,,False,False,False,False,False
8915,2020-09-26,2020-08-21,500.0,True,True,2020-08-21,500,36.0,36.0,False,False,False,True,True
8927,2020-12-26,2020-11-23,500.0,True,True,2020-11-23,500,33.0,33.0,False,False,False,True,True
8929,2020-07-11,,,False,False,,,,,False,False,False,False,False
8932,2020-12-23,,,False,False,,,,,False,False,False,False,False
8935,2020-10-09,,,False,False,,,,,False,False,False,False,False
8935,2020-11-13,2020-10-09,5000.0,False,False,,,,35.0,False,False,False,False,False
8940,2020-10-23,2020-08-13,500.0,True,True,2020-08-13,500,71.0,71.0,False,False,False,True,True
8943,2020-12-16,2020-10-28,1000.0,True,True,2020-10-28,1000,49.0,49.0,False,False,False,True,True
8950,2020-09-18,,,False,False,,,,,False,False,False,False,False
8951,2020-09-22,2020-09-08,500.0,True,True,2020-09-08,500,14.0,14.0,False,False,True,True,True
8960,2020-12-26,2020-12-14,500.0,True,True,2020-12-14,500,12.0,12.0,False,False,True,True,True
8966,2020-12-19,,,False,False,,,,,False,False,False,False,False
8968,2020-08-07,,,False,False,,,,,False,False,False,False,False
8976,2020-11-18,,,False,False,,,,,False,False,False,False,False
8979,2020-11-09,2020-09-30,100.0,True,True,2020-09-30,100,40.0,40.0,False,False,False,True,True
8979,2020-12-12,2020-12-07,100.0,True,True,2020-12-07,100,5.0,5.0,False,True,True,True,True
8996,2020-10-07,,,False,False,,,,,False,False,False,False,False
9000,2020-09-16,,,False,False,,,,,False,False,False,False,False
9005,2020-12-07,2020-08-19,500.0,True,True,2020-08-19,500,110.0,110.0,False,False,False,False,True
9020,2020-12-09,2020-10-09,500.0,True,True,2020-10-09,500,61.0,61.0,False,False,False,True,True
9021,2020-11-16,,,False,False,,,,,False,False,False,False,False
9031,2020-09-22,2020-08-25,1000.0,True,True,2020-08-25,1000,28.0,28.0,False,False,True,True,True
9037,2020-12-29,2020-11-27,100.0,True,True,2020-11-27,100,32.0,32.0,False,False,False,True,True
9044,2020-08-11,,,False,False,,,,,False,False,False,False,False
9048,2020-09-08,,,False,False,,,,,False,False,False,False,False
9050,2020-12-02,2020-11-11,100.0,True,True,2020-11-11,100,21.0,21.0,False,False,True,True,True
9057,2020-11-13,,,False,False,,,,,False,False,False,False,False
9067,2020-12-08,2020-08-27,100.0,True,True,2020-08-27,100,103.0,103.0,False,False,False,False,True
9070,2020-12-11,2020-10-28,2000.0,True,True,2020-10-28,2000,44.0,44.0,False,False,False,True,True
9072,2020-11-30,2020-10-09,100.0,True,True,2020-10-09,100,52.0,52.0,False,False,False,True,True
9075,2020-11-27,,,False,False,,,,,False,False,False,False,False
9098,2020-12-01,2020-10-23,100.0,True,True,2020-10-23,100,39.0,39.0,False,False,False,True,True
9103,2020-09-16,,,False,False,,,,,False,False,False,False,False
9106,2020-08-21,2020-08-01,100.0,True,True,2020-08-01,100,20.0,20.0,False,False,True,True,True
9109,2020-12-07,2020-11-25,500.0,True,True,2020-11-25,500,12.0,12.0,False,False,True,True,True
9118,2020-12-26,2020-10-26,500.0,True,True,2020-10-26,500,61.0,61.0,False,False,False,True,True
9123,2020-10-12,2020-08-01,500.0,True,True,2020-08-01,500,72.0,72.0,False,False,False,True,True
9129,2020-11-04,2020-08-07,100.0,True,True,2020-08-07,100,89.0,89.0,False,False,False,True,True
9137,2020-10-23,2020-09-14,100.0,True,True,2020-09-14,100,39.0,39.0,False,False,False,True,True
9149,2020-12-08,,,False,False,,,,,False,False,False,False,False
9156,2020-09-30,,,False,False,,,,,False,False,False,False,False
9157,2020-11-04,2020-09-18,100.0,True,True,2020-09-18,100,47.0,47.0,False,False,False,True,True
9170,2020-12-29,,,False,False,,,,,False,False,False,False,False
9172,2020-08-01,,,False,False,,,,,False,False,False,False,False
9173,2020-11-18,2020-11-04,500.0,True,True,2020-11-04,500,14.0,14.0,False,False,True,True,True
9182,2020-11-25,2020-11-13,100.0,True,True,2020-11-13,100,12.0,12.0,False,False,True,True,True
9183,2020-11-09,2020-10-30,500.0,True,True,2020-10-30,500,10.0,10.0,False,False,True,True,True
9185,2020-12-05,2020-10-12,100.0,True,True,2020-10-12,100,54.0,54.0,False,False,False,True,True
9186,2020-10-30,,,False,False,,,,,False,False,False,False,False
9198,2020-08-27,,,False,False,,,,,False,False,False,False,False
9199,2020-08-21,2020-08-07,500.0,True,True,2020-08-07,500,14.0,14.0,False,False,True,True,True
9201,2020-07-25,,,False,False,,,,,False,False,False,False,False
9206,2020-10-03,2020-08-11,100.0,True,True,2020-08-11,100,53.0,53.0,False,False,False,True,True
9212,2020-10-03,2020-08-13,100.0,True,True,2020-08-13,100,51.0,51.0,False,False,False,True,True
9216,2020-07-11,,,False,False,,,,,False,False,False,False,False
9226,2020-11-16,2020-11-06,100.0,True,True,2020-11-06,100,10.0,10.0,False,False,True,True,True
9234,2020-12-15,2020-09-10,100.0,True,True,2020-09-10,100,96.0,96.0,False,False,False,False,True
9236,2020-11-20,2020-08-21,100.0,True,True,2020-08-21,100,91.0,91.0,False,False,False,False,True
9240,2020-07-11,,,False,False,,,,,False,False,False,False,False
9253,2020-07-18,,,False,False,,,,,False,False,False,False,False
9254,2020-08-21,,,False,False,,,,,False,False,False,False,False
9257,2020-11-20,2020-11-18,500.0,True,True,2020-11-18,500,2.0,2.0,False,True,True,True,True
9269,2020-10-12,,,False,False,,,,,False,False,False,False,False
9273,2020-07-25,,,False,False,,,,,False,False,False,False,False
9278,2020-10-23,2020-09-18,100.0,True,True,2020-09-18,100,35.0,35.0,False,False,False,True,True
9310,2020-12-09,,,False,False,,,,,False,False,False,False,False
9314,2020-09-24,,,False,False,,,,,False,False,False,False,False
9314,2020-10-09,2020-09-24,5000.0,False,False,,,,15.0,False,False,False,False,False
9314,2020-11-30,2020-10-30,500.0,True,True,2020-10-30,500,31.0,31.0,False,False,False,True,True
9316,2020-07-25,,,False,False,,,,,False,False,False,False,False
9327,2020-10-07,,,False,False,,,,,False,False,False,False,False
9339,2020-12-30,2020-11-16,500.0,True,True,2020-11-16,500,44.0,44.0,False,False,False,True,True
9349,2020-08-25,,,False,False,,,,,False,False,False,False,False
9371,2020-11-02,2020-08-05,100.0,True,True,2020-08-05,100,89.0,89.0,False,False,False,True,True
9373,2020-10-14,2020-10-07,100.0,True,True,2020-10-07,100,7.0,7.0,False,True,True,True,True
9390,2020-09-14,,,False,False,,,,,False,False,False,False,False
9409,2020-11-18,2020-11-06,500.0,True,True,2020-11-06,500,12.0,12.0,False,False,True,True,True
9418,2020-12-11,,,False,False,,,,,False,False,False,False,False
9422,2020-12-15,2020-12-11,100.0,True,True,2020-12-11,100,4.0,4.0,False,True,True,True,True
9424,2020-11-16,2020-09-26,500.0,True,True,2020-09-26,500,51.0,51.0,False,False,False,True,True
9431,2020-12-15,2020-08-07,100.0,True,True,2020-08-07,100,130.0,130.0,False,False,False,False,True
9441,2020-09-04,2020-08-25,500.0,True,True,2020-08-25,500,10.0,10.0,False,False,True,True,True
9443,2020-12-02,,,False,False,,,,,False,False,False,False,False
9482,2020-11-20,2020-11-18,100.0,True,True,2020-11-18,100,2.0,2.0,False,True,True,True,True
9492,2020-12-12,,,False,False,,,,,False,False,False,False,False
9493,2020-08-01,,,False,False,,,,,False,False,False,False,False
9503,2020-09-04,,,False,False,,,,,False,False,False,False,False
9504,2020-10-28,,,False,False,,,,,False,False,False,False,False
9507,2020-10-07,2020-09-30,100.0,True,True,2020-09-30,100,7.0,7.0,False,True,True,True,True
9509,2020-10-12,2020-07-25,500.0,True,True,2020-07-25,500,79.0,79.0,False,False,False,True,True
9511,2020-12-12,2020-11-27,500.0,True,True,2020-11-27,500,15.0,15.0,False,False,True,True,True
9522,2020-08-13,,,False,False,,,,,False,False,False,False,False
9522,2020-11-25,2020-08-13,5000.0,False,False,,,,104.0,False,False,False,False,False
9523,2020-12-15,2020-11-11,100.0,True,True,2020-11-11,100,34.0,34.0,False,False,False,True,True
9542,2020-07-11,,,False,False,,,,,False,False,False,False,False
9544,2020-09-08,,,False,False,,,,,False,False,False,False,False
9546,2020-10-19,2020-09-30,100.0,True,True,2020-09-30,100,19.0,19.0,False,False,True,True,True
9565,2020-10-05,2020-08-25,200.0,True,True,2020-08-25,200,41.0,41.0,False,False,False,True,True
9571,2020-12-22,2020-11-30,100.0,True,True,2020-11-30,100,22.0,22.0,False,False,True,True,True
9581,2020-08-03,,,False,False,,,,,False,False,False,False,False
9583,2020-12-12,2020-09-30,100.0,True,True,2020-09-30,100,73.0,73.0,False,False,False,True,True
9599,2020-08-01,,,False,False,,,,,False,False,False,False,False
9626,2020-08-29,,,False,False,,,,,False,False,False,False,False
9651,2020-11-13,,,False,False,,,,,False,False,False,False,False
9651,2020-11-16,2020-11-13,5000.0,False,False,,,,3.0,False,False,False,False,False
9655,2020-10-21,,,False,False,,,,,False,False,False,False,False
9679,2020-10-10,2020-09-12,100.0,True,True,2020-09-12,100,28.0,28.0,False,False,True,True,True
9687,2020-08-05,,,False,False,,,,,False,False,False,False,False
9694,2020-12-22,2020-11-06,100.0,True,True,2020-11-06,100,46.0,46.0,False,False,False,True,True
9718,2020-11-27,2020-07-25,100.0,True,True,2020-07-25,100,125.0,125.0,False,False,False,False,True
9738,2020-12-16,2020-11-16,100.0,True,True,2020-11-16,100,30.0,30.0,False,False,True,True,True
9739,2020-11-30,,,False,False,,,,,False,False,False,False,False
9744,2020-08-03,,,False,False,,,,,False,False,False,False,False
9753,2020-11-25,2020-08-25,100.0,True,True,2020-08-25,100,92.0,92.0,False,False,False,False,True
9763,2020-08-19,,,False,False,,,,,False,False,False,False,False
9769,2020-08-13,,,False,False,,,,,False,False,False,False,False
9770,2020-08-19,,,False,False,,,,,False,False,False,False,False
9770,2020-09-14,2020-08-19,5000.0,False,False,,,,26.0,False,False,False,False,False
9779,2020-11-13,,,False,False,,,,,False,False,False,False,False
9800,2020-08-27,,,False,False,,,,,False,False,False,False,False
9804,2020-10-03,,,False,False,,,,,False,False,False,False,False
9815,2020-09-10,,,False,False,,,,,False,False,False,False,False
9826,2020-10-23,2020-10-03,500.0,True,True,2020-10-03,500,20.0,20.0,False,False,True,True,True
9839,2020-09-16,,,False,False,,,,,False,False,False,False,False
9853,2020-10-19,2020-10-07,500.0,True,True,2020-10-07,500,12.0,12.0,False,False,True,True,True
9859,2020-08-29,2020-08-25,2000.0,True,True,2020-08-25,2000,4.0,4.0,False,True,True,True,True
9869,2020-12-11,2020-12-04,100.0,True,True,2020-12-04,100,7.0,7.0,False,True,True,True,True
9875,2020-12-15,2020-10-30,100.0,True,True,2020-10-30,100,46.0,46.0,False,False,False,True,True
9876,2020-08-03,,,False,False,,,,,False,False,False,False,False
9878,2020-10-09,,,False,False,,,,,False,False,False,False,False
9879,2020-12-11,2020-09-24,500.0,True,True,2020-09-24,500,78.0,78.0,False,False,False,True,True
9887,2020-12-28,2020-12-25,100.0,True,True,2020-12-25,100,3.0,3.0,False,True,True,True,True
9892,2020-12-12,2020-12-09,2000.0,True,True,2020-12-09,2000,3.0,3.0,False,True,True,True,True
9894,2020-10-10,2020-08-29,100.0,True,True,2020-08-29,100,42.0,42.0,False,False,False,True,True
9897,2020-12-02,2020-11-06,100.0,True,True,2020-11-06,100,26.0,26.0,False,False,True,True,True
9899,2020-09-12,,,False,False,,,,,False,False,False,False,False
9910,2020-09-22,2020-08-03,100.0,True,True,2020-08-03,100,50.0,50.0,False,False,False,True,True
9913,2020-10-12,2020-09-08,200.0,True,True,2020-09-08,200,34.0,34.0,False,False,False,True,True
9916,2020-10-28,2020-09-12,2000.0,True,True,2020-09-12,2000,46.0,46.0,False,False,False,True,True
9922,2020-12-02,2020-09-12,100.0,True,True,2020-09-12,100,81.0,81.0,False,False,False,True,True
9922,2020-12-18,2020-12-15,1000.0,True,True,2020-12-15,1000,3.0,3.0,False,True,True,True,True
9926,2020-07-25,2020-07-18,100.0,True,True,2020-07-18,100,7.0,7.0,False,True,True,True,True
9927,2020-09-08,2020-09-02,500.0,True,True,2020-09-02,500,6.0,6.0,False,True,True,True,True
9927,2020-12-08,2020-09-30,100.0,True,True,2020-09-30,100,69.0,69.0,False,False,False,True,True
9930,2020-09-16,,,False,False,,,,,False,False,False,False,False
9957,2020-10-19,2020-09-12,500.0,True,True,2020-09-12,500,37.0,37.0,False,False,False,True,True
9966,2020-12-23,2020-12-22,500.0,True,True,2020-12-22,500,1.0,1.0,False,True,True,True,True
9973,2020-11-25,2020-11-18,100.0,True,True,2020-11-18,100,7.0,7.0,False,True,True,True,True
9975,2020-08-29,,,False,False,,,,,False,False,False,False,False
9979,2020-09-22,,,False,False,,,,,False,False,False,False,False
9987,2020-12-11,2020-11-27,100.0,True,True,2020-11-27,100,14.0,14.0,False,False,True,True,True
9991,2020-12-18,2020-12-04,100.0,True,True,2020-12-04,100,14.0,14.0,False,False,True,True,True
9992,2020-11-20,2020-10-28,100.0,True,True,2020-10-28,100,23.0,23.0,False,False,True,True,True
9993,2020-08-03,2020-07-18,100.0,True,True,2020-07-18,100,16.0,16.0,False,False,True,True,True
9995,2020-11-02,2020-09-30,100.0,True,True,2020-09-30,100,33.0,33.0,False,False,False,True,True
