number,last_seen,days_since_seen,score,counts
7396,31/10/2025,14,1310.4899358420307,"{100: 38, 500: 22, 5000: 7, 1000: 7, 200: 2}"
6199,10/11/2025,4,1267.7760411394738,"{100: 40, 500: 15, 1000: 5, 5000: 3, 200: 2, 2000: 1}"
0028,09/11/2025,5,1251.264889551766,"{100: 39, 500: 17, 1000: 5, 5000: 5, 2000: 2, 200: 1}"
8729,04/11/2025,10,1251.2501358444213,"{100: 34, 500: 23, 1000: 5, 5000: 3, 2000: 3, 200: 3}"
0563,16/09/2025,59,1250.7037994819502,"{100: 40, 500: 16, 1000: 4, 200: 2, 5000: 1}"
9960,20/10/2025,25,1236.1044004889898,"{100: 39, 500: 15, 1000: 7, 5000: 4, 200: 2, 2000: 1}"
8880,06/11/2025,8,1191.5478281254734,"{100: 37, 500: 16, 1000: 5, 200: 4, 5000: 2, 2000: 1}"
9900,26/10/2025,19,1189.5028617232283,"{100: 34, 500: 21, 5000: 5, 1000: 4, 200: 2, 2000: 1}"
7521,21/09/2025,54,1183.3531892879942,"{100: 34, 500: 21, 1000: 4, 5000: 2, 200: 2}"
4069,12/11/2025,2,1178.5633767623626,"{100: 37, 500: 16, 200: 6, 5000: 4, 1000: 3, 2000: 1}"
6563,15/10/2025,30,1176.0190685535044,"{100: 34, 500: 19, 1000: 4, 5000: 3, 2000: 1, 200: 1}"
3169,08/11/2025,6,1174.075982446608,"{100: 35, 500: 19, 1000: 5, 2000: 3, 200: 3, 5000: 2}"
7563,04/11/2025,10,1172.1889124059587,"{100: 37, 500: 16, 200: 3, 1000: 2, 5000: 1}"
8014,22/10/2025,23,1168.7449731245508,"{100: 36, 500: 17, 1000: 6, 5000: 4, 2000: 1}"
6929,30/10/2025,15,1165.9007805076883,"{100: 34, 500: 20, 1000: 4, 5000: 4, 2000: 3, 200: 3}"
8650,07/11/2025,7,1163.9702159573521,"{100: 37, 500: 14, 5000: 5, 200: 5, 2000: 3, 1000: 3}"
3028,01/10/2025,44,1160.7670354945888,"{100: 37, 500: 14, 1000: 8, 5000: 4, 200: 3, 2000: 1}"
9056,24/09/2025,51,1160.527281799554,"{100: 42, 500: 9, 5000: 2, 200: 1, 1000: 1, 2000: 1}"
8327,10/10/2025,35,1153.017718103688,"{100: 36, 500: 17, 1000: 5, 200: 4, 2000: 2, 5000: 2}"
8868,08/11/2025,6,1151.5490709169112,"{100: 36, 500: 16, 200: 4, 5000: 2, 1000: 2}"
7137,07/11/2025,7,1149.3799387511292,"{100: 37, 500: 13, 1000: 7, 5000: 5, 2000: 2}"
4550,02/11/2025,12,1148.299500687644,"{100: 36, 500: 15, 1000: 4, 200: 4, 5000: 4, 2000: 2}"
5760,07/11/2025,7,1148.2753138282442,"{100: 33, 500: 19, 1000: 5, 5000: 2, 2000: 1, 200: 1}"
7924,25/09/2025,50,1148.1584624459215,"{100: 33, 500: 19, 1000: 10, 5000: 4, 2000: 1, 200: 1}"
7216,04/11/2025,10,1147.1789930459372,"{100: 36, 500: 15, 1000: 8, 5000: 2, 2000: 1, 200: 1}"
9917,07/11/2025,7,1145.7328996472834,"{100: 34, 500: 19, 1000: 4, 200: 3, 5000: 3, 2000: 1}"
2547,15/10/2025,30,1145.5243227274814,"{100: 36, 500: 13, 1000: 6, 5000: 5, 200: 4, 2000: 3}"
7240,24/10/2025,21,1144.8400275898966,"{100: 32, 500: 19, 1000: 5, 5000: 4, 200: 3, 2000: 2}"
7298,24/10/2025,21,1144.517165677822,"{100: 35, 500: 18, 1000: 5, 5000: 3, 200: 2}"
6122,06/11/2025,8,1134.7909315742193,"{100: 34, 500: 17, 1000: 5, 200: 5, 5000: 2, 2000: 1}"
3535,29/08/2025,77,1134.28510741347,"{100: 35, 500: 16, 200: 4, 5000: 2, 2000: 2, 1000: 2}"
8321,12/11/2025,2,1133.9946078742435,"{100: 34, 500: 17, 5000: 7, 1000: 4, 200: 2}"
3577,14/11/2025,0,1132.3441855359285,"{100: 32, 500: 19, 5000: 5, 200: 4, 1000: 2, 2000: 1}"
7528,29/10/2025,16,1130.7333456147005,"{100: 35, 500: 16, 1000: 6, 2000: 3, 5000: 2, 200: 2}"
9026,31/10/2025,14,1130.6325949548761,"{100: 35, 500: 16, 1000: 7, 5000: 1, 2000: 1, 200: 1}"
8120,03/11/2025,11,1130.4849073358894,"{100: 35, 500: 17, 1000: 3, 5000: 2, 200: 2, 2000: 1}"
2926,07/09/2025,68,1130.0983996208972,"{100: 34, 500: 19, 200: 4, 1000: 2, 5000: 2}"
1996,27/10/2025,18,1129.7364662569798,"{100: 36, 500: 16, 1000: 6, 200: 3}"
3396,03/10/2025,42,1129.6038316502668,"{100: 37, 500: 12, 2000: 4, 1000: 4, 5000: 3, 200: 1}"
2515,07/09/2025,68,1128.2506982672942,"{100: 32, 500: 20, 5000: 4, 1000: 3, 200: 1, 2000: 1}"
7901,01/11/2025,13,1123.0568294669688,"{100: 30, 500: 24, 5000: 4, 1000: 3, 200: 1}"
8070,05/11/2025,9,1122.4270298654612,"{100: 33, 500: 20, 1000: 3, 200: 2, 5000: 1, 2000: 1}"
7856,09/11/2025,5,1122.1485038329795,"{100: 32, 500: 18, 1000: 6, 5000: 4, 200: 3, 2000: 2}"
6447,20/10/2025,25,1121.8959710700303,"{100: 33, 500: 18, 1000: 4, 2000: 4, 5000: 3, 200: 1}"
8028,23/10/2025,22,1118.4020251299467,"{100: 37, 500: 12, 1000: 5, 5000: 3, 200: 2}"
6319,18/10/2025,27,1118.368341042663,"{100: 35, 500: 16, 1000: 5, 5000: 3, 200: 1}"
9548,29/10/2025,16,1118.3189333337582,"{100: 35, 500: 16, 1000: 4, 2000: 3, 5000: 2}"
4052,07/10/2025,38,1117.0075986157724,"{100: 32, 500: 19, 200: 4, 5000: 3, 1000: 2, 2000: 1}"
3319,18/10/2025,27,1115.9531867437418,"{100: 37, 500: 13, 5000: 4, 1000: 2, 2000: 2, 200: 1}"
7519,10/11/2025,4,1115.8473215438237,"{100: 35, 500: 13, 5000: 6, 1000: 5, 2000: 2, 200: 1}"
8161,05/11/2025,9,1115.3043011506609,"{100: 33, 500: 19, 200: 6, 1000: 2, 5000: 2}"
7820,13/11/2025,1,1115.1916994532849,"{100: 29, 500: 25, 5000: 5, 1000: 4, 200: 1}"
5910,05/10/2025,40,1111.5887775011565,"{100: 37, 500: 13, 5000: 3, 2000: 2, 200: 2, 1000: 2}"
5831,18/10/2025,27,1111.2026969492408,"{100: 29, 500: 25, 5000: 4, 200: 2, 1000: 1, 2000: 1}"
3569,12/11/2025,2,1110.7193568839875,"{100: 35, 500: 15, 1000: 6, 200: 2, 5000: 1}"
7527,11/11/2025,3,1110.3809846168858,"{100: 30, 500: 21, 1000: 5, 5000: 5, 200: 3, 2000: 2}"
8934,29/10/2025,16,1109.4553848207254,"{100: 34, 500: 16, 1000: 6, 5000: 4, 2000: 1, 200: 1}"
4091,06/11/2025,8,1108.7111681772456,"{100: 35, 500: 12, 1000: 4, 5000: 4, 200: 2, 2000: 1}"
4929,07/11/2025,7,1108.527465970962,"{100: 30, 500: 20, 1000: 4, 5000: 3, 200: 3}"
3526,11/11/2025,3,1108.0365734198933,"{100: 34, 500: 16, 1000: 3, 5000: 2, 200: 1}"
9361,06/11/2025,8,1107.1773849801586,"{100: 33, 500: 18, 1000: 4, 200: 3, 2000: 1, 5000: 1}"
6847,28/10/2025,17,1104.5777039877805,"{100: 33, 500: 17, 5000: 4, 1000: 4, 200: 2}"
7879,23/10/2025,22,1102.8879503737217,"{100: 35, 500: 13, 5000: 7, 1000: 4, 200: 3, 2000: 3}"
7211,22/10/2025,23,1102.4267658878814,"{100: 36, 500: 13, 200: 3, 5000: 2, 1000: 2, 2000: 1}"
7119,19/09/2025,56,1098.3889416902894,"{100: 35, 500: 13, 1000: 8, 5000: 3, 2000: 3, 200: 2}"
9592,14/11/2025,0,1098.059230590688,"{100: 31, 500: 20, 5000: 4, 1000: 4, 2000: 1}"
2519,13/11/2025,1,1097.0281362681546,"{100: 31, 500: 21, 5000: 3, 1000: 3, 200: 2, 2000: 1}"
7083,09/11/2025,5,1096.4412371284209,"{100: 33, 500: 14, 1000: 9, 200: 5, 5000: 2}"
5019,27/10/2025,18,1096.2280965778768,"{100: 32, 500: 19, 1000: 5, 5000: 4, 200: 1}"
9536,10/10/2025,35,1095.5371129721325,"{100: 36, 500: 12, 1000: 5, 5000: 3, 2000: 2, 200: 2}"
8214,09/11/2025,5,1095.307253781041,"{100: 31, 500: 16, 200: 6, 5000: 5, 1000: 3}"
3920,31/08/2025,75,1094.8839387973735,"{100: 31, 500: 21, 1000: 5, 5000: 4, 200: 4}"
5816,04/10/2025,41,1094.3915276432047,"{100: 35, 500: 14, 200: 5, 1000: 5, 5000: 3, 2000: 2}"
9400,31/10/2025,14,1094.1928096411114,"{100: 31, 500: 20, 5000: 5, 1000: 3, 200: 2, 2000: 1}"
7826,06/09/2025,69,1093.5828371651342,"{100: 33, 500: 19, 1000: 4, 200: 3, 5000: 1}"
2615,13/11/2025,1,1092.9257868747443,"{100: 36, 500: 12, 1000: 4, 5000: 3, 2000: 3, 200: 1}"
8851,13/11/2025,1,1092.423868563745,"{100: 33, 500: 16, 200: 5, 1000: 4, 5000: 3, 2000: 1}"
8364,30/10/2025,15,1092.253567838343,"{100: 35, 500: 14, 2000: 3, 1000: 2, 5000: 2, 200: 2}"
7370,09/11/2025,5,1092.0229007212731,"{100: 32, 500: 18, 1000: 6, 5000: 3, 2000: 2, 200: 2}"
6822,08/11/2025,6,1091.3814606144547,"{100: 28, 500: 25, 1000: 4, 5000: 2, 200: 2, 2000: 1}"
2563,18/10/2025,27,1091.027009596033,"{100: 32, 500: 18, 1000: 6, 5000: 4, 200: 2, 2000: 2}"
7071,10/11/2025,4,1090.1284275070502,"{100: 34, 500: 14, 1000: 5, 5000: 4, 200: 4, 2000: 2}"
2124,06/11/2025,8,1090.0161854041648,"{100: 32, 500: 16, 5000: 4, 1000: 3, 200: 2, 2000: 2}"
7845,20/10/2025,25,1089.5147100829051,"{100: 31, 500: 21, 200: 4, 2000: 4, 1000: 3, 5000: 1}"
3551,21/10/2025,24,1089.400076032119,"{100: 34, 500: 14, 1000: 8, 200: 3, 5000: 3, 2000: 2}"
3356,23/10/2025,22,1089.2035047900026,"{100: 34, 500: 14, 5000: 7, 200: 6, 1000: 1, 2000: 1}"
3859,28/10/2025,17,1089.1176901058607,"{100: 32, 500: 15, 5000: 5, 1000: 5, 200: 3, 2000: 1}"
4842,13/11/2025,1,1088.761037570751,"{100: 32, 500: 17, 1000: 6, 5000: 6, 2000: 3, 200: 1}"
8155,14/11/2025,0,1088.723438128827,"{100: 35, 500: 14, 5000: 3, 1000: 3, 2000: 1}"
5877,01/11/2025,13,1088.470946918454,"{100: 26, 500: 26, 1000: 5, 5000: 4, 2000: 2, 200: 2}"
6500,26/10/2025,19,1087.8608514888501,"{100: 35, 500: 12, 1000: 5, 200: 4, 5000: 3}"
9531,20/10/2025,25,1084.6412124350136,"{100: 32, 500: 18, 5000: 6, 1000: 4, 200: 2, 2000: 1}"
7863,14/11/2025,0,1083.5196166892822,"{100: 34, 500: 14, 2000: 4, 1000: 4, 5000: 3, 200: 2}"
2524,11/11/2025,3,1083.126664198501,"{500: 30, 100: 24, 1000: 5, 200: 4, 2000: 3, 5000: 3}"
0317,13/11/2025,1,1083.1232599920043,"{100: 32, 500: 13, 1000: 10, 5000: 7, 200: 5, 2000: 1}"
7944,31/10/2025,14,1082.7870936013112,"{100: 33, 500: 16, 1000: 6, 5000: 4, 200: 1}"
7014,10/11/2025,4,1081.477903396425,"{100: 34, 500: 14, 1000: 5, 2000: 2, 5000: 2}"
3469,30/10/2025,15,1080.542184171195,"{100: 33, 500: 13, 1000: 9, 200: 5, 5000: 5, 2000: 1}"
1391,25/10/2025,20,1079.7092527576929,"{100: 31, 500: 15, 5000: 7, 1000: 7, 2000: 2, 200: 2}"
5813,12/10/2025,33,1079.5315124109893,"{100: 36, 500: 10, 1000: 5, 200: 4, 5000: 2}"
7038,09/11/2025,5,1079.5260315007981,"{100: 28, 500: 23, 1000: 6, 5000: 3, 200: 2, 2000: 1}"
2634,25/10/2025,20,1078.5646036341018,"{100: 33, 500: 18, 2000: 2, 5000: 1, 1000: 1, 200: 1}"
2960,12/11/2025,2,1077.1907100386045,"{100: 30, 500: 20, 1000: 5, 5000: 4, 200: 2}"
7159,13/11/2025,1,1077.1724322545788,"{100: 27, 500: 23, 1000: 5, 200: 5, 5000: 4, 2000: 2}"
8025,03/11/2025,11,1076.0020762260622,"{100: 34, 500: 14, 1000: 5, 200: 4, 5000: 2, 2000: 2}"
2269,16/10/2025,29,1075.8438612758312,"{100: 32, 500: 17, 5000: 7, 2000: 3, 1000: 2, 200: 1}"
6329,06/11/2025,8,1075.442917877481,"{500: 26, 100: 25, 1000: 7, 5000: 7, 200: 2, 2000: 1}"
3331,08/10/2025,37,1074.7218106155356,"{100: 33, 500: 17, 1000: 5, 5000: 1}"
7047,08/11/2025,6,1074.154934323499,"{100: 33, 500: 11, 1000: 7, 5000: 5, 2000: 3, 200: 2}"
1366,03/11/2025,11,1073.9987244827557,"{100: 30, 500: 21, 1000: 5, 200: 3, 5000: 2}"
9422,26/10/2025,19,1073.5408183901716,"{100: 32, 500: 16, 5000: 6, 1000: 4, 200: 1}"
3539,17/10/2025,28,1073.2980170664898,"{100: 34, 500: 15, 1000: 3, 200: 3, 5000: 1, 2000: 1}"
9929,16/09/2025,59,1073.1198092891714,"{100: 31, 500: 18, 5000: 9, 200: 5, 1000: 4}"
3311,24/10/2025,21,1072.9137489236127,"{100: 31, 500: 17, 200: 7, 1000: 5, 5000: 3}"
6516,03/11/2025,11,1072.6230036062102,"{100: 30, 500: 19, 1000: 8, 2000: 3, 5000: 2, 200: 1}"
8269,22/10/2025,23,1072.4072069064118,"{100: 34, 500: 12, 5000: 4, 1000: 4, 200: 3, 2000: 2}"
6023,20/10/2025,25,1072.3190494729527,"{100: 32, 500: 16, 1000: 5, 200: 5, 5000: 4}"
7977,10/10/2025,35,1072.2369584550506,"{100: 33, 500: 14, 5000: 9, 1000: 6, 200: 2, 2000: 1}"
9271,12/10/2025,33,1070.9416238320405,"{100: 34, 500: 14, 200: 4, 1000: 3, 5000: 2}"
7928,24/10/2025,21,1070.8929462489823,"{100: 31, 500: 18, 1000: 7, 5000: 5, 200: 1, 2000: 1}"
8925,08/11/2025,6,1070.5748365972847,"{100: 31, 500: 18, 5000: 6, 1000: 3, 200: 2, 2000: 1}"
2935,01/11/2025,13,1070.4677620553969,"{100: 34, 500: 16, 2000: 3, 1000: 2, 200: 1}"
7131,10/11/2025,4,1070.1537944539166,"{100: 33, 500: 13, 1000: 4, 5000: 3, 2000: 1, 200: 1}"
7410,07/11/2025,7,1070.1327842111953,"{100: 33, 500: 13, 1000: 7, 200: 5, 5000: 2}"
1425,26/10/2025,19,1069.7437751130387,"{100: 32, 500: 15, 1000: 5, 5000: 3, 2000: 3, 200: 2}"
8322,20/09/2025,55,1069.679950939109,"{100: 29, 500: 21, 1000: 4, 5000: 2, 200: 1}"
2471,07/11/2025,7,1069.1825328625855,"{100: 29, 500: 19, 5000: 9, 1000: 3, 200: 3, 2000: 2}"
9909,06/11/2025,8,1068.4254824176355,"{100: 33, 500: 14, 2000: 3, 1000: 3, 5000: 2, 200: 2}"
6347,14/11/2025,0,1067.6870848947747,"{100: 33, 500: 15, 1000: 6, 5000: 2, 200: 2, 2000: 1}"
6793,06/11/2025,8,1066.5639787221194,"{100: 30, 500: 20, 1000: 6, 5000: 2, 2000: 1, 200: 1}"
0311,08/11/2025,6,1066.2273572171648,"{100: 33, 500: 15, 1000: 3, 5000: 3, 200: 3}"
4045,07/11/2025,7,1064.7183640852934,"{100: 30, 500: 21, 1000: 3, 200: 2, 5000: 2}"
8426,17/10/2025,28,1064.1091509751514,"{100: 31, 500: 14, 5000: 7, 1000: 6, 200: 3, 2000: 2}"
7276,27/10/2025,18,1063.375102600795,"{100: 31, 500: 18, 1000: 6, 2000: 3, 200: 3, 5000: 1}"
2190,10/11/2025,4,1063.3542407205034,"{100: 30, 500: 17, 1000: 6, 5000: 4, 200: 4, 2000: 1}"
9449,29/10/2025,16,1063.3507358064328,"{100: 35, 500: 13, 1000: 3, 5000: 2}"
7925,28/10/2025,17,1063.0340363116225,"{100: 31, 500: 18, 5000: 4, 1000: 2, 2000: 1, 200: 1}"
8870,23/10/2025,22,1062.7874702472895,"{100: 27, 500: 23, 200: 4, 5000: 3, 1000: 3, 2000: 1}"
3253,17/10/2025,28,1062.6733641646435,"{100: 35, 500: 13, 1000: 4, 5000: 1, 200: 1}"
8112,14/11/2025,0,1062.115015024383,"{100: 35, 500: 12, 200: 3, 1000: 3, 2000: 1, 5000: 1}"
9038,27/10/2025,18,1061.6911420831261,"{100: 32, 500: 14, 200: 6, 1000: 4, 5000: 3, 2000: 2}"
0512,01/11/2025,13,1061.6104104855174,"{100: 34, 500: 12, 1000: 6, 5000: 2, 200: 1}"
6491,12/11/2025,2,1061.2192130769395,"{100: 36, 500: 10, 5000: 4, 1000: 3, 2000: 2, 200: 1}"
2131,20/10/2025,25,1059.9376337564981,"{100: 31, 500: 17, 1000: 5, 5000: 4, 200: 1}"
7130,04/11/2025,10,1059.5981482133075,"{100: 32, 500: 15, 1000: 4, 5000: 3, 200: 2, 2000: 1}"
5366,20/09/2025,55,1059.2825781560748,"{100: 30, 500: 17, 1000: 6, 5000: 6, 200: 3, 2000: 1}"
7390,13/11/2025,1,1059.0062575094194,"{100: 28, 500: 19, 1000: 8, 200: 4, 5000: 3, 2000: 1}"
8224,26/10/2025,19,1058.9672633886646,"{100: 30, 500: 18, 1000: 6, 5000: 4, 2000: 1, 200: 1}"
6578,06/11/2025,8,1057.991938372666,"{100: 33, 500: 15, 200: 5, 1000: 2, 5000: 2}"
3523,10/10/2025,35,1057.9694123748243,"{100: 28, 500: 21, 5000: 3, 1000: 3, 200: 2}"
7025,14/11/2025,0,1057.3347263617716,"{100: 31, 500: 16, 5000: 3, 1000: 2, 200: 1, 2000: 1}"
7400,10/11/2025,4,1057.2040423155224,"{100: 32, 500: 13, 5000: 7, 1000: 5, 200: 4}"
9800,09/11/2025,5,1056.8121820020795,"{100: 32, 500: 14, 200: 4, 1000: 3, 5000: 2, 2000: 2}"
9017,23/09/2025,52,1056.1628752072274,"{100: 30, 500: 20, 1000: 4, 5000: 3, 200: 2}"
7715,13/11/2025,1,1055.0001157420922,"{100: 35, 500: 11, 1000: 4, 200: 4, 5000: 1, 2000: 1}"
9546,16/10/2025,29,1054.128491772132,"{100: 32, 500: 15, 5000: 7, 1000: 3, 200: 2, 2000: 1}"
3126,01/11/2025,13,1053.5331195046742,"{100: 28, 500: 19, 5000: 7, 1000: 5, 2000: 1, 200: 1}"
8867,09/11/2025,5,1053.2308236499834,"{100: 34, 500: 12, 200: 7, 1000: 4, 2000: 2, 5000: 1}"
5819,19/10/2025,26,1052.8464078995519,"{100: 34, 500: 12, 1000: 6, 2000: 4, 200: 3, 5000: 2}"
9857,16/10/2025,29,1052.470777029321,"{100: 32, 500: 17, 200: 5, 5000: 5, 1000: 4, 2000: 1}"
6116,19/10/2025,26,1052.2542674169042,"{100: 29, 500: 21, 5000: 7, 1000: 4, 2000: 1, 200: 1}"
6469,30/10/2025,15,1052.2433752377012,"{100: 35, 500: 11, 1000: 5, 200: 4, 5000: 2, 2000: 1}"
5110,10/11/2025,4,1051.8738741896068,"{100: 27, 500: 24, 1000: 9, 200: 3, 5000: 2}"
7963,26/10/2025,19,1051.7298795022305,"{100: 31, 500: 17, 5000: 6, 200: 5, 1000: 4}"
2499,30/10/2025,15,1051.5745451278103,"{100: 33, 500: 15, 1000: 3, 5000: 2, 200: 2, 2000: 2}"
8570,12/11/2025,2,1049.9192559372316,"{100: 32, 500: 12, 5000: 5, 200: 5, 1000: 1, 2000: 1}"
1506,14/11/2025,0,1049.917932676673,"{100: 29, 500: 19, 1000: 6, 5000: 5, 200: 2, 2000: 1}"
4539,11/11/2025,3,1049.6689123812544,"{100: 33, 500: 15, 200: 3, 5000: 2, 1000: 1}"
8400,12/11/2025,2,1049.3438711435228,"{100: 35, 500: 11, 1000: 4, 200: 4, 2000: 2, 5000: 1}"
4385,21/10/2025,24,1049.3415930703443,"{100: 33, 500: 11, 5000: 7, 1000: 4, 200: 2}"
7420,01/11/2025,13,1049.2666426143132,"{100: 32, 500: 14, 1000: 8, 5000: 6, 200: 2, 2000: 1}"
8039,23/09/2025,52,1049.2247270223022,"{100: 35, 500: 9, 1000: 6, 5000: 5, 200: 4}"
7324,08/11/2025,6,1048.76961108473,"{100: 30, 500: 18, 1000: 7, 200: 2, 2000: 1, 5000: 1}"
3823,09/11/2025,5,1048.753396964024,"{100: 31, 500: 15, 1000: 8, 200: 4, 5000: 3, 2000: 2}"
7187,21/10/2025,24,1048.0773558951057,"{100: 35, 500: 10, 200: 4, 2000: 3, 5000: 3, 1000: 2}"
7922,03/11/2025,11,1047.5118163441368,"{100: 33, 500: 12, 200: 7, 5000: 4, 1000: 3}"
9174,08/11/2025,6,1047.402914495797,"{100: 30, 500: 19, 1000: 6, 200: 1, 5000: 1}"
8852,12/10/2025,33,1047.3349458786909,"{100: 34, 500: 11, 1000: 3, 5000: 2, 2000: 1}"
3594,19/09/2025,56,1046.5095916864068,"{100: 32, 500: 16, 200: 4, 1000: 2, 2000: 2, 5000: 1}"
4049,29/10/2025,16,1046.416578427206,"{100: 30, 500: 17, 1000: 7, 200: 2, 5000: 1, 2000: 1}"
9863,08/11/2025,6,1046.3396474054514,"{100: 29, 500: 20, 1000: 4, 5000: 4, 200: 3, 2000: 2}"
8125,07/10/2025,38,1045.885830821136,"{100: 30, 500: 19, 5000: 6, 1000: 4, 2000: 2}"
7469,26/09/2025,49,1045.8154869270102,"{100: 33, 500: 14, 1000: 6, 200: 5, 5000: 4}"
3924,04/11/2025,10,1045.3839971329885,"{100: 27, 500: 23, 5000: 5, 1000: 4, 200: 1}"
9829,12/11/2025,2,1045.1100628284491,"{100: 30, 500: 17, 1000: 10, 2000: 3, 5000: 2}"
9992,28/10/2025,17,1044.5819257428616,"{100: 32, 500: 15, 1000: 3, 5000: 2, 2000: 2, 200: 1}"
6806,09/11/2025,5,1044.4260599797622,"{100: 27, 500: 20, 5000: 7, 1000: 7, 200: 7}"
7210,28/09/2025,47,1044.4103051347133,"{100: 33, 500: 13, 1000: 4, 5000: 4, 200: 4, 2000: 1}"
7020,07/11/2025,7,1044.0812962827104,"{100: 29, 500: 17, 5000: 7, 1000: 7, 200: 6}"
7727,03/10/2025,42,1044.0011521620022,"{100: 27, 500: 23, 1000: 6, 5000: 4, 200: 2, 2000: 1}"
9111,16/10/2025,29,1043.9170294350836,"{100: 35, 500: 11, 5000: 5, 1000: 3, 2000: 2}"
6729,09/11/2025,5,1043.7528934079626,"{100: 30, 500: 16, 5000: 4, 1000: 4, 200: 1}"
7280,09/11/2025,5,1043.6706220072774,"{100: 31, 500: 15, 1000: 5, 5000: 5, 200: 5}"
6027,02/11/2025,12,1043.642403634923,"{100: 31, 500: 17, 1000: 5, 200: 4, 5000: 2, 2000: 1}"
8419,08/11/2025,6,1042.9822066952254,"{100: 30, 500: 15, 5000: 6, 1000: 4, 200: 2, 2000: 1}"
8501,04/10/2025,41,1042.2306459340846,"{100: 34, 500: 10, 1000: 7, 5000: 5, 2000: 1, 200: 1}"
2629,24/10/2025,21,1041.700838768147,"{100: 31, 500: 17, 5000: 5, 200: 2, 1000: 2}"
5847,17/10/2025,28,1041.4410445905323,"{100: 33, 500: 15, 5000: 5, 1000: 1, 200: 1}"
7900,17/10/2025,28,1041.2814424224016,"{100: 31, 500: 15, 1000: 7, 200: 4, 5000: 4, 2000: 4}"
8150,06/11/2025,8,1041.2375964164617,"{100: 35, 500: 11, 1000: 3, 5000: 2, 2000: 2, 200: 1}"
8313,12/11/2025,2,1041.1430597547899,"{100: 29, 500: 19, 1000: 5, 200: 3, 5000: 2}"
5376,21/10/2025,24,1041.093593266585,"{100: 27, 500: 22, 1000: 7, 200: 4, 5000: 1}"
9342,09/11/2025,5,1041.0862288146545,"{100: 33, 500: 13, 1000: 6, 5000: 3, 2000: 2, 200: 1}"
6861,20/10/2025,25,1040.812642425265,"{100: 33, 500: 13, 1000: 6, 5000: 3, 200: 3, 2000: 2}"
6310,28/10/2025,17,1040.743363648146,"{100: 34, 500: 10, 5000: 4, 200: 3, 1000: 2}"
8810,08/11/2025,6,1039.8819646507877,"{100: 33, 500: 12, 1000: 8, 200: 2, 2000: 1, 5000: 1}"
8211,09/11/2025,5,1038.541477107105,"{500: 26, 100: 26, 5000: 6, 200: 1, 1000: 1}"
7140,12/11/2025,2,1038.5049462257946,"{100: 29, 500: 18, 5000: 4, 1000: 3, 2000: 2, 200: 1}"
9513,22/09/2025,53,1038.145975504827,"{100: 27, 500: 21, 1000: 11, 200: 3, 2000: 2, 5000: 1}"
6669,24/10/2025,21,1037.973471277228,"{100: 32, 500: 11, 1000: 8, 5000: 3, 200: 3, 2000: 1}"
6993,25/10/2025,20,1037.8663578800613,"{100: 31, 500: 16, 1000: 5, 200: 4, 2000: 2, 5000: 2}"
8297,02/11/2025,12,1037.1829584403154,"{100: 33, 500: 13, 5000: 4, 200: 3, 1000: 2}"
3122,14/11/2025,0,1036.9574783788996,"{100: 30, 500: 16, 5000: 4, 200: 3, 1000: 2, 2000: 1}"
6910,04/11/2025,10,1036.651038638523,"{100: 28, 500: 22, 5000: 4, 1000: 1, 2000: 1, 200: 1}"
0081,23/09/2025,52,1036.2469513105975,"{100: 30, 500: 16, 5000: 6, 200: 5, 2000: 2, 1000: 2}"
7579,19/09/2025,56,1035.8251166670686,"{100: 35, 500: 10, 1000: 7, 5000: 4, 200: 1}"
6406,03/10/2025,42,1035.3595751948255,"{100: 33, 500: 13, 5000: 3, 1000: 3, 2000: 2, 200: 1}"
8324,02/11/2025,12,1033.0944608038894,"{100: 35, 500: 12, 1000: 3, 200: 3}"
9042,29/10/2025,16,1032.8985384041096,"{100: 31, 500: 17, 1000: 3, 5000: 3, 2000: 1, 200: 1}"
9843,22/10/2025,23,1032.6520211790157,"{100: 31, 1000: 15, 500: 15, 200: 3, 2000: 2}"
9572,07/11/2025,7,1032.0664124914415,"{100: 28, 500: 19, 1000: 6, 200: 5, 5000: 4, 2000: 2}"
8855,11/11/2025,3,1032.027020141271,"{100: 32, 500: 12, 1000: 10, 5000: 4, 200: 1}"
6814,14/11/2025,0,1032.0011899268757,"{100: 30, 500: 18, 200: 4, 5000: 4, 1000: 1, 2000: 1}"
6418,14/10/2025,31,1031.9957620838034,"{100: 32, 500: 15, 5000: 5, 200: 3, 2000: 2, 1000: 1}"
2209,13/10/2025,32,1031.8204011663013,"{100: 32, 500: 16, 5000: 3, 200: 2, 1000: 2, 2000: 1}"
3411,12/10/2025,33,1031.3067540736486,"{100: 33, 500: 13, 1000: 3, 2000: 2, 200: 2, 5000: 1}"
0570,22/10/2025,23,1030.9474604215825,"{100: 31, 500: 15, 1000: 9, 200: 3, 5000: 3}"
7323,06/11/2025,8,1030.3147088558987,"{100: 27, 500: 18, 5000: 8, 1000: 7, 200: 3}"
7320,21/09/2025,54,1030.2778999511786,"{100: 28, 500: 19, 5000: 4, 1000: 4, 200: 3, 2000: 2}"
0621,01/11/2025,13,1030.1957334402387,"{100: 31, 500: 16, 1000: 4, 200: 4, 5000: 4, 2000: 2}"
5529,31/10/2025,14,1030.0806270044393,"{100: 29, 500: 20, 5000: 3, 2000: 2, 1000: 1, 200: 1}"
0549,15/10/2025,30,1029.6831932743614,"{100: 33, 500: 14, 200: 4, 1000: 2, 5000: 2, 2000: 1}"
3847,12/11/2025,2,1029.1476239376034,"{100: 27, 500: 22, 1000: 5, 2000: 2, 5000: 2, 200: 1}"
9892,11/11/2025,3,1029.052779169071,"{100: 30, 500: 16, 1000: 4, 200: 3, 5000: 3, 2000: 2}"
2044,22/10/2025,23,1028.5433570064754,"{100: 27, 500: 20, 5000: 9, 200: 6, 1000: 3, 2000: 2}"
7171,06/11/2025,8,1028.4083904422896,"{100: 28, 500: 17, 5000: 6, 1000: 5, 200: 3}"
6569,19/10/2025,26,1028.4006511335117,"{100: 28, 500: 19, 1000: 4, 5000: 2, 2000: 2, 200: 1}"
3206,11/11/2025,3,1028.3210013996168,"{100: 32, 500: 12, 5000: 5, 1000: 5, 200: 1, 2000: 1}"
0577,21/10/2025,24,1028.257411130723,"{100: 28, 500: 17, 200: 5, 1000: 5, 5000: 3, 2000: 3}"
9925,26/10/2025,19,1028.2301565246923,"{100: 31, 500: 16, 5000: 5, 1000: 4, 200: 2, 2000: 1}"
0929,01/11/2025,13,1027.8308001701112,"{100: 29, 500: 20, 5000: 3, 1000: 1, 2000: 1, 200: 1}"
7551,21/10/2025,24,1027.645199944762,"{100: 30, 500: 17, 5000: 6, 1000: 4, 200: 1}"
9544,08/11/2025,6,1027.5344756591558,"{100: 30, 500: 14, 1000: 7, 5000: 4, 200: 1}"
0090,13/09/2025,62,1027.335342891212,"{100: 30, 500: 18, 1000: 6, 5000: 2, 200: 1}"
9926,04/11/2025,10,1027.2956893705089,"{100: 30, 500: 15, 1000: 6, 5000: 4, 2000: 4, 200: 3}"
2113,25/10/2025,20,1027.012224178468,"{100: 33, 500: 13, 1000: 5, 5000: 3}"
9239,05/11/2025,9,1026.9531503561625,"{100: 26, 500: 24, 1000: 5, 5000: 4, 200: 2}"
4166,27/10/2025,18,1026.503346341714,"{100: 30, 500: 18, 5000: 4, 1000: 3, 200: 3}"
6047,07/11/2025,7,1026.2007374530172,"{100: 34, 500: 11, 1000: 5, 5000: 3, 200: 1}"
9420,14/09/2025,61,1025.4530793527922,"{100: 30, 500: 20, 200: 6, 1000: 4, 2000: 1}"
6291,16/09/2025,59,1025.3546754826714,"{100: 30, 500: 16, 5000: 6, 1000: 4, 200: 3, 2000: 1}"
5285,07/11/2025,7,1024.4587767701578,"{100: 28, 500: 20, 5000: 6, 1000: 3, 2000: 1}"
9558,09/10/2025,36,1024.4373599132443,"{100: 30, 500: 17, 1000: 5, 200: 3, 5000: 3, 2000: 2}"
7854,10/11/2025,4,1023.8211687597184,"{100: 26, 500: 23, 5000: 5, 1000: 4, 200: 3}"
2299,13/11/2025,1,1023.4577105304993,"{100: 33, 500: 11, 1000: 5, 2000: 2, 5000: 2, 200: 1}"
7801,08/10/2025,37,1023.2837645492135,"{100: 29, 500: 16, 1000: 9, 5000: 5, 2000: 3, 200: 1}"
2466,04/10/2025,41,1023.1360025713932,"{100: 33, 500: 13, 1000: 6, 5000: 2, 200: 1}"
7019,20/10/2025,25,1022.5971785981176,"{100: 29, 500: 16, 5000: 5, 1000: 5, 2000: 2}"
2469,09/11/2025,5,1021.7857398624443,"{100: 27, 500: 20, 1000: 5, 200: 4, 5000: 2, 2000: 2}"
8944,16/10/2025,29,1020.6073319772086,"{100: 31, 500: 15, 1000: 5, 5000: 4, 200: 1}"
3513,04/11/2025,10,1020.466420091317,"{100: 31, 500: 13, 1000: 4, 5000: 3, 200: 3, 2000: 2}"
4090,13/11/2025,1,1020.3101149554077,"{100: 33, 500: 13, 5000: 5, 1000: 4, 200: 1}"
8819,11/11/2025,3,1019.7154079588448,"{100: 26, 500: 21, 5000: 5, 1000: 3, 2000: 2}"
7120,31/08/2025,75,1019.4498103618803,"{100: 31, 500: 13, 1000: 6, 5000: 5, 200: 4}"
6821,06/11/2025,8,1019.3922879931463,"{100: 31, 500: 15, 1000: 7, 200: 2, 2000: 1, 5000: 1}"
5027,20/10/2025,25,1019.376791870458,"{100: 31, 500: 15, 1000: 5, 200: 3, 2000: 2, 5000: 1}"
7135,04/11/2025,10,1018.9257284802236,"{100: 26, 500: 22, 5000: 7, 1000: 3, 200: 3, 2000: 1}"
3536,27/08/2025,79,1018.6776173814826,"{100: 29, 500: 21, 1000: 3, 5000: 2, 200: 1, 2000: 1}"
4904,30/09/2025,45,1018.6643700411223,"{100: 30, 500: 15, 5000: 6, 1000: 3, 200: 2}"
7067,12/11/2025,2,1018.5853967142334,"{100: 28, 500: 20, 5000: 4, 1000: 3, 2000: 1}"
8217,09/11/2025,5,1018.4853985628216,"{100: 28, 500: 20, 1000: 5, 5000: 3, 200: 2, 2000: 1}"
2059,10/10/2025,35,1018.4383373534829,"{100: 29, 500: 19, 1000: 6, 200: 2, 5000: 2, 2000: 1}"
5336,11/11/2025,3,1018.4066946563966,"{100: 29, 500: 17, 200: 5, 5000: 4, 1000: 3, 2000: 3}"
9599,04/11/2025,10,1018.0046784796219,"{100: 29, 500: 16, 5000: 3, 1000: 3, 200: 3, 2000: 1}"
9820,10/09/2025,65,1017.5084432544386,"{100: 29, 500: 20, 1000: 5, 5000: 2, 2000: 1}"
0429,03/09/2025,72,1017.4835652195428,"{100: 33, 500: 13, 2000: 4, 200: 4, 1000: 3}"
8010,07/11/2025,7,1017.0235595446692,"{100: 29, 500: 16, 1000: 8, 200: 5, 5000: 2}"
6464,31/10/2025,14,1016.9523629796472,"{100: 31, 500: 16, 1000: 6, 2000: 2, 5000: 2, 200: 1}"
0192,13/07/2025,124,1016.7086867771352,"{100: 29, 500: 17, 5000: 8, 1000: 4, 200: 3, 2000: 2}"
6177,11/09/2025,64,1016.6454961789971,"{100: 31, 500: 17, 5000: 3, 2000: 1, 200: 1, 1000: 1}"
1227,21/09/2025,54,1016.2234087509589,"{100: 33, 500: 12, 1000: 7, 5000: 3, 2000: 2, 200: 1}"
5156,09/11/2025,5,1016.0936422958799,"{100: 29, 500: 20, 1000: 3, 200: 3, 2000: 2}"
8846,12/11/2025,2,1016.0026429209393,"{100: 28, 500: 18, 1000: 9, 5000: 4, 200: 3, 2000: 2}"
8262,06/10/2025,39,1015.9793683690775,"{100: 30, 500: 16, 1000: 6, 200: 3, 5000: 2}"
2216,07/07/2025,130,1015.8840716054171,"{100: 29, 500: 20, 5000: 6, 1000: 5, 200: 3, 2000: 1}"
4022,16/10/2025,29,1015.7198201893548,"{100: 34, 500: 10, 1000: 4, 5000: 4, 200: 2, 2000: 1}"
8766,14/11/2025,0,1015.2627966709562,"{100: 34, 500: 10, 200: 4, 1000: 3, 5000: 2}"
4249,10/11/2025,4,1014.2792897244044,"{100: 31, 500: 16, 1000: 2, 2000: 2, 5000: 2, 200: 1}"
8222,05/11/2025,9,1014.1977563279786,"{100: 30, 500: 16, 5000: 5, 1000: 3, 2000: 2, 200: 1}"
0161,31/10/2025,14,1014.062914522571,"{100: 26, 500: 22, 1000: 9, 200: 3, 5000: 2, 2000: 1}"
7407,12/10/2025,33,1013.7713200717352,"{100: 28, 500: 18, 1000: 6, 5000: 5, 200: 3}"
2047,13/10/2025,32,1013.3100525368822,"{100: 28, 500: 20, 200: 6, 1000: 4, 5000: 3, 2000: 2}"
6425,31/08/2025,75,1012.6496760227947,"{100: 27, 500: 21, 5000: 4, 2000: 3, 1000: 3, 200: 1}"
7542,26/10/2025,19,1012.4827118086688,"{100: 33, 500: 12, 1000: 4, 5000: 3, 2000: 2, 200: 1}"
7844,07/11/2025,7,1012.3660296454095,"{500: 26, 100: 22, 1000: 6, 5000: 3, 2000: 3, 200: 3}"
2204,05/11/2025,9,1012.2107586202421,"{100: 34, 1000: 8, 500: 8, 5000: 6, 200: 2, 2000: 1}"
8023,22/10/2025,23,1012.2035169017652,"{100: 31, 500: 15, 200: 5, 1000: 4, 5000: 3, 2000: 2}"
5993,30/10/2025,15,1012.1361069629585,"{100: 29, 500: 17, 1000: 4, 2000: 3, 200: 3, 5000: 2}"
0890,11/11/2025,3,1011.5133312491447,"{100: 30, 500: 16, 5000: 4, 1000: 3, 2000: 2, 200: 2}"
7669,27/10/2025,18,1011.4627478783777,"{100: 26, 500: 23, 1000: 4, 5000: 3, 2000: 1, 200: 1}"
8543,14/11/2025,0,1011.3286548563075,"{100: 28, 500: 17, 5000: 4, 200: 4, 1000: 4, 2000: 1}"
6829,07/11/2025,7,1011.0127752718732,"{100: 29, 500: 17, 200: 5, 1000: 5, 5000: 3, 2000: 2}"
7235,22/09/2025,53,1010.9420974800356,"{100: 28, 500: 21, 1000: 4, 5000: 3, 2000: 1, 200: 1}"
8589,11/11/2025,3,1010.825488593734,"{100: 32, 500: 13, 5000: 6, 1000: 3, 200: 1}"
3633,09/11/2025,5,1010.6332141251506,"{100: 27, 500: 20, 1000: 5, 5000: 4, 2000: 2, 200: 2}"
7220,11/10/2025,34,1010.3570988067066,"{100: 30, 500: 12, 1000: 10, 200: 6, 5000: 2}"
8237,01/10/2025,44,1010.0523176537981,"{100: 34, 500: 10, 1000: 5, 5000: 5, 200: 2}"
2909,04/11/2025,10,1009.36417622129,"{100: 31, 500: 12, 1000: 10, 5000: 4, 200: 3, 2000: 2}"
6579,04/11/2025,10,1009.297856916314,"{100: 30, 500: 17, 200: 9, 1000: 4, 2000: 2}"
4575,01/11/2025,13,1008.3891322747387,"{100: 29, 500: 16, 1000: 6, 5000: 4, 200: 4}"
3225,12/11/2025,2,1008.1382855344426,"{100: 29, 500: 17, 1000: 5, 5000: 3, 2000: 2, 200: 2}"
4868,31/10/2025,14,1007.979462959037,"{100: 30, 500: 16, 5000: 4, 1000: 4, 200: 3}"
8206,24/10/2025,21,1007.7805389499223,"{100: 31, 500: 14, 1000: 5, 5000: 4, 200: 2}"
6437,28/09/2025,47,1007.7402495875205,"{100: 30, 500: 16, 1000: 5, 5000: 4, 200: 4, 2000: 1}"
0273,03/11/2025,11,1007.459020362593,"{100: 27, 500: 21, 1000: 4, 5000: 3, 200: 2}"
7223,08/11/2025,6,1007.3033560714207,"{100: 31, 500: 13, 1000: 6, 5000: 5, 200: 3, 2000: 1}"
9827,18/10/2025,27,1007.298090023705,"{100: 30, 500: 15, 1000: 6, 5000: 5, 2000: 2, 200: 2}"
7874,25/10/2025,20,1007.1636304431834,"{100: 27, 500: 18, 5000: 5, 1000: 4, 200: 3, 2000: 1}"
1049,21/10/2025,24,1006.9293302558586,"{100: 31, 500: 15, 1000: 4, 5000: 4, 200: 2}"
6526,06/10/2025,39,1006.6570846146731,"{100: 30, 500: 13, 5000: 4, 2000: 4, 1000: 4, 200: 4}"
5986,19/08/2025,87,1006.6316446781956,"{100: 32, 500: 13, 1000: 5, 5000: 3, 200: 3, 2000: 1}"
3964,11/09/2025,64,1006.6094752447993,"{100: 31, 500: 14, 1000: 8, 5000: 6, 200: 1}"
5517,16/10/2025,29,1006.211762565134,"{100: 32, 500: 16, 200: 5, 5000: 2, 2000: 1}"
7027,28/10/2025,17,1006.1701532342252,"{100: 28, 500: 18, 5000: 6, 1000: 5, 200: 3}"
7380,08/10/2025,37,1005.7032558999426,"{100: 29, 500: 18, 1000: 4, 5000: 3, 200: 3}"
2342,20/10/2025,25,1005.6559570882563,"{100: 28, 500: 17, 1000: 5, 2000: 3, 5000: 2, 200: 1}"
8909,01/10/2025,44,1005.5779767413486,"{100: 29, 500: 18, 5000: 5, 1000: 4, 2000: 2, 200: 2}"
2099,01/11/2025,13,1005.164637255985,"{100: 31, 500: 14, 1000: 5, 5000: 3, 200: 3, 2000: 2}"
3304,05/11/2025,9,1005.008931504923,"{100: 31, 500: 15, 5000: 4, 200: 2, 1000: 2, 2000: 1}"
0848,04/10/2025,41,1004.6041927812836,"{100: 27, 500: 22, 1000: 8, 200: 3, 2000: 1}"
8555,16/10/2025,29,1004.2631260723416,"{100: 30, 500: 14, 1000: 6, 2000: 4, 200: 3, 5000: 3}"
3219,10/11/2025,4,1004.1758773781701,"{100: 30, 500: 16, 1000: 6, 2000: 3, 200: 3, 5000: 2}"
0426,21/10/2025,24,1003.9864217101398,"{100: 30, 500: 16, 1000: 6, 5000: 1}"
7270,02/11/2025,12,1003.8889113603575,"{100: 31, 500: 11, 1000: 10, 5000: 5, 2000: 1}"
5274,14/11/2025,0,1003.8023737293299,"{100: 32, 500: 10, 1000: 4, 200: 4, 5000: 2, 2000: 1}"
8127,28/10/2025,17,1003.6477640076411,"{100: 35, 500: 7, 2000: 3, 1000: 3, 5000: 2, 200: 1}"
8063,30/08/2025,76,1003.6345009882389,"{100: 30, 500: 18, 1000: 4, 5000: 2, 200: 1}"
7267,26/09/2025,49,1003.5958778246488,"{100: 31, 500: 13, 1000: 4, 5000: 2, 200: 1, 2000: 1}"
6275,01/10/2025,44,1003.3260123002576,"{100: 29, 500: 17, 1000: 6, 200: 3, 5000: 1, 2000: 1}"
3289,14/11/2025,0,1003.2563122777832,"{100: 35, 500: 8, 1000: 5, 200: 1, 5000: 1, 2000: 1}"
4525,14/11/2025,0,1003.0436524261535,"{100: 35, 500: 8, 1000: 3, 5000: 3, 2000: 2, 200: 1}"
5176,13/09/2025,62,1003.0364561554367,"{100: 31, 500: 15, 5000: 5, 1000: 4, 200: 2, 2000: 1}"
8325,06/11/2025,8,1002.9016026230066,"{100: 30, 500: 14, 1000: 6, 200: 5, 5000: 2, 2000: 1}"
6796,28/10/2025,17,1002.7884815752601,"{100: 33, 500: 13, 200: 3, 1000: 3, 2000: 1, 5000: 1}"
1249,23/10/2025,22,1002.7541402563359,"{100: 33, 500: 11, 200: 3, 1000: 2, 5000: 2}"
8435,03/11/2025,11,1002.6526451539298,"{100: 33, 500: 8, 1000: 4, 5000: 3, 200: 2, 2000: 1}"
7813,12/10/2025,33,1002.6348298433564,"{100: 31, 500: 16, 2000: 3, 1000: 2, 5000: 1, 200: 1}"
8569,13/11/2025,1,1002.5527274424499,"{100: 28, 500: 16, 5000: 5, 1000: 5, 200: 4, 2000: 1}"
9378,25/09/2025,50,1001.654359164179,"{100: 32, 500: 11, 5000: 7, 1000: 5, 200: 1, 2000: 1}"
8829,02/11/2025,12,1001.3958547012027,"{100: 30, 500: 15, 5000: 4, 1000: 3, 2000: 1, 200: 1}"
8920,12/11/2025,2,1000.727281623869,"{100: 31, 500: 13, 5000: 8, 2000: 3, 200: 3, 1000: 2}"
7134,30/10/2025,15,1000.5534660053677,"{100: 31, 500: 11, 1000: 5, 5000: 4, 2000: 3, 200: 1}"
8117,22/10/2025,23,1000.5233341644869,"{100: 29, 500: 14, 1000: 11, 5000: 4, 2000: 2, 200: 1}"
2609,31/10/2025,14,1000.5046036979617,"{100: 33, 500: 10, 1000: 6, 200: 2, 5000: 1}"
2327,12/11/2025,2,1000.3020722665503,"{100: 28, 500: 16, 5000: 5, 1000: 4, 200: 1}"
5547,08/11/2025,6,1000.2941552502162,"{100: 29, 500: 19, 5000: 2, 1000: 1, 2000: 1, 200: 1}"
5000,11/11/2025,3,1000.0772075145409,"{100: 26, 500: 19, 5000: 9, 1000: 2, 200: 2}"
3120,03/10/2025,42,999.998977709443,"{100: 32, 500: 13, 5000: 4, 1000: 4, 200: 2, 2000: 2}"
8250,09/11/2025,5,999.9172086931085,"{100: 31, 500: 13, 5000: 5, 1000: 3, 200: 3, 2000: 2}"
7009,07/11/2025,7,999.3170203447249,"{100: 26, 500: 17, 1000: 9, 200: 5, 5000: 4, 2000: 1}"
6663,14/11/2025,0,998.7907944751087,"{100: 25, 500: 19, 5000: 6, 1000: 6, 200: 3, 2000: 3}"
4719,06/11/2025,8,998.7211898364519,"{100: 27, 500: 17, 1000: 8, 5000: 4, 2000: 2, 200: 1}"
1919,04/11/2025,10,998.1872641419857,"{100: 33, 500: 12, 1000: 6, 200: 2, 2000: 2}"
9001,11/11/2025,3,998.0473272602958,"{100: 32, 500: 13, 1000: 4, 200: 2, 5000: 1}"
6925,29/10/2025,16,997.9560538224913,"{100: 30, 500: 16, 200: 4, 5000: 4, 1000: 2}"
7169,08/11/2025,6,997.8271333611953,"{100: 32, 500: 12, 1000: 5, 5000: 3, 2000: 2, 200: 1}"
3023,22/09/2025,53,997.6614483965617,"{100: 27, 500: 19, 5000: 5, 2000: 4, 200: 2, 1000: 1}"
4301,12/11/2025,2,997.4079650204862,"{100: 28, 500: 18, 5000: 6, 1000: 3, 200: 2, 2000: 1}"
9416,02/11/2025,12,997.2473879782852,"{100: 30, 500: 16, 1000: 2, 2000: 2, 200: 2, 5000: 2}"
6895,09/11/2025,5,996.985642782843,"{100: 32, 500: 13, 200: 3, 1000: 2, 2000: 2, 5000: 2}"
5969,09/08/2025,97,996.889353454325,"{100: 33, 500: 10, 1000: 5, 2000: 3, 5000: 3, 200: 3}"
5092,29/10/2025,16,996.8832321365952,"{100: 29, 500: 16, 5000: 7, 1000: 4, 2000: 2}"
7916,12/11/2025,2,996.5029520874018,"{100: 30, 500: 18, 1000: 3, 200: 2, 2000: 1}"
8696,31/10/2025,14,996.3650172283583,"{100: 27, 500: 19, 1000: 6, 5000: 2, 2000: 2, 200: 2}"
0428,07/11/2025,7,996.2455103847967,"{100: 31, 500: 13, 5000: 4, 1000: 3, 2000: 1}"
5236,10/11/2025,4,996.0487450881625,"{100: 30, 500: 16, 1000: 3, 5000: 2, 2000: 2, 200: 2}"
0258,03/11/2025,11,995.9626999270276,"{100: 30, 500: 15, 1000: 4, 2000: 1, 200: 1, 5000: 1}"
4187,13/11/2025,1,995.9479722875218,"{100: 28, 500: 18, 1000: 5, 200: 3, 2000: 3, 5000: 2}"
9022,24/10/2025,21,995.699213867643,"{100: 30, 500: 13, 1000: 7, 5000: 6, 200: 3}"
3112,14/11/2025,0,995.4830458119549,"{100: 30, 500: 16, 5000: 5, 1000: 2}"
8432,11/10/2025,34,995.397357878932,"{100: 30, 500: 14, 1000: 7, 5000: 4, 200: 4}"
8019,01/09/2025,74,995.3090837415874,"{100: 33, 500: 11, 1000: 7, 5000: 4}"
1541,03/09/2025,72,995.2376437279122,"{100: 30, 500: 17, 1000: 3, 200: 2, 5000: 2}"
0655,05/11/2025,9,995.1059297705181,"{100: 28, 500: 14, 1000: 7, 5000: 5, 2000: 2, 200: 2}"
5630,07/11/2025,7,994.677861426211,"{100: 30, 500: 13, 5000: 8, 1000: 5, 200: 5, 2000: 1}"
3593,08/11/2025,6,994.5884866516811,"{100: 29, 500: 14, 200: 6, 5000: 4, 2000: 3, 1000: 3}"
7008,06/11/2025,8,994.2415432979486,"{100: 28, 500: 20, 1000: 7, 200: 2}"
7628,31/10/2025,14,994.2205237967851,"{100: 32, 500: 12, 200: 7, 5000: 3, 1000: 1, 2000: 1}"
9676,07/11/2025,7,994.111907449351,"{100: 32, 500: 12, 1000: 4, 5000: 2, 2000: 1}"
4165,01/11/2025,13,994.0934398422454,"{100: 34, 1000: 9, 500: 8, 5000: 5, 200: 2}"
6165,11/11/2025,3,993.9781357909831,"{100: 28, 500: 18, 1000: 6, 5000: 3, 200: 3, 2000: 1}"
7497,07/11/2025,7,993.7460634802011,"{100: 29, 500: 12, 200: 7, 1000: 4, 5000: 4}"
7080,14/11/2025,0,993.598830213037,"{100: 29, 500: 15, 1000: 6, 5000: 5, 200: 2}"
2195,23/09/2025,52,993.5455767850759,"{100: 33, 500: 12, 1000: 3, 2000: 2, 5000: 2, 200: 1}"
4315,07/11/2025,7,993.3053056129803,"{100: 27, 500: 20, 200: 5, 1000: 5}"
9394,05/11/2025,9,993.2413514915658,"{100: 28, 500: 18, 1000: 7, 200: 3, 5000: 2, 2000: 1}"
8212,09/11/2025,5,993.2136941485733,"{100: 33, 1000: 10, 500: 9, 5000: 1, 2000: 1, 200: 1}"
2078,28/10/2025,17,993.0878077069365,"{100: 30, 500: 14, 5000: 6, 200: 3, 1000: 1, 2000: 1}"
1869,06/11/2025,8,993.0211609976055,"{100: 27, 500: 18, 1000: 5, 5000: 4, 200: 1}"
3228,21/10/2025,24,992.9161204497391,"{100: 29, 500: 13, 5000: 6, 1000: 6, 200: 5}"
7327,09/10/2025,36,992.8842626018634,"{100: 31, 500: 13, 1000: 7, 5000: 3, 200: 3, 2000: 2}"
3001,21/10/2025,24,992.3903755930651,"{100: 31, 500: 13, 1000: 7, 2000: 4, 200: 2, 5000: 2}"
8756,13/11/2025,1,992.3864373553558,"{100: 26, 500: 21, 5000: 3, 2000: 2, 1000: 1}"
7013,12/10/2025,33,992.3853669366698,"{100: 31, 500: 13, 1000: 7, 5000: 4, 2000: 2, 200: 1}"
7660,10/11/2025,4,992.2799730906808,"{100: 25, 500: 21, 1000: 7, 5000: 7, 200: 2}"
8185,02/11/2025,12,992.1409781528049,"{100: 30, 500: 15, 1000: 5, 5000: 4, 200: 3}"
3306,09/11/2025,5,992.1117426290347,"{100: 30, 500: 11, 5000: 8, 1000: 4, 200: 4, 2000: 1}"
7070,09/11/2025,5,992.029312682336,"{100: 30, 500: 15, 1000: 6, 200: 3, 2000: 1, 5000: 1}"
9114,09/09/2025,66,991.9583503840768,"{100: 30, 500: 16, 1000: 6, 200: 4, 2000: 3, 5000: 1}"
7806,13/11/2025,1,991.7170185656987,"{100: 32, 500: 12, 5000: 5, 1000: 2, 2000: 2, 200: 1}"
3497,09/10/2025,36,991.6218674877651,"{100: 29, 500: 16, 5000: 7, 200: 5, 1000: 5}"
6841,03/11/2025,11,991.5712306062721,"{100: 28, 500: 19, 1000: 3, 5000: 1, 200: 1}"
4741,30/10/2025,15,991.5229473554413,"{100: 34, 500: 9, 5000: 5, 1000: 2, 2000: 2, 200: 2}"
2526,26/10/2025,19,991.4002589700949,"{100: 29, 500: 16, 1000: 7, 200: 5, 5000: 1}"
0096,25/10/2025,20,991.3385691564398,"{100: 31, 500: 12, 5000: 5, 1000: 5, 200: 4, 2000: 1}"
3699,12/11/2025,2,991.0090554206516,"{100: 26, 500: 19, 1000: 6, 200: 3, 5000: 1}"
8615,13/11/2025,1,990.9273664807315,"{100: 28, 500: 16, 1000: 5, 5000: 4, 200: 1, 2000: 1}"
4175,04/11/2025,10,990.6826501038597,"{100: 29, 500: 14, 1000: 6, 200: 3, 5000: 1, 2000: 1}"
5491,29/10/2025,16,990.6041314326332,"{100: 27, 500: 17, 5000: 6, 200: 4, 1000: 4}"
1629,24/10/2025,21,990.2262723563555,"{100: 33, 500: 11, 1000: 4, 2000: 2, 5000: 1, 200: 1}"
6553,14/11/2025,0,990.1981920734969,"{100: 31, 500: 11, 1000: 9, 5000: 5, 200: 3, 2000: 2}"
5055,15/10/2025,30,989.65193081844,"{100: 30, 500: 14, 1000: 7, 200: 4, 5000: 3, 2000: 1}"
6028,30/09/2025,45,989.6170129881963,"{100: 26, 500: 17, 1000: 6, 200: 4, 5000: 2, 2000: 1}"
1463,09/11/2025,5,989.559871388511,"{100: 30, 500: 14, 1000: 6, 5000: 5, 2000: 2, 200: 2}"
2833,14/11/2025,0,989.3970656933899,"{100: 29, 500: 16, 5000: 6, 1000: 2, 200: 2, 2000: 1}"
6434,07/11/2025,7,989.2412109094789,"{100: 28, 500: 17, 1000: 4, 5000: 2, 200: 2}"
4269,07/11/2025,7,989.1809072159344,"{100: 30, 500: 15, 1000: 5, 5000: 3, 2000: 2}"
0749,06/11/2025,8,989.1562839069709,"{100: 29, 500: 15, 200: 3, 2000: 2, 5000: 1, 1000: 1}"
3040,06/11/2025,8,988.8727565851327,"{100: 31, 500: 12, 1000: 7, 200: 3, 2000: 2, 5000: 2}"
1866,08/11/2025,6,988.8215612959935,"{100: 29, 500: 15, 1000: 4, 5000: 4, 200: 3, 2000: 1}"
8979,11/11/2025,3,988.6614062672223,"{100: 27, 500: 17, 5000: 8, 1000: 5, 200: 3, 2000: 1}"
1355,11/11/2025,3,988.638174535299,"{100: 27, 500: 18, 1000: 6, 200: 2, 5000: 2, 2000: 2}"
2733,28/10/2025,17,988.6206272143245,"{100: 30, 500: 15, 5000: 3, 200: 3, 2000: 2, 1000: 1}"
7962,13/10/2025,32,988.54282361132,"{100: 29, 500: 16, 1000: 4, 200: 4, 2000: 2, 5000: 2}"
9122,15/10/2025,30,988.3777180973707,"{100: 31, 500: 12, 1000: 5, 5000: 4, 200: 4, 2000: 1}"
8099,26/10/2025,19,988.350179514121,"{100: 30, 500: 13, 5000: 5, 1000: 4, 200: 3, 2000: 2}"
3510,03/11/2025,11,988.3169637418142,"{100: 26, 500: 20, 1000: 7, 5000: 5, 2000: 3, 200: 3}"
4993,03/11/2025,11,987.8949645912436,"{100: 27, 500: 21, 1000: 2, 5000: 2, 2000: 2, 200: 2}"
6058,19/09/2025,56,987.8593438526317,"{100: 29, 500: 17, 1000: 5, 5000: 2, 2000: 2, 200: 1}"
9727,08/11/2025,6,987.5030175206372,"{100: 27, 500: 20, 1000: 5, 5000: 3}"
9356,30/10/2025,15,987.419289833994,"{100: 28, 500: 16, 1000: 6, 5000: 5, 200: 2, 2000: 1}"
4907,13/11/2025,1,987.1339034526073,"{100: 31, 500: 11, 1000: 7, 5000: 3, 200: 3}"
8299,12/10/2025,33,987.0470000765217,"{100: 29, 500: 16, 5000: 6, 1000: 5, 200: 2, 2000: 2}"
4010,10/11/2025,4,986.5456113902508,"{100: 29, 500: 15, 5000: 5, 200: 4, 1000: 3}"
6265,10/11/2025,4,986.4173266586552,"{100: 27, 500: 19, 1000: 5, 5000: 5, 2000: 2, 200: 2}"
7809,27/10/2025,18,985.9430399721704,"{100: 30, 500: 15, 1000: 5, 5000: 3, 2000: 1}"
7440,07/11/2025,7,985.862731002925,"{100: 26, 500: 19, 1000: 4, 5000: 3, 200: 2}"
6556,19/10/2025,26,985.8035980973151,"{100: 28, 500: 14, 5000: 5, 1000: 5, 2000: 4, 200: 3}"
7162,25/08/2025,81,985.6859919312334,"{100: 27, 500: 19, 1000: 7, 200: 6, 5000: 6}"
7550,28/10/2025,17,985.5887659110602,"{100: 32, 500: 10, 1000: 7, 2000: 4, 5000: 4, 200: 4}"
7106,30/10/2025,15,985.5859236552908,"{100: 29, 500: 14, 1000: 7, 5000: 4, 2000: 3, 200: 2}"
8089,14/09/2025,61,985.2075011058797,"{100: 30, 500: 15, 5000: 4, 1000: 2, 2000: 2, 200: 2}"
2905,02/11/2025,12,984.9445100037168,"{100: 29, 500: 15, 1000: 4, 5000: 2, 2000: 1, 200: 1}"
7761,25/10/2025,20,984.8731747114609,"{100: 31, 500: 15, 5000: 4, 200: 4, 2000: 1}"
4927,07/11/2025,7,984.8725995021299,"{100: 28, 500: 19, 1000: 7, 200: 3, 2000: 2}"
1547,22/09/2025,53,984.8567442182435,"{100: 29, 500: 17, 5000: 6, 1000: 4, 200: 1}"
7839,10/10/2025,35,984.7633690977723,"{100: 28, 500: 15, 1000: 6, 200: 5, 5000: 2, 2000: 1}"
9024,09/11/2025,5,984.7516582698678,"{100: 27, 500: 18, 5000: 4, 1000: 4, 200: 2, 2000: 1}"
5220,07/11/2025,7,984.2821916400264,"{100: 25, 500: 22, 1000: 8, 200: 6, 5000: 3}"
7683,11/11/2025,3,984.2330502044343,"{100: 26, 500: 20, 1000: 7, 5000: 4, 200: 3, 2000: 1}"
7299,09/10/2025,36,984.1291715089707,"{100: 30, 500: 14, 1000: 7, 5000: 4, 200: 3, 2000: 1}"
7846,02/11/2025,12,983.8547379080788,"{100: 30, 500: 13, 1000: 6, 5000: 3, 2000: 2}"
6737,08/11/2025,6,983.8038949205786,"{100: 30, 500: 15, 1000: 3, 5000: 3, 200: 2, 2000: 1}"
7190,04/10/2025,41,983.7338801048737,"{100: 29, 500: 15, 5000: 5, 1000: 5, 200: 5, 2000: 1}"
7976,14/11/2025,0,983.7234356773672,"{100: 28, 500: 15, 1000: 5, 5000: 2, 2000: 2, 200: 1}"
5954,03/11/2025,11,983.3713333564583,"{100: 29, 500: 16, 200: 4, 5000: 2, 1000: 1}"
6046,09/11/2025,5,983.2980555576042,"{100: 31, 500: 12, 1000: 5, 5000: 3, 2000: 2, 200: 1}"
2927,28/10/2025,17,983.0349540688793,"{100: 30, 500: 12, 5000: 7, 1000: 2, 200: 2}"
7185,25/10/2025,20,982.7760198919267,"{100: 27, 500: 19, 200: 5, 5000: 4, 2000: 1}"
4011,20/10/2025,25,982.7519859994383,"{100: 25, 500: 17, 200: 7, 1000: 7, 5000: 5}"
1525,07/11/2025,7,982.2650607368118,"{100: 25, 500: 21, 1000: 5, 200: 4, 5000: 3, 2000: 1}"
6427,18/10/2025,27,981.7297640396939,"{100: 27, 500: 18, 1000: 8, 5000: 3, 200: 3, 2000: 2}"
1845,12/11/2025,2,981.6079181030558,"{100: 32, 500: 10, 1000: 6, 5000: 3, 2000: 1, 200: 1}"
8534,09/11/2025,5,981.2767346836009,"{100: 30, 500: 15, 1000: 5, 200: 1, 5000: 1}"
9520,10/09/2025,65,980.9389740519363,"{100: 30, 500: 16, 1000: 7, 200: 3, 2000: 1}"
2508,13/11/2025,1,980.8925669454655,"{100: 26, 500: 22, 1000: 5, 200: 4, 2000: 1}"
1571,23/09/2025,52,980.4004983106632,"{100: 30, 500: 16, 5000: 5, 1000: 4, 2000: 2, 200: 2}"
8674,25/10/2025,20,980.0208610275441,"{100: 27, 500: 20, 1000: 4, 200: 3, 2000: 2, 5000: 1}"
9954,10/11/2025,4,980.0056881441476,"{100: 29, 500: 15, 1000: 6, 200: 3, 2000: 3, 5000: 2}"
7022,29/09/2025,46,979.9227879499281,"{100: 31, 500: 12, 200: 7, 5000: 3, 1000: 2}"
1157,11/11/2025,3,979.8586831814063,"{100: 32, 500: 11, 200: 4, 2000: 2, 1000: 2, 5000: 1}"
3024,07/11/2025,7,979.7909525696281,"{100: 28, 500: 17, 1000: 5, 5000: 5, 2000: 2, 200: 2}"
6287,08/11/2025,6,979.7541402487027,"{100: 30, 500: 14, 1000: 5, 5000: 4, 200: 2}"
3450,16/09/2025,59,979.7324254617074,"{100: 33, 500: 9, 1000: 7, 5000: 4, 200: 2, 2000: 1}"
3058,09/11/2025,5,979.7117179806721,"{100: 30, 500: 14, 200: 4, 5000: 3, 1000: 2, 2000: 1}"
7259,13/11/2025,1,979.6161451851801,"{100: 26, 500: 21, 1000: 6, 200: 2, 5000: 1}"
0438,14/11/2025,0,979.2711369945155,"{100: 32, 500: 12, 5000: 6, 200: 5, 2000: 3}"
4317,29/10/2025,16,979.1576591626264,"{100: 31, 500: 10, 1000: 7, 5000: 3, 200: 3, 2000: 1}"
6379,09/09/2025,66,979.0723491907672,"{100: 33, 500: 9, 5000: 8, 200: 3, 2000: 2, 1000: 1}"
6190,14/11/2025,0,978.9477598989586,"{100: 28, 500: 16, 1000: 5, 200: 3, 5000: 1}"
8255,24/10/2025,21,978.622433657522,"{100: 27, 500: 18, 1000: 7, 5000: 3, 200: 2}"
4270,27/10/2025,18,978.5222511469356,"{100: 28, 500: 15, 5000: 7, 1000: 2, 2000: 1, 200: 1}"
9945,14/11/2025,0,978.2092622217546,"{100: 27, 500: 16, 1000: 6, 5000: 3, 2000: 2}"
7693,09/11/2025,5,978.1577927742838,"{100: 27, 500: 19, 1000: 4, 5000: 3}"
5506,04/10/2025,41,978.0996116358467,"{100: 26, 500: 19, 1000: 9, 200: 5, 5000: 2, 2000: 1}"
0814,02/11/2025,12,977.3460651967738,"{100: 28, 500: 13, 1000: 6, 200: 4, 5000: 2, 2000: 1}"
2928,02/11/2025,12,977.1619950159503,"{100: 26, 500: 20, 5000: 4, 1000: 4, 200: 3, 2000: 2}"
2478,21/10/2025,24,976.5942666824469,"{100: 31, 500: 13, 2000: 3, 200: 3, 1000: 2, 5000: 2}"
8907,31/10/2025,14,976.5930943678707,"{100: 29, 500: 14, 1000: 7, 200: 6, 5000: 3}"
7427,26/10/2025,19,976.3726801713232,"{100: 30, 500: 15, 1000: 2, 5000: 2, 200: 2}"
9429,13/11/2025,1,976.3579410141261,"{100: 25, 500: 20, 1000: 8, 5000: 6, 200: 1}"
2109,10/11/2025,4,976.3335314574084,"{100: 25, 500: 19, 5000: 5, 1000: 5, 200: 2, 2000: 1}"
8492,09/11/2025,5,976.3268921436695,"{100: 28, 500: 14, 200: 5, 1000: 4, 5000: 3, 2000: 1}"
5927,12/11/2025,2,976.2176763933776,"{100: 29, 500: 15, 1000: 5, 5000: 4, 2000: 3, 200: 2}"
3453,10/11/2025,4,976.1746448769862,"{100: 29, 500: 12, 5000: 6, 1000: 6, 200: 1}"
6293,10/11/2025,4,976.1090374423568,"{100: 28, 500: 13, 1000: 7, 200: 3, 5000: 1, 2000: 1}"
6350,24/10/2025,21,976.0595439123892,"{100: 27, 500: 18, 200: 5, 5000: 4, 1000: 3, 2000: 2}"
3876,12/10/2025,33,975.8789665402147,"{500: 26, 100: 21, 1000: 9, 5000: 7, 200: 1}"
1139,03/11/2025,11,975.8182568956873,"{100: 26, 500: 19, 1000: 11, 2000: 3, 200: 1}"
4031,13/11/2025,1,975.6953988199082,"{100: 29, 500: 15, 5000: 5, 1000: 3, 2000: 1, 200: 1}"
1093,11/10/2025,34,975.4347684785284,"{100: 26, 500: 19, 1000: 6, 200: 5, 5000: 3}"
6054,10/11/2025,4,975.4150015838784,"{100: 29, 500: 15, 200: 4, 5000: 3, 1000: 3, 2000: 1}"
3531,13/11/2025,1,975.3870919895596,"{100: 32, 500: 11, 1000: 5, 200: 4, 5000: 1}"
1224,13/11/2025,1,975.2883022107118,"{100: 29, 500: 15, 1000: 4, 5000: 1, 200: 1, 2000: 1}"
3721,26/10/2025,19,975.2205308370061,"{100: 29, 500: 14, 1000: 6, 5000: 3, 2000: 1, 200: 1}"
6476,11/10/2025,34,975.01303749491,"{100: 31, 500: 11, 1000: 7, 200: 2, 5000: 2, 2000: 1}"
6843,13/11/2025,1,974.6188584592364,"{100: 29, 500: 14, 1000: 4, 5000: 3, 2000: 2, 200: 2}"
8799,07/11/2025,7,974.5894675849534,"{100: 31, 500: 11, 1000: 5, 200: 3, 5000: 2, 2000: 1}"
4185,13/11/2025,1,974.5884952943652,"{100: 29, 500: 14, 5000: 5, 200: 4, 2000: 2, 1000: 2}"
2386,01/11/2025,13,974.5430182221015,"{100: 31, 500: 10, 1000: 8, 2000: 2, 5000: 2, 200: 1}"
4596,16/10/2025,29,974.5376380926422,"{100: 28, 500: 17, 5000: 4, 1000: 3, 200: 1}"
7053,12/11/2025,2,974.5193452829603,"{100: 28, 500: 15, 1000: 8, 5000: 5, 2000: 2}"
8519,06/11/2025,8,974.3632544857859,"{100: 25, 500: 22, 5000: 7, 1000: 3, 200: 2}"
2100,04/10/2025,41,974.1507254126902,"{100: 27, 500: 20, 1000: 4, 5000: 2, 2000: 2, 200: 2}"
6852,12/08/2025,94,974.060831188123,"{100: 34, 500: 10, 1000: 4, 5000: 1, 200: 1}"
2115,31/10/2025,14,973.8474437406738,"{100: 30, 500: 11, 1000: 4, 2000: 3, 200: 3, 5000: 2}"
8397,14/11/2025,0,973.7706262148021,"{100: 27, 500: 19, 5000: 5, 1000: 3, 200: 2}"
2494,04/10/2025,41,973.5627583289455,"{100: 30, 500: 14, 1000: 5, 5000: 3, 200: 2}"
9855,14/10/2025,31,973.3574411994462,"{100: 31, 500: 14, 1000: 2, 2000: 2, 200: 2, 5000: 1}"
0299,23/10/2025,22,973.27641233373,"{100: 29, 500: 13, 5000: 4, 1000: 3, 200: 2}"
4870,09/11/2025,5,973.2537404575845,"{100: 26, 500: 20, 1000: 4, 200: 3, 5000: 2, 2000: 1}"
4555,09/10/2025,36,973.2243400452021,"{100: 31, 500: 12, 1000: 5, 200: 4, 5000: 4}"
1217,15/10/2025,30,973.2120813930716,"{500: 25, 100: 23, 1000: 5, 2000: 4, 200: 3, 5000: 2}"
7046,28/09/2025,47,973.166305722084,"{100: 26, 500: 17, 1000: 6, 5000: 5, 200: 5, 2000: 3}"
7422,12/10/2025,33,973.0192919450855,"{100: 27, 500: 19, 1000: 6, 2000: 3, 5000: 2, 200: 1}"
3197,07/11/2025,7,972.9754791004844,"{100: 33, 500: 8, 1000: 6, 5000: 4, 2000: 3, 200: 2}"
7560,09/11/2025,5,972.9120396402983,"{100: 26, 500: 18, 1000: 9, 200: 6, 5000: 4}"
4946,09/11/2025,5,972.7233277490905,"{100: 26, 500: 18, 5000: 6, 200: 3, 1000: 2}"
6143,25/10/2025,20,972.5872106667216,"{100: 28, 500: 17, 1000: 4, 5000: 4, 200: 1}"
5857,14/11/2025,0,972.3030857463662,"{100: 28, 500: 14, 1000: 8, 5000: 5, 2000: 2, 200: 1}"
1410,23/08/2025,83,971.9619677681892,"{100: 28, 500: 17, 200: 6, 1000: 4, 5000: 1}"
5077,03/11/2025,11,971.9486904851366,"{100: 34, 500: 10, 1000: 3, 200: 1, 2000: 1}"
6085,28/10/2025,17,971.7789558869697,"{100: 27, 500: 19, 5000: 7, 1000: 2, 200: 2, 2000: 1}"
4857,07/11/2025,7,971.6417565122687,"{100: 29, 500: 14, 1000: 6, 200: 4, 5000: 3, 2000: 2}"
7929,18/10/2025,27,971.4397635235341,"{100: 27, 500: 18, 1000: 7, 5000: 5, 200: 2}"
9810,27/10/2025,18,971.3030440825836,"{100: 30, 500: 11, 200: 7, 1000: 4, 5000: 4}"
6924,05/11/2025,9,971.055755666252,"{100: 28, 500: 17, 1000: 7, 5000: 2, 200: 1, 2000: 1}"
2529,22/08/2025,84,970.9395169762677,"{100: 26, 500: 19, 5000: 5, 1000: 3, 2000: 3, 200: 3}"
2139,10/11/2025,4,970.6443384086846,"{100: 31, 500: 12, 1000: 4, 5000: 2, 200: 1}"
1159,27/10/2025,18,970.5131251918759,"{100: 30, 500: 13, 1000: 4, 200: 2, 5000: 2, 2000: 1}"
7823,30/10/2025,15,970.1198052039298,"{100: 26, 500: 16, 1000: 8, 5000: 3, 200: 2, 2000: 1}"
7876,31/10/2025,14,969.8548039303021,"{100: 29, 500: 16, 200: 5, 1000: 3, 5000: 3}"
2652,04/11/2025,10,969.7697110807519,"{100: 27, 500: 18, 1000: 4, 200: 3, 5000: 2}"
8915,11/09/2025,64,969.5124848117733,"{100: 29, 500: 13, 1000: 3, 2000: 3, 5000: 2, 200: 2}"
2514,11/11/2025,3,969.1192497273904,"{100: 28, 500: 16, 5000: 7, 1000: 3, 200: 3, 2000: 1}"
9284,02/11/2025,12,968.8178823491764,"{100: 32, 500: 10, 1000: 7, 5000: 2, 2000: 1}"
5885,25/09/2025,50,968.6182243682549,"{100: 31, 500: 11, 1000: 4, 5000: 4, 200: 2, 2000: 1}"
7290,06/11/2025,8,968.5841371484776,"{100: 33, 1000: 8, 500: 7, 5000: 4, 2000: 3, 200: 2}"
0053,29/07/2025,108,968.2316855987099,"{100: 28, 500: 19, 5000: 4, 200: 2, 1000: 2, 2000: 1}"
6920,04/10/2025,41,967.9624442684723,"{100: 26, 500: 20, 5000: 6, 1000: 4, 200: 2}"
1038,06/11/2025,8,967.7492334379868,"{100: 28, 500: 17, 1000: 4, 200: 4, 2000: 2}"
0217,30/10/2025,15,967.6996383971465,"{100: 29, 500: 16, 200: 3, 2000: 2, 1000: 2, 5000: 1}"
7526,29/08/2025,77,967.5545187939946,"{100: 26, 500: 19, 1000: 8, 200: 3, 5000: 3, 2000: 1}"
2925,02/11/2025,12,967.2514356037304,"{100: 25, 500: 21, 1000: 6, 5000: 5, 200: 2, 2000: 1}"
1551,10/11/2025,4,967.0182925769916,"{100: 27, 500: 16, 1000: 7, 200: 3, 5000: 3, 2000: 1}"
4179,05/11/2025,9,966.7910763201346,"{100: 31, 500: 14, 200: 3, 1000: 3, 2000: 1}"
2813,09/11/2025,5,966.6894013343351,"{100: 28, 500: 13, 1000: 7, 200: 4, 5000: 3}"
1626,08/10/2025,37,966.581564280232,"{100: 30, 500: 13, 200: 7, 1000: 6, 5000: 2}"
4680,14/11/2025,0,966.2624299388466,"{100: 31, 500: 9, 5000: 4, 1000: 4, 200: 2}"
2433,06/11/2025,8,966.0097133652409,"{100: 29, 500: 15, 200: 4, 5000: 4, 1000: 4}"
7596,03/11/2025,11,965.8522367631364,"{100: 26, 500: 17, 5000: 6, 1000: 5, 200: 5, 2000: 2}"
3249,12/11/2025,2,965.3884629911763,"{100: 29, 500: 12, 1000: 5, 200: 5, 5000: 2, 2000: 1}"
9552,09/11/2025,5,965.3817457778349,"{100: 27, 500: 16, 200: 5, 1000: 4, 5000: 2, 2000: 2}"
9556,13/11/2025,1,964.6506886632894,"{100: 28, 500: 17, 1000: 5, 200: 2, 5000: 1}"
2816,04/09/2025,71,964.606002770553,"{100: 31, 500: 14, 1000: 3, 200: 3, 5000: 1, 2000: 1}"
8017,02/11/2025,12,964.5529515525113,"{100: 29, 500: 13, 5000: 5, 200: 5, 1000: 4}"
5475,09/11/2025,5,964.4257071064563,"{100: 28, 500: 14, 1000: 7, 5000: 5, 2000: 2, 200: 1}"
5017,04/09/2025,71,964.3642007768302,"{100: 29, 500: 16, 1000: 8, 2000: 5, 200: 2}"
5272,19/09/2025,56,964.2630189124626,"{100: 29, 500: 14, 1000: 7, 5000: 6, 2000: 3, 200: 3}"
9916,01/11/2025,13,964.2155253366584,"{100: 24, 500: 19, 1000: 4, 5000: 4, 2000: 2, 200: 2}"
7493,07/10/2025,38,964.1250501944374,"{100: 28, 500: 14, 1000: 6, 5000: 3, 200: 2}"
8431,29/09/2025,46,963.9633857716819,"{100: 30, 500: 13, 5000: 6, 1000: 5, 200: 3}"
7982,06/11/2025,8,963.7010312748406,"{500: 23, 100: 22, 5000: 8, 1000: 4, 2000: 1}"
2462,13/11/2025,1,963.6250074397889,"{100: 29, 500: 14, 1000: 7, 2000: 5, 200: 1, 5000: 1}"
5960,25/09/2025,50,963.5224271638815,"{100: 30, 500: 13, 1000: 7, 5000: 2, 200: 2}"
2835,07/10/2025,38,963.3702708505328,"{100: 29, 500: 13, 200: 4, 1000: 4, 2000: 2, 5000: 1}"
6622,05/11/2025,9,963.3572363799893,"{100: 30, 500: 13, 1000: 6, 2000: 3, 5000: 2}"
2599,15/09/2025,60,962.8706037372018,"{100: 24, 500: 23, 1000: 5, 2000: 2, 5000: 2, 200: 1}"
2219,14/11/2025,0,962.5733742472942,"{100: 26, 500: 16, 1000: 6, 200: 5, 5000: 4, 2000: 1}"
1920,02/11/2025,12,962.4650591609644,"{100: 26, 500: 19, 1000: 5, 5000: 3, 200: 2, 2000: 2}"
5314,16/10/2025,29,962.2726343512978,"{100: 28, 500: 16, 5000: 6, 2000: 3, 1000: 1}"
7908,13/11/2025,1,962.2606279441661,"{100: 33, 500: 8, 1000: 5, 5000: 1, 200: 1}"
2628,12/11/2025,2,962.0354563432551,"{100: 29, 500: 16, 5000: 2, 1000: 2, 200: 2}"
5079,13/11/2025,1,961.8948019042334,"{100: 29, 500: 14, 5000: 5, 1000: 5, 2000: 2, 200: 2}"
3556,04/10/2025,41,961.8888514900765,"{100: 29, 500: 16, 1000: 3, 5000: 3, 200: 3, 2000: 1}"
6025,03/11/2025,11,961.7420048319923,"{100: 27, 500: 17, 1000: 6, 200: 3, 5000: 3, 2000: 2}"
7397,24/10/2025,21,961.7155591372251,"{100: 27, 500: 18, 1000: 4, 2000: 3, 5000: 2, 200: 2}"
3164,31/10/2025,14,961.4704353105255,"{100: 27, 500: 19, 5000: 4, 1000: 2, 200: 2}"
9927,08/11/2025,6,961.4435108530766,"{100: 25, 500: 16, 1000: 7, 5000: 4, 200: 2, 2000: 1}"
2200,16/10/2025,29,961.3332221102015,"{100: 26, 500: 18, 200: 5, 5000: 3, 1000: 2}"
3199,27/10/2025,18,961.2703375586931,"{100: 30, 500: 13, 1000: 4, 5000: 3, 200: 3, 2000: 3}"
6392,04/10/2025,41,961.2570859544649,"{100: 27, 500: 18, 1000: 3, 200: 2, 5000: 2, 2000: 1}"
7296,13/11/2025,1,961.1230523421909,"{100: 31, 5000: 9, 500: 8, 1000: 2, 200: 2, 2000: 1}"
7821,20/08/2025,86,961.092954409633,"{100: 29, 500: 16, 5000: 6, 1000: 2, 2000: 1}"
7517,11/11/2025,3,961.0071502424603,"{100: 27, 500: 14, 5000: 7, 1000: 7, 2000: 2, 200: 1}"
0127,01/11/2025,13,960.9355835874993,"{100: 29, 500: 15, 1000: 5, 200: 2, 2000: 2, 5000: 1}"
1291,13/11/2025,1,960.8189259999692,"{100: 29, 500: 15, 1000: 3, 200: 3, 5000: 3, 2000: 1}"
9050,24/10/2025,21,960.8079337912391,"{100: 29, 500: 13, 1000: 5, 5000: 4, 200: 3, 2000: 2}"
6604,31/10/2025,14,960.6687375929478,"{100: 26, 500: 17, 1000: 9, 5000: 4, 200: 2}"
7006,24/10/2025,21,960.6537856109866,"{500: 25, 100: 20, 1000: 9, 5000: 5, 2000: 3, 200: 1}"
9417,01/11/2025,13,960.4009739564704,"{100: 32, 500: 12, 5000: 4, 2000: 2, 200: 2}"
9332,09/11/2025,5,960.2487161467008,"{100: 32, 500: 10, 1000: 5, 5000: 2, 200: 1}"
8450,29/10/2025,16,960.2132620346288,"{100: 28, 500: 16, 5000: 5, 1000: 3, 200: 2, 2000: 1}"
8374,13/09/2025,62,960.0228864115951,"{100: 31, 500: 13, 1000: 5, 5000: 1, 2000: 1}"
2776,11/11/2025,3,959.8807817921179,"{100: 32, 500: 9, 1000: 6, 200: 3, 5000: 3, 2000: 2}"
9533,03/11/2025,11,959.7359303585332,"{100: 23, 500: 20, 5000: 8, 200: 7, 1000: 6}"
7969,15/10/2025,30,959.7085486096358,"{100: 29, 500: 12, 5000: 6, 1000: 4, 200: 1, 2000: 1}"
8816,06/11/2025,8,959.5571873472113,"{100: 28, 500: 16, 5000: 6, 1000: 4, 200: 1}"
3421,28/09/2025,47,959.4246065967008,"{100: 31, 500: 12, 1000: 4, 5000: 3, 2000: 2, 200: 2}"
7631,11/11/2025,3,959.3352838876763,"{100: 26, 500: 17, 1000: 6, 5000: 6, 200: 1, 2000: 1}"
2393,10/10/2025,35,959.3131920742927,"{100: 29, 500: 15, 1000: 7, 200: 2, 5000: 1}"
3370,10/10/2025,35,959.2183306548427,"{100: 26, 500: 21, 1000: 3, 200: 3, 5000: 1, 2000: 1}"
6170,06/11/2025,8,959.0690629737077,"{100: 29, 500: 15, 5000: 3, 1000: 2, 2000: 1}"
8190,09/10/2025,36,959.0525345939254,"{100: 24, 500: 21, 200: 3, 2000: 3, 5000: 2, 1000: 2}"
1211,26/10/2025,19,958.9953897726803,"{100: 29, 500: 14, 5000: 4, 1000: 4, 200: 2, 2000: 2}"
4017,18/09/2025,57,958.9535760726259,"{100: 25, 500: 22, 5000: 5, 1000: 4, 200: 2, 2000: 1}"
2251,08/11/2025,6,958.9210612884797,"{100: 31, 500: 12, 1000: 4, 5000: 2}"
7470,01/11/2025,13,958.8547632349231,"{100: 30, 500: 10, 1000: 5, 5000: 4, 200: 2}"
2128,05/11/2025,9,958.7327352452502,"{100: 26, 500: 17, 5000: 5, 1000: 3, 200: 3, 2000: 1}"
9600,05/11/2025,9,958.459137211467,"{100: 28, 500: 15, 200: 6, 1000: 3, 2000: 2, 5000: 2}"
3033,16/10/2025,29,958.3743907574099,"{100: 32, 500: 11, 2000: 3, 1000: 2, 5000: 2, 200: 1}"
0129,11/10/2025,34,958.3699617374598,"{100: 31, 500: 12, 1000: 4, 5000: 3, 200: 2, 2000: 1}"
6249,23/10/2025,22,958.337018367639,"{100: 28, 500: 17, 200: 4, 1000: 3, 5000: 3}"
6324,04/09/2025,71,958.275422396024,"{100: 30, 500: 15, 5000: 4, 200: 2, 2000: 2, 1000: 1}"
9317,14/11/2025,0,958.2034034992029,"{100: 24, 500: 20, 1000: 7, 5000: 4, 200: 4, 2000: 1}"
7430,31/10/2025,14,958.1062696702586,"{100: 27, 500: 17, 5000: 5, 1000: 3}"
3294,17/08/2025,89,958.0546390812107,"{100: 28, 500: 17, 1000: 5, 5000: 2, 200: 2}"
4496,16/10/2025,29,957.8807725691084,"{100: 30, 500: 14, 5000: 3, 200: 3, 2000: 2, 1000: 2}"
6012,06/11/2025,8,957.7089732914651,"{100: 26, 500: 17, 1000: 7, 5000: 7, 2000: 2, 200: 2}"
6817,28/10/2025,17,957.4393293982803,"{100: 25, 500: 21, 1000: 7, 200: 2, 5000: 1}"
8318,22/10/2025,23,957.3922042060215,"{100: 27, 500: 18, 1000: 4, 5000: 4, 200: 2, 2000: 1}"
1863,14/10/2025,31,957.2734457158816,"{100: 28, 500: 15, 1000: 8, 2000: 2, 200: 2, 5000: 2}"
7657,25/10/2025,20,957.0982411907619,"{100: 25, 500: 21, 200: 4, 1000: 3, 5000: 3}"
2854,12/11/2025,2,956.9638600859938,"{100: 28, 500: 16, 5000: 5, 2000: 4, 200: 3, 1000: 2}"
9523,08/11/2025,6,956.9148717759076,"{100: 26, 500: 16, 1000: 6, 200: 3, 5000: 2}"
8009,07/11/2025,7,956.8267562846207,"{100: 24, 500: 21, 1000: 4, 200: 4, 5000: 3, 2000: 2}"
4345,31/10/2025,14,956.8171799339103,"{100: 28, 500: 15, 1000: 6, 2000: 4, 200: 3, 5000: 2}"
9426,22/10/2025,23,956.7858822550811,"{100: 28, 500: 17, 200: 3, 5000: 2, 1000: 2}"
0414,12/11/2025,2,956.5545922186019,"{100: 30, 500: 10, 1000: 6, 5000: 5, 200: 4, 2000: 1}"
6137,06/11/2025,8,956.3933530929731,"{100: 28, 500: 14, 5000: 6, 1000: 5, 200: 3}"
9462,09/09/2025,66,956.224351517445,"{100: 27, 500: 17, 1000: 7, 5000: 2, 200: 2, 2000: 1}"
5926,29/08/2025,77,956.0072177446618,"{100: 28, 500: 17, 1000: 6, 5000: 1, 2000: 1}"
7990,14/11/2025,0,955.9322724242602,"{100: 27, 500: 16, 1000: 5, 5000: 4, 200: 3}"
1223,09/11/2025,5,955.8832230832968,"{100: 29, 500: 13, 1000: 6, 5000: 2, 200: 1}"
5119,03/11/2025,11,955.8185669355362,"{100: 29, 500: 13, 1000: 5, 200: 5, 5000: 3, 2000: 2}"
8312,27/10/2025,18,955.7269341566634,"{100: 27, 500: 17, 1000: 4, 200: 3, 5000: 2, 2000: 1}"
2493,12/11/2025,2,955.3112658362039,"{100: 29, 500: 11, 1000: 5, 5000: 4, 200: 2, 2000: 1}"
4469,14/11/2025,0,955.1946760271087,"{100: 28, 500: 16, 1000: 5, 5000: 2, 200: 2}"
0391,20/08/2025,86,955.1479129392328,"{100: 27, 500: 19, 1000: 4, 5000: 3, 2000: 1}"
2569,14/11/2025,0,955.0820123229425,"{100: 28, 500: 13, 1000: 6, 200: 4, 5000: 3, 2000: 1}"
1923,17/10/2025,28,954.86814707826,"{100: 26, 500: 17, 1000: 4, 5000: 3, 2000: 2, 200: 1}"
7811,08/11/2025,6,954.7352298487677,"{100: 31, 500: 12, 1000: 5, 200: 4, 5000: 2}"
7057,04/11/2025,10,954.6907414049564,"{100: 27, 500: 17, 1000: 5, 5000: 5, 200: 2, 2000: 2}"
0367,23/10/2025,22,954.6634797198666,"{100: 26, 500: 19, 5000: 5, 1000: 3, 200: 2, 2000: 1}"
9910,30/10/2025,15,954.4532839102491,"{100: 25, 500: 16, 5000: 6, 200: 6, 1000: 3}"
9153,17/10/2025,28,954.2107159374725,"{100: 27, 500: 18, 1000: 3, 200: 2, 5000: 1, 2000: 1}"
2620,14/11/2025,0,954.1762485569132,"{100: 28, 500: 14, 5000: 7, 1000: 6}"
3434,14/11/2025,0,954.1329517968736,"{100: 24, 500: 23, 1000: 4, 5000: 2, 200: 2}"
4619,29/10/2025,16,954.1217366117165,"{100: 26, 500: 18, 200: 5, 1000: 3, 5000: 1, 2000: 1}"
1962,08/09/2025,67,954.0715003692452,"{100: 29, 500: 15, 1000: 3, 2000: 2, 5000: 2}"
2961,13/10/2025,32,954.0619796923121,"{100: 34, 500: 7, 1000: 4, 5000: 2, 2000: 2}"
2186,07/11/2025,7,953.9921897251379,"{100: 25, 500: 18, 200: 4, 1000: 3, 5000: 2, 2000: 1}"
8699,22/10/2025,23,953.823769484192,"{100: 27, 500: 15, 200: 4, 1000: 4, 5000: 1, 2000: 1}"
4911,24/10/2025,21,953.7401331645171,"{100: 27, 500: 18, 200: 5, 5000: 3, 1000: 2}"
7206,11/11/2025,3,953.6294338290282,"{100: 31, 500: 11, 1000: 5, 5000: 2, 2000: 2}"
9519,11/11/2025,3,953.458452478458,"{100: 31, 500: 10, 200: 5, 5000: 4, 2000: 3, 1000: 3}"
0628,13/11/2025,1,953.429567703659,"{100: 31, 500: 10, 1000: 5, 5000: 3, 200: 3}"
6695,11/11/2025,3,953.3083568734334,"{100: 31, 500: 11, 1000: 5, 5000: 3}"
9460,27/08/2025,79,953.2356914396134,"{100: 29, 500: 12, 5000: 9, 1000: 7, 200: 4}"
4565,28/10/2025,17,953.1526383543774,"{100: 28, 500: 17, 1000: 4, 200: 1, 5000: 1}"
2019,10/11/2025,4,953.130767731137,"{100: 32, 500: 10, 2000: 2, 1000: 2, 200: 2, 5000: 1}"
5361,31/10/2025,14,952.7536845881009,"{100: 29, 500: 15, 5000: 4, 200: 3, 2000: 3, 1000: 1}"
4829,07/11/2025,7,952.7427560464257,"{100: 26, 500: 17, 5000: 10, 1000: 4, 2000: 1, 200: 1}"
2886,30/09/2025,45,952.7150475165859,"{100: 29, 500: 14, 1000: 4, 200: 3, 5000: 2, 2000: 1}"
8977,06/11/2025,8,952.6749187679067,"{100: 23, 500: 23, 1000: 6, 5000: 4, 2000: 3, 200: 2}"
2523,17/10/2025,28,952.6500389433606,"{100: 26, 500: 19, 1000: 5, 200: 4, 5000: 2}"
2196,25/10/2025,20,952.6010615617284,"{100: 30, 500: 11, 1000: 7, 200: 3, 5000: 3, 2000: 1}"
8910,26/10/2025,19,952.470161873459,"{100: 27, 500: 17, 5000: 6, 1000: 4, 200: 4}"
5129,17/10/2025,28,952.3601226315435,"{100: 30, 500: 13, 200: 4, 5000: 4, 2000: 3, 1000: 2}"
4352,13/11/2025,1,952.2768158622009,"{100: 31, 500: 11, 5000: 5, 1000: 3, 200: 1}"
8136,09/11/2025,5,952.0243747609134,"{100: 27, 500: 15, 5000: 5, 1000: 2, 2000: 2, 200: 1}"
4348,05/11/2025,9,951.8816880511637,"{100: 29, 500: 16, 200: 4, 1000: 3}"
3851,30/10/2025,15,951.7406900622808,"{100: 28, 500: 14, 1000: 7, 5000: 3, 2000: 1}"
1221,05/11/2025,9,951.6655754099526,"{100: 26, 500: 14, 1000: 7, 5000: 6, 200: 4, 2000: 1}"
5528,14/11/2025,0,951.6601172044102,"{100: 27, 500: 16, 5000: 4, 200: 4, 1000: 2}"
9045,31/10/2025,14,951.5277030011974,"{100: 31, 500: 10, 5000: 4, 200: 4, 1000: 4, 2000: 1}"
6939,04/11/2025,10,951.5186981776446,"{100: 28, 500: 14, 5000: 8, 1000: 5, 2000: 4, 200: 2}"
3210,01/11/2025,13,951.4314537662333,"{100: 27, 500: 18, 200: 5, 1000: 2, 5000: 2}"
8896,03/11/2025,11,951.385725842578,"{100: 29, 500: 12, 1000: 5, 5000: 4, 200: 3}"
8616,05/11/2025,9,951.3578653138569,"{100: 28, 500: 16, 1000: 5, 200: 2, 5000: 1, 2000: 1}"
5591,09/11/2025,5,951.2933758511033,"{100: 26, 500: 17, 1000: 6, 200: 4, 5000: 3, 2000: 1}"
2692,23/10/2025,22,951.2314953756211,"{100: 28, 500: 16, 1000: 6, 200: 3, 5000: 1}"
9037,09/09/2025,66,951.2306230468022,"{100: 29, 500: 13, 1000: 6, 5000: 3, 200: 1}"
3125,02/11/2025,12,951.162233068041,"{100: 28, 500: 15, 1000: 6, 200: 3, 5000: 3, 2000: 2}"
9442,12/10/2025,33,951.1100931268477,"{100: 28, 500: 16, 1000: 5, 5000: 4, 200: 1, 2000: 1}"
2306,12/11/2025,2,951.0489718569112,"{100: 28, 500: 14, 5000: 5, 2000: 4, 1000: 3, 200: 2}"
8027,08/09/2025,67,950.9110846331047,"{100: 29, 500: 13, 5000: 6, 1000: 4}"
0188,17/09/2025,58,950.6912523736195,"{100: 23, 500: 22, 5000: 7, 1000: 6, 200: 2}"
5907,06/11/2025,8,950.67041638763,"{100: 27, 500: 18, 1000: 4, 200: 3, 5000: 1, 2000: 1}"
7613,29/08/2025,77,950.5699993721753,"{100: 32, 500: 10, 1000: 4, 200: 2, 5000: 1}"
3570,03/11/2025,11,950.4442058631188,"{100: 30, 500: 13, 200: 3, 1000: 3, 2000: 1, 5000: 1}"
4067,11/11/2025,3,950.4436686328676,"{100: 28, 500: 15, 5000: 6, 1000: 5, 2000: 2, 200: 1}"
0822,19/10/2025,26,950.4396764335742,"{100: 29, 500: 13, 1000: 6, 5000: 5, 2000: 1}"
6325,01/10/2025,44,950.438728634813,"{100: 32, 500: 9, 200: 4, 5000: 3, 1000: 2, 2000: 1}"
9313,24/10/2025,21,950.4326393505182,"{100: 28, 500: 14, 1000: 5, 200: 4, 5000: 4, 2000: 1}"
6246,14/11/2025,0,950.3204714533846,"{100: 31, 500: 10, 1000: 7, 2000: 2, 5000: 2}"
3039,12/11/2025,2,950.2999741320081,"{100: 25, 500: 20, 1000: 6, 200: 3, 5000: 3, 2000: 1}"
8229,08/10/2025,37,950.1171080638189,"{500: 26, 100: 22, 1000: 4, 2000: 3, 200: 2, 5000: 1}"
7065,09/09/2025,66,949.9845709528788,"{100: 28, 500: 17, 1000: 5, 5000: 2, 200: 2}"
6940,20/09/2025,55,949.7931922328247,"{100: 28, 500: 15, 1000: 4, 5000: 4, 2000: 3, 200: 2}"
3071,10/10/2025,35,949.7794259843131,"{100: 23, 500: 20, 1000: 6, 5000: 4, 200: 4, 2000: 1}"
9193,03/11/2025,11,949.6602711072115,"{100: 27, 500: 16, 5000: 6, 1000: 4, 2000: 2, 200: 2}"
9898,25/10/2025,20,949.6418496365434,"{100: 27, 500: 17, 5000: 4, 1000: 2, 200: 1}"
7445,08/10/2025,37,948.9441098968359,"{100: 26, 500: 17, 1000: 6, 5000: 4, 200: 3, 2000: 1}"
3691,13/11/2025,1,948.6654352238286,"{100: 25, 500: 19, 1000: 6, 5000: 2, 2000: 1}"
6237,12/11/2025,2,948.6118610551302,"{100: 29, 500: 11, 5000: 3, 200: 3, 1000: 3, 2000: 1}"
7416,31/10/2025,14,948.5422171149941,"{100: 26, 500: 17, 1000: 10, 5000: 5}"
2376,11/09/2025,64,948.4814035195977,"{100: 29, 500: 14, 5000: 4, 1000: 3, 2000: 2, 200: 1}"
6463,09/11/2025,5,948.474896751391,"{100: 28, 500: 16, 2000: 3, 5000: 3, 200: 3, 1000: 2}"
5891,03/11/2025,11,948.2290962383474,"{100: 25, 500: 21, 200: 4, 5000: 2, 2000: 2, 1000: 1}"
7599,14/10/2025,31,948.1713493737708,"{100: 31, 500: 9, 1000: 7, 200: 4, 5000: 2}"
0275,02/11/2025,12,948.1685082861644,"{100: 30, 500: 13, 5000: 3, 1000: 3, 2000: 1, 200: 1}"
9840,22/10/2025,23,948.084217534863,"{100: 29, 500: 14, 1000: 4, 5000: 3, 200: 2, 2000: 1}"
0437,12/11/2025,2,947.9780612748228,"{100: 26, 500: 19, 5000: 7, 200: 4, 1000: 1}"
6238,10/11/2025,4,947.9668770774919,"{100: 29, 500: 15, 200: 3, 1000: 2, 5000: 2}"
8468,01/11/2025,13,947.9407520386912,"{100: 24, 500: 21, 5000: 4, 1000: 2, 200: 1}"
0649,14/10/2025,31,947.8505166335343,"{100: 32, 500: 10, 1000: 3, 2000: 3, 5000: 2, 200: 1}"
1849,22/10/2025,23,947.8181360921783,"{100: 30, 500: 12, 1000: 7, 200: 3, 5000: 2}"
9591,19/10/2025,26,947.7731284657023,"{100: 27, 500: 18, 200: 4, 5000: 3, 1000: 3, 2000: 1}"
7333,27/08/2025,79,947.7556598863047,"{100: 26, 500: 14, 1000: 10, 5000: 4, 2000: 3, 200: 1}"
1326,14/11/2025,0,947.6869835495087,"{100: 28, 500: 13, 200: 6, 1000: 5, 5000: 2, 2000: 2}"
3392,22/10/2025,23,947.4562718768057,"{100: 29, 500: 14, 1000: 4, 5000: 2, 200: 1, 2000: 1}"
0020,02/11/2025,12,947.188347152542,"{100: 24, 500: 20, 1000: 7, 5000: 4, 200: 1}"
0060,03/11/2025,11,947.0920840305599,"{100: 28, 500: 13, 1000: 8, 200: 4, 2000: 3, 5000: 3}"
5071,06/11/2025,8,946.9372549927658,"{100: 28, 500: 15, 1000: 4, 5000: 1, 2000: 1}"
3047,23/10/2025,22,946.9079611800888,"{100: 25, 500: 19, 1000: 6, 5000: 3, 2000: 1, 200: 1}"
4631,07/11/2025,7,946.7860333304121,"{100: 32, 500: 10, 200: 2, 5000: 1, 1000: 1}"
0931,17/10/2025,28,946.7437830091728,"{100: 26, 500: 17, 5000: 4, 1000: 3}"
6964,20/10/2025,25,946.6901900720123,"{100: 25, 500: 20, 5000: 3, 200: 2, 1000: 1, 2000: 1}"
8026,07/11/2025,7,946.6243280480106,"{100: 26, 500: 19, 200: 4, 5000: 3, 1000: 3, 2000: 2}"
3393,07/11/2025,7,946.4066865824421,"{100: 23, 500: 22, 5000: 6, 1000: 5, 200: 2, 2000: 2}"
7215,19/10/2025,26,946.3632900235664,"{100: 29, 500: 13, 1000: 5, 5000: 4, 200: 3}"
7609,10/11/2025,4,946.3146608926832,"{100: 23, 500: 22, 1000: 8, 5000: 3, 200: 2}"
8889,12/11/2025,2,946.085875970582,"{100: 31, 500: 11, 200: 4, 1000: 3, 2000: 2, 5000: 1}"
7949,29/10/2025,16,945.962361755838,"{100: 26, 500: 14, 1000: 10, 5000: 4, 2000: 1, 200: 1}"
9862,26/10/2025,19,945.867824831638,"{100: 29, 500: 14, 5000: 5, 2000: 3, 200: 3, 1000: 2}"
7039,01/09/2025,74,945.812193942791,"{100: 25, 500: 17, 1000: 7, 5000: 5, 2000: 3}"
3933,26/10/2025,19,945.6799162374912,"{100: 28, 500: 16, 1000: 3, 200: 2, 5000: 1}"
9066,25/10/2025,20,945.5465250822442,"{100: 28, 500: 15, 5000: 5, 1000: 3, 2000: 2, 200: 1}"
9769,09/11/2025,5,945.5393428639231,"{100: 24, 500: 20, 5000: 3, 200: 3, 1000: 2, 2000: 1}"
8921,09/11/2025,5,945.4435720279859,"{100: 29, 500: 11, 1000: 8, 200: 6, 5000: 3}"
5504,09/11/2025,5,945.280129372173,"{100: 25, 500: 17, 5000: 5, 1000: 5, 200: 1, 2000: 1}"
3322,27/10/2025,18,945.2731143811114,"{100: 28, 500: 13, 1000: 8, 2000: 3, 200: 2, 5000: 1}"
9144,06/10/2025,39,945.2620963312124,"{100: 27, 500: 16, 1000: 7, 5000: 6, 200: 3}"
6836,11/11/2025,3,945.0590741284077,"{100: 25, 500: 18, 5000: 8, 1000: 1, 2000: 1, 200: 1}"
2005,09/11/2025,5,944.778553308464,"{100: 26, 500: 18, 1000: 4, 2000: 3, 5000: 3}"
4526,01/11/2025,13,944.767431733385,"{100: 29, 500: 16, 1000: 3, 200: 3}"
7895,27/10/2025,18,944.7622506177017,"{500: 24, 100: 23, 1000: 4, 5000: 3, 200: 2}"
3916,04/10/2025,41,944.7332207146387,"{100: 23, 500: 22, 1000: 7, 200: 6, 5000: 2, 2000: 1}"
1067,11/09/2025,64,944.65813878692,"{100: 30, 500: 13, 200: 3, 5000: 2, 2000: 1, 1000: 1}"
8239,05/11/2025,9,944.6499554327543,"{100: 26, 500: 16, 200: 4, 5000: 3, 1000: 2, 2000: 1}"
3993,27/10/2025,18,944.5415180041748,"{100: 26, 500: 16, 1000: 7, 5000: 5, 2000: 4, 200: 3}"
9669,12/11/2025,2,944.4513758304897,"{100: 30, 500: 11, 200: 5, 1000: 5, 2000: 2, 5000: 2}"
2853,29/08/2025,77,944.4418868311409,"{100: 27, 500: 19, 5000: 3, 1000: 3, 2000: 1, 200: 1}"
6233,08/09/2025,67,944.4298435032944,"{100: 29, 500: 15, 1000: 4, 5000: 3, 2000: 2, 200: 2}"
8548,23/09/2025,52,944.1175640986107,"{100: 32, 500: 9, 1000: 5, 5000: 2, 200: 2, 2000: 1}"
2092,08/11/2025,6,944.0343647929387,"{100: 27, 500: 16, 200: 7, 5000: 4, 1000: 4, 2000: 1}"
6914,28/10/2025,17,944.0235045978783,"{100: 28, 500: 15, 5000: 5, 2000: 2, 200: 2, 1000: 2}"
7040,13/10/2025,32,943.5596633982277,"{100: 28, 500: 15, 5000: 6, 2000: 1, 200: 1, 1000: 1}"
9569,10/11/2025,4,943.546264195338,"{100: 29, 500: 14, 5000: 5, 200: 3, 1000: 2}"
0050,10/10/2025,35,943.4608988779892,"{100: 25, 500: 20, 200: 3, 5000: 3, 1000: 3, 2000: 2}"
6927,08/10/2025,37,943.3557622844847,"{100: 26, 500: 19, 1000: 2, 5000: 2, 2000: 1, 200: 1}"
2516,13/11/2025,1,943.3062975855383,"{100: 26, 500: 15, 1000: 6, 5000: 3, 2000: 3, 200: 2}"
6513,21/10/2025,24,943.2451646869953,"{100: 28, 500: 13, 1000: 11, 5000: 4, 200: 4}"
7679,03/10/2025,42,943.2091526089905,"{100: 29, 500: 14, 1000: 4, 5000: 3, 200: 1}"
8334,10/11/2025,4,942.9123262921477,"{100: 25, 500: 21, 5000: 3, 1000: 2, 200: 2, 2000: 1}"
2975,20/09/2025,55,942.895690585022,"{100: 28, 500: 14, 1000: 9, 2000: 4, 5000: 3, 200: 3}"
6543,13/11/2025,1,942.80548130334,"{100: 27, 500: 16, 200: 5, 5000: 4, 1000: 2, 2000: 1}"
7051,12/11/2025,2,942.6945365851916,"{100: 29, 500: 12, 1000: 5, 5000: 3, 200: 2, 2000: 1}"
0205,10/11/2025,4,942.6771784813865,"{100: 27, 500: 17, 5000: 4, 1000: 2, 200: 2, 2000: 1}"
3824,25/09/2025,50,942.6723353839432,"{100: 32, 500: 10, 1000: 4, 5000: 2, 2000: 1}"
7966,13/07/2025,124,942.5522707778514,"{100: 29, 500: 15, 1000: 5, 5000: 4, 2000: 1}"
7435,06/11/2025,8,942.4780226375739,"{100: 28, 500: 14, 5000: 5, 1000: 3, 200: 2, 2000: 1}"
3949,14/11/2025,0,942.463911152541,"{100: 31, 500: 10, 1000: 4, 5000: 2, 2000: 1}"
4863,11/10/2025,34,942.4571832757392,"{100: 29, 500: 14, 1000: 4, 2000: 2, 200: 1, 5000: 1}"
7543,10/11/2025,4,942.3529133959061,"{100: 28, 500: 15, 5000: 6, 1000: 3, 2000: 1, 200: 1}"
7139,13/11/2025,1,942.3065031910523,"{100: 25, 500: 20, 1000: 3, 200: 3, 5000: 2, 2000: 2}"
1047,17/09/2025,58,942.2288682993286,"{100: 30, 500: 14, 5000: 2, 200: 2, 1000: 2}"
2699,01/08/2025,105,942.176648053346,"{100: 28, 500: 19, 1000: 4}"
9792,09/11/2025,5,942.15310114816,"{100: 30, 500: 13, 200: 4, 5000: 3, 1000: 1, 2000: 1}"
2012,20/10/2025,25,941.9307937531717,"{100: 27, 500: 16, 1000: 5, 200: 4, 5000: 4}"
3153,25/10/2025,20,941.9227391038174,"{100: 29, 500: 12, 1000: 6, 5000: 4}"
2919,26/10/2025,19,941.9127963454915,"{100: 32, 500: 7, 5000: 6, 1000: 4, 200: 3}"
9626,14/11/2025,0,941.9096477390452,"{100: 22, 500: 21, 1000: 7, 5000: 4, 2000: 3, 200: 1}"
9749,11/10/2025,34,941.8229515228088,"{100: 26, 500: 18, 200: 6, 1000: 4, 2000: 2, 5000: 2}"
9989,25/10/2025,20,941.7927690503329,"{100: 27, 500: 17, 5000: 4, 200: 3, 1000: 2, 2000: 1}"
7266,31/10/2025,14,941.7904912020907,"{100: 27, 500: 17, 1000: 4, 5000: 3, 200: 2, 2000: 1}"
6321,13/09/2025,62,941.7678731960688,"{100: 24, 500: 22, 200: 5, 5000: 4, 1000: 3}"
3843,12/11/2025,2,941.7220004635769,"{100: 26, 500: 17, 1000: 4, 5000: 4, 200: 4, 2000: 1}"
1350,28/09/2025,47,941.5325890701638,"{100: 29, 500: 15, 1000: 4, 5000: 2}"
8139,22/10/2025,23,941.3571054438498,"{100: 29, 500: 12, 5000: 4, 1000: 4, 2000: 2, 200: 2}"
5053,30/09/2025,45,941.3127049480139,"{100: 25, 500: 19, 5000: 4, 200: 3, 2000: 1, 1000: 1}"
6219,20/09/2025,55,941.2508445135535,"{100: 24, 500: 23, 200: 2, 1000: 2, 5000: 2, 2000: 1}"
3343,11/11/2025,3,941.0163383958549,"{100: 27, 500: 16, 5000: 4, 2000: 3, 1000: 3, 200: 3}"
5052,12/11/2025,2,940.8596317592808,"{100: 27, 500: 13, 5000: 10, 200: 4, 1000: 2}"
1426,02/11/2025,12,940.8470087491033,"{100: 26, 500: 15, 1000: 5, 5000: 3, 2000: 1, 200: 1}"
2659,14/11/2025,0,940.5892880449671,"{100: 29, 500: 14, 1000: 3, 5000: 2, 2000: 2, 200: 1}"
2271,09/11/2025,5,940.5321426553879,"{100: 28, 500: 14, 5000: 4, 200: 3, 1000: 3}"
2050,11/11/2025,3,940.2755057592062,"{100: 27, 500: 16, 1000: 7, 5000: 2, 2000: 1, 200: 1}"
8448,05/11/2025,9,940.208696036286,"{100: 27, 500: 12, 1000: 9, 5000: 6, 200: 1}"
8057,08/11/2025,6,940.120363645435,"{100: 26, 500: 17, 1000: 7, 5000: 3, 200: 2, 2000: 1}"
9624,13/11/2025,1,939.7877168759106,"{100: 28, 500: 14, 5000: 5, 1000: 4, 2000: 1, 200: 1}"
7164,28/10/2025,17,939.3200892072404,"{100: 24, 500: 18, 1000: 8, 5000: 6, 200: 5}"
1077,26/10/2025,19,939.2927501508776,"{100: 26, 500: 16, 1000: 4, 5000: 3, 2000: 1, 200: 1}"
7522,20/10/2025,25,939.1244939646116,"{100: 28, 500: 16, 1000: 3, 5000: 2, 2000: 2, 200: 2}"
2863,25/09/2025,50,938.9554934649686,"{100: 30, 500: 13, 5000: 4, 1000: 1, 200: 1}"
0861,08/11/2025,6,938.8680101119255,"{100: 26, 500: 13, 5000: 5, 1000: 4, 200: 3, 2000: 1}"
7125,25/10/2025,20,938.8485037533918,"{100: 30, 500: 12, 5000: 5, 1000: 3, 2000: 1, 200: 1}"
8417,24/08/2025,82,938.7278967877658,"{100: 29, 500: 14, 1000: 6, 5000: 3, 200: 3, 2000: 1}"
7221,30/10/2025,15,938.7066564524418,"{100: 27, 500: 15, 1000: 8, 5000: 4, 2000: 3, 200: 2}"
1021,27/10/2025,18,938.6851592106904,"{100: 27, 500: 15, 200: 7, 1000: 4, 5000: 3, 2000: 2}"
2513,01/11/2025,13,938.6200916099338,"{100: 30, 500: 11, 1000: 3, 200: 3, 5000: 2, 2000: 1}"
6112,30/10/2025,15,938.5927386769667,"{100: 29, 500: 12, 5000: 4, 1000: 3}"
5349,28/10/2025,17,938.5239831405672,"{100: 24, 500: 18, 5000: 7, 1000: 5, 2000: 1, 200: 1}"
2027,30/10/2025,15,938.4326912306402,"{100: 25, 500: 16, 1000: 5, 5000: 4, 200: 4, 2000: 3}"
8090,07/11/2025,7,938.4067318464771,"{100: 27, 500: 16, 5000: 3, 200: 3, 1000: 2, 2000: 1}"
9538,12/11/2025,2,938.3857203437168,"{100: 26, 500: 18, 200: 5, 1000: 2, 5000: 2, 2000: 1}"
2503,02/11/2025,12,938.3448645633074,"{100: 26, 500: 16, 1000: 8, 5000: 6, 200: 3, 2000: 2}"
7881,23/10/2025,22,938.2893182745158,"{100: 26, 500: 17, 1000: 4, 5000: 3, 2000: 2, 200: 1}"
0454,13/11/2025,1,938.2293663563862,"{100: 31, 500: 8, 1000: 5, 5000: 4, 200: 3, 2000: 1}"
4225,24/10/2025,21,938.1841134237254,"{100: 27, 500: 16, 5000: 6, 1000: 5, 2000: 1, 200: 1}"
7899,20/10/2025,25,938.1585540315615,"{500: 23, 100: 22, 1000: 6, 200: 4, 5000: 3, 2000: 1}"
5559,03/11/2025,11,938.0939297929815,"{100: 29, 500: 14, 5000: 3, 200: 2, 1000: 1}"
9921,03/11/2025,11,938.0641106081706,"{100: 28, 500: 15, 1000: 2, 5000: 2}"
8806,07/11/2025,7,937.8989811391541,"{100: 29, 500: 13, 1000: 6, 5000: 3}"
9564,19/10/2025,26,937.7632606704975,"{100: 29, 500: 8, 5000: 7, 1000: 5, 200: 4, 2000: 1}"
2291,30/10/2025,15,937.6682568867188,"{100: 26, 500: 17, 200: 5, 1000: 3, 2000: 1, 5000: 1}"
7510,11/10/2025,34,937.4780878669891,"{100: 29, 500: 12, 1000: 5, 5000: 4, 200: 4}"
6679,01/10/2025,44,937.2578363302,"{100: 27, 500: 17, 5000: 4, 1000: 3, 2000: 1}"
6609,07/11/2025,7,937.0764067891141,"{100: 27, 500: 14, 1000: 6, 200: 5, 5000: 5, 2000: 1}"
6536,05/11/2025,9,936.9251430418792,"{100: 25, 500: 17, 5000: 5, 200: 4, 2000: 2, 1000: 1}"
5326,06/11/2025,8,936.8467207889883,"{100: 32, 500: 7, 5000: 5, 1000: 2, 200: 2}"
6060,05/11/2025,9,936.7902442256583,"{100: 28, 500: 14, 1000: 6, 5000: 2, 200: 1, 2000: 1}"
7546,03/11/2025,11,936.7422221287509,"{100: 29, 500: 12, 1000: 6, 5000: 4, 200: 2}"
7736,30/10/2025,15,936.4876071651811,"{100: 25, 500: 15, 5000: 9, 1000: 6, 200: 4, 2000: 1}"
7496,21/10/2025,24,936.4233504296501,"{100: 29, 500: 13, 1000: 5, 200: 3, 5000: 3, 2000: 2}"
6245,18/10/2025,27,936.2440695764358,"{100: 26, 500: 17, 200: 6, 5000: 5, 1000: 4, 2000: 1}"
2820,12/10/2025,33,936.2336085767193,"{100: 28, 500: 16, 2000: 7, 1000: 4, 200: 2}"
0527,05/10/2025,40,936.1553389449904,"{100: 28, 500: 14, 1000: 4, 5000: 4, 200: 3, 2000: 1}"
0142,07/11/2025,7,936.1545620089503,"{100: 27, 500: 16, 1000: 5, 200: 3, 5000: 2, 2000: 1}"
4746,16/10/2025,29,936.1123526237285,"{100: 31, 500: 9, 1000: 7, 5000: 2, 200: 2, 2000: 1}"
8918,29/10/2025,16,936.0665168160095,"{100: 31, 500: 8, 1000: 8, 5000: 4, 200: 1, 2000: 1}"
2956,30/10/2025,15,935.9761221171639,"{100: 28, 500: 14, 1000: 6, 5000: 2, 2000: 1, 200: 1}"
3845,07/11/2025,7,935.9491127732474,"{100: 29, 500: 11, 200: 6, 1000: 5, 5000: 3, 2000: 1}"
5063,07/10/2025,38,935.7820571329044,"{100: 28, 500: 16, 1000: 4, 5000: 2, 200: 1}"
6262,25/09/2025,50,935.6668763766017,"{100: 25, 500: 20, 1000: 3, 5000: 2, 200: 2, 2000: 1}"
9576,05/11/2025,9,935.6159345250605,"{100: 27, 500: 16, 200: 4, 1000: 4, 2000: 2, 5000: 1}"
7112,03/10/2025,42,935.5884469521138,"{100: 29, 500: 14, 5000: 4, 1000: 3, 2000: 2, 200: 2}"
7957,14/11/2025,0,935.5135679843982,"{100: 29, 500: 13, 1000: 4, 200: 3, 2000: 1, 5000: 1}"
8879,01/11/2025,13,935.5129747757437,"{100: 28, 500: 15, 5000: 5, 200: 4, 1000: 1}"
6164,22/10/2025,23,935.4771510429006,"{100: 25, 500: 16, 5000: 6, 1000: 6, 200: 3}"
7000,05/11/2025,9,935.4557080458985,"{100: 26, 500: 17, 1000: 5, 5000: 3, 2000: 2, 200: 2}"
5916,13/10/2025,32,935.0893414982701,"{100: 30, 500: 12, 1000: 4, 5000: 3, 200: 3, 2000: 1}"
7743,17/07/2025,120,934.926017420064,"{100: 32, 500: 12, 1000: 4, 2000: 2, 200: 2}"
1839,21/09/2025,54,934.8254728389421,"{100: 29, 500: 14, 1000: 5, 2000: 2, 5000: 2, 200: 1}"
8142,17/10/2025,28,934.7731196330154,"{100: 26, 500: 18, 200: 6, 1000: 3, 5000: 2, 2000: 1}"
7786,30/09/2025,45,934.615888647026,"{100: 27, 500: 16, 1000: 7, 200: 4, 5000: 3, 2000: 1}"
8801,30/10/2025,15,934.5187540950552,"{100: 28, 500: 14, 1000: 4, 200: 3, 5000: 2}"
0966,20/10/2025,25,934.4607406339926,"{100: 24, 500: 20, 1000: 5, 200: 3, 5000: 3}"
9075,11/11/2025,3,934.3480555495366,"{100: 27, 500: 12, 1000: 5, 5000: 4, 200: 3, 2000: 2}"
1327,01/10/2025,44,934.1997480485343,"{100: 29, 500: 14, 5000: 4, 1000: 3}"
7920,22/09/2025,53,934.1469451475547,"{100: 30, 500: 10, 5000: 5, 1000: 4, 200: 3, 2000: 1}"
6899,17/10/2025,28,934.131459879619,"{100: 28, 500: 11, 1000: 10, 200: 5, 5000: 3, 2000: 2}"
4060,13/11/2025,1,934.0384407647949,"{100: 27, 500: 15, 1000: 5, 5000: 4, 2000: 2, 200: 1}"
4099,25/09/2025,50,934.0180119036514,"{100: 27, 500: 16, 1000: 8, 200: 1, 5000: 1}"
6969,27/10/2025,18,934.0178456771612,"{100: 31, 500: 8, 5000: 6, 1000: 4, 200: 3}"
7419,28/09/2025,47,933.9458370140377,"{100: 30, 500: 11, 5000: 6, 1000: 5, 2000: 4}"
1229,12/09/2025,63,933.8834925049495,"{100: 25, 500: 22, 200: 5, 1000: 3, 5000: 2}"
9942,06/09/2025,69,933.6941022084716,"{100: 28, 500: 14, 1000: 5, 5000: 5, 200: 4, 2000: 2}"
8971,26/08/2025,80,933.5313761358232,"{100: 32, 500: 7, 1000: 5, 5000: 5, 2000: 3, 200: 2}"
6074,14/11/2025,0,933.4838907730618,"{100: 31, 500: 8, 5000: 5, 1000: 5, 200: 5, 2000: 1}"
8590,31/10/2025,14,933.4110743415143,"{100: 28, 500: 14, 200: 5, 1000: 5, 5000: 4}"
6294,03/11/2025,11,933.4022151128446,"{100: 30, 500: 12, 1000: 5, 200: 2}"
4461,09/10/2025,36,933.2717180612734,"{100: 31, 500: 9, 1000: 7, 200: 4, 5000: 3, 2000: 1}"
4037,11/11/2025,3,933.1571840341717,"{100: 28, 500: 13, 1000: 9, 5000: 4, 200: 1}"
7369,18/10/2025,27,933.1447012461987,"{100: 25, 500: 17, 5000: 8, 200: 2, 2000: 2, 1000: 1}"
6818,21/10/2025,24,932.9479442772075,"{100: 30, 500: 11, 1000: 7, 200: 4, 5000: 1}"
9905,12/11/2025,2,932.7634882278434,"{100: 28, 500: 14, 1000: 3, 200: 3, 2000: 2, 5000: 1}"
6966,06/10/2025,39,932.7310894495024,"{100: 25, 500: 19, 5000: 5, 1000: 4, 2000: 3, 200: 2}"
2973,13/10/2025,32,932.6963339670218,"{100: 26, 500: 19, 200: 3, 5000: 1, 1000: 1}"
1316,13/10/2025,32,932.577676151065,"{100: 32, 5000: 6, 500: 6, 1000: 5, 200: 3, 2000: 1}"
1002,14/11/2025,0,932.498060629729,"{100: 26, 500: 15, 1000: 8, 5000: 1, 2000: 1, 200: 1}"
8021,21/09/2025,54,932.4950299691471,"{100: 28, 500: 12, 5000: 7, 1000: 7, 200: 4, 2000: 2}"
6519,24/07/2025,113,932.3438757360419,"{100: 28, 500: 15, 1000: 8, 200: 7, 2000: 2}"
0125,02/11/2025,12,932.1247749398406,"{100: 28, 500: 13, 5000: 10, 200: 4, 1000: 2}"
7538,30/10/2025,15,932.0280654976278,"{100: 28, 500: 13, 1000: 4, 200: 4, 5000: 3, 2000: 1}"
7129,13/11/2025,1,931.9244673281361,"{100: 30, 500: 10, 1000: 8, 5000: 3, 2000: 1}"
8018,01/10/2025,44,931.9043727014529,"{100: 28, 500: 15, 1000: 6, 5000: 2, 200: 1, 2000: 1}"
2026,06/10/2025,39,931.8266769593188,"{100: 25, 500: 19, 1000: 5, 5000: 4, 200: 3, 2000: 2}"
6461,30/10/2025,15,931.773856925892,"{100: 29, 500: 13, 1000: 5, 200: 3, 5000: 2, 2000: 1}"
3871,17/10/2025,28,931.7542084127293,"{100: 26, 500: 18, 5000: 7, 2000: 2, 1000: 2, 200: 2}"
2192,16/10/2025,29,931.4618629779799,"{100: 31, 1000: 9, 500: 6, 5000: 5, 2000: 4, 200: 4}"
9899,05/11/2025,9,931.4015706393774,"{100: 30, 500: 9, 200: 3, 1000: 3, 5000: 2, 2000: 1}"
1347,06/11/2025,8,931.3807418704747,"{100: 26, 500: 16, 1000: 3, 200: 2, 2000: 2, 5000: 1}"
9837,21/10/2025,24,931.270755302998,"{100: 27, 500: 16, 1000: 6, 200: 3, 5000: 2, 2000: 1}"
9162,02/11/2025,12,931.0736532138587,"{100: 29, 500: 16, 200: 2, 2000: 2, 1000: 1}"
9605,11/11/2025,3,930.9821357726803,"{100: 26, 500: 17, 1000: 7, 2000: 3, 5000: 1, 200: 1}"
1027,07/11/2025,7,930.744933701085,"{100: 23, 500: 19, 200: 7, 1000: 4, 5000: 3, 2000: 3}"
9402,17/10/2025,28,930.7230475658115,"{100: 25, 500: 19, 1000: 6, 200: 3, 2000: 3, 5000: 3}"
1516,06/09/2025,69,930.6953730877682,"{100: 25, 500: 19, 1000: 6, 5000: 3, 200: 2}"
6882,12/11/2025,2,930.566752954428,"{100: 26, 500: 14, 5000: 5, 1000: 5, 200: 4}"
8982,05/11/2025,9,930.495462632809,"{100: 25, 500: 18, 5000: 5, 1000: 5, 200: 2, 2000: 1}"
2803,24/10/2025,21,930.3690157691028,"{100: 28, 500: 14, 1000: 5, 200: 3, 5000: 2, 2000: 1}"
4893,16/10/2025,29,930.1224379102179,"{100: 26, 500: 17, 5000: 4, 2000: 2, 1000: 1, 200: 1}"
7331,14/10/2025,31,930.1164018518393,"{100: 29, 500: 13, 5000: 5, 200: 4, 1000: 1}"
6734,22/10/2025,23,930.0921473571246,"{100: 26, 500: 19, 200: 2, 1000: 1, 2000: 1, 5000: 1}"
9424,25/10/2025,20,929.8412340777704,"{100: 22, 500: 20, 5000: 5, 200: 5, 1000: 2, 2000: 1}"
5821,10/11/2025,4,929.6993431687504,"{100: 25, 500: 17, 1000: 8, 5000: 4, 200: 4, 2000: 3}"
9545,09/11/2025,5,929.6475487058099,"{100: 28, 500: 14, 5000: 3, 1000: 3, 200: 3, 2000: 1}"
3657,08/11/2025,6,929.598312863783,"{100: 23, 500: 22, 1000: 5, 200: 4, 5000: 2}"
3220,20/10/2025,25,929.4116898971499,"{100: 27, 500: 15, 200: 5, 5000: 5, 1000: 4, 2000: 2}"
9470,15/10/2025,30,929.348848282562,"{100: 27, 500: 16, 200: 5, 1000: 3, 5000: 2}"
6239,05/11/2025,9,929.2464741948689,"{100: 28, 500: 14, 1000: 3, 5000: 3, 2000: 2, 200: 2}"
7829,05/10/2025,40,929.0364373937902,"{100: 26, 500: 17, 1000: 8, 200: 2, 5000: 1, 2000: 1}"
5556,15/10/2025,30,929.0253486323675,"{100: 26, 500: 18, 5000: 4, 1000: 4, 2000: 2, 200: 1}"
3269,30/10/2025,15,928.9941737885364,"{100: 27, 500: 14, 5000: 5, 1000: 5, 200: 5}"
5626,11/11/2025,3,928.9837926736475,"{100: 29, 500: 9, 1000: 6, 5000: 4, 2000: 2, 200: 2}"
9687,12/11/2025,2,928.8605802388668,"{100: 26, 500: 13, 5000: 8, 200: 7, 1000: 4}"
9287,11/11/2025,3,928.8596123752983,"{100: 29, 500: 13, 5000: 6, 200: 2, 1000: 1, 2000: 1}"
8974,02/11/2025,12,928.8351936756104,"{100: 29, 500: 13, 2000: 3, 5000: 3, 200: 2, 1000: 1}"
5590,18/10/2025,27,928.7413819561937,"{100: 28, 500: 13, 1000: 6, 200: 3, 5000: 1, 2000: 1}"
0423,12/09/2025,63,928.7301579242718,"{100: 33, 500: 8, 5000: 5, 1000: 1, 2000: 1}"
3624,30/10/2025,15,928.6078739098956,"{100: 28, 500: 13, 1000: 6, 5000: 4, 200: 3, 2000: 1}"
7174,09/11/2025,5,928.313228101956,"{100: 27, 500: 14, 5000: 4, 200: 4, 1000: 3, 2000: 2}"
7108,12/11/2025,2,928.3067307209282,"{100: 28, 500: 13, 1000: 6, 200: 3, 5000: 3, 2000: 2}"
9813,31/10/2025,14,928.293915287577,"{100: 27, 500: 16, 1000: 5, 5000: 3, 200: 3, 2000: 1}"
6271,26/09/2025,49,928.1363671771763,"{100: 25, 500: 18, 1000: 9, 200: 5, 2000: 1, 5000: 1}"
6412,07/11/2025,7,928.1114502783452,"{100: 30, 500: 10, 1000: 4, 200: 3, 5000: 2}"
1069,19/10/2025,26,928.0338548470444,"{100: 29, 500: 15, 200: 3, 5000: 3, 2000: 2, 1000: 1}"
3515,11/11/2025,3,928.0263119259095,"{100: 27, 500: 16, 1000: 4, 200: 3, 5000: 3}"
5325,09/11/2025,5,927.9252269079141,"{100: 31, 500: 9, 200: 4, 5000: 3, 2000: 3, 1000: 2}"
1903,25/10/2025,20,927.8395398537425,"{100: 28, 500: 14, 5000: 3, 1000: 2, 200: 2, 2000: 1}"
9274,02/11/2025,12,927.8172117225827,"{100: 26, 500: 19, 200: 3, 5000: 2, 2000: 1, 1000: 1}"
8752,29/10/2025,16,927.6141666058234,"{100: 30, 500: 11, 1000: 5, 5000: 2, 200: 2, 2000: 1}"
7049,24/09/2025,51,927.6093359317122,"{100: 29, 500: 10, 5000: 5, 1000: 4, 200: 4, 2000: 3}"
3363,03/11/2025,11,927.6069605344501,"{100: 29, 500: 10, 5000: 5, 1000: 2, 2000: 2, 200: 2}"
2819,28/10/2025,17,927.2819298616386,"{100: 23, 500: 20, 1000: 7, 200: 4, 5000: 4, 2000: 1}"
0290,14/11/2025,0,927.2257288774424,"{100: 27, 500: 14, 5000: 5, 1000: 5, 2000: 3, 200: 3}"
7466,24/07/2025,113,927.1319854475075,"{100: 32, 500: 10, 1000: 5, 5000: 2, 200: 1}"
0350,12/11/2025,2,927.131782540882,"{100: 31, 500: 10, 1000: 3, 5000: 1, 2000: 1, 200: 1}"
3567,03/11/2025,11,927.1000950609081,"{100: 24, 500: 17, 1000: 5, 5000: 4, 200: 4, 2000: 1}"
5870,14/11/2025,0,927.0033740184687,"{100: 26, 500: 16, 1000: 5, 200: 4, 5000: 2, 2000: 1}"
4116,12/11/2025,2,926.9935315491629,"{100: 29, 500: 10, 5000: 6, 1000: 4, 200: 3, 2000: 1}"
2414,10/11/2025,4,926.8766656913838,"{100: 28, 500: 13, 200: 5, 1000: 3, 2000: 3, 5000: 2}"
9790,24/10/2025,21,926.8588048418335,"{100: 25, 500: 17, 1000: 8, 5000: 6, 200: 4}"
6230,16/10/2025,29,926.7959852653747,"{100: 29, 500: 11, 1000: 6, 200: 4, 5000: 2}"
9595,18/10/2025,27,926.5233802194505,"{100: 22, 500: 21, 5000: 9, 2000: 3, 1000: 1, 200: 1}"
6415,14/11/2025,0,926.4792400921489,"{100: 27, 500: 15, 1000: 4, 5000: 3, 200: 3, 2000: 2}"
1900,12/10/2025,33,926.3160953435761,"{100: 26, 500: 19, 1000: 3, 5000: 1, 2000: 1, 200: 1}"
7918,20/10/2025,25,926.0682906103143,"{100: 31, 500: 9, 1000: 6, 200: 4, 5000: 2, 2000: 1}"
3840,21/10/2025,24,926.0627306247062,"{100: 27, 500: 17, 5000: 4, 200: 3, 2000: 1, 1000: 1}"
8893,08/11/2025,6,925.9145453365984,"{100: 28, 500: 16, 1000: 3, 200: 2, 2000: 1}"
2887,07/10/2025,38,925.91153853256,"{100: 28, 500: 12, 5000: 8, 1000: 4, 2000: 3, 200: 2}"
2069,25/10/2025,20,925.8811864640779,"{100: 27, 500: 15, 5000: 7, 1000: 3, 2000: 2, 200: 2}"
9439,30/10/2025,15,925.8359045480111,"{100: 26, 500: 16, 1000: 5, 5000: 3, 200: 3, 2000: 1}"
9549,25/10/2025,20,925.7222844061898,"{100: 30, 500: 11, 1000: 5, 5000: 3, 200: 2}"
2106,03/11/2025,11,925.6736219627529,"{100: 27, 500: 16, 5000: 6, 1000: 2, 2000: 1, 200: 1}"
7971,11/11/2025,3,925.6684370673255,"{100: 27, 500: 12, 5000: 5, 1000: 5, 200: 4, 2000: 1}"
8939,09/11/2025,5,925.6262104010863,"{100: 24, 500: 19, 5000: 5, 1000: 4, 200: 4, 2000: 1}"
9129,01/09/2025,74,925.5909731197481,"{100: 28, 500: 13, 1000: 6, 200: 5, 5000: 4, 2000: 1}"
2280,17/10/2025,28,925.4199934601747,"{100: 29, 500: 12, 1000: 6, 5000: 2, 2000: 1}"
7674,25/09/2025,50,925.3769980525577,"{100: 27, 500: 15, 1000: 5, 5000: 5, 200: 3, 2000: 2}"
5277,25/10/2025,20,925.3135278746776,"{500: 23, 100: 21, 1000: 6, 5000: 4, 200: 4, 2000: 1}"
8598,22/10/2025,23,925.0937925318576,"{100: 26, 500: 17, 5000: 7, 1000: 5, 200: 2}"
0313,09/11/2025,5,924.8926778452603,"{100: 23, 500: 23, 5000: 3, 1000: 3}"
2193,14/10/2025,31,924.7631009980348,"{100: 27, 500: 13, 1000: 6, 2000: 3, 5000: 2, 200: 1}"
8376,29/10/2025,16,924.7446447682694,"{100: 24, 500: 20, 1000: 5, 5000: 5, 200: 3, 2000: 1}"
6263,29/10/2025,16,924.7302595926792,"{100: 27, 500: 14, 1000: 3, 5000: 2, 200: 1}"
4491,14/11/2025,0,924.5011063289566,"{100: 25, 500: 14, 200: 8, 1000: 8, 5000: 5, 2000: 2}"
0990,05/10/2025,40,924.3615758225717,"{100: 27, 500: 17, 1000: 3, 5000: 2, 2000: 1, 200: 1}"
2610,13/11/2025,1,924.3203341777219,"{100: 26, 500: 17, 5000: 4, 200: 3, 1000: 2}"
7423,31/08/2025,75,924.3040987485391,"{500: 22, 100: 22, 5000: 7, 1000: 6, 200: 2}"
1711,28/10/2025,17,924.2775930318392,"{100: 28, 500: 11, 1000: 6, 2000: 5, 200: 4, 5000: 3}"
2410,10/11/2025,4,924.1852939064976,"{500: 24, 100: 22, 1000: 6, 5000: 1, 2000: 1}"
7018,10/09/2025,65,924.0543528830126,"{100: 30, 500: 13, 200: 4, 1000: 2, 5000: 1, 2000: 1}"
7011,08/11/2025,6,924.034964557372,"{100: 26, 500: 16, 1000: 6, 200: 4, 5000: 1, 2000: 1}"
7725,29/10/2025,16,924.0296229719012,"{100: 25, 500: 18, 1000: 5, 5000: 5, 200: 1}"
1892,01/11/2025,13,923.9806447278698,"{100: 27, 500: 16, 5000: 5, 2000: 2, 200: 2, 1000: 2}"
3042,30/10/2025,15,923.9376470836658,"{100: 26, 500: 16, 1000: 6, 2000: 5, 200: 2, 5000: 2}"
7815,10/11/2025,4,923.9284920945698,"{100: 27, 500: 13, 200: 5, 5000: 4, 1000: 3}"
9762,09/11/2025,5,923.9234989017177,"{100: 27, 500: 15, 5000: 5, 200: 4, 1000: 4, 2000: 1}"
6160,01/11/2025,13,923.8080801800234,"{100: 25, 500: 19, 1000: 3, 5000: 3, 200: 2}"
7536,24/10/2025,21,923.722122399679,"{100: 26, 500: 15, 1000: 6, 5000: 3, 200: 3}"
2579,05/11/2025,9,923.7066966419593,"{100: 25, 500: 19, 1000: 6, 5000: 1, 2000: 1, 200: 1}"
8960,21/10/2025,24,923.616149318361,"{100: 30, 500: 11, 5000: 7, 200: 3, 2000: 2, 1000: 1}"
3195,14/11/2025,0,923.5581940475589,"{100: 31, 500: 8, 5000: 4, 1000: 2}"
7045,11/11/2025,3,923.5415296444723,"{100: 24, 500: 17, 1000: 10, 5000: 3, 200: 3, 2000: 1}"
0298,07/11/2025,7,923.484507979916,"{100: 26, 500: 18, 5000: 3, 1000: 3}"
3632,01/11/2025,13,923.4334558464224,"{100: 32, 500: 8, 2000: 3, 5000: 3, 200: 2, 1000: 2}"
0874,14/11/2025,0,923.4187202791634,"{100: 22, 500: 18, 1000: 10, 5000: 5, 200: 5, 2000: 2}"
3560,14/10/2025,31,923.3914509875383,"{100: 26, 500: 18, 1000: 3, 2000: 2, 200: 1, 5000: 1}"
2797,18/10/2025,27,923.33061702378,"{100: 31, 500: 10, 5000: 4, 2000: 2, 200: 2, 1000: 1}"
4850,14/10/2025,31,923.3276278461649,"{100: 26, 500: 17, 1000: 5, 5000: 3, 2000: 1, 200: 1}"
8539,16/10/2025,29,923.2823411499634,"{100: 28, 500: 14, 200: 4, 5000: 2, 1000: 2, 2000: 1}"
1438,13/10/2025,32,923.1236575703615,"{100: 28, 500: 13, 5000: 8, 200: 3, 1000: 3}"
2033,14/11/2025,0,923.1067276374966,"{100: 27, 500: 14, 1000: 6, 2000: 3, 5000: 1}"
7317,05/11/2025,9,922.9330993517217,"{100: 29, 500: 12, 1000: 5, 5000: 3, 2000: 2, 200: 2}"
3014,10/11/2025,4,922.8688664842243,"{100: 23, 500: 22, 200: 3, 5000: 2, 1000: 2, 2000: 1}"
6591,12/11/2025,2,922.8320454563533,"{100: 29, 500: 11, 1000: 7, 200: 4, 2000: 1}"
5381,11/11/2025,3,922.8188745299095,"{100: 28, 500: 13, 5000: 5, 1000: 2, 200: 1}"
5716,03/11/2025,11,922.7837134044067,"{100: 26, 500: 14, 5000: 6, 200: 5, 1000: 3}"
1929,13/11/2025,1,922.77146698104,"{100: 25, 500: 19, 1000: 5, 200: 3, 5000: 1}"
8015,07/10/2025,38,922.5737663790975,"{100: 27, 500: 12, 1000: 8, 5000: 4, 200: 3, 2000: 1}"
1315,23/10/2025,22,922.5574197673731,"{100: 27, 500: 17, 1000: 3, 5000: 2, 2000: 2, 200: 2}"
9609,13/11/2025,1,922.373881633291,"{100: 28, 500: 14, 1000: 3, 5000: 2, 200: 1}"
7310,20/10/2025,25,922.2908023178434,"{100: 27, 500: 15, 5000: 5, 200: 4, 1000: 3, 2000: 1}"
3075,10/11/2025,4,922.2872340307497,"{100: 27, 500: 14, 1000: 6, 5000: 4, 200: 2, 2000: 1}"
3529,18/08/2025,88,922.2630568611266,"{100: 25, 500: 18, 1000: 5, 5000: 4, 200: 1, 2000: 1}"
8215,13/11/2025,1,922.253235630011,"{100: 25, 500: 16, 1000: 6, 5000: 1, 2000: 1, 200: 1}"
8831,26/10/2025,19,922.1842571291738,"{100: 27, 500: 14, 200: 4, 5000: 3, 1000: 3, 2000: 1}"
8779,13/11/2025,1,922.1679425144133,"{100: 29, 500: 10, 1000: 6, 5000: 5, 200: 3, 2000: 1}"
6147,16/10/2025,29,922.086963762415,"{100: 22, 500: 22, 1000: 5, 5000: 4, 2000: 3, 200: 3}"
5938,05/11/2025,9,922.0598660461742,"{100: 25, 500: 18, 1000: 6, 5000: 4, 200: 3, 2000: 2}"
2591,13/10/2025,32,921.9039814595767,"{100: 27, 500: 15, 1000: 6, 200: 3, 5000: 2}"
8522,30/10/2025,15,921.795448756793,"{100: 27, 500: 15, 1000: 7, 200: 5, 2000: 1}"
7356,26/10/2025,19,921.6408589127918,"{100: 29, 500: 15, 5000: 3, 200: 1, 2000: 1}"
7450,06/10/2025,39,921.5024539836145,"{100: 27, 500: 14, 1000: 7, 5000: 3, 200: 2}"
1025,11/09/2025,64,921.4664379834476,"{100: 29, 500: 9, 5000: 5, 1000: 4, 200: 4, 2000: 2}"
5013,12/10/2025,33,921.3735894220839,"{100: 29, 500: 10, 1000: 8, 5000: 3, 200: 2, 2000: 1}"
6989,13/11/2025,1,921.3236501857748,"{100: 27, 500: 15, 200: 4, 5000: 3, 2000: 1, 1000: 1}"
6932,12/11/2025,2,921.3206705657883,"{100: 29, 500: 12, 5000: 5, 200: 3, 1000: 3}"
0830,12/10/2025,33,921.3129519857322,"{100: 31, 500: 9, 1000: 5, 5000: 4, 200: 4, 2000: 3}"
7349,24/10/2025,21,921.27687484578,"{100: 24, 500: 18, 5000: 5, 1000: 2, 200: 2}"
1569,13/11/2025,1,921.0715830271183,"{100: 23, 500: 20, 1000: 6, 5000: 4, 200: 4}"
4571,14/11/2025,0,921.048974010596,"{100: 25, 500: 14, 1000: 8, 200: 6, 5000: 5, 2000: 1}"
5254,25/10/2025,20,920.9901701702539,"{100: 30, 500: 9, 200: 5, 1000: 5, 5000: 3, 2000: 1}"
3426,05/11/2025,9,920.9194127566811,"{100: 25, 500: 17, 1000: 5, 5000: 4, 200: 3, 2000: 1}"
9145,08/11/2025,6,920.699745573748,"{100: 25, 500: 19, 1000: 5, 5000: 2, 200: 1}"
8713,13/10/2025,32,920.6397444487944,"{100: 28, 500: 15, 200: 2, 1000: 2, 5000: 1}"
7726,23/10/2025,22,920.6081155887409,"{100: 26, 500: 14, 1000: 10, 200: 4, 5000: 3, 2000: 1}"
6021,20/09/2025,55,920.6001922109162,"{100: 26, 500: 15, 1000: 4, 5000: 4, 200: 3, 2000: 1}"
9883,10/11/2025,4,920.5819822584671,"{100: 26, 500: 18, 200: 4, 5000: 1, 1000: 1}"
4013,10/11/2025,4,920.5273191383632,"{100: 26, 500: 16, 1000: 5, 5000: 3, 200: 2, 2000: 1}"
2944,14/08/2025,92,920.3343523616626,"{100: 26, 500: 19, 1000: 4, 5000: 3, 200: 2}"
3651,08/11/2025,6,920.3302940086473,"{100: 28, 500: 14, 1000: 5, 5000: 2, 200: 1}"
4590,22/10/2025,23,920.3084839932801,"{100: 23, 500: 22, 1000: 4, 5000: 2, 2000: 2, 200: 1}"
9583,05/10/2025,40,920.1749965001206,"{100: 27, 500: 15, 1000: 4, 5000: 2, 200: 2, 2000: 2}"
2858,04/09/2025,71,920.1318475899049,"{100: 29, 500: 12, 200: 5, 1000: 4, 2000: 2, 5000: 1}"
4482,14/11/2025,0,920.1073997939247,"{100: 27, 500: 15, 5000: 6, 200: 4, 1000: 1}"
7124,18/08/2025,88,919.902768997857,"{100: 25, 500: 21, 5000: 3, 200: 2, 1000: 2, 2000: 2}"
4377,09/11/2025,5,919.8732069302247,"{100: 30, 500: 11, 1000: 4, 200: 2, 5000: 1}"
4975,13/11/2025,1,919.8620890814469,"{100: 25, 500: 17, 1000: 6, 5000: 5, 200: 2}"
5898,14/11/2025,0,919.8175576661112,"{100: 31, 500: 8, 5000: 6, 1000: 4, 200: 1}"
7227,04/11/2025,10,919.7516331934199,"{100: 31, 500: 9, 200: 4, 1000: 3, 2000: 2, 5000: 1}"
3477,22/10/2025,23,919.7268538528762,"{100: 27, 500: 15, 5000: 5, 1000: 3, 2000: 2, 200: 1}"
5194,25/10/2025,20,919.5989566727459,"{100: 26, 500: 15, 200: 4, 5000: 2, 1000: 2, 2000: 1}"
0969,07/11/2025,7,919.5951941422193,"{100: 27, 500: 15, 1000: 7, 5000: 1, 2000: 1, 200: 1}"
9314,01/09/2025,74,919.5721653294585,"{100: 24, 500: 18, 5000: 7, 1000: 3, 200: 2}"
7903,24/10/2025,21,919.4564480349383,"{100: 23, 500: 21, 200: 6, 5000: 4, 2000: 2, 1000: 2}"
6664,14/11/2025,0,919.4285273313259,"{100: 28, 500: 13, 5000: 5, 1000: 2, 200: 2, 2000: 1}"
4157,14/11/2025,0,919.3867740777907,"{100: 28, 500: 12, 5000: 6, 1000: 5, 200: 2}"
5945,06/11/2025,8,919.2587929148041,"{100: 30, 500: 11, 200: 3, 2000: 2, 1000: 2, 5000: 1}"
3130,12/11/2025,2,919.2523273622495,"{100: 25, 500: 17, 1000: 7, 2000: 2, 5000: 2, 200: 2}"
2505,11/11/2025,3,919.1677722979442,"{100: 30, 500: 11, 5000: 4, 1000: 2, 200: 2}"
5206,11/11/2025,3,919.164908244628,"{100: 25, 500: 15, 5000: 7, 1000: 4, 200: 3, 2000: 1}"
8147,14/11/2025,0,919.1481429942156,"{100: 26, 500: 14, 1000: 5, 200: 4, 5000: 3, 2000: 1}"
5920,27/10/2025,18,919.1378266782,"{100: 25, 500: 16, 5000: 3, 1000: 3, 2000: 2, 200: 2}"
8311,29/10/2025,16,919.0334431828803,"{100: 23, 500: 21, 5000: 6, 200: 3, 1000: 3, 2000: 1}"
1364,12/11/2025,2,918.9982247816846,"{100: 25, 500: 18, 200: 4, 1000: 3, 5000: 3, 2000: 1}"
7367,22/10/2025,23,918.7522449548263,"{100: 27, 500: 13, 1000: 9, 5000: 4, 200: 4}"
9537,06/11/2025,8,918.4094279836836,"{100: 28, 500: 14, 1000: 3, 5000: 3, 200: 2, 2000: 2}"
4023,12/11/2025,2,918.3613701155674,"{100: 25, 500: 16, 1000: 5, 5000: 4, 200: 4}"
2958,02/11/2025,12,918.3508268065152,"{100: 28, 500: 13, 1000: 4, 200: 4, 5000: 1}"
0944,02/11/2025,12,918.1261806538151,"{100: 28, 500: 12, 200: 5, 5000: 4, 1000: 2, 2000: 1}"
2963,05/11/2025,9,918.0840661557232,"{100: 28, 500: 14, 1000: 4, 200: 2, 5000: 2, 2000: 1}"
5553,06/11/2025,8,918.0284177380229,"{100: 23, 500: 21, 200: 6, 5000: 3, 1000: 3, 2000: 1}"
5575,23/10/2025,22,917.9252467170019,"{100: 30, 500: 10, 5000: 6, 1000: 2, 200: 2}"
2130,13/11/2025,1,917.8965019682191,"{100: 27, 500: 14, 1000: 6, 2000: 3, 200: 2, 5000: 2}"
8168,08/11/2025,6,917.8881315939768,"{100: 27, 500: 14, 1000: 5, 5000: 4, 2000: 3}"
8422,11/11/2025,3,917.8721299549406,"{100: 23, 500: 19, 200: 5, 1000: 4, 5000: 3, 2000: 1}"
0331,21/10/2025,24,917.8535394355564,"{100: 32, 500: 5, 1000: 3, 5000: 3, 200: 2, 2000: 2}"
8530,26/10/2025,19,917.7525057374941,"{100: 27, 500: 15, 200: 4, 5000: 4, 1000: 2, 2000: 1}"
5224,28/09/2025,47,917.6808836221545,"{100: 25, 500: 16, 1000: 6, 5000: 4, 200: 2}"
0329,06/09/2025,69,917.5201328164795,"{100: 26, 500: 18, 1000: 4, 5000: 2, 200: 1}"
8520,20/10/2025,25,917.4893497851857,"{100: 29, 500: 10, 5000: 5, 2000: 4, 1000: 3, 200: 2}"
5469,29/10/2025,16,917.1781809870658,"{100: 26, 500: 15, 1000: 5, 5000: 3, 2000: 3, 200: 2}"
7312,13/11/2025,1,917.119534457904,"{100: 28, 500: 12, 1000: 6, 200: 2, 5000: 1, 2000: 1}"
3947,02/11/2025,12,917.1156630816163,"{100: 25, 500: 19, 5000: 6, 1000: 2, 2000: 2, 200: 1}"
5451,23/09/2025,52,917.066027074048,"{100: 28, 500: 14, 1000: 5, 5000: 2, 200: 1}"
6471,10/10/2025,35,917.0365651809657,"{100: 25, 500: 17, 1000: 5, 200: 4, 5000: 3, 2000: 2}"
8517,06/11/2025,8,916.7999315436001,"{100: 29, 500: 11, 200: 5, 5000: 4, 2000: 2, 1000: 2}"
9319,09/11/2025,5,916.5923694280986,"{100: 27, 500: 15, 1000: 2, 200: 2, 2000: 1, 5000: 1}"
1028,21/09/2025,54,916.4537174965379,"{100: 27, 500: 11, 1000: 9, 5000: 3, 200: 3, 2000: 1}"
8636,03/11/2025,11,916.4139057414154,"{100: 26, 500: 15, 1000: 5, 5000: 3, 200: 2, 2000: 1}"
4492,31/10/2025,14,916.2694458636006,"{100: 27, 500: 12, 1000: 9, 5000: 7, 2000: 3, 200: 1}"
2362,13/10/2025,32,916.1643545413216,"{100: 26, 500: 14, 2000: 6, 1000: 4, 5000: 3, 200: 2}"
0497,07/11/2025,7,916.1473887309259,"{100: 30, 500: 9, 1000: 5, 5000: 2, 200: 1}"
3698,05/11/2025,9,916.0180192658319,"{100: 27, 500: 10, 5000: 9, 1000: 6, 200: 4, 2000: 3}"
8055,05/11/2025,9,916.0065566502112,"{100: 28, 500: 13, 1000: 4, 5000: 3, 200: 3, 2000: 1}"
7878,28/10/2025,17,915.9944641617417,"{100: 26, 500: 15, 200: 6, 5000: 6, 1000: 5}"
9666,14/10/2025,31,915.9555855947292,"{100: 26, 500: 17, 1000: 5, 2000: 3, 5000: 2, 200: 1}"
4038,06/11/2025,8,915.8713335450062,"{100: 27, 500: 16, 200: 5, 5000: 3, 2000: 1, 1000: 1}"
6052,25/10/2025,20,915.8626906472213,"{500: 22, 100: 21, 1000: 7, 5000: 6, 200: 4, 2000: 2}"
8427,27/10/2025,18,915.749750395825,"{100: 26, 500: 15, 1000: 7, 5000: 3, 200: 1}"
1303,14/11/2025,0,915.4818573831323,"{100: 29, 500: 12, 5000: 3, 200: 3, 1000: 2}"
8908,03/11/2025,11,915.4731253165882,"{100: 27, 500: 15, 1000: 4, 200: 4, 5000: 3, 2000: 1}"
7191,04/11/2025,10,915.2625972510533,"{100: 27, 500: 16, 5000: 3, 1000: 2, 200: 1, 2000: 1}"
6398,25/10/2025,20,915.2199556869057,"{100: 26, 500: 16, 1000: 6, 200: 3, 5000: 2, 2000: 1}"
7016,12/11/2025,2,915.209935032136,"{500: 24, 100: 21, 5000: 8, 2000: 2, 1000: 2, 200: 2}"
1494,10/11/2025,4,915.1807311565716,"{100: 27, 500: 15, 200: 4, 5000: 4, 2000: 1, 1000: 1}"
8626,19/08/2025,87,915.1295004597679,"{100: 26, 500: 17, 1000: 6, 5000: 4, 200: 3}"
1324,08/11/2025,6,914.911703849684,"{100: 28, 500: 11, 5000: 4, 1000: 3, 200: 1, 2000: 1}"
7520,03/10/2025,42,914.8236488765946,"{100: 31, 500: 9, 1000: 5, 5000: 3, 200: 3}"
3829,09/09/2025,66,914.8041106270657,"{100: 27, 500: 17, 1000: 3, 200: 2, 5000: 1, 2000: 1}"
4329,14/11/2025,0,914.7463234022837,"{100: 23, 500: 20, 200: 4, 1000: 4, 5000: 3, 2000: 1}"
4920,15/10/2025,30,914.733235168466,"{500: 22, 100: 21, 1000: 11, 5000: 5, 200: 2, 2000: 1}"
5424,22/10/2025,23,914.6304261247516,"{100: 24, 500: 18, 1000: 4, 5000: 3}"
9562,09/10/2025,36,914.4332469490108,"{100: 26, 500: 16, 1000: 6, 2000: 3, 5000: 2, 200: 2}"
8597,05/11/2025,9,914.3739972697837,"{100: 31, 500: 7, 1000: 6, 2000: 2, 5000: 1, 200: 1}"
2298,07/11/2025,7,914.2743402920001,"{100: 27, 500: 15, 1000: 3, 5000: 2, 200: 2, 2000: 1}"
7853,03/11/2025,11,914.1673664614631,"{100: 27, 500: 13, 1000: 6, 200: 4, 2000: 3, 5000: 1}"
9276,14/11/2025,0,914.0134567554542,"{100: 29, 500: 12, 1000: 5, 5000: 1, 200: 1}"
8864,12/11/2025,2,914.0110215885227,"{100: 25, 500: 13, 1000: 7, 200: 4, 5000: 4, 2000: 1}"
2119,16/10/2025,29,913.8580009884579,"{100: 32, 500: 8, 5000: 3, 1000: 2, 200: 1, 2000: 1}"
2535,28/09/2025,47,913.7865135002615,"{100: 25, 500: 21, 200: 6, 5000: 4, 2000: 1}"
8405,09/11/2025,5,913.7778988908047,"{100: 26, 500: 17, 1000: 3, 200: 2, 5000: 1}"
3229,13/10/2025,32,913.4689504580883,"{100: 26, 500: 17, 200: 3, 5000: 3, 1000: 3}"
9846,11/11/2025,3,913.4212550296145,"{100: 24, 500: 18, 5000: 7, 1000: 5, 200: 2}"
7060,17/10/2025,28,913.3204640944649,"{100: 23, 500: 23, 5000: 2, 1000: 2, 200: 2}"
8948,08/11/2025,6,913.2326632590868,"{100: 26, 500: 15, 5000: 7, 1000: 4, 2000: 1, 200: 1}"
5549,17/10/2025,28,913.211407040792,"{100: 23, 500: 20, 1000: 6, 5000: 5, 200: 4, 2000: 1}"
5617,09/10/2025,36,913.1507631022632,"{100: 26, 500: 18, 200: 4, 1000: 3, 2000: 1, 5000: 1}"
6098,09/10/2025,36,913.1091140610554,"{100: 28, 500: 12, 1000: 9, 200: 4, 5000: 3, 2000: 2}"
3119,30/10/2025,15,913.095567838366,"{100: 29, 500: 12, 1000: 5, 5000: 3, 2000: 1, 200: 1}"
4950,24/10/2025,21,912.9943434596488,"{100: 26, 500: 16, 1000: 6, 5000: 3, 200: 3, 2000: 2}"
9934,27/10/2025,18,912.9820934369852,"{100: 27, 500: 12, 1000: 5, 200: 4, 5000: 1, 2000: 1}"
3941,19/10/2025,26,912.7780475190002,"{100: 26, 500: 12, 1000: 10, 5000: 4, 2000: 2, 200: 1}"
6497,23/09/2025,52,912.7509746869647,"{100: 26, 500: 17, 1000: 5, 200: 4, 5000: 3, 2000: 2}"
7042,26/08/2025,80,912.7282310252091,"{100: 29, 500: 12, 1000: 5, 2000: 2, 5000: 1}"
0270,11/11/2025,3,912.6157461757804,"{100: 27, 500: 14, 1000: 5, 200: 3, 5000: 1}"
9781,02/11/2025,12,912.609382477491,"{100: 27, 500: 16, 1000: 3, 5000: 1, 2000: 1, 200: 1}"
7026,22/06/2025,145,912.5773947353829,"{100: 28, 500: 16, 1000: 6, 200: 1, 5000: 1, 2000: 1}"
1504,05/11/2025,9,912.4967563902172,"{100: 28, 500: 11, 1000: 8, 200: 4, 5000: 1}"
8003,12/09/2025,63,912.4927041563179,"{100: 23, 500: 18, 1000: 9, 5000: 4, 2000: 1, 200: 1}"
2340,03/10/2025,42,912.473730216922,"{500: 23, 100: 22, 1000: 4, 5000: 3, 200: 2}"
7195,29/10/2025,16,912.4307854420094,"{100: 25, 500: 16, 1000: 6, 5000: 5, 200: 2, 2000: 1}"
9967,28/10/2025,17,912.2544788636309,"{100: 25, 500: 16, 5000: 8, 1000: 4, 200: 2, 2000: 1}"
2657,04/09/2025,71,912.240188048514,"{100: 28, 500: 14, 5000: 5, 1000: 3, 200: 3}"
4529,22/09/2025,53,912.2191279262252,"{100: 28, 500: 11, 1000: 10, 5000: 5, 200: 3, 2000: 2}"
7699,30/10/2025,15,912.1907245214079,"{100: 29, 500: 10, 1000: 8, 200: 4, 5000: 3, 2000: 2}"
5210,09/11/2025,5,912.1084934360996,"{100: 29, 500: 9, 5000: 4, 200: 3, 1000: 2, 2000: 1}"
7552,01/11/2025,13,911.9959174931945,"{100: 24, 500: 20, 1000: 4, 5000: 3, 200: 2, 2000: 2}"
6332,09/11/2025,5,911.9307974010077,"{100: 27, 500: 15, 200: 5, 5000: 4, 1000: 3}"
9019,14/11/2025,0,911.9109180764884,"{100: 26, 500: 17, 1000: 3, 5000: 2, 2000: 2, 200: 1}"
6065,18/10/2025,27,911.3627458021604,"{100: 31, 500: 9, 1000: 4, 200: 3, 5000: 2}"
2645,11/11/2025,3,911.3279634908655,"{100: 28, 500: 12, 1000: 5, 5000: 2, 200: 1}"
2321,17/10/2025,28,911.2216246386872,"{100: 26, 500: 18, 1000: 7, 2000: 1, 200: 1}"
7062,06/11/2025,8,911.1843801010042,"{100: 26, 500: 17, 5000: 5, 1000: 2, 200: 1}"
2577,05/10/2025,40,911.0476455850566,"{100: 31, 500: 9, 5000: 6, 200: 3, 1000: 2}"
1928,11/11/2025,3,911.02282962271,"{100: 27, 500: 15, 5000: 5, 200: 4, 2000: 2, 1000: 1}"
9499,01/11/2025,13,910.8291672914272,"{500: 22, 100: 22, 1000: 5, 200: 3, 5000: 3, 2000: 1}"
3324,23/10/2025,22,910.8088335163302,"{100: 29, 500: 10, 1000: 6, 2000: 2, 5000: 1, 200: 1}"
5391,07/11/2025,7,910.7700609775915,"{100: 25, 500: 17, 1000: 5, 2000: 3, 200: 3, 5000: 2}"
9052,05/11/2025,9,910.7578169682791,"{100: 30, 500: 10, 1000: 3, 200: 3, 2000: 2, 5000: 1}"
1339,24/10/2025,21,910.6859333251272,"{100: 25, 500: 16, 1000: 4, 5000: 3}"
8416,14/10/2025,31,910.6765583577898,"{100: 31, 500: 9, 2000: 3, 200: 3, 5000: 3, 1000: 2}"
3082,17/10/2025,28,910.4991507619467,"{100: 31, 500: 9, 200: 4, 1000: 2, 5000: 2}"
2281,19/10/2025,26,910.463600652011,"{100: 28, 500: 13, 1000: 6, 200: 4, 5000: 3, 2000: 2}"
5516,02/11/2025,12,910.3363100489286,"{100: 28, 500: 14, 1000: 4, 5000: 1}"
6273,20/10/2025,25,910.3310638449599,"{100: 27, 500: 13, 1000: 6, 5000: 4, 200: 2, 2000: 1}"
5270,03/11/2025,11,910.2292875421624,"{100: 29, 500: 10, 1000: 4, 5000: 4, 200: 3, 2000: 1}"
5045,02/11/2025,12,910.1804988805197,"{100: 24, 500: 18, 1000: 5, 2000: 4, 5000: 2, 200: 1}"
7888,11/11/2025,3,910.1433210576785,"{100: 29, 500: 12, 5000: 5, 2000: 2, 1000: 1}"
1980,07/10/2025,38,910.1039846509622,"{100: 31, 500: 8, 1000: 7, 200: 3, 5000: 2, 2000: 1}"
8226,18/09/2025,57,910.0576404891392,"{100: 23, 500: 21, 5000: 7, 200: 3, 2000: 1, 1000: 1}"
0452,09/11/2025,5,910.0256050994544,"{100: 24, 500: 17, 1000: 6, 5000: 6, 200: 3}"
4542,23/10/2025,22,910.0170915914805,"{100: 26, 500: 15, 1000: 6, 5000: 2, 2000: 2, 200: 1}"
9664,10/11/2025,4,909.8287646844998,"{100: 28, 500: 13, 200: 6, 1000: 3, 5000: 2, 2000: 1}"
0373,12/11/2025,2,909.7874688510152,"{100: 27, 500: 15, 200: 3, 5000: 2, 1000: 2}"
6994,24/09/2025,51,909.7686624493049,"{100: 30, 1000: 9, 500: 8, 5000: 4, 200: 4, 2000: 1}"
1370,07/11/2025,7,909.749448825349,"{100: 27, 500: 11, 5000: 5, 1000: 4, 200: 2, 2000: 1}"
2823,14/11/2025,0,909.5722354465952,"{100: 23, 500: 21, 200: 4, 5000: 3, 1000: 3}"
4627,11/11/2025,3,909.565910728934,"{100: 26, 500: 16, 200: 3, 1000: 2, 5000: 2}"
2347,04/11/2025,10,909.5476150665037,"{100: 24, 500: 20, 5000: 3, 1000: 2, 200: 2}"
2168,13/11/2025,1,909.4035978299139,"{100: 26, 500: 16, 1000: 5, 5000: 3, 200: 2}"
4609,08/11/2025,6,909.3100930085754,"{100: 26, 500: 15, 1000: 6, 200: 3, 5000: 2, 2000: 2}"
3836,02/11/2025,12,909.2858590994654,"{100: 25, 500: 16, 1000: 9, 5000: 5, 200: 2}"
5901,23/10/2025,22,908.9256123957547,"{100: 30, 500: 10, 1000: 6, 5000: 2}"
7105,07/10/2025,38,908.8308745625868,"{100: 25, 500: 14, 1000: 6, 5000: 4, 2000: 3, 200: 3}"
7132,26/10/2025,19,908.808305616973,"{100: 27, 500: 14, 200: 3, 1000: 3, 5000: 2, 2000: 1}"
9850,28/10/2025,17,908.7968211876026,"{100: 24, 500: 18, 5000: 8, 1000: 5, 200: 3, 2000: 2}"
0246,30/10/2025,15,908.7845457366404,"{100: 31, 500: 7, 5000: 6, 1000: 5, 200: 4, 2000: 1}"
5311,14/11/2025,0,908.7827553383507,"{100: 31, 500: 6, 1000: 5, 5000: 5, 2000: 1}"
9969,10/09/2025,65,908.4409440316513,"{100: 28, 500: 13, 5000: 4, 1000: 3, 200: 3}"
6613,28/10/2025,17,908.4291663057525,"{100: 26, 500: 15, 1000: 6, 5000: 2, 200: 1}"
1039,18/10/2025,27,908.4149753972481,"{100: 24, 500: 20, 5000: 4, 200: 4, 1000: 3, 2000: 1}"
0244,07/10/2025,38,908.4024429830205,"{100: 29, 500: 12, 5000: 4, 1000: 4, 200: 1}"
3914,08/11/2025,6,908.3411198730855,"{100: 28, 500: 11, 200: 5, 1000: 4, 5000: 3, 2000: 1}"
2497,07/11/2025,7,908.2921102844637,"{100: 25, 500: 16, 5000: 7, 1000: 3, 200: 2, 2000: 1}"
6715,14/10/2025,31,908.1117340355203,"{100: 27, 500: 13, 1000: 7, 5000: 3, 2000: 1}"
5297,28/10/2025,17,908.1116326246205,"{100: 26, 500: 14, 1000: 7, 5000: 2}"
7709,09/10/2025,36,907.9923053001783,"{100: 28, 500: 16, 200: 4, 2000: 2, 5000: 2}"
0132,07/11/2025,7,907.9318891568612,"{100: 26, 500: 16, 1000: 6, 5000: 2, 200: 1, 2000: 1}"
2420,29/10/2025,16,907.7944010222708,"{100: 27, 500: 15, 200: 4, 1000: 3, 5000: 3, 2000: 1}"
2461,06/11/2025,8,907.6639247391481,"{100: 24, 500: 18, 1000: 6, 200: 5, 5000: 4}"
7316,13/11/2025,1,907.6535745996474,"{100: 27, 500: 17, 200: 2, 2000: 1, 1000: 1}"
6011,03/11/2025,11,907.5704018589514,"{100: 27, 500: 14, 5000: 5, 1000: 5, 200: 1, 2000: 1}"
8456,04/11/2025,10,907.5389254279625,"{100: 28, 500: 12, 1000: 5, 5000: 5, 200: 2}"
7730,09/11/2025,5,907.4999292694873,"{100: 26, 500: 13, 1000: 5, 5000: 4, 200: 2, 2000: 1}"
1502,26/09/2025,49,907.3043725510624,"{100: 27, 500: 14, 1000: 6, 5000: 3, 200: 3, 2000: 2}"
1199,14/11/2025,0,907.2563332520922,"{100: 25, 500: 18, 200: 4, 2000: 4, 1000: 3, 5000: 1}"
7072,09/11/2025,5,907.245985206686,"{100: 24, 500: 17, 1000: 4, 5000: 3, 200: 1}"
9692,01/11/2025,13,907.21341933527,"{100: 25, 500: 17, 1000: 5, 5000: 4, 2000: 1}"
7150,20/10/2025,25,907.1272823632897,"{100: 27, 500: 14, 1000: 8, 200: 2, 5000: 1}"
8531,06/11/2025,8,907.1143665878848,"{100: 27, 500: 13, 1000: 5, 200: 2, 2000: 2, 5000: 2}"
6323,11/10/2025,34,907.0941525193815,"{100: 25, 500: 16, 1000: 7, 2000: 4, 5000: 4, 200: 2}"
3952,02/11/2025,12,907.0571557785736,"{100: 23, 500: 19, 5000: 4, 200: 4, 1000: 3}"
8008,14/11/2025,0,906.959762863435,"{100: 27, 500: 13, 5000: 9, 200: 3, 1000: 3, 2000: 3}"
6982,12/10/2025,33,906.8266727542567,"{100: 29, 500: 11, 5000: 5, 1000: 3, 2000: 1, 200: 1}"
4392,04/11/2025,10,906.7704067285661,"{100: 26, 500: 15, 5000: 5, 2000: 4, 200: 2, 1000: 1}"
7447,02/11/2025,12,906.6563221061988,"{100: 24, 500: 19, 1000: 4, 5000: 3, 200: 2, 2000: 1}"
2022,04/11/2025,10,906.643670568443,"{100: 22, 500: 18, 1000: 8, 200: 7, 5000: 5, 2000: 2}"
7138,29/10/2025,16,906.3593357047049,"{100: 28, 500: 13, 1000: 6, 5000: 1, 2000: 1, 200: 1}"
5823,11/11/2025,3,906.3344361302856,"{100: 31, 1000: 8, 500: 7, 200: 3, 5000: 1}"
5066,05/10/2025,40,906.2939872823422,"{100: 26, 500: 18, 200: 3, 5000: 1, 1000: 1}"
1549,06/11/2025,8,906.292271497938,"{100: 25, 500: 16, 1000: 9, 2000: 4, 5000: 3, 200: 1}"
6581,29/09/2025,46,906.1884646367987,"{100: 28, 500: 14, 1000: 4, 200: 3, 5000: 2}"
4910,10/11/2025,4,906.0825318776796,"{100: 26, 500: 12, 1000: 5, 5000: 5, 2000: 2}"
7842,31/10/2025,14,906.0780676902664,"{100: 29, 500: 11, 200: 3, 5000: 2, 1000: 2, 2000: 2}"
7590,30/10/2025,15,905.9421606682469,"{100: 28, 500: 11, 1000: 6, 200: 5, 5000: 2, 2000: 2}"
5353,12/10/2025,33,905.7592810597439,"{100: 29, 500: 11, 2000: 4, 200: 3, 1000: 3, 5000: 3}"
1459,14/11/2025,0,905.7200966631115,"{100: 28, 500: 12, 200: 4, 2000: 2, 1000: 2, 5000: 1}"
9763,27/10/2025,18,905.6976722579474,"{100: 25, 500: 14, 200: 5, 5000: 3, 1000: 3, 2000: 2}"
1186,03/11/2025,11,905.5872160780153,"{100: 29, 500: 10, 1000: 6, 5000: 5, 200: 3, 2000: 1}"
4347,11/11/2025,3,905.5576861551571,"{100: 29, 500: 12, 200: 2, 1000: 1, 5000: 1}"
9386,29/10/2025,16,905.4819693576757,"{100: 27, 500: 15, 1000: 4, 2000: 2, 5000: 2}"
6318,04/11/2025,10,905.2618736750763,"{100: 25, 500: 14, 5000: 9, 1000: 3, 200: 3, 2000: 1}"
8535,17/10/2025,28,905.2208467738376,"{100: 24, 500: 19, 1000: 5, 5000: 5, 200: 2, 2000: 1}"
4972,29/10/2025,16,905.1881736067465,"{100: 28, 500: 13, 1000: 5, 200: 4, 2000: 1, 5000: 1}"
7037,28/09/2025,47,904.9777294678548,"{100: 25, 500: 17, 1000: 5, 200: 4, 2000: 1, 5000: 1}"
8510,11/11/2025,3,904.9701092076277,"{100: 27, 500: 13, 5000: 7, 200: 5, 2000: 2, 1000: 2}"
6103,09/11/2025,5,904.9294704013623,"{100: 29, 500: 11, 5000: 6, 200: 2, 2000: 2, 1000: 2}"
2755,24/09/2025,51,904.9159265831565,"{100: 27, 500: 14, 5000: 5, 1000: 3, 200: 2, 2000: 1}"
2089,07/10/2025,38,904.7912745702165,"{100: 27, 500: 16, 200: 3, 1000: 3, 5000: 1}"
1096,04/11/2025,10,904.7776549887457,"{100: 31, 500: 8, 1000: 4, 200: 3, 5000: 2}"
7545,13/11/2025,1,904.655665645923,"{100: 28, 500: 10, 1000: 4, 200: 4, 2000: 3, 5000: 3}"
3930,09/11/2025,5,904.6447322677668,"{100: 23, 500: 19, 1000: 7, 5000: 2, 2000: 1, 200: 1}"
6446,04/11/2025,10,904.607648281216,"{100: 30, 1000: 8, 500: 8, 5000: 2, 200: 2}"
7074,04/11/2025,10,904.5466255627767,"{100: 27, 500: 14, 1000: 5, 5000: 4, 200: 3}"
1468,21/10/2025,24,904.4750586268644,"{100: 26, 500: 14, 1000: 3, 5000: 2, 200: 2}"
3412,28/10/2025,17,904.3249655057018,"{100: 25, 500: 16, 1000: 7, 5000: 3, 200: 3, 2000: 2}"
7621,12/11/2025,2,904.3198649837504,"{100: 30, 500: 8, 1000: 3, 2000: 3, 5000: 2, 200: 2}"
4224,07/11/2025,7,904.269480262527,"{100: 23, 500: 21, 2000: 6, 1000: 4, 5000: 1, 200: 1}"
7902,01/10/2025,44,904.2469009625609,"{100: 25, 500: 18, 5000: 6, 200: 1, 1000: 1}"
0507,11/11/2025,3,904.2360494653014,"{100: 28, 500: 11, 1000: 4, 5000: 3, 200: 3}"
3076,13/11/2025,1,904.1560043397639,"{100: 24, 500: 16, 1000: 8, 5000: 6, 200: 4, 2000: 2}"
2341,30/10/2025,15,904.0890994808477,"{100: 24, 500: 19, 5000: 5, 1000: 4, 200: 2, 2000: 2}"
6385,09/10/2025,36,904.0299217215628,"{100: 28, 500: 11, 5000: 3, 1000: 3, 200: 2, 2000: 1}"
8256,31/10/2025,14,903.9816093731276,"{100: 28, 500: 12, 1000: 6, 200: 3, 5000: 1, 2000: 1}"
3106,25/10/2025,20,903.8183398497282,"{100: 28, 500: 14, 1000: 3, 200: 2, 2000: 1}"
7934,19/10/2025,26,903.8149873088655,"{100: 26, 500: 14, 1000: 4, 5000: 3, 200: 1}"
7321,25/10/2025,20,903.6525571268793,"{100: 26, 500: 17, 200: 4, 5000: 2, 1000: 2, 2000: 1}"
2750,28/10/2025,17,903.2714144359858,"{100: 27, 500: 12, 1000: 4, 5000: 2, 2000: 1, 200: 1}"
2372,14/11/2025,0,903.2670661326705,"{100: 27, 500: 15, 200: 3, 5000: 2, 2000: 1}"
8071,13/11/2025,1,903.0962846136969,"{100: 25, 500: 16, 1000: 5, 5000: 5, 2000: 2, 200: 1}"
5069,06/11/2025,8,903.0385025796575,"{100: 25, 500: 17, 1000: 4, 5000: 4, 2000: 3, 200: 3}"
7561,06/11/2025,8,903.0332152515999,"{100: 25, 500: 18, 2000: 3, 5000: 2, 1000: 1, 200: 1}"
8595,11/11/2025,3,903.0233992627562,"{100: 27, 500: 13, 1000: 4, 200: 3, 2000: 1, 5000: 1}"
3817,29/09/2025,46,903.0056933257431,"{100: 27, 500: 12, 1000: 7, 5000: 5, 200: 4, 2000: 1}"
0010,10/11/2025,4,902.9250623505433,"{100: 25, 500: 18, 1000: 4, 5000: 2, 200: 2}"
7437,20/09/2025,55,902.8116362395023,"{100: 26, 500: 14, 200: 3, 5000: 3, 1000: 2}"
7460,07/11/2025,7,902.752730419628,"{100: 24, 500: 19, 1000: 5, 5000: 3, 2000: 1, 200: 1}"
5126,29/10/2025,16,902.619810354562,"{100: 26, 500: 11, 1000: 9, 200: 9, 5000: 2}"
8503,14/10/2025,31,902.6164950027252,"{100: 26, 500: 19, 1000: 3, 200: 2}"
0170,31/10/2025,14,902.5979585987251,"{100: 26, 500: 13, 1000: 7, 5000: 3, 200: 3, 2000: 2}"
3884,07/11/2025,7,902.5046910254133,"{100: 27, 500: 13, 1000: 6, 5000: 3, 200: 3, 2000: 1}"
1071,26/10/2025,19,902.4616215194889,"{100: 27, 500: 11, 1000: 8, 200: 5, 5000: 2, 2000: 2}"
3915,26/10/2025,19,902.2535376379424,"{100: 28, 500: 11, 5000: 4, 1000: 3, 200: 2}"
4970,23/09/2025,52,902.2290014734579,"{100: 27, 500: 13, 1000: 7, 5000: 2, 200: 2, 2000: 1}"
9516,11/11/2025,3,902.2250457337584,"{100: 28, 500: 12, 200: 4, 1000: 2, 5000: 1, 2000: 1}"
9647,14/10/2025,31,902.1471164628497,"{100: 23, 500: 21, 5000: 7, 1000: 3, 200: 1}"
0036,03/10/2025,42,902.0904737136386,"{100: 27, 500: 15, 200: 5, 1000: 2, 2000: 1, 5000: 1}"
5924,28/07/2025,109,902.0717563843931,"{100: 27, 500: 16, 1000: 5, 200: 3, 5000: 2, 2000: 1}"
2035,05/11/2025,9,902.0714262200521,"{100: 27, 500: 9, 5000: 6, 1000: 6, 200: 5, 2000: 3}"
6410,12/11/2025,2,902.0527598708015,"{100: 27, 500: 13, 200: 5, 5000: 4, 1000: 3, 2000: 2}"
1499,31/10/2025,14,902.0065189002487,"{100: 24, 500: 15, 1000: 7, 200: 4, 5000: 3, 2000: 1}"
4271,10/11/2025,4,901.9027620037391,"{100: 29, 500: 12, 2000: 3, 5000: 2, 1000: 1, 200: 1}"
4417,09/11/2025,5,901.8434462036035,"{100: 23, 500: 19, 1000: 9, 5000: 4, 200: 1}"
2565,07/11/2025,7,901.6933347664823,"{100: 24, 500: 17, 1000: 3, 5000: 2, 200: 2, 2000: 1}"
1950,28/10/2025,17,901.5520231073953,"{100: 24, 500: 16, 1000: 6, 200: 5, 2000: 3, 5000: 1}"
9358,25/10/2025,20,901.5340583678579,"{100: 27, 500: 14, 1000: 5, 5000: 2, 200: 1}"
7219,14/11/2025,0,901.3687472796433,"{100: 25, 500: 16, 200: 7, 1000: 4, 2000: 4, 5000: 3}"
6184,26/09/2025,49,901.3499334727595,"{100: 27, 500: 11, 5000: 6, 1000: 5, 200: 3, 2000: 3}"
7714,04/11/2025,10,901.326447422828,"{100: 26, 500: 12, 1000: 6, 5000: 5, 200: 3}"
0407,07/10/2025,38,901.1764611661517,"{100: 31, 500: 9, 1000: 3, 5000: 2, 200: 1}"
0851,11/11/2025,3,901.0088016505563,"{100: 26, 500: 14, 5000: 8, 1000: 4, 200: 3}"
5420,16/08/2025,90,900.9917695043418,"{100: 23, 500: 23, 200: 3, 1000: 3, 5000: 2}"
2357,04/11/2025,10,900.9875273925767,"{100: 23, 500: 17, 5000: 10, 1000: 2, 200: 2, 2000: 1}"
0057,04/11/2025,10,900.8591045327603,"{100: 23, 500: 20, 1000: 5, 2000: 3, 200: 3, 5000: 2}"
4447,17/09/2025,58,900.8119246151783,"{100: 28, 500: 15, 1000: 4, 200: 2, 2000: 1}"
7932,16/10/2025,29,900.7995319617307,"{100: 24, 500: 19, 1000: 4, 200: 3, 5000: 3, 2000: 1}"
5316,04/10/2025,41,900.7945840922413,"{100: 24, 500: 19, 1000: 6, 200: 2, 5000: 1, 2000: 1}"
8728,29/10/2025,16,900.7462296545979,"{100: 25, 500: 14, 5000: 6, 1000: 6, 200: 5, 2000: 3}"
9593,12/11/2025,2,900.6349041759362,"{100: 26, 500: 15, 1000: 3, 5000: 3, 200: 3, 2000: 2}"
4663,27/10/2025,18,900.4991006978438,"{100: 23, 500: 20, 1000: 7, 5000: 2, 2000: 2, 200: 2}"
4847,01/11/2025,13,900.4165171477325,"{100: 29, 500: 11, 1000: 4, 5000: 4, 200: 1}"
8379,11/11/2025,3,900.2718050215093,"{100: 26, 500: 14, 5000: 5, 1000: 3, 2000: 2, 200: 1}"
2084,29/09/2025,46,900.2474114254602,"{100: 24, 500: 18, 1000: 5, 5000: 5, 200: 1}"
7837,22/09/2025,53,900.2390893857503,"{100: 28, 500: 12, 1000: 7, 200: 4, 5000: 2}"
9006,15/10/2025,30,900.2255967066246,"{100: 25, 500: 17, 1000: 5, 5000: 1}"
2094,16/10/2025,29,900.0990637293461,"{100: 22, 500: 21, 1000: 8, 200: 3, 5000: 2}"
7097,11/11/2025,3,900.0094851065812,"{100: 26, 500: 12, 1000: 11, 5000: 6, 200: 3}"
9753,03/10/2025,42,899.9550834630281,"{100: 26, 500: 15, 5000: 4, 200: 3, 2000: 2, 1000: 2}"
7565,07/11/2025,7,899.9022091032139,"{100: 25, 500: 16, 5000: 7, 1000: 4, 200: 2}"
0220,31/10/2025,14,899.8974737567778,"{100: 30, 500: 12, 2000: 3, 200: 2, 1000: 1}"
7996,27/10/2025,18,899.8954238164191,"{100: 24, 500: 16, 1000: 6, 200: 5, 5000: 4, 2000: 3}"
3819,23/09/2025,52,899.8560665515389,"{100: 27, 500: 14, 1000: 7, 2000: 1, 5000: 1}"
0365,29/10/2025,16,899.8185076967685,"{100: 25, 500: 17, 1000: 4, 200: 3, 5000: 1}"
0587,01/10/2025,44,899.8162782164505,"{100: 29, 500: 10, 1000: 5, 200: 3, 2000: 2, 5000: 2}"
7824,16/09/2025,59,899.786545050057,"{100: 27, 500: 14, 1000: 4, 200: 3, 2000: 2, 5000: 2}"
8533,12/08/2025,94,899.7034477753407,"{100: 28, 500: 13, 1000: 4, 5000: 3, 200: 1}"
8332,30/10/2025,15,899.6416564141908,"{100: 26, 500: 14, 5000: 6, 1000: 4, 200: 4, 2000: 1}"
8079,05/10/2025,40,899.5653543861491,"{100: 24, 500: 17, 5000: 7, 1000: 6, 200: 5}"
2127,10/11/2025,4,899.5562892770688,"{100: 26, 500: 13, 1000: 5, 200: 3, 5000: 1}"
9943,10/11/2025,4,899.5543180014032,"{100: 25, 500: 15, 5000: 5, 1000: 3, 2000: 2, 200: 2}"
9225,05/11/2025,9,899.4300444830576,"{100: 24, 500: 18, 1000: 7, 200: 3, 5000: 3}"
0335,06/11/2025,8,899.3403372658045,"{100: 25, 500: 17, 5000: 6, 1000: 3, 200: 2, 2000: 2}"
6191,20/10/2025,25,899.2013527653576,"{100: 26, 500: 14, 1000: 7, 200: 7, 2000: 3, 5000: 2}"
2172,31/10/2025,14,899.1303695796353,"{100: 26, 500: 16, 1000: 4, 5000: 3, 200: 1, 2000: 1}"
7399,06/11/2025,8,899.0459016293504,"{100: 27, 500: 12, 1000: 7, 2000: 4, 5000: 3, 200: 2}"
2815,09/11/2025,5,899.0441237604691,"{100: 25, 500: 15, 5000: 4, 1000: 3}"
0819,14/10/2025,31,898.9536041598171,"{100: 28, 500: 13, 5000: 4, 1000: 3, 200: 3, 2000: 1}"
2032,04/11/2025,10,898.8456700110904,"{100: 28, 500: 12, 1000: 5, 200: 2, 2000: 1, 5000: 1}"
8319,11/11/2025,3,898.8005485846627,"{100: 22, 500: 20, 1000: 3, 5000: 2, 200: 2, 2000: 2}"
2511,09/09/2025,66,898.7750829630227,"{100: 27, 500: 15, 1000: 5, 5000: 3, 2000: 1, 200: 1}"
7656,10/11/2025,4,898.773200285154,"{100: 29, 500: 8, 1000: 8, 5000: 5, 200: 3, 2000: 1}"
7819,03/08/2025,103,898.727253567023,"{100: 27, 500: 16, 5000: 5, 1000: 3, 200: 1}"
9365,22/09/2025,53,898.685204252615,"{100: 29, 500: 9, 1000: 8, 200: 3, 5000: 2, 2000: 1}"
9212,07/08/2025,99,898.5333925906383,"{100: 25, 500: 16, 5000: 5, 1000: 4, 2000: 2, 200: 2}"
0595,02/11/2025,12,898.506608811079,"{100: 29, 500: 10, 1000: 6, 200: 4, 2000: 3}"
6232,11/11/2025,3,898.4536600945626,"{100: 25, 500: 12, 5000: 8, 1000: 6, 200: 2, 2000: 1}"
2250,05/11/2025,9,898.4165204200802,"{500: 23, 100: 22, 1000: 4, 200: 1, 5000: 1}"
4902,08/11/2025,6,898.3983710237657,"{100: 28, 500: 11, 1000: 5, 200: 3, 5000: 2, 2000: 1}"
1811,06/11/2025,8,898.2966906804395,"{100: 27, 500: 12, 5000: 4, 1000: 2, 200: 1}"
0005,08/11/2025,6,898.2864729219049,"{100: 28, 500: 9, 1000: 4, 5000: 3, 200: 3, 2000: 1}"
7665,26/09/2025,49,898.2261566409437,"{100: 26, 500: 14, 5000: 4, 1000: 3, 200: 2}"
9228,12/11/2025,2,898.1639411899215,"{500: 24, 100: 21, 1000: 5, 200: 2, 2000: 1, 5000: 1}"
6568,12/11/2025,2,898.0664196325441,"{100: 22, 500: 21, 1000: 6, 200: 3, 5000: 2}"
1723,14/11/2025,0,897.7515148589571,"{100: 27, 500: 14, 5000: 2, 200: 2, 2000: 1, 1000: 1}"
8591,13/11/2025,1,897.6636477119431,"{100: 24, 500: 16, 5000: 5, 1000: 3, 200: 2}"
7986,16/10/2025,29,897.6555027724505,"{100: 28, 500: 11, 1000: 4, 5000: 4, 200: 2, 2000: 2}"
2739,03/11/2025,11,897.6333263058558,"{100: 28, 500: 13, 5000: 5, 200: 2, 1000: 1, 2000: 1}"
7790,26/09/2025,49,897.6286957832668,"{100: 24, 500: 16, 5000: 8, 1000: 4, 2000: 2}"
2218,30/10/2025,15,897.5446312493746,"{100: 24, 500: 18, 1000: 5, 200: 1, 2000: 1, 5000: 1}"
0625,06/11/2025,8,897.4033045602887,"{100: 28, 500: 13, 1000: 2, 200: 2, 5000: 1}"
9966,11/11/2025,3,897.3838357709162,"{100: 23, 500: 18, 1000: 5, 5000: 4, 200: 3, 2000: 1}"
6069,23/10/2025,22,897.2989186283642,"{100: 24, 500: 16, 1000: 8, 200: 3, 5000: 3, 2000: 1}"
1267,07/11/2025,7,896.9848489972386,"{100: 25, 500: 15, 1000: 4, 5000: 3, 200: 2, 2000: 2}"
4337,07/11/2025,7,896.8836859837846,"{100: 25, 500: 17, 5000: 3, 1000: 3, 200: 2}"
6277,04/11/2025,10,896.8632371294508,"{100: 27, 500: 12, 1000: 6, 200: 4, 5000: 4, 2000: 2}"
7697,11/11/2025,3,896.7665067931388,"{100: 26, 500: 15, 1000: 3, 200: 3, 5000: 3, 2000: 1}"
4839,30/09/2025,45,896.7338213088431,"{100: 30, 500: 11, 200: 2, 5000: 2, 1000: 1, 2000: 1}"
9277,07/09/2025,68,896.6543437257199,"{100: 23, 500: 21, 1000: 6, 5000: 3, 200: 2, 2000: 1}"
2163,13/08/2025,93,896.6509012326915,"{100: 28, 500: 15, 1000: 3, 200: 3, 2000: 2}"
7198,28/10/2025,17,896.5882094042109,"{100: 29, 500: 11, 5000: 3, 1000: 3, 200: 2, 2000: 1}"
2045,09/10/2025,36,896.5854678343735,"{500: 27, 100: 19, 5000: 4, 1000: 4, 200: 2}"
5072,19/10/2025,26,896.5646837047649,"{100: 26, 500: 15, 5000: 5, 200: 3, 1000: 2}"
2272,08/11/2025,6,896.4882944886948,"{100: 28, 500: 13, 200: 3, 5000: 2, 1000: 2, 2000: 1}"
7424,04/11/2025,10,896.3940513897697,"{100: 25, 500: 17, 1000: 5, 200: 3, 2000: 2, 5000: 2}"
8205,02/11/2025,12,896.3721633042393,"{100: 27, 500: 14, 5000: 5, 1000: 3, 200: 2}"
2241,28/09/2025,47,896.2648018190403,"{100: 26, 500: 13, 5000: 6, 1000: 4, 200: 2}"
2626,30/10/2025,15,896.1259222902341,"{100: 22, 500: 22, 1000: 7, 2000: 2, 200: 1}"
0528,29/10/2025,16,895.8292221426321,"{100: 28, 500: 10, 1000: 7, 5000: 6, 200: 3, 2000: 1}"
9525,10/11/2025,4,895.7552697326911,"{100: 32, 500: 6, 1000: 4, 200: 2, 5000: 1, 2000: 1}"
5895,29/10/2025,16,895.7489572887671,"{100: 29, 500: 9, 5000: 6, 1000: 5, 200: 4}"
5852,19/10/2025,26,895.4173973618211,"{100: 24, 500: 19, 1000: 6, 200: 4}"
7684,06/11/2025,8,895.4078308336015,"{100: 28, 500: 11, 1000: 3, 5000: 3, 2000: 2, 200: 2}"
5216,06/08/2025,100,895.385486763368,"{100: 25, 500: 18, 1000: 4, 200: 2, 5000: 1, 2000: 1}"
1213,04/10/2025,41,895.2674483067525,"{100: 28, 500: 12, 200: 3, 1000: 2, 5000: 2, 2000: 1}"
6867,14/11/2025,0,895.176527483483,"{100: 24, 500: 17, 1000: 5, 5000: 4, 2000: 3, 200: 3}"
0120,06/11/2025,8,895.1487335907968,"{100: 29, 500: 10, 200: 3, 2000: 2, 1000: 2, 5000: 1}"
4940,10/11/2025,4,895.1331291346454,"{100: 25, 500: 16, 1000: 8, 200: 3, 2000: 1, 5000: 1}"
0017,15/10/2025,30,895.1279601742493,"{100: 25, 500: 17, 1000: 5, 5000: 4, 2000: 1, 200: 1}"
7843,10/11/2025,4,895.0527280655615,"{100: 27, 500: 13, 200: 6, 1000: 4, 2000: 2, 5000: 2}"
4336,09/11/2025,5,895.0518134114519,"{100: 21, 500: 21, 5000: 5, 200: 4, 1000: 1, 2000: 1}"
2566,08/11/2025,6,895.0013714343402,"{100: 25, 500: 17, 1000: 6, 200: 2, 5000: 1}"
9110,15/09/2025,60,894.8548123752603,"{100: 28, 500: 14, 5000: 4, 2000: 1, 1000: 1, 200: 1}"
6174,05/11/2025,9,894.7443880289485,"{100: 29, 500: 10, 5000: 3, 1000: 2, 2000: 1}"
7116,01/10/2025,44,894.6414528484408,"{100: 28, 500: 14, 200: 4, 1000: 2, 5000: 1}"
8800,10/11/2025,4,894.4900531236266,"{500: 20, 100: 20, 5000: 9, 1000: 7, 200: 2, 2000: 1}"
7694,17/10/2025,28,894.3490423758855,"{100: 26, 500: 15, 5000: 5, 1000: 5, 200: 2, 2000: 1}"
9040,09/11/2025,5,894.250162063034,"{100: 27, 500: 11, 1000: 8, 200: 4, 5000: 2, 2000: 2}"
3257,12/11/2025,2,894.2387641038204,"{100: 28, 500: 13, 1000: 5, 2000: 3, 200: 3}"
4063,02/09/2025,73,894.0254828964564,"{100: 25, 500: 16, 1000: 4, 5000: 2, 2000: 1, 200: 1}"
0051,14/11/2025,0,893.9427258295345,"{100: 27, 500: 12, 1000: 7, 5000: 3, 200: 2}"
2749,12/11/2025,2,893.8538162349599,"{100: 30, 500: 9, 200: 4, 5000: 3, 1000: 1}"
6792,31/10/2025,14,893.8166132487711,"{100: 29, 500: 10, 5000: 5, 1000: 3, 200: 1}"
2959,28/10/2025,17,893.7450579205912,"{100: 27, 500: 13, 5000: 7, 1000: 2, 2000: 1, 200: 1}"
8382,29/10/2025,16,893.7380117574442,"{100: 23, 500: 18, 1000: 7, 5000: 4, 200: 3}"
3417,13/11/2025,1,893.6439210397931,"{100: 25, 500: 18, 200: 3, 5000: 2, 1000: 1}"
6016,12/11/2025,2,893.6096546238324,"{100: 26, 500: 13, 5000: 5, 1000: 3, 200: 2, 2000: 1}"
6053,01/09/2025,74,893.4076903358216,"{100: 28, 500: 13, 1000: 5, 5000: 4, 200: 2}"
6316,02/11/2025,12,893.1662504927557,"{100: 29, 500: 9, 1000: 4, 2000: 3, 200: 3, 5000: 1}"
4330,09/11/2025,5,893.0362956002969,"{100: 25, 500: 16, 1000: 6, 5000: 2, 200: 2}"
2171,23/09/2025,52,892.9487439641483,"{100: 27, 500: 14, 5000: 5, 1000: 4, 2000: 2, 200: 2}"
4543,28/10/2025,17,892.9023202514745,"{100: 29, 500: 10, 1000: 4, 200: 4, 5000: 3}"
3509,06/11/2025,8,892.7953606027299,"{100: 29, 500: 11, 200: 3, 1000: 3, 5000: 3}"
4061,01/11/2025,13,892.7597416027005,"{100: 25, 500: 17, 1000: 5, 5000: 2, 200: 2, 2000: 1}"
8477,30/10/2025,15,892.7219469840027,"{100: 23, 500: 18, 1000: 5, 2000: 3, 5000: 2, 200: 2}"
9035,02/11/2025,12,892.6829729976497,"{100: 25, 500: 15, 1000: 5, 200: 3, 5000: 3, 2000: 3}"
5470,20/10/2025,25,892.6199012358519,"{100: 28, 500: 13, 1000: 4, 200: 2, 5000: 1}"
8302,14/11/2025,0,892.5717134119053,"{100: 25, 500: 16, 200: 5, 5000: 4, 1000: 3, 2000: 2}"
0998,12/10/2025,33,892.5517315163032,"{100: 27, 500: 15, 1000: 3, 2000: 2, 5000: 1}"
3073,03/11/2025,11,892.5474822204657,"{100: 25, 500: 16, 1000: 5, 5000: 4, 200: 1}"
5395,13/11/2025,1,892.5445734713401,"{100: 25, 500: 12, 1000: 6, 200: 4, 5000: 3, 2000: 2}"
2313,26/10/2025,19,892.5335024650645,"{100: 28, 500: 10, 5000: 3, 200: 3, 2000: 2, 1000: 1}"
8108,11/11/2025,3,892.5254236895385,"{100: 28, 500: 12, 1000: 4, 200: 2, 5000: 2, 2000: 2}"
7508,25/10/2025,20,892.5098799861227,"{100: 28, 500: 10, 1000: 8, 5000: 3, 2000: 2, 200: 2}"
8938,10/11/2025,4,892.4745629075113,"{100: 29, 500: 8, 1000: 8, 5000: 4, 200: 3}"
6800,16/10/2025,29,892.4102987100763,"{100: 27, 500: 13, 1000: 8, 5000: 2, 200: 2}"
1430,09/10/2025,36,892.2948163500265,"{100: 27, 500: 11, 1000: 8, 200: 4, 5000: 3}"
9597,13/10/2025,32,892.2577158276536,"{100: 26, 500: 13, 5000: 8, 1000: 7, 2000: 1, 200: 1}"
7784,25/10/2025,20,892.2082621682268,"{100: 28, 500: 14, 1000: 4, 200: 2}"
8827,14/11/2025,0,892.0578034520529,"{100: 23, 500: 16, 1000: 4, 5000: 3, 2000: 2, 200: 1}"
0495,25/10/2025,20,892.0552529841058,"{100: 27, 500: 12, 1000: 4, 5000: 3, 200: 3, 2000: 1}"
7721,31/07/2025,106,891.9173287493692,"{100: 25, 500: 18, 1000: 6, 5000: 3, 200: 2, 2000: 2}"
4510,19/09/2025,56,891.7745524848524,"{100: 29, 500: 11, 200: 4, 1000: 4, 2000: 1, 5000: 1}"
7747,14/11/2025,0,891.5584729297367,"{100: 27, 500: 11, 5000: 5, 2000: 3, 200: 3, 1000: 2}"
1118,24/10/2025,21,891.4013106727476,"{100: 26, 500: 14, 5000: 4, 1000: 2, 200: 1}"
8180,09/11/2025,5,891.3790262913052,"{100: 26, 500: 15, 1000: 3, 5000: 3, 2000: 2, 200: 2}"
5324,15/10/2025,30,891.2801094280518,"{100: 29, 500: 11, 2000: 4, 1000: 3, 200: 3, 5000: 1}"
7340,01/11/2025,13,891.1961425745404,"{100: 31, 500: 7, 1000: 6, 200: 2, 5000: 1}"
4961,08/10/2025,37,891.163888939694,"{100: 25, 500: 18, 200: 3, 5000: 2, 2000: 1, 1000: 1}"
2220,01/11/2025,13,891.1212080778961,"{100: 26, 500: 14, 1000: 5, 200: 4, 5000: 3, 2000: 1}"
6376,27/08/2025,79,891.0822121575303,"{100: 29, 500: 13, 1000: 2, 200: 2, 5000: 1}"
8040,14/11/2025,0,890.9879473036623,"{100: 28, 500: 12, 5000: 3, 200: 2, 2000: 1, 1000: 1}"
2160,07/11/2025,7,890.9488030626487,"{100: 26, 500: 13, 1000: 5, 5000: 5, 200: 2, 2000: 1}"
9077,10/11/2025,4,890.9379023992998,"{100: 30, 500: 8, 2000: 2, 5000: 2, 200: 2, 1000: 2}"
8098,31/10/2025,14,890.8361286559272,"{100: 25, 500: 16, 200: 5, 5000: 3, 2000: 2, 1000: 1}"
0397,27/10/2025,18,890.779258930859,"{100: 25, 500: 17, 1000: 3, 5000: 2, 200: 2}"
7997,12/11/2025,2,890.7512225798097,"{100: 23, 500: 16, 1000: 6, 5000: 5, 2000: 3, 200: 1}"
8951,04/11/2025,10,890.7372189665543,"{100: 25, 500: 11, 1000: 10, 200: 3, 5000: 2}"
2757,26/08/2025,80,890.7025722604333,"{100: 30, 500: 11, 5000: 4, 200: 1, 1000: 1}"
9751,17/09/2025,58,890.6800613552953,"{100: 24, 500: 18, 1000: 5, 200: 4, 5000: 2, 2000: 1}"
4383,24/10/2025,21,890.6299571464147,"{100: 24, 500: 18, 1000: 7, 5000: 2, 200: 2}"
9611,16/09/2025,59,890.605038105178,"{100: 24, 500: 19, 1000: 3, 5000: 2, 2000: 1}"
7010,23/08/2025,83,890.5963305827713,"{100: 23, 500: 18, 5000: 5, 1000: 4, 200: 3, 2000: 2}"
8809,09/10/2025,36,890.5686335260718,"{100: 28, 500: 13, 1000: 3, 5000: 2, 200: 2, 2000: 1}"
7352,21/10/2025,24,890.5225788316686,"{100: 26, 500: 14, 1000: 7, 5000: 2, 200: 2, 2000: 1}"
0513,22/10/2025,23,890.4929932582796,"{100: 25, 500: 14, 1000: 5, 5000: 3, 2000: 2, 200: 1}"
0073,23/08/2025,83,890.4475313108968,"{100: 28, 500: 13, 1000: 5, 2000: 3, 5000: 2, 200: 1}"
4820,24/10/2025,21,890.4369908760589,"{100: 24, 500: 13, 5000: 6, 1000: 6, 200: 4, 2000: 1}"
4585,12/11/2025,2,890.3476185381018,"{100: 25, 500: 12, 1000: 6, 5000: 4, 200: 2, 2000: 1}"
4477,10/09/2025,65,890.290846180862,"{100: 29, 500: 11, 2000: 4, 1000: 3, 200: 2, 5000: 1}"
9136,09/10/2025,36,890.1974114196678,"{100: 24, 500: 14, 1000: 7, 5000: 5, 200: 4}"
5104,08/11/2025,6,890.1705174326607,"{100: 28, 500: 12, 1000: 4, 200: 4, 2000: 2, 5000: 1}"
3357,02/11/2025,12,890.1123764103547,"{100: 23, 500: 18, 200: 6, 1000: 4, 5000: 3, 2000: 2}"
7501,18/10/2025,27,890.0492311971365,"{100: 24, 500: 19, 1000: 3, 200: 2, 5000: 1}"
0973,12/10/2025,33,889.9503879162626,"{100: 29, 500: 11, 5000: 4, 200: 4, 1000: 2, 2000: 1}"
8823,12/11/2025,2,889.9336600472294,"{500: 22, 100: 21, 5000: 5, 200: 4, 1000: 2, 2000: 1}"
9265,13/11/2025,1,889.8127111548836,"{100: 26, 500: 13, 1000: 7, 200: 4, 5000: 3, 2000: 1}"
1622,26/10/2025,19,889.7163005778363,"{100: 26, 500: 15, 1000: 4, 5000: 3}"
7002,13/11/2025,1,889.669568480841,"{100: 28, 500: 9, 1000: 9, 200: 4, 5000: 3}"
9939,02/09/2025,73,889.6467234969562,"{100: 26, 500: 17, 1000: 4, 2000: 1, 5000: 1, 200: 1}"
5922,20/09/2025,55,889.6235869490926,"{100: 25, 500: 15, 1000: 5, 5000: 2, 2000: 2}"
1692,18/10/2025,27,889.6161889050827,"{100: 29, 500: 10, 1000: 5, 200: 5, 5000: 3}"
2679,28/10/2025,17,889.5398999541211,"{100: 28, 500: 11, 1000: 5, 200: 4, 5000: 3, 2000: 1}"
3864,28/10/2025,17,889.5107052154116,"{100: 25, 500: 18, 5000: 5, 1000: 3, 200: 2}"
7091,11/11/2025,3,889.4581900497051,"{100: 23, 500: 15, 5000: 6, 1000: 4, 200: 2, 2000: 1}"
2345,11/11/2025,3,889.3791735831333,"{100: 25, 500: 16, 1000: 6, 200: 4, 2000: 1, 5000: 1}"
4192,29/10/2025,16,889.3000179490457,"{100: 27, 500: 12, 5000: 5, 1000: 4, 200: 4, 2000: 1}"
1823,13/11/2025,1,889.2961857961258,"{100: 22, 500: 17, 200: 5, 1000: 5, 5000: 2, 2000: 1}"
7277,29/10/2025,16,889.2955315129643,"{100: 25, 500: 15, 5000: 3, 1000: 2, 2000: 1, 200: 1}"
3281,18/10/2025,27,889.2747404043854,"{100: 29, 500: 10, 1000: 4, 5000: 3, 200: 3, 2000: 1}"
1946,03/11/2025,11,889.2716449717384,"{100: 28, 500: 12, 1000: 6, 5000: 4, 200: 3}"
9307,06/11/2025,8,889.2335464004597,"{100: 23, 500: 19, 1000: 6, 5000: 4, 2000: 3, 200: 2}"
4211,30/10/2025,15,889.1908234966668,"{100: 22, 500: 19, 5000: 4, 1000: 3, 200: 3, 2000: 2}"
7361,08/11/2025,6,889.094631561258,"{100: 28, 500: 13, 1000: 6, 200: 2, 2000: 1}"
8812,11/11/2025,3,888.9588958262342,"{100: 25, 500: 19, 5000: 3, 2000: 2, 200: 1}"
3831,04/11/2025,10,888.9016874364002,"{100: 28, 500: 10, 5000: 7, 1000: 3, 200: 2}"
7541,14/11/2025,0,888.8809432790327,"{100: 21, 500: 21, 1000: 7, 200: 5, 5000: 3, 2000: 2}"
9771,19/09/2025,56,888.8242827753083,"{100: 25, 500: 16, 5000: 7, 1000: 5, 200: 3, 2000: 2}"
4953,31/10/2025,14,888.6675931075322,"{500: 22, 100: 19, 5000: 6, 200: 5, 1000: 4, 2000: 2}"
1519,02/11/2025,12,888.5963670782611,"{100: 26, 500: 14, 1000: 7, 5000: 4, 200: 2}"
7099,13/11/2025,1,888.5692616576532,"{100: 27, 500: 12, 5000: 6, 1000: 6, 200: 1}"
3821,22/09/2025,53,888.5618043246069,"{100: 26, 500: 16, 200: 4, 5000: 4, 2000: 1, 1000: 1}"
7979,29/10/2025,16,888.5437036311473,"{100: 28, 500: 11, 5000: 5, 1000: 4, 200: 4}"
6367,03/11/2025,11,888.5290402231805,"{100: 27, 500: 13, 1000: 4, 200: 4, 5000: 2, 2000: 1}"
8317,13/08/2025,93,888.5160556341947,"{100: 27, 500: 13, 1000: 5, 200: 4, 5000: 4, 2000: 2}"
1310,25/10/2025,20,888.4709393813904,"{100: 27, 500: 14, 5000: 4, 200: 3, 1000: 2, 2000: 1}"
1064,12/11/2025,2,888.4481246766521,"{100: 24, 500: 17, 1000: 7, 5000: 3, 2000: 2, 200: 2}"
0991,10/09/2025,65,888.3855768986849,"{100: 27, 500: 12, 5000: 3, 2000: 3, 1000: 3, 200: 1}"
9632,10/10/2025,35,888.3255168724805,"{100: 28, 500: 11, 1000: 6, 5000: 4}"
6465,12/11/2025,2,888.3086133640628,"{100: 25, 500: 16, 1000: 6, 2000: 3, 200: 2, 5000: 1}"
7831,05/11/2025,9,888.3022754431954,"{100: 27, 500: 14, 5000: 3, 2000: 2, 1000: 2, 200: 2}"
0974,29/10/2025,16,888.2216676090388,"{500: 23, 100: 19, 5000: 4, 1000: 4, 200: 3, 2000: 2}"
4928,18/09/2025,57,888.1627169597108,"{100: 26, 500: 15, 1000: 4, 5000: 4, 200: 3, 2000: 2}"
3400,28/09/2025,47,888.1173742867356,"{100: 26, 500: 16, 2000: 6, 200: 4, 1000: 2, 5000: 1}"
0721,23/10/2025,22,888.1103790998028,"{100: 29, 500: 10, 5000: 5, 200: 4, 1000: 3, 2000: 1}"
1353,26/10/2025,19,888.0876220013945,"{100: 27, 500: 11, 5000: 5, 1000: 3}"
6009,14/11/2025,0,888.0280754481457,"{100: 25, 500: 12, 1000: 8, 5000: 4, 200: 3, 2000: 2}"
9838,11/11/2025,3,888.0057791496355,"{100: 30, 500: 11, 1000: 1}"
6200,02/07/2025,135,887.9217712982017,"{100: 26, 500: 16, 1000: 7, 2000: 4, 5000: 1, 200: 1}"
3666,27/10/2025,18,887.9151058686623,"{100: 25, 500: 17, 1000: 4, 5000: 2, 2000: 2, 200: 1}"
1526,05/10/2025,40,887.875186496655,"{100: 28, 500: 11, 1000: 7, 2000: 5, 5000: 2, 200: 1}"
6828,01/10/2025,44,887.8107426332826,"{100: 22, 500: 19, 5000: 5, 1000: 4, 2000: 3, 200: 2}"
0392,09/11/2025,5,887.8070670853012,"{500: 22, 100: 21, 5000: 6, 1000: 3, 200: 3, 2000: 1}"
6859,26/10/2025,19,887.6861559998592,"{100: 30, 500: 7, 5000: 5, 1000: 3, 200: 2, 2000: 1}"
8157,08/11/2025,6,887.6597792490193,"{100: 28, 500: 12, 200: 4, 5000: 2, 1000: 2, 2000: 1}"
2583,13/10/2025,32,887.6057004055655,"{100: 26, 500: 15, 1000: 4, 200: 3, 5000: 2, 2000: 1}"
9979,26/10/2025,19,887.5866541668246,"{100: 28, 500: 10, 200: 3, 5000: 2, 1000: 2}"
8891,08/11/2025,6,887.5832859909282,"{100: 26, 500: 15, 200: 4, 5000: 1, 1000: 1}"
0160,30/10/2025,15,887.5408347917817,"{100: 30, 500: 9, 5000: 4, 1000: 2, 200: 2, 2000: 1}"
4696,11/11/2025,3,887.5050935174185,"{100: 28, 500: 10, 1000: 6, 5000: 4, 200: 3, 2000: 1}"
5514,09/09/2025,66,887.4655242965893,"{100: 24, 500: 19, 1000: 5, 2000: 1, 200: 1, 5000: 1}"
7689,31/10/2025,14,887.4422667190626,"{100: 24, 500: 16, 1000: 6, 200: 6, 5000: 2, 2000: 1}"
7869,03/11/2025,11,887.35766182684,"{100: 23, 500: 20, 5000: 6, 2000: 4, 1000: 1, 200: 1}"
3266,13/11/2025,1,887.3499066133022,"{100: 26, 500: 12, 5000: 5, 1000: 5, 200: 4}"
9845,14/11/2025,0,887.288126391363,"{100: 24, 500: 18, 1000: 4, 200: 4, 5000: 3, 2000: 1}"
4626,29/09/2025,46,887.2095918276458,"{100: 27, 500: 12, 1000: 5, 5000: 5, 200: 1, 2000: 1}"
6640,10/11/2025,4,887.1891530304325,"{100: 26, 500: 15, 1000: 3, 200: 2, 5000: 1, 2000: 1}"
7092,16/10/2025,29,887.1739228847737,"{100: 23, 500: 20, 1000: 5, 200: 4, 5000: 2, 2000: 1}"
5808,28/09/2025,47,887.161240099324,"{100: 28, 500: 12, 1000: 4, 200: 3, 2000: 2, 5000: 1}"
9139,18/09/2025,57,887.1560926975883,"{100: 26, 500: 12, 1000: 5, 200: 4, 5000: 3, 2000: 2}"
3926,17/10/2025,28,887.0854046586246,"{100: 28, 500: 12, 5000: 4, 200: 3, 1000: 2, 2000: 1}"
7293,12/08/2025,94,887.0768539035251,"{100: 27, 500: 15, 1000: 5, 200: 2, 5000: 2, 2000: 1}"
3566,02/11/2025,12,886.9828079457341,"{100: 22, 500: 21, 5000: 5, 1000: 4, 200: 3, 2000: 1}"
3142,11/11/2025,3,886.8287788401406,"{100: 27, 500: 13, 1000: 4, 200: 3, 2000: 2, 5000: 1}"
7729,03/08/2025,103,886.7963535658826,"{100: 23, 500: 19, 5000: 3, 1000: 2, 2000: 2, 200: 1}"
7793,12/11/2025,2,886.6858178089116,"{100: 25, 500: 14, 1000: 6, 200: 3, 5000: 2, 2000: 1}"
6815,09/10/2025,36,886.651193930259,"{100: 23, 500: 21, 200: 2, 5000: 2, 1000: 1, 2000: 1}"
4149,05/11/2025,9,886.6343409518607,"{100: 30, 500: 9, 5000: 4, 200: 4, 1000: 1}"
5502,05/11/2025,9,886.629884145608,"{100: 26, 500: 13, 5000: 5, 1000: 5, 200: 1}"
6372,09/11/2025,5,886.5521611376179,"{100: 25, 500: 16, 5000: 5, 1000: 3}"
0430,10/11/2025,4,886.5116855732259,"{100: 29, 500: 11, 5000: 3, 200: 3, 1000: 1}"
7123,31/10/2025,14,886.4739309096213,"{100: 22, 500: 19, 1000: 7, 5000: 5, 200: 2}"
0376,05/11/2025,9,886.4431382988596,"{100: 24, 500: 16, 1000: 6, 5000: 6, 2000: 3, 200: 1}"
5599,24/10/2025,21,886.4263171714092,"{100: 24, 500: 18, 1000: 5, 2000: 2, 5000: 1}"
3671,07/11/2025,7,886.2409782218376,"{100: 25, 500: 12, 5000: 6, 1000: 6, 200: 4}"
1169,13/11/2025,1,886.2180388740842,"{100: 30, 500: 8, 5000: 5, 200: 4, 1000: 3}"
9226,17/10/2025,28,886.2003787040577,"{100: 24, 500: 15, 1000: 8, 5000: 4, 200: 3}"
2856,29/10/2025,16,886.133035012036,"{100: 23, 500: 17, 1000: 6, 200: 5, 5000: 2, 2000: 1}"
7680,29/10/2025,16,886.0258916416471,"{100: 27, 500: 13, 200: 5, 5000: 3, 2000: 2, 1000: 2}"
9906,25/10/2025,20,885.9837323450984,"{100: 24, 500: 17, 1000: 6, 200: 3, 5000: 3}"
7364,08/11/2025,6,885.7285127599629,"{100: 27, 500: 12, 1000: 5, 5000: 4, 200: 2}"
3740,28/09/2025,47,885.6645676263796,"{100: 26, 500: 14, 200: 6, 1000: 5, 5000: 2}"
0222,13/11/2025,1,885.6267068229836,"{100: 26, 500: 14, 1000: 6, 200: 3, 5000: 1}"
9013,03/10/2025,42,885.5794430063748,"{100: 28, 500: 10, 1000: 8, 2000: 2, 5000: 1, 200: 1}"
7711,22/10/2025,23,885.5631349369794,"{100: 24, 500: 18, 200: 4, 1000: 2, 5000: 1, 2000: 1}"
8935,05/10/2025,40,885.5051719266838,"{100: 30, 500: 6, 200: 4, 5000: 3, 1000: 3}"
5429,04/10/2025,41,885.4646587592445,"{100: 27, 500: 13, 1000: 5, 5000: 2, 200: 2, 2000: 2}"
8525,23/10/2025,22,885.4629504090982,"{100: 21, 500: 18, 200: 9, 1000: 5, 5000: 5, 2000: 1}"
7890,14/11/2025,0,885.290745282986,"{500: 21, 100: 21, 5000: 7, 200: 4, 1000: 2, 2000: 1}"
9179,07/11/2025,7,885.2430318043824,"{100: 27, 500: 11, 1000: 6, 200: 3, 5000: 2, 2000: 1}"
4412,10/09/2025,65,884.7951753292024,"{100: 30, 500: 9, 1000: 5, 5000: 1, 2000: 1}"
1102,20/10/2025,25,884.7748206239572,"{100: 28, 500: 13, 1000: 2, 200: 2, 5000: 1}"
8685,11/11/2025,3,884.7192608533776,"{100: 26, 500: 14, 1000: 5, 5000: 2, 200: 2}"
8496,09/11/2025,5,884.6509539031863,"{100: 26, 500: 12, 5000: 10, 200: 7, 1000: 6}"
4716,30/09/2025,45,884.6333945434498,"{100: 23, 500: 20, 1000: 4, 5000: 3, 2000: 3, 200: 3}"
7817,15/07/2025,122,884.4716323348321,"{100: 34, 500: 5, 5000: 3, 2000: 1, 1000: 1}"
6594,03/11/2025,11,884.4286211443151,"{100: 25, 500: 18, 1000: 6, 200: 2}"
1399,10/10/2025,35,884.4001325416023,"{100: 29, 500: 10, 1000: 5, 5000: 3, 2000: 2, 200: 1}"
4000,22/10/2025,23,884.3913608966784,"{100: 28, 500: 10, 200: 5, 1000: 2, 2000: 2, 5000: 2}"
4527,03/11/2025,11,884.3140414362664,"{100: 25, 500: 15, 1000: 5, 5000: 3, 200: 2}"
4057,09/09/2025,66,884.2989400689873,"{100: 23, 500: 21, 1000: 3, 5000: 2, 200: 2}"
8946,10/09/2025,65,884.2372398297694,"{100: 28, 500: 13, 1000: 6, 5000: 3, 2000: 2}"
8213,18/10/2025,27,884.1907909300522,"{100: 29, 500: 10, 1000: 6, 200: 2, 5000: 1, 2000: 1}"
4518,12/11/2025,2,884.0617254196806,"{100: 30, 500: 8, 1000: 4, 200: 4, 5000: 2, 2000: 1}"
5025,05/11/2025,9,884.053602876788,"{500: 24, 100: 20, 5000: 7, 200: 4, 2000: 1, 1000: 1}"
6327,12/06/2025,155,883.942453261276,"{100: 27, 500: 15, 1000: 4, 5000: 3, 200: 3, 2000: 2}"
7948,22/08/2025,84,883.9059776472666,"{100: 27, 500: 14, 200: 4, 5000: 4, 2000: 3, 1000: 2}"
8820,22/09/2025,53,883.7862105082212,"{100: 25, 500: 16, 1000: 7, 200: 3, 5000: 2, 2000: 1}"
2029,26/10/2025,19,883.782941433737,"{100: 23, 500: 20, 1000: 4, 2000: 3, 5000: 2, 200: 1}"
8411,31/10/2025,14,883.7803570955967,"{100: 22, 500: 19, 1000: 8, 200: 2, 5000: 2}"
8210,11/09/2025,64,883.583932727945,"{100: 24, 500: 17, 200: 7, 1000: 3, 5000: 3, 2000: 2}"
4986,24/10/2025,21,883.4535729400405,"{100: 26, 500: 13, 1000: 7, 5000: 2, 2000: 1, 200: 1}"
9874,01/10/2025,44,883.2644343052107,"{100: 30, 500: 12, 5000: 3, 200: 2}"
9236,16/10/2025,29,883.2194359283659,"{100: 27, 500: 12, 1000: 4, 5000: 3, 2000: 2, 200: 1}"
2110,10/09/2025,65,883.2170436848025,"{100: 26, 500: 16, 1000: 4, 200: 3, 2000: 2, 5000: 1}"
3524,23/10/2025,22,883.2033451105241,"{100: 26, 500: 15, 5000: 6, 1000: 2, 2000: 2}"
6210,24/10/2025,21,883.1278503949629,"{100: 27, 500: 12, 5000: 5, 200: 4, 2000: 1, 1000: 1}"
2558,16/10/2025,29,882.9640324229304,"{100: 31, 500: 7, 1000: 5, 2000: 2, 5000: 1}"
5011,09/11/2025,5,882.9543373843234,"{100: 23, 500: 17, 5000: 5, 1000: 3}"
6804,03/11/2025,11,882.8669340198986,"{100: 26, 500: 13, 1000: 7, 5000: 5, 2000: 2, 200: 2}"
7183,05/11/2025,9,882.7905944773826,"{100: 23, 500: 16, 5000: 5, 200: 5, 1000: 3}"
7463,09/10/2025,36,882.6088133881616,"{100: 25, 500: 17, 1000: 4, 2000: 2, 5000: 2, 200: 1}"
1922,12/11/2025,2,882.5085752315779,"{100: 27, 500: 12, 1000: 5, 5000: 3, 200: 2}"
9220,23/09/2025,52,882.4987907306637,"{100: 24, 500: 15, 5000: 11, 1000: 7, 2000: 1, 200: 1}"
7515,11/09/2025,64,882.415380112411,"{100: 26, 500: 14, 1000: 4, 5000: 3, 200: 1}"
7514,10/11/2025,4,882.3420768209444,"{100: 26, 500: 15, 2000: 3, 1000: 3, 5000: 2, 200: 1}"
0575,04/10/2025,41,882.3071151992791,"{500: 22, 100: 22, 5000: 4, 200: 3, 2000: 1, 1000: 1}"
4827,11/11/2025,3,882.2526456107753,"{100: 26, 500: 12, 5000: 5, 200: 4, 2000: 3, 1000: 3}"
5663,04/10/2025,41,882.2358703720017,"{100: 26, 500: 13, 5000: 5, 1000: 2, 200: 1}"
9020,20/10/2025,25,882.129185013706,"{100: 24, 500: 15, 1000: 7, 5000: 4, 2000: 1, 200: 1}"
2259,14/11/2025,0,882.1039810263821,"{100: 26, 500: 13, 1000: 4, 200: 2, 2000: 2, 5000: 2}"
2666,03/11/2025,11,882.0321333348033,"{100: 25, 500: 10, 1000: 9, 200: 4, 5000: 3, 2000: 1}"
8408,28/10/2025,17,881.9918620608933,"{100: 25, 500: 13, 200: 5, 5000: 4, 1000: 2, 2000: 2}"
3967,29/09/2025,46,881.8664975138731,"{100: 26, 500: 13, 1000: 4, 5000: 2, 200: 2}"
4517,31/10/2025,14,881.7278234196,"{100: 25, 500: 15, 1000: 6, 5000: 3, 2000: 1, 200: 1}"
7453,07/09/2025,68,881.7118867963811,"{100: 28, 500: 13, 2000: 3, 200: 3, 5000: 2, 1000: 2}"
0951,16/09/2025,59,881.7078400926985,"{100: 27, 500: 13, 1000: 4, 5000: 3, 200: 3}"
2663,07/11/2025,7,881.68068607984,"{100: 25, 500: 16, 1000: 4, 200: 2, 5000: 1}"
3052,11/11/2025,3,881.6487119029947,"{100: 24, 500: 15, 5000: 6, 200: 5, 1000: 4, 2000: 1}"
7173,27/10/2025,18,881.5982500583389,"{100: 26, 500: 15, 1000: 6, 200: 2}"
1393,04/11/2025,10,881.5747733867706,"{100: 26, 500: 13, 5000: 7, 200: 5, 2000: 3, 1000: 1}"
4624,11/10/2025,34,881.5599147037063,"{100: 26, 500: 15, 1000: 5, 2000: 2, 5000: 2, 200: 1}"
6344,08/11/2025,6,881.5256326217842,"{100: 24, 500: 18, 200: 5, 1000: 3, 5000: 3}"
9229,11/11/2025,3,881.524264725367,"{100: 24, 500: 14, 1000: 6, 200: 5, 5000: 2, 2000: 1}"
5627,21/10/2025,24,881.5059369928983,"{100: 29, 500: 9, 1000: 4, 2000: 3, 200: 3, 5000: 2}"
7287,06/11/2025,8,881.3557737664185,"{100: 31, 500: 6, 1000: 5, 200: 3, 5000: 2, 2000: 1}"
6107,08/11/2025,6,881.342262168904,"{500: 22, 100: 21, 1000: 5, 5000: 4, 2000: 2, 200: 2}"
0478,11/10/2025,34,881.2692899577589,"{100: 25, 500: 17, 1000: 3, 5000: 3, 200: 3}"
4319,14/11/2025,0,881.2692532936792,"{100: 25, 500: 14, 2000: 3, 5000: 3, 1000: 3, 200: 3}"
7909,03/11/2025,11,881.2414214808433,"{100: 26, 500: 12, 5000: 10, 1000: 3, 2000: 1, 200: 1}"
5227,16/10/2025,29,881.1667943714913,"{100: 25, 500: 13, 1000: 7, 5000: 3, 200: 1}"
4324,03/11/2025,11,881.1358919042655,"{100: 26, 500: 14, 5000: 5, 1000: 4, 2000: 3, 200: 1}"
8393,14/11/2025,0,881.1272614636514,"{100: 26, 500: 14, 1000: 4, 2000: 2, 5000: 2, 200: 1}"
3029,16/09/2025,59,880.9898670479473,"{100: 24, 500: 17, 5000: 4, 1000: 4, 2000: 3, 200: 3}"
2588,28/10/2025,17,880.9357058780047,"{100: 24, 500: 17, 5000: 6, 1000: 5, 2000: 2, 200: 1}"
4267,30/10/2025,15,880.9019097426607,"{100: 27, 500: 10, 1000: 4, 5000: 3, 200: 2}"
5365,28/10/2025,17,880.8983062816009,"{100: 28, 500: 11, 5000: 6, 1000: 3, 2000: 2, 200: 1}"
1374,05/11/2025,9,880.8905074014496,"{100: 26, 500: 12, 1000: 9, 5000: 2, 200: 1}"
9714,05/11/2025,9,880.809274231231,"{100: 24, 500: 15, 1000: 7, 5000: 5, 2000: 1, 200: 1}"
4830,30/10/2025,15,880.7738203564915,"{100: 26, 500: 14, 5000: 7, 1000: 3, 2000: 2, 200: 1}"
1935,08/11/2025,6,880.7599722830885,"{100: 25, 500: 16, 5000: 5, 1000: 2}"
7666,23/10/2025,22,880.7123077168454,"{100: 23, 500: 17, 1000: 4, 5000: 2}"
8069,15/10/2025,30,880.5580343325989,"{100: 24, 500: 14, 1000: 7, 2000: 5, 5000: 3, 200: 1}"
8111,30/10/2025,15,880.5504086251324,"{100: 27, 500: 11, 1000: 9, 200: 3, 2000: 2, 5000: 1}"
8930,10/11/2025,4,880.5080006620695,"{100: 24, 500: 14, 1000: 8, 5000: 5, 200: 4, 2000: 1}"
0915,17/10/2025,28,880.4985679590468,"{100: 25, 500: 12, 1000: 7, 5000: 4, 200: 4}"
9447,06/10/2025,39,880.4787173400812,"{100: 27, 500: 12, 1000: 5, 5000: 2, 2000: 1, 200: 1}"
1419,05/08/2025,101,880.4149429980175,"{100: 28, 500: 9, 5000: 7, 1000: 4, 200: 4, 2000: 2}"
7717,07/11/2025,7,880.4061678637082,"{100: 27, 500: 13, 1000: 4, 200: 3, 5000: 2, 2000: 1}"
7513,10/10/2025,35,880.3931128603081,"{100: 24, 500: 17, 1000: 7, 5000: 4, 200: 2, 2000: 1}"
7566,07/11/2025,7,880.280667329636,"{100: 24, 500: 16, 200: 8, 1000: 5, 5000: 4, 2000: 2}"
7939,11/11/2025,3,880.1745893578218,"{100: 28, 500: 10, 2000: 3, 1000: 2, 5000: 2, 200: 2}"
2994,18/09/2025,57,879.9947890593802,"{100: 26, 500: 12, 1000: 4, 5000: 3, 2000: 2, 200: 1}"
5497,04/11/2025,10,879.8900167492505,"{100: 27, 500: 12, 5000: 6, 1000: 5, 200: 1}"
0049,26/10/2025,19,879.7006375900756,"{100: 25, 500: 16, 1000: 5, 2000: 2, 5000: 2, 200: 1}"
4002,27/10/2025,18,879.6492470981157,"{100: 27, 500: 13, 1000: 4, 5000: 3, 200: 3}"
2412,16/09/2025,59,879.6443618468995,"{100: 29, 500: 11, 1000: 4, 200: 4, 5000: 1}"
6894,03/11/2025,11,879.6437943890777,"{100: 24, 500: 12, 1000: 8, 5000: 7, 200: 4, 2000: 1}"
4533,10/11/2025,4,879.6270542800851,"{100: 25, 500: 15, 1000: 3, 2000: 2, 5000: 2, 200: 1}"
6042,04/11/2025,10,879.3189842232671,"{100: 27, 500: 11, 5000: 4, 1000: 4, 2000: 3, 200: 2}"
5929,16/10/2025,29,879.155339021992,"{100: 21, 500: 20, 200: 5, 1000: 5, 5000: 5, 2000: 2}"
0282,07/11/2025,7,879.1514283980484,"{100: 24, 500: 15, 1000: 7, 5000: 2, 2000: 1, 200: 1}"
6811,01/10/2025,44,879.1132097760701,"{100: 28, 500: 9, 1000: 6, 200: 4, 5000: 2}"
1539,16/10/2025,29,879.1046489987533,"{100: 30, 500: 8, 1000: 4, 2000: 2, 5000: 1, 200: 1}"
5595,08/11/2025,6,879.0840389903335,"{100: 23, 500: 18, 1000: 6, 2000: 3, 200: 3, 5000: 2}"
2689,14/10/2025,31,879.0501887901117,"{100: 25, 500: 16, 1000: 6, 5000: 3, 200: 1}"
6647,08/10/2025,37,879.0384948278155,"{100: 24, 500: 16, 5000: 5, 200: 2, 2000: 1, 1000: 1}"
4557,03/10/2025,42,878.9843895655031,"{100: 23, 500: 19, 1000: 5, 200: 1, 2000: 1, 5000: 1}"
5539,10/11/2025,4,878.8743713725657,"{100: 24, 500: 16, 1000: 6, 5000: 2, 200: 2}"
6301,14/11/2025,0,878.8647913211424,"{100: 26, 500: 14, 1000: 5, 5000: 3, 2000: 1, 200: 1}"
9660,14/08/2025,92,878.8367777984413,"{100: 30, 500: 11, 1000: 6, 200: 1}"
3089,16/10/2025,29,878.8307926195534,"{100: 24, 500: 17, 1000: 6, 5000: 3}"
8053,24/10/2025,21,878.740588443044,"{100: 27, 500: 12, 1000: 3, 5000: 3, 200: 3, 2000: 1}"
3518,09/10/2025,36,878.7327544909327,"{100: 24, 500: 17, 5000: 6, 1000: 4, 200: 1, 2000: 1}"
0629,13/11/2025,1,878.7278487385589,"{100: 25, 500: 15, 1000: 4, 5000: 4, 200: 2}"
0520,07/10/2025,38,878.6752457806529,"{100: 23, 500: 18, 1000: 7, 5000: 4, 200: 3}"
0521,04/11/2025,10,878.6386069717593,"{100: 27, 500: 12, 1000: 6, 5000: 3, 200: 3, 2000: 1}"
0875,28/10/2025,17,878.4851747994251,"{100: 24, 500: 16, 5000: 7, 200: 5, 1000: 4}"
7056,09/11/2025,5,878.4549171046875,"{100: 27, 500: 13, 1000: 4, 2000: 2, 200: 1, 5000: 1}"
3239,24/10/2025,21,878.3993287541084,"{100: 26, 500: 13, 1000: 6, 5000: 3, 200: 2}"
8914,13/11/2025,1,878.380803580711,"{100: 25, 500: 16, 1000: 3, 5000: 2, 200: 1}"
6422,31/10/2025,14,878.3454600416028,"{100: 27, 500: 12, 1000: 6, 5000: 3, 200: 2}"
8505,03/11/2025,11,878.3017756433487,"{100: 23, 500: 16, 5000: 8, 200: 5, 2000: 1, 1000: 1}"
4109,24/10/2025,21,878.2804909881298,"{100: 25, 500: 16, 1000: 4, 5000: 3, 200: 3, 2000: 1}"
5269,22/08/2025,84,878.2644239183638,"{100: 27, 500: 14, 5000: 3, 1000: 3, 200: 1}"
7024,07/11/2025,7,878.2599529540868,"{100: 23, 500: 17, 1000: 7, 2000: 3, 5000: 2, 200: 2}"
2881,10/10/2025,35,878.1731943866222,"{100: 31, 500: 8, 200: 2, 1000: 1, 5000: 1, 2000: 1}"
0558,15/10/2025,30,878.1595052658821,"{100: 25, 500: 14, 5000: 5, 200: 5, 1000: 3, 2000: 2}"
1085,27/10/2025,18,878.1566033504062,"{100: 25, 500: 15, 5000: 5, 200: 4, 1000: 4, 2000: 1}"
7794,20/10/2025,25,878.0965505492295,"{100: 26, 500: 15, 1000: 3, 200: 3, 5000: 2, 2000: 2}"
9639,26/10/2025,19,878.0315457221404,"{100: 25, 500: 15, 200: 6, 1000: 4, 5000: 2}"
3381,14/11/2025,0,877.9018063986329,"{100: 26, 500: 15, 5000: 4, 200: 2, 1000: 1}"
5984,10/11/2025,4,877.8249713134873,"{100: 27, 500: 13, 200: 3, 1000: 3, 2000: 2, 5000: 2}"
5004,14/10/2025,31,877.6752642966264,"{100: 28, 500: 13, 2000: 5, 5000: 2, 1000: 2, 200: 1}"
9298,19/10/2025,26,877.628013649001,"{100: 25, 500: 17, 1000: 3, 5000: 2, 200: 1}"
7495,10/11/2025,4,877.6241589150609,"{100: 26, 500: 14, 200: 4, 2000: 2, 5000: 2, 1000: 2}"
1195,18/09/2025,57,877.5752799352905,"{100: 30, 1000: 10, 500: 7, 5000: 2, 2000: 1, 200: 1}"
8199,13/11/2025,1,877.5162973385045,"{100: 26, 500: 15, 1000: 3, 200: 2, 5000: 1}"
7645,18/09/2025,57,877.4758334023198,"{100: 26, 500: 16, 1000: 4, 5000: 1, 200: 1}"
5688,15/10/2025,30,877.3987943507541,"{100: 24, 500: 17, 1000: 7, 200: 2, 5000: 1}"
8716,12/11/2025,2,877.3479478032335,"{100: 25, 500: 15, 1000: 4, 200: 3, 5000: 3, 2000: 1}"
0387,03/11/2025,11,877.3372785642658,"{100: 29, 500: 10, 200: 5, 5000: 2, 1000: 2, 2000: 1}"
1630,30/10/2025,15,877.3029247487956,"{100: 25, 500: 14, 5000: 4, 1000: 2, 200: 2}"
3237,09/11/2025,5,877.2501575848613,"{100: 22, 500: 18, 1000: 6, 200: 4, 5000: 2, 2000: 2}"
4864,13/11/2025,1,877.2152901375846,"{100: 27, 500: 12, 1000: 4, 5000: 3, 200: 2}"
9950,24/09/2025,51,877.1107212310743,"{100: 23, 500: 19, 200: 6, 1000: 3, 5000: 3, 2000: 1}"
8947,29/10/2025,16,877.0071814100249,"{100: 27, 500: 12, 2000: 4, 1000: 4, 200: 2, 5000: 2}"
9469,18/10/2025,27,876.9977189649381,"{100: 28, 500: 11, 1000: 5, 5000: 3, 200: 2, 2000: 1}"
7557,03/11/2025,11,876.9737588203055,"{100: 27, 500: 12, 200: 4, 1000: 4, 2000: 2, 5000: 2}"
7203,15/10/2025,30,876.9037201746025,"{100: 27, 500: 12, 1000: 5, 200: 4, 5000: 2, 2000: 1}"
1878,24/10/2025,21,876.8192479641604,"{100: 23, 500: 20, 200: 2, 1000: 1, 5000: 1}"
7328,11/11/2025,3,876.7161770219025,"{100: 27, 500: 12, 200: 4, 1000: 3, 5000: 3, 2000: 2}"
2174,25/10/2025,20,876.6854325693994,"{100: 26, 500: 15, 5000: 2, 2000: 2, 200: 2, 1000: 1}"
7505,14/11/2025,0,876.6546945626598,"{500: 21, 100: 21, 1000: 5, 5000: 4, 200: 4}"
1999,18/10/2025,27,876.6154184642662,"{100: 26, 500: 14, 200: 4, 1000: 3, 2000: 2, 5000: 1}"
7841,12/11/2025,2,876.6115202770197,"{500: 25, 100: 19, 1000: 6, 200: 4, 5000: 2}"
5076,06/11/2025,8,876.5833443651754,"{100: 27, 500: 12, 5000: 2, 1000: 2, 200: 2, 2000: 1}"
6241,05/10/2025,40,876.5228514289275,"{100: 28, 500: 10, 5000: 5, 1000: 3, 200: 3}"
2686,26/10/2025,19,876.4446342289846,"{100: 25, 500: 15, 1000: 9, 200: 1, 5000: 1}"
2728,12/11/2025,2,876.3139443369719,"{100: 29, 500: 9, 200: 4, 5000: 4, 1000: 3, 2000: 1}"
6995,11/10/2025,34,876.2537646662378,"{100: 25, 500: 13, 200: 7, 1000: 6, 5000: 1, 2000: 1}"
2793,03/11/2025,11,876.1455361202943,"{500: 21, 100: 21, 5000: 5, 1000: 3, 200: 2, 2000: 1}"
7800,26/10/2025,19,876.0698285720495,"{100: 28, 500: 10, 200: 6, 1000: 3, 5000: 2, 2000: 2}"
7442,12/11/2025,2,876.0558996528205,"{100: 28, 500: 10, 200: 5, 1000: 4, 5000: 2, 2000: 2}"
5862,10/11/2025,4,876.0436057692374,"{500: 25, 100: 18, 5000: 6, 200: 5, 1000: 3, 2000: 1}"
1517,10/11/2025,4,875.9447121650327,"{100: 28, 500: 11, 5000: 5, 200: 4, 1000: 2}"
4121,05/11/2025,9,875.8914312681864,"{100: 25, 500: 15, 200: 5, 5000: 4, 1000: 4, 2000: 1}"
6462,12/10/2025,33,875.8259024011627,"{100: 25, 500: 16, 200: 4, 5000: 4, 1000: 4}"
2491,31/10/2025,14,875.7816420516691,"{100: 24, 500: 18, 1000: 2, 5000: 2, 200: 1, 2000: 1}"
3777,22/10/2025,23,875.7776905678137,"{100: 24, 500: 18, 1000: 4, 5000: 3, 200: 1}"
9213,13/11/2025,1,875.7631949536728,"{100: 23, 500: 18, 1000: 6, 200: 3, 2000: 2, 5000: 1}"
7304,03/10/2025,42,875.6565312393363,"{100: 24, 500: 18, 1000: 4, 5000: 3, 200: 3, 2000: 1}"
5601,12/11/2025,2,875.4975736215521,"{100: 24, 500: 17, 1000: 3, 5000: 3, 2000: 1, 200: 1}"
0291,30/10/2025,15,875.4916252616313,"{100: 23, 500: 19, 1000: 6, 200: 3, 5000: 1}"
9503,10/11/2025,4,875.4493592149015,"{100: 22, 500: 19, 1000: 3, 5000: 1, 200: 1}"
9871,28/09/2025,47,875.3859770581867,"{100: 27, 500: 11, 1000: 4, 5000: 4, 200: 3, 2000: 3}"
8648,28/10/2025,17,875.3666638614216,"{100: 27, 500: 12, 1000: 3, 200: 2, 5000: 2}"
4001,21/10/2025,24,875.3337162657401,"{100: 25, 500: 15, 1000: 4, 200: 4, 5000: 2, 2000: 1}"
0043,11/11/2025,3,875.236863478128,"{100: 28, 500: 10, 200: 6, 1000: 4, 5000: 3}"
7582,04/11/2025,10,875.1866271410869,"{100: 25, 500: 14, 1000: 7, 200: 3, 5000: 2, 2000: 2}"
1542,14/11/2025,0,875.1721059683498,"{100: 25, 500: 16, 1000: 4, 200: 3, 5000: 2}"
7967,09/11/2025,5,875.1694188345432,"{100: 25, 500: 13, 1000: 9, 5000: 6, 200: 3, 2000: 2}"
0034,02/08/2025,104,875.1318416796124,"{100: 24, 500: 18, 1000: 8, 5000: 3, 200: 1}"
9550,24/10/2025,21,875.1115947990081,"{100: 26, 500: 13, 1000: 6, 200: 3, 2000: 2, 5000: 2}"
1927,15/07/2025,122,875.0641186604659,"{100: 25, 500: 15, 5000: 5, 1000: 4, 200: 2, 2000: 1}"
3328,10/11/2025,4,875.0116912752518,"{100: 26, 500: 13, 5000: 3, 1000: 3, 200: 3, 2000: 1}"
0370,22/10/2025,23,874.9701151875108,"{100: 27, 500: 13, 1000: 4, 5000: 3, 200: 1}"
9671,08/11/2025,6,874.9549368642248,"{100: 26, 500: 12, 5000: 8, 1000: 5, 2000: 4, 200: 2}"
7122,13/10/2025,32,874.91132520758,"{100: 27, 500: 15, 1000: 2, 2000: 2, 200: 1}"
3779,12/09/2025,63,874.7397336708418,"{100: 27, 500: 13, 1000: 4, 200: 3, 5000: 2, 2000: 1}"
6130,10/11/2025,4,874.7221788266577,"{500: 21, 100: 20, 1000: 10, 5000: 5, 200: 2, 2000: 1}"
8514,12/10/2025,33,874.6572123864765,"{100: 25, 500: 16, 1000: 6, 5000: 2, 200: 1}"
9579,18/10/2025,27,874.6413962986494,"{100: 23, 500: 19, 1000: 5, 5000: 3, 200: 2, 2000: 1}"
8126,20/09/2025,55,874.554184728597,"{100: 25, 500: 17, 1000: 4, 5000: 3}"
4453,02/11/2025,12,874.5455858747919,"{100: 26, 500: 14, 1000: 4, 5000: 2}"
4599,14/08/2025,92,874.5265976500534,"{100: 25, 500: 17, 1000: 6, 5000: 2, 200: 2}"
6129,08/10/2025,37,874.480827450271,"{100: 26, 500: 14, 200: 4, 2000: 3, 1000: 3, 5000: 1}"
6063,16/10/2025,29,874.4776996154118,"{100: 25, 500: 13, 5000: 7, 1000: 5, 200: 3, 2000: 2}"
4678,29/10/2025,16,874.4050996795946,"{100: 27, 500: 12, 5000: 4, 1000: 4, 200: 3}"
2525,09/11/2025,5,874.4040280798698,"{100: 27, 500: 12, 1000: 3, 5000: 3, 200: 2}"
5368,10/11/2025,4,874.3021853822249,"{100: 24, 500: 16, 1000: 7, 5000: 3, 200: 3, 2000: 1}"
6869,08/11/2025,6,874.1077774818453,"{100: 23, 500: 19, 1000: 7, 5000: 3, 2000: 1, 200: 1}"
2267,02/11/2025,12,874.0963709220832,"{100: 26, 500: 13, 5000: 5, 200: 3, 2000: 2, 1000: 1}"
3420,29/10/2025,16,874.0846178421598,"{100: 28, 1000: 8, 500: 8, 5000: 8, 200: 6, 2000: 1}"
8882,12/11/2025,2,874.0271856308311,"{100: 26, 500: 12, 5000: 3, 1000: 2, 200: 1}"
9027,02/11/2025,12,874.0137376499171,"{100: 25, 500: 13, 5000: 10, 200: 4, 1000: 3, 2000: 2}"
3050,10/11/2025,4,873.9886452202603,"{500: 22, 100: 21, 5000: 4, 2000: 2, 1000: 2, 200: 1}"
7249,05/11/2025,9,873.9665581497619,"{100: 25, 500: 14, 1000: 8, 200: 4, 5000: 1}"
7078,21/10/2025,24,873.870573271146,"{100: 28, 500: 10, 1000: 3, 5000: 3, 200: 2, 2000: 1}"
4551,30/09/2025,45,873.8212532730839,"{100: 27, 500: 13, 200: 3, 2000: 2, 5000: 2, 1000: 1}"
5377,22/10/2025,23,873.7948847721087,"{100: 23, 500: 18, 1000: 5, 200: 5, 5000: 2}"
4524,12/11/2025,2,873.7859219905263,"{100: 27, 500: 11, 1000: 4, 5000: 2, 200: 2, 2000: 2}"
9163,06/11/2025,8,873.716192943337,"{100: 30, 500: 8, 5000: 3, 1000: 2, 200: 2, 2000: 1}"
3358,14/11/2025,0,873.6959013269523,"{500: 22, 100: 21, 200: 3, 1000: 2, 2000: 1, 5000: 1}"
9067,11/11/2025,3,873.6340075236633,"{100: 24, 500: 17, 5000: 6, 1000: 3, 2000: 1, 200: 1}"
3472,19/10/2025,26,873.6049090793613,"{100: 26, 500: 13, 5000: 4, 1000: 2, 200: 2}"
8075,12/11/2025,2,873.5742609964873,"{100: 21, 500: 20, 1000: 7, 5000: 2, 200: 2, 2000: 1}"
5462,09/10/2025,36,873.5649223272939,"{100: 23, 500: 17, 5000: 7, 1000: 5, 2000: 1, 200: 1}"
1429,31/10/2025,14,873.5625676980196,"{100: 24, 500: 18, 1000: 3, 5000: 3, 200: 2}"
3603,12/10/2025,33,873.5390207673747,"{100: 26, 500: 15, 5000: 3, 1000: 3, 200: 1, 2000: 1}"
1993,02/09/2025,73,873.4718334601064,"{100: 26, 500: 14, 1000: 6, 5000: 3, 200: 3, 2000: 2}"
2496,10/11/2025,4,873.4188265269444,"{100: 27, 500: 12, 200: 6, 1000: 3, 2000: 2, 5000: 2}"
8723,13/11/2025,1,873.3265788744816,"{100: 26, 500: 12, 1000: 6, 200: 3, 5000: 3}"
2972,13/11/2025,1,873.322817099225,"{100: 26, 500: 12, 5000: 5, 1000: 4, 200: 3, 2000: 1}"
2369,14/11/2025,0,873.2909065046599,"{100: 23, 500: 18, 1000: 3, 2000: 3, 200: 3, 5000: 2}"
7615,22/10/2025,23,873.2418017977694,"{100: 23, 500: 15, 5000: 8, 1000: 6}"
8621,07/10/2025,38,873.2351589774029,"{100: 29, 500: 8, 200: 5, 5000: 3, 1000: 2, 2000: 1}"
3649,08/11/2025,6,873.1034571239246,"{100: 25, 500: 15, 1000: 4, 2000: 3, 5000: 2, 200: 2}"
2596,20/10/2025,25,873.0715347911465,"{100: 27, 500: 11, 1000: 5, 200: 4, 2000: 3, 5000: 1}"
6284,04/11/2025,10,873.0618663148643,"{100: 24, 500: 17, 1000: 5, 200: 4, 5000: 2, 2000: 1}"
2737,24/10/2025,21,873.0227856178723,"{100: 26, 500: 14, 1000: 6, 5000: 2, 2000: 1}"
5016,01/11/2025,13,872.9884031018036,"{100: 23, 500: 19, 5000: 5, 1000: 3, 200: 2}"
4323,24/08/2025,82,872.9874398330284,"{100: 27, 500: 13, 5000: 6, 200: 1}"
7478,25/10/2025,20,872.9803885096699,"{100: 24, 500: 14, 5000: 5, 200: 4, 1000: 4, 2000: 2}"
6361,18/10/2025,27,872.7816345377363,"{100: 27, 500: 12, 5000: 5, 1000: 3, 2000: 1, 200: 1}"
0868,28/10/2025,17,872.6486265674508,"{100: 28, 500: 10, 1000: 8, 200: 4}"
9300,11/11/2025,3,872.5536216422537,"{100: 27, 500: 12, 5000: 5, 1000: 3, 200: 2, 2000: 1}"
0056,25/10/2025,20,872.5356937587926,"{100: 29, 500: 8, 200: 6, 1000: 3, 5000: 2, 2000: 1}"
1112,24/10/2025,21,872.4499752532157,"{100: 27, 500: 13, 5000: 4, 2000: 2, 1000: 2, 200: 1}"
5008,27/10/2025,18,872.3615931745193,"{100: 27, 500: 12, 1000: 6, 200: 3, 2000: 2, 5000: 1}"
3554,11/11/2025,3,872.3555992349256,"{100: 24, 500: 17, 5000: 5, 200: 2}"
4198,14/11/2025,0,872.2436735956622,"{100: 26, 500: 14, 1000: 4, 5000: 2, 2000: 1, 200: 1}"
4462,25/10/2025,20,872.1940999344461,"{100: 25, 500: 12, 1000: 7, 5000: 6, 2000: 4, 200: 1}"
0556,10/11/2025,4,872.1919998984762,"{100: 24, 500: 15, 1000: 8, 200: 3, 2000: 2, 5000: 2}"
3442,18/10/2025,27,872.1915270968584,"{100: 29, 500: 8, 1000: 7, 5000: 2, 2000: 1, 200: 1}"
6849,28/10/2025,17,872.1086898842912,"{100: 23, 500: 19, 1000: 4, 200: 2, 2000: 1, 5000: 1}"
0812,19/10/2025,26,872.0958654314209,"{100: 24, 500: 18, 1000: 2, 200: 2, 5000: 2}"
7661,17/10/2025,28,872.0617692422505,"{100: 29, 500: 8, 200: 6, 5000: 5, 1000: 1}"
5805,31/10/2025,14,872.0414870127598,"{100: 24, 500: 18, 5000: 4, 1000: 2, 200: 1}"
2758,25/10/2025,20,871.7773749851007,"{100: 23, 500: 15, 5000: 5, 1000: 4, 200: 2, 2000: 1}"
7378,23/10/2025,22,871.7653417941357,"{100: 22, 500: 19, 5000: 3, 2000: 2, 200: 2, 1000: 1}"
0107,13/11/2025,1,871.7407421884699,"{100: 22, 500: 20, 5000: 4, 1000: 4, 200: 3, 2000: 1}"
4613,11/11/2025,3,871.6272057203719,"{100: 24, 500: 17, 1000: 4, 200: 2, 5000: 1, 2000: 1}"
6322,20/10/2025,25,871.586321528815,"{100: 22, 500: 20, 5000: 4, 1000: 4, 200: 2}"
2103,14/11/2025,0,871.5641334046423,"{100: 23, 500: 17, 1000: 6, 5000: 3, 200: 3, 2000: 2}"
8804,06/11/2025,8,871.5461240633132,"{100: 25, 500: 14, 1000: 5, 200: 4, 5000: 4}"
2873,22/10/2025,23,871.4777316460846,"{100: 23, 500: 18, 1000: 6, 200: 3, 5000: 2, 2000: 1}"
8273,14/11/2025,0,871.4622717955451,"{100: 26, 500: 16, 5000: 3, 2000: 2, 200: 1}"
4202,19/10/2025,26,871.4584653046956,"{100: 24, 500: 17, 1000: 4, 5000: 3, 200: 3, 2000: 1}"
5329,20/09/2025,55,871.4280575029235,"{100: 26, 500: 14, 1000: 5, 5000: 3, 2000: 2, 200: 2}"
9944,23/09/2025,52,871.2503747504204,"{100: 27, 500: 15, 200: 3, 2000: 2, 1000: 2}"
7471,03/09/2025,72,871.2367754625167,"{100: 28, 500: 10, 5000: 4, 1000: 4, 200: 2, 2000: 1}"
8549,11/11/2025,3,871.2024874969268,"{100: 23, 500: 15, 1000: 7, 5000: 3, 200: 2}"
6623,28/10/2025,17,871.1976234980656,"{100: 25, 500: 17, 1000: 2, 5000: 1, 2000: 1, 200: 1}"
8524,04/11/2025,10,871.1844311878657,"{100: 22, 500: 19, 5000: 4, 1000: 3, 200: 2}"
8513,08/11/2025,6,871.1293901213418,"{100: 23, 500: 19, 200: 5, 5000: 2, 1000: 2, 2000: 1}"
6567,11/11/2025,3,871.0327890716665,"{100: 30, 500: 7, 1000: 5, 5000: 2, 200: 2, 2000: 1}"
9344,22/10/2025,23,870.8914359969859,"{100: 27, 500: 14, 1000: 2, 5000: 1}"
1279,17/10/2025,28,870.8625148149144,"{100: 26, 500: 14, 5000: 3, 1000: 3, 200: 2, 2000: 1}"
3565,20/10/2025,25,870.8284257803681,"{100: 27, 500: 15, 200: 2, 1000: 1}"
6898,27/10/2025,18,870.7684847472547,"{100: 24, 500: 17, 5000: 5, 1000: 4, 2000: 1, 200: 1}"
2075,01/11/2025,13,870.6688284603655,"{100: 26, 500: 10, 1000: 6, 5000: 3, 2000: 1, 200: 1}"
0236,18/10/2025,27,870.4651545836713,"{100: 24, 500: 17, 1000: 4, 2000: 2, 5000: 2, 200: 2}"
7995,25/10/2025,20,870.4513861376796,"{100: 23, 500: 18, 1000: 4, 5000: 3}"
3889,24/10/2025,21,870.3315879482557,"{100: 25, 500: 15, 1000: 5, 5000: 3, 200: 1}"
7182,01/09/2025,74,870.1769615696815,"{100: 27, 500: 12, 5000: 2, 2000: 2, 200: 1, 1000: 1}"
7611,04/11/2025,10,870.0000285302204,"{100: 23, 500: 18, 200: 5, 1000: 3, 5000: 1}"
8201,06/10/2025,39,869.972924058086,"{100: 26, 500: 13, 1000: 6, 200: 5, 5000: 1, 2000: 1}"
7488,07/09/2025,68,869.9280613664052,"{100: 24, 500: 17, 1000: 6, 5000: 1, 200: 1}"
4651,21/09/2025,54,869.9145249580931,"{100: 25, 500: 14, 1000: 5, 5000: 5, 200: 2, 2000: 2}"
9099,10/11/2025,4,869.8678954090091,"{100: 24, 500: 15, 5000: 6, 1000: 6, 200: 2}"
2261,08/11/2025,6,869.8566171152108,"{100: 26, 500: 13, 1000: 4, 200: 2, 2000: 1, 5000: 1}"
9303,11/10/2025,34,869.7830996267002,"{100: 26, 500: 13, 1000: 7, 200: 5, 5000: 4}"
3951,22/09/2025,53,869.7738456349557,"{100: 25, 500: 12, 5000: 4, 1000: 4, 200: 2, 2000: 2}"
2388,27/10/2025,18,869.7716363011092,"{100: 26, 500: 13, 1000: 4, 5000: 3, 200: 3, 2000: 1}"
6987,07/11/2025,7,869.6416303710049,"{100: 22, 500: 21, 5000: 4, 1000: 3, 2000: 1}"
0849,04/10/2025,41,869.6057796832688,"{500: 25, 100: 17, 200: 5, 1000: 5, 5000: 4, 2000: 2}"
6220,06/08/2025,100,869.540809581169,"{100: 30, 500: 10, 1000: 2, 5000: 2, 2000: 1, 200: 1}"
1331,10/11/2025,4,869.4689410183329,"{100: 25, 500: 16, 5000: 3, 1000: 2, 200: 2, 2000: 1}"
7643,05/10/2025,40,869.3936096099075,"{100: 26, 500: 12, 200: 3, 1000: 3, 5000: 2, 2000: 2}"
6421,04/11/2025,10,869.3455087055356,"{100: 23, 500: 16, 5000: 6, 200: 5, 1000: 2}"
5228,12/10/2025,33,869.3230088581533,"{100: 26, 500: 12, 5000: 4, 2000: 3, 200: 2, 1000: 1}"
9055,07/10/2025,38,869.24087542981,"{100: 26, 500: 14, 5000: 7, 200: 4, 1000: 3}"
0286,09/10/2025,36,869.1308426744866,"{100: 24, 500: 13, 1000: 7, 5000: 6, 2000: 2, 200: 1}"
6988,23/10/2025,22,869.1147324052805,"{100: 24, 500: 17, 5000: 4, 1000: 3, 200: 3}"
7043,13/10/2025,32,869.0781060550613,"{100: 25, 500: 14, 1000: 5, 5000: 3, 2000: 3, 200: 1}"
2849,06/11/2025,8,869.0748023858667,"{100: 26, 500: 12, 5000: 5, 200: 2, 1000: 2, 2000: 1}"
7395,28/10/2025,17,868.9767689943374,"{100: 21, 500: 19, 5000: 4, 1000: 4, 2000: 2, 200: 2}"
0677,29/10/2025,16,868.9492113896423,"{100: 23, 500: 15, 5000: 8, 200: 4, 1000: 2, 2000: 1}"
3209,12/11/2025,2,868.9411842798738,"{100: 28, 500: 9, 1000: 6, 5000: 3, 2000: 2}"
6848,22/10/2025,23,868.8658298402012,"{100: 25, 500: 16, 5000: 5, 1000: 2, 2000: 1, 200: 1}"
7592,14/11/2025,0,868.8250532006739,"{100: 27, 500: 11, 1000: 6, 5000: 5, 200: 1}"
3653,30/10/2025,15,868.8000134183653,"{100: 24, 500: 15, 200: 4, 1000: 3, 5000: 2}"
3002,15/10/2025,30,868.7817317381543,"{100: 26, 500: 13, 200: 4, 5000: 3, 2000: 2, 1000: 2}"
6339,20/10/2025,25,868.7433389842572,"{100: 28, 500: 10, 1000: 6, 5000: 3, 2000: 2, 200: 1}"
8542,22/10/2025,23,868.7063089684696,"{100: 24, 500: 17, 1000: 6, 200: 3, 2000: 1, 5000: 1}"
7233,27/10/2025,18,868.7009921473402,"{100: 24, 500: 18, 2000: 4, 5000: 3, 200: 1, 1000: 1}"
9311,08/11/2025,6,868.6736011576588,"{100: 24, 500: 15, 1000: 7, 5000: 6, 200: 3, 2000: 2}"
9581,19/10/2025,26,868.6643284713853,"{100: 24, 500: 14, 5000: 5, 1000: 4, 200: 4, 2000: 1}"
2238,30/10/2025,15,868.6641157728216,"{100: 25, 500: 15, 1000: 5, 5000: 4, 200: 1, 2000: 1}"
3893,10/11/2025,4,868.5740877491202,"{100: 24, 500: 15, 1000: 6, 5000: 5, 2000: 3, 200: 2}"
3428,12/10/2025,33,868.5521391016769,"{100: 25, 500: 13, 5000: 4, 1000: 4, 200: 3}"
6840,06/11/2025,8,868.4922562339979,"{100: 25, 500: 15, 1000: 5, 5000: 1, 2000: 1}"
3606,14/11/2025,0,868.4569431952636,"{100: 26, 500: 14, 5000: 4, 1000: 2, 2000: 1, 200: 1}"
9028,02/11/2025,12,868.369126340276,"{100: 23, 500: 18, 5000: 5, 200: 5, 1000: 4}"
6151,15/10/2025,30,868.356921806169,"{100: 26, 500: 12, 1000: 5, 5000: 2, 200: 2}"
9653,09/11/2025,5,868.3554385400878,"{100: 26, 500: 14, 1000: 4, 200: 2, 2000: 2, 5000: 1}"
3054,08/11/2025,6,868.3039417338204,"{100: 27, 500: 11, 5000: 4, 1000: 4, 2000: 3, 200: 3}"
1829,27/10/2025,18,868.2243034840808,"{100: 26, 500: 12, 200: 6, 1000: 5, 5000: 1, 2000: 1}"
8928,24/10/2025,21,868.1903233626007,"{100: 25, 500: 14, 1000: 6, 200: 4, 5000: 2, 2000: 1}"
7255,27/10/2025,18,868.1167912210188,"{100: 26, 500: 14, 5000: 4, 2000: 2, 200: 1, 1000: 1}"
4914,28/10/2025,17,868.1037718883886,"{100: 24, 500: 12, 5000: 5, 1000: 4, 200: 4, 2000: 2}"
3391,14/11/2025,0,868.0034189904792,"{100: 25, 500: 15, 1000: 4, 5000: 3, 2000: 2, 200: 1}"
5485,01/11/2025,13,867.8860894623516,"{100: 25, 500: 18, 1000: 3, 2000: 1}"
0883,29/08/2025,77,867.865984985736,"{100: 24, 500: 15, 5000: 6, 2000: 4, 1000: 3, 200: 3}"
6651,11/11/2025,3,867.7835510459045,"{100: 23, 500: 15, 5000: 4, 1000: 4, 200: 3, 2000: 1}"
5158,19/10/2025,26,867.7217941779081,"{100: 25, 500: 16, 1000: 4, 200: 3, 2000: 2, 5000: 1}"
7581,13/11/2025,1,867.7089484173371,"{100: 24, 500: 16, 1000: 5, 5000: 3, 200: 2}"
8834,12/11/2025,2,867.3872257189694,"{100: 26, 500: 15, 5000: 2, 200: 1, 1000: 1}"
7115,23/10/2025,22,867.3548379478649,"{100: 23, 500: 15, 1000: 8, 5000: 2, 200: 2, 2000: 1}"
2016,03/11/2025,11,867.2385715907145,"{100: 28, 500: 12, 5000: 4, 1000: 2, 200: 2}"
1269,13/11/2025,1,867.166751313851,"{500: 23, 100: 20, 5000: 3, 1000: 2, 200: 2}"
0071,08/11/2025,6,866.9685304621054,"{100: 25, 500: 14, 200: 5, 5000: 4, 1000: 4, 2000: 3}"
8354,08/11/2025,6,866.9490093520186,"{100: 25, 500: 11, 1000: 6, 5000: 5}"
4354,27/10/2025,18,866.7580546496256,"{100: 25, 500: 12, 5000: 4, 200: 4, 1000: 3, 2000: 2}"
0994,03/11/2025,11,866.7494571580851,"{100: 25, 500: 14, 1000: 4, 5000: 4, 200: 4, 2000: 1}"
3729,18/10/2025,27,866.6011102145316,"{100: 26, 500: 13, 1000: 4, 5000: 4, 2000: 2, 200: 2}"
8370,11/11/2025,3,866.585291756877,"{100: 26, 500: 12, 1000: 9, 2000: 3, 200: 2, 5000: 1}"
9215,02/11/2025,12,866.4468960575853,"{100: 21, 500: 17, 1000: 7, 5000: 2, 2000: 2, 200: 2}"
7345,11/11/2025,3,866.4363409789917,"{100: 24, 500: 14, 5000: 4, 1000: 3, 200: 3}"
0115,26/10/2025,19,866.363776291043,"{100: 26, 500: 12, 1000: 5, 200: 4, 5000: 3, 2000: 1}"
9368,21/10/2025,24,866.3541009158306,"{100: 24, 500: 18, 200: 3, 1000: 3, 2000: 1, 5000: 1}"
7974,26/10/2025,19,866.2424602448726,"{500: 22, 100: 22, 1000: 4, 200: 1}"
5118,12/11/2025,2,866.2228754496753,"{100: 23, 500: 19, 5000: 3, 2000: 2, 1000: 2, 200: 2}"
7838,07/11/2025,7,866.2140913600206,"{100: 20, 500: 19, 1000: 5, 5000: 3, 200: 3, 2000: 2}"
7658,27/10/2025,18,866.07982489223,"{100: 27, 500: 9, 1000: 6, 5000: 2, 2000: 1, 200: 1}"
7365,02/11/2025,12,866.0488433601626,"{100: 27, 500: 12, 1000: 3, 2000: 2, 5000: 1, 200: 1}"
6094,10/11/2025,4,866.0248299516713,"{100: 26, 500: 12, 1000: 7, 5000: 6}"
2822,25/10/2025,20,865.9878369382994,"{100: 25, 500: 12, 1000: 6, 200: 3, 5000: 2, 2000: 2}"
6131,09/10/2025,36,865.9007233234743,"{100: 29, 500: 9, 200: 4, 1000: 3, 2000: 2, 5000: 2}"
6629,07/10/2025,38,865.8764694855914,"{100: 31, 500: 6, 5000: 4, 1000: 3, 200: 2, 2000: 1}"
9959,13/11/2025,1,865.801870017553,"{100: 26, 500: 12, 5000: 4, 200: 4, 1000: 3, 2000: 3}"
5511,08/11/2025,6,865.7971552407836,"{100: 23, 500: 18, 1000: 6, 200: 3, 2000: 2, 5000: 1}"
4892,06/11/2025,8,865.4948977874232,"{100: 28, 500: 10, 1000: 4, 200: 3, 2000: 1, 5000: 1}"
3573,11/10/2025,34,865.4423065113925,"{100: 23, 500: 17, 1000: 6, 5000: 5, 200: 3}"
8129,17/10/2025,28,865.4408918402669,"{100: 26, 500: 14, 5000: 4, 200: 2, 1000: 1}"
6355,02/11/2025,12,865.389923092366,"{100: 27, 1000: 10, 500: 9, 5000: 5, 200: 1}"
9032,19/10/2025,26,865.2365737283241,"{100: 26, 500: 13, 5000: 5, 200: 3, 1000: 3, 2000: 3}"
3797,10/09/2025,65,865.1601854358638,"{100: 23, 500: 18, 1000: 7, 5000: 5, 200: 2, 2000: 1}"
3070,08/11/2025,6,865.1092395006476,"{100: 23, 500: 16, 5000: 9, 1000: 5, 200: 2}"
9326,29/10/2025,16,865.0691399346492,"{100: 24, 500: 16, 1000: 4, 200: 4, 2000: 2, 5000: 2}"
4559,08/11/2025,6,865.0608227550374,"{100: 26, 500: 15, 2000: 1, 1000: 1, 5000: 1, 200: 1}"
7217,11/10/2025,34,865.007957986301,"{100: 26, 500: 13, 5000: 5, 1000: 4, 200: 3}"
9117,13/09/2025,62,864.9836817608253,"{100: 25, 500: 14, 5000: 8, 1000: 7, 2000: 2, 200: 1}"
5523,23/10/2025,22,864.9236104966782,"{100: 25, 500: 14, 1000: 4, 200: 3, 5000: 2, 2000: 1}"
9204,01/11/2025,13,864.8663159415007,"{100: 23, 500: 19, 1000: 3, 5000: 2, 200: 2}"
6851,06/11/2025,8,864.8475872871982,"{100: 25, 500: 12, 5000: 4, 1000: 4, 200: 2, 2000: 2}"
9644,18/10/2025,27,864.7724013556867,"{100: 24, 500: 18, 1000: 3, 5000: 2}"
8904,28/09/2025,47,864.7596795963792,"{100: 23, 500: 18, 5000: 5, 1000: 3, 200: 3, 2000: 2}"
2479,11/11/2025,3,864.7430296480669,"{100: 27, 500: 10, 5000: 6, 1000: 3, 200: 2}"
2458,21/10/2025,24,864.7298540995592,"{100: 23, 500: 19, 2000: 3, 5000: 2, 200: 1}"
2866,26/10/2025,19,864.6138872758394,"{100: 29, 500: 11, 1000: 3, 2000: 2, 200: 2}"
9438,11/11/2025,3,864.6094769562285,"{100: 25, 500: 16, 1000: 4, 200: 1}"
7117,29/10/2025,16,864.4871250914155,"{100: 23, 500: 16, 1000: 7, 5000: 5, 200: 5, 2000: 1}"
2885,24/10/2025,21,864.4686907963276,"{100: 23, 500: 18, 1000: 5, 5000: 4, 200: 2}"
2333,05/11/2025,9,864.4651666198189,"{100: 28, 500: 9, 5000: 5, 200: 4, 1000: 2}"
0714,22/10/2025,23,864.3380755486808,"{100: 29, 500: 7, 1000: 5, 200: 5, 2000: 3, 5000: 2}"
5091,09/11/2025,5,864.3186775914146,"{100: 28, 500: 13, 5000: 4, 2000: 1}"
0531,20/10/2025,25,864.3169716011741,"{100: 27, 500: 10, 5000: 2, 200: 2, 2000: 1, 1000: 1}"
2557,13/11/2025,1,864.259993972425,"{100: 25, 500: 14, 5000: 7, 200: 4, 1000: 2, 2000: 1}"
0551,28/10/2025,17,864.2458948764594,"{100: 28, 500: 11, 1000: 3, 5000: 2, 2000: 1, 200: 1}"
5196,17/10/2025,28,864.1884871997858,"{100: 23, 500: 17, 1000: 6, 5000: 5, 200: 3, 2000: 2}"
6125,10/11/2025,4,864.1448312669555,"{100: 28, 500: 9, 1000: 5, 200: 3, 5000: 3}"
9086,18/10/2025,27,864.0999722585332,"{100: 23, 500: 16, 1000: 7, 200: 4, 5000: 3, 2000: 1}"
8954,27/10/2025,18,864.0724408447818,"{100: 23, 500: 18, 5000: 4, 200: 3, 1000: 3, 2000: 1}"
1403,08/11/2025,6,863.9205099305208,"{100: 25, 500: 10, 5000: 7, 1000: 7, 2000: 3, 200: 3}"
0646,04/11/2025,10,863.868928489114,"{100: 26, 500: 13, 1000: 6, 2000: 3, 5000: 1, 200: 1}"
5468,03/11/2025,11,863.838030318387,"{100: 23, 500: 16, 1000: 9, 200: 4, 5000: 2}"
7619,30/09/2025,45,863.6743684380826,"{100: 23, 500: 18, 5000: 5, 1000: 4, 200: 2, 2000: 1}"
7127,20/10/2025,25,863.6528495836443,"{100: 27, 500: 11, 2000: 5, 1000: 4, 200: 4, 5000: 2}"
8223,14/11/2025,0,863.570189322507,"{100: 25, 500: 13, 5000: 7, 1000: 3, 200: 2}"
2170,11/11/2025,3,863.5373290309802,"{100: 27, 500: 12, 1000: 4, 5000: 2, 200: 2}"
1718,13/11/2025,1,863.4588309844378,"{100: 24, 500: 15, 200: 5, 5000: 3, 1000: 2, 2000: 1}"
3355,05/11/2025,9,863.3575047475131,"{100: 24, 500: 15, 5000: 5, 1000: 4, 2000: 1}"
7700,30/10/2025,15,863.260565272081,"{100: 26, 500: 12, 5000: 6, 1000: 4, 200: 2, 2000: 1}"
0348,15/10/2025,30,863.1293562536524,"{100: 30, 500: 7, 1000: 5, 5000: 3, 2000: 1}"
2443,14/11/2025,0,863.1016087060298,"{100: 24, 500: 17, 1000: 7, 200: 2}"
8254,08/10/2025,37,863.0264426171618,"{100: 24, 500: 17, 1000: 6, 5000: 2, 200: 1}"
0174,05/11/2025,9,863.0138654757791,"{100: 23, 500: 17, 1000: 6, 5000: 3, 200: 2, 2000: 1}"
8296,04/10/2025,41,863.006723193651,"{100: 27, 500: 11, 1000: 6, 5000: 3, 200: 2, 2000: 1}"
5699,04/11/2025,10,863.0047960584176,"{100: 27, 500: 11, 200: 5, 1000: 4, 5000: 4}"
2552,09/10/2025,36,862.9882845308204,"{100: 22, 500: 18, 1000: 10, 5000: 6, 200: 1}"
7379,02/11/2025,12,862.9731902366245,"{100: 26, 500: 12, 5000: 4, 1000: 3, 2000: 2, 200: 2}"
7911,05/08/2025,101,862.9287344437157,"{100: 24, 500: 16, 200: 5, 1000: 4, 5000: 4}"
4261,19/08/2025,87,862.8579060557287,"{100: 29, 500: 8, 1000: 8, 5000: 4}"
8478,29/09/2025,46,862.8256341375234,"{100: 27, 500: 12, 1000: 6, 200: 3, 5000: 1, 2000: 1}"
7084,20/10/2025,25,862.6671273772289,"{100: 26, 500: 13, 5000: 5, 200: 4, 1000: 1, 2000: 1}"
0535,07/11/2025,7,862.6408428228174,"{100: 27, 500: 10, 1000: 5, 5000: 4}"
9374,17/10/2025,28,862.5979582358185,"{100: 28, 500: 11, 5000: 3, 200: 3, 1000: 2, 2000: 1}"
9363,06/11/2025,8,862.5918560399102,"{100: 24, 500: 14, 1000: 9, 5000: 4, 200: 2}"
3905,09/10/2025,36,862.5886763912082,"{500: 24, 100: 20, 5000: 4, 2000: 1, 200: 1, 1000: 1}"
1122,10/10/2025,35,862.5848899151769,"{100: 24, 500: 17, 1000: 7, 200: 5}"
5867,20/10/2025,25,862.5376145927801,"{100: 27, 500: 12, 5000: 5, 200: 3, 2000: 2, 1000: 2}"
5611,07/11/2025,7,862.3892994282414,"{100: 23, 500: 18, 1000: 6, 5000: 2, 200: 1}"
5439,15/10/2025,30,862.3448232651151,"{100: 24, 500: 14, 5000: 5, 1000: 5, 200: 2, 2000: 2}"
9949,11/09/2025,64,862.3320351699874,"{100: 24, 500: 15, 1000: 9, 5000: 4, 2000: 2, 200: 1}"
6328,07/11/2025,7,862.3060109351492,"{100: 25, 500: 14, 1000: 7, 5000: 3, 200: 2}"
7857,03/11/2025,11,862.2739067072536,"{100: 27, 500: 9, 5000: 7, 1000: 3, 200: 3}"
5980,14/09/2025,61,862.2536356054576,"{100: 25, 500: 13, 5000: 6, 2000: 2, 200: 2, 1000: 2}"
1134,21/08/2025,85,862.2119037711138,"{100: 27, 500: 13, 5000: 5, 200: 3, 2000: 1, 1000: 1}"
6424,28/10/2025,17,861.967465615243,"{100: 28, 500: 10, 1000: 5, 200: 3, 5000: 2}"
5662,04/11/2025,10,861.9050258875333,"{100: 26, 500: 12, 5000: 2, 200: 2, 1000: 1}"
8121,08/09/2025,67,861.8671915284004,"{100: 25, 500: 12, 5000: 6, 1000: 5, 2000: 3, 200: 1}"
2105,10/11/2025,4,861.8669627161477,"{100: 23, 500: 16, 200: 5, 5000: 5, 1000: 4, 2000: 2}"
6530,01/10/2025,44,861.8015060398742,"{100: 21, 500: 18, 1000: 7, 5000: 5, 200: 2, 2000: 1}"
7044,14/11/2025,0,861.7941375141378,"{100: 26, 500: 12, 1000: 6, 5000: 4, 200: 3}"
5223,04/11/2025,10,861.6213755634358,"{100: 29, 500: 9, 1000: 2, 5000: 1, 200: 1}"
4160,12/11/2025,2,861.6106004349053,"{100: 26, 500: 13, 1000: 4, 5000: 4, 200: 1, 2000: 1}"
9235,09/11/2025,5,861.5737998062057,"{100: 28, 500: 10, 200: 5, 1000: 4, 5000: 2, 2000: 1}"
4500,15/10/2025,30,861.5708122222757,"{100: 25, 500: 15, 200: 6, 1000: 3, 5000: 2}"
0459,05/11/2025,9,861.4682758144127,"{100: 26, 500: 11, 1000: 5, 200: 4, 5000: 3, 2000: 1}"
8274,08/11/2025,6,861.4464842419015,"{100: 23, 500: 19, 5000: 3, 2000: 2, 200: 2, 1000: 1}"
2311,30/09/2025,45,861.4405731549726,"{100: 22, 500: 19, 200: 6, 5000: 3, 2000: 2, 1000: 1}"
6606,14/11/2025,0,861.4245907793136,"{100: 22, 500: 15, 1000: 8, 5000: 4, 200: 3}"
3379,05/11/2025,9,861.2931124311973,"{100: 24, 500: 16, 1000: 5, 200: 4, 5000: 2}"
0611,07/09/2025,68,861.2798062193737,"{100: 24, 500: 14, 1000: 6, 5000: 5, 200: 2}"
8182,13/11/2025,1,861.1737434623736,"{100: 25, 500: 12, 5000: 8, 1000: 4, 200: 3, 2000: 1}"
8465,26/09/2025,49,860.9507383943901,"{100: 27, 500: 11, 1000: 8, 2000: 3, 5000: 2, 200: 2}"
8866,10/09/2025,65,860.9283861538696,"{100: 26, 500: 14, 1000: 4, 5000: 2, 200: 2}"
4141,14/11/2025,0,860.8794787227204,"{100: 30, 500: 6, 5000: 6, 1000: 3, 200: 3}"
2399,12/10/2025,33,860.862054165911,"{100: 23, 500: 18, 1000: 6, 5000: 1, 200: 1}"
6879,09/11/2025,5,860.8352487570721,"{100: 24, 500: 15, 5000: 4, 2000: 3, 1000: 2, 200: 2}"
4420,03/11/2025,11,860.7428989988193,"{100: 22, 500: 20, 200: 4, 1000: 2, 2000: 2, 5000: 1}"
6260,29/09/2025,46,860.732277865897,"{100: 26, 500: 14, 200: 6, 5000: 4, 1000: 1}"
4956,10/10/2025,35,860.7139180803166,"{100: 27, 500: 11, 1000: 4, 5000: 4, 2000: 3, 200: 1}"
3091,08/10/2025,37,860.6263825883692,"{100: 23, 500: 17, 1000: 7, 5000: 5, 200: 4}"
2146,29/10/2025,16,860.37786112231,"{100: 23, 500: 18, 5000: 5, 200: 2, 1000: 2}"
9159,09/11/2025,5,860.3341776281503,"{100: 31, 500: 8, 200: 2, 1000: 1}"
2212,04/11/2025,10,860.3250650306535,"{100: 24, 500: 15, 1000: 6, 5000: 5, 200: 2}"
4295,29/10/2025,16,860.2848656757458,"{100: 26, 500: 13, 1000: 5, 200: 4, 5000: 2, 2000: 1}"
9606,17/09/2025,58,860.254797212554,"{100: 25, 500: 15, 200: 6, 1000: 2, 5000: 2, 2000: 1}"
5233,07/09/2025,68,860.1866646002152,"{100: 27, 500: 13, 5000: 3, 1000: 3, 2000: 1, 200: 1}"
6343,12/11/2025,2,860.1692661687711,"{100: 28, 500: 8, 1000: 5, 5000: 5, 200: 4}"
4041,30/10/2025,15,860.0520423416282,"{100: 28, 500: 8, 200: 5, 1000: 5, 5000: 2, 2000: 1}"
5219,11/11/2025,3,859.9473584326126,"{100: 24, 500: 13, 1000: 6, 5000: 4}"
6617,28/10/2025,17,859.9140800392744,"{100: 26, 500: 11, 5000: 4, 1000: 3}"
3364,22/10/2025,23,859.9135831892775,"{100: 26, 500: 13, 1000: 4, 5000: 2, 2000: 1, 200: 1}"
3867,07/11/2025,7,859.7934071957206,"{500: 22, 100: 20, 200: 5, 5000: 4, 1000: 3}"
3543,05/11/2025,9,859.7706153642955,"{100: 24, 500: 14, 200: 5, 5000: 5, 1000: 4, 2000: 3}"
5537,02/11/2025,12,859.6880860349255,"{100: 24, 500: 15, 1000: 6, 5000: 4, 200: 4, 2000: 3}"
4544,01/11/2025,13,859.6857086598211,"{100: 26, 500: 13, 1000: 4, 5000: 3, 200: 2, 2000: 2}"
4216,30/10/2025,15,859.6833161415894,"{100: 24, 500: 14, 5000: 5, 200: 2, 1000: 2}"
2287,31/08/2025,75,859.6620448129487,"{100: 25, 500: 16, 5000: 4, 1000: 4, 200: 3}"
4798,14/11/2025,0,859.6523217438776,"{100: 25, 500: 12, 5000: 7, 200: 6, 1000: 4}"
6228,09/11/2025,5,859.6078795655961,"{100: 24, 500: 16, 1000: 4, 5000: 2, 2000: 1, 200: 1}"
6459,19/10/2025,26,859.598426122463,"{100: 24, 500: 16, 1000: 5, 5000: 5, 2000: 1, 200: 1}"
3652,25/10/2025,20,859.5434506174706,"{100: 23, 500: 14, 1000: 6, 200: 4, 5000: 2}"
2189,20/06/2025,147,859.5341007540546,"{100: 29, 500: 12, 5000: 2, 1000: 2, 2000: 1}"
4978,08/11/2025,6,859.5189835472656,"{100: 22, 500: 17, 200: 5, 5000: 4, 2000: 1, 1000: 1}"
4366,12/10/2025,33,859.3755526613942,"{100: 25, 500: 14, 5000: 5, 200: 5, 1000: 5, 2000: 2}"
0231,11/10/2025,34,859.3583408692663,"{100: 25, 500: 15, 1000: 4, 5000: 4, 2000: 2, 200: 1}"
2225,14/09/2025,61,859.2748773282683,"{100: 28, 500: 11, 5000: 4, 2000: 2, 1000: 1}"
6521,21/10/2025,24,859.2216268880234,"{100: 27, 500: 12, 1000: 5, 2000: 1, 5000: 1, 200: 1}"
5058,06/11/2025,8,859.09489981766,"{100: 23, 500: 15, 5000: 6, 200: 5, 1000: 4, 2000: 1}"
0126,14/11/2025,0,859.0556931195888,"{100: 22, 500: 17, 1000: 8, 5000: 5, 200: 3, 2000: 2}"
0239,26/10/2025,19,859.0494626893027,"{100: 28, 500: 10, 1000: 5, 5000: 2, 200: 1}"
9057,27/10/2025,18,858.9722700332866,"{100: 24, 500: 13, 5000: 6, 1000: 4, 200: 4}"
5846,06/10/2025,39,858.9635124326715,"{100: 26, 500: 13, 1000: 4, 200: 2, 5000: 1}"
2021,15/10/2025,30,858.9230995557091,"{100: 23, 500: 14, 1000: 7, 5000: 5, 200: 3, 2000: 2}"
9566,10/11/2025,4,858.8261438401446,"{100: 29, 500: 8, 200: 7, 2000: 2, 5000: 2, 1000: 1}"
2374,07/11/2025,7,858.8113816184629,"{100: 26, 500: 15, 5000: 5, 200: 2, 2000: 1}"
6224,26/10/2025,19,858.7870981355343,"{100: 26, 500: 12, 1000: 5, 5000: 4, 200: 3}"
6076,29/08/2025,77,858.6239333246793,"{100: 27, 500: 13, 5000: 5, 1000: 2, 2000: 2}"
3525,26/10/2025,19,858.5905144688993,"{100: 26, 500: 10, 5000: 7, 1000: 3, 200: 3}"
5861,20/10/2025,25,858.5809646600231,"{100: 21, 500: 20, 5000: 9, 200: 3, 1000: 2, 2000: 2}"
0529,19/10/2025,26,858.5687694510335,"{100: 28, 500: 10, 1000: 4, 2000: 2, 200: 2, 5000: 2}"
7834,27/10/2025,18,858.5017399016841,"{100: 25, 500: 12, 1000: 9, 5000: 3, 200: 1}"
9459,28/10/2025,17,858.4511509422271,"{100: 25, 500: 14, 5000: 5, 1000: 5, 200: 2, 2000: 1}"
8612,08/10/2025,37,858.3186527955429,"{100: 25, 500: 13, 5000: 3, 1000: 3, 2000: 1, 200: 1}"
0948,12/10/2025,33,858.2635099465094,"{100: 27, 500: 11, 5000: 6, 200: 5, 1000: 4}"
7953,02/11/2025,12,858.2094628780095,"{500: 23, 100: 20, 2000: 3, 1000: 3, 5000: 3, 200: 2}"
3329,16/09/2025,59,858.1398233254694,"{100: 28, 500: 11, 5000: 6, 1000: 2}"
3669,09/10/2025,36,858.0960211808592,"{100: 25, 500: 16, 1000: 3, 2000: 2, 5000: 1, 200: 1}"
5868,19/10/2025,26,857.9826383873933,"{100: 27, 500: 10, 5000: 5, 1000: 4, 200: 1}"
1719,13/10/2025,32,857.9068047521279,"{100: 26, 500: 12, 1000: 7, 200: 4, 5000: 2, 2000: 1}"
0067,06/11/2025,8,857.7675631304004,"{100: 28, 500: 11, 200: 3, 5000: 2, 1000: 1}"
7462,24/10/2025,21,857.6581032700077,"{100: 22, 500: 18, 1000: 6, 5000: 6, 200: 1}"
6420,30/10/2025,15,857.5911127894342,"{100: 22, 500: 16, 5000: 8, 1000: 3, 200: 3, 2000: 2}"
3349,06/10/2025,39,857.439516503476,"{100: 28, 500: 11, 200: 5, 2000: 1, 5000: 1, 1000: 1}"
7368,25/10/2025,20,857.4372896517109,"{100: 22, 500: 18, 1000: 7, 5000: 3, 200: 3, 2000: 1}"
3051,15/10/2025,30,857.3514170490859,"{100: 23, 500: 17, 1000: 4, 2000: 3, 200: 3, 5000: 2}"
6057,25/10/2025,20,857.3339828648353,"{100: 24, 500: 13, 5000: 6, 200: 4, 1000: 3, 2000: 2}"
6857,10/11/2025,4,857.3307177527424,"{100: 27, 500: 9, 1000: 7, 5000: 7, 200: 3, 2000: 1}"
0136,05/11/2025,9,857.2983441727653,"{100: 26, 500: 11, 5000: 6, 1000: 2, 200: 1, 2000: 1}"
6535,20/10/2025,25,857.2960948662303,"{100: 24, 500: 15, 5000: 5, 200: 4, 1000: 4, 2000: 2}"
7285,12/11/2025,2,857.1761477870141,"{100: 25, 500: 13, 5000: 7, 1000: 6, 200: 1, 2000: 1}"
2544,13/11/2025,1,857.0932854599861,"{100: 24, 500: 16, 1000: 3, 5000: 2, 2000: 2, 200: 1}"
1510,14/11/2025,0,857.0719427946906,"{100: 23, 500: 14, 1000: 6, 5000: 4, 200: 2, 2000: 2}"
9039,31/10/2025,14,857.0333024518764,"{100: 24, 500: 13, 200: 7, 1000: 6, 2000: 2, 5000: 1}"
3144,05/11/2025,9,856.9808832935377,"{100: 24, 500: 17, 1000: 5, 200: 3, 2000: 2}"
5509,14/11/2025,0,856.9737348622918,"{100: 22, 500: 16, 1000: 7, 5000: 2, 200: 2}"
3710,11/11/2025,3,856.9461945190453,"{100: 23, 500: 15, 5000: 5, 2000: 4, 1000: 2, 200: 1}"
6824,12/11/2025,2,856.9350257026177,"{100: 24, 500: 13, 1000: 10, 5000: 6, 2000: 3, 200: 2}"
2484,14/11/2025,0,856.8348275086959,"{100: 22, 500: 16, 1000: 7, 5000: 2, 200: 2}"
2323,30/10/2025,15,856.8217179343134,"{100: 26, 500: 13, 1000: 4, 200: 3, 5000: 1}"
5473,02/11/2025,12,856.8005097859316,"{100: 24, 500: 14, 1000: 5, 5000: 3, 2000: 2, 200: 2}"
6349,08/08/2025,98,856.7454351316561,"{100: 26, 500: 15, 5000: 3, 2000: 2, 200: 2, 1000: 1}"
8611,21/09/2025,54,856.713400127396,"{100: 28, 500: 12, 5000: 2, 1000: 1, 200: 1}"
5872,11/10/2025,34,856.619988859236,"{100: 24, 500: 16, 200: 4, 1000: 3, 5000: 3, 2000: 1}"
3114,02/11/2025,12,856.6067752293893,"{100: 22, 500: 21, 5000: 2, 2000: 1, 1000: 1}"
3449,13/10/2025,32,856.339913108999,"{100: 25, 500: 14, 1000: 5, 200: 4, 2000: 2, 5000: 1}"
6030,15/10/2025,30,856.3354495677232,"{100: 23, 500: 17, 5000: 6, 1000: 3, 2000: 3, 200: 1}"
4844,21/06/2025,146,856.2969218462491,"{100: 28, 500: 12, 1000: 5, 5000: 4, 200: 1}"
0610,14/11/2025,0,856.1666003148241,"{100: 28, 500: 9, 5000: 2, 1000: 2, 200: 2, 2000: 1}"
6189,14/11/2025,0,856.1474450181412,"{100: 27, 500: 9, 1000: 5, 5000: 5, 200: 1}"
9559,04/11/2025,10,856.1222718119182,"{100: 26, 500: 13, 5000: 4, 1000: 3, 200: 3, 2000: 1}"
6572,15/10/2025,30,855.9105466370448,"{100: 24, 500: 17, 1000: 3, 5000: 3, 200: 1, 2000: 1}"
9444,06/11/2025,8,855.8982660366165,"{100: 25, 500: 13, 5000: 6, 1000: 5, 200: 3}"
1966,28/10/2025,17,855.8347856019084,"{100: 20, 500: 20, 1000: 8, 5000: 4, 2000: 1, 200: 1}"
4797,24/10/2025,21,855.8159170517737,"{100: 25, 500: 14, 1000: 6, 2000: 4, 200: 2, 5000: 2}"
7360,10/08/2025,96,855.7061107427295,"{100: 27, 500: 12, 1000: 6, 5000: 2, 2000: 1}"
2986,29/09/2025,46,855.6969693101303,"{100: 26, 500: 13, 1000: 4, 5000: 3, 200: 1}"
3433,10/11/2025,4,855.6424731221256,"{100: 25, 500: 13, 1000: 6, 200: 2, 5000: 1}"
9589,16/09/2025,59,855.6326408264588,"{100: 26, 500: 12, 5000: 6, 1000: 5, 200: 5, 2000: 1}"
7110,16/10/2025,29,855.6147656733754,"{100: 27, 500: 10, 5000: 3, 200: 1, 1000: 1, 2000: 1}"
2453,11/11/2025,3,855.5999949915484,"{100: 32, 1000: 6, 500: 4, 2000: 2, 200: 1}"
9310,10/11/2025,4,855.5883126229635,"{100: 22, 500: 15, 5000: 8, 1000: 4, 200: 4}"
6522,03/11/2025,11,855.5828497429011,"{100: 24, 500: 13, 1000: 5, 5000: 4, 200: 3}"
0869,16/10/2025,29,855.5253144712653,"{100: 28, 500: 8, 5000: 3, 1000: 2, 200: 1}"
3095,24/09/2025,51,855.5182964217412,"{100: 28, 500: 10, 1000: 5, 5000: 4, 200: 1}"
2945,19/10/2025,26,855.5118882501537,"{100: 25, 500: 14, 1000: 7, 5000: 3, 200: 1}"
5296,03/11/2025,11,855.4706634559851,"{100: 21, 500: 20, 5000: 6, 1000: 4, 200: 2}"
7695,12/11/2025,2,855.4571964964694,"{100: 26, 500: 12, 5000: 5, 1000: 3, 200: 1}"
4003,13/10/2025,32,855.4527004000059,"{100: 25, 500: 14, 1000: 4, 5000: 4, 2000: 1, 200: 1}"
6542,27/10/2025,18,855.3989845762178,"{100: 25, 500: 12, 1000: 4, 5000: 3, 200: 2, 2000: 1}"
9098,14/11/2025,0,855.3957678154989,"{100: 25, 500: 11, 5000: 10, 1000: 4, 200: 3, 2000: 1}"
6666,14/11/2025,0,855.3692804910496,"{100: 26, 500: 14, 1000: 2, 5000: 1, 200: 1}"
7994,25/10/2025,20,855.3585752832637,"{100: 26, 500: 12, 1000: 5, 5000: 4, 200: 3}"
2736,11/10/2025,34,855.2477945741235,"{100: 24, 500: 17, 5000: 4, 1000: 3}"
7864,14/11/2025,0,855.2256200190253,"{100: 23, 500: 15, 200: 4, 5000: 2, 1000: 2, 2000: 2}"
7315,19/09/2025,56,855.1789484246533,"{100: 24, 500: 16, 5000: 4, 200: 2, 1000: 2, 2000: 2}"
7436,13/11/2025,1,855.1751027676604,"{100: 27, 500: 8, 200: 7, 5000: 4, 1000: 3, 2000: 2}"
6099,10/11/2025,4,855.1478913670393,"{100: 27, 500: 11, 1000: 4, 5000: 3, 200: 2, 2000: 1}"
2921,17/10/2025,28,855.0632247166967,"{100: 25, 500: 12, 1000: 6, 5000: 2}"
2053,10/11/2025,4,855.0087544986872,"{100: 24, 500: 15, 1000: 6, 5000: 5, 200: 2}"
2228,24/10/2025,21,854.9409242823418,"{100: 25, 500: 15, 1000: 5, 5000: 1, 2000: 1}"
2809,12/11/2025,2,854.8270641453944,"{500: 21, 100: 20, 1000: 6, 5000: 5, 200: 5}"
7905,31/10/2025,14,854.8181743245013,"{100: 25, 500: 14, 1000: 5, 5000: 4, 200: 2}"
0320,30/10/2025,15,854.7739475499817,"{100: 24, 500: 13, 1000: 5, 5000: 4, 200: 1}"
5397,12/11/2025,2,854.7699988237075,"{100: 22, 500: 15, 200: 5, 5000: 3, 1000: 3, 2000: 1}"
6269,16/09/2025,59,854.742938335399,"{100: 25, 500: 15, 1000: 4, 2000: 4, 5000: 2, 200: 1}"
0996,05/11/2025,9,854.742007660951,"{100: 24, 500: 15, 200: 4, 5000: 3, 1000: 2, 2000: 1}"
8825,04/11/2025,10,854.7142230030855,"{100: 25, 500: 15, 200: 3, 5000: 1, 1000: 1}"
9620,21/09/2025,54,854.6799830202949,"{100: 29, 500: 9, 1000: 4, 200: 2, 5000: 2, 2000: 1}"
3895,14/10/2025,31,854.6420629433026,"{100: 23, 500: 19, 5000: 3, 1000: 2, 2000: 1}"
2556,01/11/2025,13,854.6195622468085,"{100: 22, 500: 19, 5000: 5, 200: 5, 1000: 2, 2000: 1}"
5651,11/11/2025,3,854.600433894657,"{100: 24, 500: 16, 1000: 3, 2000: 2, 200: 2, 5000: 1}"
8119,31/10/2025,14,854.5791075156723,"{100: 26, 500: 13, 1000: 4, 2000: 3, 5000: 2}"
8916,14/11/2025,0,854.4724416678271,"{100: 24, 500: 13, 5000: 6, 2000: 2, 200: 2, 1000: 2}"
4597,04/10/2025,41,854.4605610993308,"{100: 26, 500: 13, 2000: 3, 200: 3, 1000: 3, 5000: 2}"
6498,22/09/2025,53,854.274516761114,"{100: 26, 500: 11, 5000: 6, 2000: 2, 200: 2, 1000: 1}"
6979,31/10/2025,14,854.2324134387723,"{100: 24, 500: 16, 5000: 4, 200: 3, 1000: 2, 2000: 1}"
5746,06/11/2025,8,854.2198297203853,"{100: 29, 500: 9, 1000: 4, 200: 3, 2000: 1}"
6710,12/11/2025,2,854.219507528892,"{100: 25, 500: 15, 200: 3, 5000: 3, 1000: 2}"
1322,21/10/2025,24,854.0685451492903,"{100: 23, 500: 16, 1000: 8, 2000: 4, 200: 4, 5000: 3}"
2162,01/11/2025,13,853.991092425187,"{100: 26, 1000: 10, 500: 9, 5000: 7, 200: 2, 2000: 1}"
3148,30/10/2025,15,853.9027342191599,"{100: 29, 500: 8, 1000: 5, 2000: 1, 5000: 1, 200: 1}"
7004,02/11/2025,12,853.8885704709544,"{100: 25, 500: 12, 1000: 7, 200: 3, 5000: 2, 2000: 1}"
7776,18/10/2025,27,853.8728268796452,"{100: 27, 500: 11, 1000: 6, 200: 4, 5000: 3, 2000: 1}"
1330,01/11/2025,13,853.8141200747616,"{100: 24, 500: 14, 1000: 8, 5000: 3, 200: 3}"
6951,10/09/2025,65,853.8086046104195,"{100: 23, 500: 16, 5000: 7, 1000: 4, 2000: 2, 200: 2}"
6417,23/09/2025,52,853.7012251292209,"{500: 22, 100: 21, 1000: 3, 5000: 3, 2000: 2, 200: 1}"
5568,09/11/2025,5,853.6252481656516,"{100: 26, 500: 11, 5000: 5, 1000: 3, 200: 1}"
1677,20/10/2025,25,853.5438140519744,"{100: 24, 500: 15, 1000: 7, 5000: 3, 200: 2}"
8409,14/11/2025,0,853.5059535072237,"{100: 24, 500: 14, 1000: 6, 5000: 5, 200: 4}"
1726,10/10/2025,35,853.4585068089866,"{100: 21, 500: 20, 1000: 3, 5000: 3, 200: 3, 2000: 1}"
6748,07/10/2025,38,853.4477981360253,"{100: 26, 500: 12, 5000: 2, 2000: 1, 1000: 1}"
2880,23/08/2025,83,853.4334346875974,"{100: 30, 500: 10, 5000: 4, 200: 3}"
4268,01/11/2025,13,853.3557756170002,"{100: 28, 500: 11, 1000: 5, 200: 3, 2000: 2}"
7919,16/10/2025,29,853.3443301892394,"{100: 22, 500: 19, 5000: 4, 1000: 3, 2000: 3, 200: 3}"
9734,15/09/2025,60,853.2385656615039,"{100: 27, 500: 13, 5000: 2, 1000: 2, 200: 2, 2000: 1}"
3592,05/11/2025,9,853.2382875826968,"{500: 23, 100: 19, 1000: 4, 5000: 3, 200: 2, 2000: 1}"
8145,12/09/2025,63,853.1950583410921,"{100: 23, 500: 17, 1000: 5, 200: 5, 5000: 1, 2000: 1}"
1365,28/10/2025,17,853.1932179306925,"{500: 21, 100: 21, 200: 5, 1000: 3, 5000: 1, 2000: 1}"
8236,10/11/2025,4,853.1832088813926,"{100: 24, 500: 14, 1000: 6, 5000: 3, 200: 2, 2000: 1}"
2000,27/10/2025,18,853.1683366833928,"{100: 25, 500: 13, 5000: 5, 1000: 3, 200: 3, 2000: 1}"
0334,13/10/2025,32,853.1477290979137,"{100: 22, 500: 18, 1000: 8, 5000: 3, 200: 1}"
5378,26/10/2025,19,853.0794073283288,"{100: 25, 500: 12, 1000: 3, 5000: 3, 200: 2, 2000: 1}"
4398,06/11/2025,8,853.0717724622021,"{100: 26, 500: 12, 1000: 5, 5000: 4, 200: 2, 2000: 2}"
4240,09/11/2025,5,853.0448215007367,"{100: 22, 500: 17, 1000: 5, 200: 4, 5000: 2, 2000: 1}"
0332,30/08/2025,76,852.9946581836439,"{100: 29, 500: 9, 5000: 4, 1000: 4, 200: 1}"
4513,07/11/2025,7,852.9939564399195,"{100: 25, 500: 14, 1000: 4, 200: 2, 2000: 1, 5000: 1}"
5032,28/10/2025,17,852.8129091825797,"{100: 29, 500: 7, 1000: 5, 5000: 4, 200: 3, 2000: 2}"
2589,15/10/2025,30,852.7964167853235,"{100: 25, 500: 13, 5000: 6, 1000: 4, 200: 3}"
6928,21/09/2025,54,852.7913676184461,"{100: 26, 500: 16, 1000: 3, 2000: 1, 200: 1}"
9540,23/10/2025,22,852.758311509825,"{100: 22, 500: 17, 1000: 8, 5000: 4, 2000: 3, 200: 3}"
4617,10/11/2025,4,852.7449385235964,"{100: 26, 500: 11, 1000: 8, 5000: 4, 200: 2}"
6837,28/10/2025,17,852.7333227375763,"{100: 22, 500: 18, 1000: 7, 200: 2, 5000: 2, 2000: 1}"
7415,21/08/2025,85,852.697865338791,"{100: 27, 500: 12, 1000: 4, 200: 3, 5000: 2}"
1620,05/11/2025,9,852.6151675590514,"{100: 26, 500: 12, 5000: 5, 1000: 3, 2000: 1}"
1020,18/09/2025,57,852.6074835325607,"{100: 24, 500: 15, 200: 4, 1000: 4, 5000: 4}"
8415,31/10/2025,14,852.598998597332,"{100: 25, 500: 10, 5000: 5, 200: 5, 1000: 4, 2000: 3}"
2665,02/11/2025,12,852.5480834898019,"{100: 23, 500: 14, 5000: 6, 1000: 3, 200: 1}"
5014,02/11/2025,12,852.5179558174294,"{100: 26, 500: 11, 1000: 5, 200: 4, 5000: 3}"
4072,24/10/2025,21,852.4514134968049,"{100: 25, 500: 14, 1000: 5, 2000: 1, 5000: 1, 200: 1}"
7334,13/11/2025,1,852.3727384870213,"{100: 23, 500: 15, 1000: 7, 5000: 6, 2000: 1, 200: 1}"
6362,07/11/2025,7,852.3084819380821,"{100: 24, 500: 13, 5000: 5, 1000: 3, 200: 2, 2000: 2}"
1321,29/10/2025,16,852.2594793228966,"{100: 25, 500: 13, 1000: 9, 5000: 2, 200: 2}"
6544,09/11/2025,5,852.2266120849146,"{100: 27, 500: 10, 200: 3, 1000: 2, 5000: 2}"
2073,21/10/2025,24,852.1573766375251,"{100: 29, 500: 8, 5000: 4, 1000: 4}"
7597,05/11/2025,9,852.1531536555268,"{100: 25, 500: 13, 5000: 5, 1000: 4, 2000: 3}"
5696,10/11/2025,4,852.1449423882747,"{100: 25, 500: 15, 5000: 5, 1000: 3, 200: 3, 2000: 1}"
2667,19/09/2025,56,852.1160341073223,"{100: 25, 500: 14, 5000: 4, 1000: 3, 2000: 1, 200: 1}"
4215,29/10/2025,16,852.0680236863318,"{100: 24, 500: 17, 200: 2, 1000: 2, 5000: 2, 2000: 1}"
3414,03/10/2025,42,852.009131567232,"{100: 26, 500: 16, 5000: 2, 200: 1, 2000: 1}"
4898,12/08/2025,94,852.0012344124557,"{100: 29, 500: 9, 1000: 5, 2000: 3, 5000: 2, 200: 2}"
6749,10/11/2025,4,851.9111911346267,"{100: 25, 500: 15, 200: 3, 2000: 1, 1000: 1, 5000: 1}"
7372,31/10/2025,14,851.8654492880742,"{100: 27, 500: 10, 5000: 5, 1000: 5, 200: 3, 2000: 2}"
6061,27/10/2025,18,851.8567027469793,"{100: 23, 500: 17, 1000: 3, 5000: 3, 200: 2, 2000: 1}"
7236,31/10/2025,14,851.8301320008337,"{100: 26, 500: 12, 1000: 5, 5000: 2, 200: 2, 2000: 1}"
8033,26/08/2025,80,851.7833784926647,"{500: 25, 100: 19, 200: 6, 5000: 5, 1000: 2, 2000: 1}"
1334,05/11/2025,9,851.7690239996746,"{500: 22, 100: 20, 1000: 4, 5000: 3, 2000: 1}"
2290,17/07/2025,120,851.7682397221392,"{100: 29, 500: 13, 2000: 2, 5000: 2, 200: 1}"
3227,22/10/2025,23,851.7308293510079,"{100: 22, 500: 20, 5000: 4, 1000: 3, 2000: 1, 200: 1}"
6593,21/10/2025,24,851.7061373073091,"{500: 25, 100: 16, 1000: 6, 5000: 2, 2000: 1, 200: 1}"
9722,04/08/2025,102,851.6136356647676,"{100: 29, 500: 10, 2000: 5, 1000: 3, 5000: 1}"
6223,04/11/2025,10,851.5800937253064,"{100: 23, 500: 17, 1000: 5, 5000: 3, 2000: 2, 200: 2}"
8235,09/11/2025,5,851.5627396068592,"{100: 25, 500: 15, 5000: 3, 200: 2, 1000: 2}"
9118,13/10/2025,32,851.5038231575847,"{100: 24, 500: 13, 5000: 4, 1000: 4, 200: 3, 2000: 1}"
8259,09/10/2025,36,851.4964050927256,"{100: 25, 500: 13, 1000: 7, 5000: 6, 2000: 1, 200: 1}"
6217,16/10/2025,29,851.4886293076574,"{100: 22, 500: 17, 1000: 10, 200: 4, 5000: 2, 2000: 1}"
2868,27/10/2025,18,851.3910360013904,"{100: 25, 500: 15, 1000: 3, 2000: 3, 200: 2, 5000: 1}"
5139,17/10/2025,28,851.3493154533088,"{100: 21, 500: 16, 200: 8, 1000: 7, 5000: 3}"
3078,26/10/2025,19,851.3424535182156,"{100: 23, 500: 17, 1000: 6, 5000: 3, 2000: 2, 200: 1}"
8470,23/10/2025,22,851.3007099759868,"{100: 22, 500: 17, 5000: 3, 1000: 3, 200: 3}"
7402,12/10/2025,33,851.2825052979914,"{100: 25, 500: 15, 1000: 4, 5000: 2, 200: 1, 2000: 1}"
6564,12/10/2025,33,851.2732605679919,"{100: 23, 500: 13, 1000: 8, 5000: 5, 200: 3}"
9571,23/10/2025,22,851.228907405925,"{100: 21, 500: 19, 5000: 4, 2000: 3, 1000: 3, 200: 1}"
0340,31/10/2025,14,851.2204241599331,"{100: 26, 500: 10, 1000: 7, 5000: 4, 200: 2, 2000: 1}"
8329,07/11/2025,7,851.2010648309337,"{100: 25, 500: 13, 1000: 6, 2000: 2, 5000: 2, 200: 1}"
0378,14/11/2025,0,851.0842709902963,"{500: 20, 100: 20, 5000: 3, 2000: 2, 200: 2, 1000: 1}"
7822,29/10/2025,16,851.0799711844073,"{100: 26, 500: 13, 5000: 6, 200: 2, 2000: 1, 1000: 1}"
6173,14/11/2025,0,851.0168298023987,"{100: 22, 500: 18, 5000: 6, 200: 4, 1000: 4, 2000: 2}"
7593,21/10/2025,24,850.9984842380649,"{100: 30, 500: 6, 5000: 4, 2000: 2, 1000: 2}"
0781,14/11/2025,0,850.9932933378989,"{100: 28, 500: 12, 1000: 2, 200: 1}"
1172,13/11/2025,1,850.9869935335017,"{100: 25, 500: 13, 1000: 6, 200: 3, 5000: 2}"
0871,30/09/2025,45,850.9646475307264,"{100: 23, 500: 16, 1000: 8, 200: 4, 5000: 3, 2000: 1}"
2307,10/10/2025,35,850.9584543766608,"{100: 25, 500: 13, 200: 6, 1000: 5, 5000: 2, 2000: 1}"
7477,30/10/2025,15,850.7801452367318,"{100: 23, 500: 18, 1000: 2, 5000: 2, 200: 2}"
5050,15/09/2025,60,850.6678773814668,"{100: 25, 500: 15, 200: 5, 2000: 4, 5000: 3, 1000: 1}"
4706,30/10/2025,15,850.584171177649,"{100: 21, 500: 19, 200: 6, 1000: 3, 5000: 2}"
6632,14/11/2025,0,850.5574166126175,"{100: 26, 500: 12, 5000: 6, 200: 3, 1000: 2, 2000: 2}"
5372,01/10/2025,44,850.4307415208219,"{100: 25, 500: 11, 1000: 6, 200: 3, 5000: 2}"
8506,04/11/2025,10,850.4025119550404,"{100: 24, 500: 16, 1000: 3, 200: 3, 2000: 1, 5000: 1}"
6062,15/10/2025,30,850.3944992040467,"{100: 25, 500: 12, 5000: 3, 200: 2, 1000: 2}"
9816,13/11/2025,1,850.3598764621039,"{500: 21, 100: 20, 1000: 8, 5000: 2, 200: 2, 2000: 1}"
2289,30/08/2025,76,850.3576825452707,"{100: 27, 500: 11, 1000: 7, 5000: 4, 2000: 2}"
7595,18/10/2025,27,850.328480571476,"{100: 23, 500: 16, 1000: 8, 200: 3, 5000: 3, 2000: 3}"
7771,08/11/2025,6,850.2747855764045,"{100: 26, 500: 12, 5000: 5, 1000: 3, 200: 3, 2000: 1}"
6300,08/11/2025,6,850.2574830136439,"{100: 23, 500: 15, 200: 4, 5000: 3, 1000: 2, 2000: 2}"
1994,10/09/2025,65,850.2528032348766,"{100: 27, 500: 12, 200: 4, 1000: 3, 2000: 2, 5000: 1}"
9180,05/11/2025,9,850.2488258448867,"{100: 27, 500: 10, 5000: 6, 1000: 5, 200: 1}"
8320,19/10/2025,26,850.2163968753687,"{100: 21, 500: 19, 1000: 9, 200: 4, 2000: 4, 5000: 2}"
7353,05/10/2025,40,850.1834750928754,"{100: 22, 500: 18, 1000: 6, 200: 3, 5000: 2}"
1939,28/10/2025,17,850.1411460881368,"{100: 25, 500: 14, 5000: 5, 200: 4}"
3044,05/11/2025,9,850.0618953081096,"{100: 27, 500: 10, 5000: 5, 2000: 4, 200: 3, 1000: 1}"
8167,26/10/2025,19,850.0407806919007,"{100: 26, 500: 13, 1000: 4, 2000: 2, 5000: 2}"
0989,14/11/2025,0,850.0080041380411,"{100: 22, 500: 18, 1000: 4, 5000: 4, 200: 4, 2000: 1}"
1984,27/10/2025,18,849.9345200476281,"{100: 24, 500: 14, 1000: 4, 5000: 4, 2000: 2, 200: 2}"
3221,30/08/2025,76,849.8373464168933,"{100: 29, 1000: 8, 500: 7, 5000: 6, 200: 1}"
4331,06/11/2025,8,849.8361771145542,"{100: 26, 500: 13, 1000: 2, 2000: 1, 5000: 1, 200: 1}"
1178,15/10/2025,30,849.8239823851721,"{100: 25, 500: 13, 200: 4, 5000: 3, 1000: 2, 2000: 1}"
2937,06/10/2025,39,849.8231475366541,"{100: 23, 500: 13, 5000: 7, 1000: 6, 200: 4, 2000: 1}"
7015,28/09/2025,47,849.8104982845563,"{100: 27, 500: 11, 1000: 4, 200: 3, 5000: 3}"
6794,01/10/2025,44,849.8035511229672,"{100: 27, 500: 10, 1000: 4, 5000: 3, 2000: 2, 200: 2}"
2617,24/10/2025,21,849.7991403771537,"{100: 22, 500: 19, 2000: 3, 200: 3, 5000: 1, 1000: 1}"
2712,31/10/2025,14,849.7535925324519,"{100: 24, 500: 16, 1000: 4, 5000: 3, 2000: 1}"
3913,11/11/2025,3,849.7098832555606,"{100: 23, 500: 15, 1000: 6, 200: 3, 5000: 3, 2000: 1}"
8011,11/11/2025,3,849.6709123997475,"{100: 22, 500: 14, 5000: 8, 1000: 6, 200: 2, 2000: 1}"
6360,22/09/2025,53,849.6681151598194,"{100: 28, 500: 11, 200: 3, 1000: 2, 2000: 1, 5000: 1}"
1075,06/11/2025,8,849.631733093732,"{100: 26, 500: 12, 5000: 5, 200: 3, 2000: 2, 1000: 2}"
4963,01/10/2025,44,849.5851396583026,"{100: 27, 500: 11, 1000: 5, 200: 3, 5000: 3}"
4620,25/10/2025,20,849.5351427208432,"{100: 23, 500: 16, 1000: 8, 200: 4, 2000: 1, 5000: 1}"
7675,23/10/2025,22,849.4819516688074,"{100: 29, 500: 8, 1000: 4, 200: 2, 5000: 2, 2000: 1}"
2098,13/11/2025,1,849.4798643827439,"{100: 23, 500: 16, 1000: 5, 5000: 4, 2000: 2, 200: 1}"
1498,13/10/2025,32,849.3217447546139,"{100: 27, 500: 11, 1000: 4, 5000: 2, 2000: 1}"
8247,25/10/2025,20,849.3079473477874,"{100: 25, 500: 14, 1000: 3, 5000: 2, 200: 2, 2000: 2}"
6917,26/09/2025,49,849.2952272921918,"{100: 24, 500: 15, 5000: 6, 1000: 4, 200: 4, 2000: 2}"
0997,31/10/2025,14,849.2777206352332,"{100: 26, 500: 12, 1000: 4, 2000: 2, 200: 2, 5000: 2}"
8230,12/11/2025,2,849.1850950040423,"{100: 22, 500: 18, 1000: 7, 200: 2, 5000: 2, 2000: 2}"
6533,17/09/2025,58,849.1736547439288,"{100: 22, 500: 17, 5000: 7, 1000: 2, 2000: 2, 200: 1}"
9126,22/09/2025,53,849.1014733840962,"{100: 23, 500: 17, 1000: 4, 200: 3, 5000: 2, 2000: 1}"
6428,09/10/2025,36,849.0925846116022,"{100: 24, 500: 16, 1000: 5, 5000: 4}"
8438,06/10/2025,39,848.8387201521036,"{100: 28, 500: 10, 200: 4, 5000: 4, 1000: 2}"
3376,29/09/2025,46,848.7469057247506,"{100: 24, 500: 17, 200: 3, 1000: 2, 5000: 1}"
2023,16/10/2025,29,848.7118372210853,"{100: 24, 500: 14, 200: 5, 5000: 3, 1000: 3}"
9924,10/10/2025,35,848.6748054572724,"{100: 24, 500: 14, 1000: 6, 5000: 6, 2000: 4}"
4381,28/08/2025,78,848.5677579150748,"{100: 24, 500: 16, 1000: 5, 5000: 4, 2000: 1}"
4415,26/08/2025,80,848.4573086344448,"{100: 26, 500: 12, 1000: 6, 5000: 3, 200: 2}"
6696,26/10/2025,19,848.446105962267,"{100: 26, 500: 10, 5000: 5, 1000: 4, 200: 2, 2000: 2}"
5827,04/11/2025,10,848.4411069477554,"{100: 21, 500: 18, 1000: 7, 5000: 7, 200: 3, 2000: 1}"
4371,01/11/2025,13,848.3159354966964,"{100: 22, 500: 17, 5000: 5, 1000: 4, 2000: 2, 200: 1}"
6562,13/09/2025,62,848.3037435951729,"{100: 25, 500: 10, 1000: 5, 5000: 4, 2000: 3, 200: 3}"
9752,02/11/2025,12,848.0885629099095,"{100: 23, 500: 17, 5000: 6, 1000: 3, 200: 2}"
7433,24/08/2025,82,848.0470823367979,"{100: 28, 500: 8, 1000: 4, 5000: 2, 2000: 1, 200: 1}"
6812,11/10/2025,34,848.0261240003991,"{100: 25, 500: 13, 1000: 5, 2000: 4, 5000: 3, 200: 2}"
5318,26/10/2025,19,848.0219262231357,"{100: 24, 500: 15, 1000: 5, 200: 2, 5000: 1}"
3599,24/09/2025,51,847.9132137301606,"{100: 25, 500: 15, 2000: 4, 5000: 4, 1000: 2, 200: 1}"
7077,03/07/2025,134,847.8726840313483,"{100: 29, 500: 9, 1000: 7, 5000: 3, 200: 1, 2000: 1}"
9320,01/11/2025,13,847.6607154976393,"{100: 25, 500: 13, 1000: 7, 5000: 7, 200: 4}"
7346,09/11/2025,5,847.5921201296787,"{100: 25, 500: 14, 5000: 4, 1000: 4, 200: 2, 2000: 1}"
0824,09/11/2025,5,847.5911909768638,"{100: 26, 500: 13, 1000: 3, 5000: 2, 200: 1}"
3171,23/09/2025,52,847.5565671974318,"{100: 26, 500: 12, 1000: 4, 200: 2, 5000: 2}"
8578,04/11/2025,10,847.519344048834,"{100: 25, 500: 13, 1000: 5, 200: 2, 5000: 2, 2000: 2}"
6714,15/10/2025,30,847.2584715238418,"{100: 23, 500: 17, 5000: 4, 2000: 2, 200: 2}"
0303,04/11/2025,10,847.1622288715099,"{100: 27, 500: 11, 1000: 3, 5000: 3, 2000: 2, 200: 1}"
6135,08/10/2025,37,847.1608125232466,"{100: 23, 500: 14, 1000: 8, 2000: 3, 5000: 1, 200: 1}"
0597,01/11/2025,13,847.1352257224207,"{500: 22, 100: 20, 5000: 4, 200: 4, 1000: 3}"
0620,27/10/2025,18,847.0445053082343,"{100: 24, 500: 12, 1000: 4, 200: 4, 5000: 3, 2000: 3}"
6146,23/10/2025,22,847.0263667082534,"{100: 24, 500: 14, 1000: 7, 200: 3, 5000: 3, 2000: 2}"
1045,23/10/2025,22,847.0031607741219,"{100: 26, 500: 13, 5000: 3, 1000: 3, 200: 1}"
6700,05/11/2025,9,847.002504805236,"{100: 23, 500: 12, 1000: 9, 5000: 5, 200: 4, 2000: 2}"
8032,20/10/2025,25,846.8812823776788,"{100: 23, 500: 15, 1000: 6, 2000: 3, 5000: 3, 200: 2}"
2101,04/11/2025,10,846.7444878389603,"{100: 25, 500: 13, 1000: 5, 5000: 3, 200: 1}"
5264,17/09/2025,58,846.6753812440164,"{500: 23, 100: 20, 5000: 4, 1000: 2, 2000: 2}"
3279,05/11/2025,9,846.670894567886,"{100: 27, 500: 7, 5000: 5, 200: 4, 2000: 3, 1000: 2}"
1989,18/10/2025,27,846.6602521728997,"{100: 26, 500: 11, 1000: 5, 200: 4, 2000: 2, 5000: 1}"
8561,14/11/2025,0,846.635180344642,"{100: 25, 500: 13, 1000: 5, 5000: 5, 200: 3}"
5392,10/11/2025,4,846.6196860913589,"{100: 23, 500: 17, 5000: 6, 1000: 1}"
9482,31/10/2025,14,846.5817908981456,"{100: 27, 500: 9, 5000: 7, 1000: 3}"
1058,31/10/2025,14,846.5722914665711,"{100: 27, 500: 12, 200: 6, 1000: 4}"
6095,09/11/2025,5,846.4074649712625,"{100: 24, 500: 15, 2000: 3, 200: 3, 5000: 2, 1000: 2}"
3003,11/11/2025,3,846.3336097297288,"{100: 26, 1000: 10, 500: 10, 200: 5, 5000: 1}"
6358,22/08/2025,84,846.3023551755716,"{100: 19, 500: 19, 1000: 12, 5000: 3, 200: 3, 2000: 2}"
5513,10/10/2025,35,846.2912085966805,"{100: 25, 500: 14, 5000: 3, 200: 3, 1000: 2}"
4399,04/11/2025,10,846.1418227095604,"{100: 25, 500: 13, 5000: 6, 1000: 5, 2000: 1}"
3297,09/11/2025,5,846.1387316868959,"{100: 26, 500: 13, 5000: 3, 1000: 2, 200: 1}"
9053,21/10/2025,24,846.0166760679782,"{100: 25, 500: 14, 200: 5, 1000: 2, 5000: 2}"
8863,21/10/2025,24,845.9742642979487,"{100: 21, 500: 18, 5000: 4, 1000: 4, 2000: 1}"
2826,09/11/2025,5,845.8011744808325,"{100: 26, 500: 11, 200: 6, 1000: 4, 5000: 2, 2000: 1}"
9049,07/08/2025,99,845.7535678629665,"{100: 28, 500: 10, 1000: 3, 200: 3, 2000: 2, 5000: 1}"
8574,26/10/2025,19,845.7447313314851,"{100: 27, 500: 10, 1000: 4, 200: 3, 5000: 3, 2000: 1}"
9824,15/10/2025,30,845.6910093081153,"{100: 25, 500: 14, 1000: 4, 200: 3, 5000: 1, 2000: 1}"
0820,02/11/2025,12,845.6320168531176,"{100: 25, 500: 12, 1000: 7, 200: 5, 5000: 2}"
7284,08/11/2025,6,845.524146257515,"{100: 26, 500: 12, 5000: 3, 1000: 2, 200: 2, 2000: 1}"
9173,30/10/2025,15,845.5122057443765,"{500: 19, 100: 19, 5000: 11, 1000: 4, 2000: 3, 200: 1}"
7998,31/10/2025,14,845.4680258485221,"{100: 23, 500: 14, 200: 5, 1000: 3, 2000: 3, 5000: 3}"
5873,09/11/2025,5,845.463765200603,"{100: 22, 500: 18, 1000: 4, 200: 3, 5000: 3, 2000: 1}"
2845,28/10/2025,17,845.3935630133575,"{100: 27, 1000: 8, 500: 7, 5000: 5, 200: 2, 2000: 1}"
2891,10/11/2025,4,845.3874224600714,"{100: 28, 500: 10, 1000: 2, 200: 1, 5000: 1, 2000: 1}"
9828,07/11/2025,7,845.3731347843537,"{100: 26, 500: 12, 1000: 3, 200: 3, 5000: 2, 2000: 1}"
0699,11/10/2025,34,845.3565437394416,"{100: 24, 500: 15, 1000: 5, 200: 3, 5000: 3}"
8460,11/11/2025,3,845.2798261420098,"{100: 23, 500: 15, 1000: 7, 5000: 5, 200: 5, 2000: 1}"
6003,12/11/2025,2,845.2733406370489,"{100: 26, 500: 11, 5000: 5, 200: 4, 1000: 3}"
2847,06/11/2025,8,845.2478152939399,"{100: 25, 500: 15, 1000: 6, 200: 4}"
2966,28/08/2025,78,845.0872372833734,"{100: 25, 500: 15, 1000: 5, 5000: 2, 200: 2, 2000: 1}"
4126,12/10/2025,33,845.0710815414732,"{100: 27, 500: 10, 1000: 8, 2000: 3, 5000: 1}"
1311,03/11/2025,11,845.0379016936964,"{100: 24, 500: 13, 5000: 6, 1000: 5, 200: 5, 2000: 2}"
3850,06/09/2025,69,845.0317249609404,"{100: 27, 500: 9, 1000: 4, 5000: 3, 200: 1, 2000: 1}"
2385,08/11/2025,6,844.9452979178672,"{100: 25, 500: 13, 1000: 6, 5000: 1, 200: 1}"
7512,16/10/2025,29,844.9401313190915,"{100: 23, 500: 15, 1000: 5, 5000: 4, 200: 4, 2000: 1}"
8444,12/11/2025,2,844.8856846999453,"{100: 25, 500: 10, 1000: 7, 5000: 6, 200: 3}"
6297,23/10/2025,22,844.7832875393156,"{100: 23, 500: 14, 200: 5, 5000: 4, 1000: 3, 2000: 3}"
4291,09/10/2025,36,844.7831617388357,"{100: 26, 500: 10, 1000: 4, 5000: 3, 200: 2, 2000: 1}"
3936,23/10/2025,22,844.7393177014837,"{100: 24, 500: 15, 1000: 6, 5000: 3, 2000: 2, 200: 1}"
8808,13/11/2025,1,844.7114428433235,"{100: 24, 500: 15, 1000: 4, 200: 2, 5000: 1, 2000: 1}"
9889,23/10/2025,22,844.6408603830764,"{100: 26, 500: 12, 1000: 3, 5000: 3, 2000: 2, 200: 2}"
4117,11/10/2025,34,844.630342210333,"{100: 25, 500: 13, 1000: 6, 5000: 3, 200: 1, 2000: 1}"
9005,20/10/2025,25,844.4802559536995,"{100: 21, 500: 17, 200: 6, 1000: 5, 5000: 4, 2000: 2}"
6419,02/09/2025,73,844.2680377319845,"{100: 22, 500: 20, 5000: 3, 1000: 2, 2000: 1, 200: 1}"
6937,06/11/2025,8,844.2032332746077,"{100: 28, 500: 9, 1000: 5, 200: 2, 5000: 1}"
5415,11/11/2025,3,844.1851392234554,"{100: 27, 500: 8, 1000: 8, 5000: 4, 200: 2, 2000: 1}"
0942,04/11/2025,10,844.1836722976117,"{100: 26, 500: 11, 1000: 6, 2000: 3, 200: 2, 5000: 1}"
6441,07/11/2025,7,844.1436971983867,"{100: 23, 500: 17, 1000: 4, 5000: 3, 200: 2, 2000: 1}"
5393,19/10/2025,26,844.1434014076433,"{100: 27, 500: 10, 1000: 5, 5000: 5, 2000: 2}"
9364,12/11/2025,2,844.0718667814874,"{100: 28, 500: 8, 1000: 4, 200: 4, 5000: 1}"
5400,16/10/2025,29,844.0361684262425,"{100: 26, 500: 13, 1000: 7, 2000: 1, 200: 1}"
6890,09/10/2025,36,844.0242652775772,"{500: 21, 100: 19, 5000: 5, 2000: 3, 1000: 3, 200: 2}"
5010,05/11/2025,9,843.9717302570208,"{100: 25, 1000: 9, 500: 9, 5000: 5, 200: 2}"
9869,12/10/2025,33,843.9710354939992,"{100: 24, 500: 14, 1000: 5, 5000: 3, 2000: 2, 200: 2}"
4164,22/10/2025,23,843.8861927517526,"{100: 26, 500: 12, 5000: 4, 200: 4, 1000: 2}"
5771,03/11/2025,11,843.8185784995869,"{100: 27, 500: 11, 1000: 3, 5000: 2, 200: 1, 2000: 1}"
0914,02/11/2025,12,843.6797908102775,"{100: 24, 500: 14, 1000: 6, 5000: 4, 200: 3}"
0268,24/10/2025,21,843.6579305934771,"{100: 23, 500: 13, 1000: 6, 5000: 5, 200: 3, 2000: 2}"
1381,05/10/2025,40,843.608968923028,"{100: 21, 500: 19, 1000: 4, 5000: 3, 200: 2}"
8586,06/10/2025,39,843.602008295674,"{100: 24, 500: 15, 1000: 6, 5000: 2, 2000: 1}"
8687,06/11/2025,8,843.5868928464029,"{100: 29, 500: 7, 1000: 3, 5000: 2, 200: 2}"
9487,14/11/2025,0,843.5379983238729,"{100: 25, 500: 14, 200: 5, 1000: 2, 5000: 1, 2000: 1}"
7555,31/10/2025,14,843.4864314449409,"{100: 23, 500: 13, 5000: 4, 200: 4, 1000: 4, 2000: 1}"
1147,30/10/2025,15,843.4010835708823,"{100: 22, 500: 17, 1000: 5, 5000: 3, 2000: 2, 200: 2}"
9021,08/09/2025,67,843.3622916127567,"{100: 23, 500: 19, 5000: 6, 200: 1}"
1107,02/11/2025,12,843.269497966706,"{100: 28, 500: 9, 5000: 4, 200: 1, 1000: 1}"
3272,10/10/2025,35,843.2031790401891,"{100: 24, 500: 12, 1000: 7, 5000: 3, 200: 2, 2000: 1}"
6470,13/10/2025,32,843.1536005737696,"{100: 22, 500: 18, 1000: 5, 5000: 3, 200: 3, 2000: 1}"
0342,12/11/2025,2,843.1423758196667,"{100: 22, 500: 21, 2000: 3, 200: 2, 1000: 2}"
3374,09/11/2025,5,843.1045520541688,"{100: 24, 500: 14, 5000: 6, 2000: 3, 1000: 3, 200: 1}"
0330,26/09/2025,49,843.0928516068119,"{500: 21, 100: 20, 1000: 6, 200: 5, 5000: 4}"
8038,13/10/2025,32,842.9942419608432,"{100: 26, 500: 12, 200: 4, 5000: 4, 1000: 3, 2000: 1}"
5293,24/10/2025,21,842.9602807991708,"{100: 26, 500: 12, 1000: 3, 200: 3, 5000: 2}"
3753,27/10/2025,18,842.9325509500832,"{100: 24, 500: 14, 1000: 7, 2000: 2, 5000: 2, 200: 2}"
9987,13/11/2025,1,842.919807880727,"{100: 24, 500: 14, 1000: 5, 200: 2, 5000: 1, 2000: 1}"
1129,08/10/2025,37,842.756545668032,"{100: 22, 500: 16, 1000: 7, 5000: 6, 200: 3}"
6043,11/11/2025,3,842.684457704035,"{100: 25, 500: 12, 1000: 6, 5000: 5, 200: 4, 2000: 3}"
2447,12/10/2025,33,842.5904952630091,"{100: 22, 500: 19, 1000: 4, 2000: 1, 5000: 1, 200: 1}"
1990,29/09/2025,46,842.5490091148072,"{100: 22, 500: 20, 5000: 5, 200: 3, 1000: 1}"
5616,01/10/2025,44,842.334969303267,"{100: 24, 1000: 12, 500: 11, 5000: 6, 2000: 1, 200: 1}"
5659,31/10/2025,14,842.2539919368982,"{100: 21, 500: 18, 5000: 6, 1000: 5, 200: 3}"
9168,05/11/2025,9,842.1233267885798,"{100: 22, 500: 17, 5000: 5, 1000: 4, 200: 1}"
4466,13/11/2025,1,842.1088310868546,"{100: 28, 500: 10, 200: 4, 1000: 4}"
4812,20/10/2025,25,842.0673744865564,"{100: 22, 500: 15, 1000: 9, 200: 6, 5000: 5, 2000: 1}"
1176,30/10/2025,15,842.0657544994608,"{100: 25, 500: 10, 1000: 6, 5000: 4, 200: 3, 2000: 1}"
6386,04/10/2025,41,842.0624148751489,"{100: 24, 500: 14, 1000: 7, 5000: 4, 2000: 4, 200: 2}"
7319,22/10/2025,23,841.9646203400486,"{500: 21, 100: 20, 1000: 5, 200: 4, 5000: 1}"
7849,22/10/2025,23,841.8868554288238,"{100: 22, 500: 16, 5000: 5, 2000: 4, 1000: 4, 200: 3}"
6997,13/10/2025,32,841.7952170420416,"{100: 25, 500: 13, 200: 6, 1000: 5, 5000: 1}"
9147,17/10/2025,28,841.5750916016689,"{100: 27, 500: 11, 5000: 4, 1000: 2, 2000: 2, 200: 2}"
2474,03/11/2025,11,841.5258776220277,"{100: 21, 500: 18, 1000: 5, 200: 4, 5000: 2, 2000: 1}"
3507,13/11/2025,1,841.4745797916331,"{100: 25, 500: 12, 1000: 4, 200: 3, 2000: 1, 5000: 1}"
6876,26/09/2025,49,841.3684750839928,"{100: 24, 500: 16, 1000: 4, 5000: 3, 200: 2}"
1842,12/11/2025,2,841.3648119982402,"{100: 25, 500: 14, 5000: 3, 200: 3, 1000: 2}"
3820,12/11/2025,2,841.2854734602043,"{100: 26, 500: 10, 1000: 5, 200: 3, 5000: 3, 2000: 2}"
4600,02/11/2025,12,841.2624943606623,"{500: 21, 100: 20, 200: 5, 5000: 4, 2000: 3, 1000: 1}"
3278,04/09/2025,71,841.2577661864752,"{100: 26, 500: 12, 1000: 6, 200: 4, 2000: 4, 5000: 1}"
6166,02/11/2025,12,841.2486226184759,"{100: 25, 500: 11, 5000: 7, 200: 2, 1000: 1}"
6971,24/09/2025,51,841.2336703700832,"{100: 22, 500: 19, 200: 4, 1000: 3, 5000: 2, 2000: 2}"
9306,05/11/2025,9,841.1890383927696,"{100: 22, 500: 17, 1000: 5, 5000: 3, 200: 3}"
9679,04/11/2025,10,841.153648915468,"{100: 22, 500: 13, 1000: 9, 200: 5, 5000: 4, 2000: 1}"
6188,23/10/2025,22,840.9042150091777,"{100: 27, 500: 9, 1000: 7, 200: 4, 5000: 2, 2000: 1}"
6299,03/11/2025,11,840.8858110152169,"{100: 28, 500: 9, 5000: 3, 1000: 3, 200: 1}"
5147,23/10/2025,22,840.8794763558066,"{100: 23, 500: 15, 1000: 8, 5000: 3, 200: 3}"
7273,05/11/2025,9,840.8510159517873,"{100: 27, 500: 10, 200: 4, 1000: 3, 5000: 2, 2000: 1}"
2165,12/10/2025,33,840.8403446032465,"{100: 24, 500: 12, 5000: 6, 1000: 4, 2000: 3, 200: 2}"
7993,11/11/2025,3,840.6727206729688,"{100: 23, 500: 16, 5000: 6, 1000: 4, 200: 2, 2000: 1}"
9396,28/10/2025,17,840.6234082074819,"{100: 27, 500: 10, 1000: 5, 5000: 3, 2000: 1, 200: 1}"
7076,07/10/2025,38,840.5661800548719,"{100: 26, 500: 11, 5000: 6, 1000: 6, 200: 3, 2000: 1}"
9928,24/09/2025,51,840.5592335809665,"{100: 23, 500: 14, 1000: 7, 5000: 5, 200: 3, 2000: 2}"
6214,08/11/2025,6,840.5272520506263,"{100: 27, 500: 10, 200: 4, 2000: 2, 1000: 2, 5000: 1}"
0232,29/10/2025,16,840.5074482106899,"{100: 26, 500: 12, 1000: 4, 200: 3, 2000: 2, 5000: 1}"
5335,12/08/2025,94,840.4850183377002,"{100: 27, 500: 10, 5000: 5, 200: 2, 1000: 1}"
0223,07/11/2025,7,840.3923915897223,"{100: 26, 500: 10, 200: 6, 5000: 5, 1000: 3}"
6335,11/11/2025,3,840.3446468213499,"{100: 24, 500: 13, 5000: 5, 200: 2, 1000: 1}"
8066,17/09/2025,58,840.2431075961423,"{100: 20, 500: 18, 1000: 7, 5000: 5, 200: 3}"
7272,10/11/2025,4,840.1918963503115,"{100: 24, 500: 12, 5000: 9, 1000: 3, 200: 3, 2000: 2}"
7636,21/10/2025,24,840.1909567263169,"{100: 26, 500: 11, 1000: 6, 5000: 3, 200: 3, 2000: 2}"
3198,14/09/2025,61,840.1219935658517,"{100: 28, 500: 9, 1000: 5, 5000: 3, 200: 2, 2000: 2}"
6727,20/10/2025,25,840.099118266037,"{100: 25, 500: 10, 5000: 8, 200: 3, 1000: 3, 2000: 1}"
4715,08/10/2025,37,840.0846778644192,"{100: 27, 500: 10, 1000: 4, 200: 2, 5000: 1}"
5596,05/11/2025,9,839.9701365831172,"{500: 20, 100: 20, 1000: 5, 5000: 3, 2000: 2, 200: 1}"
1914,08/10/2025,37,839.9465884310782,"{500: 21, 100: 19, 1000: 7, 5000: 6, 200: 2, 2000: 1}"
6596,05/11/2025,9,839.8946370050766,"{100: 25, 500: 12, 1000: 8, 5000: 4, 200: 2}"
8811,20/10/2025,25,839.8832836233994,"{100: 23, 500: 14, 1000: 6, 200: 6, 5000: 4, 2000: 1}"
7476,16/10/2025,29,839.8456811278347,"{100: 28, 500: 10, 1000: 7, 200: 1}"
5772,14/11/2025,0,839.800880858895,"{100: 26, 500: 12, 1000: 2, 5000: 2, 200: 2}"
9570,17/10/2025,28,839.7996751357999,"{100: 22, 500: 18, 1000: 7, 2000: 3, 200: 2, 5000: 1}"
5337,30/09/2025,45,839.708653365022,"{100: 28, 500: 10, 5000: 6, 200: 4, 1000: 2, 2000: 1}"
7391,24/09/2025,51,839.6915756264947,"{100: 25, 500: 12, 1000: 8, 5000: 5, 200: 2}"
6626,14/10/2025,31,839.6869704296178,"{100: 24, 500: 14, 1000: 3, 200: 3, 5000: 3, 2000: 1}"
7537,05/11/2025,9,839.6713377992332,"{100: 23, 500: 16, 5000: 5, 1000: 5, 200: 3}"
0571,09/11/2025,5,839.617558230477,"{100: 28, 500: 8, 5000: 3, 1000: 3, 2000: 2, 200: 1}"
1131,09/11/2025,5,839.5901667386217,"{100: 25, 500: 11, 5000: 5, 1000: 2, 200: 1}"
8660,12/11/2025,2,839.5192033810816,"{100: 26, 1000: 11, 500: 9, 5000: 4, 200: 2, 2000: 1}"
1659,23/09/2025,52,839.506834742985,"{100: 28, 500: 8, 1000: 4, 5000: 3, 2000: 2, 200: 2}"
4068,01/10/2025,44,839.5003757281296,"{100: 26, 500: 11, 5000: 6, 1000: 3}"
3074,10/11/2025,4,839.4346499377957,"{100: 21, 500: 20, 5000: 6, 1000: 5, 200: 2}"
7868,14/10/2025,31,839.3894811550385,"{100: 24, 500: 15, 1000: 4, 5000: 3, 200: 2}"
4191,07/11/2025,7,839.3511741294544,"{100: 23, 500: 17, 5000: 5, 200: 4, 1000: 1, 2000: 1}"
7228,01/11/2025,13,839.339622170815,"{100: 24, 500: 15, 200: 3, 5000: 2, 1000: 2}"
0193,26/10/2025,19,839.2769287551267,"{100: 26, 500: 13, 5000: 3, 200: 2, 1000: 1, 2000: 1}"
4921,14/11/2025,0,839.2506958905556,"{100: 23, 500: 15, 1000: 4, 5000: 3, 200: 3, 2000: 1}"
2782,17/08/2025,89,839.0397969509052,"{100: 24, 500: 16, 5000: 3, 1000: 2, 2000: 2, 200: 2}"
0404,07/09/2025,68,838.7770719712544,"{100: 28, 500: 9, 200: 3, 5000: 3, 2000: 1, 1000: 1}"
7054,22/10/2025,23,838.6818946082842,"{100: 25, 500: 13, 1000: 4, 200: 4, 5000: 3, 2000: 1}"
7672,07/11/2025,7,838.6549302628152,"{100: 25, 500: 12, 1000: 5, 2000: 4, 200: 2, 5000: 2}"
3693,29/09/2025,46,838.5897909564454,"{100: 25, 500: 13, 1000: 4, 5000: 3, 200: 3, 2000: 1}"
1814,09/08/2025,97,838.5806770251913,"{100: 27, 500: 11, 1000: 6, 5000: 3, 2000: 2, 200: 1}"
3233,25/10/2025,20,838.5777009410874,"{100: 26, 500: 11, 1000: 6, 5000: 3, 200: 2, 2000: 1}"
2746,02/11/2025,12,838.5498922141494,"{100: 25, 500: 14, 5000: 3, 200: 2, 2000: 2, 1000: 2}"
1915,25/10/2025,20,838.3695692671579,"{100: 25, 500: 11, 1000: 7, 5000: 7, 200: 1, 2000: 1}"
5177,08/11/2025,6,838.3673693056147,"{100: 25, 500: 13, 1000: 5, 200: 3, 5000: 1}"
3872,03/11/2025,11,838.3295569587814,"{100: 24, 500: 15, 1000: 5, 2000: 3, 5000: 1, 200: 1}"
2869,23/10/2025,22,838.2905460307428,"{100: 25, 500: 14, 2000: 3, 1000: 3, 5000: 2, 200: 1}"
0491,31/10/2025,14,838.2793480194736,"{100: 26, 500: 9, 1000: 8, 200: 4, 5000: 2, 2000: 1}"
2126,05/11/2025,9,838.2225894722733,"{100: 20, 500: 20, 1000: 6, 5000: 6, 2000: 4, 200: 1}"
4339,14/11/2025,0,838.1703446173785,"{100: 23, 500: 16, 5000: 4, 200: 4, 1000: 2, 2000: 1}"
0224,06/11/2025,8,838.1507949695044,"{100: 22, 500: 15, 1000: 11, 200: 5, 5000: 3, 2000: 1}"
6697,10/11/2025,4,838.0829912228044,"{100: 26, 500: 10, 1000: 8, 5000: 1, 200: 1, 2000: 1}"
1730,14/11/2025,0,838.0164847837285,"{100: 27, 500: 10, 1000: 4, 200: 2, 5000: 2, 2000: 1}"
5363,15/10/2025,30,837.9529546918217,"{100: 24, 500: 15, 5000: 6, 200: 3, 1000: 1, 2000: 1}"
1089,29/10/2025,16,837.951455896066,"{100: 26, 500: 12, 1000: 4, 200: 3, 2000: 2, 5000: 1}"
9879,30/10/2025,15,837.9131678553537,"{100: 22, 500: 17, 200: 4, 1000: 3, 5000: 2}"
9408,23/10/2025,22,837.8794655686197,"{100: 24, 500: 16, 5000: 2, 200: 2, 1000: 1}"
8731,04/11/2025,10,837.8443910727183,"{100: 26, 500: 10, 1000: 4, 2000: 2, 200: 2, 5000: 1}"
2970,24/10/2025,21,837.8306507226047,"{100: 27, 500: 9, 1000: 7, 5000: 4, 200: 3, 2000: 1}"
4519,27/08/2025,79,837.7674496050887,"{100: 22, 500: 19, 1000: 4, 5000: 3, 2000: 2, 200: 1}"
6507,26/10/2025,19,837.7592324533323,"{100: 26, 500: 14, 1000: 4, 2000: 1, 200: 1}"
5842,22/07/2025,115,837.6966660896602,"{100: 27, 500: 13, 1000: 3, 200: 3, 5000: 1}"
1603,30/10/2025,15,837.6840590217705,"{100: 25, 500: 14, 5000: 4, 1000: 2, 200: 2}"
9090,11/11/2025,3,837.6788871829021,"{100: 21, 500: 18, 2000: 5, 5000: 4, 200: 3, 1000: 2}"
0898,20/10/2025,25,837.6713907281598,"{500: 21, 100: 21, 200: 3, 1000: 1, 2000: 1, 5000: 1}"
2064,28/09/2025,47,837.5743670776299,"{100: 28, 500: 8, 200: 5, 1000: 4, 2000: 3, 5000: 3}"
4024,03/11/2025,11,837.5413060959714,"{100: 22, 500: 16, 5000: 6, 1000: 6, 200: 4, 2000: 2}"
0809,05/11/2025,9,837.5380570004011,"{100: 26, 500: 11, 1000: 4, 5000: 3, 2000: 2}"
5111,30/09/2025,45,837.5279406443736,"{100: 23, 500: 12, 1000: 7, 5000: 4, 200: 4, 2000: 1}"
9195,29/09/2025,46,837.5021137288203,"{100: 27, 500: 9, 1000: 8, 5000: 2, 2000: 1, 200: 1}"
1651,11/11/2025,3,837.5006624252823,"{100: 24, 500: 12, 5000: 6, 200: 3, 1000: 2}"
7050,09/11/2025,5,837.3893855553993,"{100: 22, 500: 18, 5000: 4, 1000: 2, 2000: 2}"
9391,02/11/2025,12,837.3445679867283,"{100: 22, 500: 16, 1000: 8, 5000: 7, 200: 3}"
9957,17/10/2025,28,837.1345124389507,"{100: 21, 500: 16, 1000: 6, 200: 4, 2000: 3, 5000: 2}"
0135,06/11/2025,8,837.1170477412827,"{100: 24, 500: 12, 1000: 6, 200: 5, 5000: 2}"
6038,02/11/2025,12,837.0827878549514,"{100: 24, 500: 15, 1000: 4, 5000: 3, 200: 2, 2000: 1}"
7411,16/10/2025,29,837.0122889903655,"{100: 27, 500: 10, 5000: 5, 200: 4, 1000: 3}"
1560,27/10/2025,18,836.9917357117404,"{100: 25, 500: 13, 5000: 6, 1000: 2}"
4552,20/10/2025,25,836.9657619182391,"{100: 25, 500: 14, 1000: 3, 5000: 3, 2000: 1, 200: 1}"
6597,06/11/2025,8,836.8532638961933,"{100: 22, 500: 16, 1000: 8, 5000: 3, 200: 3}"
8990,31/10/2025,14,836.8437774079193,"{100: 24, 500: 14, 1000: 5, 5000: 3, 200: 2}"
2230,08/11/2025,6,836.7044293549296,"{100: 26, 500: 11, 200: 5, 5000: 4, 2000: 1, 1000: 1}"
3608,27/10/2025,18,836.6522862732677,"{100: 25, 500: 13, 5000: 3, 2000: 2, 200: 2, 1000: 1}"
9285,19/09/2025,56,836.602612855868,"{100: 27, 500: 13, 200: 3, 1000: 2}"
7121,14/11/2025,0,836.5571524536105,"{100: 26, 500: 10, 1000: 4, 5000: 4, 2000: 3, 200: 2}"
5990,16/09/2025,59,836.5141287491348,"{100: 24, 500: 14, 1000: 4, 2000: 3, 5000: 3, 200: 2}"
3300,14/11/2025,0,836.4856603487002,"{100: 23, 500: 15, 5000: 6, 1000: 1, 200: 1}"
5859,10/11/2025,4,836.4796578758343,"{100: 23, 500: 14, 1000: 3, 5000: 3, 2000: 2, 200: 1}"
2631,11/11/2025,3,836.3247916805045,"{100: 22, 500: 18, 1000: 4, 5000: 4, 200: 1}"
1149,09/11/2025,5,836.2452204153394,"{100: 26, 500: 10, 1000: 5, 5000: 3, 200: 2}"
8153,19/09/2025,56,836.2281558782084,"{100: 25, 500: 14, 1000: 4, 5000: 3, 200: 3, 2000: 1}"
8091,30/10/2025,15,836.1704118641712,"{100: 20, 500: 19, 5000: 5, 1000: 5, 200: 4, 2000: 3}"
3977,25/10/2025,20,836.1688685658969,"{100: 23, 500: 14, 1000: 6, 5000: 3, 2000: 1, 200: 1}"
0308,28/09/2025,47,836.1602002397779,"{100: 23, 500: 14, 1000: 4, 5000: 3, 2000: 1, 200: 1}"
8710,01/10/2025,44,836.1529702305809,"{100: 28, 500: 10, 1000: 5, 200: 2, 2000: 1}"
9283,01/11/2025,13,835.985426651845,"{100: 25, 500: 12, 5000: 5, 200: 4, 1000: 2}"
4318,05/10/2025,40,835.956014082302,"{100: 24, 500: 13, 5000: 4, 200: 4, 1000: 4, 2000: 2}"
6460,12/10/2025,33,835.90574740056,"{100: 21, 500: 19, 1000: 4, 2000: 3, 5000: 2, 200: 2}"
8761,12/10/2025,33,835.8373009969088,"{100: 27, 500: 10, 200: 6, 2000: 1, 5000: 1, 1000: 1}"
7068,02/08/2025,104,835.7537257443836,"{100: 26, 500: 15, 5000: 1, 1000: 1, 200: 1}"
1011,25/10/2025,20,835.7078338706347,"{100: 21, 500: 16, 200: 5, 5000: 4, 1000: 3, 2000: 2}"
5284,01/09/2025,74,835.6743287279864,"{100: 24, 500: 15, 1000: 5, 200: 1, 5000: 1, 2000: 1}"
4598,05/10/2025,40,835.6116118647668,"{100: 28, 500: 7, 5000: 7, 1000: 3, 200: 1}"
4509,14/10/2025,31,835.6025440892656,"{100: 26, 500: 11, 1000: 8, 2000: 3, 5000: 1}"
3990,03/11/2025,11,835.5835137342682,"{100: 22, 500: 17, 1000: 7, 5000: 4, 2000: 1, 200: 1}"
7502,07/11/2025,7,835.515018300209,"{100: 26, 500: 11, 5000: 5, 200: 3, 1000: 3, 2000: 3}"
8241,03/11/2025,11,835.5078901101652,"{100: 25, 500: 13, 1000: 3, 200: 2, 5000: 2, 2000: 1}"
3204,10/11/2025,4,835.4980708618062,"{100: 24, 500: 13, 5000: 6, 200: 5, 1000: 3}"
2213,06/11/2025,8,835.4828469384161,"{100: 23, 500: 17, 1000: 5, 5000: 2, 200: 2}"
2316,26/09/2025,49,835.383821290874,"{100: 28, 500: 10, 5000: 2, 1000: 2, 2000: 1, 200: 1}"
5567,01/08/2025,105,835.3276348858298,"{100: 24, 500: 14, 5000: 5, 1000: 3, 200: 2}"
7570,24/09/2025,51,835.3068353119658,"{100: 29, 500: 6, 1000: 5, 5000: 3}"
3664,09/10/2025,36,835.2977903751078,"{100: 27, 500: 10, 1000: 6, 200: 3, 5000: 1, 2000: 1}"
2951,05/10/2025,40,835.2613147356393,"{100: 21, 500: 15, 1000: 6, 200: 5, 5000: 4, 2000: 1}"
0624,03/11/2025,11,835.2012996941525,"{100: 26, 500: 9, 1000: 4, 5000: 2, 200: 2}"
2572,11/11/2025,3,835.1910792874061,"{100: 28, 500: 9, 200: 3, 5000: 2, 1000: 2}"
5186,08/11/2025,6,835.092365250128,"{100: 24, 500: 14, 1000: 5, 200: 3, 5000: 2, 2000: 1}"
2295,31/10/2025,14,835.0019294145874,"{100: 27, 500: 10, 1000: 5, 5000: 1, 2000: 1, 200: 1}"
9034,01/10/2025,44,835.00108235254,"{100: 26, 500: 13, 1000: 3, 5000: 2}"
6571,01/11/2025,13,834.950318716149,"{100: 24, 500: 14, 1000: 5, 200: 3, 2000: 2, 5000: 2}"
6652,04/11/2025,10,834.8542373903438,"{100: 22, 500: 18, 200: 4, 5000: 3, 1000: 3, 2000: 2}"
3822,25/10/2025,20,834.7751840491455,"{100: 25, 500: 12, 2000: 3, 200: 2, 5000: 1, 1000: 1}"
9436,23/09/2025,52,834.6247870672792,"{100: 24, 500: 15, 1000: 5, 200: 4, 5000: 2, 2000: 1}"
6810,06/11/2025,8,834.584161927911,"{100: 22, 500: 15, 1000: 7, 5000: 4, 200: 3, 2000: 2}"
4995,15/10/2025,30,834.5521710941719,"{100: 25, 500: 12, 1000: 4, 5000: 4, 200: 2}"
0920,12/10/2025,33,834.5456160751253,"{100: 25, 500: 12, 5000: 5, 1000: 5, 200: 3, 2000: 2}"
7485,08/10/2025,37,834.4127246248598,"{100: 22, 500: 15, 1000: 7, 2000: 3, 200: 3, 5000: 2}"
8072,03/09/2025,72,834.3826046499689,"{100: 25, 500: 14, 1000: 5, 5000: 4, 200: 1}"
5012,12/11/2025,2,834.3528037959155,"{100: 22, 500: 16, 200: 6, 1000: 3, 5000: 1}"
6399,05/11/2025,9,834.3482926332033,"{100: 25, 500: 11, 1000: 6, 5000: 3, 2000: 1, 200: 1}"
7623,02/11/2025,12,834.3263470064209,"{100: 24, 1000: 13, 500: 12, 5000: 2, 2000: 2, 200: 1}"
8656,13/11/2025,1,834.3094302880171,"{100: 26, 500: 11, 1000: 4, 5000: 2, 200: 1}"
5875,04/10/2025,41,834.2796755112713,"{100: 23, 500: 17, 1000: 4, 5000: 3, 200: 2, 2000: 1}"
2264,13/11/2025,1,834.2355153410152,"{100: 21, 500: 16, 5000: 3, 200: 3, 1000: 3}"
0396,09/11/2025,5,834.2023915088575,"{100: 26, 500: 11, 1000: 4, 5000: 2, 2000: 1, 200: 1}"
7384,21/09/2025,54,834.1732862984145,"{100: 26, 500: 13, 1000: 4, 5000: 1, 200: 1}"
5522,09/10/2025,36,834.1490503809147,"{100: 27, 500: 11, 1000: 3, 200: 2, 5000: 2}"
6505,13/11/2025,1,834.1200468303298,"{100: 25, 500: 12, 1000: 5, 5000: 3, 200: 3}"
6900,11/10/2025,34,834.1033385474731,"{100: 20, 500: 18, 1000: 5, 5000: 2, 200: 2, 2000: 1}"
2318,07/09/2025,68,834.0848426143706,"{100: 21, 500: 20, 200: 6, 5000: 4, 1000: 3}"
0522,08/11/2025,6,834.0539748734856,"{100: 26, 500: 9, 200: 6, 5000: 4, 2000: 4, 1000: 4}"
2636,25/08/2025,81,834.0485829831707,"{100: 28, 500: 9, 1000: 5, 2000: 3, 5000: 2, 200: 2}"
0189,10/09/2025,65,834.0070878815237,"{100: 26, 500: 13, 1000: 4, 2000: 2, 200: 2}"
3117,06/09/2025,69,833.9939979880793,"{100: 23, 500: 17, 1000: 5, 5000: 2, 200: 1}"
6952,11/08/2025,95,833.91577639894,"{100: 24, 500: 15, 5000: 3, 1000: 3, 200: 1}"
0536,30/10/2025,15,833.9066147775299,"{100: 22, 500: 17, 1000: 6, 2000: 2, 5000: 2}"
9059,08/11/2025,6,833.8956750247108,"{100: 25, 500: 14, 1000: 3, 2000: 1, 5000: 1}"
3025,11/11/2025,3,833.855150818008,"{100: 26, 500: 10, 1000: 7, 200: 4, 2000: 2, 5000: 2}"
9217,02/11/2025,12,833.802995755167,"{100: 27, 500: 10, 1000: 4, 200: 3, 5000: 2}"
2488,07/11/2025,7,833.7244936165283,"{100: 24, 500: 11, 1000: 6, 200: 5, 5000: 3}"
8627,07/11/2025,7,833.7032429206378,"{100: 24, 500: 15, 1000: 3, 5000: 3, 200: 2, 2000: 1}"
7936,11/10/2025,34,833.6520414304941,"{100: 23, 500: 16, 1000: 7, 5000: 3, 200: 2}"
0912,25/10/2025,20,833.6305926361982,"{100: 23, 500: 15, 200: 3, 1000: 3, 2000: 2, 5000: 1}"
0300,04/11/2025,10,833.6040859481276,"{100: 24, 500: 14, 1000: 4, 5000: 3, 2000: 2, 200: 1}"
9688,14/09/2025,61,833.5691025113945,"{100: 26, 500: 14, 1000: 1, 200: 1, 2000: 1, 5000: 1}"
7803,03/11/2025,11,833.5513366593443,"{100: 24, 500: 12, 1000: 9, 200: 5, 5000: 4, 2000: 1}"
3214,04/11/2025,10,833.5412069818549,"{100: 25, 500: 9, 1000: 6, 200: 5, 5000: 4}"
9555,14/11/2025,0,833.5121905490599,"{100: 26, 500: 10, 1000: 5, 5000: 3, 200: 2, 2000: 1}"
4172,10/11/2025,4,833.4972038701703,"{100: 26, 500: 10, 200: 6, 1000: 5, 5000: 4, 2000: 1}"
6357,14/11/2025,0,833.4924149057492,"{100: 20, 500: 19, 5000: 4, 1000: 2, 200: 1}"
7033,07/11/2025,7,833.4371614684569,"{100: 21, 500: 19, 1000: 4, 5000: 3, 200: 1, 2000: 1}"
1040,07/10/2025,38,833.4309076992135,"{100: 24, 500: 12, 1000: 8, 5000: 5, 200: 5}"
7032,24/09/2025,51,833.3527277647586,"{100: 26, 500: 12, 1000: 4, 5000: 2, 200: 1}"
6719,23/10/2025,22,833.2178319567209,"{100: 23, 500: 16, 1000: 4, 200: 3, 5000: 3}"
0623,09/11/2025,5,833.207305616211,"{100: 21, 500: 19, 200: 4, 2000: 3, 5000: 2, 1000: 2}"
1173,03/10/2025,42,833.1854857198238,"{100: 25, 500: 14, 1000: 4, 200: 3, 5000: 2}"
2086,03/11/2025,11,833.1299296211915,"{100: 24, 500: 14, 5000: 5, 200: 5, 1000: 2, 2000: 1}"
3584,29/10/2025,16,833.0419678948916,"{100: 23, 500: 17, 2000: 3, 1000: 3, 5000: 1, 200: 1}"
2995,22/08/2025,84,833.0266451076191,"{100: 24, 500: 12, 5000: 7, 1000: 4, 200: 2, 2000: 1}"
0294,14/11/2025,0,833.0117558686351,"{500: 20, 100: 20, 1000: 4, 5000: 3, 200: 3, 2000: 2}"
2618,13/11/2025,1,832.9778339275784,"{100: 28, 5000: 7, 500: 7, 200: 4, 2000: 3, 1000: 1}"
9652,08/10/2025,37,832.9240448898879,"{100: 24, 500: 15, 1000: 4, 200: 4, 5000: 1}"
8067,02/11/2025,12,832.9203885471389,"{100: 25, 500: 11, 1000: 8, 5000: 5, 200: 2, 2000: 2}"
4520,15/10/2025,30,832.9027659855994,"{100: 27, 500: 11, 5000: 4, 1000: 1, 2000: 1, 200: 1}"
8169,13/11/2025,1,832.8638685042177,"{100: 27, 500: 8, 1000: 6, 5000: 4, 200: 4, 2000: 1}"
2276,12/10/2025,33,832.818753337451,"{100: 25, 500: 13, 5000: 4, 1000: 3, 2000: 1, 200: 1}"
2226,19/10/2025,26,832.8020494907151,"{100: 24, 500: 12, 1000: 8, 5000: 4, 200: 3}"
6430,02/11/2025,12,832.7135894633008,"{100: 25, 500: 13, 200: 4, 5000: 3, 2000: 3, 1000: 1}"
5796,02/11/2025,12,832.6996621169137,"{100: 26, 500: 12, 5000: 2, 200: 2, 1000: 1, 2000: 1}"
2549,13/10/2025,32,832.6794254944343,"{100: 23, 500: 16, 1000: 5, 200: 4, 5000: 2}"
8140,19/09/2025,56,832.6064137709307,"{100: 25, 500: 13, 5000: 4, 1000: 4, 2000: 1, 200: 1}"
2391,13/11/2025,1,832.6031579369537,"{100: 24, 500: 14, 1000: 5, 5000: 1, 2000: 1, 200: 1}"
9253,26/10/2025,19,832.5482932433596,"{100: 25, 500: 11, 1000: 4, 5000: 1, 2000: 1, 200: 1}"
0272,13/11/2025,1,832.514448526456,"{100: 25, 500: 12, 1000: 4, 200: 3, 2000: 2, 5000: 1}"
0696,25/09/2025,50,832.4675147738872,"{100: 21, 500: 19, 200: 5, 5000: 3, 1000: 2}"
8835,03/11/2025,11,832.4576306650121,"{100: 23, 500: 13, 1000: 7, 200: 3, 2000: 2, 5000: 1}"
7028,04/10/2025,41,832.3918174166042,"{100: 25, 500: 13, 1000: 5, 5000: 4, 2000: 2, 200: 1}"
7244,23/10/2025,22,832.3574474648088,"{100: 24, 500: 13, 1000: 5, 5000: 4, 200: 4, 2000: 3}"
7351,14/10/2025,31,832.3200915605881,"{500: 21, 100: 20, 200: 5, 1000: 4, 5000: 1}"
8187,23/10/2025,22,832.2976515391547,"{100: 27, 500: 11, 200: 4, 1000: 2, 5000: 1}"
7429,29/10/2025,16,832.2838973268637,"{100: 23, 500: 16, 1000: 5, 200: 3, 2000: 1, 5000: 1}"
2117,12/11/2025,2,832.2186075169293,"{100: 22, 500: 16, 1000: 5, 5000: 4, 2000: 1}"
4203,11/11/2025,3,832.0352791539573,"{100: 20, 500: 18, 5000: 6, 200: 3, 2000: 2, 1000: 2}"
4062,07/11/2025,7,832.0146840136321,"{100: 27, 500: 8, 1000: 7, 5000: 3, 200: 3}"
0216,21/09/2025,54,831.9035411636657,"{100: 22, 500: 15, 5000: 5, 1000: 3, 200: 2, 2000: 2}"
7931,08/10/2025,37,831.8536258500734,"{100: 21, 500: 17, 5000: 5, 1000: 4, 2000: 2}"
8967,31/10/2025,14,831.8459126244846,"{500: 21, 100: 20, 1000: 6, 200: 2, 5000: 1, 2000: 1}"
7468,16/08/2025,90,831.8217811116554,"{100: 28, 500: 9, 200: 4, 1000: 4, 5000: 2}"
1563,10/11/2025,4,831.8142088233603,"{100: 22, 500: 18, 200: 4, 1000: 3, 2000: 1, 5000: 1}"
8097,10/11/2025,4,831.7841561309202,"{500: 21, 100: 21, 2000: 3, 1000: 3, 200: 1}"
4468,05/10/2025,40,831.7713923424702,"{100: 27, 500: 10, 1000: 7, 5000: 1}"
1963,03/10/2025,42,831.6932314426759,"{100: 22, 500: 17, 1000: 6, 5000: 4, 2000: 1, 200: 1}"
0400,19/10/2025,26,831.689833467014,"{100: 24, 500: 15, 200: 5, 5000: 3, 1000: 3, 2000: 1}"
0144,13/11/2025,1,831.6036291638308,"{100: 25, 500: 13, 5000: 3, 1000: 2, 200: 2, 2000: 1}"
8114,29/10/2025,16,831.5294194494679,"{100: 25, 500: 10, 1000: 5, 5000: 3, 2000: 2}"
3368,08/11/2025,6,831.2651642024512,"{100: 23, 500: 16, 1000: 3, 2000: 2, 5000: 2, 200: 1}"
7938,07/11/2025,7,831.238965705692,"{100: 26, 500: 9, 1000: 5, 2000: 3, 200: 3, 5000: 2}"
7459,08/11/2025,6,831.2262641945842,"{100: 26, 500: 9, 5000: 6, 1000: 5, 200: 3, 2000: 1}"
0074,27/10/2025,18,831.2245645144666,"{100: 23, 500: 16, 5000: 4, 1000: 2, 200: 2, 2000: 1}"
9590,10/11/2025,4,831.174220135795,"{100: 24, 500: 13, 1000: 6, 5000: 4, 200: 3}"
3397,05/11/2025,9,831.1361560577759,"{100: 22, 500: 17, 200: 4, 1000: 4, 5000: 3, 2000: 2}"
4210,13/11/2025,1,831.0674050070203,"{100: 21, 500: 18, 1000: 4, 200: 3, 5000: 3}"
5598,12/11/2025,2,831.0594598864321,"{100: 26, 500: 10, 5000: 6, 200: 5, 1000: 3, 2000: 1}"
7898,03/11/2025,11,831.0136995384933,"{100: 22, 500: 12, 5000: 6, 1000: 4, 200: 4, 2000: 2}"
6411,14/10/2025,31,831.0115940589405,"{100: 22, 500: 16, 1000: 8, 5000: 3, 2000: 2, 200: 2}"
5899,14/11/2025,0,830.9601487003279,"{100: 27, 500: 10, 200: 3, 5000: 3, 1000: 2}"
3085,09/11/2025,5,830.9578908431106,"{100: 22, 500: 20, 200: 4, 1000: 2}"
7568,07/11/2025,7,830.9070094673983,"{100: 24, 500: 14, 200: 6, 5000: 3, 1000: 2}"
1888,15/09/2025,60,830.8767871963703,"{100: 26, 500: 12, 5000: 3, 1000: 3, 2000: 2, 200: 2}"
9897,30/10/2025,15,830.8558908989567,"{100: 24, 500: 14, 1000: 3, 5000: 3, 200: 3, 2000: 1}"
8897,16/10/2025,29,830.8279881822638,"{500: 24, 100: 18, 200: 5, 2000: 3, 5000: 3, 1000: 3}"
6079,12/11/2025,2,830.8065830388299,"{500: 21, 100: 19, 5000: 5, 1000: 3, 200: 3, 2000: 1}"
3056,12/11/2025,2,830.8047529991231,"{100: 28, 1000: 7, 500: 7, 5000: 2, 2000: 1, 200: 1}"
5330,15/10/2025,30,830.7755081650856,"{100: 23, 500: 14, 1000: 8, 5000: 3, 2000: 1, 200: 1}"
5073,04/11/2025,10,830.6737532057263,"{500: 21, 100: 20, 1000: 7, 200: 1}"
7598,25/10/2025,20,830.6681474496552,"{100: 24, 1000: 13, 500: 11, 2000: 2, 200: 2, 5000: 2}"
7647,07/11/2025,7,830.6643283488329,"{100: 25, 500: 12, 5000: 4, 1000: 3, 200: 3, 2000: 1}"
6585,01/08/2025,105,830.6464717924954,"{100: 28, 500: 9, 5000: 4, 1000: 4, 200: 2, 2000: 1}"
6809,14/11/2025,0,830.5414835961124,"{100: 26, 500: 10, 1000: 3, 2000: 2, 5000: 2, 200: 2}"
0118,30/08/2025,76,830.3665760185297,"{100: 24, 500: 17, 200: 2, 2000: 2, 5000: 2, 1000: 1}"
7498,13/11/2025,1,830.1510513447643,"{100: 26, 500: 10, 1000: 6, 5000: 4, 200: 3}"
5643,04/11/2025,10,830.1489192292593,"{100: 24, 500: 15, 200: 5, 1000: 3, 2000: 1}"
7573,10/10/2025,35,830.1398887629238,"{100: 21, 500: 17, 1000: 5, 5000: 4, 200: 2}"
1059,09/08/2025,97,830.0883427148453,"{100: 26, 500: 13, 5000: 5, 1000: 3, 200: 1}"
7707,10/11/2025,4,830.0798125049791,"{100: 27, 500: 8, 1000: 6, 200: 4, 5000: 1, 2000: 1}"
4642,07/11/2025,7,830.0755915695373,"{100: 27, 500: 11, 1000: 6, 200: 2}"
7632,29/10/2025,16,830.0604355699475,"{100: 25, 500: 13, 1000: 4, 5000: 3, 200: 1, 2000: 1}"
3885,30/10/2025,15,830.028348129451,"{100: 22, 500: 16, 1000: 3, 2000: 2, 5000: 1}"
0179,19/09/2025,56,829.9941159739622,"{100: 24, 500: 15, 1000: 3, 2000: 3, 5000: 2, 200: 1}"
4322,14/11/2025,0,829.9037167358839,"{100: 25, 500: 12, 200: 4, 5000: 3, 1000: 3, 2000: 1}"
6393,18/10/2025,27,829.8964952720235,"{100: 26, 500: 12, 200: 3, 1000: 2, 5000: 1}"
1600,09/11/2025,5,829.8908148560051,"{100: 22, 500: 17, 1000: 4, 5000: 3, 200: 3}"
8463,08/11/2025,6,829.8723490725114,"{100: 24, 500: 14, 1000: 4, 200: 3, 2000: 2, 5000: 1}"
6017,06/11/2025,8,829.804697470243,"{100: 26, 500: 11, 5000: 4, 1000: 4, 2000: 1}"
7710,12/11/2025,2,829.7548511775658,"{100: 23, 500: 14, 1000: 8, 200: 5, 5000: 4, 2000: 1}"
2821,04/10/2025,41,829.7357607621809,"{100: 25, 500: 13, 5000: 3, 2000: 1, 1000: 1, 200: 1}"
3621,12/10/2025,33,829.7100973421764,"{100: 22, 500: 17, 1000: 6, 200: 5, 2000: 3, 5000: 1}"
9793,11/11/2025,3,829.6629838358637,"{100: 23, 500: 16, 200: 3, 5000: 3, 1000: 2}"
4589,21/10/2025,24,829.6503292163802,"{100: 24, 500: 15, 1000: 4, 5000: 3}"
7292,30/08/2025,76,829.6411331728376,"{100: 25, 500: 13, 1000: 5, 200: 2, 2000: 1, 5000: 1}"
0547,05/11/2025,9,829.611027377571,"{100: 25, 500: 12, 1000: 6, 5000: 3, 2000: 2, 200: 1}"
4113,31/10/2025,14,829.5883403000485,"{100: 22, 500: 18, 1000: 4, 5000: 3, 200: 1}"
2864,11/11/2025,3,829.5819516588571,"{100: 22, 500: 17, 1000: 5, 2000: 3, 5000: 3, 200: 1}"
5510,10/09/2025,65,829.5129396065682,"{100: 25, 500: 10, 1000: 8, 2000: 3, 5000: 3, 200: 3}"
5739,07/11/2025,7,829.4761628441616,"{100: 25, 500: 12, 2000: 3, 5000: 2, 1000: 2}"
6311,06/11/2025,8,829.4751525740099,"{100: 24, 500: 15, 5000: 5, 2000: 1, 1000: 1, 200: 1}"
8301,13/10/2025,32,829.4727814781644,"{100: 21, 500: 17, 5000: 4, 1000: 2, 200: 2, 2000: 1}"
0493,04/11/2025,10,829.4491762879042,"{100: 28, 500: 9, 200: 3, 5000: 2, 1000: 1, 2000: 1}"
8594,12/08/2025,94,829.4481054695189,"{100: 27, 500: 12, 5000: 6, 1000: 3, 200: 1}"
6070,02/11/2025,12,829.4451605362866,"{100: 27, 500: 8, 1000: 4, 200: 4, 5000: 3, 2000: 1}"
2095,19/10/2025,26,829.2958873314699,"{100: 25, 500: 11, 1000: 6, 200: 4, 2000: 2, 5000: 2}"
8628,13/11/2025,1,829.2854253750409,"{100: 27, 500: 11, 1000: 5, 200: 2, 2000: 1}"
4915,15/10/2025,30,829.2125346882726,"{100: 26, 500: 12, 1000: 5, 200: 3, 2000: 1}"
6844,01/11/2025,13,829.2003885038688,"{100: 20, 500: 19, 1000: 5, 5000: 4, 2000: 2}"
2500,08/11/2025,6,829.0983211198867,"{100: 26, 500: 11, 1000: 5, 5000: 2, 2000: 1, 200: 1}"
5809,06/11/2025,8,829.0491045390959,"{100: 27, 500: 9, 5000: 6, 200: 4, 1000: 1}"
7075,02/11/2025,12,828.9362662274789,"{100: 24, 500: 13, 1000: 6, 5000: 6, 200: 2}"
1450,11/11/2025,3,828.8704822581989,"{100: 19, 500: 19, 1000: 7, 5000: 2, 200: 2}"
9642,30/09/2025,45,828.858032959677,"{100: 23, 500: 17, 1000: 4, 200: 3, 2000: 1}"
6264,24/10/2025,21,828.8036286319308,"{100: 21, 500: 17, 1000: 7, 200: 4, 5000: 1, 2000: 1}"
9694,07/11/2025,7,828.7828679752487,"{100: 23, 500: 13, 200: 4, 5000: 2, 1000: 2, 2000: 2}"
1314,14/11/2025,0,828.7284243555919,"{100: 26, 500: 10, 1000: 5, 5000: 3, 200: 2, 2000: 1}"
1373,27/10/2025,18,828.7105771043122,"{100: 21, 500: 18, 5000: 5, 1000: 3}"
8571,19/09/2025,56,828.7049675519864,"{100: 30, 500: 6, 1000: 3, 5000: 3}"
0436,01/11/2025,13,828.6942679346336,"{100: 23, 500: 16, 1000: 2, 2000: 1, 5000: 1, 200: 1}"
2397,28/10/2025,17,828.6305393451812,"{100: 24, 500: 13, 1000: 7, 5000: 2, 200: 2, 2000: 1}"
1943,13/11/2025,1,828.602622986258,"{100: 26, 500: 10, 5000: 4, 1000: 2, 200: 2, 2000: 1}"
4501,29/10/2025,16,828.5887221828684,"{100: 21, 500: 19, 200: 4, 1000: 3, 5000: 2, 2000: 1}"
3999,03/10/2025,42,828.4476910504281,"{100: 26, 500: 11, 5000: 5, 1000: 2, 2000: 2, 200: 2}"
4564,14/10/2025,31,828.2229512968629,"{100: 19, 500: 19, 5000: 7, 1000: 4, 2000: 3, 200: 2}"
6766,28/10/2025,17,828.1933238757388,"{100: 24, 500: 15, 5000: 5, 1000: 2}"
4826,09/11/2025,5,828.1905960694252,"{100: 23, 500: 13, 1000: 6, 200: 4, 5000: 3, 2000: 3}"
0409,03/11/2025,11,828.1768173020376,"{100: 25, 500: 11, 5000: 5, 200: 2, 1000: 2}"
3894,11/11/2025,3,828.1756251499288,"{100: 23, 500: 15, 200: 5, 2000: 3, 1000: 3, 5000: 1}"
4283,08/11/2025,6,828.1160306788014,"{100: 27, 500: 9, 1000: 5, 5000: 4}"
7269,29/10/2025,16,828.1129762060621,"{100: 22, 500: 17, 200: 5, 5000: 4, 1000: 2, 2000: 1}"
5998,20/09/2025,55,828.0873929936944,"{100: 25, 500: 13, 200: 4, 5000: 4, 1000: 1, 2000: 1}"
8029,23/09/2025,52,828.0763420594369,"{100: 21, 500: 18, 1000: 8, 200: 3, 5000: 2}"
8965,29/10/2025,16,828.0742290900059,"{100: 26, 500: 11, 2000: 5, 5000: 3, 1000: 3, 200: 2}"
0815,23/10/2025,22,828.0246806911601,"{100: 22, 500: 17, 1000: 7, 5000: 3, 200: 1}"
7001,07/11/2025,7,827.9951726131951,"{100: 20, 500: 18, 1000: 6, 5000: 5, 200: 4}"
5882,23/09/2025,52,827.9106561673455,"{100: 25, 500: 14, 5000: 3, 200: 3}"
0209,30/10/2025,15,827.8993713723579,"{100: 25, 500: 11, 1000: 7, 5000: 1, 2000: 1, 200: 1}"
0846,16/10/2025,29,827.8246585802594,"{100: 24, 500: 14, 5000: 5, 1000: 3, 200: 1, 2000: 1}"
4878,12/11/2025,2,827.8241308778956,"{100: 26, 500: 11, 2000: 4, 1000: 2, 200: 2, 5000: 1}"
7181,08/10/2025,37,827.7819602812026,"{100: 20, 500: 19, 1000: 8, 5000: 4, 200: 3, 2000: 1}"
6751,09/11/2025,5,827.6736288887519,"{100: 23, 500: 13, 1000: 5, 5000: 4, 200: 4}"
0351,01/11/2025,13,827.6687682894767,"{100: 25, 500: 10, 1000: 8, 5000: 5, 200: 3, 2000: 1}"
0616,05/11/2025,9,827.6168669844213,"{100: 24, 500: 12, 5000: 3, 1000: 3, 200: 3}"
8564,13/11/2025,1,827.5908703066827,"{100: 23, 500: 14, 5000: 8, 1000: 2, 2000: 1, 200: 1}"
4470,09/11/2025,5,827.5814933353539,"{100: 24, 500: 13, 5000: 8, 1000: 2, 200: 2, 2000: 1}"
0927,26/09/2025,49,827.5812219339734,"{100: 24, 500: 15, 5000: 4, 1000: 3, 200: 2, 2000: 2}"
1079,21/09/2025,54,827.5470003899458,"{100: 24, 500: 14, 5000: 6, 1000: 5, 200: 1}"
2521,01/11/2025,13,827.4761986718682,"{100: 24, 500: 13, 1000: 5, 5000: 5, 200: 1}"
2381,14/11/2025,0,827.4472564536482,"{100: 25, 500: 12, 1000: 5, 5000: 3, 200: 2}"
8347,21/10/2025,24,827.4209910460223,"{100: 22, 500: 16, 1000: 4, 200: 3, 5000: 2, 2000: 1}"
2580,06/11/2025,8,827.3936859133405,"{100: 23, 500: 15, 1000: 5, 5000: 4}"
6154,31/10/2025,14,827.3190784729838,"{100: 20, 500: 18, 1000: 10, 200: 3, 5000: 1, 2000: 1}"
7036,09/11/2025,5,827.2060799594011,"{100: 22, 500: 15, 1000: 8, 5000: 5, 200: 3}"
3389,10/10/2025,35,827.1954315668245,"{100: 24, 500: 15, 1000: 4, 5000: 2, 200: 1, 2000: 1}"
7226,03/10/2025,42,827.1938692281957,"{100: 27, 500: 10, 1000: 4, 5000: 3, 200: 1}"
2655,06/11/2025,8,827.1238181718566,"{100: 26, 500: 9, 1000: 6, 2000: 3, 200: 3, 5000: 1}"
6126,12/10/2025,33,827.1031796223381,"{100: 22, 500: 16, 1000: 7, 200: 2, 5000: 2}"
8583,10/10/2025,35,826.974897070196,"{100: 27, 500: 11, 5000: 4, 1000: 3, 200: 1, 2000: 1}"
5837,07/11/2025,7,826.9550459665181,"{100: 24, 500: 13, 200: 4, 1000: 3, 2000: 1, 5000: 1}"
4120,14/10/2025,31,826.9407194055556,"{100: 24, 500: 15, 5000: 2, 1000: 2, 200: 1, 2000: 1}"
2584,13/11/2025,1,826.7447443206082,"{100: 26, 500: 11, 5000: 4, 1000: 4, 200: 2}"
5871,14/10/2025,31,826.7400645226818,"{100: 28, 500: 8, 1000: 4, 200: 3, 2000: 1, 5000: 1}"
7942,05/11/2025,9,826.6877023825083,"{100: 23, 500: 14, 5000: 6, 1000: 4, 2000: 1}"
1300,07/11/2025,7,826.6472937231641,"{100: 21, 500: 19, 5000: 4, 1000: 2, 2000: 1, 200: 1}"
8466,25/10/2025,20,826.6252628984271,"{100: 20, 500: 18, 1000: 10, 5000: 5, 200: 2}"
5123,06/10/2025,39,826.6074091443554,"{100: 26, 500: 12, 200: 7, 1000: 6, 2000: 1}"
0098,24/10/2025,21,826.6004323210335,"{100: 24, 500: 13, 5000: 2, 1000: 2, 200: 2}"
5540,12/11/2025,2,826.5252369594341,"{100: 26, 500: 11, 5000: 3, 1000: 3, 200: 2}"
3602,13/11/2025,1,826.3249813682004,"{100: 23, 500: 15, 1000: 4, 2000: 2, 200: 2, 5000: 2}"
7256,03/09/2025,72,826.2568349147673,"{100: 24, 500: 15, 200: 6, 1000: 3, 5000: 3}"
9152,20/07/2025,117,826.216545627692,"{100: 25, 500: 14, 5000: 3, 1000: 2, 200: 1, 2000: 1}"
8221,01/11/2025,13,826.0925820608804,"{100: 21, 500: 18, 5000: 7, 1000: 4, 200: 3, 2000: 1}"
4053,07/11/2025,7,826.0872263487253,"{100: 24, 500: 13, 5000: 6, 1000: 4, 200: 2, 2000: 1}"
7230,22/10/2025,23,826.0665326161688,"{100: 27, 500: 11, 1000: 4, 200: 4, 2000: 1}"
4581,01/11/2025,13,826.0594850172077,"{100: 28, 1000: 6, 500: 6, 5000: 2, 2000: 1, 200: 1}"
9376,01/08/2025,105,826.0023491108412,"{100: 25, 500: 15, 1000: 4, 5000: 2}"
5379,17/08/2025,89,825.8901840542312,"{100: 24, 500: 14, 200: 7, 5000: 6, 1000: 3}"
1815,29/10/2025,16,825.8845304068496,"{100: 21, 500: 18, 1000: 8, 5000: 1}"
7448,27/10/2025,18,825.8528926968759,"{100: 26, 500: 11, 5000: 4, 1000: 2, 200: 1}"
7960,19/10/2025,26,825.8383619036875,"{100: 22, 500: 16, 1000: 6, 5000: 5, 200: 3}"
4646,15/10/2025,30,825.7737708988037,"{100: 25, 500: 13, 1000: 5, 200: 2, 2000: 1, 5000: 1}"
6860,23/10/2025,22,825.7121337810726,"{100: 22, 500: 17, 1000: 4, 5000: 3, 2000: 2, 200: 1}"
4161,20/10/2025,25,825.6583844508259,"{100: 27, 500: 8, 200: 2, 1000: 2, 5000: 1}"
2844,14/10/2025,31,825.6412751133104,"{100: 26, 500: 13, 200: 5, 2000: 2, 1000: 2}"
9207,31/08/2025,75,825.6040453634935,"{100: 26, 500: 12, 5000: 7, 1000: 2, 200: 1}"
3488,05/11/2025,9,825.587146746553,"{100: 24, 500: 13, 1000: 5, 2000: 1, 5000: 1, 200: 1}"
9250,08/11/2025,6,825.574050212876,"{100: 22, 500: 15, 1000: 7, 200: 4, 2000: 4, 5000: 3}"
0970,10/11/2025,4,825.4940298125094,"{100: 23, 500: 12, 5000: 4, 1000: 4, 200: 2, 2000: 1}"
0150,09/11/2025,5,825.4090910890611,"{100: 25, 500: 13, 5000: 5, 200: 3, 1000: 1}"
2771,20/10/2025,25,825.3925260700167,"{100: 24, 500: 14, 5000: 6, 1000: 4}"
6755,01/08/2025,105,825.3861282846896,"{100: 22, 500: 19, 1000: 5, 2000: 3, 200: 2, 5000: 2}"
7484,01/11/2025,13,825.3130991138779,"{100: 28, 500: 8, 1000: 3, 5000: 3, 200: 1}"
9617,04/11/2025,10,825.3119325551152,"{100: 25, 500: 13, 200: 3, 5000: 3, 1000: 2, 2000: 1}"
4576,11/11/2025,3,825.290172569631,"{100: 29, 500: 8, 1000: 4, 200: 1}"
2818,03/11/2025,11,825.2260798397357,"{100: 24, 500: 12, 5000: 5, 1000: 4, 200: 4, 2000: 3}"
9895,01/11/2025,13,825.1975777282605,"{100: 25, 500: 13, 1000: 3, 200: 2, 5000: 2, 2000: 1}"
9573,29/10/2025,16,825.162745970556,"{100: 25, 500: 13, 200: 5, 1000: 2, 5000: 1}"
5172,12/10/2025,33,825.1558262471463,"{100: 23, 500: 17, 1000: 6, 200: 3, 2000: 1}"
5279,21/10/2025,24,825.1490123133119,"{100: 21, 500: 17, 5000: 4, 200: 3, 1000: 2}"
7642,28/08/2025,78,825.129638177149,"{100: 21, 500: 20, 1000: 4, 2000: 2, 5000: 2, 200: 1}"
9222,13/11/2025,1,825.1248294800015,"{100: 22, 500: 17, 1000: 5, 2000: 2, 5000: 2, 200: 1}"
9596,30/10/2025,15,825.0904399253259,"{100: 27, 500: 10, 200: 6, 1000: 5, 2000: 1}"
6913,07/11/2025,7,825.0799993269301,"{100: 22, 500: 17, 5000: 5, 1000: 2, 200: 2, 2000: 1}"
9142,20/10/2025,25,825.0653881074122,"{100: 20, 500: 16, 5000: 7, 1000: 6, 200: 1, 2000: 1}"
6662,30/10/2025,15,825.0477428582096,"{100: 28, 500: 9, 200: 4, 2000: 3, 5000: 3}"
6202,13/11/2025,1,825.0356287580328,"{100: 23, 500: 10, 1000: 8, 5000: 5, 200: 5, 2000: 2}"
7763,27/10/2025,18,825.032170930072,"{100: 21, 500: 18, 1000: 7, 200: 4, 5000: 3}"
1264,12/11/2025,2,825.0127407724874,"{100: 25, 500: 10, 1000: 8, 5000: 4, 2000: 2, 200: 1}"
7558,20/10/2025,25,824.9894836628715,"{100: 23, 500: 14, 1000: 7, 5000: 5, 200: 1}"
5701,30/07/2025,107,824.9630679877513,"{100: 24, 500: 16, 200: 4, 5000: 3, 1000: 2, 2000: 1}"
1894,30/10/2025,15,824.9456748297754,"{100: 22, 500: 15, 5000: 4, 1000: 3, 2000: 1, 200: 1}"
1437,12/11/2025,2,824.944521274653,"{100: 23, 500: 16, 200: 3, 5000: 2, 2000: 2, 1000: 1}"
9826,10/09/2025,65,824.8340934759088,"{100: 23, 500: 14, 1000: 5, 5000: 2, 2000: 1, 200: 1}"
6254,10/11/2025,4,824.7150154558997,"{100: 24, 500: 12, 1000: 5, 200: 5, 5000: 3, 2000: 2}"
7848,24/10/2025,21,824.6956481916076,"{100: 27, 500: 10, 200: 3, 1000: 3, 5000: 1, 2000: 1}"
7518,01/10/2025,44,824.6803259091082,"{100: 25, 500: 12, 1000: 6, 5000: 4, 200: 3, 2000: 1}"
9353,12/10/2025,33,824.6274892719991,"{100: 26, 500: 10, 1000: 8, 2000: 2, 5000: 2, 200: 1}"
3321,26/10/2025,19,824.4358164933012,"{100: 22, 500: 17, 1000: 4, 200: 4, 2000: 2, 5000: 2}"
1676,03/11/2025,11,824.359137732606,"{100: 27, 500: 9, 1000: 3, 5000: 2, 200: 2, 2000: 1}"
3235,25/10/2025,20,824.3273593073841,"{100: 27, 500: 8, 1000: 3, 2000: 3, 5000: 3, 200: 1}"
7300,29/10/2025,16,824.2915287615748,"{100: 22, 500: 14, 5000: 5, 1000: 4, 200: 3, 2000: 2}"
6661,12/11/2025,2,824.2786435117939,"{100: 23, 500: 14, 1000: 5, 5000: 2, 200: 2, 2000: 1}"
7984,05/11/2025,9,824.1808485911955,"{100: 25, 500: 13, 5000: 4, 1000: 2, 200: 1}"
6551,17/09/2025,58,824.1762010559042,"{100: 24, 500: 12, 5000: 6, 200: 5, 1000: 2}"
4110,13/11/2025,1,824.1351926809341,"{100: 25, 500: 12, 1000: 3, 5000: 3, 2000: 1, 200: 1}"
8007,12/07/2025,125,823.9552026027342,"{100: 23, 500: 15, 1000: 5, 200: 3, 5000: 2, 2000: 1}"
8996,06/11/2025,8,823.8586288107568,"{100: 26, 500: 8, 5000: 6, 1000: 5, 200: 3}"
2324,08/10/2025,37,823.809249388513,"{100: 25, 500: 13, 5000: 4, 1000: 3, 2000: 1, 200: 1}"
9069,06/10/2025,39,823.7445453319554,"{500: 22, 100: 18, 1000: 5, 5000: 3, 2000: 3, 200: 1}"
6032,11/11/2025,3,823.6438821395117,"{100: 26, 500: 9, 200: 4, 5000: 3, 1000: 2, 2000: 1}"
4018,06/10/2025,39,823.6330785644639,"{100: 24, 500: 14, 1000: 3, 2000: 3, 5000: 3, 200: 2}"
9233,12/11/2025,2,823.6108253962972,"{100: 25, 500: 11, 1000: 5, 5000: 4, 200: 2}"
3955,08/10/2025,37,823.6038477987103,"{100: 28, 500: 9, 1000: 3, 200: 1, 5000: 1}"
2140,31/10/2025,14,823.5925318156005,"{100: 24, 500: 13, 200: 4, 1000: 3, 5000: 3, 2000: 1}"
4280,30/10/2025,15,823.5240966761089,"{100: 26, 500: 11, 200: 4, 5000: 3, 1000: 2}"
1062,15/09/2025,60,823.4308222350169,"{100: 26, 500: 10, 1000: 8, 200: 3, 5000: 1}"
8498,10/11/2025,4,823.4231757516934,"{100: 21, 500: 18, 1000: 6, 200: 4, 5000: 1, 2000: 1}"
5490,26/10/2025,19,823.3699328253382,"{100: 22, 500: 16, 1000: 6, 200: 2, 5000: 1, 2000: 1}"
4180,14/11/2025,0,823.339626155548,"{100: 24, 500: 11, 5000: 7, 1000: 6, 2000: 1}"
7525,09/10/2025,36,823.3059130757413,"{100: 24, 500: 13, 5000: 5, 1000: 4, 2000: 2, 200: 2}"
4811,16/10/2025,29,823.2814600713396,"{100: 26, 500: 11, 1000: 3, 5000: 2, 200: 2}"
8087,13/11/2025,1,823.176551070504,"{100: 24, 500: 14, 5000: 6, 200: 2, 2000: 1, 1000: 1}"
5103,12/11/2025,2,823.1610907166589,"{100: 23, 500: 16, 1000: 4, 200: 2, 5000: 1, 2000: 1}"
5951,04/11/2025,10,823.128268507312,"{100: 22, 500: 16, 1000: 7, 5000: 3, 200: 3, 2000: 1}"
3663,06/10/2025,39,823.0080988448935,"{100: 25, 500: 13, 1000: 3, 200: 2, 5000: 2}"
3533,24/10/2025,21,822.9842440037438,"{100: 28, 500: 9, 5000: 6, 1000: 1, 200: 1}"
3162,23/10/2025,22,822.9733153710837,"{100: 23, 500: 18, 1000: 4, 2000: 1, 200: 1}"
8516,06/11/2025,8,822.95539750679,"{100: 27, 500: 9, 200: 3, 5000: 3, 1000: 3, 2000: 1}"
9529,27/10/2025,18,822.9411207167354,"{100: 21, 500: 19, 5000: 3, 1000: 3, 200: 1}"
5116,10/11/2025,4,822.91200792395,"{100: 20, 500: 18, 1000: 4, 5000: 3}"
5332,03/11/2025,11,822.8854314682611,"{100: 26, 500: 10, 1000: 4, 200: 2, 5000: 1}"
9346,01/11/2025,13,822.8717676317012,"{100: 25, 500: 11, 1000: 5, 5000: 4, 200: 3, 2000: 1}"
2049,08/11/2025,6,822.6658413249904,"{100: 26, 500: 10, 1000: 4, 2000: 2, 5000: 2, 200: 1}"
3035,24/09/2025,51,822.635151196632,"{100: 23, 500: 14, 1000: 6, 5000: 4, 200: 2, 2000: 2}"
8249,09/11/2025,5,822.6303698069578,"{100: 26, 500: 9, 200: 8, 1000: 4, 5000: 2}"
9202,12/11/2025,2,822.5885375865042,"{100: 22, 500: 18, 5000: 3, 1000: 2, 200: 1}"
3147,24/10/2025,21,822.5756119845621,"{100: 25, 500: 12, 1000: 5, 5000: 4, 200: 1, 2000: 1}"
2060,18/10/2025,27,822.5455152512345,"{100: 24, 500: 15, 5000: 3, 1000: 2, 200: 2, 2000: 1}"
3265,31/10/2025,14,822.5395691341346,"{100: 21, 500: 19, 1000: 4, 5000: 3, 2000: 2}"
2811,28/09/2025,47,822.517689568883,"{100: 21, 500: 16, 200: 6, 1000: 5, 5000: 3, 2000: 2}"
4976,14/11/2025,0,822.429985260816,"{100: 25, 500: 11, 1000: 6, 5000: 2, 200: 2, 2000: 1}"
5231,21/08/2025,85,822.3944389439848,"{100: 25, 500: 14, 200: 3, 5000: 3, 1000: 2}"
1141,26/10/2025,19,822.3600682422727,"{100: 21, 500: 15, 1000: 7, 5000: 3, 200: 3, 2000: 2}"
5029,25/10/2025,20,822.3349019232,"{100: 21, 500: 16, 1000: 4, 5000: 4, 200: 4, 2000: 1}"
6998,28/10/2025,17,822.2459196444804,"{100: 21, 500: 18, 5000: 3, 200: 3, 1000: 3}"
0524,25/08/2025,81,822.181827804963,"{100: 27, 500: 12, 5000: 4, 1000: 2, 200: 2}"
8886,09/11/2025,5,822.1812102492074,"{100: 24, 500: 13, 5000: 4, 200: 4, 1000: 2}"
0607,01/11/2025,13,822.0648235734068,"{100: 27, 500: 9, 1000: 5, 5000: 2, 200: 1, 2000: 1}"
2010,06/07/2025,131,822.0470555758568,"{100: 21, 500: 18, 5000: 6, 1000: 4, 2000: 1}"
6972,18/10/2025,27,822.0136769201715,"{100: 25, 500: 14, 2000: 2, 1000: 1, 5000: 1, 200: 1}"
2661,11/10/2025,34,821.995044117843,"{100: 23, 500: 14, 1000: 3, 200: 2, 5000: 1, 2000: 1}"
1396,12/11/2025,2,821.9659200335477,"{100: 29, 500: 6, 200: 3, 1000: 2, 5000: 2}"
5310,02/11/2025,12,821.8886777645487,"{100: 21, 500: 16, 1000: 7, 5000: 4, 200: 4}"
4201,22/10/2025,23,821.860963880618,"{100: 24, 500: 13, 5000: 6, 200: 3, 1000: 2}"
8056,13/08/2025,93,821.8394037900031,"{100: 21, 500: 20, 5000: 5, 1000: 4, 200: 2, 2000: 1}"
2097,28/10/2025,17,821.7973924719232,"{500: 21, 100: 18, 5000: 4, 1000: 4, 200: 2, 2000: 1}"
7200,02/11/2025,12,821.6750688141104,"{100: 27, 500: 8, 1000: 7, 5000: 3, 200: 3}"
2561,11/11/2025,3,821.6127921277204,"{100: 24, 500: 12, 1000: 4, 5000: 4, 200: 3, 2000: 1}"
7250,25/09/2025,50,821.5732054530471,"{100: 25, 500: 13, 1000: 4, 5000: 3, 200: 2, 2000: 1}"
2394,15/09/2025,60,821.572055367439,"{100: 22, 500: 17, 1000: 6, 5000: 2, 2000: 2, 200: 1}"
3564,12/11/2025,2,821.4588867504053,"{100: 26, 500: 11, 2000: 3, 200: 2, 5000: 1, 1000: 1}"
7069,06/09/2025,69,821.4211326073405,"{500: 22, 100: 18, 5000: 3, 1000: 3, 200: 3, 2000: 2}"
8049,08/11/2025,6,821.3727328402667,"{100: 20, 500: 16, 1000: 6, 5000: 2, 2000: 1, 200: 1}"
8447,10/11/2025,4,821.3340981801689,"{100: 20, 500: 18, 1000: 6, 2000: 3, 5000: 3, 200: 1}"
2312,13/11/2025,1,821.2903850414375,"{100: 26, 500: 11, 1000: 3, 200: 3, 2000: 1, 5000: 1}"
0506,22/10/2025,23,821.2756681644306,"{100: 27, 500: 11, 1000: 5, 200: 2}"
1290,12/11/2025,2,821.2283262366759,"{100: 24, 500: 13, 1000: 5, 200: 3, 2000: 2, 5000: 1}"
4831,23/08/2025,83,821.1695098714866,"{100: 22, 500: 16, 1000: 7, 200: 3, 5000: 3, 2000: 1}"
5864,29/10/2025,16,821.1412255128168,"{100: 26, 500: 12, 1000: 4, 200: 3}"
9527,06/10/2025,39,821.0895701962716,"{100: 24, 500: 13, 200: 6, 5000: 4, 1000: 2, 2000: 2}"
8499,03/11/2025,11,821.0858958972157,"{100: 24, 500: 14, 1000: 5, 200: 2, 5000: 1}"
2573,13/11/2025,1,821.0792473730453,"{100: 26, 500: 10, 5000: 7, 1000: 2, 200: 2, 2000: 1}"
9804,13/10/2025,32,821.0571109816552,"{100: 23, 500: 13, 5000: 6, 200: 3, 1000: 1}"
2533,22/10/2025,23,821.0436431824951,"{100: 23, 500: 18, 200: 3, 2000: 2, 1000: 1, 5000: 1}"
6765,14/11/2025,0,821.0367606292841,"{100: 24, 500: 10, 1000: 9, 5000: 4, 200: 2, 2000: 2}"
8681,01/11/2025,13,820.8259344790106,"{100: 24, 500: 14, 1000: 5, 200: 3, 2000: 1, 5000: 1}"
3856,29/08/2025,77,820.7859965988687,"{100: 26, 500: 12, 1000: 5, 2000: 2, 5000: 1, 200: 1}"
7007,02/11/2025,12,820.7547254126644,"{100: 22, 500: 17, 1000: 6, 200: 2, 2000: 1, 5000: 1}"
8278,24/10/2025,21,820.7293804416976,"{100: 24, 500: 14, 200: 3, 5000: 2, 2000: 1}"
6731,07/11/2025,7,820.6765928418156,"{100: 23, 500: 17, 2000: 3, 5000: 2, 200: 1}"
9119,14/11/2025,0,820.6588026419048,"{100: 27, 500: 8, 1000: 5, 2000: 4, 200: 3, 5000: 2}"
3031,08/10/2025,37,820.6556357584237,"{100: 25, 500: 12, 1000: 4, 200: 2, 5000: 1, 2000: 1}"
3196,28/10/2025,17,820.6379702082842,"{100: 24, 500: 14, 1000: 3, 5000: 2, 2000: 1, 200: 1}"
6576,24/08/2025,82,820.5719079836504,"{100: 21, 500: 16, 5000: 7, 200: 4, 1000: 3, 2000: 2}"
1016,26/10/2025,19,820.5675713353539,"{100: 21, 500: 16, 1000: 4, 5000: 3, 200: 3, 2000: 1}"
6863,05/10/2025,40,820.5315449730721,"{100: 26, 500: 7, 1000: 6, 5000: 4, 2000: 3, 200: 2}"
2221,14/10/2025,31,820.4905632388356,"{500: 20, 100: 20, 1000: 2, 5000: 2, 200: 2, 2000: 1}"
4568,06/11/2025,8,820.4690336664161,"{500: 20, 100: 20, 5000: 3, 1000: 3, 200: 2, 2000: 1}"
5674,23/10/2025,22,820.4243979594338,"{100: 25, 500: 14, 1000: 3, 200: 2, 2000: 1}"
7532,13/10/2025,32,820.3945859711046,"{100: 22, 500: 17, 200: 4, 1000: 3, 5000: 3, 2000: 1}"
7772,02/11/2025,12,820.2955583757013,"{100: 22, 500: 16, 1000: 7, 5000: 3, 200: 2}"
0114,19/10/2025,26,820.2889513745521,"{100: 24, 500: 13, 1000: 4, 5000: 2, 200: 2}"
6371,29/10/2025,16,820.1736496450552,"{100: 26, 500: 13, 1000: 3, 2000: 2}"
2350,02/11/2025,12,820.0891537014548,"{100: 27, 500: 9, 5000: 5, 1000: 2, 2000: 1, 200: 1}"
0516,10/10/2025,35,819.9623015714078,"{100: 21, 500: 17, 200: 5, 5000: 3, 1000: 2, 2000: 1}"
9457,14/11/2025,0,819.9133031010261,"{100: 25, 500: 11, 1000: 4, 200: 3, 5000: 1}"
4852,19/09/2025,56,819.9040615386584,"{100: 23, 500: 16, 5000: 4, 1000: 3, 200: 3, 2000: 2}"
1284,25/09/2025,50,819.8769612483128,"{100: 24, 500: 13, 1000: 5, 5000: 2, 2000: 1, 200: 1}"
6496,07/11/2025,7,819.8010048270396,"{100: 26, 500: 8, 1000: 8, 5000: 7, 200: 2, 2000: 1}"
0045,10/10/2025,35,819.6722947197413,"{100: 25, 500: 12, 1000: 3, 2000: 1, 5000: 1, 200: 1}"
6921,12/10/2025,33,819.6240223036157,"{100: 26, 500: 10, 1000: 6, 200: 3, 5000: 1}"
9023,28/10/2025,17,819.5601268240147,"{100: 24, 500: 13, 1000: 9, 5000: 1}"
1114,08/09/2025,67,819.5507601197986,"{100: 23, 500: 13, 1000: 5, 5000: 5, 200: 2}"
8497,21/08/2025,85,819.5069379138343,"{100: 24, 500: 15, 5000: 3, 200: 3, 1000: 2, 2000: 2}"
5828,07/11/2025,7,819.4802816299401,"{100: 25, 500: 12, 1000: 3, 200: 3, 2000: 2, 5000: 1}"
9507,09/11/2025,5,819.4780437727429,"{100: 21, 500: 15, 1000: 6, 5000: 4, 2000: 2, 200: 1}"
6909,12/11/2025,2,819.4538354581309,"{100: 27, 500: 8, 1000: 7, 5000: 2, 200: 1}"
8390,26/10/2025,19,819.4242561420208,"{100: 23, 500: 14, 5000: 4, 1000: 3, 2000: 2, 200: 2}"
2370,18/10/2025,27,819.4022171525856,"{100: 20, 500: 18, 5000: 3, 2000: 3, 1000: 3, 200: 3}"
6853,03/11/2025,11,819.3522035239264,"{100: 22, 500: 16, 1000: 6, 5000: 4, 2000: 2, 200: 1}"
3146,06/11/2025,8,819.2950461526569,"{100: 26, 500: 8, 1000: 3, 5000: 3, 200: 2, 2000: 1}"
7347,10/09/2025,65,819.2338685693043,"{100: 29, 500: 6, 5000: 5, 1000: 3, 200: 3, 2000: 1}"
5557,07/11/2025,7,819.1305176251371,"{100: 26, 500: 13, 200: 4, 1000: 2, 2000: 1}"
2506,06/11/2025,8,819.0749148992478,"{100: 22, 500: 16, 5000: 5, 1000: 5, 200: 2, 2000: 2}"
7511,03/09/2025,72,819.0509241449154,"{100: 23, 500: 15, 1000: 6, 5000: 5, 200: 2}"
3597,12/11/2025,2,818.974052954955,"{100: 23, 500: 14, 5000: 4, 1000: 3, 200: 3}"
6072,28/10/2025,17,818.8507061192659,"{100: 21, 500: 15, 1000: 7, 5000: 6, 200: 2, 2000: 1}"
0084,08/11/2025,6,818.8355582283498,"{100: 25, 500: 12, 5000: 3, 1000: 2, 200: 2}"
2368,02/11/2025,12,818.8130153837458,"{100: 29, 500: 8, 200: 3, 5000: 2}"
4828,13/10/2025,32,818.7738761246754,"{100: 22, 500: 18, 1000: 3, 5000: 3, 2000: 1}"
0293,22/10/2025,23,818.7699390184946,"{100: 24, 500: 11, 5000: 5, 1000: 4}"
9430,31/10/2025,14,818.7443587100403,"{100: 22, 500: 16, 1000: 5, 5000: 4, 2000: 1}"
4400,03/10/2025,42,818.5419730160432,"{100: 23, 500: 14, 5000: 5, 1000: 5, 200: 1}"
8349,03/10/2025,42,818.4899784287281,"{100: 25, 500: 12, 1000: 7, 5000: 2, 200: 2, 2000: 1}"
4677,28/10/2025,17,818.4464570889871,"{100: 23, 500: 15, 5000: 5, 2000: 2, 1000: 2, 200: 1}"
3069,13/11/2025,1,818.4014818794251,"{100: 23, 500: 15, 5000: 5, 1000: 3, 200: 2}"
5290,07/11/2025,7,818.3344803679032,"{100: 24, 500: 12, 200: 5, 5000: 4, 1000: 4, 2000: 2}"
5209,28/10/2025,17,818.2821605147689,"{100: 22, 500: 16, 1000: 6, 200: 4, 5000: 4, 2000: 1}"
1356,31/10/2025,14,818.2688649925827,"{100: 21, 500: 16, 1000: 7, 5000: 5, 200: 1}"
7913,13/11/2025,1,818.2550127495181,"{100: 24, 500: 14, 1000: 2, 2000: 2, 200: 2, 5000: 1}"
5666,02/11/2025,12,818.2337230047378,"{100: 21, 500: 16, 5000: 7, 1000: 5, 200: 4, 2000: 2}"
9984,04/11/2025,10,818.22121759382,"{100: 22, 500: 15, 1000: 6, 5000: 3, 2000: 1, 200: 1}"
1462,01/11/2025,13,818.1684171573892,"{100: 27, 5000: 7, 500: 5, 1000: 5}"
8521,08/11/2025,6,818.1150302793756,"{100: 23, 500: 15, 5000: 5, 1000: 3, 200: 2}"
6037,19/09/2025,56,818.0987115987738,"{100: 24, 500: 14, 1000: 5, 5000: 4, 200: 1, 2000: 1}"
1094,08/10/2025,37,818.0215561653526,"{100: 25, 500: 12, 2000: 7, 5000: 4, 1000: 3, 200: 1}"
8264,17/08/2025,89,817.9971091013791,"{500: 22, 100: 20, 1000: 8, 5000: 2}"
5810,28/10/2025,17,817.9731598072967,"{100: 22, 500: 18, 1000: 6, 200: 1}"
7912,29/07/2025,108,817.9136709882495,"{100: 25, 500: 14, 1000: 3, 200: 2, 5000: 2}"
9553,10/10/2025,35,817.8948931352355,"{500: 21, 100: 20, 5000: 5, 200: 4, 2000: 2, 1000: 1}"
2896,22/10/2025,23,817.8948863879148,"{100: 21, 500: 17, 5000: 3, 1000: 2, 2000: 1, 200: 1}"
4941,12/11/2025,2,817.7662927977661,"{100: 23, 500: 12, 1000: 9, 5000: 3, 200: 2}"
5043,07/11/2025,7,817.5432645307011,"{100: 24, 500: 13, 1000: 5, 5000: 3, 200: 2, 2000: 2}"
9999,06/11/2025,8,817.5112082312412,"{100: 22, 500: 17, 200: 3, 1000: 2, 5000: 2, 2000: 2}"
0029,10/11/2025,4,817.481883715643,"{100: 22, 500: 15, 5000: 7, 1000: 7, 200: 5}"
3296,03/09/2025,72,817.4610866713414,"{100: 23, 500: 14, 200: 6, 1000: 5, 5000: 4}"
0422,17/07/2025,120,817.4417688158082,"{100: 25, 500: 13, 1000: 6, 5000: 3, 200: 1}"
1296,13/11/2025,1,817.4185536476267,"{100: 22, 500: 16, 1000: 6, 5000: 4, 2000: 1}"
3786,06/11/2025,8,817.4056261883998,"{100: 25, 500: 11, 5000: 6, 1000: 5, 200: 1}"
4841,12/11/2025,2,817.3611812352575,"{100: 22, 500: 13, 1000: 7, 5000: 4, 200: 1}"
5401,01/11/2025,13,817.3449172458004,"{100: 20, 500: 17, 5000: 5, 1000: 4, 2000: 2, 200: 2}"
5633,01/11/2025,13,817.3094824086493,"{100: 24, 500: 17, 1000: 1}"
4158,09/11/2025,5,817.2188932766772,"{100: 25, 500: 12, 1000: 4, 200: 3, 5000: 2}"
7153,13/10/2025,32,817.1944149493005,"{100: 24, 500: 10, 5000: 5, 1000: 5, 200: 4, 2000: 1}"
1111,02/11/2025,12,817.1356037948227,"{100: 24, 500: 10, 5000: 5, 1000: 4, 200: 2, 2000: 1}"
8512,28/10/2025,17,817.0826204473417,"{100: 24, 500: 14, 200: 5, 5000: 2, 1000: 2, 2000: 1}"
5256,18/10/2025,27,816.9418892930847,"{100: 24, 500: 13, 1000: 8, 5000: 2, 200: 1}"
8955,31/10/2025,14,816.9258157313093,"{100: 24, 500: 12, 1000: 6, 5000: 4, 200: 2, 2000: 1}"
8034,15/09/2025,60,816.9099667732198,"{100: 25, 500: 12, 1000: 6, 5000: 4, 2000: 2}"
2731,01/11/2025,13,816.9060298583338,"{100: 26, 500: 11, 1000: 3, 5000: 2, 2000: 1, 200: 1}"
9437,26/09/2025,49,816.8829327695026,"{100: 26, 500: 9, 1000: 7, 200: 3, 5000: 2}"
3590,07/10/2025,38,816.8716002351956,"{100: 24, 500: 13, 1000: 6, 2000: 3, 200: 1, 5000: 1}"
9181,20/06/2025,147,816.8663087191932,"{100: 24, 500: 16, 1000: 4, 2000: 3, 5000: 1, 200: 1}"
6866,19/10/2025,26,816.8552334420109,"{100: 21, 500: 17, 1000: 7, 200: 4, 5000: 3, 2000: 2}"
7649,13/11/2025,1,816.8097874212754,"{100: 22, 500: 16, 200: 5, 5000: 3, 1000: 3, 2000: 2}"
0030,08/11/2025,6,816.7107379236892,"{100: 23, 500: 14, 1000: 7, 5000: 4, 2000: 1, 200: 1}"
1299,02/11/2025,12,816.6345989822718,"{100: 22, 500: 17, 1000: 5, 5000: 2, 200: 1}"
5189,13/10/2025,32,816.6093362364934,"{100: 22, 500: 14, 5000: 4, 1000: 4, 200: 2}"
8013,25/10/2025,20,816.5994633343483,"{100: 21, 500: 13, 200: 8, 1000: 4, 5000: 2, 2000: 2}"
5023,02/11/2025,12,816.5693251435458,"{100: 21, 500: 14, 200: 10, 5000: 7, 1000: 4, 2000: 3}"
4756,04/11/2025,10,816.5527183575232,"{100: 24, 500: 15, 1000: 4, 200: 3}"
5229,14/11/2025,0,816.5404065115355,"{100: 19, 500: 18, 1000: 9, 5000: 5, 2000: 1, 200: 1}"
6313,23/10/2025,22,816.5148152355149,"{100: 24, 500: 14, 5000: 4, 2000: 3, 1000: 2, 200: 2}"
6590,16/10/2025,29,816.4981858064081,"{100: 23, 500: 16, 1000: 6, 2000: 4, 200: 2}"
2545,10/09/2025,65,816.4059764522024,"{100: 27, 500: 10, 5000: 5, 1000: 2, 2000: 1}"
0936,06/11/2025,8,816.3949466501349,"{100: 25, 500: 12, 1000: 5, 200: 4, 5000: 1}"
4763,12/10/2025,33,816.3545136063516,"{100: 24, 500: 13, 200: 5, 1000: 4, 5000: 2}"
3635,24/09/2025,51,816.3473424214201,"{100: 24, 500: 13, 1000: 7, 200: 2, 5000: 2, 2000: 1}"
8420,04/11/2025,10,816.3342233346854,"{100: 25, 1000: 9, 500: 9, 2000: 2, 5000: 2, 200: 2}"
8077,10/11/2025,4,816.3023289229609,"{100: 23, 500: 11, 1000: 9, 5000: 6, 200: 4, 2000: 2}"
5905,30/09/2025,45,816.2330268145756,"{100: 27, 500: 11, 5000: 3, 200: 2, 1000: 2, 2000: 1}"
3372,20/10/2025,25,816.226782513887,"{100: 23, 500: 17, 200: 4, 1000: 3, 2000: 2}"
5108,28/10/2025,17,816.2150099548019,"{100: 22, 500: 14, 5000: 5, 1000: 3, 200: 2, 2000: 1}"
6643,13/11/2025,1,816.084289997094,"{100: 21, 500: 19, 5000: 3, 200: 2, 1000: 2}"
9097,30/10/2025,15,816.066171875498,"{100: 20, 500: 19, 1000: 5, 5000: 4, 200: 2}"
7254,02/11/2025,12,816.0634392031372,"{100: 24, 500: 12, 1000: 5, 5000: 2, 200: 2, 2000: 1}"
9350,14/11/2025,0,816.0105438944406,"{100: 23, 500: 15, 1000: 6, 5000: 1, 200: 1}"
2831,12/10/2025,33,815.9971285648016,"{100: 23, 500: 13, 5000: 6, 1000: 2, 2000: 1}"
4502,26/10/2025,19,815.9822411339234,"{100: 24, 500: 10, 200: 7, 5000: 1, 1000: 1}"
1936,11/08/2025,95,815.8126118432373,"{100: 21, 500: 19, 1000: 8, 5000: 2, 2000: 2, 200: 1}"
6707,12/11/2025,2,815.7926358975387,"{100: 27, 500: 11, 1000: 3, 200: 1}"
0465,13/11/2025,1,815.7646916881647,"{100: 23, 500: 15, 5000: 6, 1000: 2, 200: 1, 2000: 1}"
6653,02/11/2025,12,815.7433310208395,"{100: 27, 500: 10, 5000: 5, 200: 4}"
9633,22/10/2025,23,815.7138233388025,"{100: 27, 500: 8, 1000: 6, 5000: 4, 200: 2}"
5454,17/10/2025,28,815.6832782151517,"{100: 24, 500: 13, 1000: 6, 2000: 2, 5000: 1}"
3150,21/10/2025,24,815.6674005160028,"{100: 26, 500: 10, 5000: 4, 200: 4, 1000: 2, 2000: 1}"
1755,10/11/2025,4,815.5793972835721,"{100: 26, 500: 8, 1000: 6, 5000: 3, 2000: 1}"
0811,19/09/2025,56,815.5727788148523,"{100: 26, 500: 10, 1000: 6, 2000: 5, 200: 3, 5000: 2}"
3303,17/09/2025,58,815.5710408817627,"{100: 26, 500: 12, 5000: 2, 200: 2, 1000: 2, 2000: 1}"
9088,14/11/2025,0,815.4899371307649,"{100: 23, 500: 15, 200: 3, 5000: 2, 1000: 2, 2000: 1}"
6891,08/11/2025,6,815.4731306008337,"{100: 23, 500: 14, 5000: 5, 1000: 4, 200: 1, 2000: 1}"
3180,28/08/2025,78,815.4556495726555,"{100: 29, 500: 8, 1000: 2, 5000: 1}"
4528,17/10/2025,28,815.4122509623934,"{100: 24, 500: 14, 1000: 3, 200: 3, 5000: 2}"
9923,18/10/2025,27,815.40824736195,"{100: 24, 500: 14, 200: 3, 1000: 3, 2000: 2, 5000: 1}"
2559,14/11/2025,0,815.3794125248492,"{100: 22, 500: 16, 1000: 6, 5000: 3, 200: 3}"
0599,28/10/2025,17,815.2896070474908,"{100: 24, 500: 13, 1000: 5, 2000: 2, 200: 2, 5000: 1}"
9279,23/09/2025,52,815.2840958487452,"{100: 21, 500: 17, 2000: 4, 1000: 4, 5000: 3, 200: 1}"
9492,11/11/2025,3,815.2335076582287,"{500: 19, 100: 19, 5000: 4, 1000: 3, 2000: 2}"
6090,30/10/2025,15,815.1796603631711,"{100: 27, 1000: 7, 500: 7, 2000: 5, 200: 2, 5000: 1}"
9859,07/11/2025,7,815.1320044434957,"{100: 24, 500: 11, 5000: 4, 2000: 2, 1000: 2}"
6240,23/10/2025,22,815.1303919769854,"{100: 22, 500: 15, 5000: 7, 200: 5, 1000: 3, 2000: 1}"
1143,28/09/2025,47,815.102274055573,"{100: 24, 500: 14, 5000: 4, 2000: 2, 1000: 2}"
3217,24/09/2025,51,815.0913323518014,"{100: 24, 500: 12, 1000: 6, 5000: 4, 200: 2, 2000: 1}"
0055,06/11/2025,8,815.0848154856413,"{100: 25, 500: 10, 5000: 5, 200: 3, 1000: 1, 2000: 1}"
4744,07/11/2025,7,815.0502501215225,"{100: 24, 500: 8, 200: 5, 5000: 5, 1000: 4, 2000: 1}"
7933,04/11/2025,10,814.9833513288356,"{100: 23, 500: 14, 1000: 6, 5000: 2, 200: 2}"
4967,06/11/2025,8,814.9785645248753,"{500: 21, 100: 19, 200: 4, 1000: 3, 5000: 1}"
0816,24/10/2025,21,814.8889756963241,"{500: 21, 100: 18, 1000: 9, 200: 2, 2000: 1, 5000: 1}"
7835,16/10/2025,29,814.8088997486233,"{100: 26, 500: 12, 1000: 3, 5000: 3, 200: 2}"
2543,13/10/2025,32,814.8005399281227,"{100: 27, 500: 8, 200: 4, 1000: 3, 5000: 2, 2000: 1}"
9832,28/10/2025,17,814.7804490409148,"{100: 27, 500: 7, 1000: 6, 200: 4, 5000: 3}"
7063,31/10/2025,14,814.7719387834348,"{100: 22, 500: 13, 1000: 6, 5000: 5, 200: 3}"
3625,04/11/2025,10,814.7674925902506,"{100: 24, 500: 12, 5000: 4, 1000: 3, 2000: 1}"
3583,16/10/2025,29,814.6874763802537,"{100: 26, 500: 11, 1000: 3, 5000: 2, 200: 2, 2000: 1}"
7567,29/10/2025,16,814.6801825106571,"{100: 24, 500: 12, 200: 5, 5000: 3, 1000: 3, 2000: 3}"
4813,22/10/2025,23,814.6654179497351,"{100: 23, 500: 14, 1000: 5, 5000: 4, 200: 3, 2000: 2}"
0113,27/10/2025,18,814.663648744115,"{100: 24, 500: 13, 1000: 5, 5000: 5, 200: 1}"
9598,09/11/2025,5,814.6389491957015,"{100: 23, 500: 13, 1000: 5, 5000: 4, 200: 2, 2000: 1}"
2396,20/10/2025,25,814.5904379862084,"{500: 20, 100: 19, 5000: 5, 1000: 5, 200: 4, 2000: 2}"
3545,21/10/2025,24,814.576771600631,"{100: 27, 500: 11, 1000: 3, 2000: 2, 200: 1}"
3940,03/11/2025,11,814.5123721350159,"{100: 25, 500: 11, 200: 5, 5000: 3, 1000: 3}"
3172,05/10/2025,40,814.5117890450963,"{100: 25, 500: 10, 5000: 9, 1000: 5, 200: 4}"
7749,10/11/2025,4,814.4821168718312,"{500: 20, 100: 20, 1000: 3, 5000: 2, 2000: 1}"
7058,30/10/2025,15,814.4231062565416,"{100: 24, 500: 12, 1000: 5, 5000: 3, 200: 1}"
8556,27/10/2025,18,814.3837235088625,"{100: 23, 500: 14, 5000: 7, 1000: 3, 2000: 1, 200: 1}"
6633,02/11/2025,12,814.3548136746316,"{100: 23, 500: 13, 5000: 4, 2000: 3, 1000: 3, 200: 2}"
5056,03/10/2025,42,814.3503603137588,"{100: 28, 500: 8, 5000: 2, 2000: 2, 1000: 2, 200: 2}"
1567,17/10/2025,28,814.3452753568665,"{100: 22, 500: 12, 1000: 6, 200: 6, 5000: 4, 2000: 1}"
8109,04/10/2025,41,814.0913584783594,"{100: 26, 500: 10, 1000: 4, 200: 3, 2000: 1, 5000: 1}"
0307,11/11/2025,3,814.0387788793414,"{100: 25, 500: 12, 5000: 3, 1000: 2, 2000: 2, 200: 2}"
8856,02/11/2025,12,814.03058417653,"{100: 23, 500: 14, 5000: 6, 1000: 4, 200: 3, 2000: 2}"
6068,13/11/2025,1,813.9976651808298,"{100: 21, 500: 18, 1000: 3, 200: 3, 5000: 3, 2000: 1}"
3168,12/11/2025,2,813.9975860277601,"{100: 24, 500: 12, 5000: 5, 1000: 4, 200: 2, 2000: 1}"
5994,18/10/2025,27,813.940840845821,"{100: 26, 500: 11, 200: 5, 1000: 3, 5000: 1, 2000: 1}"
2344,28/10/2025,17,813.9218292439507,"{500: 21, 100: 19, 1000: 4, 5000: 3, 2000: 2, 200: 1}"
1821,02/08/2025,104,813.9071187316835,"{100: 25, 500: 13, 1000: 6, 200: 4, 2000: 1, 5000: 1}"
2423,06/11/2025,8,813.8743060633343,"{100: 23, 500: 11, 1000: 9, 5000: 4, 2000: 1, 200: 1}"
2622,18/10/2025,27,813.8657268868599,"{100: 23, 500: 15, 200: 4, 5000: 3, 1000: 3, 2000: 1}"
4026,25/10/2025,20,813.8651119620324,"{100: 24, 500: 12, 1000: 8, 200: 5, 5000: 3}"
8037,09/10/2025,36,813.8334372949344,"{100: 23, 500: 13, 5000: 8, 1000: 6, 2000: 2, 200: 1}"
1832,04/11/2025,10,813.8109460806535,"{100: 26, 500: 9, 1000: 6, 5000: 3}"
9501,13/11/2025,1,813.7778795825369,"{500: 21, 100: 19, 1000: 4, 5000: 3, 200: 2}"
8004,14/09/2025,61,813.7486627677956,"{100: 22, 500: 16, 1000: 8, 200: 5, 5000: 3}"
4894,01/11/2025,13,813.6681408800216,"{100: 24, 500: 14, 2000: 3, 1000: 2, 5000: 2, 200: 2}"
2796,22/09/2025,53,813.6577287630679,"{100: 29, 500: 8, 200: 4, 1000: 2, 2000: 2}"
8828,06/11/2025,8,813.6115274625362,"{100: 27, 500: 8, 1000: 4, 2000: 3, 5000: 3, 200: 2}"
7017,30/10/2025,15,813.5946007540834,"{100: 20, 500: 19, 5000: 4, 200: 3, 2000: 2, 1000: 1}"
5060,13/10/2025,32,813.5892793938606,"{100: 25, 500: 14, 1000: 5, 2000: 1}"
6514,11/11/2025,3,813.5706572074699,"{100: 25, 500: 11, 1000: 6, 200: 3, 2000: 2, 5000: 1}"
8874,15/09/2025,60,813.5279339883484,"{100: 23, 500: 12, 5000: 8, 200: 3, 2000: 3, 1000: 2}"
5090,24/09/2025,51,813.523312454096,"{100: 25, 500: 9, 1000: 7, 5000: 2, 2000: 2, 200: 1}"
2878,26/10/2025,19,813.4933599161116,"{100: 23, 500: 10, 1000: 9, 200: 5, 5000: 2, 2000: 1}"
3839,29/10/2025,16,813.4426750437018,"{100: 21, 500: 17, 1000: 8, 5000: 4, 200: 2}"
7529,31/10/2025,14,813.3880223143382,"{100: 21, 500: 15, 200: 7, 5000: 4, 1000: 4}"
8294,02/11/2025,12,813.3575727082783,"{100: 21, 500: 18, 5000: 5, 1000: 4, 200: 2}"
9321,27/10/2025,18,813.3466840419431,"{100: 23, 500: 15, 200: 6, 1000: 2, 5000: 2}"
3516,14/10/2025,31,813.2863008764025,"{100: 27, 500: 9, 5000: 4, 1000: 2, 200: 2, 2000: 1}"
2643,25/10/2025,20,813.2492167779335,"{100: 21, 500: 18, 200: 6, 1000: 4, 5000: 3, 2000: 3}"
0381,23/10/2025,22,813.2418007277056,"{100: 25, 500: 11, 200: 3, 1000: 2, 2000: 1, 5000: 1}"
5710,09/10/2025,36,813.2030025287991,"{100: 26, 500: 8, 200: 5, 5000: 3, 1000: 3}"
4573,08/08/2025,98,813.1675082307421,"{100: 23, 500: 16, 1000: 5, 5000: 4, 2000: 3, 200: 1}"
6862,09/11/2025,5,813.1549900897263,"{100: 21, 500: 18, 1000: 5, 200: 2, 5000: 1}"
7840,15/09/2025,60,813.1191223714205,"{100: 23, 500: 16, 5000: 5, 200: 3, 2000: 1, 1000: 1}"
4314,13/06/2025,154,813.1094993132422,"{100: 25, 500: 16, 1000: 3, 200: 3, 2000: 3}"
6499,16/09/2025,59,813.0598491343405,"{100: 22, 500: 14, 1000: 6, 5000: 4, 200: 2, 2000: 1}"
4242,21/10/2025,24,812.980951229239,"{100: 25, 500: 12, 1000: 5, 200: 3, 5000: 1}"
3405,12/11/2025,2,812.9367527018472,"{100: 28, 500: 7, 5000: 5, 2000: 2, 200: 1, 1000: 1}"
7479,01/11/2025,13,812.8828597640804,"{100: 21, 500: 13, 1000: 8, 5000: 5, 200: 3, 2000: 1}"
6797,09/11/2025,5,812.8168079223123,"{100: 22, 500: 15, 1000: 6, 5000: 6, 2000: 3}"
8116,03/10/2025,42,812.7643363435847,"{100: 26, 500: 11, 1000: 3, 5000: 3, 200: 2}"
6627,06/11/2025,8,812.7083756804707,"{100: 21, 500: 17, 1000: 4, 5000: 4, 200: 3, 2000: 2}"
5221,22/10/2025,23,812.7073175739383,"{100: 24, 500: 12, 200: 2, 1000: 2, 5000: 1, 2000: 1}"
7682,06/11/2025,8,812.68459337075,"{100: 24, 500: 13, 5000: 5, 2000: 4, 200: 2, 1000: 2}"
8414,05/11/2025,9,812.6779592710589,"{100: 25, 500: 11, 5000: 4, 200: 4, 1000: 4, 2000: 3}"
3187,10/11/2025,4,812.5805557383541,"{100: 23, 500: 13, 200: 6, 1000: 5, 5000: 1, 2000: 1}"
7734,31/10/2025,14,812.5655289343106,"{100: 24, 500: 13, 200: 4, 1000: 3, 2000: 2, 5000: 2}"
0039,12/11/2025,2,812.4828829008738,"{100: 21, 500: 18, 1000: 2, 200: 1, 5000: 1}"
0668,24/09/2025,51,812.4737869461959,"{100: 23, 500: 17, 1000: 4, 200: 2, 5000: 2}"
6034,22/08/2025,84,812.4520759593682,"{100: 25, 500: 13, 5000: 5, 1000: 3, 2000: 2}"
2967,22/10/2025,23,812.4233606101876,"{100: 19, 500: 18, 5000: 5, 1000: 4, 200: 1, 2000: 1}"
4659,24/10/2025,21,812.3897201841716,"{100: 22, 500: 16, 1000: 4, 2000: 3, 5000: 3, 200: 1}"
2077,01/11/2025,13,812.3700647738082,"{100: 26, 500: 9, 1000: 7, 200: 4, 5000: 2, 2000: 1}"
1835,29/10/2025,16,812.3421791000123,"{100: 24, 500: 13, 5000: 6, 1000: 3, 200: 2}"
8725,20/08/2025,86,812.341864100852,"{100: 23, 500: 18, 5000: 2, 1000: 1}"
0379,23/09/2025,52,812.2972310452107,"{100: 22, 500: 18, 1000: 3, 5000: 2, 200: 2}"
7946,04/11/2025,10,812.2071451657578,"{100: 22, 500: 13, 1000: 6, 200: 5, 5000: 3}"
6654,31/10/2025,14,812.2006036086676,"{100: 26, 500: 9, 1000: 6, 2000: 4, 5000: 3, 200: 2}"
3101,28/10/2025,17,812.1795105496308,"{100: 24, 500: 13, 1000: 6, 200: 3, 2000: 1, 5000: 1}"
5913,03/11/2025,11,812.1729519781912,"{500: 19, 100: 18, 1000: 7, 200: 4, 5000: 2}"
9940,26/09/2025,49,812.1432347291213,"{100: 24, 500: 13, 200: 4, 5000: 4, 1000: 3, 2000: 1}"
4790,19/10/2025,26,811.9630872310709,"{100: 28, 500: 7, 5000: 4, 1000: 3, 2000: 2, 200: 1}"
2384,11/10/2025,34,811.9605055513168,"{100: 24, 500: 10, 1000: 6, 5000: 4, 200: 2, 2000: 1}"
7178,19/07/2025,118,811.9593762729029,"{100: 27, 500: 10, 1000: 2, 5000: 2, 2000: 1, 200: 1}"
5321,22/10/2025,23,811.8381026732521,"{100: 21, 500: 15, 1000: 7, 5000: 6, 200: 3, 2000: 2}"
6382,29/10/2025,16,811.800851508183,"{100: 23, 500: 15, 200: 5, 1000: 2, 5000: 1}"
8446,13/11/2025,1,811.7783241125726,"{100: 24, 500: 10, 5000: 5, 1000: 4, 2000: 1}"
1117,27/10/2025,18,811.7671751696626,"{500: 21, 100: 20, 5000: 3, 200: 3, 2000: 1}"
7376,10/11/2025,4,811.7584693379415,"{500: 22, 100: 18, 1000: 6, 5000: 4, 2000: 1}"
3932,14/10/2025,31,811.7222009438581,"{100: 27, 500: 7, 5000: 2, 1000: 2, 2000: 1}"
0023,24/09/2025,51,811.6907830312477,"{100: 23, 500: 15, 5000: 5, 1000: 3, 200: 3}"
2754,28/10/2025,17,811.689950205661,"{100: 19, 500: 16, 1000: 8, 5000: 5, 200: 3, 2000: 1}"
2309,26/10/2025,19,811.5860672199625,"{100: 23, 500: 15, 1000: 4, 200: 3, 5000: 2, 2000: 1}"
7605,29/10/2025,16,811.5747621489443,"{100: 25, 500: 12, 200: 4, 1000: 3, 5000: 1}"
7339,14/11/2025,0,811.5652884986321,"{100: 21, 500: 19, 1000: 2, 5000: 2, 2000: 1, 200: 1}"
8596,23/10/2025,22,811.5644657099615,"{100: 21, 500: 18, 1000: 8, 200: 1}"
3521,13/11/2025,1,811.5466904405542,"{100: 22, 500: 15, 1000: 7, 200: 4, 5000: 1}"
3622,24/10/2025,21,811.4974751111097,"{100: 24, 500: 9, 1000: 7, 5000: 3, 2000: 1}"
6961,30/09/2025,45,811.4718566099646,"{100: 24, 500: 13, 1000: 4, 200: 3, 2000: 1, 5000: 1}"
0212,22/10/2025,23,811.4364878223869,"{100: 25, 500: 10, 1000: 6, 5000: 2, 200: 2}"
5534,13/11/2025,1,811.4306465578038,"{100: 22, 500: 13, 5000: 9, 1000: 6, 200: 1, 2000: 1}"
5362,07/11/2025,7,811.3612556569603,"{100: 28, 500: 6, 1000: 5, 5000: 3, 200: 2, 2000: 1}"
5914,07/11/2025,7,811.3539897100039,"{100: 23, 500: 15, 1000: 3, 200: 2, 5000: 2}"
2810,25/09/2025,50,811.2543730320247,"{100: 19, 500: 17, 1000: 8, 5000: 6, 200: 2, 2000: 1}"
6896,16/10/2025,29,811.1819346323299,"{100: 27, 500: 8, 1000: 4, 200: 3, 5000: 2, 2000: 1}"
1562,01/10/2025,44,811.1292487384612,"{100: 22, 500: 17, 5000: 4, 1000: 4, 200: 1}"
1590,12/11/2025,2,811.120988195197,"{100: 21, 500: 18, 1000: 5, 200: 2, 5000: 2}"
3336,06/11/2025,8,811.1119078604283,"{100: 24, 500: 11, 1000: 7, 5000: 3, 2000: 1}"
9369,25/09/2025,50,811.105047152428,"{100: 25, 500: 13, 5000: 3, 2000: 2, 1000: 2, 200: 1}"
8000,03/11/2025,11,811.0713964020158,"{100: 26, 500: 10, 1000: 5, 200: 3, 2000: 1, 5000: 1}"
4413,30/09/2025,45,810.9318903034087,"{100: 25, 500: 12, 1000: 3, 200: 3, 2000: 2, 5000: 1}"
7578,21/10/2025,24,810.9187864022846,"{100: 30, 1000: 6, 500: 3, 5000: 3, 2000: 1}"
2282,11/11/2025,3,810.8904959902909,"{100: 28, 500: 6, 5000: 5, 1000: 4, 200: 1}"
2158,29/10/2025,16,810.8755614546617,"{100: 23, 500: 15, 5000: 2, 200: 2, 2000: 2, 1000: 2}"
6304,05/11/2025,9,810.850665178572,"{100: 22, 500: 16, 1000: 4, 200: 4, 5000: 4, 2000: 1}"
4926,02/11/2025,12,810.8430389691658,"{100: 22, 500: 13, 1000: 10, 5000: 3, 2000: 2, 200: 1}"
2375,04/09/2025,71,810.8117487956061,"{100: 22, 500: 17, 200: 4, 5000: 2, 2000: 1, 1000: 1}"
2470,16/10/2025,29,810.7947708856041,"{100: 21, 500: 18, 1000: 5, 200: 2, 5000: 1}"
7425,19/09/2025,56,810.7623597220211,"{100: 25, 500: 13, 2000: 3, 1000: 2, 5000: 2}"
1580,17/10/2025,28,810.7535782377304,"{100: 22, 500: 17, 1000: 5, 200: 2, 2000: 1, 5000: 1}"
9201,14/11/2025,0,810.7263208266763,"{100: 23, 500: 11, 1000: 5, 200: 4, 5000: 3}"
8815,27/10/2025,18,810.7087724075665,"{100: 24, 500: 13, 200: 5, 1000: 3, 5000: 3}"
2865,10/11/2025,4,810.6673596183468,"{100: 22, 500: 15, 1000: 5, 5000: 5, 2000: 1}"
6813,03/11/2025,11,810.6623970909028,"{100: 20, 500: 15, 5000: 6, 1000: 5, 200: 4, 2000: 2}"
0026,13/10/2025,32,810.6533658280285,"{100: 24, 500: 13, 1000: 6, 5000: 3, 2000: 1, 200: 1}"
1254,11/11/2025,3,810.5977561408747,"{100: 24, 500: 13, 200: 6, 1000: 5}"
3079,13/09/2025,62,810.5108859116947,"{100: 23, 500: 16, 2000: 4, 1000: 3, 5000: 2, 200: 1}"
6215,12/08/2025,94,810.5036648452633,"{500: 21, 100: 20, 5000: 5, 1000: 3, 200: 2}"
6534,24/09/2025,51,810.4857937507885,"{100: 27, 1000: 8, 5000: 7, 500: 5, 200: 3}"
0805,05/11/2025,9,810.4294093866348,"{100: 22, 500: 17, 200: 3, 1000: 3, 2000: 2, 5000: 1}"
2843,05/11/2025,9,810.377321841758,"{100: 20, 500: 18, 1000: 4, 2000: 2, 5000: 2, 200: 2}"
6546,19/10/2025,26,810.2744076162029,"{100: 20, 500: 16, 1000: 7, 5000: 3, 200: 3, 2000: 1}"
2134,05/11/2025,9,810.2423901760167,"{100: 21, 500: 18, 5000: 4, 1000: 2, 2000: 1}"
9844,31/10/2025,14,810.2130130832335,"{100: 25, 500: 11, 1000: 4, 5000: 3, 200: 2, 2000: 1}"
9730,07/11/2025,7,810.1837469738664,"{100: 24, 500: 14, 1000: 3, 2000: 1, 5000: 1, 200: 1}"
4396,17/09/2025,58,810.1634041767699,"{100: 26, 500: 13, 1000: 2, 2000: 1}"
7816,12/11/2025,2,810.1432527459564,"{100: 24, 500: 14, 5000: 2, 1000: 2, 200: 2}"
7559,21/10/2025,24,810.0532652504216,"{100: 22, 500: 15, 5000: 5, 1000: 4, 200: 1, 2000: 1}"
3276,30/10/2025,15,810.0517585794603,"{100: 23, 500: 14, 1000: 5, 200: 5, 5000: 3}"
8080,29/10/2025,16,810.0516777154121,"{100: 25, 500: 13, 200: 3, 1000: 1, 5000: 1}"
9974,17/09/2025,58,809.985044271168,"{100: 21, 500: 18, 5000: 6, 1000: 3, 200: 3}"
1932,17/09/2025,58,809.9393779981591,"{100: 23, 500: 15, 1000: 4, 5000: 3, 2000: 2, 200: 2}"
5499,12/11/2025,2,809.9339884497824,"{100: 24, 500: 11, 1000: 6, 200: 4, 5000: 3, 2000: 2}"
4114,28/08/2025,78,809.8295312559984,"{100: 28, 500: 10, 1000: 4, 2000: 1, 200: 1}"
9812,14/11/2025,0,809.7915416891391,"{100: 21, 500: 17, 200: 5, 5000: 4, 1000: 2}"
2011,13/11/2025,1,809.7464520599647,"{100: 20, 500: 18, 200: 8, 5000: 3, 2000: 2, 1000: 1}"
7531,09/10/2025,36,809.6693813088983,"{100: 24, 500: 13, 200: 5, 1000: 3, 2000: 1, 5000: 1}"
8849,29/09/2025,46,809.6678614697124,"{100: 22, 500: 16, 5000: 5, 1000: 4, 200: 1}"
2048,12/10/2025,33,809.6164698428898,"{100: 26, 500: 12, 1000: 4, 2000: 3, 200: 2}"
0847,01/11/2025,13,809.6132648528212,"{500: 20, 100: 19, 5000: 5, 200: 3, 1000: 2, 2000: 1}"
9373,18/09/2025,57,809.5658453186479,"{100: 23, 500: 15, 200: 3, 1000: 3, 5000: 2}"
8751,14/11/2025,0,809.5282720113585,"{100: 21, 500: 15, 200: 5, 1000: 4, 5000: 1}"
7295,03/11/2025,11,809.5003046048022,"{100: 24, 500: 13, 1000: 5, 5000: 2, 200: 1, 2000: 1}"
4530,09/11/2025,5,809.489066765562,"{100: 23, 500: 14, 5000: 5, 1000: 4, 200: 3, 2000: 1}"
5020,21/10/2025,24,809.4416052174331,"{100: 22, 500: 15, 5000: 7, 200: 3, 1000: 3, 2000: 2}"
7524,08/11/2025,6,809.4275840896096,"{100: 26, 500: 9, 5000: 7, 200: 3, 1000: 3}"
2839,19/10/2025,26,809.4222599533497,"{100: 22, 500: 17, 1000: 3, 200: 2, 5000: 1}"
2510,02/11/2025,12,809.3215591023918,"{100: 28, 5000: 6, 500: 5, 1000: 4, 200: 3, 2000: 2}"
9301,12/11/2025,2,809.308270234821,"{100: 23, 500: 16, 1000: 3, 5000: 3, 200: 2}"
8912,13/11/2025,1,809.2249228593585,"{100: 21, 500: 13, 1000: 10, 5000: 3, 200: 3}"
9853,30/09/2025,45,809.2212047065166,"{100: 20, 500: 16, 5000: 5, 1000: 3, 2000: 3, 200: 2}"
6698,09/11/2025,5,809.1340698305446,"{100: 23, 500: 14, 5000: 4, 1000: 3, 200: 3}"
9360,11/11/2025,3,809.1099284556435,"{100: 22, 500: 15, 2000: 4, 1000: 3, 200: 2, 5000: 1}"
7144,07/10/2025,38,809.101898219977,"{100: 23, 500: 15, 5000: 4, 1000: 3}"
8604,28/10/2025,17,809.0841846302632,"{100: 25, 500: 12, 200: 6, 1000: 3, 2000: 2, 5000: 1}"
7914,29/10/2025,16,809.0813143568554,"{100: 24, 500: 11, 1000: 9, 5000: 4, 2000: 2, 200: 2}"
8457,31/08/2025,75,809.0649506928839,"{100: 24, 500: 13, 1000: 5, 200: 4, 5000: 3, 2000: 1}"
2940,02/11/2025,12,809.0389310068604,"{100: 23, 500: 13, 1000: 7, 5000: 3, 2000: 2, 200: 2}"
4604,27/10/2025,18,809.0078605274912,"{100: 23, 500: 14, 200: 5, 5000: 4, 1000: 3}"
6024,07/11/2025,7,808.9814689930049,"{100: 24, 500: 11, 1000: 8, 2000: 4, 200: 3, 5000: 2}"
3260,12/08/2025,94,808.9245418873888,"{100: 25, 500: 11, 5000: 4, 200: 3, 2000: 1, 1000: 1}"
9891,21/10/2025,24,808.9244720276986,"{100: 25, 500: 12, 5000: 4, 200: 1, 1000: 1}"
1543,10/10/2025,35,808.917589261698,"{100: 24, 500: 12, 5000: 4, 1000: 2, 2000: 1, 200: 1}"
4449,06/10/2025,39,808.9075862225664,"{100: 28, 500: 7, 200: 3, 1000: 3, 5000: 2}"
8351,22/09/2025,53,808.8067170534022,"{100: 29, 500: 7, 1000: 5, 200: 4, 2000: 3}"
5654,01/10/2025,44,808.7610759484231,"{100: 23, 500: 12, 1000: 8, 5000: 7, 200: 3, 2000: 1}"
6252,29/10/2025,16,808.7481289467277,"{100: 22, 500: 16, 200: 4, 5000: 3, 1000: 2}"
2351,13/11/2025,1,808.714535077572,"{100: 24, 500: 13, 1000: 4, 200: 2, 5000: 2}"
9095,08/11/2025,6,808.6548137588304,"{100: 22, 500: 15, 1000: 7, 5000: 3, 200: 3, 2000: 2}"
0604,13/11/2025,1,808.642183825583,"{100: 24, 500: 10, 5000: 5, 1000: 3, 200: 1, 2000: 1}"
7158,23/10/2025,22,808.619703575219,"{100: 23, 500: 15, 1000: 5, 5000: 2, 200: 1}"
7603,15/10/2025,30,808.5946658758407,"{100: 29, 500: 5, 1000: 4, 200: 2, 2000: 1, 5000: 1}"
3088,24/10/2025,21,808.5575905145364,"{100: 23, 500: 15, 1000: 5, 2000: 2, 5000: 1, 200: 1}"
9043,12/11/2025,2,808.5571947029667,"{100: 23, 500: 15, 5000: 6, 1000: 1, 200: 1}"
7940,17/10/2025,28,808.5568491245006,"{100: 22, 500: 14, 5000: 7, 1000: 7, 200: 4}"
9289,28/10/2025,17,808.4951149756754,"{100: 22, 500: 16, 1000: 4, 2000: 2, 5000: 2, 200: 1}"
4532,12/11/2025,2,808.4513300497744,"{500: 20, 100: 19, 1000: 5, 200: 4, 5000: 2}"
5386,03/11/2025,11,808.3881656101936,"{100: 21, 500: 17, 1000: 5, 200: 3, 5000: 3, 2000: 1}"
7923,11/09/2025,64,808.3604599037254,"{100: 24, 500: 12, 1000: 7, 5000: 4, 2000: 3, 200: 3}"
1473,01/11/2025,13,808.320363136158,"{100: 24, 500: 12, 200: 5, 5000: 4, 1000: 3, 2000: 1}"
4743,08/11/2025,6,808.2154771971465,"{100: 21, 500: 16, 200: 5, 5000: 4, 1000: 2}"
9511,21/09/2025,54,808.2111762486824,"{100: 20, 500: 17, 1000: 8, 5000: 6, 2000: 2, 200: 1}"
2252,26/08/2025,80,808.191059181508,"{100: 26, 500: 13, 1000: 5, 200: 1}"
6510,01/08/2025,105,808.1501462280081,"{100: 25, 500: 12, 200: 6, 1000: 5, 5000: 3, 2000: 1}"
3580,10/11/2025,4,808.1433435899544,"{100: 24, 500: 13, 1000: 5, 5000: 5, 2000: 2, 200: 2}"
2531,04/11/2025,10,808.0954310680673,"{100: 19, 500: 18, 200: 4, 5000: 3, 1000: 2}"
6019,15/10/2025,30,808.0146262121198,"{100: 26, 500: 11, 200: 2, 1000: 2, 2000: 1, 5000: 1}"
1451,13/11/2025,1,807.9802114586015,"{100: 23, 500: 15, 1000: 2, 2000: 1, 5000: 1, 200: 1}"
7029,28/10/2025,17,807.9639099694274,"{100: 24, 500: 12, 1000: 7, 5000: 3, 2000: 2, 200: 2}"
1870,28/10/2025,17,807.9291382359364,"{100: 23, 500: 13, 200: 4, 1000: 3, 5000: 3, 2000: 1}"
8263,10/11/2025,4,807.881488649065,"{100: 25, 500: 12, 5000: 2, 200: 2, 1000: 2, 2000: 2}"
2546,09/11/2025,5,807.8681552123102,"{100: 24, 500: 12, 1000: 4, 5000: 4, 200: 2}"
4810,14/10/2025,31,807.8292378238733,"{100: 21, 500: 17, 1000: 6, 5000: 3, 2000: 2, 200: 2}"
3466,19/10/2025,26,807.7977344761595,"{100: 26, 500: 8, 1000: 4, 5000: 3, 200: 3}"
2799,10/11/2025,4,807.7723814428758,"{500: 20, 100: 17, 5000: 8, 1000: 5, 2000: 2, 200: 1}"
7052,23/10/2025,22,807.7436141920397,"{100: 21, 500: 18, 5000: 2, 1000: 2, 200: 2}"
8622,04/11/2025,10,807.4568536451136,"{100: 24, 500: 13, 5000: 3, 1000: 2, 200: 2, 2000: 1}"
4699,20/09/2025,55,807.3605159272004,"{100: 24, 500: 13, 1000: 7, 200: 4, 5000: 1, 2000: 1}"
5667,04/11/2025,10,807.2929168295278,"{100: 25, 500: 11, 5000: 4, 1000: 4, 2000: 2, 200: 1}"
7465,03/11/2025,11,807.2743783313621,"{100: 24, 500: 12, 1000: 5, 5000: 3, 200: 1}"
7486,13/10/2025,32,807.2435397440861,"{500: 21, 100: 19, 1000: 5, 5000: 4, 200: 3, 2000: 1}"
8306,09/11/2025,5,807.2432156069757,"{100: 25, 500: 11, 200: 3, 1000: 2, 2000: 1, 5000: 1}"
8480,01/10/2025,44,807.2365917839267,"{100: 24, 500: 13, 5000: 3, 200: 3, 1000: 2, 2000: 1}"
0810,10/11/2025,4,807.2335977220789,"{100: 28, 500: 7, 5000: 3, 1000: 2, 2000: 1}"
9031,09/11/2025,5,807.184889164192,"{100: 24, 500: 9, 5000: 6, 1000: 5, 200: 3}"
7701,06/11/2025,8,807.1375382487539,"{500: 23, 100: 17, 1000: 8, 2000: 3, 5000: 3}"
5048,07/09/2025,68,807.1166454096931,"{100: 22, 500: 17, 1000: 5, 5000: 3, 200: 1}"
6902,20/10/2025,25,806.9859548229015,"{100: 27, 500: 8, 1000: 5, 5000: 3, 200: 2}"
4115,29/08/2025,77,806.9653270169754,"{100: 27, 500: 9, 5000: 3, 1000: 3, 200: 2}"
0019,07/09/2025,68,806.9256794982097,"{100: 25, 500: 11, 5000: 7, 1000: 6, 200: 1}"
4397,01/11/2025,13,806.8163280002192,"{100: 22, 500: 17, 1000: 3, 5000: 2, 200: 1}"
4567,11/11/2025,3,806.8102184185212,"{100: 24, 500: 11, 1000: 5, 200: 4, 5000: 1}"
2454,26/10/2025,19,806.7993145941045,"{100: 22, 500: 15, 5000: 9, 200: 2, 2000: 1, 1000: 1}"
8721,15/10/2025,30,806.7855868783109,"{100: 21, 500: 15, 1000: 4, 5000: 2, 2000: 2, 200: 2}"
7394,28/10/2025,17,806.7617002880061,"{100: 21, 500: 17, 200: 5, 1000: 5, 5000: 3, 2000: 2}"
6268,30/10/2025,15,806.7416808515308,"{100: 26, 500: 10, 200: 4, 1000: 2, 5000: 2, 2000: 1}"
0939,22/10/2025,23,806.6956710700213,"{100: 25, 500: 12, 1000: 4, 5000: 2}"
2987,09/11/2025,5,806.6238184199601,"{100: 24, 1000: 9, 500: 9, 5000: 5, 200: 3, 2000: 2}"
6776,25/09/2025,50,806.5869166813444,"{100: 23, 500: 15, 5000: 4, 200: 4, 1000: 3}"
6586,05/10/2025,40,806.5713152812285,"{100: 28, 500: 6, 5000: 5, 1000: 2}"
3339,02/09/2025,73,806.5640755956758,"{100: 24, 500: 11, 5000: 4, 1000: 4, 2000: 3, 200: 2}"
2151,04/11/2025,10,806.5447738136738,"{100: 23, 500: 11, 1000: 6, 5000: 3, 200: 2, 2000: 1}"
8518,04/11/2025,10,806.5400854166883,"{100: 24, 500: 10, 5000: 5, 1000: 3, 2000: 1}"
6973,06/10/2025,39,806.5221387347631,"{100: 27, 500: 6, 5000: 5, 1000: 3, 2000: 3, 200: 3}"
8901,13/11/2025,1,806.5054366665153,"{500: 21, 100: 19, 1000: 5, 5000: 2, 2000: 1}"
5656,13/10/2025,32,806.5024098991862,"{100: 23, 500: 11, 1000: 10, 5000: 4}"
0895,14/11/2025,0,806.48928014385,"{100: 23, 500: 13, 5000: 5, 1000: 5, 200: 1}"
4499,30/09/2025,45,806.4425283488303,"{100: 24, 500: 15, 1000: 2, 5000: 1}"
6930,12/11/2025,2,806.3466747893996,"{500: 20, 100: 19, 200: 5, 5000: 5, 1000: 4, 2000: 2}"
3113,28/08/2025,78,806.3208778332481,"{100: 24, 500: 11, 5000: 5, 200: 4, 1000: 3, 2000: 2}"
7644,09/11/2025,5,806.3108031780556,"{100: 24, 500: 13, 5000: 5, 2000: 2, 1000: 2}"
2339,03/10/2025,42,806.1764835744631,"{100: 21, 500: 17, 5000: 5, 1000: 5, 200: 1, 2000: 1}"
9380,04/10/2025,41,806.1235130310699,"{100: 23, 500: 15, 5000: 4, 1000: 3, 200: 3, 2000: 1}"
4853,15/10/2025,30,806.0886670334836,"{100: 26, 500: 9, 1000: 5, 200: 4, 5000: 2, 2000: 2}"
7728,31/08/2025,75,806.0261804146203,"{100: 26, 500: 11, 5000: 4, 1000: 3, 2000: 2}"
7686,30/09/2025,45,805.9166476000137,"{100: 23, 500: 13, 1000: 5, 5000: 3, 2000: 1}"
9887,20/10/2025,25,805.881788410438,"{100: 22, 500: 13, 5000: 6, 1000: 6, 200: 3, 2000: 1}"
4824,01/10/2025,44,805.7759908437491,"{100: 23, 500: 13, 1000: 6, 5000: 4, 200: 2}"
1436,04/10/2025,41,805.7755029834411,"{100: 22, 500: 17, 1000: 4, 5000: 2, 2000: 2, 200: 1}"
0221,22/09/2025,53,805.6934697906174,"{100: 20, 500: 18, 5000: 6, 200: 6, 1000: 3, 2000: 1}"
1552,09/11/2025,5,805.6877686808232,"{100: 24, 500: 12, 1000: 4, 5000: 3, 2000: 3, 200: 3}"
8640,30/09/2025,45,805.6732642285813,"{100: 21, 500: 19, 1000: 4, 200: 2, 2000: 1, 5000: 1}"
8995,04/11/2025,10,805.6399201099699,"{100: 21, 500: 17, 200: 3, 5000: 2, 1000: 2, 2000: 1}"
7090,04/10/2025,41,805.639132656027,"{100: 23, 500: 12, 1000: 10, 5000: 4, 200: 3, 2000: 1}"
3181,05/11/2025,9,805.5851529923578,"{100: 24, 500: 13, 1000: 4, 5000: 2, 2000: 2, 200: 1}"
5371,13/11/2025,1,805.5686699852902,"{100: 22, 500: 16, 5000: 4, 1000: 3, 200: 3, 2000: 1}"
4989,14/11/2025,0,805.5593672994079,"{100: 25, 500: 11, 5000: 4, 1000: 3, 200: 3, 2000: 1}"
9662,08/11/2025,6,805.5482330815646,"{100: 20, 500: 19, 200: 3, 5000: 3, 1000: 3}"
7549,13/09/2025,62,805.5372354504173,"{100: 25, 500: 12, 1000: 4, 5000: 4, 200: 1, 2000: 1}"
9375,12/11/2025,2,805.4978661120708,"{100: 23, 500: 13, 200: 4, 5000: 3, 1000: 3, 2000: 3}"
5661,06/11/2025,8,805.4952770711783,"{500: 20, 100: 19, 1000: 5, 2000: 4, 5000: 2, 200: 1}"
2402,26/10/2025,19,805.4595201351685,"{100: 25, 500: 10, 1000: 4, 5000: 3, 200: 2}"
7237,10/11/2025,4,805.4190377678865,"{100: 22, 500: 17, 1000: 2, 200: 2, 2000: 1, 5000: 1}"
1533,08/11/2025,6,805.4153622847894,"{100: 22, 500: 13, 5000: 6, 1000: 5, 2000: 2}"
4426,06/10/2025,39,805.412897107745,"{100: 23, 500: 12, 1000: 5, 5000: 3, 200: 2, 2000: 1}"
1597,19/10/2025,26,805.4082113542527,"{100: 25, 500: 7, 1000: 6, 200: 6, 5000: 5, 2000: 2}"
5789,22/10/2025,23,805.4045639758922,"{100: 24, 500: 14, 5000: 3, 1000: 2}"
2065,07/11/2025,7,805.3933266976824,"{100: 23, 500: 13, 200: 5, 1000: 3, 2000: 3, 5000: 2}"
0344,14/10/2025,31,805.3310280822542,"{100: 25, 500: 11, 5000: 7, 1000: 3, 200: 2}"
8563,10/11/2025,4,805.2765412185609,"{100: 28, 500: 6, 5000: 6, 1000: 5, 200: 3, 2000: 1}"
9935,16/10/2025,29,805.2697827786676,"{100: 23, 500: 13, 5000: 5, 1000: 4, 2000: 2, 200: 1}"
3697,01/10/2025,44,805.2484175632712,"{100: 26, 500: 10, 1000: 4, 200: 4, 5000: 3}"
9315,04/11/2025,10,805.2118132591814,"{100: 24, 500: 11, 2000: 4, 1000: 4, 5000: 2, 200: 2}"
0359,23/10/2025,22,805.1594286733203,"{100: 20, 500: 19, 200: 5, 5000: 4, 1000: 2, 2000: 1}"
4671,28/08/2025,78,805.1558351892024,"{100: 27, 500: 9, 1000: 5, 200: 3, 2000: 2, 5000: 1}"
0818,31/10/2025,14,805.0503156271649,"{100: 24, 500: 11, 1000: 6, 5000: 4, 200: 3}"
6124,17/10/2025,28,805.0288044634677,"{100: 23, 500: 12, 1000: 9, 5000: 4, 2000: 2, 200: 2}"
6607,28/10/2025,17,804.9916668973675,"{100: 23, 500: 13, 1000: 5, 2000: 3, 200: 3, 5000: 2}"
4213,14/11/2025,0,804.9499666935884,"{100: 24, 500: 9, 5000: 7, 1000: 5, 200: 2, 2000: 1}"
3326,12/11/2025,2,804.9018383362641,"{100: 24, 500: 14, 5000: 2, 2000: 1, 1000: 1}"
7101,28/10/2025,17,804.8573139433611,"{100: 21, 500: 16, 1000: 6, 200: 2, 5000: 2, 2000: 2}"
2612,09/10/2025,36,804.8205036162489,"{100: 28, 5000: 7, 1000: 5, 500: 5, 200: 3, 2000: 2}"
5266,31/05/2025,167,804.6598446244931,"{500: 23, 100: 20, 1000: 4, 2000: 2, 200: 1, 5000: 1}"
5825,10/10/2025,35,804.6580166256608,"{100: 23, 500: 15, 1000: 8, 200: 2, 2000: 1}"
0415,10/11/2025,4,804.6536788374917,"{100: 21, 500: 13, 5000: 5, 1000: 3, 200: 2, 2000: 1}"
9164,14/11/2025,0,804.6353730250695,"{100: 22, 500: 14, 1000: 4, 5000: 3, 200: 3}"
2329,12/11/2025,2,804.6211738631014,"{100: 23, 500: 12, 1000: 7, 200: 4, 5000: 3, 2000: 1}"
7089,26/10/2025,19,804.6147611701632,"{100: 24, 500: 11, 5000: 5, 1000: 4, 200: 2, 2000: 2}"
7213,21/10/2025,24,804.6094079722061,"{100: 24, 500: 14, 2000: 4, 1000: 2, 5000: 1}"
8137,09/11/2025,5,804.5294259066915,"{100: 22, 500: 15, 5000: 5, 1000: 2, 200: 2}"
3283,11/11/2025,3,804.460599200063,"{500: 22, 100: 17, 5000: 5, 1000: 4, 200: 2, 2000: 1}"
7363,23/10/2025,22,804.3861807501233,"{100: 21, 500: 15, 1000: 9, 200: 4, 5000: 3}"
7179,06/11/2025,8,804.358395094944,"{100: 24, 500: 10, 1000: 6, 200: 4, 5000: 3}"
7079,16/10/2025,29,804.3471922087189,"{100: 25, 500: 12, 5000: 6, 1000: 3, 200: 2, 2000: 1}"
4076,26/10/2025,19,804.2345727842012,"{100: 26, 500: 9, 5000: 4, 200: 2, 2000: 2, 1000: 2}"
3310,24/10/2025,21,804.2113328963409,"{100: 22, 500: 15, 5000: 6, 1000: 4, 2000: 1}"
8330,30/10/2025,15,804.1625535822211,"{100: 21, 500: 17, 5000: 5, 1000: 4, 200: 3, 2000: 2}"
8614,22/09/2025,53,804.1531566324696,"{100: 22, 500: 16, 5000: 5, 2000: 1, 1000: 1, 200: 1}"
9515,05/11/2025,9,804.0492502180624,"{100: 24, 500: 10, 5000: 5, 2000: 3, 1000: 2, 200: 1}"
9919,02/11/2025,12,804.0427990162282,"{100: 22, 500: 14, 5000: 7, 1000: 3, 200: 2, 2000: 1}"
2467,17/09/2025,58,804.0055988247389,"{100: 22, 500: 17, 1000: 4, 200: 4, 5000: 2, 2000: 1}"
0633,03/11/2025,11,803.9838933201829,"{100: 22, 500: 15, 1000: 5, 5000: 4, 200: 1}"
9047,30/09/2025,45,803.9783114826353,"{100: 25, 500: 9, 1000: 8, 5000: 4, 2000: 1}"
5987,08/11/2025,6,803.9421708061648,"{100: 23, 500: 14, 1000: 5, 5000: 3, 2000: 1, 200: 1}"
7886,06/11/2025,8,803.9364799512454,"{100: 21, 500: 17, 5000: 6, 1000: 4, 2000: 2}"
4855,17/10/2025,28,803.8885036385866,"{100: 22, 500: 16, 1000: 4, 200: 4, 5000: 2, 2000: 1}"
2359,26/10/2025,19,803.7961794023539,"{100: 21, 500: 15, 1000: 7, 200: 6, 5000: 2, 2000: 1}"
4097,13/11/2025,1,803.7759043815868,"{100: 19, 500: 18, 1000: 4, 5000: 3, 200: 2, 2000: 1}"
7917,13/11/2025,1,803.7275290655415,"{100: 22, 500: 14, 5000: 5, 1000: 4, 200: 2}"
8653,10/11/2025,4,803.7069994897208,"{100: 26, 500: 9, 5000: 3, 1000: 2, 200: 1, 2000: 1}"
8493,09/10/2025,36,803.6640182582447,"{100: 26, 500: 10, 1000: 5, 200: 2, 5000: 1}"
6816,06/11/2025,8,803.6533591763231,"{100: 24, 500: 11, 1000: 7, 5000: 3, 2000: 1, 200: 1}"
0835,06/11/2025,8,803.5705710759444,"{100: 23, 500: 12, 200: 3, 1000: 3, 5000: 2, 2000: 1}"
5906,11/09/2025,64,803.4474442643793,"{100: 27, 500: 7, 5000: 4, 1000: 4, 2000: 2, 200: 1}"
0866,02/11/2025,12,803.4023340720395,"{100: 20, 500: 20, 1000: 7, 2000: 4, 200: 2}"
7910,31/10/2025,14,803.3814491997261,"{100: 25, 500: 9, 1000: 7, 200: 5, 2000: 3, 5000: 2}"
2194,26/10/2025,19,803.2539810976264,"{100: 23, 500: 15, 200: 2, 1000: 2, 5000: 1, 2000: 1}"
7377,01/09/2025,74,803.2057016849128,"{100: 21, 500: 18, 1000: 5, 5000: 1}"
3090,19/10/2025,26,803.1819397392488,"{100: 24, 500: 12, 1000: 5, 2000: 3, 200: 3, 5000: 1}"
0839,10/11/2025,4,803.1552054132687,"{100: 20, 500: 18, 5000: 5, 1000: 4, 200: 2, 2000: 1}"
2424,06/10/2025,39,803.1488543504056,"{500: 20, 100: 18, 1000: 5, 200: 4, 2000: 3, 5000: 1}"
7827,15/10/2025,30,803.031847083722,"{100: 20, 500: 17, 1000: 6, 5000: 4, 200: 3, 2000: 1}"
3083,02/11/2025,12,803.0023104788785,"{100: 25, 500: 10, 1000: 5, 200: 4, 5000: 2}"
7731,08/11/2025,6,802.931004605675,"{100: 21, 500: 16, 200: 4, 1000: 3, 5000: 3, 2000: 1}"
4284,09/11/2025,5,802.8320777119939,"{100: 27, 500: 9, 200: 3, 2000: 1, 1000: 1, 5000: 1}"
4554,19/10/2025,26,802.7493401456965,"{100: 20, 500: 20, 1000: 3, 5000: 3, 2000: 1, 200: 1}"
5083,04/11/2025,10,802.735396447694,"{100: 26, 500: 9, 1000: 5, 5000: 1, 200: 1}"
3833,27/10/2025,18,802.702580772558,"{500: 20, 100: 19, 1000: 5, 5000: 4, 200: 1}"
9410,02/11/2025,12,802.6318730207435,"{100: 22, 500: 14, 1000: 6, 200: 4, 5000: 3}"
8138,11/11/2025,3,802.6247025499549,"{100: 24, 500: 12, 1000: 6, 5000: 2, 200: 2, 2000: 1}"
2664,10/09/2025,65,802.6101468280942,"{100: 26, 500: 11, 1000: 2, 2000: 1, 200: 1, 5000: 1}"
3917,09/11/2025,5,802.6004036439681,"{100: 22, 500: 16, 1000: 3, 2000: 3, 5000: 3, 200: 1}"
5333,10/11/2025,4,802.5713817324387,"{100: 22, 500: 15, 5000: 4, 200: 4, 1000: 1, 2000: 1}"
1424,06/11/2025,8,802.5585008482572,"{100: 21, 500: 16, 5000: 5, 200: 3, 1000: 2}"
8679,11/11/2025,3,802.4804885636289,"{100: 26, 500: 7, 5000: 4, 1000: 2, 200: 2}"
9490,14/11/2025,0,802.4712971876997,"{100: 22, 500: 14, 5000: 6, 1000: 5, 200: 2, 2000: 1}"
6881,11/11/2025,3,802.465086095516,"{100: 22, 500: 16, 1000: 4, 5000: 2, 2000: 1, 200: 1}"
1297,29/10/2025,16,802.4559309309611,"{100: 19, 500: 16, 1000: 6, 5000: 5, 200: 4, 2000: 3}"
8807,27/10/2025,18,802.4394005814729,"{100: 28, 500: 5, 1000: 5, 200: 5, 2000: 2, 5000: 1}"
6649,18/10/2025,27,802.4070062805338,"{100: 23, 500: 14, 1000: 5, 5000: 4, 2000: 2, 200: 1}"
2740,17/10/2025,28,802.3788050864371,"{100: 26, 500: 9, 1000: 3, 5000: 2, 200: 1}"
1802,07/11/2025,7,802.3194884536795,"{100: 26, 500: 10, 200: 4, 1000: 2, 5000: 2, 2000: 1}"
3870,15/10/2025,30,802.2220598822549,"{100: 19, 500: 18, 5000: 6, 1000: 4, 200: 1}"
0635,10/11/2025,4,802.1915069380786,"{100: 23, 500: 14, 1000: 5, 5000: 3}"
3347,03/11/2025,11,802.1810479119711,"{100: 23, 500: 13, 1000: 5, 200: 4, 5000: 2, 2000: 1}"
5261,30/09/2025,45,802.1380118680577,"{100: 22, 500: 14, 5000: 6, 1000: 4, 200: 2, 2000: 1}"
3016,14/11/2025,0,802.1032189875008,"{100: 20, 500: 16, 5000: 7, 200: 6, 1000: 3}"
3057,29/09/2025,46,802.1002585653464,"{100: 23, 500: 13, 5000: 5, 1000: 4, 2000: 2, 200: 1}"
5364,12/11/2025,2,802.0637450689543,"{100: 20, 500: 19, 1000: 4, 5000: 4, 200: 1}"
2275,20/10/2025,25,801.9418305469065,"{100: 23, 500: 14, 5000: 6, 200: 4, 1000: 3}"
7263,28/10/2025,17,801.9413234435715,"{100: 23, 500: 13, 1000: 9, 5000: 2, 200: 2}"
3177,23/10/2025,22,801.7719201156186,"{100: 26, 500: 11, 1000: 4, 2000: 1}"
6892,25/09/2025,50,801.7685250667141,"{100: 21, 500: 18, 1000: 6, 200: 2, 5000: 2}"
0691,23/10/2025,22,801.7637621168628,"{100: 22, 500: 17, 1000: 5, 200: 3, 5000: 2}"
0027,20/10/2025,25,801.7400027258103,"{100: 20, 500: 19, 2000: 4, 200: 4, 5000: 3, 1000: 2}"
2974,03/11/2025,11,801.7283499339267,"{100: 22, 500: 12, 5000: 5, 1000: 4, 200: 2, 2000: 1}"
8936,21/10/2025,24,801.6574930215354,"{100: 24, 500: 11, 1000: 7, 5000: 4, 200: 2, 2000: 1}"
0962,24/10/2025,21,801.6522123524458,"{100: 27, 500: 10, 5000: 2, 1000: 2}"
8841,14/11/2025,0,801.6194912890072,"{100: 26, 500: 8, 1000: 4, 200: 3, 5000: 3, 2000: 2}"
6539,06/11/2025,8,801.6117109313401,"{100: 21, 500: 15, 5000: 4, 1000: 3, 200: 2}"
1770,13/10/2025,32,801.6003680739242,"{100: 25, 500: 9, 1000: 4, 5000: 2, 2000: 1}"
8159,22/10/2025,23,801.5841428025507,"{100: 23, 500: 16, 1000: 4, 2000: 1}"
7446,12/10/2025,33,801.5428154568643,"{100: 26, 500: 13, 200: 2, 5000: 2, 2000: 1}"
1614,03/09/2025,72,801.4539236907683,"{100: 23, 500: 14, 1000: 7, 5000: 2, 200: 2}"
3361,08/10/2025,37,801.2888976576501,"{100: 23, 500: 13, 1000: 5, 2000: 3, 5000: 1, 200: 1}"
1901,12/11/2025,2,801.2587666864646,"{100: 24, 500: 10, 1000: 4, 5000: 2, 2000: 1, 200: 1}"
6833,05/10/2025,40,801.2315662486352,"{100: 21, 500: 16, 1000: 5, 2000: 4, 200: 4, 5000: 3}"
3724,22/09/2025,53,801.225890346563,"{100: 26, 500: 10, 200: 4, 5000: 3, 1000: 3, 2000: 2}"
1369,12/10/2025,33,801.1946427898495,"{100: 23, 500: 13, 5000: 3, 1000: 3, 200: 1, 2000: 1}"
9094,07/10/2025,38,801.1513398877422,"{500: 19, 100: 19, 1000: 7, 5000: 3, 200: 2}"
4979,14/11/2025,0,801.0535643199706,"{100: 25, 500: 13, 200: 3, 2000: 2, 1000: 1}"
0870,14/09/2025,61,800.9622901887982,"{100: 23, 500: 14, 1000: 7, 5000: 2, 200: 2, 2000: 1}"
6353,11/11/2025,3,800.7479418147374,"{100: 21, 500: 17, 5000: 7, 1000: 1}"
5033,11/11/2025,3,800.7343419379807,"{100: 20, 500: 16, 1000: 8, 5000: 6, 200: 4, 2000: 3}"
0108,07/11/2025,7,800.7025854468922,"{100: 24, 500: 11, 5000: 7, 1000: 6, 200: 1}"
1116,18/10/2025,27,800.7022486761115,"{100: 20, 500: 20, 5000: 3, 200: 2, 1000: 2, 2000: 1}"
2322,06/11/2025,8,800.6698960678864,"{100: 22, 500: 14, 1000: 6, 200: 3, 2000: 3, 5000: 1}"
1317,08/11/2025,6,800.6447183965587,"{100: 22, 500: 14, 1000: 5, 2000: 2, 5000: 2, 200: 1}"
4654,25/10/2025,20,800.6106983931272,"{100: 22, 500: 14, 1000: 4, 5000: 3, 2000: 2}"
8064,03/10/2025,42,800.5631110079564,"{100: 20, 500: 17, 1000: 5, 200: 4, 5000: 2}"
4762,11/10/2025,34,800.5515004043261,"{100: 24, 500: 9, 5000: 6, 1000: 6, 2000: 1}"
1395,12/08/2025,94,800.5014756083847,"{100: 24, 500: 13, 1000: 4, 5000: 2, 2000: 2, 200: 1}"
3116,30/09/2025,45,800.4466996199004,"{100: 24, 500: 13, 1000: 5, 5000: 3, 200: 2}"
6907,01/11/2025,13,800.4183960615306,"{100: 23, 500: 15, 5000: 3, 1000: 2, 2000: 1}"
6723,14/11/2025,0,800.2569736607043,"{100: 25, 500: 9, 1000: 6, 2000: 3, 5000: 3, 200: 2}"
7464,13/11/2025,1,800.2558313609675,"{100: 21, 500: 12, 1000: 8, 200: 8, 5000: 6, 2000: 2}"
7744,05/11/2025,9,800.1690798992771,"{100: 24, 500: 13, 200: 6, 1000: 2}"
0159,29/10/2025,16,800.1252445471189,"{100: 25, 500: 11, 1000: 6, 200: 2}"
7414,22/10/2025,23,800.1241364453828,"{100: 19, 500: 17, 1000: 6, 5000: 5, 2000: 1, 200: 1}"
6888,01/11/2025,13,800.1138898217517,"{100: 24, 500: 12, 5000: 4, 200: 3, 1000: 3}"
4316,13/11/2025,1,800.038307266847,"{100: 24, 500: 10, 5000: 7, 1000: 3, 2000: 2, 200: 2}"
7692,23/10/2025,22,800.0330166708395,"{100: 24, 500: 10, 5000: 5, 1000: 3, 2000: 1}"
2430,12/10/2025,33,800.0116289595043,"{100: 20, 500: 18, 5000: 6, 1000: 5, 200: 1}"
7633,02/11/2025,12,799.9400095995761,"{100: 20, 500: 17, 5000: 6, 1000: 4, 200: 4, 2000: 1}"
8380,23/10/2025,22,799.8807782279669,"{100: 27, 500: 8, 200: 5, 1000: 3, 5000: 2}"
8372,26/09/2025,49,799.8562494503342,"{100: 23, 500: 15, 5000: 5, 200: 2, 1000: 2}"
0360,16/10/2025,29,799.8464688373755,"{100: 25, 500: 14, 1000: 2, 2000: 1, 200: 1}"
4815,06/10/2025,39,799.6235644992281,"{100: 22, 500: 17, 2000: 3, 5000: 1, 1000: 1, 200: 1}"
3010,31/10/2025,14,799.5941094637272,"{100: 24, 500: 13, 200: 2, 1000: 2, 5000: 1, 2000: 1}"
1263,11/10/2025,34,799.5909798150569,"{100: 22, 500: 16, 1000: 5, 5000: 3, 2000: 1}"
6396,27/10/2025,18,799.5187807941312,"{100: 27, 500: 8, 1000: 3, 5000: 3, 2000: 1, 200: 1}"
9186,14/10/2025,31,799.5159066999428,"{100: 22, 500: 12, 1000: 10, 5000: 5, 200: 1}"
7444,20/09/2025,55,799.4593667653654,"{100: 23, 500: 12, 1000: 5, 5000: 3, 2000: 1}"
1699,30/09/2025,45,799.4057457582845,"{100: 26, 500: 8, 1000: 6, 200: 3, 5000: 2}"
3673,05/11/2025,9,799.3910787747105,"{100: 25, 500: 10, 5000: 6, 1000: 2, 200: 2, 2000: 1}"
3501,06/11/2025,8,799.3656301085508,"{100: 21, 500: 17, 1000: 4, 5000: 4, 2000: 2, 200: 1}"
0417,26/10/2025,19,799.3564764695831,"{100: 21, 500: 16, 1000: 5, 5000: 3, 200: 2}"
8092,18/09/2025,57,799.3428248099566,"{100: 23, 500: 15, 1000: 6, 200: 3, 5000: 2, 2000: 1}"
7031,22/09/2025,53,799.1814829558834,"{100: 23, 500: 14, 1000: 5, 5000: 2, 200: 2, 2000: 1}"
9177,10/11/2025,4,799.0889670706289,"{100: 23, 500: 13, 1000: 5, 5000: 2, 200: 2, 2000: 1}"
0095,14/10/2025,31,799.0827417468445,"{100: 25, 500: 12, 5000: 3, 200: 3, 2000: 1, 1000: 1}"
8308,12/11/2025,2,799.0796068133154,"{100: 24, 500: 11, 1000: 8, 200: 2, 5000: 1}"
5320,28/10/2025,17,798.989249806574,"{100: 22, 500: 12, 1000: 6, 5000: 4, 2000: 3, 200: 1}"
6128,13/11/2025,1,798.9406627601841,"{100: 24, 500: 10, 1000: 6, 5000: 3, 2000: 3, 200: 2}"
6456,24/10/2025,21,798.8630499870726,"{100: 23, 500: 13, 200: 4, 5000: 3, 1000: 3, 2000: 1}"
9870,13/10/2025,32,798.856938835822,"{100: 23, 500: 13, 1000: 7, 200: 4, 5000: 3, 2000: 2}"
0063,09/11/2025,5,798.7859056398295,"{100: 25, 500: 10, 1000: 5, 200: 3, 5000: 2}"
6668,29/08/2025,77,798.75739461958,"{100: 26, 5000: 10, 500: 7, 200: 5, 1000: 3, 2000: 1}"
1807,05/11/2025,9,798.7004181546887,"{100: 24, 500: 10, 200: 6, 1000: 4, 2000: 4, 5000: 3}"
5585,25/10/2025,20,798.5360507012492,"{100: 27, 1000: 7, 500: 6, 200: 4, 5000: 1, 2000: 1}"
4439,18/10/2025,27,798.4784388641259,"{100: 22, 500: 14, 5000: 3, 1000: 2, 2000: 1, 200: 1}"
7652,26/09/2025,49,798.4713415982787,"{100: 24, 500: 14, 1000: 7, 200: 3}"
0358,24/10/2025,21,798.4171687855916,"{100: 25, 500: 8, 5000: 4, 200: 4, 1000: 2}"
0277,28/10/2025,17,798.3836593818087,"{100: 23, 500: 13, 200: 5, 1000: 5, 5000: 3, 2000: 2}"
8976,03/11/2025,11,798.3736560553583,"{100: 22, 500: 11, 1000: 8, 5000: 6, 2000: 1}"
7926,17/10/2025,28,798.3521843036502,"{100: 22, 500: 13, 200: 5, 5000: 4, 1000: 4, 2000: 2}"
7500,07/11/2025,7,798.2708758185469,"{100: 24, 500: 8, 200: 7, 2000: 6, 5000: 5, 1000: 2}"
9377,23/09/2025,52,798.2397507656324,"{100: 23, 500: 14, 1000: 7, 200: 3, 2000: 2, 5000: 2}"
3038,29/10/2025,16,798.1515306469541,"{100: 25, 500: 11, 1000: 3, 5000: 1, 2000: 1, 200: 1}"
4056,12/11/2025,2,798.1142969423142,"{100: 21, 500: 15, 1000: 9, 200: 4, 5000: 3}"
7985,01/09/2025,74,798.0585305238119,"{100: 24, 500: 10, 1000: 7, 5000: 2, 200: 2, 2000: 2}"
4561,10/11/2025,4,798.0473077340039,"{100: 21, 500: 16, 1000: 8, 5000: 3, 200: 1}"
0475,04/10/2025,41,797.7903598817891,"{100: 23, 500: 12, 1000: 4, 5000: 2, 2000: 1, 200: 1}"
7629,11/09/2025,64,797.7504287838217,"{500: 20, 100: 19, 1000: 7, 5000: 3, 200: 2, 2000: 1}"
3848,15/09/2025,60,797.7015770885447,"{100: 26, 500: 8, 1000: 5, 200: 4, 5000: 2, 2000: 2}"
1627,24/10/2025,21,797.6029906343969,"{100: 25, 500: 11, 1000: 4, 200: 2, 5000: 2}"
4112,15/10/2025,30,797.59051230323,"{100: 21, 500: 15, 200: 4, 5000: 4, 1000: 3, 2000: 1}"
2176,29/10/2025,16,797.5827561312559,"{100: 22, 500: 17, 5000: 3, 1000: 1}"
6000,11/11/2025,3,797.5792552941774,"{100: 22, 500: 12, 1000: 8, 5000: 4, 200: 3, 2000: 2}"
6305,08/11/2025,6,797.5790903510836,"{100: 25, 500: 10, 1000: 5, 5000: 3, 200: 3, 2000: 1}"
2114,25/10/2025,20,797.5763923740648,"{100: 22, 500: 16, 5000: 5, 1000: 2, 200: 1, 2000: 1}"
3394,15/09/2025,60,797.570470692651,"{100: 24, 1000: 12, 500: 10, 5000: 4, 200: 3, 2000: 1}"
1527,20/10/2025,25,797.5477537438969,"{100: 20, 500: 18, 1000: 7, 5000: 1, 2000: 1, 200: 1}"
5319,21/09/2025,54,797.5472020713345,"{100: 26, 500: 12, 200: 7, 1000: 2, 2000: 2}"
7564,08/11/2025,6,797.5316927320291,"{100: 20, 500: 19, 2000: 3, 5000: 3, 1000: 3, 200: 1}"
9512,10/10/2025,35,797.5286984722962,"{100: 26, 500: 10, 5000: 5, 200: 2, 2000: 1, 1000: 1}"
0413,12/10/2025,33,797.5154476419626,"{500: 21, 100: 19, 1000: 3, 5000: 2, 2000: 1, 200: 1}"
4008,17/10/2025,28,797.4844006122063,"{100: 25, 500: 11, 5000: 6, 200: 3, 1000: 2}"
8058,20/07/2025,117,797.3622389558858,"{100: 28, 500: 6, 5000: 4, 2000: 1, 1000: 1}"
3006,08/09/2025,67,797.2051976195667,"{100: 24, 500: 12, 1000: 9, 5000: 2, 2000: 1, 200: 1}"
9085,10/11/2025,4,797.1961053907813,"{100: 21, 500: 17, 1000: 5, 200: 3, 5000: 1, 2000: 1}"
8410,22/10/2025,23,797.1423490411182,"{100: 24, 500: 11, 1000: 6, 5000: 4, 200: 1}"
5171,03/11/2025,11,797.0827522738994,"{100: 23, 500: 13, 200: 3, 5000: 3, 1000: 1, 2000: 1}"
0366,08/11/2025,6,796.9430885886036,"{100: 24, 500: 11, 1000: 5, 200: 4, 5000: 3}"
4547,23/10/2025,22,796.9287874347433,"{100: 23, 500: 14, 1000: 2, 5000: 2}"
0552,13/11/2025,1,796.8929434845116,"{100: 21, 500: 16, 5000: 6, 1000: 3, 2000: 2}"
6717,28/09/2025,47,796.799260567068,"{100: 25, 500: 13, 5000: 5, 200: 2, 1000: 1}"
1596,19/09/2025,56,796.7646876744258,"{100: 22, 500: 14, 1000: 6, 2000: 4, 5000: 3}"
2600,31/10/2025,14,796.749181478508,"{100: 20, 500: 18, 5000: 8, 1000: 3, 200: 2, 2000: 1}"
1099,30/10/2025,15,796.7235551954263,"{100: 19, 500: 17, 5000: 6, 1000: 3, 200: 3, 2000: 1}"
8220,31/10/2025,14,796.706135633073,"{100: 24, 500: 12, 200: 4, 1000: 2, 5000: 2, 2000: 1}"
5244,05/11/2025,9,796.6880555139916,"{100: 23, 500: 13, 200: 3, 2000: 2, 5000: 2, 1000: 1}"
1133,03/11/2025,11,796.6738621829408,"{100: 22, 500: 15, 1000: 5, 5000: 3, 200: 3}"
2315,10/11/2025,4,796.657082082244,"{100: 24, 500: 12, 5000: 6, 200: 5, 1000: 1, 2000: 1}"
9788,04/11/2025,10,796.5990654867721,"{100: 22, 500: 11, 200: 5, 1000: 5, 5000: 4}"
7412,09/10/2025,36,796.5934856225036,"{100: 23, 500: 15, 1000: 4, 200: 1, 5000: 1}"
5068,18/09/2025,57,796.5904518322993,"{100: 24, 500: 10, 5000: 6, 200: 5, 1000: 2, 2000: 1}"
9561,11/11/2025,3,796.5843609566231,"{100: 23, 500: 10, 1000: 6, 5000: 4, 200: 2}"
2079,09/04/2025,219,796.5815085184092,"{100: 25, 500: 12, 5000: 4, 1000: 4, 2000: 1}"
9983,07/10/2025,38,796.5799450521124,"{100: 21, 500: 15, 5000: 6, 1000: 4, 200: 4, 2000: 2}"
2061,04/11/2025,10,796.5360657025054,"{100: 25, 500: 11, 5000: 2, 1000: 2, 200: 2, 2000: 1}"
6029,24/09/2025,51,796.2143405122753,"{500: 28, 100: 16, 200: 3, 1000: 2, 2000: 1}"
3553,01/10/2025,44,796.2027322652009,"{100: 28, 500: 7, 1000: 3, 5000: 2, 200: 1}"
1024,08/11/2025,6,796.1884248466822,"{100: 23, 500: 14, 1000: 5, 200: 2, 5000: 1}"
2766,14/11/2025,0,796.147787232834,"{100: 23, 500: 12, 1000: 6, 2000: 2, 200: 2, 5000: 1}"
3528,13/11/2025,1,796.1096307757839,"{100: 21, 500: 16, 1000: 3, 200: 2, 5000: 1, 2000: 1}"
3097,10/11/2025,4,795.9767572471376,"{100: 25, 500: 8, 1000: 7, 200: 4, 5000: 4, 2000: 2}"
6331,07/11/2025,7,795.9617781602541,"{100: 25, 500: 10, 5000: 5, 200: 4, 2000: 1, 1000: 1}"
1010,27/08/2025,79,795.94052722471,"{100: 26, 500: 10, 1000: 4, 5000: 2, 2000: 1}"
5652,12/11/2025,2,795.9173892144196,"{100: 21, 500: 12, 1000: 10, 200: 6, 5000: 3}"
4277,10/11/2025,4,795.8975987446677,"{100: 21, 500: 16, 5000: 4, 1000: 1}"
6423,04/10/2025,41,795.8797741142557,"{100: 26, 500: 11, 200: 2, 2000: 1, 1000: 1, 5000: 1}"
8176,25/10/2025,20,795.8349124656131,"{100: 21, 500: 15, 1000: 9, 5000: 5, 200: 2, 2000: 1}"
8200,17/10/2025,28,795.7019394018421,"{100: 22, 500: 14, 1000: 8, 5000: 4, 200: 4, 2000: 1}"
7336,07/11/2025,7,795.6146061911312,"{100: 24, 500: 15, 200: 4, 5000: 3}"
7685,10/11/2025,4,795.5746455483901,"{100: 21, 500: 17, 1000: 4, 5000: 1, 200: 1}"
1624,03/10/2025,42,795.5532959493796,"{100: 24, 500: 11, 1000: 4, 5000: 2, 2000: 2}"
6506,05/11/2025,9,795.5464426491542,"{100: 27, 500: 8, 5000: 3, 1000: 2, 2000: 1}"
8047,08/11/2025,6,795.5239795624548,"{100: 20, 500: 16, 1000: 5, 5000: 2, 2000: 1}"
7021,18/10/2025,27,795.4905692942632,"{100: 20, 500: 19, 1000: 8, 200: 2, 2000: 1}"
5526,06/11/2025,8,795.4785474446716,"{500: 21, 100: 17, 1000: 5, 2000: 4, 5000: 3, 200: 2}"
7309,27/10/2025,18,795.4097730149422,"{100: 24, 500: 12, 200: 5, 5000: 2, 1000: 2}"
7449,02/11/2025,12,795.3832851806565,"{100: 22, 500: 13, 2000: 4, 5000: 3, 200: 3, 1000: 2}"
2876,03/11/2025,11,795.3797321538981,"{100: 26, 500: 9, 1000: 5, 200: 2, 5000: 1}"
3382,07/11/2025,7,795.339616926467,"{100: 20, 500: 17, 1000: 9, 5000: 5, 200: 2}"
8022,01/11/2025,13,795.3304133871376,"{100: 22, 500: 15, 1000: 3, 5000: 3, 2000: 2, 200: 1}"
8927,04/10/2025,41,795.328004040513,"{500: 20, 100: 17, 5000: 5, 1000: 5, 200: 3}"
2366,26/09/2025,49,795.2962414236343,"{500: 20, 100: 19, 1000: 7, 200: 3, 5000: 2, 2000: 1}"
6133,14/10/2025,31,795.2092702663181,"{100: 23, 500: 13, 1000: 5, 5000: 5, 2000: 2, 200: 2}"
4814,30/09/2025,45,795.2034585753269,"{100: 25, 500: 9, 1000: 6, 5000: 5, 200: 4, 2000: 1}"
5942,24/10/2025,21,795.1986815659357,"{100: 24, 500: 12, 2000: 5, 5000: 4, 1000: 3, 200: 1}"
3108,28/09/2025,47,795.1833628778492,"{100: 22, 500: 16, 200: 5, 1000: 3, 2000: 2, 5000: 2}"
8052,17/08/2025,89,795.1448972250989,"{100: 29, 500: 5, 5000: 4, 2000: 1, 1000: 1}"
5697,25/10/2025,20,795.13008600482,"{100: 20, 500: 18, 1000: 6, 5000: 2, 200: 1}"
1546,12/10/2025,33,795.1154033742589,"{100: 25, 500: 10, 5000: 3, 1000: 3, 200: 1, 2000: 1}"
7229,09/09/2025,66,795.033800226066,"{100: 22, 500: 15, 1000: 7, 5000: 3, 2000: 1}"
5343,13/11/2025,1,795.0252143058085,"{100: 22, 500: 14, 5000: 5, 200: 4, 1000: 3}"
6071,24/10/2025,21,794.9454307043621,"{100: 22, 500: 16, 200: 4, 5000: 3, 1000: 1}"
3971,26/09/2025,49,794.9098238266307,"{100: 23, 500: 14, 1000: 3, 200: 3, 5000: 3, 2000: 3}"
6933,27/10/2025,18,794.822207292532,"{100: 23, 500: 13, 200: 4, 1000: 2, 2000: 2, 5000: 2}"
7830,12/10/2025,33,794.8025828228343,"{100: 27, 500: 11, 200: 2, 2000: 1}"
4101,02/11/2025,12,794.7614074430174,"{100: 22, 500: 12, 1000: 7, 5000: 5, 200: 2}"
7184,04/11/2025,10,794.7214086152854,"{100: 24, 500: 13, 5000: 6, 200: 3, 1000: 2, 2000: 1}"
4846,07/10/2025,38,794.6990754094721,"{100: 22, 500: 14, 1000: 6, 5000: 2, 200: 2, 2000: 1}"
3036,01/11/2025,13,794.5354464673474,"{100: 21, 500: 16, 5000: 5, 1000: 4, 2000: 3, 200: 2}"
7970,09/11/2025,5,794.4345022054014,"{100: 21, 500: 16, 1000: 5, 200: 3, 5000: 2, 2000: 1}"
8862,08/11/2025,6,794.411009478636,"{100: 24, 500: 11, 200: 5, 5000: 2, 2000: 2, 1000: 2}"
4098,13/10/2025,32,794.3957076990883,"{100: 25, 500: 11, 1000: 4, 5000: 2, 2000: 2, 200: 2}"
2788,14/08/2025,92,794.3774458400338,"{100: 27, 500: 9, 5000: 5, 200: 3, 1000: 2}"
5569,10/11/2025,4,794.3677677173465,"{100: 24, 500: 11, 1000: 5, 200: 5, 5000: 2}"
3053,12/10/2025,33,794.3629791965927,"{100: 25, 500: 10, 5000: 5, 1000: 4, 200: 3, 2000: 2}"
5065,13/11/2025,1,794.2974185873021,"{100: 23, 500: 13, 1000: 6, 2000: 2, 5000: 2, 200: 1}"
1013,16/10/2025,29,794.2967035834303,"{100: 24, 1000: 10, 500: 9, 200: 2, 2000: 1, 5000: 1}"
0326,24/10/2025,21,794.2734346332433,"{100: 20, 500: 16, 1000: 7, 5000: 5, 2000: 3, 200: 3}"
6123,10/11/2025,4,794.2617150507493,"{100: 27, 1000: 7, 500: 6, 200: 3, 2000: 2, 5000: 1}"
1268,27/10/2025,18,794.224018614894,"{100: 20, 500: 15, 5000: 3, 1000: 3, 200: 2, 2000: 1}"
7343,14/10/2025,31,794.1942822350638,"{100: 22, 500: 15, 1000: 5, 5000: 3, 200: 2, 2000: 2}"
0557,14/11/2025,0,794.1723928412245,"{100: 23, 500: 13, 5000: 5, 200: 3, 1000: 2}"
5487,02/11/2025,12,794.1531560861118,"{100: 21, 500: 16, 1000: 6, 5000: 4, 200: 2, 2000: 1}"
4745,01/11/2025,13,794.1499585862375,"{500: 22, 100: 18, 1000: 4, 5000: 3, 200: 2, 2000: 1}"
6480,16/10/2025,29,794.1460072397299,"{100: 22, 500: 19, 2000: 2, 5000: 2, 200: 1}"
9822,10/10/2025,35,794.0798038224262,"{100: 29, 500: 5, 5000: 3, 1000: 2, 2000: 1, 200: 1}"
4689,06/11/2025,8,794.0749637950782,"{100: 23, 500: 13, 1000: 5, 5000: 4, 2000: 2, 200: 2}"
8526,26/09/2025,49,794.0710342630232,"{100: 19, 500: 16, 200: 8, 1000: 3, 5000: 3}"
3436,30/10/2025,15,794.0697846102842,"{100: 21, 500: 16, 1000: 5, 5000: 4, 200: 2}"
2056,04/11/2025,10,794.0283995109686,"{100: 23, 500: 13, 1000: 3, 200: 3, 5000: 1, 2000: 1}"
1239,09/11/2025,5,794.0074088602025,"{100: 21, 500: 15, 200: 5, 5000: 5, 1000: 3, 2000: 2}"
0572,28/09/2025,47,793.9909290308839,"{100: 25, 500: 12, 200: 4, 5000: 3, 1000: 1}"
2440,04/11/2025,10,793.9571892478959,"{100: 27, 500: 7, 5000: 4, 1000: 3, 2000: 2, 200: 2}"
4434,14/09/2025,61,793.9394372008699,"{100: 25, 500: 10, 1000: 7, 5000: 5, 200: 1}"
9076,03/11/2025,11,793.8905307613854,"{100: 24, 500: 12, 1000: 5, 200: 3, 2000: 1, 5000: 1}"
0001,30/10/2025,15,793.8796150199847,"{100: 21, 500: 14, 5000: 7, 1000: 4, 200: 2, 2000: 1}"
5953,08/10/2025,37,793.8213819102149,"{100: 26, 500: 9, 5000: 3, 1000: 3, 200: 1}"
9230,05/11/2025,9,793.7825959194623,"{100: 28, 500: 8, 200: 1, 1000: 1}"
5681,16/09/2025,59,793.7532513560809,"{100: 22, 500: 16, 1000: 2, 5000: 2, 2000: 1, 200: 1}"
9770,02/11/2025,12,793.748916531577,"{100: 25, 500: 6, 1000: 5, 5000: 4, 200: 3, 2000: 2}"
7170,21/10/2025,24,793.7292751040163,"{100: 23, 500: 11, 1000: 6, 5000: 5, 200: 4, 2000: 1}"
0229,08/11/2025,6,793.7218338406122,"{100: 22, 500: 11, 1000: 5, 200: 5, 5000: 3, 2000: 3}"
0182,05/11/2025,9,793.7089951628849,"{100: 23, 500: 10, 1000: 5, 5000: 4, 200: 4, 2000: 2}"
2574,24/10/2025,21,793.6985747267132,"{100: 25, 500: 12, 1000: 2, 5000: 1}"
4231,25/10/2025,20,793.6956910225539,"{100: 27, 1000: 5, 500: 5, 200: 4, 5000: 4, 2000: 1}"
8838,08/11/2025,6,793.6686245652951,"{100: 22, 500: 15, 200: 4, 5000: 3, 1000: 3, 2000: 1}"
0208,16/09/2025,59,793.658662175439,"{100: 25, 500: 11, 2000: 3, 5000: 3, 1000: 3, 200: 1}"
6798,09/11/2025,5,793.6347933247073,"{100: 19, 500: 17, 1000: 5, 5000: 4, 200: 2}"
3212,06/11/2025,8,793.6050000128313,"{100: 21, 500: 14, 5000: 5, 200: 5, 1000: 4, 2000: 1}"
9539,04/11/2025,10,793.6026542304597,"{100: 20, 500: 16, 5000: 8, 1000: 5, 2000: 3, 200: 2}"
1380,11/11/2025,3,793.5512426459754,"{100: 24, 500: 12, 5000: 5, 1000: 1}"
9475,16/10/2025,29,793.4710934708307,"{100: 28, 500: 7, 1000: 2, 200: 1, 5000: 1, 2000: 1}"
2890,12/09/2025,63,793.4250997797837,"{100: 25, 500: 12, 200: 4, 1000: 4, 2000: 1}"
0492,21/10/2025,24,793.3870417240706,"{100: 20, 500: 18, 1000: 7, 5000: 3, 200: 2}"
7670,01/11/2025,13,793.3257663738679,"{100: 22, 500: 13, 5000: 7, 1000: 6, 200: 3, 2000: 1}"
3756,11/11/2025,3,793.319855857436,"{100: 23, 500: 14, 5000: 4, 1000: 2, 200: 2, 2000: 1}"
3334,21/10/2025,24,793.2267354756971,"{100: 22, 500: 15, 200: 6, 1000: 4, 5000: 2}"
4156,12/11/2025,2,793.153003799843,"{100: 21, 500: 16, 5000: 3, 2000: 3, 1000: 2, 200: 1}"
6941,15/09/2025,60,793.1323245649282,"{100: 21, 500: 15, 1000: 7, 5000: 5, 200: 2, 2000: 1}"
2043,03/11/2025,11,793.1096039277897,"{100: 26, 500: 8, 1000: 7, 2000: 3, 5000: 1, 200: 1}"
0066,11/09/2025,64,793.091434949632,"{100: 23, 500: 14, 200: 5, 1000: 5, 5000: 2}"
3942,31/10/2025,14,793.0372080104395,"{100: 26, 500: 8, 5000: 7, 1000: 4, 2000: 2, 200: 1}"
0259,13/11/2025,1,793.031464463793,"{100: 25, 500: 10, 200: 4, 5000: 4, 1000: 3}"
6308,15/10/2025,30,793.0287693417476,"{100: 25, 500: 10, 1000: 7, 2000: 3, 200: 2, 5000: 1}"
7851,12/11/2025,2,793.0003744340478,"{100: 21, 500: 17, 1000: 4, 200: 4, 5000: 2}"
8629,07/10/2025,38,792.9395230178787,"{100: 23, 500: 12, 200: 5, 5000: 3, 2000: 3, 1000: 2}"
2445,14/11/2025,0,792.9203915098389,"{100: 21, 500: 17, 1000: 5, 2000: 1, 5000: 1}"
5173,06/11/2025,8,792.8575862418501,"{100: 23, 500: 14, 5000: 2, 1000: 2, 200: 1}"
0893,11/10/2025,34,792.7717801966163,"{100: 22, 500: 14, 1000: 5, 5000: 3, 200: 2, 2000: 1}"
1123,12/11/2025,2,792.7707118479075,"{100: 23, 500: 13, 1000: 5, 200: 4, 5000: 3}"
4297,27/10/2025,18,792.695342152723,"{100: 20, 500: 15, 5000: 7, 1000: 6, 2000: 3}"
6980,25/09/2025,50,792.6566914589183,"{100: 28, 500: 5, 5000: 5, 1000: 4, 200: 2}"
7458,09/11/2025,5,792.6417521356418,"{100: 21, 500: 15, 1000: 5, 5000: 3, 2000: 1, 200: 1}"
3011,21/10/2025,24,792.5649454055556,"{100: 22, 500: 11, 1000: 6, 2000: 3, 5000: 3, 200: 1}"
5234,06/11/2025,8,792.5201516590029,"{100: 23, 500: 14, 1000: 4, 200: 2, 5000: 1, 2000: 1}"
5558,11/11/2025,3,792.4930303868497,"{100: 26, 500: 7, 1000: 4, 2000: 3, 5000: 2, 200: 1}"
7594,02/11/2025,12,792.4842069932217,"{100: 22, 500: 15, 5000: 6, 1000: 4, 2000: 1, 200: 1}"
4365,31/10/2025,14,792.4772999722908,"{100: 23, 500: 15, 5000: 2, 1000: 1, 200: 1, 2000: 1}"
6781,12/11/2025,2,792.4260229447433,"{100: 24, 500: 12, 5000: 5, 1000: 2, 200: 2, 2000: 1}"
9986,20/10/2025,25,792.3835190244038,"{100: 26, 500: 8, 1000: 5, 5000: 4, 2000: 3, 200: 2}"
9116,24/10/2025,21,792.3526543912153,"{100: 22, 500: 15, 200: 4, 1000: 4, 5000: 4, 2000: 1}"
3493,26/10/2025,19,792.3427805464667,"{100: 20, 500: 17, 5000: 7, 200: 5, 1000: 4}"
8083,18/09/2025,57,792.3376818198985,"{100: 24, 500: 14, 5000: 2, 2000: 2, 200: 2, 1000: 1}"
2138,14/09/2025,61,792.2255233371174,"{100: 22, 500: 16, 1000: 4, 5000: 2, 2000: 1}"
4560,07/10/2025,38,792.2214770667031,"{100: 23, 500: 14, 1000: 4, 200: 4, 5000: 1, 2000: 1}"
8593,08/10/2025,37,792.2181061737278,"{100: 23, 500: 13, 1000: 5, 200: 3, 5000: 3, 2000: 1}"
5855,01/11/2025,13,792.1892738770772,"{100: 22, 500: 13, 5000: 9, 1000: 7, 2000: 1}"
3966,26/10/2025,19,792.1838902893764,"{100: 24, 500: 11, 1000: 3, 2000: 2, 200: 2, 5000: 1}"
3978,27/08/2025,79,792.0343554885553,"{100: 24, 500: 13, 1000: 5, 5000: 3, 2000: 2}"
4515,08/11/2025,6,791.9638727262438,"{100: 26, 500: 9, 1000: 3, 200: 3, 5000: 2, 2000: 1}"
7167,07/10/2025,38,791.8869731062115,"{100: 27, 500: 8, 2000: 3, 5000: 2, 1000: 1}"
0637,11/11/2025,3,791.8816449523183,"{100: 24, 500: 11, 1000: 2, 5000: 1, 2000: 1, 200: 1}"
5967,07/11/2025,7,791.8507674713853,"{100: 22, 500: 15, 1000: 4, 2000: 3, 200: 2, 5000: 2}"
5446,06/11/2025,8,791.8002071581114,"{100: 19, 500: 16, 5000: 6, 1000: 6, 2000: 2}"
9146,12/11/2025,2,791.7790148388922,"{100: 25, 500: 10, 5000: 4, 1000: 3, 200: 3, 2000: 1}"
1693,13/11/2025,1,791.7574820123674,"{100: 21, 500: 15, 1000: 5, 200: 4, 5000: 3, 2000: 2}"
6257,24/10/2025,21,791.749641959868,"{100: 22, 500: 15, 1000: 4, 5000: 4, 2000: 2, 200: 1}"
8999,08/10/2025,37,791.7462866909902,"{100: 22, 500: 14, 1000: 8, 5000: 5, 2000: 3, 200: 2}"
0573,08/11/2025,6,791.701857967364,"{100: 24, 500: 12, 1000: 5, 5000: 1, 2000: 1, 200: 1}"
8676,19/10/2025,26,791.6860579693005,"{100: 23, 500: 16, 5000: 6, 200: 3, 2000: 1}"
1044,14/11/2025,0,791.6647717225654,"{100: 20, 500: 15, 1000: 5, 5000: 4, 200: 2}"
8576,14/09/2025,61,791.57801989801,"{500: 21, 100: 18, 5000: 4, 1000: 4, 2000: 3, 200: 2}"
6026,08/11/2025,6,791.576156458729,"{100: 23, 500: 12, 5000: 6, 200: 5, 1000: 4}"
2578,25/09/2025,50,791.4123165825745,"{100: 23, 500: 13, 5000: 7, 1000: 4, 200: 3}"
4286,10/10/2025,35,791.3315774991231,"{100: 19, 500: 18, 1000: 5, 5000: 2, 200: 1}"
9477,13/11/2025,1,791.2500563774887,"{100: 20, 500: 17, 1000: 6, 200: 3, 5000: 1}"
7417,26/10/2025,19,791.2052394072383,"{100: 21, 500: 16, 5000: 5, 1000: 5, 2000: 2, 200: 2}"
1446,04/09/2025,71,791.1824901303316,"{100: 21, 500: 18, 5000: 3, 1000: 3}"
9328,31/08/2025,75,791.1670847308598,"{100: 25, 500: 12, 200: 5, 1000: 2, 2000: 1, 5000: 1}"
5299,24/10/2025,21,791.1585659281484,"{100: 26, 500: 9, 200: 1, 5000: 1, 1000: 1}"
4142,11/11/2025,3,791.154367729035,"{100: 23, 500: 13, 1000: 5, 5000: 2, 200: 2, 2000: 1}"
1781,21/10/2025,24,791.1525260092762,"{100: 24, 500: 12, 1000: 4, 5000: 4, 200: 1}"
3813,09/11/2025,5,791.1198505129864,"{100: 24, 500: 10, 5000: 5, 2000: 3, 1000: 2, 200: 2}"
6292,08/11/2025,6,790.9997554473921,"{100: 22, 500: 11, 1000: 7, 200: 4, 5000: 2}"
4409,23/09/2025,52,790.9132796924881,"{100: 26, 500: 8, 1000: 7, 5000: 5, 2000: 1}"
6619,19/10/2025,26,790.8041936739622,"{100: 21, 500: 16, 200: 6, 5000: 4, 1000: 3}"
7111,01/11/2025,13,790.7459525665192,"{100: 22, 500: 15, 1000: 5, 200: 2, 5000: 1}"
0697,13/10/2025,32,790.7259602789935,"{500: 20, 100: 19, 5000: 5, 200: 4, 1000: 4}"
4601,30/10/2025,15,790.725367633989,"{100: 21, 500: 16, 1000: 4, 5000: 3, 2000: 3, 200: 2}"
6763,14/10/2025,31,790.7153369433928,"{100: 23, 500: 13, 200: 5, 5000: 4, 1000: 2, 2000: 1}"
7626,17/10/2025,28,790.6971874262448,"{100: 19, 500: 18, 5000: 3, 1000: 3, 200: 1, 2000: 1}"
7109,04/11/2025,10,790.6579615541091,"{100: 22, 500: 12, 1000: 9, 5000: 3, 2000: 2, 200: 2}"
5459,06/11/2025,8,790.6034594790632,"{100: 23, 500: 12, 1000: 6, 5000: 3, 200: 2}"
6201,11/10/2025,34,790.5977479802473,"{100: 24, 500: 12, 1000: 5, 5000: 3, 200: 2}"
1481,17/10/2025,28,790.5485176604772,"{100: 22, 500: 13, 5000: 5, 1000: 2, 2000: 1, 200: 1}"
0077,02/11/2025,12,790.5356411440621,"{100: 20, 500: 16, 1000: 4, 5000: 3, 200: 2, 2000: 1}"
2621,08/10/2025,37,790.5071956011298,"{100: 20, 500: 18, 5000: 6, 1000: 3, 200: 3}"
7335,19/07/2025,118,790.4740128709923,"{100: 25, 500: 12, 1000: 5, 5000: 3, 2000: 2}"
4367,21/09/2025,54,790.4197043219995,"{100: 24, 500: 12, 1000: 3, 200: 3, 5000: 2, 2000: 1}"
3656,02/11/2025,12,790.4118921332861,"{500: 22, 100: 18, 2000: 3, 1000: 3, 5000: 3}"
3365,10/11/2025,4,790.4021123861571,"{100: 22, 500: 14, 1000: 6, 5000: 2, 200: 2}"
1054,20/09/2025,55,790.3901745137065,"{100: 20, 500: 19, 5000: 4, 1000: 3, 200: 3}"
0901,07/08/2025,99,790.3411344893602,"{100: 24, 500: 12, 1000: 6, 5000: 2, 2000: 1}"
2598,17/10/2025,28,790.1982708883514,"{100: 22, 500: 13, 5000: 7, 1000: 3, 200: 1}"
1804,31/10/2025,14,790.1359099488449,"{100: 23, 500: 12, 200: 4, 5000: 3, 1000: 2, 2000: 2}"
4579,27/10/2025,18,790.0850753881064,"{100: 22, 500: 15, 1000: 4, 200: 3, 5000: 2, 2000: 2}"
2575,11/10/2025,34,790.0607484223344,"{100: 21, 500: 15, 1000: 7, 5000: 4, 200: 2}"
4676,02/09/2025,73,790.0458114961519,"{100: 26, 500: 7, 1000: 5, 5000: 2, 200: 2}"
0044,06/11/2025,8,789.8584638207075,"{100: 24, 500: 12, 1000: 5, 2000: 2, 200: 2}"
4272,13/09/2025,62,789.8244944278247,"{100: 20, 500: 19, 1000: 4, 5000: 3, 200: 1}"
3776,01/11/2025,13,789.7998624723748,"{100: 25, 500: 13, 200: 5, 5000: 3, 2000: 1}"
2348,12/11/2025,2,789.79747197657,"{100: 20, 500: 16, 1000: 8, 5000: 5}"
9340,08/09/2025,67,789.7557759908842,"{100: 23, 500: 13, 1000: 6, 5000: 3, 200: 2, 2000: 1}"
0508,02/11/2025,12,789.7069090674844,"{100: 26, 500: 9, 5000: 3, 1000: 2, 200: 2, 2000: 1}"
8421,14/10/2025,31,789.6905622409158,"{100: 26, 500: 8, 5000: 4, 1000: 4, 200: 3, 2000: 1}"
0894,10/11/2025,4,789.6887276882745,"{100: 26, 500: 9, 1000: 3, 2000: 2, 200: 2, 5000: 1}"
6531,30/10/2025,15,789.650855690188,"{100: 22, 500: 15, 1000: 5, 5000: 3, 200: 1}"
5249,16/10/2025,29,789.5978002078921,"{100: 24, 500: 12, 1000: 5, 5000: 2, 200: 1, 2000: 1}"
0952,20/09/2025,55,789.5958737671223,"{100: 26, 500: 8, 1000: 4, 5000: 4, 200: 1}"
7381,04/10/2025,41,789.5675783778902,"{100: 22, 500: 14, 1000: 6, 5000: 5, 2000: 1}"
6490,28/07/2025,109,789.5638166750989,"{100: 27, 500: 11, 5000: 5, 200: 2}"
4516,22/09/2025,53,789.5481593503932,"{500: 21, 100: 16, 1000: 8, 5000: 5, 200: 5}"
5155,02/11/2025,12,789.5455493531573,"{100: 24, 500: 12, 1000: 5, 5000: 2}"
8286,10/09/2025,65,789.5027836043823,"{100: 20, 500: 16, 200: 6, 1000: 3, 5000: 2}"
1586,28/10/2025,17,789.4754597585044,"{100: 25, 500: 11, 5000: 4, 200: 2, 1000: 1}"
1443,07/11/2025,7,789.2757519021153,"{100: 19, 500: 19, 5000: 5, 1000: 5, 200: 4, 2000: 1}"
4615,09/11/2025,5,789.1855247343461,"{100: 25, 500: 11, 1000: 3, 5000: 1, 200: 1}"
9245,05/11/2025,9,789.1691078027955,"{100: 20, 500: 18, 5000: 2, 1000: 2, 200: 2, 2000: 1}"
3026,28/10/2025,17,789.0563095116751,"{100: 25, 500: 10, 5000: 4, 1000: 4, 2000: 1, 200: 1}"
6926,27/10/2025,18,789.019956042682,"{100: 19, 500: 18, 1000: 6, 5000: 5, 200: 3, 2000: 1}"
3562,08/11/2025,6,788.9823541573925,"{100: 22, 500: 12, 5000: 5, 200: 5, 1000: 1}"
2231,18/09/2025,57,788.9822557219562,"{100: 22, 500: 15, 1000: 4, 200: 3, 5000: 2, 2000: 1}"
6820,13/10/2025,32,788.9196405694285,"{100: 24, 500: 12, 1000: 6, 5000: 3, 200: 2, 2000: 1}"
3007,04/11/2025,10,788.9170290422284,"{100: 24, 500: 11, 5000: 4, 1000: 3, 200: 2, 2000: 2}"
5213,24/06/2025,143,788.8665805469286,"{100: 25, 500: 10, 5000: 8, 200: 1, 1000: 1}"
3939,01/11/2025,13,788.8410149609106,"{100: 23, 500: 9, 200: 5, 5000: 5, 1000: 5, 2000: 2}"
5289,07/11/2025,7,788.8059429734844,"{100: 23, 500: 11, 5000: 4, 1000: 2, 200: 1, 2000: 1}"
0418,31/10/2025,14,788.7886606545569,"{500: 21, 100: 18, 1000: 4, 2000: 3, 200: 3, 5000: 2}"
5390,02/11/2025,12,788.7824994564389,"{100: 23, 500: 14, 1000: 2, 200: 2, 5000: 1}"
2794,03/11/2025,11,788.7752823470771,"{100: 22, 500: 14, 1000: 6, 200: 4, 5000: 4}"
5389,27/10/2025,18,788.7131364860738,"{500: 21, 100: 18, 1000: 4, 5000: 3, 200: 2, 2000: 1}"
7348,15/10/2025,30,788.6824794884627,"{100: 25, 500: 11, 1000: 4, 200: 2, 5000: 1}"
0003,31/10/2025,14,788.6735558068846,"{100: 25, 500: 11, 1000: 4, 200: 3}"
8975,05/10/2025,40,788.6461567002679,"{100: 24, 500: 10, 1000: 9, 200: 3, 5000: 2, 2000: 1}"
6279,10/08/2025,96,788.6373976186013,"{100: 28, 500: 9, 1000: 3, 200: 2, 2000: 1}"
2066,24/10/2025,21,788.5989986835817,"{100: 21, 500: 14, 200: 7, 5000: 6, 1000: 4}"
5890,30/10/2025,15,788.5568680590159,"{100: 21, 500: 16, 1000: 6, 200: 3, 5000: 3}"
5625,04/10/2025,41,788.5410538565046,"{100: 19, 500: 18, 1000: 4, 5000: 4, 2000: 3, 200: 2}"
1576,12/11/2025,2,788.5140530125475,"{100: 21, 500: 13, 1000: 8, 5000: 5, 200: 3, 2000: 1}"
1257,23/10/2025,22,788.4687924693109,"{100: 22, 500: 15, 5000: 4, 200: 4, 1000: 2}"
1877,28/10/2025,17,788.4274941929515,"{100: 25, 500: 12, 1000: 5, 200: 2}"
2137,03/11/2025,11,788.3369256955765,"{100: 24, 500: 12, 5000: 5, 1000: 4, 200: 4}"
3923,06/11/2025,8,788.2268779563768,"{100: 23, 500: 11, 1000: 5, 5000: 4, 2000: 3, 200: 2}"
8805,11/11/2025,3,788.221687808175,"{100: 22, 500: 13, 1000: 7, 5000: 7, 2000: 1}"
8992,03/11/2025,11,788.1858972614422,"{100: 21, 500: 16, 1000: 4, 5000: 3, 2000: 2}"
9551,10/10/2025,35,788.0788300198293,"{100: 21, 500: 15, 1000: 6, 5000: 4, 2000: 1, 200: 1}"
0928,07/11/2025,7,787.9811928508124,"{100: 25, 500: 9, 1000: 5, 5000: 2, 200: 2}"
9183,05/11/2025,9,787.9642385879152,"{100: 21, 500: 15, 1000: 5, 200: 4, 5000: 2}"
3972,23/10/2025,22,787.9367325004546,"{100: 20, 500: 18, 200: 4, 5000: 3, 1000: 3}"
7403,26/10/2025,19,787.9268981315441,"{100: 24, 500: 12, 5000: 5, 200: 4, 2000: 1, 1000: 1}"
0421,11/11/2025,3,787.9047649722348,"{100: 25, 500: 9, 1000: 6, 5000: 3, 2000: 2, 200: 1}"
6570,04/11/2025,10,787.8405896242829,"{100: 20, 500: 16, 5000: 4, 1000: 2, 2000: 2}"
7577,09/11/2025,5,787.8055400783562,"{100: 19, 500: 14, 1000: 8, 200: 6, 5000: 5, 2000: 2}"
6903,08/11/2025,6,787.7899238713596,"{100: 19, 500: 18, 1000: 6, 5000: 5, 200: 2}"
5482,13/11/2025,1,787.7307913055622,"{100: 24, 500: 10, 1000: 5, 200: 4, 2000: 1, 5000: 1}"
1948,30/08/2025,76,787.7250084277156,"{100: 23, 500: 12, 1000: 4, 200: 3, 5000: 2, 2000: 1}"
3314,10/11/2025,4,787.6935248114409,"{100: 25, 500: 10, 1000: 4, 5000: 3, 200: 1}"
4490,06/11/2025,8,787.6799039582345,"{100: 24, 500: 13, 1000: 2, 5000: 1}"
2911,19/10/2025,26,787.6777647126769,"{100: 24, 500: 12, 5000: 4, 1000: 3, 200: 2, 2000: 1}"
8073,30/07/2025,107,787.6031031270826,"{100: 25, 500: 11, 200: 4, 1000: 4, 5000: 4}"
8704,12/11/2025,2,787.568427341993,"{100: 21, 500: 16, 1000: 4, 5000: 3, 200: 3}"
4086,13/11/2025,1,787.5459356662874,"{500: 21, 100: 18, 1000: 4, 5000: 4, 200: 3}"
6041,25/09/2025,50,787.5138989853576,"{100: 21, 500: 17, 1000: 6, 2000: 2, 5000: 2}"
7602,18/09/2025,57,787.5051186338753,"{100: 23, 500: 14, 1000: 4, 200: 2, 2000: 1, 5000: 1}"
4889,18/09/2025,57,787.4832268358197,"{100: 22, 500: 13, 1000: 8, 5000: 5, 200: 3, 2000: 2}"
5222,26/10/2025,19,787.3699875023515,"{100: 21, 500: 17, 1000: 4, 5000: 3, 200: 2}"
0362,04/11/2025,10,787.3242700565133,"{100: 21, 500: 12, 5000: 10, 200: 5, 1000: 3}"
2562,05/11/2025,9,787.2457504147523,"{100: 21, 500: 16, 1000: 5, 2000: 2, 5000: 2, 200: 2}"
1377,12/11/2025,2,787.1964208479073,"{100: 21, 500: 15, 1000: 4, 5000: 2, 2000: 2, 200: 2}"
3806,30/09/2025,45,787.1682776029805,"{100: 21, 500: 18, 5000: 2, 200: 1, 1000: 1}"
3277,06/11/2025,8,787.1624890744109,"{100: 25, 500: 10, 5000: 5, 200: 2, 1000: 2, 2000: 1}"
9221,04/11/2025,10,787.1431642639135,"{100: 21, 500: 17, 200: 4, 5000: 3, 1000: 2, 2000: 1}"
9242,09/11/2025,5,787.1302339515453,"{100: 22, 500: 14, 200: 5, 1000: 5, 5000: 2, 2000: 1}"
4393,11/11/2025,3,787.1080187858163,"{500: 20, 100: 16, 5000: 12, 1000: 8, 200: 1}"
5287,01/11/2025,13,787.0724402026092,"{100: 21, 500: 15, 1000: 7, 5000: 3, 2000: 1, 200: 1}"
5768,14/11/2025,0,786.8527394334488,"{100: 27, 500: 7, 5000: 3, 2000: 3, 200: 3, 1000: 1}"
8638,08/11/2025,6,786.8432192068127,"{100: 22, 500: 14, 200: 5, 5000: 3, 1000: 2, 2000: 1}"
0197,11/11/2025,3,786.8227435336781,"{100: 20, 500: 17, 5000: 8, 1000: 4, 200: 1}"
3373,26/10/2025,19,786.7896112352474,"{100: 24, 500: 11, 1000: 6, 200: 2, 5000: 1}"
0817,06/10/2025,39,786.7419924736635,"{100: 24, 500: 11, 200: 4, 1000: 3, 5000: 2}"
3173,07/11/2025,7,786.7001759841248,"{100: 23, 500: 12, 5000: 8, 1000: 4, 2000: 2}"
0185,01/11/2025,13,786.6958817543149,"{100: 20, 500: 17, 200: 5, 1000: 4, 5000: 4}"
2850,26/10/2025,19,786.6459946976203,"{100: 21, 500: 15, 1000: 7, 5000: 3, 200: 2, 2000: 1}"
6736,04/11/2025,10,786.6355061767438,"{100: 23, 500: 11, 5000: 3, 1000: 3, 200: 1}"
7968,15/09/2025,60,786.6041420655768,"{100: 24, 500: 13, 5000: 4, 200: 2, 1000: 2, 2000: 1}"
6169,27/05/2025,171,786.593040288643,"{100: 24, 500: 15, 1000: 3, 5000: 2}"
5416,26/10/2025,19,786.5914700845266,"{100: 23, 500: 13, 5000: 5, 1000: 2, 200: 1}"
0361,01/11/2025,13,786.5398805337521,"{100: 23, 500: 14, 1000: 3, 5000: 2, 200: 1}"
4259,09/10/2025,36,786.5368300215616,"{100: 24, 500: 12, 1000: 5, 2000: 2, 5000: 2}"
0162,08/11/2025,6,786.3507378040005,"{100: 23, 500: 12, 1000: 6, 5000: 4, 2000: 2, 200: 1}"
3655,13/11/2025,1,786.3362728784082,"{100: 21, 500: 13, 200: 4, 5000: 3, 1000: 3, 2000: 2}"
1828,27/10/2025,18,786.3154507178733,"{100: 20, 500: 17, 1000: 4, 5000: 2, 200: 2, 2000: 2}"
7238,01/11/2025,13,786.2269120289002,"{100: 21, 500: 17, 200: 3, 5000: 3, 1000: 2, 2000: 1}"
9196,09/10/2025,36,786.2082959604518,"{100: 22, 500: 14, 1000: 4, 5000: 3, 2000: 1}"
8124,26/10/2025,19,786.1320208099024,"{100: 19, 500: 19, 1000: 7, 5000: 2, 200: 2, 2000: 2}"
2395,23/09/2025,52,786.106652480235,"{100: 22, 500: 14, 1000: 5, 2000: 5, 200: 3, 5000: 3}"
3290,29/10/2025,16,786.1030472092239,"{100: 24, 500: 13, 200: 5, 5000: 3, 2000: 3, 1000: 1}"
1514,13/11/2025,1,786.0314119269707,"{100: 22, 500: 14, 1000: 3, 2000: 3, 200: 3, 5000: 3}"
7753,25/10/2025,20,786.0220305942706,"{500: 21, 100: 18, 1000: 4, 200: 2, 5000: 1}"
4162,13/11/2025,1,785.9338618455462,"{100: 23, 500: 14, 1000: 3, 5000: 2, 2000: 1}"
9223,09/11/2025,5,785.8934956561957,"{500: 20, 100: 18, 1000: 6, 5000: 3, 200: 2, 2000: 1}"
5973,14/11/2025,0,785.8713117101536,"{100: 23, 500: 10, 2000: 5, 1000: 5, 5000: 3, 200: 3}"
6342,15/10/2025,30,785.79536541487,"{100: 23, 500: 13, 1000: 7, 2000: 2, 200: 2}"
8599,13/11/2025,1,785.7770804611185,"{100: 22, 500: 12, 1000: 6, 5000: 4, 2000: 2, 200: 2}"
1917,10/11/2025,4,785.7690985223372,"{100: 23, 500: 12, 1000: 6, 5000: 4, 200: 3}"
6545,13/10/2025,32,785.7418952647237,"{100: 26, 500: 9, 5000: 3, 1000: 3, 2000: 1, 200: 1}"
2551,10/11/2025,4,785.7061917581339,"{100: 22, 500: 15, 1000: 4, 5000: 2, 200: 2}"
9393,22/10/2025,23,785.6939916285381,"{100: 26, 500: 9, 1000: 4, 5000: 1, 2000: 1, 200: 1}"
9121,22/10/2025,23,785.5922477702477,"{100: 25, 1000: 9, 5000: 8, 500: 7, 200: 4, 2000: 1}"
6850,12/09/2025,63,785.5513077860851,"{100: 23, 500: 14, 5000: 5, 1000: 3, 2000: 2, 200: 1}"
4752,22/10/2025,23,785.5322289826285,"{100: 20, 500: 16, 200: 8, 5000: 4, 1000: 3}"
2244,06/08/2025,100,785.5273285563117,"{100: 26, 500: 9, 1000: 8, 5000: 5, 2000: 2, 200: 1}"
4212,07/11/2025,7,785.4874731341503,"{100: 21, 500: 15, 1000: 5, 200: 3, 5000: 2}"
9814,28/08/2025,78,785.4465577665691,"{100: 25, 500: 8, 1000: 8, 5000: 2, 200: 2, 2000: 1}"
1301,02/09/2025,73,785.410179908006,"{100: 22, 500: 16, 1000: 4, 5000: 4, 200: 1}"
3537,21/10/2025,24,785.3867319070217,"{100: 23, 500: 10, 5000: 6, 1000: 6, 200: 1, 2000: 1}"
6515,15/09/2025,60,785.3813561396265,"{100: 24, 500: 12, 1000: 6, 5000: 5, 2000: 3, 200: 2}"
8399,26/10/2025,19,785.3595531712216,"{100: 22, 500: 13, 1000: 6, 5000: 3, 200: 2}"
3136,06/11/2025,8,785.3558704174428,"{100: 21, 500: 16, 1000: 5, 5000: 3, 200: 2, 2000: 1}"
6883,14/11/2025,0,785.2739938161308,"{100: 23, 500: 12, 1000: 5, 5000: 3, 2000: 1, 200: 1}"
9297,08/11/2025,6,785.2617580672929,"{100: 23, 500: 13, 200: 4, 1000: 3, 5000: 2, 2000: 1}"
1444,16/07/2025,121,785.2608113639769,"{100: 27, 500: 9, 1000: 5, 5000: 1, 2000: 1}"
4194,17/10/2025,28,785.2482693634918,"{100: 22, 500: 15, 5000: 4, 1000: 2, 200: 2, 2000: 1}"
6537,30/10/2025,15,785.1846648341003,"{100: 20, 500: 16, 1000: 7, 5000: 5, 2000: 2}"
6525,13/11/2025,1,785.099554936371,"{100: 22, 500: 12, 1000: 9, 5000: 5, 200: 3, 2000: 1}"
8461,14/11/2025,0,785.0502902498557,"{100: 22, 500: 15, 5000: 3, 1000: 3, 200: 2}"
5489,28/09/2025,47,785.0163850821,"{100: 26, 500: 8, 5000: 5, 1000: 3, 2000: 1, 200: 1}"
4196,03/11/2025,11,784.9772957539118,"{100: 24, 500: 11, 1000: 4, 5000: 3, 200: 1}"
5460,09/11/2025,5,784.8852568528506,"{100: 22, 500: 14, 1000: 4, 2000: 2, 5000: 2, 200: 1}"
4325,02/11/2025,12,784.7735144118325,"{100: 20, 500: 17, 1000: 6, 5000: 5, 2000: 1, 200: 1}"
4897,09/11/2025,5,784.7653546718873,"{100: 24, 500: 10, 1000: 6, 5000: 4}"
4229,20/10/2025,25,784.6365281012946,"{100: 23, 500: 13, 5000: 4, 1000: 3, 200: 2, 2000: 1}"
3307,12/10/2025,33,784.6306780225849,"{100: 23, 500: 14, 5000: 3, 1000: 3, 2000: 1}"
7268,12/11/2025,2,784.5709285237068,"{100: 22, 500: 14, 5000: 4, 1000: 4, 200: 2}"
0872,20/10/2025,25,784.521763096919,"{100: 21, 500: 15, 1000: 4, 5000: 3, 200: 2}"
2900,16/10/2025,29,784.4933477386352,"{100: 22, 500: 11, 1000: 7, 5000: 4, 200: 2, 2000: 1}"
4886,13/10/2025,32,784.4578590407709,"{100: 21, 500: 16, 1000: 6, 200: 6, 5000: 2}"
0534,09/11/2025,5,784.4500249466577,"{100: 23, 500: 12, 200: 7, 5000: 5, 1000: 3}"
0341,07/10/2025,38,784.4326094917776,"{100: 27, 500: 7, 1000: 5, 5000: 2, 2000: 1, 200: 1}"
2071,02/11/2025,12,784.4302865265082,"{100: 20, 500: 17, 2000: 3, 200: 3, 5000: 2, 1000: 1}"
7885,26/06/2025,141,784.4200949394066,"{100: 24, 500: 14, 5000: 5, 2000: 1, 200: 1, 1000: 1}"
1372,18/10/2025,27,784.4057999257496,"{100: 20, 500: 18, 200: 4, 1000: 4, 2000: 1, 5000: 1}"
4306,03/11/2025,11,784.3354170394324,"{100: 24, 500: 10, 5000: 9, 1000: 2, 200: 2, 2000: 1}"
7100,24/10/2025,21,784.3124180519762,"{100: 24, 500: 9, 1000: 8, 200: 4, 5000: 1}"
3902,11/11/2025,3,784.3040850319455,"{100: 21, 500: 15, 1000: 4, 5000: 3, 2000: 2, 200: 2}"
2334,07/11/2025,7,784.1705861856849,"{500: 20, 100: 19, 1000: 3, 2000: 2, 5000: 2, 200: 1}"
5561,13/08/2025,93,784.1645694112581,"{100: 22, 500: 15, 1000: 7, 5000: 2, 2000: 1, 200: 1}"
2828,14/10/2025,31,784.1297782949545,"{100: 21, 500: 15, 1000: 7, 200: 4, 5000: 3, 2000: 1}"
8272,06/11/2025,8,784.1295879907165,"{100: 23, 500: 15, 1000: 2, 5000: 2, 200: 1, 2000: 1}"
7201,13/11/2025,1,784.1246084905372,"{100: 22, 500: 15, 1000: 3, 5000: 2, 200: 2}"
1826,11/11/2025,3,784.1244152697869,"{100: 21, 500: 15, 1000: 5, 2000: 4, 200: 3, 5000: 2}"
7413,13/09/2025,62,784.095317900332,"{100: 25, 500: 11, 5000: 3, 1000: 2, 200: 1}"
5179,04/11/2025,10,784.0200343064879,"{100: 23, 500: 11, 200: 4, 5000: 3, 1000: 1, 2000: 1}"
7487,12/11/2025,2,783.9995507173487,"{100: 23, 500: 12, 5000: 5, 200: 4, 1000: 1}"
9093,02/11/2025,12,783.987058306958,"{100: 18, 500: 17, 1000: 6, 200: 2, 5000: 1, 2000: 1}"
5552,22/10/2025,23,783.950435174835,"{100: 23, 500: 12, 1000: 6, 5000: 5, 200: 3, 2000: 1}"
1909,10/11/2025,4,783.9092803652583,"{100: 23, 500: 12, 1000: 4, 200: 3, 2000: 1, 5000: 1}"
1854,18/10/2025,27,783.8622342093151,"{100: 27, 500: 6, 1000: 5, 5000: 2, 2000: 1, 200: 1}"
9961,23/10/2025,22,783.843820516977,"{100: 24, 500: 10, 1000: 6, 5000: 4, 200: 2, 2000: 1}"
5031,23/09/2025,52,783.7486683847733,"{100: 23, 500: 14, 5000: 4, 200: 2, 2000: 1, 1000: 1}"
3312,24/10/2025,21,783.7440479575738,"{100: 20, 500: 19, 1000: 5, 2000: 2, 5000: 2, 200: 2}"
8300,28/10/2025,17,783.6538154972901,"{100: 20, 500: 17, 5000: 3, 1000: 3, 2000: 2, 200: 2}"
9384,25/09/2025,50,783.6317191055354,"{100: 25, 500: 13, 1000: 3, 200: 2}"
3935,11/09/2025,64,783.6296297134829,"{100: 26, 500: 8, 1000: 5, 5000: 4, 2000: 1, 200: 1}"
0498,14/08/2025,92,783.625154816638,"{100: 25, 500: 10, 5000: 4, 1000: 3, 200: 3}"
4376,02/11/2025,12,783.6138503256224,"{100: 20, 500: 16, 1000: 6, 200: 3, 5000: 2}"
3987,14/11/2025,0,783.5626470396764,"{100: 26, 1000: 7, 500: 7, 200: 2, 2000: 1, 5000: 1}"
0983,19/10/2025,26,783.5330162122345,"{100: 25, 500: 11, 200: 6, 1000: 2, 2000: 1}"
0122,10/11/2025,4,783.4561878290117,"{100: 22, 500: 12, 1000: 8, 200: 5, 5000: 4, 2000: 2}"
4942,10/11/2025,4,783.3955207352566,"{100: 22, 500: 13, 1000: 6, 5000: 3, 200: 3, 2000: 1}"
3780,13/11/2025,1,783.2982306639221,"{100: 23, 500: 10, 1000: 7, 5000: 2, 200: 2}"
4488,19/08/2025,87,783.2891477646841,"{100: 25, 500: 10, 1000: 4, 5000: 3, 200: 1}"
2773,20/10/2025,25,783.2776869721312,"{100: 20, 500: 16, 1000: 7, 5000: 3, 200: 3}"
3175,27/10/2025,18,783.2291646318065,"{100: 22, 500: 15, 5000: 5, 1000: 2, 200: 2}"
3143,11/11/2025,3,783.2221820214614,"{100: 23, 500: 11, 5000: 6, 1000: 5, 200: 3, 2000: 1}"
6559,03/09/2025,72,783.1692954912738,"{100: 19, 500: 18, 5000: 7, 200: 6, 1000: 5, 2000: 1}"
7386,06/11/2025,8,783.14860502336,"{100: 27, 500: 6, 1000: 4, 5000: 2, 2000: 1}"
4358,16/10/2025,29,783.1301316206783,"{100: 24, 500: 12, 5000: 4, 2000: 2, 1000: 2, 200: 1}"
6529,07/10/2025,38,783.1165744638565,"{100: 22, 500: 13, 1000: 5, 2000: 4, 5000: 4, 200: 1}"
1411,08/11/2025,6,783.0889697439312,"{100: 22, 500: 16, 1000: 4, 5000: 2, 200: 1}"
5024,15/09/2025,60,783.0775569012644,"{100: 26, 500: 8, 5000: 8, 1000: 4, 200: 1}"
7439,03/09/2025,72,783.0322127584429,"{500: 19, 100: 18, 1000: 6, 5000: 4, 200: 1}"
4769,19/09/2025,56,783.0193215660123,"{100: 25, 500: 10, 1000: 4, 5000: 4, 2000: 2, 200: 2}"
7325,13/11/2025,1,783.0106031589938,"{100: 22, 500: 13, 1000: 5, 200: 4, 2000: 1, 5000: 1}"
7927,31/10/2025,14,783.008693185169,"{100: 26, 500: 7, 1000: 6, 5000: 5, 2000: 1, 200: 1}"
8741,27/08/2025,79,783.0013537971786,"{100: 24, 500: 12, 200: 3, 1000: 3, 5000: 1}"
0227,05/11/2025,9,783.0011790980119,"{100: 22, 500: 11, 5000: 7, 1000: 3, 2000: 2, 200: 2}"
9135,22/09/2025,53,782.9758520208466,"{100: 24, 500: 12, 1000: 4, 5000: 2}"
9155,17/09/2025,58,782.9561128656806,"{100: 22, 500: 15, 1000: 5, 5000: 4, 200: 3}"
9109,26/10/2025,19,782.7273470969727,"{100: 21, 500: 15, 5000: 5, 1000: 3, 2000: 1, 200: 1}"
2855,13/09/2025,62,782.6952089573898,"{100: 23, 500: 9, 5000: 5, 200: 5, 1000: 4}"
8345,30/10/2025,15,782.6692744273712,"{100: 22, 500: 14, 5000: 5, 1000: 3, 200: 2}"
0525,16/10/2025,29,782.6529221251773,"{100: 21, 500: 14, 5000: 5, 1000: 3, 200: 3, 2000: 2}"
2014,05/10/2025,40,782.6054903300072,"{100: 27, 500: 7, 200: 4, 5000: 4, 2000: 2, 1000: 2}"
1017,29/10/2025,16,782.5951364017901,"{100: 22, 500: 14, 1000: 5, 5000: 2, 200: 1}"
6901,30/10/2025,15,782.5690716166995,"{100: 23, 500: 10, 1000: 4, 5000: 2, 200: 1}"
8600,07/10/2025,38,782.537934993334,"{100: 19, 500: 18, 1000: 7, 200: 5, 2000: 3, 5000: 2}"
5571,25/10/2025,20,782.525727421162,"{100: 23, 500: 13, 5000: 3, 1000: 3, 200: 1}"
9830,26/10/2025,19,782.5206767828412,"{100: 22, 500: 14, 1000: 6, 5000: 3, 2000: 1, 200: 1}"
9084,10/10/2025,35,782.4906722922144,"{100: 25, 500: 11, 1000: 2, 5000: 2, 200: 2}"
0218,21/10/2025,24,782.4181446276468,"{100: 24, 500: 9, 1000: 7, 5000: 2}"
9988,24/10/2025,21,782.2879063421285,"{100: 22, 500: 14, 1000: 5, 5000: 4, 200: 3}"
0206,25/10/2025,20,782.2423884555288,"{100: 22, 500: 14, 1000: 5, 5000: 2, 200: 2, 2000: 1}"
4404,11/11/2025,3,782.1462533892449,"{100: 20, 500: 15, 1000: 5, 5000: 2, 2000: 1, 200: 1}"
1911,01/10/2025,44,782.1434922959648,"{100: 23, 500: 13, 1000: 5, 5000: 2, 200: 1}"
9568,14/11/2025,0,782.1313555182204,"{100: 27, 500: 6, 1000: 5, 200: 3, 2000: 2, 5000: 1}"
1537,29/10/2025,16,782.1285469893874,"{500: 18, 100: 18, 200: 5, 5000: 3, 2000: 3, 1000: 3}"
3614,03/10/2025,42,782.115395291097,"{100: 21, 500: 16, 5000: 5, 1000: 3, 2000: 3, 200: 3}"
8672,07/11/2025,7,781.925850711952,"{100: 26, 500: 7, 200: 6, 5000: 4, 1000: 2, 2000: 1}"
0769,14/11/2025,0,781.911511194712,"{100: 24, 500: 11, 1000: 5, 5000: 2, 200: 1}"
5208,02/11/2025,12,781.8893903223883,"{100: 23, 500: 13, 1000: 4, 5000: 3, 200: 1, 2000: 1}"
1275,08/11/2025,6,781.8688632402524,"{100: 23, 500: 12, 5000: 5, 1000: 3, 200: 2, 2000: 1}"
0485,01/10/2025,44,781.8421605845072,"{500: 19, 100: 19, 5000: 6, 1000: 4, 200: 1}"
3259,24/10/2025,21,781.801702271621,"{100: 24, 500: 11, 1000: 5, 200: 5, 5000: 1, 2000: 1}"
9922,28/10/2025,17,781.7998236915723,"{100: 20, 500: 15, 5000: 6, 1000: 4, 2000: 2, 200: 2}"
2422,27/10/2025,18,781.7891548593967,"{100: 23, 500: 13, 1000: 5, 5000: 2, 200: 2}"
0283,06/11/2025,8,781.7244446391894,"{100: 23, 500: 14, 5000: 4, 200: 3, 2000: 2, 1000: 1}"
4428,03/09/2025,72,781.7153354527293,"{100: 21, 500: 17, 5000: 4, 1000: 3, 2000: 1}"
3409,13/11/2025,1,781.6967977054022,"{100: 23, 500: 12, 1000: 6, 200: 3, 5000: 2, 2000: 1}"
9214,12/11/2025,2,781.6751549732453,"{100: 23, 500: 11, 5000: 4, 1000: 4, 2000: 3, 200: 1}"
4608,02/11/2025,12,781.6590501742377,"{100: 21, 500: 15, 1000: 6, 5000: 3, 200: 3, 2000: 1}"
4379,07/11/2025,7,781.5751989740497,"{100: 21, 500: 17, 200: 3, 1000: 2, 5000: 2}"
3574,07/11/2025,7,781.5557323758038,"{100: 24, 500: 12, 200: 3, 1000: 2, 5000: 2}"
5576,12/09/2025,63,781.4964663178773,"{100: 22, 500: 15, 5000: 5, 1000: 4, 2000: 1, 200: 1}"
0921,26/09/2025,49,781.4944420318326,"{500: 20, 100: 18, 1000: 4, 5000: 2, 200: 2, 2000: 2}"
8871,05/11/2025,9,781.4201154081395,"{100: 18, 500: 16, 200: 6, 5000: 5, 1000: 1, 2000: 1}"
0833,12/10/2025,33,781.4156536248572,"{100: 24, 500: 13, 1000: 2, 5000: 1, 200: 1}"
6858,09/11/2025,5,781.3505304847413,"{100: 25, 500: 8, 1000: 4, 2000: 3, 5000: 2, 200: 1}"
5865,24/10/2025,21,781.2936073965494,"{100: 21, 500: 16, 1000: 5, 5000: 3, 2000: 2, 200: 1}"
5085,07/07/2025,130,781.1616250634324,"{100: 21, 500: 19, 2000: 3, 1000: 3, 5000: 2, 200: 1}"
6923,11/10/2025,34,781.116706405665,"{100: 23, 500: 11, 1000: 9, 200: 3, 5000: 2, 2000: 2}"
8123,31/10/2025,14,781.029407542944,"{500: 18, 100: 17, 1000: 9, 5000: 5, 2000: 1}"
1325,14/11/2025,0,781.0124275485098,"{100: 23, 500: 13, 1000: 6, 2000: 3, 5000: 2, 200: 1}"
3330,04/11/2025,10,781.0090375926442,"{100: 23, 500: 11, 1000: 8, 200: 4, 5000: 2}"
9337,19/07/2025,118,781.0075613445068,"{100: 24, 500: 12, 5000: 6, 1000: 3, 200: 3, 2000: 2}"
8162,19/10/2025,26,780.9836811203915,"{100: 23, 500: 12, 5000: 5, 2000: 4, 1000: 3, 200: 3}"
7279,02/11/2025,12,780.962899939008,"{100: 20, 500: 17, 1000: 5, 200: 4, 5000: 2, 2000: 1}"
6391,09/11/2025,5,780.9103205110413,"{100: 21, 500: 16, 1000: 5, 5000: 2, 2000: 1}"
8875,25/10/2025,20,780.8622377347299,"{100: 24, 500: 12, 5000: 3, 1000: 2, 200: 2}"
9124,31/10/2025,14,780.8572557079198,"{100: 22, 500: 16, 1000: 6, 2000: 1, 200: 1}"
7432,03/11/2025,11,780.8451894675476,"{500: 20, 100: 19, 1000: 2, 5000: 1, 200: 1}"
7950,09/11/2025,5,780.8451554608566,"{100: 25, 500: 8, 5000: 6, 1000: 5, 2000: 3, 200: 2}"
8484,10/11/2025,4,780.8129144557621,"{100: 24, 500: 9, 1000: 7, 5000: 2, 2000: 1}"
2576,16/10/2025,29,780.8019084003906,"{100: 24, 500: 11, 1000: 5, 5000: 4, 200: 2, 2000: 1}"
3440,13/11/2025,1,780.7397224485367,"{100: 20, 500: 16, 1000: 7, 5000: 2, 200: 2, 2000: 1}"
8156,24/09/2025,51,780.5164089967857,"{100: 24, 500: 10, 5000: 6, 1000: 4, 200: 4}"
9496,14/11/2025,0,780.457886167869,"{100: 25, 500: 10, 1000: 5, 5000: 3, 2000: 1, 200: 1}"
1400,15/10/2025,30,780.4280461554067,"{100: 28, 500: 7, 1000: 4, 200: 2}"
3658,20/10/2025,25,780.4209917318508,"{100: 24, 500: 11, 1000: 6, 5000: 2, 200: 2, 2000: 1}"
9002,30/10/2025,15,780.4123011264569,"{100: 21, 500: 16, 5000: 4, 1000: 3, 200: 3, 2000: 1}"
6031,03/08/2025,103,780.3837370499864,"{100: 23, 500: 14, 1000: 6, 200: 4, 5000: 2}"
4111,02/11/2025,12,780.2894608967455,"{100: 23, 500: 15, 1000: 3, 200: 2, 2000: 2}"
4440,29/09/2025,46,780.2720029367365,"{100: 21, 500: 13, 5000: 6, 1000: 5, 2000: 1, 200: 1}"
7307,13/11/2025,1,780.2681538253591,"{100: 21, 500: 16, 1000: 5, 200: 2, 5000: 1, 2000: 1}"
6887,24/10/2025,21,780.1953033289939,"{500: 22, 100: 18, 5000: 2, 2000: 1, 1000: 1}"
5084,10/11/2025,4,780.0755379283942,"{100: 21, 500: 13, 5000: 4, 1000: 4, 200: 2, 2000: 1}"
6150,08/11/2025,6,780.067362549486,"{100: 20, 500: 16, 200: 3, 1000: 2, 5000: 1, 2000: 1}"
7959,12/11/2025,2,780.0591939427677,"{100: 19, 500: 16, 1000: 10, 5000: 7, 200: 3}"
3291,28/10/2025,17,780.0559454019241,"{100: 21, 500: 13, 1000: 6, 5000: 5, 200: 3, 2000: 1}"
4960,31/10/2025,14,780.0540323192699,"{100: 22, 500: 11, 1000: 8, 5000: 7, 200: 1}"
6373,01/11/2025,13,779.9998490186538,"{100: 28, 500: 7, 200: 4, 1000: 1, 2000: 1}"
3798,27/10/2025,18,779.961885836495,"{100: 21, 500: 17, 5000: 3, 1000: 2, 2000: 1, 200: 1}"
6226,06/11/2025,8,779.9554716805823,"{100: 22, 500: 14, 1000: 4, 200: 4, 5000: 1}"
5204,21/10/2025,24,779.9353903396411,"{100: 21, 500: 15, 200: 4, 1000: 4, 5000: 2}"
7401,01/09/2025,74,779.9096538213612,"{100: 24, 500: 10, 5000: 4, 2000: 2, 1000: 2, 200: 1}"
7337,06/09/2025,69,779.8953677046264,"{100: 19, 500: 18, 1000: 5, 5000: 4, 2000: 1, 200: 1}"
1750,31/10/2025,14,779.8568583468796,"{100: 24, 500: 9, 5000: 5, 1000: 4, 200: 2}"
4241,28/10/2025,17,779.7023322573392,"{100: 20, 500: 15, 1000: 6, 200: 5, 5000: 3, 2000: 1}"
8335,19/10/2025,26,779.6957209532247,"{100: 26, 500: 10, 1000: 5, 200: 1}"
6528,16/09/2025,59,779.6896881558636,"{100: 23, 500: 13, 200: 3, 5000: 3, 1000: 2}"
2795,08/11/2025,6,779.6874003818123,"{100: 21, 500: 13, 5000: 6, 1000: 4, 2000: 2, 200: 1}"
2647,28/10/2025,17,779.5147608887241,"{100: 25, 500: 7, 1000: 6, 200: 4, 5000: 3, 2000: 2}"
1656,28/09/2025,47,779.4903222082903,"{100: 23, 500: 14, 1000: 3, 5000: 2, 2000: 1, 200: 1}"
6377,05/11/2025,9,779.4829189944669,"{100: 18, 500: 17, 5000: 7, 1000: 5, 200: 1, 2000: 1}"
8869,09/11/2025,5,779.4666397946027,"{100: 22, 500: 12, 1000: 4, 200: 4, 5000: 3}"
8430,14/10/2025,31,779.4621103307628,"{100: 25, 500: 9, 5000: 5, 200: 4, 1000: 4, 2000: 1}"
9012,26/09/2025,49,779.4318160434054,"{100: 26, 500: 8, 5000: 4, 1000: 3, 2000: 1, 200: 1}"
0037,08/11/2025,6,779.4112285929195,"{100: 23, 500: 12, 1000: 4, 5000: 3, 200: 2, 2000: 1}"
8386,25/10/2025,20,779.4039469840504,"{100: 22, 500: 14, 200: 4, 1000: 2, 5000: 2, 2000: 1}"
9882,04/11/2025,10,779.3848146043189,"{100: 23, 500: 10, 1000: 5, 200: 4, 5000: 3, 2000: 2}"
9061,12/09/2025,63,779.3811415422144,"{100: 21, 500: 17, 1000: 4, 5000: 4, 2000: 1}"
8395,11/11/2025,3,779.355794793561,"{100: 22, 500: 12, 1000: 9, 200: 2, 5000: 2, 2000: 2}"
0693,04/11/2025,10,779.3327264853489,"{100: 23, 500: 14, 5000: 5, 200: 3, 2000: 2, 1000: 1}"
2703,18/08/2025,88,779.3273494780707,"{100: 20, 500: 17, 1000: 3, 200: 3, 5000: 2}"
6616,09/07/2025,128,779.29570303186,"{100: 24, 500: 13, 1000: 4, 5000: 3, 200: 1}"
1294,06/10/2025,39,779.2839509476074,"{100: 25, 500: 11, 1000: 2, 200: 2, 5000: 1, 2000: 1}"
7945,03/11/2025,11,779.2704938236633,"{100: 23, 500: 10, 5000: 7, 2000: 4, 200: 3, 1000: 2}"
1456,24/10/2025,21,779.2442446519224,"{100: 25, 1000: 6, 500: 6, 200: 4, 5000: 2, 2000: 2}"
5560,09/11/2025,5,779.2192970767857,"{100: 24, 500: 10, 1000: 6, 5000: 4, 200: 1, 2000: 1}"
0477,04/11/2025,10,779.1241694172462,"{100: 22, 500: 11, 200: 4, 1000: 3, 5000: 2, 2000: 1}"
8061,20/10/2025,25,779.0627519477897,"{100: 20, 500: 17, 5000: 6, 1000: 3, 200: 3}"
2637,16/10/2025,29,779.0194969634849,"{100: 25, 500: 10, 1000: 3, 200: 2, 5000: 2, 2000: 2}"
6830,12/11/2025,2,778.9985163222482,"{100: 20, 500: 16, 5000: 2, 200: 2, 2000: 1, 1000: 1}"
1247,12/11/2025,2,778.8848854102085,"{100: 22, 500: 14, 200: 5, 2000: 2, 5000: 2, 1000: 1}"
0609,07/11/2025,7,778.8572311044209,"{100: 20, 500: 17, 5000: 6, 1000: 2, 200: 1, 2000: 1}"
9996,10/10/2025,35,778.8403757122504,"{100: 22, 500: 13, 1000: 9, 200: 2, 5000: 1, 2000: 1}"
6583,07/10/2025,38,778.7889075124305,"{100: 24, 500: 10, 1000: 6, 200: 5, 2000: 1, 5000: 1}"
5551,13/11/2025,1,778.7206929083744,"{100: 19, 500: 17, 1000: 4, 2000: 4, 5000: 3, 200: 2}"
2924,14/09/2025,61,778.704636613712,"{100: 23, 500: 14, 1000: 3, 200: 2, 5000: 1}"
5178,06/11/2025,8,778.6010921253688,"{100: 20, 500: 16, 1000: 4, 200: 3, 5000: 2, 2000: 1}"
2256,27/10/2025,18,778.598257124458,"{100: 21, 500: 16, 1000: 6, 5000: 1, 200: 1}"
2360,11/11/2025,3,778.4398669851001,"{100: 23, 500: 13, 5000: 5, 2000: 2, 1000: 2, 200: 1}"
9913,30/08/2025,76,778.4234389423486,"{100: 22, 500: 11, 5000: 5, 1000: 4, 200: 2}"
9765,13/11/2025,1,778.3683414384351,"{100: 23, 500: 12, 5000: 6, 1000: 3, 2000: 2, 200: 1}"
1890,11/11/2025,3,778.3529621264693,"{100: 25, 500: 9, 2000: 3, 5000: 3, 1000: 2, 200: 2}"
7265,27/10/2025,18,778.2969403206021,"{100: 24, 500: 12, 1000: 5, 200: 3, 2000: 1}"
3080,04/11/2025,10,778.2918134531433,"{100: 24, 500: 14, 200: 3, 1000: 1, 2000: 1}"
2052,14/10/2025,31,778.2624298163803,"{500: 21, 100: 18, 1000: 5, 200: 2, 2000: 2, 5000: 2}"
9015,03/09/2025,72,778.2513308809965,"{100: 25, 500: 11, 1000: 7, 2000: 2}"
7509,17/10/2025,28,778.2271154023464,"{100: 20, 500: 16, 1000: 6, 5000: 5, 200: 2, 2000: 1}"
3021,15/09/2025,60,778.207256951216,"{100: 21, 500: 18, 200: 5, 1000: 4, 2000: 2}"
4990,02/11/2025,12,778.1767636635307,"{100: 21, 500: 15, 200: 4, 5000: 3, 2000: 2, 1000: 1}"
6457,09/11/2025,5,778.0817585223792,"{100: 21, 500: 16, 1000: 4, 5000: 3, 200: 2}"
7088,04/10/2025,41,778.0695559840533,"{100: 24, 500: 10, 1000: 9, 200: 3, 2000: 2, 5000: 1}"
4473,14/08/2025,92,778.0580966818268,"{100: 26, 500: 12, 200: 3, 1000: 2, 2000: 1}"
0511,07/11/2025,7,778.0566620043376,"{100: 21, 500: 15, 1000: 3, 2000: 3, 200: 3, 5000: 2}"
4832,08/11/2025,6,778.0335874052062,"{100: 24, 500: 10, 200: 5, 1000: 4, 5000: 2}"
1242,18/10/2025,27,778.0331831848625,"{100: 21, 500: 15, 5000: 5, 200: 4, 1000: 3}"
1564,13/11/2025,1,778.0270381925005,"{100: 22, 500: 10, 5000: 5, 1000: 3, 200: 3, 2000: 2}"
2512,24/10/2025,21,778.0192390955344,"{100: 25, 500: 8, 1000: 2, 5000: 1, 2000: 1, 200: 1}"
3301,22/08/2025,84,778.0065228031846,"{100: 19, 500: 18, 1000: 9, 2000: 2, 200: 1, 5000: 1}"
8455,24/10/2025,21,778.0042806991313,"{100: 22, 500: 13, 5000: 3, 1000: 3, 200: 1}"
2253,30/10/2025,15,778.0039555966081,"{100: 23, 500: 13, 2000: 4, 1000: 3, 5000: 2, 200: 1}"
4197,02/11/2025,12,777.8930299868242,"{100: 21, 500: 14, 1000: 6, 5000: 3, 200: 1}"
9981,28/10/2025,17,777.8872291358554,"{100: 22, 500: 14, 2000: 4, 1000: 3, 200: 2, 5000: 2}"
9577,14/11/2025,0,777.8670451398622,"{100: 21, 500: 16, 1000: 6, 200: 5}"
5483,04/11/2025,10,777.8341661356642,"{100: 24, 500: 9, 5000: 2, 1000: 2, 200: 2, 2000: 1}"
3287,24/10/2025,21,777.8203208503824,"{100: 27, 500: 6, 200: 5, 5000: 3, 1000: 3}"
3351,29/10/2025,16,777.7987041878688,"{100: 26, 500: 8, 5000: 3, 2000: 2, 200: 1}"
3240,11/10/2025,34,777.7940870084924,"{500: 20, 100: 18, 1000: 9, 200: 3, 5000: 1, 2000: 1}"
9170,04/11/2025,10,777.7871461708584,"{100: 22, 500: 10, 5000: 5, 1000: 5, 200: 3, 2000: 1}"
5093,22/09/2025,53,777.7794523499689,"{100: 24, 500: 14, 200: 4, 1000: 3}"
8739,02/11/2025,12,777.7660663358894,"{100: 20, 500: 17, 1000: 4, 5000: 3, 200: 3}"
0346,27/10/2025,18,777.7234598830469,"{100: 19, 500: 17, 5000: 3, 200: 3, 2000: 2, 1000: 2}"
8878,18/09/2025,57,777.6816690909238,"{100: 20, 500: 17, 1000: 5, 5000: 3, 200: 3, 2000: 1}"
6875,22/10/2025,23,777.6362910626026,"{100: 25, 500: 9, 1000: 4, 200: 4, 2000: 4, 5000: 2}"
7943,20/10/2025,25,777.6311010739606,"{100: 21, 500: 17, 5000: 5, 1000: 3, 200: 2, 2000: 1}"
3404,13/11/2025,1,777.6265408877015,"{100: 22, 500: 12, 1000: 6, 5000: 4, 200: 4}"
3005,19/10/2025,26,777.5827969351915,"{100: 23, 500: 10, 1000: 7, 5000: 5, 200: 3}"
4181,27/10/2025,18,777.5117618255938,"{100: 21, 500: 13, 5000: 6, 1000: 3, 2000: 1, 200: 1}"
7860,10/10/2025,35,777.5117164665553,"{100: 24, 500: 11, 1000: 4, 5000: 4, 200: 2, 2000: 1}"
6442,28/10/2025,17,777.5020357595342,"{100: 26, 500: 8, 1000: 5, 5000: 1, 2000: 1}"
7257,20/10/2025,25,777.4486475699231,"{100: 22, 500: 12, 5000: 3, 1000: 3, 200: 2}"
7780,16/10/2025,29,777.399141005343,"{100: 20, 500: 18, 200: 5, 5000: 2, 1000: 1}"
3835,05/11/2025,9,777.3715817305782,"{100: 25, 500: 11, 5000: 3, 1000: 2, 2000: 1, 200: 1}"
7782,17/10/2025,28,777.3523984417695,"{100: 23, 500: 13, 1000: 4, 5000: 3, 2000: 1, 200: 1}"
3591,23/10/2025,22,777.2040952130385,"{100: 22, 500: 15, 1000: 5, 5000: 4, 200: 2}"
5080,11/11/2025,3,777.1888676871822,"{100: 20, 500: 17, 5000: 3, 2000: 3, 200: 3, 1000: 2}"
3869,06/09/2025,69,777.1544860711523,"{100: 19, 500: 18, 200: 6, 2000: 5, 1000: 4, 5000: 3}"
8315,03/11/2025,11,777.1413686334457,"{100: 24, 500: 12, 5000: 3, 2000: 1, 1000: 1, 200: 1}"
5259,05/10/2025,40,777.1342447141199,"{100: 20, 500: 18, 1000: 4, 200: 2, 5000: 1}"
7719,02/09/2025,73,777.0057064484341,"{100: 22, 500: 14, 2000: 3, 5000: 3, 1000: 3, 200: 1}"
9875,17/10/2025,28,776.9934707286623,"{100: 22, 500: 11, 5000: 5, 1000: 5, 200: 1, 2000: 1}"
5078,22/09/2025,53,776.950106455669,"{100: 25, 500: 9, 200: 7, 1000: 3, 5000: 2}"
9860,02/11/2025,12,776.9442480550425,"{500: 19, 100: 18, 1000: 9, 200: 4, 2000: 2, 5000: 2}"
0596,14/11/2025,0,776.9359498314177,"{500: 18, 100: 18, 5000: 3, 1000: 3, 200: 3, 2000: 2}"
0233,14/11/2025,0,776.9017787005129,"{100: 21, 500: 14, 1000: 6, 200: 3, 5000: 2, 2000: 1}"
7366,13/11/2025,1,776.8823365853874,"{100: 20, 500: 14, 1000: 5, 2000: 3, 5000: 2, 200: 2}"
6234,13/10/2025,32,776.8655373978957,"{100: 22, 500: 10, 1000: 10, 5000: 3, 200: 1}"
2157,24/10/2025,21,776.8517460905014,"{100: 21, 500: 16, 1000: 4, 2000: 1, 5000: 1}"
3461,24/10/2025,21,776.8409171990758,"{100: 22, 500: 13, 1000: 5, 200: 2, 5000: 2}"
1822,28/10/2025,17,776.8270330782445,"{100: 25, 500: 10, 200: 4, 5000: 4, 1000: 1}"
9359,07/11/2025,7,776.7903300933906,"{100: 25, 500: 8, 1000: 4, 5000: 4, 200: 4}"
1545,30/09/2025,45,776.7736365831814,"{100: 20, 500: 17, 1000: 6, 200: 3, 5000: 2}"
3454,11/11/2025,3,776.7443303788513,"{100: 23, 500: 12, 1000: 4, 5000: 3, 200: 2}"
9014,10/10/2025,35,776.737305082573,"{100: 24, 500: 10, 1000: 5, 2000: 3, 5000: 3, 200: 1}"
5458,06/11/2025,8,776.7053906192555,"{100: 20, 500: 15, 1000: 4, 5000: 2, 200: 1}"
1524,05/11/2025,9,776.693032576762,"{100: 18, 500: 17, 5000: 7, 200: 6, 1000: 4, 2000: 1}"
3213,12/11/2025,2,776.6395165847516,"{100: 24, 500: 11, 1000: 2, 2000: 2, 5000: 2}"
1508,19/10/2025,26,776.6383712984965,"{100: 22, 500: 12, 200: 5, 1000: 4, 5000: 3}"
9631,10/11/2025,4,776.622242070712,"{100: 22, 500: 13, 1000: 4, 5000: 2, 200: 2}"
2781,31/10/2025,14,776.600117002377,"{100: 21, 500: 15, 1000: 5, 5000: 2, 200: 2, 2000: 1}"
9807,07/11/2025,7,776.5871748395361,"{100: 24, 500: 11, 1000: 6, 200: 3, 2000: 1, 5000: 1}"
9357,15/10/2025,30,776.5393765524611,"{100: 20, 500: 18, 2000: 2, 200: 2, 1000: 2, 5000: 1}"
0672,09/11/2025,5,776.4603390633562,"{100: 24, 500: 11, 1000: 4, 200: 3, 5000: 2}"
1246,27/10/2025,18,776.4437976432225,"{100: 25, 500: 10, 5000: 4, 1000: 2, 200: 1}"
7404,13/11/2025,1,776.4082025394748,"{100: 23, 500: 11, 5000: 7, 1000: 4, 200: 4}"
2923,12/09/2025,63,776.3216324086043,"{100: 21, 500: 16, 1000: 6, 5000: 4, 2000: 2}"
0622,11/10/2025,34,776.320957799116,"{100: 23, 500: 12, 1000: 7, 5000: 3, 200: 1}"
2237,07/11/2025,7,776.2953999284748,"{100: 25, 500: 10, 1000: 2, 5000: 2, 2000: 1, 200: 1}"
2623,08/11/2025,6,776.2842800562919,"{100: 21, 500: 16, 5000: 4, 2000: 2, 1000: 2, 200: 2}"
4077,06/10/2025,39,776.2815416930835,"{100: 21, 500: 19, 1000: 3, 200: 1}"
7907,10/11/2025,4,776.2732979602622,"{100: 22, 500: 12, 5000: 5, 1000: 3, 2000: 1, 200: 1}"
1065,06/11/2025,8,776.2678772001896,"{100: 21, 500: 15, 5000: 7, 1000: 3, 200: 3, 2000: 1}"
7991,18/10/2025,27,776.2529979382558,"{100: 21, 500: 13, 5000: 5, 1000: 4, 200: 1}"
3973,01/10/2025,44,776.2477220635496,"{100: 23, 500: 13, 1000: 4, 2000: 2, 5000: 1}"
3743,12/11/2025,2,776.1782404254859,"{100: 25, 500: 8, 5000: 1, 1000: 1, 200: 1}"
4536,19/10/2025,26,776.0835685162562,"{100: 24, 500: 10, 5000: 5, 200: 5, 1000: 4, 2000: 1}"
3628,24/09/2025,51,776.0601543887251,"{100: 25, 500: 9, 5000: 5, 1000: 4, 200: 3}"
1378,12/11/2025,2,776.0254639900207,"{100: 24, 500: 10, 1000: 4, 5000: 1, 200: 1}"
7651,01/10/2025,44,775.9857598036524,"{100: 20, 500: 18, 1000: 4, 5000: 4, 200: 2}"
6750,14/11/2025,0,775.9816018204957,"{100: 23, 500: 9, 5000: 6, 1000: 4, 2000: 1}"
3019,10/10/2025,35,775.9030982699228,"{100: 19, 500: 18, 1000: 5, 5000: 3, 2000: 1, 200: 1}"
6295,30/10/2025,15,775.8203294278909,"{100: 21, 500: 13, 200: 6, 5000: 6, 1000: 4, 2000: 2}"
9756,09/11/2025,5,775.7570506991639,"{100: 23, 500: 12, 1000: 3, 5000: 3, 2000: 2, 200: 2}"
6478,13/10/2025,32,775.7141391181989,"{100: 26, 500: 7, 1000: 4, 5000: 4, 200: 2}"
4759,25/08/2025,81,775.7028834049411,"{100: 25, 500: 12, 1000: 2, 5000: 1}"
5097,15/10/2025,30,775.7011171423404,"{100: 23, 500: 13, 1000: 7, 200: 3, 2000: 1}"
5046,02/11/2025,12,775.6770058534864,"{100: 23, 500: 12, 5000: 6, 1000: 3, 2000: 2, 200: 1}"
3063,03/11/2025,11,775.6581775143023,"{100: 23, 500: 12, 2000: 5, 1000: 5, 5000: 2, 200: 1}"
2072,12/11/2025,2,775.6381669289982,"{100: 20, 500: 17, 1000: 4, 200: 3, 5000: 2}"
9224,08/11/2025,6,775.5818710649735,"{100: 20, 500: 18, 1000: 3, 5000: 2, 200: 1, 2000: 1}"
6574,26/09/2025,49,775.5563115592636,"{500: 21, 100: 19, 5000: 2, 1000: 2, 200: 1}"
8177,06/11/2025,8,775.441373950183,"{100: 23, 500: 11, 1000: 8, 5000: 4, 200: 2}"
5988,04/11/2025,10,775.4393826792048,"{100: 22, 500: 12, 1000: 4, 5000: 3, 2000: 3, 200: 3}"
9339,24/10/2025,21,775.4150196371977,"{100: 20, 500: 13, 200: 8, 1000: 3, 5000: 2}"
9995,23/09/2025,52,775.3914584529559,"{100: 20, 500: 14, 5000: 7, 1000: 5, 200: 3, 2000: 2}"
6838,02/11/2025,12,775.3873767797522,"{100: 22, 500: 13, 5000: 5, 200: 5, 1000: 4, 2000: 1}"
4084,12/11/2025,2,775.3462965547889,"{100: 23, 500: 13, 200: 5, 1000: 4, 2000: 1}"
2472,04/11/2025,10,775.3244154077603,"{100: 25, 500: 8, 5000: 3, 1000: 3, 2000: 3}"
7177,24/10/2025,21,775.3061045444806,"{100: 23, 500: 11, 5000: 3, 200: 3, 2000: 2, 1000: 2}"
9732,06/10/2025,39,775.2896503661867,"{100: 24, 500: 12, 1000: 3, 5000: 2, 200: 1, 2000: 1}"
0904,07/11/2025,7,775.2706782729902,"{100: 23, 500: 13, 5000: 3, 1000: 2, 2000: 2, 200: 1}"
3445,05/11/2025,9,775.2247699745237,"{500: 20, 100: 17, 1000: 3, 5000: 3, 2000: 1, 200: 1}"
3015,11/11/2025,3,775.2172603457008,"{100: 22, 500: 13, 5000: 6, 1000: 2, 2000: 2, 200: 2}"
0926,19/10/2025,26,775.157167777102,"{100: 22, 500: 12, 1000: 6, 5000: 3, 200: 3}"
2989,16/08/2025,90,775.1367862860908,"{500: 23, 100: 17, 1000: 6, 200: 4, 5000: 3, 2000: 1}"
6489,11/11/2025,3,775.1289541183559,"{100: 20, 500: 15, 1000: 10, 5000: 4, 200: 2}"
7168,12/11/2025,2,775.076749726975,"{100: 24, 500: 9, 1000: 6, 200: 4, 2000: 2, 5000: 2}"
9634,14/11/2025,0,775.0722080801141,"{100: 26, 500: 8, 1000: 3, 200: 2, 5000: 1, 2000: 1}"
2400,19/10/2025,26,775.0537398953135,"{100: 25, 500: 9, 200: 5, 1000: 3, 5000: 3}"
7251,10/11/2025,4,775.0506113912824,"{100: 20, 500: 16, 1000: 4, 5000: 2, 200: 1}"
3027,28/10/2025,17,775.0500121312459,"{100: 22, 500: 12, 200: 6, 1000: 4, 5000: 2, 2000: 1}"
2136,25/10/2025,20,775.0306626321031,"{100: 21, 500: 14, 200: 6, 1000: 4, 5000: 3, 2000: 1}"
9661,06/11/2025,8,775.0196487623381,"{100: 21, 500: 16, 5000: 2, 1000: 2, 200: 2, 2000: 1}"
1363,18/06/2025,149,774.9898268744886,"{100: 27, 500: 8, 1000: 4, 5000: 1}"
5348,26/09/2025,49,774.9666355250035,"{100: 22, 500: 15, 1000: 3, 5000: 3, 200: 2, 2000: 1}"
9718,31/10/2025,14,774.9394220003891,"{100: 25, 500: 10, 1000: 3, 5000: 2}"
0863,30/10/2025,15,774.7629950070041,"{100: 24, 500: 11, 1000: 4, 200: 2, 5000: 2}"
1667,07/11/2025,7,774.7493642823974,"{100: 24, 500: 10, 5000: 7, 200: 4, 2000: 1, 1000: 1}"
3927,17/10/2025,28,774.7326420101664,"{100: 23, 500: 14, 200: 4, 5000: 2, 1000: 1}"
0965,03/11/2025,11,774.7259234098024,"{100: 19, 500: 18, 1000: 5, 2000: 2, 5000: 2, 200: 2}"
0899,06/11/2025,8,774.7201717362012,"{100: 19, 500: 16, 200: 4, 1000: 4, 2000: 2, 5000: 1}"
5919,15/10/2025,30,774.5845941553002,"{100: 24, 500: 12, 2000: 2, 1000: 2, 5000: 2, 200: 1}"
1595,12/11/2025,2,774.5763159753492,"{100: 27, 500: 6, 1000: 3, 2000: 2, 5000: 2, 200: 1}"
9808,08/11/2025,6,774.5118516033488,"{100: 22, 500: 14, 200: 4, 1000: 3, 2000: 2, 5000: 1}"
8929,06/11/2025,8,774.5017121764485,"{100: 20, 500: 14, 5000: 6, 200: 3, 1000: 2, 2000: 1}"
3463,11/11/2025,3,774.4528734803786,"{100: 21, 500: 14, 1000: 5, 5000: 2, 200: 2, 2000: 1}"
8540,10/11/2025,4,774.4484472851906,"{100: 18, 500: 15, 200: 5, 1000: 5, 5000: 2, 2000: 1}"
7639,01/10/2025,44,774.4483810746754,"{100: 26, 500: 6, 5000: 4, 1000: 2, 200: 1}"
1848,17/10/2025,28,774.4041835322229,"{100: 24, 500: 11, 5000: 6, 200: 3, 1000: 2}"
0554,30/09/2025,45,774.3923930333776,"{100: 23, 500: 13, 1000: 5, 200: 3, 5000: 2}"
1673,31/10/2025,14,774.3106453169161,"{100: 24, 500: 9, 5000: 6, 1000: 3, 2000: 2, 200: 1}"
8956,15/10/2025,30,774.2995104813185,"{100: 24, 500: 10, 5000: 5, 1000: 4, 2000: 1, 200: 1}"
2697,05/11/2025,9,774.2992166721215,"{100: 24, 500: 10, 1000: 4, 5000: 3, 2000: 2, 200: 2}"
2421,15/10/2025,30,774.2770135721004,"{100: 26, 500: 7, 5000: 6, 200: 2, 1000: 1, 2000: 1}"
5125,08/11/2025,6,774.2407081439396,"{100: 22, 500: 13, 1000: 5, 200: 3, 5000: 2, 2000: 1}"
9738,25/09/2025,50,774.2343960540237,"{100: 22, 500: 13, 2000: 2, 5000: 2, 1000: 1, 200: 1}"
9141,14/11/2025,0,774.1839812050392,"{100: 27, 500: 7, 200: 2, 5000: 1, 2000: 1, 1000: 1}"
7987,20/10/2025,25,774.181915258253,"{100: 22, 500: 14, 200: 5, 5000: 4, 1000: 2, 2000: 1}"
0663,19/08/2025,87,774.1740008666167,"{100: 23, 500: 11, 5000: 4, 200: 3, 1000: 2, 2000: 2}"
3550,17/10/2025,28,774.1701995388682,"{100: 22, 500: 12, 1000: 6, 5000: 4, 200: 4, 2000: 1}"
2444,10/11/2025,4,774.1669813211957,"{100: 24, 500: 10, 1000: 4, 200: 4, 5000: 2, 2000: 1}"
8953,03/10/2025,42,774.1467686852169,"{100: 25, 500: 10, 5000: 6, 200: 2, 1000: 1, 2000: 1}"
0501,05/10/2025,40,774.1227740782766,"{100: 23, 500: 11, 200: 6, 1000: 4, 5000: 2, 2000: 1}"
4885,13/11/2025,1,774.0932238914639,"{100: 24, 500: 9, 1000: 4, 5000: 2, 200: 2}"
6492,30/10/2025,15,774.0182652940709,"{100: 22, 500: 13, 5000: 5, 1000: 4, 200: 2}"
9295,01/11/2025,13,774.0083921202114,"{100: 20, 500: 16, 200: 4, 1000: 4, 5000: 4, 2000: 3}"
2185,07/11/2025,7,773.9985392449722,"{100: 21, 500: 11, 1000: 9, 200: 4, 5000: 3, 2000: 1}"
6557,06/11/2025,8,773.9653640410027,"{100: 23, 500: 13, 2000: 2, 5000: 2, 200: 2, 1000: 1}"
2371,11/11/2025,3,773.9454228107184,"{100: 20, 500: 15, 1000: 7, 5000: 2, 200: 1, 2000: 1}"
7322,12/11/2025,2,773.9373608678264,"{100: 21, 500: 16, 5000: 4, 1000: 3, 200: 2, 2000: 1}"
6206,27/10/2025,18,773.8392129671934,"{100: 22, 500: 13, 5000: 4, 1000: 4, 2000: 3, 200: 2}"
1589,31/10/2025,14,773.8344295231876,"{500: 19, 100: 18, 1000: 7, 5000: 3, 200: 2, 2000: 1}"
4616,28/09/2025,47,773.8190998703785,"{100: 27, 500: 7, 200: 4, 5000: 3, 1000: 2}"
2509,10/11/2025,4,773.8124890073891,"{100: 25, 500: 9, 5000: 4, 1000: 3, 200: 2, 2000: 1}"
3399,16/10/2025,29,773.7872271310207,"{100: 20, 500: 18, 1000: 4, 200: 2, 2000: 2, 5000: 1}"
2764,29/10/2025,16,773.709669306346,"{100: 21, 500: 16, 200: 4, 5000: 3, 1000: 2}"
3841,29/09/2025,46,773.69037102931,"{100: 24, 500: 12, 5000: 4, 200: 3, 2000: 2, 1000: 1}"
7814,01/11/2025,13,773.5898300640367,"{100: 23, 1000: 10, 500: 9, 200: 5, 5000: 4, 2000: 1}"
6826,05/10/2025,40,773.5767278712406,"{100: 24, 500: 10, 1000: 7, 200: 4, 5000: 2}"
7373,12/10/2025,33,773.5570315132836,"{100: 19, 500: 17, 200: 6, 1000: 5, 2000: 2, 5000: 2}"
9674,12/11/2025,2,773.5476120828137,"{100: 23, 500: 12, 200: 4, 5000: 3, 2000: 2, 1000: 2}"
8712,13/09/2025,62,773.532929093425,"{100: 23, 500: 12, 5000: 5, 2000: 1, 200: 1, 1000: 1}"
2418,04/09/2025,71,773.5037204772963,"{100: 23, 500: 9, 1000: 6, 5000: 4, 200: 4, 2000: 2}"
8378,17/10/2025,28,773.4915485808785,"{500: 20, 100: 19, 200: 5, 1000: 1, 5000: 1}"
7750,10/11/2025,4,773.4745098216227,"{100: 23, 500: 12, 1000: 5, 5000: 3, 2000: 1}"
5587,05/11/2025,9,773.4738785964329,"{500: 21, 100: 17, 1000: 3, 5000: 2, 200: 2, 2000: 1}"
4840,04/11/2025,10,773.4628242456056,"{100: 24, 500: 9, 1000: 7, 5000: 2, 200: 2, 2000: 1}"
4697,12/11/2025,2,773.4348687510223,"{100: 24, 500: 8, 200: 5, 5000: 4, 1000: 2}"
6149,25/09/2025,50,773.3469999306091,"{100: 22, 500: 12, 1000: 6, 5000: 4, 200: 3, 2000: 2}"
7095,22/10/2025,23,773.3343530993418,"{100: 21, 500: 16, 200: 4, 1000: 3, 5000: 2}"
8770,10/10/2025,35,773.3153428983637,"{100: 21, 500: 16, 1000: 3, 5000: 2, 2000: 2, 200: 1}"
0937,06/11/2025,8,773.2370224730494,"{100: 20, 500: 16, 1000: 6, 2000: 2, 5000: 2, 200: 1}"
2502,07/11/2025,7,773.205132687616,"{100: 21, 500: 15, 1000: 4, 200: 3, 2000: 2, 5000: 2}"
6306,30/10/2025,15,773.2013834273555,"{100: 21, 500: 12, 1000: 7, 200: 3, 5000: 2, 2000: 2}"
4541,13/11/2025,1,773.1786939471441,"{100: 22, 500: 11, 1000: 8, 5000: 6, 2000: 3}"
4410,27/07/2025,110,773.1654938228337,"{100: 21, 500: 15, 5000: 7, 1000: 2, 200: 2}"
2003,13/10/2025,32,773.1410156558073,"{500: 20, 100: 17, 1000: 7, 5000: 5, 200: 1}"
3498,22/10/2025,23,773.1103143878428,"{100: 23, 1000: 11, 500: 9, 5000: 3, 200: 1}"
4129,10/11/2025,4,773.0902502691491,"{100: 20, 500: 17, 1000: 3, 5000: 3, 200: 1}"
6086,07/10/2025,38,773.049440005727,"{100: 24, 500: 12, 1000: 3, 5000: 2, 200: 1}"
0727,05/11/2025,9,773.0314678988627,"{100: 20, 500: 16, 1000: 7, 200: 5, 5000: 2, 2000: 1}"
9946,12/08/2025,94,773.0130379848451,"{100: 23, 500: 12, 1000: 6, 5000: 4}"
9299,08/11/2025,6,773.0107348407765,"{100: 23, 500: 12, 1000: 4, 5000: 3, 200: 3, 2000: 1}"
2709,10/11/2025,4,773.0049233886436,"{100: 19, 500: 19, 1000: 4, 200: 3, 5000: 2}"
4807,29/10/2025,16,773.0018767704761,"{100: 24, 500: 7, 200: 6, 1000: 4, 5000: 2}"
4586,24/08/2025,82,772.9762906342415,"{100: 24, 500: 11, 5000: 4, 1000: 3, 2000: 1}"
6033,22/09/2025,53,772.8723396693423,"{100: 23, 500: 14, 1000: 5, 5000: 3, 200: 1}"
8732,06/11/2025,8,772.8445150363311,"{100: 20, 500: 13, 200: 6, 1000: 6, 5000: 3}"
3182,18/10/2025,27,772.8395844432902,"{500: 20, 100: 18, 1000: 5, 200: 2, 5000: 2, 2000: 1}"
4048,06/11/2025,8,772.8062248580777,"{100: 25, 500: 8, 1000: 5, 200: 5, 5000: 3}"
3059,24/10/2025,21,772.7427817349775,"{100: 21, 500: 16, 1000: 4, 200: 2, 2000: 2, 5000: 1}"
7748,30/10/2025,15,772.7140260394849,"{100: 24, 500: 11, 1000: 4, 5000: 3}"
4363,08/11/2025,6,772.7124162456029,"{100: 23, 500: 12, 1000: 4, 200: 3, 5000: 1, 2000: 1}"
8309,10/10/2025,35,772.6049922707147,"{100: 27, 500: 6, 200: 5, 5000: 4, 1000: 3, 2000: 1}"
3629,16/09/2025,59,772.5674517749821,"{100: 21, 500: 17, 5000: 5, 1000: 2, 200: 1}"
1368,05/11/2025,9,772.5321303146911,"{100: 23, 500: 12, 200: 4, 1000: 4, 2000: 2, 5000: 1}"
0647,15/10/2025,30,772.5176959130324,"{100: 24, 500: 12, 1000: 2, 200: 2, 2000: 1, 5000: 1}"
3542,21/10/2025,24,772.5090490377829,"{100: 20, 500: 15, 1000: 9, 5000: 5, 200: 2, 2000: 1}"
3502,30/10/2025,15,772.4110071065522,"{100: 25, 500: 9, 1000: 4, 200: 3, 2000: 2, 5000: 2}"
8449,26/10/2025,19,772.3916814687032,"{100: 22, 500: 13, 1000: 5, 200: 5, 5000: 4, 2000: 1}"
3790,10/11/2025,4,772.3716458615851,"{100: 22, 500: 14, 200: 4, 1000: 2, 5000: 2}"
2593,26/08/2025,80,772.3204088449417,"{100: 22, 500: 15, 1000: 5, 5000: 3, 200: 1, 2000: 1}"
8361,11/11/2025,3,772.3007940860924,"{500: 19, 100: 19, 1000: 3, 200: 2, 5000: 1}"
8843,06/11/2025,8,772.2793059528728,"{100: 23, 500: 12, 5000: 5, 1000: 3, 200: 3}"
5494,06/11/2025,8,772.2668817079895,"{100: 21, 500: 15, 5000: 5, 1000: 2, 200: 1, 2000: 1}"
8957,14/11/2025,0,772.1739156634412,"{500: 19, 100: 18, 1000: 7, 5000: 4, 200: 3, 2000: 1}"
3948,30/10/2025,15,772.1606809979116,"{100: 26, 500: 8, 1000: 6, 200: 3, 5000: 2}"
4310,16/08/2025,90,772.1227351146669,"{100: 23, 500: 14, 5000: 4, 1000: 3, 200: 1}"
0979,17/09/2025,58,772.0821196458546,"{100: 20, 500: 18, 1000: 5, 200: 3, 5000: 1, 2000: 1}"
4137,23/10/2025,22,772.0637485150148,"{100: 26, 500: 9, 1000: 2, 200: 1}"
9491,18/10/2025,27,772.0502232102842,"{100: 23, 500: 13, 5000: 3, 2000: 3, 200: 2, 1000: 2}"
8575,09/09/2025,66,771.8033238933428,"{100: 21, 500: 15, 1000: 6, 5000: 3, 200: 3}"
1023,03/11/2025,11,771.7574883080998,"{100: 21, 500: 10, 5000: 9, 200: 6, 1000: 5, 2000: 1}"
4254,06/10/2025,39,771.6942435672975,"{100: 20, 500: 18, 5000: 3, 200: 2, 2000: 1, 1000: 1}"
1385,18/10/2025,27,771.6421129927936,"{100: 22, 500: 12, 1000: 5, 5000: 5, 2000: 1, 200: 1}"
2984,22/09/2025,53,771.6225446978414,"{100: 21, 500: 17, 5000: 4, 200: 2, 2000: 1, 1000: 1}"
3921,29/10/2025,16,771.6087928996401,"{100: 20, 500: 15, 1000: 6, 200: 6, 5000: 3, 2000: 1}"
2004,08/11/2025,6,771.579906660191,"{100: 26, 1000: 10, 500: 5, 200: 3, 5000: 3}"
3686,17/09/2025,58,771.5125169175203,"{100: 24, 500: 11, 1000: 4, 200: 4, 2000: 3, 5000: 1}"
6965,02/11/2025,12,771.5071266121058,"{100: 22, 500: 13, 1000: 3, 5000: 2, 200: 2, 2000: 1}"
1550,07/11/2025,7,771.4795008506283,"{100: 24, 500: 10, 5000: 4, 1000: 4, 200: 3, 2000: 1}"
1767,28/10/2025,17,771.4757327153542,"{100: 22, 500: 12, 1000: 6, 5000: 3, 2000: 2}"
8850,30/10/2025,15,771.4644809652976,"{500: 20, 100: 17, 5000: 3, 1000: 3, 200: 1}"
9610,26/08/2025,80,771.3555995756681,"{500: 20, 100: 19, 1000: 5, 5000: 3, 200: 1}"
3503,17/10/2025,28,771.3426007433583,"{100: 21, 500: 15, 200: 4, 5000: 3, 1000: 2, 2000: 1}"
8968,09/11/2025,5,771.2916327341784,"{100: 18, 500: 18, 5000: 4, 200: 2, 1000: 2}"
6631,30/07/2025,107,771.2774208342963,"{100: 20, 500: 15, 5000: 6, 1000: 3, 200: 3, 2000: 1}"
8541,03/09/2025,72,771.2560967580611,"{100: 24, 500: 13, 2000: 6, 1000: 5}"
5257,27/10/2025,18,771.1930797336084,"{100: 28, 1000: 7, 500: 5, 200: 3, 2000: 1}"
2520,05/11/2025,9,771.187765199361,"{100: 24, 500: 9, 1000: 7, 5000: 5, 200: 2, 2000: 1}"
9256,06/11/2025,8,771.1693410758104,"{500: 21, 100: 17, 1000: 3, 5000: 3, 200: 2, 2000: 1}"
5359,14/10/2025,31,771.1622004875362,"{100: 24, 500: 12, 5000: 6, 200: 4}"
7653,22/10/2025,23,771.1194693215322,"{100: 22, 500: 11, 200: 4, 1000: 4, 2000: 3, 5000: 3}"
5815,09/11/2025,5,771.0948187168859,"{100: 19, 500: 16, 1000: 5, 200: 5, 5000: 2}"
1256,30/10/2025,15,771.0943893539472,"{500: 21, 100: 17, 1000: 5, 5000: 3, 200: 2, 2000: 1}"
3908,12/11/2025,2,771.0840519288807,"{100: 21, 500: 15, 5000: 5, 1000: 3, 2000: 3, 200: 1}"
8407,14/10/2025,31,771.0191295742195,"{500: 20, 100: 17, 1000: 9, 5000: 3, 2000: 2, 200: 2}"
1916,21/09/2025,54,770.9904794312936,"{100: 24, 500: 10, 2000: 4, 5000: 4, 1000: 2, 200: 2}"
3354,01/11/2025,13,770.8538828857772,"{100: 22, 500: 13, 1000: 7, 5000: 2, 2000: 2, 200: 1}"
5107,05/11/2025,9,770.8500608933975,"{100: 20, 500: 14, 1000: 5, 5000: 3, 2000: 1, 200: 1}"
2952,06/07/2025,131,770.8114764757956,"{100: 25, 500: 10, 1000: 3, 200: 3, 5000: 2, 2000: 1}"
1780,28/10/2025,17,770.778874846338,"{100: 23, 500: 12, 200: 3, 5000: 2, 1000: 2, 2000: 1}"
3612,12/11/2025,2,770.7022755421052,"{100: 22, 500: 13, 1000: 5, 200: 4, 5000: 3}"
6624,04/11/2025,10,770.697121547543,"{100: 22, 500: 12, 1000: 8, 200: 3, 5000: 2}"
3638,02/11/2025,12,770.6552966157482,"{500: 20, 100: 18, 2000: 4, 5000: 4, 1000: 3, 200: 3}"
3245,13/09/2025,62,770.6241354511086,"{100: 26, 500: 5, 1000: 4, 200: 3, 5000: 2}"
8733,12/11/2025,2,770.59538008689,"{100: 24, 500: 10, 5000: 5, 1000: 3, 200: 3}"
0652,22/10/2025,23,770.5568815186577,"{100: 25, 500: 11, 200: 3, 1000: 1}"
1952,04/10/2025,41,770.5145243277783,"{100: 23, 500: 12, 1000: 7, 5000: 6, 200: 2}"
4390,21/10/2025,24,770.4901251868014,"{100: 23, 500: 9, 1000: 7, 5000: 6, 2000: 2, 200: 2}"
2024,03/10/2025,42,770.486091152091,"{100: 22, 500: 13, 1000: 5, 5000: 3}"
0353,13/11/2025,1,770.483134875732,"{500: 18, 100: 18, 1000: 6, 5000: 4, 200: 2, 2000: 1}"
2943,26/10/2025,19,770.4688478955095,"{100: 19, 500: 18, 5000: 4, 1000: 2, 200: 2, 2000: 1}"
8050,08/11/2025,6,770.3962300463645,"{100: 20, 500: 16, 200: 5, 1000: 4, 5000: 2, 2000: 2}"
7113,22/10/2025,23,770.3359336093753,"{100: 21, 500: 12, 1000: 5, 2000: 4, 5000: 3, 200: 3}"
0463,30/10/2025,15,770.3080029987132,"{100: 24, 500: 10, 1000: 5, 5000: 3, 200: 3, 2000: 1}"
0276,14/10/2025,31,770.3013781537481,"{100: 21, 500: 16, 2000: 4, 1000: 3, 5000: 2, 200: 1}"
2164,18/10/2025,27,770.2965742154971,"{100: 21, 500: 15, 1000: 5, 200: 5, 5000: 3, 2000: 2}"
4253,11/11/2025,3,770.2956590908956,"{100: 23, 500: 14, 5000: 5, 2000: 1}"
1126,04/10/2025,41,770.2754017184432,"{500: 19, 100: 19, 1000: 4, 200: 2, 5000: 2}"
4570,01/11/2025,13,770.2242385150855,"{100: 25, 500: 10, 2000: 2, 1000: 2, 5000: 1}"
4170,05/11/2025,9,770.1680724160302,"{100: 21, 500: 15, 1000: 5, 5000: 3, 2000: 2, 200: 1}"
4134,27/10/2025,18,770.1361943525235,"{100: 23, 500: 12, 5000: 3, 200: 3, 1000: 3, 2000: 1}"
1146,27/08/2025,79,770.1223814327265,"{100: 20, 500: 18, 1000: 4, 5000: 3, 200: 1}"
8822,13/10/2025,32,770.083974533505,"{100: 18, 500: 17, 1000: 6, 5000: 5, 200: 1}"
7768,29/10/2025,16,770.0594351812895,"{100: 25, 500: 10, 5000: 2, 1000: 2, 200: 1}"
9534,03/10/2025,42,770.0044932141997,"{100: 21, 500: 15, 200: 4, 1000: 2, 2000: 1, 5000: 1}"
0825,03/10/2025,42,770.0031381470533,"{100: 24, 500: 12, 5000: 5, 1000: 3, 200: 1, 2000: 1}"
8135,13/11/2025,1,769.9843920788255,"{500: 19, 100: 19, 1000: 2, 200: 2, 2000: 1, 5000: 1}"
7073,13/10/2025,32,769.9743350415304,"{100: 25, 500: 10, 200: 3, 1000: 2, 5000: 1, 2000: 1}"
9309,08/11/2025,6,769.955089705757,"{500: 20, 100: 17, 1000: 5, 2000: 2, 5000: 2, 200: 2}"
0395,30/09/2025,45,769.9372775922534,"{100: 18, 500: 17, 5000: 4, 1000: 3, 200: 3, 2000: 2}"
1202,13/11/2025,1,769.9264270526514,"{100: 24, 500: 8, 1000: 6, 200: 5, 5000: 2}"
7166,16/09/2025,59,769.9258698020674,"{100: 20, 500: 17, 1000: 8, 5000: 2, 2000: 1}"
3805,27/10/2025,18,769.8808882290717,"{100: 21, 500: 15, 200: 4, 5000: 2, 1000: 2, 2000: 1}"
3720,03/11/2025,11,769.8621931210126,"{100: 20, 500: 17, 5000: 6, 1000: 2, 200: 2, 2000: 1}"
5755,27/10/2025,18,769.8596564467756,"{100: 19, 500: 16, 1000: 7, 200: 6, 5000: 2}"
6005,09/11/2025,5,769.8169832462456,"{100: 25, 500: 9, 1000: 5, 5000: 1, 200: 1}"
3484,07/11/2025,7,769.6868133001606,"{100: 22, 500: 14, 5000: 4, 1000: 2, 200: 2, 2000: 1}"
4992,04/11/2025,10,769.6719636812868,"{100: 22, 500: 14, 1000: 5, 5000: 1, 2000: 1}"
2939,10/10/2025,35,769.615678473284,"{100: 22, 500: 14, 5000: 5, 1000: 3, 2000: 2, 200: 1}"
5098,13/10/2025,32,769.4945608537508,"{100: 24, 500: 10, 1000: 5, 2000: 3, 200: 3, 5000: 2}"
8035,12/11/2025,2,769.4850343305128,"{100: 19, 500: 18, 1000: 4, 200: 4, 5000: 3, 2000: 2}"
5283,21/10/2025,24,769.4817781008759,"{100: 25, 1000: 7, 500: 6, 2000: 4, 5000: 4, 200: 3}"
1799,11/10/2025,34,769.4469546380677,"{100: 26, 500: 8, 1000: 3, 200: 2, 5000: 2, 2000: 1}"
7034,30/10/2025,15,769.4287118054434,"{100: 24, 500: 9, 1000: 4, 5000: 3, 200: 2, 2000: 1}"
2036,22/10/2025,23,769.3842945412688,"{100: 22, 500: 12, 1000: 5, 200: 3, 5000: 2, 2000: 1}"
4243,14/10/2025,31,769.3842454858216,"{100: 21, 500: 16, 5000: 3, 1000: 2, 200: 1}"
6916,05/11/2025,9,769.3762277161239,"{100: 19, 500: 18, 1000: 6, 200: 3, 5000: 2, 2000: 1}"
6231,12/11/2025,2,769.3272332835521,"{100: 22, 500: 15, 5000: 4, 1000: 2, 200: 2}"
4262,05/11/2025,9,769.2840648555232,"{100: 24, 500: 13, 200: 3, 1000: 2, 2000: 1}"
0474,04/10/2025,41,769.2099134252672,"{100: 24, 500: 10, 1000: 5, 5000: 1, 200: 1}"
7535,01/11/2025,13,769.208288924173,"{100: 20, 500: 14, 1000: 7, 5000: 4, 200: 3}"
3256,14/11/2025,0,769.121366592729,"{100: 20, 500: 13, 1000: 4, 5000: 4, 2000: 3, 200: 3}"
1073,14/09/2025,61,769.0744454781385,"{100: 24, 500: 12, 1000: 3, 200: 3, 5000: 2}"
9267,26/10/2025,19,769.0598996179859,"{100: 24, 500: 10, 200: 5, 1000: 2, 5000: 2, 2000: 1}"
0615,13/10/2025,32,769.037209914034,"{100: 19, 500: 19, 1000: 5, 5000: 2, 200: 2, 2000: 1}"
2198,10/11/2025,4,768.999132997278,"{100: 21, 500: 14, 1000: 4, 5000: 4, 200: 2}"
6436,19/10/2025,26,768.9560577957308,"{100: 22, 500: 13, 5000: 4, 200: 3, 1000: 2}"
7540,18/10/2025,27,768.9081071614277,"{100: 19, 500: 17, 1000: 5, 5000: 4, 200: 4, 2000: 1}"
5503,17/10/2025,28,768.8826232406063,"{100: 23, 500: 13, 5000: 4, 1000: 2, 200: 1}"
0356,08/11/2025,6,768.874292366773,"{100: 23, 500: 12, 5000: 3, 200: 3, 1000: 2, 2000: 1}"
3048,25/08/2025,81,768.8022162703974,"{100: 20, 500: 18, 1000: 5, 5000: 3, 200: 1, 2000: 1}"
3588,17/09/2025,58,768.7931526688029,"{100: 21, 500: 15, 1000: 7, 200: 3, 5000: 3, 2000: 2}"
6020,29/09/2025,46,768.6907883232341,"{100: 21, 500: 14, 5000: 6, 1000: 5, 200: 4, 2000: 2}"
5806,06/11/2025,8,768.6845621341104,"{100: 25, 500: 7, 1000: 6, 5000: 4, 2000: 2, 200: 1}"
6967,23/08/2025,83,768.6577132207876,"{100: 20, 500: 17, 1000: 8, 5000: 3, 200: 2}"
8261,08/11/2025,6,768.6520166838797,"{100: 24, 500: 13, 2000: 3, 200: 3, 1000: 1}"
9893,04/11/2025,10,768.6273411720131,"{500: 20, 100: 18, 1000: 4, 5000: 3, 2000: 3, 200: 1}"
9877,24/10/2025,21,768.5496971944781,"{100: 20, 500: 15, 200: 8, 1000: 5, 5000: 2, 2000: 1}"
5212,16/08/2025,90,768.545563013591,"{100: 23, 500: 11, 5000: 5, 200: 2, 2000: 1, 1000: 1}"
1434,19/09/2025,56,768.5145536578941,"{100: 19, 500: 14, 1000: 6, 5000: 6, 200: 1, 2000: 1}"
1646,13/11/2025,1,768.4964054956463,"{100: 20, 500: 12, 1000: 8, 5000: 5, 200: 5, 2000: 1}"
1228,05/11/2025,9,768.4626023109832,"{100: 21, 500: 13, 1000: 7, 5000: 4, 2000: 3, 200: 2}"
5918,10/11/2025,4,768.4262536920731,"{100: 23, 500: 13, 1000: 2, 200: 2, 5000: 1, 2000: 1}"
5442,13/11/2025,1,768.3874934273082,"{100: 21, 500: 13, 5000: 4, 1000: 4, 200: 1}"
0328,13/11/2025,1,768.3667183382304,"{100: 25, 500: 9, 5000: 3, 1000: 2, 200: 2, 2000: 1}"
1474,29/07/2025,108,768.3512160715177,"{100: 24, 500: 12, 1000: 4, 5000: 2, 200: 2}"
0343,08/11/2025,6,768.334073498841,"{100: 24, 500: 8, 1000: 6, 5000: 3, 2000: 3, 200: 1}"
6307,05/11/2025,9,768.3103799137211,"{100: 21, 500: 15, 200: 4, 5000: 4, 1000: 1, 2000: 1}"
4033,09/11/2025,5,768.2970919352963,"{100: 21, 500: 14, 1000: 5, 200: 5, 5000: 3, 2000: 2}"
0175,30/09/2025,45,768.2824555281419,"{100: 23, 500: 12, 1000: 4, 200: 2, 5000: 2, 2000: 2}"
5623,05/11/2025,9,768.2745890475242,"{100: 22, 500: 12, 5000: 3, 1000: 3, 2000: 1, 200: 1}"
9522,29/10/2025,16,768.2502317117655,"{100: 21, 500: 11, 1000: 8, 5000: 4, 200: 3}"
6375,03/11/2025,11,768.2273089341323,"{100: 23, 500: 11, 1000: 7, 5000: 3, 200: 2}"
8225,15/10/2025,30,768.2198067795841,"{100: 29, 500: 3, 5000: 3, 1000: 3}"
5192,25/10/2025,20,768.1729028177589,"{100: 19, 500: 17, 1000: 6, 200: 3, 5000: 2, 2000: 1}"
9894,05/11/2025,9,768.1631165128413,"{100: 19, 500: 15, 5000: 7, 1000: 4, 200: 2}"
1924,28/10/2025,17,768.1404284344997,"{100: 21, 500: 18, 200: 4, 1000: 1}"
9327,09/11/2025,5,768.1045245157827,"{100: 20, 500: 13, 1000: 6, 5000: 4, 200: 2, 2000: 1}"
5057,29/10/2025,16,768.0567168832048,"{100: 24, 500: 10, 1000: 5, 5000: 3, 2000: 2, 200: 1}"
0164,22/10/2025,23,768.0439743377177,"{100: 22, 500: 9, 1000: 7, 5000: 6, 200: 3, 2000: 1}"
1484,03/09/2025,72,768.0435690499869,"{100: 26, 500: 7, 1000: 5, 5000: 3, 2000: 2, 200: 2}"
6691,12/09/2025,63,767.9872917639427,"{100: 25, 1000: 9, 500: 8, 5000: 3, 200: 2}"
6195,10/11/2025,4,767.9396211795744,"{100: 21, 500: 13, 200: 5, 1000: 4, 2000: 2, 5000: 2}"
1375,19/10/2025,26,767.8927375894264,"{100: 21, 500: 16, 1000: 5, 5000: 1}"
7663,30/10/2025,15,767.8905375774048,"{100: 22, 500: 13, 1000: 6, 5000: 3, 200: 2, 2000: 1}"
7608,05/11/2025,9,767.8684993923806,"{100: 20, 500: 17, 1000: 5, 200: 2, 2000: 1, 5000: 1}"
3571,06/11/2025,8,767.8674309275638,"{100: 27, 5000: 4, 500: 4, 200: 2, 1000: 1}"
3596,26/10/2025,19,767.8528232102507,"{100: 21, 500: 15, 200: 4, 5000: 3, 2000: 2, 1000: 1}"
1889,12/11/2025,2,767.8210647341275,"{500: 19, 100: 18, 1000: 4, 5000: 4, 200: 2, 2000: 2}"
2235,12/11/2025,2,767.810833555428,"{100: 20, 500: 15, 5000: 4, 1000: 1, 200: 1}"
2802,14/11/2025,0,767.803220578053,"{100: 26, 500: 9, 1000: 4, 200: 1}"
7499,18/10/2025,27,767.785927599715,"{100: 21, 500: 13, 5000: 8, 1000: 4, 200: 3, 2000: 1}"
6193,05/11/2025,9,767.7506379367768,"{100: 22, 500: 12, 1000: 6, 5000: 5}"
0674,14/11/2025,0,767.6968755553722,"{100: 24, 500: 10, 200: 5, 1000: 4, 5000: 2, 2000: 1}"
8839,28/10/2025,17,767.6876107567865,"{100: 27, 1000: 7, 500: 5, 2000: 1, 5000: 1, 200: 1}"
9431,01/09/2025,74,767.6254862050646,"{100: 23, 500: 12, 5000: 5, 1000: 5, 200: 3}"
0515,07/11/2025,7,767.5994707151943,"{100: 22, 500: 14, 200: 4, 1000: 3, 5000: 2}"
8260,30/09/2025,45,767.5811080380788,"{100: 22, 500: 13, 1000: 5, 2000: 4, 5000: 3, 200: 1}"
8980,19/10/2025,26,767.5711632841758,"{100: 23, 500: 12, 1000: 4, 5000: 3, 2000: 2, 200: 2}"
2476,10/10/2025,35,767.5602310642192,"{100: 20, 500: 18, 5000: 4, 1000: 2, 2000: 1}"
8836,05/11/2025,9,767.5507066886033,"{100: 24, 500: 9, 1000: 5, 5000: 4, 200: 3}"
7620,11/11/2025,3,767.5022383783776,"{100: 21, 500: 11, 5000: 5, 200: 4, 1000: 4, 2000: 2}"
9427,10/11/2025,4,767.4628429826145,"{500: 18, 100: 18, 1000: 8, 200: 4, 5000: 1}"
0178,29/10/2025,16,767.4615384574226,"{100: 25, 500: 9, 2000: 3, 1000: 2, 5000: 1, 200: 1}"
7877,05/11/2025,9,767.4446814206062,"{100: 19, 500: 18, 1000: 5, 5000: 2}"
3448,08/11/2025,6,767.4401403362058,"{500: 19, 100: 17, 200: 4, 5000: 4, 1000: 3, 2000: 1}"
9603,14/11/2025,0,767.3855816752698,"{100: 24, 500: 11, 1000: 3, 5000: 1, 200: 1}"
9494,07/11/2025,7,767.3722147018109,"{100: 22, 500: 13, 1000: 7, 200: 2, 5000: 1}"
9412,26/09/2025,49,767.352024459461,"{100: 23, 500: 13, 2000: 4, 5000: 2, 200: 1, 1000: 1}"
9912,31/10/2025,14,767.212693196617,"{100: 21, 500: 15, 200: 5, 1000: 4, 2000: 1, 5000: 1}"
6192,02/11/2025,12,767.2053569054241,"{100: 18, 500: 17, 200: 4, 5000: 3, 1000: 3, 2000: 2}"
0008,05/11/2025,9,767.1999702693741,"{100: 21, 500: 15, 1000: 4, 5000: 4, 200: 1, 2000: 1}"
5015,14/11/2025,0,767.1774125258872,"{100: 25, 500: 8, 1000: 5, 200: 4, 5000: 2, 2000: 1}"
0703,09/11/2025,5,767.1528975625893,"{100: 21, 500: 14, 1000: 7, 5000: 3, 200: 3, 2000: 1}"
3390,04/10/2025,41,767.1526267434765,"{100: 22, 500: 14, 1000: 5, 200: 3, 2000: 3, 5000: 1}"
4629,02/11/2025,12,767.1492095199375,"{100: 22, 500: 12, 5000: 6, 1000: 5, 200: 1}"
0949,21/08/2025,85,767.0354317531552,"{100: 25, 500: 11, 2000: 2, 5000: 2, 1000: 2}"
8367,10/11/2025,4,766.9627781000698,"{100: 22, 500: 12, 1000: 6, 5000: 4, 2000: 1}"
3659,06/11/2025,8,766.9524350638633,"{100: 22, 500: 10, 1000: 4, 5000: 3, 200: 3}"
1163,23/10/2025,22,766.9502406738391,"{100: 23, 500: 12, 200: 3, 1000: 1, 2000: 1, 5000: 1}"
2296,24/10/2025,21,766.9135243256168,"{100: 23, 500: 10, 5000: 3, 1000: 2, 200: 2, 2000: 1}"
9011,08/10/2025,37,766.9121960136974,"{100: 22, 500: 12, 1000: 4, 200: 4, 2000: 3, 5000: 3}"
3604,27/10/2025,18,766.9096938413074,"{100: 25, 500: 8, 200: 4, 1000: 3, 5000: 2, 2000: 1}"
2314,13/11/2025,1,766.8983294361182,"{100: 20, 500: 18, 1000: 4, 5000: 2, 200: 2}"
9914,28/10/2025,17,766.7926087370909,"{100: 25, 500: 9, 5000: 4, 1000: 3, 200: 1}"
6735,13/11/2025,1,766.7557540669048,"{100: 27, 500: 6, 1000: 3, 200: 2, 5000: 1}"
9796,15/10/2025,30,766.7435797504694,"{500: 18, 100: 17, 1000: 7, 5000: 4, 200: 2}"
2459,14/11/2025,0,766.7186774245222,"{100: 21, 500: 15, 200: 4, 5000: 4, 1000: 2, 2000: 1}"
7624,13/11/2025,1,766.6493947682485,"{100: 20, 500: 14, 5000: 4, 1000: 3, 200: 2}"
2392,14/10/2025,31,766.6309254586392,"{100: 21, 500: 15, 1000: 10, 200: 2}"
0889,30/09/2025,45,766.602987144648,"{100: 20, 500: 19, 200: 2, 2000: 1, 1000: 1, 5000: 1}"
7082,28/10/2025,17,766.5539855221788,"{100: 25, 500: 8, 5000: 5, 1000: 4, 200: 3, 2000: 1}"
4739,19/10/2025,26,766.5478640191637,"{100: 21, 500: 13, 5000: 7, 200: 1, 1000: 1}"
7988,11/10/2025,34,766.4992766535545,"{100: 25, 500: 12, 200: 2, 5000: 1}"
0930,17/10/2025,28,766.484536623157,"{100: 25, 500: 9, 200: 3, 1000: 2, 2000: 2, 5000: 1}"
3012,25/07/2025,112,766.4410528895357,"{100: 23, 500: 15, 1000: 2, 5000: 1, 2000: 1, 200: 1}"
5267,06/11/2025,8,766.3854288690808,"{100: 24, 500: 6, 5000: 5, 1000: 3, 200: 2, 2000: 1}"
0618,14/11/2025,0,766.3547026292346,"{100: 18, 500: 15, 200: 8, 1000: 5, 5000: 4, 2000: 1}"
0873,14/11/2025,0,766.3482329527488,"{100: 23, 500: 10, 1000: 6, 5000: 5, 200: 4}"
9078,23/10/2025,22,766.3272457707127,"{100: 21, 500: 15, 1000: 4, 5000: 3}"
3579,14/11/2025,0,766.319184717158,"{500: 19, 100: 18, 5000: 5, 2000: 3, 200: 3, 1000: 1}"
3096,11/10/2025,34,766.3045540081303,"{100: 22, 500: 11, 200: 4, 1000: 4, 2000: 3, 5000: 3}"
2639,28/10/2025,17,766.2491261122536,"{100: 20, 500: 16, 1000: 5, 5000: 4, 200: 3}"
9247,10/11/2025,4,766.2143764867711,"{100: 22, 500: 13, 1000: 3, 200: 3, 5000: 2, 2000: 2}"
2770,10/11/2025,4,766.2121060122684,"{100: 20, 500: 14, 5000: 4, 1000: 3, 2000: 2}"
2141,11/10/2025,34,766.1336383259802,"{100: 25, 500: 10, 1000: 2, 200: 2, 5000: 1, 2000: 1}"
5703,12/11/2025,2,766.0386247114924,"{100: 21, 500: 14, 1000: 3, 5000: 3, 200: 2}"
1012,21/10/2025,24,766.0315819589371,"{100: 23, 500: 9, 1000: 5, 5000: 4, 200: 1}"
5198,05/11/2025,9,766.028915399892,"{100: 20, 500: 14, 5000: 8, 200: 3, 2000: 2, 1000: 1}"
7812,13/11/2025,1,766.0155926389448,"{100: 18, 500: 17, 1000: 7, 5000: 7, 200: 4}"
4919,06/11/2025,8,765.9299262694458,"{100: 22, 500: 14, 5000: 4, 1000: 4, 200: 3, 2000: 1}"
2398,13/10/2025,32,765.8997625802234,"{100: 26, 500: 9, 1000: 5, 200: 2, 2000: 1}"
1581,29/10/2025,16,765.8983639855928,"{100: 20, 500: 17, 1000: 3, 5000: 2, 200: 1}"
2836,31/10/2025,14,765.8919050758681,"{100: 21, 500: 13, 1000: 7, 200: 3, 5000: 2, 2000: 1}"
9203,09/11/2025,5,765.8539106733283,"{100: 20, 500: 13, 1000: 10, 200: 3, 5000: 2}"
3755,30/10/2025,15,765.8265019007731,"{100: 21, 500: 13, 1000: 3, 5000: 2, 200: 2, 2000: 1}"
4036,02/11/2025,12,765.8216732890921,"{100: 22, 500: 13, 1000: 4, 5000: 3, 200: 1}"
6946,05/11/2025,9,765.7945609280882,"{100: 24, 500: 10, 200: 7, 2000: 3, 1000: 2, 5000: 1}"
2132,29/10/2025,16,765.7642326881107,"{100: 26, 500: 7, 200: 4, 1000: 3, 5000: 3, 2000: 1}"
3155,10/10/2025,35,765.7442651451362,"{100: 22, 500: 15, 5000: 4, 200: 3, 1000: 3, 2000: 1}"
0592,13/11/2025,1,765.6770725187168,"{100: 23, 500: 9, 1000: 8, 5000: 4, 200: 4}"
1005,01/09/2025,74,765.578506265662,"{100: 23, 5000: 11, 500: 8, 1000: 5, 200: 2, 2000: 1}"
6945,25/10/2025,20,765.564276776536,"{100: 19, 500: 17, 5000: 5, 200: 5, 1000: 3, 2000: 3}"
9455,31/10/2025,14,765.4964578817521,"{100: 24, 500: 8, 1000: 6, 200: 2, 5000: 1, 2000: 1}"
3595,07/11/2025,7,765.4692864463368,"{100: 24, 500: 6, 200: 5, 1000: 4, 5000: 3, 2000: 1}"
5360,14/11/2025,0,765.465053075972,"{100: 23, 500: 12, 1000: 3, 5000: 3, 200: 1}"
5803,15/10/2025,30,765.4398223020752,"{100: 25, 500: 10, 5000: 3, 1000: 3, 2000: 2, 200: 2}"
3954,12/11/2025,2,765.4149032791668,"{100: 20, 500: 17, 1000: 3, 200: 2, 5000: 1}"
3274,02/11/2025,12,765.3856286571006,"{100: 21, 500: 13, 5000: 4, 1000: 4, 200: 3, 2000: 1}"
4918,04/11/2025,10,765.3336442920546,"{100: 21, 500: 15, 5000: 3, 1000: 2, 200: 2, 2000: 1}"
6244,07/11/2025,7,765.3299801545204,"{100: 25, 500: 10, 200: 3, 2000: 2, 1000: 2, 5000: 2}"
2320,17/09/2025,58,765.3265868157597,"{100: 23, 500: 12, 1000: 4, 5000: 2, 200: 2, 2000: 1}"
4712,27/10/2025,18,765.3191485528234,"{100: 24, 500: 8, 1000: 8, 200: 4, 2000: 1, 5000: 1}"
8189,05/11/2025,9,765.2946958265477,"{100: 21, 500: 11, 200: 6, 5000: 4, 1000: 2, 2000: 1}"
7556,08/11/2025,6,765.2611043737268,"{100: 23, 500: 11, 1000: 4, 5000: 3, 200: 2}"
2091,18/10/2025,27,765.2398813292334,"{100: 20, 500: 16, 1000: 6, 200: 4, 5000: 3, 2000: 2}"
1642,14/11/2025,0,765.2037054857769,"{100: 23, 1000: 9, 500: 8, 5000: 5, 2000: 3}"
4075,04/10/2025,41,765.1802481870619,"{100: 21, 500: 14, 1000: 7, 200: 3, 5000: 2, 2000: 1}"
7341,29/08/2025,77,765.14715369408,"{100: 24, 500: 12, 200: 3, 1000: 2, 2000: 2, 5000: 1}"
5826,31/10/2025,14,765.1322308919003,"{100: 17, 500: 17, 1000: 8, 5000: 5, 2000: 2, 200: 1}"
3413,11/11/2025,3,765.1082629636392,"{100: 21, 500: 14, 5000: 5, 2000: 3, 200: 3, 1000: 1}"
5550,15/10/2025,30,765.1028935941863,"{100: 26, 500: 7, 1000: 4, 200: 3, 5000: 3, 2000: 2}"
3668,07/11/2025,7,765.0614662721465,"{100: 24, 500: 11, 1000: 2, 5000: 2, 2000: 1, 200: 1}"
3360,13/09/2025,62,765.0549541818323,"{100: 23, 500: 13, 5000: 3, 1000: 2, 200: 1}"
2879,01/11/2025,13,765.0351381583525,"{100: 21, 500: 15, 5000: 3, 1000: 2, 200: 2, 2000: 1}"
5406,13/11/2025,1,765.0108582065711,"{100: 20, 500: 19, 200: 3, 5000: 2, 2000: 2}"
4264,01/11/2025,13,764.9851977336081,"{100: 23, 500: 12, 1000: 4, 200: 3, 5000: 2, 2000: 1}"
6345,12/11/2025,2,764.9599918460166,"{100: 21, 500: 13, 1000: 5, 200: 5, 5000: 3, 2000: 1}"
3728,15/07/2025,122,764.9074006205086,"{100: 21, 500: 15, 1000: 7, 5000: 3, 200: 1}"
0731,14/11/2025,0,764.8099626303988,"{100: 24, 500: 11, 5000: 2, 1000: 2, 200: 1}"
7980,04/10/2025,41,764.7782098747964,"{100: 21, 500: 16, 5000: 4, 200: 1, 1000: 1}"
8115,09/11/2025,5,764.7710870820446,"{500: 20, 100: 18, 1000: 4, 5000: 2, 2000: 2, 200: 2}"
7892,09/11/2025,5,764.7308507541231,"{100: 26, 500: 6, 1000: 5, 5000: 4, 200: 2, 2000: 1}"
8814,11/11/2025,3,764.6458063872961,"{100: 21, 500: 15, 5000: 3, 1000: 2, 2000: 1}"
2062,12/07/2025,125,764.6231925749079,"{100: 22, 500: 16, 1000: 3, 5000: 3, 2000: 2, 200: 1}"
7867,03/09/2025,72,764.5813416021879,"{100: 23, 500: 12, 1000: 7, 5000: 3, 2000: 1, 200: 1}"
2210,13/10/2025,32,764.5728222888708,"{100: 24, 500: 11, 1000: 3, 200: 3, 2000: 2, 5000: 1}"
4227,04/11/2025,10,764.5164490337347,"{100: 20, 500: 16, 1000: 6, 5000: 4, 2000: 3}"
5202,02/11/2025,12,764.4471803516412,"{100: 21, 500: 12, 5000: 5, 1000: 5, 200: 3, 2000: 1}"
9932,12/11/2025,2,764.4108397346217,"{100: 22, 500: 13, 5000: 4, 1000: 2, 200: 2}"
2522,02/11/2025,12,764.4108148471414,"{100: 20, 500: 16, 5000: 4, 1000: 3, 200: 2, 2000: 2}"
7870,04/11/2025,10,764.3199919615167,"{100: 21, 500: 11, 5000: 6, 1000: 4, 200: 3, 2000: 3}"
5101,28/10/2025,17,764.3110108771656,"{100: 25, 500: 7, 200: 4, 1000: 4, 5000: 2, 2000: 2}"
8476,13/10/2025,32,764.264499505896,"{100: 20, 500: 18, 1000: 3, 200: 1, 2000: 1, 5000: 1}"
3415,04/11/2025,10,764.2515549853243,"{100: 24, 500: 8, 5000: 3, 1000: 2, 200: 2, 2000: 1}"
3194,03/11/2025,11,764.2513357191729,"{100: 21, 500: 14, 5000: 5, 1000: 4, 200: 1, 2000: 1}"
2895,04/08/2025,102,764.1801174750422,"{100: 23, 500: 14, 1000: 3, 5000: 2, 200: 2, 2000: 1}"
9101,30/10/2025,15,764.1780007963529,"{100: 23, 500: 14, 200: 4, 2000: 2, 1000: 2}"
1124,04/11/2025,10,764.1435247842329,"{100: 19, 500: 14, 5000: 5, 1000: 4, 200: 4}"
4411,10/10/2025,35,764.1107524710964,"{100: 20, 500: 15, 5000: 4, 200: 2, 1000: 2}"
2483,31/10/2025,14,764.0691859178364,"{100: 19, 500: 17, 200: 4, 5000: 4, 2000: 2, 1000: 2}"
3818,02/11/2025,12,764.0549936923887,"{100: 22, 500: 14, 5000: 3, 200: 2, 1000: 2}"
1120,03/11/2025,11,764.001868744918,"{100: 25, 500: 8, 1000: 5, 200: 3, 2000: 2, 5000: 2}"
3610,25/10/2025,20,763.9712565807687,"{100: 24, 500: 10, 1000: 4, 5000: 3, 2000: 1, 200: 1}"
6083,28/10/2025,17,763.9543006762782,"{100: 21, 500: 13, 1000: 5, 5000: 3, 200: 3, 2000: 2}"
3748,21/10/2025,24,763.9505862033357,"{100: 23, 500: 11, 1000: 4, 200: 2, 5000: 1, 2000: 1}"
8857,14/11/2025,0,763.9297387224487,"{100: 24, 500: 9, 1000: 5, 200: 4, 5000: 2, 2000: 1}"
0181,26/10/2025,19,763.895643552606,"{100: 24, 500: 10, 1000: 2, 5000: 2, 200: 1}"
4483,02/11/2025,12,763.8745366847071,"{100: 25, 1000: 8, 500: 7, 5000: 3, 200: 2}"
4905,10/11/2025,4,763.8735861675996,"{100: 20, 500: 16, 1000: 7, 2000: 3, 200: 3}"
8942,11/10/2025,34,763.8587088074986,"{100: 21, 500: 16, 1000: 4, 5000: 1, 200: 1, 2000: 1}"
7354,04/09/2025,71,763.8114274587788,"{100: 21, 500: 15, 1000: 7, 5000: 3, 200: 3, 2000: 1}"
0740,02/11/2025,12,763.7891589672514,"{100: 23, 500: 14, 5000: 3, 200: 3, 2000: 1}"
0530,29/09/2025,46,763.725031294022,"{100: 26, 500: 8, 200: 3, 5000: 3, 1000: 2, 2000: 1}"
4786,03/10/2025,42,763.7142988426482,"{100: 24, 500: 11, 5000: 5, 1000: 2, 200: 1}"
3802,14/11/2025,0,763.4651219223549,"{100: 21, 500: 13, 200: 6, 1000: 5, 5000: 3, 2000: 1}"
5835,25/10/2025,20,763.4588996204477,"{100: 23, 500: 9, 200: 4, 5000: 3, 1000: 3}"
5183,23/10/2025,22,763.4519214736871,"{100: 23, 500: 12, 5000: 5, 2000: 2, 1000: 2, 200: 1}"
7855,07/10/2025,38,763.4362002767205,"{100: 23, 500: 12, 2000: 4, 5000: 4, 1000: 3, 200: 1}"
3020,01/11/2025,13,763.4349843716813,"{100: 19, 500: 18, 200: 4, 5000: 3, 1000: 2}"
0364,03/11/2025,11,763.4009782719226,"{100: 24, 500: 10, 5000: 4, 1000: 3, 2000: 1, 200: 1}"
2364,26/08/2025,80,763.3766570917971,"{100: 25, 500: 8, 1000: 7, 5000: 1, 2000: 1}"
4692,13/11/2025,1,763.3481654235584,"{100: 19, 500: 16, 200: 6, 1000: 4, 5000: 3, 2000: 1}"
7757,06/10/2025,39,763.3161437169265,"{100: 22, 500: 14, 5000: 7, 1000: 1, 2000: 1, 200: 1}"
5545,23/10/2025,22,763.3025730650268,"{100: 21, 500: 12, 5000: 4, 1000: 4, 200: 3, 2000: 1}"
0684,08/11/2025,6,763.282718977162,"{100: 25, 500: 8, 5000: 5, 200: 3, 2000: 2, 1000: 1}"
7302,11/11/2025,3,763.2733411594361,"{100: 20, 500: 15, 1000: 5, 5000: 4, 2000: 2, 200: 1}"
7606,27/10/2025,18,763.2707738061182,"{100: 21, 500: 14, 200: 4, 5000: 3, 1000: 2}"
0333,03/11/2025,11,763.1856341922554,"{100: 24, 500: 9, 1000: 6, 200: 2, 2000: 1, 5000: 1}"
8511,05/10/2025,40,763.1837354980403,"{100: 22, 500: 14, 1000: 4, 5000: 2, 200: 2, 2000: 1}"
3138,13/11/2025,1,763.0837571064017,"{100: 24, 500: 9, 1000: 6, 200: 2, 2000: 1, 5000: 1}"
7617,09/11/2025,5,763.032053789138,"{100: 24, 500: 13, 200: 3, 1000: 1}"
9411,21/09/2025,54,762.9700449376572,"{100: 23, 500: 11, 5000: 5, 1000: 4, 2000: 4, 200: 2}"
8464,26/10/2025,19,762.8972922246004,"{100: 20, 500: 17, 200: 4, 5000: 1, 1000: 1, 2000: 1}"
6366,01/11/2025,13,762.8779190545833,"{100: 21, 500: 13, 1000: 6, 5000: 3, 200: 2, 2000: 1}"
7064,14/11/2025,0,762.8652389148616,"{100: 20, 500: 16, 1000: 4, 5000: 4, 2000: 2, 200: 2}"
6650,29/10/2025,16,762.8024485240518,"{100: 22, 500: 16, 5000: 2, 200: 2}"
5417,01/11/2025,13,762.793827358824,"{100: 21, 500: 13, 1000: 10, 5000: 3, 2000: 1, 200: 1}"
2830,18/09/2025,57,762.7797123458656,"{100: 20, 500: 17, 5000: 6, 2000: 3, 1000: 1, 200: 1}"
6657,02/11/2025,12,762.7446111561968,"{100: 24, 500: 9, 200: 5, 1000: 4, 5000: 4}"
7197,29/10/2025,16,762.690083949853,"{100: 24, 500: 13, 1000: 2, 200: 1}"
0685,13/10/2025,32,762.5677052457826,"{100: 21, 500: 14, 5000: 6, 200: 3, 1000: 2}"
4143,19/10/2025,26,762.5617222647926,"{100: 21, 500: 13, 200: 5, 5000: 4, 1000: 4}"
1036,09/11/2025,5,762.5341707036565,"{100: 24, 500: 8, 1000: 5, 200: 4, 5000: 2}"
1218,08/10/2025,37,762.5275213188311,"{100: 21, 500: 16, 1000: 3, 5000: 2, 2000: 2}"
4867,26/10/2025,19,762.5196010064585,"{100: 23, 500: 11, 1000: 4, 5000: 3, 200: 3}"
6006,04/11/2025,10,762.518675300343,"{100: 22, 500: 12, 1000: 6, 5000: 5, 2000: 2, 200: 1}"
9782,06/11/2025,8,762.5051747610845,"{100: 23, 500: 10, 1000: 6, 5000: 2}"
5840,11/09/2025,64,762.4281856399073,"{100: 20, 500: 16, 5000: 5, 1000: 3, 200: 2, 2000: 1}"
9172,06/10/2025,39,762.4196686870382,"{100: 21, 500: 13, 5000: 3, 1000: 3, 2000: 1, 200: 1}"
1491,13/09/2025,62,762.3937350668828,"{100: 25, 500: 9, 5000: 3, 1000: 2, 200: 2}"
3877,19/09/2025,56,762.383866998303,"{100: 22, 500: 13, 5000: 8, 1000: 2, 200: 2}"
8619,21/08/2025,85,762.3822543422473,"{100: 22, 500: 15, 5000: 4, 1000: 3, 200: 2}"
9096,28/10/2025,17,762.3062643680781,"{100: 22, 500: 13, 1000: 4, 5000: 4, 200: 2, 2000: 1}"
4328,09/11/2025,5,762.3045798424021,"{100: 23, 500: 11, 1000: 5, 2000: 4, 200: 4}"
7291,10/11/2025,4,762.2347986589915,"{100: 23, 500: 10, 1000: 5, 5000: 3, 2000: 3, 200: 3}"
3514,22/10/2025,23,762.0285840341332,"{100: 20, 500: 16, 200: 5, 1000: 3, 5000: 3, 2000: 1}"
6081,03/11/2025,11,762.013546897185,"{100: 20, 500: 15, 1000: 4, 5000: 3, 200: 2, 2000: 1}"
9063,16/09/2025,59,762.0080942182165,"{100: 26, 1000: 7, 500: 6, 200: 3, 5000: 2, 2000: 1}"
4932,07/11/2025,7,761.9972575647836,"{100: 19, 500: 18, 1000: 3, 5000: 2, 200: 1, 2000: 1}"
6354,15/09/2025,60,761.9355014698172,"{100: 21, 500: 16, 5000: 3, 1000: 3, 200: 3, 2000: 2}"
9445,11/11/2025,3,761.9151510499203,"{100: 20, 500: 15, 1000: 6, 200: 2, 5000: 2, 2000: 1}"
2223,14/11/2025,0,761.8926609202642,"{100: 22, 500: 11, 1000: 7, 2000: 3, 200: 3, 5000: 1}"
8377,10/11/2025,4,761.8654649245399,"{100: 21, 500: 15, 5000: 4, 1000: 3, 200: 1}"
7457,31/10/2025,14,761.8600203476552,"{100: 19, 500: 18, 5000: 5, 1000: 4, 2000: 3}"
7659,14/11/2025,0,761.8528680433886,"{100: 23, 500: 12, 5000: 4, 1000: 4, 2000: 2, 200: 1}"
3508,31/10/2025,14,761.8356622962899,"{100: 23, 500: 11, 5000: 3, 200: 3, 1000: 2}"
4309,01/10/2025,44,761.8322371949369,"{100: 20, 500: 17, 1000: 5, 2000: 2, 200: 2, 5000: 1}"
0363,07/11/2025,7,761.8027913505437,"{100: 23, 1000: 8, 500: 8, 5000: 4, 200: 4, 2000: 2}"
1513,29/09/2025,46,761.7929288024028,"{100: 19, 500: 16, 1000: 11, 5000: 4, 200: 3, 2000: 1}"
7387,31/10/2025,14,761.727648928485,"{100: 20, 500: 15, 1000: 8, 5000: 4, 200: 1}"
2723,14/10/2025,31,761.7034809067434,"{100: 23, 500: 13, 5000: 2, 1000: 2, 200: 2}"
9773,29/09/2025,46,761.6662917705299,"{100: 23, 500: 12, 200: 4, 2000: 3, 1000: 3, 5000: 2}"
0201,15/10/2025,30,761.6472118953077,"{100: 24, 500: 11, 5000: 4, 1000: 2}"
0252,08/10/2025,37,761.5662297061446,"{100: 23, 5000: 8, 500: 8, 200: 4, 2000: 2, 1000: 2}"
4862,18/08/2025,88,761.506299432595,"{100: 25, 500: 10, 1000: 4, 200: 2, 2000: 2, 5000: 1}"
2268,01/10/2025,44,761.4493654461224,"{100: 21, 500: 14, 5000: 9, 1000: 1}"
8791,01/11/2025,13,761.3302816001277,"{100: 23, 500: 11, 200: 5, 1000: 4, 2000: 2, 5000: 1}"
9072,11/11/2025,3,761.2523730019196,"{100: 19, 500: 16, 5000: 4, 200: 4, 1000: 3}"
1830,14/11/2025,0,761.2502396253382,"{100: 23, 500: 9, 5000: 5, 200: 5, 1000: 2}"
5720,12/10/2025,33,761.2493027258197,"{100: 23, 500: 9, 200: 6, 1000: 4, 5000: 2, 2000: 1}"
3976,12/11/2025,2,761.2009825144227,"{100: 24, 500: 8, 5000: 5, 1000: 4, 200: 3}"
7544,10/11/2025,4,761.1648372863206,"{100: 18, 500: 17, 5000: 7, 1000: 4, 2000: 2, 200: 2}"
2904,19/10/2025,26,761.1520185563878,"{100: 21, 500: 13, 5000: 3, 1000: 3}"
7208,29/09/2025,46,761.1414177866566,"{100: 20, 500: 16, 1000: 4, 200: 3, 5000: 2, 2000: 1}"
1214,04/10/2025,41,761.1024277496927,"{100: 23, 500: 10, 1000: 7, 5000: 3, 200: 1}"
3677,27/10/2025,18,761.0985286967696,"{100: 23, 500: 9, 1000: 6, 5000: 5, 200: 3, 2000: 1}"
0789,27/10/2025,18,761.0936927370645,"{100: 23, 500: 12, 5000: 2, 1000: 2, 200: 1, 2000: 1}"
3922,09/11/2025,5,761.0604039479923,"{100: 25, 500: 8, 5000: 4, 1000: 3, 200: 3, 2000: 2}"
1772,14/11/2025,0,761.0562362228354,"{100: 19, 500: 17, 200: 4, 5000: 3, 1000: 2, 2000: 1}"
2208,28/10/2025,17,761.0371638092665,"{100: 19, 500: 17, 5000: 5, 1000: 3, 200: 3, 2000: 3}"
4065,23/10/2025,22,761.0068385608614,"{100: 22, 500: 12, 1000: 6, 2000: 3, 200: 3, 5000: 2}"
9308,31/10/2025,14,760.9500537668293,"{100: 21, 500: 14, 5000: 5, 200: 5, 1000: 3}"
5996,13/10/2025,32,760.9089787671595,"{100: 21, 500: 13, 5000: 4, 1000: 2, 200: 1, 2000: 1}"
4623,24/10/2025,21,760.8675462627076,"{100: 24, 500: 10, 200: 6, 1000: 3, 5000: 1, 2000: 1}"
9670,23/10/2025,22,760.8648566372524,"{100: 20, 500: 18, 200: 7, 5000: 3, 2000: 1}"
5530,10/09/2025,65,760.863870935743,"{100: 23, 500: 13, 1000: 4, 5000: 2, 2000: 1}"
2403,25/10/2025,20,760.8533901133192,"{100: 22, 500: 12, 1000: 5, 5000: 4, 200: 3}"
4437,01/11/2025,13,760.8358533892189,"{100: 23, 500: 10, 1000: 4, 2000: 2, 5000: 1}"
2892,07/09/2025,68,760.8281582881879,"{100: 20, 500: 15, 2000: 4, 5000: 3, 1000: 3}"
4152,27/10/2025,18,760.8197590154122,"{100: 24, 500: 11, 1000: 2, 5000: 2, 2000: 1}"
2481,07/10/2025,38,760.7637347126165,"{100: 24, 500: 9, 1000: 6, 5000: 3, 2000: 1, 200: 1}"
0479,24/10/2025,21,760.7565633233964,"{100: 19, 500: 17, 1000: 6, 200: 4, 5000: 1}"
7751,09/11/2025,5,760.7313808863806,"{100: 24, 500: 10, 1000: 6, 5000: 3, 200: 2, 2000: 1}"
1977,07/11/2025,7,760.6599506826823,"{100: 25, 500: 9, 200: 2, 2000: 2, 1000: 2, 5000: 1}"
8389,21/10/2025,24,760.6441609126999,"{100: 25, 500: 8, 5000: 4, 1000: 3, 2000: 1}"
6039,12/10/2025,33,760.61996836646,"{100: 24, 500: 10, 200: 3, 2000: 2, 1000: 2, 5000: 1}"
9712,07/10/2025,38,760.6100116972576,"{100: 22, 500: 13, 1000: 4, 5000: 4, 2000: 3, 200: 3}"
2527,13/10/2025,32,760.6088911190742,"{100: 24, 500: 10, 1000: 4, 2000: 3, 5000: 2, 200: 2}"
0213,24/10/2025,21,760.5344567873269,"{100: 21, 500: 15, 1000: 4, 200: 3, 5000: 1}"
4292,30/10/2025,15,760.3719097209208,"{100: 19, 500: 15, 5000: 5, 1000: 4, 200: 1}"
0935,20/10/2025,25,760.3568386756089,"{100: 21, 500: 13, 1000: 6, 5000: 5, 200: 3, 2000: 1}"
9234,19/09/2025,56,760.3436517876345,"{100: 21, 500: 14, 5000: 5, 1000: 4, 200: 1}"
5682,07/11/2025,7,760.3396250081425,"{100: 26, 500: 9, 1000: 2, 200: 2, 2000: 1}"
9048,21/10/2025,24,760.2994705315848,"{100: 22, 500: 10, 1000: 5, 5000: 4, 2000: 2, 200: 2}"
4854,29/10/2025,16,760.2892176999726,"{100: 21, 500: 13, 1000: 8, 5000: 3, 200: 1}"
7975,14/11/2025,0,760.257308211078,"{100: 22, 500: 12, 5000: 4, 1000: 4, 200: 2}"
3647,12/11/2025,2,760.1838973739823,"{100: 25, 500: 8, 1000: 4, 2000: 3, 200: 3}"
4311,19/10/2025,26,760.1761462474798,"{100: 19, 500: 17, 1000: 8, 5000: 3, 2000: 2}"
6080,29/09/2025,46,760.1360977142782,"{100: 24, 500: 9, 1000: 7, 200: 4, 2000: 2, 5000: 1}"
7706,06/11/2025,8,760.1206369112699,"{100: 25, 500: 9, 200: 3, 1000: 2, 5000: 2}"
4204,21/08/2025,85,760.0250179740311,"{100: 23, 500: 12, 1000: 4, 200: 3, 5000: 1}"
8290,08/10/2025,37,760.001743539874,"{100: 23, 500: 12, 1000: 3, 5000: 2, 200: 2, 2000: 1}"
0085,25/09/2025,50,759.9750479607615,"{100: 21, 500: 15, 200: 6, 5000: 4, 1000: 4}"
5301,14/11/2025,0,759.9528350240834,"{100: 22, 500: 13, 1000: 4, 5000: 3, 200: 1}"
2889,01/11/2025,13,759.9242128688857,"{100: 19, 500: 15, 5000: 5, 1000: 4, 200: 1}"
9684,04/10/2025,41,759.8901108168885,"{100: 27, 5000: 4, 500: 4, 1000: 2, 200: 1}"
5124,04/11/2025,10,759.8622146872442,"{100: 22, 500: 12, 1000: 4, 5000: 4, 200: 2, 2000: 2}"
8613,14/09/2025,61,759.8516594241004,"{100: 20, 500: 17, 1000: 4, 5000: 2, 200: 1, 2000: 1}"
5166,01/11/2025,13,759.8137309418885,"{100: 23, 500: 7, 1000: 6, 5000: 5, 200: 3}"
7752,17/09/2025,58,759.7843256136031,"{100: 24, 500: 11, 1000: 3, 200: 2, 2000: 2, 5000: 2}"
6918,07/09/2025,68,759.749106504492,"{100: 23, 500: 10, 5000: 6, 1000: 4, 200: 3}"
6243,28/09/2025,47,759.651423209939,"{100: 21, 500: 14, 1000: 5, 5000: 3}"
4119,10/11/2025,4,759.5760664542556,"{100: 21, 500: 13, 1000: 4, 5000: 4, 200: 3, 2000: 1}"
2436,10/11/2025,4,759.504155381443,"{500: 18, 100: 17, 1000: 6, 5000: 2, 200: 2, 2000: 1}"
2888,07/10/2025,38,759.4754820243207,"{100: 24, 500: 10, 1000: 7, 5000: 1}"
6782,09/11/2025,5,759.4747365500103,"{100: 25, 500: 8, 1000: 4, 2000: 2, 5000: 2, 200: 1}"
8691,23/09/2025,52,759.4743639869404,"{100: 20, 500: 14, 1000: 6, 200: 3, 5000: 2}"
7258,24/08/2025,82,759.4190251884735,"{100: 22, 500: 15, 200: 3, 1000: 2, 5000: 2}"
4245,11/11/2025,3,759.4046996417119,"{100: 24, 500: 9, 200: 6, 1000: 3, 5000: 1}"
4848,12/11/2025,2,759.3034382459496,"{100: 24, 500: 10, 1000: 5, 5000: 4, 200: 2}"
7305,11/10/2025,34,759.273699491791,"{100: 19, 500: 16, 1000: 8, 200: 2, 5000: 2}"
6429,28/10/2025,17,759.1977688695606,"{100: 21, 500: 13, 5000: 4, 1000: 3, 200: 3, 2000: 2}"
2656,14/11/2025,0,759.1786058813179,"{100: 21, 500: 13, 1000: 6, 5000: 5, 200: 2}"
0923,04/11/2025,10,759.159634043105,"{100: 22, 500: 13, 1000: 4, 200: 3, 5000: 3}"
5893,13/11/2025,1,759.108637140234,"{100: 18, 500: 17, 200: 5, 5000: 4, 2000: 3, 1000: 3}"
6175,05/11/2025,9,758.8956450214879,"{100: 24, 500: 8, 1000: 7, 5000: 2, 2000: 2, 200: 2}"
6948,27/10/2025,18,758.89172037756,"{100: 24, 500: 10, 1000: 4, 2000: 3, 200: 1, 5000: 1}"
6102,11/11/2025,3,758.8737974401372,"{100: 22, 500: 10, 1000: 7, 5000: 4, 200: 3, 2000: 1}"
9911,19/09/2025,56,758.8571148091243,"{100: 21, 500: 13, 1000: 9, 5000: 2, 200: 1}"
0382,12/11/2025,2,758.8510879795161,"{100: 21, 500: 15, 1000: 4, 2000: 1, 5000: 1, 200: 1}"
0852,07/11/2025,7,758.7274311234937,"{100: 22, 500: 12, 1000: 4, 5000: 3, 2000: 3, 200: 2}"
2125,11/10/2025,34,758.7106289629901,"{100: 21, 500: 10, 5000: 7, 1000: 6, 200: 3, 2000: 1}"
0881,30/07/2025,107,758.5577725421022,"{100: 23, 500: 13, 1000: 5, 2000: 2, 5000: 2, 200: 2}"
8183,28/10/2025,17,758.5553373292353,"{100: 22, 500: 12, 1000: 4, 5000: 3, 200: 1}"
7880,01/11/2025,13,758.5350093592833,"{100: 19, 500: 18, 200: 4, 1000: 2, 5000: 2, 2000: 1}"
5034,05/10/2025,40,758.5284254072034,"{100: 26, 500: 7, 1000: 4, 200: 3, 5000: 2, 2000: 1}"
4730,07/10/2025,38,758.4740169289973,"{100: 25, 500: 12, 5000: 2, 200: 1}"
4766,20/10/2025,25,758.4032841861058,"{100: 20, 500: 15, 1000: 6, 5000: 4, 2000: 2, 200: 1}"
0052,07/11/2025,7,758.3797823691432,"{100: 24, 500: 10, 1000: 3, 5000: 2, 200: 2, 2000: 1}"
8453,05/10/2025,40,758.3748599294191,"{100: 22, 500: 12, 1000: 6, 5000: 5, 2000: 3, 200: 2}"
3255,20/09/2025,55,758.3627791420549,"{100: 18, 500: 17, 5000: 4, 200: 4, 1000: 3, 2000: 2}"
2922,06/11/2025,8,758.3471875029544,"{100: 19, 500: 12, 5000: 9, 1000: 6, 200: 3}"
7149,07/11/2025,7,758.3357672470481,"{100: 24, 500: 12, 1000: 3, 200: 2, 2000: 1}"
5018,20/10/2025,25,758.3118874366698,"{100: 19, 500: 13, 1000: 12, 2000: 2, 5000: 1, 200: 1}"
4703,08/11/2025,6,758.2910245915328,"{100: 19, 500: 18, 200: 3, 1000: 2, 5000: 2}"
3642,11/11/2025,3,758.2875834023553,"{100: 22, 500: 12, 1000: 6, 5000: 3, 200: 2, 2000: 1}"
2197,31/10/2025,14,758.2211013193395,"{100: 25, 200: 6, 500: 6, 5000: 5, 1000: 4, 2000: 2}"
5817,08/11/2025,6,758.1759628755019,"{100: 20, 500: 13, 1000: 9, 200: 3, 5000: 2}"
6145,04/11/2025,10,758.1577208400323,"{100: 24, 500: 10, 2000: 4, 5000: 2, 1000: 1}"
4237,13/09/2025,62,758.1463753721094,"{100: 22, 500: 14, 1000: 3, 5000: 2, 200: 1}"
9190,16/09/2025,59,758.1082363372947,"{100: 21, 500: 12, 200: 5, 1000: 5, 5000: 4, 2000: 1}"
9132,13/11/2025,1,758.1082286635208,"{100: 21, 500: 13, 1000: 5, 5000: 2, 200: 2, 2000: 1}"
6100,11/11/2025,3,758.1065262782145,"{100: 21, 500: 14, 1000: 5, 200: 4, 5000: 3}"
8413,05/11/2025,9,758.0102802849349,"{100: 26, 5000: 6, 500: 6, 1000: 2, 200: 2, 2000: 1}"
4610,22/10/2025,23,758.0069010507831,"{100: 25, 500: 8, 1000: 6, 200: 4}"
5684,08/11/2025,6,757.9580760413807,"{100: 23, 500: 11, 5000: 5, 1000: 3, 200: 2, 2000: 1}"
7773,22/10/2025,23,757.8363142090008,"{100: 20, 500: 16, 1000: 4, 200: 3, 2000: 1, 5000: 1}"
8698,11/11/2025,3,757.8254848341145,"{100: 20, 500: 15, 1000: 5, 2000: 4, 5000: 4, 200: 3}"
3559,30/10/2025,15,757.8059348132822,"{100: 19, 500: 17, 5000: 4, 1000: 4, 2000: 1, 200: 1}"
0278,05/10/2025,40,757.7985154724984,"{100: 21, 500: 15, 1000: 5, 200: 3, 5000: 2}"
3928,07/11/2025,7,757.788459373439,"{100: 22, 500: 13, 1000: 5, 200: 2, 5000: 1}"
0946,25/07/2025,112,757.7708479849955,"{100: 24, 500: 12, 2000: 3, 5000: 2, 200: 2}"
6922,21/10/2025,24,757.7664705045005,"{100: 19, 500: 18, 200: 3, 5000: 3, 1000: 2, 2000: 1}"
5443,09/10/2025,36,757.7574045586567,"{100: 20, 500: 14, 1000: 9, 5000: 5, 2000: 1, 200: 1}"
5113,04/11/2025,10,757.756581334938,"{100: 23, 500: 12, 5000: 3, 1000: 2, 2000: 1, 200: 1}"
9526,03/11/2025,11,757.7468701297037,"{100: 23, 500: 10, 1000: 7, 5000: 4, 2000: 2}"
3866,11/11/2025,3,757.683165597318,"{100: 21, 500: 15, 5000: 5, 1000: 3, 200: 3, 2000: 1}"
6330,25/09/2025,50,757.6549529969554,"{100: 23, 500: 11, 1000: 3, 5000: 3, 2000: 1}"
6121,16/10/2025,29,757.5903147542513,"{100: 23, 500: 11, 5000: 6, 1000: 4, 2000: 1}"
1200,22/10/2025,23,757.5716636551343,"{100: 21, 500: 14, 1000: 4, 200: 3, 2000: 1, 5000: 1}"
3273,01/11/2025,13,757.5313867130509,"{100: 20, 500: 17, 5000: 5, 200: 4, 1000: 3, 2000: 1}"
8763,27/10/2025,18,757.4978396050124,"{100: 20, 500: 16, 1000: 4, 5000: 2, 200: 1}"
8163,21/10/2025,24,757.4802704191023,"{100: 22, 500: 10, 200: 4, 5000: 2, 2000: 2, 1000: 2}"
4489,04/10/2025,41,757.4697588846077,"{100: 21, 500: 14, 5000: 5, 200: 3, 1000: 3}"
0176,07/11/2025,7,757.468972859882,"{100: 23, 500: 12, 1000: 3, 5000: 2}"
2178,01/09/2025,74,757.461194120228,"{100: 27, 200: 6, 5000: 6, 500: 5, 2000: 3, 1000: 1}"
8817,14/11/2025,0,757.4448343014606,"{100: 20, 500: 15, 1000: 5, 2000: 3, 200: 3, 5000: 2}"
0917,11/11/2025,3,757.3602460401007,"{100: 20, 500: 15, 1000: 4, 5000: 2, 2000: 2, 200: 2}"
5928,14/10/2025,31,757.3461638618866,"{100: 22, 500: 13, 1000: 4, 200: 3, 5000: 2}"
4070,26/10/2025,19,757.3425311447003,"{100: 25, 1000: 7, 500: 7, 200: 3, 5000: 2, 2000: 1}"
9689,31/10/2025,14,757.2815909902462,"{100: 23, 500: 12, 1000: 3, 200: 2, 2000: 1, 5000: 1}"
5584,23/10/2025,22,757.2699251406555,"{100: 19, 500: 15, 1000: 8, 200: 6, 5000: 4, 2000: 3}"
6501,20/10/2025,25,757.218043632938,"{100: 22, 500: 13, 5000: 5, 1000: 3, 2000: 2, 200: 1}"
3432,26/08/2025,80,757.2060300830011,"{100: 23, 500: 12, 1000: 6, 5000: 3, 200: 1, 2000: 1}"
5100,14/11/2025,0,757.1389021100019,"{100: 21, 500: 15, 1000: 3, 2000: 2, 5000: 1, 200: 1}"
4939,31/10/2025,14,757.1381855175085,"{100: 21, 500: 15, 1000: 4, 5000: 2, 200: 1}"
9068,14/10/2025,31,757.0197963354917,"{500: 20, 100: 18, 1000: 5, 200: 3, 5000: 1, 2000: 1}"
2812,04/11/2025,10,756.9983791699125,"{100: 21, 500: 14, 1000: 6, 200: 2, 5000: 2, 2000: 1}"
8044,01/11/2025,13,756.9462596314919,"{100: 19, 500: 17, 5000: 7, 200: 4, 1000: 3, 2000: 1}"
2214,09/11/2025,5,756.8523263442598,"{100: 23, 500: 10, 5000: 9, 1000: 3, 200: 2, 2000: 1}"
1942,03/11/2025,11,756.830902822301,"{100: 24, 500: 10, 5000: 4, 200: 4, 1000: 2}"
6502,19/10/2025,26,756.8043486453306,"{100: 24, 500: 8, 1000: 4, 5000: 4, 200: 2, 2000: 1}"
8984,22/10/2025,23,756.7878477050207,"{100: 24, 500: 11, 200: 3, 1000: 3, 5000: 2}"
4523,28/08/2025,78,756.7402096616386,"{100: 24, 500: 10, 5000: 4, 1000: 2, 2000: 2}"
2135,08/09/2025,67,756.6821458168796,"{100: 21, 500: 15, 1000: 6, 5000: 2, 2000: 2, 200: 1}"
0876,14/11/2025,0,756.6130316834644,"{100: 26, 500: 6, 5000: 3, 1000: 2, 200: 1, 2000: 1}"
4287,09/11/2025,5,756.6023228485473,"{100: 23, 500: 11, 200: 3, 1000: 3, 5000: 2, 2000: 1}"
2724,13/11/2025,1,756.5667437787531,"{100: 22, 500: 12, 1000: 7, 5000: 2, 200: 2}"
0163,27/10/2025,18,756.5050434973795,"{100: 20, 500: 16, 200: 4, 1000: 3, 5000: 3, 2000: 1}"
3613,17/10/2025,28,756.4990904535252,"{100: 21, 500: 13, 1000: 7, 2000: 2, 5000: 1}"
8036,21/09/2025,54,756.4722857304423,"{100: 20, 500: 14, 5000: 7, 1000: 2, 200: 2, 2000: 1}"
0187,08/11/2025,6,756.4147957176231,"{100: 25, 500: 8, 5000: 3, 1000: 2, 200: 1}"
7690,13/10/2025,32,756.3833344373799,"{100: 21, 500: 15, 200: 4, 5000: 4, 1000: 2, 2000: 1}"
5132,27/10/2025,18,756.3020176574511,"{100: 23, 500: 12, 1000: 4, 200: 1, 5000: 1}"
0593,12/11/2025,2,756.2869084041706,"{100: 21, 500: 10, 1000: 6, 5000: 4, 200: 4, 2000: 1}"
6683,03/11/2025,11,756.2527193163055,"{100: 22, 500: 12, 200: 5, 1000: 4, 5000: 3, 2000: 2}"
4391,04/11/2025,10,756.2494320826023,"{100: 19, 500: 16, 1000: 5, 5000: 5, 200: 3, 2000: 2}"
6400,27/10/2025,18,756.1930995853896,"{100: 23, 500: 14, 5000: 4, 200: 4, 2000: 1}"
3427,24/10/2025,21,756.1727421293405,"{100: 23, 500: 9, 200: 7, 5000: 4, 1000: 3, 2000: 1}"
7406,02/11/2025,12,756.164803688131,"{100: 23, 500: 12, 1000: 4, 5000: 4, 200: 2}"
0897,18/10/2025,27,756.1120462058949,"{100: 25, 5000: 9, 1000: 7, 500: 5, 200: 3, 2000: 1}"
9268,12/11/2025,2,756.1103429067883,"{100: 20, 500: 15, 5000: 5, 1000: 3, 200: 2, 2000: 1}"
6196,26/10/2025,19,756.0652437560232,"{100: 20, 500: 15, 1000: 5, 200: 4, 5000: 3}"
8392,05/11/2025,9,756.0128663499323,"{100: 23, 500: 14, 5000: 3, 2000: 2, 200: 1}"
0086,06/11/2025,8,755.9878318130723,"{100: 24, 500: 9, 1000: 6, 5000: 3}"
6905,22/10/2025,23,755.950620730743,"{100: 21, 500: 13, 1000: 5, 5000: 4, 200: 4, 2000: 2}"
8467,10/11/2025,4,755.9073468801381,"{100: 19, 500: 15, 200: 5, 1000: 5, 2000: 4, 5000: 4}"
8100,11/10/2025,34,755.9017107936695,"{100: 19, 500: 18, 200: 4, 1000: 4, 2000: 2, 5000: 1}"
7344,29/10/2025,16,755.8380873300822,"{100: 24, 500: 7, 5000: 4, 200: 4, 1000: 2, 2000: 1}"
6699,12/11/2025,2,755.8324268875837,"{100: 20, 500: 15, 5000: 6, 1000: 4, 2000: 3, 200: 2}"
5787,18/10/2025,27,755.7513171941242,"{100: 23, 500: 10, 5000: 3, 1000: 1}"
4549,21/10/2025,24,755.5795004711894,"{100: 22, 500: 11, 5000: 4, 1000: 2}"
3055,05/11/2025,9,755.5253869425308,"{500: 18, 100: 18, 1000: 7, 200: 3, 5000: 1}"
8385,14/11/2025,0,755.4772160229753,"{100: 23, 500: 11, 1000: 3, 5000: 3, 200: 2, 2000: 2}"
4487,10/11/2025,4,755.4666926940793,"{100: 21, 500: 14, 1000: 4, 5000: 4, 200: 2}"
1144,03/11/2025,11,755.4290548552107,"{100: 23, 500: 8, 5000: 5, 200: 4, 1000: 3, 2000: 1}"
8483,04/11/2025,10,755.4078800702026,"{500: 18, 100: 18, 1000: 7, 5000: 2, 2000: 1}"
5292,06/11/2025,8,755.3708088365219,"{100: 24, 500: 10, 200: 3, 1000: 3, 5000: 2}"
5159,04/11/2025,10,755.3238855824408,"{100: 24, 500: 11, 1000: 4, 2000: 1}"
1066,08/11/2025,6,755.3050506071427,"{100: 22, 500: 10, 5000: 4, 200: 3, 1000: 2}"
1523,01/11/2025,13,755.2523320712967,"{100: 25, 500: 8, 1000: 5, 200: 2, 5000: 1}"
8062,11/11/2025,3,755.2278733575008,"{100: 23, 500: 10, 5000: 6, 200: 4, 1000: 2, 2000: 1}"
4934,08/09/2025,67,755.0914001882857,"{100: 23, 500: 9, 5000: 7, 1000: 5, 200: 2, 2000: 1}"
5860,13/11/2025,1,755.0746651408488,"{100: 20, 500: 16, 2000: 4, 1000: 3, 5000: 2, 200: 1}"
8288,07/11/2025,7,755.0334926620607,"{100: 23, 500: 9, 5000: 5, 1000: 1, 200: 1}"
4095,31/10/2025,14,755.020810434963,"{100: 19, 500: 15, 5000: 4, 1000: 3, 200: 2, 2000: 1}"
8469,12/11/2025,2,754.9800836987264,"{100: 24, 500: 8, 5000: 6, 1000: 4, 200: 3, 2000: 3}"
9131,25/10/2025,20,754.9431498949007,"{100: 21, 500: 13, 5000: 5, 2000: 4, 1000: 4, 200: 3}"
2090,25/10/2025,20,754.9093498994804,"{100: 22, 500: 13, 1000: 3, 5000: 2, 200: 2}"
2051,20/10/2025,25,754.9070676217559,"{100: 27, 5000: 5, 500: 4, 1000: 3, 200: 1}"
8748,21/10/2025,24,754.870709007081,"{100: 21, 500: 13, 1000: 6, 5000: 4, 200: 2}"
3767,06/11/2025,8,754.8556839493821,"{100: 24, 500: 8, 1000: 4, 5000: 3, 200: 2}"
4994,11/11/2025,3,754.798954029355,"{100: 23, 500: 12, 5000: 3, 200: 1, 1000: 1}"
6002,03/11/2025,11,754.6637301793738,"{100: 22, 500: 13, 5000: 5, 1000: 2, 2000: 1, 200: 1}"
3897,15/10/2025,30,754.6397916409485,"{100: 21, 500: 15, 5000: 3, 1000: 3, 200: 3, 2000: 1}"
5190,23/10/2025,22,754.6364051740807,"{100: 18, 500: 16, 5000: 5, 1000: 5, 200: 2}"
3124,12/11/2025,2,754.5615498292451,"{100: 20, 500: 16, 5000: 5, 200: 3, 1000: 2, 2000: 1}"
3956,08/11/2025,6,754.5051371522022,"{100: 22, 500: 15, 200: 3, 2000: 2, 5000: 1}"
5225,08/11/2025,6,754.4973941491204,"{100: 19, 500: 17, 1000: 5, 5000: 2, 200: 2}"
8445,04/11/2025,10,754.4853531861543,"{100: 22, 500: 13, 1000: 3, 5000: 3, 200: 2, 2000: 1}"
0978,14/07/2025,123,754.3991033893229,"{100: 26, 500: 11, 5000: 5, 2000: 1, 200: 1}"
8528,10/11/2025,4,754.3910908660553,"{100: 21, 500: 14, 1000: 5, 200: 4, 2000: 1, 5000: 1}"
4214,25/10/2025,20,754.3684039342685,"{100: 24, 500: 10, 1000: 2, 5000: 2, 200: 1}"
7756,30/10/2025,15,754.3665360767453,"{500: 19, 100: 18, 200: 3, 5000: 3, 1000: 3, 2000: 1}"
8877,31/10/2025,14,754.3315291372306,"{100: 19, 500: 17, 200: 3, 5000: 2, 1000: 2, 2000: 1}"
5788,14/11/2025,0,754.2204607669878,"{100: 22, 500: 12, 5000: 3, 1000: 3, 200: 2, 2000: 1}"
6106,11/09/2025,64,754.2173861177139,"{100: 24, 500: 10, 1000: 5, 5000: 5, 2000: 1, 200: 1}"
8854,22/10/2025,23,754.1687739084582,"{100: 23, 500: 10, 5000: 3, 1000: 3, 2000: 2, 200: 1}"
5251,17/10/2025,28,754.1094260325408,"{100: 20, 500: 14, 1000: 7, 200: 4, 5000: 2, 2000: 1}"
3335,11/11/2025,3,754.064547156499,"{100: 24, 500: 10, 5000: 4, 200: 2, 1000: 1}"
8346,07/11/2025,7,753.9297490843926,"{100: 20, 500: 15, 5000: 7, 2000: 4, 200: 4, 1000: 1}"
1623,21/10/2025,24,753.8909258648281,"{100: 23, 500: 10, 5000: 4, 1000: 2, 200: 2, 2000: 1}"
8642,24/09/2025,51,753.869455863369,"{100: 20, 500: 15, 1000: 6, 2000: 3, 200: 2, 5000: 2}"
8796,30/10/2025,15,753.8568692069825,"{100: 23, 500: 10, 1000: 3, 200: 3, 5000: 2, 2000: 2}"
6552,10/11/2025,4,753.7985966330382,"{100: 21, 500: 11, 5000: 6, 1000: 4}"
0393,11/10/2025,34,753.7930753951129,"{100: 20, 500: 14, 1000: 3, 2000: 3, 5000: 2, 200: 1}"
2002,03/11/2025,11,753.771527387848,"{100: 20, 500: 16, 2000: 3, 1000: 3, 5000: 1}"
1427,24/10/2025,21,753.7659939183865,"{100: 21, 500: 12, 5000: 6, 1000: 5, 2000: 2, 200: 2}"
2013,16/10/2025,29,753.763795555916,"{100: 18, 500: 15, 5000: 5, 1000: 3, 200: 3, 2000: 1}"
0250,11/10/2025,34,753.7021383130178,"{100: 23, 500: 8, 1000: 5, 2000: 4, 200: 3, 5000: 2}"
0878,02/11/2025,12,753.6902579262158,"{100: 21, 500: 16, 200: 4, 1000: 2, 2000: 1}"
5822,15/10/2025,30,753.6524383326187,"{100: 24, 500: 12, 5000: 4, 200: 3, 2000: 1}"
8391,10/10/2025,35,753.6475294156563,"{100: 21, 500: 14, 1000: 6, 200: 4, 5000: 2, 2000: 1}"
7634,07/11/2025,7,753.6376720991843,"{500: 21, 100: 16, 1000: 7, 200: 3, 5000: 2, 2000: 1}"
9681,03/11/2025,11,753.6198535577173,"{100: 25, 500: 7, 1000: 4, 5000: 3, 200: 3}"
9713,12/10/2025,33,753.560593598763,"{100: 18, 500: 17, 5000: 6, 1000: 6, 200: 3, 2000: 2}"
1220,12/10/2025,33,753.5410258353802,"{100: 21, 500: 15, 1000: 3, 5000: 1, 2000: 1}"
4965,27/10/2025,18,753.5395708335705,"{100: 20, 500: 12, 1000: 6, 200: 4, 5000: 3, 2000: 2}"
8950,14/11/2025,0,753.5200451465358,"{100: 22, 500: 11, 5000: 5, 200: 5, 2000: 1}"
1153,03/11/2025,11,753.4779030709302,"{100: 25, 500: 7, 1000: 4, 5000: 1, 2000: 1}"
9690,01/11/2025,13,753.4705980370497,"{100: 21, 500: 12, 200: 5, 1000: 4, 5000: 3, 2000: 2}"
2537,23/10/2025,22,753.4633230650592,"{100: 18, 500: 18, 1000: 8, 5000: 4, 200: 2}"
6148,14/10/2025,31,753.4617586822461,"{100: 22, 500: 12, 1000: 4, 5000: 3, 200: 2}"
0398,10/10/2025,35,753.4585646339007,"{100: 23, 1000: 7, 500: 7, 5000: 5, 200: 4, 2000: 1}"
7248,06/10/2025,39,753.4514102215644,"{100: 21, 500: 13, 5000: 6, 1000: 5, 200: 2, 2000: 2}"
3104,03/11/2025,11,753.449189999238,"{100: 19, 500: 17, 5000: 5, 1000: 4, 200: 3, 2000: 1}"
6690,03/11/2025,11,753.4006686629593,"{100: 23, 500: 11, 1000: 3, 2000: 2, 200: 2, 5000: 1}"
2832,07/11/2025,7,753.3614701375127,"{100: 21, 500: 12, 1000: 5, 5000: 5, 200: 2}"
9454,13/11/2025,1,753.3564911904826,"{100: 21, 500: 15, 200: 2, 5000: 1, 1000: 1}"
3883,23/10/2025,22,753.3122224166761,"{100: 22, 500: 12, 1000: 6, 200: 2, 5000: 1}"
6802,13/11/2025,1,753.2508154154418,"{100: 23, 500: 7, 1000: 5, 5000: 4, 200: 4, 2000: 2}"
0821,05/11/2025,9,753.2066631359376,"{100: 21, 500: 14, 1000: 3, 200: 3, 5000: 2, 2000: 1}"
1019,14/11/2025,0,753.1551679109139,"{100: 22, 500: 9, 1000: 6, 200: 4, 5000: 1}"
0987,14/11/2025,0,753.0530816772397,"{100: 22, 500: 12, 1000: 6, 5000: 2, 200: 1}"
9890,05/11/2025,9,753.0417125428781,"{100: 23, 500: 9, 5000: 5, 200: 5, 1000: 3}"
8369,10/11/2025,4,753.031670931567,"{100: 18, 500: 15, 5000: 10, 200: 4, 1000: 3}"
5403,30/10/2025,15,753.0017963155789,"{100: 19, 500: 15, 1000: 4, 5000: 2, 200: 2, 2000: 1}"
3293,25/10/2025,20,752.96988341287,"{500: 20, 100: 18, 1000: 3, 200: 3, 2000: 2}"
3386,04/11/2025,10,752.9667813621309,"{100: 21, 500: 15, 1000: 3, 200: 2, 5000: 2}"
2055,23/10/2025,22,752.9461259222876,"{100: 24, 500: 10, 1000: 5, 200: 2, 2000: 1}"
4606,06/11/2025,8,752.9297062929857,"{100: 22, 500: 11, 200: 4, 1000: 3, 5000: 3, 2000: 1}"
9976,03/11/2025,11,752.9176608869407,"{100: 19, 500: 17, 1000: 5, 5000: 3, 2000: 1, 200: 1}"
9584,26/09/2025,49,752.8980647610742,"{100: 21, 500: 14, 1000: 8, 5000: 2, 2000: 1}"
3459,22/10/2025,23,752.8942492485353,"{100: 20, 500: 14, 5000: 5, 200: 3, 1000: 1}"
9616,05/10/2025,40,752.8251192421278,"{100: 23, 500: 12, 200: 4, 5000: 2, 1000: 1}"
6527,19/08/2025,87,752.6568666731538,"{100: 20, 500: 14, 1000: 6, 5000: 4, 200: 1}"
2978,05/11/2025,9,752.6334112925098,"{100: 24, 500: 9, 1000: 5, 200: 3, 2000: 1}"
9246,03/11/2025,11,752.5643233951934,"{100: 24, 500: 10, 1000: 3, 5000: 2, 2000: 1}"
9825,11/10/2025,34,752.4729270207414,"{500: 18, 100: 17, 1000: 6, 5000: 5, 200: 4, 2000: 1}"
0377,18/09/2025,57,752.4384797363616,"{100: 25, 500: 11, 1000: 3, 2000: 1, 200: 1}"
0603,11/10/2025,34,752.3986124107606,"{100: 26, 500: 7, 1000: 3, 200: 2, 5000: 2}"
0855,12/10/2025,33,752.0250913307736,"{100: 20, 500: 14, 1000: 5, 5000: 3, 200: 3, 2000: 2}"
7128,09/10/2025,36,752.0227762715683,"{100: 21, 500: 11, 1000: 5, 5000: 3, 200: 2, 2000: 1}"
9018,11/11/2025,3,751.9959031894542,"{100: 21, 500: 11, 1000: 10, 2000: 1, 200: 1, 5000: 1}"
3186,07/11/2025,7,751.9675306264598,"{500: 19, 100: 18, 1000: 3, 5000: 2, 200: 2, 2000: 1}"
1360,08/09/2025,67,751.929644570851,"{100: 25, 500: 9, 1000: 4, 200: 3, 5000: 1}"
1090,09/11/2025,5,751.91059099306,"{100: 21, 500: 13, 1000: 3, 5000: 3, 2000: 2, 200: 2}"
0064,06/11/2025,8,751.8992046504391,"{100: 20, 500: 17, 1000: 4, 200: 3, 2000: 2}"
6560,10/11/2025,4,751.8423087927281,"{100: 22, 500: 9, 1000: 9, 5000: 5, 200: 4, 2000: 2}"
9868,25/10/2025,20,751.8242882659306,"{100: 19, 500: 17, 1000: 5, 5000: 5, 200: 1}"
5612,30/10/2025,15,751.8207474112176,"{100: 23, 500: 13, 1000: 3, 200: 1, 5000: 1}"
4493,20/10/2025,25,751.7852589385983,"{100: 23, 500: 9, 5000: 5, 200: 4, 1000: 3}"
3984,06/11/2025,8,751.763271743612,"{100: 18, 500: 16, 5000: 5, 1000: 4, 200: 2}"
2096,03/11/2025,11,751.7003329125874,"{100: 21, 500: 15, 200: 6, 2000: 3, 1000: 2, 5000: 2}"
6566,11/11/2025,3,751.684383636947,"{100: 20, 500: 16, 5000: 5, 1000: 4, 200: 3, 2000: 2}"
2660,23/10/2025,22,751.6591075477545,"{100: 20, 500: 14, 5000: 6, 1000: 2, 200: 2}"
3464,02/11/2025,12,751.5585868819128,"{100: 22, 500: 10, 5000: 7, 1000: 1, 2000: 1}"
7329,12/11/2025,2,751.5325424137956,"{500: 19, 100: 17, 1000: 5, 200: 2, 5000: 2, 2000: 1}"
0141,01/11/2025,13,751.4222645814752,"{100: 22, 500: 11, 200: 5, 1000: 5, 5000: 3, 2000: 1}"
1819,06/11/2025,8,751.3959856780363,"{100: 19, 500: 18, 1000: 3, 5000: 2, 200: 2, 2000: 1}"
8981,31/10/2025,14,751.3012927315846,"{100: 21, 500: 13, 5000: 3, 1000: 3, 2000: 2, 200: 1}"
6113,07/11/2025,7,751.1463377623186,"{100: 20, 500: 16, 5000: 3, 1000: 2}"
2409,10/10/2025,35,751.0075200450736,"{100: 23, 500: 12, 1000: 4, 5000: 2, 2000: 1, 200: 1}"
7355,10/11/2025,4,750.9832308999254,"{100: 20, 500: 15, 1000: 4, 5000: 2, 200: 2, 2000: 1}"
6397,04/09/2025,71,750.9400829759072,"{100: 24, 1000: 9, 500: 8, 5000: 3, 2000: 2, 200: 2}"
4816,23/10/2025,22,750.9257520730412,"{100: 20, 500: 15, 1000: 5, 5000: 3, 2000: 1, 200: 1}"
5181,13/10/2025,32,750.9087619146353,"{100: 22, 500: 10, 200: 8, 1000: 7, 2000: 4, 5000: 3}"
6724,22/10/2025,23,750.8902369343638,"{100: 23, 500: 11, 200: 3, 2000: 3, 5000: 3, 1000: 1}"
1528,13/11/2025,1,750.8896765210159,"{100: 20, 500: 15, 1000: 6, 5000: 3, 2000: 1}"
6255,26/10/2025,19,750.8804227952928,"{100: 24, 500: 9, 1000: 6, 5000: 2, 2000: 1}"
2389,16/10/2025,29,750.864959978081,"{500: 18, 100: 17, 1000: 7, 200: 6, 5000: 4}"
4139,14/10/2025,31,750.8612978512544,"{100: 20, 500: 16, 5000: 4, 200: 4, 1000: 3, 2000: 1}"
7896,17/10/2025,28,750.8528198689186,"{100: 23, 500: 10, 5000: 9, 1000: 4}"
9030,17/10/2025,28,750.8409385683159,"{100: 21, 500: 14, 1000: 5, 5000: 4, 2000: 2, 200: 2}"
4485,25/10/2025,20,750.6840434440043,"{100: 23, 500: 11, 200: 4, 5000: 2, 1000: 2, 2000: 1}"
1860,24/10/2025,21,750.50374935536,"{100: 20, 500: 13, 5000: 4, 1000: 3, 200: 2, 2000: 1}"
4326,31/10/2025,14,750.4912738516537,"{100: 21, 500: 13, 1000: 5, 200: 4, 5000: 1}"
5211,08/10/2025,37,750.4861124113316,"{100: 25, 500: 8, 5000: 5, 200: 2, 1000: 1}"
7745,31/10/2025,14,750.442101904392,"{100: 20, 500: 16, 5000: 5, 1000: 2, 200: 2, 2000: 1}"
4605,14/10/2025,31,750.4393225317691,"{100: 24, 500: 10, 1000: 4, 200: 2, 2000: 1, 5000: 1}"
4833,04/11/2025,10,750.3875402466665,"{100: 21, 500: 12, 5000: 8, 1000: 5, 2000: 1}"
5344,03/10/2025,42,750.3196568178045,"{100: 23, 500: 10, 1000: 4, 5000: 3, 200: 2}"
0106,10/11/2025,4,750.2490632096026,"{100: 19, 500: 14, 1000: 5, 5000: 4, 200: 2, 2000: 1}"
4595,24/10/2025,21,750.2481330189532,"{100: 21, 500: 13, 200: 6, 1000: 4, 5000: 2}"
0054,11/11/2025,3,750.1816202964213,"{100: 25, 500: 5, 1000: 4, 200: 4, 2000: 4, 5000: 3}"
6944,28/09/2025,47,750.1746421486873,"{100: 18, 500: 17, 200: 6, 1000: 4, 5000: 3}"
6758,01/11/2025,13,750.1696010513634,"{100: 21, 500: 14, 5000: 4, 1000: 4, 200: 1}"
5615,24/10/2025,21,750.1626092298992,"{100: 23, 500: 10, 1000: 8, 200: 5, 2000: 2}"
3906,17/10/2025,28,750.1504172413477,"{100: 21, 500: 16, 5000: 1, 2000: 1, 200: 1, 1000: 1}"
6634,27/10/2025,18,750.1387560908516,"{100: 23, 500: 9, 1000: 7, 5000: 1, 2000: 1, 200: 1}"
3030,14/11/2025,0,750.1094523260623,"{100: 23, 500: 10, 1000: 5, 5000: 4, 200: 2}"
4869,23/09/2025,52,750.0804605911011,"{500: 19, 100: 18, 1000: 5, 200: 3, 2000: 2, 5000: 1}"
8888,03/11/2025,11,750.0301634174172,"{100: 24, 500: 6, 1000: 6, 5000: 4, 200: 3}"
4742,09/11/2025,5,750.005500656555,"{100: 23, 500: 9, 5000: 6, 1000: 4, 200: 3, 2000: 2}"
9650,31/10/2025,14,750.0045497460752,"{100: 19, 500: 18, 5000: 3, 1000: 3, 2000: 2, 200: 2}"
2717,05/10/2025,40,750.0034050869575,"{100: 19, 500: 17, 1000: 6, 5000: 5, 200: 1}"
3167,05/11/2025,9,749.9430959916317,"{100: 24, 500: 9, 1000: 4, 200: 4, 5000: 3}"
6808,27/10/2025,18,749.9218668383417,"{100: 25, 500: 8, 1000: 5, 200: 4}"
4015,18/10/2025,27,749.8989797755999,"{100: 21, 500: 13, 1000: 7, 5000: 2, 200: 2}"
8903,07/11/2025,7,749.8397277013319,"{100: 21, 500: 11, 1000: 5, 5000: 2, 200: 2, 2000: 1}"
4709,08/10/2025,37,749.838962000538,"{100: 24, 1000: 9, 500: 8, 200: 2, 2000: 2, 5000: 2}"
2288,13/11/2025,1,749.7806618935367,"{100: 22, 500: 14, 5000: 4, 200: 2, 1000: 1}"
5982,12/11/2025,2,749.7608894165606,"{100: 22, 500: 13, 1000: 3, 5000: 2, 200: 1}"
1743,02/11/2025,12,749.7393330473186,"{100: 24, 500: 11, 1000: 3, 200: 1}"
1661,26/10/2025,19,749.674937371331,"{100: 24, 500: 10, 5000: 2, 1000: 1, 200: 1}"
1615,24/10/2025,21,749.6414435766628,"{100: 23, 1000: 8, 500: 7, 5000: 3, 2000: 1}"
4822,12/10/2025,33,749.6354475553903,"{100: 24, 500: 9, 5000: 6, 1000: 3, 200: 2, 2000: 1}"
2700,29/10/2025,16,749.6219750361635,"{100: 23, 500: 11, 1000: 4, 5000: 2, 2000: 2, 200: 1}"
1696,30/10/2025,15,749.6192753452117,"{100: 20, 500: 13, 1000: 4, 200: 3, 5000: 1}"
0219,08/11/2025,6,749.6026791463806,"{100: 20, 500: 16, 5000: 5, 200: 2, 2000: 1, 1000: 1}"
5955,24/09/2025,51,749.5931815331006,"{100: 23, 500: 11, 2000: 3, 1000: 2, 200: 2, 5000: 1}"
0968,04/09/2025,71,749.5910418084784,"{100: 23, 500: 12, 1000: 4, 5000: 3, 200: 1}"
4603,31/08/2025,75,749.5707233142747,"{100: 23, 500: 9, 1000: 5, 5000: 1}"
1056,24/10/2025,21,749.5332696151098,"{100: 20, 500: 15, 200: 5, 1000: 3, 5000: 1}"
9937,07/11/2025,7,749.5045367216671,"{100: 24, 500: 9, 1000: 3, 2000: 3, 5000: 3, 200: 1}"
9888,11/09/2025,64,749.4952422312485,"{100: 25, 500: 8, 1000: 5, 5000: 4, 200: 2}"
9801,28/10/2025,17,749.447673702912,"{100: 25, 500: 8, 2000: 3, 200: 3, 1000: 2, 5000: 1}"
2649,26/10/2025,19,749.3895984536158,"{100: 20, 500: 17, 200: 2, 1000: 2, 5000: 1}"
5427,21/10/2025,24,749.290999038697,"{100: 23, 500: 10, 1000: 6, 5000: 4, 200: 3, 2000: 1}"
4362,05/10/2025,40,749.2833028413914,"{100: 24, 500: 10, 200: 5, 5000: 2, 1000: 1}"
9113,08/10/2025,37,749.2515732725814,"{100: 25, 500: 9, 5000: 3, 2000: 1, 1000: 1, 200: 1}"
7241,09/10/2025,36,749.236060687895,"{100: 21, 500: 14, 1000: 5, 200: 4, 5000: 3}"
4577,05/11/2025,9,749.1746738309828,"{500: 19, 100: 18, 5000: 4, 2000: 1, 1000: 1, 200: 1}"
6438,01/09/2025,74,749.1586226638228,"{100: 22, 500: 12, 1000: 7, 5000: 4, 200: 4}"
5964,19/08/2025,87,749.1012540764384,"{100: 27, 500: 6, 1000: 4, 5000: 2, 200: 1}"
8196,13/10/2025,32,749.045331448503,"{100: 21, 500: 11, 5000: 8, 1000: 6, 200: 4, 2000: 1}"
8509,20/08/2025,86,749.012265665183,"{100: 23, 500: 12, 200: 5, 1000: 3, 5000: 2}"
3129,20/09/2025,55,748.9694782389681,"{500: 25, 100: 14, 2000: 4, 1000: 3, 5000: 3, 200: 2}"
2530,30/10/2025,15,748.9364681715033,"{100: 26, 500: 4, 200: 4, 2000: 3, 1000: 3, 5000: 3}"
3912,12/10/2025,33,748.8427685307835,"{100: 23, 500: 12, 5000: 2, 1000: 2, 2000: 1, 200: 1}"
9167,03/11/2025,11,748.8201555047503,"{100: 19, 500: 16, 200: 4, 1000: 4, 5000: 3}"
0692,10/11/2025,4,748.8154178558204,"{500: 22, 100: 15, 5000: 7, 1000: 4, 200: 2}"
2528,27/10/2025,18,748.767196933882,"{100: 19, 500: 16, 5000: 5, 1000: 4, 2000: 2, 200: 2}"
8012,12/07/2025,125,748.7079808850872,"{100: 20, 500: 15, 1000: 7, 5000: 6, 200: 3}"
2965,11/10/2025,34,748.6248610713681,"{100: 21, 500: 13, 1000: 5, 200: 4, 5000: 2}"
3549,15/10/2025,30,748.5810871977787,"{100: 19, 500: 16, 1000: 5, 200: 5, 5000: 4, 2000: 2}"
6610,07/10/2025,38,748.5604215545064,"{100: 21, 500: 14, 5000: 3, 1000: 2, 2000: 1}"
4683,13/10/2025,32,748.5228976021253,"{100: 23, 500: 11, 5000: 5, 1000: 3, 200: 3}"
3018,08/11/2025,6,748.4570735704876,"{100: 21, 500: 12, 1000: 7, 5000: 5, 200: 3, 2000: 2}"
6795,28/10/2025,17,748.3508436239496,"{100: 23, 500: 11, 1000: 6, 200: 1, 5000: 1}"
5991,11/11/2025,3,748.3181647985382,"{100: 20, 500: 15, 1000: 3, 5000: 3, 2000: 2, 200: 2}"
1660,10/10/2025,35,748.2566557143318,"{100: 22, 500: 12, 1000: 7, 200: 2, 5000: 2, 2000: 1}"
3152,14/11/2025,0,748.2102658647824,"{100: 22, 500: 11, 1000: 4, 5000: 3, 200: 1}"
1672,26/10/2025,19,748.201579409679,"{100: 24, 500: 9, 1000: 4, 5000: 3, 200: 2, 2000: 1}"
5856,09/11/2025,5,748.1937198697046,"{100: 20, 500: 11, 1000: 7, 5000: 5, 2000: 3, 200: 2}"
1341,16/09/2025,59,748.1796905854649,"{100: 24, 500: 11, 1000: 2, 5000: 2, 2000: 1}"
2184,30/10/2025,15,748.1245713735879,"{500: 21, 100: 16, 1000: 5, 200: 3, 5000: 3, 2000: 1}"
3938,08/10/2025,37,748.1205294531526,"{100: 20, 500: 12, 1000: 12, 5000: 5, 200: 3, 2000: 1}"
0284,06/10/2025,39,748.1129889479743,"{100: 19, 500: 17, 1000: 5, 200: 4, 5000: 2, 2000: 1}"
2597,27/08/2025,79,748.07080184429,"{100: 24, 500: 9, 5000: 4, 1000: 2}"
3548,10/11/2025,4,748.0507382385863,"{100: 26, 1000: 6, 500: 5, 200: 2, 5000: 2, 2000: 1}"
9958,22/08/2025,84,748.0481597644335,"{100: 24, 500: 11, 1000: 8, 200: 3, 2000: 1}"
3295,11/11/2025,3,747.9829063803647,"{100: 18, 500: 16, 5000: 5, 1000: 5, 2000: 1}"
8373,13/10/2025,32,747.8728286096667,"{100: 22, 500: 13, 5000: 3, 1000: 3, 2000: 2, 200: 1}"
8970,21/08/2025,85,747.8123281091538,"{500: 19, 100: 19, 1000: 7, 200: 3}"
1887,29/10/2025,16,747.8047431809648,"{100: 19, 500: 16, 1000: 4, 200: 3, 5000: 2, 2000: 2}"
9197,10/11/2025,4,747.7762782802993,"{100: 23, 500: 10, 1000: 5, 200: 3, 5000: 3}"
4465,05/11/2025,9,747.7378658059332,"{100: 22, 500: 10, 5000: 5, 1000: 4, 2000: 3, 200: 1}"
4422,28/10/2025,17,747.6652880380816,"{100: 21, 500: 11, 5000: 5, 200: 5, 1000: 3, 2000: 3}"
1392,30/08/2025,76,747.6641137695729,"{100: 24, 500: 10, 200: 4, 1000: 3, 5000: 3}"
8665,26/10/2025,19,747.6280863847928,"{100: 22, 500: 12, 5000: 4, 1000: 1, 200: 1}"
2616,13/11/2025,1,747.6192475341037,"{100: 19, 500: 16, 1000: 8, 5000: 2, 200: 2}"
2129,16/08/2025,90,747.6112436590475,"{100: 23, 500: 13, 1000: 3, 200: 2, 5000: 1}"
4633,27/10/2025,18,747.5887713450692,"{100: 22, 500: 14, 200: 5, 1000: 2, 2000: 1}"
8553,26/10/2025,19,747.5444775937345,"{100: 21, 500: 13, 1000: 7, 2000: 3, 5000: 2, 200: 1}"
4821,06/11/2025,8,747.5181191356066,"{100: 21, 500: 13, 1000: 6, 200: 3, 5000: 1}"
1212,06/11/2025,8,747.4279298994121,"{100: 19, 500: 17, 2000: 6, 5000: 3, 200: 3, 1000: 2}"
5232,24/10/2025,21,747.3857822945967,"{100: 22, 500: 10, 1000: 5, 200: 5, 5000: 3, 2000: 1}"
2825,31/10/2025,14,747.3549015133057,"{100: 19, 500: 14, 1000: 8, 200: 6, 5000: 4, 2000: 3}"
2990,07/09/2025,68,747.3262864310852,"{100: 24, 500: 9, 5000: 5, 1000: 5, 200: 4, 2000: 1}"
2992,04/11/2025,10,747.312709758175,"{100: 23, 500: 10, 1000: 5, 200: 3, 2000: 2, 5000: 2}"
4454,09/11/2025,5,747.3072737190951,"{500: 18, 100: 18, 2000: 2, 1000: 2, 5000: 2, 200: 1}"
0109,14/10/2025,31,747.2874899656559,"{100: 19, 500: 15, 1000: 6, 200: 3, 2000: 2, 5000: 2}"
9079,03/10/2025,42,747.272455149104,"{100: 22, 500: 11, 1000: 7, 5000: 5, 200: 3, 2000: 1}"
2441,11/11/2025,3,747.2518015882241,"{500: 20, 100: 18, 200: 6, 1000: 4, 2000: 1}"
6455,06/11/2025,8,747.2204634752959,"{100: 20, 500: 12, 5000: 6, 1000: 4, 200: 2}"
8941,25/10/2025,20,747.1193515779049,"{100: 25, 500: 8, 1000: 2, 2000: 1, 5000: 1, 200: 1}"
1439,08/11/2025,6,747.0264125721538,"{100: 22, 500: 10, 5000: 6, 200: 5, 1000: 2, 2000: 1}"
3892,27/10/2025,18,747.0224295278506,"{100: 24, 500: 10, 1000: 5, 5000: 3}"
8998,06/11/2025,8,747.0149015839687,"{100: 19, 500: 17, 200: 3, 2000: 3, 1000: 3, 5000: 1}"
4930,23/10/2025,22,747.0125671536947,"{100: 23, 500: 9, 5000: 4, 1000: 1, 200: 1}"
5346,20/10/2025,25,746.9954820970494,"{100: 24, 500: 10, 200: 4, 1000: 2, 5000: 2}"
5566,02/09/2025,73,746.9799628455627,"{100: 24, 500: 10, 1000: 4, 200: 3, 5000: 3}"
3854,12/11/2025,2,746.9626032309682,"{100: 24, 500: 7, 1000: 5, 5000: 3, 200: 2, 2000: 1}"
5200,15/10/2025,30,746.9403662520496,"{100: 18, 500: 17, 1000: 5, 200: 5, 5000: 2, 2000: 1}"
3402,04/11/2025,10,746.9390514737757,"{100: 18, 500: 17, 1000: 6, 200: 3, 5000: 3}"
9896,29/10/2025,16,746.8113584787283,"{100: 22, 500: 11, 5000: 4, 1000: 3, 2000: 2, 200: 1}"
2780,04/11/2025,10,746.8077419796689,"{100: 23, 500: 11, 1000: 4, 200: 2, 2000: 1, 5000: 1}"
8110,14/11/2025,0,746.8029841696329,"{100: 19, 500: 17, 5000: 4, 2000: 2, 1000: 1, 200: 1}"
9985,23/10/2025,22,746.7808436866632,"{100: 19, 500: 16, 1000: 5, 200: 5, 5000: 1}"
8697,09/11/2025,5,746.7731568739947,"{100: 21, 500: 14, 1000: 5, 200: 2, 5000: 1}"
6960,20/10/2025,25,746.6921830871585,"{100: 19, 500: 17, 1000: 4, 200: 2, 5000: 2, 2000: 1}"
2087,06/10/2025,39,746.6563706992447,"{100: 20, 500: 16, 5000: 5, 1000: 3, 200: 2}"
3332,14/11/2025,0,746.6469298561236,"{100: 22, 500: 12, 200: 5, 5000: 3, 2000: 1}"
0837,12/11/2025,2,746.6388690329272,"{100: 21, 500: 13, 1000: 5, 5000: 3, 200: 3, 2000: 2}"
5858,20/10/2025,25,746.5811163241416,"{500: 18, 100: 18, 1000: 5, 200: 3, 2000: 2, 5000: 2}"
5887,29/09/2025,46,746.5149400808679,"{100: 20, 500: 13, 1000: 6, 5000: 3}"
4009,11/11/2025,3,746.4819082614936,"{100: 19, 500: 16, 1000: 6, 5000: 4, 200: 3, 2000: 1}"
0832,25/10/2025,20,746.4735909515891,"{100: 26, 500: 6, 1000: 3, 5000: 3, 2000: 2, 200: 1}"
9450,24/09/2025,51,746.4722458742318,"{100: 23, 500: 9, 1000: 7, 5000: 3, 2000: 2}"
3991,18/10/2025,27,746.4098517677608,"{100: 23, 500: 11, 5000: 3, 1000: 2, 2000: 1}"
3462,21/10/2025,24,746.3505446330665,"{500: 18, 100: 18, 1000: 6, 5000: 2, 200: 1}"
8546,16/10/2025,29,746.3116896480534,"{100: 21, 500: 15, 1000: 4, 2000: 1, 200: 1}"
6835,02/11/2025,12,746.3087194331794,"{100: 23, 500: 9, 5000: 5, 1000: 4, 200: 3}"
3791,31/07/2025,106,746.302461501973,"{100: 20, 500: 17, 1000: 5, 200: 4, 5000: 2}"
4546,09/10/2025,36,746.2969629876098,"{100: 21, 500: 14, 5000: 5, 1000: 4, 200: 1}"
7770,04/11/2025,10,746.2840819926232,"{100: 24, 500: 8, 1000: 7, 5000: 2, 200: 2}"
4837,23/10/2025,22,746.2321841162022,"{100: 19, 500: 16, 1000: 8, 200: 3, 5000: 2, 2000: 1}"
8798,14/11/2025,0,746.2099526905012,"{100: 21, 500: 13, 5000: 7, 200: 3, 2000: 2, 1000: 1}"
9880,08/11/2025,6,746.1872699323155,"{100: 25, 500: 7, 5000: 6, 2000: 2, 1000: 2, 200: 1}"
8724,15/10/2025,30,746.1420862701392,"{100: 23, 500: 10, 1000: 4, 200: 3, 5000: 2, 2000: 2}"
7915,24/09/2025,51,746.1402086403302,"{100: 22, 500: 11, 1000: 8, 5000: 4, 200: 3, 2000: 2}"
7720,06/11/2025,8,746.1289510567035,"{100: 23, 500: 12, 1000: 4, 2000: 1}"
9586,26/08/2025,80,746.0178636168573,"{100: 21, 500: 15, 200: 2, 5000: 2, 1000: 1, 2000: 1}"
7035,30/10/2025,15,746.0031583253465,"{100: 21, 500: 14, 200: 3, 1000: 2, 5000: 2, 2000: 1}"
5205,13/10/2025,32,745.9921508898465,"{100: 23, 500: 14, 200: 3, 2000: 2}"
7562,26/10/2025,19,745.9694431789466,"{100: 24, 500: 8, 1000: 5, 2000: 3, 5000: 2, 200: 2}"
6315,06/11/2025,8,745.9441398026787,"{100: 21, 500: 12, 2000: 3, 5000: 2, 200: 2, 1000: 1}"
0559,13/10/2025,32,745.9171967581991,"{500: 19, 100: 17, 5000: 4, 1000: 3, 200: 2, 2000: 1}"
6625,26/10/2025,19,745.8724929766383,"{100: 22, 500: 15, 5000: 2, 200: 1, 2000: 1}"
9041,08/11/2025,6,745.8532136199931,"{100: 21, 500: 12, 1000: 4, 200: 4, 5000: 3, 2000: 3}"
1610,01/11/2025,13,745.850668740469,"{100: 20, 500: 18, 5000: 3, 200: 2}"
5130,12/11/2025,2,745.8346622591636,"{500: 18, 100: 17, 1000: 7, 5000: 3, 200: 2}"
5660,19/09/2025,56,745.742359341344,"{100: 23, 500: 11, 1000: 5, 200: 1, 5000: 1}"
0787,11/11/2025,3,745.7229354052151,"{100: 21, 500: 11, 1000: 6, 5000: 3, 200: 2}"
6474,26/10/2025,19,745.5224244484236,"{100: 22, 500: 10, 1000: 7, 5000: 4, 200: 4}"
7956,31/10/2025,14,745.4684181369615,"{100: 20, 500: 15, 1000: 5, 200: 4, 2000: 1, 5000: 1}"
6181,04/11/2025,10,745.4225819489719,"{100: 21, 500: 15, 1000: 4, 2000: 3, 200: 2, 5000: 1}"
0905,23/10/2025,22,745.3598911512317,"{100: 22, 500: 8, 5000: 5, 1000: 5, 2000: 4, 200: 4}"
9286,14/10/2025,31,745.3294705649565,"{500: 24, 100: 16, 1000: 6}"
2326,06/10/2025,39,745.2716466818111,"{100: 21, 500: 14, 1000: 6, 5000: 2, 2000: 1}"
4514,11/09/2025,64,745.2218298442265,"{100: 19, 500: 18, 1000: 4, 2000: 4, 200: 2, 5000: 2}"
3342,09/10/2025,36,745.2050813144223,"{100: 22, 500: 10, 200: 4, 5000: 3, 1000: 1}"
3983,04/11/2025,10,745.2033551154852,"{100: 19, 500: 16, 1000: 7, 5000: 3, 200: 2}"
4313,24/10/2025,21,745.1935177294399,"{100: 20, 500: 15, 1000: 5, 5000: 2, 2000: 1}"
1628,19/09/2025,56,745.1099668034292,"{100: 25, 500: 7, 1000: 4, 200: 2, 5000: 2, 2000: 1}"
8197,03/11/2025,11,745.0764384131187,"{100: 20, 500: 14, 1000: 7, 200: 4, 2000: 3, 5000: 3}"
9397,05/11/2025,9,745.071323107807,"{100: 21, 500: 14, 1000: 3, 5000: 3, 200: 2, 2000: 1}"
4236,03/11/2025,11,745.0387421131742,"{100: 22, 500: 14, 5000: 4, 200: 3, 2000: 2}"
1273,04/10/2025,41,745.0317863528292,"{100: 19, 500: 16, 1000: 6, 5000: 4, 200: 4}"
0394,07/10/2025,38,745.0212563688804,"{100: 19, 500: 14, 5000: 5, 1000: 4, 2000: 3, 200: 2}"
8581,14/10/2025,31,745.0009864786562,"{100: 24, 500: 9, 5000: 4, 1000: 4, 200: 2}"
9010,12/11/2025,2,744.8947104695659,"{100: 20, 500: 13, 200: 6, 1000: 5, 5000: 1, 2000: 1}"
9263,06/11/2025,8,744.8925084616544,"{100: 23, 500: 10, 2000: 2, 1000: 2, 200: 1, 5000: 1}"
2175,22/10/2025,23,744.8198166164292,"{100: 22, 500: 11, 1000: 7, 5000: 3, 200: 3, 2000: 2}"
0389,12/11/2025,2,744.812148147266,"{100: 22, 500: 11, 1000: 8, 5000: 2}"
3701,14/10/2025,31,744.8067496902876,"{100: 20, 500: 16, 200: 4, 1000: 4, 5000: 2, 2000: 1}"
7504,10/10/2025,35,744.7940614289907,"{100: 20, 500: 14, 1000: 8, 5000: 4, 2000: 3, 200: 3}"
2009,18/08/2025,88,744.771347353449,"{100: 25, 500: 9, 1000: 5, 5000: 5, 200: 1}"
3709,07/11/2025,7,744.7573703109449,"{100: 20, 500: 14, 5000: 4, 1000: 3, 200: 3}"
4937,22/10/2025,23,744.7563335399863,"{500: 21, 100: 16, 5000: 6, 1000: 4, 200: 2}"
1032,18/10/2025,27,744.6617717905665,"{100: 25, 500: 11, 5000: 3, 200: 1}"
6414,26/10/2025,19,744.6613422527306,"{100: 19, 500: 16, 1000: 6, 5000: 2, 2000: 1, 200: 1}"
4217,14/11/2025,0,744.6041265826522,"{100: 22, 500: 8, 5000: 6, 1000: 6}"
8663,08/07/2025,129,744.573495233939,"{100: 25, 500: 10, 1000: 3, 5000: 2, 200: 2, 2000: 1}"
1975,09/11/2025,5,744.5674333511788,"{100: 24, 500: 11, 2000: 3, 1000: 2, 200: 1}"
3733,07/09/2025,68,744.559968082195,"{100: 23, 500: 9, 1000: 8, 5000: 3, 2000: 1}"
0517,06/07/2025,131,744.5052007633938,"{100: 23, 500: 14, 5000: 3, 1000: 1, 200: 1}"
0310,24/10/2025,21,744.4873028751985,"{100: 22, 500: 11, 5000: 6, 1000: 5, 200: 3, 2000: 1}"
6440,03/07/2025,134,744.4264451281251,"{100: 22, 500: 13, 1000: 8, 5000: 4, 200: 1, 2000: 1}"
8623,29/10/2025,16,744.403047552158,"{100: 21, 500: 13, 1000: 6, 200: 3, 5000: 1}"
8233,08/11/2025,6,744.3186849153092,"{100: 19, 500: 15, 1000: 6, 5000: 3, 200: 2}"
5280,10/11/2025,4,744.3065310170383,"{100: 23, 500: 10, 1000: 4, 5000: 2, 200: 2, 2000: 1}"
7393,07/11/2025,7,744.2586531408824,"{100: 21, 500: 12, 1000: 6, 200: 4, 2000: 2, 5000: 1}"
9434,12/10/2025,33,744.2553643245411,"{100: 24, 500: 9, 1000: 5, 5000: 3, 2000: 1}"
2211,21/10/2025,24,744.2469447093484,"{100: 22, 500: 13, 1000: 3, 5000: 2, 200: 2}"
4949,04/11/2025,10,744.1977654071029,"{100: 22, 500: 12, 1000: 5, 5000: 2, 200: 2}"
8434,08/11/2025,6,744.1917692299945,"{100: 20, 500: 14, 1000: 4, 200: 3, 5000: 2, 2000: 1}"
3504,27/10/2025,18,744.1898488847337,"{100: 22, 500: 11, 200: 7, 5000: 3, 1000: 3, 2000: 2}"
4913,23/10/2025,22,744.1665621941845,"{100: 22, 500: 13, 2000: 3, 5000: 3, 200: 2, 1000: 1}"
4985,11/11/2025,3,744.0929632623569,"{100: 19, 500: 15, 1000: 6, 200: 4, 5000: 2, 2000: 1}"
3325,13/09/2025,62,744.068812347997,"{100: 25, 500: 8, 5000: 4, 200: 3, 1000: 3, 2000: 2}"
5814,17/08/2025,89,744.0326337704505,"{100: 21, 500: 13, 1000: 7, 2000: 4, 5000: 4, 200: 1}"
1559,27/10/2025,18,744.0168614378636,"{100: 22, 500: 8, 200: 5, 1000: 4, 5000: 4, 2000: 1}"
0345,12/11/2025,2,743.9483550813466,"{100: 21, 500: 10, 1000: 5, 5000: 3, 200: 1}"
6608,02/11/2025,12,743.900404328721,"{100: 23, 500: 10, 1000: 5, 5000: 1, 200: 1}"
7893,06/11/2025,8,743.8871428397731,"{100: 19, 500: 14, 1000: 9, 5000: 4, 200: 4, 2000: 3}"
4373,08/10/2025,37,743.6656818273657,"{100: 22, 500: 13, 5000: 3, 200: 2, 1000: 1}"
5911,13/11/2025,1,743.6478182969255,"{100: 19, 500: 17, 5000: 4, 1000: 3, 200: 1}"
1881,13/10/2025,32,743.6332026233683,"{100: 20, 500: 13, 1000: 4, 5000: 3, 200: 1, 2000: 1}"
3375,07/10/2025,38,743.6045171905696,"{100: 21, 500: 14, 1000: 3, 2000: 2, 5000: 2, 200: 1}"
6013,03/09/2025,72,743.5469832770649,"{100: 22, 500: 14, 5000: 4, 2000: 2, 1000: 1}"
9081,21/10/2025,24,743.5096529135446,"{100: 21, 500: 14, 200: 4, 1000: 2, 5000: 2, 2000: 1}"
0021,13/11/2025,1,743.5092029389997,"{100: 21, 500: 11, 5000: 4, 1000: 3, 200: 1}"
1599,06/11/2025,8,743.4782998843957,"{100: 21, 500: 12, 2000: 4, 5000: 3, 1000: 3, 200: 2}"
3719,14/10/2025,31,743.4446618383186,"{100: 24, 500: 10, 200: 3, 1000: 2, 5000: 2}"
9347,12/11/2025,2,743.4223527883796,"{100: 19, 500: 16, 1000: 4, 5000: 3, 2000: 2, 200: 1}"
3081,04/10/2025,41,743.397174578257,"{100: 20, 500: 14, 200: 3, 2000: 3, 1000: 2, 5000: 1}"
0977,19/09/2025,56,743.3517881382467,"{100: 25, 500: 9, 2000: 2, 5000: 2, 200: 1, 1000: 1}"
2018,30/10/2025,15,743.3332711223344,"{100: 20, 500: 14, 1000: 4, 2000: 2, 5000: 2, 200: 1}"
7473,23/08/2025,83,743.2905906635756,"{100: 24, 500: 12, 1000: 5, 200: 1}"
3931,26/09/2025,49,743.2717354715644,"{100: 21, 500: 16, 1000: 3, 5000: 3}"
8387,16/10/2025,29,743.2632337845367,"{100: 22, 500: 11, 200: 2, 1000: 2, 2000: 1, 5000: 1}"
9218,20/08/2025,86,743.2011462998227,"{500: 19, 100: 19, 200: 2, 5000: 2, 1000: 1, 2000: 1}"
5807,06/11/2025,8,743.1513821447851,"{100: 20, 500: 15, 1000: 3, 200: 2, 5000: 2, 2000: 1}"
6139,07/11/2025,7,743.1310411888535,"{100: 19, 500: 16, 1000: 3, 2000: 3, 5000: 2, 200: 2}"
4823,01/11/2025,13,743.1233484558371,"{100: 21, 500: 13, 5000: 5, 200: 4, 1000: 2}"
1873,24/10/2025,21,743.085691085429,"{100: 21, 500: 11, 200: 8, 5000: 4, 2000: 1, 1000: 1}"
9991,07/11/2025,7,743.0125530248737,"{100: 19, 1000: 11, 500: 11, 5000: 3, 200: 3, 2000: 2}"
2971,08/10/2025,37,742.9989920001846,"{100: 20, 500: 15, 1000: 5, 5000: 4, 200: 3, 2000: 1}"
0456,17/09/2025,58,742.9756399562851,"{500: 18, 100: 18, 5000: 7, 1000: 4, 200: 2}"
3980,02/11/2025,12,742.9520878439398,"{100: 21, 500: 10, 200: 6, 2000: 5, 5000: 4, 1000: 3}"
9227,24/10/2025,21,742.8847846534146,"{100: 20, 500: 15, 1000: 4, 5000: 3, 200: 3}"
3858,03/11/2025,11,742.8766331994811,"{100: 20, 500: 14, 1000: 5, 5000: 2, 200: 1}"
2104,10/11/2025,4,742.8612949073053,"{100: 18, 500: 16, 1000: 8, 5000: 5, 200: 3, 2000: 1}"
4725,07/11/2025,7,742.7132330354549,"{100: 24, 500: 9, 1000: 4, 200: 2, 5000: 1, 2000: 1}"
1105,06/11/2025,8,742.7083353507647,"{100: 22, 500: 11, 1000: 5, 5000: 4, 2000: 3, 200: 2}"
1182,26/09/2025,49,742.6875895601299,"{100: 24, 500: 9, 1000: 6, 200: 4, 5000: 1}"
7810,26/09/2025,49,742.5746600232949,"{100: 20, 500: 12, 1000: 7, 200: 3, 5000: 3, 2000: 1}"
2465,27/10/2025,18,742.4387621816693,"{100: 24, 1000: 9, 500: 9, 200: 2}"
4407,08/11/2025,6,742.3605610587758,"{100: 19, 500: 16, 5000: 4, 1000: 4, 200: 1}"
1455,11/11/2025,3,742.3599591346797,"{100: 23, 500: 11, 1000: 2, 200: 2, 5000: 2}"
6059,07/11/2025,7,742.2715314722409,"{100: 22, 500: 11, 5000: 4, 1000: 3, 2000: 2, 200: 2}"
7362,14/09/2025,61,742.1902477707896,"{100: 24, 500: 9, 1000: 5, 2000: 4, 5000: 3}"
3439,06/09/2025,69,742.0890453742902,"{100: 24, 500: 9, 5000: 4, 1000: 4, 2000: 1}"
6312,01/11/2025,13,742.0177833742391,"{100: 27, 500: 5, 5000: 2, 1000: 1, 2000: 1}"
5421,01/11/2025,13,741.9895307559832,"{100: 20, 500: 13, 1000: 6, 5000: 5, 200: 4}"
4558,30/09/2025,45,741.9796313649814,"{100: 26, 500: 6, 1000: 5, 5000: 2, 2000: 1}"
6880,13/11/2025,1,741.9486049460804,"{100: 19, 500: 17, 1000: 5, 200: 5, 2000: 1}"
5734,08/11/2025,6,741.9239811060312,"{100: 22, 500: 8, 5000: 6, 1000: 5, 2000: 2, 200: 1}"
5629,01/11/2025,13,741.8849955521536,"{100: 19, 500: 14, 5000: 5, 2000: 4, 200: 3, 1000: 3}"
0476,20/10/2025,25,741.8710998207439,"{100: 21, 500: 17, 200: 2, 1000: 1}"
4380,14/10/2025,31,741.7888289855766,"{100: 21, 500: 14, 1000: 4, 200: 3, 5000: 1}"
7616,30/09/2025,45,741.7448915708516,"{500: 19, 100: 17, 5000: 3, 2000: 3, 1000: 1}"
2650,18/10/2025,27,741.7375258006279,"{100: 21, 500: 11, 5000: 5, 1000: 3, 200: 3}"
6889,07/11/2025,7,741.7052719965944,"{500: 20, 100: 18, 1000: 3, 5000: 2, 2000: 2}"
1649,04/10/2025,41,741.573213104127,"{100: 19, 500: 14, 1000: 6, 5000: 2, 2000: 2, 200: 2}"
8749,04/09/2025,71,741.4774964494467,"{100: 22, 500: 11, 5000: 6, 1000: 4, 200: 2}"
3860,15/10/2025,30,741.4503655004712,"{500: 20, 100: 17, 1000: 5, 5000: 3, 200: 2, 2000: 1}"
1540,30/10/2025,15,741.3643884543037,"{100: 20, 500: 13, 200: 6, 1000: 3, 5000: 3, 2000: 3}"
3200,12/11/2025,2,741.3551054847035,"{100: 23, 1000: 9, 500: 9, 200: 2}"
6601,28/10/2025,17,741.3448753109935,"{100: 22, 500: 12, 1000: 4, 5000: 3, 200: 2}"
8096,26/09/2025,49,741.3077507585946,"{100: 23, 500: 10, 1000: 6, 5000: 4, 200: 2}"
5138,12/11/2025,2,740.9174092065977,"{100: 20, 500: 18, 200: 2, 1000: 1}"
6290,29/10/2025,16,740.898224651171,"{100: 20, 500: 15, 1000: 5, 5000: 3, 2000: 1}"
0827,13/11/2025,1,740.8534501739258,"{100: 21, 500: 12, 1000: 7, 200: 3, 5000: 3}"
6976,10/10/2025,35,740.781833454206,"{100: 20, 500: 13, 1000: 10, 5000: 3, 200: 2}"
7553,13/11/2025,1,740.7055358985848,"{100: 22, 500: 10, 200: 4, 1000: 3, 5000: 2, 2000: 1}"
5750,03/10/2025,42,740.6704888694285,"{100: 22, 500: 11, 1000: 7, 5000: 2, 200: 1}"
6558,07/10/2025,38,740.6437538421532,"{100: 21, 500: 14, 5000: 5, 2000: 3, 1000: 2, 200: 1}"
4368,16/10/2025,29,740.628010104808,"{100: 20, 500: 16, 1000: 5, 5000: 2}"
2662,15/09/2025,60,740.5439218946902,"{100: 24, 500: 9, 1000: 7, 5000: 1, 200: 1}"
7516,02/11/2025,12,740.4497108439108,"{500: 18, 100: 18, 200: 6, 2000: 4, 1000: 3}"
9390,30/08/2025,76,740.3225574722362,"{100: 21, 500: 11, 5000: 5, 1000: 4, 200: 2, 2000: 1}"
8458,13/11/2025,1,740.2414412499365,"{100: 20, 500: 14, 1000: 5, 200: 3, 5000: 2, 2000: 1}"
7739,13/11/2025,1,740.225714625159,"{100: 23, 500: 10, 1000: 5, 2000: 2, 200: 2, 5000: 2}"
4569,04/10/2025,41,740.2138876034674,"{100: 23, 500: 9, 200: 5, 5000: 4, 1000: 4, 2000: 1}"
1235,09/11/2025,5,740.1936849759022,"{100: 19, 500: 17, 5000: 5, 200: 2, 1000: 1, 2000: 1}"
0675,31/10/2025,14,740.1178360206086,"{100: 20, 500: 13, 1000: 3, 5000: 2, 200: 2}"
5466,19/10/2025,26,740.1079755113475,"{100: 19, 500: 15, 1000: 9, 5000: 4, 200: 2, 2000: 1}"
6864,03/10/2025,42,740.0560297550395,"{500: 18, 100: 17, 1000: 4, 5000: 3, 200: 1}"
8680,18/09/2025,57,740.0091067346524,"{100: 24, 500: 10, 5000: 3, 200: 2, 1000: 2, 2000: 1}"
7506,21/10/2025,24,739.9595671151993,"{100: 19, 500: 17, 1000: 5, 5000: 2, 2000: 1}"
4474,26/10/2025,19,739.9297782296037,"{100: 18, 500: 17, 200: 4, 5000: 2, 1000: 1, 2000: 1}"
6172,07/08/2025,99,739.9222954530698,"{100: 19, 500: 15, 1000: 6, 5000: 3, 2000: 1, 200: 1}"
4650,30/10/2025,15,739.9072044197189,"{100: 21, 500: 13, 1000: 5, 5000: 1, 2000: 1, 200: 1}"
0695,01/11/2025,13,739.856936870236,"{100: 17, 500: 17, 1000: 11, 5000: 5, 2000: 2, 200: 1}"
1170,25/09/2025,50,739.834842036347,"{100: 23, 500: 11, 1000: 4, 5000: 2, 2000: 1, 200: 1}"
0105,25/10/2025,20,739.7860845190121,"{100: 25, 500: 7, 5000: 3, 1000: 2, 2000: 1, 200: 1}"
9759,14/10/2025,31,739.757337529732,"{100: 22, 500: 13, 5000: 2, 200: 2, 2000: 2, 1000: 1}"
9237,10/11/2025,4,739.7391594016922,"{100: 22, 500: 11, 1000: 6, 2000: 2, 5000: 2, 200: 1}"
1479,16/10/2025,29,739.6813131182995,"{100: 19, 500: 17, 5000: 5, 200: 2, 1000: 2, 2000: 2}"
8443,15/10/2025,30,739.6583235938962,"{100: 21, 500: 10, 1000: 5, 5000: 4, 200: 2}"
7041,11/11/2025,3,739.6353990259496,"{100: 22, 500: 9, 5000: 7, 200: 3, 1000: 3, 2000: 2}"
1007,13/11/2025,1,739.5997002687492,"{100: 21, 500: 12, 1000: 4, 200: 3, 5000: 2}"
3899,19/09/2025,56,739.5248154438157,"{100: 19, 500: 15, 5000: 6, 1000: 5, 200: 1}"
0196,05/11/2025,9,739.4807341662164,"{100: 21, 500: 15, 1000: 4, 2000: 3, 200: 2}"
8884,02/11/2025,12,739.455036719236,"{100: 24, 500: 8, 1000: 5, 5000: 3, 2000: 2, 200: 2}"
7847,14/11/2025,0,739.3337520217494,"{100: 20, 500: 13, 1000: 7, 200: 4, 5000: 3}"
5081,23/10/2025,22,739.2910678144233,"{100: 21, 500: 13, 1000: 6, 5000: 3, 200: 2}"
6280,16/10/2025,29,739.1980363401561,"{100: 21, 500: 13, 1000: 5, 200: 5, 5000: 3, 2000: 1}"
4954,23/08/2025,83,739.1401972674605,"{100: 21, 500: 14, 1000: 6, 200: 4, 5000: 3, 2000: 1}"
9272,27/10/2025,18,739.0486296511006,"{100: 22, 500: 12, 1000: 4, 200: 3, 5000: 2}"
7107,08/08/2025,98,739.0326051686986,"{100: 21, 500: 14, 1000: 6, 5000: 2, 2000: 1, 200: 1}"
1736,07/10/2025,38,738.8399380571744,"{100: 21, 500: 14, 1000: 4, 200: 3, 5000: 2, 2000: 1}"
4770,10/11/2025,4,738.7947771579632,"{100: 25, 500: 7, 200: 4, 1000: 2, 5000: 1, 2000: 1}"
1293,03/11/2025,11,738.7859732220393,"{100: 21, 500: 13, 1000: 5, 2000: 2, 5000: 2, 200: 2}"
1956,09/11/2025,5,738.7744251365147,"{100: 18, 500: 15, 5000: 6, 1000: 3, 200: 1, 2000: 1}"
1183,18/10/2025,27,738.7404675324224,"{100: 18, 500: 18, 1000: 5, 5000: 4, 200: 2, 2000: 1}"
0289,07/11/2025,7,738.7267073673772,"{100: 20, 500: 14, 2000: 4, 1000: 3, 5000: 3, 200: 2}"
1967,10/11/2025,4,738.7232345943027,"{100: 20, 500: 13, 5000: 2, 200: 2, 1000: 2}"
1817,19/10/2025,26,738.7146194026997,"{100: 18, 500: 16, 5000: 5, 1000: 2, 200: 1, 2000: 1}"
1376,05/08/2025,101,738.6601085830981,"{100: 21, 500: 15, 1000: 4, 200: 2, 5000: 1}"
4933,06/11/2025,8,738.6053572027645,"{100: 20, 500: 15, 1000: 5, 200: 2, 2000: 1, 5000: 1}"
8631,24/10/2025,21,738.494951914553,"{100: 19, 500: 13, 1000: 6, 5000: 2, 2000: 2, 200: 2}"
6693,02/11/2025,12,738.4825197210712,"{100: 21, 500: 12, 1000: 5, 5000: 3, 200: 2, 2000: 1}"
6508,10/09/2025,65,738.4662743062529,"{100: 19, 500: 18, 1000: 3, 200: 1, 5000: 1}"
0214,01/11/2025,13,738.443080548633,"{100: 20, 500: 13, 1000: 6, 5000: 5, 200: 3, 2000: 2}"
5153,12/11/2025,2,738.4167090184302,"{100: 21, 500: 11, 200: 6, 5000: 5, 1000: 4, 2000: 1}"
4118,02/11/2025,12,738.3651129700746,"{100: 19, 500: 15, 5000: 4, 1000: 2, 200: 2}"
1086,06/11/2025,8,738.3385003408482,"{100: 20, 500: 14, 5000: 4, 1000: 4, 200: 3, 2000: 1}"
9324,01/11/2025,13,738.326381074609,"{100: 21, 500: 13, 5000: 6, 1000: 3, 2000: 1, 200: 1}"
8243,27/10/2025,18,738.3122013735083,"{100: 25, 500: 7, 1000: 4, 5000: 2, 200: 1, 2000: 1}"
9102,26/10/2025,19,738.3054759292188,"{100: 21, 500: 12, 200: 4, 1000: 3, 5000: 3}"
7492,10/11/2025,4,738.2894997375702,"{100: 18, 500: 16, 5000: 5, 1000: 4, 200: 4}"
0031,10/10/2025,35,738.274479307552,"{100: 21, 500: 13, 5000: 4, 1000: 3, 200: 3, 2000: 2}"
0035,08/09/2025,67,738.2661410369822,"{100: 23, 500: 10, 1000: 7, 5000: 3, 2000: 2, 200: 1}"
1198,14/10/2025,31,738.2504871771714,"{100: 21, 500: 14, 5000: 3, 1000: 2, 200: 2}"
5187,20/08/2025,86,738.2022586449295,"{100: 27, 500: 6, 1000: 3, 200: 1, 2000: 1}"
5467,01/10/2025,44,738.053314893734,"{100: 20, 500: 13, 200: 4, 5000: 2, 1000: 2, 2000: 1}"
2884,15/10/2025,30,738.0052851400148,"{100: 26, 500: 7, 1000: 5, 200: 3, 2000: 1}"
1834,11/10/2025,34,737.9550396724868,"{100: 23, 500: 10, 1000: 5, 200: 3, 5000: 1}"
4556,25/10/2025,20,737.9388178942962,"{100: 19, 500: 14, 5000: 4, 1000: 3, 200: 2, 2000: 1}"
8821,11/11/2025,3,737.8614219648077,"{100: 22, 500: 11, 1000: 5, 5000: 3, 200: 2, 2000: 1}"
9623,15/10/2025,30,737.8484334948243,"{100: 19, 500: 14, 1000: 5, 200: 5, 5000: 3, 2000: 1}"
7231,07/11/2025,7,737.8366668007026,"{100: 24, 500: 7, 5000: 6, 1000: 4, 200: 1}"
3682,17/07/2025,120,737.8340421400253,"{500: 19, 100: 19, 1000: 3, 2000: 1, 200: 1, 5000: 1}"
7409,21/10/2025,24,737.7546835156891,"{100: 20, 500: 14, 1000: 4, 5000: 4, 2000: 2, 200: 2}"
2349,11/11/2025,3,737.7454124193307,"{100: 19, 500: 13, 1000: 6, 5000: 4, 200: 2}"
3479,07/11/2025,7,737.7112104601556,"{100: 20, 500: 14, 5000: 2, 200: 2, 2000: 1, 1000: 1}"
6870,03/11/2025,11,737.6628823164,"{100: 22, 500: 10, 1000: 7, 200: 4, 2000: 3, 5000: 3}"
7569,26/09/2025,49,737.6028550489413,"{100: 18, 500: 17, 200: 4, 5000: 3, 1000: 1, 2000: 1}"
1335,13/11/2025,1,737.525047515784,"{100: 24, 500: 10, 1000: 5}"
5070,27/10/2025,18,737.5200886352372,"{100: 24, 500: 8, 1000: 5, 200: 4, 5000: 3}"
9322,10/11/2025,4,737.5090875058276,"{100: 20, 500: 15, 1000: 4, 5000: 2, 2000: 2}"
2560,17/09/2025,58,737.4967985295666,"{100: 18, 500: 15, 1000: 5, 5000: 3, 200: 3, 2000: 1}"
3094,09/08/2025,97,737.4557038709752,"{500: 18, 100: 18, 1000: 5, 5000: 5, 2000: 3, 200: 2}"
9208,11/08/2025,95,737.4127406019451,"{100: 22, 500: 15, 5000: 5, 200: 1}"
3127,29/10/2025,16,737.4026555419139,"{100: 21, 500: 13, 1000: 5, 5000: 3, 2000: 1, 200: 1}"
1529,06/11/2025,8,737.3935033876322,"{100: 22, 500: 11, 200: 6, 1000: 4, 5000: 3, 2000: 1}"
9304,17/10/2025,28,737.3648323358173,"{500: 20, 100: 18, 200: 2, 5000: 1, 1000: 1, 2000: 1}"
3723,08/10/2025,37,737.33915635934,"{100: 20, 500: 14, 1000: 5, 5000: 4, 200: 2, 2000: 2}"
5168,07/11/2025,7,737.2171172357614,"{100: 18, 500: 14, 1000: 7, 5000: 3, 2000: 2, 200: 2}"
9601,13/11/2025,1,737.1383551715974,"{100: 22, 500: 11, 5000: 4, 1000: 1, 200: 1}"
3615,04/11/2025,10,737.085522755346,"{100: 21, 500: 13, 200: 4, 1000: 3, 5000: 2, 2000: 1}"
6637,25/10/2025,20,737.0780473880471,"{100: 19, 500: 17, 5000: 2, 1000: 2, 2000: 1, 200: 1}"
7799,08/11/2025,6,736.99454206158,"{500: 18, 100: 17, 1000: 8, 5000: 4, 2000: 2, 200: 1}"
6236,12/11/2025,2,736.9639610904252,"{100: 20, 500: 15, 1000: 4, 200: 2, 5000: 1, 2000: 1}"
7601,22/10/2025,23,736.945803838995,"{100: 22, 500: 10, 200: 6, 5000: 6, 1000: 4, 2000: 2}"
4761,10/11/2025,4,736.9355829066664,"{100: 21, 500: 12, 200: 5, 1000: 2, 5000: 2}"
6671,14/11/2025,0,736.9061488389381,"{100: 20, 500: 15, 1000: 4, 5000: 2, 2000: 1}"
1189,15/10/2025,30,736.8100489981337,"{100: 25, 500: 7, 5000: 4, 2000: 1, 1000: 1, 200: 1}"
1234,19/10/2025,26,736.8037528890524,"{100: 19, 500: 16, 1000: 6, 2000: 3, 5000: 2, 200: 1}"
6573,10/11/2025,4,736.7681134086183,"{100: 21, 500: 11, 5000: 4, 1000: 2}"
8937,07/11/2025,7,736.7097173741518,"{100: 22, 500: 11, 5000: 5, 200: 3, 1000: 3, 2000: 1}"
2542,18/09/2025,57,736.6600236161456,"{100: 22, 500: 12, 1000: 4, 2000: 2, 5000: 2}"
8343,14/10/2025,31,736.6325589574163,"{100: 18, 500: 17, 5000: 4, 1000: 2, 200: 1}"
4349,13/11/2025,1,736.5974722705455,"{100: 20, 500: 14, 5000: 5, 1000: 4, 200: 2, 2000: 1}"
9498,21/08/2025,85,736.3143842153513,"{100: 23, 500: 14, 200: 3, 2000: 1}"
3170,14/11/2025,0,736.3032961552474,"{100: 23, 500: 10, 5000: 4, 1000: 2, 200: 2}"
5146,14/10/2025,31,736.2608741551456,"{100: 23, 500: 9, 1000: 5, 5000: 3, 200: 3}"
8428,21/10/2025,24,736.2511012936772,"{100: 23, 500: 11, 1000: 2, 5000: 2, 2000: 2}"
6050,03/11/2025,11,736.2413699120224,"{100: 20, 500: 14, 5000: 6, 1000: 4, 200: 3, 2000: 1}"
1925,10/11/2025,4,736.1858834520302,"{100: 20, 500: 14, 1000: 6, 200: 5, 5000: 2, 2000: 1}"
4900,24/10/2025,21,736.1688707563058,"{100: 21, 500: 13, 1000: 6, 200: 2, 5000: 1}"
6390,14/11/2025,0,736.0852847581973,"{100: 18, 500: 15, 200: 6, 1000: 5, 5000: 2, 2000: 1}"
3481,08/11/2025,6,736.0739920214316,"{100: 22, 500: 11, 200: 5, 5000: 1, 2000: 1}"
9901,11/10/2025,34,736.0725121552521,"{100: 24, 500: 9, 200: 3, 1000: 2, 2000: 2, 5000: 1}"
9500,04/11/2025,10,736.0467552991112,"{100: 21, 500: 12, 1000: 4, 200: 2, 5000: 2, 2000: 1}"
3511,17/10/2025,28,736.0360953735617,"{100: 21, 1000: 10, 500: 9, 200: 5, 5000: 5, 2000: 2}"
9240,04/11/2025,10,736.0145282736421,"{100: 21, 500: 11, 5000: 4, 1000: 3, 200: 2, 2000: 1}"
6389,04/10/2025,41,735.9586791133279,"{100: 19, 500: 18, 5000: 1, 200: 1, 1000: 1}"
4498,09/10/2025,36,735.9548761203475,"{100: 23, 500: 11, 2000: 4, 200: 3, 5000: 2}"
4632,31/08/2025,75,735.8985736603775,"{100: 21, 500: 15, 1000: 3, 200: 2, 5000: 2, 2000: 1}"
9379,12/11/2025,2,735.8895250927133,"{100: 22, 500: 12, 1000: 4, 5000: 1}"
0722,26/10/2025,19,735.8651567231088,"{100: 21, 500: 12, 200: 4, 1000: 3, 2000: 2, 5000: 2}"
6431,19/10/2025,26,735.8571631580872,"{500: 22, 100: 14, 5000: 3, 1000: 3, 2000: 1, 200: 1}"
9517,09/09/2025,66,735.8055846403195,"{100: 21, 500: 11, 1000: 7, 5000: 6, 200: 6, 2000: 2}"
3203,14/11/2025,0,735.7550814729515,"{100: 17, 500: 14, 1000: 9, 5000: 6, 2000: 3, 200: 2}"
4690,19/08/2025,87,735.634388050502,"{100: 21, 500: 15, 5000: 4, 1000: 1}"
9406,18/10/2025,27,735.6135717744703,"{100: 22, 500: 11, 1000: 7, 5000: 2, 200: 2, 2000: 1}"
5957,19/08/2025,87,735.5222861824426,"{100: 25, 500: 8, 1000: 5, 5000: 3, 2000: 1, 200: 1}"
5675,14/11/2025,0,735.5129806157423,"{100: 23, 500: 7, 1000: 5, 5000: 2}"
7148,07/09/2025,68,735.4707027961488,"{100: 20, 500: 15, 1000: 4, 5000: 4, 200: 2, 2000: 1}"
4951,12/11/2025,2,735.4159199154782,"{100: 17, 500: 16, 5000: 6, 1000: 5, 200: 4, 2000: 1}"
4591,01/10/2025,44,735.3744290377466,"{100: 22, 500: 11, 200: 6, 5000: 3, 1000: 3, 2000: 2}"
2851,12/09/2025,63,735.3013886129022,"{100: 22, 500: 13, 200: 3, 2000: 3, 5000: 1, 1000: 1}"
9189,14/09/2025,61,735.2776041599426,"{100: 22, 500: 16, 5000: 2, 2000: 1, 200: 1}"
5784,04/11/2025,10,735.2092712084636,"{100: 20, 500: 15, 5000: 5, 1000: 2, 2000: 1}"
1160,21/09/2025,54,735.0787651565948,"{100: 19, 500: 17, 5000: 5, 1000: 2, 200: 1}"
1243,11/11/2025,3,735.0513856920418,"{100: 21, 500: 13, 200: 5, 5000: 4, 1000: 2}"
8860,15/09/2025,60,735.0093815364323,"{100: 20, 500: 14, 1000: 7, 5000: 3, 200: 3}"
4494,06/11/2025,8,734.9981548046525,"{500: 17, 100: 17, 1000: 4, 5000: 3, 200: 2}"
0584,09/10/2025,36,734.991673821213,"{100: 23, 500: 8, 200: 4, 5000: 2, 2000: 1, 1000: 1}"
8895,26/10/2025,19,734.9655343510285,"{100: 21, 500: 11, 1000: 5, 5000: 3, 200: 2}"
1679,12/11/2025,2,734.8627345632777,"{100: 19, 500: 15, 2000: 4, 1000: 2, 5000: 1, 200: 1}"
8900,19/10/2025,26,734.8470042630211,"{100: 20, 500: 13, 1000: 4, 200: 3, 5000: 3, 2000: 1}"
6760,21/09/2025,54,734.8393570498857,"{100: 21, 500: 12, 5000: 4, 200: 3, 2000: 2, 1000: 2}"
8566,03/10/2025,42,734.8153258970617,"{100: 19, 500: 15, 5000: 2, 1000: 2, 200: 2, 2000: 1}"
1891,03/11/2025,11,734.8092327047638,"{100: 22, 500: 9, 1000: 6, 5000: 4, 200: 2, 2000: 1}"
3643,04/11/2025,10,734.782188314409,"{100: 18, 500: 14, 5000: 5, 200: 4, 1000: 3}"
9663,03/11/2025,11,734.7642712816239,"{100: 21, 500: 11, 200: 6, 5000: 6, 1000: 3, 2000: 1}"
1532,18/10/2025,27,734.7370906750349,"{100: 19, 500: 16, 5000: 6, 200: 4, 1000: 2}"
5003,27/10/2025,18,734.7102168130681,"{100: 19, 500: 16, 1000: 4, 200: 3, 5000: 1, 2000: 1}"
4100,08/11/2025,6,734.680486539989,"{100: 22, 500: 12, 1000: 3, 5000: 2, 2000: 1}"
6481,01/09/2025,74,734.6179279294927,"{100: 22, 500: 8, 5000: 7, 1000: 7, 2000: 2}"
8740,08/11/2025,6,734.5909758069735,"{100: 21, 500: 12, 5000: 2, 1000: 2, 200: 1}"
8031,16/10/2025,29,734.4867910016675,"{100: 22, 500: 12, 5000: 4, 2000: 2, 1000: 2, 200: 1}"
8592,27/10/2025,18,734.4852513281153,"{100: 22, 500: 11, 1000: 5, 5000: 4, 2000: 1, 200: 1}"
9351,23/08/2025,83,734.4127485020506,"{100: 24, 500: 9, 1000: 4, 5000: 3, 2000: 1}"
3133,21/10/2025,24,734.3808911753829,"{500: 19, 100: 18, 200: 4, 5000: 2, 1000: 2, 2000: 1}"
5095,14/11/2025,0,734.3314686438339,"{100: 20, 500: 14, 5000: 8, 200: 3, 1000: 2}"
1643,03/11/2025,11,734.2657290706957,"{100: 22, 500: 11, 1000: 5, 200: 3, 5000: 3}"
0165,07/09/2025,68,734.1917172304005,"{500: 19, 100: 19, 1000: 4, 2000: 1}"
6336,21/10/2025,24,734.1907406749739,"{100: 20, 500: 13, 5000: 7, 1000: 5, 200: 3}"
2432,06/10/2025,39,734.1651777379255,"{100: 23, 500: 12, 5000: 3, 1000: 2, 200: 2}"
5484,11/08/2025,95,734.0523726666446,"{100: 24, 500: 9, 1000: 7, 200: 3, 5000: 1, 2000: 1}"
6356,04/11/2025,10,734.0069218360543,"{100: 24, 500: 8, 1000: 4, 5000: 3, 200: 2, 2000: 1}"
0248,25/10/2025,20,733.994102904374,"{100: 19, 500: 14, 1000: 8, 5000: 4, 200: 3}"
5804,05/11/2025,9,733.9202404132241,"{100: 21, 500: 11, 1000: 5, 5000: 4, 200: 4, 2000: 1}"
3037,10/11/2025,4,733.8788285579153,"{100: 19, 500: 16, 5000: 6, 1000: 3}"
3600,23/10/2025,22,733.8634504451271,"{100: 19, 500: 16, 200: 3, 5000: 2, 1000: 2}"
8643,09/10/2025,36,733.7920129042194,"{100: 21, 500: 14, 200: 4, 5000: 3, 1000: 2}"
0777,08/11/2025,6,733.7609041171199,"{100: 23, 500: 8, 5000: 5, 1000: 4, 200: 2}"
5736,01/10/2025,44,733.7438948875932,"{100: 23, 500: 9, 5000: 4, 1000: 3, 2000: 2, 200: 1}"
0770,19/10/2025,26,733.7232442717931,"{100: 18, 500: 16, 1000: 9, 5000: 4, 200: 4, 2000: 1}"
3419,20/10/2025,25,733.717285696896,"{100: 21, 500: 14, 5000: 4, 200: 2, 2000: 1, 1000: 1}"
6179,10/10/2025,35,733.7151326604362,"{100: 26, 1000: 5, 500: 5, 5000: 3, 200: 1}"
4647,15/10/2025,30,733.711128041068,"{100: 21, 500: 15, 1000: 3, 200: 3, 2000: 1}"
2861,10/11/2025,4,733.6963619579856,"{100: 22, 500: 11, 5000: 4, 1000: 3, 2000: 2, 200: 2}"
0644,03/11/2025,11,733.6473319721347,"{100: 22, 500: 11, 5000: 4, 1000: 3, 200: 2}"
4246,14/11/2025,0,733.6383870060212,"{100: 20, 500: 14, 1000: 4, 200: 4, 5000: 2}"
1998,04/11/2025,10,733.6377795444544,"{100: 21, 500: 14, 5000: 3, 2000: 1, 200: 1}"
0673,02/11/2025,12,733.6037019546172,"{100: 19, 500: 17, 5000: 4, 200: 3, 1000: 1, 2000: 1}"
5436,14/07/2025,123,733.581480564931,"{100: 20, 500: 14, 1000: 5, 5000: 2, 2000: 2, 200: 1}"
8245,27/10/2025,18,733.5646591290841,"{100: 25, 500: 8, 5000: 5, 200: 4, 1000: 1}"
8304,25/10/2025,20,733.5579600313325,"{100: 21, 500: 10, 5000: 7, 200: 4, 2000: 3, 1000: 3}"
8584,08/11/2025,6,733.5512392114721,"{100: 19, 500: 13, 1000: 5, 5000: 3, 200: 3}"
5134,22/08/2025,84,733.4891170367654,"{100: 22, 500: 11, 5000: 7, 1000: 1, 200: 1}"
9622,05/11/2025,9,733.4801358895002,"{100: 22, 500: 12, 1000: 4, 200: 3, 2000: 1}"
2037,26/09/2025,49,733.4476184998094,"{100: 22, 500: 12, 1000: 4, 5000: 4, 200: 1}"
0957,03/11/2025,11,733.4433131244616,"{100: 23, 500: 10, 1000: 5, 5000: 1}"
2102,04/09/2025,71,733.4323335587761,"{100: 24, 500: 9, 1000: 6, 5000: 2}"
7723,01/11/2025,13,733.4258169569634,"{100: 21, 500: 16, 5000: 4, 200: 1}"
9964,24/10/2025,21,733.4082662517861,"{100: 20, 500: 14, 5000: 6, 1000: 4, 200: 3}"
3959,12/11/2025,2,733.3808550512696,"{100: 22, 500: 11, 200: 4, 1000: 2, 5000: 1, 2000: 1}"
2173,12/11/2025,2,733.3532252131007,"{100: 23, 500: 11, 200: 3, 1000: 3, 2000: 1}"
8962,27/10/2025,18,733.1446302362175,"{100: 21, 500: 13, 1000: 4, 5000: 3, 2000: 2, 200: 1}"
3814,03/10/2025,42,733.1136226332152,"{100: 21, 500: 12, 1000: 6, 200: 3, 5000: 3, 2000: 1}"
2929,20/09/2025,55,733.054638948596,"{100: 19, 500: 18, 1000: 3, 2000: 1, 5000: 1, 200: 1}"
3190,17/10/2025,28,733.0152607917202,"{100: 21, 500: 13, 1000: 6, 5000: 5, 200: 2, 2000: 1}"
9833,02/11/2025,12,732.9991280587075,"{100: 22, 500: 13, 1000: 3, 5000: 2, 2000: 1}"
0110,06/10/2025,39,732.9974264026893,"{100: 21, 500: 13, 1000: 4, 2000: 3, 5000: 1, 200: 1}"
8848,14/10/2025,31,732.980949392603,"{100: 19, 500: 18, 5000: 2, 1000: 1, 2000: 1}"
1319,04/11/2025,10,732.9164754265217,"{100: 22, 500: 9, 1000: 9, 5000: 5, 2000: 1, 200: 1}"
5109,03/10/2025,42,732.8918017982423,"{100: 22, 500: 12, 1000: 4, 5000: 2, 200: 2, 2000: 1}"
6495,18/10/2025,27,732.8190195700687,"{100: 23, 500: 11, 200: 4, 2000: 2, 1000: 1, 5000: 1}"
2191,30/10/2025,15,732.7341109047203,"{100: 19, 500: 13, 1000: 9, 5000: 4, 2000: 1, 200: 1}"
2120,12/10/2025,33,732.59758669182,"{100: 18, 500: 15, 1000: 8, 5000: 6, 200: 4, 2000: 3}"
1248,07/11/2025,7,732.5648778208471,"{100: 20, 500: 15, 5000: 2, 1000: 2}"
2017,14/11/2025,0,732.5409637196688,"{100: 24, 500: 8, 200: 6, 5000: 3, 2000: 2, 1000: 2}"
3832,08/10/2025,37,732.5135140992459,"{100: 22, 500: 11, 1000: 5, 200: 3, 5000: 2, 2000: 1}"
8744,17/09/2025,58,732.4935901052639,"{100: 22, 500: 12, 1000: 4, 5000: 4, 200: 1}"
7189,14/10/2025,31,732.417613564554,"{100: 22, 500: 11, 2000: 4, 200: 4, 1000: 4, 5000: 3}"
2673,10/11/2025,4,732.407659107087,"{100: 22, 5000: 6, 1000: 6, 500: 6, 200: 5, 2000: 2}"
3004,10/11/2025,4,732.3887566313084,"{100: 21, 500: 12, 200: 4, 1000: 4, 5000: 3, 2000: 1}"
9466,11/09/2025,64,732.365227100032,"{100: 20, 500: 15, 1000: 4, 200: 4, 5000: 3}"
8054,22/10/2025,23,732.2784098986825,"{100: 20, 500: 14, 5000: 6, 2000: 2, 1000: 1, 200: 1}"
1187,05/11/2025,9,732.2745293573937,"{100: 21, 500: 13, 1000: 4, 2000: 2, 5000: 2, 200: 1}"
0371,13/11/2025,1,732.2529357296978,"{100: 21, 500: 9, 200: 8, 5000: 7, 2000: 3, 1000: 1}"
3804,11/09/2025,64,732.247430707981,"{100: 19, 500: 18, 5000: 3, 1000: 2, 200: 2}"
9182,08/11/2025,6,732.200811349739,"{100: 17, 500: 16, 5000: 5, 1000: 3, 200: 3, 2000: 1}"
8813,19/10/2025,26,732.1826931165278,"{500: 21, 100: 15, 5000: 5, 1000: 4, 200: 2, 2000: 2}"
1774,04/11/2025,10,732.0542046605688,"{100: 19, 500: 14, 1000: 5, 5000: 4, 2000: 2, 200: 1}"
1018,11/11/2025,3,731.952642023193,"{100: 22, 500: 10, 1000: 5, 200: 4, 5000: 2}"
1733,04/11/2025,10,731.9040563781573,"{100: 21, 500: 12, 1000: 5, 200: 2, 5000: 1}"
2353,21/10/2025,24,731.9030001104508,"{100: 21, 500: 11, 1000: 8, 5000: 5, 200: 2, 2000: 1}"
5650,13/11/2025,1,731.8791479791852,"{100: 21, 500: 13, 200: 3, 1000: 2, 2000: 1, 5000: 1}"
3696,29/09/2025,46,731.8474214141861,"{100: 22, 500: 12, 1000: 5, 5000: 2, 200: 1}"
6942,24/09/2025,51,731.7944652019127,"{100: 19, 500: 13, 1000: 9, 200: 2, 5000: 1, 2000: 1}"
4667,06/09/2025,69,731.7862412956675,"{100: 23, 500: 13, 1000: 2, 200: 1}"
1530,08/11/2025,6,731.7454284861292,"{100: 17, 500: 16, 5000: 7, 200: 5, 1000: 3, 2000: 1}"
2607,12/11/2025,2,731.736942330567,"{100: 21, 500: 13, 5000: 3, 1000: 3, 200: 2, 2000: 1}"
0782,20/10/2025,25,731.7202054572125,"{100: 24, 500: 9, 5000: 2, 1000: 1}"
2413,11/10/2025,34,731.6989921293638,"{500: 18, 100: 17, 1000: 6, 2000: 2, 5000: 1, 200: 1}"
3957,17/10/2025,28,731.6750255263782,"{100: 20, 500: 11, 1000: 7, 200: 4, 5000: 3, 2000: 2}"
0933,31/10/2025,14,731.6607618624265,"{100: 21, 500: 13, 1000: 3, 5000: 2, 200: 2, 2000: 1}"
3302,28/09/2025,47,731.5548600333155,"{100: 19, 500: 16, 5000: 7, 1000: 2, 200: 1, 2000: 1}"
9726,08/11/2025,6,731.5406698460837,"{100: 20, 500: 12, 5000: 6, 1000: 4, 200: 2, 2000: 1}"
4602,30/09/2025,45,731.5252357323353,"{100: 22, 500: 14, 1000: 2, 2000: 1, 200: 1}"
4421,05/11/2025,9,731.5109240684812,"{100: 23, 500: 10, 1000: 4, 2000: 2, 200: 1}"
4138,03/10/2025,42,731.4616026433806,"{500: 18, 100: 18, 1000: 4, 2000: 2, 5000: 2}"
8872,13/11/2025,1,731.4448302865363,"{100: 20, 500: 10, 1000: 4, 2000: 2, 5000: 2, 200: 2}"
1029,19/10/2025,26,731.4062536915816,"{500: 18, 100: 15, 5000: 5, 200: 5, 1000: 4, 2000: 2}"
0639,12/10/2025,33,731.2918737854432,"{100: 20, 500: 15, 1000: 4, 5000: 3, 2000: 1, 200: 1}"
5253,09/11/2025,5,731.268275546103,"{100: 21, 500: 13, 1000: 4, 5000: 2, 2000: 1, 200: 1}"
7005,20/10/2025,25,731.2622759436871,"{100: 24, 500: 10, 1000: 5, 200: 1}"
9809,18/10/2025,27,731.2450384464197,"{100: 19, 500: 14, 1000: 5, 200: 4, 2000: 3, 5000: 3}"
5947,21/10/2025,24,731.2380739040995,"{100: 22, 500: 9, 1000: 6, 200: 4, 5000: 3, 2000: 1}"
1969,12/11/2025,2,731.2340129662078,"{100: 21, 500: 11, 1000: 9, 5000: 3, 200: 2}"
3263,14/11/2025,0,731.1272808556332,"{100: 18, 500: 17, 2000: 4, 5000: 3, 200: 3, 1000: 1}"
5715,23/10/2025,22,731.0720912419372,"{100: 19, 500: 15, 5000: 6, 200: 4, 2000: 3, 1000: 2}"
1277,21/08/2025,85,731.0241302545555,"{100: 20, 500: 13, 5000: 4, 2000: 2, 1000: 2, 200: 2}"
3084,09/11/2025,5,731.0001195960668,"{100: 24, 500: 10, 200: 3, 1000: 3}"
4169,03/11/2025,11,730.9570710425872,"{100: 18, 500: 14, 5000: 7, 1000: 4, 2000: 1, 200: 1}"
2325,31/07/2025,106,730.9297383603177,"{100: 22, 500: 12, 1000: 7, 5000: 4}"
6445,14/09/2025,61,730.9013793267509,"{100: 22, 500: 10, 1000: 7, 200: 2, 2000: 2, 5000: 1}"
8544,24/10/2025,21,730.8943618589393,"{100: 22, 500: 10, 5000: 4, 1000: 4, 200: 3, 2000: 2}"
1313,15/10/2025,30,730.8934464301099,"{100: 22, 500: 12, 200: 3, 5000: 3, 1000: 2, 2000: 2}"
6248,20/10/2025,25,730.849541124047,"{100: 21, 500: 12, 5000: 7, 1000: 3, 200: 1}"
8966,04/11/2025,10,730.806705233527,"{100: 20, 500: 11, 5000: 6, 1000: 4, 200: 2}"
5456,29/09/2025,46,730.7659163205441,"{100: 22, 500: 12, 1000: 5, 200: 1, 5000: 1}"
7875,28/10/2025,17,730.7509007853508,"{100: 18, 500: 17, 200: 5, 1000: 4, 5000: 3}"
3380,04/10/2025,41,730.713521313275,"{100: 20, 500: 14, 1000: 5, 5000: 3, 200: 2, 2000: 1}"
1689,16/10/2025,29,730.6425606527504,"{100: 22, 500: 11, 200: 4, 5000: 4, 1000: 3}"
2328,05/11/2025,9,730.591065372038,"{100: 22, 500: 12, 1000: 2, 5000: 2, 200: 2}"
4593,19/10/2025,26,730.5472489520356,"{100: 21, 500: 11, 1000: 6, 5000: 5, 2000: 2, 200: 2}"
6931,04/11/2025,10,730.5469597545498,"{100: 23, 500: 11, 1000: 4, 200: 1}"
8772,14/11/2025,0,730.5335330694023,"{100: 22, 500: 12, 1000: 3, 2000: 2, 200: 2}"
1413,20/10/2025,25,730.5080447084351,"{100: 20, 500: 13, 1000: 6, 5000: 4, 200: 3}"
7861,16/09/2025,59,730.5068518578131,"{100: 21, 500: 12, 1000: 6, 5000: 2, 200: 2}"
7242,13/10/2025,32,730.5043718750325,"{100: 20, 500: 11, 5000: 6, 200: 4, 1000: 3, 2000: 1}"
0065,13/11/2025,1,730.4799832974052,"{100: 22, 500: 10, 1000: 6, 200: 4, 5000: 3}"
5396,11/08/2025,95,730.4608043869313,"{100: 22, 500: 12, 5000: 5, 200: 3, 1000: 3, 2000: 1}"
7691,23/09/2025,52,730.4354344488697,"{100: 20, 500: 14, 1000: 5, 5000: 5, 200: 2, 2000: 1}"
2286,23/10/2025,22,730.4156624611253,"{100: 23, 500: 10, 1000: 4, 200: 3, 5000: 1}"
4078,22/09/2025,53,730.4148489157493,"{100: 20, 500: 15, 5000: 4, 2000: 2, 1000: 2, 200: 1}"
0943,02/11/2025,12,730.3637988136389,"{100: 19, 500: 18, 1000: 3, 200: 1}"
6486,31/10/2025,14,730.3320773189424,"{100: 23, 500: 9, 5000: 4, 1000: 3, 200: 3, 2000: 1}"
4394,31/10/2025,14,730.1842832818631,"{100: 20, 500: 13, 1000: 6, 5000: 4, 200: 2}"
6153,12/10/2025,33,730.1685442612009,"{100: 21, 500: 9, 5000: 5, 2000: 2, 200: 2, 1000: 2}"
2265,11/11/2025,3,730.1244079330532,"{100: 19, 500: 16, 5000: 4, 1000: 2, 200: 2}"
7759,09/11/2025,5,730.109380944318,"{100: 20, 500: 15, 1000: 3, 200: 3, 5000: 1, 2000: 1}"
0694,04/08/2025,102,730.1029387602199,"{100: 25, 500: 7, 1000: 5, 5000: 3, 200: 1, 2000: 1}"
4764,01/11/2025,13,730.0983932616487,"{100: 20, 500: 13, 1000: 5, 200: 4, 5000: 2}"
4338,12/10/2025,33,730.0808009097171,"{100: 20, 500: 13, 1000: 6, 5000: 3, 2000: 1}"
8078,28/10/2025,17,730.0711354715713,"{100: 21, 500: 10, 5000: 4, 1000: 4, 2000: 1}"
6443,06/11/2025,8,730.070583006564,"{100: 21, 500: 11, 1000: 7, 5000: 3, 2000: 2}"
0853,12/11/2025,2,730.0217328165454,"{100: 21, 500: 12, 5000: 5, 200: 3, 1000: 2, 2000: 1}"
4096,01/11/2025,13,729.9751582891624,"{100: 22, 500: 11, 2000: 4, 5000: 4, 1000: 3}"
1402,13/11/2025,1,729.9055044108133,"{100: 19, 500: 12, 1000: 4, 200: 4, 5000: 3, 2000: 2}"
3725,13/11/2025,1,729.8636382818744,"{100: 19, 500: 12, 5000: 5, 200: 4, 1000: 4}"
8605,31/10/2025,14,729.8556716663543,"{100: 20, 500: 15, 1000: 4, 2000: 1, 5000: 1, 200: 1}"
3474,13/11/2025,1,729.8479097714205,"{100: 20, 500: 11, 1000: 6, 5000: 3, 200: 1}"
7451,31/10/2025,14,729.8331433507021,"{100: 19, 500: 13, 5000: 9, 200: 4, 1000: 3, 2000: 1}"
2074,02/11/2025,12,729.7647264560896,"{100: 22, 500: 9, 5000: 5, 200: 2, 1000: 1}"
1794,03/10/2025,42,729.752452189437,"{100: 20, 500: 15, 1000: 5, 5000: 2, 2000: 1}"
9333,04/11/2025,10,729.6878842639215,"{100: 19, 500: 17, 200: 1, 5000: 1, 1000: 1}"
9275,25/10/2025,20,729.6830577934455,"{100: 20, 500: 13, 5000: 3, 1000: 3, 200: 2}"
3963,05/11/2025,9,729.616507019442,"{100: 19, 500: 15, 5000: 3, 1000: 1, 200: 1}"
4540,11/10/2025,34,729.5670146006346,"{500: 18, 100: 18, 5000: 5, 1000: 4, 200: 1, 2000: 1}"
2068,09/11/2025,5,729.5644236275065,"{100: 19, 500: 14, 5000: 3, 2000: 3, 1000: 1, 200: 1}"
4183,25/10/2025,20,729.5565786036422,"{100: 21, 500: 13, 5000: 3, 200: 3, 1000: 2, 2000: 1}"
4425,02/11/2025,12,729.5526923579415,"{100: 19, 500: 15, 1000: 6, 5000: 2, 2000: 1, 200: 1}"
7172,03/10/2025,42,729.5350176996055,"{100: 21, 500: 14, 5000: 3, 1000: 2, 200: 2}"
2112,16/09/2025,59,729.5248303598992,"{100: 19, 500: 14, 5000: 4, 1000: 4, 200: 2}"
1454,31/10/2025,14,729.409115635826,"{100: 25, 500: 6, 1000: 5, 200: 2, 5000: 2, 2000: 1}"
0723,26/09/2025,49,729.3945906700031,"{100: 21, 500: 14, 5000: 6, 1000: 1}"
8635,28/10/2025,17,729.3657336666007,"{100: 17, 500: 15, 1000: 7, 5000: 6, 2000: 1, 200: 1}"
0834,31/10/2025,14,729.3426863565653,"{100: 20, 500: 15, 200: 3, 1000: 2, 5000: 1}"
6225,08/11/2025,6,729.3344012750543,"{100: 19, 500: 14, 5000: 6, 1000: 5, 200: 3, 2000: 1}"
0094,23/10/2025,22,729.3230221461274,"{100: 22, 500: 11, 1000: 6, 200: 2, 2000: 1}"
1798,17/09/2025,58,729.3189469744203,"{100: 21, 500: 12, 1000: 4, 200: 3, 2000: 1, 5000: 1}"
9613,13/11/2025,1,729.3038367172213,"{500: 23, 100: 15, 200: 4, 5000: 2, 1000: 2, 2000: 1}"
4298,07/11/2025,7,729.3013321913152,"{100: 20, 500: 13, 1000: 4, 5000: 3, 2000: 1, 200: 1}"
0681,12/11/2025,2,729.2767437088028,"{100: 21, 500: 12, 200: 4, 5000: 4, 1000: 2, 2000: 1}"
5978,26/10/2025,19,729.1825127174035,"{100: 23, 500: 9, 5000: 4, 200: 4, 1000: 3, 2000: 2}"
8932,26/10/2025,19,729.1197655462839,"{100: 21, 500: 9, 5000: 5, 200: 5, 1000: 3, 2000: 2}"
4749,14/11/2025,0,728.9841319136306,"{100: 20, 500: 11, 5000: 5, 1000: 3, 200: 3}"
6673,06/09/2025,69,728.9610441134869,"{100: 20, 500: 13, 5000: 5, 1000: 2, 200: 1}"
9778,01/11/2025,13,728.9499663148671,"{100: 20, 500: 15, 200: 3, 1000: 3, 5000: 1, 2000: 1}"
8076,01/09/2025,74,728.943362973212,"{100: 22, 500: 11, 5000: 4, 1000: 3, 200: 2, 2000: 1}"
6482,09/10/2025,36,728.9218033432081,"{100: 24, 500: 8, 1000: 4, 5000: 2}"
2627,06/11/2025,8,728.9114156236894,"{100: 20, 500: 12, 200: 4, 1000: 4, 2000: 3, 5000: 2}"
3064,22/10/2025,23,728.9007568913393,"{100: 22, 500: 10, 5000: 5, 1000: 4, 2000: 2, 200: 1}"
7059,06/11/2025,8,728.8553275242988,"{100: 19, 500: 14, 5000: 5, 2000: 4, 1000: 1, 200: 1}"
5099,26/09/2025,49,728.7687784307657,"{500: 19, 100: 17, 1000: 7, 2000: 5, 5000: 1, 200: 1}"
1847,30/10/2025,15,728.7032203137484,"{100: 21, 500: 9, 1000: 8, 5000: 1, 2000: 1, 200: 1}"
2916,02/11/2025,12,728.6725005805445,"{100: 21, 500: 12, 1000: 3, 5000: 3, 200: 3}"
2586,10/11/2025,4,728.6661356796652,"{100: 21, 500: 11, 1000: 6, 5000: 3, 200: 3, 2000: 1}"
9972,28/09/2025,47,728.6072279084718,"{100: 25, 1000: 6, 500: 5, 5000: 4, 200: 2, 2000: 1}"
2419,30/08/2025,76,728.5588726543128,"{100: 19, 500: 17, 1000: 5, 200: 3, 5000: 2, 2000: 1}"
4981,13/11/2025,1,728.5025929568723,"{100: 23, 500: 10, 5000: 3, 200: 2, 2000: 2, 1000: 1}"
2993,23/10/2025,22,728.4674945019377,"{100: 23, 500: 9, 2000: 3, 1000: 3, 200: 3, 5000: 2}"
9264,26/10/2025,19,728.4358279160397,"{100: 18, 500: 16, 5000: 4, 1000: 4, 200: 4, 2000: 2}"
1130,02/11/2025,12,728.4298665174223,"{100: 20, 500: 14, 200: 3, 1000: 3, 2000: 2, 5000: 2}"
7858,02/11/2025,12,728.4280972366774,"{100: 19, 500: 15, 1000: 6, 200: 4, 2000: 1, 5000: 1}"
6856,06/09/2025,69,728.4169006318584,"{100: 23, 500: 10, 200: 4, 1000: 3, 5000: 3, 2000: 1}"
3911,13/10/2025,32,728.3756276418561,"{100: 22, 500: 11, 200: 4, 1000: 3, 5000: 2}"
3965,14/11/2025,0,728.3472987364862,"{100: 20, 500: 9, 1000: 8, 5000: 2, 2000: 1}"
0945,25/10/2025,20,728.3283246355586,"{100: 21, 500: 12, 1000: 5, 200: 3, 2000: 3, 5000: 1}"
6338,10/11/2025,4,728.320857662105,"{100: 20, 500: 11, 1000: 5, 5000: 3, 200: 2, 2000: 1}"
3505,25/08/2025,81,728.315882818763,"{100: 21, 500: 13, 1000: 5, 200: 4, 5000: 2, 2000: 2}"
8845,25/09/2025,50,728.2835756737862,"{100: 18, 500: 16, 5000: 8, 1000: 5, 200: 3}"
8048,31/10/2025,14,728.2703512354271,"{100: 24, 500: 8, 200: 4, 1000: 3, 5000: 2, 2000: 1}"
0325,11/10/2025,34,728.2598326701474,"{100: 21, 500: 11, 1000: 8, 5000: 6, 200: 4}"
2373,13/11/2025,1,728.2562568736333,"{100: 18, 500: 16, 5000: 5, 1000: 4, 200: 4}"
3231,23/10/2025,22,728.2543695875772,"{100: 19, 500: 16, 1000: 4, 5000: 4, 200: 2}"
5282,20/10/2025,25,728.2467968479444,"{100: 19, 500: 18, 200: 4, 1000: 2, 2000: 1}"
8418,27/10/2025,18,728.2371182870855,"{100: 20, 500: 13, 1000: 3, 200: 3, 5000: 2, 2000: 1}"
3401,17/09/2025,58,728.226072490097,"{100: 21, 500: 10, 1000: 7, 5000: 3, 200: 1}"
6387,10/11/2025,4,728.1653611042194,"{100: 22, 500: 10, 1000: 6, 5000: 4, 2000: 1}"
1584,29/10/2025,16,728.1579274695733,"{100: 21, 500: 12, 1000: 5, 200: 3, 5000: 2, 2000: 1}"
5888,31/10/2025,14,728.1426519771089,"{100: 22, 500: 10, 5000: 5, 200: 3, 1000: 2}"
6082,13/09/2025,62,728.1313156416045,"{100: 26, 500: 6, 1000: 5, 5000: 4, 200: 1}"
4040,03/11/2025,11,728.1086535242769,"{100: 21, 500: 13, 1000: 4, 200: 3, 2000: 1, 5000: 1}"
6035,20/10/2025,25,728.0239312912787,"{100: 23, 500: 9, 1000: 6, 200: 2, 2000: 2, 5000: 2}"
7852,29/08/2025,77,727.9727169366631,"{100: 23, 500: 12, 5000: 2, 1000: 1, 2000: 1}"
4819,15/10/2025,30,727.9310082092846,"{100: 21, 500: 11, 1000: 6, 5000: 5, 200: 3, 2000: 1}"
3487,12/11/2025,2,727.9136361706986,"{100: 20, 500: 14, 1000: 4, 5000: 2, 200: 2, 2000: 1}"
0856,07/11/2025,7,727.9102477425565,"{100: 22, 500: 10, 2000: 5, 200: 5, 1000: 4, 5000: 3}"
8793,31/10/2025,14,727.8663362966497,"{100: 22, 500: 12, 200: 4, 1000: 2, 2000: 1, 5000: 1}"
5313,29/09/2025,46,727.7941291786653,"{100: 22, 500: 12, 1000: 4, 5000: 2, 200: 2}"
9312,19/10/2025,26,727.7940503822173,"{500: 21, 100: 16, 5000: 3, 1000: 3, 200: 1}"
9886,12/11/2025,2,727.7816965042035,"{100: 18, 500: 17, 5000: 3, 1000: 3, 200: 2}"
0070,24/09/2025,51,727.7678084469687,"{100: 20, 500: 10, 200: 7, 1000: 6, 5000: 2, 2000: 1}"
5434,07/11/2025,7,727.7404703361044,"{100: 23, 500: 9, 200: 4, 1000: 3, 5000: 2, 2000: 1}"
1177,07/11/2025,7,727.7013641167686,"{100: 21, 500: 12, 5000: 5, 200: 2, 1000: 2, 2000: 1}"
1913,28/09/2025,47,727.6753105469733,"{100: 22, 500: 13, 1000: 2, 5000: 1, 200: 1}"
4479,12/11/2025,2,727.6410403278303,"{100: 18, 500: 12, 1000: 8, 5000: 4, 200: 4, 2000: 2}"
0240,08/10/2025,37,727.5433067486207,"{100: 24, 500: 7, 1000: 4, 5000: 3}"
8745,07/11/2025,7,727.48798402462,"{100: 18, 500: 17, 1000: 3, 5000: 1, 200: 1, 2000: 1}"
9608,07/11/2025,7,727.4509597053847,"{100: 20, 500: 13, 200: 5, 5000: 2, 1000: 2}"
0238,07/11/2025,7,727.4504565286222,"{100: 19, 500: 15, 200: 5, 1000: 4, 5000: 3, 2000: 1}"
4136,17/10/2025,28,727.4422836304561,"{100: 19, 500: 15, 1000: 5, 200: 3, 2000: 1, 5000: 1}"
2161,29/07/2025,108,727.4141685005723,"{100: 22, 500: 12, 1000: 4, 5000: 4, 2000: 2}"
2651,11/10/2025,34,727.382111309309,"{100: 21, 500: 13, 5000: 4, 1000: 3, 200: 2, 2000: 2}"
9464,29/10/2025,16,727.3761386944834,"{100: 21, 500: 11, 1000: 5, 5000: 4, 200: 4}"
0972,19/09/2025,56,727.3218986613297,"{100: 17, 500: 17, 1000: 6, 5000: 5, 200: 3, 2000: 3}"
0097,05/11/2025,9,727.2869527563763,"{500: 17, 100: 17, 1000: 6, 5000: 4, 200: 3, 2000: 1}"
7094,15/10/2025,30,727.0318136473318,"{100: 21, 500: 12, 1000: 5, 5000: 2, 200: 2}"
4849,12/10/2025,33,727.0170735758495,"{100: 21, 500: 13, 1000: 3, 5000: 2, 2000: 1}"
4722,22/10/2025,23,727.0081597497303,"{100: 21, 500: 10, 1000: 4, 200: 4, 5000: 1}"
2448,22/10/2025,23,726.9998292956255,"{500: 19, 100: 17, 1000: 5, 200: 2, 5000: 2, 2000: 1}"
6187,13/11/2025,1,726.9910215340237,"{100: 22, 500: 11, 1000: 5, 200: 2}"
9629,30/10/2025,15,726.929257385536,"{100: 22, 500: 7, 5000: 7, 200: 3, 2000: 1, 1000: 1}"
6779,14/11/2025,0,726.8684809257938,"{100: 22, 500: 11, 1000: 3, 2000: 2, 5000: 2, 200: 1}"
1082,26/09/2025,49,726.8376250208987,"{100: 25, 500: 7, 1000: 4, 200: 2, 2000: 2, 5000: 1}"
9405,03/11/2025,11,726.8363566408781,"{100: 24, 500: 7, 1000: 5, 200: 3, 5000: 1, 2000: 1}"
3243,17/09/2025,58,726.8335435355689,"{500: 19, 100: 17, 5000: 4, 1000: 3, 200: 3}"
4773,13/11/2025,1,726.8309312730463,"{100: 22, 500: 11, 200: 5, 1000: 2, 5000: 2}"
4429,16/09/2025,59,726.6708426376749,"{500: 19, 100: 18, 200: 4, 5000: 3, 1000: 2, 2000: 1}"
9530,20/10/2025,25,726.6531111142959,"{100: 22, 500: 11, 1000: 4, 200: 3, 5000: 3}"
9169,08/09/2025,67,726.6245636750396,"{100: 20, 500: 16, 1000: 3, 5000: 2, 200: 1}"
4664,08/10/2025,37,726.5921108257661,"{100: 20, 500: 15, 2000: 2, 200: 2, 5000: 2, 1000: 1}"
4661,03/11/2025,11,726.5831197914847,"{100: 20, 500: 14, 1000: 4, 5000: 3, 200: 3, 2000: 1}"
4386,04/11/2025,10,726.5289941976846,"{100: 23, 500: 7, 1000: 5, 5000: 5, 200: 3}"
0226,15/09/2025,60,726.5128628735719,"{100: 20, 500: 13, 1000: 6, 200: 3, 2000: 2, 5000: 2}"
4450,05/11/2025,9,726.5106461188756,"{100: 23, 500: 6, 200: 4, 5000: 2, 1000: 2, 2000: 2}"
6943,25/10/2025,20,726.4914323481906,"{100: 21, 500: 11, 1000: 9, 5000: 3, 200: 2}"
5578,11/11/2025,3,726.4341818199518,"{100: 23, 500: 8, 200: 4, 1000: 3, 2000: 2, 5000: 2}"
1179,10/11/2025,4,726.3859918813158,"{100: 21, 500: 13, 2000: 3, 1000: 3, 5000: 1, 200: 1}"
9604,11/11/2025,3,726.3566238511784,"{100: 23, 500: 9, 1000: 4, 200: 1, 5000: 1}"
3534,22/09/2025,53,726.2716324121019,"{100: 22, 500: 11, 200: 4, 1000: 3, 5000: 2}"
9948,12/11/2025,2,726.2104398546686,"{500: 19, 100: 17, 2000: 3, 1000: 3, 5000: 3, 200: 1}"
6115,05/11/2025,9,726.1939415788652,"{500: 20, 100: 15, 1000: 6, 200: 5, 5000: 4}"
3898,12/11/2025,2,726.1705743614583,"{500: 20, 100: 16, 200: 5, 1000: 4, 5000: 2}"
7583,11/11/2025,3,726.1665657817143,"{100: 20, 500: 13, 1000: 6, 200: 3, 5000: 2, 2000: 1}"
1193,21/10/2025,24,726.1629330908391,"{100: 22, 500: 12, 1000: 3, 200: 2, 5000: 2}"
1379,15/10/2025,30,726.1590226414825,"{100: 22, 1000: 8, 500: 7, 5000: 4, 200: 2}"
4804,29/10/2025,16,726.1304352500077,"{100: 22, 500: 11, 200: 4, 5000: 3, 2000: 3, 1000: 2}"
1151,12/09/2025,63,726.0923361562311,"{100: 22, 500: 13, 1000: 3, 2000: 1, 200: 1}"
2426,06/09/2025,69,726.0704562990292,"{100: 19, 500: 14, 1000: 8, 5000: 3, 200: 3, 2000: 1}"
0756,08/10/2025,37,726.0679614179029,"{100: 20, 500: 15, 1000: 4, 5000: 2, 200: 2}"
1555,12/11/2025,2,726.0404077590488,"{100: 21, 500: 13, 2000: 2, 5000: 2, 200: 2, 1000: 2}"
8195,14/11/2025,0,726.0297548473003,"{500: 17, 100: 16, 5000: 5, 1000: 3, 200: 3, 2000: 2}"
3678,29/10/2025,16,726.021240574396,"{100: 18, 500: 17, 1000: 5, 5000: 3, 200: 3, 2000: 1}"
7981,12/11/2025,2,726.0027020688159,"{100: 21, 500: 8, 5000: 6, 1000: 5, 200: 3, 2000: 1}"
4700,27/10/2025,18,726.0002257128965,"{100: 23, 500: 6, 200: 6, 1000: 5, 2000: 3, 5000: 3}"
6351,11/11/2025,3,725.9763844452965,"{100: 19, 500: 16, 5000: 3, 200: 2, 2000: 2, 1000: 2}"
7862,14/09/2025,61,725.9547741232984,"{100: 21, 500: 13, 5000: 4, 1000: 3, 200: 1}"
4085,11/11/2025,3,725.9541549705302,"{100: 20, 500: 9, 5000: 7, 1000: 4, 200: 4, 2000: 1}"
0539,28/10/2025,17,725.9478044506226,"{100: 19, 500: 14, 1000: 5, 5000: 3, 2000: 2, 200: 1}"
9636,01/11/2025,13,725.9348231649665,"{100: 21, 500: 13, 1000: 4, 2000: 2, 5000: 1}"
7951,07/11/2025,7,725.9237472509279,"{100: 19, 500: 15, 1000: 7, 200: 2, 5000: 1, 2000: 1}"
9388,27/10/2025,18,725.901348936271,"{100: 25, 500: 7, 5000: 4, 1000: 1}"
9628,13/11/2025,1,725.8514872419162,"{100: 19, 500: 17, 1000: 4, 200: 1, 2000: 1}"
8404,06/11/2025,8,725.8483467677584,"{100: 22, 500: 9, 1000: 6, 5000: 2, 2000: 2}"
2361,13/11/2025,1,725.8260812407152,"{100: 22, 500: 9, 5000: 5, 1000: 3, 2000: 2, 200: 2}"
8292,03/11/2025,11,725.7644208065847,"{100: 19, 500: 15, 1000: 7, 2000: 2, 5000: 1, 200: 1}"
3746,11/11/2025,3,725.7189657125249,"{100: 21, 500: 13, 1000: 3, 5000: 2, 2000: 1}"
6504,06/11/2025,8,725.7051104094903,"{100: 20, 500: 13, 5000: 4, 1000: 4, 2000: 1, 200: 1}"
6141,13/10/2025,32,725.6924029181533,"{100: 20, 500: 14, 1000: 4, 2000: 3, 200: 3, 5000: 1}"
5780,12/11/2025,2,725.6872623508358,"{100: 23, 500: 12, 200: 3, 5000: 2}"
1801,07/11/2025,7,725.6226153873554,"{100: 19, 500: 16, 1000: 4, 5000: 2, 2000: 1}"
9842,23/10/2025,22,725.61117047412,"{100: 24, 500: 7, 1000: 3, 5000: 3, 2000: 3, 200: 2}"
0679,11/11/2025,3,725.6049664107773,"{100: 20, 500: 14, 1000: 4, 5000: 3, 200: 1, 2000: 1}"
6823,18/07/2025,119,725.5987084418945,"{100: 21, 500: 15, 1000: 4, 5000: 2, 200: 1}"
6509,06/11/2025,8,725.5287837309677,"{100: 18, 500: 18, 1000: 3, 5000: 2, 200: 2}"
6999,12/11/2025,2,725.5187565455882,"{100: 21, 500: 13, 1000: 3, 200: 2, 2000: 1, 5000: 1}"
4088,25/10/2025,20,725.476974751221,"{100: 19, 500: 14, 1000: 5, 200: 5, 2000: 2, 5000: 2}"
9635,03/11/2025,11,725.46849703409,"{100: 23, 500: 9, 5000: 7, 1000: 5, 200: 1}"
6089,31/10/2025,14,725.4631217132808,"{100: 18, 500: 17, 1000: 8, 200: 5, 5000: 2}"
3092,13/11/2025,1,725.4229298823898,"{500: 20, 100: 15, 200: 5, 2000: 4, 5000: 4, 1000: 3}"
9452,25/10/2025,20,725.3424318519282,"{100: 19, 500: 16, 200: 4, 5000: 1, 1000: 1}"
9861,24/08/2025,82,725.3085754943805,"{100: 19, 500: 16, 1000: 5, 5000: 4, 200: 2}"
2779,25/10/2025,20,725.3061045464138,"{100: 19, 500: 16, 1000: 4, 2000: 3, 5000: 2}"
4159,15/10/2025,30,725.3018919233258,"{100: 18, 500: 16, 5000: 5, 1000: 4, 2000: 2}"
4991,23/10/2025,22,725.2448355104679,"{100: 23, 500: 10, 5000: 4, 200: 3, 1000: 1}"
5476,05/11/2025,9,725.2384649051971,"{100: 18, 500: 17, 1000: 4, 200: 3, 5000: 2, 2000: 1}"
3252,10/11/2025,4,725.2003003796398,"{100: 19, 500: 15, 5000: 3, 1000: 3, 2000: 3, 200: 3}"
1565,03/11/2025,11,725.1975099946677,"{100: 21, 500: 11, 1000: 6, 5000: 6, 200: 2}"
7589,07/11/2025,7,725.1932854956806,"{100: 19, 500: 15, 1000: 6, 5000: 3, 200: 2}"
7622,20/10/2025,25,725.1800809080238,"{100: 20, 500: 15, 200: 4, 5000: 2, 2000: 1, 1000: 1}"
8670,23/09/2025,52,725.1125810312051,"{100: 20, 500: 14, 5000: 3, 200: 3, 1000: 2, 2000: 2}"
1216,07/11/2025,7,725.0940772516052,"{100: 20, 500: 13, 1000: 6, 200: 4, 2000: 4, 5000: 1}"
1616,28/10/2025,17,725.074574358283,"{100: 20, 500: 14, 200: 4, 5000: 4, 1000: 3}"
0139,31/10/2025,14,725.0529027697628,"{100: 20, 500: 13, 1000: 7, 2000: 3, 5000: 2, 200: 1}"
7741,09/11/2025,5,725.0267648317671,"{100: 22, 500: 9, 2000: 4, 5000: 3, 1000: 3, 200: 1}"
2263,30/10/2025,15,724.9789491300212,"{100: 18, 500: 17, 1000: 2, 200: 2, 2000: 1, 5000: 1}"
8502,16/10/2025,29,724.9528390174482,"{100: 21, 500: 12, 1000: 7, 200: 4, 5000: 1, 2000: 1}"
7894,22/09/2025,53,724.8810117228876,"{100: 18, 500: 16, 1000: 8, 5000: 3, 2000: 2, 200: 2}"
4389,01/11/2025,13,724.8628398717328,"{100: 20, 500: 14, 1000: 5, 5000: 2, 2000: 1, 200: 1}"
7704,12/10/2025,33,724.8458608813071,"{100: 21, 500: 13, 5000: 4, 1000: 2, 200: 2, 2000: 1}"
5331,31/10/2025,14,724.8085440389422,"{100: 23, 500: 10, 1000: 3, 2000: 1, 5000: 1, 200: 1}"
9188,30/08/2025,76,724.7781958464246,"{100: 23, 500: 12, 2000: 1, 1000: 1, 5000: 1}"
7850,20/10/2025,25,724.7707733650806,"{100: 21, 500: 12, 200: 5, 5000: 4, 2000: 4, 1000: 2}"
0439,02/11/2025,12,724.7634967865079,"{100: 20, 500: 14, 200: 3, 5000: 2, 1000: 2}"
1412,04/11/2025,10,724.7549042549975,"{100: 19, 500: 15, 1000: 5, 200: 3, 5000: 3, 2000: 2}"
0594,05/10/2025,40,724.754443579652,"{100: 19, 500: 17, 5000: 2, 1000: 1, 200: 1}"
0102,11/11/2025,3,724.7038420326144,"{500: 18, 100: 17, 1000: 6, 5000: 1, 200: 1}"
9489,02/11/2025,12,724.6624566463562,"{100: 22, 500: 11, 1000: 4, 5000: 3, 200: 2, 2000: 1}"
3994,25/10/2025,20,724.660294924506,"{100: 18, 500: 15, 1000: 8, 200: 3, 5000: 2, 2000: 1}"
7983,20/09/2025,55,724.657816657811,"{100: 19, 500: 16, 5000: 5, 2000: 3, 1000: 2}"
6161,19/10/2025,26,724.6536870712979,"{100: 21, 500: 12, 1000: 4, 200: 2, 2000: 1, 5000: 1}"
1478,24/10/2025,21,724.5832069537992,"{100: 22, 500: 11, 1000: 3, 2000: 2, 200: 1, 5000: 1}"
0775,04/10/2025,41,724.5607361629158,"{100: 23, 500: 10, 200: 3, 1000: 3, 5000: 3}"
7330,08/10/2025,37,724.4148759889345,"{100: 19, 500: 13, 5000: 4, 1000: 4, 2000: 2, 200: 2}"
2156,14/10/2025,31,724.4095401924258,"{100: 21, 500: 11, 1000: 7, 5000: 3, 200: 1, 2000: 1}"
3726,03/11/2025,11,724.3731102604717,"{100: 17, 500: 15, 1000: 10, 2000: 4, 5000: 2, 200: 2}"
7889,22/10/2025,23,724.3205120727707,"{100: 18, 500: 15, 1000: 4, 5000: 3, 200: 1}"
4014,11/11/2025,3,724.2833799039646,"{500: 18, 100: 16, 1000: 7, 5000: 2, 200: 2}"
1518,01/10/2025,44,724.2471869487053,"{100: 18, 500: 15, 1000: 7, 200: 4, 5000: 4, 2000: 2}"
9398,23/08/2025,83,724.2448281472708,"{500: 19, 100: 17, 5000: 6, 1000: 4, 200: 2, 2000: 1}"
0687,28/09/2025,47,724.1478121600726,"{100: 18, 500: 17, 5000: 7, 200: 3, 1000: 3, 2000: 1}"
0241,29/10/2025,16,724.0692983656178,"{100: 17, 500: 15, 1000: 5, 200: 4, 5000: 3, 2000: 2}"
1695,01/11/2025,13,724.0447892747316,"{100: 23, 500: 10, 2000: 3, 200: 3, 5000: 2}"
6970,15/10/2025,30,724.0439673343515,"{100: 21, 500: 14, 200: 3, 1000: 3, 5000: 2, 2000: 1}"
4200,24/10/2025,21,723.9713226082031,"{100: 23, 500: 9, 5000: 4, 200: 3, 1000: 2, 2000: 1}"
4035,30/10/2025,15,723.9681586162454,"{100: 18, 500: 13, 1000: 7, 5000: 5, 2000: 3, 200: 1}"
4859,08/11/2025,6,723.9299329540149,"{100: 19, 500: 13, 5000: 4, 1000: 3, 200: 2}"
7133,24/10/2025,21,723.88086084934,"{100: 21, 500: 11, 1000: 7, 200: 3, 5000: 3, 2000: 1}"
2150,01/11/2025,13,723.7778502960681,"{500: 21, 100: 14, 1000: 3, 5000: 2, 2000: 2, 200: 2}"
7093,13/11/2025,1,723.7633476095614,"{100: 21, 500: 11, 1000: 7, 200: 4, 5000: 3}"
5564,09/09/2025,66,723.6992110678157,"{100: 22, 500: 9, 1000: 6, 200: 4, 5000: 3, 2000: 1}"
7818,04/11/2025,10,723.6975341108804,"{100: 23, 500: 8, 5000: 5, 200: 5, 2000: 4, 1000: 2}"
2031,15/10/2025,30,723.6872624001384,"{100: 21, 500: 12, 200: 5, 5000: 4, 1000: 3}"
8690,13/09/2025,62,723.6320802982243,"{500: 20, 100: 17, 5000: 5, 1000: 2, 2000: 2, 200: 2}"
3309,17/10/2025,28,723.6053235561407,"{100: 21, 500: 9, 5000: 5, 1000: 4, 2000: 3, 200: 2}"
3216,07/11/2025,7,723.5723399292325,"{100: 19, 500: 12, 5000: 4, 1000: 4, 200: 3}"
6904,14/11/2025,0,723.5283834956498,"{100: 22, 500: 9, 1000: 4, 5000: 3, 200: 3}"
9058,13/11/2025,1,723.5037586876905,"{100: 23, 500: 10, 1000: 6, 200: 2, 2000: 2}"
4909,01/11/2025,13,723.4974175937651,"{100: 19, 500: 15, 1000: 4, 200: 2, 5000: 1, 2000: 1}"
5440,21/08/2025,85,723.4882367063522,"{100: 21, 500: 12, 1000: 6, 5000: 5, 2000: 2}"
1806,12/11/2025,2,723.4786858847159,"{100: 21, 500: 11, 1000: 6, 5000: 5, 200: 1}"
6363,29/10/2025,16,723.4431011712359,"{100: 23, 500: 9, 1000: 5, 5000: 2, 2000: 1, 200: 1}"
8560,10/11/2025,4,723.4360827101215,"{100: 18, 500: 15, 1000: 7, 200: 4, 5000: 2}"
5889,02/11/2025,12,723.4033234888251,"{500: 20, 100: 16, 1000: 5, 200: 2, 5000: 1, 2000: 1}"
4484,01/10/2025,44,723.4032977507413,"{100: 22, 500: 11, 1000: 3, 200: 3, 5000: 1}"
7443,14/11/2025,0,723.2926019504486,"{100: 19, 500: 15, 200: 4, 1000: 2, 5000: 2}"
2568,28/09/2025,47,723.2775393726856,"{100: 20, 500: 14, 1000: 5, 5000: 2, 200: 2}"
2871,28/09/2025,47,723.187515270264,"{100: 22, 500: 11, 1000: 4, 200: 3, 5000: 3, 2000: 2}"
9474,06/11/2025,8,723.1863484525122,"{100: 18, 500: 17, 1000: 5, 200: 4, 2000: 2, 5000: 1}"
8558,08/09/2025,67,723.1523125660823,"{100: 21, 500: 9, 1000: 8, 5000: 5, 200: 1}"
5833,06/10/2025,39,723.1468554233746,"{100: 24, 500: 10, 1000: 2, 2000: 2, 200: 2}"
2581,28/10/2025,17,723.1459286856086,"{100: 19, 500: 14, 1000: 6, 200: 4, 5000: 3, 2000: 1}"
8171,27/10/2025,18,723.0985776976949,"{100: 19, 500: 13, 200: 5, 5000: 5, 1000: 2, 2000: 1}"
2762,11/11/2025,3,723.0908033109159,"{100: 19, 500: 13, 5000: 6, 2000: 4, 1000: 3, 200: 1}"
1345,27/10/2025,18,723.0309247600093,"{100: 18, 500: 12, 5000: 7, 1000: 6, 200: 6, 2000: 1}"
1127,31/10/2025,14,723.0302116486923,"{100: 21, 500: 11, 5000: 5, 1000: 5, 200: 1}"
6341,03/11/2025,11,723.0013351154175,"{100: 20, 500: 13, 1000: 5, 5000: 3, 2000: 1}"
5777,10/11/2025,4,722.8138177540823,"{100: 23, 500: 9, 200: 4, 1000: 3, 5000: 2, 2000: 2}"
0315,07/11/2025,7,722.7631628700053,"{100: 19, 500: 14, 1000: 7, 5000: 4, 200: 2, 2000: 1}"
8148,06/11/2025,8,722.7479521944906,"{100: 22, 1000: 9, 500: 9, 200: 3, 5000: 1}"
3424,04/09/2025,71,722.7237211455439,"{100: 22, 500: 10, 1000: 4, 5000: 4, 2000: 3, 200: 2}"
2550,15/10/2025,30,722.649690383615,"{100: 20, 500: 14, 1000: 5, 5000: 3, 2000: 1, 200: 1}"
0766,07/11/2025,7,722.5889848095914,"{100: 18, 500: 13, 5000: 8, 1000: 4, 200: 3, 2000: 1}"
5921,02/11/2025,12,722.5449005146749,"{100: 18, 500: 15, 1000: 8, 200: 4, 5000: 2, 2000: 1}"
1691,09/10/2025,36,722.5376761399002,"{100: 20, 500: 12, 1000: 5, 5000: 1}"
2840,11/11/2025,3,722.5340432509413,"{100: 22, 1000: 10, 500: 8, 200: 3, 5000: 2}"
2720,08/10/2025,37,722.5338452183119,"{100: 19, 500: 12, 1000: 8, 200: 4, 5000: 2}"
7766,12/11/2025,2,722.4773428299038,"{100: 20, 500: 13, 1000: 4, 2000: 3, 200: 3, 5000: 2}"
7586,26/09/2025,49,722.426267528415,"{100: 19, 500: 15, 1000: 5, 5000: 2, 200: 2}"
7539,08/09/2025,67,722.3848159806912,"{100: 21, 500: 16, 200: 3, 5000: 1, 2000: 1}"
9318,29/10/2025,16,722.3737623650144,"{500: 19, 100: 17, 1000: 3, 2000: 2, 5000: 1, 200: 1}"
9839,14/11/2025,0,722.3417236235409,"{100: 19, 500: 12, 5000: 6, 1000: 3, 200: 3}"
5708,01/11/2025,13,722.2832222655178,"{100: 22, 500: 11, 1000: 3, 5000: 3, 2000: 1, 200: 1}"
4614,13/11/2025,1,722.251208103514,"{100: 20, 500: 16, 1000: 3, 200: 3, 2000: 1}"
7754,28/10/2025,17,722.1979252108126,"{100: 22, 500: 12, 1000: 6, 2000: 2, 200: 1}"
8341,14/11/2025,0,722.1860414255946,"{100: 21, 500: 12, 200: 6, 5000: 4, 1000: 1}"
1006,09/11/2025,5,722.1856704975621,"{500: 19, 100: 16, 200: 6, 5000: 4, 1000: 4}"
0612,22/09/2025,53,722.149291719106,"{100: 22, 500: 12, 1000: 4, 200: 2, 5000: 1}"
7897,23/09/2025,52,722.1218070500355,"{100: 22, 500: 12, 5000: 4, 1000: 2, 200: 1}"
8323,12/11/2025,2,722.1052641167494,"{100: 19, 500: 11, 5000: 6, 1000: 3, 2000: 2, 200: 2}"
9073,03/11/2025,11,722.022282479989,"{100: 20, 500: 13, 200: 4, 1000: 3, 5000: 2, 2000: 1}"
3557,23/10/2025,22,722.0094056419563,"{100: 19, 500: 17, 200: 3, 5000: 2, 1000: 1}"
2790,13/11/2025,1,721.9497184506973,"{100: 20, 500: 14, 200: 2, 1000: 2, 5000: 1, 2000: 1}"
2377,19/10/2025,26,721.9396502226091,"{100: 18, 500: 16, 1000: 7, 5000: 5, 200: 2}"
8094,30/10/2025,15,721.8935407636727,"{100: 25, 200: 6, 500: 5, 1000: 4, 5000: 3}"
0296,20/10/2025,25,721.8530307417439,"{100: 22, 500: 10, 1000: 7, 5000: 2, 200: 2}"
7534,27/08/2025,79,721.8224058194321,"{100: 22, 500: 11, 5000: 7, 200: 4, 1000: 3}"
6575,13/10/2025,32,721.7565544726988,"{100: 20, 500: 14, 5000: 4, 1000: 3, 200: 2}"
9819,10/11/2025,4,721.7238236643237,"{500: 18, 100: 17, 5000: 5, 1000: 4, 200: 2, 2000: 1}"
7438,29/10/2025,16,721.7087682711755,"{100: 17, 500: 15, 1000: 11, 200: 3, 5000: 3}"
2585,12/11/2025,2,721.692945823221,"{500: 17, 100: 17, 1000: 5, 5000: 5, 200: 4}"
9206,02/11/2025,12,721.6568650495484,"{100: 22, 500: 8, 5000: 4, 1000: 3, 2000: 1, 200: 1}"
6118,31/10/2025,14,721.5439077665679,"{500: 23, 100: 14, 1000: 4, 5000: 4, 200: 2}"
3460,26/10/2025,19,721.5426695373155,"{100: 20, 500: 11, 5000: 6, 1000: 3, 200: 1}"
6378,08/10/2025,37,721.5415253744103,"{100: 17, 500: 17, 5000: 6, 1000: 4, 2000: 3, 200: 2}"
6957,11/11/2025,3,721.534491816056,"{100: 23, 1000: 6, 5000: 5, 200: 5, 500: 4}"
6045,12/08/2025,94,721.5315590767516,"{100: 21, 500: 13, 5000: 5, 1000: 3, 2000: 1, 200: 1}"
6381,10/11/2025,4,721.5012499365429,"{100: 20, 500: 11, 5000: 5, 1000: 3}"
0266,25/10/2025,20,721.464100954728,"{100: 22, 500: 10, 1000: 6, 2000: 4, 200: 2, 5000: 1}"
9607,14/11/2025,0,721.430721848106,"{100: 21, 500: 11, 1000: 6, 5000: 2, 200: 1}"
8149,14/11/2025,0,721.387103393805,"{100: 21, 500: 11, 5000: 4, 1000: 4, 200: 2, 2000: 1}"
6309,02/11/2025,12,721.3828481251446,"{100: 24, 500: 9, 200: 4, 1000: 4, 2000: 1}"
3830,06/11/2025,8,721.3705203192633,"{100: 24, 500: 7, 5000: 4, 1000: 3, 200: 3}"
1113,10/11/2025,4,721.2747309603899,"{100: 20, 500: 12, 5000: 4, 1000: 3, 200: 3, 2000: 1}"
1641,14/11/2025,0,721.2570642627322,"{100: 23, 500: 9, 2000: 2, 5000: 2, 200: 1, 1000: 1}"
7196,12/11/2025,2,721.2348658476774,"{100: 18, 500: 15, 200: 6, 5000: 5, 1000: 4}"
7086,06/11/2025,8,721.0452386340667,"{100: 22, 500: 9, 5000: 6, 200: 5, 1000: 4}"
2227,25/09/2025,50,721.0066721494181,"{100: 23, 500: 8, 1000: 4, 2000: 2, 5000: 2, 200: 2}"
3878,28/10/2025,17,720.9697295395308,"{100: 19, 500: 13, 1000: 7, 5000: 4, 200: 2}"
0435,07/10/2025,38,720.9404896936583,"{100: 20, 500: 15, 5000: 3, 200: 2, 1000: 2, 2000: 1}"
9719,24/09/2025,51,720.9278515274159,"{100: 21, 500: 10, 1000: 7, 2000: 3, 5000: 2, 200: 2}"
3882,31/10/2025,14,720.9133129716463,"{100: 21, 500: 12, 5000: 4, 200: 3, 1000: 2}"
5548,03/11/2025,11,720.8749997410553,"{100: 20, 500: 13, 200: 5, 1000: 2, 5000: 2}"
2674,30/10/2025,15,720.8736085753538,"{100: 24, 500: 7, 1000: 4, 200: 3, 5000: 2, 2000: 2}"
8060,07/11/2025,7,720.8734332251707,"{100: 21, 500: 11, 5000: 6, 1000: 4, 2000: 3, 200: 1}"
5268,22/10/2025,23,720.8248378936476,"{100: 19, 500: 12, 1000: 9, 200: 6, 5000: 1, 2000: 1}"
5051,09/09/2025,66,720.6842885006225,"{100: 21, 500: 13, 1000: 5, 200: 2, 5000: 2, 2000: 1}"
6908,25/10/2025,20,720.6173839135867,"{100: 22, 500: 10, 2000: 4, 5000: 3, 1000: 3, 200: 1}"
2614,25/10/2025,20,720.5978052134618,"{100: 18, 500: 17, 1000: 5, 5000: 3, 2000: 1}"
9150,16/09/2025,59,720.5689995397677,"{100: 19, 500: 16, 1000: 5, 5000: 3, 2000: 2, 200: 1}"
8474,03/10/2025,42,720.5103986690701,"{100: 25, 5000: 5, 500: 5, 1000: 4, 200: 4, 2000: 1}"
1553,24/09/2025,51,720.4738228425352,"{100: 23, 500: 9, 5000: 5, 200: 4, 1000: 2, 2000: 1}"
3457,14/11/2025,0,720.4305069954492,"{100: 24, 1000: 6, 200: 6, 500: 5, 5000: 3}"
3945,31/10/2025,14,720.3465030899406,"{100: 22, 500: 8, 1000: 5, 5000: 1, 2000: 1, 200: 1}"
0826,11/11/2025,3,720.317044285658,"{100: 21, 500: 11, 1000: 6, 200: 4, 5000: 1}"
0736,04/09/2025,71,720.3113577532135,"{100: 21, 500: 13, 1000: 6, 2000: 1, 5000: 1, 200: 1}"
4467,22/09/2025,53,720.2907863454905,"{100: 22, 500: 9, 1000: 7, 5000: 2, 200: 2, 2000: 1}"
0887,08/09/2025,67,720.1884689571606,"{100: 20, 500: 15, 5000: 3, 200: 3, 1000: 2, 2000: 1}"
4767,24/10/2025,21,720.1131577958181,"{100: 23, 500: 9, 200: 4, 5000: 3, 2000: 2, 1000: 1}"
2756,10/11/2025,4,720.09025095474,"{100: 23, 500: 8, 1000: 4, 5000: 3, 200: 1}"
9161,05/11/2025,9,719.9300564388465,"{100: 24, 500: 7, 1000: 6, 200: 1, 5000: 1}"
7252,08/11/2025,6,719.9030263807756,"{100: 24, 500: 7, 200: 4, 5000: 4, 2000: 2, 1000: 1}"
6716,03/11/2025,11,719.894011243358,"{100: 20, 500: 16, 200: 4, 5000: 3, 2000: 1}"
3353,31/10/2025,14,719.8935311960756,"{100: 22, 500: 11, 200: 3, 5000: 3, 1000: 2, 2000: 1}"
7246,12/11/2025,2,719.8674957175714,"{100: 19, 500: 14, 1000: 5, 5000: 3, 200: 2, 2000: 1}"
5374,29/10/2025,16,719.8620241392624,"{100: 22, 500: 9, 1000: 5, 5000: 2, 2000: 2, 200: 1}"
6701,12/10/2025,33,719.8354891034762,"{100: 18, 500: 18, 200: 3, 1000: 2, 2000: 1, 5000: 1}"
9931,15/10/2025,30,719.8354464685378,"{100: 21, 500: 13, 1000: 3, 5000: 2, 200: 2, 2000: 1}"
9907,08/10/2025,37,719.7778996208373,"{100: 19, 500: 14, 1000: 7, 5000: 4, 200: 2, 2000: 1}"
9130,29/09/2025,46,719.7775502549852,"{100: 19, 500: 15, 1000: 4, 200: 2, 5000: 2}"
6138,23/10/2025,22,719.7644949952283,"{100: 24, 500: 8, 5000: 4, 200: 3, 1000: 2, 2000: 1}"
6221,12/09/2025,63,719.7573871947415,"{500: 19, 100: 17, 1000: 8, 5000: 1}"
6744,29/10/2025,16,719.7563787240136,"{100: 22, 500: 8, 5000: 5, 1000: 4, 200: 2}"
3244,07/11/2025,7,719.6993818963671,"{100: 20, 500: 14, 2000: 3, 1000: 3, 5000: 2, 200: 1}"
5135,23/10/2025,22,719.5357048015547,"{100: 21, 500: 11, 1000: 3, 5000: 3, 2000: 3, 200: 2}"
6256,25/10/2025,20,719.4772413256859,"{100: 19, 500: 13, 1000: 6, 5000: 3, 2000: 2, 200: 2}"
0254,15/09/2025,60,719.4574110370198,"{100: 24, 500: 8, 5000: 4, 1000: 4, 200: 1}"
3950,14/11/2025,0,719.4466952396665,"{100: 23, 200: 6, 500: 6, 1000: 5, 5000: 5}"
7571,02/09/2025,73,719.4089550813211,"{500: 17, 100: 17, 1000: 7, 200: 4, 5000: 3, 2000: 2}"
8666,11/11/2025,3,719.3974052542126,"{500: 18, 100: 17, 1000: 6, 200: 2, 5000: 2}"
3953,06/11/2025,8,719.3765785905331,"{100: 22, 500: 12, 1000: 4, 200: 3, 2000: 2}"
2121,20/09/2025,55,719.3659806835552,"{100: 19, 500: 15, 200: 3, 2000: 3, 1000: 3, 5000: 2}"
4266,30/10/2025,15,719.3335188404103,"{100: 23, 500: 9, 1000: 4, 5000: 2, 2000: 2}"
0472,13/11/2025,1,719.3078766714603,"{100: 22, 500: 9, 1000: 4, 200: 4, 5000: 3, 2000: 1}"
8295,23/10/2025,22,719.2851658710754,"{100: 20, 500: 14, 1000: 4, 5000: 3, 200: 1}"
9248,09/11/2025,5,719.2717944604761,"{500: 18, 100: 15, 1000: 7, 5000: 6, 2000: 3, 200: 2}"
1650,08/11/2025,6,719.2708112929042,"{100: 22, 500: 12, 200: 4, 2000: 3, 5000: 3}"
1509,12/10/2025,33,719.242276958424,"{100: 22, 500: 9, 1000: 7, 200: 2, 2000: 1, 5000: 1}"
0879,26/06/2025,141,719.2173903693305,"{500: 22, 100: 16, 1000: 6, 5000: 2, 200: 2, 2000: 1}"
4124,09/11/2025,5,719.2127070640856,"{100: 19, 500: 18, 5000: 5}"
8131,14/11/2025,0,719.1668117708525,"{100: 18, 500: 15, 5000: 7, 200: 6, 1000: 3, 2000: 3}"
1480,08/11/2025,6,719.1412903284671,"{100: 19, 500: 13, 1000: 9, 200: 7, 2000: 2}"
5480,24/10/2025,21,719.1123693981226,"{100: 21, 500: 12, 5000: 3, 1000: 3, 200: 3}"
2768,09/09/2025,66,719.11032626983,"{100: 20, 500: 15, 1000: 3, 5000: 3, 2000: 1, 200: 1}"
4238,09/11/2025,5,719.0935402632426,"{100: 22, 500: 11, 1000: 6, 200: 4}"
8291,25/09/2025,50,719.0798911093449,"{100: 23, 500: 8, 200: 6, 1000: 4, 5000: 1}"
1076,05/10/2025,40,719.0761737823319,"{100: 22, 500: 12, 1000: 2, 2000: 1, 5000: 1, 200: 1}"
6136,21/09/2025,54,719.0443579969693,"{100: 19, 500: 15, 1000: 7, 5000: 3, 200: 2, 2000: 1}"
7588,13/09/2025,62,718.9769136675342,"{100: 21, 500: 10, 1000: 5, 5000: 2, 2000: 2, 200: 1}"
6281,13/11/2025,1,718.9691304550329,"{500: 18, 100: 16, 1000: 5, 5000: 5, 200: 3}"
9612,25/09/2025,50,718.9661165557235,"{100: 21, 500: 11, 5000: 8, 2000: 3, 200: 3, 1000: 1}"
8232,29/10/2025,16,718.8678116433153,"{100: 20, 500: 14, 200: 3, 5000: 3, 2000: 1, 1000: 1}"
7575,03/11/2025,11,718.6894504114027,"{100: 21, 500: 12, 1000: 4, 5000: 3, 200: 1}"
5255,21/10/2025,24,718.6644430051138,"{100: 23, 500: 9, 1000: 4, 200: 4, 5000: 2, 2000: 1}"
6096,26/10/2025,19,718.6513733570941,"{100: 21, 500: 11, 5000: 5, 200: 4, 1000: 2, 2000: 1}"
1471,18/10/2025,27,718.6110780572843,"{100: 24, 500: 7, 1000: 5, 200: 2, 5000: 1, 2000: 1}"
5049,28/10/2025,17,718.6076229100918,"{100: 20, 500: 14, 1000: 4, 5000: 4, 200: 1}"
9717,05/11/2025,9,718.5844805646777,"{100: 20, 500: 11, 1000: 6, 2000: 3, 200: 3, 5000: 2}"
4247,04/10/2025,41,718.5153560955436,"{100: 18, 500: 16, 1000: 7, 200: 4, 5000: 2}"
6789,01/11/2025,13,718.5107432354266,"{100: 21, 500: 12, 5000: 4, 200: 3, 1000: 3}"
4497,30/10/2025,15,718.5088434337755,"{100: 19, 500: 16, 1000: 4, 2000: 2, 200: 2, 5000: 1}"
6854,27/10/2025,18,718.4993386581629,"{100: 20, 500: 13, 1000: 5, 5000: 3, 2000: 3, 200: 3}"
6105,06/11/2025,8,718.3406539212699,"{100: 21, 500: 10, 1000: 4, 5000: 4, 200: 2}"
5252,01/11/2025,13,718.2915819531213,"{100: 20, 500: 13, 5000: 5, 200: 4, 2000: 2, 1000: 2}"
9089,13/10/2025,32,718.2560877038359,"{100: 20, 500: 13, 5000: 8, 1000: 2, 200: 1}"
9243,08/11/2025,6,718.2503654728364,"{100: 22, 500: 10, 1000: 4, 5000: 4, 200: 3}"
8926,15/10/2025,30,718.2264651711546,"{100: 18, 500: 17, 5000: 6, 1000: 3, 200: 2}"
4443,07/11/2025,7,718.2076518471272,"{100: 20, 500: 11, 5000: 6, 1000: 6, 200: 5, 2000: 2}"
3192,14/11/2025,0,718.1992403363462,"{100: 21, 1000: 8, 500: 7, 5000: 5, 200: 3}"
0911,07/10/2025,38,718.156926263687,"{100: 19, 500: 16, 200: 2, 5000: 2, 1000: 1}"
2270,08/11/2025,6,718.1460000134122,"{100: 20, 500: 11, 1000: 7, 5000: 4, 200: 3, 2000: 1}"
5410,31/10/2025,14,718.1032823058378,"{100: 20, 500: 14, 1000: 3, 5000: 3, 200: 1, 2000: 1}"
9504,30/10/2025,15,718.0937473636658,"{100: 19, 500: 13, 5000: 4, 200: 2, 1000: 2, 2000: 1}"
2292,06/11/2025,8,718.0824670599292,"{500: 18, 100: 17, 1000: 4, 5000: 3, 200: 1}"
9446,13/11/2025,1,718.0570045656004,"{500: 17, 100: 17, 5000: 6, 200: 3, 1000: 2, 2000: 1}"
2015,31/10/2025,14,718.0489250872258,"{100: 23, 500: 8, 1000: 5, 5000: 4, 200: 2, 2000: 1}"
4155,28/10/2025,17,718.0118850564528,"{100: 19, 500: 16, 5000: 3, 1000: 2, 200: 2, 2000: 1}"
8565,13/11/2025,1,717.9369114300313,"{100: 19, 500: 13, 5000: 7, 200: 4, 1000: 2}"
0780,07/11/2025,7,717.9016191137952,"{500: 21, 100: 15, 1000: 5, 200: 3, 5000: 2, 2000: 1}"
5495,02/11/2025,12,717.8920236315622,"{100: 20, 500: 14, 5000: 3, 2000: 1, 200: 1}"
9423,27/10/2025,18,717.891883761376,"{100: 18, 500: 15, 5000: 5, 1000: 4, 200: 4, 2000: 1}"
0540,29/10/2025,16,717.872322323772,"{100: 23, 500: 6, 1000: 3, 5000: 3, 200: 3, 2000: 2}"
1447,02/11/2025,12,717.8453404860029,"{100: 19, 500: 10, 1000: 6, 200: 5, 5000: 4}"
6167,29/09/2025,46,717.7730031476718,"{100: 20, 500: 13, 1000: 6, 2000: 3, 5000: 2, 200: 1}"
8041,05/10/2025,40,717.6838870148478,"{100: 22, 500: 10, 1000: 6, 5000: 4, 2000: 1}"
2541,09/11/2025,5,717.6422054183249,"{500: 18, 100: 16, 1000: 5, 5000: 5, 200: 3, 2000: 1}"
1312,06/11/2025,8,717.6376613739732,"{100: 21, 500: 11, 200: 6, 5000: 4, 1000: 2, 2000: 1}"
1639,06/11/2025,8,717.6220581493618,"{100: 20, 500: 13, 200: 4, 1000: 3, 5000: 1, 2000: 1}"
5114,09/11/2025,5,717.5804808866676,"{100: 23, 500: 9, 2000: 3, 200: 2, 5000: 1, 1000: 1}"
8270,19/10/2025,26,717.5228520799692,"{100: 20, 500: 13, 200: 6, 5000: 5, 1000: 2}"
5044,13/11/2025,1,717.4678857216874,"{500: 23, 100: 14, 5000: 4, 1000: 4, 2000: 1, 200: 1}"
3711,14/11/2025,0,717.462036380084,"{100: 20, 500: 12, 5000: 4, 200: 4, 2000: 3, 1000: 3}"
8046,06/11/2025,8,717.4515923892909,"{100: 23, 500: 7, 5000: 6, 1000: 4, 200: 4, 2000: 2}"
0918,08/11/2025,6,717.4016882817135,"{100: 21, 500: 10, 1000: 8, 200: 4, 5000: 1, 2000: 1}"
2310,24/10/2025,21,717.3099355877962,"{100: 19, 500: 14, 1000: 5, 200: 4, 5000: 1}"
9700,20/09/2025,55,717.2549545677055,"{100: 21, 500: 13, 5000: 2, 200: 2, 1000: 2, 2000: 1}"
1282,14/10/2025,31,717.2281362744799,"{100: 21, 500: 12, 1000: 4, 5000: 2, 200: 1}"
1594,03/09/2025,72,717.1635391859548,"{100: 23, 500: 9, 1000: 4, 2000: 1, 5000: 1, 200: 1}"
0490,03/11/2025,11,717.0343114727567,"{100: 20, 500: 12, 1000: 5, 5000: 3, 200: 1}"
8913,17/10/2025,28,717.0313850948363,"{100: 23, 500: 8, 1000: 5, 200: 4, 2000: 3, 5000: 1}"
8651,14/11/2025,0,717.0083677958331,"{100: 20, 500: 14, 1000: 4, 200: 2, 2000: 1}"
3490,14/11/2025,0,717.00695243419,"{100: 20, 500: 12, 5000: 5, 200: 4, 1000: 2, 2000: 1}"
1031,22/10/2025,23,716.9995997324661,"{100: 19, 500: 16, 200: 4, 1000: 3, 5000: 1, 2000: 1}"
8289,30/10/2025,15,716.9966015959596,"{100: 19, 500: 12, 1000: 8, 5000: 3, 2000: 3, 200: 3}"
4968,09/10/2025,36,716.9623012828866,"{100: 21, 500: 10, 1000: 6, 200: 4, 5000: 2}"
3937,09/11/2025,5,716.9583558407237,"{100: 18, 500: 14, 5000: 6, 1000: 6, 200: 5, 2000: 3}"
4800,30/09/2025,45,716.8334648638443,"{100: 19, 500: 14, 5000: 6, 2000: 3, 200: 2, 1000: 2}"
2947,18/09/2025,57,716.8115814340618,"{100: 18, 500: 15, 1000: 4, 5000: 3, 200: 2}"
3465,07/10/2025,38,716.7538890295234,"{100: 18, 500: 16, 200: 2, 5000: 1, 1000: 1, 2000: 1}"
4424,13/11/2025,1,716.7342171417491,"{100: 17, 500: 14, 1000: 9, 2000: 5, 200: 3, 5000: 3}"
4199,08/11/2025,6,716.6911050981894,"{100: 20, 500: 13, 5000: 4, 200: 4, 1000: 3}"
3211,24/07/2025,113,716.6333078722405,"{100: 22, 500: 12, 200: 3, 1000: 3, 5000: 3}"
8587,11/09/2025,64,716.598524046308,"{100: 24, 500: 8, 1000: 4, 5000: 1}"
8489,12/10/2025,33,716.5903931702427,"{100: 21, 500: 13, 1000: 3, 5000: 2, 200: 1}"
8669,03/10/2025,42,716.5296883052984,"{100: 21, 500: 11, 1000: 5, 5000: 4, 200: 3}"
3268,20/10/2025,25,716.5166079931388,"{100: 20, 500: 14, 1000: 2, 5000: 2, 200: 2, 2000: 1}"
8371,02/11/2025,12,716.4906996015357,"{100: 23, 500: 8, 1000: 4, 5000: 3, 200: 1}"
6384,14/11/2025,0,716.4359005127961,"{100: 21, 500: 9, 5000: 3, 1000: 3, 200: 3}"
2149,14/11/2025,0,716.4318794873388,"{100: 18, 500: 14, 1000: 6, 5000: 5, 200: 3, 2000: 1}"
7716,01/11/2025,13,716.4098172655047,"{100: 18, 500: 16, 1000: 5, 200: 5, 5000: 3, 2000: 1}"
1022,26/10/2025,19,716.3354899692421,"{500: 22, 1000: 15, 100: 11, 200: 6, 2000: 3, 5000: 1}"
6405,18/08/2025,88,716.2963744430407,"{100: 24, 500: 9, 5000: 4, 1000: 2, 200: 1}"
6213,10/11/2025,4,716.2560776506054,"{100: 21, 500: 9, 1000: 9, 200: 5, 5000: 2, 2000: 1}"
1219,06/11/2025,8,716.1679366471243,"{100: 21, 500: 11, 200: 4, 5000: 4, 1000: 4, 2000: 3}"
3205,28/10/2025,17,716.1410970189934,"{100: 20, 500: 10, 200: 6, 5000: 4, 2000: 3, 1000: 2}"
4545,02/11/2025,12,716.1292926478177,"{100: 23, 500: 9, 2000: 3, 1000: 3, 200: 1, 5000: 1}"
8307,30/10/2025,15,716.1141861452797,"{100: 21, 500: 10, 1000: 6, 5000: 6, 200: 5, 2000: 2}"
1797,12/11/2025,2,716.1070306265295,"{100: 21, 500: 12, 200: 3, 5000: 2, 2000: 2, 1000: 1}"
3620,12/11/2025,2,716.1047598323851,"{100: 17, 500: 15, 1000: 7, 200: 3, 5000: 2}"
0985,25/08/2025,81,716.0949412265421,"{100: 21, 500: 13, 1000: 3, 5000: 3, 200: 3}"
1818,07/11/2025,7,716.0704068581608,"{100: 20, 500: 11, 1000: 7, 200: 4, 5000: 3}"
9510,23/10/2025,22,716.0512099780163,"{100: 20, 500: 13, 1000: 5, 200: 4, 2000: 2, 5000: 2}"
1336,19/08/2025,87,715.9789292832888,"{100: 17, 500: 15, 1000: 7, 5000: 5, 200: 4, 2000: 1}"
4760,28/10/2025,17,715.9202969578896,"{100: 19, 500: 16, 5000: 3, 1000: 2, 2000: 1}"
5185,07/10/2025,38,715.9044584718154,"{100: 24, 500: 7, 200: 5, 1000: 4, 5000: 3, 2000: 1}"
4071,06/11/2025,8,715.6278591285909,"{100: 20, 500: 12, 1000: 4, 2000: 2, 5000: 2, 200: 1}"
6333,03/11/2025,11,715.6063182995492,"{100: 22, 500: 10, 1000: 3, 5000: 2, 2000: 2}"
8337,04/10/2025,41,715.5753313783306,"{100: 22, 500: 12, 5000: 2, 1000: 1, 200: 1}"
3388,20/08/2025,86,715.55274519067,"{100: 25, 500: 7, 200: 3, 5000: 3, 1000: 3}"
7204,07/10/2025,38,715.5427368789562,"{100: 20, 500: 11, 1000: 6, 5000: 2, 200: 1}"
1165,28/10/2025,17,715.4524305440071,"{100: 20, 500: 14, 1000: 6, 200: 2, 2000: 1}"
6075,15/10/2025,30,715.42684443107,"{100: 19, 500: 15, 1000: 5, 200: 3, 2000: 1, 5000: 1}"
5164,12/11/2025,2,715.3942536057044,"{100: 20, 500: 11, 1000: 7, 5000: 5, 200: 3, 2000: 1}"
2654,12/08/2025,94,715.3022386871652,"{100: 19, 500: 14, 1000: 5, 5000: 2, 2000: 1}"
4888,31/10/2025,14,715.1881056351762,"{100: 21, 500: 11, 5000: 5, 1000: 4, 200: 4, 2000: 1}"
5230,03/11/2025,11,715.185909082665,"{100: 20, 500: 12, 1000: 7, 5000: 2, 200: 1}"
6484,25/09/2025,50,715.1685776862149,"{100: 20, 500: 15, 200: 3, 1000: 2, 5000: 2, 2000: 1}"
8277,04/11/2025,10,715.0984996659357,"{100: 20, 500: 14, 200: 3, 5000: 2, 1000: 1}"
1507,03/11/2025,11,715.0541820419727,"{100: 19, 500: 14, 1000: 6, 2000: 2, 5000: 1, 200: 1}"
0569,06/11/2025,8,715.0490029122072,"{100: 20, 500: 13, 1000: 4, 5000: 2, 200: 2, 2000: 1}"
1423,05/11/2025,9,714.9642783052349,"{100: 20, 500: 13, 200: 4, 1000: 3, 5000: 3}"
9108,08/11/2025,6,714.9358118433397,"{100: 20, 500: 14, 5000: 4, 2000: 1, 200: 1, 1000: 1}"
2038,06/11/2025,8,714.9292913446398,"{100: 22, 500: 8, 5000: 8, 200: 6, 1000: 4, 2000: 1}"
0503,14/10/2025,31,714.9043946709717,"{100: 22, 500: 10, 1000: 5, 200: 3, 5000: 2, 2000: 1}"
5453,10/08/2025,96,714.8918022552408,"{100: 20, 500: 12, 1000: 7, 5000: 1, 200: 1}"
5649,12/11/2025,2,714.7247457496446,"{500: 17, 100: 17, 1000: 4, 5000: 3, 200: 3}"
0441,22/10/2025,23,714.7211784716187,"{100: 21, 500: 12, 1000: 3, 5000: 2, 2000: 1}"
1810,31/10/2025,14,714.7177267283282,"{500: 16, 100: 16, 1000: 6, 5000: 5, 200: 2}"
2920,11/10/2025,34,714.7093798835085,"{100: 22, 500: 10, 1000: 6, 200: 3, 5000: 2, 2000: 1}"
1568,14/11/2025,0,714.6639681816594,"{100: 21, 500: 12, 5000: 4, 1000: 2, 200: 2}"
6407,13/09/2025,62,714.6199164227212,"{100: 19, 500: 15, 1000: 6, 5000: 2, 200: 1}"
8282,24/10/2025,21,714.6101394790799,"{500: 18, 100: 17, 5000: 7, 2000: 1, 1000: 1}"
5669,04/11/2025,10,714.5949975247413,"{100: 21, 500: 11, 1000: 6, 5000: 3, 2000: 1, 200: 1}"
8451,28/10/2025,17,714.5416014120116,"{100: 19, 500: 13, 1000: 6, 5000: 3, 200: 2, 2000: 1}"
0630,22/08/2025,84,714.5239853633775,"{100: 19, 500: 13, 1000: 7, 5000: 3}"
4335,11/11/2025,3,714.4695110875676,"{100: 22, 500: 11, 5000: 2, 2000: 2, 200: 1, 1000: 1}"
6276,06/11/2025,8,714.4554989289361,"{100: 24, 500: 9, 1000: 3, 200: 2}"
3215,10/10/2025,35,714.4315301888743,"{100: 18, 500: 13, 1000: 6, 5000: 5, 200: 3, 2000: 1}"
5636,03/10/2025,42,714.3536778501285,"{100: 22, 500: 11, 1000: 4, 5000: 2, 200: 2}"
0287,12/11/2025,2,714.1972084227069,"{100: 23, 500: 7, 1000: 7, 2000: 1, 5000: 1, 200: 1}"
1136,14/11/2025,0,714.1639278384345,"{100: 19, 500: 13, 1000: 6, 5000: 2, 200: 2}"
2518,28/10/2025,17,714.1497966339193,"{100: 18, 1000: 11, 500: 11, 5000: 4, 200: 3, 2000: 1}"
3341,04/11/2025,10,714.1414498623703,"{100: 19, 500: 13, 1000: 4, 5000: 4, 2000: 3, 200: 3}"
8164,20/10/2025,25,714.0989403606546,"{100: 23, 500: 8, 1000: 8, 5000: 1}"
9016,07/11/2025,7,714.0352383472317,"{100: 20, 500: 13, 200: 3, 5000: 2, 1000: 2, 2000: 2}"
7012,30/10/2025,15,713.988788603301,"{100: 17, 500: 16, 1000: 6, 200: 5, 5000: 4}"
2834,14/10/2025,31,713.9773137057286,"{100: 25, 1000: 5, 500: 5, 5000: 3, 2000: 2, 200: 1}"
4506,31/10/2025,14,713.9684087289288,"{100: 20, 500: 13, 5000: 4, 1000: 4, 200: 4, 2000: 1}"
8357,26/10/2025,19,713.7823504854754,"{100: 19, 500: 12, 5000: 5, 1000: 5, 200: 2, 2000: 1}"
5355,11/11/2025,3,713.7493011996268,"{100: 19, 500: 13, 1000: 7, 5000: 4, 2000: 3, 200: 1}"
9656,03/10/2025,42,713.605523606025,"{100: 19, 500: 15, 1000: 4, 5000: 3, 2000: 1}"
1051,21/09/2025,54,713.5880838548442,"{100: 21, 500: 12, 1000: 5, 200: 4, 2000: 1, 5000: 1}"
9330,13/09/2025,62,713.5809392686207,"{100: 19, 500: 16, 1000: 5, 5000: 2, 200: 1}"
2285,22/10/2025,23,713.5645836442902,"{100: 22, 500: 11, 1000: 3, 2000: 1, 200: 1, 5000: 1}"
7873,14/11/2025,0,713.5590045734505,"{100: 21, 500: 11, 1000: 5, 2000: 2, 200: 2, 5000: 2}"
5801,07/11/2025,7,713.5502095972607,"{100: 22, 500: 10, 5000: 3, 1000: 2, 200: 2}"
5431,07/11/2025,7,713.5436769302561,"{100: 18, 500: 14, 1000: 7, 5000: 6}"
6296,07/11/2025,7,713.5317033663573,"{100: 21, 500: 9, 1000: 7, 5000: 6, 200: 3, 2000: 2}"
0759,12/11/2025,2,713.5037190877448,"{100: 19, 500: 14, 1000: 5, 5000: 3, 200: 2}"
9385,01/10/2025,44,713.4579419562683,"{100: 25, 500: 6, 1000: 2, 5000: 2, 2000: 1}"
5546,13/10/2025,32,713.4576536608854,"{100: 18, 500: 18, 200: 3, 5000: 3, 1000: 1}"
4495,25/10/2025,20,713.4075940388642,"{100: 22, 500: 9, 1000: 4, 5000: 3, 200: 2, 2000: 1}"
1433,02/11/2025,12,713.398430620709,"{100: 21, 500: 12, 200: 5, 1000: 3, 2000: 1, 5000: 1}"
2914,10/11/2025,4,713.3651501136363,"{100: 18, 500: 14, 200: 6, 5000: 5, 1000: 4, 2000: 1}"
9856,09/11/2025,5,713.3597986561144,"{100: 19, 500: 14, 1000: 3, 200: 3, 2000: 2, 5000: 1}"
4043,26/09/2025,49,713.2629156625703,"{100: 22, 500: 10, 200: 5, 1000: 4, 5000: 1}"
2202,06/09/2025,69,713.258000355036,"{100: 22, 500: 11, 1000: 4, 2000: 4, 5000: 2, 200: 1}"
9112,14/11/2025,0,713.2495420099497,"{100: 19, 500: 13, 1000: 7, 5000: 2, 200: 2, 2000: 1}"
3997,24/10/2025,21,713.2245421910479,"{100: 18, 500: 11, 1000: 10, 5000: 8, 200: 1}"
4922,09/10/2025,36,713.1967994731503,"{100: 18, 500: 17, 1000: 3, 5000: 3}"
8538,10/11/2025,4,713.190732321697,"{100: 22, 500: 9, 1000: 5, 200: 2, 5000: 2}"
5999,12/11/2025,2,713.1735772064234,"{100: 22, 500: 8, 5000: 7, 1000: 4, 2000: 2, 200: 2}"
3447,28/10/2025,17,713.1625854941545,"{100: 22, 500: 9, 1000: 6, 5000: 4, 200: 2, 2000: 1}"
6703,10/11/2025,4,713.1555784225926,"{500: 18, 100: 17, 200: 5, 5000: 2, 1000: 1}"
6618,06/11/2025,8,713.0927102250831,"{100: 19, 500: 17, 1000: 4, 2000: 1, 200: 1}"
9970,13/11/2025,1,713.0839098650608,"{100: 20, 500: 13, 200: 6, 5000: 4, 1000: 2, 2000: 2}"
2969,09/11/2025,5,713.07795093749,"{100: 18, 500: 14, 1000: 9, 5000: 3, 2000: 2, 200: 1}"
8253,14/11/2025,0,713.0276056447651,"{100: 22, 500: 9, 5000: 5, 200: 4, 1000: 3, 2000: 3}"
8689,18/09/2025,57,712.9548180068856,"{100: 23, 500: 10, 1000: 3, 200: 2, 5000: 1}"
2877,14/11/2025,0,712.9529728446494,"{100: 20, 500: 14, 200: 4, 1000: 2, 5000: 1, 2000: 1}"
2982,05/11/2025,9,712.9009484378715,"{100: 20, 500: 12, 1000: 5, 5000: 3, 200: 2, 2000: 1}"
3009,24/09/2025,51,712.8901714146843,"{100: 21, 500: 8, 200: 5, 5000: 5, 1000: 4, 2000: 2}"
6825,19/09/2025,56,712.8757342290293,"{100: 20, 500: 12, 5000: 4, 1000: 3, 200: 2, 2000: 2}"
3896,28/10/2025,17,712.8368887617087,"{100: 22, 500: 11, 5000: 3, 200: 1, 2000: 1}"
7825,09/08/2025,97,712.8344101350503,"{100: 21, 500: 13, 1000: 5, 5000: 2, 2000: 2, 200: 1}"
7635,09/10/2025,36,712.8339252440371,"{100: 22, 500: 10, 5000: 4, 1000: 4, 200: 3, 2000: 1}"
4341,02/11/2025,12,712.8282316901004,"{100: 23, 500: 9, 1000: 3, 5000: 3, 2000: 1, 200: 1}"
7483,30/10/2025,15,712.7709268071126,"{100: 17, 500: 16, 5000: 7, 1000: 4, 200: 1}"
2063,14/11/2025,0,712.7562795845126,"{100: 19, 500: 15, 200: 3, 1000: 2, 2000: 2, 5000: 1}"
6958,30/10/2025,15,712.6674564956088,"{100: 23, 500: 7, 5000: 5, 200: 3, 1000: 2, 2000: 1}"
0922,18/08/2025,88,712.6639268614797,"{100: 22, 500: 12, 200: 4, 1000: 3, 5000: 1, 2000: 1}"
6250,03/09/2025,72,712.6446859708673,"{100: 20, 500: 14, 1000: 5, 200: 3, 5000: 3}"
4281,29/10/2025,16,712.6100636935498,"{100: 20, 500: 10, 1000: 5, 200: 3, 5000: 2, 2000: 1}"
2437,13/11/2025,1,712.6021988041073,"{100: 20, 500: 10, 5000: 6, 200: 4, 1000: 3, 2000: 1}"
6140,28/10/2025,17,712.589460585434,"{100: 22, 500: 8, 1000: 7, 200: 2, 2000: 1, 5000: 1}"
8002,08/11/2025,6,712.5632511577323,"{100: 20, 500: 14, 5000: 3, 1000: 2, 200: 1}"
8086,12/10/2025,33,712.4892029854167,"{100: 19, 500: 15, 5000: 4, 1000: 3}"
4955,03/09/2025,72,712.45258447722,"{100: 19, 500: 14, 5000: 5, 200: 4, 1000: 2}"
2378,13/11/2025,1,712.4301935522736,"{100: 18, 500: 12, 5000: 5, 1000: 4, 200: 4, 2000: 1}"
5128,21/10/2025,24,712.4088825678092,"{100: 23, 500: 9, 1000: 4, 2000: 1, 5000: 1, 200: 1}"
3193,01/11/2025,13,712.3850536862258,"{100: 26, 5000: 6, 500: 3, 2000: 2, 1000: 2, 200: 2}"
7655,09/11/2025,5,712.3830968192012,"{500: 19, 100: 17, 5000: 7, 200: 5}"
3555,12/10/2025,33,712.3197020935116,"{100: 22, 500: 10, 5000: 5, 1000: 3, 200: 3, 2000: 1}"
4289,25/10/2025,20,712.3189708204795,"{100: 18, 500: 15, 200: 6, 1000: 4, 5000: 4}"
6205,11/11/2025,3,712.2560708332311,"{100: 22, 500: 12, 200: 6, 5000: 3, 2000: 1}"
3522,20/10/2025,25,712.2409461131232,"{100: 19, 500: 13, 1000: 8, 5000: 5, 200: 3, 2000: 2}"
6512,28/09/2025,47,712.2354257796236,"{100: 18, 500: 15, 1000: 8, 5000: 4, 200: 1}"
9255,10/11/2025,4,712.2351202997068,"{100: 19, 500: 13, 1000: 7, 5000: 3, 200: 2}"
1746,04/11/2025,10,712.2237146499579,"{100: 20, 500: 11, 5000: 3, 200: 2, 1000: 2}"
1033,10/10/2025,35,712.1857376145763,"{100: 19, 500: 14, 1000: 3, 5000: 2, 200: 1}"
2979,20/09/2025,55,712.1835847551272,"{100: 19, 500: 14, 5000: 5, 1000: 4, 2000: 1, 200: 1}"
7232,11/11/2025,3,712.1222187970479,"{100: 19, 500: 14, 1000: 6, 5000: 1}"
3887,30/09/2025,45,712.0297639908937,"{100: 20, 500: 12, 1000: 4, 200: 3, 5000: 2}"
9441,22/09/2025,53,712.018101584058,"{100: 20, 500: 11, 5000: 4, 1000: 4, 200: 2, 2000: 1}"
4931,11/11/2025,3,712.0134918991237,"{100: 21, 500: 10, 1000: 4, 200: 3, 5000: 3, 2000: 1}"
6444,16/08/2025,90,711.9335391545611,"{100: 20, 500: 15, 5000: 4, 1000: 3, 2000: 1}"
9735,07/11/2025,7,711.8124946240123,"{100: 22, 200: 9, 500: 8, 1000: 4, 5000: 2, 2000: 1}"
1742,26/09/2025,49,711.779591649697,"{100: 22, 500: 12, 5000: 4, 200: 3}"
9811,30/10/2025,15,711.7741993942292,"{100: 21, 500: 14, 200: 4, 2000: 2}"
7718,13/08/2025,93,711.7343454943658,"{100: 21, 500: 13, 1000: 4, 5000: 4, 2000: 1, 200: 1}"
4209,10/11/2025,4,711.636166731665,"{500: 20, 100: 16, 1000: 4, 5000: 1, 2000: 1, 200: 1}"
8402,26/08/2025,80,711.5886396295676,"{100: 21, 500: 13, 5000: 3, 1000: 3, 2000: 3, 200: 1}"
3538,09/10/2025,36,711.583546438568,"{100: 24, 500: 9, 1000: 3, 2000: 3, 200: 3}"
2713,02/11/2025,12,711.4162338519583,"{100: 21, 500: 11, 1000: 4, 200: 4, 5000: 2, 2000: 1}"
4710,01/11/2025,13,711.4112541452832,"{100: 20, 500: 10, 5000: 5, 1000: 4, 200: 2}"
4140,26/10/2025,19,711.3233623205354,"{100: 20, 500: 13, 1000: 4, 2000: 2, 200: 2, 5000: 1}"
0600,10/09/2025,65,711.310970113632,"{100: 20, 500: 15, 5000: 5, 1000: 3, 200: 2}"
3631,03/11/2025,11,711.268511292683,"{100: 22, 500: 8, 5000: 7, 200: 3, 1000: 2, 2000: 1}"
8997,06/10/2025,39,711.2376603871259,"{100: 18, 500: 15, 5000: 4, 1000: 3, 200: 3, 2000: 1}"
5162,31/10/2025,14,711.2368337386768,"{500: 18, 100: 17, 1000: 4, 5000: 3, 200: 2, 2000: 1}"
0116,28/09/2025,47,711.1904928972872,"{100: 20, 500: 13, 1000: 7, 5000: 2, 200: 2, 2000: 1}"
8618,16/10/2025,29,711.1195001165498,"{100: 21, 500: 11, 1000: 5, 5000: 4, 200: 3, 2000: 2}"
3049,28/09/2025,47,711.1117758243325,"{100: 24, 500: 10, 200: 4, 5000: 2}"
1142,08/10/2025,37,711.0878373021671,"{100: 19, 500: 14, 1000: 5, 200: 3, 5000: 2}"
5542,11/11/2025,3,711.0863484671554,"{100: 20, 500: 13, 1000: 5, 5000: 2, 200: 1}"
6584,06/11/2025,8,711.0330131949586,"{100: 18, 500: 13, 5000: 6, 1000: 2, 200: 2, 2000: 1}"
5082,22/10/2025,23,710.8945865311446,"{100: 23, 500: 9, 1000: 3, 2000: 2, 5000: 1, 200: 1}"
5671,03/11/2025,11,710.8729894343174,"{100: 19, 500: 14, 1000: 4, 200: 3, 2000: 2, 5000: 2}"
9627,28/09/2025,47,710.8251656035229,"{100: 21, 500: 11, 1000: 4, 5000: 4, 200: 3}"
9521,14/11/2025,0,710.8152884432448,"{100: 20, 500: 13, 5000: 5, 1000: 2, 200: 1, 2000: 1}"
4378,29/10/2025,16,710.778560691248,"{100: 18, 500: 13, 5000: 4, 200: 4, 1000: 3, 2000: 2}"
0215,02/11/2025,12,710.7622349718165,"{100: 18, 500: 15, 5000: 4, 1000: 2, 200: 1}"
2240,23/10/2025,22,710.7557022444222,"{100: 19, 500: 16, 5000: 2, 1000: 2, 200: 2}"
3958,31/10/2025,14,710.724221311622,"{100: 21, 500: 12, 5000: 7, 1000: 3, 200: 2}"
2744,20/10/2025,25,710.7060884657947,"{100: 24, 500: 7, 1000: 4, 5000: 3}"
7222,22/10/2025,23,710.6777210272982,"{100: 21, 500: 12, 1000: 4, 200: 3, 2000: 3}"
8081,17/10/2025,28,710.6764114447839,"{500: 18, 100: 17, 5000: 2, 200: 2, 2000: 1, 1000: 1}"
1617,16/09/2025,59,710.6389058204803,"{100: 19, 500: 15, 200: 4, 5000: 3, 1000: 3, 2000: 1}"
5936,04/11/2025,10,710.6310263641072,"{100: 21, 500: 12, 1000: 3, 200: 2, 5000: 1}"
5479,18/10/2025,27,710.6223223523364,"{100: 21, 500: 12, 5000: 5, 1000: 2, 200: 1}"
1858,13/11/2025,1,710.4073677047838,"{100: 20, 500: 13, 5000: 3, 1000: 2, 2000: 1}"
3369,28/10/2025,17,710.359457233291,"{100: 18, 500: 14, 1000: 7, 200: 3, 5000: 3, 2000: 1}"
0561,04/11/2025,10,710.342065489868,"{100: 22, 500: 12, 200: 6, 1000: 1, 2000: 1}"
8020,25/09/2025,50,710.3140219515034,"{100: 18, 500: 14, 1000: 7, 5000: 7, 200: 5}"
0496,27/10/2025,18,710.3109909843292,"{500: 16, 100: 16, 1000: 7, 5000: 4, 200: 3}"
5622,10/10/2025,35,710.2923004815748,"{100: 23, 500: 7, 1000: 6, 200: 4, 2000: 1, 5000: 1}"
7274,09/09/2025,66,710.2672036986768,"{100: 20, 500: 14, 2000: 3, 1000: 3, 200: 3, 5000: 1}"
5481,31/08/2025,75,710.256727207427,"{100: 24, 500: 9, 1000: 2, 2000: 1, 5000: 1}"
0099,25/10/2025,20,710.1761167982305,"{100: 20, 500: 12, 5000: 5, 1000: 4, 200: 3}"
0732,02/09/2025,73,710.1509166005361,"{100: 21, 500: 13, 1000: 3, 200: 2, 2000: 1, 5000: 1}"
7371,17/08/2025,89,710.1363308773498,"{100: 18, 500: 13, 1000: 8, 5000: 5, 200: 4, 2000: 3}"
4881,22/10/2025,23,710.0911196924819,"{100: 19, 500: 14, 1000: 6, 200: 3, 5000: 1}"
2501,14/11/2025,0,710.0870997321424,"{100: 18, 500: 14, 1000: 6, 200: 5, 5000: 1, 2000: 1}"
9166,12/11/2025,2,710.081005616641,"{100: 25, 500: 8, 5000: 2, 200: 1}"
8030,01/11/2025,13,709.9923048361475,"{100: 18, 500: 16, 5000: 5, 1000: 3, 2000: 2, 200: 2}"
2745,07/09/2025,68,709.9391118744558,"{100: 18, 500: 17, 1000: 3, 5000: 2}"
8802,22/09/2025,53,709.8886330477154,"{100: 20, 500: 13, 1000: 3, 2000: 3, 5000: 2}"
3825,18/10/2025,27,709.779000912825,"{100: 18, 500: 15, 1000: 5, 5000: 3, 200: 3, 2000: 1}"
1896,07/11/2025,7,709.7570273022735,"{100: 24, 500: 6, 5000: 5, 2000: 2, 200: 1, 1000: 1}"
1342,10/11/2025,4,709.7404341593368,"{100: 17, 500: 16, 1000: 8, 5000: 2, 2000: 1, 200: 1}"
7193,03/11/2025,11,709.7244402310183,"{100: 25, 5000: 6, 200: 4, 500: 4, 1000: 2}"
9448,12/11/2025,2,709.6961568528214,"{100: 19, 500: 13, 200: 4, 2000: 3, 5000: 3, 1000: 1}"
3250,21/10/2025,24,709.6648087665394,"{100: 22, 500: 10, 5000: 5, 1000: 3, 200: 1}"
0538,06/11/2025,8,709.6534686063883,"{100: 18, 500: 14, 1000: 6, 200: 5, 5000: 3, 2000: 2}"
5413,03/10/2025,42,709.6391090952741,"{100: 18, 500: 16, 1000: 8, 200: 4, 2000: 2, 5000: 2}"
4535,07/10/2025,38,709.6377498742831,"{100: 21, 500: 11, 1000: 6, 2000: 3, 5000: 3, 200: 1}"
0772,11/11/2025,3,709.6257451716913,"{100: 19, 500: 14, 2000: 5, 1000: 3, 5000: 2, 200: 1}"
5394,26/10/2025,19,709.6059685941062,"{100: 23, 500: 8, 1000: 3, 2000: 3, 5000: 2}"
4684,04/11/2025,10,709.5960929848627,"{100: 23, 500: 9, 1000: 5, 5000: 2, 200: 2}"
0956,01/09/2025,74,709.5910696570819,"{100: 19, 500: 16, 1000: 3, 5000: 1, 2000: 1, 200: 1}"
7192,12/11/2025,2,709.5453593272285,"{100: 19, 500: 14, 1000: 4, 200: 4, 2000: 3, 5000: 1}"
3794,07/11/2025,7,709.5392751323932,"{100: 22, 500: 9, 1000: 6, 200: 3, 5000: 1}"
9409,08/10/2025,37,709.5346425844649,"{100: 19, 500: 11, 1000: 8, 5000: 6, 200: 4, 2000: 2}"
9372,07/11/2025,7,709.4514087372819,"{100: 20, 500: 11, 1000: 5, 5000: 3, 200: 2, 2000: 1}"
8562,09/11/2025,5,709.4477275773446,"{500: 21, 100: 14, 1000: 7, 5000: 4, 200: 1}"
5583,08/11/2025,6,709.4314412922442,"{100: 24, 500: 7, 5000: 4, 200: 2, 1000: 1, 2000: 1}"
6956,07/11/2025,7,709.4277443480037,"{100: 21, 500: 11, 200: 5, 1000: 3, 2000: 2, 5000: 2}"
0339,28/10/2025,17,709.3949424386371,"{500: 18, 100: 17, 1000: 2, 5000: 2, 200: 2}"
1304,06/10/2025,39,709.3846697355995,"{100: 21, 500: 12, 1000: 5, 5000: 2}"
1868,10/11/2025,4,709.3594074308434,"{100: 21, 500: 12, 5000: 3, 1000: 2, 2000: 1}"
4983,16/10/2025,29,709.276571205464,"{100: 18, 500: 13, 1000: 4, 200: 4, 5000: 3, 2000: 2}"
1061,08/09/2025,67,709.2409108757263,"{100: 21, 500: 12, 1000: 4, 5000: 3, 200: 2}"
6326,08/11/2025,6,709.2140662031902,"{500: 19, 100: 16, 5000: 5, 200: 3, 1000: 3, 2000: 2}"
6641,23/10/2025,22,709.1706945041506,"{100: 20, 500: 12, 5000: 8, 1000: 3, 200: 3, 2000: 1}"
0947,01/11/2025,13,709.103273496318,"{500: 19, 100: 17, 1000: 3, 5000: 1}"
9695,21/10/2025,24,708.9563631291036,"{100: 19, 500: 14, 1000: 4, 2000: 3, 200: 3, 5000: 2}"
7288,19/10/2025,26,708.9223757388226,"{100: 21, 500: 13, 5000: 6, 1000: 1, 200: 1}"
8773,09/11/2025,5,708.8712117022473,"{500: 17, 100: 17, 200: 4, 1000: 3, 5000: 2}"
7587,01/11/2025,13,708.7327012624573,"{100: 19, 500: 13, 1000: 4, 2000: 3, 5000: 3, 200: 3}"
6721,11/10/2025,34,708.7035066955982,"{500: 20, 100: 15, 200: 5, 2000: 2, 1000: 2, 5000: 1}"
6114,12/10/2025,33,708.6942899520736,"{100: 18, 500: 14, 1000: 9, 5000: 5, 200: 2}"
8892,31/08/2025,75,708.615889163785,"{100: 20, 500: 12, 1000: 6, 5000: 3, 2000: 1}"
7712,25/10/2025,20,708.6025220067106,"{100: 23, 500: 9, 5000: 4, 2000: 1, 200: 1, 1000: 1}"
1466,30/07/2025,107,708.594046582346,"{100: 19, 500: 12, 1000: 8, 5000: 5, 200: 1}"
4359,10/11/2025,4,708.5530470021833,"{100: 22, 500: 9, 5000: 4, 1000: 4, 200: 2, 2000: 2}"
2910,04/10/2025,41,708.542237391662,"{100: 21, 500: 13, 1000: 3, 200: 2, 2000: 1}"
0146,17/08/2025,89,708.5195114839779,"{500: 18, 100: 17, 1000: 6, 5000: 3, 200: 3, 2000: 2}"
5923,06/11/2025,8,708.4360556982298,"{100: 22, 500: 10, 5000: 4, 1000: 2, 200: 2}"
0718,14/09/2025,61,708.3997967473592,"{100: 21, 500: 10, 1000: 5, 5000: 4, 200: 4, 2000: 2}"
2681,29/10/2025,16,708.3927372419877,"{100: 22, 500: 9, 1000: 6, 5000: 5, 200: 3}"
1072,13/11/2025,1,708.2809566061827,"{500: 19, 100: 17, 1000: 4, 200: 3, 2000: 1}"
4806,09/09/2025,66,708.2766574572146,"{100: 22, 500: 10, 1000: 6, 5000: 4, 200: 1}"
0416,24/10/2025,21,708.2735333316297,"{100: 20, 500: 11, 5000: 5, 200: 4, 1000: 3, 2000: 2}"
3410,12/11/2025,2,708.2627704877196,"{100: 19, 500: 14, 1000: 5, 2000: 4, 200: 2, 5000: 1}"
5370,04/11/2025,10,708.2238362271266,"{100: 19, 500: 12, 1000: 5, 5000: 3, 200: 3, 2000: 1}"
2800,15/10/2025,30,708.2203350880071,"{100: 19, 500: 16, 1000: 7, 2000: 1, 200: 1}"
4016,12/11/2025,2,708.1670981010524,"{100: 19, 500: 14, 5000: 6, 1000: 3, 200: 2, 2000: 1}"
8462,02/11/2025,12,708.1631465746426,"{100: 18, 500: 17, 200: 7, 1000: 2}"
1505,12/10/2025,33,708.1167308073589,"{100: 19, 500: 14, 1000: 3, 5000: 3, 2000: 2}"
7646,20/10/2025,25,708.1147990444639,"{100: 19, 500: 13, 1000: 7, 5000: 4, 2000: 2, 200: 2}"
6605,01/11/2025,13,708.1076372934007,"{100: 20, 500: 10, 5000: 6, 1000: 3, 200: 1}"
7807,03/11/2025,11,708.0796423275358,"{100: 23, 5000: 7, 500: 6, 1000: 4, 2000: 3, 200: 2}"
0078,29/10/2025,16,708.0104112741149,"{100: 20, 500: 11, 1000: 6, 200: 4, 2000: 2, 5000: 1}"
1417,21/10/2025,24,708.003653227948,"{100: 21, 500: 10, 1000: 4, 5000: 4, 2000: 1, 200: 1}"
6718,12/11/2025,2,707.9939453987065,"{100: 22, 500: 9, 1000: 4, 5000: 2, 2000: 1, 200: 1}"
7081,14/10/2025,31,707.9845363532335,"{100: 23, 500: 8, 200: 6, 5000: 3, 2000: 2, 1000: 2}"
3815,03/10/2025,42,707.9823146749028,"{100: 17, 500: 16, 1000: 7, 200: 5, 5000: 4, 2000: 2}"
0840,11/09/2025,64,707.9313535409325,"{100: 20, 500: 14, 5000: 3, 200: 3, 1000: 2, 2000: 2}"
6645,13/10/2025,32,707.9306712525987,"{100: 23, 500: 8, 1000: 5, 200: 1, 5000: 1}"
7003,24/10/2025,21,707.9148413641401,"{100: 22, 500: 9, 5000: 5, 1000: 5, 200: 2}"
3619,18/10/2025,27,707.9145775315761,"{100: 23, 1000: 6, 500: 5, 200: 4, 5000: 2}"
3161,29/10/2025,16,707.8962650831523,"{100: 22, 500: 8, 200: 5, 5000: 3, 1000: 2, 2000: 1}"
3789,11/11/2025,3,707.8881797476552,"{100: 21, 500: 10, 5000: 3, 2000: 2, 1000: 2, 200: 1}"
7610,12/07/2025,125,707.6881071818256,"{100: 18, 500: 16, 1000: 8, 200: 2, 5000: 2}"
6266,11/09/2025,64,707.6529935677734,"{100: 18, 500: 16, 1000: 4, 2000: 2, 5000: 2, 200: 2}"
2417,31/10/2025,14,707.631059447042,"{100: 21, 5000: 9, 500: 7, 200: 5, 1000: 2}"
7618,01/11/2025,13,707.6030845607916,"{100: 21, 500: 10, 1000: 6, 200: 4, 5000: 2, 2000: 1}"
0184,12/08/2025,94,707.6027096700111,"{100: 23, 500: 9, 1000: 6, 2000: 3, 200: 2, 5000: 1}"
6517,03/11/2025,11,707.5557666833209,"{100: 18, 500: 14, 5000: 6, 1000: 6, 2000: 2, 200: 2}"
8668,14/11/2025,0,707.455265318702,"{100: 18, 500: 15, 1000: 4, 5000: 2, 2000: 1}"
2988,02/11/2025,12,707.3791349483183,"{100: 17, 500: 14, 200: 4, 1000: 4, 2000: 4, 5000: 2}"
7141,12/11/2025,2,707.3724048762601,"{100: 21, 500: 11, 5000: 3, 1000: 2, 2000: 1, 200: 1}"
4441,28/10/2025,17,707.3416328133521,"{100: 24, 500: 7, 200: 5, 1000: 2, 5000: 2, 2000: 1}"
7114,30/10/2025,15,707.3016391045255,"{100: 18, 500: 11, 1000: 7, 5000: 3, 2000: 2, 200: 1}"
7157,14/11/2025,0,707.2607340564118,"{100: 20, 500: 10, 5000: 5, 1000: 2, 2000: 2, 200: 2}"
7048,26/10/2025,19,707.2480601833543,"{100: 18, 500: 13, 1000: 5, 5000: 4, 200: 2, 2000: 1}"
3811,24/10/2025,21,707.2133944191867,"{100: 23, 1000: 7, 500: 5, 200: 3, 5000: 2, 2000: 1}"
5979,08/11/2025,6,707.1518265934297,"{100: 20, 500: 11, 200: 4, 5000: 2, 1000: 1}"
8440,24/10/2025,21,707.042463943186,"{100: 19, 500: 12, 200: 5, 1000: 3, 5000: 2}"
7096,21/10/2025,24,707.0350174657516,"{100: 17, 500: 15, 200: 5, 1000: 3, 2000: 3, 5000: 1}"
6067,12/11/2025,2,707.0340337475787,"{100: 18, 500: 13, 5000: 5, 1000: 5, 2000: 3}"
7375,10/09/2025,65,707.0034828718377,"{100: 21, 1000: 13, 500: 9, 5000: 3, 200: 3}"
2148,24/07/2025,113,706.9931025961624,"{100: 19, 500: 15, 1000: 4, 5000: 3, 2000: 3, 200: 1}"
2769,02/11/2025,12,706.9889581592514,"{100: 21, 500: 10, 1000: 7, 5000: 3, 2000: 2, 200: 1}"
8567,11/11/2025,3,706.9640551502771,"{100: 18, 500: 16, 1000: 3, 5000: 2, 200: 2}"
9495,19/10/2025,26,706.9462817680466,"{100: 22, 500: 10, 200: 4, 1000: 3, 5000: 3, 2000: 1}"
4103,26/10/2025,19,706.8971646742605,"{100: 22, 500: 10, 1000: 3, 5000: 2, 200: 2, 2000: 2}"
0925,05/11/2025,9,706.8750149267447,"{100: 18, 500: 17, 1000: 3, 200: 2, 5000: 1}"
0177,17/09/2025,58,706.8667178504854,"{100: 20, 500: 14, 200: 4, 1000: 2, 5000: 1}"
6394,12/11/2025,2,706.8336036711058,"{100: 19, 500: 17, 1000: 2, 200: 2}"
2841,05/11/2025,9,706.8138504132207,"{100: 20, 500: 11, 1000: 6, 5000: 4, 200: 3, 2000: 2}"
2475,18/09/2025,57,706.5505196113901,"{100: 21, 500: 10, 200: 4, 1000: 4, 5000: 3, 2000: 1}"
1357,13/11/2025,1,706.4557477989343,"{100: 20, 500: 12, 200: 4, 5000: 3, 2000: 2, 1000: 2}"
3407,11/11/2025,3,706.428461181729,"{100: 22, 500: 10, 200: 4, 1000: 3, 5000: 1}"
3201,05/10/2025,40,706.4178708197102,"{100: 19, 500: 16, 1000: 1, 2000: 1, 5000: 1}"
5834,02/11/2025,12,706.4025576678897,"{100: 19, 500: 14, 2000: 2, 1000: 2, 200: 1, 5000: 1}"
3995,13/10/2025,32,706.3506345271319,"{100: 23, 500: 10, 200: 5, 1000: 2, 2000: 1}"
1231,12/11/2025,2,706.3267199139635,"{100: 19, 500: 14, 200: 4, 1000: 3, 5000: 3}"
3558,31/10/2025,14,706.3101338030103,"{100: 21, 500: 12, 200: 5, 1000: 2, 5000: 1, 2000: 1}"
6636,25/10/2025,20,706.2898325158857,"{100: 18, 500: 13, 1000: 8, 200: 4, 2000: 2, 5000: 2}"
2838,03/11/2025,11,706.2839653591658,"{100: 20, 500: 9, 1000: 6, 5000: 4, 200: 2, 2000: 1}"
6872,26/10/2025,19,706.2768841510048,"{100: 21, 500: 10, 1000: 7, 5000: 4, 200: 3, 2000: 1}"
5039,04/11/2025,10,706.276569178832,"{100: 22, 500: 8, 1000: 7, 5000: 5, 2000: 2}"
8439,08/11/2025,6,706.2448191925326,"{100: 19, 500: 14, 1000: 5, 5000: 4}"
9216,04/11/2025,10,706.240541355601,"{500: 18, 100: 15, 5000: 6, 1000: 3, 2000: 1}"
8559,13/11/2025,1,706.2297787875967,"{100: 19, 500: 10, 200: 6, 5000: 3, 1000: 3, 2000: 2}"
7247,06/11/2025,8,706.2011394251399,"{100: 22, 500: 9, 1000: 3, 200: 3, 5000: 2}"
4825,03/11/2025,11,706.1878641980242,"{100: 19, 500: 13, 1000: 7, 5000: 4, 2000: 2, 200: 1}"
7576,04/11/2025,10,706.180970060575,"{100: 17, 500: 16, 1000: 7, 5000: 4, 200: 4}"
8303,11/11/2025,3,706.1672608419635,"{100: 20, 500: 14, 5000: 4, 200: 3, 1000: 2, 2000: 1}"
4093,03/11/2025,11,706.1518295462874,"{100: 23, 500: 6, 5000: 6, 1000: 3, 2000: 1, 200: 1}"
1947,17/10/2025,28,706.1506461714572,"{100: 19, 500: 14, 1000: 6, 5000: 3, 200: 2, 2000: 1}"
4233,13/11/2025,1,706.1313907095855,"{100: 23, 500: 6, 1000: 6, 5000: 4, 200: 2}"
9705,12/11/2025,2,706.1274955183541,"{100: 22, 500: 8, 5000: 7, 1000: 3, 200: 2}"
1097,20/10/2025,25,706.1265997914163,"{100: 19, 500: 9, 1000: 7, 5000: 5, 200: 5, 2000: 1}"
3230,01/11/2025,13,706.106410325716,"{100: 22, 500: 10, 1000: 4, 2000: 2, 5000: 1}"
4342,09/05/2025,189,706.0604747914473,"{100: 24, 500: 10, 1000: 3, 200: 2, 5000: 1}"
9352,15/10/2025,30,706.0293028184983,"{100: 18, 500: 17, 5000: 3, 1000: 2, 2000: 2, 200: 2}"
7882,31/10/2025,14,706.0066582590931,"{100: 20, 500: 13, 1000: 4, 200: 3, 2000: 3, 5000: 1}"
8059,17/10/2025,28,705.9754854979795,"{100: 23, 500: 8, 5000: 3, 200: 3, 1000: 3, 2000: 3}"
2343,17/10/2025,28,705.9688303608036,"{100: 18, 500: 16, 5000: 4, 1000: 3, 200: 1}"
3692,04/11/2025,10,705.8618200623372,"{100: 22, 500: 9, 1000: 3, 5000: 3, 200: 3, 2000: 2}"
8042,11/11/2025,3,705.8212833222822,"{100: 18, 500: 14, 1000: 5, 5000: 3, 2000: 2}"
7937,06/11/2025,8,705.7918860099305,"{100: 17, 500: 16, 200: 7, 5000: 4, 1000: 3, 2000: 2}"
3929,12/11/2025,2,705.7466614040294,"{100: 18, 500: 13, 1000: 10, 200: 3, 2000: 2, 5000: 2}"
5946,07/11/2025,7,705.6995638474915,"{100: 18, 500: 14, 200: 6, 1000: 5, 5000: 4}"
3751,08/11/2025,6,705.6795251450865,"{100: 23, 500: 9, 5000: 2, 2000: 1, 1000: 1, 200: 1}"
6365,07/07/2025,130,705.6753699292167,"{100: 22, 500: 11, 5000: 7, 1000: 4, 2000: 1}"
5949,10/11/2025,4,705.6626735667928,"{100: 20, 500: 12, 1000: 4, 5000: 3, 200: 1}"
0804,26/08/2025,80,705.6262478502399,"{100: 19, 500: 15, 5000: 6, 200: 3, 1000: 3, 2000: 2}"
8973,01/11/2025,13,705.5952728667461,"{500: 16, 100: 16, 1000: 7, 5000: 6, 200: 2}"
4945,05/11/2025,9,705.551568914346,"{100: 17, 500: 17, 5000: 5, 1000: 4, 200: 2, 2000: 1}"
0025,25/09/2025,50,705.3979554368044,"{100: 17, 500: 15, 5000: 5, 1000: 5, 2000: 1, 200: 1}"
9316,12/11/2025,2,705.3880887218775,"{500: 18, 100: 15, 5000: 4, 200: 4, 1000: 3, 2000: 1}"
1694,10/11/2025,4,705.3084528166082,"{100: 18, 500: 16, 1000: 3, 5000: 2, 200: 1}"
3384,31/10/2025,14,705.2895225474874,"{100: 22, 500: 13, 2000: 1}"
4834,02/11/2025,12,705.2315035743723,"{100: 20, 500: 12, 1000: 4, 200: 4, 5000: 3, 2000: 1}"
2415,25/09/2025,50,705.2159566066189,"{100: 22, 500: 11, 200: 4, 5000: 4, 2000: 1, 1000: 1}"
9702,22/09/2025,53,705.1994497022833,"{500: 20, 100: 16, 5000: 4, 1000: 2, 200: 1}"
6258,14/11/2025,0,705.1987819898839,"{100: 18, 500: 16, 200: 3, 1000: 2, 5000: 2, 2000: 1}"
6523,27/10/2025,18,705.190741119085,"{100: 19, 500: 14, 1000: 5, 2000: 2, 5000: 1}"
9933,30/09/2025,45,705.1502998009689,"{100: 21, 500: 11, 1000: 6, 200: 3, 2000: 2, 5000: 2}"
4032,31/10/2025,14,705.1383161009758,"{100: 22, 500: 10, 200: 4, 1000: 3, 2000: 1, 5000: 1}"
5356,14/11/2025,0,704.9704281118659,"{100: 18, 500: 14, 1000: 7, 5000: 4, 200: 3}"
4195,09/10/2025,36,704.9531038166182,"{100: 20, 500: 10, 200: 6, 5000: 5, 1000: 4}"
3758,22/10/2025,23,704.920457191891,"{100: 20, 500: 10, 5000: 3, 200: 3, 1000: 3}"
0383,23/06/2025,144,704.9034878171856,"{100: 21, 500: 11, 5000: 5, 1000: 2, 2000: 2, 200: 1}"
9514,30/10/2025,15,704.898247750827,"{100: 16, 500: 15, 1000: 8, 5000: 4, 200: 3, 2000: 1}"
0357,21/10/2025,24,704.8775754273792,"{100: 17, 500: 16, 1000: 5, 200: 3, 5000: 2}"
4537,07/11/2025,7,704.8618814780491,"{100: 19, 500: 14, 5000: 3, 1000: 3, 200: 1, 2000: 1}"
8940,29/09/2025,46,704.8489238892918,"{100: 22, 500: 9, 1000: 3, 200: 2, 5000: 1}"
4278,26/08/2025,80,704.8349077399737,"{100: 19, 500: 14, 5000: 12, 1000: 5, 2000: 2, 200: 2}"
6197,17/10/2025,28,704.8184909392437,"{500: 18, 100: 16, 5000: 5, 1000: 2, 200: 2, 2000: 1}"
1148,13/11/2025,1,704.723062555137,"{100: 25, 500: 5, 200: 3, 5000: 2, 1000: 2, 2000: 1}"
6209,22/10/2025,23,704.6838077737168,"{500: 17, 100: 17, 1000: 5, 200: 3, 5000: 3, 2000: 1}"
0088,18/07/2025,119,704.6480681846972,"{100: 22, 500: 12, 1000: 4, 2000: 3, 5000: 3, 200: 3}"
5756,14/11/2025,0,704.5940208824705,"{100: 19, 500: 12, 1000: 7, 5000: 5, 2000: 1, 200: 1}"
7891,29/09/2025,46,704.5104384921426,"{100: 20, 500: 13, 200: 4, 5000: 3, 1000: 3, 2000: 1}"
8894,11/09/2025,64,704.5062432419802,"{500: 22, 100: 16, 1000: 3, 5000: 2, 2000: 1, 200: 1}"
3639,12/11/2025,2,704.4871606894035,"{100: 19, 500: 13, 1000: 5, 5000: 4, 2000: 1}"
7548,14/09/2025,61,704.4407140349708,"{100: 19, 500: 15, 1000: 5, 200: 2, 5000: 1, 2000: 1}"
7992,17/09/2025,58,704.4279863796777,"{100: 20, 500: 13, 1000: 4, 200: 4, 5000: 4, 2000: 2}"
5563,29/10/2025,16,704.3611384790086,"{100: 22, 500: 7, 5000: 5, 1000: 4, 200: 2, 2000: 1}"
6801,04/11/2025,10,704.3562268685089,"{100: 22, 500: 10, 5000: 4, 1000: 2}"
0627,12/11/2025,2,704.3475252290375,"{100: 18, 500: 14, 1000: 10, 5000: 2, 2000: 1, 200: 1}"
0124,24/09/2025,51,704.2816322119194,"{500: 18, 100: 17, 1000: 4, 5000: 2, 200: 2, 2000: 1}"
9554,07/11/2025,7,704.2619206887024,"{100: 18, 500: 16, 1000: 3, 200: 2, 5000: 1, 2000: 1}"
7978,03/11/2025,11,704.2575160921846,"{100: 18, 500: 16, 1000: 3, 5000: 3, 200: 3, 2000: 2}"
2030,05/11/2025,9,704.1973437559533,"{100: 20, 500: 12, 200: 4, 1000: 3, 2000: 2, 5000: 1}"
0048,21/10/2025,24,704.1967904674794,"{100: 21, 500: 11, 5000: 4, 1000: 2, 200: 2, 2000: 1}"
2913,11/11/2025,3,704.1914849373771,"{100: 21, 500: 8, 5000: 6, 1000: 5, 200: 3}"
2698,08/11/2025,6,704.183037847723,"{100: 18, 500: 14, 5000: 8, 1000: 3, 200: 3, 2000: 2}"
3855,03/11/2025,11,704.17104665084,"{100: 20, 500: 12, 1000: 3, 5000: 2, 2000: 1}"
9658,10/11/2025,4,704.0598781730457,"{100: 19, 500: 12, 5000: 6, 1000: 5, 200: 4, 2000: 3}"
7225,24/09/2025,51,704.0542667268363,"{100: 22, 5000: 9, 500: 8, 200: 4, 2000: 3, 1000: 2}"
7282,26/10/2025,19,704.0488465649248,"{100: 17, 500: 13, 1000: 6, 5000: 4, 200: 1}"
4374,31/10/2025,14,703.9239476369384,"{100: 19, 500: 13, 5000: 5, 200: 3, 1000: 2, 2000: 1}"
8719,18/09/2025,57,703.9211272791883,"{100: 20, 500: 14, 1000: 3, 5000: 2, 200: 2, 2000: 1}"
8179,07/11/2025,7,703.9178064637814,"{100: 21, 500: 12, 1000: 2, 200: 1, 5000: 1, 2000: 1}"
0149,13/11/2025,1,703.9091888154688,"{100: 21, 500: 10, 5000: 6, 1000: 4, 2000: 1, 200: 1}"
9761,18/10/2025,27,703.9033074916056,"{100: 18, 500: 16, 2000: 4, 1000: 4, 5000: 2, 200: 2}"
6784,20/10/2025,25,703.844392637921,"{100: 23, 500: 8, 1000: 4, 200: 2, 5000: 2, 2000: 1}"
8652,01/11/2025,13,703.8015870475501,"{100: 19, 500: 11, 5000: 6, 1000: 5, 2000: 2, 200: 2}"
0582,14/11/2025,0,703.6724179943584,"{500: 17, 100: 17, 200: 4, 5000: 2, 2000: 2, 1000: 1}"
5271,17/10/2025,28,703.630017851231,"{100: 18, 500: 16, 1000: 5, 5000: 1}"
8785,15/09/2025,60,703.595728671264,"{100: 24, 500: 6, 1000: 3, 5000: 3, 200: 1, 2000: 1}"
5136,13/11/2025,1,703.495578431603,"{100: 21, 500: 9, 1000: 6, 200: 4, 5000: 3}"
6368,26/10/2025,19,703.4782407960245,"{500: 18, 100: 16, 1000: 8, 5000: 3, 2000: 2}"
5624,31/10/2025,14,703.4637786078132,"{100: 19, 500: 11, 200: 4, 1000: 3, 5000: 2, 2000: 2}"
8105,09/08/2025,97,703.4330934850497,"{100: 20, 500: 14, 1000: 3, 200: 1, 5000: 1}"
1383,22/10/2025,23,703.3957480524471,"{100: 19, 500: 14, 1000: 5, 5000: 3, 200: 2, 2000: 1}"
6288,09/07/2025,128,703.3749864392192,"{100: 22, 500: 11, 1000: 6, 5000: 1}"
2429,05/11/2025,9,703.3705380306477,"{100: 18, 500: 17, 1000: 3, 200: 3, 5000: 1}"
6580,11/11/2025,3,703.2862679108715,"{100: 23, 500: 8, 200: 3, 5000: 3, 1000: 2}"
9335,08/09/2025,67,703.2679124894561,"{100: 24, 500: 8, 2000: 4, 1000: 2, 5000: 1}"
2694,15/10/2025,30,703.2665369799788,"{100: 22, 500: 13, 2000: 3, 5000: 1, 200: 1}"
8113,12/11/2025,2,703.1924051805973,"{100: 17, 500: 16, 200: 4, 1000: 4, 2000: 2, 5000: 1}"
0801,03/08/2025,103,703.1768745248788,"{100: 24, 500: 11, 200: 2, 1000: 1}"
8348,03/11/2025,11,703.1605803989067,"{100: 21, 500: 10, 5000: 4, 2000: 3, 1000: 2, 200: 2}"
4694,25/10/2025,20,703.0915756846568,"{100: 20, 500: 12, 1000: 7, 5000: 2, 2000: 1, 200: 1}"
6049,26/09/2025,49,703.0899316410791,"{100: 21, 500: 11, 1000: 7, 200: 2, 5000: 1, 2000: 1}"
5689,15/10/2025,30,703.0416304479822,"{100: 20, 500: 11, 1000: 7, 5000: 4, 200: 3, 2000: 1}"
1194,04/11/2025,10,703.0065544546807,"{100: 20, 500: 12, 5000: 5, 1000: 4, 200: 3}"
5207,13/10/2025,32,702.9615359572829,"{500: 20, 100: 14, 1000: 4, 200: 2, 5000: 1}"
6222,05/10/2025,40,702.9328894960751,"{100: 19, 500: 12, 5000: 4, 1000: 3, 200: 2, 2000: 1}"
3862,25/09/2025,50,702.8159810473954,"{100: 19, 500: 15, 2000: 3, 200: 3, 1000: 3, 5000: 2}"
6655,09/10/2025,36,702.770606432864,"{100: 23, 500: 8, 1000: 4, 5000: 3, 200: 3}"
3362,11/10/2025,34,702.7157721239755,"{100: 21, 500: 11, 5000: 4, 1000: 3, 2000: 3, 200: 2}"
7783,08/11/2025,6,702.6881790054821,"{100: 22, 200: 7, 1000: 6, 5000: 5, 500: 4, 2000: 2}"
7061,20/09/2025,55,702.6763057348576,"{100: 21, 500: 12, 5000: 3, 2000: 2, 200: 2, 1000: 1}"
7774,06/11/2025,8,702.6372131456807,"{100: 21, 500: 8, 1000: 5, 5000: 4, 200: 4}"
2294,06/10/2025,39,702.5417223115393,"{100: 21, 500: 12, 200: 3, 5000: 3, 1000: 2, 2000: 1}"
4973,05/11/2025,9,702.5359185221747,"{100: 17, 500: 17, 5000: 6, 200: 3, 2000: 3, 1000: 2}"
5711,08/11/2025,6,702.5301347359862,"{100: 21, 500: 9, 5000: 8, 200: 2, 2000: 2, 1000: 1}"
8191,30/10/2025,15,702.4955768914792,"{100: 19, 500: 14, 1000: 3, 200: 3, 5000: 2, 2000: 1}"
1880,05/11/2025,9,702.4733550339558,"{100: 20, 500: 13, 5000: 3, 1000: 3, 200: 1}"
3065,30/10/2025,15,702.4194399788582,"{100: 23, 500: 6, 200: 6, 5000: 5, 1000: 5, 2000: 1}"
5621,05/11/2025,9,702.3842175907961,"{100: 20, 500: 12, 1000: 3, 2000: 2, 200: 2, 5000: 1}"
6538,13/11/2025,1,702.3379587850925,"{100: 21, 500: 10, 1000: 5, 5000: 2, 200: 2}"
0450,14/08/2025,92,702.3291127090266,"{100: 19, 500: 14, 1000: 8, 5000: 6}"
7887,13/11/2025,1,702.3198035795925,"{100: 17, 500: 16, 5000: 5, 200: 4, 2000: 2, 1000: 2}"
7964,07/11/2025,7,702.2915881545711,"{100: 22, 1000: 7, 500: 7, 5000: 5, 200: 4}"
2625,25/09/2025,50,702.2809607023117,"{100: 19, 500: 15, 5000: 3, 2000: 2, 1000: 2, 200: 2}"
1469,11/11/2025,3,702.2746814237989,"{100: 20, 500: 12, 5000: 5, 1000: 3, 200: 3}"
8711,14/09/2025,61,702.2593482093353,"{100: 20, 500: 12, 1000: 6, 5000: 4, 200: 2}"
6893,18/10/2025,27,702.2518888168013,"{100: 23, 500: 7, 5000: 6, 1000: 3, 200: 1}"
8218,22/10/2025,23,702.2435278671858,"{500: 22, 100: 15, 200: 4, 1000: 2, 5000: 1}"
9757,10/11/2025,4,702.2132358767522,"{100: 18, 500: 13, 1000: 5, 5000: 1, 200: 1, 2000: 1}"
8767,14/11/2025,0,702.2006145482106,"{100: 20, 500: 12, 5000: 4, 1000: 2, 2000: 2, 200: 1}"
9329,08/11/2025,6,702.1568445254098,"{100: 19, 500: 16, 5000: 3, 1000: 2}"
5238,30/10/2025,15,702.1376089854745,"{100: 18, 500: 15, 5000: 7, 1000: 4, 200: 2, 2000: 1}"
8016,26/10/2025,19,702.12679677036,"{100: 22, 500: 9, 1000: 6, 2000: 3, 200: 1}"
4802,29/09/2025,46,702.0876369592805,"{100: 21, 500: 10, 1000: 7, 200: 5, 5000: 2, 2000: 1}"
2248,10/11/2025,4,702.0805375268844,"{100: 19, 500: 14, 1000: 3, 5000: 2, 2000: 1}"
4901,10/11/2025,4,701.9915447784148,"{100: 20, 500: 11, 200: 6, 1000: 3, 5000: 1, 2000: 1}"
9815,05/11/2025,9,701.9424058732162,"{100: 22, 5000: 8, 1000: 4, 500: 4, 200: 4, 2000: 2}"
1323,07/11/2025,7,701.929343319351,"{100: 20, 500: 12, 1000: 4, 200: 4, 5000: 3, 2000: 1}"
9334,19/10/2025,26,701.9217502915038,"{100: 21, 500: 11, 200: 4, 5000: 2, 1000: 1}"
7614,06/11/2025,8,701.9146216683653,"{100: 19, 500: 13, 5000: 4, 1000: 4, 200: 2, 2000: 1}"
1087,24/10/2025,21,701.9082832410635,"{100: 21, 500: 11, 1000: 5, 2000: 2, 5000: 1, 200: 1}"
3616,24/09/2025,51,701.7480328655446,"{100: 19, 500: 15, 200: 4, 5000: 3, 1000: 2, 2000: 1}"
6511,13/11/2025,1,701.7454967107285,"{100: 19, 500: 12, 5000: 5, 1000: 5, 200: 3, 2000: 2}"
3844,07/10/2025,38,701.7225808344205,"{500: 19, 100: 16, 1000: 4, 5000: 3, 200: 1, 2000: 1}"
5971,03/09/2025,72,701.6346747172687,"{100: 19, 500: 14, 1000: 4, 200: 4, 5000: 3}"
6561,11/11/2025,3,701.5944676160229,"{100: 20, 500: 13, 1000: 3, 5000: 2, 2000: 1}"
9419,06/11/2025,8,701.5362011237473,"{100: 17, 500: 16, 5000: 6, 200: 5, 1000: 3}"
0145,11/11/2025,3,701.5167190726623,"{100: 20, 500: 12, 200: 4, 5000: 4, 1000: 3, 2000: 1}"
2564,21/10/2025,24,701.512362960864,"{100: 19, 500: 12, 5000: 4, 1000: 3, 200: 2, 2000: 1}"
5543,31/10/2025,14,701.5069593484448,"{100: 22, 500: 10, 1000: 4, 5000: 4, 200: 1}"
0823,12/08/2025,94,701.4650875873203,"{100: 23, 500: 11, 1000: 3, 200: 2, 2000: 1, 5000: 1}"
5695,06/11/2025,8,701.4587294109886,"{100: 20, 500: 16, 200: 1}"
9952,10/10/2025,35,701.425977545985,"{100: 23, 500: 7, 5000: 6, 1000: 5, 2000: 1}"
6493,13/11/2025,1,701.3979784648133,"{100: 20, 500: 11, 1000: 6, 5000: 3, 200: 2, 2000: 1}"
9325,13/11/2025,1,701.3944164579743,"{500: 17, 100: 15, 5000: 6, 1000: 6, 200: 2, 2000: 1}"
4630,04/08/2025,102,701.3932190720084,"{100: 23, 500: 10, 1000: 3, 2000: 2, 200: 2, 5000: 1}"
3422,08/11/2025,6,701.2905231363397,"{100: 18, 500: 13, 1000: 5, 5000: 4, 200: 3, 2000: 1}"
8314,28/10/2025,17,701.2090406767018,"{100: 20, 500: 12, 1000: 3, 5000: 3, 200: 2, 2000: 1}"
2613,01/10/2025,44,701.1828314540533,"{100: 23, 500: 8, 1000: 4, 200: 4, 5000: 1, 2000: 1}"
8406,01/11/2025,13,701.1431669491401,"{100: 18, 500: 15, 1000: 5, 5000: 3}"
5273,07/10/2025,38,701.1310250464347,"{100: 21, 500: 8, 1000: 7, 5000: 6, 2000: 3, 200: 1}"
2180,14/10/2025,31,701.124447468051,"{100: 18, 500: 15, 5000: 4, 1000: 4, 2000: 2, 200: 1}"
1786,21/10/2025,24,701.0599157070072,"{100: 24, 500: 4, 200: 3, 5000: 2, 1000: 1, 2000: 1}"
2147,26/10/2025,19,701.0550798835029,"{100: 20, 500: 11, 1000: 8, 5000: 2}"
8128,28/10/2025,17,701.0275332076287,"{100: 22, 500: 8, 5000: 5, 200: 5, 1000: 3}"
9990,08/09/2025,67,701.0120000653139,"{100: 19, 500: 18, 1000: 2, 2000: 1, 200: 1}"
3140,24/10/2025,21,700.966373797877,"{500: 18, 100: 17, 1000: 4, 5000: 2, 200: 1}"
0264,02/11/2025,12,700.9620741041588,"{100: 20, 500: 11, 2000: 5, 1000: 4, 5000: 2}"
8545,26/10/2025,19,700.9334204214001,"{100: 20, 500: 12, 1000: 4, 200: 3, 5000: 1}"
2181,02/11/2025,12,700.9223868726234,"{100: 20, 500: 13, 1000: 4, 5000: 1, 2000: 1, 200: 1}"
7735,28/10/2025,17,700.8917686421975,"{100: 18, 500: 15, 1000: 7, 200: 2, 5000: 1}"
7087,09/10/2025,36,700.8745071696867,"{100: 20, 500: 13, 5000: 4, 1000: 3, 2000: 1, 200: 1}"
5726,11/10/2025,34,700.8608878980957,"{100: 23, 500: 8, 1000: 4, 5000: 3, 2000: 1, 200: 1}"
3499,12/11/2025,2,700.8214298763315,"{100: 19, 500: 13, 200: 4, 1000: 3, 5000: 2, 2000: 1}"
2587,17/09/2025,58,700.7784639289941,"{100: 21, 500: 9, 5000: 4, 1000: 3, 2000: 2, 200: 1}"
8746,30/10/2025,15,700.7693814390213,"{100: 20, 500: 11, 5000: 6, 1000: 3, 200: 3, 2000: 1}"
8833,27/10/2025,18,700.7470850022215,"{100: 22, 500: 10, 1000: 4, 5000: 1}"
2169,05/11/2025,9,700.6836278059659,"{100: 22, 500: 10, 5000: 4, 200: 1}"
9259,29/10/2025,16,700.5429826246406,"{100: 23, 500: 10, 5000: 7, 200: 3, 2000: 2}"
1690,13/11/2025,1,700.5333273245999,"{100: 18, 500: 15, 1000: 4, 200: 3, 5000: 2}"
1150,04/11/2025,10,700.4683202595063,"{100: 21, 500: 9, 1000: 6, 5000: 2, 2000: 1, 200: 1}"
1945,01/11/2025,13,700.4300916032768,"{100: 19, 500: 14, 2000: 5, 1000: 4, 200: 2}"
5896,03/11/2025,11,700.3170356988085,"{100: 19, 500: 11, 1000: 6, 5000: 5, 200: 3, 2000: 1}"
6064,31/10/2025,14,700.3152769217396,"{100: 19, 500: 14, 5000: 5, 1000: 3, 2000: 1, 200: 1}"
6479,10/11/2025,4,700.2931688334357,"{100: 19, 500: 12, 1000: 5, 5000: 5, 2000: 4, 200: 3}"
3609,06/11/2025,8,700.2384386815344,"{100: 18, 500: 13, 1000: 7, 5000: 5, 200: 1}"
9806,19/07/2025,118,700.2283096402728,"{100: 21, 500: 14, 5000: 2, 1000: 2, 200: 1}"
9818,13/11/2025,1,700.2265728910337,"{100: 19, 500: 13, 1000: 6, 2000: 1, 5000: 1, 200: 1}"
4714,05/11/2025,9,700.1885796038777,"{100: 22, 500: 9, 5000: 5, 200: 2, 1000: 1}"
5977,21/10/2025,24,700.1609226546138,"{100: 20, 500: 12, 200: 3, 5000: 2, 1000: 1}"
0958,04/08/2025,102,700.1100989541105,"{100: 23, 500: 11, 5000: 1, 1000: 1}"
8130,01/10/2025,44,700.10602259889,"{100: 23, 500: 11, 5000: 4, 2000: 1}"
5961,25/10/2025,20,700.0946480044826,"{100: 19, 500: 12, 1000: 4, 200: 3, 5000: 2}"
0712,18/09/2025,57,700.0627968426413,"{100: 20, 500: 11, 2000: 5, 1000: 5, 5000: 3, 200: 1}"
9560,12/11/2025,2,700.0505154866136,"{100: 21, 500: 10, 1000: 5, 5000: 4, 200: 4, 2000: 2}"
4151,08/10/2025,37,700.0461614767169,"{100: 18, 500: 16, 1000: 5, 5000: 2, 2000: 2, 200: 1}"
0158,02/11/2025,12,700.0414058259166,"{500: 18, 100: 16, 1000: 6, 5000: 2, 2000: 1}"
8065,01/11/2025,13,699.9636656914299,"{100: 19, 500: 13, 5000: 6, 200: 4, 2000: 2, 1000: 1}"
6722,06/11/2025,8,699.8809110338774,"{500: 20, 100: 15, 1000: 4, 5000: 3, 2000: 1, 200: 1}"
2451,06/11/2025,8,699.83558651139,"{100: 22, 500: 12, 5000: 3, 200: 2, 2000: 1}"
1397,09/11/2025,5,699.768313206028,"{100: 19, 500: 14, 5000: 3, 1000: 2, 200: 2}"
6978,10/11/2025,4,699.746606740402,"{100: 19, 500: 13, 1000: 3, 200: 3, 5000: 2, 2000: 2}"
9698,06/11/2025,8,699.6213087711966,"{100: 18, 500: 15, 200: 6, 1000: 4, 5000: 2}"
8695,04/11/2025,10,699.6169004586856,"{100: 17, 500: 17, 1000: 4, 200: 3, 5000: 3, 2000: 1}"
9766,24/09/2025,51,699.6057701242073,"{100: 20, 500: 14, 5000: 4, 200: 2, 1000: 1}"
4943,03/09/2025,72,699.5907525836811,"{100: 20, 500: 10, 1000: 6, 5000: 3, 200: 3}"
5975,04/11/2025,10,699.5307822182618,"{100: 25, 5000: 3, 500: 3, 1000: 2, 200: 2}"
9140,06/11/2025,8,699.5243801829051,"{100: 18, 500: 13, 5000: 6, 1000: 5, 200: 3}"
1902,25/10/2025,20,699.4281569405231,"{100: 26, 500: 3, 5000: 3, 1000: 3, 2000: 1}"
0076,13/11/2025,1,699.4178587410664,"{100: 17, 500: 15, 1000: 6, 200: 4, 5000: 3, 2000: 1}"
7188,04/11/2025,10,699.3984487521183,"{100: 21, 500: 10, 1000: 5, 200: 3, 2000: 2, 5000: 1}"
8786,16/06/2025,151,699.3653443629236,"{100: 22, 500: 11, 5000: 3, 1000: 3, 200: 1}"
7705,30/09/2025,45,699.330322232067,"{100: 19, 500: 13, 1000: 6, 200: 3, 5000: 2}"
1640,13/09/2025,62,699.2861403470357,"{100: 20, 500: 14, 5000: 3, 200: 2, 1000: 1}"
9389,12/10/2025,33,699.2801255536489,"{100: 18, 500: 16, 5000: 4, 1000: 2, 200: 1}"
3874,24/10/2025,21,699.2646795072013,"{100: 19, 500: 12, 1000: 5, 200: 4, 2000: 2, 5000: 2}"
6229,05/11/2025,9,699.2097607224326,"{100: 18, 500: 15, 5000: 5, 200: 3, 1000: 2}"
0807,03/11/2025,11,699.2072308550535,"{100: 23, 500: 6, 5000: 4, 1000: 4, 200: 4, 2000: 2}"
3486,13/11/2025,1,699.1012143472458,"{500: 20, 100: 15, 1000: 3, 5000: 3, 200: 2}"
2735,13/10/2025,32,699.0827473016885,"{100: 18, 500: 13, 1000: 7, 5000: 4, 200: 3, 2000: 2}"
2846,12/11/2025,2,699.0550157339703,"{100: 17, 500: 16, 1000: 3, 5000: 3, 2000: 2, 200: 1}"
1893,04/11/2025,10,699.0374344973025,"{100: 21, 500: 10, 1000: 7, 5000: 2, 200: 1}"
8657,14/11/2025,0,699.0339976223867,"{100: 21, 500: 9, 1000: 4, 5000: 3, 200: 3, 2000: 1}"
4066,28/09/2025,47,698.987736292218,"{100: 21, 500: 11, 5000: 8, 1000: 4, 200: 3, 2000: 1}"
4784,05/11/2025,9,698.8947354475748,"{100: 19, 500: 13, 1000: 4, 2000: 2, 5000: 1, 200: 1}"
3532,05/11/2025,9,698.70941821015,"{100: 21, 500: 11, 1000: 3, 200: 3, 5000: 1}"
8943,01/09/2025,74,698.6938298889308,"{100: 19, 500: 14, 1000: 6, 200: 6, 5000: 3, 2000: 2}"
4727,09/11/2025,5,698.6688034790322,"{100: 22, 500: 10, 200: 3, 5000: 2, 1000: 1}"
4899,03/11/2025,11,698.6445638427618,"{100: 19, 500: 15, 5000: 3, 2000: 1, 1000: 1, 200: 1}"
1225,10/10/2025,35,698.6024613832021,"{100: 18, 500: 16, 1000: 4, 5000: 1, 2000: 1}"
9266,13/11/2025,1,698.567291600775,"{100: 20, 500: 11, 1000: 8, 5000: 2, 200: 1, 2000: 1}"
4455,23/09/2025,52,698.5561315612171,"{100: 21, 500: 10, 5000: 5, 1000: 3, 2000: 1, 200: 1}"
5174,01/11/2025,13,698.5531794838926,"{100: 20, 500: 12, 200: 4, 1000: 2, 5000: 2}"
2702,01/11/2025,13,698.5135359707575,"{100: 19, 500: 12, 5000: 4, 1000: 4, 200: 3, 2000: 2}"
5866,28/07/2025,109,698.3394438050583,"{100: 19, 500: 15, 1000: 8, 200: 2, 5000: 1, 2000: 1}"
1307,30/10/2025,15,698.321354284845,"{100: 22, 500: 10, 5000: 2, 1000: 2, 200: 1}"
1119,21/10/2025,24,698.2357305035263,"{100: 22, 500: 8, 1000: 5, 5000: 5, 200: 3, 2000: 1}"
5148,29/10/2025,16,698.2220386399034,"{100: 19, 500: 13, 1000: 5, 5000: 4, 200: 3}"
4351,02/11/2025,12,698.1274324447841,"{100: 22, 500: 9, 5000: 5, 1000: 3, 200: 1}"
8181,29/09/2025,46,698.0884295249625,"{100: 23, 500: 6, 5000: 3, 200: 3, 2000: 1, 1000: 1}"
0760,08/10/2025,37,698.0688398682879,"{100: 21, 500: 12, 1000: 6, 200: 1}"
4729,29/09/2025,46,698.067987226298,"{100: 22, 500: 9, 1000: 8, 2000: 1, 200: 1}"
2670,29/10/2025,16,698.04901361231,"{100: 20, 500: 12, 1000: 6, 200: 3, 5000: 1}"
6548,02/11/2025,12,697.9977078711383,"{100: 17, 500: 16, 1000: 6, 5000: 4, 2000: 2, 200: 2}"
4731,31/10/2025,14,697.9647313852356,"{100: 20, 500: 13, 5000: 3, 1000: 2, 2000: 1, 200: 1}"
0480,21/10/2025,24,697.9468107906854,"{500: 20, 100: 15, 1000: 3, 200: 3, 5000: 2, 2000: 1}"
1394,15/10/2025,30,697.9054150317108,"{500: 19, 100: 16, 5000: 3, 2000: 2, 1000: 2, 200: 1}"
3344,08/10/2025,37,697.8862528720816,"{100: 18, 500: 17, 5000: 4, 1000: 3, 200: 3}"
0322,06/10/2025,39,697.8139090224793,"{100: 16, 500: 14, 1000: 10, 5000: 5, 200: 3, 2000: 1}"
9288,20/10/2025,25,697.7505955436474,"{100: 21, 500: 11, 5000: 6, 2000: 2, 200: 2, 1000: 2}"
9336,12/11/2025,2,697.7399482798144,"{500: 17, 100: 16, 1000: 5, 5000: 3, 200: 1}"
8488,01/11/2025,13,697.7330622786144,"{100: 17, 500: 15, 200: 7, 1000: 3, 5000: 3}"
3812,11/11/2025,3,697.6934817781498,"{100: 20, 500: 11, 1000: 4, 200: 2, 2000: 1, 5000: 1}"
8774,24/10/2025,21,697.6358951912114,"{100: 19, 500: 13, 5000: 4, 1000: 4, 2000: 2, 200: 2}"
2236,10/11/2025,4,697.6117742259894,"{100: 19, 500: 13, 1000: 4, 5000: 3, 200: 2}"
1253,05/11/2025,9,697.6004157730176,"{100: 19, 500: 12, 5000: 3, 200: 3, 2000: 3, 1000: 2}"
5941,03/10/2025,42,697.53824224275,"{100: 16, 500: 16, 1000: 6, 5000: 4, 200: 1}"
2789,05/11/2025,9,697.4903550342203,"{100: 23, 500: 6, 5000: 6, 1000: 3, 2000: 3, 200: 1}"
8006,05/10/2025,40,697.4641256097425,"{500: 18, 100: 15, 1000: 9, 5000: 2, 200: 2, 2000: 1}"
4145,09/11/2025,5,697.4153762148383,"{100: 23, 500: 8, 5000: 4, 2000: 1, 1000: 1}"
7491,03/11/2025,11,697.3501309853351,"{100: 19, 500: 13, 1000: 4, 5000: 4, 200: 4}"
9654,14/11/2025,0,697.3397717485459,"{100: 20, 500: 10, 5000: 4, 200: 2, 1000: 1}"
5054,29/09/2025,46,697.3247276485054,"{100: 20, 500: 13, 1000: 6, 2000: 3, 5000: 2, 200: 2}"
4607,21/10/2025,24,697.2530748952242,"{100: 20, 500: 13, 5000: 3, 200: 3, 1000: 2, 2000: 1}"
7421,10/09/2025,65,697.238506991599,"{100: 19, 500: 16, 2000: 4, 200: 2, 1000: 1, 5000: 1}"
0716,01/11/2025,13,697.2129922327077,"{100: 22, 500: 9, 5000: 5, 200: 3, 1000: 2}"
0271,09/11/2025,5,697.1808264690837,"{100: 22, 500: 11, 5000: 4, 2000: 1}"
0352,09/09/2025,66,697.1303866010387,"{100: 23, 500: 6, 5000: 4, 200: 2, 1000: 2}"
2899,11/11/2025,3,697.1133425997748,"{100: 17, 500: 14, 5000: 4, 200: 4, 1000: 3, 2000: 1}"
6799,04/09/2025,71,697.1063456791006,"{100: 19, 500: 15, 5000: 3, 2000: 2, 1000: 2, 200: 1}"
2260,06/11/2025,8,697.0158797696499,"{500: 20, 100: 14, 1000: 7, 200: 3, 5000: 3, 2000: 2}"
1109,05/11/2025,9,696.9949419148254,"{100: 19, 500: 10, 5000: 4, 2000: 4, 1000: 4, 200: 4}"
7767,11/11/2025,3,696.8744057077331,"{100: 20, 500: 11, 1000: 5, 5000: 3, 2000: 1, 200: 1}"
3438,11/10/2025,34,696.8504481828368,"{100: 24, 1000: 5, 500: 5, 5000: 1, 200: 1}"
5086,24/10/2025,21,696.8473797583995,"{100: 21, 500: 10, 1000: 3, 5000: 3, 2000: 3, 200: 2}"
8331,16/10/2025,29,696.8131266396272,"{100: 21, 500: 11, 5000: 6, 1000: 4, 200: 2, 2000: 1}"
6709,21/10/2025,24,696.7947798149775,"{100: 18, 500: 13, 5000: 8, 2000: 4, 1000: 3, 200: 1}"
2245,30/08/2025,76,696.7886643589782,"{100: 25, 1000: 5, 500: 5, 200: 4, 2000: 3, 5000: 3}"
9210,06/09/2025,69,696.7870896190636,"{100: 19, 500: 15, 1000: 3, 2000: 2, 200: 2, 5000: 1}"
1003,12/10/2025,33,696.6226245868346,"{100: 20, 500: 12, 5000: 3, 1000: 2, 200: 2}"
7314,07/10/2025,38,696.5117834364715,"{100: 20, 500: 12, 1000: 5, 200: 2, 5000: 2}"
0104,11/11/2025,3,696.4784796861315,"{100: 20, 500: 11, 200: 4, 5000: 4, 1000: 3}"
6340,30/10/2025,15,696.4530354476309,"{100: 23, 500: 7, 5000: 6, 200: 3, 1000: 2, 2000: 1}"
9151,04/11/2025,10,696.4225305335575,"{100: 20, 500: 13, 5000: 3, 200: 2, 2000: 1, 1000: 1}"
7262,18/10/2025,27,696.4043112128106,"{100: 17, 500: 14, 5000: 8, 1000: 8, 200: 2, 2000: 1}"
8433,11/11/2025,3,696.4009731608352,"{100: 19, 500: 12, 5000: 6, 1000: 5, 200: 3, 2000: 1}"
5247,14/10/2025,31,696.3962066812123,"{100: 18, 500: 14, 5000: 5, 200: 3, 1000: 3, 2000: 1}"
0919,12/08/2025,94,696.3945849574053,"{100: 18, 500: 15, 200: 6, 5000: 4, 1000: 4, 2000: 2}"
6014,26/10/2025,19,696.3777655622797,"{100: 18, 500: 15, 1000: 6, 5000: 3, 200: 2}"
1035,28/09/2025,47,696.365960168151,"{100: 21, 500: 9, 5000: 4, 1000: 4, 200: 2, 2000: 2}"
4147,31/10/2025,14,696.3206543811681,"{100: 18, 500: 14, 1000: 4, 5000: 4, 2000: 1}"
5609,29/10/2025,16,696.2793299153853,"{100: 21, 500: 9, 5000: 5, 1000: 3, 2000: 1, 200: 1}"
2489,12/10/2025,33,696.2458514205344,"{100: 21, 500: 12, 5000: 2, 1000: 2, 200: 1}"
3630,06/11/2025,8,696.2312654888806,"{100: 17, 500: 16, 5000: 5, 200: 3, 1000: 3, 2000: 1}"
9366,01/10/2025,44,696.2234649640767,"{100: 17, 500: 17, 5000: 6, 1000: 4, 200: 2}"
0191,17/09/2025,58,696.2061465026634,"{100: 21, 500: 11, 1000: 6, 200: 3, 2000: 1, 5000: 1}"
7474,26/08/2025,80,696.1649312475041,"{100: 22, 500: 9, 5000: 5, 1000: 2, 200: 2}"
3238,07/09/2025,68,696.1599030453242,"{100: 19, 500: 14, 1000: 5, 5000: 3, 200: 2}"
5658,20/09/2025,55,696.1241668260262,"{100: 19, 500: 13, 5000: 4, 200: 3, 1000: 3, 2000: 1}"
4087,14/11/2025,0,696.059030745966,"{100: 21, 500: 9, 5000: 5, 1000: 4, 200: 4}"
5047,24/10/2025,21,695.9904576759791,"{100: 22, 500: 10, 1000: 6, 2000: 3, 200: 2}"
2672,17/09/2025,58,695.9293887140075,"{100: 22, 500: 12, 2000: 2, 1000: 1, 200: 1, 5000: 1}"
7952,11/11/2025,3,695.9009372829364,"{100: 21, 500: 9, 200: 4, 5000: 3, 1000: 2, 2000: 1}"
5409,05/11/2025,9,695.892983029649,"{100: 21, 500: 11, 1000: 3, 5000: 2, 200: 1, 2000: 1}"
0148,06/10/2025,39,695.8771687755655,"{100: 24, 500: 7, 5000: 3, 200: 2, 1000: 1}"
8753,29/09/2025,46,695.8444736135139,"{100: 22, 500: 10, 5000: 3, 200: 1, 1000: 1}"
1442,14/11/2025,0,695.8169985670206,"{100: 19, 500: 13, 1000: 4, 5000: 2, 2000: 1, 200: 1}"
9776,15/10/2025,30,695.8079672526809,"{100: 20, 500: 12, 200: 4, 5000: 3, 2000: 2, 1000: 2}"
0263,24/09/2025,51,695.7979370248739,"{100: 21, 500: 11, 5000: 5, 200: 4, 2000: 2, 1000: 2}"
9962,28/07/2025,109,695.7362187151832,"{100: 18, 500: 15, 5000: 3, 1000: 3, 2000: 2}"
5966,08/11/2025,6,695.7184885021675,"{100: 18, 500: 13, 1000: 5, 5000: 5, 200: 4}"
1867,29/10/2025,16,695.6271594331748,"{100: 20, 500: 12, 1000: 5, 5000: 3, 200: 1}"
1241,17/10/2025,28,695.6167019330462,"{100: 18, 500: 16, 5000: 3, 200: 2, 2000: 1}"
2997,15/09/2025,60,695.5876177876139,"{100: 20, 500: 13, 1000: 6, 200: 1, 5000: 1}"
6450,20/09/2025,55,695.5800273738525,"{500: 18, 100: 17, 1000: 3, 5000: 2, 200: 1}"
4464,29/10/2025,16,695.5254602776653,"{100: 22, 500: 8, 5000: 3, 1000: 2, 200: 2, 2000: 1}"
1489,27/10/2025,18,695.5140714795386,"{100: 21, 500: 10, 1000: 5, 5000: 2}"
1721,22/08/2025,84,695.4708266909807,"{100: 22, 500: 10, 5000: 4, 200: 3, 2000: 2, 1000: 1}"
3627,03/08/2025,103,695.4524809697082,"{100: 19, 500: 14, 1000: 7, 5000: 5, 2000: 1, 200: 1}"
8358,25/09/2025,50,695.4332871124199,"{100: 24, 500: 6, 5000: 4, 1000: 3, 200: 3, 2000: 1}"
7467,02/08/2025,104,695.3723944815129,"{100: 21, 500: 12, 200: 3, 5000: 2, 2000: 1}"
2058,19/10/2025,26,695.3620654759192,"{100: 21, 500: 12, 1000: 2, 5000: 1, 200: 1}"
6702,09/11/2025,5,695.3458084388795,"{100: 23, 500: 7, 5000: 5, 1000: 2, 200: 2, 2000: 1}"
2539,25/09/2025,50,695.3320339057095,"{100: 23, 500: 11, 5000: 2, 2000: 2, 200: 2}"
3891,13/09/2025,62,695.3147476375011,"{100: 18, 500: 13, 1000: 8, 5000: 4, 2000: 2, 200: 2}"
4891,09/10/2025,36,695.3040013921077,"{100: 22, 500: 9, 1000: 3, 5000: 3, 200: 3}"
0012,14/11/2025,0,695.3038421733719,"{100: 19, 500: 10, 1000: 8, 5000: 5, 2000: 2, 200: 2}"
7480,02/11/2025,12,695.2593425371349,"{100: 17, 500: 15, 1000: 7, 5000: 4, 200: 3}"
8705,24/09/2025,51,695.2049493303333,"{100: 23, 500: 7, 5000: 4, 1000: 1, 2000: 1, 200: 1}"
0338,31/10/2025,14,695.0844488206094,"{100: 20, 500: 10, 5000: 4, 200: 3, 2000: 1, 1000: 1}"
5519,30/10/2025,15,694.9905747037175,"{100: 17, 500: 12, 1000: 7, 5000: 7, 2000: 4, 200: 2}"
2025,07/11/2025,7,694.9788192724516,"{100: 19, 500: 14, 5000: 4, 1000: 2, 200: 2, 2000: 1}"
5677,01/11/2025,13,694.8949297185385,"{500: 19, 100: 17, 1000: 3}"
8899,04/11/2025,10,694.8449906917435,"{100: 19, 500: 11, 1000: 5, 200: 5, 5000: 4}"
4218,04/10/2025,41,694.7984202749878,"{500: 17, 100: 15, 5000: 4, 1000: 3, 2000: 1, 200: 1}"
4054,05/11/2025,9,694.7616971317484,"{100: 16, 500: 13, 1000: 8, 5000: 6, 2000: 2, 200: 2}"
7572,10/10/2025,35,694.6848347922429,"{100: 18, 500: 13, 5000: 4, 1000: 3, 200: 2, 2000: 2}"
3890,26/10/2025,19,694.6823222996333,"{100: 19, 500: 14, 1000: 4, 5000: 3, 200: 1}"
0467,23/08/2025,83,694.6750163050388,"{100: 22, 500: 8, 1000: 5, 5000: 4, 2000: 1}"
5719,17/10/2025,28,694.6630920328604,"{100: 20, 500: 12, 1000: 5, 200: 3, 2000: 1}"
1764,12/11/2025,2,694.6437030830158,"{100: 20, 500: 14, 1000: 4, 200: 2}"
5588,14/11/2025,0,694.6433866270373,"{100: 20, 500: 12, 1000: 4, 200: 2, 2000: 2, 5000: 1}"
6550,11/11/2025,3,694.5477255909086,"{100: 22, 500: 10, 200: 3, 1000: 2}"
5952,16/10/2025,29,694.5283406103254,"{500: 18, 100: 16, 1000: 4, 200: 2, 2000: 2, 5000: 1}"
6044,27/10/2025,18,694.5034507727242,"{100: 21, 500: 11, 1000: 4, 5000: 1, 2000: 1, 200: 1}"
9737,18/10/2025,27,694.4184136726109,"{100: 20, 1000: 8, 500: 8, 5000: 7, 200: 4}"
1470,29/08/2025,77,694.3505769248649,"{100: 20, 500: 12, 200: 5, 5000: 3, 1000: 3, 2000: 1}"
6346,23/10/2025,22,694.2964864834597,"{100: 21, 500: 11, 1000: 4, 200: 2, 5000: 1, 2000: 1}"
3907,13/10/2025,32,694.2863403283799,"{100: 22, 200: 8, 500: 7, 1000: 5, 5000: 1, 2000: 1}"
4290,27/10/2025,18,694.2024787394674,"{500: 22, 100: 14, 1000: 4, 5000: 3, 200: 2, 2000: 1}"
5433,27/06/2025,140,694.1859296053688,"{100: 22, 500: 9, 5000: 4, 1000: 2, 200: 2}"
8692,10/10/2025,35,694.1674548582348,"{100: 17, 500: 17, 1000: 5, 5000: 3, 200: 2, 2000: 1}"
8515,12/09/2025,63,694.1512548391609,"{100: 22, 500: 10, 1000: 2, 5000: 2, 2000: 1, 200: 1}"
6532,30/10/2025,15,694.0236564484845,"{100: 19, 500: 12, 1000: 6, 5000: 2, 2000: 1, 200: 1}"
8709,11/11/2025,3,693.9667366930152,"{100: 18, 500: 16, 200: 3, 1000: 2, 5000: 2}"
8755,12/11/2025,2,693.9633960087042,"{100: 17, 500: 13, 5000: 6, 200: 4, 1000: 3, 2000: 1}"
1958,08/11/2025,6,693.9417376037143,"{100: 17, 500: 15, 1000: 7, 5000: 4, 200: 2}"
5450,06/10/2025,39,693.8734082651903,"{100: 17, 500: 17, 1000: 6, 5000: 2, 200: 2, 2000: 1}"
8985,03/10/2025,42,693.8611881665739,"{100: 19, 500: 13, 1000: 5, 5000: 2, 200: 2}"
5792,08/11/2025,6,693.7546016206337,"{100: 20, 500: 12, 1000: 5, 5000: 2}"
6439,24/09/2025,51,693.6683202752065,"{100: 24, 5000: 7, 500: 5, 200: 4, 2000: 3, 1000: 2}"
8175,01/09/2025,74,693.6538111387397,"{100: 20, 500: 12, 5000: 5, 1000: 4, 200: 4, 2000: 1}"
2234,28/07/2025,109,693.6290575978672,"{100: 22, 500: 10, 1000: 4, 5000: 1}"
3476,27/10/2025,18,693.6235313948173,"{100: 19, 500: 12, 5000: 7, 1000: 6, 200: 1}"
5694,26/10/2025,19,693.6221189112041,"{500: 23, 100: 12, 5000: 5, 1000: 5, 2000: 1, 200: 1}"
8754,13/10/2025,32,693.6138072747539,"{100: 24, 1000: 5, 500: 5, 5000: 2, 200: 2, 2000: 1}"
4083,23/10/2025,22,693.5671320106782,"{100: 21, 500: 10, 1000: 5, 5000: 3, 200: 2, 2000: 2}"
5035,18/10/2025,27,693.5526451347461,"{100: 20, 500: 11, 1000: 5, 5000: 2, 2000: 2, 200: 1}"
1720,09/11/2025,5,693.5099212947636,"{100: 18, 500: 11, 200: 9, 5000: 4, 1000: 3}"
9103,06/11/2025,8,693.5002123937786,"{100: 18, 500: 12, 5000: 4, 1000: 3, 200: 3}"
1161,13/06/2025,154,693.4530781671141,"{100: 19, 500: 15, 1000: 5, 5000: 5, 200: 2, 2000: 1}"
7765,07/08/2025,99,693.4324942384663,"{100: 23, 500: 10, 1000: 5, 200: 2}"
9257,04/11/2025,10,693.3929295770203,"{100: 21, 500: 7, 5000: 6, 2000: 3, 1000: 3, 200: 1}"
4082,10/11/2025,4,693.3586656637992,"{500: 17, 100: 16, 1000: 7, 5000: 2, 200: 1}"
6990,09/09/2025,66,693.2581556035365,"{100: 20, 500: 12, 5000: 6, 1000: 5, 200: 3}"
7585,10/10/2025,35,693.2470961532543,"{100: 19, 500: 14, 1000: 3, 5000: 2, 200: 2}"
4092,11/11/2025,3,693.2302018121673,"{100: 20, 500: 11, 5000: 4, 1000: 4, 2000: 3, 200: 2}"
3043,02/11/2025,12,693.1429461679653,"{100: 20, 500: 9, 1000: 8, 200: 4, 5000: 4}"
5006,14/08/2025,92,693.1005973810833,"{100: 20, 500: 10, 1000: 7, 200: 4, 5000: 2, 2000: 1}"
4724,24/09/2025,51,693.0923403452572,"{100: 20, 500: 12, 5000: 6, 1000: 4, 2000: 1, 200: 1}"
9764,22/10/2025,23,693.0331139195561,"{100: 17, 500: 16, 1000: 5, 5000: 3, 2000: 1, 200: 1}"
6282,30/10/2025,15,693.0080101982796,"{100: 21, 500: 11, 5000: 4, 1000: 2}"
6873,11/11/2025,3,692.9891027311282,"{100: 18, 500: 15, 5000: 5, 1000: 3, 2000: 1}"
4452,27/10/2025,18,692.9485149184336,"{100: 18, 500: 16, 1000: 3, 5000: 2, 200: 2}"
0117,30/10/2025,15,692.9274596993963,"{100: 21, 500: 10, 200: 5, 1000: 4, 5000: 1}"
1972,30/09/2025,45,692.8910616576063,"{100: 19, 500: 13, 1000: 5, 200: 3, 5000: 1}"
5021,12/11/2025,2,692.8672036714643,"{100: 20, 500: 14, 200: 3, 1000: 3}"
4251,13/11/2025,1,692.8395333767203,"{100: 18, 500: 12, 200: 7, 1000: 3, 5000: 2, 2000: 1}"
1184,22/07/2025,115,692.8353869273076,"{100: 19, 500: 15, 1000: 5, 5000: 2, 200: 1}"
3430,09/09/2025,66,692.8131598602473,"{100: 21, 500: 9, 1000: 4, 5000: 3, 200: 3, 2000: 1}"
2233,04/11/2025,10,692.8045212280117,"{100: 18, 500: 14, 1000: 8, 5000: 2, 200: 2, 2000: 1}"
9171,03/11/2025,11,692.8031640309795,"{100: 17, 500: 17, 5000: 3, 200: 3, 1000: 3, 2000: 2}"
7194,04/10/2025,41,692.7919221844235,"{100: 18, 500: 15, 1000: 5, 5000: 2, 2000: 2}"
1926,11/10/2025,34,692.7885743799977,"{100: 20, 500: 12, 1000: 7, 200: 5, 2000: 2}"
9847,23/09/2025,52,692.7862567827499,"{100: 20, 500: 11, 1000: 5, 5000: 5, 2000: 2, 200: 2}"
2859,08/11/2025,6,692.7769942503386,"{100: 19, 500: 10, 1000: 8, 2000: 4, 200: 4, 5000: 3}"
7805,25/10/2025,20,692.6232817155969,"{100: 22, 500: 10, 5000: 2, 200: 1, 1000: 1}"
3834,26/09/2025,49,692.4788432429287,"{100: 21, 500: 10, 1000: 5, 200: 4, 5000: 2, 2000: 2}"
0667,13/11/2025,1,692.3895651389256,"{100: 19, 500: 13, 1000: 4, 5000: 3, 200: 3, 2000: 2}"
0079,01/10/2025,44,692.3343899046245,"{100: 19, 500: 11, 1000: 5, 200: 4, 5000: 3}"
3909,03/11/2025,11,692.1795944906532,"{100: 19, 500: 14, 200: 4, 1000: 3, 5000: 2}"
7641,04/11/2025,10,692.1474667335134,"{100: 18, 500: 15, 1000: 6, 5000: 1, 200: 1}"
9278,03/11/2025,11,692.1406282846954,"{100: 23, 500: 5, 1000: 3, 5000: 2}"
1418,05/11/2025,9,692.1250712872296,"{500: 18, 100: 17, 2000: 5, 1000: 3, 200: 2}"
4511,12/11/2025,2,692.1078795447603,"{100: 18, 500: 14, 5000: 6, 1000: 5, 200: 2}"
7591,08/10/2025,37,692.1061041542613,"{100: 19, 500: 13, 1000: 7, 5000: 2, 2000: 2, 200: 2}"
9567,19/09/2025,56,692.100405481759,"{100: 21, 500: 11, 1000: 4, 200: 3, 5000: 3}"
2279,28/10/2025,17,692.0459034278745,"{100: 21, 500: 9, 5000: 3, 200: 3, 1000: 2}"
5423,04/11/2025,10,692.0213015238805,"{100: 18, 500: 14, 1000: 6, 2000: 2, 5000: 2}"
7275,01/11/2025,13,691.9631859554465,"{100: 24, 500: 8, 200: 3, 1000: 2}"
6839,26/10/2025,19,691.9601706777086,"{500: 17, 100: 15, 1000: 7, 5000: 5, 200: 2}"
6261,01/10/2025,44,691.9320357406108,"{100: 18, 500: 16, 5000: 4, 1000: 3, 2000: 1}"
7126,03/09/2025,72,691.8995634506813,"{100: 20, 500: 12, 5000: 6, 1000: 4, 200: 3, 2000: 2}"
8248,31/10/2025,14,691.8817880331538,"{100: 23, 5000: 6, 1000: 6, 500: 5, 200: 3}"
3626,01/11/2025,13,691.8622091330244,"{100: 19, 500: 11, 1000: 6, 200: 4, 5000: 4}"
5275,13/11/2025,1,691.8578938396422,"{500: 17, 100: 17, 200: 3, 1000: 1, 5000: 1}"
1292,10/10/2025,35,691.8402265115737,"{100: 20, 500: 10, 1000: 6, 5000: 4, 200: 2, 2000: 1}"
8818,03/11/2025,11,691.7575418132839,"{100: 17, 500: 17, 1000: 4, 5000: 2, 200: 2, 2000: 1}"
0706,14/11/2025,0,691.7572211840823,"{100: 18, 500: 13, 200: 6, 1000: 3, 5000: 1}"
4445,09/11/2025,5,691.7510865205344,"{100: 19, 500: 12, 1000: 8, 5000: 3, 2000: 1, 200: 1}"
4356,14/11/2025,0,691.7443917076932,"{100: 20, 500: 11, 200: 5, 5000: 4, 1000: 3}"
1831,25/10/2025,20,691.7369361878325,"{100: 20, 500: 11, 5000: 6, 1000: 3, 2000: 1, 200: 1}"
1422,22/08/2025,84,691.7276630651809,"{100: 20, 500: 14, 1000: 3, 5000: 2, 200: 1}"
3446,05/10/2025,40,691.7238257850407,"{100: 20, 500: 12, 1000: 7, 5000: 1, 200: 1}"
5121,20/09/2025,55,691.6331898601744,"{100: 20, 500: 11, 1000: 6, 200: 5, 5000: 5, 2000: 1}"
1343,08/11/2025,6,691.6049295441869,"{100: 19, 500: 13, 5000: 5, 1000: 4, 200: 1}"
1669,21/09/2025,54,691.5919883312341,"{100: 22, 500: 9, 200: 4, 2000: 2, 5000: 1, 1000: 1}"
5298,29/10/2025,16,691.5518803574847,"{100: 17, 500: 13, 1000: 6, 200: 4, 5000: 3, 2000: 1}"
5278,16/10/2025,29,691.5220866783955,"{100: 23, 500: 10, 1000: 2, 200: 2}"
1851,21/10/2025,24,691.4884837030042,"{100: 17, 500: 17, 1000: 6, 5000: 1}"
9723,19/09/2025,56,691.4647129830352,"{100: 21, 1000: 10, 500: 9, 5000: 3, 200: 1, 2000: 1}"
2638,03/09/2025,72,691.4471422849255,"{100: 22, 500: 10, 200: 4, 2000: 2, 5000: 2, 1000: 1}"
1274,03/10/2025,42,691.4425346810472,"{100: 19, 500: 11, 1000: 6, 200: 3, 5000: 1}"
9192,28/10/2025,17,691.4365049170544,"{100: 19, 500: 12, 1000: 7, 5000: 4, 2000: 1, 200: 1}"
5592,25/10/2025,20,691.4332929067386,"{100: 20, 500: 12, 1000: 4, 200: 4, 5000: 2, 2000: 1}"
6171,10/11/2025,4,691.3407532655552,"{100: 18, 500: 14, 1000: 5, 5000: 3, 200: 1}"
0585,01/11/2025,13,691.3203189117124,"{100: 20, 500: 12, 1000: 3, 200: 1, 5000: 1, 2000: 1}"
0375,22/06/2025,145,691.3154381653563,"{100: 23, 500: 10, 1000: 4, 5000: 2}"
2046,01/10/2025,44,691.2927301619364,"{100: 23, 500: 7, 1000: 4, 5000: 4, 200: 1, 2000: 1}"
2719,11/11/2025,3,691.2562780395097,"{100: 21, 500: 10, 200: 3, 1000: 3, 5000: 2}"
0309,13/11/2025,1,691.2519851059193,"{100: 21, 500: 10, 1000: 4, 200: 2, 5000: 1}"
2332,02/11/2025,12,691.2343243993403,"{100: 24, 500: 7, 200: 4, 1000: 2, 2000: 2}"
1983,03/11/2025,11,691.2095825431787,"{100: 18, 500: 16, 1000: 4, 200: 4}"
1578,01/09/2025,74,691.2091116885571,"{100: 19, 500: 14, 200: 4, 5000: 3, 2000: 2, 1000: 2}"
7199,31/10/2025,14,691.1259455085377,"{100: 18, 500: 14, 1000: 5, 5000: 3, 2000: 3}"
0288,03/11/2025,11,691.0321484870533,"{100: 17, 500: 14, 1000: 6, 5000: 4, 2000: 3, 200: 2}"
6577,06/11/2025,8,690.9958696419467,"{100: 18, 500: 16, 1000: 2, 2000: 2, 200: 2, 5000: 1}"
0713,08/11/2025,6,690.9957074353789,"{100: 18, 500: 14, 5000: 4, 1000: 4, 200: 2}"
7431,13/10/2025,32,690.9489248775704,"{100: 20, 500: 9, 200: 5, 1000: 3, 2000: 2, 5000: 1}"
9858,07/10/2025,38,690.8411401760733,"{100: 18, 500: 15, 200: 4, 1000: 2, 2000: 1, 5000: 1}"
3423,15/10/2025,30,690.7499882996337,"{100: 18, 500: 15, 1000: 4, 5000: 4, 200: 3, 2000: 1}"
0523,22/10/2025,23,690.7208167859113,"{100: 17, 500: 17, 200: 5, 2000: 3, 1000: 2, 5000: 2}"
8209,31/10/2025,14,690.5719830608161,"{100: 22, 500: 9, 1000: 4, 200: 1, 2000: 1, 5000: 1}"
1825,10/11/2025,4,690.5392067880248,"{100: 18, 500: 11, 5000: 5, 1000: 4, 2000: 2, 200: 1}"
6936,12/08/2025,94,690.5089021254759,"{100: 20, 500: 14, 1000: 3, 5000: 2, 200: 2, 2000: 1}"
2365,10/11/2025,4,690.4242423747128,"{100: 22, 500: 6, 5000: 5, 1000: 4, 200: 2, 2000: 1}"
5687,13/11/2025,1,690.3999050314811,"{100: 23, 500: 7, 5000: 4, 1000: 3, 200: 2, 2000: 1}"
5933,14/11/2025,0,690.3920233146816,"{100: 20, 500: 10, 5000: 3, 1000: 3, 200: 1}"
1320,12/10/2025,33,690.3839531696682,"{100: 18, 500: 15, 5000: 3, 1000: 2, 200: 2, 2000: 1}"
6185,11/11/2025,3,690.3814813767422,"{100: 20, 500: 10, 5000: 4, 1000: 4, 200: 2, 2000: 1}"
5644,01/11/2025,13,690.3804601002337,"{100: 22, 500: 10, 200: 4, 1000: 4}"
5520,23/09/2025,52,690.3163159196298,"{100: 18, 500: 14, 1000: 4, 5000: 4, 200: 2, 2000: 2}"
3299,15/10/2025,30,690.2905402213187,"{100: 17, 500: 15, 1000: 6, 5000: 4}"
7778,16/09/2025,59,690.2765296814933,"{100: 21, 500: 9, 1000: 7, 5000: 4, 200: 4, 2000: 1}"
4274,29/09/2025,46,690.2114207739278,"{100: 20, 500: 12, 1000: 4, 5000: 3, 200: 2}"
7214,07/10/2025,38,690.179625718319,"{100: 21, 500: 9, 1000: 6, 5000: 5, 200: 3, 2000: 2}"
1390,07/11/2025,7,690.1526996148865,"{100: 17, 500: 14, 1000: 7, 2000: 2, 200: 2, 5000: 2}"
2380,14/11/2025,0,690.0361286961687,"{100: 20, 500: 10, 5000: 4, 1000: 4, 200: 3, 2000: 1}"
5909,19/08/2025,87,689.8751066240561,"{100: 20, 500: 13, 1000: 6, 5000: 2, 200: 1}"
7883,29/10/2025,16,689.8738002613406,"{100: 23, 500: 6, 1000: 6, 5000: 1, 2000: 1, 200: 1}"
2907,11/06/2025,156,689.8029451791375,"{100: 24, 500: 10, 1000: 5}"
6253,07/09/2025,68,689.7900619177115,"{100: 20, 500: 11, 5000: 5, 1000: 4, 2000: 2}"
6659,31/10/2025,14,689.7807314884477,"{100: 19, 500: 14, 5000: 5, 1000: 4, 200: 2}"
3371,13/10/2025,32,689.7752377920278,"{100: 16, 500: 15, 200: 5, 5000: 4, 1000: 4, 2000: 2}"
5486,12/11/2025,2,689.7687801527499,"{100: 17, 500: 15, 1000: 7, 200: 3, 2000: 1, 5000: 1}"
1979,29/08/2025,77,689.697351848736,"{100: 24, 500: 9, 5000: 3}"
0024,09/09/2025,66,689.6681262755029,"{100: 18, 500: 15, 1000: 4, 200: 3, 5000: 1}"
0211,04/10/2025,41,689.6553129246986,"{500: 18, 100: 15, 5000: 4, 200: 2, 1000: 1, 2000: 1}"
8093,14/11/2025,0,689.6089940493384,"{500: 22, 100: 14, 2000: 5, 1000: 2, 200: 2, 5000: 1}"
6212,11/10/2025,34,689.5898502620861,"{100: 17, 500: 15, 5000: 4, 1000: 4, 200: 4}"
6549,21/10/2025,24,689.5822358078393,"{100: 21, 500: 12, 200: 5, 1000: 3}"
2498,13/11/2025,1,689.5392308956665,"{100: 18, 500: 13, 1000: 9, 2000: 4, 5000: 2, 200: 1}"
9149,01/11/2025,13,689.5093658658031,"{100: 19, 500: 11, 200: 4, 1000: 3, 5000: 2}"
6974,06/10/2025,39,689.4404264831257,"{100: 22, 500: 9, 5000: 6, 2000: 2, 200: 1, 1000: 1}"
6518,26/10/2025,19,689.4239484475175,"{100: 19, 500: 12, 1000: 4, 200: 4, 5000: 3, 2000: 1}"
0689,26/09/2025,49,689.4227097439992,"{100: 21, 500: 10, 2000: 2, 200: 2, 5000: 2, 1000: 2}"
6433,08/11/2025,6,689.4056750542433,"{100: 20, 500: 11, 1000: 5, 5000: 1, 2000: 1, 200: 1}"
9724,31/10/2025,14,689.3855124755469,"{100: 21, 500: 9, 1000: 3, 2000: 2, 5000: 2, 200: 1}"
7965,14/09/2025,61,689.3373945243958,"{100: 20, 500: 12, 1000: 7, 200: 2, 5000: 1, 2000: 1}"
6705,13/11/2025,1,689.3186335103891,"{100: 20, 500: 11, 200: 4, 1000: 2, 5000: 2, 2000: 1}"
5133,10/11/2025,4,689.2561163489174,"{100: 19, 500: 11, 5000: 6, 200: 6, 1000: 3, 2000: 2}"
0984,26/10/2025,19,689.2468894223271,"{100: 20, 500: 13, 5000: 2, 200: 2, 2000: 1, 1000: 1}"
0011,01/11/2025,13,689.2456608546103,"{100: 19, 500: 14, 5000: 3, 1000: 2, 2000: 2}"
6963,30/10/2025,15,689.2217201074081,"{100: 19, 500: 14, 1000: 3, 5000: 2, 2000: 1, 200: 1}"
4252,31/10/2025,14,689.2052582977683,"{100: 20, 500: 9, 200: 7, 5000: 6, 1000: 3}"
1222,15/10/2025,30,689.1869900391537,"{100: 19, 500: 13, 1000: 5, 5000: 2, 200: 2}"
4232,11/11/2025,3,689.1594179872915,"{100: 19, 500: 13, 1000: 4, 5000: 3, 200: 2, 2000: 1}"
5686,06/11/2025,8,689.142568715124,"{100: 21, 500: 10, 2000: 3, 1000: 3, 200: 3, 5000: 2}"
5323,27/10/2025,18,689.1119892969556,"{100: 18, 500: 16, 200: 3, 1000: 2, 2000: 1, 5000: 1}"
1824,08/10/2025,37,689.0999434426973,"{100: 22, 500: 7, 1000: 3, 5000: 2}"
5950,17/10/2025,28,689.0490291093604,"{100: 19, 500: 11, 1000: 6, 200: 5, 5000: 3, 2000: 1}"
7308,27/10/2025,18,688.9762984152572,"{100: 20, 500: 11, 1000: 7, 200: 3, 2000: 1, 5000: 1}"
2998,12/11/2025,2,688.9542892663169,"{100: 18, 500: 15, 200: 5, 1000: 4, 2000: 1, 5000: 1}"
8969,14/08/2025,92,688.9140356133933,"{100: 19, 500: 15, 1000: 4, 5000: 3, 200: 2}"
9472,11/11/2025,3,688.8557368466724,"{100: 20, 500: 12, 1000: 4, 200: 2, 5000: 1}"
2804,08/09/2025,67,688.8142041868427,"{100: 20, 500: 13, 5000: 3, 1000: 1, 2000: 1, 200: 1}"
1777,31/10/2025,14,688.8091547087369,"{100: 19, 500: 13, 5000: 2, 1000: 2, 200: 2, 2000: 1}"
0301,30/10/2025,15,688.8076525004227,"{100: 17, 500: 14, 5000: 3, 1000: 3, 200: 3, 2000: 3}"
1206,25/10/2025,20,688.7897874025739,"{100: 19, 500: 15, 200: 2, 5000: 1, 1000: 1}"
0654,16/09/2025,59,688.7607182063135,"{100: 19, 500: 11, 5000: 5, 1000: 3, 2000: 2, 200: 1}"
3734,26/10/2025,19,688.6886369094073,"{100: 18, 500: 14, 5000: 3, 200: 3, 1000: 1, 2000: 1}"
5382,22/10/2025,23,688.6819422811998,"{100: 20, 500: 10, 1000: 6, 200: 5, 5000: 4, 2000: 1}"
8858,18/10/2025,27,688.6569922891539,"{100: 19, 500: 13, 1000: 5, 2000: 2, 5000: 1}"
4923,08/11/2025,6,688.650600074998,"{100: 18, 500: 14, 5000: 6, 200: 4, 1000: 2, 2000: 1}"
2383,04/11/2025,10,688.5780956099081,"{500: 16, 100: 15, 5000: 5, 1000: 4, 200: 3, 2000: 2}"
9074,01/07/2025,136,688.5587959116053,"{100: 20, 500: 15, 2000: 2, 1000: 2, 200: 2, 5000: 1}"
8630,30/10/2025,15,688.5570017608528,"{100: 23, 1000: 6, 500: 5, 2000: 2, 5000: 2}"
7792,24/10/2025,21,688.4544814199377,"{100: 19, 500: 13, 1000: 7, 200: 1, 5000: 1}"
1886,30/10/2025,15,688.4118336948485,"{100: 18, 500: 14, 5000: 4, 1000: 2, 200: 1, 2000: 1}"
2206,05/11/2025,9,688.3782772081559,"{100: 21, 500: 12, 200: 4, 2000: 1, 1000: 1}"
4123,30/09/2025,45,688.3009659613447,"{100: 23, 500: 8, 200: 3, 1000: 3, 5000: 1}"
5525,28/08/2025,78,688.2699773815096,"{100: 20, 500: 11, 1000: 8, 5000: 5, 200: 2, 2000: 1}"
4219,14/11/2025,0,688.1898683015141,"{100: 18, 500: 12, 1000: 5, 200: 4, 5000: 4, 2000: 1}"
6110,20/10/2025,25,688.1148338913262,"{100: 20, 500: 11, 5000: 5, 1000: 3, 2000: 2, 200: 1}"
9467,19/10/2025,26,688.0937848682728,"{100: 20, 500: 10, 1000: 5, 2000: 2, 5000: 2, 200: 1}"
7769,22/10/2025,23,688.0271886309613,"{100: 19, 500: 13, 200: 3, 5000: 3, 2000: 2, 1000: 2}"
3985,03/10/2025,42,688.0004602322465,"{100: 19, 500: 12, 1000: 6, 5000: 2, 2000: 1, 200: 1}"
9252,25/09/2025,50,687.9973361102833,"{100: 21, 500: 10, 1000: 6, 2000: 2, 5000: 2, 200: 1}"
5030,23/10/2025,22,687.8915283579563,"{100: 20, 500: 12, 1000: 4, 2000: 2, 5000: 2}"
9621,28/10/2025,17,687.8850373742133,"{100: 21, 500: 10, 1000: 5, 5000: 2, 200: 1}"
4029,28/10/2025,17,687.8552887124819,"{100: 20, 500: 11, 1000: 5, 5000: 4, 2000: 1, 200: 1}"
0412,03/11/2025,11,687.8121873945178,"{100: 19, 500: 11, 200: 7, 1000: 6, 5000: 4, 2000: 1}"
6117,10/11/2025,4,687.6832510324996,"{100: 18, 500: 12, 200: 3, 5000: 3, 1000: 2, 2000: 2}"
1700,08/11/2025,6,687.6803558993387,"{100: 19, 500: 13, 5000: 5, 2000: 1, 200: 1, 1000: 1}"
6832,12/11/2025,2,687.6629501840246,"{100: 21, 500: 9, 1000: 4, 5000: 3, 200: 3, 2000: 1}"
0750,07/11/2025,7,687.6257338412056,"{100: 18, 500: 13, 200: 6, 1000: 5, 2000: 3, 5000: 2}"
9044,04/10/2025,41,687.615925029005,"{100: 20, 500: 8, 5000: 6, 1000: 5, 200: 3, 2000: 1}"
1588,17/10/2025,28,687.6084241227779,"{500: 17, 100: 17, 5000: 2, 1000: 2, 2000: 1, 200: 1}"
8783,15/10/2025,30,687.6073404405774,"{100: 18, 500: 15, 2000: 5, 200: 3, 1000: 2, 5000: 1}"
9691,16/10/2025,29,687.593298941726,"{100: 21, 500: 8, 5000: 4, 200: 3, 1000: 2}"
6286,28/10/2025,17,687.5498676948323,"{100: 20, 500: 8, 5000: 4, 2000: 2, 200: 2, 1000: 1}"
6208,30/10/2025,15,687.5414161779097,"{100: 19, 500: 12, 1000: 7, 200: 2, 5000: 1}"
0967,01/10/2025,44,687.5253203578733,"{500: 19, 100: 17, 1000: 4, 200: 2, 2000: 2}"
6950,14/10/2025,31,687.5224952719218,"{500: 18, 100: 15, 5000: 8, 1000: 5, 200: 2}"
3284,24/07/2025,113,687.5178797676676,"{500: 18, 100: 17, 1000: 4, 200: 2, 5000: 2, 2000: 2}"
7650,28/09/2025,47,687.4695638035894,"{100: 19, 500: 11, 200: 5, 5000: 3, 1000: 2}"
2718,10/11/2025,4,687.4512909822732,"{100: 24, 500: 6, 1000: 2, 200: 2, 5000: 1}"
2687,29/10/2025,16,687.3461224208614,"{100: 18, 500: 14, 1000: 4, 200: 3, 2000: 1, 5000: 1}"
2751,08/11/2025,6,687.3186386186444,"{100: 20, 500: 12, 200: 3, 1000: 3, 5000: 2}"
0502,03/11/2025,11,687.2805399811887,"{100: 18, 500: 15, 5000: 3, 1000: 2, 200: 1}"
7775,08/11/2025,6,687.2548983593645,"{100: 21, 500: 10, 200: 5, 5000: 5, 1000: 3}"
6947,05/11/2025,9,687.2231764808166,"{100: 19, 500: 11, 1000: 9, 200: 5, 2000: 1, 5000: 1}"
5305,23/10/2025,22,687.2031348645943,"{100: 19, 500: 13, 1000: 5, 5000: 4}"
5414,10/09/2025,65,687.1814311590175,"{100: 22, 500: 9, 5000: 4, 1000: 4, 2000: 1, 200: 1}"
9025,05/10/2025,40,687.1610436468408,"{100: 19, 500: 13, 1000: 7, 200: 3, 5000: 2}"
1961,10/11/2025,4,687.1590055685782,"{100: 22, 500: 9, 1000: 2, 5000: 2, 2000: 1, 200: 1}"
4131,29/10/2025,16,687.1234065497473,"{100: 20, 500: 9, 1000: 6, 5000: 3, 200: 3}"
3764,23/10/2025,22,687.1070650497606,"{100: 16, 500: 15, 5000: 6, 1000: 4, 200: 2}"
4305,16/10/2025,29,687.0094155731556,"{100: 20, 500: 11, 5000: 6, 1000: 2, 200: 2, 2000: 1}"
8429,14/11/2025,0,686.9963794996785,"{100: 20, 500: 9, 5000: 5, 200: 3, 1000: 2, 2000: 1}"
9054,09/11/2025,5,686.9797771905525,"{500: 17, 100: 15, 1000: 7, 5000: 6, 2000: 2, 200: 2}"
6692,28/09/2025,47,686.9493032973422,"{500: 19, 100: 16, 1000: 3, 200: 2, 5000: 1, 2000: 1}"
1556,06/08/2025,100,686.9397133163203,"{100: 22, 500: 9, 200: 3, 1000: 3, 2000: 2, 5000: 1}"
4221,18/09/2025,57,686.8514259130441,"{100: 22, 500: 9, 5000: 5, 1000: 3, 200: 1}"
4808,14/09/2025,61,686.7032650395288,"{100: 23, 500: 8, 1000: 2, 2000: 2, 5000: 1}"
3340,21/10/2025,24,686.6398295534608,"{100: 22, 500: 8, 1000: 4, 200: 3, 5000: 2}"
0111,15/10/2025,30,686.6358789465971,"{100: 19, 500: 13, 1000: 4, 200: 3, 5000: 2, 2000: 1}"
8088,06/11/2025,8,686.6259518488494,"{100: 18, 500: 14, 1000: 5, 2000: 3, 200: 1, 5000: 1}"
1883,08/11/2025,6,686.4508067051065,"{100: 19, 500: 13, 1000: 4, 200: 4, 5000: 1}"
7746,22/10/2025,23,686.376941343733,"{100: 19, 500: 13, 1000: 4, 200: 2, 2000: 1, 5000: 1}"
8106,11/11/2025,3,686.3614805195425,"{100: 21, 500: 11, 200: 3, 5000: 1, 2000: 1, 1000: 1}"
4055,19/09/2025,56,686.2787944911137,"{100: 21, 500: 9, 5000: 5, 1000: 3, 2000: 2}"
6728,23/10/2025,22,686.1977526144856,"{500: 18, 100: 17, 5000: 4, 1000: 1}"
4406,22/10/2025,23,686.1298402775055,"{500: 18, 100: 16, 1000: 4, 5000: 2, 200: 1}"
2266,08/11/2025,6,686.1202077888208,"{100: 20, 500: 10, 1000: 6, 200: 2, 5000: 2, 2000: 1}"
9160,13/11/2025,1,686.066482315018,"{100: 22, 500: 8, 2000: 4, 5000: 3, 200: 3, 1000: 2}"
5203,17/10/2025,28,686.0574199613237,"{100: 19, 500: 11, 5000: 8, 200: 3, 1000: 3, 2000: 1}"
0564,12/09/2025,63,686.056116742906,"{100: 21, 1000: 8, 500: 8, 200: 3, 2000: 2, 5000: 2}"
2442,30/10/2025,15,686.0168005566039,"{100: 18, 500: 14, 200: 4, 5000: 3, 1000: 2}"
8353,29/09/2025,46,686.016756679649,"{100: 18, 500: 15, 1000: 3, 5000: 3, 200: 2, 2000: 1}"
7676,20/09/2025,55,685.9859756809852,"{100: 20, 500: 11, 1000: 4, 2000: 3, 200: 3, 5000: 1}"
8219,03/10/2025,42,685.9748817239238,"{500: 20, 100: 15, 5000: 4, 1000: 2, 2000: 2, 200: 2}"
2582,13/11/2025,1,685.9608783495983,"{100: 19, 500: 12, 200: 5, 1000: 3, 5000: 3}"
6092,20/09/2025,55,685.9416709131046,"{100: 20, 500: 12, 200: 5, 1000: 2, 5000: 2, 2000: 1}"
6648,12/11/2025,2,685.9211437863897,"{100: 22, 500: 10, 1000: 2, 2000: 2, 200: 1, 5000: 1}"
1034,04/11/2025,10,685.9138681680821,"{500: 17, 100: 16, 1000: 6, 200: 3, 5000: 3, 2000: 2}"
3151,27/10/2025,18,685.9127576787747,"{100: 18, 500: 11, 1000: 7, 5000: 5, 2000: 3, 200: 3}"
4125,30/10/2025,15,685.8786214327067,"{100: 21, 500: 9, 1000: 5, 5000: 2, 2000: 2, 200: 1}"
4936,29/10/2025,16,685.7159027107533,"{100: 18, 500: 15, 1000: 4, 200: 4, 5000: 2}"
6503,24/10/2025,21,685.6996240203946,"{500: 16, 100: 15, 5000: 10, 1000: 2, 200: 2, 2000: 1}"
2759,09/11/2025,5,685.6542345287475,"{100: 21, 500: 10, 200: 3, 1000: 3, 5000: 2, 2000: 1}"
1318,08/09/2025,67,685.6394363065073,"{100: 19, 500: 15, 1000: 2, 5000: 2, 2000: 1, 200: 1}"
2242,20/10/2025,25,685.6166409079922,"{100: 21, 500: 10, 1000: 3, 5000: 2, 200: 1}"
3189,25/09/2025,50,685.610009092775,"{100: 22, 500: 12, 5000: 2, 200: 2, 2000: 1}"
9476,08/11/2025,6,685.5960714092192,"{100: 18, 500: 13, 1000: 7, 2000: 2, 5000: 2, 200: 2}"
2917,21/10/2025,24,685.5744871593675,"{100: 20, 500: 11, 5000: 6, 200: 3, 1000: 2}"
6298,08/11/2025,6,685.5654733889346,"{100: 23, 1000: 8, 500: 5, 2000: 3, 200: 3, 5000: 1}"
4711,25/09/2025,50,685.5001577118802,"{100: 22, 500: 10, 200: 5, 1000: 3, 2000: 1}"
9120,08/11/2025,6,685.4737535309808,"{100: 17, 500: 14, 1000: 6, 200: 5, 5000: 2, 2000: 2}"
5059,06/11/2025,8,685.3880278939538,"{100: 21, 500: 10, 1000: 3, 200: 3, 5000: 1}"
3675,13/10/2025,32,685.3754932344673,"{100: 22, 500: 7, 1000: 3, 5000: 3, 2000: 2, 200: 2}"
5341,11/11/2025,3,685.3337154425897,"{100: 18, 500: 15, 200: 3, 1000: 3, 5000: 2, 2000: 1}"
8552,27/10/2025,18,685.3011776615741,"{100: 22, 500: 11, 1000: 2, 2000: 1, 200: 1}"
3485,04/08/2025,102,685.2712254612393,"{100: 20, 500: 16, 200: 2, 1000: 1, 2000: 1}"
6745,11/11/2025,3,685.2247217328617,"{100: 20, 500: 11, 200: 4, 5000: 3, 2000: 2, 1000: 2}"
7472,10/11/2025,4,685.2153113792804,"{100: 20, 500: 11, 200: 5, 5000: 3, 2000: 1, 1000: 1}"
0190,17/10/2025,28,685.2124003075821,"{500: 16, 100: 15, 1000: 5, 5000: 4, 2000: 1, 200: 1}"
9137,30/10/2025,15,685.1452971548842,"{500: 18, 100: 14, 1000: 6, 5000: 3, 2000: 1}"
4456,23/08/2025,83,685.0877970079249,"{100: 18, 500: 15, 1000: 5, 5000: 5, 200: 4}"
6713,09/11/2025,5,685.0825242039217,"{100: 18, 500: 15, 1000: 5, 5000: 3, 200: 3, 2000: 1}"
7804,14/10/2025,31,685.0760709952096,"{100: 17, 500: 13, 1000: 6, 200: 4, 5000: 3, 2000: 1}"
4728,28/10/2025,17,685.0446988283911,"{100: 19, 500: 13, 5000: 5, 200: 3, 2000: 2, 1000: 2}"
2257,09/10/2025,36,684.9850863566774,"{100: 21, 500: 11, 5000: 3, 200: 3, 1000: 1, 2000: 1}"
5646,09/11/2025,5,684.9419204004864,"{100: 19, 500: 11, 200: 6, 1000: 4, 5000: 2, 2000: 1}"
0388,28/09/2025,47,684.9301351365411,"{100: 19, 500: 13, 1000: 4, 5000: 1, 200: 1}"
9123,13/11/2025,1,684.8111673857221,"{100: 16, 500: 15, 5000: 5, 1000: 5, 2000: 1}"
5445,11/11/2025,3,684.7918716786471,"{100: 23, 1000: 7, 500: 5, 5000: 5, 200: 4, 2000: 1}"
0103,05/10/2025,40,684.7354369612025,"{100: 18, 500: 16, 5000: 3, 1000: 2, 200: 2}"
4512,09/10/2025,36,684.644386471878,"{100: 18, 500: 12, 5000: 7, 1000: 4, 200: 3, 2000: 2}"
9805,31/10/2025,14,684.6338555852584,"{100: 20, 500: 11, 5000: 5, 200: 3, 1000: 3, 2000: 1}"
8765,02/11/2025,12,684.6253841144273,"{100: 18, 500: 12, 200: 4, 5000: 3, 1000: 1}"
4507,27/10/2025,18,684.5545399301715,"{100: 18, 500: 14, 200: 4, 1000: 3, 5000: 1}"
2390,03/11/2025,11,684.5458236600982,"{100: 23, 500: 6, 1000: 5, 5000: 4}"
3345,10/11/2025,4,684.5403638775676,"{100: 22, 500: 9, 1000: 2, 200: 2, 5000: 1, 2000: 1}"
9133,26/09/2025,49,684.5376602227213,"{100: 20, 500: 12, 200: 5, 5000: 4, 1000: 3}"
2680,05/11/2025,9,684.525978236284,"{100: 21, 500: 9, 1000: 7, 200: 3, 5000: 1, 2000: 1}"
5112,01/10/2025,44,684.4916864636132,"{100: 17, 500: 17, 5000: 4, 200: 4, 1000: 1, 2000: 1}"
9338,09/11/2025,5,684.4340961525075,"{100: 18, 500: 15, 5000: 3, 200: 3, 1000: 2, 2000: 1}"
4321,29/09/2025,46,684.3972615091642,"{100: 19, 500: 12, 1000: 5, 5000: 3, 200: 2, 2000: 1}"
8504,16/10/2025,29,684.3173630969371,"{100: 19, 500: 13, 1000: 4, 200: 3, 5000: 2}"
6540,03/11/2025,11,684.2848274285358,"{100: 18, 500: 15, 1000: 3, 5000: 1}"
9615,08/11/2025,6,684.2820936121888,"{100: 19, 500: 13, 5000: 5, 1000: 2, 2000: 2, 200: 1}"
8328,16/10/2025,29,684.2763898897563,"{100: 19, 500: 13, 1000: 5, 200: 3, 5000: 3}"
3121,31/10/2025,14,684.2496978415736,"{100: 21, 500: 9, 1000: 5, 5000: 2, 2000: 1, 200: 1}"
9849,19/10/2025,26,684.1778879968494,"{100: 17, 500: 16, 1000: 4, 5000: 4, 200: 3, 2000: 2}"
3617,27/10/2025,18,684.1719087145158,"{100: 20, 500: 11, 2000: 4, 1000: 4, 200: 3, 5000: 2}"
1457,29/09/2025,46,684.167171203347,"{100: 20, 500: 11, 5000: 6, 1000: 4, 2000: 2, 200: 2}"
5347,14/11/2025,0,684.1524485584346,"{100: 20, 500: 10, 1000: 6, 200: 5, 5000: 2, 2000: 2}"
5894,06/11/2025,8,684.0921562929041,"{100: 20, 500: 11, 2000: 4, 5000: 4, 1000: 3, 200: 1}"
6686,30/09/2025,45,684.0759073163754,"{100: 21, 500: 10, 200: 4, 1000: 4, 2000: 1, 5000: 1}"
0580,23/10/2025,22,684.0721301669817,"{100: 21, 500: 8, 5000: 6, 1000: 3, 200: 3}"
4127,04/11/2025,10,684.0585932398325,"{500: 18, 100: 17, 1000: 3, 200: 3, 5000: 1}"
6467,02/11/2025,12,684.0121484074425,"{100: 21, 500: 7, 200: 4, 5000: 3, 1000: 3, 2000: 1}"
4173,30/09/2025,45,684.0084473862246,"{100: 19, 500: 11, 1000: 6, 5000: 3, 200: 1}"
3280,29/10/2025,16,683.9270877664596,"{100: 20, 500: 12, 1000: 3, 2000: 2, 200: 2, 5000: 1}"
5248,13/11/2025,1,683.9264417459096,"{100: 17, 500: 16, 1000: 4, 5000: 1, 200: 1}"
8275,27/10/2025,18,683.8992703193499,"{100: 21, 500: 9, 1000: 5, 5000: 4, 200: 2, 2000: 1}"
9851,04/11/2025,10,683.8790817283201,"{100: 17, 500: 14, 5000: 4, 200: 4, 1000: 3, 2000: 1}"
5908,18/10/2025,27,683.8772096944538,"{100: 17, 500: 17, 1000: 3, 5000: 2, 2000: 1, 200: 1}"
4372,13/11/2025,1,683.8554527600813,"{100: 17, 500: 16, 1000: 5, 200: 4, 5000: 2}"
8573,02/11/2025,12,683.8489619972107,"{100: 16, 500: 13, 1000: 8, 5000: 4, 2000: 1, 200: 1}"
1812,25/10/2025,20,683.8385560587055,"{100: 19, 500: 11, 200: 6, 1000: 4, 5000: 2, 2000: 1}"
6753,08/11/2025,6,683.8260638056262,"{100: 19, 500: 11, 200: 5, 1000: 4, 5000: 1, 2000: 1}"
2262,18/10/2025,27,683.8101009615624,"{100: 22, 500: 8, 1000: 5, 5000: 2, 200: 2, 2000: 1}"
9865,13/11/2025,1,683.7467382271083,"{100: 20, 500: 12, 5000: 4, 1000: 1, 200: 1}"
3992,25/09/2025,50,683.7155014237876,"{100: 22, 500: 6, 5000: 5, 1000: 3, 2000: 1}"
3141,16/10/2025,29,683.6924034909254,"{100: 17, 500: 15, 200: 7, 1000: 4, 5000: 2}"
7156,10/10/2025,35,683.662360425987,"{100: 20, 500: 13, 1000: 4, 2000: 2, 5000: 2}"
1538,13/10/2025,32,683.6095722231349,"{100: 19, 500: 13, 1000: 3, 5000: 3, 200: 3, 2000: 1}"
0032,03/09/2025,72,683.6018477913907,"{100: 22, 500: 12, 1000: 2, 200: 1, 2000: 1}"
9296,21/10/2025,24,683.5701881876945,"{100: 20, 500: 11, 200: 4, 5000: 4, 1000: 3}"
5477,13/11/2025,1,683.5431234143861,"{100: 19, 500: 11, 1000: 5, 200: 4, 2000: 2, 5000: 1}"
9428,30/10/2025,15,683.434521752678,"{100: 18, 500: 15, 1000: 4, 5000: 2, 200: 2}"
3739,27/10/2025,18,683.3846885316284,"{100: 18, 500: 15, 5000: 7, 200: 3}"
0877,12/10/2025,33,683.3487515513053,"{100: 16, 500: 15, 1000: 8, 5000: 6, 200: 3, 2000: 2}"
8287,10/11/2025,4,683.268419720717,"{100: 21, 500: 8, 5000: 4, 200: 4, 1000: 3, 2000: 2}"
0355,22/10/2025,23,683.2670169973007,"{100: 18, 500: 13, 1000: 8, 200: 3, 5000: 3, 2000: 3}"
7989,21/10/2025,24,683.2643112210317,"{100: 17, 500: 16, 5000: 6, 200: 3, 2000: 2, 1000: 2}"
1278,16/10/2025,29,683.2106960458459,"{100: 21, 500: 8, 1000: 6, 5000: 2, 2000: 1, 200: 1}"
9977,18/10/2025,27,683.1845341856009,"{100: 19, 500: 13, 200: 2, 5000: 2, 1000: 1}"
7342,13/11/2025,1,683.0557317820707,"{100: 19, 500: 11, 1000: 5, 200: 2, 5000: 2, 2000: 1}"
1209,04/11/2025,10,683.0554064320748,"{100: 17, 500: 15, 5000: 5, 200: 2, 1000: 1}"
2814,17/10/2025,28,683.0395875829491,"{100: 20, 500: 10, 5000: 7, 1000: 6, 2000: 1, 200: 1}"
2690,05/10/2025,40,683.0290376883185,"{500: 16, 100: 15, 1000: 7, 5000: 4, 2000: 2, 200: 1}"
3226,25/10/2025,20,682.9748703684736,"{100: 21, 500: 9, 200: 4, 1000: 4, 5000: 3, 2000: 1}"
6676,25/10/2025,20,682.973266016975,"{100: 22, 500: 7, 1000: 6, 2000: 2, 5000: 2, 200: 2}"
1181,13/11/2025,1,682.9215345808417,"{100: 21, 500: 9, 200: 5, 5000: 2, 1000: 1}"
5242,14/11/2025,0,682.8019854078407,"{100: 20, 500: 10, 1000: 3, 200: 3, 5000: 2, 2000: 1}"
8837,10/10/2025,35,682.7836719329795,"{100: 17, 500: 15, 1000: 5, 5000: 1}"
3754,15/09/2025,60,682.7042667482382,"{100: 19, 500: 12, 1000: 5, 5000: 3, 200: 3}"
2882,14/09/2025,61,682.7037151341154,"{100: 19, 500: 14, 200: 3, 1000: 3, 2000: 3, 5000: 2}"
5163,16/10/2025,29,682.6917312245446,"{100: 18, 500: 12, 5000: 4, 1000: 2, 200: 2, 2000: 1}"
2123,09/11/2025,5,682.6264167914651,"{100: 19, 500: 13, 200: 3, 5000: 2, 2000: 2, 1000: 1}"
3062,14/09/2025,61,682.6028249426672,"{500: 19, 100: 16, 200: 3, 1000: 2, 5000: 2, 2000: 1}"
8133,16/10/2025,29,682.5482952503888,"{100: 18, 500: 15, 200: 4, 1000: 2, 2000: 2, 5000: 1}"
8722,17/09/2025,58,682.5320138918757,"{100: 24, 500: 7, 1000: 5, 200: 3, 2000: 1}"
2167,01/11/2025,13,682.5127407159133,"{100: 23, 500: 6, 1000: 5, 5000: 3, 200: 1}"
2752,17/09/2025,58,682.4952215664019,"{100: 20, 500: 12, 1000: 3, 5000: 2, 200: 2}"
6981,27/10/2025,18,682.4604719019908,"{100: 17, 500: 12, 200: 6, 5000: 5, 1000: 4, 2000: 1}"
1968,07/11/2025,7,682.4394147965684,"{100: 20, 500: 11, 1000: 5, 200: 4, 5000: 1, 2000: 1}"
3944,08/09/2025,67,682.2825988593278,"{100: 18, 500: 14, 1000: 6, 5000: 2, 2000: 1}"
4430,05/11/2025,9,682.2611372770282,"{100: 19, 500: 13, 1000: 2, 200: 2, 5000: 2, 2000: 1}"
9878,08/10/2025,37,682.1994531834792,"{100: 19, 500: 11, 5000: 4, 2000: 2, 200: 2, 1000: 1}"
9580,07/11/2025,7,682.045160105584,"{100: 21, 500: 9, 200: 3, 1000: 2, 2000: 2, 5000: 2}"
8486,02/11/2025,12,682.0001976014433,"{100: 19, 500: 13, 1000: 3, 2000: 3, 5000: 2, 200: 2}"
2008,16/10/2025,29,681.9779357869842,"{500: 19, 100: 16, 5000: 2, 200: 2, 1000: 1}"
9938,25/10/2025,20,681.9407392592926,"{100: 19, 500: 12, 5000: 4, 200: 4, 1000: 3, 2000: 3}"
4670,11/11/2025,3,681.9139542828822,"{100: 18, 500: 16, 5000: 5, 2000: 3, 200: 1}"
9963,27/10/2025,18,681.9063917117746,"{500: 18, 100: 15, 1000: 5, 5000: 5, 2000: 2, 200: 1}"
6073,30/08/2025,76,681.8918285492044,"{100: 24, 1000: 7, 500: 6, 2000: 3, 200: 1}"
9071,06/11/2025,8,681.8839298177899,"{100: 17, 500: 16, 5000: 3, 1000: 2, 2000: 1, 200: 1}"
5250,13/10/2025,32,681.8762998329855,"{100: 20, 500: 12, 5000: 3, 1000: 3, 200: 2}"
4982,19/08/2025,87,681.8762643122989,"{100: 20, 500: 12, 2000: 4, 1000: 3, 5000: 3, 200: 1}"
0230,13/11/2025,1,681.8630253843249,"{100: 18, 500: 12, 1000: 5, 2000: 2, 200: 2, 5000: 2}"
0169,12/11/2025,2,681.8096938994136,"{100: 18, 500: 14, 5000: 5, 1000: 3, 200: 2, 2000: 1}"
4648,03/11/2025,11,681.7849972623317,"{100: 20, 500: 11, 1000: 7, 200: 1}"
4534,10/09/2025,65,681.768080526333,"{100: 20, 500: 11, 5000: 5, 1000: 4, 200: 3, 2000: 1}"
5640,15/10/2025,30,681.7491941976527,"{100: 21, 500: 10, 200: 5, 1000: 3, 5000: 1, 2000: 1}"
6730,03/10/2025,42,681.7426982401638,"{100: 20, 500: 12, 1000: 4, 5000: 2, 200: 1, 2000: 1}"
1201,05/10/2025,40,681.7223087169621,"{100: 18, 500: 15, 5000: 3, 1000: 2, 200: 2, 2000: 1}"
3403,11/10/2025,34,681.7179239343517,"{100: 21, 500: 10, 1000: 3, 5000: 2, 200: 2, 2000: 1}"
2640,18/10/2025,27,681.6895673938477,"{100: 21, 500: 11, 200: 4, 5000: 2, 1000: 1}"
0938,14/11/2025,0,681.6873251039415,"{100: 18, 500: 11, 1000: 6, 200: 5, 5000: 4, 2000: 2}"
5327,31/10/2025,14,681.6463710042186,"{100: 18, 500: 14, 1000: 5, 200: 4, 5000: 3, 2000: 2}"
5878,05/11/2025,9,681.6223483681783,"{100: 21, 500: 11, 200: 2, 5000: 1, 1000: 1}"
4044,04/09/2025,71,681.6185788675101,"{100: 19, 500: 13, 1000: 8, 5000: 2, 200: 1}"
4655,14/11/2025,0,681.5189644069031,"{100: 19, 500: 12, 1000: 4, 2000: 2, 5000: 2, 200: 2}"
8701,11/10/2025,34,681.5149174554718,"{100: 19, 500: 13, 1000: 6, 5000: 4, 200: 2}"
9194,20/10/2025,25,681.4457722947843,"{100: 19, 500: 11, 200: 7, 1000: 4, 5000: 1}"
0058,19/10/2025,26,681.3293525155985,"{100: 18, 500: 11, 1000: 5, 5000: 4, 200: 4, 2000: 1}"
8388,03/11/2025,11,681.2577197293587,"{100: 19, 500: 12, 1000: 7, 5000: 7, 200: 1}"
3962,29/10/2025,16,681.2574609506643,"{100: 19, 500: 11, 1000: 4, 200: 3, 5000: 2, 2000: 1}"
6178,14/10/2025,31,681.1321971879396,"{100: 22, 500: 8, 200: 5, 5000: 3, 1000: 2}"
6453,09/11/2025,5,681.0899544457868,"{100: 22, 500: 7, 5000: 5, 1000: 4, 2000: 3, 200: 1}"
8780,13/11/2025,1,681.0827326930769,"{100: 22, 500: 8, 5000: 3, 1000: 2, 200: 2, 2000: 2}"
1820,13/11/2025,1,680.9600562108534,"{100: 19, 500: 9, 5000: 7, 1000: 7, 200: 2, 2000: 1}"
9614,13/11/2025,1,680.9469980585078,"{100: 19, 500: 12, 1000: 7, 200: 2, 2000: 1, 5000: 1}"
1727,29/10/2025,16,680.9274997827463,"{100: 23, 500: 6, 1000: 4, 5000: 4, 2000: 1, 200: 1}"
1081,13/11/2025,1,680.8744066444469,"{100: 17, 500: 14, 1000: 8, 200: 2, 5000: 2, 2000: 1}"
4658,14/11/2025,0,680.8541236894985,"{100: 18, 500: 13, 200: 5, 1000: 4, 5000: 2}"
6741,14/11/2025,0,680.8375144196561,"{100: 21, 500: 10, 5000: 2, 1000: 2, 2000: 1, 200: 1}"
0981,27/10/2025,18,680.8093940053367,"{100: 19, 500: 11, 5000: 5, 1000: 3, 200: 3}"
0225,18/10/2025,27,680.7972794200244,"{100: 21, 500: 7, 1000: 5, 5000: 2, 200: 2}"
0267,26/10/2025,19,680.7753743075286,"{100: 18, 500: 12, 1000: 6, 5000: 2, 2000: 1, 200: 1}"
8495,26/10/2025,19,680.6703524717606,"{100: 19, 500: 12, 1000: 4, 5000: 4, 200: 1}"
5243,07/10/2025,38,680.6395283872881,"{100: 21, 500: 9, 1000: 6, 200: 4, 2000: 1, 5000: 1}"
4580,02/11/2025,12,680.6249358184083,"{100: 19, 500: 12, 200: 4, 1000: 3, 5000: 2}"
3337,03/10/2025,42,680.4546716450487,"{100: 20, 500: 11, 200: 5, 1000: 4, 2000: 3, 5000: 3}"
7489,29/10/2025,16,680.4256356084139,"{100: 21, 500: 11, 5000: 6, 2000: 2, 200: 2}"
3098,06/11/2025,8,680.4006654033631,"{100: 18, 500: 10, 5000: 8, 1000: 5, 200: 2}"
8442,01/10/2025,44,680.365915637093,"{100: 17, 500: 17, 1000: 4, 5000: 2, 2000: 1}"
9009,18/09/2025,57,680.3541453278543,"{100: 21, 500: 10, 1000: 5, 200: 3, 2000: 2, 5000: 1}"
8523,01/11/2025,13,680.3331864799093,"{500: 17, 100: 16, 5000: 4, 2000: 2, 200: 2, 1000: 1}"
9302,22/08/2025,84,680.3082656467907,"{100: 20, 500: 13, 200: 4, 5000: 3, 1000: 2}"
6996,18/10/2025,27,680.2975885947712,"{100: 21, 500: 9, 1000: 5, 5000: 2, 200: 2, 2000: 1}"
1497,08/11/2025,6,680.2673581367424,"{100: 18, 500: 12, 5000: 5, 200: 3, 1000: 1}"
5430,30/10/2025,15,680.2580793618744,"{100: 20, 500: 12, 1000: 3, 5000: 1, 2000: 1, 200: 1}"
6320,22/09/2025,53,680.2401521026202,"{100: 19, 500: 13, 1000: 6, 2000: 3, 200: 1, 5000: 1}"
8500,29/10/2025,16,680.2203520545063,"{100: 19, 500: 12, 1000: 5, 5000: 3, 2000: 3, 200: 3}"
6348,21/09/2025,54,680.1952396951419,"{100: 19, 500: 14, 1000: 3, 200: 3, 5000: 2}"
4312,04/11/2025,10,680.1902977491885,"{100: 20, 500: 10, 1000: 6, 5000: 4, 2000: 1, 200: 1}"
0800,13/11/2025,1,680.164448117897,"{100: 18, 500: 13, 200: 4, 1000: 3, 5000: 2, 2000: 1}"
1748,21/10/2025,24,680.13668866152,"{100: 20, 500: 10, 1000: 7, 5000: 2, 200: 1}"
3849,23/10/2025,22,680.0997948726175,"{500: 18, 100: 15, 1000: 6, 200: 4, 5000: 3, 2000: 1}"
8267,29/10/2025,16,680.0222265510048,"{100: 17, 500: 15, 1000: 6, 5000: 4, 200: 2, 2000: 1}"
4222,12/11/2025,2,680.0057321143003,"{100: 21, 500: 8, 1000: 7, 5000: 4, 200: 1, 2000: 1}"
1084,28/10/2025,17,679.995850018814,"{100: 19, 500: 13, 2000: 3, 200: 3, 1000: 3, 5000: 2}"
3801,01/11/2025,13,679.934835666112,"{100: 21, 500: 10, 200: 4, 5000: 4, 1000: 1}"
1042,08/10/2025,37,679.7757618194571,"{100: 19, 500: 11, 1000: 5, 5000: 4, 2000: 2, 200: 2}"
9836,01/11/2025,13,679.6467290735759,"{100: 22, 500: 9, 2000: 3, 1000: 1, 5000: 1, 200: 1}"
1899,26/09/2025,49,679.642972471217,"{100: 22, 500: 10, 1000: 3, 5000: 2, 200: 2, 2000: 1}"
2954,01/11/2025,13,679.6390440416708,"{100: 20, 500: 9, 5000: 8, 1000: 4, 2000: 2, 200: 2}"
7456,03/11/2025,11,679.6304751806048,"{100: 19, 500: 13, 1000: 4, 200: 3, 2000: 2, 5000: 1}"
4042,12/11/2025,2,679.59203076175,"{100: 19, 500: 11, 200: 5, 1000: 4, 5000: 2, 2000: 1}"
0916,11/09/2025,64,679.5221600551051,"{500: 18, 100: 17, 1000: 4, 5000: 4, 200: 1}"
2317,31/10/2025,14,679.521634954545,"{100: 22, 500: 7, 1000: 5, 5000: 4, 200: 2, 2000: 1}"
3611,13/10/2025,32,679.520310762406,"{100: 21, 500: 8, 1000: 6, 200: 5, 5000: 3, 2000: 2}"
5685,03/11/2025,11,679.5101427030244,"{100: 18, 500: 14, 5000: 5, 2000: 2, 200: 2, 1000: 1}"
2991,14/11/2025,0,679.5043175609575,"{100: 21, 500: 7, 1000: 5, 5000: 4, 2000: 3, 200: 1}"
4643,27/10/2025,18,679.498082828945,"{100: 19, 500: 13, 1000: 5, 200: 4}"
3086,02/11/2025,12,679.4803519179644,"{100: 22, 500: 5, 5000: 3, 200: 3, 1000: 3, 2000: 1}"
0018,26/10/2025,19,679.4685662730873,"{100: 17, 500: 16, 200: 4, 1000: 3, 5000: 2}"
0247,26/10/2025,19,679.415277414029,"{100: 17, 500: 15, 200: 5, 5000: 3, 1000: 3}"
1773,04/11/2025,10,679.3664055895902,"{100: 19, 500: 9, 5000: 5, 200: 4, 1000: 3, 2000: 1}"
1682,14/11/2025,0,679.2748672068359,"{100: 19, 500: 12, 5000: 4, 1000: 3, 200: 1}"
3338,13/11/2025,1,679.2687278680976,"{100: 21, 500: 9, 1000: 3, 200: 3, 5000: 3}"
8994,11/11/2025,3,679.2251080334945,"{100: 19, 500: 13, 5000: 2, 200: 2, 1000: 1, 2000: 1}"
1575,06/11/2025,8,679.2217341796324,"{100: 19, 500: 9, 5000: 6, 1000: 4, 200: 3}"
0470,10/10/2025,35,679.1224802320538,"{500: 18, 100: 16, 5000: 4, 1000: 2, 200: 1}"
2571,03/11/2025,11,679.1004065495731,"{500: 16, 100: 16, 1000: 5, 200: 3, 5000: 3}"
7973,08/11/2025,6,678.9832492140093,"{100: 17, 500: 14, 1000: 6, 5000: 4, 2000: 2, 200: 1}"
6416,12/10/2025,33,678.9080773655027,"{500: 17, 100: 16, 1000: 7, 5000: 3, 200: 1, 2000: 1}"
0831,06/10/2025,39,678.9062243163885,"{100: 21, 500: 10, 1000: 5, 200: 1, 2000: 1, 5000: 1}"
4401,08/10/2025,37,678.8914731150264,"{100: 22, 500: 9, 5000: 3, 1000: 2, 200: 1}"
1795,09/11/2025,5,678.877529132146,"{100: 18, 500: 15, 5000: 1, 2000: 1, 1000: 1, 200: 1}"
4239,11/10/2025,34,678.8380522251272,"{100: 21, 500: 9, 5000: 6, 1000: 4, 200: 4, 2000: 2}"
9191,08/11/2025,6,678.8171625156618,"{100: 21, 500: 7, 5000: 5, 1000: 3, 200: 1}"
5022,04/10/2025,41,678.7870450267886,"{100: 19, 500: 14, 5000: 3, 1000: 2, 2000: 1}"
0469,26/09/2025,49,678.7634746094539,"{100: 19, 500: 12, 1000: 5, 5000: 3, 200: 2}"
6119,23/08/2025,83,678.7123741358677,"{100: 20, 500: 13, 1000: 3, 5000: 2, 2000: 1, 200: 1}"
6004,17/10/2025,28,678.679122798246,"{500: 18, 100: 16, 1000: 7, 2000: 2, 200: 2}"
3254,09/11/2025,5,678.6573868000825,"{100: 21, 500: 9, 5000: 7, 1000: 5, 2000: 1}"
4640,25/10/2025,20,678.6327053667072,"{100: 19, 500: 13, 1000: 5, 200: 2, 5000: 1}"
9682,28/08/2025,78,678.6155026966576,"{100: 21, 500: 10, 1000: 6, 5000: 2, 200: 2, 2000: 1}"
9834,26/09/2025,49,678.6085950171604,"{100: 19, 500: 14, 1000: 6, 200: 5, 2000: 1}"
0900,20/10/2025,25,678.5604062342292,"{100: 20, 500: 11, 5000: 2, 2000: 2, 1000: 1, 200: 1}"
3587,07/11/2025,7,678.5480034690964,"{100: 20, 500: 10, 1000: 4, 5000: 3, 2000: 2, 200: 1}"
9665,11/11/2025,3,678.5382113288715,"{100: 19, 500: 11, 200: 7, 1000: 5, 2000: 4, 5000: 2}"
3207,14/10/2025,31,678.4800132815001,"{100: 20, 500: 10, 1000: 3, 200: 2, 2000: 1, 5000: 1}"
8688,28/10/2025,17,678.4291778816688,"{100: 21, 500: 8, 1000: 5, 5000: 4, 200: 2, 2000: 2}"
0015,25/10/2025,20,678.4011307292504,"{100: 19, 500: 12, 5000: 4, 1000: 2, 200: 2, 2000: 1}"
2070,28/07/2025,109,678.3918556860435,"{100: 18, 500: 17, 200: 4, 5000: 1, 1000: 1}"
8316,31/10/2025,14,678.3830883195268,"{100: 19, 500: 8, 1000: 7, 200: 4, 5000: 2}"
0091,08/11/2025,6,678.3441693034179,"{100: 19, 500: 13, 1000: 5, 5000: 3, 2000: 2, 200: 1}"
5851,10/11/2025,4,678.3384376119399,"{100: 17, 500: 15, 5000: 8, 1000: 2, 2000: 2, 200: 1}"
5767,02/09/2025,73,678.3374478788446,"{100: 17, 500: 16, 200: 2, 5000: 1, 2000: 1, 1000: 1}"
7833,18/10/2025,27,678.3201977863592,"{100: 18, 500: 15, 200: 3, 5000: 3, 1000: 2, 2000: 1}"
4789,27/10/2025,18,678.23375960555,"{100: 17, 500: 16, 1000: 5, 200: 3, 5000: 1, 2000: 1}"
8144,07/09/2025,68,678.1848946688218,"{100: 20, 500: 11, 1000: 7, 5000: 2, 2000: 2, 200: 2}"
8186,13/11/2025,1,678.184563492261,"{100: 17, 500: 13, 200: 4, 1000: 4, 5000: 2}"
0688,03/09/2025,72,678.0956206664979,"{100: 23, 500: 8, 200: 3, 1000: 3, 5000: 1}"
7332,06/11/2025,8,678.0510498777641,"{100: 18, 500: 16, 5000: 5, 200: 2, 2000: 1}"
0130,11/10/2025,34,678.0405937714722,"{100: 21, 500: 10, 1000: 5, 5000: 1, 200: 1}"
5962,28/08/2025,78,678.0238429577989,"{100: 20, 1000: 9, 500: 9, 5000: 3, 2000: 2, 200: 2}"
5508,03/11/2025,11,678.0186586611306,"{100: 20, 500: 9, 1000: 5, 5000: 3, 200: 3, 2000: 1}"
3046,27/10/2025,18,677.9525978358114,"{100: 18, 500: 14, 1000: 4, 5000: 4, 2000: 1, 200: 1}"
8001,16/10/2025,29,677.9450179938167,"{100: 21, 500: 9, 1000: 6, 2000: 2, 5000: 2, 200: 2}"
2304,13/11/2025,1,677.9260035598138,"{100: 23, 500: 6, 200: 4, 1000: 3, 5000: 1}"
2678,18/08/2025,88,677.9138593630449,"{100: 19, 500: 15, 200: 2, 1000: 2, 5000: 2}"
4260,20/10/2025,25,677.850709785088,"{100: 17, 500: 15, 1000: 4, 5000: 2, 200: 2, 2000: 1}"
0004,03/11/2025,11,677.8200945741507,"{100: 20, 1000: 7, 500: 7, 2000: 3, 5000: 2, 200: 1}"
0605,13/11/2025,1,677.7818154742067,"{100: 16, 500: 15, 200: 6, 5000: 5, 1000: 3, 2000: 1}"
1982,09/09/2025,66,677.7644826992833,"{100: 18, 500: 15, 5000: 4, 1000: 4, 2000: 1, 200: 1}"
2249,06/10/2025,39,677.7462125460337,"{100: 23, 500: 7, 1000: 2, 2000: 1, 5000: 1, 200: 1}"
2996,02/11/2025,12,677.7289433044928,"{500: 16, 100: 16, 200: 4, 1000: 3, 5000: 3, 2000: 1}"
8933,01/11/2025,13,677.7079347348081,"{100: 17, 500: 15, 1000: 6, 200: 2, 5000: 1, 2000: 1}"
0424,28/10/2025,17,677.6763331855193,"{100: 18, 500: 14, 1000: 4, 2000: 3, 5000: 3, 200: 2}"
9699,05/10/2025,40,677.6069072309548,"{100: 21, 500: 8, 1000: 5, 5000: 4, 2000: 1}"
3232,10/09/2025,65,677.6067221744407,"{100: 19, 500: 14, 5000: 5, 200: 2, 1000: 1}"
7243,06/11/2025,8,677.4802835731894,"{100: 22, 500: 6, 1000: 5, 5000: 3, 200: 3, 2000: 2}"
7326,15/07/2025,122,677.4615912348379,"{100: 20, 500: 13, 5000: 4, 1000: 2, 200: 1}"
3875,26/10/2025,19,677.4047202125242,"{100: 19, 500: 13, 1000: 3, 5000: 2, 2000: 2, 200: 2}"
9404,11/11/2025,3,677.396922489075,"{100: 18, 500: 14, 1000: 5, 200: 3, 2000: 1, 5000: 1}"
1859,09/10/2025,36,677.3346325208184,"{100: 19, 500: 12, 1000: 7, 200: 4}"
4971,09/11/2025,5,677.2544107650398,"{100: 18, 500: 12, 5000: 5, 2000: 4, 1000: 4, 200: 4}"
5541,14/09/2025,61,677.2483795394759,"{100: 22, 500: 7, 1000: 6, 5000: 3, 2000: 3, 200: 1}"
9709,19/10/2025,26,677.2373721719068,"{100: 20, 500: 12, 200: 2, 5000: 2, 1000: 2, 2000: 1}"
6611,05/11/2025,9,677.1112250502799,"{100: 19, 500: 12, 5000: 5, 200: 5, 1000: 3, 2000: 1}"
1573,14/11/2025,0,677.0728161020477,"{100: 20, 500: 8, 5000: 4, 1000: 3, 2000: 1, 200: 1}"
8384,13/11/2025,1,677.057643044099,"{500: 17, 100: 13, 1000: 5, 5000: 4, 200: 4}"
6665,22/10/2025,23,676.9671084488139,"{100: 19, 500: 13, 5000: 4, 1000: 2, 2000: 2, 200: 2}"
3285,20/10/2025,25,676.9617741365294,"{100: 19, 500: 14, 1000: 2, 200: 2, 5000: 1}"
5992,18/08/2025,88,676.9474004487254,"{100: 19, 500: 13, 1000: 4, 200: 4, 2000: 1, 5000: 1}"
5258,06/11/2025,8,676.9463726519014,"{100: 20, 500: 8, 5000: 7, 1000: 4, 200: 3, 2000: 2}"
2331,06/10/2025,39,676.9292234000701,"{100: 18, 500: 15, 1000: 4, 200: 3, 5000: 2}"
9383,01/11/2025,13,676.9048116943326,"{100: 19, 500: 13, 5000: 4, 200: 4, 1000: 4, 2000: 1}"
0128,10/11/2025,4,676.7700735519404,"{100: 18, 500: 13, 5000: 4, 1000: 4, 200: 3, 2000: 1}"
4969,11/11/2025,3,676.7157998430531,"{500: 18, 100: 15, 1000: 7, 5000: 2, 2000: 1, 200: 1}"
9127,11/11/2025,3,676.6412793251612,"{100: 19, 500: 12, 5000: 4, 1000: 4, 2000: 1, 200: 1}"
4865,07/11/2025,7,676.6314269368523,"{100: 21, 500: 7, 1000: 6, 2000: 3, 200: 3, 5000: 1}"
6015,13/11/2025,1,676.6073449878902,"{100: 16, 500: 16, 1000: 5, 200: 4, 5000: 3, 2000: 2}"
7789,06/11/2025,8,676.5680767557645,"{100: 19, 500: 12, 1000: 9, 200: 2}"
3530,11/10/2025,34,676.5310494987853,"{100: 18, 500: 12, 1000: 4, 5000: 3, 200: 1}"
4791,14/11/2025,0,676.4441022110161,"{100: 18, 500: 13, 5000: 3, 2000: 2, 1000: 2}"
2108,13/11/2025,1,676.4028001958927,"{100: 17, 500: 15, 1000: 3, 200: 3, 2000: 2, 5000: 2}"
1103,18/10/2025,27,676.3262724229534,"{100: 17, 500: 17, 1000: 5, 5000: 2, 200: 1, 2000: 1}"
8557,02/11/2025,12,676.3052304882855,"{100: 18, 500: 12, 1000: 9, 5000: 4, 200: 2, 2000: 1}"
6855,11/11/2025,3,676.1947497813903,"{100: 19, 500: 11, 5000: 7, 200: 5, 1000: 4}"
3491,05/11/2025,9,676.1652035742495,"{100: 21, 500: 8, 1000: 6, 5000: 3, 200: 2, 2000: 2}"
8101,10/08/2025,96,676.1249644740577,"{100: 20, 500: 13, 1000: 3, 5000: 2, 2000: 2}"
8231,10/09/2025,65,676.1024136846158,"{100: 22, 500: 9, 1000: 4, 5000: 2}"
2817,22/10/2025,23,676.0050541894132,"{500: 17, 100: 16, 5000: 4, 200: 4, 1000: 2, 2000: 2}"
1280,21/09/2025,54,675.9990465359019,"{100: 21, 500: 11, 2000: 3, 200: 3, 5000: 1, 1000: 1}"
9046,19/09/2025,56,675.9891660890701,"{100: 18, 500: 14, 5000: 5, 1000: 4, 2000: 3, 200: 1}"
7958,20/10/2025,25,675.9844858120799,"{500: 19, 100: 15, 1000: 3, 200: 2, 5000: 1}"
9852,28/07/2025,109,675.945733777213,"{100: 18, 500: 16, 1000: 4, 5000: 3, 200: 2}"
1964,14/10/2025,31,675.8868173457594,"{100: 20, 500: 8, 5000: 6, 1000: 3, 2000: 2}"
9165,14/10/2025,31,675.872504655267,"{100: 19, 500: 12, 5000: 3, 2000: 2, 200: 2, 1000: 1}"
3061,13/11/2025,1,675.7109696872278,"{100: 20, 500: 9, 200: 6, 1000: 4, 5000: 2, 2000: 1}"
9915,18/10/2025,27,675.6981081527816,"{100: 18, 500: 14, 1000: 4, 5000: 3, 2000: 2, 200: 1}"
7452,14/09/2025,61,675.5696690845784,"{100: 17, 500: 15, 1000: 5, 2000: 2, 200: 2, 5000: 1}"
1258,23/10/2025,22,675.3496565207098,"{100: 18, 500: 13, 200: 6, 5000: 4, 1000: 2}"
1534,11/10/2025,34,675.3435779479297,"{100: 20, 500: 10, 5000: 7, 1000: 4, 200: 3, 2000: 1}"
8240,06/11/2025,8,675.2953578409878,"{100: 20, 500: 11, 5000: 3, 1000: 3, 2000: 1, 200: 1}"
4758,02/11/2025,12,675.2949361477046,"{100: 21, 500: 9, 1000: 5, 200: 3, 2000: 2, 5000: 1}"
7383,31/10/2025,14,675.2512681645168,"{100: 23, 500: 6, 5000: 3, 1000: 3, 2000: 2, 200: 2}"
2605,22/09/2025,53,675.242053309593,"{100: 18, 500: 14, 1000: 5, 2000: 2, 5000: 2, 200: 1}"
2088,11/11/2025,3,675.2289215669911,"{100: 19, 500: 13, 5000: 3, 1000: 2, 200: 2, 2000: 1}"
8398,12/11/2025,2,675.1370597829659,"{100: 18, 500: 15, 5000: 4, 200: 1, 2000: 1, 1000: 1}"
6007,09/11/2025,5,675.1230883197427,"{100: 17, 500: 14, 1000: 6, 5000: 4, 200: 4, 2000: 1}"
0858,27/10/2025,18,675.1038597486643,"{100: 21, 500: 9, 1000: 4, 200: 3, 5000: 2}"
5237,06/11/2025,8,674.9701893839059,"{100: 16, 500: 16, 1000: 5, 5000: 1, 200: 1, 2000: 1}"
2300,24/10/2025,21,674.9421558353439,"{100: 19, 500: 13, 1000: 3, 5000: 2, 200: 2, 2000: 1}"
1757,10/11/2025,4,674.8993040344968,"{100: 22, 1000: 8, 500: 6, 5000: 3, 200: 2}"
9291,25/10/2025,20,674.8767648503987,"{100: 21, 500: 8, 5000: 5, 1000: 4, 2000: 2, 200: 1}"
6380,10/09/2025,65,674.8509325824887,"{100: 18, 500: 13, 5000: 8, 1000: 6, 200: 2, 2000: 1}"
6547,19/10/2025,26,674.8122146976498,"{100: 18, 500: 13, 1000: 6, 5000: 5, 2000: 2, 200: 1}"
9731,15/09/2025,60,674.7599986898101,"{100: 22, 500: 9, 5000: 4, 1000: 2}"
8859,10/10/2025,35,674.7349389493689,"{100: 18, 500: 14, 1000: 3, 5000: 3, 200: 2, 2000: 1}"
1354,12/11/2025,2,674.6077619672008,"{500: 16, 100: 15, 5000: 4, 1000: 3, 200: 2}"
3137,18/10/2025,27,674.6039534755323,"{100: 20, 500: 11, 1000: 5, 5000: 2, 2000: 1}"
4998,14/11/2025,0,674.5911480516341,"{100: 19, 5000: 8, 500: 8, 1000: 4, 2000: 2, 200: 2}"
7523,24/10/2025,21,674.4293557415738,"{100: 18, 500: 12, 1000: 10, 5000: 3, 200: 2, 2000: 1}"
0137,13/11/2025,1,674.3793576777458,"{500: 17, 100: 16, 200: 3, 1000: 2, 5000: 1, 2000: 1}"
1158,05/11/2025,9,674.3586302775097,"{500: 20, 100: 14, 1000: 6, 5000: 3, 200: 2}"
1882,18/10/2025,27,674.3401445144947,"{100: 20, 500: 10, 1000: 7, 2000: 3, 5000: 2, 200: 1}"
9602,27/10/2025,18,674.3375022792546,"{100: 21, 500: 10, 1000: 1, 5000: 1, 2000: 1, 200: 1}"
2570,13/11/2025,1,674.2618155093857,"{100: 19, 500: 12, 1000: 8, 200: 5}"
2083,13/11/2025,1,674.2023467730683,"{100: 19, 500: 12, 1000: 4, 2000: 4, 200: 3, 5000: 1}"
1244,13/11/2025,1,674.1845384978185,"{100: 21, 500: 9, 1000: 3, 200: 3, 5000: 3}"
5074,10/10/2025,35,674.1622426811382,"{500: 19, 100: 15, 1000: 5, 200: 1, 5000: 1}"
3223,03/11/2025,11,674.1506238705186,"{100: 21, 500: 8, 1000: 5, 2000: 4, 200: 3, 5000: 3}"
2604,25/10/2025,20,674.0881014075879,"{500: 17, 100: 15, 1000: 5, 2000: 4, 5000: 3, 200: 3}"
2763,03/11/2025,11,674.0858569445535,"{100: 20, 500: 8, 5000: 4, 200: 3, 2000: 1, 1000: 1}"
4757,12/11/2025,2,674.02057579542,"{100: 18, 500: 10, 200: 8, 5000: 6, 1000: 2, 2000: 1}"
9403,17/09/2025,58,673.963453408989,"{100: 19, 500: 14, 2000: 2, 1000: 1, 5000: 1}"
2464,31/10/2025,14,673.9451841155559,"{500: 17, 100: 16, 2000: 3, 200: 3, 1000: 2, 5000: 2}"
7350,15/10/2025,30,673.9264128967542,"{100: 20, 500: 13, 5000: 3, 200: 2}"
0794,02/11/2025,12,673.8870965875037,"{100: 17, 500: 14, 1000: 5, 5000: 3, 200: 2}"
4369,09/11/2025,5,673.7809721687947,"{100: 20, 500: 13, 1000: 3, 2000: 1}"
7434,10/09/2025,65,673.6558592109496,"{100: 21, 500: 10, 200: 3, 1000: 3, 5000: 2}"
9881,04/09/2025,71,673.6386457416709,"{500: 17, 100: 17, 5000: 2, 200: 2, 1000: 1}"
0955,06/09/2025,69,673.5922453546627,"{100: 21, 500: 10, 1000: 3, 200: 3, 5000: 2, 2000: 2}"
2183,07/11/2025,7,673.5884702136543,"{100: 19, 500: 14, 1000: 5, 2000: 1}"
5002,09/10/2025,36,673.5883351312697,"{100: 20, 500: 12, 1000: 3, 2000: 1, 5000: 1}"
8987,14/11/2025,0,673.5861110580599,"{100: 19, 500: 12, 5000: 3, 200: 2, 1000: 2}"
1613,13/11/2025,1,673.5199813846408,"{100: 20, 500: 9, 5000: 5, 200: 5, 1000: 2, 2000: 1}"
2217,11/11/2025,3,673.386115075177,"{100: 18, 500: 10, 1000: 9, 5000: 6, 2000: 1, 200: 1}"
6142,09/11/2025,5,673.3847502917794,"{100: 17, 500: 15, 1000: 6, 5000: 2, 200: 2}"
1681,02/11/2025,12,673.3590356431026,"{100: 21, 1000: 8, 5000: 8, 500: 5, 200: 3}"
0533,19/10/2025,26,673.3505800029124,"{100: 18, 500: 11, 5000: 7, 1000: 5, 200: 1}"
4872,30/08/2025,76,673.3084204330195,"{100: 19, 500: 13, 5000: 4, 1000: 3, 200: 3}"
6762,23/10/2025,22,673.2084479539167,"{100: 19, 500: 11, 1000: 7, 5000: 3}"
2538,19/09/2025,56,673.1562144584369,"{100: 20, 500: 12, 1000: 4, 2000: 1, 200: 1, 5000: 1}"
7294,30/10/2025,15,673.1492096971687,"{100: 19, 500: 12, 1000: 4, 5000: 2, 200: 1}"
9693,29/10/2025,16,673.0691915129695,"{100: 19, 500: 10, 5000: 3, 1000: 3, 200: 2}"
7884,14/10/2025,31,673.063751270464,"{100: 19, 500: 12, 1000: 8, 200: 3, 5000: 2, 2000: 1}"
4050,03/11/2025,11,672.9125625375997,"{100: 17, 500: 15, 200: 6, 1000: 3, 5000: 2, 2000: 2}"
7530,03/11/2025,11,672.7144742876524,"{100: 18, 500: 10, 1000: 7, 200: 3, 5000: 1, 2000: 1}"
4883,13/11/2025,1,672.7120317951121,"{100: 21, 500: 9, 5000: 4, 200: 3, 1000: 2, 2000: 1}"
7758,06/10/2025,39,672.6883473857366,"{100: 19, 500: 11, 1000: 7, 2000: 1, 5000: 1, 200: 1}"
1713,21/10/2025,24,672.6800148788985,"{100: 20, 500: 12, 5000: 2, 200: 2, 1000: 1}"
0828,28/08/2025,78,672.6546214236,"{100: 19, 500: 12, 1000: 6, 5000: 4, 200: 3, 2000: 3}"
9176,22/10/2025,23,672.6316883921114,"{100: 17, 500: 13, 5000: 4, 1000: 4, 200: 3}"
3318,05/11/2025,9,672.5578403965826,"{100: 19, 500: 11, 1000: 8, 5000: 4, 200: 2}"
3770,08/10/2025,37,672.5529857997763,"{100: 19, 500: 11, 5000: 5, 1000: 3, 200: 3, 2000: 1}"
6211,18/09/2025,57,672.5528900257615,"{500: 24, 100: 12, 1000: 5, 200: 2, 5000: 2}"
2449,04/10/2025,41,672.5371683259863,"{100: 19, 500: 13, 200: 5, 1000: 3, 5000: 2, 2000: 1}"
3132,20/10/2025,25,672.533080544527,"{100: 20, 500: 11, 5000: 4, 200: 2, 1000: 1}"
8459,21/09/2025,54,672.4581302396251,"{100: 19, 500: 13, 1000: 3, 5000: 2, 200: 1}"
2187,11/10/2025,34,672.4494673726047,"{100: 23, 500: 8, 200: 3, 1000: 1}"
3618,28/09/2025,47,672.4383854551688,"{100: 18, 500: 14, 1000: 4, 5000: 3, 200: 1}"
1196,14/10/2025,31,672.4254456075646,"{100: 21, 500: 6, 1000: 5, 5000: 3, 2000: 3, 200: 1}"
7278,09/11/2025,5,672.4221118654904,"{100: 20, 500: 9, 5000: 6, 1000: 4, 200: 2}"
1496,31/10/2025,14,672.3015148929193,"{100: 17, 500: 15, 1000: 7, 200: 3, 5000: 1}"
0482,30/10/2025,15,672.2390370946556,"{100: 19, 500: 11, 1000: 7, 5000: 4, 2000: 1, 200: 1}"
9082,14/09/2025,61,672.2319260270833,"{100: 19, 500: 14, 5000: 2, 1000: 2, 200: 1, 2000: 1}"
1548,12/11/2025,2,672.1741883892238,"{100: 22, 500: 6, 1000: 5, 5000: 3, 200: 3}"
1959,21/09/2025,54,672.1451250017795,"{500: 17, 100: 15, 1000: 9, 5000: 5}"
4873,09/11/2025,5,672.1123084160245,"{100: 20, 500: 11, 1000: 3, 200: 3, 5000: 1, 2000: 1}"
0405,12/11/2025,2,672.1107377764317,"{100: 20, 500: 8, 1000: 6, 200: 3, 2000: 1, 5000: 1}"
2915,14/11/2025,0,672.0887176082808,"{100: 20, 500: 10, 1000: 5, 200: 3, 5000: 2, 2000: 1}"
8639,30/10/2025,15,672.0747831325488,"{100: 20, 500: 11, 5000: 5, 1000: 2}"
8624,07/11/2025,7,671.9540127567923,"{100: 18, 500: 14, 1000: 3, 200: 1, 5000: 1}"
2548,15/10/2025,30,671.9377120442999,"{100: 20, 500: 11, 1000: 3, 200: 3, 5000: 2}"
8024,28/10/2025,17,671.9143763597302,"{100: 21, 500: 11, 5000: 4, 200: 3, 2000: 1}"
6093,01/11/2025,13,671.8980700055233,"{100: 20, 500: 10, 1000: 5, 5000: 3, 200: 2}"
1467,10/11/2025,4,671.8861406977699,"{100: 22, 200: 6, 500: 6, 5000: 4, 1000: 4}"
2143,09/08/2025,97,671.8786341577317,"{100: 25, 500: 5, 1000: 2, 200: 2, 5000: 1}"
5850,08/11/2025,6,671.8719291195476,"{100: 18, 500: 11, 1000: 5, 200: 5, 5000: 4}"
1262,14/11/2025,0,671.8523429003716,"{100: 20, 500: 11, 200: 5, 2000: 4, 1000: 3, 5000: 3}"
6743,28/08/2025,78,671.8418401828143,"{100: 17, 500: 16, 5000: 6, 1000: 2, 2000: 1, 200: 1}"
1431,14/11/2025,0,671.7880039539933,"{100: 19, 500: 12, 1000: 6, 200: 1}"
1332,09/09/2025,66,671.7806367969785,"{100: 18, 500: 14, 1000: 5, 5000: 3, 200: 2}"
2806,20/10/2025,25,671.7683444094419,"{100: 22, 500: 7, 200: 4, 5000: 4, 1000: 3}"
0860,20/09/2025,55,671.7195531371382,"{100: 26, 500: 5, 200: 2, 5000: 1}"
1974,23/09/2025,52,671.709066063688,"{100: 18, 500: 12, 1000: 7, 5000: 3, 2000: 1, 200: 1}"
0885,16/10/2025,29,671.6231994046003,"{100: 21, 500: 8, 1000: 7, 2000: 2, 5000: 2, 200: 2}"
0773,05/11/2025,9,671.5840241916378,"{500: 16, 100: 16, 1000: 4, 5000: 4, 200: 2, 2000: 1}"
1655,20/10/2025,25,671.5080378889206,"{100: 21, 1000: 8, 500: 8, 200: 2, 2000: 1, 5000: 1}"
3208,31/08/2025,75,671.4523211778354,"{100: 20, 1000: 10, 500: 9, 200: 3, 5000: 3, 2000: 3}"
0803,23/10/2025,22,671.4180747184466,"{100: 20, 500: 9, 1000: 5, 2000: 2, 5000: 2}"
6599,25/10/2025,20,671.4005307887609,"{100: 20, 1000: 9, 5000: 8, 500: 5, 200: 1}"
4333,30/09/2025,45,671.3751053484533,"{100: 19, 500: 12, 200: 4, 5000: 4, 1000: 3, 2000: 1}"
9451,13/11/2025,1,671.2731884804062,"{100: 17, 500: 16, 5000: 2, 200: 2, 1000: 1, 2000: 1}"
3154,28/10/2025,17,671.2715524706753,"{100: 18, 500: 13, 1000: 4, 200: 4, 5000: 3, 2000: 2}"
3690,15/09/2025,60,671.2353821832731,"{100: 17, 500: 14, 1000: 7, 5000: 4, 200: 3, 2000: 2}"
3863,09/11/2025,5,671.2186806704368,"{100: 20, 500: 10, 5000: 4, 2000: 3, 200: 2, 1000: 1}"
3865,10/11/2025,4,671.2174280642619,"{100: 19, 500: 11, 1000: 5, 200: 4, 5000: 1}"
5647,26/10/2025,19,671.1941514152371,"{100: 18, 500: 12, 1000: 7, 200: 3, 5000: 2}"
8906,20/10/2025,25,671.1870996324175,"{500: 19, 100: 14, 200: 5, 1000: 5, 5000: 2, 2000: 1}"
5692,18/10/2025,27,671.1736638272502,"{100: 20, 500: 11, 1000: 4, 2000: 3, 200: 3, 5000: 1}"
9587,09/08/2025,97,671.1069541619788,"{100: 21, 500: 11, 5000: 4, 1000: 2, 200: 1, 2000: 1}"
0526,15/10/2025,30,671.0995526180544,"{100: 21, 500: 10, 1000: 3, 200: 3, 5000: 1}"
5600,02/11/2025,12,671.0171569336525,"{100: 16, 500: 15, 1000: 5, 5000: 4, 200: 2}"
5774,14/11/2025,0,671.0063725699747,"{100: 18, 500: 13, 5000: 3, 200: 3, 1000: 2}"
6739,23/10/2025,22,671.0016349545355,"{100: 20, 500: 11, 200: 3, 1000: 2, 2000: 2, 5000: 1}"
3800,04/11/2025,10,670.9741830666662,"{100: 19, 500: 12, 5000: 7, 1000: 4, 200: 2, 2000: 1}"
1844,20/09/2025,55,670.9624464482135,"{100: 20, 500: 10, 1000: 5, 200: 4, 5000: 4}"
0112,06/11/2025,8,670.9153991940383,"{100: 17, 500: 14, 200: 3, 5000: 3, 1000: 2}"
3242,04/11/2025,10,670.844667264914,"{100: 20, 500: 13, 5000: 3}"
4028,04/10/2025,41,670.8159988615446,"{100: 20, 500: 10, 1000: 4, 200: 3, 5000: 1, 2000: 1}"
7797,18/10/2025,27,670.7389726938667,"{100: 21, 500: 9, 5000: 5, 200: 4, 1000: 3, 2000: 1}"
4962,06/11/2025,8,670.6921066463855,"{100: 19, 500: 12, 5000: 3, 1000: 2, 200: 2}"
1441,14/11/2025,0,670.6333798935716,"{100: 20, 500: 9, 200: 4, 1000: 3, 5000: 3, 2000: 2}"
7454,26/09/2025,49,670.5867748003766,"{100: 17, 500: 15, 5000: 6, 200: 3, 1000: 2}"
6592,08/11/2025,6,670.5633952664142,"{500: 17, 100: 16, 1000: 7, 5000: 3, 200: 1, 2000: 1}"
5900,06/11/2025,8,670.5631657780302,"{100: 18, 500: 13, 2000: 5, 5000: 4, 200: 2, 1000: 1}"
0152,10/10/2025,35,670.4080872291661,"{100: 19, 500: 10, 1000: 7, 200: 5, 2000: 4, 5000: 1}"
5042,04/11/2025,10,670.3267114975858,"{100: 18, 500: 11, 1000: 10, 5000: 3, 200: 1, 2000: 1}"
6157,14/11/2025,0,670.3120195693513,"{100: 18, 500: 12, 200: 7, 5000: 6, 1000: 1}"
5589,13/11/2025,1,670.2470173279771,"{100: 16, 500: 16, 200: 5, 1000: 4, 5000: 2, 2000: 2}"
3681,26/10/2025,19,670.2027379267493,"{100: 19, 500: 12, 1000: 5, 2000: 2, 200: 2, 5000: 1}"
8310,23/09/2025,52,670.1955295701166,"{100: 18, 500: 12, 1000: 6, 5000: 2, 2000: 1, 200: 1}"
0432,04/11/2025,10,670.1051200609783,"{100: 20, 500: 11, 1000: 4, 5000: 1}"
2082,04/11/2025,10,670.0854410441976,"{100: 21, 500: 8, 1000: 5, 200: 4, 5000: 3, 2000: 2}"
5215,26/09/2025,49,670.0672236332571,"{100: 21, 500: 9, 1000: 6, 5000: 3}"
1416,29/10/2025,16,670.0028593284885,"{100: 19, 500: 10, 5000: 5, 1000: 4, 200: 4, 2000: 3}"
3506,23/08/2025,83,669.9889023566567,"{100: 19, 500: 12, 1000: 5, 5000: 2, 200: 2}"
1371,31/10/2025,14,669.9457914163308,"{100: 19, 500: 10, 1000: 8, 5000: 2, 200: 2, 2000: 1}"
5064,26/09/2025,49,669.8933787734142,"{100: 19, 500: 12, 1000: 5, 200: 4, 5000: 3, 2000: 1}"
8122,07/10/2025,38,669.888780391901,"{100: 24, 500: 4, 5000: 3, 1000: 3, 200: 3}"
5385,18/08/2025,88,669.8851393242425,"{100: 20, 500: 12, 5000: 4, 2000: 2, 1000: 1}"
4799,18/10/2025,27,669.8028211828963,"{100: 18, 500: 15, 200: 3, 1000: 2, 5000: 1}"
9232,28/10/2025,17,669.8020535505336,"{100: 18, 500: 13, 200: 5, 1000: 4, 5000: 2}"
0041,10/10/2025,35,669.5835399845134,"{100: 18, 500: 14, 1000: 4, 5000: 3, 2000: 1, 200: 1}"
6303,08/08/2025,98,669.5600779503292,"{100: 21, 1000: 8, 500: 8, 5000: 5, 200: 3}"
6646,14/11/2025,0,669.5423398774055,"{100: 19, 500: 12, 1000: 4, 200: 4, 5000: 1}"
1009,14/10/2025,31,669.5397454667713,"{100: 16, 500: 16, 2000: 4, 1000: 3, 5000: 2, 200: 2}"
4174,04/10/2025,41,669.5187425749975,"{100: 18, 500: 12, 1000: 7, 200: 3, 5000: 2, 2000: 1}"
7865,06/09/2025,69,669.517944411722,"{100: 19, 500: 14, 200: 4, 5000: 4, 1000: 3, 2000: 1}"
7234,18/10/2025,27,669.3801178906891,"{100: 21, 500: 9, 1000: 4, 2000: 3, 200: 2, 5000: 1}"
1298,09/11/2025,5,669.3726779395098,"{100: 21, 500: 7, 1000: 5, 5000: 5, 200: 2}"
7260,09/11/2025,5,669.357355892032,"{100: 20, 500: 9, 1000: 6, 200: 4, 5000: 2, 2000: 1}"
7906,12/10/2025,33,669.3407776247315,"{100: 20, 500: 10, 1000: 7, 200: 2, 5000: 2}"
3366,11/11/2025,3,669.3132156936703,"{100: 18, 500: 10, 1000: 6, 5000: 4, 200: 2}"
5838,02/11/2025,12,669.3131779831539,"{100: 21, 500: 8, 1000: 5, 5000: 5, 200: 1}"
7147,11/11/2025,3,669.2591358146607,"{100: 18, 500: 11, 200: 8, 5000: 5, 1000: 5, 2000: 1}"
3000,13/11/2025,1,669.2522792540666,"{100: 18, 500: 10, 1000: 6, 5000: 6, 2000: 5, 200: 2}"
8986,08/11/2025,6,669.2309154090736,"{100: 19, 500: 13, 1000: 5, 200: 2}"
0121,11/10/2025,34,669.2033352285027,"{100: 16, 500: 15, 200: 5, 1000: 4, 2000: 3, 5000: 3}"
9104,10/10/2025,35,669.2005234370511,"{100: 17, 500: 16, 1000: 4, 200: 3, 5000: 1, 2000: 1}"
6097,12/11/2025,2,669.1910847187987,"{100: 21, 500: 9, 200: 5, 5000: 4, 1000: 1}"
3607,07/11/2025,7,669.1645894006207,"{100: 19, 500: 10, 5000: 4, 2000: 1, 1000: 1}"
2630,31/10/2025,14,669.0831942844712,"{100: 16, 500: 16, 1000: 6, 200: 4, 5000: 3}"
4947,01/11/2025,13,669.0729950026355,"{100: 21, 500: 9, 1000: 4, 5000: 2, 2000: 1}"
8919,14/11/2025,0,669.015126257839,"{100: 17, 500: 14, 1000: 7, 200: 4, 5000: 2, 2000: 1}"
9143,26/08/2025,80,668.8843563034621,"{500: 18, 100: 16, 200: 3, 5000: 3, 2000: 2, 1000: 2}"
3837,07/10/2025,38,668.8837130567466,"{100: 21, 500: 9, 1000: 4, 5000: 3, 200: 2, 2000: 2}"
1837,03/11/2025,11,668.8791347953292,"{100: 18, 500: 11, 1000: 7, 200: 4, 2000: 1, 5000: 1}"
1749,06/11/2025,8,668.8616127132158,"{100: 21, 500: 7, 5000: 6, 1000: 6, 200: 2}"
9456,03/11/2025,11,668.7885937093523,"{100: 19, 500: 12, 5000: 3, 1000: 3, 200: 3, 2000: 1}"
6395,22/10/2025,23,668.6821154220916,"{100: 20, 500: 9, 5000: 4, 1000: 2, 200: 1}"
3975,29/07/2025,108,668.6810261542637,"{100: 22, 500: 12, 200: 3, 1000: 1}"
8441,13/11/2025,1,668.6594804000097,"{100: 19, 500: 12, 1000: 2, 5000: 2, 200: 1, 2000: 1}"
7961,25/10/2025,20,668.6204279051395,"{100: 19, 500: 11, 1000: 5, 5000: 4, 200: 2}"
1663,30/08/2025,76,668.6115937942029,"{100: 21, 500: 13, 200: 3, 5000: 1}"
5367,23/10/2025,22,668.5975696502172,"{100: 18, 500: 15, 5000: 4, 200: 3, 1000: 1, 2000: 1}"
6055,21/10/2025,24,668.5915260684657,"{100: 21, 500: 12, 200: 2, 5000: 2, 2000: 1}"
0198,05/08/2025,101,668.4899401384497,"{100: 22, 500: 9, 5000: 4, 2000: 1, 1000: 1}"
4628,12/11/2025,2,668.432199803462,"{100: 18, 500: 11, 1000: 7, 5000: 2, 2000: 2, 200: 2}"
5820,04/11/2025,10,668.411420512643,"{100: 16, 500: 13, 1000: 8, 5000: 4, 200: 4, 2000: 1}"
1477,23/08/2025,83,668.3842060959247,"{100: 19, 500: 14, 5000: 3, 1000: 2, 200: 2}"
7306,25/10/2025,20,668.3838474838832,"{100: 17, 500: 14, 5000: 5, 1000: 4, 2000: 3, 200: 2}"
4402,11/10/2025,34,668.3199089536247,"{100: 19, 500: 12, 5000: 4, 200: 2, 1000: 2, 2000: 1}"
2732,12/11/2025,2,668.3053537052441,"{100: 20, 500: 11, 1000: 3, 5000: 1, 200: 1}"
1769,25/10/2025,20,668.288272536012,"{100: 17, 500: 11, 1000: 7, 5000: 5, 200: 5, 2000: 1}"
8959,01/10/2025,44,668.2840933037141,"{100: 18, 500: 13, 5000: 5, 1000: 4, 200: 4, 2000: 2}"
0746,21/10/2025,24,668.2706123181811,"{100: 22, 500: 7, 5000: 3, 1000: 3, 200: 1}"
0427,16/10/2025,29,668.2402352759166,"{100: 21, 500: 10, 1000: 2, 5000: 1, 200: 1, 2000: 1}"
1046,31/10/2025,14,668.2296772250068,"{100: 19, 500: 11, 1000: 4, 5000: 2, 200: 1}"
1272,08/10/2025,37,668.2294638341409,"{100: 21, 500: 9, 1000: 3, 5000: 2, 200: 2, 2000: 1}"
5309,23/09/2025,52,668.2126008995335,"{100: 20, 500: 9, 1000: 5, 5000: 3, 2000: 2, 200: 2}"
6746,30/09/2025,45,668.1718361035662,"{100: 22, 500: 9, 1000: 3, 5000: 3, 2000: 1, 200: 1}"
8876,28/09/2025,47,668.168927129495,"{100: 19, 500: 11, 5000: 6, 1000: 3, 200: 2}"
3742,03/08/2025,103,668.143042708658,"{100: 20, 500: 10, 5000: 6, 1000: 4, 200: 2}"
8923,17/09/2025,58,668.1294024723954,"{100: 20, 500: 10, 1000: 6, 5000: 5, 200: 1}"
0013,24/05/2025,174,668.0515078565218,"{100: 22, 500: 9, 2000: 5, 5000: 5, 1000: 3}"
3159,06/11/2025,8,668.0049432975422,"{100: 22, 500: 6, 1000: 4, 5000: 3, 200: 2, 2000: 1}"
2714,11/10/2025,34,668.004924002169,"{100: 19, 500: 13, 5000: 2, 1000: 2, 2000: 2, 200: 2}"
5848,01/10/2025,44,667.9684235763779,"{100: 17, 500: 15, 5000: 4, 1000: 3, 200: 2, 2000: 2}"
2761,11/11/2025,3,667.9560997437204,"{100: 23, 500: 6, 5000: 3, 1000: 2}"
6846,29/10/2025,16,667.8733111996061,"{100: 19, 500: 10, 1000: 6, 200: 4, 5000: 2, 2000: 1}"
9797,08/11/2025,6,667.8516149445522,"{100: 22, 500: 7, 1000: 3, 5000: 3, 200: 2, 2000: 1}"
9542,30/09/2025,45,667.8513539019372,"{100: 16, 500: 15, 5000: 3, 200: 3, 1000: 3}"
9219,23/10/2025,22,667.8012106392688,"{500: 17, 100: 15, 5000: 6, 200: 1, 1000: 1}"
5286,09/11/2025,5,667.8006598034265,"{100: 19, 500: 11, 1000: 4, 200: 3, 5000: 1}"
4880,08/10/2025,37,667.760996893719,"{100: 19, 500: 11, 1000: 5, 5000: 2, 200: 1, 2000: 1}"
4538,17/10/2025,28,667.6899237361501,"{100: 19, 500: 9, 5000: 7, 200: 3, 1000: 2}"
3886,25/08/2025,81,667.640887274186,"{100: 17, 500: 16, 2000: 4, 1000: 3, 5000: 3}"
5307,15/10/2025,30,667.6140497670781,"{100: 17, 500: 13, 5000: 5, 1000: 2, 200: 1}"
1657,07/10/2025,38,667.592249591058,"{100: 20, 500: 13, 1000: 3, 200: 3}"
2852,25/09/2025,50,667.5318497612017,"{100: 18, 500: 14, 200: 2, 5000: 2, 2000: 1, 1000: 1}"
2154,18/09/2025,57,667.530567524178,"{500: 17, 100: 16, 1000: 6, 5000: 3, 200: 2, 2000: 1}"
5843,01/11/2025,13,667.502648502378,"{100: 19, 500: 9, 1000: 7, 200: 4, 5000: 2}"
5880,10/11/2025,4,667.5019277596599,"{100: 20, 500: 8, 1000: 8, 200: 4, 5000: 3}"
0542,12/11/2025,2,667.4960225220744,"{100: 19, 500: 9, 1000: 7, 200: 5, 5000: 3, 2000: 2}"
9392,05/11/2025,9,667.4389884134443,"{100: 20, 500: 9, 200: 4, 1000: 3, 5000: 2}"
5131,04/11/2025,10,667.427475317781,"{100: 18, 500: 12, 200: 4, 1000: 4, 5000: 3, 2000: 2}"
4795,08/11/2025,6,667.4264795035033,"{100: 21, 500: 8, 1000: 4, 200: 2, 5000: 1, 2000: 1}"
0802,09/11/2025,5,667.4046520062388,"{100: 18, 500: 13, 200: 5, 5000: 2, 1000: 2, 2000: 1}"
7713,28/10/2025,17,667.3782219397899,"{100: 19, 500: 12, 5000: 7, 2000: 3, 1000: 3, 200: 3}"
4403,26/10/2025,19,667.3695975611844,"{100: 19, 500: 10, 1000: 7, 200: 3, 5000: 2}"
3158,31/10/2025,14,667.3166974566507,"{100: 17, 500: 15, 1000: 4, 5000: 4, 2000: 1, 200: 1}"
2199,04/10/2025,41,667.3101230037587,"{100: 16, 500: 16, 200: 5, 1000: 4, 5000: 3, 2000: 2}"
2635,11/11/2025,3,667.3036843300152,"{100: 21, 500: 8, 1000: 5, 5000: 3, 2000: 1, 200: 1}"
4039,11/11/2025,3,667.2935914201768,"{100: 18, 500: 13, 5000: 2, 2000: 2, 200: 1, 1000: 1}"
8924,31/10/2025,14,667.1899585116191,"{100: 20, 500: 9, 5000: 4, 200: 3, 1000: 2, 2000: 1}"
6404,01/11/2025,13,667.1701786716386,"{100: 19, 500: 12, 5000: 4, 1000: 3, 200: 1}"
7777,13/11/2025,1,667.1530952676238,"{100: 18, 500: 13, 1000: 5, 200: 4, 5000: 2}"
3292,04/10/2025,41,667.0982322862372,"{100: 19, 500: 12, 1000: 7, 5000: 1, 200: 1}"
2677,01/10/2025,44,667.0508482873441,"{100: 19, 500: 12, 200: 6, 2000: 2, 1000: 2, 5000: 1}"
4957,05/11/2025,9,667.0450895646989,"{100: 16, 500: 15, 1000: 4, 200: 4, 5000: 3}"
0410,11/11/2025,3,666.9633668939003,"{100: 20, 500: 8, 1000: 3, 5000: 2, 200: 2}"
2477,12/10/2025,33,666.9318796714166,"{100: 18, 500: 14, 1000: 5, 5000: 2}"
1759,12/10/2025,33,666.8941916717393,"{100: 21, 500: 8, 1000: 7, 5000: 2, 2000: 2, 200: 2}"
6156,31/10/2025,14,666.8820289321395,"{100: 23, 500: 6, 1000: 6, 200: 4, 2000: 1}"
9680,02/08/2025,104,666.8355257593595,"{100: 19, 500: 11, 1000: 6, 5000: 3, 200: 3}"
5161,12/10/2025,33,666.7481194540261,"{100: 19, 500: 9, 200: 4, 1000: 4, 5000: 2}"
3385,27/08/2025,79,666.7250096146694,"{100: 24, 5000: 6, 1000: 3, 500: 2}"
7154,13/11/2025,1,666.7158427390192,"{100: 21, 500: 8, 5000: 4, 1000: 4, 200: 4}"
0566,14/09/2025,61,666.7104848756995,"{500: 17, 100: 16, 1000: 3, 2000: 2, 5000: 2}"
5449,26/10/2025,19,666.6929599280979,"{100: 18, 500: 13, 5000: 9, 1000: 2, 200: 1}"
6885,09/11/2025,5,666.6768114758464,"{100: 22, 500: 5, 200: 4, 5000: 2, 2000: 1, 1000: 1}"
4726,10/11/2025,4,666.6742524796816,"{100: 20, 500: 9, 1000: 3, 5000: 3, 2000: 2}"
0123,10/11/2025,4,666.524005394203,"{100: 18, 500: 13, 200: 5, 5000: 4, 1000: 3, 2000: 1}"
8787,25/10/2025,20,666.5210711749777,"{100: 20, 500: 8, 5000: 2, 1000: 2, 200: 2}"
5169,28/08/2025,78,666.5027380854182,"{100: 18, 500: 15, 1000: 2, 5000: 2, 200: 2, 2000: 1}"
8750,04/11/2025,10,666.455173816517,"{100: 18, 500: 11, 1000: 6, 200: 4, 5000: 3, 2000: 2}"
5061,24/10/2025,21,666.3671288227357,"{100: 22, 500: 9, 1000: 4, 200: 2, 2000: 1}"
9269,02/11/2025,12,666.3504329620393,"{100: 20, 500: 8, 200: 4, 5000: 3, 1000: 3, 2000: 1}"
5634,26/09/2025,49,666.3025772756288,"{500: 16, 100: 15, 1000: 10, 5000: 2, 2000: 1, 200: 1}"
0518,13/11/2025,1,666.2326417499106,"{100: 18, 500: 10, 5000: 7, 1000: 3, 200: 3, 2000: 2}"
1233,08/11/2025,6,666.1765978449073,"{100: 22, 500: 8, 200: 5, 2000: 2, 5000: 2, 1000: 1}"
2829,26/10/2025,19,666.0952080494692,"{100: 20, 500: 8, 1000: 7, 5000: 5, 2000: 2, 200: 2}"
8922,14/11/2025,0,666.065503170518,"{100: 16, 500: 13, 200: 7, 1000: 6, 5000: 5, 2000: 1}"
8174,30/10/2025,15,666.0577929643059,"{100: 19, 500: 12, 200: 3, 1000: 3, 2000: 2, 5000: 2}"
4106,23/10/2025,22,666.0435907934187,"{100: 19, 500: 12, 5000: 2, 2000: 1}"
2205,19/10/2025,26,666.0320144197792,"{100: 20, 500: 12, 200: 3, 5000: 2, 2000: 2, 1000: 1}"
2463,26/10/2025,19,666.021779593554,"{100: 17, 500: 15, 1000: 5, 200: 3, 5000: 2}"
1836,12/10/2025,33,665.9833414328444,"{100: 17, 500: 14, 1000: 8, 2000: 1, 5000: 1}"
5607,02/11/2025,12,665.6743945532027,"{100: 19, 500: 11, 1000: 4, 5000: 1, 2000: 1}"
5306,07/09/2025,68,665.663335511866,"{100: 19, 500: 13, 1000: 4, 5000: 3, 200: 1}"
3749,11/11/2025,3,665.6504551996328,"{100: 18, 500: 10, 1000: 6, 5000: 5, 200: 4}"
1362,11/11/2025,3,665.5647372728001,"{100: 18, 500: 13, 1000: 4, 5000: 3, 2000: 3, 200: 1}"
1647,09/10/2025,36,665.5580450952002,"{100: 21, 500: 8, 1000: 6, 200: 3, 2000: 2, 5000: 1}"
6477,03/11/2025,11,665.5064384293678,"{100: 20, 500: 9, 1000: 6, 5000: 2, 200: 1}"
7085,29/10/2025,16,665.4331132173442,"{100: 17, 500: 14, 1000: 4, 200: 4, 2000: 2, 5000: 2}"
8532,28/10/2025,17,665.3696435111768,"{100: 21, 500: 11, 1000: 3, 2000: 1}"
2302,11/11/2025,3,665.2819415920239,"{100: 19, 500: 11, 1000: 6, 2000: 3, 5000: 1, 200: 1}"
9083,14/11/2025,0,665.2797951193581,"{100: 18, 500: 12, 1000: 5, 2000: 4, 200: 3, 5000: 1}"
7297,24/10/2025,21,665.2664686333604,"{100: 17, 500: 13, 1000: 4, 5000: 3, 2000: 2, 200: 2}"
3563,26/10/2025,19,665.2603574813556,"{100: 20, 500: 12, 5000: 4, 2000: 2, 1000: 1}"
3398,22/09/2025,53,665.1482281539804,"{100: 19, 500: 12, 5000: 5, 1000: 3, 2000: 3, 200: 2}"
3715,11/11/2025,3,665.0660466587461,"{100: 18, 500: 12, 1000: 4, 5000: 3, 200: 3, 2000: 2}"
5117,23/10/2025,22,665.0316776823068,"{100: 17, 500: 15, 1000: 3, 5000: 3, 200: 2}"
5496,28/10/2025,17,664.9859310507295,"{100: 22, 500: 6, 1000: 5, 200: 3, 5000: 3, 2000: 2}"
6272,02/11/2025,12,664.954616317277,"{100: 20, 500: 10, 1000: 4, 5000: 4}"
4282,04/11/2025,10,664.9357894818988,"{100: 19, 500: 11, 1000: 4, 5000: 1}"
8068,02/06/2025,165,664.908741908418,"{100: 21, 500: 8, 5000: 5, 1000: 5, 200: 1}"
8084,06/10/2025,39,664.8642235323322,"{500: 19, 100: 15, 200: 2, 1000: 2, 5000: 2, 2000: 1}"
1744,12/10/2025,33,664.8031732656189,"{100: 17, 500: 14, 1000: 6, 200: 2, 5000: 1}"
5009,04/11/2025,10,664.7049207810917,"{500: 20, 100: 13, 1000: 6, 200: 4, 5000: 2}"
2567,06/08/2025,100,664.6802223751431,"{100: 21, 500: 9, 1000: 7, 5000: 4, 200: 2}"
5474,22/09/2025,53,664.6050700003865,"{100: 20, 1000: 10, 500: 9, 5000: 6, 2000: 3}"
5038,21/10/2025,24,664.5836913278025,"{100: 18, 500: 13, 200: 4, 1000: 4, 5000: 2, 2000: 1}"
0368,08/11/2025,6,664.512344129003,"{100: 17, 500: 12, 1000: 11, 200: 4, 5000: 3, 2000: 1}"
2801,13/09/2025,62,664.3994523725202,"{500: 18, 100: 16, 1000: 5, 5000: 4, 200: 2, 2000: 1}"
3315,06/10/2025,39,664.3709925753882,"{500: 18, 100: 15, 1000: 3, 5000: 3, 200: 1}"
6962,11/09/2025,64,664.3629878585149,"{100: 17, 500: 17, 1000: 3, 5000: 1}"
0385,13/11/2025,1,664.2607020511391,"{100: 22, 500: 7, 1000: 4, 200: 2, 5000: 1}"
4809,20/10/2025,25,664.250006974209,"{100: 17, 500: 15, 1000: 4, 200: 3, 5000: 3, 2000: 1}"
9421,02/09/2025,73,664.2411319433112,"{100: 22, 500: 9, 200: 4, 5000: 2, 2000: 1}"
9260,20/09/2025,55,664.1742623225583,"{100: 18, 500: 13, 1000: 7, 5000: 4, 2000: 1}"
6087,11/11/2025,3,664.1600636259685,"{500: 19, 100: 15, 200: 6, 5000: 3, 2000: 1}"
4258,13/10/2025,32,664.1367783917407,"{100: 20, 500: 9, 1000: 6, 200: 2, 5000: 2, 2000: 2}"
4208,12/11/2025,2,664.0744872085751,"{100: 19, 500: 10, 1000: 4, 2000: 3, 200: 2, 5000: 1}"
4977,30/09/2025,45,664.0334538925788,"{100: 18, 500: 15, 1000: 5, 200: 1}"
4675,28/10/2025,17,664.0012134889267,"{100: 20, 500: 9, 200: 4, 1000: 3, 2000: 1, 5000: 1}"
7176,20/09/2025,55,663.8749375397816,"{100: 19, 500: 13, 1000: 3, 2000: 2, 200: 2, 5000: 1}"
2808,10/11/2025,4,663.7821569310919,"{100: 22, 500: 6, 2000: 3, 1000: 3, 5000: 3}"
7607,08/11/2025,6,663.5988600236058,"{100: 17, 500: 15, 200: 5, 1000: 4}"
6473,20/10/2025,25,663.5943872288889,"{100: 17, 500: 12, 1000: 4, 5000: 3, 200: 2, 2000: 1}"
2355,18/10/2025,27,663.5708337223238,"{100: 24, 500: 4, 2000: 3, 5000: 3, 1000: 2, 200: 2}"
7547,26/09/2025,49,663.5320439402848,"{100: 20, 500: 12, 5000: 3, 2000: 1, 1000: 1, 200: 1}"
4448,31/10/2025,14,663.4862728539925,"{100: 16, 500: 15, 5000: 3, 200: 3, 2000: 1, 1000: 1}"
4771,13/11/2025,1,663.4732672447651,"{100: 18, 500: 10, 1000: 7, 5000: 4, 2000: 2, 200: 1}"
0767,10/08/2025,96,663.4220472634373,"{500: 19, 100: 15, 1000: 3, 2000: 3, 5000: 2}"
4875,06/11/2025,8,663.3938297306233,"{100: 18, 500: 10, 5000: 4, 1000: 4, 200: 4, 2000: 1}"
1476,08/11/2025,6,663.3804847271797,"{100: 19, 500: 11, 1000: 5, 5000: 3, 200: 2, 2000: 1}"
9645,28/10/2025,17,663.2775359035464,"{100: 18, 500: 13, 5000: 7, 1000: 2, 200: 2}"
5799,04/10/2025,41,663.2590279954452,"{100: 20, 500: 8, 200: 3, 5000: 2, 2000: 1, 1000: 1}"
0910,27/10/2025,18,663.2493711924685,"{100: 20, 500: 9, 1000: 6, 5000: 4, 200: 2, 2000: 1}"
6667,07/11/2025,7,663.2443291795889,"{100: 19, 500: 10, 200: 5, 1000: 3, 5000: 3}"
5653,20/09/2025,55,663.2379575858777,"{100: 19, 500: 12, 1000: 5, 5000: 4, 200: 2}"
0698,25/09/2025,50,663.0447614526959,"{100: 21, 500: 10, 1000: 2, 5000: 2, 200: 1, 2000: 1}"
0068,01/11/2025,13,662.9155114711223,"{100: 19, 500: 9, 1000: 3, 5000: 3, 200: 2, 2000: 1}"
0464,28/08/2025,78,662.8717523576768,"{100: 17, 500: 14, 1000: 3, 200: 2, 2000: 2, 5000: 1}"
7253,11/11/2025,3,662.761408205616,"{100: 19, 500: 12, 1000: 2, 200: 2, 2000: 1, 5000: 1}"
4785,28/10/2025,17,662.7608290758823,"{100: 20, 500: 10, 1000: 4, 5000: 3, 2000: 1, 200: 1}"
4073,05/11/2025,9,662.7480047535291,"{100: 18, 500: 13, 5000: 3, 200: 2, 1000: 1}"
9362,09/11/2025,5,662.7399372113482,"{100: 19, 500: 10, 1000: 6, 5000: 3, 200: 2}"
6992,24/10/2025,21,662.657641444306,"{100: 18, 500: 12, 1000: 4, 5000: 3, 200: 2, 2000: 1}"
7385,22/10/2025,23,662.6291136974856,"{100: 19, 500: 10, 1000: 6, 200: 3, 5000: 2}"
0888,06/11/2025,8,662.6014764246468,"{500: 19, 100: 14, 5000: 4, 1000: 3, 200: 2, 2000: 2}"
9502,22/10/2025,23,662.594127339375,"{100: 19, 1000: 9, 500: 9, 5000: 5, 2000: 2, 200: 2}"
6207,13/10/2025,32,662.5632124641313,"{100: 16, 500: 15, 200: 6, 1000: 5, 2000: 2, 5000: 1}"
4987,03/08/2025,103,662.5539949376753,"{100: 18, 500: 13, 1000: 7, 5000: 3, 200: 2, 2000: 2}"
2487,30/10/2025,15,662.5314113972722,"{100: 20, 500: 9, 200: 5, 1000: 3, 5000: 1, 2000: 1}"
9973,19/10/2025,26,662.4811538658547,"{100: 20, 500: 8, 5000: 6, 1000: 3, 200: 2, 2000: 2}"
8173,05/11/2025,9,662.451229323902,"{100: 18, 500: 13, 1000: 4, 200: 2, 5000: 1}"
8675,11/10/2025,34,662.4237328263548,"{100: 19, 500: 10, 1000: 6, 5000: 3, 200: 1}"
2042,18/10/2025,27,662.4147595074168,"{100: 19, 500: 11, 1000: 6, 5000: 4, 2000: 1}"
7732,25/07/2025,112,662.3677024598969,"{100: 22, 500: 9, 5000: 3, 1000: 3, 2000: 1}"
0260,10/11/2025,4,662.2683191166013,"{100: 19, 500: 11, 1000: 4, 5000: 4, 2000: 2, 200: 1}"
5704,28/09/2025,47,662.2653371241287,"{100: 23, 500: 8, 1000: 3, 200: 3}"
0907,01/10/2025,44,662.2445134231538,"{100: 23, 500: 5, 1000: 3, 5000: 2}"
2962,18/09/2025,57,662.114290960375,"{500: 16, 100: 16, 1000: 5, 5000: 4, 2000: 3}"
3645,13/11/2025,1,662.1141783628635,"{100: 22, 500: 8, 2000: 4, 1000: 4, 200: 2}"
8978,09/11/2025,5,662.0277384264372,"{100: 19, 500: 14, 5000: 2, 2000: 2, 200: 2}"
4128,30/07/2025,107,661.9986073275513,"{100: 25, 500: 4, 1000: 3, 2000: 2, 5000: 2}"
7118,17/09/2025,58,661.9917071260693,"{100: 18, 500: 14, 1000: 5, 5000: 2, 200: 1, 2000: 1}"
4668,14/11/2025,0,661.9529989807824,"{100: 16, 500: 16, 1000: 4, 5000: 4, 200: 3}"
5175,08/11/2025,6,661.8955272255283,"{100: 16, 500: 12, 5000: 8, 1000: 5, 200: 3, 2000: 1}"
2473,13/11/2025,1,661.854326371533,"{100: 21, 500: 9, 1000: 2, 5000: 2, 200: 1}"
2669,16/10/2025,29,661.8263453510388,"{100: 18, 500: 10, 5000: 7, 200: 4, 1000: 3}"
4059,22/09/2025,53,661.8189340528281,"{100: 18, 500: 14, 1000: 4, 200: 3, 5000: 1}"
3333,12/11/2025,2,661.8038023802236,"{100: 16, 500: 14, 1000: 7, 5000: 4, 200: 4, 2000: 1}"
0302,13/10/2025,32,661.7990436430259,"{500: 20, 100: 13, 5000: 5, 1000: 4, 200: 4, 2000: 1}"
5345,04/09/2025,71,661.7445881515957,"{100: 22, 500: 10, 1000: 3, 200: 2}"
2435,04/11/2025,10,661.7156503093348,"{100: 17, 500: 15, 1000: 3, 5000: 1, 2000: 1}"
6048,28/10/2025,17,661.7147928003991,"{100: 17, 500: 13, 1000: 6, 5000: 3, 200: 1}"
5985,08/10/2025,37,661.6160865260254,"{100: 19, 500: 14, 1000: 4, 200: 2, 2000: 1}"
2222,01/11/2025,13,661.6098130594431,"{100: 21, 500: 10, 5000: 3, 200: 1}"
4666,08/11/2025,6,661.4749953972319,"{100: 19, 500: 11, 200: 6, 5000: 3, 1000: 2}"
4944,03/10/2025,42,661.4552453033933,"{100: 20, 500: 13, 200: 5, 2000: 1}"
9994,18/10/2025,27,661.3873122696601,"{100: 16, 500: 16, 1000: 6, 5000: 3, 2000: 2}"
1080,23/10/2025,22,661.3659541792424,"{100: 21, 500: 8, 1000: 4, 5000: 4, 200: 2, 2000: 1}"
3441,06/11/2025,8,661.2521195751784,"{100: 19, 500: 10, 1000: 5, 200: 4, 2000: 1, 5000: 1}"
3107,12/10/2025,33,661.2266664764535,"{100: 20, 500: 10, 5000: 5, 1000: 3, 2000: 2, 200: 1}"
3575,21/09/2025,54,661.1928855450064,"{100: 21, 500: 9, 1000: 3, 5000: 2, 2000: 1}"
6772,31/08/2025,75,661.1860071811034,"{100: 21, 500: 11, 1000: 3, 200: 2, 2000: 1}"
3489,01/10/2025,44,661.1443739876099,"{100: 18, 500: 12, 5000: 2, 1000: 2, 2000: 1}"
1440,09/10/2025,36,661.0068148696384,"{100: 19, 500: 11, 1000: 6, 5000: 1, 2000: 1, 200: 1}"
6162,11/09/2025,64,660.9318027296983,"{100: 20, 500: 11, 5000: 4, 1000: 3, 200: 2}"
2999,06/09/2025,69,660.924565650545,"{100: 20, 500: 11, 5000: 4, 1000: 3, 2000: 2}"
9387,05/10/2025,40,660.912714335619,"{100: 20, 500: 11, 200: 3, 1000: 2, 5000: 2, 2000: 2}"
6614,07/11/2025,7,660.9119121590196,"{500: 17, 100: 14, 1000: 12, 2000: 3, 200: 1, 5000: 1}"
6868,10/10/2025,35,660.8487661245453,"{100: 18, 500: 13, 1000: 4, 5000: 3, 200: 1}"
0000,31/10/2025,14,660.8178143185633,"{100: 18, 500: 13, 200: 4, 1000: 3, 2000: 2, 5000: 1}"
3901,13/08/2025,93,660.748979496898,"{100: 18, 500: 13, 1000: 6, 5000: 4, 200: 3, 2000: 1}"
9884,14/11/2025,0,660.7267347254623,"{100: 17, 500: 13, 5000: 7, 1000: 5, 200: 2, 2000: 2}"
2034,03/11/2025,11,660.7010453848844,"{100: 21, 500: 8, 200: 4, 5000: 4, 2000: 2, 1000: 1}"
9401,04/10/2025,41,660.674575929891,"{100: 21, 500: 9, 2000: 4, 5000: 2, 1000: 1}"
7954,04/11/2025,10,660.4836202311392,"{100: 16, 500: 13, 5000: 5, 200: 5, 1000: 2, 2000: 1}"
0797,26/10/2025,19,660.3281315803436,"{100: 22, 500: 8, 1000: 5, 200: 3, 2000: 1}"
5761,08/11/2025,6,660.3124546008861,"{100: 21, 500: 9, 200: 3, 5000: 2, 1000: 1}"
3578,18/10/2025,27,660.2978564110971,"{100: 20, 500: 9, 200: 5, 1000: 4, 5000: 1, 2000: 1}"
2608,09/08/2025,97,660.2490952099654,"{500: 17, 100: 16, 1000: 6, 200: 2, 2000: 1, 5000: 1}"
4250,24/07/2025,113,660.2405271160854,"{100: 22, 500: 11, 1000: 3, 200: 1}"
5974,23/05/2025,175,660.2291803874824,"{500: 18, 100: 17, 5000: 3, 2000: 3, 1000: 1, 200: 1}"
0042,05/11/2025,9,660.1292484084357,"{100: 16, 500: 15, 1000: 3, 200: 3, 5000: 2, 2000: 1}"
4713,18/09/2025,57,660.0782086039073,"{100: 23, 500: 9, 5000: 4}"
6712,03/10/2025,42,659.978151592304,"{100: 17, 500: 15, 5000: 5, 1000: 3, 2000: 2, 200: 2}"
9395,31/10/2025,14,659.9637343134111,"{100: 19, 500: 11, 5000: 3, 1000: 3, 200: 3, 2000: 2}"
9736,31/10/2025,14,659.961594936387,"{100: 20, 5000: 8, 500: 8, 1000: 6, 200: 1}"
1382,09/11/2025,5,659.9378813206652,"{100: 18, 500: 13, 1000: 4, 200: 3, 5000: 2, 2000: 1}"
7311,10/09/2025,65,659.9287832479267,"{100: 20, 500: 10, 200: 3, 5000: 3, 1000: 2}"
5328,07/11/2025,7,659.9285804038768,"{100: 19, 500: 10, 1000: 5, 5000: 2, 200: 2}"
0548,07/10/2025,38,659.8779987235637,"{100: 19, 500: 9, 5000: 4, 1000: 4, 2000: 1}"
6706,27/10/2025,18,659.8130845708191,"{100: 17, 500: 15, 1000: 4, 5000: 3}"
4255,14/11/2025,0,659.8016586395806,"{100: 18, 500: 11, 5000: 6, 200: 5, 1000: 4}"
3842,01/11/2025,13,659.8015432911336,"{100: 17, 500: 15, 1000: 3, 200: 2, 5000: 1, 2000: 1}"
4034,08/11/2025,6,659.6429348721203,"{100: 19, 500: 10, 1000: 5, 200: 3, 5000: 1}"
9686,29/10/2025,16,659.6424459929198,"{100: 23, 500: 6, 200: 2, 1000: 2, 5000: 1}"
3435,14/11/2025,0,659.5581628634528,"{100: 22, 500: 7, 5000: 3, 200: 3, 1000: 1}"
6541,09/11/2025,5,659.5461633447239,"{100: 18, 500: 9, 5000: 6, 1000: 5, 200: 2}"
0133,25/07/2025,112,659.4820973938702,"{100: 20, 500: 10, 5000: 2, 1000: 2, 200: 1}"
6302,13/11/2025,1,659.4375918943888,"{500: 15, 100: 15, 1000: 5, 5000: 4, 200: 3, 2000: 1}"
2243,20/10/2025,25,659.3178585470857,"{500: 16, 100: 15, 5000: 6, 1000: 5, 200: 4}"
0007,15/10/2025,30,659.2334352084358,"{100: 18, 500: 12, 5000: 6, 1000: 2, 200: 2}"
5105,22/10/2025,23,659.1140226465144,"{500: 17, 100: 15, 1000: 4, 5000: 3}"
5245,17/09/2025,58,659.1059005636505,"{100: 22, 500: 8, 1000: 3, 5000: 2, 200: 1}"
2870,08/11/2025,6,659.0221630416554,"{100: 20, 500: 7, 1000: 4, 5000: 2, 2000: 2, 200: 1}"
1252,28/10/2025,17,658.9465776759546,"{100: 19, 500: 12, 1000: 2, 200: 2, 5000: 1}"
9463,15/10/2025,30,658.8986465475007,"{100: 18, 500: 13, 1000: 4, 200: 3, 5000: 1}"
2942,13/10/2025,32,658.8868608351596,"{100: 19, 500: 11, 5000: 6, 1000: 3, 200: 2, 2000: 1}"
8266,02/11/2025,12,658.8757998345819,"{100: 17, 500: 15, 1000: 4, 200: 2, 5000: 1}"
0255,29/10/2025,16,658.8654407251668,"{100: 18, 500: 13, 1000: 3, 200: 3, 5000: 3, 2000: 1}"
1872,06/09/2025,69,658.8564618064352,"{100: 19, 500: 11, 1000: 8, 5000: 4}"
5338,30/08/2025,76,658.8451947111129,"{100: 19, 500: 13, 1000: 3, 2000: 3, 5000: 2}"
1460,27/10/2025,18,658.8265813250445,"{100: 19, 500: 9, 1000: 6, 5000: 6, 200: 3, 2000: 1}"
4801,28/10/2025,17,658.8239629032316,"{100: 21, 500: 9, 1000: 5, 2000: 1, 200: 1}"
5753,09/09/2025,66,658.8144967917538,"{100: 19, 500: 11, 1000: 4, 200: 4, 5000: 3, 2000: 2}"
7574,05/10/2025,40,658.8048838987073,"{100: 20, 500: 9, 5000: 4, 1000: 3, 2000: 2, 200: 2}"
3934,11/11/2025,3,658.8031723969121,"{100: 18, 500: 10, 200: 4, 1000: 4, 5000: 3, 2000: 1}"
1949,08/11/2025,6,658.7962431617495,"{100: 16, 500: 15, 1000: 5, 5000: 3, 2000: 1, 200: 1}"
2644,30/10/2025,15,658.6613961352135,"{100: 23, 500: 6, 5000: 3, 1000: 3, 2000: 2, 200: 1}"
8258,25/09/2025,50,658.6596597220719,"{100: 16, 500: 15, 1000: 6, 5000: 3, 200: 3}"
3761,10/11/2025,4,658.6487887810965,"{100: 19, 500: 11, 1000: 5, 5000: 2, 200: 2, 2000: 1}"
5521,09/11/2025,5,658.4493358074974,"{100: 20, 500: 8, 200: 6, 1000: 5, 2000: 3, 5000: 1}"
6565,10/10/2025,35,658.4481423096835,"{100: 21, 500: 9, 2000: 3, 1000: 3, 5000: 1, 200: 1}"
4652,24/10/2025,21,658.4447666612041,"{100: 16, 500: 15, 200: 5, 5000: 5, 1000: 2}"
4572,04/10/2025,41,658.4363556001318,"{100: 18, 500: 13, 5000: 5, 1000: 3, 2000: 3, 200: 3}"
5727,13/07/2025,124,658.4268634467504,"{500: 17, 100: 17, 1000: 3, 5000: 1, 200: 1}"
2354,03/11/2025,11,658.4217419613863,"{100: 16, 500: 13, 200: 5, 1000: 3, 5000: 1, 2000: 1}"
7630,02/09/2025,73,658.3855639545527,"{100: 20, 500: 12, 5000: 2, 200: 1, 1000: 1, 2000: 1}"
3541,07/11/2025,7,658.3735945282554,"{100: 21, 500: 8, 1000: 4, 5000: 2, 200: 2, 2000: 1}"
0261,23/10/2025,22,658.3444647502481,"{100: 20, 500: 9, 1000: 6, 200: 3, 5000: 1, 2000: 1}"
7612,28/09/2025,47,658.3143929140864,"{100: 22, 500: 8, 5000: 3, 2000: 1, 1000: 1, 200: 1}"
5690,07/11/2025,7,658.2870442223519,"{100: 18, 500: 10, 1000: 8, 5000: 6, 2000: 1, 200: 1}"
1712,11/11/2025,3,658.1761807044644,"{100: 19, 500: 10, 1000: 5, 200: 5, 5000: 3}"
9885,11/11/2025,3,658.1656210903242,"{100: 18, 500: 11, 200: 5, 1000: 5, 5000: 3}"
0038,09/11/2025,5,658.1618365634858,"{100: 18, 500: 11, 1000: 6, 200: 3, 5000: 1, 2000: 1}"
2293,19/09/2025,56,658.100749063707,"{100: 21, 5000: 6, 500: 6, 1000: 2, 2000: 2}"
1128,08/11/2025,6,658.0650523713952,"{100: 18, 500: 14, 1000: 2, 2000: 1, 5000: 1}"
5853,25/10/2025,20,658.0256586435243,"{100: 17, 500: 15, 5000: 2, 1000: 2, 2000: 1, 200: 1}"
3943,19/10/2025,26,657.8505124831474,"{100: 18, 500: 14, 5000: 4, 1000: 4, 2000: 1}"
0279,01/11/2025,13,657.7526001916934,"{100: 18, 500: 12, 1000: 5, 5000: 2, 2000: 2, 200: 1}"
3903,16/10/2025,29,657.7430725486865,"{500: 16, 100: 15, 1000: 9, 200: 3, 5000: 1, 2000: 1}"
3102,11/11/2025,3,657.7007984262767,"{100: 18, 500: 12, 5000: 6, 1000: 4, 200: 1}"
0314,21/07/2025,116,657.4824958398016,"{100: 22, 500: 7, 1000: 6, 5000: 4}"
0083,06/11/2025,8,657.4552110208213,"{100: 19, 500: 10, 200: 4, 2000: 3, 1000: 3, 5000: 2}"
9484,21/10/2025,24,657.4145071390668,"{100: 18, 500: 13, 1000: 4, 200: 3, 5000: 1, 2000: 1}"
9841,16/09/2025,59,657.3238166654043,"{100: 18, 500: 11, 1000: 6, 5000: 4, 200: 3, 2000: 1}"
3576,31/10/2025,14,657.2932768914718,"{500: 19, 100: 14, 1000: 5, 5000: 3, 2000: 2, 200: 1}"
3544,22/10/2025,23,657.246679976828,"{100: 18, 500: 13, 2000: 4, 1000: 3, 5000: 2, 200: 2}"
0992,29/10/2025,16,657.2193040188233,"{100: 18, 500: 11, 1000: 6, 200: 4, 5000: 3, 2000: 2}"
1607,07/11/2025,7,657.1948952387644,"{100: 20, 500: 7, 200: 5, 5000: 2, 1000: 2}"
6598,14/08/2025,92,657.1195186636357,"{100: 19, 500: 12, 5000: 4, 1000: 3, 2000: 2, 200: 2}"
0265,30/08/2025,76,657.0669838444385,"{100: 17, 500: 16, 5000: 2, 1000: 2, 2000: 2}"
0380,29/10/2025,16,657.0540214448688,"{100: 18, 500: 12, 5000: 4, 1000: 4, 200: 3, 2000: 1}"
2107,13/11/2025,1,657.043316283831,"{100: 20, 500: 10, 1000: 3, 5000: 2, 200: 1}"
9993,10/11/2025,4,657.0022069956751,"{100: 18, 500: 10, 5000: 6, 1000: 3, 200: 3, 2000: 1}"
4637,24/10/2025,21,656.9967979457027,"{100: 19, 500: 11, 200: 7, 1000: 3, 5000: 2, 2000: 1}"
0237,07/11/2025,7,656.9754093732896,"{100: 15, 500: 13, 1000: 5, 5000: 4, 2000: 3, 200: 3}"
1091,16/09/2025,59,656.9630013073752,"{100: 17, 500: 15, 1000: 5, 200: 3, 2000: 2, 5000: 2}"
1461,08/11/2025,6,656.9399427489548,"{100: 19, 500: 9, 200: 4, 5000: 3, 1000: 2, 2000: 1}"
3853,22/10/2025,23,656.8949135952145,"{100: 20, 500: 10, 5000: 5, 1000: 5, 200: 2}"
7055,24/10/2025,21,656.8692699619085,"{100: 18, 500: 9, 1000: 6, 5000: 5, 2000: 2, 200: 1}"
2668,18/05/2025,180,656.8337933430956,"{100: 21, 500: 9, 1000: 6, 2000: 4, 5000: 2, 200: 1}"
0786,28/10/2025,17,656.8120480079608,"{100: 17, 500: 14, 1000: 5, 5000: 4, 200: 1, 2000: 1}"
5041,06/10/2025,39,656.8077217371274,"{100: 21, 500: 9, 1000: 3, 5000: 2, 200: 1}"
6740,07/11/2025,7,656.7708699186579,"{500: 17, 100: 14, 200: 5, 1000: 3, 5000: 2, 2000: 1}"
6483,16/09/2025,59,656.7562910163904,"{100: 21, 500: 10, 1000: 2, 2000: 1, 5000: 1}"
3826,09/10/2025,36,656.7468297448175,"{100: 16, 500: 14, 5000: 5, 200: 3, 2000: 2, 1000: 1}"
8844,05/10/2025,40,656.7393989058259,"{100: 18, 500: 15, 1000: 4}"
6754,22/10/2025,23,656.6245724931512,"{100: 17, 500: 14, 1000: 4, 5000: 3, 200: 2}"
2188,16/09/2025,59,656.5359330485605,"{100: 20, 500: 9, 5000: 4, 1000: 3, 2000: 2}"
9125,14/11/2025,0,656.5089433471403,"{100: 22, 200: 10, 500: 6, 5000: 3}"
2730,17/10/2025,28,656.4693959646955,"{100: 21, 500: 11, 1000: 2, 200: 1}"
4980,10/10/2025,35,656.4345463924254,"{100: 24, 200: 4, 500: 4, 5000: 2, 1000: 2, 2000: 1}"
4182,02/11/2025,12,656.3739756576008,"{100: 16, 500: 15, 5000: 5, 1000: 4, 200: 3}"
0183,20/10/2025,25,656.3549725750972,"{100: 21, 500: 8, 1000: 4, 200: 3, 5000: 2, 2000: 2}"
7066,20/09/2025,55,656.2949311428459,"{100: 24, 500: 5, 200: 5, 1000: 2, 2000: 2}"
2676,12/11/2025,2,656.2927727394646,"{100: 21, 500: 7, 5000: 5, 1000: 5}"
9625,28/10/2025,17,656.2412788304864,"{100: 19, 500: 11, 5000: 5, 1000: 3, 2000: 2, 200: 1}"
5841,10/10/2025,35,656.1857090504624,"{100: 21, 500: 8, 5000: 4, 1000: 2, 2000: 2}"
5631,29/10/2025,16,656.1603612781274,"{100: 18, 500: 11, 1000: 4, 2000: 4, 5000: 3, 200: 2}"
8192,19/07/2025,118,656.1258307625163,"{100: 21, 500: 9, 1000: 7, 5000: 2, 200: 2, 2000: 1}"
4592,26/09/2025,49,656.0205135577492,"{100: 19, 500: 9, 1000: 4, 5000: 3, 200: 3, 2000: 1}"
8293,08/09/2025,67,655.9794204855947,"{100: 21, 500: 8, 1000: 3, 5000: 3, 200: 2}"
4908,06/08/2025,100,655.8022455229094,"{100: 22, 500: 7, 1000: 3, 5000: 2, 200: 1, 2000: 1}"
2301,30/10/2025,15,655.75418680081,"{100: 19, 500: 11, 5000: 4, 1000: 3, 200: 3, 2000: 1}"
2883,11/08/2025,95,655.6400535415175,"{100: 19, 500: 14, 5000: 2, 1000: 2, 2000: 2}"
1732,22/10/2025,23,655.6226713785022,"{100: 22, 500: 7, 1000: 3, 200: 2, 2000: 2}"
3013,22/10/2025,23,655.6206318934137,"{100: 17, 500: 15, 1000: 2, 5000: 2, 200: 1}"
4320,09/11/2025,5,655.6161645098591,"{100: 18, 500: 11, 1000: 6, 200: 4, 5000: 3, 2000: 2}"
9187,07/09/2025,68,655.6005885469406,"{100: 20, 500: 10, 5000: 5, 1000: 4, 200: 2, 2000: 1}"
8580,22/10/2025,23,655.5826704184819,"{100: 20, 500: 10, 200: 3, 1000: 3, 5000: 2, 2000: 1}"
1501,04/10/2025,41,655.5799569325005,"{100: 16, 500: 16, 1000: 5, 5000: 4}"
2387,01/10/2025,44,655.387925421559,"{100: 20, 5000: 7, 500: 7, 200: 4, 1000: 2}"
0864,14/09/2025,61,655.3683907779118,"{100: 18, 500: 13, 1000: 5, 5000: 2, 200: 2, 2000: 1}"
8208,20/10/2025,25,655.3377986148271,"{100: 19, 500: 9, 5000: 3, 1000: 3, 2000: 1}"
4020,21/10/2025,24,655.2907615994221,"{100: 17, 500: 14, 1000: 4, 5000: 2, 200: 2, 2000: 1}"
9956,11/09/2025,64,655.2688194014179,"{100: 20, 500: 10, 1000: 7, 200: 2, 5000: 1}"
1991,06/11/2025,8,655.1260283336383,"{100: 20, 500: 8, 1000: 3, 200: 3, 5000: 2}"
0555,08/11/2025,6,655.0900374371722,"{100: 18, 500: 12, 1000: 4, 5000: 3, 2000: 1}"
7930,09/10/2025,36,655.0800697375633,"{100: 18, 500: 13, 5000: 5, 1000: 3, 200: 2, 2000: 1}"
7866,17/10/2025,28,655.0776533120489,"{100: 17, 500: 15, 1000: 3, 5000: 3, 200: 1}"
3451,03/11/2025,11,655.0581700331231,"{500: 15, 100: 15, 1000: 7, 200: 3, 5000: 3}"
8423,11/11/2025,3,655.0386944566363,"{500: 19, 100: 15, 5000: 5, 200: 2}"
9582,23/10/2025,22,655.032993452004,"{100: 19, 500: 10, 1000: 5, 200: 3, 2000: 1, 5000: 1}"
2938,13/10/2025,32,655.0207894413962,"{100: 18, 500: 13, 200: 4, 5000: 3, 1000: 2}"
2696,09/09/2025,66,655.0075767592318,"{100: 20, 500: 8, 2000: 4, 1000: 4, 200: 4, 5000: 2}"
4851,31/10/2025,14,654.9910983341175,"{100: 16, 500: 12, 1000: 7, 5000: 4, 200: 3}"
5934,04/09/2025,71,654.9521649778117,"{100: 17, 500: 14, 1000: 6, 5000: 4, 200: 2}"
2603,09/11/2025,5,654.9507291494504,"{100: 17, 500: 14, 200: 6, 1000: 2, 5000: 1, 2000: 1}"
3707,09/11/2025,5,654.8508382650596,"{500: 17, 100: 16, 1000: 7, 200: 1}"
8551,09/11/2025,5,654.8441310553919,"{500: 18, 100: 14, 5000: 3, 200: 3, 1000: 2}"
9575,12/09/2025,63,654.8419117557646,"{100: 21, 500: 8, 1000: 5, 2000: 3, 5000: 3, 200: 2}"
5603,25/09/2025,50,654.7704429424689,"{100: 16, 500: 16, 5000: 4, 1000: 2}"
3149,07/11/2025,7,654.7462098983148,"{100: 17, 500: 14, 5000: 3, 1000: 1, 200: 1}"
5094,17/06/2025,150,654.6503732062578,"{100: 19, 500: 13, 1000: 8, 2000: 1, 5000: 1}"
4265,14/10/2025,31,654.5842122313425,"{100: 20, 500: 11, 1000: 5, 200: 4, 2000: 3}"
6682,04/10/2025,41,654.5418259937179,"{100: 19, 500: 9, 1000: 6, 5000: 4, 200: 4, 2000: 1}"
3395,28/10/2025,17,654.4411083942845,"{100: 16, 500: 14, 1000: 8, 5000: 5, 200: 4, 2000: 1}"
5375,09/11/2025,5,654.4406944058155,"{500: 15, 100: 15, 1000: 6, 5000: 3, 2000: 3, 200: 2}"
4353,26/10/2025,19,654.2921165238663,"{100: 19, 500: 8, 1000: 6, 200: 5, 5000: 3, 2000: 2}"
1740,16/10/2025,29,654.292087076826,"{100: 17, 500: 16, 5000: 2, 1000: 1, 200: 1}"
9701,17/09/2025,58,654.2636685552358,"{100: 23, 500: 6, 200: 3, 5000: 1, 1000: 1}"
7733,01/11/2025,13,654.2570866545777,"{100: 19, 500: 13, 1000: 2, 2000: 2, 200: 1}"
9290,05/10/2025,40,654.2460229950487,"{100: 18, 500: 11, 1000: 7, 5000: 3, 200: 1}"
0707,06/09/2025,69,654.2270005678847,"{100: 19, 500: 10, 1000: 4, 5000: 4, 200: 3}"
3350,11/10/2025,34,654.2234065923489,"{100: 17, 500: 15, 1000: 3, 5000: 3, 200: 2}"
5874,10/11/2025,4,654.2054936992229,"{100: 19, 500: 10, 1000: 5, 2000: 2, 5000: 2, 200: 1}"
4019,01/10/2025,44,654.1495397406919,"{500: 24, 100: 10, 2000: 5, 1000: 5, 200: 4, 5000: 4}"
8198,10/11/2025,4,654.0770186031062,"{100: 19, 500: 10, 5000: 4, 1000: 2, 200: 2}"
5800,03/11/2025,11,654.0609337120944,"{100: 18, 500: 9, 1000: 7, 5000: 6, 200: 4, 2000: 1}"
7428,25/09/2025,50,654.0559506408557,"{100: 19, 500: 12, 200: 4, 1000: 2, 5000: 2}"
4645,13/11/2025,1,654.0242701003912,"{100: 17, 500: 14, 1000: 5, 200: 3, 5000: 2}"
8734,07/11/2025,7,653.9185191239427,"{100: 17, 500: 12, 5000: 2, 200: 2, 1000: 1}"
3480,25/08/2025,81,653.9147637397086,"{100: 17, 500: 15, 1000: 4, 200: 3, 2000: 2, 5000: 2}"
7161,10/11/2025,4,653.8893500649529,"{500: 18, 100: 14, 5000: 4, 1000: 4, 200: 3, 2000: 1}"
6077,10/11/2025,4,653.8767833105314,"{100: 21, 500: 7, 5000: 5, 1000: 4, 200: 1, 2000: 1}"
6630,05/11/2025,9,653.8520319110298,"{100: 17, 500: 13, 5000: 5, 200: 3, 1000: 2, 2000: 1}"
9794,14/11/2025,0,653.8228086603548,"{100: 20, 500: 9, 1000: 5, 200: 2, 5000: 1}"
1937,21/10/2025,24,653.7862037927965,"{100: 20, 500: 10, 1000: 3, 2000: 2, 5000: 2, 200: 1}"
1771,09/11/2025,5,653.7685818379322,"{100: 15, 500: 13, 1000: 6, 5000: 4, 200: 4, 2000: 1}"
1156,24/10/2025,21,653.7442674537596,"{100: 20, 500: 10, 200: 3, 5000: 3, 1000: 1, 2000: 1}"
8683,13/09/2025,62,653.7217456464738,"{100: 23, 200: 6, 500: 5, 1000: 3, 5000: 3}"
4189,04/11/2025,10,653.6933895896949,"{100: 20, 500: 9, 5000: 5, 2000: 1, 1000: 1, 200: 1}"
2460,15/10/2025,30,653.6661617092063,"{100: 21, 500: 8, 5000: 5, 200: 4, 1000: 2}"
5188,13/09/2025,62,653.5787475585817,"{100: 18, 500: 14, 5000: 2, 1000: 2, 200: 1}"
9036,29/09/2025,46,653.5755944755575,"{100: 16, 500: 14, 1000: 7, 5000: 6, 2000: 3, 200: 1}"
7554,15/10/2025,30,653.5749291398822,"{100: 21, 500: 8, 1000: 4, 5000: 3, 2000: 1, 200: 1}"
3224,01/10/2025,44,653.5686999979205,"{100: 19, 500: 11, 1000: 4, 5000: 3, 200: 2}"
1511,05/10/2025,40,653.531117276372,"{100: 16, 500: 15, 5000: 5, 1000: 3, 200: 1, 2000: 1}"
5226,04/11/2025,10,653.4956914535272,"{100: 18, 500: 11, 1000: 5, 200: 3, 5000: 2}"
1760,23/09/2025,52,653.2890845856894,"{100: 19, 500: 12, 1000: 3, 200: 2, 5000: 1}"
6403,18/09/2025,57,653.2213397057194,"{100: 19, 500: 11, 1000: 5, 200: 5, 5000: 4}"
2743,06/11/2025,8,653.1841464073015,"{100: 18, 500: 11, 5000: 6, 2000: 4, 1000: 3, 200: 3}"
0546,02/11/2025,12,653.1807277007802,"{100: 21, 500: 7, 5000: 5, 1000: 4, 2000: 2, 200: 1}"
5618,09/09/2025,66,653.1758057793709,"{100: 18, 500: 13, 1000: 3, 5000: 2, 200: 2}"
5505,03/09/2025,72,653.1026481307525,"{100: 22, 500: 8, 5000: 3, 200: 2, 2000: 2, 1000: 1}"
1865,12/11/2025,2,653.0406820961019,"{100: 22, 500: 7, 1000: 4, 200: 4, 2000: 2}"
5199,07/11/2025,7,652.992577438118,"{100: 19, 500: 11, 1000: 7, 200: 2}"
6704,11/11/2025,3,652.9820779331468,"{100: 19, 500: 11, 1000: 3, 5000: 3, 200: 2, 2000: 1}"
0446,23/09/2025,52,652.9403954358653,"{100: 19, 500: 9, 1000: 7, 5000: 4, 200: 2, 2000: 1}"
7289,07/08/2025,99,652.9217579690874,"{100: 20, 500: 11, 200: 3, 5000: 2, 1000: 2}"
0316,24/10/2025,21,652.8843105357354,"{100: 18, 500: 12, 200: 4, 1000: 3, 5000: 2, 2000: 1}"
6176,08/10/2025,37,652.7388852888048,"{100: 17, 500: 15, 5000: 4, 1000: 2, 2000: 1, 200: 1}"
5641,31/10/2025,14,652.6862746284962,"{100: 17, 500: 15, 1000: 3, 5000: 2}"
2177,04/09/2025,71,652.6602840934555,"{100: 18, 500: 13, 5000: 5, 1000: 4, 2000: 3, 200: 1}"
3799,28/10/2025,17,652.5364533033149,"{100: 17, 500: 12, 5000: 5, 1000: 4, 2000: 3, 200: 2}"
5722,26/10/2025,19,652.3748136880636,"{100: 18, 500: 12, 1000: 6, 200: 3, 2000: 2}"
6494,11/11/2025,3,652.3275340401577,"{100: 18, 500: 12, 1000: 4, 5000: 3, 2000: 2, 200: 2}"
5972,24/10/2025,21,652.2646716248589,"{100: 19, 500: 13, 5000: 4, 2000: 2, 200: 2}"
8491,10/09/2025,65,652.191813545924,"{500: 16, 100: 16, 5000: 6, 200: 2, 1000: 2, 2000: 1}"
4679,02/11/2025,12,652.1626101730154,"{100: 21, 500: 9, 1000: 5, 200: 3, 2000: 2}"
4721,08/11/2025,6,652.1365010609867,"{100: 18, 500: 11, 1000: 5, 5000: 5, 200: 2}"
8529,30/09/2025,45,652.0177587850131,"{500: 17, 100: 15, 1000: 7, 5000: 3, 2000: 2, 200: 1}"
8547,07/09/2025,68,651.9731393346959,"{100: 20, 500: 11, 5000: 1, 2000: 1, 1000: 1, 200: 1}"
6831,01/10/2025,44,651.96264892473,"{100: 18, 500: 11, 5000: 2, 200: 2, 2000: 2, 1000: 2}"
8703,30/09/2025,45,651.9180682922403,"{100: 17, 500: 12, 200: 6, 1000: 3, 5000: 1, 2000: 1}"
9697,07/11/2025,7,651.8962766013955,"{100: 18, 500: 10, 5000: 5, 1000: 4, 200: 3, 2000: 2}"
6186,07/11/2025,7,651.8888609436988,"{100: 19, 500: 11, 5000: 4, 200: 2, 1000: 2}"
3540,01/11/2025,13,651.841517408689,"{100: 18, 500: 11, 1000: 5, 200: 4, 5000: 2, 2000: 2}"
7737,04/11/2025,10,651.8407765086856,"{100: 19, 500: 11, 1000: 3, 200: 3, 2000: 1, 5000: 1}"
1449,09/11/2025,5,651.8371541170374,"{100: 17, 500: 14, 1000: 3, 5000: 2, 200: 1}"
8649,26/10/2025,19,651.8283183478476,"{100: 20, 500: 10, 1000: 3, 5000: 1, 2000: 1, 200: 1}"
0950,22/08/2025,84,651.8254206475184,"{100: 19, 500: 9, 1000: 8, 5000: 5, 2000: 1, 200: 1}"
9157,12/11/2025,2,651.7712285372312,"{500: 16, 100: 14, 5000: 4, 200: 3, 1000: 2}"
5958,26/10/2025,19,651.7322496874433,"{500: 19, 100: 15, 1000: 4, 200: 3}"
1783,31/10/2025,14,651.6337008398248,"{500: 16, 100: 15, 1000: 7, 5000: 2, 2000: 1, 200: 1}"
3808,31/10/2025,14,651.5395086214145,"{500: 18, 100: 14, 1000: 6, 5000: 5, 200: 3}"
2848,30/10/2025,15,651.486257625273,"{100: 20, 5000: 6, 500: 6, 1000: 3, 2000: 1, 200: 1}"
8356,23/06/2025,144,651.4776445463579,"{100: 22, 500: 9, 1000: 3, 5000: 3, 200: 1}"
5981,04/11/2025,10,651.3944535336891,"{100: 17, 500: 14, 1000: 5, 2000: 3, 5000: 1}"
9493,18/10/2025,27,651.3648836932358,"{100: 17, 500: 10, 1000: 8, 5000: 3, 200: 3, 2000: 1}"
5931,30/10/2025,15,651.3550247774568,"{100: 20, 500: 9, 1000: 5, 5000: 2, 200: 2}"
3317,03/11/2025,11,651.3285037975052,"{100: 17, 500: 15, 1000: 3, 5000: 1, 200: 1}"
7503,18/10/2025,27,651.3045398961807,"{500: 17, 100: 15, 5000: 4, 200: 3, 2000: 1}"
1349,08/11/2025,6,651.284428997711,"{100: 16, 500: 15, 5000: 10, 1000: 2, 2000: 1, 200: 1}"
8743,09/11/2025,5,651.0577369743706,"{100: 18, 500: 11, 5000: 5, 1000: 4, 200: 3, 2000: 1}"
8655,13/08/2025,93,651.0131582087012,"{100: 18, 500: 14, 1000: 4, 200: 1, 5000: 1}"
2352,11/11/2025,3,650.9453196385082,"{100: 18, 500: 11, 5000: 4, 200: 3, 1000: 2, 2000: 2}"
1232,14/11/2025,0,650.9441154305831,"{100: 17, 500: 11, 1000: 5, 5000: 4, 2000: 1}"
9348,19/08/2025,87,650.9399142819325,"{500: 16, 100: 15, 1000: 6, 5000: 4, 2000: 4, 200: 2}"
6639,26/10/2025,19,650.9231650335292,"{100: 18, 500: 10, 1000: 9, 5000: 3, 200: 2, 2000: 1}"
4285,13/10/2025,32,650.8261883656887,"{100: 18, 500: 9, 5000: 5, 1000: 5, 200: 5}"
0207,21/09/2025,54,650.8140600972928,"{100: 18, 500: 12, 1000: 5, 200: 4, 5000: 3, 2000: 1}"
3683,12/10/2025,33,650.8044854656015,"{100: 17, 500: 13, 5000: 5, 1000: 3, 2000: 2}"
8234,25/10/2025,20,650.6965559815018,"{100: 23, 1000: 7, 5000: 5, 500: 3}"
1260,10/11/2025,4,650.6224634881163,"{100: 18, 500: 10, 1000: 8, 200: 5, 2000: 2, 5000: 2}"
1287,10/11/2025,4,650.5791293214395,"{100: 17, 500: 13, 1000: 4, 5000: 4, 200: 1}"
5619,10/11/2025,4,650.5548226317054,"{100: 17, 500: 13, 1000: 3, 5000: 2, 200: 2, 2000: 1}"
5565,30/10/2025,15,650.5151770907207,"{100: 17, 500: 12, 200: 7, 1000: 6, 5000: 3}"
5005,13/11/2025,1,650.5107706631564,"{100: 16, 500: 14, 1000: 4, 200: 3, 5000: 3, 2000: 2}"
3264,30/09/2025,45,650.4458931735544,"{100: 18, 500: 13, 5000: 5, 1000: 4, 200: 3}"
6182,01/11/2025,13,650.4324943557488,"{100: 18, 500: 12, 200: 4, 5000: 4, 1000: 2, 2000: 2}"
9497,31/10/2025,14,650.4200629876292,"{100: 16, 500: 15, 1000: 9, 5000: 3, 200: 2}"
9399,13/10/2025,32,650.393910238196,"{100: 20, 500: 7, 1000: 4, 5000: 2, 200: 2}"
6620,11/11/2025,3,650.3791141836236,"{100: 17, 500: 13, 1000: 4, 5000: 4, 200: 3, 2000: 3}"
4021,06/10/2025,39,650.3776086989094,"{100: 18, 500: 13, 5000: 4, 1000: 3, 2000: 2}"
6487,07/11/2025,7,650.3524982142276,"{100: 17, 500: 13, 1000: 4, 2000: 2, 5000: 1, 200: 1}"
6819,09/11/2025,5,650.338032963272,"{100: 17, 500: 13, 5000: 3, 200: 2, 2000: 1, 1000: 1}"
0304,21/10/2025,24,650.3364655086797,"{100: 18, 500: 12, 200: 4, 2000: 2, 5000: 2, 1000: 1}"
3067,09/11/2025,5,650.2993056565734,"{100: 18, 500: 9, 1000: 7, 5000: 5, 2000: 2, 200: 2}"
3828,03/10/2025,42,650.273469485513,"{100: 21, 500: 9, 5000: 3, 1000: 1, 200: 1}"
4871,06/10/2025,39,650.2499082674449,"{100: 18, 500: 9, 5000: 5, 1000: 5, 200: 3, 2000: 2}"
3552,05/11/2025,9,650.2167561252667,"{500: 16, 100: 15, 1000: 7, 5000: 3, 200: 3, 2000: 1}"
6602,14/10/2025,31,650.1946127722512,"{100: 20, 500: 10, 200: 5, 1000: 4, 2000: 2}"
0751,18/09/2025,57,650.1774976775395,"{100: 19, 500: 10, 1000: 4, 5000: 4, 200: 1}"
0154,13/09/2025,62,650.1292871481356,"{100: 23, 500: 6, 200: 3, 5000: 2, 1000: 2}"
0941,12/08/2025,94,650.1246500604726,"{100: 18, 500: 12, 1000: 8, 5000: 3, 2000: 2}"
0986,23/09/2025,52,650.0912102250549,"{100: 19, 500: 10, 1000: 4, 200: 4, 5000: 1}"
9518,16/09/2025,59,650.040413813378,"{100: 18, 500: 13, 1000: 4, 200: 4, 2000: 1, 5000: 1}"
6018,09/11/2025,5,650.0265670829517,"{100: 15, 500: 14, 1000: 4, 5000: 3, 200: 3, 2000: 2}"
4273,07/11/2025,7,650.0143961700438,"{100: 18, 500: 12, 1000: 5, 5000: 3, 200: 1}"
2407,03/11/2025,11,650.0002902271636,"{100: 20, 500: 9, 1000: 5, 5000: 2, 2000: 1}"
0963,10/11/2025,4,649.9530347312367,"{100: 18, 500: 9, 5000: 6, 1000: 5, 200: 2, 2000: 1}"
3348,10/11/2025,4,649.8842499074344,"{100: 19, 500: 9, 1000: 4, 5000: 1, 200: 1, 2000: 1}"
6732,12/10/2025,33,649.8656818346068,"{100: 21, 500: 9, 200: 2, 1000: 2, 5000: 1}"
2006,08/09/2025,67,649.8551550410729,"{100: 18, 500: 10, 200: 6, 5000: 5, 1000: 5, 2000: 1}"
9618,08/11/2025,6,649.7057647879809,"{100: 18, 500: 13, 200: 3, 5000: 2, 1000: 1}"
7408,23/10/2025,22,649.6906903539356,"{100: 19, 500: 9, 5000: 5, 1000: 3, 200: 2, 2000: 1}"
1487,06/10/2025,39,649.6493026266006,"{100: 16, 500: 15, 1000: 4, 5000: 4, 200: 3}"
4818,01/08/2025,105,649.5274986334305,"{100: 18, 500: 13, 1000: 4, 5000: 3, 200: 1}"
8637,30/09/2025,45,649.5152378672284,"{100: 20, 500: 11, 1000: 4, 200: 2, 5000: 2}"
1816,21/10/2025,24,649.4893660146085,"{100: 17, 500: 14, 1000: 7, 200: 3, 5000: 1}"
7638,12/11/2025,2,649.4149546496984,"{100: 18, 500: 11, 200: 4, 5000: 3, 2000: 3, 1000: 2}"
0739,08/11/2025,6,649.3901929250084,"{100: 20, 500: 9, 1000: 3, 2000: 2, 5000: 1}"
5001,12/11/2025,2,649.294090564338,"{500: 19, 100: 14, 1000: 4, 200: 3, 5000: 2}"
0560,01/11/2025,13,649.2871364226469,"{500: 15, 100: 15, 1000: 6, 200: 3, 5000: 2, 2000: 1}"
7947,10/10/2025,35,649.2571028822224,"{100: 18, 500: 11, 5000: 6, 1000: 3, 200: 2, 2000: 1}"
6919,20/09/2025,55,649.2494758030479,"{100: 16, 500: 15, 200: 3, 5000: 2, 1000: 1}"
6155,14/08/2025,92,649.219889434744,"{100: 17, 500: 15, 5000: 5, 2000: 2, 1000: 2, 200: 1}"
3060,27/10/2025,18,649.1683491687767,"{100: 17, 500: 15, 5000: 4, 1000: 4, 200: 1}"
3267,10/11/2025,4,649.138811405397,"{100: 16, 500: 12, 1000: 6, 5000: 5, 200: 4, 2000: 2}"
6413,17/10/2025,28,649.1300492804663,"{100: 19, 500: 10, 1000: 6, 5000: 4, 200: 2}"
9941,12/11/2025,2,649.1102585532586,"{100: 17, 500: 13, 1000: 4, 5000: 3, 200: 1, 2000: 1}"
6790,12/11/2025,2,649.0861713756841,"{500: 16, 100: 16, 200: 3, 2000: 1, 5000: 1, 1000: 1}"
6595,31/10/2025,14,649.0183378522703,"{100: 19, 500: 14, 200: 3, 2000: 2, 5000: 1}"
5512,30/07/2025,107,648.977358016423,"{100: 21, 500: 9, 5000: 4, 2000: 3, 1000: 3, 200: 1}"
6451,11/11/2025,3,648.9433917894696,"{100: 18, 500: 12, 200: 5, 1000: 4, 5000: 2, 2000: 1}"
0995,28/10/2025,17,648.7547846202477,"{100: 19, 500: 8, 5000: 6, 1000: 2, 200: 2}"
5818,07/10/2025,38,648.7470091559801,"{100: 20, 500: 8, 1000: 6, 200: 4, 5000: 2}"
1636,11/11/2025,3,648.678323982581,"{100: 18, 500: 11, 1000: 9, 5000: 1, 200: 1}"
5412,18/09/2025,57,648.576038476143,"{100: 19, 500: 10, 1000: 4, 5000: 4, 2000: 1}"
3910,02/11/2025,12,648.4858879006658,"{100: 16, 500: 14, 1000: 6, 200: 5, 5000: 3}"
5500,30/09/2025,45,648.4254788862994,"{100: 18, 500: 13, 1000: 4, 5000: 2, 200: 2, 2000: 1}"
2203,12/11/2025,2,648.3885949614056,"{500: 19, 100: 14, 200: 6, 1000: 2, 5000: 1}"
6051,26/10/2025,19,648.2811227169237,"{100: 18, 500: 12, 2000: 4, 1000: 3, 200: 3, 5000: 2}"
6488,03/11/2025,11,648.2809541681175,"{100: 17, 500: 12, 1000: 6, 200: 4, 5000: 3, 2000: 2}"
9433,30/08/2025,76,648.2518445890836,"{100: 21, 500: 10, 1000: 4, 200: 2, 2000: 1}"
3520,24/09/2025,51,648.2383939277804,"{100: 20, 500: 10, 200: 5, 1000: 4, 2000: 1}"
6954,31/10/2025,14,648.2342683265108,"{100: 19, 500: 13, 200: 4, 2000: 3, 5000: 2}"
9729,18/10/2025,27,648.2293194554217,"{100: 19, 500: 8, 200: 6, 1000: 4, 5000: 3, 2000: 2}"
2595,20/10/2025,25,648.1728560075982,"{100: 18, 500: 11, 200: 6, 1000: 3, 5000: 2}"
6449,05/10/2025,40,648.1673202468879,"{100: 21, 500: 9, 1000: 4, 5000: 2, 2000: 1, 200: 1}"
1574,17/10/2025,28,648.1441243610321,"{100: 21, 500: 8, 1000: 4, 5000: 2, 200: 2, 2000: 1}"
3105,04/11/2025,10,648.1416598129271,"{100: 21, 500: 7, 5000: 4, 1000: 3, 2000: 2, 200: 2}"
6040,23/08/2025,83,648.0411745060605,"{100: 18, 500: 10, 1000: 5, 5000: 3, 200: 3}"
3771,08/11/2025,6,647.9413292288482,"{100: 17, 500: 12, 5000: 4, 2000: 2, 1000: 2, 200: 2}"
3313,10/11/2025,4,647.9160206816885,"{100: 16, 500: 13, 5000: 8, 1000: 6, 2000: 3, 200: 2}"
9064,05/10/2025,40,647.9130794607283,"{100: 21, 500: 7, 1000: 5, 5000: 4, 2000: 2, 200: 1}"
0336,08/09/2025,67,647.8610063542303,"{100: 20, 500: 10, 200: 4, 2000: 3, 1000: 2, 5000: 1}"
4459,13/10/2025,32,647.8222951567936,"{500: 17, 100: 13, 5000: 5, 1000: 5, 2000: 4}"
9739,21/10/2025,24,647.6851162956679,"{100: 16, 500: 11, 5000: 9, 200: 6, 2000: 2, 1000: 1}"
0514,09/09/2025,66,647.5744587192453,"{100: 19, 500: 13, 1000: 4, 2000: 2}"
3919,31/10/2025,14,647.5315451514057,"{100: 19, 500: 11, 5000: 5, 2000: 2, 1000: 1, 200: 1}"
8603,05/10/2025,40,647.4732715648735,"{100: 19, 500: 11, 5000: 8, 1000: 2, 2000: 1}"
9175,31/10/2025,14,647.4691427621536,"{100: 16, 500: 15, 1000: 3, 200: 3, 5000: 2}"
3827,30/10/2025,15,647.4077723476084,"{100: 18, 500: 12, 1000: 5, 200: 2, 5000: 2, 2000: 1}"
2297,25/10/2025,20,647.3930569369583,"{500: 17, 100: 15, 1000: 4, 200: 3, 5000: 2, 2000: 1}"
1788,12/11/2025,2,647.349072754939,"{100: 18, 500: 13, 200: 3, 5000: 2, 2000: 1, 1000: 1}"
9876,24/08/2025,82,647.3426978225488,"{100: 17, 500: 12, 1000: 5, 5000: 4, 200: 1}"
4360,07/11/2025,7,647.3324944432875,"{100: 21, 500: 8, 1000: 5, 200: 2, 5000: 2, 2000: 1}"
2229,01/09/2025,74,647.2411881141878,"{100: 16, 500: 16, 5000: 5, 1000: 4, 2000: 3, 200: 1}"
7283,03/09/2025,72,647.2071180678985,"{100: 21, 500: 8, 5000: 6, 2000: 3, 1000: 3, 200: 2}"
2933,25/07/2025,112,647.1803620313977,"{100: 20, 500: 11, 5000: 4, 1000: 1, 200: 1}"
0701,21/10/2025,24,647.1581660077984,"{100: 19, 500: 11, 1000: 4, 200: 3, 5000: 2}"
8118,05/11/2025,9,647.0592041453278,"{100: 19, 500: 11, 200: 4, 2000: 2, 1000: 1, 5000: 1}"
5435,25/10/2025,20,647.0204282145891,"{100: 18, 500: 13, 1000: 3, 200: 3, 5000: 1}"
6337,22/10/2025,23,646.9815896392787,"{500: 15, 100: 14, 1000: 4, 5000: 4, 200: 4, 2000: 3}"
9485,26/10/2025,19,646.9255675411337,"{100: 17, 500: 13, 1000: 4, 5000: 2, 200: 1}"
4444,11/11/2025,3,646.9202960056869,"{100: 18, 500: 10, 1000: 6, 5000: 3, 200: 1}"
8686,21/10/2025,24,646.9101720104704,"{100: 19, 500: 11, 200: 4, 5000: 3, 1000: 2, 2000: 2}"
3904,23/09/2025,52,646.8876951903991,"{100: 18, 500: 11, 1000: 6, 5000: 4, 200: 3, 2000: 1}"
4423,11/11/2025,3,646.7053923621605,"{100: 18, 500: 12, 5000: 4, 1000: 3, 2000: 2}"
1288,19/10/2025,26,646.701026098792,"{100: 17, 500: 15, 1000: 4}"
5532,11/10/2025,34,646.6504740445524,"{100: 19, 500: 11, 1000: 4, 2000: 2, 200: 2, 5000: 1}"
4414,24/09/2025,51,646.5633751168093,"{100: 22, 500: 7, 5000: 5, 2000: 2, 200: 1}"
4047,11/08/2025,95,646.4359691780746,"{100: 17, 500: 14, 1000: 6, 5000: 4, 200: 1}"
1115,21/10/2025,24,646.4090623333294,"{100: 16, 500: 14, 200: 3, 5000: 1, 1000: 1}"
9080,06/11/2025,8,646.3883487724655,"{100: 22, 5000: 6, 500: 5, 1000: 3, 200: 2, 2000: 1}"
0543,09/10/2025,36,646.3867198362991,"{100: 17, 500: 14, 1000: 6, 5000: 1, 200: 1}"
5791,04/11/2025,10,646.3809748232853,"{100: 18, 500: 12, 1000: 4, 5000: 3, 200: 2}"
0757,09/10/2025,36,646.3107396675064,"{100: 17, 500: 11, 1000: 4, 200: 4, 5000: 3}"
1981,17/10/2025,28,646.3026757318054,"{100: 19, 500: 14, 5000: 3}"
5642,18/09/2025,57,646.2982752383692,"{100: 22, 500: 8, 200: 5, 1000: 4, 2000: 1}"
9677,06/10/2025,39,646.2557550326803,"{100: 15, 500: 11, 200: 7, 1000: 4, 5000: 3, 2000: 1}"
2874,14/11/2025,0,646.2182620028252,"{100: 19, 500: 10, 1000: 9, 2000: 3, 200: 2}"
0274,13/10/2025,32,646.2064376641099,"{100: 22, 500: 9, 200: 3, 5000: 2, 2000: 1}"
4877,15/09/2025,60,646.1919067020385,"{100: 19, 500: 11, 5000: 3, 1000: 3, 200: 2}"
0235,20/10/2025,25,646.0536454790272,"{100: 17, 500: 14, 1000: 5, 200: 2, 5000: 1}"
5844,19/08/2025,87,645.9605310756734,"{100: 18, 500: 14, 5000: 3, 200: 3, 1000: 2, 2000: 1}"
6788,28/10/2025,17,645.9382886729538,"{100: 20, 500: 10, 5000: 3, 200: 1, 1000: 1}"
8764,04/10/2025,41,645.9123051142253,"{100: 19, 500: 11, 1000: 5, 5000: 2, 2000: 1}"
4691,30/10/2025,15,645.847282635057,"{100: 16, 500: 13, 5000: 6, 1000: 1, 2000: 1, 200: 1}"
5884,07/11/2025,7,645.8388463722159,"{100: 18, 500: 10, 1000: 6, 200: 4, 5000: 2, 2000: 1}"
0318,29/08/2025,77,645.8358248561659,"{100: 18, 500: 13, 5000: 7, 200: 3, 1000: 2}"
0471,24/09/2025,51,645.7910969945701,"{100: 17, 500: 15, 5000: 4, 1000: 2, 200: 2}"
9831,06/11/2025,8,645.6639594555592,"{100: 18, 500: 11, 1000: 8, 2000: 2, 5000: 1, 200: 1}"
2642,07/09/2025,68,645.6616208867059,"{100: 17, 500: 14, 1000: 5, 5000: 3, 200: 1}"
4531,05/11/2025,9,645.6054560815029,"{100: 19, 500: 13, 200: 2, 1000: 2, 2000: 1}"
9282,20/09/2025,55,645.5875967703439,"{100: 19, 500: 12, 200: 4, 1000: 4, 5000: 3, 2000: 1}"
4882,26/10/2025,19,645.5204319820965,"{100: 21, 500: 6, 1000: 5, 5000: 2}"
8160,28/09/2025,47,645.4759339366468,"{100: 18, 500: 11, 1000: 7, 5000: 3, 200: 2, 2000: 1}"
8702,08/11/2025,6,645.4645724750458,"{100: 20, 500: 9, 5000: 3, 2000: 2, 1000: 2, 200: 2}"
5235,03/11/2025,11,645.4481125010643,"{100: 19, 500: 9, 200: 5, 5000: 4, 2000: 4, 1000: 2}"
9115,20/10/2025,25,645.4355760673438,"{100: 21, 500: 7, 1000: 4, 5000: 2, 200: 2}"
6986,11/11/2025,3,645.3756151495863,"{500: 15, 100: 14, 1000: 6, 200: 4, 5000: 2, 2000: 1}"
1088,11/11/2025,3,645.3751117045064,"{100: 17, 500: 14, 1000: 5, 200: 3, 2000: 1}"
2594,01/11/2025,13,645.3658330784793,"{500: 16, 100: 15, 2000: 2, 1000: 2, 200: 2, 5000: 1}"
4698,30/10/2025,15,645.3616016875543,"{100: 17, 500: 13, 5000: 6, 200: 3, 1000: 2}"
2901,09/05/2025,189,645.3096882718929,"{100: 18, 500: 18, 1000: 3, 200: 1, 2000: 1}"
2439,17/10/2025,28,645.293090819682,"{100: 22, 500: 6, 5000: 4, 1000: 3, 200: 1}"
8902,13/11/2025,1,645.2360720018104,"{100: 16, 500: 13, 1000: 8, 200: 4, 5000: 3, 2000: 1}"
0153,24/10/2025,21,645.206122074411,"{100: 21, 500: 7, 1000: 4, 5000: 3, 200: 3, 2000: 1}"
0171,28/10/2025,17,645.1804659521296,"{100: 20, 500: 8, 5000: 6, 1000: 4, 200: 2}"
4361,12/06/2025,155,645.0890103993711,"{100: 21, 500: 9, 1000: 5, 5000: 5, 2000: 1, 200: 1}"
2705,11/11/2025,3,645.0849153677117,"{100: 21, 500: 6, 1000: 6, 200: 3, 5000: 1, 2000: 1}"
5845,03/10/2025,42,645.0824173463085,"{100: 19, 500: 9, 1000: 5, 5000: 5, 200: 1}"
0591,07/11/2025,7,645.036314321592,"{500: 19, 100: 14, 1000: 2, 5000: 2}"
2777,29/10/2025,16,644.9792918484226,"{100: 17, 500: 14, 1000: 5, 200: 5}"
8437,25/10/2025,20,644.8538677479311,"{100: 17, 500: 12, 1000: 6, 2000: 3, 5000: 2, 200: 2}"
1154,23/08/2025,83,644.8517719826078,"{100: 18, 500: 13, 5000: 5, 1000: 3, 200: 3}"
8475,27/10/2025,18,644.8379352685274,"{500: 18, 100: 15, 1000: 3, 5000: 1, 2000: 1}"
0134,09/11/2025,5,644.828172349427,"{100: 17, 500: 14, 5000: 3, 1000: 3, 200: 1}"
0700,02/11/2025,12,644.81917285755,"{100: 21, 500: 10, 200: 4, 5000: 2, 2000: 1}"
9107,14/10/2025,31,644.7713221204866,"{100: 19, 500: 10, 1000: 5, 5000: 5, 2000: 1}"
4081,06/11/2025,8,644.7248232320601,"{100: 17, 500: 13, 1000: 3, 5000: 3, 2000: 2, 200: 1}"
1074,11/07/2025,126,644.7177003763977,"{100: 24, 500: 7, 1000: 3}"
8788,03/11/2025,11,644.6786606226844,"{100: 20, 500: 9, 5000: 4, 2000: 2, 1000: 2, 200: 1}"
8645,09/11/2025,5,644.537082094279,"{100: 20, 500: 8, 5000: 5, 200: 5, 1000: 2}"
1716,25/10/2025,20,644.4505267357158,"{100: 19, 500: 8, 1000: 4, 200: 4, 5000: 3, 2000: 2}"
9007,10/11/2025,4,644.4087251693484,"{100: 17, 500: 14, 1000: 2, 200: 2, 2000: 1, 5000: 1}"
1707,17/10/2025,28,644.2371111482925,"{100: 20, 500: 9, 1000: 5, 200: 4, 5000: 1}"
7762,08/11/2025,6,644.2129849547787,"{100: 19, 500: 11, 200: 3, 5000: 3, 2000: 1, 1000: 1}"
8359,12/11/2025,2,644.1204315492953,"{100: 18, 500: 10, 5000: 5, 1000: 3, 2000: 1, 200: 1}"
2785,12/11/2025,2,644.0930329187214,"{100: 20, 500: 11, 1000: 3}"
0462,23/10/2025,22,644.0122032644124,"{100: 16, 500: 13, 1000: 7, 5000: 6, 200: 2}"
3846,11/10/2025,34,643.9931438627946,"{100: 22, 1000: 7, 500: 5, 2000: 3, 200: 1, 5000: 1}"
6742,18/10/2025,27,643.694050799727,"{500: 20, 100: 13, 1000: 3, 200: 3, 2000: 2, 5000: 1}"
3763,16/07/2025,121,643.6772286944885,"{100: 17, 500: 15, 1000: 5, 200: 3, 5000: 1, 2000: 1}"
0082,07/11/2025,7,643.6385859281111,"{100: 17, 500: 14, 5000: 6, 1000: 4}"
1697,01/08/2025,105,643.6030161702043,"{100: 18, 500: 12, 1000: 7, 5000: 6, 200: 1, 2000: 1}"
6108,09/11/2025,5,643.5720580957739,"{100: 20, 500: 8, 1000: 5, 200: 1, 5000: 1}"
6452,06/10/2025,39,643.4755943222689,"{100: 18, 500: 12, 1000: 7, 2000: 1, 5000: 1}"
2553,31/10/2025,14,643.4166694589202,"{100: 17, 500: 13, 5000: 7, 200: 4, 1000: 2, 2000: 1}"
8961,22/09/2025,53,643.3972064342993,"{100: 19, 500: 9, 1000: 7, 200: 4, 2000: 3, 5000: 1}"
5075,11/09/2025,64,643.3698723263392,"{100: 19, 500: 11, 1000: 4, 5000: 2, 200: 2}"
3179,23/08/2025,83,643.3183640440476,"{100: 21, 500: 8, 1000: 4, 2000: 4, 5000: 3, 200: 2}"
5515,14/10/2025,31,643.1426752798018,"{100: 16, 500: 15, 200: 4, 1000: 3, 5000: 1, 2000: 1}"
8284,12/11/2025,2,643.0155779910565,"{100: 16, 500: 16, 200: 3, 5000: 3, 1000: 2, 2000: 1}"
6066,27/10/2025,18,642.9888997773677,"{100: 22, 1000: 7, 500: 5, 2000: 1, 200: 1}"
3431,04/11/2025,10,642.8816637869454,"{100: 21, 500: 8, 1000: 2, 2000: 1, 5000: 1, 200: 1}"
0653,25/10/2025,20,642.8278348990921,"{100: 21, 500: 7, 1000: 5, 2000: 2, 5000: 1, 200: 1}"
1483,14/11/2025,0,642.8127920606823,"{100: 16, 500: 15, 200: 5, 5000: 4, 1000: 2, 2000: 1}"
9070,11/11/2025,3,642.7491069206321,"{100: 16, 500: 14, 200: 4, 1000: 4, 2000: 3, 5000: 2}"
4433,09/08/2025,97,642.7356807648758,"{100: 21, 500: 9, 5000: 4, 1000: 2, 200: 2, 2000: 1}"
1838,20/10/2025,25,642.676583986124,"{100: 18, 500: 10, 1000: 3, 5000: 3, 200: 3, 2000: 1}"
8366,16/07/2025,121,642.6517802364367,"{100: 17, 500: 15, 5000: 4, 1000: 3, 2000: 1, 200: 1}"
7398,05/11/2025,9,642.585940769123,"{100: 20, 500: 8, 200: 5, 1000: 4, 5000: 2}"
5574,28/09/2025,47,642.5667029921804,"{100: 21, 500: 11, 200: 3}"
5426,16/10/2025,29,642.5592444715652,"{100: 18, 500: 10, 5000: 5, 1000: 5, 200: 2}"
8355,07/11/2025,7,642.5199953144765,"{100: 17, 500: 12, 5000: 7, 1000: 5, 200: 3}"
4102,01/11/2025,13,642.4979938677938,"{100: 18, 500: 11, 1000: 4, 5000: 3, 200: 2, 2000: 1}"
7313,12/11/2025,2,642.3190360018926,"{100: 21, 500: 8, 200: 3, 2000: 1, 1000: 1, 5000: 1}"
8610,11/10/2025,34,642.3047313897645,"{100: 18, 500: 13, 5000: 3, 1000: 2, 2000: 1}"
6635,26/09/2025,49,642.2725884461562,"{100: 21, 500: 8, 5000: 2, 2000: 2, 200: 2, 1000: 1}"
5507,26/10/2025,19,642.2657574275632,"{100: 19, 500: 10, 1000: 5, 2000: 3, 5000: 2}"
8727,24/10/2025,21,642.1582529823057,"{500: 17, 100: 14, 1000: 3, 5000: 2, 200: 2, 2000: 1}"
8769,20/09/2025,55,642.1058334974994,"{100: 18, 500: 13, 5000: 4, 1000: 2, 2000: 2, 200: 1}"
3585,13/06/2025,154,642.0706374796105,"{100: 18, 500: 13, 1000: 6, 5000: 2, 2000: 1}"
0186,03/10/2025,42,642.0581922579914,"{100: 19, 500: 9, 1000: 8, 200: 3, 5000: 1}"
3547,03/10/2025,42,642.0212346626034,"{500: 17, 100: 14, 5000: 8, 2000: 3, 200: 3, 1000: 1}"
1215,06/10/2025,39,642.0119173587325,"{100: 21, 500: 10, 5000: 5, 200: 2}"
1452,08/11/2025,6,641.8222192007171,"{100: 16, 500: 13, 5000: 5, 1000: 2, 200: 2, 2000: 1}"
4521,14/10/2025,31,641.7516933025619,"{100: 17, 500: 13, 5000: 4, 2000: 4, 1000: 4, 200: 2}"
4660,10/09/2025,65,641.725361323747,"{100: 17, 500: 16, 1000: 4, 200: 2}"
8682,02/08/2025,104,641.7187673715888,"{100: 18, 500: 14, 5000: 3, 1000: 1, 200: 1, 2000: 1}"
7405,22/10/2025,23,641.7134060090249,"{100: 16, 500: 15, 5000: 5, 1000: 2, 200: 1}"
8644,13/11/2025,1,641.7126269993126,"{100: 16, 500: 16, 1000: 2, 5000: 2}"
5102,26/10/2025,19,641.6765104261514,"{100: 18, 500: 13, 5000: 4, 1000: 3, 2000: 1, 200: 1}"
1921,23/10/2025,22,641.6075347938344,"{100: 17, 500: 14, 1000: 4, 5000: 2, 200: 1}"
2411,13/11/2025,1,641.6009064711769,"{100: 16, 500: 14, 1000: 4, 5000: 3, 2000: 2, 200: 1}"
5632,05/10/2025,40,641.5169423715332,"{100: 20, 500: 10, 5000: 4, 1000: 1}"
9270,29/09/2025,46,641.5072016043895,"{100: 18, 500: 10, 1000: 4, 5000: 4, 200: 4}"
0059,06/09/2025,69,641.5001701082977,"{100: 16, 500: 16, 200: 4, 5000: 3, 2000: 2, 1000: 2}"
4656,12/11/2025,2,641.477667292434,"{100: 18, 500: 12, 2000: 4, 200: 3, 1000: 1, 5000: 1}"
9715,02/11/2025,12,641.4667760377924,"{100: 17, 500: 12, 1000: 5, 200: 3, 2000: 2, 5000: 1}"
6134,11/11/2025,3,641.4340699365715,"{100: 17, 500: 11, 1000: 6, 200: 3, 5000: 3}"
5735,15/10/2025,30,641.4324344193649,"{100: 17, 500: 14, 5000: 5, 1000: 2, 200: 1, 2000: 1}"
8620,04/11/2025,10,641.4236299077629,"{100: 19, 500: 10, 1000: 4, 5000: 3, 200: 2, 2000: 1}"
7207,08/11/2025,6,641.4231386141679,"{100: 19, 500: 8, 5000: 6, 1000: 6, 200: 2}"
6911,31/10/2025,14,641.4149624410056,"{100: 16, 500: 15, 1000: 4, 200: 2, 5000: 1}"
1621,13/11/2025,1,641.2843556909489,"{100: 21, 500: 6, 5000: 3, 1000: 2, 200: 2}"
0494,09/09/2025,66,641.2646105574437,"{100: 20, 500: 8, 1000: 6, 5000: 2}"
1632,11/11/2025,3,641.2509869469482,"{100: 22, 200: 5, 500: 4, 1000: 3, 2000: 2, 5000: 2}"
9637,01/11/2025,13,641.2395203802853,"{100: 20, 500: 9, 200: 4, 1000: 3, 5000: 2}"
4522,19/10/2025,26,640.981938362377,"{100: 18, 500: 12, 1000: 3, 5000: 2, 2000: 1, 200: 1}"
0228,02/11/2025,12,640.9805116764757,"{100: 19, 500: 8, 1000: 5, 5000: 4, 200: 2}"
2028,09/09/2025,66,640.9378568833296,"{100: 18, 500: 13, 1000: 4, 2000: 3, 200: 2, 5000: 1}"
2540,21/10/2025,24,640.9092696866537,"{100: 17, 500: 12, 1000: 7, 200: 3, 2000: 2, 5000: 1}"
7261,04/11/2025,10,640.896683087855,"{100: 18, 500: 15, 5000: 2, 2000: 1, 200: 1}"
7791,28/09/2025,47,640.8165017666779,"{100: 19, 500: 11, 5000: 5, 1000: 2, 200: 1}"
2624,23/06/2025,144,640.7468228177473,"{100: 18, 500: 13, 1000: 4, 5000: 4}"
8989,19/10/2025,26,640.7246797561112,"{100: 20, 500: 8, 1000: 6, 200: 3, 5000: 2, 2000: 1}"
1805,12/09/2025,63,640.6426269069942,"{100: 21, 500: 8, 1000: 3, 5000: 3, 200: 2, 2000: 1}"
8279,08/11/2025,6,640.5425377711251,"{100: 21, 500: 7, 5000: 4, 1000: 2, 2000: 2}"
7202,14/09/2025,61,640.533903347441,"{100: 20, 500: 8, 5000: 4, 1000: 3, 2000: 1}"
5262,21/10/2025,24,640.5333731453817,"{100: 17, 500: 12, 5000: 4, 1000: 4, 200: 3}"
4122,12/11/2025,2,640.5245134990006,"{100: 16, 500: 15, 200: 3, 1000: 2, 5000: 2, 2000: 1}"
5613,12/11/2025,2,640.4444306367651,"{100: 21, 500: 7, 1000: 3, 5000: 2, 2000: 1, 200: 1}"
1666,02/11/2025,12,640.3615454899175,"{100: 17, 500: 13, 200: 4, 1000: 3, 5000: 1}"
0606,14/11/2025,0,640.3304200402985,"{100: 15, 500: 13, 200: 5, 1000: 4, 5000: 3}"
5743,02/11/2025,12,640.3146712354416,"{100: 18, 500: 12, 5000: 6, 1000: 2, 200: 2}"
0509,05/11/2025,9,640.3003443092122,"{100: 20, 500: 9, 1000: 3, 200: 3, 2000: 1, 5000: 1}"
6681,25/09/2025,50,640.2916149870654,"{100: 20, 500: 10, 5000: 2, 200: 2, 1000: 1}"
2791,03/11/2025,11,640.2869223099382,"{100: 21, 500: 7, 1000: 4, 200: 2, 2000: 1, 5000: 1}"
8141,10/11/2025,4,640.2759010877863,"{100: 17, 500: 11, 1000: 9, 200: 4, 5000: 1, 2000: 1}"
6084,05/10/2025,40,640.2227017671552,"{100: 16, 500: 14, 1000: 4, 5000: 3, 200: 3, 2000: 2}"
1055,26/10/2025,19,640.213473141213,"{100: 15, 500: 13, 5000: 8, 1000: 6, 200: 4}"
6216,28/10/2025,17,640.1034943692478,"{500: 16, 100: 14, 1000: 6, 2000: 5, 200: 3, 5000: 1}"
5217,24/09/2025,51,639.9818512688473,"{100: 21, 500: 7, 1000: 6, 200: 3, 5000: 2}"
4917,08/11/2025,6,639.9814858930002,"{100: 19, 500: 9, 5000: 6, 200: 4, 2000: 2, 1000: 2}"
1070,21/08/2025,85,639.9548693998045,"{100: 19, 500: 10, 5000: 6, 1000: 5, 2000: 3, 200: 2}"
3968,25/10/2025,20,639.8734328090773,"{100: 21, 500: 7, 1000: 3, 5000: 3, 200: 3, 2000: 1}"
0725,26/10/2025,19,639.8620254887658,"{100: 21, 500: 9, 1000: 3, 200: 3, 2000: 2}"
1986,22/10/2025,23,639.8221462907098,"{100: 20, 500: 7, 1000: 7, 200: 3, 5000: 2, 2000: 1}"
3110,14/09/2025,61,639.7626877709065,"{100: 17, 500: 14, 1000: 5, 2000: 3, 5000: 2, 200: 1}"
2908,02/11/2025,12,639.745406429607,"{100: 20, 500: 8, 1000: 7, 2000: 1, 200: 1}"
2067,15/10/2025,30,639.6897098904682,"{500: 18, 100: 14, 200: 5, 5000: 5, 1000: 2, 2000: 2}"
4248,07/09/2025,68,639.6876964593613,"{100: 19, 500: 9, 1000: 5, 200: 3, 5000: 2, 2000: 1}"
4563,05/10/2025,40,639.497414759987,"{100: 16, 500: 16, 1000: 4, 2000: 1, 5000: 1, 200: 1}"
7921,24/10/2025,21,639.465044448956,"{100: 19, 500: 10, 1000: 3, 5000: 3, 200: 2, 2000: 1}"
7023,28/10/2025,17,639.4231435290146,"{100: 22, 500: 7, 1000: 2, 200: 2, 5000: 2, 2000: 1}"
0903,07/11/2025,7,639.391877828305,"{100: 16, 500: 10, 1000: 4, 5000: 4, 2000: 3, 200: 2}"
7955,21/10/2025,24,639.3819845028264,"{100: 18, 500: 10, 5000: 6, 1000: 5, 200: 2, 2000: 1}"
6485,02/11/2025,12,639.2671032306291,"{100: 16, 500: 11, 5000: 6, 200: 5, 1000: 4, 2000: 2}"
3188,26/10/2025,19,639.241521626965,"{100: 20, 500: 11, 1000: 3, 200: 1}"
6938,12/09/2025,63,639.2047202106708,"{100: 20, 500: 9, 1000: 5, 200: 3, 5000: 1}"
4777,26/07/2025,111,639.1725841476153,"{100: 23, 500: 6, 1000: 4, 5000: 1, 200: 1}"
1684,05/11/2025,9,639.1447581473033,"{100: 16, 500: 15, 5000: 3, 2000: 3, 1000: 1, 200: 1}"
3494,07/09/2025,68,639.1253356803505,"{100: 17, 500: 13, 5000: 6, 2000: 4, 1000: 3, 200: 1}"
1340,04/11/2025,10,639.1198738797799,"{100: 18, 500: 11, 1000: 5, 200: 4, 5000: 1}"
4997,01/10/2025,44,639.1196436195281,"{500: 22, 100: 12, 1000: 4, 5000: 3, 2000: 2, 200: 2}"
8993,08/09/2025,67,639.1078181180269,"{100: 22, 500: 6, 1000: 4, 5000: 3, 200: 1, 2000: 1}"
7654,04/10/2025,41,638.9848400674459,"{100: 17, 500: 12, 5000: 3, 1000: 2, 200: 2}"
4364,19/09/2025,56,638.9647853283458,"{100: 19, 500: 9, 1000: 6, 200: 4, 5000: 2}"
8661,15/09/2025,60,638.8886642617156,"{100: 19, 500: 10, 1000: 5, 5000: 5, 2000: 1, 200: 1}"
0892,14/11/2025,0,638.8134120623071,"{100: 18, 500: 10, 1000: 4, 5000: 3, 200: 2}"
7030,18/08/2025,88,638.7991274705823,"{100: 18, 500: 15, 1000: 3, 200: 1}"
8043,09/11/2025,5,638.775628923353,"{100: 16, 500: 16, 1000: 2, 2000: 1, 5000: 1}"
0896,29/09/2025,46,638.7624640774156,"{100: 16, 500: 13, 1000: 5, 200: 5, 2000: 2, 5000: 1}"
9461,23/09/2025,52,638.7240024518982,"{100: 21, 1000: 8, 500: 8, 200: 3}"
9413,02/11/2025,12,638.6805159230174,"{100: 19, 500: 9, 5000: 6, 1000: 3, 200: 3}"
0022,12/10/2025,33,638.5853162649432,"{100: 17, 500: 14, 5000: 5, 1000: 2, 200: 1}"
2827,19/09/2025,56,638.5644553517499,"{100: 19, 500: 9, 1000: 6, 5000: 5, 200: 3, 2000: 2}"
3160,05/11/2025,9,638.5396154361135,"{100: 20, 500: 9, 1000: 5, 200: 3, 2000: 1}"
5447,07/11/2025,7,638.4694863602409,"{100: 16, 500: 12, 1000: 8, 200: 3, 5000: 1, 2000: 1}"
1944,29/10/2025,16,638.3390901820873,"{100: 16, 500: 15, 1000: 2, 5000: 2, 200: 2}"
4662,17/10/2025,28,638.3295788095628,"{100: 21, 500: 6, 5000: 3, 1000: 3, 2000: 1}"
4418,03/11/2025,11,638.324298132607,"{100: 18, 500: 10, 1000: 6, 5000: 3, 200: 3}"
5193,09/11/2025,5,638.2389361101193,"{100: 16, 500: 14, 2000: 3, 1000: 3, 5000: 3, 200: 1}"
3662,21/10/2025,24,638.1905563029237,"{100: 17, 500: 13, 1000: 5, 5000: 3, 200: 2}"
2953,09/11/2025,5,638.16628058745,"{100: 16, 500: 16, 1000: 2, 5000: 1, 200: 1}"
0269,26/08/2025,80,638.1600078403592,"{100: 20, 500: 9, 1000: 5, 5000: 4, 200: 2}"
9381,19/10/2025,26,638.1292651981614,"{100: 19, 500: 10, 1000: 5, 200: 4, 5000: 1, 2000: 1}"
1841,26/09/2025,49,638.0938496837987,"{100: 17, 500: 11, 200: 4, 5000: 4, 2000: 2, 1000: 1}"
8782,06/11/2025,8,638.0007343412881,"{100: 18, 500: 11, 1000: 3, 5000: 3, 200: 3, 2000: 2}"
5383,24/10/2025,21,637.9593358729242,"{100: 18, 500: 9, 1000: 8, 200: 2, 5000: 2, 2000: 1}"
1897,05/11/2025,9,637.9337149414911,"{100: 21, 500: 7, 1000: 3, 5000: 2, 200: 2}"
9668,06/11/2025,8,637.9151533374275,"{100: 18, 500: 13, 200: 5, 2000: 1, 5000: 1}"
3483,08/11/2025,6,637.8827259182685,"{500: 16, 100: 15, 1000: 6, 5000: 4, 2000: 3, 200: 3}"
4687,11/11/2025,3,637.845065862698,"{100: 15, 500: 15, 1000: 4, 2000: 2, 5000: 2}"
5260,13/11/2025,1,637.7737038534457,"{100: 18, 500: 10, 1000: 6, 5000: 4, 200: 3, 2000: 2}"
1387,23/10/2025,22,637.7361946716201,"{100: 16, 500: 11, 200: 6, 5000: 4, 1000: 3, 2000: 1}"
4176,05/11/2025,9,637.732145486954,"{100: 17, 500: 14, 1000: 3, 2000: 1, 200: 1}"
1057,25/09/2025,50,637.4933472417343,"{100: 19, 500: 10, 200: 4, 1000: 3, 5000: 3, 2000: 1}"
2747,08/11/2025,6,637.4562475393618,"{100: 21, 500: 6, 1000: 5, 5000: 2, 2000: 2, 200: 2}"
0650,01/10/2025,44,637.4447820681147,"{100: 18, 500: 10, 200: 5, 1000: 4, 5000: 2, 2000: 2}"
5535,10/11/2025,4,637.4110253334127,"{100: 18, 500: 10, 1000: 7, 200: 5, 2000: 1}"
3261,20/09/2025,55,637.4105165925522,"{100: 18, 1000: 9, 500: 9, 5000: 3, 200: 3, 2000: 1}"
3517,04/11/2025,10,637.3828245484336,"{100: 18, 500: 10, 1000: 4, 5000: 3, 200: 2, 2000: 1}"
0461,12/11/2025,2,637.374195152888,"{100: 15, 500: 12, 1000: 8, 5000: 5, 200: 3, 2000: 2}"
1083,14/11/2025,0,637.3601959281217,"{100: 17, 500: 12, 2000: 4, 1000: 3, 200: 2, 5000: 1}"
1140,25/09/2025,50,637.3447224768418,"{500: 17, 100: 14, 1000: 9, 200: 2, 5000: 1}"
0590,15/10/2025,30,637.2895577312092,"{500: 18, 100: 14, 1000: 3, 200: 2, 5000: 1, 2000: 1}"
7872,14/10/2025,31,637.2357316037146,"{100: 18, 500: 12, 1000: 3, 2000: 1, 200: 1, 5000: 1}"
5358,04/11/2025,10,637.2106784565044,"{100: 19, 500: 9, 1000: 7, 200: 2, 5000: 2}"
6912,15/10/2025,30,637.0422362475599,"{100: 18, 500: 10, 1000: 8, 200: 4, 2000: 2, 5000: 1}"
0327,11/11/2025,3,637.036903803541,"{100: 20, 500: 7, 1000: 4, 200: 4, 5000: 3}"
5959,05/10/2025,40,636.9789190745157,"{100: 17, 500: 12, 1000: 5, 5000: 3, 200: 3, 2000: 2}"
6388,15/10/2025,30,636.9388144148663,"{500: 17, 100: 15, 5000: 4, 1000: 2, 2000: 2, 200: 1}"
3598,17/09/2025,58,636.8953502276638,"{100: 18, 500: 12, 1000: 5, 5000: 3, 200: 2}"
0617,11/06/2025,156,636.849088547485,"{100: 16, 500: 15, 1000: 6, 5000: 3, 200: 1, 2000: 1}"
1283,14/11/2025,0,636.8214455269685,"{100: 16, 500: 12, 1000: 9, 200: 2, 5000: 1}"
7677,24/08/2025,82,636.761240579578,"{500: 16, 100: 14, 1000: 7, 2000: 4, 200: 4, 5000: 2}"
0659,08/09/2025,67,636.6457677541957,"{100: 18, 500: 11, 1000: 5, 200: 3, 2000: 1, 5000: 1}"
0544,05/11/2025,9,636.6457077259848,"{100: 18, 500: 11, 1000: 4, 5000: 2, 200: 1, 2000: 1}"
2783,01/11/2025,13,636.5759963503805,"{100: 15, 500: 13, 1000: 5, 5000: 4, 2000: 3}"
9997,07/08/2025,99,636.5709684435259,"{100: 17, 500: 15, 5000: 5, 200: 3, 1000: 2}"
8885,11/11/2025,3,636.5208337949375,"{100: 18, 500: 14, 1000: 2, 200: 1, 2000: 1}"
4230,10/11/2025,4,636.5039940989257,"{100: 18, 500: 11, 1000: 6, 200: 2, 2000: 1, 5000: 1}"
2641,25/09/2025,50,636.4893566202808,"{100: 16, 500: 16, 1000: 3, 2000: 3, 200: 2, 5000: 1}"
8228,13/11/2025,1,636.4477652735186,"{100: 17, 500: 13, 2000: 2, 5000: 2, 1000: 2, 200: 1}"
4858,16/10/2025,29,636.4220437083989,"{100: 19, 500: 10, 1000: 3, 5000: 2, 200: 2, 2000: 1}"
3163,06/10/2025,39,636.3046000201329,"{100: 18, 500: 13, 5000: 3, 200: 3, 1000: 1}"
8280,14/10/2025,31,636.2836056818217,"{100: 18, 500: 12, 1000: 5, 5000: 4, 200: 3, 2000: 1}"
0761,30/08/2025,76,636.2722538758652,"{100: 19, 500: 7, 5000: 7, 1000: 4, 200: 4, 2000: 3}"
3157,01/11/2025,13,636.2323064530507,"{500: 15, 100: 13, 5000: 5, 200: 4, 1000: 3, 2000: 1}"
7533,02/05/2025,196,636.127573632912,"{100: 21, 500: 10, 1000: 3, 5000: 3}"
5776,05/03/2025,254,636.1171281563604,"{100: 18, 500: 16, 1000: 5, 5000: 1}"
1618,17/09/2025,58,635.8930309759548,"{100: 19, 500: 11, 200: 2, 5000: 2, 2000: 2, 1000: 1}"
5422,29/09/2025,46,635.8914487807656,"{100: 18, 500: 10, 1000: 7, 5000: 4, 200: 2, 2000: 1}"
5115,02/11/2025,12,635.8407500904141,"{100: 19, 500: 8, 1000: 7, 5000: 1, 200: 1}"
4772,08/11/2025,6,635.7939393867103,"{100: 18, 500: 9, 5000: 5, 200: 4, 1000: 2, 2000: 2}"
2159,11/11/2025,3,635.7784497787483,"{100: 19, 500: 9, 1000: 4, 5000: 4, 200: 2, 2000: 1}"
7671,20/10/2025,25,635.7705867991162,"{100: 16, 500: 14, 1000: 6, 5000: 4, 200: 1}"
0369,09/10/2025,36,635.7319495479143,"{100: 16, 500: 12, 5000: 5, 1000: 3, 2000: 2, 200: 2}"
1827,23/09/2025,52,635.7241399625244,"{100: 18, 500: 10, 1000: 6, 5000: 6, 200: 2, 2000: 1}"
9968,30/09/2025,45,635.6234870163024,"{100: 21, 500: 7, 5000: 4, 1000: 2, 200: 1}"
0771,06/09/2025,69,635.6122003843943,"{100: 18, 500: 12, 1000: 4, 5000: 3, 200: 1}"
9821,04/11/2025,10,635.6073696191288,"{100: 20, 500: 8, 1000: 3, 200: 2, 5000: 1, 2000: 1}"
4504,08/11/2025,6,635.5066556352716,"{100: 15, 500: 14, 5000: 3, 200: 2, 2000: 1, 1000: 1}"
5062,16/10/2025,29,635.4049412639348,"{100: 16, 500: 13, 1000: 4, 5000: 4, 200: 4, 2000: 2}"
7802,09/11/2025,5,635.3320708393204,"{100: 18, 500: 9, 1000: 5, 200: 5, 5000: 1}"
1790,10/10/2025,35,635.3215270981057,"{100: 16, 500: 13, 1000: 7, 2000: 2, 5000: 1, 200: 1}"
2224,18/10/2025,27,635.2883061692853,"{100: 17, 500: 14, 5000: 5, 200: 1, 1000: 1}"
1204,03/11/2025,11,635.283160803874,"{100: 19, 500: 11, 1000: 4, 2000: 2, 200: 1}"
3271,11/10/2025,34,635.2552806515702,"{100: 17, 500: 12, 200: 6, 1000: 3, 5000: 1}"
6314,26/10/2025,19,635.197515380346,"{100: 18, 500: 11, 5000: 4, 200: 4, 2000: 2, 1000: 2}"
6127,25/09/2025,50,635.1183161839222,"{100: 18, 500: 13, 1000: 4, 5000: 4, 200: 1}"
1954,12/11/2025,2,635.1038203097661,"{100: 18, 5000: 8, 500: 8, 1000: 5, 2000: 2, 200: 2}"
0014,13/10/2025,32,635.0783994929426,"{500: 16, 100: 15, 1000: 4, 5000: 3, 200: 1}"
1104,14/11/2025,0,635.0649113664008,"{100: 20, 500: 6, 1000: 4, 200: 3, 5000: 3}"
1407,16/09/2025,59,635.0628707591068,"{100: 19, 500: 11, 1000: 2, 2000: 2, 200: 2, 5000: 1}"
3246,01/11/2025,13,635.049869804266,"{100: 21, 500: 8, 2000: 3, 1000: 3}"
1728,31/10/2025,14,634.932955453417,"{100: 18, 500: 11, 1000: 4, 5000: 2, 2000: 1, 200: 1}"
8625,20/09/2025,55,634.9158923928118,"{100: 19, 500: 10, 1000: 5, 200: 2, 2000: 1, 5000: 1}"
0408,03/11/2025,11,634.8742447679145,"{100: 18, 500: 11, 5000: 5, 1000: 2, 200: 1}"
3482,11/11/2025,3,634.834038513478,"{100: 21, 500: 6, 1000: 4, 200: 3, 5000: 1}"
9293,12/11/2025,2,634.8161809903872,"{100: 15, 500: 13, 5000: 6, 2000: 2, 200: 2, 1000: 1}"
0089,14/11/2025,0,634.7892464549684,"{100: 16, 500: 13, 1000: 4, 5000: 4, 200: 3, 2000: 1}"
5239,10/11/2025,4,634.7569485615045,"{100: 20, 500: 7, 1000: 4, 5000: 3, 2000: 2, 200: 2}"
4094,06/11/2025,8,634.6837426479378,"{500: 20, 100: 13, 1000: 3, 5000: 2, 200: 2}"
4346,28/10/2025,17,634.6116759057481,"{100: 18, 500: 9, 1000: 4, 5000: 4, 2000: 2, 200: 2}"
2555,11/09/2025,64,634.4815243775043,"{100: 17, 500: 13, 1000: 4, 5000: 2, 2000: 1}"
9185,07/11/2025,7,634.407639889798,"{100: 17, 500: 10, 5000: 4, 1000: 4, 2000: 1}"
4148,13/10/2025,32,634.3629800610063,"{100: 16, 500: 16, 200: 3, 1000: 2, 5000: 1}"
1432,09/08/2025,97,634.3421585949498,"{100: 17, 500: 12, 5000: 7, 1000: 1, 200: 1}"
4275,14/11/2025,0,634.3290363180577,"{100: 16, 500: 12, 1000: 6, 5000: 3, 200: 3, 2000: 1}"
1987,08/10/2025,37,634.2547585729693,"{100: 20, 500: 10, 1000: 3, 2000: 2, 200: 1}"
5812,01/11/2025,13,634.2161366831878,"{100: 16, 500: 12, 1000: 7, 200: 4, 5000: 2, 2000: 1}"
6884,24/10/2025,21,634.2036477744402,"{100: 17, 500: 12, 5000: 5, 1000: 4, 200: 4}"
0210,04/10/2025,41,634.1871993016352,"{100: 17, 500: 14, 5000: 2, 1000: 2}"
4733,12/11/2025,2,634.1706442621319,"{100: 17, 500: 11, 1000: 4, 5000: 3, 2000: 2, 200: 2}"
8606,25/10/2025,20,634.1663248639511,"{100: 16, 500: 14, 5000: 4, 1000: 3, 200: 3}"
8853,26/08/2025,80,634.0636954300345,"{100: 18, 500: 12, 1000: 5, 5000: 4, 2000: 1, 200: 1}"
4288,03/11/2025,11,634.0555504454805,"{100: 19, 500: 11, 5000: 2, 1000: 1, 200: 1}"
1001,19/09/2025,56,634.0497343428731,"{100: 20, 500: 10, 1000: 2, 2000: 1, 200: 1, 5000: 1}"
1014,20/09/2025,55,633.9901448865885,"{100: 17, 500: 12, 1000: 7, 5000: 4, 200: 1}"
1912,02/11/2025,12,633.9373218688934,"{100: 18, 1000: 9, 500: 9, 200: 3, 5000: 2, 2000: 1}"
0262,29/10/2025,16,633.9111615065074,"{100: 16, 500: 13, 5000: 3, 2000: 3, 1000: 2, 200: 2}"
9646,08/10/2025,37,633.8986296075129,"{100: 20, 500: 7, 1000: 7, 5000: 2, 200: 2, 2000: 1}"
2431,23/10/2025,22,633.8409278058194,"{100: 17, 500: 13, 5000: 4, 1000: 3, 2000: 2, 200: 2}"
1309,03/11/2025,11,633.7762025720843,"{100: 16, 500: 13, 1000: 7, 5000: 5, 200: 3}"
5593,09/11/2025,5,633.7492638599103,"{100: 17, 500: 11, 5000: 3, 2000: 2, 200: 2, 1000: 1}"
5917,19/09/2025,56,633.7402887348924,"{100: 18, 500: 12, 5000: 4, 1000: 3, 200: 3, 2000: 1}"
0062,15/09/2025,60,633.7250244233315,"{100: 18, 500: 13, 2000: 2, 5000: 1, 1000: 1}"
5492,14/11/2025,0,633.7083971340494,"{100: 19, 500: 10, 1000: 4, 5000: 1, 200: 1}"
2977,18/10/2025,27,633.5873878288277,"{500: 16, 100: 14, 1000: 7, 2000: 2, 5000: 2}"
5854,26/09/2025,49,633.5853054486788,"{100: 17, 500: 14, 5000: 5, 200: 2, 2000: 1, 1000: 1}"
1585,27/10/2025,18,633.5616877053451,"{100: 17, 500: 13, 1000: 5, 200: 3, 2000: 1, 5000: 1}"
9524,31/10/2025,14,633.5493709718927,"{100: 17, 500: 13, 5000: 4, 1000: 3, 200: 1}"
1043,11/11/2025,3,633.5430814463713,"{100: 18, 500: 10, 5000: 5, 1000: 2, 2000: 1}"
2111,09/10/2025,36,633.5027051000782,"{100: 21, 1000: 5, 500: 5, 5000: 2, 200: 2}"
9051,22/10/2025,23,633.4924427511158,"{500: 18, 100: 14, 5000: 3, 1000: 2, 2000: 1, 200: 1}"
0774,22/08/2025,84,633.4431937462148,"{100: 20, 500: 10, 5000: 3, 1000: 2, 2000: 2}"
1435,14/11/2025,0,633.3553047705803,"{500: 15, 100: 15, 5000: 5, 1000: 4}"
9473,14/09/2025,61,633.3395087970085,"{100: 19, 500: 10, 1000: 6, 5000: 3, 200: 1}"
9930,21/10/2025,24,633.2915902983896,"{500: 15, 100: 14, 5000: 4, 1000: 4, 200: 2, 2000: 1}"
5463,02/08/2025,104,633.1909638577249,"{100: 19, 500: 11, 1000: 6, 200: 2, 2000: 1, 5000: 1}"
6370,11/10/2025,34,633.1663828157245,"{100: 20, 500: 10, 1000: 5, 200: 2, 2000: 1}"
8757,24/10/2025,21,633.0942346517976,"{100: 18, 500: 10, 1000: 6, 5000: 4, 200: 3}"
2980,04/09/2025,71,633.0886091633333,"{100: 19, 500: 12, 200: 3, 2000: 1, 5000: 1, 1000: 1}"
6874,10/06/2025,157,633.0152696069582,"{100: 16, 500: 14, 1000: 11, 5000: 5, 2000: 1}"
0532,15/10/2025,30,632.9543615087478,"{100: 19, 500: 11, 200: 2, 5000: 2, 1000: 2, 2000: 1}"
8776,04/11/2025,10,632.834451337751,"{100: 21, 500: 6, 5000: 4, 1000: 2, 200: 2}"
0657,12/11/2025,2,632.7085157858648,"{100: 19, 500: 11, 200: 5, 1000: 3, 2000: 1}"
2936,09/10/2025,36,632.6934043397392,"{100: 16, 500: 11, 1000: 6, 5000: 3, 200: 3}"
8508,20/10/2025,25,632.6293896002644,"{100: 19, 500: 8, 1000: 7, 5000: 4, 200: 3}"
5965,11/10/2025,34,632.6186559166838,"{100: 19, 500: 8, 5000: 4, 1000: 3, 200: 3, 2000: 2}"
6785,26/10/2025,19,632.6098386740022,"{100: 21, 500: 5, 200: 5, 1000: 5, 5000: 4, 2000: 3}"
8840,31/10/2025,14,632.6087388599248,"{100: 16, 500: 14, 5000: 4, 1000: 2, 200: 2, 2000: 1}"
4622,25/10/2025,20,632.5220945419234,"{100: 19, 500: 10, 1000: 4, 200: 2, 5000: 1}"
4220,05/11/2025,9,632.4749196951832,"{100: 19, 500: 8, 1000: 4, 200: 3, 2000: 2, 5000: 1}"
8577,05/10/2025,40,632.4296474218528,"{100: 17, 500: 12, 200: 5, 5000: 3, 1000: 2, 2000: 1}"
3969,12/10/2025,33,632.420362187109,"{100: 20, 200: 9, 500: 8, 1000: 3, 2000: 2}"
3732,30/10/2025,15,632.3646548380852,"{500: 16, 100: 15, 1000: 4, 5000: 2}"
5402,19/10/2025,26,632.1499766948908,"{100: 16, 500: 15, 1000: 5, 5000: 1, 200: 1}"
1951,03/11/2025,11,632.0383605060193,"{100: 19, 5000: 6, 500: 6, 1000: 6, 200: 2}"
8826,09/11/2025,5,631.9653284965668,"{100: 16, 500: 14, 2000: 4, 5000: 4, 1000: 3, 200: 2}"
3727,23/10/2025,22,631.913766525629,"{100: 21, 500: 8, 2000: 3, 200: 2, 5000: 1}"
7374,05/11/2025,9,631.7948147290201,"{100: 15, 500: 14, 1000: 9, 5000: 4, 200: 2, 2000: 1}"
8707,04/10/2025,41,631.7785437869933,"{500: 16, 100: 15, 1000: 6, 200: 2, 5000: 1}"
0080,24/09/2025,51,631.7760971305003,"{100: 20, 500: 8, 200: 5, 1000: 2, 2000: 1, 5000: 1}"
1687,12/10/2025,33,631.4712102719227,"{100: 18, 500: 11, 5000: 3, 1000: 3, 200: 2, 2000: 2}"
1976,26/09/2025,49,631.4036032983867,"{500: 16, 100: 14, 1000: 4, 2000: 3, 200: 3, 5000: 2}"
0321,04/10/2025,41,631.2709503341042,"{100: 17, 500: 15, 200: 7, 1000: 3}"
1337,21/10/2025,24,631.2411510714091,"{100: 18, 500: 11, 1000: 6, 200: 3, 2000: 1}"
5937,19/09/2025,56,631.1889697100968,"{100: 17, 500: 13, 5000: 5, 200: 2, 1000: 2, 2000: 1}"
2007,31/08/2025,75,631.1728682138763,"{100: 19, 500: 10, 1000: 5, 5000: 3, 2000: 3, 200: 1}"
0999,09/10/2025,36,631.0665748075488,"{100: 17, 500: 9, 1000: 8, 5000: 4, 2000: 1}"
3982,04/09/2025,71,630.9947248749085,"{100: 16, 500: 16, 2000: 3, 5000: 3, 1000: 2, 200: 1}"
1053,01/11/2025,13,630.9212066710443,"{100: 18, 500: 12, 5000: 5, 1000: 3, 200: 2}"
3327,08/11/2025,6,630.9104269387699,"{500: 15, 100: 14, 5000: 6, 1000: 5, 200: 4}"
7627,15/09/2025,60,630.9035564575663,"{100: 20, 500: 8, 1000: 6, 5000: 4}"
6158,27/10/2025,18,630.8716071878779,"{100: 16, 500: 12, 1000: 5, 200: 2, 5000: 1}"
3974,23/10/2025,22,630.8334380044705,"{100: 20, 1000: 6, 500: 6, 5000: 3, 200: 2}"
1895,27/10/2025,18,630.8035115307579,"{100: 19, 500: 9, 5000: 4, 1000: 3, 2000: 1, 200: 1}"
8184,24/10/2025,21,630.710788845006,"{100: 17, 500: 10, 1000: 7, 5000: 4, 200: 3, 2000: 2}"
4303,03/11/2025,11,630.6879810906114,"{100: 21, 500: 6, 5000: 3, 1000: 3, 2000: 2, 200: 2}"
2277,15/10/2025,30,630.6680801267103,"{100: 19, 500: 9, 5000: 4, 1000: 3, 200: 2, 2000: 2}"
6101,10/11/2025,4,630.6582075929331,"{100: 21, 1000: 8, 500: 5, 5000: 2}"
9659,29/09/2025,46,630.6217264671536,"{100: 19, 500: 10, 5000: 5, 200: 3, 1000: 2, 2000: 1}"
3750,03/11/2025,11,630.5982531257783,"{100: 16, 500: 12, 5000: 3, 1000: 3, 200: 1}"
6771,13/11/2025,1,630.5558482572196,"{100: 19, 500: 9, 5000: 4, 1000: 2, 200: 2}"
0980,19/10/2025,26,630.4994986943203,"{100: 21, 500: 8, 1000: 5, 200: 2}"
0578,25/10/2025,20,630.4378741883551,"{100: 19, 500: 10, 2000: 4, 5000: 3, 200: 3, 1000: 1}"
9802,07/10/2025,38,630.3701022246397,"{100: 17, 500: 13, 200: 4, 1000: 2, 5000: 2}"
4860,30/05/2025,168,630.2727414233182,"{500: 18, 100: 15, 1000: 4, 5000: 4, 2000: 3, 200: 2}"
0562,31/10/2025,14,630.2511509818236,"{100: 18, 500: 8, 1000: 6, 5000: 6, 200: 2, 2000: 1}"
1664,07/11/2025,7,630.1679022628264,"{100: 16, 500: 10, 1000: 6, 200: 4, 5000: 3, 2000: 1}"
1670,07/11/2025,7,630.1281791112314,"{100: 17, 500: 12, 1000: 5, 200: 2, 2000: 1, 5000: 1}"
8146,01/11/2025,13,630.1144200470692,"{100: 19, 500: 6, 1000: 6, 200: 2, 5000: 2, 2000: 1}"
6036,07/11/2025,7,630.0047618363639,"{100: 19, 500: 8, 5000: 8, 1000: 4, 200: 4, 2000: 3}"
0602,05/10/2025,40,629.9217010702456,"{100: 19, 500: 9, 1000: 5, 5000: 3, 200: 1}"
8360,02/11/2025,12,629.9169110510876,"{100: 16, 500: 14, 200: 4, 5000: 3, 1000: 3}"
5717,13/11/2025,1,629.8644160206234,"{100: 16, 500: 11, 5000: 3, 2000: 3, 200: 3, 1000: 3}"
4508,03/11/2025,11,629.792450076338,"{100: 20, 500: 7, 5000: 3, 200: 3, 2000: 2, 1000: 2}"
9505,12/11/2025,2,629.774129662055,"{100: 18, 500: 9, 1000: 6, 200: 3, 5000: 1, 2000: 1}"
3703,19/10/2025,26,629.7408196777736,"{100: 17, 500: 12, 1000: 5, 5000: 3, 2000: 1}"
5357,06/11/2025,8,629.7221665604219,"{500: 15, 100: 15, 1000: 3, 5000: 2, 200: 2, 2000: 1}"
3115,04/11/2025,10,629.7141416207269,"{100: 18, 500: 12, 200: 5, 1000: 2}"
3757,29/10/2025,16,629.6965126269739,"{100: 18, 500: 10, 1000: 3, 5000: 2, 2000: 1, 200: 1}"
4030,07/10/2025,38,629.5122613546599,"{100: 17, 500: 13, 5000: 3, 1000: 1}"
5493,08/10/2025,37,629.4556572200702,"{100: 16, 500: 11, 5000: 7, 200: 4, 1000: 3}"
0449,01/09/2025,74,629.455128708497,"{100: 18, 500: 14, 1000: 3, 2000: 1, 200: 1}"
6603,05/11/2025,9,629.3142670438145,"{100: 19, 5000: 8, 500: 8, 1000: 4, 2000: 1, 200: 1}"
8554,20/10/2025,25,629.2979673832633,"{100: 16, 500: 13, 1000: 3, 5000: 2, 2000: 2, 200: 1}"
0798,22/10/2025,23,629.1985379727134,"{100: 19, 500: 8, 1000: 6, 5000: 5, 2000: 4, 200: 1}"
4132,26/09/2025,49,629.1902429315796,"{100: 20, 500: 11, 1000: 1}"
6227,09/11/2025,5,629.1373978925218,"{100: 17, 500: 12, 200: 5, 5000: 3, 1000: 2, 2000: 1}"
1918,22/09/2025,53,629.0780400660276,"{500: 15, 100: 15, 5000: 7, 200: 4, 1000: 3}"
2507,12/10/2025,33,629.016460273977,"{100: 19, 500: 12, 5000: 4, 200: 2}"
4419,28/10/2025,17,628.9869533413516,"{100: 21, 500: 7, 200: 4, 1000: 1, 5000: 1}"
4674,12/11/2025,2,628.9577415059853,"{100: 19, 500: 11, 5000: 4, 2000: 2, 200: 1}"
3546,08/09/2025,67,628.9427439291883,"{100: 18, 500: 12, 5000: 3, 1000: 2, 200: 2}"
2725,05/11/2025,9,628.8276195253129,"{500: 18, 100: 12, 1000: 8, 5000: 4, 200: 3}"
1985,14/10/2025,31,628.8124356902061,"{100: 16, 500: 13, 200: 4, 1000: 4, 2000: 2, 5000: 2}"
0909,10/11/2025,4,628.7513060395125,"{100: 20, 500: 8, 200: 3, 1000: 2, 2000: 1, 5000: 1}"
0940,24/10/2025,21,628.7473685299151,"{100: 19, 500: 10, 5000: 2, 200: 2, 2000: 1, 1000: 1}"
9547,30/10/2025,15,628.7158286707314,"{100: 19, 500: 7, 1000: 6, 2000: 3, 5000: 3, 200: 2}"
8983,21/10/2025,24,628.6760146410642,"{100: 16, 500: 14, 1000: 6, 5000: 2, 200: 1, 2000: 1}"
1840,11/11/2025,3,628.5780369415577,"{100: 16, 500: 10, 1000: 6, 200: 5, 5000: 2, 2000: 1}"
1658,27/10/2025,18,628.570077228269,"{100: 18, 500: 11, 1000: 6, 200: 2, 5000: 2}"
1536,29/10/2025,16,628.3657144406725,"{500: 17, 100: 15, 1000: 5, 2000: 1, 200: 1}"
1490,03/11/2025,11,628.3593983237339,"{500: 18, 100: 13, 5000: 4, 1000: 4, 200: 3}"
0634,08/11/2025,6,628.2049419922397,"{500: 16, 100: 14, 1000: 5, 5000: 4, 2000: 2, 200: 1}"
2428,09/11/2025,5,628.1971497978894,"{100: 17, 1000: 9, 500: 8, 5000: 5, 200: 3}"
2040,07/10/2025,38,628.1539015704498,"{100: 19, 500: 9, 1000: 4, 5000: 4, 200: 2, 2000: 1}"
4925,15/10/2025,30,628.1340633410438,"{500: 17, 100: 15, 1000: 3, 2000: 1, 5000: 1, 200: 1}"
8336,30/10/2025,15,628.0851647601348,"{100: 20, 500: 8, 2000: 2, 1000: 2, 200: 1, 5000: 1}"
5676,08/11/2025,6,628.0814197809887,"{100: 19, 500: 9, 5000: 3, 1000: 2, 2000: 1, 200: 1}"
8344,16/10/2025,29,627.9870030834445,"{100: 17, 500: 13, 5000: 4, 1000: 2, 200: 2, 2000: 2}"
0954,08/10/2025,37,627.9431116437299,"{100: 16, 500: 15, 5000: 3, 200: 3, 1000: 2, 2000: 1}"
6747,09/11/2025,5,627.919238627962,"{100: 16, 500: 12, 200: 5, 5000: 4, 2000: 3, 1000: 2}"
0808,14/11/2025,0,627.9063616774773,"{100: 19, 500: 7, 1000: 6, 5000: 3, 200: 2}"
8154,16/10/2025,29,627.9004873566711,"{100: 18, 500: 10, 1000: 6, 5000: 4, 200: 3, 2000: 1}"
1108,20/07/2025,117,627.8893995943109,"{100: 16, 500: 14, 5000: 4, 1000: 2, 2000: 1, 200: 1}"
4135,09/11/2025,5,627.7906998558577,"{100: 18, 500: 10, 200: 6, 1000: 4, 5000: 2, 2000: 1}"
5748,06/10/2025,39,627.7735242549916,"{500: 14, 100: 14, 5000: 9, 1000: 3, 200: 3}"
1192,13/11/2025,1,627.7716285919109,"{100: 17, 500: 12, 200: 5, 5000: 3, 1000: 2, 2000: 1}"
5151,05/11/2025,9,627.6874802249498,"{500: 15, 100: 15, 1000: 4, 5000: 4, 200: 1}"
2427,02/11/2025,12,627.6695372291974,"{100: 16, 500: 11, 1000: 4, 5000: 3}"
1265,09/11/2025,5,627.5441494958764,"{100: 16, 500: 13, 1000: 7, 5000: 6, 2000: 2, 200: 2}"
1631,12/11/2025,2,627.3190143778004,"{100: 19, 500: 8, 1000: 4, 5000: 4, 2000: 2}"
8662,23/09/2025,52,627.2904048899449,"{100: 18, 500: 11, 1000: 6, 5000: 2, 200: 2, 2000: 1}"
9371,13/11/2025,1,627.2869769573408,"{100: 15, 500: 15, 200: 3, 5000: 2, 1000: 2}"
7160,10/10/2025,35,627.1094388833536,"{100: 17, 500: 12, 1000: 5, 5000: 3, 200: 2, 2000: 1}"
4924,19/09/2025,56,627.0743440711406,"{100: 18, 500: 12, 1000: 5, 5000: 3, 2000: 2, 200: 2}"
0854,31/10/2025,14,627.0326369421115,"{100: 17, 500: 12, 1000: 5, 200: 4, 5000: 1}"
1612,16/09/2025,59,627.0138989501797,"{100: 21, 500: 6, 200: 5, 2000: 2, 5000: 2, 1000: 1}"
1428,13/08/2025,93,626.9491519323843,"{100: 20, 500: 9, 1000: 4, 5000: 3, 2000: 2, 200: 1}"
2054,10/09/2025,65,626.9375086921026,"{100: 18, 500: 12, 1000: 3, 200: 1, 2000: 1, 5000: 1}"
3654,26/09/2025,49,626.8712336782843,"{100: 20, 500: 8, 1000: 4, 5000: 2}"
0643,13/11/2025,1,626.8700389042762,"{500: 18, 100: 13, 1000: 7, 2000: 3, 200: 2, 5000: 1}"
6786,11/10/2025,34,626.8627599680134,"{100: 19, 500: 10, 200: 4, 1000: 2, 5000: 1}"
0033,27/10/2025,18,626.8595490901293,"{100: 20, 500: 7, 5000: 5, 1000: 4, 200: 3}"
4334,08/11/2025,6,626.8383349318416,"{100: 17, 500: 13, 200: 5, 2000: 1, 1000: 1, 5000: 1}"
0401,24/09/2025,51,626.7803464054808,"{100: 20, 500: 7, 1000: 4, 200: 2, 2000: 1, 5000: 1}"
3880,31/10/2025,14,626.7337666370742,"{100: 15, 500: 14, 1000: 7, 5000: 3, 200: 2, 2000: 1}"
3778,08/08/2025,98,626.7262836874276,"{100: 16, 500: 15, 1000: 7, 2000: 4, 5000: 1}"
1271,21/10/2025,24,626.7084063300948,"{100: 19, 500: 10, 1000: 3, 200: 2, 2000: 1, 5000: 1}"
6757,27/10/2025,18,626.6882614090913,"{100: 16, 500: 11, 5000: 4, 1000: 4, 200: 3}"
4387,13/10/2025,32,626.6373384415921,"{100: 17, 500: 9, 1000: 7, 2000: 4, 5000: 2, 200: 1}"
7681,20/08/2025,86,626.6217551022206,"{100: 16, 500: 15, 1000: 6, 5000: 3, 200: 1}"
5731,26/09/2025,49,626.5247062914414,"{100: 21, 500: 6, 200: 4, 2000: 4, 1000: 3, 5000: 2}"
2903,13/10/2025,32,626.5115108741453,"{100: 16, 500: 11, 5000: 6, 200: 3, 1000: 1}"
2760,26/10/2025,19,626.4995290553908,"{100: 15, 500: 11, 200: 5, 1000: 4, 5000: 3, 2000: 1}"
0173,22/09/2025,53,626.4502486285959,"{100: 19, 500: 8, 1000: 5, 5000: 4, 2000: 2}"
1098,10/11/2025,4,626.4263334052115,"{100: 19, 500: 8, 5000: 3, 200: 3, 2000: 1, 1000: 1}"
2784,27/10/2025,18,626.4080973238831,"{100: 18, 500: 13, 200: 4, 1000: 3, 2000: 1}"
4505,27/10/2025,18,626.261014815638,"{100: 17, 500: 11, 1000: 6, 200: 3, 5000: 1}"
5939,19/09/2025,56,626.244694912034,"{100: 19, 500: 10, 5000: 4, 1000: 3, 200: 3}"
0200,07/11/2025,7,626.2227268244312,"{100: 17, 500: 12, 1000: 3, 5000: 3, 2000: 1}"
6756,15/10/2025,30,626.2052245803388,"{100: 17, 500: 9, 5000: 5, 1000: 5, 2000: 2, 200: 1}"
5944,22/10/2025,23,626.1204444584823,"{100: 17, 500: 11, 200: 5, 5000: 5, 1000: 3}"
1930,03/11/2025,11,626.0959835831926,"{100: 16, 500: 12, 1000: 8, 5000: 6, 200: 2}"
0537,03/09/2025,72,626.066927398757,"{100: 20, 500: 7, 200: 5, 1000: 3, 5000: 3, 2000: 1}"
5608,01/11/2025,13,625.9523382377167,"{100: 19, 500: 8, 1000: 4, 5000: 3}"
1415,02/11/2025,12,625.9455194742995,"{100: 15, 500: 15, 1000: 5, 5000: 5, 200: 1}"
5811,21/08/2025,85,625.9234896989333,"{500: 17, 100: 15, 1000: 3, 5000: 3, 200: 1}"
1809,14/10/2025,31,625.9075675956723,"{100: 17, 500: 11, 1000: 5, 2000: 2, 5000: 2, 200: 1}"
2457,26/10/2025,19,625.8691511456184,"{100: 16, 500: 13, 1000: 5, 5000: 3, 200: 2, 2000: 1}"
3986,16/09/2025,59,625.868138986227,"{100: 17, 500: 13, 1000: 5, 5000: 3, 2000: 1, 200: 1}"
8095,14/11/2025,0,625.8205698602349,"{100: 19, 5000: 7, 1000: 4, 500: 4, 200: 3, 2000: 1}"
1492,10/10/2025,35,625.8158922860104,"{100: 20, 500: 7, 1000: 5, 5000: 4, 200: 3, 2000: 1}"
3320,17/09/2025,58,625.8126945274835,"{100: 18, 500: 12, 1000: 3, 2000: 3, 5000: 3, 200: 1}"
2336,08/11/2025,6,625.7835868249986,"{100: 16, 500: 13, 1000: 7, 5000: 2, 2000: 1, 200: 1}"
0842,16/09/2025,59,625.7761464143907,"{100: 17, 500: 11, 5000: 4, 200: 3, 1000: 2}"
9065,18/10/2025,27,625.760078158339,"{100: 20, 500: 7, 1000: 5, 200: 4, 5000: 2}"
4193,20/10/2025,25,625.7584518954885,"{100: 17, 500: 13, 200: 3, 1000: 3, 5000: 2, 2000: 1}"
0242,30/08/2025,76,625.7475106378242,"{100: 19, 500: 10, 1000: 3, 5000: 3, 2000: 2}"
8363,24/08/2025,82,625.7375280601019,"{100: 20, 500: 7, 1000: 6, 5000: 2, 2000: 2}"
0683,01/11/2025,13,625.7126909723621,"{100: 18, 500: 11, 1000: 2, 5000: 2, 2000: 1, 200: 1}"
1782,25/10/2025,20,625.6856287722047,"{100: 19, 500: 10, 5000: 2, 1000: 1}"
0406,13/11/2025,1,625.5721129987013,"{100: 18, 500: 10, 1000: 5, 200: 4, 5000: 3}"
6520,28/09/2025,47,625.5535636334074,"{100: 17, 500: 12, 1000: 7, 5000: 3, 200: 2}"
3605,29/10/2025,16,625.2016164080785,"{100: 19, 500: 7, 1000: 4, 200: 4, 5000: 3}"
1531,27/10/2025,18,625.1564529984865,"{100: 17, 500: 10, 1000: 5, 5000: 5, 2000: 3, 200: 2}"
2517,10/09/2025,65,625.1547517074295,"{100: 18, 500: 11, 200: 5, 1000: 4, 5000: 2}"
5241,30/10/2025,15,625.1463906070693,"{100: 15, 500: 13, 5000: 7, 1000: 7, 200: 4, 2000: 1}"
9903,15/09/2025,60,625.1278791955889,"{100: 19, 500: 10, 5000: 3, 1000: 2, 200: 1}"
2363,09/07/2025,128,625.0946536234244,"{100: 19, 500: 13, 1000: 1, 5000: 1, 200: 1}"
4583,27/10/2025,18,625.0934714540547,"{100: 20, 500: 7, 1000: 5, 5000: 4, 2000: 1}"
3769,28/10/2025,17,625.0029751575927,"{100: 17, 500: 13, 200: 4, 5000: 3, 1000: 2}"
6587,12/09/2025,63,624.986730119265,"{100: 18, 500: 12, 1000: 4, 200: 3, 5000: 1, 2000: 1}"
0447,27/10/2025,18,624.8554595687438,"{100: 16, 500: 14, 1000: 5, 5000: 4, 200: 2}"
2742,22/10/2025,23,624.8071156540477,"{100: 16, 500: 12, 5000: 3, 2000: 2, 1000: 2, 200: 1}"
5586,21/07/2025,116,624.7765592000634,"{100: 16, 500: 13, 1000: 6, 5000: 5, 2000: 2, 200: 2}"
4574,21/08/2025,85,624.723554449597,"{100: 16, 500: 14, 1000: 6, 5000: 6, 2000: 2}"
5531,19/10/2025,26,624.689167581093,"{100: 19, 500: 9, 1000: 4, 200: 3, 5000: 2}"
9479,27/07/2025,110,624.6706737733999,"{100: 21, 500: 8, 200: 3, 5000: 2, 1000: 2}"
2480,02/11/2025,12,624.6332023359909,"{100: 15, 500: 14, 1000: 6, 5000: 3, 2000: 2, 200: 1}"
7098,30/10/2025,15,624.6289114425439,"{500: 19, 100: 13, 5000: 4, 1000: 3, 200: 2, 2000: 1}"
9262,10/10/2025,35,624.5338474598484,"{100: 20, 500: 10, 200: 3, 5000: 3, 2000: 2}"
0319,28/10/2025,17,624.3813972750819,"{100: 17, 500: 13, 1000: 4, 200: 2}"
8365,28/09/2025,47,624.3472879756885,"{100: 18, 500: 8, 5000: 3, 1000: 3, 200: 3, 2000: 2}"
3679,14/09/2025,61,624.2123535620451,"{100: 18, 500: 11, 1000: 5, 5000: 2, 200: 1}"
2495,08/11/2025,6,624.0367629519557,"{500: 14, 100: 14, 1000: 7, 5000: 3, 200: 3, 2000: 2}"
8178,25/07/2025,112,623.9794043413134,"{500: 16, 100: 15, 200: 4, 2000: 2, 5000: 2, 1000: 2}"
6953,14/10/2025,31,623.9746206588518,"{100: 17, 500: 12, 1000: 4, 200: 3, 5000: 2, 2000: 1}"
1251,06/11/2025,8,623.7095327800572,"{500: 17, 100: 14, 5000: 4, 1000: 4, 200: 1}"
6352,24/09/2025,51,623.6380617579892,"{100: 20, 500: 7, 5000: 4, 200: 3, 1000: 2}"
1688,28/09/2025,47,623.542341288226,"{100: 22, 500: 5, 1000: 3, 2000: 2, 200: 2, 5000: 1}"
4553,15/10/2025,30,623.5041607479834,"{100: 18, 500: 13, 5000: 3, 200: 2, 2000: 1}"
0660,19/07/2025,118,623.4523630253689,"{100: 17, 500: 15, 1000: 3, 5000: 2, 2000: 1}"
5501,03/10/2025,42,623.4429815959412,"{100: 18, 500: 13, 1000: 4, 200: 4}"
1619,07/10/2025,38,623.4416779283799,"{100: 21, 500: 5, 5000: 4, 200: 3, 1000: 2, 2000: 1}"
8991,31/10/2025,14,623.3021121774931,"{100: 19, 500: 10, 1000: 2, 200: 2, 5000: 1}"
0565,12/11/2025,2,623.3004922324228,"{100: 18, 500: 10, 1000: 4, 200: 3, 5000: 3, 2000: 1}"
8352,07/09/2025,68,623.1648650327214,"{100: 21, 500: 7, 1000: 5, 5000: 1}"
5036,19/09/2025,56,623.1524473333441,"{100: 17, 500: 11, 1000: 7, 5000: 2, 2000: 2, 200: 2}"
6656,10/11/2025,4,623.1426374842029,"{100: 20, 500: 7, 1000: 6, 5000: 3, 200: 2}"
5399,05/11/2025,9,623.1406504888093,"{100: 19, 500: 8, 5000: 3, 200: 3, 1000: 1}"
9425,14/11/2025,0,623.1264231705352,"{100: 17, 500: 11, 1000: 4, 5000: 4, 2000: 2, 200: 1}"
8795,09/10/2025,36,623.1134329279769,"{100: 18, 500: 8, 5000: 3, 200: 3, 1000: 2, 2000: 2}"
5373,12/10/2025,33,623.0452394723247,"{100: 17, 500: 11, 1000: 6, 5000: 5, 2000: 3, 200: 2}"
9706,16/09/2025,59,623.0383494304247,"{100: 18, 500: 13, 1000: 1, 200: 1, 5000: 1}"
7218,20/10/2025,25,622.9989940292826,"{100: 19, 500: 9, 1000: 5, 2000: 3, 5000: 1, 200: 1}"
0305,01/11/2025,13,622.992475137592,"{100: 17, 500: 11, 1000: 3, 5000: 3, 2000: 1, 200: 1}"
8550,01/11/2025,13,622.984154773947,"{100: 20, 1000: 10, 5000: 5, 500: 4, 200: 3, 2000: 1}"
1787,27/10/2025,18,622.9451432028686,"{100: 16, 500: 13, 200: 3, 2000: 2, 1000: 2, 5000: 2}"
1405,01/11/2025,13,622.9192359793923,"{100: 19, 500: 9, 200: 5, 1000: 3, 2000: 1, 5000: 1}"
0443,26/09/2025,49,622.9170108288761,"{100: 15, 500: 13, 1000: 5, 5000: 3, 2000: 1, 200: 1}"
5638,30/10/2025,15,622.880003530441,"{100: 19, 500: 10, 2000: 3, 5000: 2, 1000: 1}"
3512,18/10/2025,27,622.8553468892685,"{100: 15, 500: 13, 1000: 10, 200: 4, 5000: 3, 2000: 2}"
9003,19/09/2025,56,622.8424420673582,"{100: 16, 500: 16, 1000: 2, 5000: 1, 200: 1}"
8737,04/11/2025,10,622.6764292519297,"{100: 17, 500: 12, 1000: 3, 200: 3, 2000: 2, 5000: 1}"
0374,22/09/2025,53,622.5634132275769,"{100: 18, 500: 10, 1000: 5, 200: 4, 5000: 3, 2000: 1}"
7102,01/11/2025,13,622.513379053997,"{100: 18, 1000: 7, 500: 6, 5000: 4, 200: 2, 2000: 1}"
3970,29/10/2025,16,622.4992384767538,"{100: 18, 500: 7, 5000: 6, 1000: 5, 200: 4, 2000: 1}"
2684,29/10/2025,16,622.467745890256,"{100: 19, 500: 9, 5000: 3, 1000: 3, 2000: 2, 200: 2}"
5087,19/08/2025,87,622.4655194794774,"{100: 16, 500: 15, 1000: 4, 5000: 3, 200: 3, 2000: 2}"
7359,15/09/2025,60,622.4298168080874,"{100: 16, 500: 15, 1000: 4, 5000: 2, 200: 2, 2000: 1}"
8883,10/10/2025,35,622.415084744108,"{500: 16, 100: 13, 5000: 7, 1000: 5, 200: 3}"
4621,29/10/2025,16,622.4077231197898,"{100: 16, 500: 11, 1000: 4, 200: 3, 2000: 3, 5000: 2}"
1558,29/06/2025,138,622.3895848640922,"{100: 19, 500: 10, 1000: 5, 200: 2, 5000: 1, 2000: 1}"
9231,06/11/2025,8,622.3623125567872,"{100: 19, 500: 9, 1000: 3, 5000: 3, 200: 2, 2000: 1}"
7787,03/10/2025,42,622.3245474079295,"{100: 19, 500: 11, 1000: 5, 200: 3, 2000: 1}"
7490,09/09/2025,66,622.3083767786828,"{100: 16, 500: 13, 1000: 5, 2000: 4, 5000: 2, 200: 1}"
9873,22/10/2025,23,622.306375725248,"{100: 20, 500: 7, 5000: 5, 1000: 4, 2000: 1}"
8268,11/11/2025,3,622.2848868737817,"{100: 17, 500: 12, 1000: 4, 200: 3, 2000: 2, 5000: 1}"
1970,16/10/2025,29,622.2187111985567,"{100: 18, 500: 10, 5000: 5, 1000: 5, 200: 1, 2000: 1}"
3816,19/09/2025,56,622.1772358046611,"{100: 18, 500: 9, 1000: 6, 5000: 4, 2000: 2, 200: 1}"
4257,06/11/2025,8,622.1528326051496,"{100: 19, 500: 10, 1000: 2, 5000: 1, 200: 1}"
9965,08/08/2025,98,622.1349311983671,"{500: 16, 100: 16, 1000: 6, 200: 3}"
0975,07/11/2025,7,622.1249023166806,"{100: 17, 500: 12, 2000: 4, 5000: 2, 1000: 2}"
4154,09/11/2025,5,622.0442898439791,"{100: 18, 500: 11, 200: 3, 5000: 2, 2000: 1, 1000: 1}"
4636,05/11/2025,9,622.0398038270087,"{100: 17, 500: 11, 200: 4, 1000: 2, 5000: 1}"
1037,04/11/2025,10,621.9664995415511,"{100: 16, 500: 15, 1000: 2, 5000: 1, 200: 1}"
2335,10/07/2025,127,621.9132218449774,"{100: 19, 500: 11, 1000: 5, 200: 3, 5000: 2}"
1472,08/10/2025,37,621.9065976388005,"{100: 20, 500: 7, 200: 6, 5000: 3, 1000: 1}"
3979,30/10/2025,15,621.8996394207503,"{100: 19, 500: 8, 1000: 7, 5000: 2, 200: 2, 2000: 1}"
1709,12/09/2025,63,621.8165749677153,"{100: 17, 500: 10, 5000: 4, 1000: 4, 200: 2}"
5580,05/11/2025,9,621.7890859062526,"{100: 15, 500: 15, 1000: 4, 5000: 4, 2000: 2, 200: 1}"
1445,03/10/2025,42,621.7838965762423,"{100: 19, 500: 10, 200: 4, 5000: 2, 1000: 2, 2000: 1}"
1796,24/10/2025,21,621.7415939653625,"{100: 19, 500: 9, 5000: 4, 1000: 3, 200: 2, 2000: 1}"
6109,10/11/2025,4,621.7114834776039,"{100: 20, 500: 8, 1000: 5, 5000: 2, 200: 1}"
7212,17/10/2025,28,621.6526356191639,"{100: 19, 500: 10, 200: 3, 1000: 2, 2000: 1, 5000: 1}"
5691,19/09/2025,56,621.6219411634665,"{100: 18, 500: 11, 1000: 4, 5000: 2, 2000: 1}"
8735,10/11/2025,4,621.5932952652475,"{500: 15, 100: 13, 5000: 6, 1000: 4, 200: 4}"
5983,16/07/2025,121,621.5644226459295,"{100: 19, 500: 10, 1000: 4, 5000: 2, 200: 1}"
3684,28/10/2025,17,621.5307690854542,"{100: 18, 500: 11, 1000: 4, 2000: 2}"
7245,20/10/2025,25,621.5221586723095,"{100: 17, 500: 12, 5000: 4, 1000: 4, 2000: 1, 200: 1}"
4768,27/10/2025,18,621.489262884931,"{100: 18, 500: 10, 1000: 3, 200: 3, 2000: 2, 5000: 1}"
1406,13/11/2025,1,621.4355915501761,"{100: 19, 500: 10, 5000: 2, 1000: 1}"
1905,12/10/2025,33,621.4250590442168,"{100: 19, 500: 10, 1000: 6, 200: 1, 2000: 1, 5000: 1}"
4566,06/11/2025,8,621.3957295897444,"{100: 20, 500: 6, 1000: 3, 5000: 3, 200: 2}"
1761,08/11/2025,6,621.3712537165962,"{100: 18, 500: 11, 200: 4, 5000: 2, 1000: 1}"
1685,14/10/2025,31,621.2519924461558,"{100: 17, 500: 12, 200: 4, 1000: 3, 5000: 1}"
1906,28/10/2025,17,621.1353426763994,"{100: 19, 500: 8, 200: 3, 2000: 2, 5000: 2, 1000: 2}"
8143,28/10/2025,17,621.0837944355919,"{100: 16, 500: 14, 1000: 4, 5000: 3}"
6675,11/11/2025,3,621.0532426690069,"{100: 14, 500: 14, 1000: 5, 5000: 2, 2000: 1}"
4903,14/11/2025,0,621.0524195562462,"{100: 18, 500: 11, 5000: 3, 2000: 2, 200: 2, 1000: 1}"
5342,12/10/2025,33,620.9987294597325,"{100: 17, 500: 13, 2000: 3, 5000: 3, 1000: 2}"
1665,09/11/2025,5,620.9241435148614,"{500: 15, 100: 13, 1000: 5, 5000: 4, 2000: 1, 200: 1}"
3519,05/10/2025,40,620.8565954367591,"{100: 20, 500: 7, 2000: 4, 1000: 4, 5000: 3, 200: 3}"
4896,07/10/2025,38,620.7366407726321,"{100: 17, 500: 12, 5000: 5, 1000: 4, 200: 2}"
2775,14/10/2025,31,620.6054905871301,"{100: 18, 500: 10, 2000: 3, 200: 3, 1000: 2, 5000: 1}"
8487,29/10/2025,16,620.56328263048,"{100: 16, 500: 11, 5000: 4, 200: 3, 1000: 3, 2000: 1}"
0891,13/10/2025,32,620.5565686733053,"{500: 20, 100: 12, 1000: 4, 5000: 3, 2000: 2}"
2490,14/11/2025,0,620.5406310542585,"{100: 18, 500: 9, 5000: 9, 1000: 3, 2000: 2}"
6247,11/09/2025,64,620.508301461844,"{500: 16, 100: 15, 5000: 3, 1000: 3, 200: 1}"
1934,15/10/2025,30,620.4495171924698,"{100: 20, 500: 8, 1000: 3, 200: 2, 2000: 1, 5000: 1}"
6726,10/11/2025,4,620.4308441975647,"{100: 16, 500: 13, 1000: 3, 5000: 3, 200: 2, 2000: 2}"
0251,12/11/2025,2,620.3965712395119,"{100: 16, 500: 13, 1000: 3, 2000: 3, 5000: 3}"
8671,03/11/2025,11,620.3567826919483,"{100: 17, 500: 11, 1000: 6, 5000: 3, 2000: 2, 200: 2}"
1205,02/11/2025,12,620.3549235546609,"{100: 19, 500: 9, 200: 4, 1000: 3, 5000: 1}"
5786,16/09/2025,59,620.341431553863,"{100: 19, 500: 8, 1000: 6, 200: 3, 5000: 1}"
0669,28/10/2025,17,620.3341060481264,"{500: 15, 100: 15, 5000: 3, 200: 3, 1000: 2}"
2862,31/07/2025,106,620.3062572028697,"{100: 16, 500: 15, 1000: 3, 5000: 2, 200: 1}"
8568,27/08/2025,79,620.2809447062547,"{100: 20, 500: 8, 5000: 7, 1000: 4, 2000: 3, 200: 2}"
5790,25/10/2025,20,620.2378819509589,"{100: 18, 500: 10, 1000: 3, 5000: 2, 200: 2, 2000: 1}"
0719,14/10/2025,31,620.2296664727362,"{100: 20, 500: 10, 1000: 2, 200: 2, 2000: 1}"
4163,21/05/2025,177,620.2030071889244,"{100: 20, 500: 10, 1000: 5, 5000: 4}"
9486,05/11/2025,9,620.2022289463897,"{100: 18, 500: 9, 1000: 3, 5000: 2, 200: 2, 2000: 1}"
9980,29/08/2025,77,620.180655283438,"{100: 18, 500: 11, 1000: 6, 5000: 3, 2000: 1}"
5728,10/11/2025,4,620.1750029807122,"{500: 15, 100: 15, 5000: 4, 1000: 2, 200: 2}"
8949,08/09/2025,67,620.1057574298676,"{100: 16, 500: 15, 1000: 6, 2000: 1, 5000: 1}"
0656,26/09/2025,49,620.0738797869462,"{100: 21, 500: 6, 1000: 5, 2000: 2, 5000: 2}"
5725,31/10/2025,14,620.0519417680856,"{100: 19, 500: 8, 5000: 4, 1000: 2, 200: 1}"
2658,30/09/2025,45,620.0213217386658,"{100: 18, 500: 10, 5000: 6, 1000: 5, 200: 2}"
5026,15/10/2025,30,620.0045011333386,"{100: 16, 500: 14, 200: 4, 1000: 4, 5000: 1, 2000: 1}"
2772,27/07/2025,110,619.9379802405861,"{100: 18, 500: 9, 1000: 5, 5000: 2, 200: 1}"
0009,12/11/2025,2,619.8798034107964,"{100: 17, 500: 11, 200: 4, 1000: 2, 2000: 1, 5000: 1}"
8609,09/11/2025,5,619.8748208633348,"{100: 16, 500: 12, 1000: 3, 5000: 2, 200: 2, 2000: 1}"
3960,10/10/2025,35,619.8446368108583,"{100: 19, 500: 9, 1000: 5, 200: 2, 5000: 1, 2000: 1}"
7859,29/08/2025,77,619.8194018433525,"{500: 17, 100: 14, 5000: 7, 1000: 4, 2000: 2, 200: 2}"
9696,07/09/2025,68,619.7810860555969,"{100: 17, 500: 12, 1000: 5, 5000: 1, 200: 1}"
5673,18/10/2025,27,619.7138460004867,"{100: 15, 500: 14, 5000: 4, 200: 3, 1000: 3, 2000: 2}"
7796,30/10/2025,15,619.568054937107,"{100: 16, 500: 13, 1000: 4, 200: 4, 5000: 2, 2000: 1}"
6680,18/10/2025,27,619.5200382523789,"{100: 19, 500: 9, 5000: 5, 1000: 4}"
5723,13/10/2025,32,619.4643087147731,"{100: 18, 500: 10, 5000: 5, 1000: 4, 200: 3, 2000: 1}"
2379,11/09/2025,64,619.4510863820744,"{100: 17, 500: 13, 1000: 5, 5000: 2, 200: 1}"
0337,06/10/2025,39,619.4075365400593,"{100: 22, 1000: 5, 500: 4, 200: 4, 5000: 2}"
9630,06/08/2025,100,619.3537495753105,"{100: 20, 500: 8, 1000: 5, 5000: 5, 2000: 1}"
5218,04/09/2025,71,619.2359062513193,"{100: 19, 500: 9, 1000: 8, 200: 2, 2000: 2}"
3183,19/10/2025,26,619.2067648866897,"{100: 19, 500: 9, 1000: 3, 2000: 3, 5000: 3, 200: 1}"
5544,12/11/2025,2,619.1986759451772,"{100: 17, 500: 9, 200: 5, 1000: 5, 5000: 2}"
9557,22/10/2025,23,619.1786806483203,"{100: 17, 500: 10, 5000: 7, 2000: 3, 200: 3, 1000: 2}"
0460,13/08/2025,93,619.1609441293413,"{500: 18, 100: 15, 5000: 3, 200: 1, 1000: 1}"
3022,13/10/2025,32,619.1190277298746,"{100: 19, 500: 9, 1000: 5, 200: 2, 2000: 2}"
0140,14/09/2025,61,619.1121492231651,"{100: 18, 500: 12, 1000: 3, 200: 2, 2000: 1, 5000: 1}"
4104,12/11/2025,2,619.0548625859183,"{100: 15, 500: 13, 1000: 6, 200: 4, 5000: 4, 2000: 2}"
9200,20/10/2025,25,619.0339616236035,"{100: 18, 500: 10, 1000: 6, 200: 2, 5000: 1, 2000: 1}"
0257,25/10/2025,20,618.8972725403244,"{100: 17, 500: 12, 1000: 5, 200: 4, 2000: 1, 5000: 1}"
0167,02/11/2025,12,618.8483408181881,"{100: 18, 500: 10, 1000: 5, 5000: 2, 200: 2, 2000: 1}"
2118,14/11/2025,0,618.8063208631177,"{100: 17, 500: 9, 5000: 5, 200: 3, 1000: 2}"
0147,04/11/2025,10,618.6588595354353,"{100: 18, 500: 10, 1000: 5, 5000: 2, 200: 2, 2000: 1}"
3378,06/10/2025,39,618.6557992683868,"{100: 17, 500: 12, 2000: 2, 1000: 2, 5000: 1, 200: 1}"
2308,16/09/2025,59,618.6280899753889,"{100: 20, 1000: 7, 500: 7, 5000: 3, 200: 1}"
8958,21/10/2025,24,618.6137844529853,"{100: 17, 500: 12, 1000: 3, 5000: 2, 200: 2, 2000: 1}"
1852,13/10/2025,32,618.5136247103485,"{100: 19, 500: 10, 1000: 7, 200: 1}"
8790,15/07/2025,122,618.4901551951261,"{100: 18, 500: 12, 1000: 6, 5000: 2, 2000: 1, 200: 1}"
4582,01/09/2025,74,618.4715472219701,"{100: 19, 500: 10, 1000: 5, 5000: 1, 200: 1}"
7461,09/10/2025,36,618.3325719233864,"{100: 15, 500: 14, 5000: 4, 1000: 4, 200: 3}"
4740,13/11/2025,1,618.2792260048614,"{100: 19, 500: 9, 200: 3, 5000: 2, 1000: 2, 2000: 1}"
3670,11/11/2025,3,618.2577656411219,"{100: 16, 500: 8, 200: 5, 1000: 4, 5000: 3, 2000: 1}"
4964,13/09/2025,62,618.2090644148002,"{100: 19, 500: 8, 200: 6, 1000: 5, 5000: 3}"
4304,05/10/2025,40,618.0684666453226,"{100: 19, 500: 10, 1000: 3, 2000: 1, 5000: 1}"
1100,29/10/2025,16,618.0677822325783,"{100: 17, 500: 15, 200: 4, 5000: 2}"
1861,17/10/2025,28,618.0389309147226,"{100: 19, 500: 6, 5000: 5, 1000: 3, 200: 1, 2000: 1}"
6369,13/11/2025,1,617.9717244219003,"{100: 14, 500: 12, 5000: 6, 1000: 5, 200: 5}"
6088,11/08/2025,95,617.8689142514881,"{100: 19, 500: 10, 1000: 5, 5000: 3, 2000: 1}"
4064,10/11/2025,4,617.840617996799,"{100: 18, 500: 7, 1000: 6, 200: 5, 5000: 2, 2000: 2}"
2405,14/11/2025,0,617.8087817354327,"{100: 19, 500: 9, 200: 3, 1000: 3, 5000: 1}"
8771,29/10/2025,16,617.6138052685752,"{100: 17, 500: 10, 200: 6, 1000: 4, 5000: 3}"
1725,08/11/2025,6,617.5661396544552,"{100: 18, 500: 10, 200: 4, 1000: 2, 5000: 2, 2000: 1}"
1004,02/11/2025,12,617.5296253580559,"{100: 15, 500: 13, 1000: 5, 200: 4, 5000: 3}"
6454,12/10/2025,33,617.5246112481616,"{100: 17, 500: 12, 1000: 5, 5000: 2, 200: 2, 2000: 1}"
4748,14/11/2025,0,617.4875197820415,"{100: 18, 500: 11, 1000: 2, 200: 2, 2000: 1, 5000: 1}"
3838,29/08/2025,77,617.4799226697401,"{100: 18, 500: 13, 200: 4, 1000: 3}"
1092,24/10/2025,21,617.467990872955,"{100: 17, 500: 10, 1000: 7, 5000: 5, 200: 1}"
4256,01/08/2025,105,617.3887052201154,"{100: 18, 500: 10, 5000: 4, 200: 3, 1000: 3}"
2716,03/10/2025,42,617.3809219638209,"{100: 15, 500: 12, 1000: 6, 5000: 3, 200: 2, 2000: 1}"
4780,09/11/2025,5,617.2968253011448,"{100: 17, 500: 11, 200: 4, 5000: 3, 1000: 3}"
0466,24/10/2025,21,617.2946137034769,"{100: 19, 500: 8, 5000: 4, 200: 3, 1000: 3}"
5995,01/09/2025,74,617.2929581937776,"{100: 18, 500: 10, 1000: 4, 5000: 3, 200: 2, 2000: 1}"
2338,05/10/2025,40,617.2811586430182,"{100: 16, 500: 13, 1000: 8, 5000: 5, 2000: 2, 200: 2}"
7136,25/10/2025,20,617.1805567070938,"{100: 18, 500: 7, 5000: 4, 1000: 3, 200: 2, 2000: 1}"
1792,29/09/2025,46,617.1596325512587,"{100: 19, 500: 9, 5000: 4, 1000: 2, 2000: 1}"
9864,29/10/2025,16,617.124125780282,"{100: 16, 500: 14, 1000: 3, 200: 2, 5000: 2}"
0203,28/09/2025,47,617.0541189899717,"{100: 17, 500: 10, 5000: 7, 1000: 4, 200: 3}"
0440,11/10/2025,34,616.9502439085161,"{100: 20, 500: 7, 1000: 4, 5000: 3, 200: 3}"
6183,26/10/2025,19,616.8948709007942,"{100: 15, 500: 14, 5000: 3, 1000: 3, 200: 2, 2000: 1}"
2683,26/10/2025,19,616.778357497104,"{100: 17, 500: 11, 1000: 7, 5000: 3, 200: 1}"
1384,20/10/2025,25,616.683843542477,"{100: 21, 500: 6, 1000: 4, 200: 1, 5000: 1}"
9138,07/09/2025,68,616.6622463392972,"{100: 17, 500: 12, 1000: 8, 5000: 2}"
2824,27/05/2025,171,616.6109076841124,"{100: 18, 500: 10, 1000: 6, 5000: 3, 2000: 1}"
1453,24/10/2025,21,616.417618658477,"{100: 15, 500: 14, 200: 4, 1000: 3, 5000: 2}"
0101,20/10/2025,25,616.3432383414731,"{100: 17, 500: 14, 1000: 2, 200: 1, 2000: 1}"
2468,13/11/2025,1,616.2858893088408,"{100: 16, 500: 13, 1000: 5, 5000: 2, 2000: 1, 200: 1}"
7798,07/11/2025,7,616.2652604558787,"{100: 15, 500: 13, 1000: 6, 200: 4, 5000: 2, 2000: 1}"
7318,02/11/2025,12,616.2247626501432,"{100: 15, 500: 13, 1000: 6, 200: 4, 5000: 3, 2000: 2}"
9750,25/09/2025,50,616.1897160976706,"{100: 19, 500: 9, 200: 4, 5000: 3, 1000: 3}"
7788,12/11/2025,2,616.1239045849626,"{100: 19, 500: 9, 1000: 3, 5000: 2}"
3646,16/09/2025,59,616.0814602533807,"{100: 18, 500: 12, 1000: 2, 200: 2, 5000: 2}"
6897,26/10/2025,19,616.0305758396955,"{500: 22, 100: 11, 5000: 4, 200: 3, 1000: 2, 2000: 1}"
2239,30/10/2025,15,616.0118853785908,"{100: 17, 500: 11, 1000: 7, 5000: 2, 2000: 1, 200: 1}"
3702,13/11/2025,1,615.978077679074,"{100: 17, 500: 13, 5000: 4, 2000: 1}"
2255,09/10/2025,36,615.947560432879,"{100: 17, 500: 12, 5000: 4, 200: 2, 2000: 2, 1000: 1}"
8194,26/10/2025,19,615.9387017934444,"{100: 15, 500: 14, 1000: 5, 200: 3, 5000: 3, 2000: 1}"
1731,18/10/2025,27,615.9210807006042,"{100: 18, 500: 11, 5000: 2, 200: 2, 1000: 1}"
6842,11/11/2025,3,615.8280149113609,"{100: 16, 500: 13, 1000: 5, 5000: 2, 200: 2}"
6432,29/10/2025,16,615.8074187337406,"{100: 16, 500: 11, 200: 3, 5000: 2, 1000: 2, 2000: 1}"
4308,13/11/2025,1,615.7779576623798,"{100: 15, 1000: 13, 500: 10, 5000: 4, 200: 3, 2000: 2}"
7580,07/11/2025,7,615.768454197251,"{100: 16, 500: 11, 5000: 7, 1000: 4, 200: 3}"
8720,04/11/2025,10,615.7581474826869,"{100: 18, 500: 10, 5000: 3, 200: 2, 1000: 2}"
4876,09/11/2025,5,615.6649065217521,"{500: 18, 100: 13, 1000: 4, 200: 4, 5000: 1, 2000: 1}"
5141,13/11/2025,1,615.5872531141298,"{100: 15, 500: 14, 1000: 5, 5000: 4, 2000: 3, 200: 1}"
5195,10/10/2025,35,615.5791832320677,"{100: 21, 500: 8, 200: 3, 1000: 2, 2000: 1}"
2695,26/09/2025,49,615.5697828535006,"{100: 17, 500: 13, 1000: 3, 200: 2, 5000: 2, 2000: 1}"
1203,01/11/2025,13,615.5417441160185,"{500: 18, 100: 13, 200: 5, 1000: 2, 5000: 1}"
1245,09/11/2025,5,615.4625841440213,"{100: 15, 500: 12, 5000: 5, 1000: 3, 2000: 1, 200: 1}"
5554,26/09/2025,49,615.443816013692,"{100: 16, 500: 14, 1000: 4, 200: 3, 2000: 1}"
5122,27/10/2025,18,615.4330306852837,"{100: 20, 500: 7, 5000: 4, 1000: 3, 200: 2}"
1995,01/11/2025,13,615.4314254432803,"{100: 17, 500: 9, 200: 7, 5000: 4, 2000: 3, 1000: 2}"
1289,22/10/2025,23,615.4155953606826,"{100: 18, 500: 10, 200: 3, 2000: 3, 1000: 2, 5000: 2}"
8537,05/11/2025,9,615.4152211592452,"{100: 16, 500: 13, 5000: 3, 200: 3, 2000: 1}"
7604,01/10/2025,44,615.4028843854926,"{100: 22, 5000: 6, 500: 4, 1000: 2, 200: 1, 2000: 1}"
4686,19/10/2025,26,615.3598181472664,"{100: 18, 500: 9, 200: 4, 5000: 3, 1000: 1}"
3782,10/11/2025,4,615.2190865663272,"{100: 18, 500: 10, 5000: 3, 1000: 3, 200: 2}"
1738,31/10/2025,14,615.1743978158867,"{100: 19, 500: 7, 1000: 5, 5000: 3, 200: 2}"
4916,01/11/2025,13,615.1505658967168,"{100: 15, 500: 15, 1000: 4, 5000: 3, 2000: 1, 200: 1}"
7708,21/10/2025,24,615.1209109917655,"{100: 20, 500: 6, 1000: 4, 5000: 4, 200: 3, 2000: 1}"
5997,07/10/2025,38,615.0806737188865,"{100: 17, 500: 10, 1000: 5, 5000: 3, 200: 2, 2000: 1}"
3165,20/10/2025,25,615.0205332857454,"{100: 19, 500: 9, 2000: 3, 1000: 3, 5000: 2}"
1344,05/11/2025,9,614.9619241976777,"{100: 19, 500: 6, 1000: 5, 5000: 4, 200: 3, 2000: 2}"
5240,25/09/2025,50,614.938625097109,"{100: 15, 500: 14, 5000: 7, 1000: 6, 200: 2}"
3174,22/10/2025,23,614.9173283332134,"{100: 15, 500: 12, 5000: 8, 200: 2, 1000: 2}"
9199,16/10/2025,29,614.8768116503799,"{100: 15, 500: 13, 2000: 3, 1000: 3, 5000: 2}"
6642,10/11/2025,4,614.7667118248896,"{500: 16, 100: 14, 1000: 4, 5000: 2, 2000: 1, 200: 1}"
1125,04/10/2025,41,614.6248512624851,"{100: 17, 500: 10, 5000: 8, 1000: 5, 200: 1}"
1308,29/09/2025,46,614.356809646995,"{500: 17, 100: 13, 5000: 3, 200: 3, 1000: 3, 2000: 1}"
4685,30/09/2025,45,614.3342683352821,"{100: 20, 500: 9, 200: 4, 2000: 2, 1000: 1}"
9370,03/11/2025,11,614.2208930217798,"{100: 17, 500: 9, 1000: 6, 5000: 4, 200: 3}"
3712,13/10/2025,32,614.214640218518,"{100: 16, 1000: 12, 500: 11, 5000: 3, 200: 1}"
7600,01/10/2025,44,614.0816767290245,"{100: 20, 500: 8, 5000: 4, 2000: 2, 1000: 1}"
9904,13/11/2025,1,614.0516820535131,"{100: 19, 500: 7, 200: 5, 1000: 4, 5000: 2}"
1875,22/09/2025,53,614.0347224170105,"{100: 20, 500: 7, 200: 4, 1000: 3, 5000: 2, 2000: 2}"
1238,03/11/2025,11,614.0095150902916,"{100: 15, 500: 13, 1000: 5, 200: 4, 5000: 1}"
9720,04/09/2025,71,613.8466253887901,"{100: 20, 500: 10, 1000: 4, 200: 1}"
0779,05/11/2025,9,613.7024962346879,"{100: 17, 500: 11, 1000: 6, 2000: 2, 5000: 1, 200: 1}"
6764,20/08/2025,86,613.6570968567592,"{100: 20, 500: 7, 1000: 5, 5000: 1, 200: 1}"
5281,24/09/2025,51,613.6018383435306,"{100: 19, 500: 10, 5000: 1, 200: 1, 1000: 1}"
2606,02/11/2025,12,613.5835951475813,"{100: 17, 500: 10, 200: 5, 5000: 4, 1000: 1}"
7301,16/10/2025,29,613.5811980363263,"{500: 16, 100: 14, 5000: 4, 200: 4, 1000: 3, 2000: 1}"
5246,02/11/2025,12,613.4027742066656,"{100: 19, 500: 7, 5000: 3, 1000: 3, 200: 3}"
7388,01/07/2025,136,613.3838404458172,"{500: 17, 100: 15, 1000: 6, 2000: 1, 5000: 1, 200: 1}"
9415,28/08/2025,78,613.3673080479781,"{100: 18, 500: 11, 1000: 4, 5000: 3, 200: 2, 2000: 1}"
3714,12/11/2025,2,613.2961835346946,"{100: 18, 500: 8, 1000: 5, 200: 2, 5000: 1, 2000: 1}"
0002,01/10/2025,44,613.2952756899294,"{100: 18, 500: 9, 1000: 4, 5000: 3, 200: 2}"
9261,14/09/2025,61,613.2844869862574,"{100: 22, 500: 6, 1000: 3, 2000: 1, 200: 1}"
1768,02/11/2025,12,613.2324678740878,"{100: 16, 500: 12, 5000: 2, 1000: 2, 200: 2, 2000: 1}"
2438,31/10/2025,14,613.1332945917849,"{100: 16, 500: 11, 1000: 7, 2000: 4, 5000: 3, 200: 3}"
8207,12/10/2025,33,613.1023435730729,"{100: 17, 500: 11, 5000: 7, 1000: 4, 200: 1}"
9745,19/07/2025,118,613.0481427775836,"{100: 17, 500: 13, 1000: 6, 5000: 4}"
0793,07/11/2025,7,612.9045523976906,"{100: 17, 500: 14, 1000: 3}"
9091,25/09/2025,50,612.8752951570784,"{100: 16, 500: 14, 5000: 5, 200: 3, 1000: 2}"
1210,05/10/2025,40,612.8501487170641,"{100: 18, 500: 9, 1000: 5, 5000: 4, 200: 3}"
4503,12/11/2025,2,612.7037193392651,"{100: 19, 500: 7, 1000: 6, 5000: 2, 200: 1}"
5912,16/10/2025,29,612.6643000999103,"{100: 19, 500: 10, 5000: 1, 1000: 1, 2000: 1, 200: 1}"
3561,30/10/2025,15,612.6465446311784,"{100: 16, 500: 12, 1000: 6, 5000: 2, 200: 2, 2000: 1}"
0297,13/11/2025,1,612.5153710904059,"{100: 16, 500: 13, 5000: 3, 1000: 2, 2000: 1}"
9746,07/11/2025,7,612.452978379342,"{100: 17, 500: 11, 5000: 4, 200: 4, 1000: 2}"
6426,26/08/2025,80,612.4388538868875,"{100: 17, 500: 13, 5000: 4, 1000: 3, 2000: 1, 200: 1}"
0280,08/11/2025,6,612.3780529354286,"{100: 17, 500: 10, 1000: 6, 5000: 5, 200: 4}"
7392,09/10/2025,36,612.3379324819286,"{500: 18, 100: 13, 200: 5, 5000: 3, 1000: 3, 2000: 1}"
4171,29/09/2025,46,612.2023407381156,"{100: 17, 500: 9, 5000: 5, 1000: 4, 200: 2}"
3925,07/11/2025,7,612.1943287280199,"{100: 17, 500: 12, 1000: 3, 200: 2, 5000: 1, 2000: 1}"
9305,29/09/2025,46,611.9887325605175,"{100: 15, 500: 13, 5000: 5, 1000: 5, 200: 2, 2000: 1}"
8803,22/10/2025,23,611.8626920251238,"{100: 16, 500: 13, 1000: 6, 200: 3, 2000: 1, 5000: 1}"
9092,09/11/2025,5,611.7800657158538,"{100: 18, 500: 10, 1000: 2, 5000: 2, 200: 1}"
1137,12/10/2025,33,611.7350011743962,"{100: 16, 500: 13, 1000: 4, 2000: 3, 200: 2, 5000: 1}"
5444,29/08/2025,77,611.6844387812172,"{100: 15, 500: 14, 5000: 7, 1000: 5, 200: 1, 2000: 1}"
2693,28/10/2025,17,611.6765739393616,"{500: 14, 100: 13, 1000: 6, 5000: 3, 200: 3, 2000: 1}"
8861,31/10/2025,14,611.488199179447,"{500: 14, 100: 14, 1000: 9, 5000: 3, 200: 3}"
2701,20/10/2025,25,611.4694939759636,"{100: 18, 500: 8, 5000: 6, 1000: 4, 200: 3}"
1856,28/09/2025,47,611.4482729146908,"{100: 17, 500: 11, 200: 5, 5000: 3, 1000: 3, 2000: 1}"
4974,08/10/2025,37,611.3642502311517,"{100: 19, 500: 9, 2000: 4, 5000: 3, 1000: 2}"
1592,09/11/2025,5,611.2997482479477,"{100: 16, 500: 12, 1000: 6, 200: 4, 5000: 3, 2000: 1}"
0484,05/10/2025,40,611.2515730009046,"{100: 17, 500: 13, 200: 3, 1000: 2, 5000: 1, 2000: 1}"
5312,04/09/2025,71,611.2430327950191,"{100: 20, 500: 11, 2000: 2, 5000: 1, 200: 1}"
0047,03/11/2025,11,611.121505780605,"{100: 18, 500: 8, 1000: 6, 5000: 5, 200: 1}"
9273,24/08/2025,82,611.0614790447758,"{100: 17, 500: 9, 5000: 6, 1000: 4, 200: 4, 2000: 1}"
8485,07/11/2025,7,611.0512346340377,"{100: 18, 500: 11, 1000: 5, 2000: 4, 200: 1}"
1266,28/10/2025,17,611.0382681576443,"{100: 17, 500: 11, 5000: 3, 2000: 2, 1000: 1, 200: 1}"
8677,01/11/2025,13,610.9145868657135,"{100: 17, 500: 10, 1000: 7, 200: 2, 5000: 1, 2000: 1}"
0419,20/10/2025,25,610.9030724840181,"{100: 15, 500: 15, 1000: 5, 200: 2, 5000: 1, 2000: 1}"
5839,31/10/2025,14,610.892628177921,"{100: 17, 500: 14, 5000: 4, 200: 3, 2000: 1}"
4228,29/10/2025,16,610.8497453620242,"{100: 18, 500: 9, 1000: 6, 5000: 2, 200: 2}"
2319,20/10/2025,25,610.8120161146803,"{100: 16, 500: 12, 5000: 5, 1000: 5, 200: 3}"
1745,03/10/2025,42,610.7952300894038,"{100: 19, 500: 8, 1000: 4, 200: 3, 5000: 3}"
4887,10/11/2025,4,610.7144449543521,"{100: 17, 500: 10, 5000: 3, 1000: 3, 2000: 1, 200: 1}"
1704,05/11/2025,9,610.6881709717031,"{100: 18, 500: 5, 1000: 5, 200: 5, 5000: 4}"
2590,14/11/2025,0,610.6532629728508,"{500: 14, 100: 13, 1000: 9, 5000: 6, 200: 2}"
4843,28/10/2025,17,610.6039735110811,"{100: 18, 500: 9, 1000: 6, 5000: 4, 200: 1}"
8165,10/11/2025,4,610.5814734796365,"{100: 16, 500: 12, 5000: 6, 1000: 4, 200: 3, 2000: 1}"
1593,11/11/2025,3,610.5518912263321,"{100: 19, 500: 7, 1000: 6, 5000: 4, 2000: 1}"
0988,26/10/2025,19,610.4904981966833,"{500: 17, 100: 12, 1000: 4, 5000: 3, 200: 1}"
7724,16/08/2025,90,610.4821616430515,"{100: 16, 500: 13, 1000: 5, 200: 3, 2000: 3, 5000: 1}"
9029,14/11/2025,0,610.4692102737289,"{100: 15, 500: 14, 5000: 9, 1000: 4, 200: 1, 2000: 1}"
9768,03/09/2025,72,610.4252968436577,"{100: 20, 500: 6, 5000: 5, 1000: 5, 200: 1, 2000: 1}"
0323,24/10/2025,21,610.3198684780762,"{500: 19, 100: 12, 5000: 4, 200: 4, 1000: 2}"
0729,11/11/2025,3,610.2797605632918,"{100: 19, 500: 8, 5000: 3, 1000: 2, 200: 2, 2000: 1}"
1306,15/10/2025,30,610.2086556402002,"{100: 18, 500: 9, 5000: 4, 200: 3, 1000: 2, 2000: 1}"
9667,20/10/2025,25,610.1882121280672,"{100: 16, 500: 12, 1000: 6, 5000: 5, 200: 2, 2000: 1}"
0813,28/08/2025,78,610.1495876956598,"{100: 19, 500: 8, 2000: 3, 1000: 3, 200: 2, 5000: 2}"
5943,05/11/2025,9,610.0924480746675,"{100: 17, 500: 12, 1000: 2, 200: 2, 5000: 1}"
3475,14/11/2025,0,610.080737139043,"{100: 17, 500: 11, 1000: 4, 5000: 3, 200: 2}"
0040,14/11/2025,0,610.0750310695619,"{100: 15, 500: 13, 5000: 4, 200: 4}"
2425,02/11/2025,12,610.0646707760277,"{500: 19, 100: 12, 5000: 7, 1000: 5, 200: 4, 2000: 1}"
7662,24/09/2025,51,609.9824395376789,"{100: 19, 500: 11, 1000: 3, 200: 2, 2000: 2}"
8694,10/10/2025,35,609.9816403079867,"{100: 15, 500: 14, 1000: 6, 200: 2, 2000: 2, 5000: 1}"
2303,16/10/2025,29,609.7818389474339,"{100: 20, 500: 7, 5000: 3, 1000: 3, 200: 3}"
2346,23/08/2025,83,609.7627544299826,"{100: 18, 500: 11, 1000: 4, 5000: 2, 2000: 2, 200: 2}"
3099,03/10/2025,42,609.7498337556356,"{100: 14, 500: 13, 5000: 5, 1000: 4, 2000: 1, 200: 1}"
1843,07/10/2025,38,609.7035330343369,"{100: 19, 500: 11, 1000: 1, 200: 1, 5000: 1}"
7264,03/11/2025,11,609.6205231017625,"{100: 18, 500: 9, 5000: 3, 200: 3, 1000: 2, 2000: 1}"
6458,01/11/2025,13,609.593383790012,"{100: 16, 500: 10, 1000: 3, 200: 3, 5000: 2, 2000: 1}"
9789,05/11/2025,9,609.4098438579957,"{100: 17, 500: 12, 1000: 3, 5000: 2}"
3134,12/11/2025,2,609.3936556989347,"{100: 19, 500: 7, 200: 4, 5000: 3, 1000: 3}"
9787,23/08/2025,83,609.3410023794371,"{100: 18, 500: 9, 1000: 8, 200: 2, 5000: 1}"
2934,14/11/2025,0,609.3337145259123,"{100: 20, 500: 6, 5000: 5, 1000: 5, 200: 3, 2000: 2}"
0253,14/11/2025,0,609.2739204678961,"{100: 17, 500: 10, 200: 6, 1000: 5, 5000: 2, 2000: 1}"
9440,10/11/2025,4,609.2693691305668,"{100: 19, 500: 8, 1000: 3, 5000: 1, 200: 1}"
4051,11/10/2025,34,609.1862501863972,"{100: 18, 500: 9, 5000: 5, 1000: 4, 200: 3}"
3473,07/11/2025,7,609.1596444697408,"{100: 16, 500: 11, 1000: 5, 5000: 4, 2000: 1}"
3496,29/08/2025,77,609.1078279951862,"{100: 21, 500: 5, 200: 5, 1000: 3, 5000: 1}"
4634,29/09/2025,46,609.106977163218,"{100: 16, 500: 14, 1000: 3, 5000: 3, 200: 2}"
5464,12/10/2025,33,609.0987779986511,"{100: 16, 500: 13, 200: 4, 1000: 3, 2000: 1, 5000: 1}"
0411,10/09/2025,65,609.092759161648,"{100: 19, 500: 10, 5000: 3, 200: 2, 1000: 1, 2000: 1}"
1702,12/10/2025,33,609.0605808100214,"{100: 19, 500: 8, 1000: 5, 200: 3, 5000: 2}"
9918,27/10/2025,18,608.9491787519885,"{100: 17, 500: 10, 5000: 6, 200: 5, 2000: 4, 1000: 2}"
1960,22/09/2025,53,608.9365866230837,"{100: 18, 500: 11, 5000: 4, 1000: 2, 2000: 2, 200: 2}"
4845,04/11/2025,10,608.7554888110884,"{100: 17, 500: 11, 5000: 5, 1000: 3, 200: 2}"
4912,06/11/2025,8,608.6930662610317,"{100: 16, 500: 10, 200: 6, 5000: 4, 1000: 4, 2000: 2}"
1879,21/09/2025,54,608.6580199501685,"{500: 15, 100: 13, 5000: 6, 1000: 4, 200: 3, 2000: 1}"
1717,17/10/2025,28,608.6336207252049,"{100: 17, 500: 14, 5000: 5, 2000: 1, 200: 1}"
8338,10/11/2025,4,608.5762444328315,"{100: 15, 500: 13, 5000: 5, 1000: 4, 2000: 2, 200: 1}"
8738,25/10/2025,20,608.5601825902643,"{100: 17, 500: 11, 5000: 5, 200: 3, 1000: 3, 2000: 1}"
4999,28/09/2025,47,608.5360556924011,"{100: 17, 500: 12, 1000: 3, 200: 2, 5000: 1}"
2482,04/10/2025,41,608.4933673021185,"{100: 20, 500: 7, 1000: 3, 2000: 2, 200: 2, 5000: 1}"
2857,22/10/2025,23,608.3632812379446,"{100: 15, 500: 13, 1000: 5, 5000: 4}"
0924,31/10/2025,14,608.3464196030073,"{500: 17, 100: 12, 5000: 7, 200: 6, 1000: 6, 2000: 1}"
7271,14/11/2025,0,608.3274888938968,"{100: 18, 500: 8, 1000: 6, 5000: 5, 2000: 3}"
0458,09/11/2025,5,608.3080997074283,"{100: 21, 500: 7, 200: 5, 5000: 2, 2000: 1}"
5387,31/10/2025,14,608.1386892183588,"{100: 18, 500: 10, 200: 4, 1000: 2, 5000: 1, 2000: 1}"
0601,03/11/2025,11,608.0738555800025,"{100: 16, 500: 13, 200: 3, 1000: 1, 5000: 1}"
4803,08/11/2025,6,607.8701245849878,"{100: 16, 500: 13, 1000: 4, 200: 2, 2000: 1, 5000: 1}"
5471,07/09/2025,68,607.8605682488623,"{100: 16, 500: 11, 1000: 5, 5000: 3, 200: 1}"
1285,14/11/2025,0,607.8431822513066,"{100: 19, 500: 8, 200: 3, 1000: 2, 5000: 1}"
0626,10/08/2025,96,607.8377772616348,"{500: 19, 100: 13, 2000: 4, 1000: 3, 5000: 2, 200: 2}"
9710,20/10/2025,25,607.7807330738948,"{100: 16, 500: 10, 1000: 7, 5000: 3, 200: 3, 2000: 1}"
5881,13/11/2025,1,607.7047998654842,"{100: 18, 500: 7, 1000: 7, 200: 4, 5000: 2, 2000: 1}"
9675,03/10/2025,42,607.6528521776532,"{100: 19, 500: 9, 200: 3, 1000: 2, 5000: 1}"
9532,04/11/2025,10,607.6168819291806,"{100: 16, 500: 12, 1000: 6, 5000: 3, 2000: 1, 200: 1}"
5795,03/11/2025,11,607.5942266817262,"{100: 17, 500: 10, 5000: 5, 1000: 4, 200: 1}"
8368,11/11/2025,3,607.5727737066421,"{100: 18, 500: 9, 1000: 4, 5000: 2, 2000: 1}"
0913,29/10/2025,16,607.5384408543455,"{100: 15, 500: 13, 1000: 4, 5000: 3, 200: 3, 2000: 1}"
2246,13/11/2025,1,607.4686923838418,"{100: 17, 500: 11, 1000: 4, 5000: 2, 2000: 2, 200: 1}"
2932,13/11/2025,1,607.3878744625091,"{100: 17, 500: 11, 1000: 4, 2000: 2, 5000: 2, 200: 1}"
5562,09/09/2025,66,607.3394400484094,"{100: 19, 500: 9, 200: 4, 5000: 3, 1000: 3}"
9835,12/10/2025,33,607.3231145308788,"{100: 19, 500: 9, 5000: 3, 1000: 2, 2000: 1}"
5902,08/09/2025,67,607.3067080081706,"{100: 16, 500: 9, 1000: 9, 5000: 5, 200: 1}"
5040,21/10/2025,24,607.2759304278682,"{100: 16, 500: 12, 1000: 4, 200: 3, 5000: 2, 2000: 1}"
0504,25/10/2025,20,607.274686161407,"{100: 18, 500: 10, 200: 4, 1000: 3, 2000: 2, 5000: 1}"
5152,19/10/2025,26,607.1961942951968,"{100: 16, 500: 12, 1000: 8, 5000: 2, 2000: 1}"
7186,26/10/2025,19,607.0686746794242,"{100: 19, 500: 9, 5000: 3, 2000: 3, 200: 1}"
6468,21/09/2025,54,607.0660969235048,"{100: 16, 500: 14, 1000: 4, 200: 2, 5000: 1}"
3961,04/09/2025,71,607.0018633661857,"{100: 17, 500: 11, 1000: 7, 5000: 5}"
1907,13/10/2025,32,606.9884450555471,"{100: 17, 500: 12, 5000: 4, 200: 2, 1000: 2}"
3527,13/11/2025,1,606.8810626533851,"{100: 15, 500: 14, 200: 8, 1000: 2, 5000: 1}"
6935,21/10/2025,24,606.8056771679638,"{500: 15, 100: 14, 1000: 8, 5000: 3, 2000: 1}"
2592,06/11/2025,8,606.7984972027673,"{100: 20, 1000: 7, 500: 5, 5000: 3, 2000: 1, 200: 1}"
8717,14/11/2025,0,606.72826814799,"{100: 15, 500: 14, 1000: 3, 5000: 3, 200: 1}"
9754,08/11/2025,6,606.5563312033293,"{100: 17, 500: 9, 1000: 7, 5000: 4, 200: 4}"
8917,03/10/2025,42,606.520195194613,"{100: 16, 500: 12, 1000: 4, 200: 2, 5000: 2}"
1864,28/08/2025,78,606.5071654890825,"{100: 15, 500: 12, 1000: 6, 200: 5, 5000: 4}"
9294,15/10/2025,30,606.4463704622499,"{100: 19, 500: 7, 1000: 6, 2000: 2, 200: 2, 5000: 1}"
3275,24/09/2025,51,606.4243910764378,"{100: 19, 500: 8, 200: 3, 1000: 3, 5000: 3}"
8204,14/10/2025,31,606.2953674162234,"{100: 14, 500: 13, 1000: 10, 200: 3, 5000: 2, 2000: 1}"
8238,02/09/2025,73,606.2129244458164,"{100: 18, 500: 11, 5000: 5, 2000: 3, 1000: 1}"
9740,11/11/2025,3,606.1930814611609,"{100: 14, 500: 14, 200: 5, 2000: 2, 1000: 2, 5000: 1}"
6612,13/11/2025,1,606.1781587971386,"{100: 17, 500: 10, 200: 4, 1000: 3, 2000: 3, 5000: 3}"
1754,20/08/2025,86,606.1701993913999,"{100: 19, 500: 8, 5000: 3, 1000: 3, 200: 2, 2000: 1}"
5742,15/10/2025,30,606.1274967033104,"{500: 16, 100: 12, 1000: 7, 5000: 6, 200: 4}"
8708,30/10/2025,15,606.0091469201316,"{100: 19, 500: 7, 2000: 3, 200: 3, 5000: 2, 1000: 1}"
0753,31/10/2025,14,606.0061150847423,"{100: 19, 200: 7, 500: 7, 5000: 5, 1000: 2}"
5380,16/07/2025,121,605.9888910113896,"{100: 20, 500: 7, 1000: 5, 5000: 5}"
4427,22/10/2025,23,605.8378791398687,"{100: 16, 500: 12, 1000: 3, 200: 2, 2000: 1, 5000: 1}"
1295,23/10/2025,22,605.7214664770482,"{100: 19, 500: 10, 1000: 2, 2000: 1, 200: 1}"
0399,09/11/2025,5,605.6851179756786,"{100: 17, 500: 7, 5000: 6, 1000: 5, 2000: 2, 200: 1}"
4737,05/11/2025,9,605.6741868046565,"{100: 17, 500: 10, 1000: 4, 5000: 2, 200: 1}"
2330,10/10/2025,35,605.6515567167849,"{100: 17, 500: 7, 1000: 6, 5000: 5, 2000: 1}"
1710,11/11/2025,3,605.621500208686,"{100: 19, 1000: 8, 500: 5, 200: 3, 5000: 1}"
4732,07/11/2025,7,605.6196393006846,"{100: 16, 500: 12, 1000: 4, 200: 2, 5000: 2, 2000: 1}"
1938,30/09/2025,45,605.5349295163686,"{100: 17, 500: 11, 1000: 6, 5000: 4, 2000: 1, 200: 1}"
5137,06/11/2025,8,605.5334916490015,"{100: 18, 500: 11, 1000: 3, 2000: 2}"
3946,09/11/2025,5,605.5216874361267,"{100: 16, 500: 11, 1000: 6, 5000: 3, 200: 2, 2000: 1}"
1329,24/08/2025,82,605.3423228751305,"{100: 18, 500: 14, 2000: 2, 200: 2, 5000: 1}"
0568,11/09/2025,64,605.2931437727152,"{100: 20, 1000: 5, 5000: 5, 500: 5, 2000: 1}"
0583,01/10/2025,44,605.2640231446702,"{500: 15, 100: 13, 1000: 9, 5000: 4, 200: 3, 2000: 1}"
5740,05/11/2025,9,605.2372973116409,"{100: 17, 500: 11, 1000: 2, 5000: 2, 200: 2, 2000: 1}"
2706,01/11/2025,13,605.1838655676295,"{100: 16, 500: 13, 200: 3, 1000: 2, 2000: 1, 5000: 1}"
0662,30/09/2025,45,605.176235345578,"{100: 20, 500: 7, 1000: 3, 200: 2, 5000: 2, 2000: 2}"
0180,22/10/2025,23,605.1490686158445,"{100: 16, 500: 13, 1000: 3, 200: 3, 2000: 1}"
3282,10/11/2025,4,605.1249792141653,"{100: 17, 500: 13, 1000: 2, 200: 1, 5000: 1}"
5763,27/08/2025,79,605.0769648362221,"{500: 18, 100: 14, 200: 2, 1000: 2, 5000: 2, 2000: 1}"
6628,22/10/2025,23,604.8650598043233,"{100: 18, 500: 9, 1000: 5, 200: 3, 5000: 2, 2000: 1}"
5302,31/10/2025,14,604.8248006048783,"{100: 19, 1000: 10, 500: 6, 200: 3, 5000: 1}"
8847,06/11/2025,8,604.7759240445612,"{100: 16, 500: 13, 1000: 4, 200: 3, 5000: 2}"
8633,19/09/2025,56,604.6294234512683,"{100: 20, 500: 7, 5000: 4, 1000: 3, 200: 1}"
6466,01/11/2025,13,604.5351135632792,"{100: 18, 500: 9, 1000: 4, 2000: 3, 5000: 3, 200: 2}"
8988,19/09/2025,56,604.3923695863213,"{100: 19, 500: 11, 200: 3, 1000: 2}"
3156,06/09/2025,69,604.3254269919616,"{100: 17, 500: 13, 5000: 1, 2000: 1, 1000: 1}"
8972,07/11/2025,7,604.2393487572209,"{100: 16, 500: 13, 1000: 3, 200: 2, 5000: 1, 2000: 1}"
4235,25/10/2025,20,604.1873267986175,"{100: 18, 500: 7, 5000: 4, 200: 3, 1000: 2, 2000: 1}"
0741,08/11/2025,6,604.1819854678425,"{100: 17, 500: 9, 200: 7, 1000: 6, 5000: 3, 2000: 1}"
5610,29/09/2025,46,604.1805418977243,"{100: 18, 500: 12, 1000: 4, 2000: 1, 200: 1}"
5322,17/08/2025,89,604.1075783539849,"{100: 16, 500: 13, 1000: 8, 5000: 2, 200: 1, 2000: 1}"
1276,10/11/2025,4,604.041307217467,"{100: 17, 500: 10, 1000: 4, 2000: 4, 200: 3, 5000: 3}"
4451,04/09/2025,71,604.0361534389319,"{100: 20, 500: 9, 1000: 4, 200: 2, 2000: 2}"
1135,07/11/2025,7,603.9115187457401,"{100: 16, 500: 14, 200: 5, 2000: 3, 1000: 1}"
0092,30/10/2025,15,603.8390031570815,"{100: 17, 500: 8, 1000: 6, 5000: 5, 200: 3, 2000: 2}"
9148,07/11/2025,7,603.6682383577116,"{100: 17, 1000: 9, 500: 8, 5000: 2, 200: 1}"
5758,20/10/2025,25,603.634148257264,"{100: 18, 500: 7, 200: 6, 1000: 4, 5000: 4, 2000: 1}"
1250,13/11/2025,1,603.6267202099341,"{100: 18, 500: 8, 5000: 4, 1000: 4, 2000: 1, 200: 1}"
4938,26/10/2025,19,603.5156410018818,"{100: 15, 500: 13, 1000: 4, 200: 3, 5000: 2}"
2734,14/11/2025,0,603.4381631619383,"{500: 17, 100: 13, 1000: 6, 200: 2, 2000: 1}"
5976,16/10/2025,29,603.3677839406205,"{100: 16, 500: 12, 5000: 3, 1000: 2, 2000: 2, 200: 1}"
0061,15/07/2025,122,603.3300435634706,"{100: 16, 500: 15, 1000: 5, 5000: 1, 200: 1}"
8479,25/10/2025,20,602.9676107220814,"{100: 15, 500: 13, 200: 6, 1000: 3, 5000: 3, 2000: 2}"
7481,12/11/2025,2,602.9621084154345,"{500: 19, 100: 12, 1000: 2, 5000: 2, 2000: 2, 200: 1}"
9866,04/11/2025,10,602.9476159918006,"{100: 18, 500: 9, 1000: 4, 5000: 3, 200: 2, 2000: 1}"
8865,17/10/2025,28,602.9238520515966,"{100: 16, 500: 12, 5000: 6, 1000: 2, 2000: 1, 200: 1}"
8193,16/10/2025,29,602.9170281579982,"{100: 19, 500: 8, 5000: 4, 1000: 2, 2000: 2, 200: 2}"
5288,14/11/2025,0,602.8347743820007,"{100: 21, 500: 6, 1000: 4, 2000: 2}"
8601,29/10/2025,16,602.7304516910168,"{500: 17, 100: 13, 1000: 5, 200: 4, 5000: 3}"
4294,28/10/2025,17,602.6872855144484,"{100: 19, 500: 9, 5000: 3, 1000: 3, 2000: 1}"
5670,16/10/2025,29,602.6842667951773,"{500: 17, 100: 13, 5000: 4, 1000: 3, 2000: 2, 200: 2}"
6906,15/09/2025,60,602.6393482828595,"{100: 20, 500: 7, 5000: 3, 200: 2, 2000: 1, 1000: 1}"
2416,10/09/2025,65,602.6332007159065,"{100: 16, 500: 12, 1000: 4, 5000: 4, 200: 1, 2000: 1}"
0867,06/10/2025,39,602.6287310943527,"{100: 18, 500: 9, 1000: 5, 5000: 5, 200: 1}"
7738,05/11/2025,9,602.5893836077456,"{100: 18, 500: 12, 200: 3, 1000: 1}"
0880,24/09/2025,51,602.5620613241015,"{100: 17, 500: 12, 1000: 4, 200: 2, 5000: 1}"
3735,13/10/2025,32,602.538495639759,"{100: 17, 500: 12, 5000: 4, 1000: 4, 200: 1, 2000: 1}"
5184,16/09/2025,59,602.4877544375911,"{100: 16, 500: 12, 1000: 7, 200: 4, 5000: 3}"
0448,04/11/2025,10,602.4717978851346,"{100: 17, 500: 10, 1000: 3, 200: 3, 5000: 1}"
9672,06/10/2025,39,602.4352322681325,"{100: 15, 500: 14, 1000: 4, 200: 3, 5000: 1}"
5963,13/11/2025,1,602.4162296422793,"{100: 19, 500: 8, 1000: 3, 200: 2, 5000: 1}"
3377,10/09/2025,65,602.385804046593,"{100: 16, 500: 13, 1000: 4, 200: 2, 5000: 2, 2000: 1}"
2406,06/10/2025,39,602.3511875729761,"{100: 19, 500: 8, 5000: 4, 1000: 4}"
4653,10/10/2025,35,602.3008942122849,"{100: 15, 500: 14, 1000: 7, 200: 1, 5000: 1, 2000: 1}"
6374,09/11/2025,5,602.2940723612577,"{100: 19, 500: 7, 5000: 6, 200: 4, 1000: 2, 2000: 1}"
0354,14/11/2025,0,602.265797532761,"{100: 15, 500: 13, 1000: 3, 5000: 2, 2000: 1, 200: 1}"
0665,13/10/2025,32,602.2568383970582,"{100: 16, 500: 12, 5000: 5, 1000: 3, 200: 3, 2000: 2}"
4105,04/11/2025,10,602.2065142804718,"{100: 18, 500: 8, 1000: 4, 200: 4, 5000: 2, 2000: 2}"
3807,07/11/2025,7,602.1678310949015,"{100: 15, 500: 11, 5000: 6, 200: 3, 1000: 2}"
2805,11/11/2025,3,602.0907829040233,"{100: 17, 500: 10, 5000: 6, 1000: 2, 2000: 1}"
1167,07/11/2025,7,602.0314850484073,"{100: 17, 500: 10, 1000: 4, 5000: 3, 2000: 1, 200: 1}"
2504,06/11/2025,8,601.9895400086618,"{100: 18, 500: 7, 1000: 6, 2000: 3, 5000: 2, 200: 1}"
1973,11/10/2025,34,601.9636177874703,"{100: 16, 500: 13, 1000: 3, 200: 2, 5000: 1, 2000: 1}"
2057,20/08/2025,86,601.850244806544,"{100: 18, 500: 9, 1000: 5, 5000: 5, 2000: 2, 200: 1}"
2041,01/08/2025,105,601.8378352830971,"{100: 17, 500: 14, 1000: 2, 5000: 1}"
7972,14/10/2025,31,601.6854260443366,"{100: 17, 500: 10, 5000: 3, 1000: 3, 200: 2, 2000: 1}"
8381,05/11/2025,9,601.6235375550792,"{100: 15, 500: 12, 5000: 5, 1000: 4}"
0953,09/11/2025,5,601.5880415247043,"{100: 16, 500: 12, 1000: 5, 5000: 2, 200: 2, 2000: 1}"
2456,13/09/2025,62,601.5602460948164,"{100: 17, 500: 10, 1000: 4, 5000: 2, 200: 1, 2000: 1}"
3032,11/10/2025,34,601.4816216711536,"{100: 17, 500: 12, 200: 4, 1000: 2, 5000: 1, 2000: 1}"
1078,12/10/2025,33,601.4308757827025,"{100: 16, 500: 13, 1000: 4, 5000: 2, 2000: 1, 200: 1}"
2215,24/10/2025,21,601.1622739186195,"{100: 17, 500: 11, 1000: 6, 200: 2}"
5628,30/10/2025,15,601.1583469760403,"{100: 16, 500: 14, 1000: 3, 2000: 2, 200: 2}"
4463,01/11/2025,13,601.1515668625285,"{100: 16, 500: 10, 1000: 3, 5000: 2, 200: 2, 2000: 2}"
4718,25/09/2025,50,601.109787257878,"{100: 15, 500: 15, 1000: 4, 5000: 2, 2000: 1, 200: 1}"
1978,22/09/2025,53,601.0909149410057,"{100: 17, 500: 13, 5000: 4, 1000: 2, 2000: 1, 200: 1}"
5762,29/07/2025,108,601.0804425738633,"{500: 16, 100: 12, 1000: 9, 5000: 5, 2000: 2}"
7640,09/11/2025,5,600.9777848798628,"{100: 19, 500: 7, 1000: 3, 5000: 3, 2000: 1}"
3316,10/11/2025,4,600.9191537563886,"{100: 16, 500: 11, 1000: 8, 2000: 3, 5000: 1, 200: 1}"
5930,05/06/2025,162,600.8742636787243,"{100: 17, 500: 14, 1000: 3, 200: 1, 5000: 1}"
7664,23/10/2025,22,600.8154857848214,"{100: 16, 500: 12, 1000: 5, 5000: 3, 2000: 2, 200: 1}"
4611,21/07/2025,116,600.7890478794313,"{100: 16, 500: 12, 1000: 7, 5000: 6, 200: 2}"
9673,16/09/2025,59,600.7556120490622,"{100: 18, 500: 11, 5000: 3, 200: 3, 1000: 1}"
0908,16/09/2025,59,600.6992178482099,"{100: 19, 500: 8, 1000: 5, 2000: 3, 5000: 2, 200: 1}"
5757,13/10/2025,32,600.6758887713493,"{100: 15, 500: 10, 200: 8, 1000: 4, 5000: 4, 2000: 1}"
9483,17/10/2025,28,600.6083402311617,"{100: 17, 500: 11, 1000: 4, 2000: 3, 200: 2, 5000: 1}"
3685,10/09/2025,65,600.5516151843076,"{100: 17, 500: 11, 5000: 5, 1000: 3, 2000: 1}"
3383,10/11/2025,4,600.5347561402785,"{100: 15, 500: 10, 200: 5, 2000: 4, 5000: 3, 1000: 1}"
3444,25/07/2025,112,600.4950558197048,"{100: 16, 500: 12, 1000: 3, 5000: 2, 2000: 2, 200: 1}"
3470,14/10/2025,31,600.4917280639306,"{100: 18, 500: 8, 1000: 5, 200: 2, 5000: 1, 2000: 1}"
9209,16/10/2025,29,600.4865704533087,"{100: 15, 500: 14, 1000: 5, 5000: 1}"
4625,30/10/2025,15,600.2544508746906,"{100: 17, 500: 8, 1000: 7, 2000: 2, 5000: 2, 200: 2}"
9158,30/10/2025,15,600.249495700418,"{100: 18, 500: 9, 1000: 5, 5000: 2, 200: 1}"
0093,05/08/2025,101,600.1287892948071,"{100: 19, 500: 10, 200: 5, 5000: 1, 1000: 1}"
5106,09/10/2025,36,600.0860204860711,"{500: 16, 100: 15, 1000: 2, 200: 2, 2000: 1}"
4375,14/11/2025,0,600.0750487130338,"{100: 20, 5000: 4, 200: 4, 500: 3, 1000: 1, 2000: 1}"
9823,02/09/2025,73,600.0619807048406,"{100: 18, 500: 13, 1000: 2, 2000: 1}"
9244,17/10/2025,28,600.0220872465695,"{500: 22, 100: 10, 1000: 3, 5000: 3, 2000: 2, 200: 2}"
4486,25/10/2025,20,599.98549377015,"{100: 18, 500: 11, 5000: 2, 2000: 2, 200: 2}"
0829,14/10/2025,31,599.9401750497758,"{100: 16, 500: 12, 1000: 8, 5000: 1}"
6334,10/08/2025,96,599.768452665713,"{500: 15, 100: 15, 5000: 3, 1000: 3, 200: 3, 2000: 2}"
5527,22/09/2025,53,599.7567630078316,"{100: 18, 500: 10, 1000: 4, 5000: 2, 2000: 2}"
4793,05/11/2025,9,599.7437839436496,"{100: 17, 500: 8, 1000: 6, 5000: 5, 200: 2}"
0859,04/11/2025,10,599.7284367749598,"{500: 15, 100: 14, 1000: 5, 5000: 3, 2000: 2, 200: 1}"
1008,31/10/2025,14,599.4436104917529,"{100: 14, 500: 13, 5000: 5, 200: 3, 1000: 3, 2000: 1}"
5729,07/11/2025,7,599.4287128881833,"{100: 16, 500: 10, 1000: 6, 200: 5, 5000: 2, 2000: 2}"
3660,29/10/2025,16,599.4191784579413,"{500: 17, 100: 13, 5000: 7, 200: 3, 1000: 2}"
0747,14/11/2025,0,599.3401307154056,"{100: 17, 500: 10, 1000: 3, 200: 1, 5000: 1}"
9205,02/11/2025,12,599.2901050180152,"{500: 18, 100: 12, 1000: 3, 5000: 2, 200: 1, 2000: 1}"
2897,05/11/2025,9,599.032738375957,"{100: 19, 500: 7, 200: 5, 2000: 3, 1000: 3, 5000: 2}"
3128,13/09/2025,62,599.0210845903607,"{100: 15, 500: 13, 1000: 6, 200: 3, 2000: 3, 5000: 2}"
9975,11/10/2025,34,598.9573077728506,"{100: 19, 500: 7, 5000: 6, 200: 3, 2000: 1}"
5120,17/10/2025,28,598.8837281083536,"{100: 16, 500: 11, 1000: 4, 5000: 3, 2000: 1, 200: 1}"
5605,16/10/2025,29,598.8380418185347,"{100: 17, 500: 11, 200: 5, 1000: 4, 2000: 1, 5000: 1}"
6383,26/09/2025,49,598.8159373637645,"{100: 16, 500: 12, 5000: 4, 1000: 4, 200: 2}"
4025,06/11/2025,8,598.8062774822159,"{100: 16, 500: 12, 1000: 7, 200: 4}"
1874,30/10/2025,15,598.6885539240591,"{500: 15, 100: 14, 1000: 5, 5000: 3, 200: 2, 2000: 1}"
6684,01/10/2025,44,598.6713669765307,"{100: 18, 500: 8, 1000: 5, 5000: 3, 2000: 1}"
3774,06/09/2025,69,598.6348093189154,"{100: 21, 1000: 5, 500: 3, 2000: 2, 5000: 2, 200: 2}"
8473,25/09/2025,50,598.558904641603,"{100: 17, 500: 10, 1000: 6, 2000: 2, 5000: 2, 200: 2}"
2001,10/10/2025,35,598.4874869383568,"{100: 17, 500: 11, 5000: 3, 1000: 3, 200: 3, 2000: 1}"
4178,14/10/2025,31,598.4154543602411,"{500: 14, 100: 14, 1000: 4, 5000: 3, 200: 2, 2000: 1}"
3467,20/08/2025,86,598.3549220701103,"{100: 18, 500: 9, 1000: 8, 5000: 3, 2000: 1, 200: 1}"
0431,24/10/2025,21,598.2586084668405,"{100: 17, 500: 9, 5000: 3, 1000: 1, 200: 1, 2000: 1}"
6689,09/11/2025,5,598.2336571789422,"{100: 18, 500: 9, 1000: 3, 2000: 2, 200: 2, 5000: 2}"
6448,07/11/2025,7,598.2171689923118,"{100: 18, 500: 9, 200: 3, 5000: 2, 1000: 2}"
5154,08/09/2025,67,598.1810474932568,"{100: 15, 500: 15, 5000: 5, 2000: 2, 1000: 2, 200: 1}"
3989,08/11/2025,6,598.1283208954073,"{100: 15, 500: 13, 1000: 4, 5000: 4}"
3857,10/11/2025,4,598.0865640882853,"{100: 18, 500: 8, 1000: 5, 5000: 2, 200: 2}"
4436,27/10/2025,18,598.0108022499315,"{100: 18, 500: 6, 1000: 6, 5000: 3, 200: 3, 2000: 1}"
1625,04/11/2025,10,597.9615111932118,"{100: 16, 500: 10, 5000: 4, 1000: 4, 200: 3, 2000: 3}"
2274,11/10/2025,34,597.86828659903,"{500: 17, 100: 13, 5000: 5, 1000: 4, 2000: 3, 200: 2}"
4751,02/11/2025,12,597.8230666547073,"{100: 16, 500: 12, 1000: 4, 5000: 1, 2000: 1}"
1953,05/10/2025,40,597.8125953297252,"{100: 18, 500: 8, 5000: 2, 200: 2, 1000: 1}"
2704,31/10/2025,14,597.6895556427788,"{100: 20, 500: 6, 5000: 4, 200: 3, 1000: 2}"
3222,08/10/2025,37,597.4381145526211,"{100: 14, 500: 13, 2000: 5, 1000: 5, 5000: 5, 200: 1}"
0758,23/10/2025,22,597.404566809682,"{500: 15, 100: 13, 5000: 3, 1000: 3, 200: 1}"
3737,07/11/2025,7,597.3191921706502,"{500: 20, 100: 10, 1000: 5, 5000: 4, 200: 3}"
9716,22/10/2025,23,597.315919236766,"{500: 15, 100: 14, 1000: 3, 2000: 1, 5000: 1}"
0976,12/08/2025,94,597.2691265581815,"{100: 18, 500: 10, 1000: 5, 200: 1, 5000: 1}"
5766,14/11/2025,0,597.2106998409325,"{100: 17, 500: 10, 200: 7, 1000: 3, 2000: 2, 5000: 1}"
2893,13/11/2025,1,597.2098030144326,"{100: 17, 500: 11, 1000: 4, 5000: 2}"
3783,12/11/2025,2,597.0626880610333,"{100: 18, 1000: 7, 5000: 7, 500: 5, 2000: 2, 200: 2}"
9033,20/10/2025,25,597.0062438517772,"{500: 14, 100: 14, 1000: 5, 2000: 3, 5000: 2, 200: 2}"
1747,02/11/2025,12,597.001384654473,"{500: 14, 100: 14, 5000: 6, 200: 4, 1000: 3, 2000: 1}"
6198,05/11/2025,9,596.9509924903862,"{100: 15, 500: 10, 1000: 8, 5000: 5, 200: 5}"
3879,31/10/2025,14,596.9291483743702,"{100: 18, 1000: 6, 500: 6, 5000: 4, 2000: 2, 200: 2}"
8536,12/09/2025,63,596.8671325919304,"{100: 18, 500: 12, 1000: 4, 2000: 1}"
4007,28/10/2025,17,596.7493905468214,"{100: 18, 500: 8, 200: 4, 1000: 3, 2000: 3, 5000: 1}"
3634,12/11/2025,2,596.7257359712166,"{100: 18, 500: 7, 5000: 4, 1000: 3, 2000: 1}"
6524,29/10/2025,16,596.7221982125243,"{500: 17, 100: 13, 1000: 4, 5000: 3, 200: 1, 2000: 1}"
3661,11/10/2025,34,596.652691064459,"{100: 21, 500: 5, 1000: 3, 5000: 2}"
3695,23/10/2025,22,596.4456894343239,"{100: 15, 500: 11, 1000: 7, 5000: 6, 2000: 4, 200: 2}"
1871,25/08/2025,81,596.4064248310005,"{100: 17, 500: 12, 1000: 4, 200: 3, 5000: 2}"
5263,14/10/2025,31,596.1827609397565,"{500: 18, 100: 12, 5000: 5, 200: 3, 1000: 2, 2000: 1}"
4649,11/11/2025,3,596.1523138476206,"{100: 16, 500: 11, 1000: 5, 5000: 2, 2000: 1, 200: 1}"
8617,15/10/2025,30,596.1431326237572,"{100: 17, 500: 11, 1000: 3, 5000: 3, 200: 2}"
1587,27/10/2025,18,596.0968955168582,"{100: 15, 500: 14, 1000: 3, 200: 2, 5000: 1}"
5915,11/10/2025,34,596.074247931574,"{100: 16, 500: 10, 1000: 3, 5000: 3, 2000: 1, 200: 1}"
5724,21/09/2025,54,595.9609724582356,"{100: 18, 500: 10, 1000: 5, 200: 1, 2000: 1}"
7755,19/10/2025,26,595.9347739703302,"{100: 17, 500: 11, 2000: 2, 5000: 2, 200: 1, 1000: 1}"
1762,30/10/2025,15,595.8648529335466,"{100: 18, 500: 8, 5000: 5, 1000: 4, 200: 3}"
0434,11/11/2025,3,595.7358630575054,"{100: 15, 500: 12, 1000: 5, 5000: 4, 200: 3}"
0640,14/10/2025,31,595.6927066160796,"{100: 17, 500: 11, 200: 4, 1000: 2, 2000: 1, 5000: 1}"
4005,20/09/2025,55,595.6921426604421,"{100: 17, 500: 12, 5000: 4, 1000: 1, 2000: 1, 200: 1}"
3741,31/10/2025,14,595.6582757566015,"{100: 17, 500: 9, 1000: 4, 5000: 3, 200: 2, 2000: 1}"
0648,20/07/2025,117,595.5677984464656,"{100: 18, 500: 11, 5000: 4, 1000: 3, 2000: 1}"
1240,24/08/2025,82,595.5230291426117,"{100: 17, 500: 10, 1000: 6, 5000: 5, 200: 2}"
1152,12/11/2025,2,595.4999195667627,"{500: 14, 100: 14, 1000: 6, 5000: 2, 2000: 1, 200: 1}"
7146,21/10/2025,24,595.4417469540151,"{100: 17, 500: 9, 1000: 5, 5000: 2, 2000: 1, 200: 1}"
8276,05/11/2025,9,595.4228947068403,"{100: 16, 500: 12, 5000: 4, 200: 3, 1000: 2, 2000: 1}"
7103,16/08/2025,90,595.3316811679266,"{100: 15, 500: 13, 5000: 5, 1000: 2, 2000: 2}"
2201,13/11/2025,1,595.3133625709119,"{100: 18, 500: 9, 5000: 4, 1000: 2, 200: 1}"
6144,17/10/2025,28,595.2988741932538,"{100: 15, 500: 11, 1000: 6, 200: 5, 5000: 3, 2000: 1}"
7742,06/11/2025,8,595.2637351388487,"{100: 17, 500: 11, 5000: 3, 200: 2, 1000: 2}"
1493,06/11/2025,8,595.2201369163352,"{100: 14, 500: 13, 200: 7, 1000: 6, 5000: 3}"
1635,04/10/2025,41,595.0143952854021,"{100: 17, 500: 11, 1000: 4, 5000: 3, 200: 2}"
1420,13/11/2025,1,594.9668602229901,"{100: 17, 500: 10, 5000: 6, 1000: 2, 200: 1}"
6752,15/04/2025,213,594.9657451068659,"{100: 16, 500: 13, 5000: 5, 1000: 4}"
5142,13/09/2025,62,594.8740030296324,"{100: 14, 500: 13, 5000: 6, 200: 3, 2000: 2, 1000: 1}"
2912,12/11/2025,2,594.8614196442509,"{500: 18, 100: 11, 1000: 9, 5000: 4, 2000: 2, 200: 1}"
3752,01/10/2025,44,594.819560628148,"{100: 18, 500: 8, 1000: 5, 200: 5, 2000: 2, 5000: 2}"
6242,05/11/2025,9,594.7277726040393,"{100: 21, 500: 4, 5000: 3, 200: 3, 1000: 2, 2000: 1}"
5879,18/10/2025,27,594.7018994440432,"{100: 20, 500: 6, 1000: 3, 5000: 2, 2000: 2, 200: 2}"
9767,19/09/2025,56,594.6745391261976,"{100: 17, 500: 8, 5000: 5, 1000: 4, 200: 4, 2000: 3}"
0589,18/09/2025,57,594.5600900435894,"{100: 18, 500: 9, 1000: 6, 200: 2, 2000: 2, 5000: 1}"
6104,29/10/2025,16,594.4973914109452,"{100: 13, 500: 13, 1000: 8, 5000: 4, 2000: 3, 200: 2}"
5300,02/11/2025,12,594.4515251814397,"{100: 18, 500: 8, 200: 3, 5000: 3, 1000: 3, 2000: 1}"
1132,16/09/2025,59,594.4231081662053,"{100: 16, 500: 9, 1000: 4, 200: 4, 5000: 3}"
9211,13/11/2025,1,594.4017192150008,"{100: 15, 500: 12, 5000: 3, 1000: 2, 200: 2, 2000: 1}"
5863,15/10/2025,30,594.3890337091631,"{100: 16, 500: 11, 1000: 6, 5000: 3, 2000: 1}"
5869,27/10/2025,18,594.340549375878,"{100: 17, 500: 11, 1000: 3, 5000: 2, 2000: 1}"
4695,10/10/2025,35,594.287462812509,"{100: 14, 500: 11, 5000: 6, 1000: 6, 200: 6, 2000: 1}"
9565,10/11/2025,4,594.2797573804311,"{100: 18, 500: 7, 1000: 5, 200: 2, 5000: 1, 2000: 1}"
8132,06/06/2025,161,594.2749513173479,"{100: 20, 1000: 7, 500: 7, 5000: 4, 200: 2}"
4779,04/10/2025,41,594.2337940150908,"{100: 15, 500: 15, 5000: 3, 1000: 2}"
1857,23/10/2025,22,594.1711700925866,"{100: 15, 500: 12, 1000: 3, 5000: 2, 2000: 2, 200: 2}"
2602,20/10/2025,25,594.148193571734,"{100: 17, 500: 8, 5000: 7, 1000: 4, 200: 2, 2000: 1}"
1520,15/09/2025,60,594.1040525297241,"{500: 14, 100: 12, 1000: 7, 5000: 5, 2000: 5, 200: 4}"
1503,18/10/2025,27,594.0259627000183,"{100: 17, 500: 9, 1000: 6, 5000: 4, 200: 2}"
1236,18/10/2025,27,593.9498996585751,"{100: 19, 500: 8, 200: 3, 5000: 2, 1000: 1}"
1030,09/11/2025,5,593.8496982974942,"{100: 18, 500: 11, 200: 3, 1000: 2, 2000: 1}"
4738,16/09/2025,59,593.8433408762598,"{100: 17, 500: 8, 5000: 4, 1000: 4, 200: 2, 2000: 1}"
7637,08/11/2025,6,593.7486398688129,"{100: 16, 500: 11, 2000: 5, 200: 3, 1000: 2, 5000: 1}"
5448,24/06/2025,143,593.6521752073677,"{100: 16, 500: 14, 1000: 4, 5000: 3}"
8285,04/11/2025,10,593.6296535996427,"{500: 15, 100: 14, 1000: 4, 200: 2, 5000: 1}"
0776,29/10/2025,16,593.5894638009435,"{100: 16, 500: 12, 1000: 4, 5000: 2, 200: 2, 2000: 1}"
2722,15/09/2025,60,593.528374060162,"{500: 15, 100: 14, 5000: 4, 1000: 3, 200: 3}"
2536,01/11/2025,13,593.4659197059441,"{100: 15, 500: 12, 5000: 6, 1000: 5}"
9854,03/11/2025,11,593.3972742192559,"{500: 19, 100: 10, 1000: 8, 5000: 4, 200: 2}"
5419,13/11/2025,1,593.3946387938943,"{100: 16, 500: 9, 1000: 8, 2000: 2, 5000: 2, 200: 2}"
6159,07/11/2025,7,593.3504222748736,"{100: 17, 500: 9, 1000: 5, 200: 1, 5000: 1}"
9060,21/09/2025,54,593.3327029274195,"{100: 17, 500: 8, 1000: 8, 5000: 5, 200: 4, 2000: 1}"
7668,23/10/2025,22,593.3105394083037,"{100: 16, 500: 8, 5000: 4, 1000: 3, 2000: 2, 200: 1}"
6621,14/11/2025,0,593.2449098285462,"{100: 17, 1000: 7, 200: 6, 500: 6, 5000: 5, 2000: 1}"
9848,21/10/2025,24,592.9659670048437,"{100: 16, 500: 13, 5000: 2, 1000: 2, 200: 2}"
1230,15/07/2025,122,592.9291156080426,"{100: 19, 500: 10, 5000: 3, 2000: 2, 200: 1, 1000: 1}"
2093,23/10/2025,22,592.8037057988494,"{100: 16, 500: 9, 5000: 5, 1000: 5, 2000: 3}"
0202,05/10/2025,40,592.7502852906666,"{100: 16, 500: 10, 1000: 6, 5000: 3, 200: 2}"
9953,29/08/2025,77,592.7141326540234,"{100: 19, 500: 10, 200: 4, 2000: 1, 1000: 1}"
9478,08/11/2025,6,592.6582574841578,"{500: 17, 100: 13, 200: 4, 1000: 3, 5000: 2}"
2081,17/10/2025,28,592.5863284208602,"{100: 18, 500: 9, 5000: 3, 200: 2, 1000: 1, 2000: 1}"
1652,13/09/2025,62,592.5652967871093,"{100: 18, 500: 9, 5000: 4, 1000: 3, 200: 2}"
9780,06/11/2025,8,592.4759158137555,"{100: 16, 500: 12, 5000: 5, 1000: 3, 2000: 1}"
5149,09/11/2025,5,592.4740816960889,"{100: 18, 500: 7, 1000: 7, 200: 3, 5000: 1}"
6267,13/11/2025,1,592.231679276003,"{100: 16, 500: 10, 1000: 5, 5000: 2, 2000: 1, 200: 1}"
2356,29/09/2025,46,592.1185576609015,"{100: 18, 500: 10, 1000: 4, 5000: 3, 2000: 2, 200: 1}"
8085,10/10/2025,35,592.1145287429089,"{100: 18, 1000: 8, 500: 7, 5000: 2, 2000: 1, 200: 1}"
7152,12/11/2025,2,592.0802662900661,"{100: 16, 500: 12, 2000: 3, 5000: 3, 1000: 2, 200: 1}"
3731,13/11/2025,1,592.0367898325693,"{100: 18, 500: 8, 1000: 4, 2000: 3, 5000: 2}"
5968,08/10/2025,37,592.0306273329944,"{100: 16, 500: 11, 1000: 3, 5000: 3, 200: 2, 2000: 1}"
1776,17/10/2025,28,591.8745560847183,"{100: 18, 500: 12, 200: 3, 2000: 2, 5000: 1}"
5432,16/09/2025,59,591.6891635856929,"{100: 16, 500: 11, 1000: 8, 2000: 1, 200: 1, 5000: 1}"
0796,19/10/2025,26,591.6006642270042,"{100: 18, 500: 8, 5000: 3, 1000: 2, 200: 1}"
2906,07/11/2025,7,591.5946327140981,"{100: 16, 500: 12, 5000: 5, 200: 2, 2000: 1, 1000: 1}"
0453,11/11/2025,3,591.4865514700695,"{100: 16, 500: 9, 5000: 3, 200: 3, 1000: 3, 2000: 1}"
4720,03/11/2025,11,591.4831160058219,"{100: 17, 500: 10, 200: 6, 1000: 4, 2000: 1, 5000: 1}"
5418,11/09/2025,64,591.4681713716129,"{100: 17, 500: 12, 200: 3, 5000: 3, 1000: 1}"
1898,28/10/2025,17,591.3825999741791,"{100: 18, 500: 9, 5000: 3, 200: 1, 1000: 1}"
1908,26/09/2025,49,591.3513699555383,"{100: 15, 500: 13, 5000: 4, 1000: 3, 200: 3, 2000: 1}"
7224,09/11/2025,5,591.2877762523163,"{100: 18, 500: 7, 1000: 7, 200: 3, 5000: 2, 2000: 2}"
4682,12/11/2025,2,591.2632314621206,"{100: 16, 500: 12, 1000: 4, 2000: 2, 5000: 2}"
4080,21/10/2025,24,591.2377408672157,"{500: 15, 100: 13, 5000: 7, 1000: 3, 200: 3, 2000: 2}"
1739,24/10/2025,21,591.191093826708,"{100: 18, 500: 9, 5000: 3, 200: 3, 1000: 2, 2000: 2}"
4704,01/11/2025,13,591.1606865409842,"{100: 17, 500: 12, 1000: 2, 5000: 2, 200: 1, 2000: 1}"
3730,07/11/2025,7,591.0968282262768,"{500: 14, 100: 13, 1000: 5, 5000: 3, 200: 3}"
6056,12/11/2025,2,591.0689133004138,"{100: 18, 500: 10, 200: 5, 5000: 2, 2000: 2}"
3045,13/11/2025,1,591.0200662057397,"{100: 17, 500: 9, 1000: 4, 2000: 3, 5000: 3}"
1965,12/07/2025,125,590.9965319213438,"{100: 16, 500: 12, 1000: 4, 5000: 2, 200: 2, 2000: 1}"
1352,18/09/2025,57,590.938605093818,"{100: 17, 500: 10, 1000: 5, 5000: 3, 2000: 3, 200: 2}"
0850,07/10/2025,38,590.8495330450131,"{100: 16, 500: 11, 1000: 8, 2000: 2, 5000: 2}"
9721,25/09/2025,50,590.8253417983482,"{100: 19, 500: 8, 200: 2, 5000: 2, 1000: 1, 2000: 1}"
7941,30/10/2025,15,590.7031070086201,"{100: 17, 500: 13, 5000: 3, 2000: 2, 200: 1}"
7832,11/11/2025,3,590.6392060414147,"{100: 16, 500: 11, 5000: 5, 1000: 2, 200: 1}"
7904,07/11/2025,7,590.5029218519122,"{100: 16, 500: 9, 200: 4, 1000: 4, 2000: 3, 5000: 2}"
1611,27/10/2025,18,590.4293590411243,"{100: 17, 500: 11, 200: 3, 1000: 2, 2000: 2, 5000: 1}"
4787,27/10/2025,18,590.3976570997154,"{500: 17, 100: 13, 5000: 4, 1000: 2, 200: 2, 2000: 1}"
0324,19/08/2025,87,590.3884765595325,"{100: 17, 500: 13, 2000: 1, 5000: 1, 1000: 1, 200: 1}"
3135,04/09/2025,71,590.3539065495025,"{100: 19, 500: 7, 1000: 5, 2000: 2, 5000: 2, 200: 2}"
8188,20/10/2025,25,590.3406086892642,"{100: 17, 500: 10, 5000: 7, 1000: 2, 2000: 1}"
9418,13/10/2025,32,590.3393122079937,"{100: 16, 500: 10, 5000: 4, 200: 2, 1000: 1, 2000: 1}"
1180,03/10/2025,42,590.3284395742568,"{100: 16, 500: 11, 5000: 5, 1000: 4, 200: 3}"
3218,02/11/2025,12,590.2700314327301,"{500: 13, 100: 13, 1000: 6, 5000: 4, 200: 4}"
6274,21/10/2025,24,590.1640757850734,"{100: 17, 500: 10, 1000: 5, 5000: 2, 200: 2}"
9198,02/09/2025,73,590.1231686851133,"{100: 16, 500: 8, 200: 5, 1000: 5, 5000: 3, 2000: 1}"
8394,30/10/2025,15,590.1000461209118,"{100: 18, 500: 7, 1000: 7, 200: 2, 5000: 1}"
1409,17/10/2025,28,589.9416773808767,"{100: 17, 500: 10, 5000: 3, 1000: 1, 2000: 1, 200: 1}"
6435,17/07/2025,120,589.9389884017359,"{500: 20, 100: 13, 1000: 2, 2000: 1, 5000: 1}"
8830,16/10/2025,29,589.9131277378249,"{100: 15, 500: 14, 5000: 3, 1000: 3, 2000: 1}"
6194,15/09/2025,60,589.5162939437959,"{100: 17, 500: 11, 5000: 5, 1000: 2, 200: 1, 2000: 1}"
3471,14/09/2025,61,589.4039121096795,"{100: 17, 500: 11, 5000: 7, 1000: 1, 200: 1}"
1226,27/10/2025,18,589.3995516524501,"{100: 15, 500: 13, 1000: 4, 5000: 4, 200: 3}"
3718,24/09/2025,51,589.2836801052765,"{100: 19, 500: 6, 5000: 4, 1000: 4, 200: 4, 2000: 1}"
3066,16/08/2025,90,589.2281258387231,"{100: 21, 500: 6, 1000: 3, 200: 2}"
0574,18/09/2025,57,589.1605105295714,"{100: 15, 500: 12, 1000: 8, 5000: 4, 2000: 1}"
2305,13/11/2025,1,589.1366132135661,"{100: 17, 500: 9, 1000: 5, 2000: 3, 5000: 3, 200: 2}"
3687,10/11/2025,4,588.8583205409964,"{500: 14, 100: 14, 1000: 5, 2000: 2, 5000: 1, 200: 1}"
8730,27/10/2025,18,588.725891417152,"{100: 16, 500: 11, 200: 4, 1000: 4, 2000: 1, 5000: 1}"
7281,28/10/2025,17,588.7022604947911,"{100: 16, 500: 12, 1000: 4, 2000: 2, 5000: 1, 200: 1}"
2767,05/10/2025,40,588.5569353501371,"{100: 18, 500: 8, 1000: 6, 2000: 2, 200: 2, 5000: 2}"
1522,10/11/2025,4,588.4847652350712,"{100: 15, 500: 12, 1000: 4, 5000: 2, 200: 2}"
3744,01/11/2025,13,588.4454319286522,"{100: 16, 500: 9, 1000: 7, 5000: 4, 2000: 1, 200: 1}"
4644,11/11/2025,3,588.3817871475499,"{500: 15, 100: 14, 1000: 5, 2000: 2}"
8706,09/10/2025,36,588.380293064661,"{100: 14, 500: 12, 5000: 5, 200: 4, 1000: 2}"
9354,03/11/2025,11,588.1901777902868,"{100: 16, 500: 13, 5000: 7, 200: 2, 2000: 1}"
4395,11/11/2025,3,588.0832034318307,"{100: 16, 500: 11, 5000: 4, 1000: 4, 200: 2, 2000: 1}"
4657,14/11/2025,0,588.0197537530266,"{100: 20, 200: 7, 500: 6, 1000: 3, 2000: 1}"
0390,28/08/2025,78,588.0097765753043,"{100: 17, 500: 10, 200: 5, 1000: 4, 5000: 4, 2000: 1}"
7760,24/10/2025,21,587.8363154283917,"{500: 16, 100: 13, 200: 5, 2000: 4, 1000: 4, 5000: 2}"
7175,05/11/2025,9,587.7899294495111,"{100: 15, 500: 12, 5000: 5, 1000: 5, 200: 2, 2000: 1}"
1789,07/11/2025,7,587.7443109909539,"{100: 19, 500: 9, 1000: 2, 2000: 1, 200: 1}"
7494,27/06/2025,140,587.6657211308213,"{100: 19, 500: 10, 2000: 1, 1000: 1, 5000: 1}"
5741,26/10/2025,19,587.5937643490007,"{100: 19, 500: 9, 5000: 3, 200: 1}"
3689,10/11/2025,4,587.5029926227978,"{100: 15, 500: 13, 5000: 3, 200: 3, 1000: 3, 2000: 2}"
2729,20/09/2025,55,587.4895228010464,"{100: 15, 500: 12, 1000: 8, 200: 3, 5000: 3}"
1535,15/10/2025,30,587.4431856789909,"{100: 19, 500: 9, 5000: 4, 2000: 2, 200: 2}"
0481,04/06/2025,163,587.3475221130584,"{100: 17, 500: 13, 5000: 4, 1000: 3, 200: 1}"
7836,09/08/2025,97,587.336965336326,"{100: 15, 500: 14, 5000: 5, 1000: 3, 200: 2}"
8700,07/11/2025,7,587.2786035102721,"{100: 17, 1000: 7, 500: 6, 5000: 2, 2000: 2, 200: 1}"
4299,26/08/2025,80,587.2748897735111,"{100: 23, 500: 4, 1000: 2, 2000: 1}"
9795,11/11/2025,3,587.0594582956558,"{100: 17, 500: 9, 1000: 5, 5000: 1, 200: 1}"
5303,05/10/2025,40,587.0586083351932,"{100: 15, 500: 13, 1000: 5, 200: 3, 2000: 2, 5000: 2}"
0857,23/10/2025,22,587.0425940339496,"{100: 16, 500: 11, 200: 5, 5000: 4, 1000: 1, 2000: 1}"
9154,25/10/2025,20,587.031083079716,"{100: 19, 500: 6, 1000: 4, 5000: 3, 2000: 1, 200: 1}"
1734,19/10/2025,26,586.9389921512754,"{100: 18, 500: 8, 1000: 5, 5000: 3, 200: 2}"
6259,24/09/2025,51,586.9246660169506,"{100: 15, 500: 13, 1000: 5, 200: 3, 5000: 2, 2000: 1}"
5637,14/11/2025,0,586.9125790549407,"{100: 18, 500: 8, 5000: 4, 200: 3, 1000: 2, 2000: 1}"
9008,06/11/2025,8,586.9052257085485,"{100: 15, 500: 13, 1000: 7, 200: 4, 2000: 1}"
5441,25/10/2025,20,586.8736953559924,"{100: 19, 500: 6, 1000: 4, 200: 3, 5000: 1}"
5304,31/10/2025,14,586.7598853527652,"{100: 18, 500: 10, 1000: 4, 200: 3}"
6359,14/10/2025,31,586.5954353052936,"{100: 17, 500: 11, 5000: 3, 2000: 2, 1000: 1, 200: 1}"
1992,15/09/2025,60,586.5908936574797,"{100: 17, 500: 9, 1000: 5, 200: 3, 2000: 3, 5000: 1}"
0155,07/10/2025,38,586.5410930567114,"{100: 18, 5000: 6, 500: 6, 1000: 5, 2000: 2, 200: 1}"
8759,23/10/2025,22,586.5167351410214,"{100: 19, 500: 6, 1000: 5, 5000: 4, 200: 3}"
6022,11/11/2025,3,586.4715231491841,"{100: 15, 500: 11, 1000: 5, 5000: 4, 2000: 1, 200: 1}"
0752,17/08/2025,89,586.4373838268182,"{100: 18, 500: 13, 2000: 2, 200: 1, 5000: 1}"
5773,17/10/2025,28,586.4059813956511,"{100: 16, 500: 10, 1000: 7, 2000: 3, 5000: 2, 200: 2}"
0882,06/10/2025,39,586.342366964857,"{100: 17, 500: 10, 1000: 2, 5000: 2, 200: 1}"
5738,01/10/2025,44,586.3349689939835,"{100: 18, 500: 10, 1000: 4, 200: 3, 2000: 1}"
8952,18/08/2025,88,586.3342420369931,"{100: 16, 500: 10, 1000: 4, 5000: 3, 200: 2, 2000: 1}"
5295,04/10/2025,41,586.2395047883257,"{100: 16, 500: 12, 5000: 4, 200: 2, 1000: 1}"
2116,29/10/2025,16,586.1734404376946,"{100: 15, 500: 11, 5000: 4, 200: 3, 1000: 3}"
4177,08/09/2025,67,586.1648459229806,"{100: 18, 500: 7, 200: 3, 1000: 3, 5000: 2}"
7667,31/08/2025,75,586.0436939344119,"{100: 16, 500: 12, 1000: 4, 5000: 1}"
2492,02/11/2025,12,585.96323219033,"{100: 15, 500: 11, 1000: 4, 5000: 3, 2000: 1, 200: 1}"
4276,14/11/2025,0,585.9350213378845,"{100: 16, 500: 10, 5000: 7, 200: 3, 1000: 2}"
3478,29/10/2025,16,585.8719604672267,"{100: 17, 500: 10, 1000: 2, 5000: 2, 200: 2, 2000: 1}"
1162,30/09/2025,45,585.8406448153805,"{500: 15, 100: 13, 1000: 6, 5000: 3, 2000: 2, 200: 2}"
2284,03/11/2025,11,585.8333083183786,"{100: 17, 500: 11, 1000: 4, 5000: 2, 200: 1}"
5582,18/10/2025,27,585.8049249776764,"{500: 15, 100: 14, 1000: 4, 200: 3, 5000: 1}"
3674,26/10/2025,19,585.7766084539786,"{100: 20, 500: 6, 1000: 4, 200: 3}"
9783,31/10/2025,14,585.7709966523131,"{100: 17, 500: 8, 5000: 5, 1000: 3, 200: 3, 2000: 1}"
7455,04/11/2025,10,585.760092124476,"{100: 15, 500: 11, 1000: 9, 200: 2, 5000: 1}"
2918,04/11/2025,10,585.7367570629224,"{100: 17, 500: 11, 5000: 4, 200: 3, 1000: 2}"
0545,16/09/2025,59,585.7318799386137,"{100: 20, 500: 7, 1000: 5, 2000: 3, 200: 2}"
4332,05/11/2025,9,585.7115859987745,"{100: 17, 500: 8, 1000: 4, 5000: 3, 2000: 2, 200: 2}"
9786,07/11/2025,7,585.6705115565591,"{100: 14, 500: 11, 1000: 7, 5000: 5, 200: 1}"
6968,05/08/2025,101,585.6110346791284,"{500: 16, 100: 13, 1000: 6, 5000: 4, 200: 1}"
5769,13/11/2025,1,585.5155896478169,"{100: 15, 500: 10, 200: 6, 1000: 5, 5000: 3}"
7687,13/10/2025,32,585.5039536035662,"{100: 18, 500: 8, 2000: 3, 5000: 3, 200: 2, 1000: 2}"
4046,03/10/2025,42,585.4779101547591,"{100: 17, 500: 11, 5000: 3, 1000: 2, 2000: 1}"
2968,08/09/2025,67,585.4135450394688,"{100: 15, 500: 14, 5000: 5, 1000: 3, 200: 2}"
5925,18/09/2025,57,585.3463329744085,"{100: 17, 500: 11, 1000: 4, 200: 2, 5000: 1}"
2981,07/09/2025,68,585.1540855259598,"{100: 15, 500: 13, 200: 6, 1000: 3, 5000: 1, 2000: 1}"
6120,09/11/2025,5,585.1527718960939,"{100: 17, 500: 12, 5000: 3, 200: 1}"
8298,09/11/2025,5,585.1340866340568,"{100: 14, 500: 12, 5000: 5, 1000: 4, 200: 4, 2000: 1}"
8527,09/11/2025,5,585.0451967198317,"{100: 17, 500: 10, 200: 3, 2000: 2, 1000: 2, 5000: 2}"
4167,06/10/2025,39,584.9038712259,"{100: 16, 500: 12, 5000: 2, 1000: 2, 200: 2, 2000: 1}"
6670,22/10/2025,23,584.8579788216537,"{100: 16, 500: 9, 5000: 9, 1000: 5, 2000: 2, 200: 1}"
5170,06/11/2025,8,584.7214849962256,"{100: 17, 500: 10, 200: 3, 1000: 3, 5000: 2}"
5655,14/10/2025,31,584.6942358832695,"{100: 15, 500: 11, 5000: 6, 200: 3, 1000: 2}"
6364,05/11/2025,9,584.6621143824672,"{100: 14, 500: 13, 1000: 5, 5000: 5, 200: 1, 2000: 1}"
7702,06/10/2025,39,584.6214056014553,"{100: 18, 500: 7, 200: 4, 1000: 4, 2000: 2, 5000: 2}"
8482,04/11/2025,10,584.5435081511016,"{100: 18, 5000: 6, 500: 6, 1000: 3}"
6132,14/11/2025,0,584.5048243843962,"{100: 17, 500: 11, 1000: 5, 200: 2}"
0971,02/11/2025,12,584.4622726465117,"{100: 17, 500: 9, 5000: 4, 1000: 3, 200: 3, 2000: 2}"
3716,25/10/2025,20,584.2645214965905,"{100: 16, 500: 11, 5000: 3, 2000: 2, 1000: 1}"
3582,24/09/2025,51,584.065564557006,"{100: 18, 500: 10, 1000: 6, 200: 2, 2000: 1}"
1654,05/11/2025,9,583.9506771966293,"{100: 16, 500: 11, 2000: 4, 1000: 3, 5000: 3, 200: 1}"
3367,30/10/2025,15,583.9313771904773,"{100: 16, 500: 12, 1000: 4, 200: 4}"
7871,24/10/2025,21,583.918831040304,"{100: 18, 500: 8, 1000: 4, 5000: 3, 200: 2, 2000: 1}"
1988,21/10/2025,24,583.9162158102449,"{500: 15, 100: 14, 5000: 3, 1000: 1, 2000: 1, 200: 1}"
0676,07/11/2025,7,583.7656974732404,"{100: 17, 500: 11, 2000: 1, 5000: 1, 1000: 1}"
8172,03/10/2025,42,583.5549483433049,"{100: 19, 500: 6, 5000: 3, 200: 2, 1000: 2, 2000: 2}"
0402,19/10/2025,26,583.5129695813472,"{100: 18, 500: 11, 200: 4, 1000: 1, 2000: 1}"
9345,28/10/2025,17,583.5065280277156,"{100: 18, 500: 6, 5000: 2, 200: 2, 1000: 1, 2000: 1}"
5718,11/10/2025,34,583.4661059448697,"{100: 19, 1000: 5, 500: 5, 5000: 2, 2000: 2, 200: 2}"
7688,25/09/2025,50,583.4319564363378,"{100: 17, 500: 10, 5000: 5, 1000: 4}"
2278,20/10/2025,25,583.3904658459868,"{100: 17, 500: 9, 1000: 3, 5000: 3}"
6163,04/11/2025,10,583.3300412354781,"{100: 18, 500: 8, 200: 3, 1000: 2, 5000: 1}"
0442,27/10/2025,18,583.3259347429714,"{100: 14, 500: 12, 5000: 3, 1000: 2, 200: 2}"
8383,30/09/2025,45,583.2816076419886,"{100: 14, 500: 11, 1000: 7, 200: 6, 5000: 5, 2000: 1}"
2976,26/10/2025,19,583.2433783056101,"{100: 16, 500: 9, 1000: 7, 200: 4, 2000: 2, 5000: 1}"
9414,16/09/2025,59,583.2300229191306,"{100: 16, 500: 11, 5000: 6, 1000: 3, 200: 2}"
4996,30/09/2025,45,583.0134037013646,"{100: 15, 500: 13, 5000: 3, 1000: 3, 2000: 1, 200: 1}"
5849,23/10/2025,22,582.9837363155812,"{100: 17, 500: 11, 5000: 2, 2000: 1, 1000: 1}"
8747,25/10/2025,20,582.9073708173117,"{100: 15, 500: 12, 1000: 4, 5000: 2, 200: 1}"
9488,12/11/2025,2,582.8832650518569,"{100: 15, 500: 11, 1000: 6, 5000: 4, 200: 1}"
2946,10/11/2025,4,582.8798673611049,"{100: 15, 500: 13, 5000: 5, 2000: 3, 1000: 1}"
0087,14/11/2025,0,582.7342715866506,"{100: 15, 500: 11, 1000: 4, 200: 3, 5000: 2}"
2902,25/09/2025,50,582.6926829787943,"{100: 14, 500: 14, 1000: 8, 5000: 3}"
8945,15/10/2025,30,582.638767152229,"{100: 19, 500: 7, 5000: 5, 200: 2, 1000: 1, 2000: 1}"
6777,15/09/2025,60,582.5595232073233,"{100: 20, 5000: 5, 500: 5, 1000: 4, 200: 1, 2000: 1}"
5793,24/10/2025,21,582.4570837790249,"{100: 16, 500: 13, 1000: 1, 5000: 1}"
9711,13/11/2025,1,582.327026311598,"{100: 17, 500: 9, 5000: 4, 1000: 2, 200: 2, 2000: 1}"
3109,22/10/2025,23,582.3210877617946,"{100: 15, 500: 12, 5000: 5, 200: 4, 1000: 4}"
7357,21/09/2025,54,582.2951658913905,"{100: 18, 500: 10, 1000: 6, 200: 3}"
4988,30/10/2025,15,582.2618475566098,"{100: 17, 500: 9, 5000: 3, 1000: 2, 200: 2}"
8326,12/10/2025,33,582.0137959648324,"{100: 18, 500: 10, 1000: 3, 200: 3, 5000: 1}"
1735,11/11/2025,3,581.9986099462104,"{100: 18, 500: 7, 1000: 4, 5000: 3, 2000: 1}"
1121,14/11/2025,0,581.9524666033366,"{100: 15, 500: 10, 5000: 4, 1000: 3, 200: 1}"
8246,02/11/2025,12,581.9505521045241,"{100: 17, 500: 9, 1000: 3, 200: 2, 5000: 1}"
0138,08/11/2025,6,581.9146365928511,"{500: 15, 100: 13, 1000: 6, 200: 2, 5000: 1}"
9799,03/10/2025,42,581.8515817406818,"{100: 16, 500: 13, 1000: 4, 200: 2, 5000: 2}"
5315,08/10/2025,37,581.7817161031842,"{100: 15, 500: 12, 1000: 7, 200: 3, 5000: 1}"
0131,02/08/2025,104,581.6743311019435,"{100: 17, 500: 12, 5000: 5, 2000: 1, 200: 1}"
7142,10/10/2025,35,581.6697522528217,"{100: 16, 500: 12, 1000: 3, 5000: 2, 200: 1, 2000: 1}"
2691,25/10/2025,20,581.5819559917114,"{100: 15, 500: 12, 200: 6, 1000: 3, 5000: 2}"
8777,03/11/2025,11,581.5242647391816,"{100: 20, 500: 5, 200: 4, 2000: 2, 1000: 2, 5000: 1}"
4836,30/08/2025,76,581.4989869415797,"{500: 16, 100: 13, 5000: 6, 200: 3, 1000: 2}"
0069,09/08/2025,97,581.2897903971973,"{100: 16, 500: 10, 1000: 6, 200: 3, 5000: 2, 2000: 1}"
5606,06/09/2025,69,581.0835400294703,"{100: 16, 500: 11, 1000: 4, 2000: 2, 5000: 1, 200: 1}"
0715,08/11/2025,6,581.0176169421487,"{100: 16, 500: 12, 5000: 3, 1000: 1, 2000: 1}"
1609,14/11/2025,0,580.9942468710453,"{500: 14, 100: 13, 200: 5, 1000: 4, 5000: 2}"
5798,27/10/2025,18,580.8647077811931,"{100: 15, 500: 14, 1000: 3}"
0256,19/09/2025,56,580.8428990375477,"{100: 16, 500: 11, 1000: 6, 200: 2, 5000: 1}"
1644,14/11/2025,0,580.8257875726732,"{100: 17, 500: 7, 1000: 5, 5000: 4, 200: 2, 2000: 1}"
1500,18/09/2025,57,580.7767793956319,"{100: 18, 500: 9, 1000: 4, 5000: 2, 200: 1}"
2450,08/08/2025,98,580.7057808102778,"{100: 17, 500: 11, 1000: 5, 200: 2, 5000: 1, 2000: 1}"
8339,26/09/2025,49,580.6131853648016,"{100: 17, 500: 10, 1000: 3, 5000: 2, 200: 2, 2000: 1}"
3406,26/10/2025,19,580.597836276892,"{100: 15, 500: 10, 1000: 5, 5000: 2, 2000: 1}"
1015,28/10/2025,17,580.5340335452452,"{100: 17, 500: 9, 5000: 3, 200: 3, 2000: 1}"
4168,28/10/2025,17,580.4918213371469,"{100: 15, 500: 13, 1000: 3, 200: 2, 5000: 1}"
0195,10/11/2025,4,580.4530057745706,"{500: 14, 100: 12, 1000: 5, 200: 5, 5000: 3}"
6915,12/11/2025,2,580.3820511074174,"{100: 16, 500: 12, 1000: 2, 2000: 1, 200: 1}"
0651,09/11/2025,5,580.3656124214268,"{100: 18, 500: 9, 5000: 1, 1000: 1, 200: 1}"
4471,25/10/2025,20,580.1956013422376,"{100: 16, 500: 10, 5000: 4, 200: 4, 1000: 3}"
4794,18/10/2025,27,580.1578979192091,"{100: 15, 500: 10, 5000: 7, 200: 3, 2000: 1, 1000: 1}"
0743,06/10/2025,39,580.1207616094325,"{100: 18, 500: 8, 1000: 4, 200: 2, 5000: 1, 2000: 1}"
1328,26/10/2025,19,580.0275216983324,"{100: 16, 500: 12, 1000: 3, 200: 1, 5000: 1}"
8170,02/11/2025,12,580.0161572637586,"{100: 15, 500: 12, 200: 5, 5000: 2, 2000: 1, 1000: 1}"
1168,10/10/2025,35,579.9561966882017,"{500: 14, 100: 14, 2000: 3, 1000: 3, 200: 3, 5000: 2}"
0457,11/11/2025,3,579.8678367467533,"{100: 16, 500: 11, 1000: 5, 5000: 1, 200: 1}"
1482,15/09/2025,60,579.7564219959958,"{100: 15, 500: 15, 200: 2, 5000: 1, 2000: 1, 1000: 1}"
1637,23/09/2025,52,579.7427624692652,"{100: 18, 500: 9, 5000: 6, 200: 1, 2000: 1}"
9367,13/10/2025,32,579.6437036623938,"{100: 16, 500: 10, 1000: 5, 5000: 2, 2000: 1}"
9707,30/09/2025,45,579.4654499921891,"{100: 16, 500: 11, 5000: 4, 200: 4, 1000: 1}"
3981,30/10/2025,15,579.451968394029,"{100: 19, 500: 7, 200: 3, 1000: 2, 5000: 1}"
4717,02/09/2025,73,579.4138031358159,"{100: 19, 500: 8, 1000: 2, 5000: 2, 200: 2}"
6805,01/11/2025,13,579.3402989550385,"{100: 15, 500: 12, 5000: 7, 1000: 2, 2000: 2, 200: 2}"
3288,31/10/2025,14,579.3235680780094,"{100: 14, 500: 11, 5000: 4, 1000: 4, 200: 2, 2000: 1}"
6168,02/11/2025,12,579.3181881221996,"{100: 17, 500: 7, 5000: 3, 1000: 3, 200: 3, 2000: 1}"
0934,17/09/2025,58,579.3107026264413,"{500: 17, 100: 13, 200: 6, 1000: 2, 5000: 1}"
2711,22/10/2025,23,579.2361555256962,"{100: 17, 500: 10, 2000: 3, 1000: 2, 5000: 2, 200: 1}"
1145,05/11/2025,9,579.0974179380712,"{100: 16, 500: 12, 1000: 5, 200: 1}"
0489,25/10/2025,20,579.0471675927837,"{500: 14, 100: 14, 1000: 4, 200: 3, 5000: 1}"
4578,13/10/2025,32,578.9478109498116,"{100: 17, 500: 9, 1000: 6, 5000: 1}"
2930,29/01/2025,289,578.907823906533,"{100: 19, 500: 10, 5000: 6, 1000: 3}"
4446,18/10/2025,27,578.6455535999506,"{100: 19, 500: 7, 1000: 4, 200: 2}"
1850,15/10/2025,30,578.6232698425569,"{100: 16, 500: 10, 5000: 6, 1000: 5, 2000: 2, 200: 1}"
3323,28/03/2025,231,578.504280102231,"{500: 23, 100: 11, 1000: 4, 2000: 2, 200: 2, 5000: 1}"
3359,08/11/2025,6,578.4648609306691,"{100: 19, 500: 6, 200: 4, 1000: 3, 5000: 3}"
1270,07/11/2025,7,578.3745726279678,"{100: 17, 500: 10, 1000: 5, 200: 4, 2000: 1}"
5140,04/11/2025,10,578.3334910292308,"{100: 15, 500: 10, 1000: 9, 5000: 3, 200: 3, 2000: 1}"
6759,23/10/2025,22,578.2760613944444,"{100: 19, 500: 6, 1000: 5, 5000: 2, 2000: 1, 200: 1}"
5594,19/10/2025,26,578.2298236996091,"{100: 16, 500: 11, 1000: 4, 200: 2, 5000: 1}"
0631,09/09/2025,66,578.2274811300672,"{100: 16, 500: 10, 5000: 5, 1000: 2, 200: 2, 2000: 1}"
5555,09/08/2025,97,578.1406926015562,"{100: 18, 500: 9, 5000: 6, 1000: 3, 200: 1}"
1255,02/11/2025,12,578.0996564047355,"{100: 15, 500: 12, 1000: 5, 5000: 3, 2000: 1, 200: 1}"
5730,24/10/2025,21,578.0851624708782,"{100: 14, 500: 13, 1000: 4, 5000: 3, 200: 3, 2000: 2}"
3636,02/09/2025,73,578.0329441376997,"{100: 20, 500: 6, 200: 4, 1000: 3, 5000: 1, 2000: 1}"
9481,20/10/2025,25,578.0311853767909,"{100: 18, 500: 8, 200: 4, 1000: 3, 2000: 1, 5000: 1}"
1855,12/11/2025,2,577.9319829409897,"{100: 14, 500: 13, 5000: 4, 2000: 3, 1000: 3, 200: 3}"
3722,26/10/2025,19,577.891820605521,"{500: 15, 100: 13, 1000: 3, 5000: 3, 200: 3, 2000: 1}"
1207,25/10/2025,20,577.8853124386171,"{100: 18, 500: 9, 1000: 3, 5000: 3, 2000: 1, 200: 1}"
5089,05/10/2025,40,577.8243918955166,"{100: 18, 500: 8, 200: 5, 5000: 4, 1000: 2, 2000: 2}"
5007,01/10/2025,44,577.804393788309,"{100: 18, 500: 8, 5000: 4, 1000: 2, 2000: 1}"
8572,07/11/2025,7,577.7639082171753,"{100: 17, 500: 9, 1000: 4, 5000: 3, 200: 2}"
1971,18/09/2025,57,577.5999074041173,"{100: 17, 500: 9, 1000: 5, 5000: 3, 200: 2, 2000: 1}"
3458,03/11/2025,11,577.5748006256135,"{100: 15, 500: 13, 200: 4, 5000: 3, 1000: 2, 2000: 1}"
9803,05/11/2025,9,577.435183123399,"{100: 15, 500: 12, 1000: 3, 2000: 2, 5000: 2, 200: 2}"
3408,30/10/2025,15,577.3737835109231,"{500: 14, 100: 13, 5000: 3, 1000: 3, 200: 3, 2000: 1}"
4293,11/10/2025,34,577.366275166516,"{100: 18, 500: 8, 1000: 3, 200: 3, 2000: 2, 5000: 1}"
4750,18/10/2025,27,577.3626851841243,"{100: 17, 500: 10, 1000: 4, 5000: 1, 200: 1}"
5143,30/09/2025,45,577.2794006350981,"{100: 20, 500: 5, 1000: 3, 2000: 3, 5000: 2, 200: 1}"
6774,13/11/2025,1,577.2453993082485,"{100: 14, 500: 11, 200: 5, 1000: 5, 5000: 4}"
1261,19/10/2025,26,577.2260387618524,"{100: 15, 500: 12, 1000: 6, 200: 3, 5000: 1}"
6949,18/10/2025,27,577.2018733348142,"{500: 14, 100: 14, 2000: 5, 200: 3, 5000: 3, 1000: 1}"
4012,08/11/2025,6,577.0934996728356,"{100: 16, 500: 10, 5000: 4, 1000: 3, 200: 2}"
9528,01/09/2025,74,577.0708382740329,"{100: 16, 500: 10, 1000: 8, 5000: 3, 2000: 1, 200: 1}"
1752,23/10/2025,22,577.0029954311366,"{100: 16, 500: 11, 200: 4, 1000: 3, 5000: 2}"
8281,07/10/2025,38,576.908206865557,"{100: 15, 500: 13, 1000: 4, 5000: 3, 200: 1}"
4635,31/10/2025,14,576.8997475301385,"{100: 18, 500: 10, 200: 3, 1000: 2}"
4481,11/11/2025,3,576.8419737143997,"{100: 15, 500: 12, 1000: 5, 200: 2, 5000: 2, 2000: 1}"
4587,01/11/2025,13,576.8185869924572,"{100: 16, 500: 11, 200: 4, 5000: 3, 1000: 2, 2000: 2}"
0728,02/11/2025,12,576.777538201264,"{100: 16, 500: 10, 1000: 4, 5000: 3, 200: 2, 2000: 1}"
6827,19/09/2025,56,576.5439476131751,"{100: 15, 500: 10, 5000: 6, 1000: 6}"
3236,26/10/2025,19,576.5390820803758,"{500: 15, 100: 13, 1000: 3, 5000: 2, 200: 2}"
0737,15/10/2025,30,576.5304199620401,"{100: 18, 500: 8, 1000: 4, 5000: 2, 2000: 1, 200: 1}"
6672,10/11/2025,4,576.3906043543734,"{100: 15, 500: 11, 200: 4, 1000: 2, 5000: 2, 2000: 1}"
8494,21/10/2025,24,576.370517897349,"{100: 15, 500: 12, 1000: 4, 200: 3, 5000: 3}"
4343,23/09/2025,52,576.3637371157599,"{100: 17, 500: 9, 5000: 7, 1000: 3, 200: 3}"
5672,10/10/2025,35,576.3197484708483,"{100: 19, 500: 7, 5000: 3, 1000: 2, 200: 1}"
5635,18/10/2025,27,576.2299658643021,"{100: 15, 500: 13, 5000: 3, 1000: 2, 2000: 2, 200: 2}"
3176,19/10/2025,26,576.2232697928837,"{100: 16, 500: 9, 5000: 5, 1000: 4, 200: 2, 2000: 1}"
1853,21/10/2025,24,576.0813661677432,"{500: 15, 100: 13, 1000: 4, 200: 1, 2000: 1, 5000: 1}"
3700,06/11/2025,8,576.0462317704415,"{100: 16, 500: 11, 1000: 4, 5000: 2}"
5570,15/10/2025,30,576.0016343643516,"{100: 14, 500: 12, 1000: 3, 5000: 2, 2000: 2, 200: 2}"
6554,09/11/2025,5,575.9795691310771,"{100: 17, 500: 9, 200: 3, 1000: 3, 5000: 3, 2000: 1}"
3429,11/11/2025,3,575.7595904288377,"{100: 17, 500: 9, 1000: 5, 5000: 5, 200: 2}"
6678,02/11/2025,12,575.6350793418259,"{100: 16, 500: 10, 1000: 5, 5000: 3, 2000: 2, 200: 2}"
6218,08/11/2025,6,575.5097619451451,"{100: 17, 500: 9, 1000: 5, 200: 5, 2000: 2}"
3387,16/10/2025,29,575.3532482086471,"{100: 18, 500: 7, 1000: 5, 5000: 4, 2000: 2, 200: 1}"
1155,27/10/2025,18,575.3139904040169,"{100: 14, 500: 14, 1000: 3, 5000: 3, 200: 3, 2000: 1}"
5398,18/09/2025,57,575.2852085652482,"{500: 16, 100: 13, 1000: 3, 5000: 3, 200: 2, 2000: 1}"
4838,10/11/2025,4,575.2706794337957,"{100: 16, 500: 10, 1000: 7, 5000: 1, 200: 1}"
5067,06/08/2025,100,575.2241312026699,"{100: 17, 500: 11, 5000: 4, 200: 1, 1000: 1}"
4206,02/11/2025,12,575.2199264272936,"{100: 14, 500: 13, 1000: 5, 200: 3, 5000: 2}"
6985,18/09/2025,57,574.8975378074211,"{100: 16, 500: 11, 5000: 3, 1000: 3, 200: 2, 2000: 1}"
6959,24/10/2025,21,574.8301908119581,"{100: 18, 500: 8, 5000: 4, 200: 3, 1000: 1, 2000: 1}"
0295,04/11/2025,10,574.6860950942778,"{100: 16, 500: 9, 1000: 5, 2000: 3, 5000: 1, 200: 1}"
6638,17/10/2025,28,574.6636660246562,"{100: 15, 500: 11, 5000: 5, 1000: 5, 200: 2, 2000: 1}"
3087,01/10/2025,44,574.5849317767232,"{500: 16, 100: 13, 200: 4, 2000: 2, 5000: 2, 1000: 1}"
9134,03/07/2025,134,574.5491092459265,"{500: 15, 100: 14, 1000: 4, 2000: 2, 5000: 2, 200: 1}"
4792,08/10/2025,37,574.4348981742452,"{100: 14, 500: 14, 1000: 5, 5000: 3, 200: 2, 2000: 1}"
4431,21/09/2025,54,574.384012942792,"{100: 18, 500: 7, 1000: 4, 2000: 1, 5000: 1, 200: 1}"
8216,14/10/2025,31,574.2237718306474,"{100: 17, 500: 9, 1000: 4, 5000: 2, 200: 1}"
2633,08/11/2025,6,574.2157863025568,"{100: 18, 500: 7, 5000: 6, 200: 2, 1000: 2, 2000: 1}"
5956,13/09/2025,62,574.1913601747035,"{100: 15, 500: 12, 1000: 5, 5000: 4, 200: 1}"
8242,07/11/2025,7,574.0938582188119,"{100: 18, 500: 9, 200: 5, 2000: 1, 1000: 1}"
2949,11/11/2025,3,574.0721317913438,"{100: 16, 500: 12, 1000: 5, 200: 2, 2000: 1}"
2765,23/08/2025,83,573.9480038564044,"{500: 18, 100: 12, 1000: 3, 200: 2, 5000: 1}"
2020,26/08/2025,80,573.9263026335959,"{100: 18, 500: 8, 1000: 7, 5000: 3, 2000: 1}"
1833,04/11/2025,10,573.832935434697,"{100: 18, 500: 10, 200: 4, 2000: 2, 5000: 2}"
0420,18/09/2025,57,573.7588876704425,"{100: 16, 500: 9, 5000: 8, 1000: 4, 2000: 1}"
1486,06/08/2025,100,573.7197429810941,"{500: 15, 100: 14, 2000: 3, 1000: 2, 200: 2, 5000: 1}"
1674,14/11/2025,0,573.6879781015624,"{100: 15, 500: 10, 1000: 7, 200: 4, 5000: 3, 2000: 1}"
7418,04/10/2025,41,573.453394819676,"{100: 16, 500: 9, 1000: 8, 5000: 4, 2000: 3, 200: 3}"
1359,18/10/2025,27,573.3568830147267,"{100: 17, 500: 9, 1000: 4, 5000: 1, 200: 1}"
1302,25/10/2025,20,573.3258071735718,"{100: 16, 500: 9, 200: 4, 1000: 3, 2000: 2, 5000: 2}"
8873,08/11/2025,6,573.2209467785301,"{100: 15, 500: 10, 1000: 8, 5000: 3, 200: 1}"
1604,24/10/2025,21,573.1028256102825,"{100: 14, 500: 13, 200: 4, 1000: 4, 5000: 2, 2000: 2}"
2080,22/08/2025,84,573.1004322041788,"{100: 16, 500: 12, 5000: 4, 200: 3, 1000: 1, 2000: 1}"
0157,14/11/2025,0,573.0540815036788,"{100: 17, 500: 8, 5000: 7, 200: 4, 1000: 2}"
0312,02/11/2025,12,573.0216917135127,"{500: 17, 100: 14, 5000: 2, 200: 2, 2000: 1}"
3572,07/11/2025,7,573.0159781098009,"{500: 15, 100: 13, 5000: 7, 1000: 2, 2000: 2}"
3672,25/10/2025,20,573.0109041800205,"{100: 15, 500: 12, 1000: 4, 5000: 4, 200: 2, 2000: 1}"
4874,26/09/2025,49,572.9542501479697,"{100: 17, 500: 10, 1000: 3, 5000: 3, 200: 1}"
9741,27/06/2025,140,572.7821543830449,"{100: 16, 500: 11, 1000: 8, 5000: 2, 200: 2, 2000: 2}"
0642,25/10/2025,20,572.6483685544299,"{500: 14, 100: 14, 2000: 2, 5000: 2, 1000: 2, 200: 1}"
2142,30/09/2025,45,572.5656095399363,"{100: 14, 500: 9, 5000: 7, 1000: 5, 200: 3, 2000: 1}"
7286,14/11/2025,0,572.5438166139685,"{100: 15, 500: 14, 1000: 4, 200: 1}"
2166,12/11/2025,2,572.3909018992601,"{100: 15, 500: 12, 1000: 8, 2000: 1}"
0841,12/10/2025,33,572.3794871921724,"{100: 15, 500: 12, 200: 6, 5000: 2, 1000: 2}"
5778,11/11/2025,3,572.2482468481227,"{100: 15, 500: 11, 5000: 5, 1000: 5, 200: 2}"
8401,04/11/2025,10,572.2073206519608,"{100: 18, 500: 6, 1000: 6, 200: 3, 5000: 2}"
3495,27/10/2025,18,572.1809511571134,"{100: 15, 500: 11, 200: 5, 5000: 3, 1000: 3, 2000: 1}"
4226,20/10/2025,25,572.1653960165886,"{100: 14, 500: 11, 5000: 4, 1000: 3, 200: 3, 2000: 2}"
4548,07/10/2025,38,572.1476778876391,"{100: 15, 500: 12, 5000: 7, 1000: 3, 200: 2}"
4186,05/11/2025,9,572.139482404955,"{100: 16, 500: 10, 5000: 4, 1000: 4, 200: 2}"
1060,29/08/2025,77,572.132475478753,"{100: 15, 500: 12, 5000: 6, 1000: 4, 2000: 2, 200: 2}"
6204,30/10/2025,15,571.9794899497704,"{100: 16, 500: 9, 1000: 7, 200: 4, 2000: 1, 5000: 1}"
1174,06/11/2025,8,571.9589637094864,"{100: 18, 500: 8, 5000: 4, 1000: 4}"
5752,02/11/2025,12,571.9154693273857,"{100: 15, 500: 12, 1000: 4, 5000: 4}"
7143,13/11/2025,1,571.8961032067064,"{100: 19, 500: 5, 5000: 4, 200: 3, 1000: 2, 2000: 2}"
0372,08/10/2025,37,571.7640407403948,"{100: 16, 500: 10, 1000: 5, 5000: 3, 200: 1}"
7584,12/07/2025,125,571.6996491462858,"{100: 18, 500: 11, 1000: 3, 200: 2}"
2283,14/11/2025,0,571.6761474277017,"{100: 16, 500: 9, 1000: 5, 200: 4, 2000: 2, 5000: 2}"
2682,07/08/2025,99,571.6656582599775,"{100: 16, 500: 12, 1000: 4, 5000: 3, 200: 2, 2000: 1}"
4357,27/10/2025,18,571.6197950129425,"{100: 16, 500: 9, 5000: 2, 2000: 2, 1000: 1}"
1715,12/10/2025,33,571.6009909101866,"{100: 17, 500: 12, 5000: 3, 200: 2, 2000: 1}"
4612,20/10/2025,25,571.5763900589095,"{100: 14, 500: 12, 1000: 4, 200: 4, 5000: 2, 2000: 1}"
2646,09/11/2025,5,571.5530372238027,"{100: 16, 500: 10, 200: 3, 1000: 2, 5000: 2}"
4775,14/10/2025,31,571.506981114314,"{100: 20, 1000: 5, 500: 3, 200: 2, 5000: 1}"
5614,11/11/2025,3,571.413035681209,"{500: 15, 100: 13, 1000: 4, 200: 2, 5000: 1}"
5457,31/10/2025,14,571.4070877205344,"{100: 19, 500: 6, 200: 2, 1000: 2, 5000: 1}"
1566,27/08/2025,79,571.3884849295149,"{100: 19, 500: 6, 5000: 5, 1000: 3, 200: 3}"
0550,06/10/2025,39,571.2813683033538,"{100: 16, 500: 10, 1000: 4, 5000: 3, 200: 3, 2000: 1}"
9655,12/08/2025,94,571.2537877273202,"{100: 16, 500: 9, 5000: 4, 1000: 4, 2000: 2}"
1706,13/10/2025,32,571.1480688174555,"{100: 16, 500: 9, 1000: 4, 5000: 2, 200: 1, 2000: 1}"
2741,21/10/2025,24,571.130481091974,"{100: 17, 500: 11, 1000: 4, 2000: 1, 200: 1}"
6845,08/10/2025,37,570.9210840893791,"{100: 14, 500: 13, 1000: 5, 200: 5, 2000: 3, 5000: 3}"
8005,03/11/2025,11,570.9091516931092,"{500: 14, 100: 13, 5000: 4, 1000: 2, 200: 2}"
6285,16/10/2025,29,570.7729820343981,"{100: 15, 500: 13, 200: 2, 1000: 1, 5000: 1}"
8911,20/09/2025,55,570.7257662984158,"{100: 18, 500: 7, 1000: 5, 200: 4, 5000: 2}"
6289,14/09/2025,61,570.7041248313908,"{100: 16, 500: 12, 5000: 4, 200: 3, 1000: 1}"
5197,17/09/2025,58,570.6557066340399,"{100: 16, 500: 11, 1000: 3, 5000: 2, 200: 2, 2000: 1}"
4184,03/11/2025,11,570.6216520205961,"{100: 16, 500: 7, 1000: 6, 5000: 2, 2000: 2, 200: 1}"
4079,13/11/2025,1,570.6047746756948,"{500: 18, 100: 11, 1000: 5, 5000: 3, 200: 3}"
2273,21/10/2025,24,570.5938838651781,"{100: 17, 500: 9, 1000: 5, 200: 3}"
7303,07/10/2025,38,570.5911873406702,"{100: 15, 500: 10, 1000: 7, 5000: 7, 200: 1}"
5876,27/10/2025,18,570.4075628250882,"{500: 15, 100: 13, 200: 3, 5000: 3, 1000: 3}"
4307,22/10/2025,23,570.3884967958376,"{100: 17, 500: 7, 1000: 4, 5000: 4, 200: 2}"
6677,09/10/2025,36,570.3706718431312,"{100: 15, 500: 14, 1000: 5, 2000: 1, 200: 1}"
3346,06/09/2025,69,570.3349005966261,"{100: 17, 500: 10, 1000: 4, 200: 3, 2000: 2, 5000: 1}"
9343,09/11/2025,5,570.211378077078,"{100: 14, 500: 13, 5000: 6, 200: 2, 1000: 1}"
8333,05/11/2025,9,570.2030601606618,"{500: 19, 100: 10, 1000: 5, 5000: 3, 2000: 1, 200: 1}"
7209,13/10/2025,32,570.199041323425,"{100: 19, 500: 5, 200: 4, 5000: 4, 1000: 3, 2000: 1}"
2727,25/10/2025,20,570.1925863405266,"{100: 16, 500: 11, 2000: 3, 1000: 2, 5000: 2, 200: 1}"
8454,19/10/2025,26,570.1555827801933,"{100: 17, 1000: 7, 500: 6, 5000: 5, 200: 5, 2000: 2}"
4384,22/10/2025,23,569.8908345288589,"{100: 15, 500: 10, 1000: 9, 5000: 4, 2000: 2, 200: 1}"
0734,06/11/2025,8,569.8885504755266,"{100: 18, 500: 6, 5000: 5, 1000: 4, 200: 3, 2000: 2}"
5751,05/11/2025,9,569.8836942289812,"{500: 14, 100: 13, 1000: 4, 5000: 3, 200: 1}"
0726,08/10/2025,37,569.8424411959511,"{100: 15, 500: 11, 1000: 3, 200: 3, 5000: 2, 2000: 2}"
1000,12/11/2025,2,569.8136129089191,"{500: 16, 100: 12, 1000: 4, 5000: 1}"
5680,05/11/2025,9,569.7615254486246,"{100: 17, 500: 8, 5000: 5, 1000: 3, 2000: 2, 200: 2}"
2337,29/10/2025,16,569.6409834164026,"{100: 14, 500: 14, 1000: 3, 200: 3, 5000: 1}"
2153,12/09/2025,63,569.6397188758282,"{100: 15, 500: 12, 5000: 5, 200: 4, 1000: 3, 2000: 1}"
9728,08/11/2025,6,569.6216850157243,"{100: 18, 500: 7, 1000: 5, 200: 2, 5000: 1}"
0445,23/10/2025,22,569.5500470817125,"{100: 18, 500: 8, 200: 2, 1000: 1, 5000: 1}"
7482,29/07/2025,108,569.5190653174601,"{100: 19, 500: 6, 1000: 6, 200: 4, 5000: 2, 2000: 1}"
5127,23/09/2025,52,569.393121202841,"{500: 17, 100: 13, 200: 2, 1000: 2, 2000: 2, 5000: 1}"
3270,11/07/2025,126,569.1520991103214,"{100: 16, 500: 14, 1000: 2, 2000: 1, 200: 1, 5000: 1}"
1386,31/10/2025,14,569.1367392053731,"{100: 16, 500: 8, 1000: 4, 200: 3, 5000: 1}"
1813,01/11/2025,13,569.1094198839996,"{100: 17, 5000: 6, 500: 6, 1000: 2}"
4895,19/07/2025,118,569.0571823151705,"{100: 17, 500: 10, 1000: 6, 5000: 3, 2000: 2}"
6878,02/11/2025,12,568.9808860043372,"{100: 17, 500: 8, 200: 5, 1000: 4, 5000: 2, 2000: 1}"
2894,13/10/2025,32,568.9183178738308,"{100: 16, 500: 14, 200: 1}"
4004,27/10/2025,18,568.8560746369127,"{100: 17, 500: 10, 200: 2, 2000: 2, 1000: 1}"
8227,29/10/2025,16,568.7979487753016,"{100: 15, 500: 12, 1000: 3, 200: 3, 2000: 2, 5000: 1}"
7507,25/10/2025,20,568.6945553417695,"{100: 14, 500: 10, 1000: 7, 5000: 7, 2000: 3, 200: 1}"
8350,11/11/2025,3,568.6399224392588,"{100: 21, 200: 5, 5000: 3, 1000: 2, 2000: 2, 500: 2}"
1751,11/10/2025,34,568.6240999212805,"{100: 15, 500: 11, 200: 4, 5000: 4, 1000: 3, 2000: 1}"
6711,25/10/2025,20,568.6172887242383,"{500: 14, 100: 14, 200: 3, 1000: 1, 5000: 1}"
5702,01/11/2025,13,568.4737151816944,"{100: 14, 500: 12, 5000: 4, 1000: 4, 200: 3}"
1512,21/10/2025,24,568.217984333258,"{100: 19, 500: 6, 1000: 4, 200: 2, 5000: 1}"
7155,28/10/2025,17,568.0899089818183,"{100: 15, 500: 12, 200: 3, 1000: 3, 5000: 2, 2000: 2}"
1941,02/11/2025,12,567.9750450322441,"{100: 15, 5000: 7, 1000: 7, 500: 7, 2000: 1, 200: 1}"
4188,12/09/2025,63,567.9330357624519,"{100: 15, 500: 12, 1000: 7, 200: 2, 2000: 1, 5000: 1}"
5276,29/10/2025,16,567.9045310661882,"{100: 15, 500: 11, 1000: 5, 5000: 3, 200: 2, 2000: 1}"
3868,01/11/2025,13,567.8895365024534,"{500: 14, 100: 13, 1000: 5, 200: 3, 2000: 2, 5000: 1}"
0636,12/11/2025,2,567.8789195730569,"{500: 15, 100: 12, 200: 5, 5000: 5, 1000: 4, 2000: 2}"
8104,02/11/2025,12,567.8485006921717,"{100: 16, 500: 10, 200: 4, 1000: 3, 5000: 2, 2000: 1}"
0993,03/11/2025,11,567.7829430503314,"{100: 17, 500: 8, 1000: 5, 200: 2, 5000: 1}"
9106,05/11/2025,9,567.7373537486687,"{100: 15, 500: 9, 200: 5, 5000: 2, 1000: 2}"
2707,14/11/2025,0,567.4818917590076,"{100: 19, 500: 5, 1000: 5, 200: 3, 5000: 1}"
9920,29/10/2025,16,567.4517317648694,"{100: 14, 500: 13, 5000: 7, 2000: 3, 1000: 2, 200: 1}"
3873,12/11/2025,2,567.4024893721479,"{100: 17, 500: 9, 200: 3, 1000: 2, 5000: 2}"
0645,28/10/2025,17,567.374774263296,"{100: 14, 500: 13, 1000: 4, 5000: 2, 200: 2, 2000: 1}"
0075,04/09/2025,71,567.3361150234875,"{100: 16, 500: 11, 5000: 4, 2000: 2, 1000: 2}"
1846,05/11/2025,9,567.0229780827867,"{500: 15, 100: 13, 5000: 3, 1000: 2, 2000: 1, 200: 1}"
0790,01/10/2025,44,567.0168418364169,"{500: 17, 100: 12, 1000: 5, 2000: 2, 5000: 2, 200: 1}"
5425,24/07/2025,113,567.0051617702667,"{100: 16, 500: 8, 5000: 7, 1000: 4, 200: 3, 2000: 1}"
8412,21/09/2025,54,566.9394788214214,"{500: 15, 100: 12, 1000: 8, 5000: 4, 2000: 2, 200: 1}"
0744,02/11/2025,12,566.7898886883316,"{100: 14, 500: 10, 5000: 5, 1000: 3, 200: 3}"
1634,29/05/2025,169,566.6647645817392,"{100: 18, 500: 8, 1000: 5, 5000: 4, 200: 1}"
6688,19/10/2025,26,566.6292886688517,"{100: 15, 500: 12, 5000: 4, 1000: 3, 200: 2}"
5150,16/10/2025,29,566.6146805977864,"{100: 15, 500: 12, 1000: 6, 5000: 3, 200: 3, 2000: 2}"
4693,08/11/2025,6,566.4078712483612,"{100: 15, 500: 11, 1000: 5, 5000: 3, 200: 2, 2000: 1}"
3641,24/08/2025,82,566.2928101660866,"{100: 18, 500: 9, 1000: 5, 5000: 3}"
3810,29/10/2025,16,566.1172687726493,"{100: 16, 500: 11, 1000: 2, 5000: 2, 200: 1}"
6658,17/09/2025,58,566.1164429508385,"{100: 17, 500: 10, 200: 3, 1000: 2, 2000: 1, 5000: 1}"
6203,10/11/2025,4,566.1132612578924,"{100: 18, 500: 6, 1000: 4, 5000: 2, 2000: 2, 200: 2}"
9465,07/04/2025,221,566.0759330018856,"{100: 18, 500: 11, 1000: 8, 2000: 1, 200: 1}"
4734,19/10/2025,26,566.0443719777987,"{100: 14, 500: 13, 1000: 4, 200: 2, 5000: 2, 2000: 1}"
1931,10/10/2025,35,566.0236993415031,"{100: 17, 500: 8, 5000: 3, 1000: 2, 2000: 1, 200: 1}"
1885,05/11/2025,9,566.0014269885405,"{100: 17, 500: 6, 1000: 6, 200: 5, 5000: 3, 2000: 1}"
3185,10/11/2025,4,565.9317881161901,"{500: 14, 100: 13, 200: 4, 1000: 4, 5000: 2, 2000: 1}"
6694,04/10/2025,41,565.9193307393741,"{100: 16, 500: 9, 1000: 5, 5000: 4, 200: 3, 2000: 2}"
4835,09/11/2025,5,565.9166668391276,"{100: 17, 500: 8, 200: 4, 1000: 3, 5000: 2, 2000: 1}"
8634,25/08/2025,81,565.8772137022886,"{100: 19, 500: 7, 5000: 3, 1000: 2, 2000: 1, 200: 1}"
3008,12/11/2025,2,565.862286178963,"{100: 15, 500: 10, 5000: 5, 1000: 4, 200: 4, 2000: 1}"
8252,17/10/2025,28,565.7694666442302,"{100: 16, 500: 9, 1000: 6, 5000: 2, 200: 2, 2000: 1}"
0664,11/11/2025,3,565.6822460714902,"{100: 17, 500: 8, 1000: 4, 200: 2, 5000: 1}"
8151,01/11/2025,13,565.6196123096464,"{100: 15, 500: 12, 5000: 5, 1000: 2}"
1188,22/09/2025,53,565.584245692678,"{100: 18, 500: 7, 1000: 4, 5000: 4, 200: 3, 2000: 1}"
0473,09/11/2025,5,565.4646252001037,"{100: 15, 500: 7, 5000: 4, 1000: 4, 2000: 2, 200: 2}"
5770,09/11/2025,5,565.3958649050522,"{100: 14, 500: 14, 1000: 2, 2000: 2, 200: 2, 5000: 1}"
2860,18/06/2025,149,565.3716235627146,"{100: 14, 500: 13, 5000: 4, 1000: 3, 200: 3, 2000: 1}"
0932,06/10/2025,39,565.3519580195792,"{100: 19, 500: 7, 1000: 1, 5000: 1, 200: 1}"
8340,20/10/2025,25,565.2271583623822,"{100: 14, 500: 11, 5000: 3, 1000: 3, 2000: 1, 200: 1}"
3077,27/10/2025,18,565.1705113648867,"{100: 18, 500: 8, 1000: 2, 5000: 1, 2000: 1}"
7239,06/09/2025,69,564.9528863031443,"{100: 16, 500: 10, 200: 4, 1000: 3, 5000: 2, 2000: 1}"
4457,01/11/2025,13,564.8981874623136,"{100: 17, 500: 9, 5000: 3, 1000: 2, 200: 1}"
9156,19/10/2025,26,564.5292923914327,"{100: 14, 1000: 9, 500: 9, 5000: 3, 200: 2}"
3736,08/11/2025,6,564.4589864540161,"{100: 16, 500: 11, 200: 5, 1000: 3}"
9657,04/09/2025,71,564.4291037322087,"{500: 16, 100: 13, 5000: 4, 1000: 3, 200: 3, 2000: 1}"
3568,14/10/2025,31,564.2067826050081,"{100: 15, 500: 8, 5000: 5, 1000: 2, 200: 2, 2000: 1}"
9331,20/09/2025,55,564.1740436632552,"{100: 17, 500: 10, 200: 4, 5000: 3, 1000: 1}"
6807,12/10/2025,33,564.1665290223881,"{100: 17, 500: 8, 5000: 5, 200: 4, 1000: 2}"
9594,05/11/2025,9,564.1274280941492,"{100: 16, 500: 9, 200: 6, 5000: 3, 1000: 2}"
9578,06/11/2025,8,564.0881899001372,"{100: 16, 1000: 8, 500: 8, 5000: 5, 2000: 1}"
5797,11/09/2025,64,563.9793858706792,"{100: 16, 500: 11, 2000: 2, 5000: 2, 1000: 2, 200: 2}"
0016,12/09/2025,63,563.8712034638339,"{100: 14, 500: 13, 1000: 5, 5000: 4, 200: 1}"
2688,30/10/2025,15,563.8494677972975,"{100: 16, 500: 11, 200: 2, 5000: 2, 1000: 1}"
8425,26/09/2025,49,563.8388130845993,"{100: 15, 500: 11, 1000: 6, 2000: 2, 5000: 2, 200: 1}"
2837,30/10/2025,15,563.8287512937202,"{100: 16, 500: 9, 5000: 6, 1000: 3, 200: 2}"
8789,11/11/2025,3,563.8202000819281,"{100: 18, 500: 7, 1000: 7, 200: 3, 2000: 1}"
3443,01/10/2025,44,563.7073137649936,"{500: 15, 100: 13, 5000: 4, 2000: 3, 1000: 3, 200: 2}"
2867,09/10/2025,36,563.5081539328618,"{100: 15, 500: 11, 1000: 5, 5000: 3, 200: 3, 2000: 1}"
5472,28/09/2025,47,563.4445663796056,"{100: 15, 500: 12, 200: 4, 1000: 3, 5000: 2}"
0680,02/09/2025,73,563.4199444682549,"{500: 14, 100: 14, 5000: 5, 1000: 2, 200: 1}"
2611,05/11/2025,9,563.4150603177525,"{500: 15, 100: 12, 1000: 4, 200: 4, 5000: 3, 2000: 1}"
0143,20/09/2025,55,563.377163496453,"{100: 19, 500: 5, 1000: 5, 5000: 4, 200: 2, 2000: 1}"
1495,28/10/2025,17,563.355822285045,"{100: 14, 500: 13, 200: 4, 5000: 3, 1000: 2, 2000: 1}"
7389,27/08/2025,79,563.3115929442727,"{100: 18, 1000: 7, 200: 5, 5000: 4, 500: 4, 2000: 1}"
0403,07/10/2025,38,563.2056428377031,"{100: 20, 500: 4, 200: 2, 2000: 2, 1000: 2, 5000: 1}"
3123,10/11/2025,4,563.1253972363229,"{100: 18, 500: 6, 2000: 4, 5000: 4, 1000: 3, 200: 2}"
4879,07/09/2025,68,563.1036487741059,"{100: 17, 500: 10, 1000: 1, 2000: 1, 5000: 1, 200: 1}"
0964,16/10/2025,29,563.0629276248058,"{500: 15, 100: 13, 2000: 3, 5000: 2, 1000: 2, 200: 1}"
9535,25/09/2025,50,562.8950768018067,"{100: 19, 500: 8, 5000: 4, 2000: 2, 200: 2}"
9000,20/10/2025,25,562.826293643746,"{100: 14, 500: 11, 200: 4, 1000: 4, 5000: 3}"
8102,06/10/2025,39,562.756731446001,"{100: 18, 500: 6, 1000: 3, 2000: 3, 200: 2, 5000: 1}"
0384,24/09/2025,51,562.7184525027421,"{100: 16, 500: 10, 1000: 3, 5000: 2, 200: 2, 2000: 1}"
9585,08/10/2025,37,562.7076069929833,"{100: 14, 500: 13, 5000: 5, 1000: 4, 2000: 1, 200: 1}"
1401,29/10/2025,16,562.6845444251846,"{100: 16, 500: 10, 200: 5, 5000: 3, 2000: 1, 1000: 1}"
9971,24/10/2025,21,562.5423109964817,"{100: 15, 500: 10, 1000: 5, 2000: 2, 200: 2, 5000: 1}"
0541,03/08/2025,103,562.4075813645713,"{100: 18, 500: 9, 1000: 6, 200: 2, 2000: 1}"
1421,13/10/2025,32,562.3343610795225,"{100: 17, 500: 9, 2000: 3, 1000: 3, 200: 2, 5000: 1}"
1414,19/09/2025,56,562.2983153194158,"{100: 17, 500: 9, 5000: 3, 1000: 2, 200: 1}"
0658,01/07/2025,136,562.2596746516649,"{100: 19, 500: 7, 200: 5, 5000: 3, 1000: 3, 2000: 1}"
1763,11/11/2025,3,562.2592114647204,"{100: 13, 500: 11, 1000: 5, 5000: 4, 200: 2, 2000: 1}"
2632,28/10/2025,17,562.0490075835504,"{100: 15, 500: 12, 1000: 2, 200: 2, 2000: 1, 5000: 1}"
3796,31/07/2025,106,561.9403912018303,"{500: 16, 100: 14, 5000: 3, 2000: 1, 1000: 1}"
1052,10/10/2025,35,561.9259371280889,"{100: 14, 500: 11, 1000: 5, 5000: 2, 2000: 2, 200: 2}"
2133,15/06/2025,152,561.9154694804099,"{100: 18, 500: 8, 1000: 3, 5000: 2}"
8890,28/10/2025,17,561.855356747257,"{100: 16, 500: 9, 5000: 8, 1000: 2, 200: 1, 2000: 1}"
5028,06/11/2025,8,561.7973164508365,"{500: 14, 100: 12, 1000: 8, 200: 6, 2000: 1, 5000: 1}"
1554,04/11/2025,10,561.7971413641379,"{100: 16, 500: 8, 1000: 5, 5000: 5, 200: 4, 2000: 3}"
5573,06/10/2025,39,561.7043678076058,"{500: 14, 100: 13, 1000: 4, 200: 4, 5000: 3, 2000: 2}"
2898,27/07/2025,110,561.5477457415575,"{500: 18, 100: 12, 5000: 6, 1000: 5, 200: 3, 2000: 1}"
2085,27/10/2025,18,561.4707893461846,"{100: 15, 500: 7, 1000: 6, 5000: 4, 200: 3, 2000: 2}"
0505,15/10/2025,30,561.2948845996002,"{100: 14, 500: 12, 200: 3, 2000: 2, 1000: 2, 5000: 2}"
1997,28/07/2025,109,561.1492767662545,"{100: 17, 500: 8, 1000: 6, 5000: 2, 200: 2, 2000: 1}"
5405,09/09/2025,66,560.9597455059939,"{100: 16, 500: 7, 1000: 5, 5000: 4, 200: 3}"
6886,22/09/2025,53,560.6990752428981,"{100: 17, 500: 9, 200: 5, 1000: 3, 5000: 1}"
0488,27/10/2025,18,560.6372972605731,"{100: 16, 500: 11, 1000: 4, 2000: 1, 200: 1}"
5903,19/10/2025,26,559.9377649371344,"{100: 16, 500: 10, 1000: 4, 2000: 2, 5000: 2, 200: 1}"
9638,11/10/2025,34,559.9163812640227,"{100: 15, 500: 10, 1000: 5, 200: 3, 5000: 2, 2000: 1}"
4058,10/11/2025,4,559.7340624605712,"{100: 19, 500: 5, 1000: 4, 2000: 1, 5000: 1}"
9443,18/10/2025,27,559.386189409751,"{100: 13, 500: 12, 5000: 3, 200: 3, 1000: 1}"
3759,10/11/2025,4,559.370165938932,"{100: 18, 500: 6, 5000: 4, 1000: 2, 200: 2}"
4340,01/10/2025,44,559.3667357584177,"{100: 15, 500: 11, 5000: 7, 1000: 4, 200: 1}"
2708,08/06/2025,159,559.3223281824842,"{100: 19, 500: 8, 1000: 3, 2000: 2, 5000: 2, 200: 1}"
8775,11/11/2025,3,559.3108421956223,"{100: 16, 500: 10, 1000: 3, 200: 2, 2000: 1, 5000: 1}"
9471,08/10/2025,37,559.2116555286647,"{100: 14, 500: 12, 1000: 7, 5000: 2, 2000: 1}"
5829,13/11/2025,1,559.1108347336094,"{500: 12, 100: 12, 1000: 5, 5000: 4, 200: 3}"
3705,12/10/2025,33,559.0868119990059,"{100: 15, 500: 12, 5000: 4, 200: 2, 1000: 2, 2000: 1}"
7722,04/10/2025,41,558.9556254772015,"{100: 14, 500: 13, 200: 4, 1000: 3, 5000: 2, 2000: 1}"
6877,14/10/2025,31,558.9550449706965,"{100: 14, 500: 11, 5000: 7, 1000: 6, 200: 3}"
0960,26/09/2025,49,558.8787526253368,"{500: 16, 100: 12, 1000: 7, 2000: 2, 200: 2, 5000: 1}"
6278,22/10/2025,23,558.8717776458391,"{100: 16, 500: 7, 1000: 6, 5000: 5, 200: 2, 2000: 1}"
3072,11/10/2025,34,558.6770864047459,"{500: 14, 100: 13, 1000: 3, 200: 3, 5000: 2}"
2358,26/10/2025,19,558.6649093458681,"{100: 18, 500: 7, 1000: 4, 5000: 1}"
8964,08/10/2025,37,558.3986035292479,"{100: 15, 500: 10, 1000: 4, 5000: 4, 200: 3, 2000: 1}"
9506,04/11/2025,10,558.379729450015,"{100: 20, 500: 6, 200: 2, 5000: 1, 2000: 1}"
8490,31/10/2025,14,558.3578801118454,"{100: 13, 500: 11, 5000: 5, 1000: 4, 200: 3, 2000: 1}"
1358,21/05/2025,177,558.3131433994649,"{500: 15, 100: 13, 5000: 4, 1000: 4}"
9100,05/11/2025,9,558.3125228783334,"{500: 16, 100: 12, 5000: 8, 2000: 3, 1000: 2, 200: 2}"
1095,09/11/2025,5,558.2833869558107,"{100: 14, 500: 11, 1000: 4, 2000: 2, 200: 2, 5000: 1}"
5664,12/11/2025,2,558.1807383837345,"{500: 15, 100: 12, 200: 6, 5000: 3, 2000: 2, 1000: 2}"
0613,30/07/2025,107,558.1618257789338,"{100: 19, 500: 7, 1000: 3, 200: 2, 2000: 1, 5000: 1}"
5732,01/11/2025,13,558.1418870074955,"{100: 17, 500: 7, 1000: 6, 5000: 3, 2000: 2, 200: 1}"
9249,19/09/2025,56,558.0288875819308,"{100: 15, 500: 13, 200: 2, 5000: 2, 1000: 1, 2000: 1}"
4788,02/11/2025,12,557.5094883620535,"{100: 16, 500: 10, 1000: 3, 200: 3, 5000: 2}"
4673,23/10/2025,22,557.4503360925435,"{100: 16, 500: 9, 2000: 5, 1000: 4, 5000: 3, 200: 1}"
9062,17/10/2025,28,557.1282852725333,"{100: 15, 500: 11, 1000: 4, 5000: 4, 2000: 2, 200: 2}"
9685,05/10/2025,40,557.0230860177239,"{100: 16, 1000: 7, 500: 7, 5000: 5, 2000: 2, 200: 1}"
9978,09/11/2025,5,556.980459383214,"{100: 16, 500: 10, 1000: 3, 200: 2, 2000: 1, 5000: 1}"
6768,08/11/2025,6,556.941885976903,"{100: 17, 500: 7, 200: 2, 1000: 2, 5000: 2}"
3793,22/10/2025,23,556.9298197107348,"{100: 15, 500: 12, 200: 2, 1000: 2, 5000: 2, 2000: 1}"
9238,07/11/2025,7,556.8861134855526,"{100: 14, 500: 11, 1000: 5, 5000: 3, 200: 3}"
8602,13/10/2025,32,556.8315272430045,"{100: 17, 500: 9, 5000: 3, 1000: 2}"
0690,28/09/2025,47,556.8148134036429,"{100: 16, 500: 9, 5000: 4, 200: 3, 1000: 2, 2000: 2}"
8202,28/08/2025,78,556.764847547178,"{100: 20, 5000: 6, 500: 4, 1000: 3, 200: 3, 2000: 3}"
4223,07/10/2025,38,556.7183664542221,"{500: 15, 100: 13, 1000: 3, 5000: 3, 2000: 3}"
5733,14/10/2025,31,556.6402593525451,"{100: 17, 500: 9, 1000: 2, 5000: 2, 2000: 1, 200: 1}"
5455,10/11/2025,4,556.6274192278679,"{100: 16, 500: 9, 1000: 4, 2000: 3, 5000: 2, 200: 2}"
0072,06/10/2025,39,556.359211499624,"{100: 14, 500: 12, 5000: 7, 200: 3, 1000: 1}"
1910,28/09/2025,47,556.355215262072,"{100: 17, 500: 10, 5000: 5, 200: 2, 1000: 1}"
5334,16/08/2025,90,556.354781534216,"{100: 18, 500: 9, 1000: 4, 200: 1}"
2807,18/10/2025,27,556.3265254208737,"{100: 14, 500: 11, 1000: 9, 5000: 3, 2000: 2, 200: 1}"
2710,02/11/2025,12,556.277820546115,"{100: 18, 500: 6, 1000: 4, 5000: 3, 200: 2}"
5648,22/09/2025,53,556.2214296327085,"{100: 15, 500: 8, 200: 5, 5000: 4, 1000: 4}"
6409,20/09/2025,55,556.1331900281555,"{500: 15, 100: 13, 1000: 3, 200: 2, 5000: 2, 2000: 1}"
5737,07/11/2025,7,555.9841404446222,"{100: 15, 500: 11, 1000: 5, 5000: 2}"
7165,10/11/2025,4,555.8450225451786,"{500: 18, 100: 10, 1000: 3, 200: 3, 5000: 2}"
5167,26/10/2025,19,555.7652202431173,"{100: 15, 500: 10, 1000: 5, 200: 4, 5000: 3}"
8832,28/10/2025,17,555.7351983610932,"{100: 19, 500: 6, 200: 5, 2000: 2}"
1957,31/10/2025,14,555.6471022001849,"{100: 16, 500: 8, 1000: 4, 5000: 3, 2000: 1, 200: 1}"
6865,19/09/2025,56,555.637784491517,"{100: 14, 500: 11, 5000: 4, 1000: 3, 200: 1}"
6402,08/09/2025,67,555.4647669482563,"{100: 15, 500: 12, 1000: 5, 200: 2, 2000: 1, 5000: 1}"
8375,11/10/2025,34,555.3046745422613,"{100: 19, 1000: 5, 200: 4, 500: 4, 5000: 2, 2000: 1}"
5935,19/10/2025,26,555.0974562264327,"{100: 15, 500: 9, 1000: 4, 200: 3, 5000: 3, 2000: 1}"
3418,03/11/2025,11,555.0410933734353,"{100: 16, 500: 8, 200: 4, 5000: 3, 1000: 1, 2000: 1}"
3251,12/11/2025,2,555.0305334880491,"{100: 16, 500: 9, 1000: 3, 200: 3, 5000: 3, 2000: 1}"
9509,03/07/2025,134,554.9654445968578,"{100: 17, 500: 9, 5000: 2, 1000: 2, 2000: 1}"
3452,10/09/2025,65,554.9162663473037,"{100: 15, 500: 11, 1000: 5, 5000: 2, 200: 2, 2000: 1}"
3581,20/10/2025,25,554.9081821935164,"{100: 17, 5000: 7, 1000: 5, 500: 5, 200: 3}"
0666,19/10/2025,26,554.894532015953,"{100: 13, 500: 13, 5000: 2, 200: 2, 2000: 1, 1000: 1}"
4344,09/11/2025,5,554.7819139842645,"{100: 14, 500: 11, 1000: 6, 200: 4, 5000: 2, 2000: 1}"
5665,10/11/2025,4,554.769906893138,"{100: 15, 500: 11, 5000: 4, 1000: 2, 200: 2, 2000: 2}"
5265,31/10/2025,14,554.6960280755577,"{100: 15, 500: 11, 5000: 3, 1000: 2, 200: 2}"
3455,27/10/2025,18,554.3478350447899,"{100: 16, 500: 9, 1000: 4, 5000: 2, 2000: 1}"
3286,06/09/2025,69,554.3430047522004,"{100: 16, 500: 11, 5000: 3, 1000: 2, 200: 1, 2000: 1}"
5683,15/09/2025,60,554.3362384629386,"{500: 13, 100: 13, 5000: 4, 1000: 4, 200: 1}"
0708,18/10/2025,27,554.2318797957183,"{500: 14, 100: 13, 1000: 5, 5000: 3, 200: 2, 2000: 1}"
2232,28/10/2025,17,554.1747012467683,"{500: 16, 100: 12, 5000: 5, 1000: 2, 2000: 2, 200: 1}"
3416,18/08/2025,88,554.1323345468063,"{100: 15, 500: 13, 1000: 5, 5000: 4}"
1598,23/10/2025,22,554.008238150651,"{100: 16, 500: 10, 200: 3, 2000: 2, 5000: 1, 1000: 1}"
7426,01/09/2025,74,553.9861108534432,"{500: 15, 100: 13, 5000: 6, 1000: 2, 2000: 2}"
5201,05/11/2025,9,553.9609991212277,"{100: 16, 500: 10, 200: 4, 1000: 1, 2000: 1, 5000: 1}"
5339,01/10/2025,44,553.9537159902023,"{100: 15, 500: 10, 5000: 4, 1000: 4, 200: 1}"
4408,07/11/2025,7,553.8839390055125,"{100: 16, 500: 10, 2000: 2, 1000: 2, 5000: 1, 200: 1}"
5437,15/10/2025,30,553.8782554293753,"{100: 16, 500: 11, 1000: 6, 200: 2}"
9872,25/10/2025,20,553.7893165182635,"{500: 19, 100: 10, 1000: 4, 5000: 2}"
1884,23/10/2025,22,553.6810511458508,"{100: 15, 500: 12, 5000: 3, 2000: 2, 1000: 1}"
5340,10/10/2025,35,553.5919311255819,"{100: 14, 500: 13, 1000: 3, 5000: 2, 200: 1}"
0788,31/10/2025,14,553.5618607132571,"{100: 18, 500: 6, 1000: 5, 2000: 1, 200: 1, 5000: 1}"
4074,13/11/2025,1,553.5479242490488,"{100: 14, 500: 11, 5000: 6, 1000: 4, 200: 3, 2000: 2}"
3202,01/10/2025,44,553.377822675923,"{500: 16, 100: 13, 1000: 2, 200: 1, 5000: 1}"
6773,06/11/2025,8,553.3420888749222,"{100: 15, 500: 11, 1000: 6, 5000: 3, 200: 2, 2000: 1}"
1904,19/10/2025,26,553.1140031300754,"{100: 14, 500: 11, 5000: 4, 1000: 1}"
9541,23/10/2025,22,553.1108207248637,"{100: 18, 500: 8, 200: 2, 2000: 1, 5000: 1}"
6408,12/10/2025,33,553.0833445107623,"{100: 14, 500: 12, 1000: 5, 5000: 5, 200: 2, 2000: 1}"
9774,08/09/2025,67,552.9831674377782,"{100: 17, 500: 10, 200: 4, 1000: 3, 2000: 2}"
1645,10/11/2025,4,552.9446336051941,"{100: 14, 500: 12, 5000: 3, 1000: 2, 2000: 2, 200: 1}"
5597,16/10/2025,29,552.8389640655595,"{100: 15, 500: 12, 5000: 3, 2000: 2, 1000: 1, 200: 1}"
3093,25/10/2025,20,552.7389674947833,"{100: 15, 500: 11, 5000: 2, 1000: 2, 200: 2, 2000: 1}"
9508,06/11/2025,8,552.7071378617935,"{100: 13, 500: 12, 200: 4, 1000: 4, 5000: 2, 2000: 1}"
4866,10/09/2025,65,552.6834091581071,"{100: 17, 500: 9, 1000: 3, 5000: 3, 200: 1}"
3305,26/09/2025,49,552.431168497848,"{100: 14, 500: 12, 1000: 3, 2000: 2, 200: 2, 5000: 1}"
2601,24/08/2025,82,552.4286417825757,"{100: 16, 500: 10, 1000: 3, 200: 3, 5000: 1}"
8152,25/10/2025,20,552.3328403970818,"{100: 15, 500: 10, 5000: 6, 200: 4, 1000: 4}"
4641,15/09/2025,60,552.3132774860098,"{100: 14, 500: 13, 2000: 4, 1000: 3, 200: 3, 5000: 1}"
2446,09/10/2025,36,552.2171909596555,"{100: 17, 500: 9, 5000: 3, 200: 2, 1000: 1}"
3500,11/11/2025,3,552.1615975527299,"{100: 14, 1000: 9, 500: 8, 5000: 6, 200: 4}"
8797,16/10/2025,29,552.1547201837037,"{500: 16, 100: 13, 2000: 3, 1000: 2, 200: 2}"
5940,05/11/2025,9,552.0996670343063,"{100: 17, 500: 7, 2000: 5, 5000: 4, 200: 3, 1000: 2}"
4133,14/08/2025,92,552.053752744588,"{100: 18, 500: 8, 1000: 3, 200: 2, 5000: 1}"
8784,03/09/2025,72,552.0144815908959,"{100: 17, 500: 7, 5000: 3, 1000: 3, 200: 3, 2000: 1}"
8271,01/11/2025,13,551.7212343289419,"{100: 15, 500: 12, 1000: 4, 5000: 2, 2000: 1, 200: 1}"
5832,26/08/2025,80,551.6767965674263,"{100: 15, 500: 11, 1000: 3, 5000: 3, 200: 2}"
8585,05/11/2025,9,551.5227641780299,"{100: 15, 500: 10, 5000: 4, 1000: 4, 200: 3, 2000: 1}"
5679,12/09/2025,63,551.4515551823004,"{100: 18, 1000: 5, 500: 5, 2000: 3, 200: 2, 5000: 2}"
5157,26/10/2025,19,551.334099367417,"{100: 16, 500: 8, 1000: 3, 5000: 2, 200: 2}"
6588,09/11/2025,5,551.318309033483,"{100: 16, 500: 8, 1000: 4, 200: 3, 5000: 3, 2000: 1}"
1698,04/11/2025,10,551.2328108037884,"{100: 14, 500: 11, 200: 5, 1000: 2, 5000: 2, 2000: 1}"
0678,26/10/2025,19,551.1864600871897,"{100: 16, 500: 8, 1000: 6, 5000: 5, 2000: 1, 200: 1}"
3191,28/10/2025,17,550.9318171221532,"{100: 14, 500: 12, 1000: 7, 200: 2, 2000: 1}"
0151,06/10/2025,39,550.7869045721619,"{100: 14, 500: 13, 1000: 2, 200: 2, 5000: 2, 2000: 1}"
3918,03/10/2025,42,550.6721230961576,"{100: 20, 1000: 4, 5000: 3, 500: 3, 200: 2}"
0285,30/09/2025,45,550.5094797644815,"{100: 18, 500: 6, 1000: 5, 5000: 3, 200: 1}"
4701,21/09/2025,54,550.3861245124016,"{100: 17, 500: 5, 1000: 4, 5000: 2, 200: 2, 2000: 1}"
5705,10/11/2025,4,550.3411795983959,"{100: 17, 500: 7, 1000: 3, 5000: 3}"
4708,18/09/2025,57,550.2523624497077,"{100: 17, 500: 8, 1000: 4, 5000: 1, 200: 1}"
9648,25/07/2025,112,550.225093719396,"{100: 17, 500: 9, 1000: 4, 2000: 3, 5000: 3, 200: 2}"
3145,23/08/2025,83,550.1982017466884,"{100: 15, 500: 12, 5000: 5, 200: 3, 1000: 2}"
5352,25/09/2025,50,550.1377122460718,"{100: 13, 500: 13, 5000: 5, 200: 5, 1000: 3}"
3308,30/10/2025,15,550.1234276805394,"{500: 15, 100: 12, 200: 5, 5000: 2, 1000: 2, 2000: 1}"
0768,17/09/2025,58,550.1114331687623,"{100: 17, 500: 11, 5000: 2}"
3787,27/10/2025,18,550.0997432479024,"{100: 15, 500: 10, 1000: 5, 5000: 2, 2000: 1}"
0641,27/08/2025,79,550.0772063805921,"{100: 17, 500: 9, 1000: 4, 5000: 2, 200: 1}"
8257,10/11/2025,4,550.0380510164927,"{100: 15, 500: 10, 1000: 6, 5000: 2, 2000: 1}"
9758,06/11/2025,8,549.9690249449135,"{100: 19, 500: 5, 200: 3, 5000: 2, 1000: 1, 2000: 1}"
5465,12/11/2025,2,549.8823216036388,"{100: 15, 500: 9, 1000: 6, 200: 3, 5000: 1}"
8362,13/11/2025,1,549.7706159571701,"{100: 13, 500: 12, 5000: 7, 1000: 3, 200: 3}"
9184,29/10/2025,16,549.7372771756376,"{100: 17, 500: 8, 5000: 4, 1000: 4, 2000: 1, 200: 1}"
0906,25/10/2025,20,549.734300607681,"{100: 14, 500: 12, 1000: 5, 5000: 4}"
0499,19/10/2025,26,549.7217967733195,"{100: 14, 500: 12, 200: 4, 1000: 3, 5000: 3}"
5706,27/10/2025,18,549.4052731052137,"{100: 14, 500: 12, 1000: 5, 5000: 3, 200: 3, 2000: 1}"
6934,11/08/2025,95,549.2595323375007,"{100: 15, 500: 12, 5000: 4, 2000: 4, 1000: 3}"
5461,10/11/2025,4,548.9856819456074,"{100: 15, 500: 8, 5000: 7, 1000: 6, 200: 5}"
0468,19/08/2025,87,548.9701975763991,"{100: 18, 500: 8, 1000: 3, 5000: 1, 200: 1}"
0166,30/10/2025,15,548.9411220700167,"{100: 14, 500: 12, 1000: 6, 5000: 2}"
3258,02/11/2025,12,548.932385444351,"{100: 17, 500: 6, 200: 4, 1000: 3, 5000: 2, 2000: 1}"
6871,03/10/2025,42,548.7934733022547,"{100: 14, 500: 12, 1000: 4, 5000: 3, 2000: 2, 200: 1}"
1464,09/11/2025,5,548.6892634623459,"{100: 15, 500: 6, 1000: 6, 5000: 4, 200: 3, 2000: 1}"
7625,22/10/2025,23,548.6793320317784,"{500: 17, 100: 11, 5000: 5, 2000: 3, 1000: 3}"
3998,05/11/2025,9,548.556446368138,"{100: 15, 500: 9, 1000: 6, 200: 4, 5000: 2, 2000: 2}"
5932,01/11/2025,13,548.5412358934603,"{100: 17, 500: 7, 1000: 6, 200: 1, 5000: 1, 2000: 1}"
1784,06/11/2025,8,548.4385084798367,"{100: 14, 500: 12, 5000: 4, 1000: 2}"
4747,30/10/2025,15,548.3577526569893,"{100: 13, 500: 11, 1000: 6, 5000: 1, 200: 1}"
3988,05/10/2025,40,548.3058840916824,"{100: 16, 500: 9, 5000: 4, 200: 3, 1000: 3}"
6770,09/10/2025,36,548.1897730514844,"{100: 16, 500: 8, 1000: 4, 200: 2, 5000: 2, 2000: 1}"
7785,28/08/2025,78,548.1190155457681,"{100: 16, 500: 12, 5000: 2, 2000: 2}"
8726,24/10/2025,21,548.0677634669956,"{500: 14, 100: 13, 5000: 5, 200: 3, 1000: 2, 2000: 1}"
7828,09/10/2025,36,547.956145274841,"{100: 17, 500: 8, 1000: 3, 5000: 2, 200: 2, 2000: 1}"
9678,19/10/2025,26,547.8749198712928,"{100: 16, 500: 7, 1000: 3, 5000: 1, 2000: 1, 200: 1}"
1544,06/10/2025,39,547.7679349910114,"{100: 14, 500: 12, 1000: 5, 5000: 2, 200: 1}"
9742,07/11/2025,7,547.6538085412782,"{100: 16, 500: 9, 1000: 2, 5000: 2, 2000: 1}"
0670,14/11/2025,0,547.5800792826594,"{100: 16, 500: 6, 5000: 4, 200: 4, 1000: 2}"
6791,29/07/2025,108,547.4588043730728,"{100: 14, 500: 13, 5000: 6, 200: 3, 1000: 2}"
5408,27/07/2025,110,547.3874055314155,"{100: 17, 500: 9, 5000: 4, 200: 3, 1000: 3, 2000: 1}"
2367,30/09/2025,45,547.3577372368259,"{100: 15, 500: 9, 1000: 6, 200: 6, 5000: 2, 2000: 1}"
1398,11/11/2025,3,547.1667002993894,"{500: 13, 100: 12, 200: 5, 1000: 3, 5000: 3, 2000: 1}"
6767,22/10/2025,23,547.0918148726174,"{100: 16, 500: 6, 1000: 4, 5000: 3, 2000: 3, 200: 1}"
4370,09/11/2025,5,547.086362106126,"{100: 17, 500: 6, 1000: 6, 2000: 2, 5000: 1}"
4669,08/09/2025,67,547.0858143691307,"{100: 17, 500: 11, 5000: 2}"
7205,12/10/2025,33,546.9830630488049,"{100: 14, 500: 12, 1000: 5, 200: 4, 5000: 2, 2000: 1}"
1448,28/08/2025,78,546.9634525342802,"{500: 16, 100: 11, 5000: 4, 1000: 2, 2000: 1, 200: 1}"
5657,06/11/2025,8,546.9603330131279,"{100: 16, 500: 11, 200: 4, 1000: 2, 2000: 2}"
9323,06/09/2025,69,546.8172937886295,"{500: 15, 100: 13, 1000: 3, 200: 2, 5000: 1}"
7441,10/11/2025,4,546.7989473605148,"{500: 12, 100: 12, 200: 7, 1000: 6, 5000: 6}"
2152,14/11/2025,0,546.6143823108528,"{100: 14, 500: 11, 200: 5, 1000: 3, 5000: 2, 2000: 2}"
0347,10/11/2025,4,546.5562777737019,"{100: 19, 200: 4, 500: 4, 2000: 2, 5000: 2, 1000: 1}"
0433,19/07/2025,118,546.3392654358619,"{100: 16, 500: 11, 1000: 3, 200: 1, 5000: 1, 2000: 1}"
3068,16/10/2025,29,546.3156214016805,"{100: 15, 500: 10, 1000: 5, 2000: 4, 5000: 2, 200: 2}"
3100,25/10/2025,20,546.1394456392698,"{100: 16, 500: 10, 200: 3, 1000: 1, 2000: 1, 5000: 1}"
1708,06/11/2025,8,546.0715058689065,"{100: 19, 1000: 4, 500: 4, 200: 2, 5000: 1, 2000: 1}"
4006,11/11/2025,3,545.9239180623057,"{100: 16, 500: 7, 1000: 6, 200: 3, 2000: 2, 5000: 1}"
0902,01/11/2025,13,545.9225358773673,"{100: 14, 500: 12, 1000: 3, 5000: 2, 200: 1}"
0806,10/10/2025,35,545.702393272899,"{100: 16, 500: 9, 1000: 5, 5000: 3, 2000: 2, 200: 1}"
4639,15/10/2025,30,545.6657236784883,"{100: 17, 5000: 5, 500: 5, 2000: 2, 1000: 1, 200: 1}"
9755,22/10/2025,23,545.4677921328472,"{100: 17, 500: 6, 1000: 4, 5000: 2, 200: 2}"
1048,11/11/2025,3,545.2099465308191,"{100: 14, 500: 10, 5000: 5, 1000: 4, 200: 4, 2000: 3}"
3713,09/09/2025,66,545.1992911229395,"{500: 16, 100: 14, 5000: 3, 200: 2, 2000: 1}"
0487,12/10/2025,33,545.0674108979555,"{100: 14, 500: 8, 1000: 5, 5000: 3, 2000: 1}"
8481,11/10/2025,34,544.9989132947383,"{100: 15, 500: 10, 1000: 3, 5000: 2, 200: 1, 2000: 1}"
1633,13/11/2025,1,544.9160872231726,"{100: 16, 500: 10, 1000: 3, 5000: 2, 2000: 1}"
6317,30/09/2025,45,544.7875297602001,"{100: 15, 500: 9, 1000: 7, 5000: 3, 2000: 2, 200: 1}"
3881,06/10/2025,39,544.6842496964982,"{100: 13, 500: 13, 5000: 3, 1000: 3, 200: 2, 2000: 1}"
3694,18/08/2025,88,544.5705766474099,"{100: 15, 500: 10, 1000: 4, 5000: 4, 200: 2, 2000: 1}"
5765,26/09/2025,49,544.5143942060083,"{100: 18, 500: 6, 200: 4, 1000: 3, 5000: 2}"
4966,12/11/2025,2,544.408885294438,"{100: 13, 500: 13, 5000: 2, 1000: 2, 200: 1}"
8074,10/11/2025,4,544.3882160379655,"{500: 14, 100: 12, 1000: 5, 2000: 2, 5000: 2, 200: 1}"
6977,19/09/2025,56,544.2604203030257,"{100: 17, 1000: 7, 500: 7, 2000: 3, 200: 1, 5000: 1}"
1678,10/11/2025,4,544.2058074227932,"{100: 18, 500: 6, 1000: 3, 200: 1, 5000: 1}"
0862,25/07/2025,112,543.9581078768862,"{100: 17, 500: 8, 5000: 6, 200: 2, 2000: 2, 1000: 2}"
9798,26/10/2025,19,543.7505986354743,"{100: 15, 500: 10, 5000: 5, 1000: 4}"
1577,09/09/2025,66,543.6533192051515,"{100: 14, 500: 12, 1000: 4, 5000: 2, 200: 2}"
3298,29/10/2025,16,543.6483281560652,"{100: 14, 500: 10, 1000: 5, 2000: 3, 200: 3, 5000: 1}"
4130,05/08/2025,101,543.6248017978517,"{100: 15, 500: 12, 1000: 4, 5000: 3, 2000: 1}"
5294,08/10/2025,37,543.3739836140035,"{500: 17, 100: 10, 200: 5, 1000: 4, 5000: 2, 2000: 1}"
3118,27/10/2025,18,543.3066564083715,"{500: 17, 100: 10, 200: 5, 1000: 3, 5000: 3}"
4190,16/09/2025,59,543.2978442016737,"{100: 15, 500: 11, 1000: 4, 5000: 2, 200: 2, 2000: 2}"
3241,06/11/2025,8,543.2459209845866,"{100: 18, 500: 5, 200: 5, 1000: 3, 5000: 3, 2000: 1}"
3178,11/10/2025,34,543.2213068380827,"{100: 18, 5000: 3, 500: 3, 1000: 2, 200: 2, 2000: 1}"
9105,13/09/2025,62,543.2030156550812,"{100: 15, 500: 11, 1000: 3, 5000: 2, 2000: 2}"
1361,28/08/2025,78,542.9311183092715,"{100: 15, 500: 12, 1000: 3, 5000: 2, 2000: 1, 200: 1}"
1686,25/09/2025,50,542.8657453839159,"{100: 14, 500: 9, 5000: 5, 1000: 3, 200: 2, 2000: 1}"
2455,07/09/2025,68,542.8621431311936,"{100: 17, 500: 7, 5000: 6, 1000: 4, 200: 2, 2000: 1}"
3765,12/11/2025,2,542.7701883815562,"{100: 15, 500: 11, 200: 5, 2000: 3, 1000: 2}"
4234,26/10/2025,19,542.7516652497766,"{500: 13, 100: 12, 1000: 5, 2000: 3, 200: 3, 5000: 2}"
2452,25/09/2025,50,542.7455579418768,"{100: 15, 500: 11, 2000: 2, 1000: 2, 200: 2, 5000: 1}"
4562,03/11/2025,11,542.7050653348686,"{100: 15, 500: 10, 1000: 3, 5000: 2, 200: 1}"
5351,21/08/2025,85,542.6827820215412,"{500: 18, 100: 11, 1000: 4, 2000: 4, 5000: 2, 200: 1}"
8673,04/11/2025,10,542.6783659725702,"{100: 14, 500: 10, 1000: 4, 5000: 4, 2000: 2, 200: 1}"
4475,30/08/2025,76,542.5736414354448,"{100: 17, 500: 7, 1000: 5, 2000: 4, 200: 3, 5000: 1}"
5970,11/06/2025,156,542.4485300467172,"{100: 15, 500: 12, 1000: 8, 5000: 1, 2000: 1, 200: 1}"
5180,14/11/2025,0,542.2651735345116,"{500: 14, 100: 12, 1000: 3, 5000: 2, 200: 1, 2000: 1}"
3665,08/11/2025,6,542.2424658895773,"{100: 16, 500: 8, 1000: 5, 200: 3, 5000: 1}"
8608,28/10/2025,17,542.1642361740527,"{100: 15, 500: 13, 5000: 1, 200: 1, 2000: 1}"
7163,22/09/2025,53,542.107260305957,"{500: 14, 100: 12, 1000: 5, 5000: 4, 200: 1}"
6582,24/10/2025,21,541.9430982354992,"{100: 15, 500: 11, 200: 3, 1000: 2, 5000: 2}"
4458,21/10/2025,24,541.5272227915898,"{100: 15, 500: 11, 1000: 2, 5000: 2, 2000: 2, 200: 1}"
9619,09/11/2025,5,541.4153839658932,"{100: 18, 1000: 8, 500: 4, 5000: 1, 200: 1}"
9281,31/10/2025,14,541.3472063300828,"{100: 14, 500: 11, 1000: 5, 5000: 4, 200: 2}"
0586,30/06/2025,137,541.3304978368976,"{100: 16, 500: 12, 1000: 2, 5000: 1, 200: 1}"
3706,30/10/2025,15,541.3015135156535,"{100: 15, 500: 9, 200: 4, 5000: 3, 2000: 2, 1000: 2}"
8134,04/09/2025,71,541.0263809748861,"{100: 15, 500: 10, 5000: 6, 1000: 5, 200: 1, 2000: 1}"
8251,18/10/2025,27,540.9930879874422,"{100: 13, 500: 12, 5000: 4, 200: 3, 1000: 3, 2000: 1}"
8647,12/11/2025,2,540.9434855032234,"{100: 14, 500: 13, 5000: 1, 200: 1, 1000: 1}"
0614,17/09/2025,58,540.8869764058377,"{500: 15, 100: 12, 1000: 6, 5000: 1, 200: 1}"
0764,14/11/2025,0,540.7101833309562,"{100: 13, 500: 12, 1000: 7, 200: 3, 5000: 2, 2000: 1}"
9747,11/11/2025,3,540.634686773239,"{100: 15, 500: 9, 5000: 4, 1000: 4, 2000: 4, 200: 2}"
2554,06/09/2025,69,540.3992606459016,"{100: 17, 1000: 5, 500: 5, 5000: 3, 200: 3}"
3772,05/11/2025,9,540.2232161853684,"{100: 17, 500: 7, 5000: 3, 1000: 3, 200: 1}"
3704,26/10/2025,19,540.1332151864065,"{100: 16, 500: 11, 2000: 3, 200: 1, 5000: 1}"
0705,17/09/2025,58,540.0441002360222,"{100: 15, 500: 10, 1000: 4, 200: 1, 2000: 1, 5000: 1}"
4665,08/11/2025,6,540.0203138669291,"{100: 13, 500: 9, 5000: 4, 1000: 4, 200: 3, 2000: 1}"
5350,06/11/2025,8,539.8093664592847,"{100: 14, 500: 11, 5000: 6, 1000: 3, 200: 2}"
3623,05/11/2025,9,539.6612462558824,"{100: 15, 500: 7, 5000: 3, 1000: 3, 200: 3, 2000: 2}"
8507,29/10/2025,16,539.6487534949187,"{100: 16, 500: 8, 5000: 4, 1000: 4, 2000: 2, 200: 1}"
7935,07/11/2025,7,539.4816191700628,"{100: 15, 500: 8, 1000: 7, 5000: 6, 200: 1}"
2619,09/10/2025,36,539.2769260169587,"{100: 17, 200: 5, 1000: 4, 500: 4, 2000: 4, 5000: 3}"
2721,05/11/2025,9,538.9521075132828,"{500: 16, 100: 9, 200: 4, 5000: 3, 1000: 2}"
3781,12/11/2025,2,538.829090871912,"{100: 13, 500: 12, 200: 5, 1000: 4, 5000: 3}"
0884,20/10/2025,25,538.7875147272712,"{100: 14, 500: 11, 1000: 6, 5000: 3, 200: 2, 2000: 1}"
0682,23/05/2025,175,538.7471970519318,"{100: 17, 500: 10, 2000: 3, 1000: 3, 5000: 3}"
6091,21/10/2025,24,538.582435674936,"{500: 13, 100: 13, 5000: 3, 1000: 3, 2000: 1, 200: 1}"
4753,15/10/2025,30,538.4503623421007,"{100: 12, 500: 12, 1000: 6, 5000: 2, 2000: 1}"
1605,07/11/2025,7,538.4201377921812,"{100: 14, 500: 11, 1000: 4, 5000: 3, 2000: 2, 200: 2}"
9128,13/08/2025,93,538.0523853059723,"{100: 18, 500: 7, 5000: 3, 1000: 3}"
8715,04/11/2025,10,537.9352780304213,"{500: 13, 100: 13, 1000: 5, 200: 3, 2000: 1}"
8045,10/11/2025,4,537.8777648627863,"{100: 14, 500: 11, 5000: 3, 1000: 3, 200: 3, 2000: 1}"
2179,10/08/2025,96,537.5291878906858,"{100: 19, 200: 5, 500: 5, 1000: 4, 2000: 2}"
3717,22/10/2025,23,537.3802992886544,"{100: 14, 500: 11, 1000: 7, 5000: 2}"
3648,30/08/2025,76,537.3141047095132,"{100: 17, 500: 9, 1000: 2, 5000: 1, 200: 1}"
9407,24/09/2025,51,537.2921168546983,"{100: 18, 500: 5, 1000: 4, 200: 4, 2000: 2, 5000: 2}"
9480,21/10/2025,24,537.1901197103626,"{100: 16, 500: 8, 5000: 3, 1000: 3, 2000: 1, 200: 1}"
4781,04/11/2025,10,537.1747223410332,"{100: 17, 500: 7, 1000: 3, 200: 2, 5000: 1, 2000: 1}"
1458,08/10/2025,37,537.1477127148835,"{100: 17, 500: 7, 1000: 4, 5000: 4, 200: 3}"
9588,26/10/2025,19,536.9235065842836,"{100: 12, 500: 11, 1000: 9, 5000: 5, 200: 2, 2000: 1}"
0784,28/10/2025,17,536.8381723636571,"{500: 13, 100: 12, 1000: 5, 5000: 3, 200: 2}"
3131,19/10/2025,26,536.5562943908641,"{100: 17, 500: 6, 1000: 2, 5000: 2, 2000: 1, 200: 1}"
4442,03/09/2025,72,536.4621413903502,"{100: 15, 500: 12, 200: 4, 1000: 2, 5000: 2, 2000: 1}"
3888,08/10/2025,37,536.3906016819326,"{500: 13, 100: 13, 5000: 6, 1000: 2}"
8718,16/10/2025,29,536.3677137556596,"{100: 13, 500: 12, 1000: 5, 200: 5, 5000: 3, 2000: 1}"
5698,03/10/2025,42,536.3206395563822,"{100: 17, 500: 8, 5000: 3, 1000: 2, 2000: 1, 200: 1}"
1653,30/08/2025,76,536.2870935568483,"{100: 17, 500: 6, 5000: 3, 2000: 1, 1000: 1}"
9641,20/08/2025,86,536.0828603162415,"{100: 15, 500: 11, 1000: 5, 5000: 2, 2000: 2}"
4153,07/10/2025,38,536.0402391412173,"{100: 16, 1000: 7, 500: 6, 5000: 3, 200: 3, 2000: 1}"
5538,10/10/2025,35,535.6331887436088,"{100: 14, 500: 12, 1000: 3, 200: 2, 5000: 1, 2000: 1}"
8632,01/11/2025,13,535.4137410560496,"{100: 16, 500: 8, 1000: 6, 5000: 4, 2000: 2, 200: 1}"
1367,18/10/2025,27,535.3731714313332,"{100: 17, 500: 7, 200: 3, 5000: 3, 1000: 2}"
0844,25/10/2025,20,535.3678813136064,"{100: 14, 500: 8, 1000: 6, 5000: 2, 2000: 2, 200: 2}"
3601,27/10/2025,18,535.3141693277623,"{100: 13, 500: 13, 1000: 5, 5000: 2, 200: 1}"
9775,12/10/2025,33,535.2880901325041,"{100: 15, 500: 9, 1000: 6, 5000: 1, 2000: 1, 200: 1}"
8396,14/10/2025,31,535.1569665741921,"{100: 16, 500: 10, 200: 3, 2000: 1, 1000: 1}"
8742,30/10/2025,15,535.1190238409848,"{500: 15, 100: 12, 200: 5, 1000: 3, 5000: 1}"
0425,24/07/2025,113,534.6778267317268,"{100: 15, 500: 12, 5000: 7, 200: 3, 2000: 1}"
2155,26/08/2025,80,534.6123444032899,"{100: 16, 500: 10, 200: 3, 1000: 3, 5000: 2}"
4089,19/10/2025,26,534.591468498546,"{500: 15, 100: 10, 1000: 5, 5000: 4}"
4765,14/11/2025,0,534.3822800674494,"{100: 15, 500: 9, 2000: 2, 200: 2, 5000: 1, 1000: 1}"
5096,13/11/2025,1,534.3126899567895,"{100: 16, 500: 10, 1000: 2, 200: 2}"
8579,18/10/2025,27,534.2171738457254,"{100: 14, 500: 10, 1000: 7, 5000: 4, 200: 2, 2000: 1}"
2076,28/09/2025,47,533.9856766548036,"{100: 15, 500: 9, 5000: 7, 1000: 4, 200: 2, 2000: 1}"
6803,27/10/2025,18,533.4699979652493,"{100: 18, 500: 5, 5000: 3, 1000: 2, 2000: 2, 200: 2}"
2955,30/09/2025,45,533.4497352416486,"{100: 14, 500: 12, 2000: 2, 1000: 2, 5000: 1, 200: 1}"
4952,17/09/2025,58,533.3901482425726,"{100: 15, 500: 12, 5000: 4, 1000: 2}"
8654,18/08/2025,88,533.335766451633,"{100: 17, 500: 7, 200: 5, 1000: 4, 5000: 3}"
6783,06/10/2025,39,533.3196385934398,"{100: 18, 500: 5, 5000: 4, 1000: 3, 2000: 2, 200: 1}"
7779,05/11/2025,9,532.9499316131544,"{100: 13, 500: 10, 1000: 6, 5000: 4, 200: 4, 2000: 2}"
5892,23/10/2025,22,532.8124399250656,"{100: 16, 500: 7, 5000: 6, 200: 3, 1000: 2, 2000: 2}"
5602,29/10/2025,16,532.7770589304918,"{100: 14, 500: 10, 1000: 6, 5000: 3}"
5886,12/10/2025,33,532.7250335588402,"{100: 16, 500: 8, 5000: 3, 200: 2, 1000: 1}"
1286,21/07/2025,116,532.4848570609647,"{500: 13, 100: 13, 5000: 6, 1000: 4, 2000: 2, 200: 2}"
0661,14/11/2025,0,532.4545677507972,"{100: 16, 500: 8, 5000: 4, 200: 2, 2000: 1, 1000: 1}"
5604,02/09/2025,73,532.2443922032791,"{500: 15, 100: 14, 5000: 4, 200: 2}"
8203,05/11/2025,9,532.2358056532697,"{100: 14, 500: 11, 5000: 4, 1000: 3, 2000: 1, 200: 1}"
1722,03/11/2025,11,532.2167885855333,"{100: 13, 500: 10, 5000: 7, 1000: 4, 200: 1, 2000: 1}"
1729,11/11/2025,3,532.2111933092793,"{500: 13, 100: 13, 1000: 3, 5000: 3, 200: 2, 2000: 2}"
4890,04/10/2025,41,532.1701637108907,"{100: 16, 1000: 8, 500: 6, 200: 5, 5000: 3}"
3768,26/10/2025,19,532.1341450048759,"{100: 14, 500: 11, 1000: 3, 200: 3, 5000: 2, 2000: 1}"
1197,03/10/2025,42,531.9715562210523,"{100: 14, 500: 11, 5000: 5, 200: 3, 1000: 2}"
1101,13/11/2025,1,531.7969538805213,"{100: 18, 1000: 4, 500: 4, 2000: 4, 5000: 2, 200: 1}"
0845,08/11/2025,6,531.6552001924913,"{100: 15, 500: 8, 1000: 5, 2000: 4, 5000: 2, 200: 2}"
4736,13/11/2025,1,531.6311784907457,"{100: 14, 500: 10, 5000: 7, 1000: 2, 200: 2}"
1191,17/09/2025,58,531.4277227169327,"{100: 17, 500: 6, 1000: 3, 5000: 3, 200: 1}"
0836,22/10/2025,23,531.0998687881065,"{500: 13, 100: 12, 1000: 5, 5000: 2, 2000: 2}"
5452,09/10/2025,36,530.9634033477919,"{100: 14, 500: 11, 5000: 6, 1000: 3, 200: 2, 2000: 1}"
5700,28/09/2025,47,530.9192794661025,"{500: 13, 100: 12, 1000: 6, 5000: 4, 200: 3, 2000: 1}"
4027,31/07/2025,106,530.8898209356224,"{100: 17, 500: 7, 1000: 5, 5000: 2, 2000: 2, 200: 1}"
3637,11/11/2025,3,530.8136953200511,"{100: 14, 500: 12, 200: 3, 5000: 2, 1000: 1}"
3166,13/09/2025,62,530.7955410392586,"{100: 16, 500: 9, 5000: 3, 1000: 3, 200: 2}"
8684,13/10/2025,32,530.7630331834747,"{100: 15, 500: 9, 1000: 3, 200: 3, 5000: 2}"
9902,03/10/2025,42,530.704620842201,"{100: 15, 500: 8, 1000: 7, 5000: 5, 200: 3, 2000: 1}"
3034,28/09/2025,47,530.6422021674372,"{100: 14, 500: 12, 1000: 4, 200: 2, 5000: 1}"
0156,28/10/2025,17,530.5010836224282,"{100: 14, 500: 11, 5000: 3, 1000: 2, 200: 1, 2000: 1}"
1175,01/11/2025,13,530.43210838004,"{100: 15, 500: 10, 5000: 5, 1000: 1}"
2985,24/09/2025,51,530.3816241559296,"{100: 16, 1000: 8, 500: 7, 200: 3, 5000: 3}"
9683,13/11/2025,1,530.3716223942572,"{100: 16, 500: 7, 1000: 4, 5000: 3, 200: 3, 2000: 2}"
5388,06/11/2025,8,530.3160482542579,"{100: 15, 500: 9, 5000: 4, 200: 3, 1000: 2}"
5707,09/10/2025,36,530.2030204855841,"{100: 12, 500: 11, 5000: 4, 1000: 4, 200: 2, 2000: 1}"
6251,02/07/2025,135,529.9857825949374,"{100: 15, 500: 11, 1000: 4, 5000: 3, 200: 2}"
3745,30/09/2025,45,529.8998309356682,"{100: 17, 500: 5, 1000: 4, 2000: 3, 5000: 3, 200: 1}"
1348,01/11/2025,13,529.7238275341608,"{100: 13, 500: 9, 5000: 5, 1000: 3, 2000: 2}"
9292,26/10/2025,19,529.6652224301504,"{100: 14, 500: 10, 1000: 5, 5000: 2, 200: 2, 2000: 1}"
2534,04/10/2025,41,529.6453359598668,"{100: 14, 500: 12, 200: 2, 1000: 2, 5000: 1}"
6010,10/11/2025,4,529.6263597618079,"{100: 15, 500: 8, 200: 5, 5000: 2, 2000: 1, 1000: 1}"
3766,04/11/2025,10,529.4602592233093,"{100: 15, 500: 9, 1000: 5, 5000: 3}"
1608,12/09/2025,63,529.3636207850785,"{100: 16, 500: 8, 5000: 6, 1000: 4}"
6955,14/11/2025,0,529.3183000121082,"{100: 14, 500: 10, 1000: 5, 5000: 3, 200: 3, 2000: 1}"
2778,14/09/2025,61,529.2582743518997,"{100: 15, 1000: 7, 500: 6, 200: 3, 5000: 2, 2000: 1}"
2404,24/08/2025,82,529.2415808028258,"{500: 13, 100: 13, 1000: 6, 5000: 2}"
0754,23/10/2025,22,529.2373084397253,"{100: 16, 500: 9, 5000: 3, 200: 2}"
4244,06/11/2025,8,529.2022029507946,"{100: 19, 500: 6, 200: 1}"
5518,28/10/2025,17,528.9820378348559,"{100: 14, 500: 11, 200: 2, 5000: 2, 1000: 2, 2000: 2}"
2792,07/11/2025,7,528.9707604351745,"{100: 13, 500: 12, 5000: 7, 1000: 3, 2000: 1, 200: 1}"
9458,14/09/2025,61,528.9533341942254,"{500: 14, 100: 12, 1000: 7, 5000: 3, 2000: 2, 200: 1}"
8963,21/10/2025,24,528.9207106396078,"{500: 14, 100: 12, 5000: 6, 200: 4, 1000: 4, 2000: 2}"
9432,10/08/2025,96,528.9055531496338,"{100: 20, 500: 3, 200: 2, 1000: 1, 5000: 1}"
1582,05/10/2025,40,528.8112046094669,"{100: 13, 500: 12, 1000: 5, 5000: 5, 200: 3, 2000: 1}"
9704,28/08/2025,78,528.7626326620489,"{100: 19, 500: 7, 200: 2, 1000: 1}"
1741,06/11/2025,8,528.5752359468344,"{100: 15, 500: 10, 5000: 2, 2000: 2, 200: 2, 1000: 1}"
0886,17/03/2025,242,528.4686056950346,"{100: 14, 500: 13, 1000: 3, 5000: 3, 2000: 1, 200: 1}"
4107,05/11/2025,9,528.02527345837,"{100: 19, 500: 6, 2000: 1, 5000: 1}"
0581,11/10/2025,34,527.9922116399225,"{100: 13, 500: 13, 1000: 3, 5000: 2, 200: 2}"
3589,21/10/2025,24,527.8675009866932,"{100: 14, 500: 11, 200: 4, 1000: 2, 5000: 1, 2000: 1}"
3676,02/11/2025,12,527.7082454355742,"{500: 16, 100: 12, 200: 5, 2000: 3, 5000: 2}"
4388,15/10/2025,30,527.6079045112101,"{100: 15, 500: 10, 5000: 3, 1000: 2, 200: 2, 2000: 1}"
8824,25/10/2025,20,527.5684997567666,"{100: 14, 500: 10, 1000: 5, 5000: 4, 200: 2, 2000: 1}"
8452,30/10/2025,15,527.3178777722721,"{100: 17, 1000: 5, 500: 5, 200: 4, 5000: 2}"
8768,29/10/2025,16,527.3010419504751,"{100: 16, 500: 8, 1000: 4, 5000: 1, 2000: 1}"
1572,26/10/2025,19,527.019696208518,"{100: 15, 500: 9, 5000: 6, 1000: 5, 2000: 1, 200: 1}"
5779,13/10/2025,32,526.8829390369355,"{100: 15, 1000: 8, 500: 8, 5000: 4}"
5904,05/10/2025,40,526.8736474569855,"{500: 13, 100: 12, 1000: 6, 5000: 3, 200: 3}"
2872,03/10/2025,42,526.8432391372904,"{100: 14, 500: 8, 5000: 3, 2000: 3, 1000: 3, 200: 1}"
1955,19/10/2025,26,526.6083044483003,"{100: 15, 500: 10, 200: 4, 2000: 2, 5000: 1, 1000: 1}"
9708,08/11/2025,6,526.2186648683742,"{100: 16, 500: 9, 1000: 5, 200: 1}"
0553,17/10/2025,28,526.0718222551197,"{100: 13, 500: 11, 1000: 5, 5000: 2, 200: 2, 2000: 1}"
9178,13/08/2025,93,526.0572465873789,"{100: 14, 500: 12, 1000: 4, 200: 2, 5000: 1}"
1557,12/10/2025,33,525.9442686760689,"{100: 14, 500: 11, 5000: 4, 2000: 1, 1000: 1, 200: 1}"
9947,19/10/2025,26,525.7752931923479,"{100: 15, 500: 9, 200: 4, 1000: 3, 5000: 2, 2000: 2}"
5536,08/10/2025,37,525.7492201859143,"{100: 17, 500: 7, 1000: 3, 5000: 1, 2000: 1}"
2382,26/10/2025,19,525.6199920511228,"{100: 15, 500: 9, 200: 3, 5000: 3, 1000: 2, 2000: 2}"
6078,26/08/2025,80,525.4799064303443,"{100: 16, 500: 10, 2000: 2, 5000: 1, 1000: 1, 200: 1}"
7678,10/09/2025,65,525.3169722483591,"{100: 17, 500: 8, 200: 3, 5000: 1, 1000: 1}"
4638,13/11/2025,1,525.2332586339562,"{100: 16, 500: 7, 200: 5, 1000: 3, 5000: 1}"
0451,15/10/2025,30,525.173621523084,"{100: 15, 500: 9, 1000: 2, 5000: 2, 200: 2, 2000: 1}"
1485,12/08/2025,94,525.0990206903962,"{100: 15, 500: 11, 200: 2, 5000: 2, 1000: 1}"
3784,19/10/2025,26,525.0914196640601,"{100: 14, 500: 11, 5000: 4, 200: 1}"
3247,12/11/2025,2,524.9255745881068,"{100: 13, 500: 11, 200: 5, 1000: 4, 5000: 3, 2000: 1}"
5165,11/08/2025,95,524.9151886104551,"{100: 14, 500: 11, 1000: 3, 200: 3, 5000: 3}"
4935,04/08/2025,102,524.8799059602454,"{100: 16, 500: 9, 2000: 4, 1000: 4, 5000: 2}"
8283,05/08/2025,101,524.8117877742503,"{100: 15, 500: 10, 1000: 4, 5000: 3, 200: 3, 2000: 1}"
7673,12/08/2025,94,524.7183503430252,"{100: 16, 500: 11, 5000: 4, 200: 3, 2000: 2}"
2875,28/07/2025,109,524.7129042775485,"{100: 14, 500: 12, 5000: 4, 1000: 1, 2000: 1}"
0632,30/10/2025,15,524.5807787517111,"{100: 13, 500: 10, 200: 4, 5000: 4, 1000: 4}"
8758,15/10/2025,30,524.5144132311716,"{100: 14, 500: 9, 5000: 6, 1000: 4}"
1862,05/11/2025,9,524.2578974901566,"{100: 16, 500: 7, 5000: 3, 200: 3, 1000: 2, 2000: 1}"
5782,11/10/2025,34,524.1294360170782,"{100: 17, 500: 6, 1000: 5, 5000: 2, 200: 1}"
4279,07/10/2025,38,523.990339318024,"{100: 16, 500: 7, 1000: 3, 200: 3, 5000: 2, 2000: 1}"
3747,25/10/2025,20,523.929852534385,"{100: 15, 500: 7, 1000: 5, 5000: 3, 2000: 1, 200: 1}"
4207,29/10/2025,16,523.9185545972427,"{100: 16, 500: 7, 1000: 5, 5000: 4, 200: 1}"
9908,07/06/2025,160,523.9087799491338,"{100: 18, 500: 5, 1000: 4, 5000: 4, 200: 2, 2000: 1}"
6834,30/10/2025,15,523.8882342290701,"{100: 13, 500: 12, 1000: 4, 200: 4, 5000: 2, 2000: 1}"
5785,21/08/2025,85,523.8822704425568,"{100: 17, 500: 7, 1000: 4, 5000: 3, 200: 1}"
9733,05/11/2025,9,523.6718677244032,"{100: 15, 500: 6, 5000: 4, 200: 3, 1000: 1, 2000: 1}"
9643,04/11/2025,10,523.5265441244067,"{100: 15, 200: 6, 500: 6, 1000: 4, 5000: 3, 2000: 3}"
5438,25/09/2025,50,523.424381703283,"{100: 16, 500: 9, 5000: 4, 200: 4, 2000: 2}"
2145,25/10/2025,20,523.3822438993022,"{500: 15, 100: 11, 200: 4, 5000: 3, 1000: 2}"
1648,08/11/2025,6,523.1998874930835,"{100: 17, 500: 5, 200: 3, 1000: 2, 5000: 1}"
3996,16/10/2025,29,523.1855531909625,"{500: 13, 100: 11, 1000: 5, 5000: 5, 200: 3, 2000: 1}"
5214,11/09/2025,64,523.0210587640065,"{100: 15, 500: 9, 1000: 3, 2000: 2, 5000: 1}"
0245,22/08/2025,84,522.9967622592042,"{100: 16, 500: 6, 5000: 3, 1000: 2, 200: 1}"
5759,13/11/2025,1,522.8646015453588,"{100: 13, 500: 7, 1000: 7, 5000: 4, 200: 3, 2000: 1}"
1110,08/06/2025,159,522.8488630480012,"{100: 17, 500: 9, 2000: 3, 1000: 3, 5000: 1, 200: 1}"
0619,11/10/2025,34,522.8093725189332,"{100: 14, 500: 11, 1000: 3, 5000: 3, 200: 2, 2000: 1}"
4435,07/09/2025,68,522.5878945734352,"{100: 16, 500: 8, 5000: 5, 2000: 2, 200: 1, 1000: 1}"
3586,10/06/2025,157,522.5114785008236,"{100: 16, 500: 11, 200: 3, 5000: 2, 1000: 1, 2000: 1}"
9574,28/09/2025,47,522.4159315013277,"{100: 14, 500: 10, 5000: 6, 1000: 3, 200: 2}"
0724,31/10/2025,14,522.3252130613955,"{100: 17, 1000: 5, 500: 5, 2000: 3, 5000: 2, 200: 1}"
5577,29/08/2025,77,522.115880382777,"{100: 18, 500: 8, 2000: 2, 5000: 2, 200: 2}"
0791,04/09/2025,71,521.9668153516982,"{100: 16, 500: 8, 1000: 3, 5000: 3, 2000: 1}"
5354,18/09/2025,57,521.8951319198017,"{100: 15, 500: 12, 5000: 3, 200: 2}"
1488,09/09/2025,66,521.8177678487054,"{100: 16, 500: 8, 1000: 6, 200: 1, 5000: 1}"
0738,11/11/2025,3,521.8148347909195,"{100: 16, 500: 7, 200: 2, 2000: 2, 1000: 2, 5000: 1}"
3456,23/10/2025,22,521.7492865338529,"{100: 13, 500: 11, 2000: 3, 5000: 3, 1000: 2, 200: 2}"
8881,08/10/2025,37,521.640683886199,"{100: 19, 500: 4, 1000: 3, 5000: 3, 200: 1}"
2671,08/11/2025,6,521.6031931860728,"{100: 16, 500: 6, 5000: 6, 1000: 4, 200: 2}"
0006,03/11/2025,11,521.2036577578856,"{100: 14, 500: 10, 2000: 5, 1000: 4, 5000: 2, 200: 1}"
8403,10/11/2025,4,521.0871531759824,"{100: 13, 500: 12, 5000: 3, 200: 3, 1000: 3}"
4382,12/11/2025,2,521.0268603563101,"{100: 15, 500: 8, 5000: 4, 1000: 2, 200: 2, 2000: 1}"
4618,28/10/2025,17,520.9683916142939,"{100: 12, 500: 10, 1000: 6, 200: 3, 5000: 2}"
1701,05/11/2025,9,520.8921552502965,"{100: 14, 500: 9, 1000: 5, 2000: 2, 5000: 1}"
5781,27/10/2025,18,520.7891252001815,"{100: 13, 500: 11, 1000: 5, 200: 2, 5000: 1}"
1668,10/11/2025,4,520.4745523705822,"{100: 16, 500: 6, 5000: 4, 1000: 3, 200: 2, 2000: 1}"
9254,09/10/2025,36,520.4508010477496,"{100: 15, 500: 7, 5000: 3, 200: 3, 1000: 2}"
9241,12/10/2025,33,520.2927483907083,"{100: 14, 500: 10, 1000: 4, 5000: 2, 200: 2, 2000: 1}"
3425,30/07/2025,107,519.9667137442461,"{100: 14, 500: 12, 5000: 4, 1000: 2, 2000: 1}"
4958,02/11/2025,12,519.9478261958046,"{100: 16, 5000: 7, 500: 6, 1000: 3, 200: 2, 2000: 2}"
8103,25/10/2025,20,519.8756811941096,"{100: 15, 500: 11, 1000: 2, 200: 1, 5000: 1}"
1803,11/11/2025,3,519.8193357239018,"{100: 14, 500: 10, 5000: 3, 1000: 2, 200: 1}"
1166,12/10/2025,33,519.7174724498462,"{500: 16, 100: 10, 5000: 5, 200: 2, 1000: 1}"
6600,13/09/2025,62,519.5262880336825,"{100: 14, 500: 12, 1000: 7, 2000: 2, 200: 2}"
8842,22/10/2025,23,519.4042282011472,"{100: 13, 500: 12, 1000: 4, 5000: 3, 200: 1}"
8792,28/10/2025,17,519.3104394232593,"{100: 13, 500: 13, 200: 7, 1000: 3, 2000: 1}"
0838,05/11/2025,9,518.3981912388949,"{100: 14, 500: 10, 1000: 4, 5000: 1, 200: 1}"
1388,15/10/2025,30,518.3937213964098,"{100: 15, 500: 7, 1000: 4, 200: 3, 5000: 1, 2000: 1}"
4856,03/11/2025,11,518.3109423804776,"{100: 17, 500: 8, 5000: 3, 2000: 1, 200: 1}"
2486,02/11/2025,12,518.2620588791248,"{500: 16, 100: 11, 200: 4, 1000: 3, 2000: 2}"
4906,22/09/2025,53,517.9777360402192,"{100: 17, 1000: 5, 500: 5, 200: 3, 2000: 2, 5000: 2}"
9791,01/11/2025,13,517.9268841114684,"{100: 14, 500: 9, 5000: 5, 200: 5, 1000: 2, 2000: 1}"
0720,29/09/2025,46,517.5119403798618,"{100: 14, 500: 9, 5000: 5, 1000: 3, 2000: 2}"
4300,10/11/2025,4,517.4163293280669,"{100: 13, 500: 11, 1000: 6, 200: 2, 5000: 2}"
9744,19/10/2025,26,516.8947270114535,"{100: 12, 500: 10, 5000: 5, 1000: 4, 200: 3, 2000: 1}"
1591,24/08/2025,82,516.671604578218,"{100: 14, 500: 12, 1000: 3, 200: 2, 5000: 2}"
3111,07/11/2025,7,516.6607298297798,"{500: 13, 100: 11, 1000: 8, 5000: 3, 200: 1}"
2964,15/09/2025,60,516.6269682424703,"{100: 16, 500: 10, 2000: 4, 1000: 2, 200: 1}"
9982,28/10/2025,17,516.5019686771958,"{500: 16, 100: 10, 5000: 2, 2000: 1, 1000: 1}"
1714,04/11/2025,10,516.4338905425577,"{100: 14, 500: 9, 200: 6, 1000: 4, 5000: 1, 2000: 1}"
1940,23/08/2025,83,516.1559782876155,"{500: 14, 100: 13, 200: 1, 5000: 1, 1000: 1}"
5744,24/09/2025,51,516.0246094567672,"{100: 14, 500: 10, 1000: 4, 200: 3, 5000: 2, 2000: 1}"
1259,14/11/2025,0,515.8855723592328,"{100: 15, 500: 8, 1000: 4, 5000: 4, 200: 2}"
7696,10/11/2025,4,515.8553624254783,"{100: 13, 500: 10, 5000: 5, 2000: 3, 1000: 1, 200: 1}"
4405,10/11/2025,4,515.7598566682491,"{100: 14, 500: 9, 5000: 3, 200: 3, 2000: 2, 1000: 1}"
0168,02/11/2025,12,515.749610958218,"{100: 14, 500: 9, 1000: 5, 5000: 2, 2000: 2, 200: 1}"
1404,05/11/2025,9,515.6976835140405,"{100: 15, 500: 10, 200: 3, 1000: 2}"
3650,26/07/2025,111,515.6837734336974,"{100: 17, 500: 8, 5000: 2, 2000: 2, 200: 2, 1000: 1}"
3760,27/10/2025,18,515.6723461473039,"{100: 15, 500: 8, 1000: 4, 5000: 3, 200: 3, 2000: 1}"
7151,29/07/2025,108,515.5776942557346,"{100: 16, 500: 9, 1000: 4, 5000: 1, 200: 1}"
8342,04/10/2025,41,515.5022022189412,"{100: 15, 500: 9, 1000: 5, 2000: 1, 5000: 1}"
2122,18/10/2025,27,515.3664208347803,"{100: 16, 500: 7, 1000: 4, 5000: 3, 200: 1}"
7338,24/10/2025,21,515.1940009978327,"{100: 14, 500: 9, 5000: 5, 200: 5, 1000: 2}"
0510,14/10/2025,31,515.1224878742812,"{100: 16, 500: 7, 5000: 4, 1000: 3, 200: 2, 2000: 1}"
9251,08/10/2025,37,514.9240275539975,"{500: 16, 100: 10, 1000: 5, 5000: 3, 200: 1, 2000: 1}"
8658,26/10/2025,19,514.7383033258579,"{500: 13, 100: 12, 5000: 6, 200: 1}"
4782,30/09/2025,45,514.6652203399935,"{100: 15, 500: 6, 5000: 4, 1000: 4, 200: 1}"
0959,28/09/2025,47,514.5835263178768,"{100: 18, 5000: 7, 500: 6, 200: 1, 2000: 1}"
0982,14/11/2025,0,514.5255628900507,"{100: 15, 500: 8, 1000: 4, 200: 2, 5000: 1}"
6780,10/11/2025,4,514.2281087827937,"{500: 15, 100: 10, 1000: 5, 5000: 4, 200: 2}"
1933,26/09/2025,49,514.1751059412243,"{100: 14, 5000: 11, 500: 6, 200: 3, 1000: 3, 2000: 1}"
5478,09/11/2025,5,513.8730968764403,"{100: 15, 500: 8, 1000: 5, 5000: 2, 200: 1}"
6644,14/10/2025,31,513.8078337348815,"{100: 15, 500: 8, 1000: 5, 200: 3, 5000: 2, 2000: 1}"
3773,14/09/2025,61,513.788167609085,"{100: 16, 500: 7, 200: 5, 2000: 1, 5000: 1, 1000: 1}"
2753,14/11/2025,0,513.713568604863,"{100: 14, 500: 9, 5000: 4, 200: 4, 1000: 3}"
8436,22/10/2025,23,513.7102827915038,"{500: 15, 100: 11, 5000: 4, 1000: 3, 200: 2}"
0243,14/10/2025,31,513.5493323692342,"{100: 15, 500: 10, 1000: 3, 200: 2, 5000: 2, 2000: 1}"
5407,31/10/2025,14,513.5470498289857,"{100: 13, 500: 11, 1000: 4, 200: 3, 2000: 2, 5000: 1}"
6725,29/10/2025,16,513.49338386091,"{100: 14, 500: 9, 1000: 3, 200: 3, 5000: 2, 2000: 1}"
3788,19/10/2025,26,513.2735395283237,"{100: 17, 500: 5, 5000: 4, 1000: 3, 200: 3}"
9468,08/11/2025,6,512.9645669416237,"{100: 14, 500: 10, 2000: 4, 1000: 3, 200: 2, 5000: 1}"
4355,20/10/2025,25,512.6068604190333,"{100: 13, 500: 12, 1000: 4, 200: 2, 2000: 1, 5000: 1}"
1680,11/11/2025,3,512.5643543687173,"{500: 14, 100: 13, 2000: 2, 5000: 1}"
1515,08/08/2025,98,512.5555370693774,"{100: 15, 500: 10, 5000: 7, 1000: 4, 200: 1}"
2254,04/10/2025,41,512.5391770566575,"{100: 15, 500: 7, 5000: 5, 200: 4, 1000: 3}"
8693,11/10/2025,34,512.4933825830296,"{100: 17, 500: 6, 1000: 3, 200: 3, 5000: 1}"
9779,27/10/2025,18,512.2809888594526,"{100: 11, 500: 10, 5000: 6, 1000: 5, 2000: 3, 200: 3}"
0483,03/07/2025,134,511.20476121384553,"{100: 17, 500: 10, 200: 2, 2000: 2, 1000: 1}"
3803,04/11/2025,10,511.0138261920588,"{100: 14, 500: 8, 1000: 5, 200: 4, 2000: 1, 5000: 1}"
5145,19/10/2025,26,510.7073483724502,"{100: 17, 5000: 4, 500: 4, 1000: 4, 2000: 2, 200: 2}"
4754,09/10/2025,36,510.6700305688533,"{100: 15, 1000: 7, 500: 6, 200: 2, 5000: 1}"
1475,26/10/2025,19,510.5063119331182,"{500: 15, 100: 12, 1000: 2, 200: 2, 2000: 1}"
8158,05/11/2025,9,510.4292498888429,"{100: 15, 500: 8, 200: 3, 5000: 2, 1000: 1}"
1791,18/10/2025,27,510.3766576406134,"{100: 13, 500: 12, 200: 2, 1000: 1, 2000: 1, 5000: 1}"
4108,08/11/2025,6,510.1976157793894,"{100: 13, 500: 10, 200: 7, 1000: 2, 5000: 2, 2000: 1}"
5182,29/09/2025,46,510.16304801660925,"{100: 14, 500: 11, 200: 2, 5000: 1, 2000: 1, 1000: 1}"
9087,03/08/2025,103,510.1152668510299,"{100: 15, 500: 8, 1000: 6, 5000: 5, 200: 2}"
6660,09/10/2025,36,509.941309385053,"{100: 13, 500: 12, 1000: 4, 2000: 1, 5000: 1, 200: 1}"
6180,19/09/2025,56,509.93937260896604,"{500: 13, 100: 11, 5000: 4, 1000: 2, 2000: 1, 200: 1}"
3468,30/10/2025,15,509.7500161987123,"{100: 12, 500: 11, 200: 7, 5000: 6, 1000: 3}"
9649,28/10/2025,17,509.6671207398732,"{100: 13, 500: 10, 1000: 4, 5000: 3, 200: 3}"
5498,18/10/2025,27,509.65096863999077,"{100: 18, 500: 5, 1000: 4, 2000: 2, 200: 1}"
3852,29/10/2025,16,509.5329965520187,"{100: 14, 500: 9, 1000: 4, 5000: 2, 200: 2, 2000: 1}"
0843,11/08/2025,95,509.45826282446706,"{100: 16, 500: 8, 1000: 3, 2000: 1, 5000: 1, 200: 1}"
3809,22/10/2025,23,509.37599780093626,"{100: 13, 500: 11, 1000: 3, 5000: 3, 2000: 2}"
4984,24/07/2025,113,509.370650168235,"{100: 15, 500: 11, 1000: 2, 5000: 1, 200: 1}"
4948,11/11/2025,3,509.3143382704861,"{500: 14, 100: 11, 1000: 4, 200: 2, 5000: 1}"
0671,13/11/2025,1,509.23378078787886,"{100: 13, 500: 10, 1000: 5, 2000: 3, 5000: 2, 200: 2}"
9785,17/06/2025,150,508.86070975819655,"{100: 16, 500: 10, 1000: 2, 5000: 2}"
2182,13/09/2025,62,508.6102834961049,"{500: 13, 100: 11, 5000: 4, 200: 3, 1000: 2, 2000: 1}"
5948,29/10/2025,16,508.4323253300112,"{100: 13, 500: 11, 1000: 6, 5000: 1, 2000: 1}"
6778,08/11/2025,6,508.3137598987473,"{500: 22, 100: 6, 5000: 5, 1000: 2, 200: 2}"
5824,08/10/2025,37,508.13934158171844,"{100: 14, 500: 12, 1000: 4, 200: 1}"
4688,13/11/2025,1,507.8214314250345,"{100: 14, 500: 7, 1000: 5, 2000: 3, 5000: 3, 200: 1}"
1579,21/07/2025,116,507.5572829312675,"{500: 13, 100: 12, 200: 5, 5000: 4, 1000: 3, 2000: 1}"
1583,03/11/2025,11,507.1539277041499,"{100: 12, 500: 11, 1000: 5, 5000: 4, 200: 3, 2000: 1}"
7382,01/10/2025,44,507.1366193586487,"{100: 12, 500: 12, 5000: 6, 1000: 4, 200: 4}"
5830,09/11/2025,5,506.97150107574083,"{100: 16, 500: 6, 5000: 3, 1000: 2, 200: 2}"
5747,21/10/2025,24,506.92026712414116,"{100: 14, 500: 11, 1000: 4, 200: 2}"
3644,07/11/2025,7,506.919164462824,"{100: 18, 500: 7, 5000: 2, 200: 1}"
2726,26/08/2025,80,506.8163962384324,"{100: 14, 500: 10, 1000: 4, 5000: 3, 200: 3}"
9355,15/09/2025,60,506.7010718930467,"{100: 16, 5000: 9, 500: 6, 200: 3, 1000: 3, 2000: 2}"
8107,08/11/2025,6,506.22121406610853,"{100: 14, 500: 11, 5000: 3, 200: 2, 2000: 1, 1000: 1}"
2675,03/10/2025,42,506.2035876949451,"{100: 15, 500: 9, 5000: 2, 1000: 2, 2000: 2, 200: 1}"
6674,23/08/2025,83,506.1241985845014,"{100: 15, 500: 12, 5000: 4, 200: 1}"
3017,02/11/2025,12,506.104852331881,"{100: 16, 500: 7, 1000: 2, 5000: 2, 200: 1}"
9725,05/11/2025,9,505.7912757257863,"{500: 12, 100: 12, 5000: 4, 1000: 3, 200: 2}"
1068,29/08/2025,77,505.735402129981,"{100: 13, 500: 12, 200: 3, 1000: 2, 5000: 2}"
5764,07/11/2025,7,505.4169115571144,"{100: 15, 500: 8, 200: 3, 5000: 2, 1000: 2, 2000: 1}"
8588,16/10/2025,29,505.2682735087828,"{500: 13, 100: 10, 1000: 8, 5000: 3, 200: 3}"
8931,26/10/2025,19,505.014119980154,"{100: 14, 500: 9, 1000: 4, 2000: 2, 5000: 1, 200: 1}"
9772,21/10/2025,24,504.662784010943,"{500: 12, 100: 11, 1000: 7, 200: 4, 5000: 3, 2000: 2}"
1190,13/11/2025,1,504.5561159212158,"{100: 13, 500: 11, 5000: 3, 1000: 3, 2000: 1}"
8659,07/11/2025,7,504.352516784156,"{100: 14, 500: 10, 1000: 3, 5000: 2, 200: 2}"
1601,13/11/2025,1,504.33107833958053,"{500: 12, 100: 12, 1000: 3, 5000: 3, 200: 1}"
7475,19/08/2025,87,504.20653738911153,"{500: 12, 100: 12, 1000: 6, 5000: 6, 2000: 1}"
2738,08/11/2025,6,504.13155239632215,"{100: 15, 500: 5, 5000: 3, 1000: 2, 200: 2, 2000: 2}"
2434,07/07/2025,130,503.705412772989,"{500: 16, 100: 11, 5000: 5, 1000: 4, 2000: 1}"
5411,18/10/2025,27,503.69682483177775,"{100: 14, 500: 12, 5000: 3}"
6991,07/08/2025,99,503.5822126259994,"{100: 13, 500: 13, 2000: 3, 1000: 2, 5000: 2, 200: 2}"
8305,25/08/2025,81,503.56293846433385,"{100: 14, 500: 9, 5000: 4, 200: 2, 1000: 1}"
8760,20/10/2025,25,503.5002963197502,"{100: 15, 500: 8, 5000: 4, 1000: 3}"
1138,08/11/2025,6,503.4867791401377,"{100: 14, 500: 7, 1000: 3, 5000: 2}"
0795,19/10/2025,26,503.11685505486787,"{100: 13, 500: 11, 1000: 3, 200: 2, 5000: 2}"
3640,30/10/2025,15,503.1096501842781,"{100: 16, 500: 6, 1000: 4, 200: 2, 5000: 2, 2000: 1}"
0961,25/07/2025,112,502.02090641406016,"{500: 14, 100: 13, 5000: 3, 1000: 3, 200: 1, 2000: 1}"
0799,27/10/2025,18,501.88070092764445,"{500: 13, 100: 11, 5000: 3, 200: 2, 2000: 1, 1000: 1}"
0702,11/11/2025,3,501.6356593619596,"{500: 12, 100: 11, 5000: 5, 1000: 4, 2000: 1, 200: 1}"
5579,05/07/2025,132,501.54297402746386,"{100: 17, 500: 7, 1000: 3, 5000: 2, 200: 1}"
5714,08/10/2025,37,501.49954453234375,"{100: 17, 500: 5, 5000: 5, 200: 3, 1000: 2, 2000: 1}"
5897,10/05/2025,188,501.26955423494076,"{100: 16, 500: 10, 5000: 2, 2000: 1, 1000: 1}"
0792,14/10/2025,31,501.21337724126073,"{100: 13, 500: 7, 5000: 5, 200: 3, 1000: 2, 2000: 2}"
8646,12/11/2025,2,500.9231478464181,"{100: 14, 500: 10, 1000: 4, 200: 3}"
1185,25/10/2025,20,500.646336877215,"{100: 14, 500: 8, 1000: 4, 5000: 2, 2000: 1, 200: 1}"
0748,07/09/2025,68,500.17609957009665,"{100: 15, 500: 9, 1000: 3, 5000: 2, 2000: 1}"
6685,23/08/2025,83,500.1242964979418,"{100: 15, 500: 11, 5000: 4}"
9280,15/09/2025,60,499.9009965878613,"{100: 14, 500: 9, 1000: 5, 5000: 4, 2000: 2, 200: 2}"
6001,11/11/2025,3,499.79017049455064,"{100: 14, 500: 8, 1000: 4, 200: 3, 5000: 2}"
4296,10/10/2025,35,499.7786293167328,"{100: 13, 500: 10, 1000: 7, 200: 3, 5000: 2}"
8781,09/09/2025,66,499.7657475026687,"{100: 13, 500: 11, 1000: 5, 5000: 3, 200: 2}"
3248,15/10/2025,30,499.61602303099016,"{100: 14, 500: 9, 1000: 5, 200: 2, 5000: 2, 2000: 1}"
4776,23/06/2025,144,499.54229894841563,"{100: 16, 500: 9, 1000: 3, 200: 2, 5000: 1}"
2950,16/09/2025,59,499.52380227981854,"{100: 12, 500: 12, 5000: 8, 1000: 3, 2000: 3, 200: 1}"
3234,03/11/2025,11,499.2428693282397,"{100: 15, 500: 8, 1000: 3, 5000: 2, 200: 2, 2000: 1}"
6555,03/06/2025,164,499.1582946103062,"{500: 14, 100: 12, 5000: 6, 1000: 2}"
2258,23/10/2025,22,499.0963838141888,"{100: 16, 500: 7, 200: 5, 1000: 3, 5000: 2}"
4144,08/11/2025,6,499.07542685655665,"{100: 12, 500: 11, 1000: 4, 5000: 2, 200: 2, 2000: 1}"
4861,28/10/2025,17,499.07344816544327,"{100: 14, 500: 7, 5000: 2, 200: 2, 1000: 1}"
6733,07/11/2025,7,499.0632542272836,"{100: 12, 500: 12, 1000: 5, 200: 2, 2000: 1, 5000: 1}"
0709,24/09/2025,51,498.9286028695655,"{100: 15, 500: 8, 1000: 4, 200: 2, 5000: 1}"
5713,13/08/2025,93,498.7425639540744,"{500: 15, 100: 11, 1000: 4, 5000: 2, 2000: 1}"
0046,27/06/2025,140,498.73119475328895,"{100: 14, 500: 11, 1000: 4, 5000: 4, 2000: 1, 200: 1}"
2401,27/06/2025,140,498.71314131667793,"{100: 15, 500: 11, 2000: 3, 1000: 1, 5000: 1}"
8667,07/11/2025,7,498.3556103324824,"{500: 13, 100: 11, 1000: 3, 5000: 2, 200: 2}"
0765,24/10/2025,21,498.13583596234946,"{100: 12, 500: 12, 200: 2, 1000: 2, 5000: 1, 2000: 1}"
5308,03/10/2025,42,498.06270579377457,"{100: 16, 500: 5, 1000: 5, 5000: 3, 200: 2}"
5721,01/11/2025,13,497.9628683932034,"{100: 14, 500: 8, 1000: 4, 5000: 2, 200: 2, 2000: 1}"
9453,25/10/2025,20,497.79079495211784,"{100: 14, 500: 8, 1000: 5, 5000: 2, 200: 2, 2000: 1}"
0444,12/11/2025,2,497.06933625078597,"{100: 14, 500: 6, 200: 4, 1000: 3, 5000: 2}"
6615,23/09/2025,52,496.99804724869773,"{100: 14, 500: 9, 1000: 5, 2000: 2, 5000: 2, 200: 2}"
0778,15/09/2025,60,496.587192981439,"{100: 15, 500: 9, 200: 2, 5000: 1, 1000: 1}"
2653,19/10/2025,26,496.37036452433745,"{100: 12, 1000: 8, 500: 7, 5000: 7, 200: 5, 2000: 1}"
4478,22/10/2025,23,496.1036069176642,"{100: 14, 500: 8, 5000: 6, 200: 4, 1000: 2, 2000: 1}"
0486,14/08/2025,92,496.0141679166371,"{100: 14, 500: 9, 5000: 6, 1000: 3, 200: 2, 2000: 1}"
3775,16/10/2025,29,495.8940660828474,"{500: 15, 100: 11, 5000: 4, 1000: 3, 200: 1}"
0292,13/08/2025,93,495.7664838230762,"{500: 14, 100: 10, 1000: 8, 5000: 6, 200: 3}"
3667,22/10/2025,23,495.57336268004354,"{500: 16, 100: 11, 200: 3, 1000: 2}"
5488,21/08/2025,85,495.450121938326,"{100: 16, 500: 6, 1000: 6, 5000: 4}"
5317,11/10/2025,34,495.396547697297,"{500: 15, 100: 10, 1000: 5, 200: 4, 5000: 1}"
4884,28/07/2025,109,495.1279652066867,"{100: 15, 500: 8, 5000: 4, 1000: 2, 2000: 1}"
5144,12/11/2025,2,494.74072516395984,"{100: 14, 1000: 7, 500: 7, 200: 3, 5000: 2}"
2685,10/10/2025,35,494.5598353517381,"{100: 16, 1000: 6, 500: 5, 5000: 2, 200: 2, 2000: 1}"
1063,26/07/2025,111,494.0039560802374,"{500: 13, 100: 12, 1000: 4, 5000: 3, 200: 1, 2000: 1}"
8794,13/11/2025,1,493.3940314613748,"{100: 14, 500: 8, 1000: 5, 200: 3, 2000: 1}"
6270,16/10/2025,29,493.3438819484913,"{100: 14, 500: 8, 5000: 5, 1000: 3, 200: 3, 2000: 1}"
0608,10/10/2025,35,493.30083567506733,"{100: 14, 500: 7, 1000: 4, 5000: 4, 2000: 2, 200: 2}"
4778,11/11/2025,3,493.164267339581,"{100: 12, 500: 10, 1000: 5, 5000: 2, 2000: 1, 200: 1}"
5037,04/11/2025,10,492.9311073654567,"{100: 12, 500: 10, 1000: 7, 2000: 2, 5000: 2, 200: 1}"
2485,10/11/2025,4,492.86827312257697,"{100: 15, 500: 7, 5000: 4, 1000: 2, 200: 1}"
1465,01/11/2025,13,492.8102141667124,"{100: 12, 500: 12, 2000: 4, 5000: 4, 1000: 1, 200: 1}"
6475,08/10/2025,37,492.5888084695516,"{100: 14, 500: 9, 5000: 4, 200: 4, 1000: 1}"
6738,21/09/2025,54,492.5682034904424,"{100: 13, 500: 11, 200: 3, 5000: 3, 1000: 2, 2000: 1}"
8244,21/10/2025,24,492.5423229192681,"{100: 14, 500: 9, 200: 4, 2000: 2, 1000: 2, 5000: 2}"
0785,03/11/2025,11,492.2047941696461,"{100: 14, 500: 9, 5000: 4, 1000: 3, 2000: 3, 200: 2}"
1346,15/09/2025,60,491.80095199884875,"{100: 16, 500: 7, 1000: 2, 2000: 1, 5000: 1, 200: 1}"
5775,28/10/2025,17,490.8447191719287,"{500: 13, 100: 12, 200: 5, 1000: 2}"
9777,12/08/2025,94,490.60923693870296,"{100: 15, 500: 11, 2000: 3, 5000: 3, 200: 2}"
1876,14/08/2025,92,490.4961527309822,"{100: 13, 500: 9, 5000: 6, 200: 2, 1000: 1}"
0735,22/10/2025,23,490.28724665021076,"{100: 14, 500: 8, 1000: 4, 200: 3, 5000: 1, 2000: 1}"
5678,08/11/2025,6,490.169640375504,"{500: 14, 100: 11, 1000: 2, 5000: 2, 2000: 1}"
9703,12/09/2025,63,490.0916051916911,"{100: 15, 500: 7, 1000: 5, 2000: 3, 5000: 3, 200: 1}"
6984,11/10/2025,34,489.9562637437336,"{500: 12, 100: 11, 1000: 6, 200: 4, 5000: 2}"
9349,26/07/2025,111,489.48227134349185,"{100: 12, 1000: 8, 500: 8, 5000: 6, 2000: 2, 200: 2}"
1758,09/11/2025,5,489.4476101012457,"{500: 12, 100: 11, 5000: 4, 1000: 4, 200: 2}"
3041,10/11/2025,4,489.34174929417,"{100: 11, 500: 11, 1000: 5, 5000: 3, 200: 3, 2000: 2}"
5794,30/10/2025,15,489.2985427792735,"{100: 16, 500: 5, 1000: 4, 200: 3, 5000: 2}"
0194,14/10/2025,31,488.9828316809824,"{100: 13, 500: 10, 1000: 4, 5000: 3, 2000: 1, 200: 1}"
1351,21/05/2025,177,488.7459536148989,"{100: 13, 500: 10, 1000: 6, 5000: 5, 200: 3}"
8898,19/09/2025,56,488.65821847900395,"{100: 17, 1000: 5, 500: 4, 200: 3, 2000: 1, 5000: 1}"
7999,04/09/2025,71,487.6122793472216,"{100: 14, 500: 9, 200: 5, 5000: 3, 1000: 3, 2000: 2}"
3492,25/10/2025,20,487.3023564260289,"{100: 15, 500: 9, 1000: 3, 2000: 1}"
6235,29/07/2025,108,487.2274603198431,"{100: 13, 500: 10, 5000: 6, 1000: 4, 200: 3}"
9651,13/11/2025,1,486.97832623148537,"{100: 12, 500: 8, 5000: 5, 1000: 4, 200: 1}"
0865,28/10/2025,17,486.82377698463057,"{100: 13, 500: 9, 200: 4, 1000: 3, 5000: 3, 2000: 2}"
6589,14/11/2025,0,486.76492299949757,"{100: 16, 500: 7, 200: 2, 2000: 2}"
8051,03/11/2025,11,486.7609604676035,"{100: 12, 500: 12, 1000: 3, 5000: 2}"
5754,22/09/2025,53,486.70401904114283,"{100: 13, 1000: 9, 500: 5, 5000: 4, 2000: 2, 200: 2}"
6983,11/11/2025,3,485.83969689625417,"{100: 15, 500: 6, 5000: 2, 200: 2, 2000: 1, 1000: 1}"
8424,05/11/2025,9,485.81084750552145,"{500: 11, 100: 11, 5000: 6, 1000: 4, 2000: 3, 200: 2}"
4150,12/11/2025,2,485.6549203570883,"{500: 12, 100: 11, 1000: 4, 200: 3, 5000: 1}"
9743,13/10/2025,32,485.60016509118685,"{100: 13, 500: 10, 1000: 4, 5000: 3, 200: 1}"
8607,12/11/2025,2,485.43197192754394,"{100: 15, 500: 6, 5000: 3, 1000: 2, 200: 2}"
4350,07/08/2025,99,485.24620187336,"{100: 13, 500: 10, 1000: 4, 5000: 3, 2000: 1}"
4774,21/08/2025,85,485.23576312195377,"{100: 13, 500: 10, 5000: 5, 1000: 5, 200: 2, 2000: 1}"
9867,30/10/2025,15,484.8065048574257,"{500: 13, 100: 10, 2000: 5, 1000: 4, 5000: 4, 200: 1}"
5745,06/10/2025,39,484.68056360107977,"{100: 14, 500: 6, 5000: 4, 1000: 4, 200: 3, 2000: 1}"
8641,18/10/2025,27,484.2211345218807,"{100: 13, 500: 10, 200: 2, 5000: 2, 2000: 1, 1000: 1}"
1561,25/10/2025,20,484.0111051050726,"{100: 12, 500: 10, 1000: 5, 5000: 3, 200: 3, 2000: 2}"
1785,02/08/2025,104,483.83455097243456,"{100: 15, 500: 7, 200: 4, 1000: 4, 5000: 3, 2000: 2}"
0204,28/08/2025,78,483.4358743653155,"{100: 12, 500: 12, 1000: 4, 5000: 3, 200: 3, 2000: 2}"
4327,10/11/2025,4,483.42570732905676,"{500: 12, 100: 11, 1000: 4, 200: 4, 5000: 1, 2000: 1}"
1683,17/09/2025,58,483.3817572936157,"{100: 14, 500: 10, 200: 5, 5000: 1, 2000: 1}"
4723,31/10/2025,14,483.3584445545862,"{500: 12, 100: 10, 5000: 4, 1000: 4, 200: 3, 2000: 1}"
1737,03/11/2025,11,483.351031335687,"{100: 12, 500: 11, 200: 3, 5000: 2, 1000: 2, 2000: 1}"
1800,09/09/2025,66,483.2215254047981,"{100: 15, 500: 10, 5000: 1, 2000: 1, 200: 1}"
3785,11/09/2025,64,483.13777583389486,"{100: 13, 500: 12, 1000: 3, 200: 2, 5000: 2}"
1237,02/08/2025,104,482.98541485515995,"{100: 13, 500: 11, 1000: 3, 5000: 2, 2000: 1, 200: 1}"
5404,20/09/2025,55,482.5523295430161,"{500: 13, 100: 12, 1000: 4, 200: 2, 5000: 2}"
5581,24/10/2025,21,482.0638083768663,"{100: 13, 500: 10, 1000: 2, 5000: 1, 2000: 1}"
1521,29/09/2025,46,481.84792206904206,"{100: 13, 500: 10, 5000: 3, 200: 3, 1000: 2}"
4584,08/11/2025,6,481.6413099060826,"{500: 14, 100: 9, 5000: 2, 200: 2, 1000: 2}"
5088,10/11/2025,4,481.5379121781756,"{100: 12, 500: 11, 2000: 2, 1000: 2, 5000: 1, 200: 1}"
1662,09/11/2025,5,481.51757824678396,"{100: 12, 500: 10, 1000: 4, 200: 3, 5000: 3}"
9004,14/11/2025,0,481.3609209547507,"{100: 13, 500: 8, 5000: 4, 1000: 3, 2000: 2, 200: 2}"
1164,19/08/2025,87,481.00043229288224,"{100: 16, 500: 9, 2000: 2, 5000: 2}"
0783,24/10/2025,21,480.9793071142558,"{100: 12, 500: 10, 1000: 5, 5000: 3, 200: 2, 2000: 1}"
5160,07/09/2025,68,480.7116311800164,"{100: 16, 1000: 4, 500: 4, 5000: 3, 200: 2}"
1638,01/11/2025,13,480.6348407950836,"{100: 12, 500: 7, 5000: 6, 1000: 5, 200: 2}"
4263,19/10/2025,26,480.31925372461586,"{100: 15, 500: 8, 200: 3, 1000: 2, 2000: 1}"
9435,30/09/2025,45,480.2224008162478,"{500: 12, 100: 11, 5000: 4, 1000: 4, 2000: 3, 200: 1}"
2039,26/07/2025,111,480.1583407102741,"{100: 12, 500: 12, 5000: 5, 1000: 5, 200: 1}"
4681,15/10/2025,30,480.0752990275554,"{100: 13, 500: 9, 5000: 5, 1000: 2, 200: 2}"
0349,25/10/2025,20,480.0719634530344,"{100: 14, 500: 7, 1000: 5, 5000: 4}"
5668,14/09/2025,61,479.8299227403966,"{100: 15, 500: 7, 5000: 4, 1000: 2, 200: 2}"
7764,19/09/2025,56,479.71176390202527,"{100: 13, 500: 9, 1000: 4, 5000: 4, 200: 3, 2000: 1}"
1779,18/08/2025,88,479.4330584093266,"{500: 12, 100: 12, 1000: 3, 5000: 2, 200: 2, 2000: 1}"
7740,27/10/2025,18,479.3487266369352,"{100: 14, 500: 8, 5000: 4, 1000: 3, 200: 3, 2000: 2}"
6111,08/11/2025,6,478.59120198001705,"{100: 13, 500: 8, 5000: 3, 1000: 2, 2000: 2, 200: 2}"
2774,26/10/2025,19,478.34434514303683,"{100: 13, 500: 6, 5000: 5, 1000: 3, 200: 2, 2000: 2}"
2941,13/08/2025,93,478.33563022560287,"{100: 13, 500: 11, 1000: 3, 5000: 3, 2000: 1, 200: 1}"
2798,11/07/2025,126,477.9989788188199,"{500: 12, 100: 12, 5000: 4, 2000: 3, 1000: 1, 200: 1}"
0588,19/08/2025,87,477.55746757069807,"{100: 13, 500: 13, 200: 2, 1000: 1, 5000: 1}"
5645,06/09/2025,69,477.5375292433257,"{100: 14, 500: 8, 5000: 3, 1000: 3, 200: 2, 2000: 1}"
3437,21/10/2025,24,476.82519506708456,"{100: 12, 500: 11, 1000: 4, 2000: 3, 200: 2, 5000: 1}"
4959,11/11/2025,3,476.3765463945766,"{500: 16, 100: 8, 5000: 4, 1000: 4, 200: 2, 2000: 1}"
1333,09/10/2025,36,475.95668596740734,"{100: 14, 500: 8, 5000: 4, 200: 3, 1000: 2, 2000: 1}"
9817,29/10/2025,16,475.88489950859866,"{100: 12, 500: 10, 5000: 4, 200: 3, 1000: 2, 2000: 1}"
9955,23/10/2025,22,475.8714253213907,"{100: 16, 500: 6, 2000: 3, 200: 3, 5000: 1}"
0742,09/08/2025,97,475.8531198278085,"{100: 12, 500: 11, 1000: 5, 200: 3, 5000: 3, 2000: 2}"
8905,29/08/2025,77,475.46107573161186,"{100: 13, 500: 9, 2000: 3, 5000: 3, 200: 2, 1000: 2}"
5639,25/10/2025,20,474.3395437490097,"{100: 13, 500: 9, 1000: 5, 5000: 3, 200: 2}"
2931,12/11/2025,2,474.24542701012064,"{100: 12, 500: 9, 200: 4, 1000: 2, 2000: 1, 5000: 1}"
0755,01/10/2025,44,473.97617329777574,"{100: 15, 500: 6, 1000: 4, 5000: 3, 200: 2, 2000: 1}"
8678,19/08/2025,87,473.97503108563564,"{100: 14, 500: 9, 5000: 4, 200: 2, 1000: 1}"
1305,03/10/2025,42,473.7961309265077,"{100: 14, 500: 7, 200: 3, 1000: 3, 5000: 1}"
8265,14/06/2025,153,473.5467739300899,"{500: 13, 100: 12, 5000: 4, 1000: 2, 2000: 2, 200: 2}"
0730,12/11/2025,2,472.77766795624353,"{100: 14, 500: 8, 5000: 3, 200: 3, 2000: 1}"
1765,19/10/2025,26,472.31486586600505,"{100: 13, 500: 8, 1000: 4, 5000: 3, 200: 3}"
5802,07/11/2025,7,472.02432622918695,"{100: 12, 500: 10, 1000: 3, 200: 3, 2000: 2, 5000: 1}"
0762,08/11/2025,6,471.64774328162986,"{500: 12, 100: 11, 1000: 2, 5000: 2, 200: 1}"
9382,11/11/2025,3,471.5356200387469,"{100: 13, 500: 11, 200: 3, 1000: 2, 2000: 1}"
7180,18/10/2025,27,471.02409332303006,"{100: 13, 500: 9, 5000: 3, 1000: 2, 200: 2}"
2787,30/10/2025,15,470.9452529426729,"{500: 12, 100: 10, 1000: 4, 2000: 3, 5000: 2, 200: 1}"
8887,03/11/2025,11,470.7099598209605,"{100: 16, 500: 5, 5000: 2, 1000: 1}"
5384,17/10/2025,28,470.24153690885646,"{100: 12, 500: 10, 5000: 5, 1000: 4, 200: 2}"
4302,08/11/2025,6,470.0569368865877,"{100: 12, 500: 9, 5000: 4, 200: 4, 1000: 2, 2000: 1}"
5620,06/10/2025,39,469.27670101399144,"{500: 14, 100: 8, 200: 4, 5000: 4, 2000: 2, 1000: 2}"
6775,11/11/2025,3,469.2121619094984,"{100: 11, 500: 10, 1000: 5, 5000: 4, 2000: 3, 200: 3}"
4672,05/08/2025,101,468.8427080385288,"{500: 13, 100: 11, 1000: 5, 5000: 3, 200: 2, 2000: 1}"
6401,08/10/2025,37,468.2526354240706,"{100: 18, 500: 3, 1000: 3, 200: 1}"
7358,19/10/2025,26,468.0378547318201,"{500: 14, 100: 9, 5000: 5, 1000: 3, 2000: 3, 200: 3}"
6975,25/07/2025,112,467.41908839707304,"{500: 13, 100: 12, 1000: 4, 5000: 3, 2000: 1, 200: 1}"
8472,20/10/2025,25,467.3219612241785,"{100: 13, 500: 8, 5000: 6, 200: 3, 1000: 3}"
2983,05/08/2025,101,467.1626006570572,"{100: 16, 500: 8, 5000: 2, 200: 2}"
4805,10/11/2025,4,466.7812603046095,"{500: 11, 100: 11, 1000: 3, 200: 3, 5000: 1}"
4205,10/11/2025,4,466.32981872056064,"{100: 12, 500: 9, 1000: 5, 5000: 3, 2000: 2, 200: 2}"
4588,03/11/2025,11,466.1196566262954,"{100: 13, 500: 8, 1000: 3, 5000: 2, 2000: 2, 200: 1}"
4796,24/10/2025,21,464.8044760067073,"{100: 13, 500: 11, 2000: 3, 200: 2}"
7145,08/11/2025,6,464.28288388955946,"{100: 12, 500: 8, 5000: 3, 200: 2, 1000: 1}"
2715,09/11/2025,5,464.2634864473735,"{100: 14, 500: 8, 5000: 1, 1000: 1}"
4817,11/09/2025,64,464.10231883528127,"{100: 12, 500: 9, 5000: 5, 200: 5, 1000: 4}"
5533,14/11/2025,0,464.0011056631394,"{100: 14, 500: 5, 1000: 4, 5000: 3, 200: 1}"
6761,20/10/2025,25,463.6078211312774,"{100: 14, 500: 8, 200: 3, 1000: 2, 2000: 1}"
7795,12/10/2025,33,463.4964023133301,"{100: 13, 500: 7, 5000: 6, 2000: 2, 200: 2, 1000: 1}"
6008,13/11/2025,1,462.51581849586756,"{100: 12, 500: 9, 1000: 3, 5000: 3, 2000: 2, 200: 1}"
0306,15/09/2025,60,462.40178498809576,"{100: 13, 500: 9, 1000: 4, 5000: 3, 200: 2}"
1041,12/07/2025,125,462.39608791083424,"{100: 13, 500: 10, 1000: 4, 5000: 2}"
8714,08/10/2025,37,462.1882258550237,"{100: 13, 500: 9, 1000: 3, 5000: 2, 2000: 2}"
0710,28/09/2025,47,462.00879821385723,"{100: 14, 500: 8, 5000: 3, 2000: 1, 1000: 1, 200: 1}"
6708,06/10/2025,39,461.87663787426413,"{100: 12, 500: 9, 1000: 6, 200: 4, 5000: 1}"
3861,10/10/2025,35,461.7111863434362,"{500: 12, 100: 11, 1000: 4, 5000: 2, 2000: 1}"
1281,14/09/2025,61,461.6077796128611,"{100: 13, 500: 9, 5000: 3, 1000: 3, 2000: 2, 200: 2}"
2532,20/10/2025,25,460.26980690999727,"{500: 12, 100: 9, 1000: 6, 5000: 5, 2000: 2, 200: 1}"
4755,05/10/2025,40,460.1122001438623,"{100: 11, 500: 11, 1000: 5, 5000: 4, 200: 2}"
2207,17/10/2025,28,459.7578064697845,"{100: 13, 500: 6, 1000: 5, 5000: 3, 2000: 2}"
3680,25/10/2025,20,459.6363582911702,"{100: 14, 500: 7, 200: 4, 5000: 1, 2000: 1, 1000: 1}"
1602,11/10/2025,34,458.5659565346396,"{100: 12, 500: 12, 1000: 4, 200: 1}"
5369,27/08/2025,79,458.557826661937,"{500: 11, 100: 10, 1000: 6, 5000: 5, 200: 2}"
8582,28/10/2025,17,458.42146351006,"{100: 14, 500: 8, 1000: 4, 200: 3}"
9258,07/11/2025,7,458.083824851392,"{100: 13, 500: 8, 5000: 4, 1000: 2, 2000: 2}"
0686,07/10/2025,38,457.9590217991165,"{100: 12, 500: 10, 5000: 3, 200: 2, 2000: 2, 1000: 1}"
2842,30/10/2025,15,457.48145492278206,"{100: 11, 500: 10, 1000: 7, 200: 4, 2000: 2, 5000: 1}"
9998,07/11/2025,7,457.2668715655558,"{100: 14, 500: 7, 200: 3, 2000: 1, 1000: 1, 5000: 1}"
3262,23/10/2025,22,456.47701869761306,"{100: 13, 1000: 6, 500: 5, 5000: 4, 200: 2}"
0172,12/10/2025,33,456.3541236058313,"{100: 14, 500: 6, 1000: 5, 5000: 4, 2000: 2, 200: 1}"
0598,26/08/2025,80,456.1765811013206,"{100: 16, 500: 6, 1000: 4, 200: 3}"
4432,06/10/2025,39,455.660127489846,"{100: 12, 500: 11, 200: 2, 5000: 2, 1000: 1}"
1408,21/10/2025,24,455.59184488764697,"{100: 13, 500: 9, 5000: 2, 2000: 1, 1000: 1, 200: 1}"
1756,11/11/2025,3,455.3752481185575,"{100: 13, 500: 8, 2000: 3, 1000: 2, 200: 2, 5000: 1}"
5709,12/11/2025,2,455.03724337885546,"{100: 14, 500: 7, 200: 4, 1000: 2, 2000: 1}"
1171,18/05/2025,180,454.1546741826646,"{100: 17, 500: 5, 1000: 2, 5000: 2, 2000: 1, 200: 1}"
0519,14/08/2025,92,453.76468457252207,"{500: 14, 100: 12, 5000: 2, 2000: 1}"
4416,10/09/2025,65,453.52563525052153,"{100: 12, 500: 10, 200: 3, 1000: 2, 5000: 1}"
7703,07/11/2025,7,453.03345388625144,"{500: 14, 100: 9, 5000: 3, 1000: 2, 200: 1}"
6472,13/09/2025,62,452.2253220452994,"{100: 14, 500: 6, 5000: 5, 1000: 3, 200: 2, 2000: 1}"
0234,13/11/2025,1,451.83109223044397,"{100: 14, 500: 5, 5000: 4, 200: 3, 1000: 2}"
3738,14/11/2025,0,451.73960818442436,"{500: 12, 100: 11, 200: 6, 1000: 2, 2000: 2}"
2408,24/07/2025,113,451.73403969662945,"{100: 15, 500: 9, 5000: 4}"
4438,07/11/2025,7,450.93720088652066,"{100: 11, 500: 10, 1000: 3, 200: 3, 5000: 1}"
9563,21/09/2025,54,450.8022135717454,"{100: 11, 500: 11, 200: 4, 1000: 4, 5000: 3, 2000: 1}"
0119,30/10/2025,15,450.30528652386784,"{100: 12, 500: 10, 1000: 2, 200: 1, 5000: 1, 2000: 1}"
7781,01/09/2025,74,450.1585499931959,"{100: 12, 500: 9, 5000: 4, 200: 3, 1000: 2, 2000: 1}"
3139,17/09/2025,58,449.94386930906876,"{100: 14, 500: 6, 1000: 4, 200: 2, 2000: 2, 5000: 1}"
0386,10/11/2025,4,449.5301874193237,"{100: 13, 500: 7, 1000: 3, 200: 2, 5000: 1}"
4480,03/11/2025,11,449.3804395470409,"{500: 12, 100: 9, 1000: 6, 5000: 2, 200: 2}"
0281,31/07/2025,106,449.24136512588245,"{100: 13, 500: 9, 1000: 4, 5000: 1}"
7104,23/09/2025,52,447.53562284109887,"{100: 11, 500: 9, 1000: 6, 5000: 3, 200: 3, 2000: 1}"
5693,03/10/2025,42,447.1014381737376,"{500: 11, 100: 11, 5000: 3, 1000: 2, 200: 1}"
9936,26/09/2025,49,445.9181653050411,"{100: 12, 500: 8, 1000: 6, 200: 4, 5000: 1}"
1753,25/08/2025,81,445.79660387584227,"{100: 14, 500: 8, 200: 2, 2000: 1, 5000: 1, 1000: 1}"
3352,26/08/2025,80,445.6626655796613,"{100: 13, 500: 9, 5000: 3, 2000: 2, 1000: 2, 200: 1}"
2247,12/10/2025,33,445.47754381118676,"{100: 12, 500: 8, 5000: 4, 1000: 2, 200: 1}"
1389,21/10/2025,24,444.96358882272494,"{500: 13, 100: 9, 1000: 5, 2000: 3, 200: 3}"
8762,03/09/2025,72,444.9432187812369,"{100: 11, 500: 11, 1000: 5, 5000: 3, 200: 2}"
1671,22/10/2025,23,444.91805079923944,"{500: 15, 100: 8, 200: 5, 1000: 4, 5000: 2, 2000: 1}"
9543,04/10/2025,41,444.03323818467027,"{500: 13, 100: 9, 1000: 4, 5000: 4, 200: 1}"
5783,06/11/2025,8,443.57715637949104,"{100: 14, 500: 4, 1000: 4, 5000: 3, 2000: 2, 200: 2}"
5572,05/08/2025,101,443.35128376172713,"{100: 13, 500: 9, 200: 3, 5000: 3, 2000: 2, 1000: 1}"
7648,03/09/2025,72,443.3244112989107,"{100: 14, 500: 7, 5000: 4, 1000: 1, 200: 1}"
6283,13/10/2025,32,443.01049109857223,"{100: 13, 500: 7, 1000: 2, 200: 2, 5000: 1}"
2786,14/10/2025,31,442.5580951143598,"{100: 13, 500: 7, 200: 5, 1000: 3, 5000: 3}"
2748,09/11/2025,5,442.0476042963179,"{100: 11, 500: 10, 5000: 3, 1000: 3, 2000: 1, 200: 1}"
3103,07/11/2025,7,441.45088046302675,"{100: 11, 500: 8, 1000: 6, 5000: 3, 200: 3, 2000: 1}"
1675,02/11/2025,12,441.18772598746085,"{100: 11, 500: 9, 200: 5, 5000: 3, 1000: 2, 2000: 1}"
1606,16/10/2025,29,440.22974573393253,"{100: 11, 500: 11, 2000: 2, 200: 2, 1000: 2, 5000: 1}"
1724,28/08/2025,78,439.76060172820684,"{100: 12, 500: 10, 2000: 2, 1000: 1, 5000: 1, 200: 1}"
1208,03/11/2025,11,439.64935858269155,"{100: 11, 500: 10, 5000: 5, 1000: 2, 2000: 1}"
0711,14/11/2025,0,438.7560974984973,"{100: 11, 500: 10, 200: 3, 5000: 2, 1000: 1}"
8166,28/08/2025,78,438.672780192087,"{500: 11, 100: 10, 5000: 5, 200: 2, 2000: 1, 1000: 1}"
4702,03/11/2025,11,438.2737038099416,"{500: 10, 100: 10, 5000: 5, 1000: 3, 2000: 2, 200: 2}"
3795,05/11/2025,9,437.61697711267755,"{100: 12, 500: 8, 5000: 6, 2000: 2, 1000: 2, 200: 1}"
8778,07/09/2025,68,435.0414638792934,"{100: 13, 500: 10, 1000: 2, 2000: 1, 200: 1}"
5883,27/08/2025,79,432.340495903478,"{100: 12, 500: 10, 5000: 5, 1000: 3}"
5836,05/10/2025,40,432.30549232292236,"{100: 15, 500: 6, 5000: 4, 200: 1}"
5989,25/09/2025,50,430.55302178519133,"{100: 13, 500: 6, 1000: 4, 5000: 4, 200: 2}"
9951,22/09/2025,53,430.24630572945784,"{100: 14, 500: 6, 1000: 2, 5000: 1, 2000: 1, 200: 1}"
4735,09/10/2025,36,429.9844245717239,"{100: 11, 500: 9, 5000: 4, 1000: 1, 200: 1, 2000: 1}"
3900,25/10/2025,20,429.51169961022316,"{100: 11, 500: 6, 1000: 4, 200: 3, 5000: 2, 2000: 1}"
5291,09/09/2025,66,428.34266136870093,"{500: 14, 100: 9, 1000: 2, 200: 2, 5000: 1, 2000: 1}"
0249,08/11/2025,6,428.00433257831014,"{100: 11, 1000: 7, 200: 6, 500: 6, 5000: 1}"
6769,19/07/2025,118,427.67080311456147,"{500: 11, 100: 11, 1000: 4, 200: 2, 5000: 1}"
1778,30/08/2025,76,426.9813856490612,"{100: 11, 500: 10, 200: 3, 1000: 3, 5000: 3, 2000: 1}"
0733,23/04/2025,205,426.5878178754734,"{100: 13, 500: 10, 5000: 3, 1000: 2, 2000: 2, 200: 1}"
5524,30/09/2025,45,426.382825208266,"{500: 11, 100: 10, 1000: 3, 200: 3, 5000: 2, 2000: 1}"
4146,19/10/2025,26,425.80107432220973,"{100: 11, 500: 9, 2000: 3, 5000: 3, 200: 2, 1000: 1}"
1705,15/04/2025,213,424.6887370350351,"{100: 13, 500: 10, 1000: 4, 200: 2, 5000: 1}"
9760,23/08/2025,83,423.8875441881919,"{100: 12, 500: 8, 1000: 2, 5000: 2, 200: 2}"
8664,04/08/2025,102,423.56084875523703,"{100: 10, 500: 9, 5000: 7, 1000: 5, 2000: 2, 200: 2}"
0704,01/08/2025,105,423.42608033665164,"{100: 13, 500: 6, 1000: 6, 5000: 4, 200: 2, 2000: 1}"
7698,09/10/2025,36,422.29592697605784,"{500: 12, 100: 11, 5000: 1, 2000: 1}"
0763,19/10/2025,26,420.8976064815712,"{100: 13, 5000: 5, 500: 5, 1000: 3, 2000: 3, 200: 2}"
1026,24/08/2025,82,420.81057379229844,"{100: 13, 500: 7, 1000: 4, 5000: 3, 200: 3, 2000: 1}"
9784,12/09/2025,63,420.15225010983926,"{100: 12, 500: 8, 1000: 3, 200: 2, 5000: 1}"
8471,17/08/2025,89,419.26313916952796,"{100: 12, 500: 8, 200: 4, 1000: 2, 2000: 1, 5000: 1}"
5712,26/10/2025,19,418.56806240825495,"{100: 11, 500: 9, 1000: 3, 5000: 2, 200: 2, 2000: 1}"
1570,29/08/2025,77,417.0692865013034,"{100: 11, 500: 8, 1000: 6, 5000: 5, 2000: 3, 200: 1}"
3792,09/08/2025,97,416.49208728743486,"{500: 11, 100: 10, 1000: 4, 5000: 2, 200: 2, 2000: 1}"
0567,10/11/2025,4,413.81486556769556,"{500: 9, 100: 9, 5000: 3, 200: 2, 1000: 2}"
2144,30/08/2025,76,412.5980007918837,"{100: 13, 500: 5, 1000: 5, 200: 3, 5000: 3, 2000: 1}"
5428,22/09/2025,53,412.38908941447886,"{100: 11, 500: 7, 1000: 4, 2000: 2, 5000: 2, 200: 2}"
4472,17/09/2025,58,411.8136234652399,"{100: 12, 500: 7, 1000: 4, 200: 2, 5000: 2}"
2648,03/11/2025,11,411.52389931341145,"{100: 11, 500: 7, 1000: 4, 200: 4, 5000: 1}"
0199,10/08/2025,96,411.4801412902537,"{100: 11, 500: 10, 5000: 3, 2000: 3, 1000: 2, 200: 1}"
0576,14/10/2025,31,410.1906040733194,"{100: 11, 500: 9, 5000: 4, 1000: 1, 2000: 1}"
4705,31/10/2025,14,406.42589207447986,"{100: 10, 500: 9, 1000: 4, 5000: 3, 200: 2, 2000: 1}"
1338,29/10/2025,16,406.406467132796,"{500: 13, 100: 8, 1000: 3, 5000: 2, 2000: 2, 200: 1}"
6720,13/11/2025,1,406.1103141238465,"{100: 10, 500: 9, 1000: 4, 200: 3, 5000: 2, 2000: 1}"
4460,27/10/2025,18,404.7165722433171,"{100: 11, 500: 7, 1000: 4, 5000: 3, 200: 2}"
1106,15/10/2025,30,402.2009700957912,"{500: 10, 100: 9, 5000: 2, 2000: 2, 1000: 1, 200: 1}"
4707,04/10/2025,41,399.85506890619433,"{100: 10, 500: 9, 1000: 4, 5000: 4, 200: 2}"
0745,16/10/2025,29,398.7112304977787,"{500: 13, 100: 7, 1000: 4, 200: 2, 5000: 1}"
6152,29/10/2025,16,398.56727383495223,"{100: 11, 500: 10, 5000: 3, 200: 3, 2000: 1}"
5749,10/11/2025,4,396.08292611197146,"{100: 10, 500: 8, 1000: 5, 200: 2, 5000: 1}"
1808,08/07/2025,129,395.17298330441747,"{100: 12, 500: 9, 2000: 1, 1000: 1, 5000: 1}"
0455,25/09/2025,50,394.52875170944054,"{100: 10, 500: 6, 1000: 4, 200: 3, 5000: 2, 2000: 1}"
1703,04/11/2025,10,393.8146486232322,"{100: 11, 500: 7, 5000: 2, 200: 2, 1000: 1, 2000: 1}"
8736,12/11/2025,2,392.7890195916488,"{100: 10, 500: 5, 5000: 3, 1000: 3, 200: 3}"
1766,21/10/2025,24,390.29926330126915,"{100: 10, 500: 8, 5000: 3, 200: 2, 2000: 2, 1000: 2}"
8082,11/09/2025,64,389.8063164581623,"{100: 11, 500: 8, 200: 3, 5000: 3, 1000: 2}"
3708,22/07/2025,115,389.1295392820778,"{100: 12, 500: 7, 1000: 4, 5000: 2, 2000: 1, 200: 1}"
1050,19/07/2025,118,384.58102748501256,"{100: 13, 500: 5, 1000: 2, 5000: 2, 200: 1, 2000: 1}"
0500,13/11/2025,1,384.2266656241004,"{100: 15, 1000: 7, 5000: 4, 200: 2, 2000: 1}"
7808,29/10/2025,16,383.66239144620073,"{100: 11, 200: 6, 500: 5, 5000: 3, 1000: 2, 2000: 1}"
4594,16/09/2025,59,378.92302353554606,"{100: 11, 500: 6, 5000: 6, 1000: 4, 200: 4, 2000: 1}"
3184,23/01/2025,295,376.8922714116672,"{500: 10, 100: 10, 5000: 5, 1000: 3, 200: 2, 2000: 1}"
0579,20/09/2025,55,376.39870681818684,"{500: 13, 1000: 8, 100: 5, 5000: 3, 200: 2, 2000: 2}"
4783,11/11/2025,3,374.88642731838985,"{100: 12, 500: 6, 1000: 2, 2000: 2, 200: 1}"
1775,14/09/2025,61,372.432210325496,"{100: 11, 500: 8, 1000: 3, 200: 3}"
0638,12/10/2025,33,364.8467586314101,"{500: 15, 100: 6, 5000: 1, 1000: 1, 200: 1}"
0717,24/10/2025,21,362.6536708105854,"{500: 9, 100: 8, 5000: 5, 200: 3, 1000: 2}"
2957,25/10/2025,20,360.5900530753153,"{100: 9, 500: 5, 5000: 4, 1000: 4, 200: 1}"
6687,04/11/2025,10,355.76527703077977,"{100: 11, 200: 5, 500: 4, 1000: 3, 2000: 3, 5000: 2}"
9341,12/11/2025,2,348.9197357896827,"{500: 8, 100: 8, 200: 5, 1000: 5, 2000: 1}"
3762,15/09/2025,60,347.14539427080746,"{100: 9, 500: 5, 1000: 5, 2000: 2, 5000: 1, 200: 1}"
6787,06/10/2025,39,345.3031927811125,"{1000: 8, 100: 8, 500: 5, 5000: 2, 2000: 1, 200: 1}"
4476,01/08/2025,105,343.5118376518486,"{100: 10, 500: 5, 5000: 4, 1000: 1, 200: 1}"
9748,15/09/2025,60,332.477989641845,"{100: 9, 500: 6, 200: 4, 1000: 3, 5000: 2}"
9640,11/11/2025,3,329.30570393104983,"{100: 8, 500: 7, 1000: 3, 5000: 2, 2000: 1, 200: 1}"
3688,09/10/2025,36,321.2395240007788,"{100: 10, 500: 7, 200: 3, 2000: 2, 5000: 1}"
1793,11/09/2025,64,317.3136205247248,"{100: 9, 500: 9, 5000: 2, 2000: 1, 200: 1}"
2948,20/09/2025,55,288.6831537668556,"{100: 9, 500: 5, 200: 4, 1000: 2, 2000: 1}"
5191,12/11/2025,2,256.1427668193294,"{100: 9, 500: 3, 1000: 2, 200: 2, 2000: 1}"
0100,29/09/2025,46,175.1479745240281,"{500: 10, 5000: 6, 1000: 5, 200: 2}"
